{"train_loss":1.746141940355301,"val_boundary_f1":0.14190687323523563,"val_balanced_acc":0.30274994604988625,"val_tolerance_power_acc":0.5467455621301776,"_runtime":11,"lr":0.0008802161016904609,"_step":69,"val_f1":0.2850286740507629,"val_autocorr_r2":0.8485806888901788,"val_transition_mae":92.25534296132469,"val_acc":0.5467455621301776,"val_ece":0.26099058309132767,"_timestamp":1.7617137130637062e+09,"val_loss":1.7378238439559937,"_wandb":{"runtime":11},"epoch":70}