{"_runtime":98,"val_loss":1.3566982746124268,"lr":0,"val_f1":0.3936593511675539,"_wandb":{"runtime":98},"val_acc":0.5184192900200938,"_step":999,"train_loss":1.1305565685033798,"val_autocorr_r2":0.8015777195103988,"_timestamp":1.7613664692543259e+09,"epoch":1000,"val_transition_mae":125.52491386782386}