{"epoch":500,"val_f1":0.4031499564022996,"val_acc":0.5374710648148148,"_runtime":54,"val_loss":1.316084623336792,"train_loss":1.3755601644515991,"_step":499,"_wandb":{"runtime":54},"lr":0,"_timestamp":1.7613675889516354e+09,"val_transition_mae":89.18726896685227,"val_autocorr_r2":0.79497585299994}