tp,hidden_size,bidirectional,learning_rate,seed,final_train_loss,final_val_loss,final_val_acc,final_val_f1,best_val_f1,num_epochs,final_transition_mae,final_autocorr_r2
1,64,True,5e-05,42,1.5424851477146149,1.9055436849594116,0.33958472873409246,0.25223832290542153,0.2548544137110022,500,139.13823823618966,0.9783809117016308
