tp,hidden_size,bidirectional,learning_rate,seed,final_train_loss,final_val_loss,final_val_acc,final_val_f1,best_val_f1,num_epochs,final_transition_mae,final_autocorr_r2
1,64,True,0.0002,42,0.9629387855529785,1.3847813606262207,0.6381403003497222,0.3256358363570995,0.3562835014824499,500,104.62512408846094,0.6154397585497775
