tp,hidden_size,bidirectional,learning_rate,seed,final_train_loss,final_val_loss,final_val_acc,final_val_f1,best_val_f1,num_epochs,final_transition_mae,final_autocorr_r2
1,64,True,0.0002,42,1.226090709368388,1.4781969785690308,0.6470376465747788,0.3382823803067388,0.355794851666728,500,102.42219030100317,0.8225535347535541
