{"val_acc":0.4308814204185162,"val_transition_mae":182.4570636733457,"lr":0,"_step":499,"_timestamp":1.7616098446294158e+09,"val_f1":0.3327843187545586,"val_autocorr_r2":0.9692856265812668,"train_loss":1.3640251755714417,"val_loss":1.7770870923995972,"_wandb":{"runtime":53},"_runtime":53,"epoch":500}