{"val_autocorr_r2":0,"_runtime":5.683337,"_wandb":{"runtime":6},"epoch":1,"train_loss":1.9220519463221233,"_step":0,"val_transition_mae":237.0457426055568,"val_loss":1.9459409713745117,"val_acc":0.059709936227113763,"lr":1.0666666666666667e-05,"val_f1":0.02983396047886693,"_timestamp":1.761014288108323e+09}