{
  "active_mean": 1.5968336502269993,
  "active_std": 1.9131262387620045,
  "auto_k": true,
  "config_id": "llama-3-8b_A100_tp4",
  "delta_A_mean": 0.00040669944910710985,
  "delta_A_std": 0.6367154100779906,
  "dt": 0.25,
  "feature_set": "f2",
  "hidden_dim": 64,
  "input_dim": 2,
  "k": 12,
  "k_selection_reason": "bic_minimum_at_max_k=12_may_need_higher",
  "num_layers": 1,
  "power_max": 1082.22,
  "power_mean": 562.580866477824,
  "power_min": 253.13,
  "power_std": 261.48113130582897,
  "seed": 42,
  "source_norm_path": "results/experimental_continuous_v1_gru_all/norm_params/llama-3-8b_A100_tp4.json",
  "t_arrive_log_mean": 0.1440433504906281,
  "t_arrive_log_std": 0.30752525900213085
}