{
  "active_mean": 3.305244775374695,
  "active_std": 3.7697102558890023,
  "auto_k": true,
  "config_id": "llama-3-8b_A100_tp1",
  "delta_A_mean": 0.0006848470736484543,
  "delta_A_std": 0.5738727554999151,
  "dt": 0.25,
  "feature_set": "f2",
  "hidden_dim": 64,
  "input_dim": 2,
  "k": 12,
  "k_selection_reason": "bic_minimum_at_max_k=12_may_need_higher",
  "num_layers": 1,
  "power_max": 479.66,
  "power_mean": 180.94950411637143,
  "power_min": 59.36,
  "power_std": 112.27018548012411,
  "seed": 42,
  "source_norm_path": "results/experimental_continuous_v1_gru_all/norm_params/llama-3-8b_A100_tp1.json",
  "t_arrive_log_mean": 0.10755393802712107,
  "t_arrive_log_std": 0.2729242762545039
}