{
  "active_mean": 1.4729125032583197,
  "active_std": 1.7697128054256233,
  "auto_k": true,
  "config_id": "llama-3-8b_A100_tp8",
  "delta_A_mean": 0.0006807773239262285,
  "delta_A_std": 0.7482709653519065,
  "dt": 0.500999927520752,
  "feature_set": "f2",
  "hidden_dim": 64,
  "input_dim": 2,
  "k": 12,
  "k_selection_reason": "bic_minimum_at_max_k=12_may_need_higher",
  "num_layers": 1,
  "power_max": 1601.7,
  "power_mean": 997.5563124511253,
  "power_min": 548.59,
  "power_std": 356.2376639848138,
  "seed": 42,
  "source_norm_path": "results/experimental_continuous_v1_gru_all/norm_params/llama-3-8b_A100_tp8.json",
  "t_arrive_log_mean": 0.21951330226133312,
  "t_arrive_log_std": 0.37407055710866616
}