{
  "active_mean": 2.213675213675214,
  "active_std": 2.5791233239324347,
  "auto_k": true,
  "config_id": "llama-3-8b_A100_tp2",
  "delta_A_mean": 0.00046508022633904347,
  "delta_A_std": 0.5923322472346513,
  "dt": 0.25,
  "feature_set": "f2",
  "hidden_dim": 64,
  "input_dim": 2,
  "k": 10,
  "k_selection_reason": "bic_minimum_at_k=10",
  "num_layers": 1,
  "power_max": 805.0799999999999,
  "power_mean": 318.0702111295267,
  "power_min": 123.39,
  "power_std": 182.14410873813256,
  "seed": 42,
  "source_norm_path": "results/experimental_continuous_v1_gru_all/norm_params/llama-3-8b_A100_tp2.json",
  "t_arrive_log_mean": 0.12104525943516145,
  "t_arrive_log_std": 0.28671531217545754
}