{
  "config_id": "deepseek-r1-distill-8b_H100_tp2",
  "gmm_means": [
    140.7476558475671,
    193.1673635524422,
    231.8618774887807,
    240.75672433549943,
    275.6274981957547,
    351.34472001499023,
    408.9378106592851,
    457.96896595568046,
    530.4127050990511,
    622.9098926548133,
    700.4134371447079,
    771.4756098250585
  ],
  "min_run_length": 5,
  "num_ar1_states": 6,
  "num_iid_states": 6,
  "phi": [
    0.0,
    0.0,
    0.960195334854997,
    0.9428864221946955,
    0.28067705624123085,
    0.99,
    0.0,
    0.0,
    0.04970228578844676,
    0.610425468212299,
    0.3653900546805968,
    0.9071383464525207
  ],
  "phi_above_threshold": [
    false,
    false,
    true,
    true,
    false,
    true,
    false,
    false,
    false,
    true,
    true,
    true
  ],
  "phi_threshold": 0.3,
  "sigma_innov": [
    1.6883615583305371,
    2.344967556933188,
    0.28870091274660503,
    0.6692100398043087,
    31.636222083224723,
    3.088813556217713,
    20.111040314656343,
    9.248009534394184,
    36.20950446423382,
    25.174483382023965,
    27.053001255472154,
    5.464546745702317
  ],
  "sigma_marginal": [
    1.6883615583305371,
    2.344967556933188,
    1.0335500061661396,
    2.0089496757778385,
    32.96118711017853,
    21.89601875777694,
    20.111040314656343,
    9.248009534394184,
    36.25431197899475,
    31.783006242229053,
    29.062545364687065,
    12.985086284728666
  ]
}