{
  "config_id": "deepseek-r1-distill-8b_H100_tp4",
  "gmm_means": [
    280.2877371243882,
    359.5663143031351,
    426.5656312090722,
    473.1818472117181,
    517.8612266984358,
    663.9995441244637,
    783.2194835834589,
    908.8820000840976,
    1032.5552486795198,
    1162.0326395364393,
    1262.1562822174599,
    1292.826998656755
  ],
  "min_run_length": 5,
  "num_ar1_states": 9,
  "num_iid_states": 3,
  "phi": [
    0.0,
    0.0,
    0.0,
    0.9433953497271863,
    0.6242884501315435,
    0.41823878829749517,
    0.7181466407679176,
    0.47618435301589795,
    0.6415324790463657,
    0.3630318330499236,
    0.6770413893014322,
    0.8638056895312988
  ],
  "phi_above_threshold": [
    false,
    false,
    false,
    true,
    true,
    true,
    true,
    true,
    true,
    true,
    true,
    true
  ],
  "phi_threshold": 0.3,
  "sigma_innov": [
    0.40858177248674976,
    26.831189006801775,
    1.9897318570514562,
    0.8299716390267307,
    34.16539066848528,
    43.43919366872182,
    27.001847400506954,
    39.991648481086244,
    25.78175017627816,
    45.98344879622604,
    11.352328285672481,
    8.302451522202725
  ],
  "sigma_marginal": [
    0.40858177248674976,
    26.831189006801775,
    1.9897318570514562,
    2.5023993409953307,
    43.73483979184636,
    47.822766363392375,
    38.80178967450719,
    45.478881374472735,
    33.609554013679514,
    49.35028634538485,
    15.425513028025039,
    16.47883666959316
  ]
}