{
  "config_id": "deepseek-r1-distill-70b_H100_tp4",
  "gmm_means": [
    483.83095299190256,
    608.4491285060436,
    867.850374568345,
    1158.8990984147993,
    1512.2266139489668,
    1761.3658578345585,
    1819.393956088758,
    1861.2726714831344,
    1927.4124546537025,
    2001.171201061114
  ],
  "min_run_length": 5,
  "num_ar1_states": 9,
  "num_iid_states": 1,
  "phi": [
    0.949544666510523,
    0.5678694354934315,
    0.5047343261838756,
    0.0,
    0.6531880369113076,
    0.919418045706346,
    0.8815508187888539,
    0.8364543519650369,
    0.4837541120633753,
    0.7151127200251007
  ],
  "phi_above_threshold": [
    true,
    true,
    true,
    false,
    true,
    true,
    true,
    true,
    true,
    true
  ],
  "phi_threshold": 0.3,
  "sigma_innov": [
    3.959886453646828,
    62.13817818781325,
    87.08727214967303,
    112.44540159630563,
    105.70566028162787,
    8.956669053932146,
    9.164085086817249,
    10.409811861312436,
    25.24130037845375,
    36.548375963454966
  ],
  "sigma_marginal": [
    12.625907336022028,
    75.49115615712846,
    100.88013594417882,
    112.44540159630563,
    139.60149895136163,
    22.774184925477726,
    19.411768574723347,
    18.994738351855844,
    28.840478035581235,
    52.285976147444295
  ]
}