{
  "config_id": "deepseek-r1-distill-70b_H100_tp8",
  "gmm_means": [
    945.1620553310694,
    965.5702248796783,
    1156.8212234026896,
    1562.0460427908024,
    1855.3879516213196,
    2069.13835652897,
    2288.6923753796736,
    2535.8691523834864,
    2797.4216773420094,
    2952.27735586356,
    3018.4610815947995,
    3068.982735452058
  ],
  "min_run_length": 5,
  "num_ar1_states": 7,
  "num_iid_states": 5,
  "phi": [
    0.968167832604188,
    0.7783287332578371,
    0.48211934485044605,
    0.9599732067408742,
    0.0,
    0.0,
    0.0,
    0.0,
    0.0,
    0.8966880943699245,
    0.7441352659134716,
    0.8260279962703532
  ],
  "phi_above_threshold": [
    true,
    true,
    true,
    true,
    false,
    false,
    false,
    false,
    false,
    true,
    true,
    true
  ],
  "phi_threshold": 0.3,
  "sigma_innov": [
    1.316640138329561,
    8.514046389074785,
    111.96799457157327,
    31.276278869117117,
    113.36943881091743,
    104.71968439276206,
    104.67007112288537,
    108.04351355539187,
    116.32429223161931,
    13.76638463833985,
    8.767924383458249,
    41.31970598199341
  ],
  "sigma_marginal": [
    5.260208041668229,
    13.560487033280765,
    127.8019462191305,
    111.66436755328385,
    113.36943881091743,
    104.71968439276206,
    104.67007112288537,
    108.04351355539187,
    116.32429223161931,
    31.099023642467237,
    13.125066074656777,
    73.31010202761809
  ]
}