{
  "config_id": "deepseek-r1-distill-70b_A100_tp8",
  "gmm_means": [
    561.8777919734101,
    705.7939637157273,
    714.3296646169534,
    1293.656158281312,
    1877.7896618007098,
    2018.38591791807,
    2058.712847556658,
    2088.4472255390847,
    2201.2231679664064,
    2462.69683084816,
    2708.0674365023606,
    2930.220911676797
  ],
  "min_run_length": 5,
  "num_ar1_states": 7,
  "num_iid_states": 5,
  "phi": [
    0.9100214438182942,
    0.8623526339365061,
    0.9410402666429547,
    0.0,
    0.0,
    0.4906033231321251,
    0.39497900389464463,
    0.7353989735707339,
    0.5664708262667437,
    0.0,
    0.0,
    0.0
  ],
  "phi_above_threshold": [
    true,
    true,
    true,
    false,
    false,
    true,
    true,
    true,
    true,
    false,
    false,
    false
  ],
  "phi_threshold": 0.3,
  "sigma_innov": [
    3.646743348834286,
    7.724955144181285,
    42.95293453010873,
    178.38022750253813,
    217.5800026754539,
    13.396164911940243,
    14.746547258576012,
    13.583235704081996,
    76.1354242674442,
    87.54336560831123,
    88.1733192284451,
    100.05023070802432
  ],
  "sigma_marginal": [
    8.796634915648545,
    15.257418362563556,
    126.96903306143261,
    178.38022750253813,
    217.5800026754539,
    15.373451743367873,
    16.051709386695148,
    20.045080582683017,
    92.38818868921256,
    87.54336560831123,
    88.1733192284451,
    100.05023070802432
  ]
}