{
  "config_id": "deepseek-r1-distill-8b_H100_tp4",
  "gmm_means": [
    280.2877371243882,
    359.5663143031351,
    426.5656312090722,
    473.1818472117181,
    517.8612266984358,
    663.9995441244637,
    783.2194835834589,
    908.8820000840976,
    1032.5552486795198,
    1162.0326395364393,
    1262.1562822174599,
    1292.826998656755
  ],
  "min_run_length": 5,
  "num_ar1_states": 7,
  "num_iid_states": 5,
  "phi": [
    0.0,
    0.0,
    0.0,
    0.958763363433787,
    0.49265185225549485,
    0.5133426630241437,
    0.15449837623486304,
    0.44336034711674166,
    0.287481149656807,
    0.3261606234946417,
    0.6957478260737923,
    0.9037787616909337
  ],
  "phi_above_threshold": [
    false,
    false,
    false,
    true,
    true,
    true,
    false,
    true,
    false,
    true,
    true,
    true
  ],
  "phi_threshold": 0.3,
  "sigma_innov": [
    0.40858177248674976,
    26.831189006801775,
    1.9897318570514562,
    0.7111958615317949,
    38.059216338159324,
    41.040719901931496,
    38.33589822931362,
    40.7646979977127,
    32.19077024522986,
    46.651534573215784,
    11.07993203429426,
    7.052941130427601
  ],
  "sigma_marginal": [
    0.40858177248674976,
    26.831189006801775,
    1.9897318570514562,
    2.5023993409953307,
    43.73483979184636,
    47.822766363392375,
    38.80178967450719,
    45.478881374472735,
    33.609554013679514,
    49.35028634538485,
    15.425513028025039,
    16.47883666959316
  ]
}