{
  "config_id": "deepseek-r1-distill-8b_H100_tp2",
  "gmm_means": [
    140.7476558475671,
    193.1673635524422,
    231.8618774887807,
    240.75672433549943,
    275.6274981957547,
    351.34472001499023,
    408.9378106592851,
    457.96896595568046,
    530.4127050990511,
    622.9098926548133,
    700.4134371447079,
    771.4756098250585
  ],
  "min_run_length": 5,
  "num_ar1_states": 7,
  "num_iid_states": 5,
  "phi": [
    0.0,
    0.0,
    0.952509892175897,
    0.945099510647864,
    0.6691983895636329,
    0.7656150469651276,
    0.6973625781538703,
    0.0,
    0.20715726072711385,
    0.5696363176989678,
    0.13272887111822915,
    0.8842406455051406
  ],
  "phi_above_threshold": [
    false,
    false,
    true,
    true,
    true,
    true,
    true,
    false,
    false,
    true,
    false,
    true
  ],
  "phi_threshold": 0.3,
  "sigma_innov": [
    1.6883615583305371,
    2.344967556933188,
    0.31472387742315483,
    0.6564899437440724,
    24.492923761878334,
    14.085686910606462,
    14.413955017425705,
    9.248009534394184,
    35.467870963536434,
    26.12235336210259,
    28.805411100780823,
    6.064445143224857
  ],
  "sigma_marginal": [
    1.6883615583305371,
    2.344967556933188,
    1.0335500061661396,
    2.0089496757778385,
    32.96118711017853,
    21.89601875777694,
    20.111040314656343,
    9.248009534394184,
    36.25431197899475,
    31.783006242229053,
    29.062545364687065,
    12.985086284728666
  ]
}