{
  "config_id": "deepseek-r1-distill-8b_H100_tp2",
  "gmm_means": [
    231.87229863945302,
    240.78150580679474,
    281.3931800986366,
    352.3185994037696,
    412.703576047344,
    472.77915373977896,
    532.483430816122,
    587.4798166018885,
    645.0697132229693,
    710.0238921665114,
    763.8845676099838,
    778.9439413177886
  ],
  "min_run_length": 5,
  "num_ar1_states": 8,
  "num_iid_states": 4,
  "phi": [
    0.9530047976240499,
    0.9366680645022971,
    0.6141500869636433,
    0.8202622908608104,
    0.5970395555752491,
    0.0,
    0.0,
    0.428349755933079,
    0.0,
    0.22398370738374904,
    0.7960074822522397,
    0.8854254805808482
  ],
  "phi_above_threshold": [
    true,
    true,
    true,
    true,
    true,
    false,
    false,
    true,
    false,
    false,
    true,
    true
  ],
  "phi_threshold": 0.3,
  "sigma_innov": [
    0.31208743126563776,
    0.7347591085297832,
    20.426769555310525,
    12.54837623895308,
    18.103936601023698,
    23.04600074058991,
    23.30568931601007,
    20.067342875838488,
    21.754325046694124,
    24.257775945604248,
    5.6481501591382255,
    5.075914770891791
  ],
  "sigma_marginal": [
    1.03014382000304,
    2.0980025059921266,
    25.883233434932993,
    21.93819763397217,
    22.567527232770836,
    23.04600074058991,
    23.30568931601007,
    22.207894831632395,
    21.754325046694124,
    24.890163087895417,
    9.331362139648522,
    10.921080620609839
  ]
}