{
  "config_id": "deepseek-r1-distill-8b_A100_tp4",
  "gmm_means": [
    248.04460019083103,
    276.2807568484276,
    285.1707527849425,
    346.11707574070107,
    397.38998151996634,
    460.73331318152646,
    549.8926268236619,
    697.2028702111411,
    825.1604146272201,
    842.551534486448,
    848.0849673293504,
    865.1120755396996
  ],
  "min_run_length": 5,
  "num_ar1_states": 6,
  "num_iid_states": 6,
  "phi": [
    0.0,
    0.9392558538704936,
    0.8653798910484766,
    0.7505650799672331,
    0.0,
    0.0,
    0.0,
    0.0,
    0.8303659601213039,
    0.5563744631308807,
    0.0,
    0.5572211983387193
  ],
  "phi_above_threshold": [
    false,
    true,
    true,
    true,
    false,
    false,
    false,
    false,
    true,
    true,
    false,
    true
  ],
  "phi_threshold": 0.3,
  "sigma_innov": [
    0.7415534809980127,
    0.7182266857103793,
    10.727092686533402,
    4.720503403779274,
    6.998012102778325,
    36.67352477073583,
    20.20480908184727,
    22.903216522859076,
    5.708478382457773,
    7.873056975058003,
    50.77568073575528,
    8.869453565908673
  ],
  "sigma_marginal": [
    0.7415534809980127,
    2.092626717929581,
    21.406389280207303,
    7.143656410704,
    6.998012102778325,
    36.67352477073583,
    20.20480908184727,
    22.903216522859076,
    10.244597332935744,
    9.474975097054099,
    50.77568073575528,
    10.681402991345857
  ]
}