{
  "config_id": "deepseek-r1-distill-8b_A100_tp8",
  "gmm_means": [
    552.8870680471683,
    565.1679557692628,
    662.420328364258,
    688.1471284086527,
    856.7068352427572,
    985.1885933388972,
    1092.1685483171664,
    1272.836158427046,
    1326.1507654120921,
    1342.9813380506914,
    1370.3893846060162,
    1377.7055374980328
  ],
  "min_run_length": 5,
  "num_ar1_states": 8,
  "num_iid_states": 4,
  "phi": [
    0.9520172737094842,
    0.7983109194290408,
    0.8838918451170564,
    0.8829581309884215,
    0.0,
    0.0,
    0.0,
    0.0,
    0.716252556224846,
    0.5072395909030996,
    0.6161578352426025,
    0.9457792215471195
  ],
  "phi_above_threshold": [
    true,
    true,
    true,
    true,
    false,
    false,
    false,
    false,
    true,
    true,
    true,
    true
  ],
  "phi_threshold": 0.3,
  "sigma_innov": [
    0.846619214319838,
    4.34934263788475,
    24.972603803438798,
    3.360738647701521,
    56.50201194361046,
    45.09869935339852,
    31.961265477826846,
    99.92305231597894,
    6.4840226817878275,
    7.8380960592459346,
    8.782561463829412,
    5.8147756616246316
  ],
  "sigma_marginal": [
    2.766329018038122,
    7.221876188573819,
    53.39547842480942,
    7.158858601456545,
    56.50201194361046,
    45.09869935339852,
    31.961265477826846,
    99.92305231597894,
    9.29154528655703,
    9.094975456974325,
    11.150721572495383,
    17.90207239467848
  ]
}