{
  "config_id": "deepseek-r1-distill-8b_H100_tp1",
  "gmm_means": [
    119.72648249910151,
    140.79606831187957,
    174.65229188630215,
    209.7064580575913,
    243.79055288364037,
    279.36405772664517,
    315.8842749277781,
    354.38982989839366,
    401.9841730926008,
    438.85666934271865,
    453.58258173807957,
    470.33467142753864
  ],
  "min_run_length": 5,
  "num_ar1_states": 11,
  "num_iid_states": 1,
  "phi": [
    0.9656229955964348,
    0.7328916203730702,
    0.8166560765749782,
    0.5708189216433567,
    0.1656187109981947,
    0.9005484066625133,
    0.4240515145117214,
    0.99,
    0.30751408460199997,
    0.8077741139042022,
    0.6667542164797163,
    0.7964514439645239
  ],
  "phi_above_threshold": [
    true,
    true,
    true,
    true,
    false,
    true,
    true,
    true,
    true,
    true,
    true,
    true
  ],
  "phi_threshold": 0.3,
  "sigma_innov": [
    0.42428893185705546,
    8.569062652215251,
    6.078005642888891,
    10.1200674653628,
    13.277039357897042,
    6.264814389839893,
    13.344459809050806,
    2.1371261904837136,
    16.605232359311678,
    3.1632407593415843,
    4.770933470041185,
    5.375207361375228
  ],
  "sigma_marginal": [
    1.6322157932058243,
    12.595164991797773,
    10.531530277578314,
    12.325372753189926,
    13.462964768413707,
    14.409963077722981,
    14.734870648163012,
    15.149685891649682,
    17.45083840255185,
    5.366044014471903,
    6.401551558153225,
    8.889011505169021
  ]
}