{
  "config_id": "deepseek-r1-distill-8b_H100_tp4",
  "gmm_means": [
    473.2833634023716,
    508.2620259538714,
    589.6701412497514,
    668.3600509434083,
    754.1068865311012,
    843.7485464264465,
    923.4516160592206,
    1007.4220003076779,
    1088.4305106448062,
    1179.9591816235095,
    1262.463951743705,
    1294.0664315275458
  ],
  "min_run_length": 5,
  "num_ar1_states": 8,
  "num_iid_states": 4,
  "phi": [
    0.9393560944935516,
    0.6728192564988493,
    0.7074402421035186,
    0.5326162052481472,
    0.2535595404691898,
    0.0,
    0.7546814726472073,
    0.10939929015375903,
    0.4976849061321169,
    0.26374357970436213,
    0.6882859722318391,
    0.855473785724657
  ],
  "phi_above_threshold": [
    true,
    true,
    true,
    true,
    false,
    false,
    true,
    false,
    true,
    false,
    true,
    true
  ],
  "phi_threshold": 0.3,
  "sigma_innov": [
    0.8966039182440384,
    19.508218167458146,
    20.280302396375674,
    26.774625429601496,
    33.87224957505054,
    33.96804037592271,
    21.445787543330702,
    33.062951694254714,
    28.510167365268526,
    35.002730465971375,
    10.980017659658238,
    8.12459835555291
  ],
  "sigma_marginal": [
    2.614437544786925,
    26.369337983874747,
    28.69421684322099,
    31.6351481073694,
    35.016599709089775,
    33.96804037592271,
    32.68719693110355,
    33.26259763162001,
    32.87013033818554,
    36.287570717514285,
    15.135677279215596,
    15.689213596456048
  ]
}