{
  "config_id": "deepseek-r1-distill-70b_H100_tp4",
  "gmm_means": [
    284.33032082779766,
    447.7625366529636,
    483.64261147431716,
    675.9675290791728,
    864.9443998151795,
    1065.201175383878,
    1408.5629118707734,
    1462.1540133912363,
    1772.419201472286,
    1844.4296008329202,
    1901.291623931911,
    1970.6451563635326
  ],
  "min_run_length": 5,
  "num_ar1_states": 8,
  "num_iid_states": 4,
  "phi": [
    0.0,
    0.9706485516746771,
    0.9705984550027698,
    0.6109441963242065,
    0.0,
    0.0,
    0.45327374062520015,
    0.0,
    0.9273014093326613,
    0.921376051557237,
    0.7249042075840717,
    0.8123662837739674
  ],
  "phi_above_threshold": [
    false,
    true,
    true,
    true,
    false,
    false,
    true,
    false,
    true,
    true,
    true,
    true
  ],
  "phi_threshold": 0.3,
  "sigma_innov": [
    2.3821350752991712,
    16.004829174174027,
    3.0214454416017067,
    27.875517007655535,
    72.16992855799398,
    34.97749128634094,
    190.0277041816302,
    47.51045265961651,
    10.844532474913372,
    10.014993270872411,
    28.750433743909984,
    36.96449136092742
  ],
  "sigma_marginal": [
    2.3821350752991712,
    66.54749094950623,
    12.552511022461108,
    35.21086819482583,
    72.16992855799398,
    34.97749128634094,
    213.18578424144602,
    47.51045265961651,
    28.971635879520306,
    25.767189427464587,
    41.73687573720383,
    63.38789172117555
  ]
}