{
  "config_id": "deepseek-r1-distill-8b_A100_tp2",
  "gmm_means": [
    124.46453463496691,
    138.8577113695769,
    154.1721933015142,
    175.29817996887664,
    227.5259030368104,
    327.1716334333653,
    407.8148494271229,
    517.4726158075724,
    524.2127254555086,
    534.4060380645074,
    575.2445437460974,
    661.7324266301679
  ],
  "min_run_length": 5,
  "num_ar1_states": 5,
  "num_iid_states": 7,
  "phi": [
    0.0,
    0.356472506799335,
    0.7303803905546417,
    0.9278231369793689,
    0.0,
    0.0,
    0.0,
    0.7593267083381311,
    0.27848085269085354,
    0.639538307535136,
    0.0,
    0.0
  ],
  "phi_above_threshold": [
    false,
    true,
    true,
    true,
    false,
    false,
    false,
    true,
    false,
    true,
    false,
    false
  ],
  "phi_threshold": 0.3,
  "sigma_innov": [
    1.0644008076030624,
    2.0382227627976945,
    1.9412099601908723,
    1.425005225996898,
    46.90861546117673,
    3.95523735994238,
    64.50222002501658,
    3.615584056426708,
    4.20570637149485,
    4.796135653948691,
    34.88035026652646,
    48.54853129882974
  ],
  "sigma_marginal": [
    1.0644008076030624,
    2.1815370671988954,
    2.8420124815181795,
    3.820180308433237,
    46.90861546117673,
    3.95523735994238,
    64.50222002501658,
    5.5563713822150405,
    4.378929004035329,
    6.238800743945296,
    34.88035026652646,
    48.54853129882974
  ]
}