{
  "config_id": "deepseek-r1-distill-8b_H100_tp8",
  "gmm_means": [
    946.93651180404,
    1007.5986296250594,
    1117.8189932673126,
    1230.7650363619637,
    1344.2241257089195,
    1460.664239601005,
    1569.907826677846,
    1692.5422691837655,
    1815.9936371211702,
    1948.0478073092625,
    2051.475487755975,
    2084.461202783862
  ],
  "min_run_length": 5,
  "num_ar1_states": 10,
  "num_iid_states": 2,
  "phi": [
    0.9420342418653532,
    0.5400069457171334,
    0.7346715650991903,
    0.4118890325380618,
    0.0,
    0.343227815620082,
    0.0,
    0.45960385460998165,
    0.550393471986429,
    0.34583824545379016,
    0.6628297552271996,
    0.8190989508016151
  ],
  "phi_above_threshold": [
    true,
    true,
    true,
    true,
    false,
    true,
    false,
    true,
    true,
    true,
    true,
    true
  ],
  "phi_threshold": 0.3,
  "sigma_innov": [
    1.934984458680028,
    29.975392087458008,
    26.42513420560995,
    38.95153048832334,
    43.065814264239464,
    40.07950249712045,
    44.813115072837284,
    42.13883132667287,
    39.81317588757802,
    47.646805562463975,
    11.265426826227205,
    8.200207762618547
  ],
  "sigma_marginal": [
    5.767176986282987,
    35.614585624322814,
    38.95082621434751,
    42.74591374940617,
    43.065814264239464,
    42.671716017540724,
    44.813115072837284,
    47.44701166957379,
    47.68585269041793,
    50.78024377446568,
    15.045240581113383,
    14.294736405192626
  ]
}