{
  "config_id": "deepseek-r1-distill-8b_A100_tp1",
  "gmm_means": [
    58.68108507471849,
    62.461914008465456,
    71.60163388953707,
    88.49964889310212,
    93.31887597320774,
    222.74885597695683,
    284.208893825368,
    289.8666823801182,
    311.5094591749959,
    406.0536390290749
  ],
  "min_run_length": 5,
  "num_ar1_states": 5,
  "num_iid_states": 5,
  "phi": [
    0.0,
    0.0,
    0.9780830748684755,
    0.8503488647174825,
    0.99,
    0.0,
    0.4541561377493587,
    0.735854718875471,
    0.0,
    0.0
  ],
  "phi_above_threshold": [
    false,
    false,
    true,
    true,
    true,
    false,
    true,
    true,
    false,
    false
  ],
  "phi_threshold": 0.3,
  "sigma_innov": [
    1.2306086557441,
    1.424999107137147,
    0.28210150335653766,
    1.0979708923520306,
    2.4507336117505787,
    32.28550100096002,
    3.4074289528524466,
    3.599846549366465,
    30.00107003443094,
    19.448929827387637
  ],
  "sigma_marginal": [
    1.2306086557441,
    1.424999107137147,
    1.354856580519145,
    2.0865270053306335,
    17.372789958521803,
    32.28550100096002,
    3.8246092696652063,
    5.3162558426703965,
    30.00107003443094,
    19.448929827387637
  ]
}