{
  "config_id": "deepseek-r1-distill-8b_A100_tp8",
  "gmm_means": [
    552.9395695866781,
    565.2341658548875,
    626.1186104151483,
    688.0572554536316,
    745.8831234278606,
    863.2472951969844,
    967.5685689654589,
    1088.2982466900555,
    1278.8623895430383,
    1325.461958587916,
    1342.877653746716,
    1371.601824084951
  ],
  "min_run_length": 5,
  "num_ar1_states": 8,
  "num_iid_states": 4,
  "phi": [
    0.9514673766130369,
    0.7926877858477674,
    0.8654131566084987,
    0.8633290222968558,
    0.0,
    0.0,
    0.0,
    0.0,
    0.99,
    0.7064820813740094,
    0.4916669027913121,
    0.7153120253583051
  ],
  "phi_above_threshold": [
    true,
    true,
    true,
    true,
    false,
    false,
    false,
    false,
    true,
    true,
    true,
    true
  ],
  "phi_threshold": 0.3,
  "sigma_innov": [
    0.8667274460834782,
    4.1913032517002495,
    14.06314958384242,
    3.830534895662261,
    40.53932911775416,
    37.655199161809385,
    44.53739754002271,
    40.17326815890889,
    14.218289079018762,
    6.45541109299165,
    8.66820950564482,
    9.91985597309286
  ],
  "sigma_marginal": [
    2.8163395751552565,
    6.875183744872056,
    28.066856540609372,
    7.590606853676839,
    40.53932911775416,
    37.655199161809385,
    44.53739754002271,
    40.17326815890889,
    100.79077895491676,
    9.121278755949003,
    9.954496058367095,
    14.195452445071632
  ]
}