{
  "config_id": "deepseek-r1-distill-8b_A100_tp2",
  "gmm_means": [
    139.37024290198224,
    155.20306820790884,
    175.34736112811868,
    223.47059731161454,
    356.4412264590523,
    435.8064062736215,
    513.9298142156136,
    521.9628503289363,
    530.3085795085656,
    550.3474576728614,
    617.5856772591545,
    689.7402054718108
  ],
  "min_run_length": 5,
  "num_ar1_states": 5,
  "num_iid_states": 7,
  "phi": [
    0.9205506042686948,
    0.5379613840410797,
    0.8286983420754181,
    0.0,
    0.0,
    0.0,
    0.7726506091442067,
    0.2947887759046348,
    0.6246531954192432,
    0.0,
    0.0,
    0.0
  ],
  "phi_above_threshold": [
    true,
    true,
    true,
    false,
    false,
    false,
    true,
    false,
    true,
    false,
    false,
    false
  ],
  "phi_threshold": 0.3,
  "sigma_innov": [
    0.5729225925105839,
    2.5035246702261458,
    2.116001444393439,
    45.65895047554392,
    28.25556023716934,
    48.086729718342966,
    3.401990058841568,
    3.9279810169328013,
    4.579945809610337,
    15.32425260191269,
    30.87609932282125,
    54.38480721115431
  ],
  "sigma_marginal": [
    1.4666881118247213,
    2.969887665798463,
    3.7806296943554023,
    45.65895047554392,
    28.25556023716934,
    48.086729718342966,
    5.358886644781989,
    4.1106481906917045,
    5.864940943694946,
    15.32425260191269,
    30.87609932282125,
    54.38480721115431
  ]
}