{
  "config_id": "deepseek-r1-distill-8b_H100_tp1",
  "gmm_means": [
    71.30638680840553,
    119.73303248576374,
    142.17897327961015,
    177.77518252566517,
    218.38738135927449,
    263.87644742557734,
    306.8066635529615,
    350.92242142572746,
    401.4540361245466,
    438.4167520011684,
    452.2312939942746,
    469.17965102105427
  ],
  "min_run_length": 5,
  "num_ar1_states": 11,
  "num_iid_states": 1,
  "phi": [
    0.0,
    0.9657092852631951,
    0.7490542111948645,
    0.7909571156521733,
    0.99,
    0.42443112936691435,
    0.36275978157532746,
    0.8723255347855359,
    0.31862208151945887,
    0.8021531249287386,
    0.6763941279336371,
    0.806480369043983
  ],
  "phi_above_threshold": [
    false,
    true,
    true,
    true,
    true,
    true,
    true,
    true,
    true,
    true,
    true,
    true
  ],
  "phi_threshold": 0.3,
  "sigma_innov": [
    0.6690501735630574,
    0.42598444320533124,
    8.821948229499084,
    7.51306174029612,
    2.1790038002176626,
    14.593095496703556,
    15.252180232545573,
    7.925514549034375,
    16.851397867120323,
    3.0437753655898145,
    4.60854216810929,
    5.426184631793228
  ],
  "sigma_marginal": [
    0.6690501735630574,
    1.6407628939912968,
    13.315973235961433,
    12.278821042899697,
    15.446548396160388,
    16.116771468491837,
    16.3670604230867,
    16.210065276522702,
    17.77795214759757,
    5.097440388063656,
    6.257016545254479,
    9.177310596717673
  ]
}