{
  "config_id": "deepseek-r1-distill-70b_A100_tp8",
  "gmm_means": [
    561.7052542442663,
    623.5376153450325,
    706.7507995887162,
    945.7149529242008,
    1781.11212626309,
    2019.897147291235,
    2062.062464100563,
    2092.142784407143,
    2271.9358597057953,
    2732.3358084095894
  ],
  "min_run_length": 5,
  "num_ar1_states": 6,
  "num_iid_states": 4,
  "phi": [
    0.9184590021973836,
    0.8844411291267584,
    0.8498551390632342,
    0.0,
    0.0,
    0.5116877532582964,
    0.41870326787538886,
    0.7560750404021466,
    0.0,
    0.0
  ],
  "phi_above_threshold": [
    true,
    true,
    true,
    false,
    false,
    true,
    true,
    true,
    false,
    false
  ],
  "phi_threshold": 0.3,
  "sigma_innov": [
    3.3865835477232897,
    15.193596797581977,
    8.05754657533108,
    176.30923604613315,
    244.36602765569157,
    13.917085133299365,
    14.639615634229411,
    13.109243531270906,
    151.09649633443507,
    164.63170749252626
  ],
  "sigma_marginal": [
    8.562439622304346,
    32.55874564879833,
    15.288987596674406,
    176.30923604613315,
    244.36602765569157,
    16.198262340451425,
    16.120739090173807,
    20.029862846635055,
    151.09649633443507,
    164.63170749252626
  ]
}