{
  "config_id": "deepseek-r1-distill-8b_A100_tp4",
  "gmm_means": [
    276.5458700573916,
    289.0476465897403,
    341.286655958377,
    346.16478549800297,
    463.9130002006043,
    566.9908122188483,
    665.8520931769751,
    781.809071795953,
    821.7752063989101,
    838.4263598768769,
    858.1083278675961,
    866.9455501538309
  ],
  "min_run_length": 5,
  "num_ar1_states": 8,
  "num_iid_states": 4,
  "phi": [
    0.943740699378896,
    0.8119652449026089,
    0.915067806316007,
    0.8708347198659971,
    0.0,
    0.0,
    0.0,
    0.0,
    0.7555433554642578,
    0.49427522558135945,
    0.4218209081164567,
    0.8035979701519581
  ],
  "phi_above_threshold": [
    true,
    true,
    true,
    true,
    false,
    false,
    false,
    false,
    true,
    true,
    true,
    true
  ],
  "phi_threshold": 0.3,
  "sigma_innov": [
    0.6436774950721796,
    4.085679917053446,
    9.85957419063606,
    2.7936069553728102,
    42.34613569310622,
    37.35577719049435,
    30.32312777520733,
    90.14290577921528,
    5.972199127942685,
    6.61108866673011,
    8.790207554748779,
    7.921417135170162
  ],
  "sigma_marginal": [
    1.9464891913902003,
    6.9995536043501385,
    24.44724420824161,
    5.682961287607295,
    42.34613569310622,
    37.35577719049435,
    30.32312777520733,
    90.14290577921528,
    9.116488257660043,
    7.6050236534932445,
    9.694948139689568,
    13.309447533072296
  ]
}