{
  "config_id": "deepseek-r1-distill-70b_H100_tp8",
  "gmm_means": [
    945.1584759726306,
    965.617608040408,
    1166.2791589344117,
    1599.543338606681,
    1956.0326920003877,
    2208.1291724083653,
    2465.064112047792,
    2803.424152714409,
    2945.964338643767,
    3002.5851154042657,
    3021.598578003441,
    3079.366438415198
  ],
  "min_run_length": 5,
  "num_ar1_states": 9,
  "num_iid_states": 3,
  "phi": [
    0.9681170131306214,
    0.7787190543234743,
    0.5067258167724025,
    0.99,
    0.0,
    0.0,
    0.0,
    0.6949376203594423,
    0.8903865601971276,
    0.8470241066391883,
    0.7985721035820291,
    0.7939631409221911
  ],
  "phi_above_threshold": [
    true,
    true,
    true,
    true,
    false,
    false,
    false,
    true,
    true,
    true,
    true,
    true
  ],
  "phi_threshold": 0.3,
  "sigma_innov": [
    1.3143822486297108,
    8.608465778018584,
    116.47991675307738,
    17.65447390327391,
    116.98416204246708,
    114.5080174204636,
    119.81154901580328,
    130.64441836176437,
    13.100429870959795,
    14.096049561795777,
    5.257961322525654,
    42.218368038272004
  ],
  "sigma_marginal": [
    5.247068418622963,
    13.721451952493766,
    135.11069988470166,
    125.14924734341021,
    116.98416204246708,
    114.5080174204636,
    119.81154901580328,
    181.6852510134408,
    28.779174518805206,
    26.518541660226063,
    8.735618350759331,
    69.4420004592743
  ]
}