{
  "config_id": "deepseek-r1-distill-8b_A100_tp1",
  "gmm_means": [
    59.580000000000446,
    71.65221955104509,
    87.87036841594879,
    88.54674081210297,
    155.8957562112445,
    216.1765165982597,
    278.5248159657173,
    282.6425522809885,
    287.77004132193207,
    294.26182120666505,
    318.24090606678044,
    406.97881552212584
  ],
  "min_run_length": 5,
  "num_ar1_states": 6,
  "num_iid_states": 6,
  "phi": [
    0.0,
    0.9640563220687808,
    0.99,
    0.74794184335267,
    0.0,
    0.0,
    0.7949750331258467,
    0.35608064553083624,
    0.17454112799260285,
    0.5784061034445648,
    0.0,
    0.0
  ],
  "phi_above_threshold": [
    false,
    true,
    true,
    true,
    false,
    false,
    true,
    true,
    false,
    true,
    false,
    false
  ],
  "phi_threshold": 0.3,
  "sigma_innov": [
    0.001,
    0.36465201521450163,
    2.1371712522935193,
    1.369371935621037,
    14.534243640929365,
    17.234047715824197,
    2.811254879889226,
    2.375443807007363,
    2.6206372055728253,
    3.5813689627606733,
    30.622832429282923,
    18.84510521243363
  ],
  "sigma_marginal": [
    0.001,
    1.3724305983651133,
    15.150005326350033,
    2.063039558845165,
    14.534243640929365,
    17.234047715824197,
    4.634123898953815,
    2.5420627279088466,
    2.661491406616423,
    4.39028316473889,
    30.622832429282923,
    18.84510521243363
  ]
}