{
  "config_id": "deepseek-r1-distill-8b_A100_tp4",
  "gmm_means": [
    248.04460019083103,
    276.2807568484276,
    285.1707527849425,
    346.11707574070107,
    397.38998151996634,
    460.73331318152646,
    549.8926268236619,
    697.2028702111411,
    825.1604146272201,
    842.551534486448,
    848.0849673293504,
    865.1120755396996
  ],
  "min_run_length": 5,
  "num_ar1_states": 6,
  "num_iid_states": 6,
  "phi": [
    0.0,
    0.7839509942342571,
    0.3637181071909538,
    0.7330949686040831,
    0.0,
    0.0,
    0.0,
    0.0,
    0.7859422236724191,
    0.5667807426001732,
    0.0,
    0.6034510779159407
  ],
  "phi_above_threshold": [
    false,
    true,
    true,
    true,
    false,
    false,
    false,
    false,
    true,
    true,
    false,
    true
  ],
  "phi_threshold": 0.3,
  "sigma_innov": [
    0.7415534809980127,
    1.2991501923816837,
    19.94024566715768,
    4.858588514096728,
    6.998012102778325,
    36.67352477073583,
    20.20480908184727,
    22.903216522859076,
    6.334233959729226,
    7.806135156852037,
    50.77568073575528,
    8.517350990179049
  ],
  "sigma_marginal": [
    0.7415534809980127,
    2.092626717929581,
    21.406389280207303,
    7.143656410704,
    6.998012102778325,
    36.67352477073583,
    20.20480908184727,
    22.903216522859076,
    10.244597332935744,
    9.474975097054099,
    50.77568073575528,
    10.681402991345857
  ]
}