{
  "config_id": "deepseek-r1-distill-8b_H100_tp8",
  "gmm_means": [
    946.9522194954284,
    1011.2049028883181,
    1130.723120982607,
    1245.8035396202074,
    1361.1806357801643,
    1482.1398249509334,
    1604.9730555411984,
    1723.0856452113883,
    1838.4736053790411,
    1958.3905535901508,
    2050.9660891876883,
    2084.2244698109976
  ],
  "min_run_length": 5,
  "num_ar1_states": 9,
  "num_iid_states": 3,
  "phi": [
    0.9417584735534887,
    0.5843082842334248,
    0.09666687531466057,
    0.24722779343787785,
    0.0,
    0.5290486735099831,
    0.8934586344138405,
    0.3294292116001876,
    0.4757138276955818,
    0.46977515072831805,
    0.6629446211696856,
    0.8162356575369232
  ],
  "phi_above_threshold": [
    true,
    true,
    false,
    false,
    false,
    true,
    true,
    true,
    true,
    true,
    true,
    true
  ],
  "phi_threshold": 0.3,
  "sigma_innov": [
    1.9325999354059697,
    30.821029269286928,
    41.314615450235685,
    41.61235278791027,
    44.85269360021192,
    38.76087371508271,
    22.083694226504452,
    42.792947542278675,
    38.11675064083751,
    40.26670428262925,
    10.968987039205576,
    8.205220750746404
  ],
  "sigma_marginal": [
    5.746825124131184,
    37.97883219320481,
    41.50901080716518,
    42.94549310309134,
    44.85269360021192,
    45.67671794760975,
    49.1682424966496,
    45.32285688131504,
    43.33418128538843,
    45.61320578071355,
    14.651328265271857,
    14.202786161140484
  ]
}