{
  "config_id": "gpt-oss-120b_A100_tp4",
  "gmm_means": [
    229.75693836858008,
    262.6066773700162,
    324.59963168784543,
    335.94338556802074,
    574.1657364973448,
    680.3817734554273,
    735.1415852710038,
    736.849977991923,
    829.3413105141734,
    870.9336525812723,
    965.7348250184482,
    1064.2702157261172
  ],
  "min_run_length": 5,
  "num_ar1_states": 11,
  "num_iid_states": 1,
  "phi": [
    0.0,
    0.9678684086294091,
    0.8844194281277157,
    0.5182236098078284,
    0.3592287783945381,
    0.5505847088927149,
    0.7937966051518,
    0.5583626321217795,
    0.3434095285365698,
    0.4442653493271103,
    0.5033169323506812,
    0.7991546101832707
  ],
  "phi_above_threshold": [
    false,
    true,
    true,
    true,
    true,
    true,
    true,
    true,
    true,
    true,
    true,
    true
  ],
  "phi_threshold": 0.3,
  "sigma_innov": [
    0.3031498694412404,
    0.8835601685800832,
    1.1488108389333127,
    65.31237507654426,
    44.51228534075887,
    5.5915736850118805,
    20.184852232605586,
    6.313369973897542,
    15.184765937310722,
    12.701760216913025,
    36.84810160622913,
    37.77282239757145
  ],
  "sigma_marginal": [
    0.3031498694412404,
    3.5137591122019822,
    2.4615990657956255,
    76.36684525032796,
    47.69601689788323,
    6.698265865634473,
    33.18876331890317,
    7.610164966842068,
    16.168011218078128,
    14.177729163796418,
    42.6432372113718,
    62.83682889538691
  ]
}