{
  "config_id": "gpt-oss-120b_A100_tp8",
  "gmm_means": [
    517.2142624067054,
    622.6919033315672,
    638.1007789435067,
    991.8538341980848,
    1068.0224995058495,
    1157.4319320661784,
    1215.2053007652346,
    1265.263561340949,
    1328.7234221089775,
    1401.0165825215659,
    1511.7010027633385,
    1600.2123387648064
  ],
  "min_run_length": 5,
  "num_ar1_states": 10,
  "num_iid_states": 2,
  "phi": [
    0.9025951450688126,
    0.7481477928925296,
    0.8501785087356329,
    0.0,
    0.5568083657405138,
    0.6159842932641476,
    0.4320882359696435,
    0.20623889803371137,
    0.4025371547931018,
    0.49901595227414247,
    0.4090163758736117,
    0.7606064250980895
  ],
  "phi_above_threshold": [
    true,
    true,
    true,
    false,
    true,
    true,
    true,
    false,
    true,
    true,
    true,
    true
  ],
  "phi_threshold": 0.3,
  "sigma_innov": [
    0.6216465309820152,
    41.64947607774308,
    2.0295327581359905,
    139.98956386630567,
    5.382006041375249,
    7.2178598082325,
    12.78570862484743,
    9.844836102866607,
    18.309835624289683,
    33.66507986433809,
    41.54480990845258,
    60.61896295864006
  ],
  "sigma_marginal": [
    1.4440426501929464,
    62.769343867285464,
    3.85480303080161,
    139.98956386630567,
    6.479340830557757,
    9.162529394856417,
    14.177494318706898,
    10.06113368137472,
    20.001925556751285,
    38.84763397642511,
    45.52720955025282,
    93.37295775718451
  ]
}