{
  "config_id": "gpt-oss-120b_A100_tp8",
  "gmm_means": [
    517.2188287423339,
    622.3853390441384,
    638.1416978292998,
    991.0097145812655,
    1067.984164297766,
    1157.2650687221599,
    1215.1789601568928,
    1265.14104155197,
    1328.5382391537294,
    1399.3696743411838,
    1510.3046207162404,
    1603.1122742605864
  ],
  "min_run_length": 5,
  "num_ar1_states": 10,
  "num_iid_states": 2,
  "phi": [
    0.9031852557958601,
    0.7753812257431114,
    0.8530683351140631,
    0.0,
    0.5523770182636991,
    0.6145579489661293,
    0.4321564997294665,
    0.20836916651802614,
    0.4007772204654333,
    0.47667784505751065,
    0.38919585208213214,
    0.7127372280359937
  ],
  "phi_above_threshold": [
    true,
    true,
    true,
    false,
    true,
    true,
    true,
    false,
    true,
    true,
    true,
    true
  ],
  "phi_threshold": 0.3,
  "sigma_innov": [
    0.623152104070411,
    39.08123700468382,
    2.0111210665716395,
    141.2152478944228,
    5.464162657187615,
    7.154057086090935,
    12.755725006389248,
    9.780858710432595,
    17.788548150565113,
    34.20852928669272,
    41.65271516684527,
    62.077415826177436
  ],
  "sigma_marginal": [
    1.4517197402318218,
    61.88700470837386,
    3.8542048891113754,
    141.2152478944228,
    6.554941628284761,
    9.068720893765173,
    14.144759877875066,
    10.000364210281052,
    19.416091545370204,
    38.914097532010146,
    45.21792078895814,
    88.50108344318633
  ]
}