{
  "config_id": "gpt-oss-20b_A100_tp1",
  "gmm_means": [
    61.307576071260094,
    67.90315366751398,
    83.1514519740844,
    83.23515410360989,
    175.3461644162413,
    236.34523065701487,
    240.2299994336532,
    268.6734637552799,
    288.58531131303266,
    300.6142897203994,
    319.91155098036455,
    332.15711751442126
  ],
  "min_run_length": 5,
  "num_ar1_states": 11,
  "num_iid_states": 1,
  "phi": [
    0.99,
    0.8605035463090144,
    0.9822084153823608,
    0.8154933866294597,
    0.0,
    0.5137946917657484,
    0.6849932634618694,
    0.4955890138091979,
    0.3645709088207255,
    0.35120705623747056,
    0.38355618478122167,
    0.5284083468861078
  ],
  "phi_above_threshold": [
    true,
    true,
    true,
    true,
    false,
    true,
    true,
    true,
    true,
    true,
    true,
    true
  ],
  "phi_threshold": 0.3,
  "sigma_innov": [
    0.08882384957338436,
    0.18637779110077393,
    2.415634930196997,
    0.5508331389582202,
    29.282430184104108,
    2.3519850619096183,
    2.434973655651239,
    4.262695782433019,
    4.318819618726962,
    5.688512495089532,
    5.8573907083284364,
    7.019955589600139
  ],
  "sigma_marginal": [
    0.6296555751905983,
    0.3658451699780226,
    12.863209053263581,
    0.9517365671044512,
    29.282430184104108,
    2.7415187599928275,
    3.342221754463891,
    4.907789618513355,
    4.638029049765397,
    6.075537491214062,
    6.342479089519046,
    8.268592885011083
  ]
}