{
  "config_id": "gpt-oss-20b_A100_tp1",
  "gmm_means": [
    57.21340519239387,
    61.30488704548017,
    67.89874700633959,
    82.73957087891755,
    83.19670049766935,
    174.6048540185927,
    238.1938480114627,
    268.6654234827613,
    288.0999190021405,
    299.23559695121793,
    318.46651532278906,
    330.6715169208825
  ],
  "min_run_length": 5,
  "num_ar1_states": 9,
  "num_iid_states": 3,
  "phi": [
    0.0,
    0.99,
    0.8595745464478532,
    0.9813883430082202,
    0.8096927121420228,
    0.0,
    0.6743004234091847,
    0.4904650257445396,
    0.36241122090290534,
    0.2490989661136226,
    0.36816238770187876,
    0.5439578949790387
  ],
  "phi_above_threshold": [
    false,
    true,
    true,
    true,
    true,
    false,
    true,
    true,
    true,
    false,
    true,
    true
  ],
  "phi_threshold": 0.3,
  "sigma_innov": [
    0.6875305114880271,
    0.09121946064994678,
    0.18088957358837693,
    2.6734628250772783,
    0.5591133828373324,
    27.37200876756737,
    2.6733606843681765,
    4.29520735401858,
    4.034279897728512,
    5.5320593582901525,
    5.850521988806928,
    7.098112628776056
  ],
  "sigma_marginal": [
    0.6875305114880271,
    0.6466376118574471,
    0.3539841535769185,
    13.921846075389892,
    0.9527298204624648,
    27.37200876756737,
    3.6201975181851,
    4.928743758855266,
    4.328541519349464,
    5.712116492058735,
    6.292497545876015,
    8.459071368575662
  ]
}