{
  "config_id": "gpt-oss-20b_A100_tp2",
  "gmm_means": [
    115.41120972878694,
    136.3567965297837,
    142.78610421201813,
    168.01226243213964,
    255.64389709692998,
    304.8469284333016,
    370.16972794453795,
    414.76331138052353,
    446.4097493561703,
    476.61188005024786,
    512.5362216910067,
    547.6541899986044
  ],
  "min_run_length": 5,
  "num_ar1_states": 9,
  "num_iid_states": 3,
  "phi": [
    0.0,
    0.8747349283249806,
    0.8861977426576518,
    0.8413825828335633,
    0.0,
    0.0,
    0.4533338667750445,
    0.6868758942811678,
    0.40863833555815837,
    0.4535825838792567,
    0.44073577275355014,
    0.782658604838887
  ],
  "phi_above_threshold": [
    false,
    true,
    true,
    true,
    false,
    false,
    true,
    true,
    true,
    true,
    true,
    true
  ],
  "phi_threshold": 0.3,
  "sigma_innov": [
    1.3653723123195847,
    0.26075703449035115,
    6.50921702276758,
    0.8925119943196949,
    41.841614002427235,
    29.31810819449049,
    5.441697014806314,
    3.230584433393685,
    18.75690515424901,
    13.10562218548055,
    14.115497531030929,
    15.55845991229561
  ],
  "sigma_marginal": [
    1.3653723123195847,
    0.5380852685085636,
    14.049462285122065,
    1.651454485230848,
    41.841614002427235,
    29.31810819449049,
    6.105068982982561,
    4.445097369388914,
    20.55108932471774,
    14.705355287849235,
    15.725175464039882,
    24.995468999916778
  ]
}