{
  "config_id": "gpt-oss-20b_A100_tp2",
  "gmm_means": [
    115.41120972878694,
    136.3567965297837,
    142.78610421201813,
    168.01226243213964,
    255.64389709692998,
    304.8469284333016,
    370.16972794453795,
    414.76331138052353,
    446.4097493561703,
    476.61188005024786,
    512.5362216910067,
    547.6541899986044
  ],
  "min_run_length": 5,
  "num_ar1_states": 9,
  "num_iid_states": 3,
  "phi": [
    0.0,
    0.8905294521819548,
    0.7830643609783502,
    0.8868978856504334,
    0.0,
    0.0,
    0.4940001385638983,
    0.6856565528554233,
    0.5161539798086141,
    0.5522017082297132,
    0.518872776717332,
    0.8298266988292251
  ],
  "phi_above_threshold": [
    false,
    true,
    true,
    true,
    false,
    false,
    true,
    true,
    true,
    true,
    true,
    true
  ],
  "phi_threshold": 0.3,
  "sigma_innov": [
    1.3653723123195847,
    0.24478875964206745,
    8.737932094789722,
    0.7629150278094559,
    41.841614002427235,
    29.31810819449049,
    5.308124412555699,
    3.235698375545399,
    17.60192185652815,
    12.260009776601754,
    13.442689414976957,
    13.948001387771036
  ],
  "sigma_marginal": [
    1.3653723123195847,
    0.5380852685085636,
    14.049462285122065,
    1.651454485230848,
    41.841614002427235,
    29.31810819449049,
    6.105068982982561,
    4.445097369388914,
    20.55108932471774,
    14.705355287849235,
    15.725175464039882,
    24.995468999916778
  ]
}