{
  "config_id": "gpt-oss-20b_A100_tp2",
  "gmm_means": [
    136.39787546624908,
    148.95216380476964,
    168.01208433243409,
    193.1216686348171,
    298.20485092400367,
    370.5803769882116,
    414.8285926511389,
    441.79045103163355,
    465.9850709859894,
    491.6299795689637,
    519.0535869469752,
    553.8913347803832
  ],
  "min_run_length": 5,
  "num_ar1_states": 10,
  "num_iid_states": 2,
  "phi": [
    0.8792288335989431,
    0.9120440793100856,
    0.8372295119330152,
    0.0,
    0.0,
    0.39904186986352636,
    0.6250776120360204,
    0.44569223817096354,
    0.4579958856887941,
    0.467553642833979,
    0.4057282828131489,
    0.7300977067370584
  ],
  "phi_above_threshold": [
    true,
    true,
    true,
    false,
    false,
    true,
    true,
    true,
    true,
    true,
    true,
    true
  ],
  "phi_threshold": 0.3,
  "sigma_innov": [
    0.2830155224911323,
    2.989975999550499,
    0.9179968901202016,
    26.289100860893708,
    30.97630498202524,
    6.835707972531764,
    3.9106103672490518,
    6.586433345182934,
    7.714959456497145,
    10.571601803475097,
    12.774067412598022,
    15.324985820182153
  ],
  "sigma_marginal": [
    0.5940716009310447,
    7.290985134146263,
    1.6786945118625167,
    26.289100860893708,
    30.97630498202524,
    7.454972358199428,
    5.009989393124487,
    7.357612248707611,
    8.678690628971111,
    11.959303128215796,
    13.976099424709709,
    22.42649887755283
  ]
}