{
  "config_id": "gpt-oss-120b_A100_tp4",
  "gmm_means": [
    263.49721026745544,
    298.0470466291372,
    324.6979487039142,
    513.5007559591668,
    680.7603716667179,
    735.9518166248587,
    842.9898542156558,
    955.0228553711743,
    1015.8440943846608,
    1098.753690686808
  ],
  "min_run_length": 5,
  "num_ar1_states": 9,
  "num_iid_states": 1,
  "phi": [
    0.9741723638418345,
    0.9201550205479307,
    0.8547914308602631,
    0.9621905582238478,
    0.5247821263248,
    0.41148995196505184,
    0.35223266387326324,
    0.20664453311935435,
    0.3609076194429697,
    0.6678668690138488
  ],
  "phi_above_threshold": [
    true,
    true,
    true,
    true,
    true,
    true,
    true,
    false,
    true,
    true
  ],
  "phi_threshold": 0.3,
  "sigma_innov": [
    0.5652444304070852,
    5.6629293718772775,
    1.365099615118233,
    31.826473617840175,
    6.0511995755448815,
    10.869423183633396,
    30.303748654130185,
    23.7426657199098,
    24.478798734050134,
    36.082831594066235
  ],
  "sigma_marginal": [
    2.50323387858809,
    14.462693825868211,
    2.630393246563109,
    116.84706222584522,
    7.108716539965544,
    11.925886205873155,
    32.378827767345875,
    24.266430269028646,
    26.24786349850748,
    48.48013502112717
  ]
}