{
  "config_id": "llama-3-70b_H100_tp4",
  "gmm_means": [
    474.1617769035944,
    499.81707572644575,
    614.9656574582822,
    846.5345867978558,
    1095.650120932993,
    1345.4348964426076,
    1598.779420189138,
    1780.0889793700155,
    1830.3617179834023,
    1874.733349615755,
    1924.6460420369833,
    1994.8722765661973
  ],
  "min_run_length": 5,
  "num_ar1_states": 9,
  "num_iid_states": 3,
  "phi": [
    0.9752911785929387,
    0.9402453826278335,
    0.36386578030552835,
    0.5913333230731115,
    0.0,
    0.0,
    0.2906600012614119,
    0.9027261085993981,
    0.8654274735654067,
    0.8541094059797815,
    0.6798611226773709,
    0.7662148848381746
  ],
  "phi_above_threshold": [
    true,
    true,
    true,
    true,
    false,
    false,
    false,
    true,
    true,
    true,
    true,
    true
  ],
  "phi_threshold": 0.3,
  "sigma_innov": [
    1.0914903953488275,
    4.072830076274369,
    68.36392489449457,
    67.01700068289689,
    90.81869331766363,
    85.48720830972327,
    96.26914394883913,
    8.740397535498143,
    8.843161237062938,
    9.773466335017682,
    19.59338996131048,
    34.0943521132479
  ],
  "sigma_marginal": [
    4.940584609442811,
    11.961405869642718,
    73.3950537301826,
    83.10359195061675,
    90.81869331766363,
    85.48720830972327,
    100.61296776743066,
    20.31631333097874,
    17.649814947709555,
    18.791753047417412,
    26.717983897198422,
    53.05816714163213
  ]
}