{
  "config_id": "llama-3-8b_A100_tp1",
  "gmm_means": [
    59.83629912867622,
    63.14108592134653,
    68.412394311503,
    83.27587464206017,
    84.14315276220351,
    255.84851986981647,
    283.52448763962724,
    289.1434292571997,
    298.2145164915289,
    320.02720848458864,
    377.03507170080934,
    424.6633715027461
  ],
  "min_run_length": 5,
  "num_ar1_states": 5,
  "num_iid_states": 7,
  "phi": [
    0.0,
    0.0,
    0.9533089286324637,
    0.7378612593974649,
    0.0,
    0.0,
    0.37406383521899556,
    0.33526355226774646,
    0.41617432075654326,
    0.0,
    0.0,
    0.0
  ],
  "phi_above_threshold": [
    false,
    false,
    true,
    true,
    false,
    false,
    true,
    true,
    true,
    false,
    false,
    false
  ],
  "phi_threshold": 0.3,
  "sigma_innov": [
    0.28558063991692323,
    1.2068884270171263,
    0.1941322807169734,
    0.9014300402943359,
    10.588330186807118,
    48.24014737708024,
    3.317376111359727,
    3.3225295146489264,
    4.344990538557221,
    23.397055116088254,
    16.78750679836681,
    14.60892507714101
  ],
  "sigma_marginal": [
    0.28558063991692323,
    1.2068884270171263,
    0.6428288647149402,
    1.3355460635273644,
    10.588330186807118,
    48.24014737708024,
    3.5770600917791,
    3.5266357386801648,
    4.778470188160116,
    23.397055116088254,
    16.78750679836681,
    14.60892507714101
  ]
}