{
  "config_id": "llama-3-70b_A100_tp4",
  "gmm_means": [
    254.31387188823504,
    288.84235980773195,
    357.37556492537266,
    498.54261118482884,
    737.048059920734,
    967.3078792473796,
    984.6013299804944,
    1214.6904615479627,
    1225.0238447800702,
    1272.0207456404262,
    1435.0409954062754,
    1589.4099573924277
  ],
  "min_run_length": 5,
  "num_ar1_states": 3,
  "num_iid_states": 9,
  "phi": [
    0.0,
    0.25778182848350195,
    0.30605991220022116,
    0.0,
    0.0,
    0.0,
    0.0,
    0.8408621639258256,
    0.3109434124283002,
    0.15756392322399723,
    0.0,
    0.0
  ],
  "phi_above_threshold": [
    false,
    false,
    true,
    false,
    false,
    false,
    false,
    true,
    true,
    false,
    false,
    false
  ],
  "phi_threshold": 0.3,
  "sigma_innov": [
    0.2772016115172079,
    9.055735520655888,
    10.771904672812122,
    6.204780728709929,
    9.392811760209373,
    280.6501109752474,
    12.216003967491408,
    10.32741268034843,
    10.886962826641309,
    50.186446244350904,
    60.11841530644309,
    48.31605451034522
  ],
  "sigma_marginal": [
    0.2772016115172079,
    9.372496365553918,
    11.314880283517901,
    6.204780728709929,
    9.392811760209373,
    280.6501109752474,
    12.216003967491408,
    19.08069421803625,
    11.454795038606333,
    50.82126534817335,
    60.11841530644309,
    48.31605451034522
  ]
}