{
  "config_id": "llama-3-70b_H100_tp4",
  "gmm_means": [
    283.07570209511607,
    463.9564483213173,
    487.0278862310295,
    677.9045938345906,
    845.8226782837609,
    1078.4027119172824,
    1464.9866950799042,
    1478.5103978985053,
    1813.2367905965657,
    1871.5167719898739,
    1928.8977705006773,
    1998.3329560193563
  ],
  "min_run_length": 5,
  "num_ar1_states": 7,
  "num_iid_states": 5,
  "phi": [
    0.0,
    0.7263797539905409,
    0.7205613819163361,
    0.9261666613413794,
    0.0,
    0.0,
    0.0,
    0.0,
    0.9460935577446308,
    0.890266473432127,
    0.7108293121647555,
    0.7873472800581856
  ],
  "phi_above_threshold": [
    false,
    true,
    true,
    true,
    false,
    false,
    false,
    false,
    true,
    true,
    true,
    true
  ],
  "phi_threshold": 0.3,
  "sigma_innov": [
    2.9214521417854113,
    48.881446543535965,
    11.147444890697505,
    10.03132846115116,
    73.2057922663838,
    46.0854729907484,
    152.06825021396514,
    44.84264411508328,
    11.496229656883045,
    12.588393213443815,
    23.475873111519324,
    35.02886163561185
  ],
  "sigma_marginal": [
    2.9214521417854113,
    71.12164087208843,
    16.07670475465687,
    26.60022232915025,
    73.2057922663838,
    46.0854729907484,
    152.06825021396514,
    44.84264411508328,
    35.49386053445333,
    27.640068567966598,
    33.37653730300544,
    56.81801813269127
  ]
}