{
  "config_id": "llama-3-405b_H100_tp8",
  "gmm_means": [
    1013.2103823422966,
    1435.6339940581543,
    2156.8987633830434,
    2994.8802610717776,
    3548.294395859558,
    3642.465399792962,
    3790.8374318012643,
    3939.22633314328,
    4139.156602241249,
    4375.124726604745
  ],
  "min_run_length": 5,
  "num_ar1_states": 9,
  "num_iid_states": 1,
  "phi": [
    0.9584625973740535,
    0.0,
    0.7237791334281494,
    0.45084056797497885,
    0.897848562346975,
    0.8211659303114932,
    0.42669902280391925,
    0.4495244798801695,
    0.32451503543860594,
    0.7134013514487895
  ],
  "phi_above_threshold": [
    true,
    false,
    true,
    true,
    true,
    true,
    true,
    true,
    true,
    true
  ],
  "phi_threshold": 0.3,
  "sigma_innov": [
    4.988530090447207,
    254.86179133441138,
    170.51595012999277,
    317.86537658831315,
    17.114983246198303,
    24.78130439053657,
    51.7487888766353,
    63.566045598513725,
    87.66018184764481,
    119.62549490289692
  ],
  "sigma_marginal": [
    17.490220600719287,
    254.86179133441138,
    247.11320759065867,
    356.1099891530263,
    38.87079822951927,
    43.423444849899646,
    57.219316687238155,
    71.16122453245812,
    92.6757432310042,
    170.70927813161302
  ]
}