{
  "config_id": "llama-3-70b_A100_tp8",
  "gmm_means": [
    554.0883452652064,
    676.4229245926159,
    1003.4839886419232,
    1742.2733252433568,
    1921.127910989665,
    1953.07075693881,
    1982.4942883423705,
    2029.1016543426447,
    2086.0244897658645,
    2239.617557383197,
    2542.4453552952136,
    2837.133978565406
  ],
  "min_run_length": 5,
  "num_ar1_states": 7,
  "num_iid_states": 5,
  "phi": [
    0.9434895262643157,
    0.8724509296420084,
    0.0,
    0.0,
    0.3032096431294764,
    0.302094953972412,
    0.4884393099455174,
    0.3966755214536353,
    0.6392302219168433,
    0.0,
    0.0,
    0.0
  ],
  "phi_above_threshold": [
    true,
    true,
    false,
    false,
    true,
    true,
    true,
    true,
    true,
    false,
    false,
    false
  ],
  "phi_threshold": 0.3,
  "sigma_innov": [
    5.354105983411507,
    13.015627401827498,
    213.47391865418425,
    193.8119880865636,
    11.735529031898153,
    13.066671766183578,
    12.352890994373908,
    16.701835961864617,
    16.30664173665897,
    99.22338966480069,
    114.66760406714094,
    152.3651665745308
  ],
  "sigma_marginal": [
    16.155908595590528,
    26.633070344843535,
    213.47391865418425,
    193.8119880865636,
    12.31528491920055,
    13.707096953615357,
    14.156453318470165,
    18.194535806492695,
    21.20457043309561,
    99.22338966480069,
    114.66760406714094,
    152.3651665745308
  ]
}