{
  "config_id": "llama-3-8b_H100_tp1",
  "gmm_means": [
    71.49046488849584,
    119.081574009468,
    142.73029065190653,
    180.89473445163713,
    224.37499931099643,
    271.63814837899264,
    313.81768418073113,
    355.41106071963367,
    400.60415857271335,
    434.80798323571605,
    449.671389467892,
    468.7532567119088
  ],
  "min_run_length": 5,
  "num_ar1_states": 11,
  "num_iid_states": 1,
  "phi": [
    0.0,
    0.968886252597658,
    0.48817625801062803,
    0.6609588110866509,
    0.7611382215920656,
    0.5476005576021333,
    0.533839640275784,
    0.5132747417914034,
    0.9114231689223115,
    0.8659155303758855,
    0.6965310213202635,
    0.7757351131446488
  ],
  "phi_above_threshold": [
    false,
    true,
    true,
    true,
    true,
    true,
    true,
    true,
    true,
    true,
    true,
    true
  ],
  "phi_threshold": 0.3,
  "sigma_innov": [
    1.2454624755725587,
    0.5626227803077202,
    10.879338197251444,
    11.086980815817506,
    10.855915089470875,
    14.483392645847834,
    13.625264201245736,
    12.5737451622562,
    5.472471312007771,
    3.440331518093651,
    4.9965235380600515,
    5.364516460187927
  ],
  "sigma_marginal": [
    1.2454624755725587,
    2.273164360845127,
    12.465654274269296,
    14.774324498231538,
    16.737723367175597,
    17.309313163924493,
    16.113403533735543,
    14.650883680700145,
    13.299796661380237,
    6.878045828934154,
    6.963536936216567,
    8.50082058547373
  ]
}