{
  "config_id": "llama-3-405b_H100_tp8",
  "gmm_means": [
    1013.4369335236726,
    1414.2237427992034,
    2152.8785917816285,
    2986.416147597998,
    3547.814040108239,
    3641.3978278279214,
    3783.377495334743,
    3930.874395442197,
    4129.869271244135,
    4378.127658345577
  ],
  "min_run_length": 5,
  "num_ar1_states": 9,
  "num_iid_states": 1,
  "phi": [
    0.958895285041221,
    0.0,
    0.7184604025045207,
    0.43327320351608445,
    0.8976501841232355,
    0.8318561620488019,
    0.4324295265845383,
    0.4243592051572675,
    0.3431222302236377,
    0.7089086874688039
  ],
  "phi_above_threshold": [
    true,
    false,
    true,
    true,
    true,
    true,
    true,
    true,
    true,
    true
  ],
  "phi_threshold": 0.3,
  "sigma_innov": [
    5.036218376598681,
    250.9285083182803,
    174.28277655430244,
    319.3448623824813,
    16.956207740109363,
    23.597650930605358,
    50.917336179418704,
    64.51676007656975,
    87.46110754042786,
    122.95917272047093
  ],
  "sigma_marginal": [
    17.74815130471468,
    250.9285083182803,
    250.56185914600172,
    354.3305260712624,
    38.47486612789428,
    42.518957680372935,
    56.47017653706265,
    71.25035037218706,
    93.11398674528947,
    174.3359214609398
  ]
}