{
  "config_id": "llama-3-8b_H100_tp1",
  "gmm_means": [
    119.09280785457995,
    158.49053611986164,
    222.1860765293641,
    286.03099422833964,
    345.60970799526245,
    399.00730521794634,
    438.4901644699461,
    463.2563647901208
  ],
  "min_run_length": 5,
  "num_ar1_states": 8,
  "num_iid_states": 0,
  "phi": [
    0.9679012791160783,
    0.48037350406337564,
    0.6970632420620094,
    0.7662420317924186,
    0.4082941201618642,
    0.9076144090853738,
    0.8845225059656169,
    0.8534028127241932
  ],
  "phi_above_threshold": [
    true,
    true,
    true,
    true,
    true,
    true,
    true,
    true
  ],
  "phi_threshold": 0.3,
  "sigma_innov": [
    0.5736521373274353,
    18.628897703706166,
    15.895762390698662,
    14.387884369630994,
    18.676234061182072,
    5.991739816072054,
    4.19055410845361,
    5.720943862700133
  ],
  "sigma_marginal": [
    2.2824595982675806,
    21.24006601772203,
    22.169523681938585,
    22.391780035256815,
    20.459248748548067,
    14.272679999573752,
    8.983014756035587,
    10.97538992610364
  ]
}