{
  "config_id": "llama-3-8b_H100_tp2",
  "gmm_means": [
    143.94434939115126,
    189.79392141673821,
    238.80000704630575,
    285.0093419972792,
    387.0202294940954,
    459.20002090076645,
    528.9844499184798,
    602.0452881887735,
    685.0763485667853,
    756.2348582630319,
    777.2586767748021,
    797.1515504479163
  ],
  "min_run_length": 5,
  "num_ar1_states": 8,
  "num_iid_states": 4,
  "phi": [
    0.0,
    0.0,
    0.950252066013942,
    0.6541690210326249,
    0.25841191773243644,
    0.6828540322006459,
    0.99,
    0.34869348424730884,
    0.2895161118162125,
    0.705132364924356,
    0.7265038561669529,
    0.8915807183433853
  ],
  "phi_above_threshold": [
    false,
    false,
    true,
    true,
    false,
    true,
    true,
    true,
    false,
    true,
    true,
    true
  ],
  "phi_threshold": 0.3,
  "sigma_innov": [
    1.7880554954140047,
    1.0521126926505686,
    0.5931910000716986,
    30.45092176131706,
    29.3476828008268,
    11.18649687969221,
    3.6887086069572392,
    27.14142246963573,
    34.082652822951424,
    6.443490674243582,
    5.78318156489776,
    4.908960752390322
  ],
  "sigma_marginal": [
    1.7880554954140047,
    1.0521126926505686,
    1.9044152707924793,
    40.26044351309902,
    30.379528851461256,
    15.312330169207126,
    26.14856202224466,
    28.958980198474354,
    35.60761515226978,
    9.087168939466116,
    8.416033340876677,
    10.839864610899603
  ]
}