{
  "config_id": "llama-3-70b_A100_tp4",
  "gmm_means": [
    254.31387188823504,
    288.84235980773195,
    357.37556492537266,
    498.54261118482884,
    737.048059920734,
    967.3078792473796,
    984.6013299804944,
    1214.6904615479627,
    1225.0238447800702,
    1272.0207456404262,
    1435.0409954062754,
    1589.4099573924277
  ],
  "min_run_length": 5,
  "num_ar1_states": 5,
  "num_iid_states": 7,
  "phi": [
    0.0,
    0.837080308906156,
    0.6673983037701707,
    0.0,
    0.0,
    0.0,
    0.0,
    0.8249832516993172,
    0.3248014605306067,
    0.3644454997502401,
    0.0,
    0.0
  ],
  "phi_above_threshold": [
    false,
    true,
    true,
    false,
    false,
    false,
    false,
    true,
    true,
    true,
    false,
    false
  ],
  "phi_threshold": 0.3,
  "sigma_innov": [
    0.2772016115172079,
    5.12750556900121,
    8.42620209014738,
    6.204780728709929,
    9.392811760209373,
    280.6501109752474,
    12.216003967491408,
    10.783591274418407,
    10.833741502871309,
    47.32601855495176,
    60.11841530644309,
    48.31605451034522
  ],
  "sigma_marginal": [
    0.2772016115172079,
    9.372496365553918,
    11.314880283517901,
    6.204780728709929,
    9.392811760209373,
    280.6501109752474,
    12.216003967491408,
    19.08069421803625,
    11.454795038606333,
    50.82126534817335,
    60.11841530644309,
    48.31605451034522
  ]
}