{
  "config_id": "llama-3-8b_H100_tp4",
  "gmm_means": [
    285.7108691530308,
    431.9412855667593,
    483.6347095749699,
    531.5769565346578,
    653.8484675584288,
    784.3687728972342,
    882.4997527813131,
    962.6985651661105,
    1049.7949408931122,
    1181.3710092699728,
    1286.384280666693,
    1317.7518075127734
  ],
  "min_run_length": 5,
  "num_ar1_states": 10,
  "num_iid_states": 2,
  "phi": [
    0.0,
    0.0,
    0.9428917523619915,
    0.6961570270178674,
    0.37444779166208275,
    0.3130119545456109,
    0.40841747729196615,
    0.5355688795752678,
    0.6921358516183432,
    0.4058107702747598,
    0.7233873234545115,
    0.8717702961677859
  ],
  "phi_above_threshold": [
    false,
    false,
    true,
    true,
    true,
    true,
    true,
    true,
    true,
    true,
    true,
    true
  ],
  "phi_threshold": 0.3,
  "sigma_innov": [
    0.3886963116838937,
    51.74894571148452,
    0.8189912869136413,
    26.662316397825016,
    44.90204654049484,
    36.02989283539917,
    32.06368350153007,
    28.000087776103705,
    19.255817025182473,
    51.36797259589839,
    11.15255692675744,
    7.833518479009488
  ],
  "sigma_marginal": [
    0.3886963116838937,
    51.74894571148452,
    2.458700117777878,
    37.13985907038626,
    48.4250670775671,
    37.93621870534754,
    35.12691765427238,
    33.15614920112771,
    26.67870706261019,
    56.20391966402649,
    16.152768251398424,
    15.989551315994861
  ]
}