{
  "config_id": "llama-3-8b_H100_tp4",
  "gmm_means": [
    483.77405825909864,
    523.451035101036,
    611.0957518357664,
    692.5688814998521,
    781.6457984275877,
    867.5579475118444,
    953.2882553461563,
    1036.2213743015297,
    1115.4235994949304,
    1203.169487792249,
    1285.6007839478723,
    1317.5335566596327
  ],
  "min_run_length": 5,
  "num_ar1_states": 7,
  "num_iid_states": 5,
  "phi": [
    0.9400678536914526,
    0.7099230619998134,
    0.5628772355051047,
    0.57516317710663,
    0.059226219649740924,
    0.0,
    0.0,
    0.00980184273773087,
    0.8645607368923676,
    0.24692894332071696,
    0.7184297652709413,
    0.8743646844372512
  ],
  "phi_above_threshold": [
    true,
    true,
    true,
    true,
    false,
    false,
    false,
    false,
    true,
    false,
    true,
    true
  ],
  "phi_threshold": 0.3,
  "sigma_innov": [
    0.8914655683876118,
    21.30288837809745,
    24.886022686454243,
    28.42085959122129,
    35.132935699965394,
    34.70133151722631,
    34.07676104910526,
    33.19000492548581,
    16.82585841182809,
    35.47486376746901,
    10.985587867029519,
    7.761709578172239
  ],
  "sigma_marginal": [
    2.614364866005773,
    30.24778696858137,
    30.10865448128259,
    34.74268330457052,
    35.19471697369932,
    34.70133151722631,
    34.07676104910526,
    33.191599423847165,
    33.482407024295696,
    36.608497542019826,
    15.792978253327252,
    15.99464018500629
  ]
}