{
  "config_id": "llama-3-8b_H100_tp8",
  "gmm_means": [
    959.6075724120045,
    1025.9399635753825,
    1122.5569191390662,
    1236.1626406879416,
    1344.3509239052191,
    1465.9868176508533,
    1575.9880046645171,
    1699.3846196849686,
    1818.822907474125,
    1951.629953333314,
    2057.502654963381,
    2091.081887091631
  ],
  "min_run_length": 5,
  "num_ar1_states": 11,
  "num_iid_states": 1,
  "phi": [
    0.9567747938671426,
    0.4304909202205276,
    0.6646820564948094,
    0.6736057247943049,
    0.0,
    0.5286914072225605,
    0.42227431283276956,
    0.6102741625577615,
    0.7179029755772461,
    0.3244887755116918,
    0.6821434184305859,
    0.8751067691182736
  ],
  "phi_above_threshold": [
    true,
    true,
    true,
    true,
    false,
    true,
    true,
    true,
    true,
    true,
    true,
    true
  ],
  "phi_threshold": 0.3,
  "sigma_innov": [
    2.308524571702936,
    30.906434515945406,
    28.273614307970337,
    32.86180292155565,
    45.0848568187894,
    37.14712699234372,
    41.63274805274998,
    36.74176412335659,
    31.671733132659835,
    46.4136806523448,
    12.666469145699264,
    8.620841851508782
  ],
  "sigma_marginal": [
    7.937715741914542,
    34.24175590672816,
    37.84315034726372,
    44.46246578351709,
    45.0848568187894,
    43.763559639075766,
    45.92853112704183,
    46.37997316080598,
    45.49600477293941,
    49.068816558970525,
    17.322415640321356,
    17.814237045903102
  ]
}