{
  "config_id": "llama-3-8b_H100_tp2",
  "gmm_means": [
    238.82429234462717,
    267.94909635237644,
    322.7448423660873,
    386.02317586388904,
    451.80446068786443,
    512.7720682788246,
    573.3114225470728,
    637.3754441276702,
    701.4134156100556,
    755.6174570367576,
    776.4561598703093,
    795.5929826603231
  ],
  "min_run_length": 5,
  "num_ar1_states": 9,
  "num_iid_states": 3,
  "phi": [
    0.9463151096913692,
    0.6502946652515996,
    0.4958792841041337,
    0.0,
    0.6044042139099282,
    0.3071221292139505,
    0.99,
    0.0,
    0.06711389469513623,
    0.6944661150117826,
    0.7149179024990718,
    0.8945713440135679
  ],
  "phi_above_threshold": [
    true,
    true,
    true,
    false,
    true,
    true,
    true,
    false,
    false,
    true,
    true,
    true
  ],
  "phi_threshold": 0.3,
  "sigma_innov": [
    0.6213551377931379,
    14.349992837347065,
    17.94531862089835,
    24.904381562990075,
    19.689256318070758,
    23.195099748435602,
    3.4585482327349806,
    23.68207985581176,
    25.1473352193629,
    6.122992102290615,
    5.698580445388408,
    5.011313830670882
  ],
  "sigma_marginal": [
    1.922238545289286,
    18.88947152139935,
    20.665010372332265,
    24.904381562990075,
    24.714201732785856,
    24.37304640690937,
    24.51699838800622,
    23.68207985581176,
    25.204162520850293,
    8.509764937218344,
    8.150045694667112,
    11.212869918278507
  ]
}