{
  "config_id": "llama-3-70b_H100_tp8",
  "gmm_means": [
    960.4173863543299,
    1103.423975704135,
    1447.7173575215306,
    1717.1722879002061,
    2013.079812186499,
    2311.2525728611436,
    2666.560599532234,
    2923.238968339727,
    2957.728393331012,
    3017.11742868141,
    3071.726967890178,
    3153.39995118475
  ],
  "min_run_length": 5,
  "num_ar1_states": 8,
  "num_iid_states": 4,
  "phi": [
    0.9377337637478836,
    0.6433995428350987,
    0.0,
    0.0,
    0.6547251707119327,
    0.0019370184920848759,
    0.14132947665930445,
    0.9558932924911296,
    0.8727234952254,
    0.7856131836129322,
    0.6674976579890484,
    0.7628100057975629
  ],
  "phi_above_threshold": [
    true,
    true,
    false,
    false,
    true,
    false,
    false,
    true,
    true,
    true,
    true,
    true
  ],
  "phi_threshold": 0.3,
  "sigma_innov": [
    3.7392525919526487,
    81.59767409458918,
    107.17476798630511,
    113.00780313669507,
    84.8494625211079,
    116.01790101666252,
    145.66894819132187,
    8.70500540251669,
    10.344346356015352,
    11.961425438764525,
    24.977183174917556,
    41.631710748347636
  ],
  "sigma_marginal": [
    10.764935759648404,
    106.58970269164504,
    107.17476798630511,
    113.00780313669507,
    112.25448439575649,
    116.01811866921472,
    147.1459083296355,
    29.63767603402804,
    21.18810437591589,
    19.33259745016115,
    33.54389486455474,
    64.3833131728977
  ]
}