{
  "config_id": "llama-3-70b_H100_tp8",
  "gmm_means": [
    960.4996877541315,
    1113.421615379131,
    1464.8831829933563,
    1733.1873241175952,
    2017.2123152995553,
    2331.534775764293,
    2703.643389587498,
    2930.2398540957965,
    2964.0145806989267,
    3018.5659883805943,
    3074.268494952851,
    3156.7827251916788
  ],
  "min_run_length": 5,
  "num_ar1_states": 9,
  "num_iid_states": 3,
  "phi": [
    0.9375476477437868,
    0.6227375637113809,
    0.0,
    0.0,
    0.7426398366977679,
    0.24094871363981032,
    0.39818662324137927,
    0.8953376838163559,
    0.8076062934363022,
    0.7871712155777089,
    0.6376685540069021,
    0.7481649950296515
  ],
  "phi_above_threshold": [
    true,
    true,
    false,
    false,
    true,
    false,
    true,
    true,
    true,
    true,
    true,
    true
  ],
  "phi_threshold": 0.3,
  "sigma_innov": [
    3.775527159903717,
    88.2585627088221,
    110.9116887269199,
    113.71454044782945,
    75.63383912128013,
    117.25238327027999,
    137.30006117023666,
    10.083668890560578,
    10.730732848591929,
    11.093922351907574,
    23.924942406977202,
    41.54349899515342
  ],
  "sigma_marginal": [
    10.853679742240216,
    112.8004736963653,
    110.9116887269199,
    113.71454044782945,
    112.93840885107778,
    120.81175744511695,
    149.67774822042162,
    22.640192083692035,
    18.1962556420985,
    17.988164855193677,
    31.058815039903667,
    62.611457538495515
  ]
}