{
  "config_id": "llama-3-70b_A100_tp8",
  "gmm_means": [
    541.3362474964358,
    569.76195170439,
    675.0209739024003,
    979.7543436801991,
    1700.7983820085408,
    1926.8950111393253,
    1973.8542373727755,
    2023.4007612507928,
    2084.815661617001,
    2248.020493362264,
    2544.426864420622,
    2843.529438838033
  ],
  "min_run_length": 5,
  "num_ar1_states": 7,
  "num_iid_states": 5,
  "phi": [
    0.9229582060524342,
    0.9122379106728348,
    0.8652264463621085,
    0.0,
    0.0,
    0.4651365264511243,
    0.5119452741250957,
    0.4569874534705151,
    0.6486037327759928,
    0.0,
    0.0,
    0.0
  ],
  "phi_above_threshold": [
    true,
    true,
    true,
    false,
    false,
    true,
    true,
    true,
    true,
    false,
    false,
    false
  ],
  "phi_threshold": 0.3,
  "sigma_innov": [
    2.013430173175157,
    3.554734711124122,
    13.908515797251477,
    200.0519214273711,
    192.80115277247012,
    13.97527113439162,
    13.962788934265058,
    17.651601293121228,
    17.26191286587318,
    96.80818514639869,
    112.79576029091042,
    150.6567968069158
  ],
  "sigma_marginal": [
    5.231045005563564,
    8.677262907819125,
    27.740396609667055,
    200.0519214273711,
    192.80115277247012,
    15.78700419475655,
    16.254360065620844,
    19.845007671113958,
    22.67943383637536,
    96.80818514639869,
    112.79576029091042,
    150.6567968069158
  ]
}