{
  "config_id": "llama-3-70b_H100_tp4",
  "gmm_means": [
    283.07570209511607,
    463.9564483213173,
    487.0278862310295,
    677.9045938345906,
    845.8226782837609,
    1078.4027119172824,
    1464.9866950799042,
    1478.5103978985053,
    1813.2367905965657,
    1871.5167719898739,
    1928.8977705006773,
    1998.3329560193563
  ],
  "min_run_length": 5,
  "num_ar1_states": 9,
  "num_iid_states": 3,
  "phi": [
    0.0,
    0.9670408275896194,
    0.9741681825262474,
    0.9261666613413795,
    0.5710785374531234,
    0.0,
    0.505900601626213,
    0.0,
    0.9439197620949441,
    0.881780278327031,
    0.6971131823505328,
    0.798716012823584
  ],
  "phi_above_threshold": [
    false,
    true,
    true,
    true,
    true,
    false,
    true,
    false,
    true,
    true,
    true,
    true
  ],
  "phi_threshold": 0.3,
  "sigma_innov": [
    2.9214521417854113,
    18.109089036924605,
    3.630501260183612,
    10.031328461151151,
    60.094300190158165,
    46.0854729907484,
    131.1728228407518,
    44.84264411508328,
    11.719182827421657,
    13.036726026083501,
    23.929678714602517,
    34.187866139256
  ],
  "sigma_marginal": [
    2.9214521417854113,
    71.12164087208843,
    16.07670475465687,
    26.60022232915025,
    73.2057922663838,
    46.0854729907484,
    152.06825021396514,
    44.84264411508328,
    35.49386053445333,
    27.640068567966598,
    33.37653730300544,
    56.81801813269127
  ]
}