{
  "config_id": "llama-3-8b_H100_tp8",
  "gmm_means": [
    959.6133517890397,
    1029.2281105331583,
    1136.551365219413,
    1252.9121191368552,
    1358.131533451066,
    1474.99810233323,
    1583.946472974589,
    1706.5206164895037,
    1826.4855453611895,
    1953.5385426450314,
    2057.4980991581565,
    2091.172727316187
  ],
  "min_run_length": 5,
  "num_ar1_states": 9,
  "num_iid_states": 3,
  "phi": [
    0.9563743380898245,
    0.46654721216245393,
    0.396036570319478,
    0.06703083402929176,
    0.0,
    0.5083665884756533,
    0.2492101097154209,
    0.6768184624888307,
    0.99,
    0.3694732505691026,
    0.6841140781557636,
    0.874468530039019
  ],
  "phi_above_threshold": [
    true,
    true,
    true,
    false,
    false,
    true,
    false,
    true,
    true,
    true,
    true,
    true
  ],
  "phi_threshold": 0.3,
  "sigma_innov": [
    2.3289539835081032,
    32.507523694321506,
    37.1918018133362,
    41.459749845329036,
    43.429761760027304,
    37.23660992780216,
    44.70188606009225,
    34.181026676483405,
    6.396397284531355,
    43.33644618458194,
    12.670202626460378,
    8.700283658032347
  ],
  "sigma_marginal": [
    7.971938032982675,
    36.752583155743295,
    40.50358830303167,
    41.5532069790972,
    43.429761760027304,
    43.241025831543915,
    46.15820313713008,
    46.432151557356924,
    45.342858147706316,
    46.6363721519855,
    17.37131404361658,
    17.935687494180936
  ]
}