{
  "config_id": "llama-3-70b_A100_tp4",
  "gmm_means": [
    289.2243304655971,
    304.26673155770095,
    360.6405095929779,
    519.095996597907,
    1078.4983500171886,
    1198.2148534546084,
    1219.759797389017,
    1235.1754856384623,
    1297.0541858940726,
    1414.2438033563876,
    1512.2485294574176,
    1609.4981699981297
  ],
  "min_run_length": 5,
  "num_ar1_states": 5,
  "num_iid_states": 7,
  "phi": [
    0.9648743085901029,
    0.7008462157322006,
    0.8207663678611107,
    0.0,
    0.0,
    0.5480521994288755,
    0.1900646155094825,
    0.6056517833606679,
    0.0015479579349781305,
    0.0,
    0.0,
    0.0
  ],
  "phi_above_threshold": [
    true,
    true,
    true,
    false,
    false,
    true,
    false,
    true,
    false,
    false,
    false,
    false
  ],
  "phi_threshold": 0.3,
  "sigma_innov": [
    0.975560868479781,
    5.103712795899957,
    4.624048305684765,
    155.18804558495805,
    126.96385932125936,
    11.721459963391908,
    8.986622099887581,
    8.830473822266871,
    38.20101665306661,
    36.437414780628735,
    36.11973329525007,
    37.12873464698882
  ],
  "sigma_marginal": [
    3.7134240327985792,
    7.1549475186053435,
    8.094415581675765,
    155.18804558495805,
    126.96385932125936,
    14.013440358692225,
    9.153475464175296,
    11.0973270115204,
    38.20106242128588,
    36.437414780628735,
    36.11973329525007,
    37.12873464698882
  ]
}