{"_wandb":{"runtime":49},"val_f1":0.2536254282023201,"_step":499,"val_loss":1.7282211780548096,"val_acc":0.2888537271448664,"epoch":500,"lr":0,"val_autocorr_r2":0.35763345405809777,"_runtime":49,"val_transition_mae":456.65462487479664,"_timestamp":1.761609712466668e+09,"train_loss":1.2211844325065613}