{"val_transition_mae":538.420166015625,"lr":0,"_timestamp":1.7610070728585937e+09,"val_acc":0.4519676549865229,"val_f1":0.2671531954225821,"_wandb":{"runtime":56},"_step":499,"epoch":500,"train_loss":1.5507002472877502,"val_autocorr_r2":0.24467992782592773,"_runtime":56,"val_loss":1.8171331882476807}