{"lr":0,"train_loss":1.4317269921302795,"_timestamp":1.7616094419602816e+09,"val_transition_mae":98.86614888583297,"_wandb":{"runtime":59},"epoch":500,"val_loss":1.564460277557373,"val_acc":0.3202323991797676,"val_autocorr_r2":0.742108604765435,"_runtime":59,"_step":499,"val_f1":0.25069662223868566}