{"val_acc":0.7543715284920798,"_wandb":{"runtime":4167},"val_loss":6.321266606450081,"val_f1":0.4478268347124757,"_runtime":4167,"lr":0.0009999972933796531,"epoch":951,"_step":950,"_timestamp":1.7609286974349835e+09,"train_loss":0.3011106645749153,"val_transition_mae":0.614538626609442,"val_autocorr_r2":0.8899703774335548}