{"val_autocorr_r2":0.834624829680649,"_step":499,"_runtime":50,"epoch":500,"lr":0,"val_acc":0.4229957805907173,"val_loss":1.5119773149490356,"val_f1":0.30335339905895736,"_timestamp":1.7613685326540887e+09,"train_loss":1.5623883605003357,"val_transition_mae":639.5013214580657,"_wandb":{"runtime":50}}