{
    "8": {
        "min_power": 934.1099853515625,
        "max_power": 2135.919921875,
        "mu_values": [
            945.3492922815,
            2066.952729429215,
            1599.3398551000905,
            1868.1027763745883,
            1352.5147150984108,
            1063.8283478129974
        ],
        "sigma_values": [
            5.4035443999441695,
            23.001713403753726,
            95.81413716544513,
            104.77063534764268,
            94.64629787802411,
            82.28687143261973
        ],
        "Dx": 6,
        "K": 6,
        "state_stats": {
            "median": [
                944.530029296875,
                2066.719970703125,
                1599.8900146484375,
                1865.4599609375,
                1345.2149658203125,
                1049.68994140625
            ],
            "mad": [
                3.70001220703125,
                17.400146484375,
                62.875,
                71.93994140625,
                66.30999755859375,
                57.1201171875
            ],
            "iqr": [
                8.15997314453125,
                34.824951171875,
                125.864990234375,
                143.4300537109375,
                132.4324951171875,
                120.7650146484375
            ]
        }
    },
    "1": {
        "min_power": 116.36000061035156,
        "max_power": 506.6300048828125,
        "mu_values": [
            373.1542474945185,
            119.41749844686494,
            464.10794035607296,
            273.1718052478628,
            169.3582403957073,
            440.40432418829585
        ],
        "sigma_values": [
            36.99758072795616,
            1.5402454042466505,
            11.160029112847214,
            33.83987119941921,
            32.802122918702715,
            7.414581405895717
        ],
        "Dx": 6,
        "K": 6,
        "state_stats": {
            "median": [
                371.3399963378906,
                119.20999908447266,
                464.2300109863281,
                272.4100036621094,
                167.4499969482422,
                439.70001220703125
            ],
            "mad": [
                25.350006103515625,
                0.9300003051757812,
                6.910003662109375,
                22.389999389648438,
                24.540008544921875,
                4.66998291015625
            ],
            "iqr": [
                51.010009765625,
                1.9000015258789062,
                14.17999267578125,
                44.779998779296875,
                50.04499816894531,
                9.55999755859375
            ]
        }
    },
    "2": {
        "min_power": 229.52000427246094,
        "max_power": 832.8300170898438,
        "mu_values": [
            237.4684288250076,
            772.2112855803454,
            553.5042453923572,
            438.27583598165575,
            672.9592113236147,
            305.32562848340234
        ],
        "sigma_values": [
            4.651241504407488,
            13.329969611533773,
            42.79342958546593,
            44.338875708703,
            47.22011395663315,
            40.619125669729776
        ],
        "Dx": 6,
        "K": 6,
        "state_stats": {
            "median": [
                239.0,
                771.7000122070312,
                552.4949951171875,
                437.4649963378906,
                667.4299926757812,
                303.69500732421875
            ],
            "mad": [
                3.279998779296875,
                9.01995849609375,
                27.029998779296875,
                30.54998779296875,
                32.8900146484375,
                29.7449951171875
            ],
            "iqr": [
                8.449996948242188,
                18.02001953125,
                54.08001708984375,
                61.019989013671875,
                65.7099609375,
                61.74749755859375
            ]
        }
    },
    "4": {
        "min_power": 468.04998779296875,
        "max_power": 1362.8699951171875,
        "mu_values": [
            472.9665032819476,
            1280.755584062057,
            923.1063453780995,
            737.5505270921996,
            1126.812923677822,
            536.7501529134865
        ],
        "sigma_values": [
            2.6033790703285873,
            22.602827718501015,
            68.93892344048619,
            70.69122705436811,
            77.26808343909465,
            50.22210345397731
        ],
        "Dx": 6,
        "K": 6,
        "state_stats": {
            "median": [
                472.42999267578125,
                1281.0899658203125,
                921.3299560546875,
                732.3599853515625,
                1120.8800048828125,
                528.6699829101562
            ],
            "mad": [
                1.509979248046875,
                16.9000244140625,
                44.27996826171875,
                49.290008544921875,
                50.699951171875,
                36.999969482421875
            ],
            "iqr": [
                3.1824951171875,
                33.7900390625,
                88.65997314453125,
                98.55999755859375,
                101.60009765625,
                76.70001220703125
            ]
        }
    }
}