{"_timestamp":1.760930620648314e+09,"lr":7.040833210839992e-05,"_runtime":540,"val_acc":0.5832647603373792,"val_transition_mae":0.7550965665236051,"val_autocorr_r2":0,"epoch":725,"train_loss":0.7299588173627853,"val_loss":1.3357442319393158,"_wandb":{"runtime":540},"val_f1":0.3482832589828739,"_step":724}