{
  "aic": 296342.816888488,
  "bic": 296539.1365303808,
  "config_id": "deepseek-r1-distill-8b_A100_tp1",
  "covariance_type": "full",
  "k": 8,
  "label_map": [
    4,
    0,
    7,
    1,
    2,
    5,
    6,
    3
  ],
  "means": [
    71.60009561757597,
    77.07424330058055,
    88.50935971972729,
    213.06917611998983,
    285.03327809984796,
    295.5674062613612,
    324.72005460326744,
    407.2609733504289
  ],
  "order": [
    1,
    3,
    4,
    7,
    0,
    5,
    6,
    2
  ],
  "seed": 42,
  "variances": [
    1.8653670109237162,
    260.7053602704355,
    4.1182672941563165,
    1625.4232647253345,
    18.34829377544433,
    37.41305273997007,
    948.1085156357366,
    356.6078015218507
  ],
  "weights": [
    0.1875834329932325,
    0.019559781665996014,
    0.12016743732468602,
    0.017324175706569883,
    0.49781439836900204,
    0.1329185029251512,
    0.015779782531669388,
    0.008852488483693102
  ]
}