{
  "aic": 638415.0137456646,
  "bic": 638618.9820564078,
  "config_id": "deepseek-r1-distill-70b_H100_tp8",
  "covariance_type": "full",
  "k": 8,
  "label_map": [
    6,
    1,
    3,
    2,
    4,
    7,
    5,
    0
  ],
  "means": [
    945.5619116011321,
    967.1687515333856,
    1328.0586612957654,
    1948.2978316501662,
    2329.7178551429415,
    2660.797962044142,
    2970.437768183021,
    3031.2271701349478
  ],
  "order": [
    7,
    1,
    3,
    2,
    4,
    6,
    0,
    5
  ],
  "seed": 42,
  "variances": [
    25.888103835494224,
    229.42161065596497,
    55652.88431403874,
    31854.542984301163,
    21867.037330734627,
    14843.123373684255,
    1914.4139603530539,
    7682.704163315946
  ],
  "weights": [
    0.2111068926773809,
    0.041265611271750165,
    0.05060277541923088,
    0.025744996439802038,
    0.021941418480207257,
    0.018798064653361875,
    0.5086819777829193,
    0.12185826327534754
  ]
}