{
  "aic": 316619.9318475233,
  "bic": 316808.9283522909,
  "config_id": "gpt-oss-20b_A100_tp2",
  "covariance_type": "full",
  "k": 8,
  "label_map": [
    6,
    1,
    3,
    2,
    4,
    5,
    7,
    0
  ],
  "means": [
    137.72879198366977,
    168.7784767562152,
    405.94120312605435,
    495.36018682695254,
    551.2839809771249,
    596.9453184370045,
    647.358981813912,
    689.5343779008911
  ],
  "order": [
    7,
    1,
    3,
    2,
    4,
    5,
    0,
    6
  ],
  "seed": 42,
  "variances": [
    2.315244780831971,
    25.662157677203638,
    1766.3164198851161,
    573.9275563237946,
    366.0021865400499,
    317.8946401413794,
    330.31485934143524,
    383.79919041023277
  ],
  "weights": [
    0.11841488903646204,
    0.030025537877752646,
    0.13357143376025002,
    0.06643018555247342,
    0.13461656479134299,
    0.16543756235854895,
    0.1905990920781839,
    0.16090473454498605
  ]
}