{
  "aic": 403540.5514425667,
  "bic": 403729.89653993887,
  "config_id": "gpt-oss-120b_H100_tp8",
  "covariance_type": "full",
  "k": 8,
  "label_map": [
    4,
    1,
    7,
    2,
    6,
    3,
    0,
    5
  ],
  "means": [
    985.6149328271138,
    1156.732405826308,
    1579.6500655116033,
    2022.4989804308325,
    2632.3620105126593,
    2872.5236540771753,
    3199.7657484593096,
    3593.5656240749963
  ],
  "order": [
    6,
    1,
    3,
    5,
    0,
    7,
    4,
    2
  ],
  "seed": 42,
  "variances": [
    14.754066200076474,
    19561.810390228857,
    4797.6217277076175,
    74692.27714054604,
    1491.3608358844772,
    3391.5278210774786,
    9615.881033506483,
    4299.081355042502
  ],
  "weights": [
    0.16169203529462553,
    0.06463125271242476,
    0.1317835932786151,
    0.14363499797780271,
    0.06435012394736407,
    0.07337415329789498,
    0.30875199127165415,
    0.05178185221961864
  ]
}