{
  "aic": 628095.7622298647,
  "bic": 628299.6532768309,
  "config_id": "llama-3-8b_H100_tp8",
  "covariance_type": "full",
  "k": 8,
  "label_map": [
    0,
    7,
    4,
    2,
    6,
    5,
    3,
    1
  ],
  "means": [
    956.6264371151658,
    1043.007082368199,
    1213.3741054617665,
    1362.5862800609411,
    1526.4794737024697,
    1709.1069726492406,
    1905.850464839853,
    2075.9897318775324
  ],
  "order": [
    0,
    7,
    3,
    6,
    2,
    5,
    4,
    1
  ],
  "seed": 42,
  "variances": [
    61.42055355125609,
    2643.316176475855,
    3581.536875303092,
    3778.6334892546997,
    4158.55641143051,
    4677.842410902322,
    5895.844620677597,
    653.5345576980666
  ],
  "weights": [
    0.4013565973799226,
    0.08735486837200407,
    0.04488339754145033,
    0.04006209696297538,
    0.04970250606916683,
    0.05317309321210963,
    0.06558762114106395,
    0.25787981932130716
  ]
}