{
  "aic": 1033414.1647583297,
  "bic": 1033630.7883484956,
  "config_id": "llama-3-70b_A100_tp4",
  "covariance_type": "full",
  "k": 8,
  "label_map": [
    4,
    0,
    6,
    5,
    3,
    7,
    2,
    1
  ],
  "means": [
    287.800830346071,
    354.19083817275265,
    1083.714515566201,
    1208.9587825901076,
    1229.181954088284,
    1340.7565050316355,
    1516.7778622960013,
    1588.9769615715047
  ],
  "order": [
    1,
    7,
    6,
    4,
    0,
    3,
    2,
    5
  ],
  "seed": 42,
  "variances": [
    53.502640319218955,
    251.69566736078949,
    59425.037009119136,
    366.04474800707465,
    138.6735057118928,
    4519.723256512353,
    1898.0618266620338,
    951.4440128614388
  ],
  "weights": [
    0.07996661175249087,
    0.024194829731031906,
    0.016987105887306984,
    0.2668289067138922,
    0.33508807910622784,
    0.12955721734369155,
    0.060650938315627505,
    0.08672631114973106
  ]
}