{
  "aic": 729226.0174788081,
  "bic": 729430.4766274678,
  "config_id": "llama-3-405b_H100_tp8",
  "covariance_type": "full",
  "k": 8,
  "label_map": [
    6,
    0,
    4,
    2,
    7,
    3,
    1,
    5
  ],
  "means": [
    1010.6304071476175,
    1619.9644721211334,
    2836.0556518176354,
    3550.370878492175,
    3644.4539252369764,
    3852.1564243115668,
    4085.4610137516424,
    4351.665569300865
  ],
  "order": [
    1,
    6,
    3,
    5,
    2,
    7,
    0,
    4
  ],
  "seed": 42,
  "variances": [
    345.41075078283797,
    147797.66031145773,
    185939.24905805106,
    1665.7906833980742,
    1966.797748665538,
    6694.048191479311,
    10425.139773335775,
    31810.26704772208
  ],
  "weights": [
    0.08791322499248605,
    0.01524028987679455,
    0.015789535424558743,
    0.3423599885515426,
    0.235000366404637,
    0.14226402864617843,
    0.11282540211812642,
    0.048607163985676285
  ]
}