{
  "aic": 795212.4739051332,
  "bic": 795427.0832223808,
  "config_id": "llama-3-8b_A100_tp1",
  "covariance_type": "full",
  "k": 8,
  "label_map": [
    5,
    0,
    7,
    4,
    6,
    2,
    3,
    1
  ],
  "means": [
    69.46012821550462,
    84.3721127030127,
    252.32141102798798,
    284.69443325966574,
    292.77435972519464,
    319.29508028967797,
    357.1351095524956,
    398.0401068493816
  ],
  "order": [
    1,
    7,
    5,
    6,
    3,
    0,
    4,
    2
  ],
  "seed": 42,
  "variances": [
    2.9581022124354486,
    8.002751384696358,
    14692.261948198768,
    16.83095759700866,
    42.89840304070382,
    42.15621906868596,
    233.06481808282908,
    78.32605434887809
  ],
  "weights": [
    0.1533381192980081,
    0.08541072191685559,
    0.03505215367903206,
    0.26192951774231404,
    0.13374042124538532,
    0.10418723510616267,
    0.06641205253004154,
    0.15992977848220066
  ]
}