{"lr":0,"_step":499,"val_acc":0.5380497685185185,"_timestamp":1.761611072718845e+09,"_runtime":55,"val_boundary_f1":0.05737704868023083,"val_balanced_acc":0.4050615366733492,"val_autocorr_r2":0.9316115194000915,"val_ece":0.12219001461872486,"epoch":500,"train_loss":1.32498699426651,"val_tolerance_power_acc":0.5380497685185185,"val_loss":1.353047251701355,"_wandb":{"runtime":55},"val_f1":0.3926504707574077,"val_transition_mae":95.1977713932867}