{"epoch":500,"_timestamp":1.7616099100470922e+09,"_wandb":{"runtime":51},"val_f1":0.34769677684878814,"train_loss":1.3745622634887695,"val_transition_mae":299.377720478225,"val_autocorr_r2":0.8038054478848975,"val_acc":0.409004438807863,"_runtime":51,"_step":499,"val_loss":1.3760216236114502,"lr":0}