{
  "config_id": "gpt-oss-120b_A100_tp4",
  "gmm_means": [
    229.81854947219594,
    262.9216951835893,
    268.5491263545459,
    324.6358701607185,
    358.17963889775064,
    456.1758674487764,
    519.6639793171854,
    567.7827881192048,
    611.7143595023874,
    680.1016366411875,
    687.5280558095592,
    736.5176484266705,
    780.5888219891983,
    828.7861658655107,
    868.9534062112884,
    931.0922886719869,
    966.6740237097779,
    1018.5949719218112,
    1081.7259912147533,
    1123.6345811664999
  ],
  "min_run_length": 5,
  "num_ar1_states": 9,
  "num_iid_states": 11,
  "phi": [
    0.0,
    0.38358416655537786,
    0.7266609154279232,
    0.8766721827489719,
    0.0,
    0.0,
    0.0,
    0.0,
    0.0,
    0.5394805159396036,
    0.0,
    0.4931796750424894,
    0.0,
    0.4092185805217324,
    0.2602774253758661,
    0.0,
    0.38397707876941917,
    0.08465573489163973,
    0.5261580579125432,
    0.9095261357030492
  ],
  "phi_above_threshold": [
    false,
    true,
    true,
    true,
    false,
    false,
    false,
    false,
    false,
    true,
    false,
    true,
    false,
    true,
    false,
    false,
    true,
    false,
    true,
    true
  ],
  "phi_threshold": 0.3,
  "sigma_innov": [
    0.1766101044003225,
    2.823068570959269,
    17.524297227967352,
    1.2151829637625124,
    32.88332721149756,
    23.642460544956602,
    28.13668653658754,
    6.864436554832422,
    15.629092635350485,
    5.11996510590507,
    16.850866981862705,
    8.343025534395716,
    16.932017944279245,
    11.49730835477527,
    14.88424584875076,
    24.772533451750064,
    18.542444285172557,
    18.317092948197416,
    27.241676388579815,
    22.45771767449141
  ],
  "sigma_marginal": [
    0.1766101044003225,
    3.056903594263098,
    25.508575911196278,
    2.5259045861919502,
    32.88332721149756,
    23.642460544956602,
    28.13668653658754,
    6.864436554832422,
    15.629092635350485,
    6.08073249231789,
    16.850866981862705,
    9.590484027915176,
    16.932017944279245,
    12.600668459393724,
    15.415560499293917,
    24.772533451750064,
    20.08186753745531,
    18.38308343520677,
    32.0344537398414,
    54.03078088485969
  ]
}