{"_timestamp":1.7613396115072734e+09,"epoch":431,"val_f1":0.2561256856685679,"val_acc":0.4678819444444444,"train_loss":1.2923468947410583,"_wandb":{"runtime":37},"_step":430,"val_transition_mae":83.11933421808433,"_runtime":37,"val_loss":1.7513724565505981,"lr":1.0233644416412791e-05,"val_autocorr_r2":0.9846242387998494}