{"lr":0,"val_autocorr_r2":0.8995951419903021,"_timestamp":1.7616115598201566e+09,"val_f1":0.40477049528787123,"epoch":500,"val_transition_mae":85.35267117042677,"_step":499,"val_tolerance_power_acc":0.5691550925925926,"val_loss":1.2470426559448242,"train_loss":1.3253514468669891,"val_ece":0.12033457429950228,"val_boundary_f1":0.04943820176447419,"_wandb":{"runtime":55},"val_acc":0.5691550925925926,"_runtime":55,"val_balanced_acc":0.4026751421840438}