{"_timestamp":1.7613669744679124e+09,"val_transition_mae":387.8846998247658,"_wandb":{"runtime":107},"_runtime":107,"train_loss":1.200714960694313,"lr":0,"val_f1":0.5836111646187846,"val_loss":1.1053680181503296,"val_acc":0.6469988344988346,"_step":999,"epoch":1000,"val_autocorr_r2":0.9846755659707652}