{"val_f1":0.3151036072809312,"train_loss":1.5356210768222809,"val_ece":0.11253859746480101,"val_balanced_acc":0.3881040321284712,"epoch":500,"val_tolerance_power_acc":0.44239785666443404,"val_autocorr_r2":0.8509536369042667,"val_transition_mae":139.4657599384745,"_runtime":52,"val_acc":0.44239785666443404,"_step":499,"val_loss":1.9268721342086792,"val_boundary_f1":0.0816326525821056,"_wandb":{"runtime":52},"_timestamp":1.7616108565352154e+09,"lr":0}