{"_runtime":50,"val_acc":0.38598382749326143,"val_transition_mae":1162.8055501643519,"lr":0,"_timestamp":1.7609429874756098e+09,"_wandb":{"runtime":50},"val_loss":2.010608196258545,"val_f1":0.26683931245986897,"_step":499,"epoch":500,"val_autocorr_r2":0.9843476911834566,"train_loss":1.2702246606349945}