{"val_f1":0.4574653090329826,"train_loss":1.3765329718589783,"val_acc":0.5801707779886148,"val_boundary_f1":0.05780346770943317,"_step":499,"val_autocorr_r2":0.6821894087119593,"_runtime":52,"_timestamp":1.7616121467501576e+09,"epoch":500,"val_loss":1.2778608798980713,"val_balanced_acc":0.48840949499750125,"lr":0,"val_tolerance_power_acc":0.5801707779886148,"val_ece":0.12842315563120324,"val_transition_mae":63.197781950431285,"_wandb":{"runtime":52}}