{"lr":0,"_timestamp":1.7613401268520865e+09,"val_acc":0.35817073170731706,"train_loss":1.2443945109844208,"val_transition_mae":442.80661170372645,"val_loss":1.4514456987380981,"val_f1":0.25726360635379114,"_step":499,"val_autocorr_r2":0.7090378073735853,"_wandb":{"runtime":45},"_runtime":45,"epoch":500}