{"train_loss":1.5611290037631989,"val_acc":0.38266782407407407,"val_autocorr_r2":0.972088433906315,"epoch":500,"val_transition_mae":75.95956018817053,"val_f1":0.24744048423421586,"lr":0,"_timestamp":1.7613398056819246e+09,"_wandb":{"runtime":42},"val_loss":1.6252702474594116,"_runtime":42,"_step":499}