{"val_autocorr_r2":0.9854554097973125,"val_loss":1.5454514026641846,"_wandb":{"runtime":41},"_runtime":41,"_step":499,"val_transition_mae":89.24121237363104,"train_loss":1.472224235534668,"val_f1":0.29723816736291486,"lr":0,"_timestamp":1.7613396868802903e+09,"epoch":500,"val_acc":0.3419290020093771}