model,val_f1_mean,val_f1_std,autocorr_r2_mean,autocorr_r2_std,transition_mae_mean,transition_mae_std,ece_mean,ece_std
deepseek-r1-distill-70b,0.6040340770653038,0.03266200207355327,0.9999999999999998,1.9229626863835638e-16,202.29141500000003,57.23327549408146,0.09035313916442422,0.02886992236147163
deepseek-r1-distill-8b,0.5157427560736013,0.07705595236402113,0.9999999999999999,1.9229626863835638e-16,99.836884,40.8946127457253,0.04273281702605056,0.02273654586497944
llama-3-70b,0.5217597079327996,0.07875530339973505,0.9999999999999998,2.9373740229761033e-16,220.96443,37.53373616976398,0.11224535430035723,0.08855886337466674
llama-3-8b,0.503094622026077,0.013379518131944617,1.0,1.1102230246251565e-16,81.94601775,21.159382539394436,0.03714405754523433,0.01357890191254039
