hardware,family,tp,idle_pct,prefill_pct,decode_pct,shared_dvfs_pct
H100,dense-405b,8,23.83236924903217,3.063233257804484,63.36064978568552,9.743747707477821
H100,dense-70b,4,25.532730024039285,2.652122494296488,65.8048070230999,6.0103404585643245
H100,dense-70b,8,32.8554485770345,2.558895155245922,58.20210052261528,6.383555745104297
H100,dense-8b,1,13.20230698831695,3.181229621557076,76.93051835435685,6.685945035769124
H100,dense-8b,2,34.85885275632953,2.237495480413749,56.220900831284766,6.682750931971952
H100,dense-8b,4,44.45323823969177,1.6338982143615615,45.72383370091907,8.18902984502759
H100,dense-8b,8,55.80453581440826,1.1137454513028329,32.93671557203803,10.145003162250868
