hardware,cv_r2,cv_rmse,cv_mape,agg5_r2,agg5_rmse,agg5_mape,agg30_r2,agg30_rmse,agg30_mape,lomo_med,loto_med
A100,0.9614467165398123,120.65205093471805,13.777636359546442,0.9832748625783718,77.34467556846019,8.671003308930473,0.9911348586012639,54.344022760297214,5.4106936829651495,10.603627537963716,7.600380020531662
H100,0.9609226039483153,206.25914963665446,16.33302687780233,0.9810447463552384,140.12452510594613,10.37509336701365,0.9909324608939712,93.84631442828778,6.05457871733967,9.855601332869988,7.317806914313757
