{
  "A100": {
    "coefficients": {
      "tp": 60.601073143834604,
      "tp_link": 4.49405640533741,
      "busy_tp": 0.4693984646680065,
      "sat_cmp_lo": 12.529376909153537,
      "sat_cmp_hi": 0.6225724822187106,
      "sat_mem_lo": 20.512979206151243,
      "sat_mem_hi": 137.94589857660318,
      "flops_pre": 7.83265954510017e-14,
      "flops_dec": 5.121928570765874e-13,
      "w_read_pre": 1.7662895860576974e-11,
      "w_read_dec": 8.400674260418998e-11,
      "kv_read": 1.2965539054087802e-09,
      "kv_write": 1.4643461828719131e-10,
      "comm": 2.323580146520123e-08
    },
    "posterior_sd_log": {
      "tp": 0.0027751086675323936,
      "tp_link": 0.03802484919939733,
      "busy_tp": 0.6631172460301522,
      "sat_cmp_lo": 0.05925320666242671,
      "sat_cmp_hi": 0.9918497131358606,
      "sat_mem_lo": 0.062289637800554104,
      "sat_mem_hi": 0.03178876399501951,
      "flops_pre": 0.22701999610212922,
      "flops_dec": 0.09208029465691982,
      "w_read_pre": 0.26679249272734284,
      "w_read_dec": 0.024069324450120565,
      "kv_read": 0.021117040796667902,
      "kv_write": 0.49997783374048355,
      "comm": 0.0410339206643202
    },
    "family_multipliers": {
      "dense-70b": 0.9605067373963706,
      "dense-8b": 0.8409004022429439,
      "moe-120b": 0.9652427279366198,
      "moe-20b": 1.0104443767304137
    },
    "metrics": {
      "cv": {
        "r2": 0.9593600249909181,
        "rmse": 123.87416474658359,
        "mape": 12.543217139243046
      },
      "in_sample": {
        "r2": 0.9596812757242579,
        "rmse": 123.38359332260843,
        "mape": 12.414593656212347
      },
      "lomo": {
        "dense-70b": 16.30929035854637,
        "dense-8b": 20.046243792269358,
        "moe-120b": 7.115049773447542,
        "moe-20b": 2.6592953344530024
      }
    }
  },
  "H100": {
    "coefficients": {
      "tp": 98.49014228873371,
      "tp_link": 13.88431680493911,
      "busy_tp": 50.64555780399638,
      "sat_cmp_lo": 24.887423590275546,
      "sat_cmp_hi": 1.487138822958111,
      "sat_mem_lo": 14.923150959923094,
      "sat_mem_hi": 8.945834729704627,
      "flops_pre": 1.0048688059987541e-13,
      "flops_dec": 2.003903284011676e-14,
      "w_read_pre": 1.136482869973873e-11,
      "w_read_dec": 1.2649550050634736e-10,
      "kv_read": 4.267712323313141e-09,
      "kv_write": 1.5693861618254987e-10,
      "comm": 9.86999949135004e-09
    },
    "posterior_sd_log": {
      "tp": 0.0036669049597835377,
      "tp_link": 0.026464614546592533,
      "busy_tp": 0.059288201562295764,
      "sat_cmp_lo": 0.06469304446446633,
      "sat_cmp_hi": 0.9851909538406393,
      "sat_mem_lo": 0.3334242538030444,
      "sat_mem_hi": 0.7910719971431149,
      "flops_pre": 0.1867535113231107,
      "flops_dec": 0.6290343460442248,
      "w_read_pre": 0.4365717005231338,
      "w_read_dec": 0.014224970287992791,
      "kv_read": 0.006778045338922136,
      "kv_write": 0.4999833862020201,
      "comm": 0.10338650742034164
    },
    "family_multipliers": {
      "dense-405b": 1.16649006737277,
      "dense-70b": 0.9569875965001273,
      "dense-8b": 0.7800478508458406
    },
    "metrics": {
      "cv": {
        "r2": 0.9637742493723291,
        "rmse": 198.59079356555452,
        "mape": 14.186098731726778
      },
      "in_sample": {
        "r2": 0.9640026272865349,
        "rmse": 197.9638161044293,
        "mape": 14.122111631483564
      },
      "lomo": {
        "dense-405b": 11.122092823092121,
        "dense-70b": 8.263011766999,
        "dense-8b": 14.5870126833828
      }
    }
  }
}