{"_runtime":44,"val_loss":1.488677740097046,"val_transition_mae":62.50203360284508,"val_acc":0.35164099129269927,"epoch":500,"val_autocorr_r2":0.7625230268656757,"_timestamp":1.7613406709291453e+09,"_wandb":{"runtime":44},"train_loss":1.3240207731723785,"_step":499,"val_f1":0.31283410312959675,"lr":0}