{"_runtime":59,"val_autocorr_r2":0,"_timestamp":1.7610072898747969e+09,"train_loss":1.899105469385783,"_step":499,"_wandb":{"runtime":59},"val_loss":2.681298017501831,"val_f1":0.06102013667507723,"epoch":500,"lr":0,"val_acc":0.1360381861575179,"val_transition_mae":931.95068359375}