{"_timestamp":1.7609397229848607e+09,"_runtime":332,"val_loss":1.3847813606262207,"val_autocorr_r2":0.6154397585497775,"epoch":500,"_step":499,"_wandb":{"runtime":332},"val_transition_mae":104.62512408846094,"lr":0,"train_loss":0.9629387855529785,"val_acc":0.6381403003497222,"val_f1":0.3256358363570995}