{"_wandb":{"runtime":41},"val_acc":0.5609511051574012,"train_loss":1.0286047160625458,"val_loss":1.2729034423828125,"_runtime":41,"lr":0,"epoch":500,"val_transition_mae":82.20673943490776,"val_f1":0.47566556493913564,"_timestamp":1.761339555320615e+09,"val_autocorr_r2":0.947888741957369,"_step":499}