tp,hidden_size,bidirectional,learning_rate,seed,final_train_loss,final_val_loss,final_val_acc,final_val_f1,best_val_f1,num_epochs,final_transition_mae,final_autocorr_r2
4,64,True,0.0001,42,1.3710892796516418,1.4972214698791504,0.773083843109032,0.3195857359788842,0.31968465461607887,500,276.34286900871376,0.6690623315048989
