{"_timestamp":1.760939349440897e+09,"_runtime":229,"train_loss":0.8706897497177124,"lr":0.00015689018549655813,"val_loss":1.1255110502243042,"val_transition_mae":67.20489192860126,"_step":341,"val_f1":0.37121163939660784,"val_acc":0.6732668175272578,"val_autocorr_r2":0.7270288040672803,"epoch":342,"_wandb":{"runtime":229}}