{"_step":499,"lr":0,"val_autocorr_r2":0.7869251100294609,"_runtime":53,"_timestamp":1.7616104811460454e+09,"val_acc":0.5773244781783681,"val_f1":0.4437319106484266,"val_loss":1.3506635427474976,"val_tolerance_power_acc":0.5773244781783681,"epoch":500,"val_ece":0.16558962017486248,"val_transition_mae":73.46772421804971,"val_balanced_acc":0.48383775227654224,"val_boundary_f1":0.06106870178989104,"_wandb":{"runtime":53},"train_loss":1.4162723124027252}