{"val_balanced_acc":0.4159222034519785,"epoch":500,"_timestamp":1.7616114853569338e+09,"val_acc":0.5930266203703703,"val_tolerance_power_acc":0.7105034722222222,"val_boundary_f1":0.06376195492181538,"val_transition_mae":58.388954028044495,"val_f1":0.3800701379183455,"lr":0,"val_autocorr_r2":0.9589614294717668,"_step":499,"train_loss":1.5821131467819214,"_runtime":55,"val_ece":0.16584995836536917,"val_loss":1.5223262310028076,"_wandb":{"runtime":55}}