metric,value
val_f1,0.6688725485518796
val_precision,0.6988068395051814
val_recall,0.6838840359539182
ece,0.0562922520748587
autocorr_r2,1.0
transition_mae,246.94199
final_train_loss,0.9694172739982605
final_val_loss,0.9838781158129374
val_accuracy,0.6838840359539182
