metric,value
val_f1,0.57555284161173
val_precision,0.5211564712267789
val_recall,0.6437974683544304
ece,0.09468545430445971
autocorr_r2,1.0
transition_mae,231.63835
final_train_loss,0.5776164184014002
final_val_loss,0.9421780705451965
val_accuracy,0.6437974683544304
