metric,value
val_f1,0.6400875784373249
val_precision,0.6489078470358483
val_recall,0.6858029480217223
ece,0.0410150653683372
autocorr_r2,0.9999999999999996
transition_mae,226.57014
final_train_loss,0.8405640708903471
final_val_loss,0.7545083413521448
val_accuracy,0.6858029480217223
