metric,value
val_f1,0.6310138132596841
val_precision,0.6609958107717426
val_recall,0.6415826221877424
ece,0.06527793511289756
autocorr_r2,0.9999999999999998
transition_mae,104.01518
final_train_loss,0.9378222959736983
final_val_loss,0.8949449261029562
val_accuracy,0.6415826221877424
