metric,value
val_f1,0.4366932894507234
val_precision,0.4627812701077089
val_recall,0.4709385113268608
ece,0.04629541458242534
autocorr_r2,0.9999999999999996
transition_mae,221.22755
final_train_loss,1.0979469170173008
final_val_loss,1.1969974835713704
val_accuracy,0.4709385113268608
