metric,value
val_f1,0.5366480678851508
val_precision,0.5701894771805663
val_recall,0.5908342828206102
ece,0.07770482431764705
autocorr_r2,1.0
transition_mae,187.84502
final_train_loss,0.7006030852595965
final_val_loss,1.055856744448344
val_accuracy,0.5908342828206102
