{
  "config_id": "deepseek-r1-distill-70b_H100_tp8",
  "gmm_means": [
    945.1845584400659,
    965.8803299628487,
    1221.083697448487,
    1663.0911945470311,
    2016.8998113094015,
    2325.801143941979,
    2788.7190214132547,
    2953.1762015565328,
    3018.891325756255,
    3069.4974088803415
  ],
  "min_run_length": 5,
  "num_ar1_states": 7,
  "num_iid_states": 3,
  "phi": [
    0.9681911514743419,
    0.8018002852922604,
    0.6184208807677226,
    0.0,
    0.0,
    0.0,
    0.7255647468637805,
    0.8987247833457664,
    0.7503671803295477,
    0.7985864485946378
  ],
  "phi_above_threshold": [
    true,
    true,
    true,
    false,
    false,
    false,
    true,
    true,
    true,
    true
  ],
  "phi_threshold": 0.3,
  "sigma_innov": [
    1.3205298216157528,
    8.362102678477264,
    139.26824211073256,
    128.78812214734032,
    130.82171785607568,
    156.1712475989437,
    165.41609998704266,
    13.873240117962236,
    8.203406338928628,
    39.72141788028739
  ],
  "sigma_marginal": [
    5.277650198012781,
    13.992994317831478,
    177.2205404688106,
    128.78812214734032,
    130.82171785607568,
    156.1712475989437,
    240.37660556126974,
    31.637000624874553,
    12.41020061407001,
    65.99556335466566
  ]
}