{
  "config_id": "deepseek-r1-distill-70b_H100_tp4",
  "gmm_means": [
    485.19293556262954,
    702.4365875905581,
    1142.8576418979997,
    1511.4875141994144,
    1764.4446640088706,
    1817.5684173342715,
    1862.1483144085073,
    1921.878421305704,
    1980.6907001716615,
    2052.278283388198
  ],
  "phi": [
    0.8883736780705881,
    0.0,
    0.0,
    0.0,
    0.8983463152314902,
    0.8710694197830134,
    0.8200354140498752,
    0.4769241483460488,
    0.42434467986110164,
    0.6094435074935023
  ],
  "sigma_innov": [
    6.225468678648231,
    158.48830338504888,
    123.65407238972182,
    127.33275372810343,
    10.020874752825645,
    9.526818312474752,
    11.035493633548738,
    20.185466642271464,
    24.644322907330192,
    36.86420435093085
  ],
  "sigma_marginal": [
    13.559534356991493,
    158.48830338504888,
    123.65407238972182,
    127.33275372810343,
    22.811631608330455,
    19.39657114958928,
    19.282277092242655,
    22.965577067574845,
    27.216237138870902,
    46.49701416824846
  ]
}