{
  "config_id": "deepseek-r1-distill-8b_H100_tp8",
  "gmm_means": [
    945.4325859891002,
    1021.084194108783,
    1179.9475099672682,
    1329.8227459915847,
    1487.2781227370992,
    1641.8164576881313,
    1781.1714674578916,
    1935.490391627745,
    2052.575680181716,
    2085.8555741673586
  ],
  "phi": [
    0.9477286427928118,
    0.6513574673531523,
    0.5139820921910824,
    0.36917567225576436,
    0.49715284427127393,
    0.5001271740216566,
    0.49674265773362025,
    0.518290674015321,
    0.6557297131354765,
    0.7956639899594669
  ],
  "sigma_innov": [
    1.8688920775216433,
    35.70119393413963,
    48.03362153974028,
    51.67232494560725,
    50.41415453625343,
    49.37944465840452,
    48.154087717477786,
    49.32693356119775,
    11.868968500919657,
    8.786396862343063
  ],
  "sigma_marginal": [
    5.857173775967343,
    47.05134136161363,
    55.996234939980184,
    55.5999241235424,
    58.10338300959447,
    57.023306740607396,
    55.483587144387236,
    57.67852273759073,
    15.720577114643453,
    14.505270240381027
  ]
}