{
  "config_id": "gpt-oss-120b_A100_tp4",
  "gmm_means": [
    279.99264455129895,
    342.0419959311039,
    357.7496711359604,
    684.7365122230939,
    749.5718599941221,
    938.8512789526421,
    1070.969095281699,
    1194.091733371408,
    1280.5634608180344,
    1424.9577854087333
  ],
  "phi": [
    0.9030732301201091,
    0.7180680343166352,
    0.8677221426320371,
    0.7873730544875425,
    0.6748840316925715,
    0.7546396904711168,
    0.8192828929117864,
    0.8753099769656347,
    0.8572214451318578,
    0.6619742401379074
  ],
  "sigma_innov": [
    0.3865487752557541,
    1.2506373389593426,
    46.48918598110481,
    3.929334955574979,
    50.71545302974862,
    42.84508935639148,
    34.017714383600726,
    18.257439628126615,
    17.5830843504502,
    41.5918759969884
  ],
  "sigma_marginal": [
    0.9000252248267202,
    1.7969626582001181,
    93.53027951399994,
    6.373856745559969,
    68.72722170390607,
    65.298758306255,
    59.327408699839566,
    37.756131374947934,
    34.14536218218369,
    55.49086141801943
  ]
}