{
  "config_id": "gpt-oss-20b_H100_tp1",
  "gmm_means": [
    116.04721557892177,
    245.35088758423893,
    334.9963032179475,
    359.44629309251053,
    410.14793205714477,
    457.3713756014616,
    501.94989619082537,
    534.8428715793805,
    572.9800721897565,
    601.0863088687838
  ],
  "phi": [
    0.9498687518630138,
    0.6826370909097834,
    0.808088930893912,
    0.6761308530133623,
    0.7326167982790268,
    0.8265475706555058,
    0.9311145746638864,
    0.949219732936276,
    0.9096534470327569,
    0.9193480492709674
  ],
  "sigma_innov": [
    0.31203233879282355,
    61.67658532758884,
    1.6932847481821858,
    7.14577766397503,
    6.372648745166292,
    4.466399425287339,
    4.923110657582778,
    3.5759339808366937,
    4.862654550640536,
    5.538852046510888
  ],
  "sigma_marginal": [
    0.9980278439126069,
    84.40088648476309,
    2.8745514778919126,
    9.698638016764292,
    9.362711927245565,
    7.9350902720269705,
    13.498077104968893,
    11.366103391332611,
    11.70685781165429,
    14.077821639702494
  ]
}