{
  "config_id": "gpt-oss-20b_A100_tp2",
  "gmm_means": [
    136.39793308912857,
    162.30730062621308,
    167.99098884525188,
    299.63403550967683,
    370.16379647017925,
    414.75869402143115,
    452.8350395792898,
    490.2423199394567,
    520.7204729924881,
    554.7388688910897
  ],
  "min_run_length": 5,
  "num_ar1_states": 9,
  "num_iid_states": 1,
  "phi": [
    0.8792358072077122,
    0.8245384004186735,
    0.8635602634128919,
    0.0,
    0.48482967825981604,
    0.6514619745277174,
    0.5110217522214137,
    0.4012216439440303,
    0.47472412622394666,
    0.7523714107142007
  ],
  "phi_above_threshold": [
    true,
    true,
    true,
    false,
    true,
    true,
    true,
    true,
    true,
    true
  ],
  "phi_threshold": 0.3,
  "sigma_innov": [
    0.2829809165015351,
    10.348340249231054,
    0.8204309869775182,
    52.7452324144124,
    5.055966158472979,
    3.4793489615779642,
    16.290003797999596,
    15.43276521718953,
    14.032660053998688,
    15.414906345415467
  ],
  "sigma_marginal": [
    0.5940150082909995,
    18.289555614820454,
    1.6270462493341642,
    52.7452324144124,
    5.780832963397383,
    4.586048212449649,
    18.9513894927806,
    16.848346435730797,
    15.943765010546482,
    23.40062295811868
  ]
}