{
  "config_id": "gpt-oss-20b_A100_tp2",
  "gmm_means": [
    137.7110546258842,
    168.71736678227788,
    248.51630521923133,
    402.95777024361456,
    488.64029678527817,
    549.0678902145207,
    591.4191913470751,
    628.7132787684369,
    659.8661468436047,
    694.1471383347748
  ],
  "phi": [
    0.9642343060429481,
    0.8562481853925118,
    0.5285202289880143,
    0.7849411065899836,
    0.7144259463729516,
    0.7329967732372251,
    0.6857501482295435,
    0.5755436417162301,
    0.44844317219093227,
    0.17358623304841514
  ],
  "sigma_innov": [
    0.3943912203453987,
    1.2379903090887123,
    63.2535417057884,
    16.153547819120767,
    17.220192555780283,
    12.240516803300478,
    10.241860053123313,
    10.874043737935185,
    12.33661184736812,
    17.30457864241173
  ],
  "sigma_marginal": [
    1.4879805844941412,
    2.3965834517780134,
    74.51054162080419,
    26.07217560550843,
    24.61043357198116,
    17.994617618669043,
    14.071639266287297,
    13.297173486909728,
    13.802254703639214,
    17.5713348130554
  ]
}