{
  "config_id": "gpt-oss-120b_H100_tp8",
  "gmm_means": [
    985.7026379157778,
    1533.7914429652894,
    1566.4405644174747,
    1965.7269974650333,
    2302.7855251828296,
    2628.7469430784577,
    2892.857991809081,
    3155.788535143102,
    3305.7124373048987,
    3564.974550269514
  ],
  "phi": [
    0.9588644564608116,
    0.9501641741376649,
    0.899210357846797,
    0.704822081081548,
    0.7540327863310801,
    0.9015820151660949,
    0.9701248671081696,
    0.9667271960683651,
    0.90540352071265,
    0.9822073174528995
  ],
  "sigma_innov": [
    1.1257398956037492,
    102.27797638507343,
    8.868873179732708,
    33.25150795256195,
    55.752617606291494,
    17.073977573274448,
    19.37231977040498,
    10.64997961537295,
    11.200263160401724,
    16.665676463660294
  ],
  "sigma_marginal": [
    3.9657674548998343,
    328.0769433019709,
    20.27094326101054,
    46.87376961597396,
    84.88047442226886,
    39.467529461808354,
    79.85090265247332,
    41.63245434377271,
    26.381364762513336,
    88.74168972454801
  ]
}