{
  "config_id": "llama-3-8b_H100_tp4",
  "gmm_means": [
    483.81453106225155,
    532.4461151162454,
    644.7942144714324,
    760.3516402966379,
    860.1857754408236,
    963.3088072811555,
    1069.9873158454122,
    1188.6275304939309,
    1285.4409115879862,
    1316.9947609850876
  ],
  "min_run_length": 5,
  "num_ar1_states": 7,
  "num_iid_states": 3,
  "phi": [
    0.9385535823005616,
    0.6762993009124735,
    0.7704897704456993,
    0.046805097023195616,
    0.0,
    0.45689358166653987,
    0.48162003506512646,
    0.26048457122178054,
    0.7102879191571447,
    0.8768578051396774
  ],
  "phi_above_threshold": [
    true,
    true,
    true,
    false,
    false,
    true,
    true,
    false,
    true,
    true
  ],
  "phi_threshold": 0.3,
  "sigma_innov": [
    0.9211579393948315,
    26.645508767239836,
    25.194673761929664,
    41.986096494806375,
    41.56152000044212,
    36.795059093069284,
    36.95911486323959,
    44.92986347192016,
    11.42432088658908,
    7.849235512110763
  ],
  "sigma_marginal": [
    2.668989777753655,
    36.17232435052714,
    39.524010372301596,
    42.03216202598043,
    41.56152000044212,
    41.36500890058265,
    42.172469876854386,
    46.536392333989696,
    16.22977415071416,
    16.32706905601804
  ]
}