{
  "config_id": "llama-3-70b_H100_tp4",
  "gmm_means": [
    488.9457640074176,
    695.4540302574055,
    1096.5871290511864,
    1517.1014844597705,
    1777.9797659694088,
    1825.2858324700608,
    1863.9312727243498,
    1899.7089030248903,
    1947.04250162961,
    2011.7266608138095
  ],
  "min_run_length": 5,
  "num_ar1_states": 9,
  "num_iid_states": 1,
  "phi": [
    0.9528228980086475,
    0.5084965431755659,
    0.12503782385886553,
    0.39970047900945865,
    0.9065299064607915,
    0.8506660343811546,
    0.8216613325034557,
    0.7909071663332297,
    0.5605138425466473,
    0.739527527896925
  ],
  "phi_above_threshold": [
    true,
    true,
    false,
    true,
    true,
    true,
    true,
    true,
    true,
    true
  ],
  "phi_threshold": 0.3,
  "sigma_innov": [
    4.889690728499567,
    111.369905920118,
    130.2753093311653,
    158.45245168027682,
    8.178011981134569,
    8.410547420805598,
    8.61322705020078,
    11.207051613660633,
    21.100455813957236,
    33.838416987154126
  ],
  "sigma_marginal": [
    16.109584229058758,
    129.33986544941172,
    131.30580046250543,
    172.86115450845804,
    19.372675001662103,
    15.99856159159101,
    15.111560597962479,
    18.314086486415455,
    25.47917865789081,
    50.2705305830098
  ]
}