{
  "config_id": "llama-3-8b_H100_tp2",
  "gmm_means": [
    238.83583530790577,
    286.80716299298024,
    374.25319822741744,
    456.6879897446372,
    532.2037652126983,
    605.9203778086215,
    686.5830055897814,
    755.3368923839031,
    776.0996032152613,
    795.1017599058861
  ],
  "min_run_length": 5,
  "num_ar1_states": 9,
  "num_iid_states": 1,
  "phi": [
    0.9454170288310658,
    0.6183050882918357,
    0.7770590013420523,
    0.7088495519689483,
    0.660111317567933,
    0.46164047638854017,
    0.28995369555873235,
    0.698057824027296,
    0.7209468055408358,
    0.9018333089234472
  ],
  "phi_above_threshold": [
    true,
    true,
    true,
    true,
    true,
    true,
    false,
    true,
    true,
    true
  ],
  "phi_threshold": 0.3,
  "sigma_innov": [
    0.6310032881545986,
    23.67943859726991,
    19.823921467384263,
    21.508975715511387,
    21.50144998545069,
    25.702913540828074,
    33.314360862895846,
    6.213896810594721,
    5.9671153724205945,
    4.990151592186383
  ],
  "sigma_marginal": [
    1.9364071592707102,
    30.12888201067149,
    31.4951494718849,
    30.493626981472513,
    28.624030845954874,
    28.97516212711775,
    34.80976484917846,
    8.678125153828084,
    8.610675293565015,
    11.54902810014227
  ]
}