{
  "config_id": "llama-3-70b_A100_tp8",
  "gmm_means": [
    554.0822889886455,
    676.4105659031172,
    1006.0610732045116,
    1710.9433347716017,
    1925.8002254258763,
    1971.7972054490774,
    2019.188408478877,
    2082.550847364056,
    2269.2497138401086,
    2678.7007457198342
  ],
  "min_run_length": 5,
  "num_ar1_states": 7,
  "num_iid_states": 3,
  "phi": [
    0.9434774143780014,
    0.8723554072968126,
    0.0,
    0.0,
    0.441084389035235,
    0.48686437121535736,
    0.5230917413994597,
    0.6758716648695499,
    0.31905475548787576,
    0.0
  ],
  "phi_above_threshold": [
    true,
    true,
    false,
    false,
    true,
    true,
    true,
    true,
    true,
    false
  ],
  "phi_threshold": 0.3,
  "sigma_innov": [
    5.35182099801019,
    13.06878294001547,
    209.28394543161608,
    184.0428048892311,
    13.555531543174194,
    14.061056612036898,
    18.13137868833105,
    17.911430678404635,
    117.07142392550237,
    187.35022869875894
  ],
  "sigma_marginal": [
    16.147333682478482,
    26.732513156242277,
    209.28394543161608,
    184.0428048892311,
    15.104234691941949,
    16.097787650435823,
    21.27405978469184,
    24.30252498419687,
    123.52742631862232,
    187.35022869875894
  ]
}