{"val_loss":1.606999397277832,"_step":499,"train_loss":1.3902611136436462,"val_f1":0.43216995990426693,"_wandb":{"runtime":73},"val_transition_mae":40.76082992553711,"lr":0,"_runtime":73,"val_autocorr_r2":0.7080599069595337,"_timestamp":1.7610076623598912e+09,"val_acc":0.8464130712279806,"epoch":500}