{"_timestamp":1.7613667205688646e+09,"val_acc":0.5930266203703703,"_wandb":{"runtime":106},"train_loss":1.2218453288078308,"epoch":1000,"val_loss":1.3076741695404053,"val_autocorr_r2":0.9742437728321989,"_runtime":106,"lr":0,"val_transition_mae":88.52236526839815,"_step":999,"val_f1":0.45557178737238835}