{"_step":499,"val_f1":0.31072002639769397,"val_acc":0.3783275462962963,"val_transition_mae":120.93824023301589,"val_autocorr_r2":0.3847935102333967,"val_loss":1.3290880918502808,"epoch":500,"lr":0,"_wandb":{"runtime":42},"train_loss":1.2484786808490753,"_timestamp":1.761339866662998e+09,"_runtime":42}