{"val_transition_mae":68.25432865419364,"_step":499,"val_loss":1.3865902423858643,"_timestamp":1.761340530997301e+09,"lr":0,"epoch":500,"val_acc":0.4125920964501005,"val_autocorr_r2":0.9454908695397398,"_wandb":{"runtime":44},"val_f1":0.34536568692088593,"_runtime":44,"train_loss":1.2176923751831055}