timestamp,index,uuid,power.draw [W],clocks.sm [MHz],clocks.mem [MHz],utilization.gpu [%],utilization.memory [%],memory.used [MiB],temperature.gpu
2026/07/20 12:55:19.400,0,GPU-e2681f6e-8d94-2d66-484f-43ea602335f9,85.36,1410,1593,0,0,73877,36
2026/07/20 12:55:19.650,0,GPU-e2681f6e-8d94-2d66-484f-43ea602335f9,85.36,1410,1593,0,0,73877,36
2026/07/20 12:55:19.900,0,GPU-e2681f6e-8d94-2d66-484f-43ea602335f9,85.36,1410,1593,0,0,73877,36
2026/07/20 12:55:20.150,0,GPU-e2681f6e-8d94-2d66-484f-43ea602335f9,85.36,1410,1593,0,0,73877,36
2026/07/20 12:55:20.400,0,GPU-e2681f6e-8d94-2d66-484f-43ea602335f9,85.36,1410,1593,0,0,73877,36
2026/07/20 12:55:20.651,0,GPU-e2681f6e-8d94-2d66-484f-43ea602335f9,85.36,1410,1593,0,0,73877,36
2026/07/20 12:55:20.901,0,GPU-e2681f6e-8d94-2d66-484f-43ea602335f9,85.27,1410,1593,0,0,73877,36
2026/07/20 12:55:21.151,0,GPU-e2681f6e-8d94-2d66-484f-43ea602335f9,85.36,1410,1593,0,0,73877,36
2026/07/20 12:55:21.401,0,GPU-e2681f6e-8d94-2d66-484f-43ea602335f9,85.36,1410,1593,0,0,73877,36
2026/07/20 12:55:21.651,0,GPU-e2681f6e-8d94-2d66-484f-43ea602335f9,85.36,1410,1593,0,0,73877,36
2026/07/20 12:55:21.901,0,GPU-e2681f6e-8d94-2d66-484f-43ea602335f9,85.68,1410,1593,0,0,73877,36
2026/07/20 12:55:22.151,0,GPU-e2681f6e-8d94-2d66-484f-43ea602335f9,85.36,1410,1593,0,0,73877,36
2026/07/20 12:55:22.401,0,GPU-e2681f6e-8d94-2d66-484f-43ea602335f9,85.27,1410,1593,0,0,73877,36
2026/07/20 12:55:22.651,0,GPU-e2681f6e-8d94-2d66-484f-43ea602335f9,85.36,1410,1593,0,0,73877,36
2026/07/20 12:55:22.901,0,GPU-e2681f6e-8d94-2d66-484f-43ea602335f9,85.36,1410,1593,0,0,73877,36
2026/07/20 12:55:23.151,0,GPU-e2681f6e-8d94-2d66-484f-43ea602335f9,85.68,1410,1593,0,0,73877,36
2026/07/20 12:55:23.401,0,GPU-e2681f6e-8d94-2d66-484f-43ea602335f9,85.36,1410,1593,0,0,73877,36
2026/07/20 12:55:23.652,0,GPU-e2681f6e-8d94-2d66-484f-43ea602335f9,85.36,1410,1593,0,0,73877,36
2026/07/20 12:55:23.902,0,GPU-e2681f6e-8d94-2d66-484f-43ea602335f9,85.36,1410,1593,0,0,73877,36
2026/07/20 12:55:24.152,0,GPU-e2681f6e-8d94-2d66-484f-43ea602335f9,85.36,1410,1593,0,0,73877,36
2026/07/20 12:55:24.402,0,GPU-e2681f6e-8d94-2d66-484f-43ea602335f9,85.36,1410,1593,0,0,73877,36
2026/07/20 12:55:24.652,0,GPU-e2681f6e-8d94-2d66-484f-43ea602335f9,85.36,1410,1593,0,0,73877,36
2026/07/20 12:55:24.902,0,GPU-e2681f6e-8d94-2d66-484f-43ea602335f9,85.36,1410,1593,0,0,73877,36
2026/07/20 12:55:25.152,0,GPU-e2681f6e-8d94-2d66-484f-43ea602335f9,85.36,1410,1593,0,0,73877,36
2026/07/20 12:55:25.402,0,GPU-e2681f6e-8d94-2d66-484f-43ea602335f9,85.36,1410,1593,0,0,73877,36
2026/07/20 12:55:25.652,0,GPU-e2681f6e-8d94-2d66-484f-43ea602335f9,85.36,1410,1593,0,0,73877,36
2026/07/20 12:55:25.902,0,GPU-e2681f6e-8d94-2d66-484f-43ea602335f9,85.08,1410,1593,0,0,73877,36
2026/07/20 12:55:26.152,0,GPU-e2681f6e-8d94-2d66-484f-43ea602335f9,85.36,1410,1593,0,0,73877,36
2026/07/20 12:55:26.402,0,GPU-e2681f6e-8d94-2d66-484f-43ea602335f9,85.36,1410,1593,0,0,73877,36
2026/07/20 12:55:26.652,0,GPU-e2681f6e-8d94-2d66-484f-43ea602335f9,85.27,1410,1593,0,0,73877,36
2026/07/20 12:55:26.903,0,GPU-e2681f6e-8d94-2d66-484f-43ea602335f9,85.36,1410,1593,0,0,73877,36
2026/07/20 12:55:27.153,0,GPU-e2681f6e-8d94-2d66-484f-43ea602335f9,85.36,1410,1593,0,0,73877,36
2026/07/20 12:55:27.403,0,GPU-e2681f6e-8d94-2d66-484f-43ea602335f9,85.08,1410,1593,0,0,73877,36
2026/07/20 12:55:27.653,0,GPU-e2681f6e-8d94-2d66-484f-43ea602335f9,85.27,1410,1593,0,0,73877,36
2026/07/20 12:55:27.903,0,GPU-e2681f6e-8d94-2d66-484f-43ea602335f9,85.68,1410,1593,0,0,73877,36
2026/07/20 12:55:28.153,0,GPU-e2681f6e-8d94-2d66-484f-43ea602335f9,85.27,1410,1593,0,0,73877,36
2026/07/20 12:55:28.403,0,GPU-e2681f6e-8d94-2d66-484f-43ea602335f9,85.36,1410,1593,0,0,73877,36
2026/07/20 12:55:28.653,0,GPU-e2681f6e-8d94-2d66-484f-43ea602335f9,85.36,1410,1593,0,0,73877,36
2026/07/20 12:55:28.903,0,GPU-e2681f6e-8d94-2d66-484f-43ea602335f9,85.36,1410,1593,0,0,73877,36
2026/07/20 12:55:29.153,0,GPU-e2681f6e-8d94-2d66-484f-43ea602335f9,85.36,1410,1593,0,0,73877,36
2026/07/20 12:55:29.403,0,GPU-e2681f6e-8d94-2d66-484f-43ea602335f9,85.44,1410,1593,0,0,73877,36
2026/07/20 12:55:29.654,0,GPU-e2681f6e-8d94-2d66-484f-43ea602335f9,85.36,1410,1593,0,0,73877,36
2026/07/20 12:55:29.904,0,GPU-e2681f6e-8d94-2d66-484f-43ea602335f9,85.36,1410,1593,0,0,73877,36
2026/07/20 12:55:30.154,0,GPU-e2681f6e-8d94-2d66-484f-43ea602335f9,85.36,1410,1593,0,0,73877,36
2026/07/20 12:55:30.404,0,GPU-e2681f6e-8d94-2d66-484f-43ea602335f9,85.68,1410,1593,0,0,73877,36
2026/07/20 12:55:30.654,0,GPU-e2681f6e-8d94-2d66-484f-43ea602335f9,85.68,1410,1593,0,0,73877,36
2026/07/20 12:55:30.904,0,GPU-e2681f6e-8d94-2d66-484f-43ea602335f9,85.36,1410,1593,0,0,73877,36
2026/07/20 12:55:31.154,0,GPU-e2681f6e-8d94-2d66-484f-43ea602335f9,85.36,1410,1593,0,0,73877,36
2026/07/20 12:55:31.404,0,GPU-e2681f6e-8d94-2d66-484f-43ea602335f9,85.36,1410,1593,0,0,73877,36
2026/07/20 12:55:31.654,0,GPU-e2681f6e-8d94-2d66-484f-43ea602335f9,85.36,1410,1593,0,0,73877,36
2026/07/20 12:55:31.904,0,GPU-e2681f6e-8d94-2d66-484f-43ea602335f9,85.27,1410,1593,0,0,73877,36
2026/07/20 12:55:32.154,0,GPU-e2681f6e-8d94-2d66-484f-43ea602335f9,85.36,1410,1593,0,0,73877,36
2026/07/20 12:55:32.404,0,GPU-e2681f6e-8d94-2d66-484f-43ea602335f9,85.36,1410,1593,0,0,73877,36
2026/07/20 12:55:32.654,0,GPU-e2681f6e-8d94-2d66-484f-43ea602335f9,85.36,1410,1593,0,0,73877,35
2026/07/20 12:55:32.905,0,GPU-e2681f6e-8d94-2d66-484f-43ea602335f9,85.36,1410,1593,0,0,73877,35
2026/07/20 12:55:33.155,0,GPU-e2681f6e-8d94-2d66-484f-43ea602335f9,85.27,1410,1593,0,0,73877,35
2026/07/20 12:55:33.405,0,GPU-e2681f6e-8d94-2d66-484f-43ea602335f9,85.36,1410,1593,0,0,73877,35
2026/07/20 12:55:33.655,0,GPU-e2681f6e-8d94-2d66-484f-43ea602335f9,85.08,1410,1593,0,0,73877,35
2026/07/20 12:55:33.905,0,GPU-e2681f6e-8d94-2d66-484f-43ea602335f9,85.27,1410,1593,0,0,73877,35
2026/07/20 12:55:34.155,0,GPU-e2681f6e-8d94-2d66-484f-43ea602335f9,85.08,1410,1593,0,0,73877,35
2026/07/20 12:55:34.405,0,GPU-e2681f6e-8d94-2d66-484f-43ea602335f9,85.36,1410,1593,0,0,73877,35
2026/07/20 12:55:34.655,0,GPU-e2681f6e-8d94-2d66-484f-43ea602335f9,85.36,1410,1593,0,0,73877,35
2026/07/20 12:55:34.905,0,GPU-e2681f6e-8d94-2d66-484f-43ea602335f9,85.36,1410,1593,0,0,73877,35
2026/07/20 12:55:35.155,0,GPU-e2681f6e-8d94-2d66-484f-43ea602335f9,85.36,1410,1593,0,0,73877,35
2026/07/20 12:55:35.405,0,GPU-e2681f6e-8d94-2d66-484f-43ea602335f9,85.08,1410,1593,0,0,73877,35
2026/07/20 12:55:35.655,0,GPU-e2681f6e-8d94-2d66-484f-43ea602335f9,85.08,1410,1593,0,0,73877,35
2026/07/20 12:55:35.906,0,GPU-e2681f6e-8d94-2d66-484f-43ea602335f9,85.27,1410,1593,0,0,73877,35
2026/07/20 12:55:36.156,0,GPU-e2681f6e-8d94-2d66-484f-43ea602335f9,85.36,1410,1593,0,0,73877,35
2026/07/20 12:55:36.406,0,GPU-e2681f6e-8d94-2d66-484f-43ea602335f9,85.08,1410,1593,0,0,73877,35
2026/07/20 12:55:36.656,0,GPU-e2681f6e-8d94-2d66-484f-43ea602335f9,85.36,1410,1593,0,0,73877,35
2026/07/20 12:55:36.906,0,GPU-e2681f6e-8d94-2d66-484f-43ea602335f9,85.08,1410,1593,0,0,73877,35
2026/07/20 12:55:37.156,0,GPU-e2681f6e-8d94-2d66-484f-43ea602335f9,85.08,1410,1593,0,0,73877,35
2026/07/20 12:55:37.406,0,GPU-e2681f6e-8d94-2d66-484f-43ea602335f9,85.36,1410,1593,0,0,73877,35
2026/07/20 12:55:37.657,0,GPU-e2681f6e-8d94-2d66-484f-43ea602335f9,85.44,1410,1593,0,0,73877,35
2026/07/20 12:55:37.908,0,GPU-e2681f6e-8d94-2d66-484f-43ea602335f9,85.08,1410,1593,0,0,73877,35
2026/07/20 12:55:38.268,0,GPU-e2681f6e-8d94-2d66-484f-43ea602335f9,85.36,1410,1593,0,0,73877,35
2026/07/20 12:55:38.729,0,GPU-e2681f6e-8d94-2d66-484f-43ea602335f9,85.27,1410,1593,0,0,73877,35
2026/07/20 12:55:38.988,0,GPU-e2681f6e-8d94-2d66-484f-43ea602335f9,85.36,1410,1593,0,0,73877,35
2026/07/20 12:55:39.329,0,GPU-e2681f6e-8d94-2d66-484f-43ea602335f9,85.08,1410,1593,0,0,73877,35
2026/07/20 12:55:39.579,0,GPU-e2681f6e-8d94-2d66-484f-43ea602335f9,85.27,1410,1593,0,0,73877,35
2026/07/20 12:55:39.829,0,GPU-e2681f6e-8d94-2d66-484f-43ea602335f9,85.59,1410,1593,0,0,73877,35
2026/07/20 12:55:40.079,0,GPU-e2681f6e-8d94-2d66-484f-43ea602335f9,85.08,1410,1593,0,0,73877,35
2026/07/20 12:55:40.329,0,GPU-e2681f6e-8d94-2d66-484f-43ea602335f9,85.08,1410,1593,0,0,73877,35
2026/07/20 12:55:40.579,0,GPU-e2681f6e-8d94-2d66-484f-43ea602335f9,85.08,1410,1593,0,0,73877,35
2026/07/20 12:55:40.829,0,GPU-e2681f6e-8d94-2d66-484f-43ea602335f9,85.08,1410,1593,0,0,73877,35
2026/07/20 12:55:41.079,0,GPU-e2681f6e-8d94-2d66-484f-43ea602335f9,85.08,1410,1593,0,0,73877,35
2026/07/20 12:55:41.329,0,GPU-e2681f6e-8d94-2d66-484f-43ea602335f9,85.36,1410,1593,0,0,73877,35
2026/07/20 12:55:41.579,0,GPU-e2681f6e-8d94-2d66-484f-43ea602335f9,85.08,1410,1593,0,0,73877,35
2026/07/20 12:55:41.829,0,GPU-e2681f6e-8d94-2d66-484f-43ea602335f9,85.27,1410,1593,0,0,73877,35
2026/07/20 12:55:42.079,0,GPU-e2681f6e-8d94-2d66-484f-43ea602335f9,85.36,1410,1593,0,0,73877,35
2026/07/20 12:55:42.330,0,GPU-e2681f6e-8d94-2d66-484f-43ea602335f9,85.27,1410,1593,0,0,73877,35
2026/07/20 12:55:42.580,0,GPU-e2681f6e-8d94-2d66-484f-43ea602335f9,84.99,1410,1593,0,0,73877,35
2026/07/20 12:55:42.830,0,GPU-e2681f6e-8d94-2d66-484f-43ea602335f9,85.08,1410,1593,0,0,73877,35
2026/07/20 12:55:43.080,0,GPU-e2681f6e-8d94-2d66-484f-43ea602335f9,85.08,1410,1593,0,0,73877,35
2026/07/20 12:55:43.330,0,GPU-e2681f6e-8d94-2d66-484f-43ea602335f9,85.08,1410,1593,0,0,73877,35
2026/07/20 12:55:43.580,0,GPU-e2681f6e-8d94-2d66-484f-43ea602335f9,85.27,1410,1593,0,0,73877,35
2026/07/20 12:55:43.830,0,GPU-e2681f6e-8d94-2d66-484f-43ea602335f9,85.08,1410,1593,0,0,73877,35
2026/07/20 12:55:44.080,0,GPU-e2681f6e-8d94-2d66-484f-43ea602335f9,85.08,1410,1593,0,0,73877,35
2026/07/20 12:55:44.330,0,GPU-e2681f6e-8d94-2d66-484f-43ea602335f9,85.36,1410,1593,0,0,73877,35
2026/07/20 12:55:44.580,0,GPU-e2681f6e-8d94-2d66-484f-43ea602335f9,85.36,1410,1593,0,0,73877,35
2026/07/20 12:55:44.830,0,GPU-e2681f6e-8d94-2d66-484f-43ea602335f9,85.08,1410,1593,0,0,73877,35
2026/07/20 12:55:45.080,0,GPU-e2681f6e-8d94-2d66-484f-43ea602335f9,85.36,1410,1593,0,0,73877,35
2026/07/20 12:55:45.330,0,GPU-e2681f6e-8d94-2d66-484f-43ea602335f9,85.36,1410,1593,0,0,73877,35
2026/07/20 12:55:45.581,0,GPU-e2681f6e-8d94-2d66-484f-43ea602335f9,85.36,1410,1593,0,0,73877,35
2026/07/20 12:55:45.831,0,GPU-e2681f6e-8d94-2d66-484f-43ea602335f9,85.36,1410,1593,0,0,73877,35
2026/07/20 12:55:46.081,0,GPU-e2681f6e-8d94-2d66-484f-43ea602335f9,85.27,1410,1593,0,0,73877,35
2026/07/20 12:55:46.331,0,GPU-e2681f6e-8d94-2d66-484f-43ea602335f9,85.08,1410,1593,0,0,73877,35
2026/07/20 12:55:46.581,0,GPU-e2681f6e-8d94-2d66-484f-43ea602335f9,85.36,1410,1593,0,0,73877,35
2026/07/20 12:55:46.831,0,GPU-e2681f6e-8d94-2d66-484f-43ea602335f9,85.08,1410,1593,0,0,73877,35
2026/07/20 12:55:47.081,0,GPU-e2681f6e-8d94-2d66-484f-43ea602335f9,85.36,1410,1593,0,0,73877,35
2026/07/20 12:55:47.331,0,GPU-e2681f6e-8d94-2d66-484f-43ea602335f9,85.36,1410,1593,0,0,73877,35
2026/07/20 12:55:47.581,0,GPU-e2681f6e-8d94-2d66-484f-43ea602335f9,85.36,1410,1593,0,0,73877,35
2026/07/20 12:55:47.831,0,GPU-e2681f6e-8d94-2d66-484f-43ea602335f9,85.36,1410,1593,0,0,73877,35
2026/07/20 12:55:48.081,0,GPU-e2681f6e-8d94-2d66-484f-43ea602335f9,85.36,1410,1593,0,0,73877,35
2026/07/20 12:55:48.331,0,GPU-e2681f6e-8d94-2d66-484f-43ea602335f9,85.08,1410,1593,0,0,73877,35
2026/07/20 12:55:48.581,0,GPU-e2681f6e-8d94-2d66-484f-43ea602335f9,85.08,1410,1593,0,0,73877,35
2026/07/20 12:55:48.832,0,GPU-e2681f6e-8d94-2d66-484f-43ea602335f9,85.08,1410,1593,0,0,73877,35
2026/07/20 12:55:49.082,0,GPU-e2681f6e-8d94-2d66-484f-43ea602335f9,85.36,1410,1593,0,0,73877,35
2026/07/20 12:55:49.332,0,GPU-e2681f6e-8d94-2d66-484f-43ea602335f9,85.08,1410,1593,0,0,73877,35
2026/07/20 12:55:49.582,0,GPU-e2681f6e-8d94-2d66-484f-43ea602335f9,85.36,1410,1593,0,0,73877,35
2026/07/20 12:55:49.832,0,GPU-e2681f6e-8d94-2d66-484f-43ea602335f9,85.08,1410,1593,0,0,73877,35
2026/07/20 12:55:50.082,0,GPU-e2681f6e-8d94-2d66-484f-43ea602335f9,85.36,1410,1593,0,0,73877,35
2026/07/20 12:55:50.332,0,GPU-e2681f6e-8d94-2d66-484f-43ea602335f9,85.08,1410,1593,0,0,73877,35
2026/07/20 12:55:50.582,0,GPU-e2681f6e-8d94-2d66-484f-43ea602335f9,85.44,1410,1593,0,0,73877,35
2026/07/20 12:55:50.832,0,GPU-e2681f6e-8d94-2d66-484f-43ea602335f9,85.08,1410,1593,0,0,73877,35
2026/07/20 12:55:51.082,0,GPU-e2681f6e-8d94-2d66-484f-43ea602335f9,85.08,1410,1593,0,0,73877,35
2026/07/20 12:55:51.332,0,GPU-e2681f6e-8d94-2d66-484f-43ea602335f9,85.08,1410,1593,0,0,73877,35
2026/07/20 12:55:51.583,0,GPU-e2681f6e-8d94-2d66-484f-43ea602335f9,85.08,1410,1593,0,0,73877,35
2026/07/20 12:55:51.833,0,GPU-e2681f6e-8d94-2d66-484f-43ea602335f9,85.36,1410,1593,0,0,73877,35
2026/07/20 12:55:52.083,0,GPU-e2681f6e-8d94-2d66-484f-43ea602335f9,85.36,1410,1593,0,0,73877,35
2026/07/20 12:55:52.333,0,GPU-e2681f6e-8d94-2d66-484f-43ea602335f9,85.27,1410,1593,0,0,73877,35
2026/07/20 12:55:52.583,0,GPU-e2681f6e-8d94-2d66-484f-43ea602335f9,85.36,1410,1593,0,0,73877,35
2026/07/20 12:55:52.833,0,GPU-e2681f6e-8d94-2d66-484f-43ea602335f9,85.36,1410,1593,0,0,73877,35
2026/07/20 12:55:53.083,0,GPU-e2681f6e-8d94-2d66-484f-43ea602335f9,85.27,1410,1593,0,0,73877,35
2026/07/20 12:55:53.333,0,GPU-e2681f6e-8d94-2d66-484f-43ea602335f9,85.36,1410,1593,0,0,73877,35
2026/07/20 12:55:53.583,0,GPU-e2681f6e-8d94-2d66-484f-43ea602335f9,85.08,1410,1593,0,0,73877,35
2026/07/20 12:55:53.833,0,GPU-e2681f6e-8d94-2d66-484f-43ea602335f9,85.36,1410,1593,0,0,73877,35
2026/07/20 12:55:54.083,0,GPU-e2681f6e-8d94-2d66-484f-43ea602335f9,85.27,1410,1593,0,0,73877,35
2026/07/20 12:55:54.333,0,GPU-e2681f6e-8d94-2d66-484f-43ea602335f9,85.68,1410,1593,0,0,73877,35
2026/07/20 12:55:54.584,0,GPU-e2681f6e-8d94-2d66-484f-43ea602335f9,85.27,1410,1593,0,0,73877,35
2026/07/20 12:55:54.834,0,GPU-e2681f6e-8d94-2d66-484f-43ea602335f9,85.44,1410,1593,0,0,73877,35
2026/07/20 12:55:55.084,0,GPU-e2681f6e-8d94-2d66-484f-43ea602335f9,85.36,1410,1593,0,0,73877,35
2026/07/20 12:55:55.334,0,GPU-e2681f6e-8d94-2d66-484f-43ea602335f9,85.08,1410,1593,0,0,73877,35
2026/07/20 12:55:55.584,0,GPU-e2681f6e-8d94-2d66-484f-43ea602335f9,85.08,1410,1593,0,0,73877,35
2026/07/20 12:55:55.834,0,GPU-e2681f6e-8d94-2d66-484f-43ea602335f9,84.99,1410,1593,0,0,73877,35
2026/07/20 12:55:56.084,0,GPU-e2681f6e-8d94-2d66-484f-43ea602335f9,85.36,1410,1593,0,0,73877,35
2026/07/20 12:55:56.334,0,GPU-e2681f6e-8d94-2d66-484f-43ea602335f9,85.08,1410,1593,0,0,73877,35
2026/07/20 12:55:56.584,0,GPU-e2681f6e-8d94-2d66-484f-43ea602335f9,85.08,1410,1593,0,0,73877,35
2026/07/20 12:55:56.834,0,GPU-e2681f6e-8d94-2d66-484f-43ea602335f9,85.08,1410,1593,0,0,73877,35
2026/07/20 12:55:57.084,0,GPU-e2681f6e-8d94-2d66-484f-43ea602335f9,85.17,1410,1593,0,0,73877,35
2026/07/20 12:55:57.334,0,GPU-e2681f6e-8d94-2d66-484f-43ea602335f9,85.08,1410,1593,0,0,73877,35
2026/07/20 12:55:57.584,0,GPU-e2681f6e-8d94-2d66-484f-43ea602335f9,85.36,1410,1593,0,0,73877,35
2026/07/20 12:55:57.835,0,GPU-e2681f6e-8d94-2d66-484f-43ea602335f9,85.08,1410,1593,0,0,73877,35
2026/07/20 12:55:58.085,0,GPU-e2681f6e-8d94-2d66-484f-43ea602335f9,85.08,1410,1593,0,0,73877,35
2026/07/20 12:55:58.335,0,GPU-e2681f6e-8d94-2d66-484f-43ea602335f9,85.08,1410,1593,0,0,73877,35
2026/07/20 12:55:58.585,0,GPU-e2681f6e-8d94-2d66-484f-43ea602335f9,85.36,1410,1593,0,0,73877,35
2026/07/20 12:55:58.835,0,GPU-e2681f6e-8d94-2d66-484f-43ea602335f9,85.27,1410,1593,0,0,73877,35
2026/07/20 12:55:59.085,0,GPU-e2681f6e-8d94-2d66-484f-43ea602335f9,85.36,1410,1593,0,0,73877,35
2026/07/20 12:55:59.335,0,GPU-e2681f6e-8d94-2d66-484f-43ea602335f9,85.36,1410,1593,0,0,73877,35
2026/07/20 12:55:59.585,0,GPU-e2681f6e-8d94-2d66-484f-43ea602335f9,85.08,1410,1593,0,0,73877,35
2026/07/20 12:55:59.835,0,GPU-e2681f6e-8d94-2d66-484f-43ea602335f9,85.36,1410,1593,0,0,73877,35
2026/07/20 12:56:00.085,0,GPU-e2681f6e-8d94-2d66-484f-43ea602335f9,85.68,1410,1593,0,0,73877,35
2026/07/20 12:56:00.335,0,GPU-e2681f6e-8d94-2d66-484f-43ea602335f9,85.36,1410,1593,0,0,73877,35
2026/07/20 12:56:00.585,0,GPU-e2681f6e-8d94-2d66-484f-43ea602335f9,85.36,1410,1593,0,0,73877,35
2026/07/20 12:56:00.835,0,GPU-e2681f6e-8d94-2d66-484f-43ea602335f9,85.17,1410,1593,0,0,73877,35
2026/07/20 12:56:01.085,0,GPU-e2681f6e-8d94-2d66-484f-43ea602335f9,86.88,1410,1593,0,0,73877,35
2026/07/20 12:56:01.336,0,GPU-e2681f6e-8d94-2d66-484f-43ea602335f9,85.08,1410,1593,0,0,73877,35
2026/07/20 12:56:01.586,0,GPU-e2681f6e-8d94-2d66-484f-43ea602335f9,85.36,1410,1593,0,0,73877,35
2026/07/20 12:56:01.836,0,GPU-e2681f6e-8d94-2d66-484f-43ea602335f9,85.36,1410,1593,0,0,73877,35
2026/07/20 12:56:02.086,0,GPU-e2681f6e-8d94-2d66-484f-43ea602335f9,85.08,1410,1593,0,0,73877,35
2026/07/20 12:56:02.336,0,GPU-e2681f6e-8d94-2d66-484f-43ea602335f9,85.08,1410,1593,0,0,73877,35
2026/07/20 12:56:02.586,0,GPU-e2681f6e-8d94-2d66-484f-43ea602335f9,85.08,1410,1593,0,0,73877,35
2026/07/20 12:56:02.836,0,GPU-e2681f6e-8d94-2d66-484f-43ea602335f9,85.08,1410,1593,0,0,73877,35
2026/07/20 12:56:03.086,0,GPU-e2681f6e-8d94-2d66-484f-43ea602335f9,85.36,1410,1593,0,0,73877,35
2026/07/20 12:56:03.336,0,GPU-e2681f6e-8d94-2d66-484f-43ea602335f9,85.36,1410,1593,0,0,73877,35
2026/07/20 12:56:03.586,0,GPU-e2681f6e-8d94-2d66-484f-43ea602335f9,85.36,1410,1593,0,0,73877,35
2026/07/20 12:56:03.836,0,GPU-e2681f6e-8d94-2d66-484f-43ea602335f9,85.08,1410,1593,0,0,73877,35
2026/07/20 12:56:04.086,0,GPU-e2681f6e-8d94-2d66-484f-43ea602335f9,85.36,1410,1593,0,0,73877,35
2026/07/20 12:56:04.336,0,GPU-e2681f6e-8d94-2d66-484f-43ea602335f9,85.36,1410,1593,0,0,73877,35
2026/07/20 12:56:04.586,0,GPU-e2681f6e-8d94-2d66-484f-43ea602335f9,85.36,1410,1593,0,0,73877,35
2026/07/20 12:56:04.837,0,GPU-e2681f6e-8d94-2d66-484f-43ea602335f9,85.36,1410,1593,0,0,73877,35
2026/07/20 12:56:05.087,0,GPU-e2681f6e-8d94-2d66-484f-43ea602335f9,85.08,1410,1593,0,0,73877,35
2026/07/20 12:56:05.337,0,GPU-e2681f6e-8d94-2d66-484f-43ea602335f9,85.36,1410,1593,0,0,73877,35
2026/07/20 12:56:05.587,0,GPU-e2681f6e-8d94-2d66-484f-43ea602335f9,85.68,1410,1593,0,0,73877,35
2026/07/20 12:56:05.837,0,GPU-e2681f6e-8d94-2d66-484f-43ea602335f9,85.68,1410,1593,0,0,73877,35
2026/07/20 12:56:06.087,0,GPU-e2681f6e-8d94-2d66-484f-43ea602335f9,85.08,1410,1593,0,0,73877,35
2026/07/20 12:56:06.337,0,GPU-e2681f6e-8d94-2d66-484f-43ea602335f9,85.36,1410,1593,0,0,73877,35
2026/07/20 12:56:06.587,0,GPU-e2681f6e-8d94-2d66-484f-43ea602335f9,85.36,1410,1593,0,0,73877,35
2026/07/20 12:56:06.837,0,GPU-e2681f6e-8d94-2d66-484f-43ea602335f9,85.36,1410,1593,0,0,73877,35
2026/07/20 12:56:07.287,0,GPU-e2681f6e-8d94-2d66-484f-43ea602335f9,85.36,1410,1593,0,0,73877,35
2026/07/20 12:56:07.618,0,GPU-e2681f6e-8d94-2d66-484f-43ea602335f9,85.36,1410,1593,0,0,73877,35
2026/07/20 12:56:08.119,0,GPU-e2681f6e-8d94-2d66-484f-43ea602335f9,85.36,1410,1593,0,0,73877,35
2026/07/20 12:56:08.468,0,GPU-e2681f6e-8d94-2d66-484f-43ea602335f9,85.36,1410,1593,0,0,73877,35
2026/07/20 12:56:08.819,0,GPU-e2681f6e-8d94-2d66-484f-43ea602335f9,85.36,1410,1593,0,0,73877,35
2026/07/20 12:56:09.237,0,GPU-e2681f6e-8d94-2d66-484f-43ea602335f9,85.36,1410,1593,0,0,73877,35
2026/07/20 12:56:09.879,0,GPU-e2681f6e-8d94-2d66-484f-43ea602335f9,85.36,1410,1593,0,0,73877,35
2026/07/20 12:56:10.718,0,GPU-e2681f6e-8d94-2d66-484f-43ea602335f9,85.44,1410,1593,0,0,73877,35
2026/07/20 12:56:11.288,0,GPU-e2681f6e-8d94-2d66-484f-43ea602335f9,85.36,1410,1593,0,0,73877,35
2026/07/20 12:56:11.758,0,GPU-e2681f6e-8d94-2d66-484f-43ea602335f9,85.08,1410,1593,0,0,73877,35
2026/07/20 12:56:12.179,0,GPU-e2681f6e-8d94-2d66-484f-43ea602335f9,85.36,1410,1593,0,0,73877,35
2026/07/20 12:56:12.959,0,GPU-e2681f6e-8d94-2d66-484f-43ea602335f9,85.36,1410,1593,0,0,73877,35
2026/07/20 12:56:13.352,0,GPU-e2681f6e-8d94-2d66-484f-43ea602335f9,85.36,1410,1593,0,0,73877,35
2026/07/20 12:56:13.608,0,GPU-e2681f6e-8d94-2d66-484f-43ea602335f9,85.36,1410,1593,0,0,73877,35
2026/07/20 12:56:13.858,0,GPU-e2681f6e-8d94-2d66-484f-43ea602335f9,85.36,1410,1593,0,0,73877,35
2026/07/20 12:56:14.108,0,GPU-e2681f6e-8d94-2d66-484f-43ea602335f9,85.36,1410,1593,0,0,73877,35
2026/07/20 12:56:14.358,0,GPU-e2681f6e-8d94-2d66-484f-43ea602335f9,85.08,1410,1593,0,0,73877,35
2026/07/20 12:56:14.608,0,GPU-e2681f6e-8d94-2d66-484f-43ea602335f9,85.36,1410,1593,0,0,73877,35
2026/07/20 12:56:14.858,0,GPU-e2681f6e-8d94-2d66-484f-43ea602335f9,85.17,1410,1593,0,0,73877,35
2026/07/20 12:56:15.108,0,GPU-e2681f6e-8d94-2d66-484f-43ea602335f9,85.36,1410,1593,0,0,73877,35
2026/07/20 12:56:15.358,0,GPU-e2681f6e-8d94-2d66-484f-43ea602335f9,85.36,1410,1593,0,0,73877,35
2026/07/20 12:56:15.608,0,GPU-e2681f6e-8d94-2d66-484f-43ea602335f9,85.08,1410,1593,0,0,73877,35
2026/07/20 12:56:15.858,0,GPU-e2681f6e-8d94-2d66-484f-43ea602335f9,85.36,1410,1593,0,0,73877,35
2026/07/20 12:56:16.108,0,GPU-e2681f6e-8d94-2d66-484f-43ea602335f9,85.36,1410,1593,0,0,73877,35
2026/07/20 12:56:16.358,0,GPU-e2681f6e-8d94-2d66-484f-43ea602335f9,85.27,1410,1593,0,0,73877,35
2026/07/20 12:56:16.608,0,GPU-e2681f6e-8d94-2d66-484f-43ea602335f9,85.36,1410,1593,0,0,73877,35
2026/07/20 12:56:16.858,0,GPU-e2681f6e-8d94-2d66-484f-43ea602335f9,85.36,1410,1593,0,0,73877,35
2026/07/20 12:56:17.109,0,GPU-e2681f6e-8d94-2d66-484f-43ea602335f9,85.36,1410,1593,0,0,73877,35
2026/07/20 12:56:17.359,0,GPU-e2681f6e-8d94-2d66-484f-43ea602335f9,85.36,1410,1593,0,0,73877,35
2026/07/20 12:56:17.609,0,GPU-e2681f6e-8d94-2d66-484f-43ea602335f9,85.36,1410,1593,0,0,73877,35
2026/07/20 12:56:17.859,0,GPU-e2681f6e-8d94-2d66-484f-43ea602335f9,85.68,1410,1593,0,0,73877,35
2026/07/20 12:56:18.109,0,GPU-e2681f6e-8d94-2d66-484f-43ea602335f9,85.08,1410,1593,0,0,73877,35
2026/07/20 12:56:18.359,0,GPU-e2681f6e-8d94-2d66-484f-43ea602335f9,85.36,1410,1593,0,0,73877,35
2026/07/20 12:56:18.609,0,GPU-e2681f6e-8d94-2d66-484f-43ea602335f9,85.17,1410,1593,0,0,73877,35
2026/07/20 12:56:18.859,0,GPU-e2681f6e-8d94-2d66-484f-43ea602335f9,85.17,1410,1593,0,0,73877,35
2026/07/20 12:56:19.109,0,GPU-e2681f6e-8d94-2d66-484f-43ea602335f9,84.75,1410,1593,0,0,73877,35
2026/07/20 12:56:19.359,0,GPU-e2681f6e-8d94-2d66-484f-43ea602335f9,84.75,1410,1593,0,0,73877,35
2026/07/20 12:56:19.609,0,GPU-e2681f6e-8d94-2d66-484f-43ea602335f9,84.84,1410,1593,0,0,73877,35
2026/07/20 12:56:19.859,0,GPU-e2681f6e-8d94-2d66-484f-43ea602335f9,85.08,1410,1593,0,0,73877,35
2026/07/20 12:56:20.109,0,GPU-e2681f6e-8d94-2d66-484f-43ea602335f9,84.75,1410,1593,0,0,73877,35
2026/07/20 12:56:20.359,0,GPU-e2681f6e-8d94-2d66-484f-43ea602335f9,84.75,1410,1593,0,0,73877,35
2026/07/20 12:56:20.609,0,GPU-e2681f6e-8d94-2d66-484f-43ea602335f9,84.75,1410,1593,0,0,73877,35
2026/07/20 12:56:20.859,0,GPU-e2681f6e-8d94-2d66-484f-43ea602335f9,84.75,1410,1593,0,0,73877,35
2026/07/20 12:56:21.109,0,GPU-e2681f6e-8d94-2d66-484f-43ea602335f9,84.75,1410,1593,0,0,73877,35
2026/07/20 12:56:21.360,0,GPU-e2681f6e-8d94-2d66-484f-43ea602335f9,84.75,1410,1593,0,0,73877,35
2026/07/20 12:56:21.610,0,GPU-e2681f6e-8d94-2d66-484f-43ea602335f9,84.75,1410,1593,0,0,73877,35
2026/07/20 12:56:21.860,0,GPU-e2681f6e-8d94-2d66-484f-43ea602335f9,84.75,1410,1593,0,0,73877,35
2026/07/20 12:56:22.110,0,GPU-e2681f6e-8d94-2d66-484f-43ea602335f9,84.84,1410,1593,0,0,73877,35
2026/07/20 12:56:22.360,0,GPU-e2681f6e-8d94-2d66-484f-43ea602335f9,84.75,1410,1593,0,0,73877,35
2026/07/20 12:56:22.610,0,GPU-e2681f6e-8d94-2d66-484f-43ea602335f9,84.75,1410,1593,0,0,73877,35
2026/07/20 12:56:22.860,0,GPU-e2681f6e-8d94-2d66-484f-43ea602335f9,84.75,1410,1593,0,0,73877,35
2026/07/20 12:56:23.110,0,GPU-e2681f6e-8d94-2d66-484f-43ea602335f9,85.08,1410,1593,0,0,73877,35
2026/07/20 12:56:23.360,0,GPU-e2681f6e-8d94-2d66-484f-43ea602335f9,84.75,1410,1593,0,0,73877,35
2026/07/20 12:56:23.610,0,GPU-e2681f6e-8d94-2d66-484f-43ea602335f9,84.75,1410,1593,0,0,73877,35
2026/07/20 12:56:23.860,0,GPU-e2681f6e-8d94-2d66-484f-43ea602335f9,84.75,1410,1593,0,0,73877,35
2026/07/20 12:56:24.110,0,GPU-e2681f6e-8d94-2d66-484f-43ea602335f9,84.75,1410,1593,0,0,73877,35
2026/07/20 12:56:24.361,0,GPU-e2681f6e-8d94-2d66-484f-43ea602335f9,84.75,1410,1593,0,0,73877,35
2026/07/20 12:56:24.611,0,GPU-e2681f6e-8d94-2d66-484f-43ea602335f9,84.75,1410,1593,0,0,73877,35
2026/07/20 12:56:24.861,0,GPU-e2681f6e-8d94-2d66-484f-43ea602335f9,85.08,1410,1593,0,0,73877,35
2026/07/20 12:56:25.111,0,GPU-e2681f6e-8d94-2d66-484f-43ea602335f9,84.75,1410,1593,0,0,73877,35
2026/07/20 12:56:25.361,0,GPU-e2681f6e-8d94-2d66-484f-43ea602335f9,84.75,1410,1593,0,0,73877,35
2026/07/20 12:56:25.611,0,GPU-e2681f6e-8d94-2d66-484f-43ea602335f9,84.75,1410,1593,0,0,73877,35
2026/07/20 12:56:25.861,0,GPU-e2681f6e-8d94-2d66-484f-43ea602335f9,84.75,1410,1593,0,0,73877,35
2026/07/20 12:56:26.111,0,GPU-e2681f6e-8d94-2d66-484f-43ea602335f9,84.75,1410,1593,0,0,73877,35
2026/07/20 12:56:26.361,0,GPU-e2681f6e-8d94-2d66-484f-43ea602335f9,84.75,1410,1593,0,0,73877,35
2026/07/20 12:56:26.611,0,GPU-e2681f6e-8d94-2d66-484f-43ea602335f9,84.75,1410,1593,0,0,73877,35
2026/07/20 12:56:26.861,0,GPU-e2681f6e-8d94-2d66-484f-43ea602335f9,84.75,1410,1593,0,0,73877,35
2026/07/20 12:56:27.111,0,GPU-e2681f6e-8d94-2d66-484f-43ea602335f9,84.75,1410,1593,0,0,73877,35
2026/07/20 12:56:27.361,0,GPU-e2681f6e-8d94-2d66-484f-43ea602335f9,85.08,1410,1593,0,0,73877,35
2026/07/20 12:56:27.611,0,GPU-e2681f6e-8d94-2d66-484f-43ea602335f9,84.75,1410,1593,0,0,73877,35
2026/07/20 12:56:27.861,0,GPU-e2681f6e-8d94-2d66-484f-43ea602335f9,84.75,1410,1593,0,0,73877,35
2026/07/20 12:56:28.112,0,GPU-e2681f6e-8d94-2d66-484f-43ea602335f9,84.75,1410,1593,0,0,73877,35
2026/07/20 12:56:28.362,0,GPU-e2681f6e-8d94-2d66-484f-43ea602335f9,84.75,1410,1593,0,0,73877,35
2026/07/20 12:56:28.612,0,GPU-e2681f6e-8d94-2d66-484f-43ea602335f9,84.75,1410,1593,0,0,73877,35
2026/07/20 12:56:28.862,0,GPU-e2681f6e-8d94-2d66-484f-43ea602335f9,84.75,1410,1593,0,0,73877,35
2026/07/20 12:56:29.112,0,GPU-e2681f6e-8d94-2d66-484f-43ea602335f9,84.75,1410,1593,0,0,73877,35
2026/07/20 12:56:29.362,0,GPU-e2681f6e-8d94-2d66-484f-43ea602335f9,85.08,1410,1593,0,0,73877,35
2026/07/20 12:56:29.612,0,GPU-e2681f6e-8d94-2d66-484f-43ea602335f9,84.75,1410,1593,0,0,73877,35
2026/07/20 12:56:29.862,0,GPU-e2681f6e-8d94-2d66-484f-43ea602335f9,85.08,1410,1593,0,0,73877,35
2026/07/20 12:56:30.112,0,GPU-e2681f6e-8d94-2d66-484f-43ea602335f9,85.36,1410,1593,0,0,73877,35
2026/07/20 12:56:30.362,0,GPU-e2681f6e-8d94-2d66-484f-43ea602335f9,84.75,1410,1593,0,0,73877,35
2026/07/20 12:56:30.612,0,GPU-e2681f6e-8d94-2d66-484f-43ea602335f9,84.75,1410,1593,0,0,73877,35
2026/07/20 12:56:30.863,0,GPU-e2681f6e-8d94-2d66-484f-43ea602335f9,84.75,1410,1593,0,0,73877,35
2026/07/20 12:56:31.113,0,GPU-e2681f6e-8d94-2d66-484f-43ea602335f9,84.75,1410,1593,0,0,73877,35
2026/07/20 12:56:31.363,0,GPU-e2681f6e-8d94-2d66-484f-43ea602335f9,84.75,1410,1593,0,0,73877,35
2026/07/20 12:56:31.613,0,GPU-e2681f6e-8d94-2d66-484f-43ea602335f9,84.75,1410,1593,0,0,73877,35
2026/07/20 12:56:31.863,0,GPU-e2681f6e-8d94-2d66-484f-43ea602335f9,84.75,1410,1593,0,0,73877,35
2026/07/20 12:56:32.113,0,GPU-e2681f6e-8d94-2d66-484f-43ea602335f9,84.75,1410,1593,0,0,73877,35
2026/07/20 12:56:32.363,0,GPU-e2681f6e-8d94-2d66-484f-43ea602335f9,84.75,1410,1593,0,0,73877,35
2026/07/20 12:56:32.613,0,GPU-e2681f6e-8d94-2d66-484f-43ea602335f9,84.75,1410,1593,0,0,73877,35
2026/07/20 12:56:32.863,0,GPU-e2681f6e-8d94-2d66-484f-43ea602335f9,84.75,1410,1593,0,0,73877,35
2026/07/20 12:56:33.113,0,GPU-e2681f6e-8d94-2d66-484f-43ea602335f9,84.75,1410,1593,0,0,73877,35
2026/07/20 12:56:33.363,0,GPU-e2681f6e-8d94-2d66-484f-43ea602335f9,84.75,1410,1593,0,0,73877,35
2026/07/20 12:56:33.613,0,GPU-e2681f6e-8d94-2d66-484f-43ea602335f9,84.84,1410,1593,0,0,73877,35
2026/07/20 12:56:33.863,0,GPU-e2681f6e-8d94-2d66-484f-43ea602335f9,84.75,1410,1593,0,0,73877,35
2026/07/20 12:56:34.114,0,GPU-e2681f6e-8d94-2d66-484f-43ea602335f9,84.75,1410,1593,0,0,73877,35
2026/07/20 12:56:34.364,0,GPU-e2681f6e-8d94-2d66-484f-43ea602335f9,84.67,1410,1593,0,0,73877,35
2026/07/20 12:56:34.614,0,GPU-e2681f6e-8d94-2d66-484f-43ea602335f9,84.67,1410,1593,0,0,73877,35
2026/07/20 12:56:34.864,0,GPU-e2681f6e-8d94-2d66-484f-43ea602335f9,84.75,1410,1593,0,0,73877,35
2026/07/20 12:56:35.114,0,GPU-e2681f6e-8d94-2d66-484f-43ea602335f9,84.75,1410,1593,0,0,73877,35
2026/07/20 12:56:35.364,0,GPU-e2681f6e-8d94-2d66-484f-43ea602335f9,84.75,1410,1593,0,0,73877,35
2026/07/20 12:56:35.614,0,GPU-e2681f6e-8d94-2d66-484f-43ea602335f9,84.75,1410,1593,0,0,73877,35
2026/07/20 12:56:35.864,0,GPU-e2681f6e-8d94-2d66-484f-43ea602335f9,85.08,1410,1593,0,0,73877,35
2026/07/20 12:56:36.114,0,GPU-e2681f6e-8d94-2d66-484f-43ea602335f9,84.75,1410,1593,0,0,73877,35
2026/07/20 12:56:36.364,0,GPU-e2681f6e-8d94-2d66-484f-43ea602335f9,84.75,1410,1593,0,0,73877,35
2026/07/20 12:56:36.614,0,GPU-e2681f6e-8d94-2d66-484f-43ea602335f9,84.75,1410,1593,0,0,73877,35
2026/07/20 12:56:36.864,0,GPU-e2681f6e-8d94-2d66-484f-43ea602335f9,84.75,1410,1593,0,0,73877,35
2026/07/20 12:56:37.115,0,GPU-e2681f6e-8d94-2d66-484f-43ea602335f9,84.67,1410,1593,0,0,73877,35
2026/07/20 12:56:37.365,0,GPU-e2681f6e-8d94-2d66-484f-43ea602335f9,84.75,1410,1593,0,0,73877,35
2026/07/20 12:56:37.615,0,GPU-e2681f6e-8d94-2d66-484f-43ea602335f9,84.75,1410,1593,0,0,73877,35
2026/07/20 12:56:37.865,0,GPU-e2681f6e-8d94-2d66-484f-43ea602335f9,84.75,1410,1593,0,0,73877,35
2026/07/20 12:56:38.115,0,GPU-e2681f6e-8d94-2d66-484f-43ea602335f9,84.75,1410,1593,0,0,73877,35
2026/07/20 12:56:38.365,0,GPU-e2681f6e-8d94-2d66-484f-43ea602335f9,84.75,1410,1593,0,0,73877,35
2026/07/20 12:56:38.615,0,GPU-e2681f6e-8d94-2d66-484f-43ea602335f9,84.84,1410,1593,0,0,73877,35
2026/07/20 12:56:38.865,0,GPU-e2681f6e-8d94-2d66-484f-43ea602335f9,84.75,1410,1593,0,0,73877,35
2026/07/20 12:56:39.115,0,GPU-e2681f6e-8d94-2d66-484f-43ea602335f9,84.67,1410,1593,0,0,73877,35
2026/07/20 12:56:39.365,0,GPU-e2681f6e-8d94-2d66-484f-43ea602335f9,84.75,1410,1593,0,0,73877,35
2026/07/20 12:56:39.615,0,GPU-e2681f6e-8d94-2d66-484f-43ea602335f9,84.75,1410,1593,0,0,73877,35
2026/07/20 12:56:39.865,0,GPU-e2681f6e-8d94-2d66-484f-43ea602335f9,84.75,1410,1593,0,0,73877,35
2026/07/20 12:56:40.115,0,GPU-e2681f6e-8d94-2d66-484f-43ea602335f9,84.75,1410,1593,0,0,73877,35
2026/07/20 12:56:40.366,0,GPU-e2681f6e-8d94-2d66-484f-43ea602335f9,84.75,1410,1593,0,0,73877,35
2026/07/20 12:56:40.616,0,GPU-e2681f6e-8d94-2d66-484f-43ea602335f9,84.75,1410,1593,0,0,73877,35
2026/07/20 12:56:40.866,0,GPU-e2681f6e-8d94-2d66-484f-43ea602335f9,84.75,1410,1593,0,0,73877,35
2026/07/20 12:56:41.116,0,GPU-e2681f6e-8d94-2d66-484f-43ea602335f9,84.99,1410,1593,0,0,73877,35
2026/07/20 12:56:41.366,0,GPU-e2681f6e-8d94-2d66-484f-43ea602335f9,84.75,1410,1593,0,0,73877,35
2026/07/20 12:56:41.616,0,GPU-e2681f6e-8d94-2d66-484f-43ea602335f9,84.75,1410,1593,0,0,73877,35
2026/07/20 12:56:41.866,0,GPU-e2681f6e-8d94-2d66-484f-43ea602335f9,84.99,1410,1593,0,0,73877,35
2026/07/20 12:56:42.116,0,GPU-e2681f6e-8d94-2d66-484f-43ea602335f9,85.08,1410,1593,0,0,73877,35
2026/07/20 12:56:42.366,0,GPU-e2681f6e-8d94-2d66-484f-43ea602335f9,85.17,1410,1593,0,0,73877,35
2026/07/20 12:56:42.616,0,GPU-e2681f6e-8d94-2d66-484f-43ea602335f9,84.99,1410,1593,6,5,73879,35
2026/07/20 12:56:42.866,0,GPU-e2681f6e-8d94-2d66-484f-43ea602335f9,287.47,1410,1593,14,11,73879,40
2026/07/20 12:56:43.116,0,GPU-e2681f6e-8d94-2d66-484f-43ea602335f9,298.98,1410,1593,94,80,73879,41
2026/07/20 12:56:43.366,0,GPU-e2681f6e-8d94-2d66-484f-43ea602335f9,289.60,1410,1593,94,81,73879,43
2026/07/20 12:56:43.617,0,GPU-e2681f6e-8d94-2d66-484f-43ea602335f9,292.30,1410,1593,94,80,73879,43
2026/07/20 12:56:43.867,0,GPU-e2681f6e-8d94-2d66-484f-43ea602335f9,86.37,1410,1593,0,0,73879,38
2026/07/20 12:56:44.117,0,GPU-e2681f6e-8d94-2d66-484f-43ea602335f9,85.68,1410,1593,0,0,73879,37
2026/07/20 12:56:44.367,0,GPU-e2681f6e-8d94-2d66-484f-43ea602335f9,85.36,1410,1593,0,0,73879,36
2026/07/20 12:56:44.617,0,GPU-e2681f6e-8d94-2d66-484f-43ea602335f9,85.36,1410,1593,0,0,73879,36
2026/07/20 12:56:44.867,0,GPU-e2681f6e-8d94-2d66-484f-43ea602335f9,85.36,1410,1593,0,0,73879,36
2026/07/20 12:56:45.117,0,GPU-e2681f6e-8d94-2d66-484f-43ea602335f9,85.36,1410,1593,0,0,73879,36
2026/07/20 12:56:45.367,0,GPU-e2681f6e-8d94-2d66-484f-43ea602335f9,85.08,1410,1593,0,0,73879,36
2026/07/20 12:56:45.617,0,GPU-e2681f6e-8d94-2d66-484f-43ea602335f9,85.36,1410,1593,0,0,73879,35
2026/07/20 12:56:45.867,0,GPU-e2681f6e-8d94-2d66-484f-43ea602335f9,85.08,1410,1593,0,0,73879,35
2026/07/20 12:56:46.117,0,GPU-e2681f6e-8d94-2d66-484f-43ea602335f9,85.08,1410,1593,0,0,73879,35
2026/07/20 12:56:46.367,0,GPU-e2681f6e-8d94-2d66-484f-43ea602335f9,85.08,1410,1593,0,0,73879,35
2026/07/20 12:56:46.617,0,GPU-e2681f6e-8d94-2d66-484f-43ea602335f9,85.08,1410,1593,0,0,73879,35
2026/07/20 12:56:46.868,0,GPU-e2681f6e-8d94-2d66-484f-43ea602335f9,85.08,1410,1593,0,0,73879,35
2026/07/20 12:56:47.118,0,GPU-e2681f6e-8d94-2d66-484f-43ea602335f9,85.17,1410,1593,0,0,73879,35
2026/07/20 12:56:47.368,0,GPU-e2681f6e-8d94-2d66-484f-43ea602335f9,85.08,1410,1593,0,0,73879,35
2026/07/20 12:56:47.618,0,GPU-e2681f6e-8d94-2d66-484f-43ea602335f9,85.36,1410,1593,0,0,73879,35
2026/07/20 12:56:47.868,0,GPU-e2681f6e-8d94-2d66-484f-43ea602335f9,85.08,1410,1593,0,0,73879,35
2026/07/20 12:56:48.118,0,GPU-e2681f6e-8d94-2d66-484f-43ea602335f9,85.08,1410,1593,0,0,73879,35
2026/07/20 12:56:48.368,0,GPU-e2681f6e-8d94-2d66-484f-43ea602335f9,85.08,1410,1593,0,0,73879,35
2026/07/20 12:56:48.618,0,GPU-e2681f6e-8d94-2d66-484f-43ea602335f9,85.08,1410,1593,0,0,73879,35
2026/07/20 12:56:48.868,0,GPU-e2681f6e-8d94-2d66-484f-43ea602335f9,85.17,1410,1593,0,0,73879,35
2026/07/20 12:56:49.118,0,GPU-e2681f6e-8d94-2d66-484f-43ea602335f9,85.08,1410,1593,0,0,73879,35
2026/07/20 12:56:49.368,0,GPU-e2681f6e-8d94-2d66-484f-43ea602335f9,85.08,1410,1593,0,0,73879,35
2026/07/20 12:56:49.618,0,GPU-e2681f6e-8d94-2d66-484f-43ea602335f9,85.08,1410,1593,0,0,73879,35
2026/07/20 12:56:49.868,0,GPU-e2681f6e-8d94-2d66-484f-43ea602335f9,85.08,1410,1593,0,0,73879,35
2026/07/20 12:56:50.119,0,GPU-e2681f6e-8d94-2d66-484f-43ea602335f9,84.75,1410,1593,0,0,73879,35
2026/07/20 12:56:50.369,0,GPU-e2681f6e-8d94-2d66-484f-43ea602335f9,84.75,1410,1593,0,0,73879,35
2026/07/20 12:56:50.619,0,GPU-e2681f6e-8d94-2d66-484f-43ea602335f9,85.08,1410,1593,0,0,73879,35
2026/07/20 12:56:50.869,0,GPU-e2681f6e-8d94-2d66-484f-43ea602335f9,85.08,1410,1593,0,0,73879,35
2026/07/20 12:56:51.119,0,GPU-e2681f6e-8d94-2d66-484f-43ea602335f9,85.08,1410,1593,0,0,73879,35
2026/07/20 12:56:51.369,0,GPU-e2681f6e-8d94-2d66-484f-43ea602335f9,84.75,1410,1593,0,0,73879,35
2026/07/20 12:56:51.619,0,GPU-e2681f6e-8d94-2d66-484f-43ea602335f9,85.08,1410,1593,0,0,73879,35
2026/07/20 12:56:51.869,0,GPU-e2681f6e-8d94-2d66-484f-43ea602335f9,85.08,1410,1593,0,0,73879,35
2026/07/20 12:56:52.119,0,GPU-e2681f6e-8d94-2d66-484f-43ea602335f9,85.08,1410,1593,0,0,73879,35
2026/07/20 12:56:52.369,0,GPU-e2681f6e-8d94-2d66-484f-43ea602335f9,85.08,1410,1593,0,0,73879,35
2026/07/20 12:56:52.619,0,GPU-e2681f6e-8d94-2d66-484f-43ea602335f9,85.08,1410,1593,0,0,73879,35
2026/07/20 12:56:52.869,0,GPU-e2681f6e-8d94-2d66-484f-43ea602335f9,85.08,1410,1593,0,0,73879,35
2026/07/20 12:56:53.119,0,GPU-e2681f6e-8d94-2d66-484f-43ea602335f9,85.08,1410,1593,0,0,73879,35
2026/07/20 12:56:53.369,0,GPU-e2681f6e-8d94-2d66-484f-43ea602335f9,85.08,1410,1593,0,0,73879,35
2026/07/20 12:56:53.620,0,GPU-e2681f6e-8d94-2d66-484f-43ea602335f9,84.67,1410,1593,0,0,73879,35
2026/07/20 12:56:53.870,0,GPU-e2681f6e-8d94-2d66-484f-43ea602335f9,85.08,1410,1593,0,0,73879,35
2026/07/20 12:56:54.120,0,GPU-e2681f6e-8d94-2d66-484f-43ea602335f9,85.08,1410,1593,0,0,73879,35
2026/07/20 12:56:54.370,0,GPU-e2681f6e-8d94-2d66-484f-43ea602335f9,85.17,1410,1593,0,0,73879,35
2026/07/20 12:56:54.620,0,GPU-e2681f6e-8d94-2d66-484f-43ea602335f9,293.85,1410,1593,62,52,73879,40
2026/07/20 12:56:54.870,0,GPU-e2681f6e-8d94-2d66-484f-43ea602335f9,296.85,1410,1593,94,81,73879,42
2026/07/20 12:56:55.120,0,GPU-e2681f6e-8d94-2d66-484f-43ea602335f9,288.08,1410,1593,94,79,73879,43
2026/07/20 12:56:55.370,0,GPU-e2681f6e-8d94-2d66-484f-43ea602335f9,288.94,1410,1593,94,79,73879,43
2026/07/20 12:56:55.620,0,GPU-e2681f6e-8d94-2d66-484f-43ea602335f9,291.99,1410,1593,94,79,73879,44
2026/07/20 12:56:55.870,0,GPU-e2681f6e-8d94-2d66-484f-43ea602335f9,87.81,1410,1593,93,78,73879,39
2026/07/20 12:56:56.120,0,GPU-e2681f6e-8d94-2d66-484f-43ea602335f9,86.28,1410,1593,0,0,73879,38
2026/07/20 12:56:56.370,0,GPU-e2681f6e-8d94-2d66-484f-43ea602335f9,85.95,1410,1593,0,0,73879,37
2026/07/20 12:56:56.620,0,GPU-e2681f6e-8d94-2d66-484f-43ea602335f9,85.68,1410,1593,0,0,73879,37
2026/07/20 12:56:56.871,0,GPU-e2681f6e-8d94-2d66-484f-43ea602335f9,85.68,1410,1593,0,0,73879,36
2026/07/20 12:56:57.121,0,GPU-e2681f6e-8d94-2d66-484f-43ea602335f9,85.59,1410,1593,0,0,73879,36
2026/07/20 12:56:57.371,0,GPU-e2681f6e-8d94-2d66-484f-43ea602335f9,85.68,1410,1593,0,0,73879,36
2026/07/20 12:56:57.621,0,GPU-e2681f6e-8d94-2d66-484f-43ea602335f9,85.59,1410,1593,0,0,73879,36
2026/07/20 12:56:57.871,0,GPU-e2681f6e-8d94-2d66-484f-43ea602335f9,85.68,1410,1593,0,0,73879,36
2026/07/20 12:56:58.121,0,GPU-e2681f6e-8d94-2d66-484f-43ea602335f9,85.36,1410,1593,0,0,73879,36
2026/07/20 12:56:58.371,0,GPU-e2681f6e-8d94-2d66-484f-43ea602335f9,85.68,1410,1593,0,0,73879,36
2026/07/20 12:56:58.621,0,GPU-e2681f6e-8d94-2d66-484f-43ea602335f9,85.68,1410,1593,0,0,73879,36
2026/07/20 12:56:58.871,0,GPU-e2681f6e-8d94-2d66-484f-43ea602335f9,85.44,1410,1593,0,0,73879,36
2026/07/20 12:56:59.121,0,GPU-e2681f6e-8d94-2d66-484f-43ea602335f9,85.08,1410,1593,0,0,73879,36
2026/07/20 12:56:59.371,0,GPU-e2681f6e-8d94-2d66-484f-43ea602335f9,85.36,1410,1593,0,0,73879,36
2026/07/20 12:56:59.621,0,GPU-e2681f6e-8d94-2d66-484f-43ea602335f9,85.36,1410,1593,0,0,73879,36
2026/07/20 12:56:59.872,0,GPU-e2681f6e-8d94-2d66-484f-43ea602335f9,85.36,1410,1593,0,0,73879,36
2026/07/20 12:57:00.122,0,GPU-e2681f6e-8d94-2d66-484f-43ea602335f9,85.17,1410,1593,0,0,73879,36
2026/07/20 12:57:00.372,0,GPU-e2681f6e-8d94-2d66-484f-43ea602335f9,85.36,1410,1593,0,0,73879,36
2026/07/20 12:57:00.622,0,GPU-e2681f6e-8d94-2d66-484f-43ea602335f9,85.44,1410,1593,0,0,73879,36
2026/07/20 12:57:00.872,0,GPU-e2681f6e-8d94-2d66-484f-43ea602335f9,85.36,1410,1593,0,0,73879,35
2026/07/20 12:57:01.122,0,GPU-e2681f6e-8d94-2d66-484f-43ea602335f9,85.95,1410,1593,0,0,73879,36
2026/07/20 12:57:01.372,0,GPU-e2681f6e-8d94-2d66-484f-43ea602335f9,85.36,1410,1593,0,0,73879,35
2026/07/20 12:57:01.622,0,GPU-e2681f6e-8d94-2d66-484f-43ea602335f9,85.36,1410,1593,0,0,73879,35
2026/07/20 12:57:01.873,0,GPU-e2681f6e-8d94-2d66-484f-43ea602335f9,85.36,1410,1593,0,0,73879,35
2026/07/20 12:57:02.123,0,GPU-e2681f6e-8d94-2d66-484f-43ea602335f9,85.36,1410,1593,0,0,73879,35
2026/07/20 12:57:02.373,0,GPU-e2681f6e-8d94-2d66-484f-43ea602335f9,85.36,1410,1593,0,0,73879,35
2026/07/20 12:57:02.623,0,GPU-e2681f6e-8d94-2d66-484f-43ea602335f9,85.36,1410,1593,0,0,73879,35
2026/07/20 12:57:02.873,0,GPU-e2681f6e-8d94-2d66-484f-43ea602335f9,85.36,1410,1593,0,0,73879,35
2026/07/20 12:57:03.123,0,GPU-e2681f6e-8d94-2d66-484f-43ea602335f9,85.36,1410,1593,0,0,73879,35
2026/07/20 12:57:03.373,0,GPU-e2681f6e-8d94-2d66-484f-43ea602335f9,85.36,1410,1593,0,0,73879,35
2026/07/20 12:57:03.623,0,GPU-e2681f6e-8d94-2d66-484f-43ea602335f9,85.36,1410,1593,0,0,73879,35
2026/07/20 12:57:03.873,0,GPU-e2681f6e-8d94-2d66-484f-43ea602335f9,85.36,1410,1593,0,0,73879,35
2026/07/20 12:57:04.123,0,GPU-e2681f6e-8d94-2d66-484f-43ea602335f9,85.77,1410,1593,0,0,73879,35
2026/07/20 12:57:04.373,0,GPU-e2681f6e-8d94-2d66-484f-43ea602335f9,85.36,1410,1593,0,0,73879,35
2026/07/20 12:57:04.623,0,GPU-e2681f6e-8d94-2d66-484f-43ea602335f9,85.17,1410,1593,0,0,73879,35
2026/07/20 12:57:04.874,0,GPU-e2681f6e-8d94-2d66-484f-43ea602335f9,85.08,1410,1593,0,0,73879,35
2026/07/20 12:57:05.124,0,GPU-e2681f6e-8d94-2d66-484f-43ea602335f9,85.36,1410,1593,0,0,73879,35
2026/07/20 12:57:05.374,0,GPU-e2681f6e-8d94-2d66-484f-43ea602335f9,85.36,1410,1593,0,0,73879,35
2026/07/20 12:57:05.624,0,GPU-e2681f6e-8d94-2d66-484f-43ea602335f9,85.36,1410,1593,0,0,73879,35
2026/07/20 12:57:05.874,0,GPU-e2681f6e-8d94-2d66-484f-43ea602335f9,85.36,1410,1593,0,0,73879,35
2026/07/20 12:57:06.124,0,GPU-e2681f6e-8d94-2d66-484f-43ea602335f9,85.36,1410,1593,0,0,73879,35
2026/07/20 12:57:06.374,0,GPU-e2681f6e-8d94-2d66-484f-43ea602335f9,85.36,1410,1593,0,0,73879,35
2026/07/20 12:57:06.624,0,GPU-e2681f6e-8d94-2d66-484f-43ea602335f9,85.36,1410,1593,0,0,73879,35
2026/07/20 12:57:06.874,0,GPU-e2681f6e-8d94-2d66-484f-43ea602335f9,85.36,1410,1593,0,0,73879,35
2026/07/20 12:57:07.124,0,GPU-e2681f6e-8d94-2d66-484f-43ea602335f9,85.36,1410,1593,0,0,73879,35
2026/07/20 12:57:07.374,0,GPU-e2681f6e-8d94-2d66-484f-43ea602335f9,85.36,1410,1593,0,0,73879,35
2026/07/20 12:57:07.624,0,GPU-e2681f6e-8d94-2d66-484f-43ea602335f9,85.36,1410,1593,0,0,73879,35
2026/07/20 12:57:07.874,0,GPU-e2681f6e-8d94-2d66-484f-43ea602335f9,85.36,1410,1593,0,0,73879,35
2026/07/20 12:57:08.125,0,GPU-e2681f6e-8d94-2d66-484f-43ea602335f9,85.08,1410,1593,0,0,73879,35
2026/07/20 12:57:08.375,0,GPU-e2681f6e-8d94-2d66-484f-43ea602335f9,85.08,1410,1593,0,0,73879,35
2026/07/20 12:57:08.625,0,GPU-e2681f6e-8d94-2d66-484f-43ea602335f9,85.36,1410,1593,0,0,73879,35
2026/07/20 12:57:08.875,0,GPU-e2681f6e-8d94-2d66-484f-43ea602335f9,85.36,1410,1593,0,0,73879,35
2026/07/20 12:57:09.125,0,GPU-e2681f6e-8d94-2d66-484f-43ea602335f9,85.36,1410,1593,0,0,73879,35
2026/07/20 12:57:09.375,0,GPU-e2681f6e-8d94-2d66-484f-43ea602335f9,85.08,1410,1593,0,0,73879,35
2026/07/20 12:57:09.625,0,GPU-e2681f6e-8d94-2d66-484f-43ea602335f9,85.36,1410,1593,0,0,73879,35
2026/07/20 12:57:09.875,0,GPU-e2681f6e-8d94-2d66-484f-43ea602335f9,85.36,1410,1593,0,0,73879,35
2026/07/20 12:57:10.125,0,GPU-e2681f6e-8d94-2d66-484f-43ea602335f9,85.44,1410,1593,0,0,73879,35
2026/07/20 12:57:10.375,0,GPU-e2681f6e-8d94-2d66-484f-43ea602335f9,85.08,1410,1593,0,0,73879,35
2026/07/20 12:57:10.625,0,GPU-e2681f6e-8d94-2d66-484f-43ea602335f9,85.08,1410,1593,0,0,73879,35
2026/07/20 12:57:10.875,0,GPU-e2681f6e-8d94-2d66-484f-43ea602335f9,85.08,1410,1593,0,0,73879,35
2026/07/20 12:57:11.125,0,GPU-e2681f6e-8d94-2d66-484f-43ea602335f9,85.36,1410,1593,0,0,73879,35
2026/07/20 12:57:11.376,0,GPU-e2681f6e-8d94-2d66-484f-43ea602335f9,85.36,1410,1593,0,0,73879,35
2026/07/20 12:57:11.626,0,GPU-e2681f6e-8d94-2d66-484f-43ea602335f9,85.08,1410,1593,0,0,73879,35
2026/07/20 12:57:11.876,0,GPU-e2681f6e-8d94-2d66-484f-43ea602335f9,85.08,1410,1593,0,0,73879,35
2026/07/20 12:57:12.126,0,GPU-e2681f6e-8d94-2d66-484f-43ea602335f9,85.36,1410,1593,0,0,73879,35
2026/07/20 12:57:12.376,0,GPU-e2681f6e-8d94-2d66-484f-43ea602335f9,85.36,1410,1593,0,0,73879,35
2026/07/20 12:57:12.626,0,GPU-e2681f6e-8d94-2d66-484f-43ea602335f9,85.36,1410,1593,0,0,73879,35
2026/07/20 12:57:12.876,0,GPU-e2681f6e-8d94-2d66-484f-43ea602335f9,85.36,1410,1593,0,0,73879,35
2026/07/20 12:57:13.126,0,GPU-e2681f6e-8d94-2d66-484f-43ea602335f9,85.08,1410,1593,0,0,73879,35
2026/07/20 12:57:13.376,0,GPU-e2681f6e-8d94-2d66-484f-43ea602335f9,85.08,1410,1593,0,0,73879,35
2026/07/20 12:57:13.626,0,GPU-e2681f6e-8d94-2d66-484f-43ea602335f9,85.08,1410,1593,0,0,73879,35
2026/07/20 12:57:13.876,0,GPU-e2681f6e-8d94-2d66-484f-43ea602335f9,85.36,1410,1593,0,0,73879,35
2026/07/20 12:57:14.126,0,GPU-e2681f6e-8d94-2d66-484f-43ea602335f9,85.36,1410,1593,0,0,73879,35
2026/07/20 12:57:14.376,0,GPU-e2681f6e-8d94-2d66-484f-43ea602335f9,85.08,1410,1593,0,0,73879,35
2026/07/20 12:57:14.627,0,GPU-e2681f6e-8d94-2d66-484f-43ea602335f9,85.27,1410,1593,0,0,73879,35
2026/07/20 12:57:14.877,0,GPU-e2681f6e-8d94-2d66-484f-43ea602335f9,85.08,1410,1593,0,0,73879,35
2026/07/20 12:57:15.127,0,GPU-e2681f6e-8d94-2d66-484f-43ea602335f9,85.44,1410,1593,0,0,73879,35
2026/07/20 12:57:15.377,0,GPU-e2681f6e-8d94-2d66-484f-43ea602335f9,85.08,1410,1593,0,0,73879,35
2026/07/20 12:57:15.627,0,GPU-e2681f6e-8d94-2d66-484f-43ea602335f9,85.36,1410,1593,0,0,73879,35
2026/07/20 12:57:15.877,0,GPU-e2681f6e-8d94-2d66-484f-43ea602335f9,85.08,1410,1593,0,0,73879,35
2026/07/20 12:57:16.127,0,GPU-e2681f6e-8d94-2d66-484f-43ea602335f9,85.36,1410,1593,0,0,73879,35
2026/07/20 12:57:16.377,0,GPU-e2681f6e-8d94-2d66-484f-43ea602335f9,85.08,1410,1593,0,0,73879,35
2026/07/20 12:57:16.627,0,GPU-e2681f6e-8d94-2d66-484f-43ea602335f9,85.08,1410,1593,0,0,73879,35
2026/07/20 12:57:16.877,0,GPU-e2681f6e-8d94-2d66-484f-43ea602335f9,85.17,1410,1593,0,0,73879,35
2026/07/20 12:57:17.127,0,GPU-e2681f6e-8d94-2d66-484f-43ea602335f9,85.08,1410,1593,0,0,73879,35
2026/07/20 12:57:17.377,0,GPU-e2681f6e-8d94-2d66-484f-43ea602335f9,85.08,1410,1593,0,0,73879,35
2026/07/20 12:57:17.628,0,GPU-e2681f6e-8d94-2d66-484f-43ea602335f9,85.17,1410,1593,0,0,73879,35
2026/07/20 12:57:17.878,0,GPU-e2681f6e-8d94-2d66-484f-43ea602335f9,85.08,1410,1593,0,0,73879,35
2026/07/20 12:57:18.128,0,GPU-e2681f6e-8d94-2d66-484f-43ea602335f9,85.08,1410,1593,0,0,73879,35
2026/07/20 12:57:18.378,0,GPU-e2681f6e-8d94-2d66-484f-43ea602335f9,85.36,1410,1593,0,0,73879,35
2026/07/20 12:57:18.628,0,GPU-e2681f6e-8d94-2d66-484f-43ea602335f9,85.36,1410,1593,0,0,73879,35
2026/07/20 12:57:18.878,0,GPU-e2681f6e-8d94-2d66-484f-43ea602335f9,85.36,1410,1593,0,0,73879,35
2026/07/20 12:57:19.128,0,GPU-e2681f6e-8d94-2d66-484f-43ea602335f9,85.36,1410,1593,0,0,73879,35
2026/07/20 12:57:19.378,0,GPU-e2681f6e-8d94-2d66-484f-43ea602335f9,85.36,1410,1593,0,0,73879,35
2026/07/20 12:57:19.628,0,GPU-e2681f6e-8d94-2d66-484f-43ea602335f9,85.44,1410,1593,0,0,73879,35
2026/07/20 12:57:19.878,0,GPU-e2681f6e-8d94-2d66-484f-43ea602335f9,85.36,1410,1593,0,0,73879,35
2026/07/20 12:57:20.128,0,GPU-e2681f6e-8d94-2d66-484f-43ea602335f9,85.08,1410,1593,0,0,73879,35
2026/07/20 12:57:20.379,0,GPU-e2681f6e-8d94-2d66-484f-43ea602335f9,85.36,1410,1593,0,0,73879,35
2026/07/20 12:57:20.629,0,GPU-e2681f6e-8d94-2d66-484f-43ea602335f9,85.36,1410,1593,0,0,73879,35
2026/07/20 12:57:20.879,0,GPU-e2681f6e-8d94-2d66-484f-43ea602335f9,85.08,1410,1593,0,0,73879,35
2026/07/20 12:57:21.129,0,GPU-e2681f6e-8d94-2d66-484f-43ea602335f9,85.08,1410,1593,0,0,73879,35
2026/07/20 12:57:21.379,0,GPU-e2681f6e-8d94-2d66-484f-43ea602335f9,85.36,1410,1593,0,0,73879,35
2026/07/20 12:57:21.629,0,GPU-e2681f6e-8d94-2d66-484f-43ea602335f9,85.36,1410,1593,0,0,73879,35
2026/07/20 12:57:21.879,0,GPU-e2681f6e-8d94-2d66-484f-43ea602335f9,85.36,1410,1593,0,0,73879,35
2026/07/20 12:57:22.129,0,GPU-e2681f6e-8d94-2d66-484f-43ea602335f9,85.08,1410,1593,0,0,73879,35
2026/07/20 12:57:22.379,0,GPU-e2681f6e-8d94-2d66-484f-43ea602335f9,85.36,1410,1593,0,0,73879,35
2026/07/20 12:57:22.629,0,GPU-e2681f6e-8d94-2d66-484f-43ea602335f9,85.44,1410,1593,0,0,73879,35
2026/07/20 12:57:22.880,0,GPU-e2681f6e-8d94-2d66-484f-43ea602335f9,85.08,1410,1593,0,0,73879,35
2026/07/20 12:57:23.130,0,GPU-e2681f6e-8d94-2d66-484f-43ea602335f9,85.17,1410,1593,0,0,73879,35
2026/07/20 12:57:23.380,0,GPU-e2681f6e-8d94-2d66-484f-43ea602335f9,85.36,1410,1593,0,0,73879,35
2026/07/20 12:57:23.630,0,GPU-e2681f6e-8d94-2d66-484f-43ea602335f9,85.36,1410,1593,0,0,73879,35
2026/07/20 12:57:23.880,0,GPU-e2681f6e-8d94-2d66-484f-43ea602335f9,85.36,1410,1593,0,0,73879,35
2026/07/20 12:57:24.130,0,GPU-e2681f6e-8d94-2d66-484f-43ea602335f9,85.08,1410,1593,0,0,73879,35
2026/07/20 12:57:24.380,0,GPU-e2681f6e-8d94-2d66-484f-43ea602335f9,85.36,1410,1593,0,0,73879,35
2026/07/20 12:57:24.630,0,GPU-e2681f6e-8d94-2d66-484f-43ea602335f9,85.36,1410,1593,0,0,73879,35
2026/07/20 12:57:24.880,0,GPU-e2681f6e-8d94-2d66-484f-43ea602335f9,85.08,1410,1593,0,0,73879,35
2026/07/20 12:57:25.130,0,GPU-e2681f6e-8d94-2d66-484f-43ea602335f9,85.08,1410,1593,0,0,73879,35
2026/07/20 12:57:25.380,0,GPU-e2681f6e-8d94-2d66-484f-43ea602335f9,85.08,1410,1593,0,0,73879,35
2026/07/20 12:57:25.631,0,GPU-e2681f6e-8d94-2d66-484f-43ea602335f9,85.36,1410,1593,0,0,73879,35
2026/07/20 12:57:25.881,0,GPU-e2681f6e-8d94-2d66-484f-43ea602335f9,85.08,1410,1593,0,0,73879,35
2026/07/20 12:57:26.131,0,GPU-e2681f6e-8d94-2d66-484f-43ea602335f9,84.75,1410,1593,0,0,73879,35
2026/07/20 12:57:26.381,0,GPU-e2681f6e-8d94-2d66-484f-43ea602335f9,84.75,1410,1593,0,0,73879,35
2026/07/20 12:57:26.631,0,GPU-e2681f6e-8d94-2d66-484f-43ea602335f9,84.75,1410,1593,0,0,73879,35
2026/07/20 12:57:26.881,0,GPU-e2681f6e-8d94-2d66-484f-43ea602335f9,84.75,1410,1593,0,0,73879,35
2026/07/20 12:57:27.131,0,GPU-e2681f6e-8d94-2d66-484f-43ea602335f9,84.75,1410,1593,0,0,73879,35
2026/07/20 12:57:27.381,0,GPU-e2681f6e-8d94-2d66-484f-43ea602335f9,84.75,1410,1593,0,0,73879,35
2026/07/20 12:57:27.631,0,GPU-e2681f6e-8d94-2d66-484f-43ea602335f9,84.75,1410,1593,0,0,73879,35
2026/07/20 12:57:27.881,0,GPU-e2681f6e-8d94-2d66-484f-43ea602335f9,84.75,1410,1593,0,0,73879,35
2026/07/20 12:57:28.131,0,GPU-e2681f6e-8d94-2d66-484f-43ea602335f9,85.08,1410,1593,0,0,73879,35
2026/07/20 12:57:28.381,0,GPU-e2681f6e-8d94-2d66-484f-43ea602335f9,84.84,1410,1593,0,0,73879,35
2026/07/20 12:57:28.632,0,GPU-e2681f6e-8d94-2d66-484f-43ea602335f9,84.75,1410,1593,0,0,73879,35
2026/07/20 12:57:28.882,0,GPU-e2681f6e-8d94-2d66-484f-43ea602335f9,84.75,1410,1593,0,0,73879,35
2026/07/20 12:57:29.132,0,GPU-e2681f6e-8d94-2d66-484f-43ea602335f9,84.75,1410,1593,0,0,73879,35
2026/07/20 12:57:29.382,0,GPU-e2681f6e-8d94-2d66-484f-43ea602335f9,84.75,1410,1593,0,0,73879,35
2026/07/20 12:57:29.632,0,GPU-e2681f6e-8d94-2d66-484f-43ea602335f9,84.75,1410,1593,0,0,73879,35
2026/07/20 12:57:29.882,0,GPU-e2681f6e-8d94-2d66-484f-43ea602335f9,84.75,1410,1593,0,0,73879,35
2026/07/20 12:57:30.132,0,GPU-e2681f6e-8d94-2d66-484f-43ea602335f9,84.75,1410,1593,0,0,73879,35
2026/07/20 12:57:30.382,0,GPU-e2681f6e-8d94-2d66-484f-43ea602335f9,84.75,1410,1593,0,0,73879,35
2026/07/20 12:57:30.632,0,GPU-e2681f6e-8d94-2d66-484f-43ea602335f9,84.75,1410,1593,0,0,73879,35
2026/07/20 12:57:30.882,0,GPU-e2681f6e-8d94-2d66-484f-43ea602335f9,84.75,1410,1593,0,0,73879,35
2026/07/20 12:57:31.132,0,GPU-e2681f6e-8d94-2d66-484f-43ea602335f9,84.75,1410,1593,0,0,73879,35
2026/07/20 12:57:31.382,0,GPU-e2681f6e-8d94-2d66-484f-43ea602335f9,84.84,1410,1593,0,0,73879,35
2026/07/20 12:57:31.633,0,GPU-e2681f6e-8d94-2d66-484f-43ea602335f9,84.75,1410,1593,0,0,73879,35
2026/07/20 12:57:31.883,0,GPU-e2681f6e-8d94-2d66-484f-43ea602335f9,84.75,1410,1593,0,0,73879,35
2026/07/20 12:57:32.133,0,GPU-e2681f6e-8d94-2d66-484f-43ea602335f9,84.75,1410,1593,0,0,73879,35
2026/07/20 12:57:32.383,0,GPU-e2681f6e-8d94-2d66-484f-43ea602335f9,84.75,1410,1593,0,0,73879,35
2026/07/20 12:57:32.633,0,GPU-e2681f6e-8d94-2d66-484f-43ea602335f9,84.75,1410,1593,0,0,73879,35
2026/07/20 12:57:32.883,0,GPU-e2681f6e-8d94-2d66-484f-43ea602335f9,84.99,1410,1593,0,0,73879,35
2026/07/20 12:57:33.133,0,GPU-e2681f6e-8d94-2d66-484f-43ea602335f9,85.08,1410,1593,0,0,73879,35
2026/07/20 12:57:33.383,0,GPU-e2681f6e-8d94-2d66-484f-43ea602335f9,84.75,1410,1593,0,0,73879,35
2026/07/20 12:57:33.633,0,GPU-e2681f6e-8d94-2d66-484f-43ea602335f9,84.75,1410,1593,0,0,73879,35
2026/07/20 12:57:33.883,0,GPU-e2681f6e-8d94-2d66-484f-43ea602335f9,84.75,1410,1593,0,0,73879,35
2026/07/20 12:57:34.133,0,GPU-e2681f6e-8d94-2d66-484f-43ea602335f9,84.75,1410,1593,0,0,73879,35
2026/07/20 12:57:34.384,0,GPU-e2681f6e-8d94-2d66-484f-43ea602335f9,84.75,1410,1593,0,0,73879,35
2026/07/20 12:57:34.634,0,GPU-e2681f6e-8d94-2d66-484f-43ea602335f9,84.84,1410,1593,0,0,73879,35
2026/07/20 12:57:34.884,0,GPU-e2681f6e-8d94-2d66-484f-43ea602335f9,84.51,1410,1593,0,0,73879,35
2026/07/20 12:57:35.134,0,GPU-e2681f6e-8d94-2d66-484f-43ea602335f9,84.67,1410,1593,0,0,73879,35
2026/07/20 12:57:35.384,0,GPU-e2681f6e-8d94-2d66-484f-43ea602335f9,84.75,1410,1593,0,0,73879,35
2026/07/20 12:57:35.634,0,GPU-e2681f6e-8d94-2d66-484f-43ea602335f9,84.75,1410,1593,0,0,73879,35
2026/07/20 12:57:35.884,0,GPU-e2681f6e-8d94-2d66-484f-43ea602335f9,84.75,1410,1593,0,0,73879,35
2026/07/20 12:57:36.134,0,GPU-e2681f6e-8d94-2d66-484f-43ea602335f9,84.75,1410,1593,0,0,73879,35
2026/07/20 12:57:36.385,0,GPU-e2681f6e-8d94-2d66-484f-43ea602335f9,84.75,1410,1593,0,0,73879,35
2026/07/20 12:57:36.635,0,GPU-e2681f6e-8d94-2d66-484f-43ea602335f9,84.75,1410,1593,0,0,73879,35
2026/07/20 12:57:36.885,0,GPU-e2681f6e-8d94-2d66-484f-43ea602335f9,84.84,1410,1593,0,0,73879,35
2026/07/20 12:57:37.135,0,GPU-e2681f6e-8d94-2d66-484f-43ea602335f9,84.75,1410,1593,0,0,73879,35
2026/07/20 12:57:37.385,0,GPU-e2681f6e-8d94-2d66-484f-43ea602335f9,84.75,1410,1593,0,0,73879,35
2026/07/20 12:57:37.635,0,GPU-e2681f6e-8d94-2d66-484f-43ea602335f9,84.75,1410,1593,0,0,73879,35
2026/07/20 12:57:37.885,0,GPU-e2681f6e-8d94-2d66-484f-43ea602335f9,85.17,1410,1593,0,0,73879,35
2026/07/20 12:57:38.135,0,GPU-e2681f6e-8d94-2d66-484f-43ea602335f9,84.75,1410,1593,0,0,73879,35
2026/07/20 12:57:38.385,0,GPU-e2681f6e-8d94-2d66-484f-43ea602335f9,84.51,1410,1593,0,0,73879,35
2026/07/20 12:57:38.635,0,GPU-e2681f6e-8d94-2d66-484f-43ea602335f9,84.75,1410,1593,0,0,73879,35
2026/07/20 12:57:38.885,0,GPU-e2681f6e-8d94-2d66-484f-43ea602335f9,85.08,1410,1593,0,0,73879,35
2026/07/20 12:57:39.136,0,GPU-e2681f6e-8d94-2d66-484f-43ea602335f9,84.75,1410,1593,0,0,73879,35
2026/07/20 12:57:39.386,0,GPU-e2681f6e-8d94-2d66-484f-43ea602335f9,84.84,1410,1593,0,0,73879,35
2026/07/20 12:57:39.636,0,GPU-e2681f6e-8d94-2d66-484f-43ea602335f9,84.75,1410,1593,0,0,73879,35
2026/07/20 12:57:39.886,0,GPU-e2681f6e-8d94-2d66-484f-43ea602335f9,84.75,1410,1593,0,0,73879,35
2026/07/20 12:57:40.136,0,GPU-e2681f6e-8d94-2d66-484f-43ea602335f9,84.75,1410,1593,0,0,73879,35
2026/07/20 12:57:40.386,0,GPU-e2681f6e-8d94-2d66-484f-43ea602335f9,84.84,1410,1593,0,0,73879,35
2026/07/20 12:57:40.636,0,GPU-e2681f6e-8d94-2d66-484f-43ea602335f9,84.75,1410,1593,0,0,73879,35
2026/07/20 12:57:40.886,0,GPU-e2681f6e-8d94-2d66-484f-43ea602335f9,84.75,1410,1593,0,0,73879,35
2026/07/20 12:57:41.136,0,GPU-e2681f6e-8d94-2d66-484f-43ea602335f9,84.75,1410,1593,0,0,73879,35
2026/07/20 12:57:41.386,0,GPU-e2681f6e-8d94-2d66-484f-43ea602335f9,84.75,1410,1593,0,0,73879,35
2026/07/20 12:57:41.636,0,GPU-e2681f6e-8d94-2d66-484f-43ea602335f9,84.75,1410,1593,0,0,73879,35
2026/07/20 12:57:41.887,0,GPU-e2681f6e-8d94-2d66-484f-43ea602335f9,84.75,1410,1593,0,0,73879,35
2026/07/20 12:57:42.137,0,GPU-e2681f6e-8d94-2d66-484f-43ea602335f9,84.75,1410,1593,0,0,73879,35
2026/07/20 12:57:42.387,0,GPU-e2681f6e-8d94-2d66-484f-43ea602335f9,84.75,1410,1593,0,0,73879,35
2026/07/20 12:57:42.637,0,GPU-e2681f6e-8d94-2d66-484f-43ea602335f9,84.75,1410,1593,0,0,73879,35
2026/07/20 12:57:42.887,0,GPU-e2681f6e-8d94-2d66-484f-43ea602335f9,84.75,1410,1593,0,0,73879,35
2026/07/20 12:57:43.137,0,GPU-e2681f6e-8d94-2d66-484f-43ea602335f9,84.75,1410,1593,0,0,73879,35
2026/07/20 12:57:43.387,0,GPU-e2681f6e-8d94-2d66-484f-43ea602335f9,84.75,1410,1593,0,0,73879,35
2026/07/20 12:57:43.637,0,GPU-e2681f6e-8d94-2d66-484f-43ea602335f9,84.75,1410,1593,0,0,73879,35
2026/07/20 12:57:43.887,0,GPU-e2681f6e-8d94-2d66-484f-43ea602335f9,84.75,1410,1593,0,0,73879,35
2026/07/20 12:57:44.137,0,GPU-e2681f6e-8d94-2d66-484f-43ea602335f9,84.75,1410,1593,0,0,73879,35
2026/07/20 12:57:44.387,0,GPU-e2681f6e-8d94-2d66-484f-43ea602335f9,85.08,1410,1593,0,0,73879,35
2026/07/20 12:57:44.637,0,GPU-e2681f6e-8d94-2d66-484f-43ea602335f9,84.75,1410,1593,0,0,73879,35
2026/07/20 12:57:44.888,0,GPU-e2681f6e-8d94-2d66-484f-43ea602335f9,84.75,1410,1593,0,0,73879,35
2026/07/20 12:57:45.138,0,GPU-e2681f6e-8d94-2d66-484f-43ea602335f9,84.75,1410,1593,0,0,73879,35
2026/07/20 12:57:45.388,0,GPU-e2681f6e-8d94-2d66-484f-43ea602335f9,84.75,1410,1593,0,0,73879,35
2026/07/20 12:57:45.638,0,GPU-e2681f6e-8d94-2d66-484f-43ea602335f9,84.75,1410,1593,0,0,73879,35
2026/07/20 12:57:45.888,0,GPU-e2681f6e-8d94-2d66-484f-43ea602335f9,84.75,1410,1593,0,0,73879,35
2026/07/20 12:57:46.138,0,GPU-e2681f6e-8d94-2d66-484f-43ea602335f9,84.75,1410,1593,0,0,73879,35
2026/07/20 12:57:46.388,0,GPU-e2681f6e-8d94-2d66-484f-43ea602335f9,84.75,1410,1593,0,0,73879,35
2026/07/20 12:57:46.638,0,GPU-e2681f6e-8d94-2d66-484f-43ea602335f9,84.75,1410,1593,0,0,73879,35
2026/07/20 12:57:46.888,0,GPU-e2681f6e-8d94-2d66-484f-43ea602335f9,84.75,1410,1593,0,0,73879,35
2026/07/20 12:57:47.139,0,GPU-e2681f6e-8d94-2d66-484f-43ea602335f9,84.84,1410,1593,0,0,73879,35
2026/07/20 12:57:47.389,0,GPU-e2681f6e-8d94-2d66-484f-43ea602335f9,84.75,1410,1593,0,0,73879,35
2026/07/20 12:57:47.639,0,GPU-e2681f6e-8d94-2d66-484f-43ea602335f9,84.75,1410,1593,0,0,73879,35
2026/07/20 12:57:47.889,0,GPU-e2681f6e-8d94-2d66-484f-43ea602335f9,85.08,1410,1593,0,0,73879,35
2026/07/20 12:57:48.139,0,GPU-e2681f6e-8d94-2d66-484f-43ea602335f9,84.75,1410,1593,0,0,73879,35
2026/07/20 12:57:48.389,0,GPU-e2681f6e-8d94-2d66-484f-43ea602335f9,84.75,1410,1593,0,0,73879,35
2026/07/20 12:57:48.639,0,GPU-e2681f6e-8d94-2d66-484f-43ea602335f9,84.75,1410,1593,0,0,73879,35
2026/07/20 12:57:48.889,0,GPU-e2681f6e-8d94-2d66-484f-43ea602335f9,84.75,1410,1593,0,0,73879,35
2026/07/20 12:57:49.139,0,GPU-e2681f6e-8d94-2d66-484f-43ea602335f9,84.75,1410,1593,0,0,73879,35
2026/07/20 12:57:49.389,0,GPU-e2681f6e-8d94-2d66-484f-43ea602335f9,85.08,1410,1593,0,0,73879,35
2026/07/20 12:57:49.639,0,GPU-e2681f6e-8d94-2d66-484f-43ea602335f9,84.75,1410,1593,0,0,73879,35
2026/07/20 12:57:49.889,0,GPU-e2681f6e-8d94-2d66-484f-43ea602335f9,84.75,1410,1593,0,0,73879,35
2026/07/20 12:57:50.140,0,GPU-e2681f6e-8d94-2d66-484f-43ea602335f9,84.75,1410,1593,0,0,73879,35
2026/07/20 12:57:50.390,0,GPU-e2681f6e-8d94-2d66-484f-43ea602335f9,85.08,1410,1593,0,0,73879,35
2026/07/20 12:57:50.640,0,GPU-e2681f6e-8d94-2d66-484f-43ea602335f9,85.08,1410,1593,0,0,73879,35
2026/07/20 12:57:50.890,0,GPU-e2681f6e-8d94-2d66-484f-43ea602335f9,85.08,1410,1593,0,0,73879,35
2026/07/20 12:57:51.140,0,GPU-e2681f6e-8d94-2d66-484f-43ea602335f9,84.75,1410,1593,0,0,73879,35
2026/07/20 12:57:51.390,0,GPU-e2681f6e-8d94-2d66-484f-43ea602335f9,84.75,1410,1593,0,0,73879,35
2026/07/20 12:57:51.640,0,GPU-e2681f6e-8d94-2d66-484f-43ea602335f9,84.84,1410,1593,0,0,73879,35
2026/07/20 12:57:51.890,0,GPU-e2681f6e-8d94-2d66-484f-43ea602335f9,84.84,1410,1593,0,0,73879,35
2026/07/20 12:57:52.140,0,GPU-e2681f6e-8d94-2d66-484f-43ea602335f9,84.84,1410,1593,0,0,73879,35
2026/07/20 12:57:52.390,0,GPU-e2681f6e-8d94-2d66-484f-43ea602335f9,84.75,1410,1593,0,0,73879,35
2026/07/20 12:57:52.640,0,GPU-e2681f6e-8d94-2d66-484f-43ea602335f9,84.75,1410,1593,0,0,73879,35
2026/07/20 12:57:52.890,0,GPU-e2681f6e-8d94-2d66-484f-43ea602335f9,84.75,1410,1593,0,0,73879,35
2026/07/20 12:57:53.141,0,GPU-e2681f6e-8d94-2d66-484f-43ea602335f9,84.75,1410,1593,0,0,73879,35
2026/07/20 12:57:53.391,0,GPU-e2681f6e-8d94-2d66-484f-43ea602335f9,84.75,1410,1593,0,0,73879,35
2026/07/20 12:57:53.641,0,GPU-e2681f6e-8d94-2d66-484f-43ea602335f9,84.75,1410,1593,0,0,73879,35
2026/07/20 12:57:53.891,0,GPU-e2681f6e-8d94-2d66-484f-43ea602335f9,84.75,1410,1593,0,0,73879,35
2026/07/20 12:57:54.141,0,GPU-e2681f6e-8d94-2d66-484f-43ea602335f9,84.75,1410,1593,0,0,73879,35
2026/07/20 12:57:54.391,0,GPU-e2681f6e-8d94-2d66-484f-43ea602335f9,84.75,1410,1593,0,0,73879,35
2026/07/20 12:57:54.641,0,GPU-e2681f6e-8d94-2d66-484f-43ea602335f9,84.75,1410,1593,0,0,73879,35
2026/07/20 12:57:54.891,0,GPU-e2681f6e-8d94-2d66-484f-43ea602335f9,84.75,1410,1593,0,0,73879,35
2026/07/20 12:57:55.141,0,GPU-e2681f6e-8d94-2d66-484f-43ea602335f9,84.75,1410,1593,0,0,73879,35
2026/07/20 12:57:55.391,0,GPU-e2681f6e-8d94-2d66-484f-43ea602335f9,84.75,1410,1593,0,0,73879,35
2026/07/20 12:57:55.641,0,GPU-e2681f6e-8d94-2d66-484f-43ea602335f9,84.75,1410,1593,0,0,73879,35
2026/07/20 12:57:55.891,0,GPU-e2681f6e-8d94-2d66-484f-43ea602335f9,84.84,1410,1593,0,0,73879,35
2026/07/20 12:57:56.142,0,GPU-e2681f6e-8d94-2d66-484f-43ea602335f9,85.17,1410,1593,0,0,73879,35
2026/07/20 12:57:56.392,0,GPU-e2681f6e-8d94-2d66-484f-43ea602335f9,84.75,1410,1593,0,0,73879,35
2026/07/20 12:57:56.642,0,GPU-e2681f6e-8d94-2d66-484f-43ea602335f9,84.75,1410,1593,0,0,73879,35
2026/07/20 12:57:56.892,0,GPU-e2681f6e-8d94-2d66-484f-43ea602335f9,85.08,1410,1593,0,0,73879,35
2026/07/20 12:57:57.142,0,GPU-e2681f6e-8d94-2d66-484f-43ea602335f9,84.75,1410,1593,0,0,73879,35
2026/07/20 12:57:57.392,0,GPU-e2681f6e-8d94-2d66-484f-43ea602335f9,84.67,1410,1593,0,0,73879,35
2026/07/20 12:57:57.642,0,GPU-e2681f6e-8d94-2d66-484f-43ea602335f9,84.75,1410,1593,0,0,73879,35
2026/07/20 12:57:57.892,0,GPU-e2681f6e-8d94-2d66-484f-43ea602335f9,84.75,1410,1593,0,0,73879,35
2026/07/20 12:57:58.142,0,GPU-e2681f6e-8d94-2d66-484f-43ea602335f9,84.84,1410,1593,0,0,73879,35
2026/07/20 12:57:58.392,0,GPU-e2681f6e-8d94-2d66-484f-43ea602335f9,84.75,1410,1593,0,0,73879,35
2026/07/20 12:57:58.642,0,GPU-e2681f6e-8d94-2d66-484f-43ea602335f9,84.84,1410,1593,0,0,73879,35
2026/07/20 12:57:58.892,0,GPU-e2681f6e-8d94-2d66-484f-43ea602335f9,84.75,1410,1593,0,0,73879,35
2026/07/20 12:57:59.143,0,GPU-e2681f6e-8d94-2d66-484f-43ea602335f9,84.84,1410,1593,0,0,73879,35
2026/07/20 12:57:59.393,0,GPU-e2681f6e-8d94-2d66-484f-43ea602335f9,84.75,1410,1593,0,0,73879,35
2026/07/20 12:57:59.643,0,GPU-e2681f6e-8d94-2d66-484f-43ea602335f9,84.84,1410,1593,0,0,73879,35
2026/07/20 12:57:59.893,0,GPU-e2681f6e-8d94-2d66-484f-43ea602335f9,84.75,1410,1593,0,0,73879,35
2026/07/20 12:58:00.143,0,GPU-e2681f6e-8d94-2d66-484f-43ea602335f9,84.75,1410,1593,0,0,73879,35
2026/07/20 12:58:00.393,0,GPU-e2681f6e-8d94-2d66-484f-43ea602335f9,85.08,1410,1593,0,0,73879,35
2026/07/20 12:58:00.643,0,GPU-e2681f6e-8d94-2d66-484f-43ea602335f9,84.75,1410,1593,0,0,73879,35
2026/07/20 12:58:00.893,0,GPU-e2681f6e-8d94-2d66-484f-43ea602335f9,84.75,1410,1593,0,0,73879,35
2026/07/20 12:58:01.143,0,GPU-e2681f6e-8d94-2d66-484f-43ea602335f9,85.08,1410,1593,0,0,73879,35
2026/07/20 12:58:01.393,0,GPU-e2681f6e-8d94-2d66-484f-43ea602335f9,85.17,1410,1593,0,0,73879,35
2026/07/20 12:58:01.643,0,GPU-e2681f6e-8d94-2d66-484f-43ea602335f9,84.84,1410,1593,0,0,73879,35
2026/07/20 12:58:01.894,0,GPU-e2681f6e-8d94-2d66-484f-43ea602335f9,84.84,1410,1593,0,0,73879,35
2026/07/20 12:58:02.144,0,GPU-e2681f6e-8d94-2d66-484f-43ea602335f9,84.75,1410,1593,0,0,73879,35
2026/07/20 12:58:02.394,0,GPU-e2681f6e-8d94-2d66-484f-43ea602335f9,85.08,1410,1593,0,0,73879,35
2026/07/20 12:58:02.644,0,GPU-e2681f6e-8d94-2d66-484f-43ea602335f9,85.17,1410,1593,0,0,73879,35
2026/07/20 12:58:02.894,0,GPU-e2681f6e-8d94-2d66-484f-43ea602335f9,85.08,1410,1593,0,0,73879,35
2026/07/20 12:58:03.144,0,GPU-e2681f6e-8d94-2d66-484f-43ea602335f9,84.75,1410,1593,0,0,73879,35
2026/07/20 12:58:03.394,0,GPU-e2681f6e-8d94-2d66-484f-43ea602335f9,84.84,1410,1593,0,0,73879,35
2026/07/20 12:58:03.644,0,GPU-e2681f6e-8d94-2d66-484f-43ea602335f9,84.75,1410,1593,0,0,73879,35
2026/07/20 12:58:03.894,0,GPU-e2681f6e-8d94-2d66-484f-43ea602335f9,84.75,1410,1593,0,0,73879,35
2026/07/20 12:58:04.144,0,GPU-e2681f6e-8d94-2d66-484f-43ea602335f9,84.75,1410,1593,0,0,73879,35
2026/07/20 12:58:04.394,0,GPU-e2681f6e-8d94-2d66-484f-43ea602335f9,84.75,1410,1593,0,0,73879,35
2026/07/20 12:58:04.645,0,GPU-e2681f6e-8d94-2d66-484f-43ea602335f9,84.84,1410,1593,0,0,73879,35
2026/07/20 12:58:04.895,0,GPU-e2681f6e-8d94-2d66-484f-43ea602335f9,84.75,1410,1593,0,0,73879,35
2026/07/20 12:58:05.145,0,GPU-e2681f6e-8d94-2d66-484f-43ea602335f9,84.84,1410,1593,0,0,73879,35
2026/07/20 12:58:05.395,0,GPU-e2681f6e-8d94-2d66-484f-43ea602335f9,84.84,1410,1593,0,0,73879,35
2026/07/20 12:58:05.645,0,GPU-e2681f6e-8d94-2d66-484f-43ea602335f9,84.75,1410,1593,0,0,73879,35
2026/07/20 12:58:05.895,0,GPU-e2681f6e-8d94-2d66-484f-43ea602335f9,84.67,1410,1593,0,0,73879,35
2026/07/20 12:58:06.145,0,GPU-e2681f6e-8d94-2d66-484f-43ea602335f9,85.08,1410,1593,0,0,73879,35
2026/07/20 12:58:06.395,0,GPU-e2681f6e-8d94-2d66-484f-43ea602335f9,85.08,1410,1593,0,0,73879,35
2026/07/20 12:58:06.645,0,GPU-e2681f6e-8d94-2d66-484f-43ea602335f9,84.84,1410,1593,0,0,73879,35
2026/07/20 12:58:06.895,0,GPU-e2681f6e-8d94-2d66-484f-43ea602335f9,85.08,1410,1593,0,0,73879,35
2026/07/20 12:58:07.145,0,GPU-e2681f6e-8d94-2d66-484f-43ea602335f9,84.75,1410,1593,0,0,73879,35
2026/07/20 12:58:07.395,0,GPU-e2681f6e-8d94-2d66-484f-43ea602335f9,85.08,1410,1593,0,0,73879,35
2026/07/20 12:58:07.646,0,GPU-e2681f6e-8d94-2d66-484f-43ea602335f9,85.08,1410,1593,0,0,73879,35
2026/07/20 12:58:07.896,0,GPU-e2681f6e-8d94-2d66-484f-43ea602335f9,84.84,1410,1593,0,0,73879,35
2026/07/20 12:58:08.146,0,GPU-e2681f6e-8d94-2d66-484f-43ea602335f9,85.08,1410,1593,0,0,73879,35
2026/07/20 12:58:08.396,0,GPU-e2681f6e-8d94-2d66-484f-43ea602335f9,84.75,1410,1593,0,0,73879,35
2026/07/20 12:58:08.646,0,GPU-e2681f6e-8d94-2d66-484f-43ea602335f9,85.08,1410,1593,0,0,73879,35
2026/07/20 12:58:08.896,0,GPU-e2681f6e-8d94-2d66-484f-43ea602335f9,84.99,1410,1593,0,0,73879,35
2026/07/20 12:58:09.146,0,GPU-e2681f6e-8d94-2d66-484f-43ea602335f9,84.84,1410,1593,0,0,73879,35
2026/07/20 12:58:09.396,0,GPU-e2681f6e-8d94-2d66-484f-43ea602335f9,84.67,1410,1593,0,0,73879,35
2026/07/20 12:58:09.646,0,GPU-e2681f6e-8d94-2d66-484f-43ea602335f9,84.84,1410,1593,0,0,73879,35
2026/07/20 12:58:09.896,0,GPU-e2681f6e-8d94-2d66-484f-43ea602335f9,84.75,1410,1593,0,0,73879,35
2026/07/20 12:58:10.146,0,GPU-e2681f6e-8d94-2d66-484f-43ea602335f9,85.08,1410,1593,0,0,73879,35
2026/07/20 12:58:10.396,0,GPU-e2681f6e-8d94-2d66-484f-43ea602335f9,84.84,1410,1593,0,0,73879,35
2026/07/20 12:58:10.646,0,GPU-e2681f6e-8d94-2d66-484f-43ea602335f9,84.75,1410,1593,0,0,73879,35
2026/07/20 12:58:10.897,0,GPU-e2681f6e-8d94-2d66-484f-43ea602335f9,84.75,1410,1593,0,0,73879,35
2026/07/20 12:58:11.147,0,GPU-e2681f6e-8d94-2d66-484f-43ea602335f9,84.75,1410,1593,0,0,73879,35
2026/07/20 12:58:11.397,0,GPU-e2681f6e-8d94-2d66-484f-43ea602335f9,85.17,1410,1593,0,0,73879,35
2026/07/20 12:58:11.647,0,GPU-e2681f6e-8d94-2d66-484f-43ea602335f9,84.75,1410,1593,0,0,73879,35
2026/07/20 12:58:11.897,0,GPU-e2681f6e-8d94-2d66-484f-43ea602335f9,84.75,1410,1593,0,0,73879,35
2026/07/20 12:58:12.147,0,GPU-e2681f6e-8d94-2d66-484f-43ea602335f9,84.75,1410,1593,0,0,73879,35
2026/07/20 12:58:12.397,0,GPU-e2681f6e-8d94-2d66-484f-43ea602335f9,85.08,1410,1593,0,0,73879,35
2026/07/20 12:58:12.647,0,GPU-e2681f6e-8d94-2d66-484f-43ea602335f9,84.84,1410,1593,0,0,73879,35
2026/07/20 12:58:12.897,0,GPU-e2681f6e-8d94-2d66-484f-43ea602335f9,84.75,1410,1593,0,0,73879,35
2026/07/20 12:58:13.147,0,GPU-e2681f6e-8d94-2d66-484f-43ea602335f9,84.84,1410,1593,0,0,73879,35
2026/07/20 12:58:13.397,0,GPU-e2681f6e-8d94-2d66-484f-43ea602335f9,84.75,1410,1593,0,0,73879,35
2026/07/20 12:58:13.647,0,GPU-e2681f6e-8d94-2d66-484f-43ea602335f9,84.75,1410,1593,0,0,73879,35
2026/07/20 12:58:13.898,0,GPU-e2681f6e-8d94-2d66-484f-43ea602335f9,84.75,1410,1593,0,0,73879,35
2026/07/20 12:58:14.148,0,GPU-e2681f6e-8d94-2d66-484f-43ea602335f9,84.99,1410,1593,0,0,73879,35
2026/07/20 12:58:14.398,0,GPU-e2681f6e-8d94-2d66-484f-43ea602335f9,85.08,1410,1593,0,0,73879,35
2026/07/20 12:58:14.648,0,GPU-e2681f6e-8d94-2d66-484f-43ea602335f9,84.99,1410,1593,0,0,73879,35
2026/07/20 12:58:14.898,0,GPU-e2681f6e-8d94-2d66-484f-43ea602335f9,84.75,1410,1593,0,0,73879,35
2026/07/20 12:58:15.148,0,GPU-e2681f6e-8d94-2d66-484f-43ea602335f9,85.36,1410,1593,0,0,73879,35
2026/07/20 12:58:15.398,0,GPU-e2681f6e-8d94-2d66-484f-43ea602335f9,84.84,1410,1593,0,0,73879,35
2026/07/20 12:58:15.648,0,GPU-e2681f6e-8d94-2d66-484f-43ea602335f9,84.84,1410,1593,0,0,73879,35
2026/07/20 12:58:15.898,0,GPU-e2681f6e-8d94-2d66-484f-43ea602335f9,84.75,1410,1593,0,0,73879,35
2026/07/20 12:58:16.148,0,GPU-e2681f6e-8d94-2d66-484f-43ea602335f9,84.84,1410,1593,0,0,73879,35
2026/07/20 12:58:16.398,0,GPU-e2681f6e-8d94-2d66-484f-43ea602335f9,84.75,1410,1593,0,0,73879,35
2026/07/20 12:58:16.648,0,GPU-e2681f6e-8d94-2d66-484f-43ea602335f9,84.75,1410,1593,0,0,73879,35
2026/07/20 12:58:16.898,0,GPU-e2681f6e-8d94-2d66-484f-43ea602335f9,84.84,1410,1593,0,0,73879,35
2026/07/20 12:58:17.149,0,GPU-e2681f6e-8d94-2d66-484f-43ea602335f9,84.75,1410,1593,0,0,73879,35
2026/07/20 12:58:17.399,0,GPU-e2681f6e-8d94-2d66-484f-43ea602335f9,85.08,1410,1593,0,0,73879,35
2026/07/20 12:58:17.649,0,GPU-e2681f6e-8d94-2d66-484f-43ea602335f9,85.08,1410,1593,0,0,73879,35
2026/07/20 12:58:17.899,0,GPU-e2681f6e-8d94-2d66-484f-43ea602335f9,84.75,1410,1593,0,0,73879,35
2026/07/20 12:58:18.149,0,GPU-e2681f6e-8d94-2d66-484f-43ea602335f9,85.08,1410,1593,0,0,73879,35
2026/07/20 12:58:18.399,0,GPU-e2681f6e-8d94-2d66-484f-43ea602335f9,85.08,1410,1593,0,0,73879,35
2026/07/20 12:58:18.649,0,GPU-e2681f6e-8d94-2d66-484f-43ea602335f9,85.08,1410,1593,0,0,73879,35
2026/07/20 12:58:18.899,0,GPU-e2681f6e-8d94-2d66-484f-43ea602335f9,85.17,1410,1593,0,0,73879,35
2026/07/20 12:58:19.149,0,GPU-e2681f6e-8d94-2d66-484f-43ea602335f9,85.08,1410,1593,0,0,73879,35
2026/07/20 12:58:19.399,0,GPU-e2681f6e-8d94-2d66-484f-43ea602335f9,85.17,1410,1593,0,0,73879,35
2026/07/20 12:58:19.649,0,GPU-e2681f6e-8d94-2d66-484f-43ea602335f9,85.08,1410,1593,0,0,73879,35
2026/07/20 12:58:19.899,0,GPU-e2681f6e-8d94-2d66-484f-43ea602335f9,85.08,1410,1593,0,0,73879,35
2026/07/20 12:58:20.149,0,GPU-e2681f6e-8d94-2d66-484f-43ea602335f9,85.08,1410,1593,0,0,73879,35
2026/07/20 12:58:20.400,0,GPU-e2681f6e-8d94-2d66-484f-43ea602335f9,85.08,1410,1593,0,0,73879,35
2026/07/20 12:58:20.650,0,GPU-e2681f6e-8d94-2d66-484f-43ea602335f9,85.08,1410,1593,0,0,73879,35
2026/07/20 12:58:20.900,0,GPU-e2681f6e-8d94-2d66-484f-43ea602335f9,85.08,1410,1593,0,0,73879,35
2026/07/20 12:58:21.150,0,GPU-e2681f6e-8d94-2d66-484f-43ea602335f9,85.08,1410,1593,0,0,73879,35
2026/07/20 12:58:21.400,0,GPU-e2681f6e-8d94-2d66-484f-43ea602335f9,84.84,1410,1593,0,0,73879,35
2026/07/20 12:58:21.650,0,GPU-e2681f6e-8d94-2d66-484f-43ea602335f9,85.08,1410,1593,0,0,73879,35
2026/07/20 12:58:21.900,0,GPU-e2681f6e-8d94-2d66-484f-43ea602335f9,85.17,1410,1593,0,0,73879,35
2026/07/20 12:58:22.150,0,GPU-e2681f6e-8d94-2d66-484f-43ea602335f9,85.08,1410,1593,0,0,73879,35
2026/07/20 12:58:22.400,0,GPU-e2681f6e-8d94-2d66-484f-43ea602335f9,85.08,1410,1593,0,0,73879,35
2026/07/20 12:58:22.650,0,GPU-e2681f6e-8d94-2d66-484f-43ea602335f9,84.75,1410,1593,0,0,73879,35
2026/07/20 12:58:22.900,0,GPU-e2681f6e-8d94-2d66-484f-43ea602335f9,85.08,1410,1593,0,0,73879,35
2026/07/20 12:58:23.150,0,GPU-e2681f6e-8d94-2d66-484f-43ea602335f9,85.08,1410,1593,0,0,73879,35
2026/07/20 12:58:23.400,0,GPU-e2681f6e-8d94-2d66-484f-43ea602335f9,84.75,1410,1593,0,0,73879,35
2026/07/20 12:58:23.650,0,GPU-e2681f6e-8d94-2d66-484f-43ea602335f9,85.17,1410,1593,0,0,73879,35
2026/07/20 12:58:23.901,0,GPU-e2681f6e-8d94-2d66-484f-43ea602335f9,84.75,1410,1593,0,0,73879,35
2026/07/20 12:58:24.151,0,GPU-e2681f6e-8d94-2d66-484f-43ea602335f9,85.17,1410,1593,0,0,73879,35
2026/07/20 12:58:24.401,0,GPU-e2681f6e-8d94-2d66-484f-43ea602335f9,85.08,1410,1593,0,0,73879,35
2026/07/20 12:58:24.651,0,GPU-e2681f6e-8d94-2d66-484f-43ea602335f9,85.08,1410,1593,0,0,73879,35
2026/07/20 12:58:24.901,0,GPU-e2681f6e-8d94-2d66-484f-43ea602335f9,84.84,1410,1593,0,0,73879,35
2026/07/20 12:58:25.151,0,GPU-e2681f6e-8d94-2d66-484f-43ea602335f9,85.08,1410,1593,0,0,73879,35
2026/07/20 12:58:25.401,0,GPU-e2681f6e-8d94-2d66-484f-43ea602335f9,85.17,1410,1593,0,0,73879,35
2026/07/20 12:58:25.651,0,GPU-e2681f6e-8d94-2d66-484f-43ea602335f9,85.08,1410,1593,0,0,73879,35
2026/07/20 12:58:25.901,0,GPU-e2681f6e-8d94-2d66-484f-43ea602335f9,85.08,1410,1593,0,0,73879,35
2026/07/20 12:58:26.151,0,GPU-e2681f6e-8d94-2d66-484f-43ea602335f9,85.08,1410,1593,0,0,73879,35
2026/07/20 12:58:26.402,0,GPU-e2681f6e-8d94-2d66-484f-43ea602335f9,85.08,1410,1593,0,0,73879,35
2026/07/20 12:58:26.652,0,GPU-e2681f6e-8d94-2d66-484f-43ea602335f9,85.17,1410,1593,0,0,73879,35
2026/07/20 12:58:26.902,0,GPU-e2681f6e-8d94-2d66-484f-43ea602335f9,85.08,1410,1593,0,0,73879,35
2026/07/20 12:58:27.152,0,GPU-e2681f6e-8d94-2d66-484f-43ea602335f9,85.44,1410,1593,0,0,73879,35
2026/07/20 12:58:27.402,0,GPU-e2681f6e-8d94-2d66-484f-43ea602335f9,85.08,1410,1593,0,0,73879,35
2026/07/20 12:58:27.652,0,GPU-e2681f6e-8d94-2d66-484f-43ea602335f9,85.08,1410,1593,0,0,73879,35
2026/07/20 12:58:27.902,0,GPU-e2681f6e-8d94-2d66-484f-43ea602335f9,85.08,1410,1593,0,0,73879,35
2026/07/20 12:58:28.152,0,GPU-e2681f6e-8d94-2d66-484f-43ea602335f9,85.36,1410,1593,0,0,73879,35
2026/07/20 12:58:28.402,0,GPU-e2681f6e-8d94-2d66-484f-43ea602335f9,85.08,1410,1593,0,0,73879,35
2026/07/20 12:58:28.652,0,GPU-e2681f6e-8d94-2d66-484f-43ea602335f9,85.08,1410,1593,0,0,73879,35
2026/07/20 12:58:28.902,0,GPU-e2681f6e-8d94-2d66-484f-43ea602335f9,85.08,1410,1593,0,0,73879,35
2026/07/20 12:58:29.153,0,GPU-e2681f6e-8d94-2d66-484f-43ea602335f9,85.17,1410,1593,0,0,73879,35
2026/07/20 12:58:29.403,0,GPU-e2681f6e-8d94-2d66-484f-43ea602335f9,85.08,1410,1593,0,0,73879,35
2026/07/20 12:58:29.653,0,GPU-e2681f6e-8d94-2d66-484f-43ea602335f9,85.08,1410,1593,0,0,73879,35
2026/07/20 12:58:29.903,0,GPU-e2681f6e-8d94-2d66-484f-43ea602335f9,85.17,1410,1593,0,0,73879,35
2026/07/20 12:58:30.153,0,GPU-e2681f6e-8d94-2d66-484f-43ea602335f9,85.08,1410,1593,0,0,73879,35
2026/07/20 12:58:30.403,0,GPU-e2681f6e-8d94-2d66-484f-43ea602335f9,85.08,1410,1593,0,0,73879,35
2026/07/20 12:58:30.653,0,GPU-e2681f6e-8d94-2d66-484f-43ea602335f9,85.08,1410,1593,0,0,73879,35
2026/07/20 12:58:30.903,0,GPU-e2681f6e-8d94-2d66-484f-43ea602335f9,85.08,1410,1593,0,0,73879,35
2026/07/20 12:58:31.153,0,GPU-e2681f6e-8d94-2d66-484f-43ea602335f9,84.99,1410,1593,0,0,73879,35
2026/07/20 12:58:31.404,0,GPU-e2681f6e-8d94-2d66-484f-43ea602335f9,85.08,1410,1593,0,0,73879,35
2026/07/20 12:58:31.654,0,GPU-e2681f6e-8d94-2d66-484f-43ea602335f9,85.08,1410,1593,0,0,73879,35
2026/07/20 12:58:31.904,0,GPU-e2681f6e-8d94-2d66-484f-43ea602335f9,84.75,1410,1593,0,0,73879,35
2026/07/20 12:58:32.154,0,GPU-e2681f6e-8d94-2d66-484f-43ea602335f9,85.08,1410,1593,0,0,73879,35
2026/07/20 12:58:32.404,0,GPU-e2681f6e-8d94-2d66-484f-43ea602335f9,85.08,1410,1593,0,0,73879,35
2026/07/20 12:58:32.654,0,GPU-e2681f6e-8d94-2d66-484f-43ea602335f9,85.08,1410,1593,0,0,73879,35
2026/07/20 12:58:32.904,0,GPU-e2681f6e-8d94-2d66-484f-43ea602335f9,85.08,1410,1593,0,0,73879,35
2026/07/20 12:58:33.154,0,GPU-e2681f6e-8d94-2d66-484f-43ea602335f9,85.08,1410,1593,0,0,73879,35
2026/07/20 12:58:33.404,0,GPU-e2681f6e-8d94-2d66-484f-43ea602335f9,84.43,1410,1593,0,0,73879,35
2026/07/20 12:58:33.654,0,GPU-e2681f6e-8d94-2d66-484f-43ea602335f9,84.43,1410,1593,0,0,73879,35
2026/07/20 12:58:33.904,0,GPU-e2681f6e-8d94-2d66-484f-43ea602335f9,84.43,1410,1593,0,0,73879,35
2026/07/20 12:58:34.154,0,GPU-e2681f6e-8d94-2d66-484f-43ea602335f9,84.43,1410,1593,0,0,73879,35
2026/07/20 12:58:34.405,0,GPU-e2681f6e-8d94-2d66-484f-43ea602335f9,84.75,1410,1593,0,0,73879,35
2026/07/20 12:58:34.655,0,GPU-e2681f6e-8d94-2d66-484f-43ea602335f9,84.51,1410,1593,0,0,73879,35
2026/07/20 12:58:34.905,0,GPU-e2681f6e-8d94-2d66-484f-43ea602335f9,84.51,1410,1593,0,0,73879,35
2026/07/20 12:58:35.155,0,GPU-e2681f6e-8d94-2d66-484f-43ea602335f9,84.75,1410,1593,0,0,73879,35
2026/07/20 12:58:35.405,0,GPU-e2681f6e-8d94-2d66-484f-43ea602335f9,84.67,1410,1593,0,0,73879,35
2026/07/20 12:58:35.655,0,GPU-e2681f6e-8d94-2d66-484f-43ea602335f9,84.43,1410,1593,0,0,73879,35
2026/07/20 12:58:35.905,0,GPU-e2681f6e-8d94-2d66-484f-43ea602335f9,84.51,1410,1593,0,0,73879,35
2026/07/20 12:58:36.155,0,GPU-e2681f6e-8d94-2d66-484f-43ea602335f9,84.75,1410,1593,0,0,73879,35
2026/07/20 12:58:36.405,0,GPU-e2681f6e-8d94-2d66-484f-43ea602335f9,84.43,1410,1593,0,0,73879,35
2026/07/20 12:58:36.655,0,GPU-e2681f6e-8d94-2d66-484f-43ea602335f9,84.75,1410,1593,0,0,73879,35
2026/07/20 12:58:36.905,0,GPU-e2681f6e-8d94-2d66-484f-43ea602335f9,84.75,1410,1593,0,0,73879,35
2026/07/20 12:58:37.156,0,GPU-e2681f6e-8d94-2d66-484f-43ea602335f9,84.75,1410,1593,0,0,73879,35
2026/07/20 12:58:37.406,0,GPU-e2681f6e-8d94-2d66-484f-43ea602335f9,84.75,1410,1593,0,0,73879,35
2026/07/20 12:58:37.656,0,GPU-e2681f6e-8d94-2d66-484f-43ea602335f9,84.75,1410,1593,0,0,73879,35
2026/07/20 12:58:37.906,0,GPU-e2681f6e-8d94-2d66-484f-43ea602335f9,84.75,1410,1593,0,0,73879,35
2026/07/20 12:58:38.156,0,GPU-e2681f6e-8d94-2d66-484f-43ea602335f9,84.75,1410,1593,0,0,73879,35
2026/07/20 12:58:38.406,0,GPU-e2681f6e-8d94-2d66-484f-43ea602335f9,84.75,1410,1593,0,0,73879,35
2026/07/20 12:58:38.656,0,GPU-e2681f6e-8d94-2d66-484f-43ea602335f9,84.84,1410,1593,0,0,73879,35
2026/07/20 12:58:38.906,0,GPU-e2681f6e-8d94-2d66-484f-43ea602335f9,84.43,1410,1593,0,0,73879,35
2026/07/20 12:58:39.156,0,GPU-e2681f6e-8d94-2d66-484f-43ea602335f9,84.43,1410,1593,0,0,73879,35
2026/07/20 12:58:39.406,0,GPU-e2681f6e-8d94-2d66-484f-43ea602335f9,84.75,1410,1593,0,0,73879,35
2026/07/20 12:58:39.656,0,GPU-e2681f6e-8d94-2d66-484f-43ea602335f9,84.75,1410,1593,0,0,73879,35
2026/07/20 12:58:39.906,0,GPU-e2681f6e-8d94-2d66-484f-43ea602335f9,84.75,1410,1593,0,0,73879,35
2026/07/20 12:58:40.156,0,GPU-e2681f6e-8d94-2d66-484f-43ea602335f9,84.75,1410,1593,0,0,73879,35
2026/07/20 12:58:40.407,0,GPU-e2681f6e-8d94-2d66-484f-43ea602335f9,84.43,1410,1593,0,0,73879,35
2026/07/20 12:58:40.657,0,GPU-e2681f6e-8d94-2d66-484f-43ea602335f9,84.75,1410,1593,0,0,73879,35
2026/07/20 12:58:40.907,0,GPU-e2681f6e-8d94-2d66-484f-43ea602335f9,84.75,1410,1593,0,0,73879,35
2026/07/20 12:58:41.157,0,GPU-e2681f6e-8d94-2d66-484f-43ea602335f9,84.84,1410,1593,0,0,73879,35
2026/07/20 12:58:41.407,0,GPU-e2681f6e-8d94-2d66-484f-43ea602335f9,84.43,1410,1593,0,0,73879,35
2026/07/20 12:58:41.657,0,GPU-e2681f6e-8d94-2d66-484f-43ea602335f9,84.75,1410,1593,0,0,73879,35
2026/07/20 12:58:41.907,0,GPU-e2681f6e-8d94-2d66-484f-43ea602335f9,84.75,1410,1593,0,0,73879,35
2026/07/20 12:58:42.157,0,GPU-e2681f6e-8d94-2d66-484f-43ea602335f9,84.75,1410,1593,0,0,73879,35
2026/07/20 12:58:42.407,0,GPU-e2681f6e-8d94-2d66-484f-43ea602335f9,84.43,1410,1593,0,0,73879,35
2026/07/20 12:58:42.657,0,GPU-e2681f6e-8d94-2d66-484f-43ea602335f9,84.75,1410,1593,0,0,73879,35
2026/07/20 12:58:42.907,0,GPU-e2681f6e-8d94-2d66-484f-43ea602335f9,84.84,1410,1593,0,0,73879,35
2026/07/20 12:58:43.157,0,GPU-e2681f6e-8d94-2d66-484f-43ea602335f9,84.75,1410,1593,0,0,73879,35
2026/07/20 12:58:43.408,0,GPU-e2681f6e-8d94-2d66-484f-43ea602335f9,84.75,1410,1593,0,0,73879,35
2026/07/20 12:58:43.658,0,GPU-e2681f6e-8d94-2d66-484f-43ea602335f9,84.75,1410,1593,0,0,73879,35
2026/07/20 12:58:43.908,0,GPU-e2681f6e-8d94-2d66-484f-43ea602335f9,84.75,1410,1593,0,0,73879,35
2026/07/20 12:58:44.158,0,GPU-e2681f6e-8d94-2d66-484f-43ea602335f9,84.75,1410,1593,0,0,73879,35
2026/07/20 12:58:44.408,0,GPU-e2681f6e-8d94-2d66-484f-43ea602335f9,84.75,1410,1593,0,0,73879,35
2026/07/20 12:58:44.658,0,GPU-e2681f6e-8d94-2d66-484f-43ea602335f9,84.75,1410,1593,0,0,73879,35
2026/07/20 12:58:44.908,0,GPU-e2681f6e-8d94-2d66-484f-43ea602335f9,84.75,1410,1593,0,0,73879,35
2026/07/20 12:58:45.158,0,GPU-e2681f6e-8d94-2d66-484f-43ea602335f9,84.75,1410,1593,0,0,73879,35
2026/07/20 12:58:45.408,0,GPU-e2681f6e-8d94-2d66-484f-43ea602335f9,84.75,1410,1593,0,0,73879,35
2026/07/20 12:58:45.658,0,GPU-e2681f6e-8d94-2d66-484f-43ea602335f9,84.51,1410,1593,0,0,73879,35
2026/07/20 12:58:45.908,0,GPU-e2681f6e-8d94-2d66-484f-43ea602335f9,84.43,1410,1593,0,0,73879,35
2026/07/20 12:58:46.158,0,GPU-e2681f6e-8d94-2d66-484f-43ea602335f9,84.75,1410,1593,0,0,73879,35
2026/07/20 12:58:46.409,0,GPU-e2681f6e-8d94-2d66-484f-43ea602335f9,84.75,1410,1593,0,0,73879,35
2026/07/20 12:58:46.659,0,GPU-e2681f6e-8d94-2d66-484f-43ea602335f9,84.51,1410,1593,0,0,73879,35
2026/07/20 12:58:46.909,0,GPU-e2681f6e-8d94-2d66-484f-43ea602335f9,84.75,1410,1593,0,0,73879,35
2026/07/20 12:58:47.159,0,GPU-e2681f6e-8d94-2d66-484f-43ea602335f9,84.75,1410,1593,0,0,73879,35
2026/07/20 12:58:47.409,0,GPU-e2681f6e-8d94-2d66-484f-43ea602335f9,84.51,1410,1593,0,0,73879,35
2026/07/20 12:58:47.659,0,GPU-e2681f6e-8d94-2d66-484f-43ea602335f9,84.75,1410,1593,0,0,73879,35
2026/07/20 12:58:47.909,0,GPU-e2681f6e-8d94-2d66-484f-43ea602335f9,84.75,1410,1593,0,0,73879,35
2026/07/20 12:58:48.159,0,GPU-e2681f6e-8d94-2d66-484f-43ea602335f9,84.75,1410,1593,0,0,73879,35
2026/07/20 12:58:48.409,0,GPU-e2681f6e-8d94-2d66-484f-43ea602335f9,84.43,1410,1593,0,0,73879,35
2026/07/20 12:58:48.659,0,GPU-e2681f6e-8d94-2d66-484f-43ea602335f9,84.43,1410,1593,0,0,73879,35
2026/07/20 12:58:48.909,0,GPU-e2681f6e-8d94-2d66-484f-43ea602335f9,84.51,1410,1593,0,0,73879,35
2026/07/20 12:58:49.159,0,GPU-e2681f6e-8d94-2d66-484f-43ea602335f9,84.84,1410,1593,0,0,73879,35
2026/07/20 12:58:49.410,0,GPU-e2681f6e-8d94-2d66-484f-43ea602335f9,84.84,1410,1593,0,0,73879,35
2026/07/20 12:58:49.660,0,GPU-e2681f6e-8d94-2d66-484f-43ea602335f9,84.84,1410,1593,0,0,73879,35
2026/07/20 12:58:49.910,0,GPU-e2681f6e-8d94-2d66-484f-43ea602335f9,84.84,1410,1593,0,0,73879,35
2026/07/20 12:58:50.160,0,GPU-e2681f6e-8d94-2d66-484f-43ea602335f9,84.75,1410,1593,0,0,73879,35
2026/07/20 12:58:50.410,0,GPU-e2681f6e-8d94-2d66-484f-43ea602335f9,84.75,1410,1593,0,0,73879,35
2026/07/20 12:58:50.660,0,GPU-e2681f6e-8d94-2d66-484f-43ea602335f9,85.08,1410,1593,0,0,73879,35
2026/07/20 12:58:50.910,0,GPU-e2681f6e-8d94-2d66-484f-43ea602335f9,84.75,1410,1593,0,0,73879,35
2026/07/20 12:58:51.160,0,GPU-e2681f6e-8d94-2d66-484f-43ea602335f9,84.75,1410,1593,0,0,73879,35
2026/07/20 12:58:51.410,0,GPU-e2681f6e-8d94-2d66-484f-43ea602335f9,84.75,1410,1593,0,0,73879,35
2026/07/20 12:58:51.660,0,GPU-e2681f6e-8d94-2d66-484f-43ea602335f9,84.75,1410,1593,0,0,73879,35
2026/07/20 12:58:51.910,0,GPU-e2681f6e-8d94-2d66-484f-43ea602335f9,84.75,1410,1593,0,0,73879,35
2026/07/20 12:58:52.160,0,GPU-e2681f6e-8d94-2d66-484f-43ea602335f9,84.75,1410,1593,0,0,73879,35
2026/07/20 12:58:52.411,0,GPU-e2681f6e-8d94-2d66-484f-43ea602335f9,84.75,1410,1593,0,0,73879,35
2026/07/20 12:58:52.661,0,GPU-e2681f6e-8d94-2d66-484f-43ea602335f9,84.75,1410,1593,0,0,73879,35
2026/07/20 12:58:52.911,0,GPU-e2681f6e-8d94-2d66-484f-43ea602335f9,84.75,1410,1593,0,0,73879,35
2026/07/20 12:58:53.161,0,GPU-e2681f6e-8d94-2d66-484f-43ea602335f9,84.51,1410,1593,0,0,73879,35
2026/07/20 12:58:53.411,0,GPU-e2681f6e-8d94-2d66-484f-43ea602335f9,84.84,1410,1593,0,0,73879,35
2026/07/20 12:58:53.661,0,GPU-e2681f6e-8d94-2d66-484f-43ea602335f9,84.75,1410,1593,0,0,73879,35
2026/07/20 12:58:53.911,0,GPU-e2681f6e-8d94-2d66-484f-43ea602335f9,84.75,1410,1593,0,0,73879,35
2026/07/20 12:58:54.161,0,GPU-e2681f6e-8d94-2d66-484f-43ea602335f9,84.43,1410,1593,0,0,73879,35
2026/07/20 12:58:54.411,0,GPU-e2681f6e-8d94-2d66-484f-43ea602335f9,84.75,1410,1593,0,0,73879,35
2026/07/20 12:58:54.661,0,GPU-e2681f6e-8d94-2d66-484f-43ea602335f9,84.75,1410,1593,0,0,73879,35
2026/07/20 12:58:54.911,0,GPU-e2681f6e-8d94-2d66-484f-43ea602335f9,84.84,1410,1593,0,0,73879,35
2026/07/20 12:58:55.161,0,GPU-e2681f6e-8d94-2d66-484f-43ea602335f9,85.08,1410,1593,0,0,73879,35
2026/07/20 12:58:55.412,0,GPU-e2681f6e-8d94-2d66-484f-43ea602335f9,84.84,1410,1593,0,0,73879,35
2026/07/20 12:58:55.662,0,GPU-e2681f6e-8d94-2d66-484f-43ea602335f9,84.75,1410,1593,0,0,73879,35
2026/07/20 12:58:55.912,0,GPU-e2681f6e-8d94-2d66-484f-43ea602335f9,84.75,1410,1593,0,0,73879,35
2026/07/20 12:58:56.162,0,GPU-e2681f6e-8d94-2d66-484f-43ea602335f9,85.36,1410,1593,0,0,73879,35
2026/07/20 12:58:56.412,0,GPU-e2681f6e-8d94-2d66-484f-43ea602335f9,84.43,1410,1593,0,0,73879,35
2026/07/20 12:58:56.662,0,GPU-e2681f6e-8d94-2d66-484f-43ea602335f9,84.75,1410,1593,0,0,73879,35
2026/07/20 12:58:56.912,0,GPU-e2681f6e-8d94-2d66-484f-43ea602335f9,84.75,1410,1593,0,0,73879,35
2026/07/20 12:58:57.162,0,GPU-e2681f6e-8d94-2d66-484f-43ea602335f9,84.43,1410,1593,0,0,73879,35
2026/07/20 12:58:57.412,0,GPU-e2681f6e-8d94-2d66-484f-43ea602335f9,84.75,1410,1593,0,0,73879,35
2026/07/20 12:58:57.662,0,GPU-e2681f6e-8d94-2d66-484f-43ea602335f9,84.75,1410,1593,0,0,73879,35
2026/07/20 12:58:57.912,0,GPU-e2681f6e-8d94-2d66-484f-43ea602335f9,84.75,1410,1593,0,0,73879,35
2026/07/20 12:58:58.162,0,GPU-e2681f6e-8d94-2d66-484f-43ea602335f9,84.84,1410,1593,0,0,73879,35
2026/07/20 12:58:58.413,0,GPU-e2681f6e-8d94-2d66-484f-43ea602335f9,84.75,1410,1593,0,0,73879,35
2026/07/20 12:58:58.663,0,GPU-e2681f6e-8d94-2d66-484f-43ea602335f9,84.75,1410,1593,0,0,73879,35
2026/07/20 12:58:58.913,0,GPU-e2681f6e-8d94-2d66-484f-43ea602335f9,84.75,1410,1593,0,0,73879,35
2026/07/20 12:58:59.163,0,GPU-e2681f6e-8d94-2d66-484f-43ea602335f9,84.51,1410,1593,0,0,73879,35
2026/07/20 12:58:59.413,0,GPU-e2681f6e-8d94-2d66-484f-43ea602335f9,84.75,1410,1593,0,0,73879,35
2026/07/20 12:58:59.663,0,GPU-e2681f6e-8d94-2d66-484f-43ea602335f9,84.75,1410,1593,0,0,73879,35
2026/07/20 12:58:59.913,0,GPU-e2681f6e-8d94-2d66-484f-43ea602335f9,85.17,1410,1593,0,0,73879,35
2026/07/20 12:59:00.163,0,GPU-e2681f6e-8d94-2d66-484f-43ea602335f9,85.08,1410,1593,0,0,73879,35
2026/07/20 12:59:00.413,0,GPU-e2681f6e-8d94-2d66-484f-43ea602335f9,84.75,1410,1593,0,0,73879,35
2026/07/20 12:59:00.663,0,GPU-e2681f6e-8d94-2d66-484f-43ea602335f9,84.84,1410,1593,0,0,73879,35
2026/07/20 12:59:00.913,0,GPU-e2681f6e-8d94-2d66-484f-43ea602335f9,84.84,1410,1593,0,0,73879,35
2026/07/20 12:59:01.163,0,GPU-e2681f6e-8d94-2d66-484f-43ea602335f9,85.17,1410,1593,0,0,73879,35
2026/07/20 12:59:01.414,0,GPU-e2681f6e-8d94-2d66-484f-43ea602335f9,84.84,1410,1593,0,0,73879,35
2026/07/20 12:59:01.664,0,GPU-e2681f6e-8d94-2d66-484f-43ea602335f9,84.75,1410,1593,0,0,73879,35
2026/07/20 12:59:01.914,0,GPU-e2681f6e-8d94-2d66-484f-43ea602335f9,85.08,1410,1593,0,0,73879,35
2026/07/20 12:59:02.164,0,GPU-e2681f6e-8d94-2d66-484f-43ea602335f9,84.75,1410,1593,0,0,73879,35
2026/07/20 12:59:02.414,0,GPU-e2681f6e-8d94-2d66-484f-43ea602335f9,85.08,1410,1593,0,0,73879,35
2026/07/20 12:59:02.664,0,GPU-e2681f6e-8d94-2d66-484f-43ea602335f9,84.51,1410,1593,0,0,73879,35
2026/07/20 12:59:02.914,0,GPU-e2681f6e-8d94-2d66-484f-43ea602335f9,84.75,1410,1593,0,0,73879,35
2026/07/20 12:59:03.164,0,GPU-e2681f6e-8d94-2d66-484f-43ea602335f9,84.84,1410,1593,0,0,73879,35
2026/07/20 12:59:03.414,0,GPU-e2681f6e-8d94-2d66-484f-43ea602335f9,84.84,1410,1593,0,0,73879,35
2026/07/20 12:59:03.664,0,GPU-e2681f6e-8d94-2d66-484f-43ea602335f9,84.75,1410,1593,0,0,73879,35
2026/07/20 12:59:03.914,0,GPU-e2681f6e-8d94-2d66-484f-43ea602335f9,84.75,1410,1593,0,0,73879,35
2026/07/20 12:59:04.164,0,GPU-e2681f6e-8d94-2d66-484f-43ea602335f9,84.75,1410,1593,0,0,73879,35
2026/07/20 12:59:04.414,0,GPU-e2681f6e-8d94-2d66-484f-43ea602335f9,84.75,1410,1593,0,0,73879,35
2026/07/20 12:59:04.664,0,GPU-e2681f6e-8d94-2d66-484f-43ea602335f9,84.75,1410,1593,0,0,73879,35
2026/07/20 12:59:04.915,0,GPU-e2681f6e-8d94-2d66-484f-43ea602335f9,84.84,1410,1593,0,0,73879,35
2026/07/20 12:59:05.165,0,GPU-e2681f6e-8d94-2d66-484f-43ea602335f9,84.75,1410,1593,0,0,73879,35
2026/07/20 12:59:05.415,0,GPU-e2681f6e-8d94-2d66-484f-43ea602335f9,84.75,1410,1593,0,0,73879,35
2026/07/20 12:59:05.665,0,GPU-e2681f6e-8d94-2d66-484f-43ea602335f9,84.75,1410,1593,0,0,73879,35
2026/07/20 12:59:05.915,0,GPU-e2681f6e-8d94-2d66-484f-43ea602335f9,84.75,1410,1593,0,0,73879,35
2026/07/20 12:59:06.165,0,GPU-e2681f6e-8d94-2d66-484f-43ea602335f9,84.75,1410,1593,0,0,73879,35
2026/07/20 12:59:06.415,0,GPU-e2681f6e-8d94-2d66-484f-43ea602335f9,84.75,1410,1593,0,0,73879,35
2026/07/20 12:59:06.665,0,GPU-e2681f6e-8d94-2d66-484f-43ea602335f9,84.75,1410,1593,0,0,73879,35
2026/07/20 12:59:06.915,0,GPU-e2681f6e-8d94-2d66-484f-43ea602335f9,85.08,1410,1593,0,0,73879,35
2026/07/20 12:59:07.165,0,GPU-e2681f6e-8d94-2d66-484f-43ea602335f9,84.84,1410,1593,0,0,73879,35
2026/07/20 12:59:07.415,0,GPU-e2681f6e-8d94-2d66-484f-43ea602335f9,84.84,1410,1593,0,0,73879,35
2026/07/20 12:59:07.666,0,GPU-e2681f6e-8d94-2d66-484f-43ea602335f9,84.75,1410,1593,0,0,73879,35
2026/07/20 12:59:07.916,0,GPU-e2681f6e-8d94-2d66-484f-43ea602335f9,85.08,1410,1593,0,0,73879,35
2026/07/20 12:59:08.166,0,GPU-e2681f6e-8d94-2d66-484f-43ea602335f9,85.08,1410,1593,0,0,73879,35
2026/07/20 12:59:08.416,0,GPU-e2681f6e-8d94-2d66-484f-43ea602335f9,84.75,1410,1593,0,0,73879,35
2026/07/20 12:59:08.666,0,GPU-e2681f6e-8d94-2d66-484f-43ea602335f9,84.84,1410,1593,0,0,73879,35
2026/07/20 12:59:08.916,0,GPU-e2681f6e-8d94-2d66-484f-43ea602335f9,84.75,1410,1593,0,0,73879,35
2026/07/20 12:59:09.166,0,GPU-e2681f6e-8d94-2d66-484f-43ea602335f9,84.75,1410,1593,0,0,73879,35
2026/07/20 12:59:09.416,0,GPU-e2681f6e-8d94-2d66-484f-43ea602335f9,84.75,1410,1593,0,0,73879,35
2026/07/20 12:59:09.666,0,GPU-e2681f6e-8d94-2d66-484f-43ea602335f9,84.75,1410,1593,0,0,73879,35
2026/07/20 12:59:09.919,0,GPU-e2681f6e-8d94-2d66-484f-43ea602335f9,84.75,1410,1593,0,0,73879,35
2026/07/20 12:59:10.248,0,GPU-e2681f6e-8d94-2d66-484f-43ea602335f9,84.75,1410,1593,0,0,73879,35
2026/07/20 12:59:10.629,0,GPU-e2681f6e-8d94-2d66-484f-43ea602335f9,84.84,1410,1593,0,0,73879,35
2026/07/20 12:59:10.948,0,GPU-e2681f6e-8d94-2d66-484f-43ea602335f9,84.75,1410,1593,0,0,73879,35
2026/07/20 12:59:11.394,0,GPU-e2681f6e-8d94-2d66-484f-43ea602335f9,84.84,1410,1593,0,0,73879,35
2026/07/20 12:59:11.645,0,GPU-e2681f6e-8d94-2d66-484f-43ea602335f9,84.84,1410,1593,0,0,73879,35
2026/07/20 12:59:11.895,0,GPU-e2681f6e-8d94-2d66-484f-43ea602335f9,85.08,1410,1593,0,0,73879,35
2026/07/20 12:59:12.145,0,GPU-e2681f6e-8d94-2d66-484f-43ea602335f9,84.75,1410,1593,0,0,73879,35
2026/07/20 12:59:12.395,0,GPU-e2681f6e-8d94-2d66-484f-43ea602335f9,84.75,1410,1593,0,0,73879,35
2026/07/20 12:59:12.645,0,GPU-e2681f6e-8d94-2d66-484f-43ea602335f9,84.84,1410,1593,0,0,73879,35
2026/07/20 12:59:12.895,0,GPU-e2681f6e-8d94-2d66-484f-43ea602335f9,85.08,1410,1593,0,0,73879,35
2026/07/20 12:59:13.145,0,GPU-e2681f6e-8d94-2d66-484f-43ea602335f9,84.75,1410,1593,0,0,73879,35
2026/07/20 12:59:13.395,0,GPU-e2681f6e-8d94-2d66-484f-43ea602335f9,84.84,1410,1593,0,0,73879,35
2026/07/20 12:59:13.645,0,GPU-e2681f6e-8d94-2d66-484f-43ea602335f9,84.75,1410,1593,0,0,73879,35
2026/07/20 12:59:13.895,0,GPU-e2681f6e-8d94-2d66-484f-43ea602335f9,84.75,1410,1593,0,0,73879,35
2026/07/20 12:59:14.145,0,GPU-e2681f6e-8d94-2d66-484f-43ea602335f9,84.75,1410,1593,0,0,73879,35
2026/07/20 12:59:14.395,0,GPU-e2681f6e-8d94-2d66-484f-43ea602335f9,85.08,1410,1593,0,0,73879,35
2026/07/20 12:59:14.645,0,GPU-e2681f6e-8d94-2d66-484f-43ea602335f9,84.84,1410,1593,0,0,73879,35
2026/07/20 12:59:14.895,0,GPU-e2681f6e-8d94-2d66-484f-43ea602335f9,84.75,1410,1593,0,0,73879,35
2026/07/20 12:59:15.145,0,GPU-e2681f6e-8d94-2d66-484f-43ea602335f9,84.84,1410,1593,0,0,73879,35
2026/07/20 12:59:15.395,0,GPU-e2681f6e-8d94-2d66-484f-43ea602335f9,84.75,1410,1593,0,0,73879,35
2026/07/20 12:59:15.646,0,GPU-e2681f6e-8d94-2d66-484f-43ea602335f9,84.75,1410,1593,0,0,73879,35
2026/07/20 12:59:15.896,0,GPU-e2681f6e-8d94-2d66-484f-43ea602335f9,84.75,1410,1593,0,0,73879,35
2026/07/20 12:59:16.146,0,GPU-e2681f6e-8d94-2d66-484f-43ea602335f9,84.75,1410,1593,0,0,73879,35
2026/07/20 12:59:16.396,0,GPU-e2681f6e-8d94-2d66-484f-43ea602335f9,84.75,1410,1593,0,0,73879,35
2026/07/20 12:59:16.646,0,GPU-e2681f6e-8d94-2d66-484f-43ea602335f9,85.08,1410,1593,0,0,73879,35
2026/07/20 12:59:16.896,0,GPU-e2681f6e-8d94-2d66-484f-43ea602335f9,84.75,1410,1593,0,0,73879,35
2026/07/20 12:59:17.146,0,GPU-e2681f6e-8d94-2d66-484f-43ea602335f9,85.08,1410,1593,0,0,73879,35
2026/07/20 12:59:17.396,0,GPU-e2681f6e-8d94-2d66-484f-43ea602335f9,84.75,1410,1593,0,0,73879,35
2026/07/20 12:59:17.646,0,GPU-e2681f6e-8d94-2d66-484f-43ea602335f9,84.75,1410,1593,0,0,73879,35
2026/07/20 12:59:17.896,0,GPU-e2681f6e-8d94-2d66-484f-43ea602335f9,85.08,1410,1593,0,0,73879,35
2026/07/20 12:59:18.146,0,GPU-e2681f6e-8d94-2d66-484f-43ea602335f9,85.08,1410,1593,0,0,73879,35
2026/07/20 12:59:18.396,0,GPU-e2681f6e-8d94-2d66-484f-43ea602335f9,84.75,1410,1593,0,0,73879,35
2026/07/20 12:59:18.647,0,GPU-e2681f6e-8d94-2d66-484f-43ea602335f9,84.75,1410,1593,0,0,73879,35
2026/07/20 12:59:18.897,0,GPU-e2681f6e-8d94-2d66-484f-43ea602335f9,84.75,1410,1593,0,0,73879,35
2026/07/20 12:59:19.147,0,GPU-e2681f6e-8d94-2d66-484f-43ea602335f9,85.08,1410,1593,0,0,73879,35
2026/07/20 12:59:19.397,0,GPU-e2681f6e-8d94-2d66-484f-43ea602335f9,85.08,1410,1593,0,0,73879,35
2026/07/20 12:59:19.647,0,GPU-e2681f6e-8d94-2d66-484f-43ea602335f9,84.99,1410,1593,0,0,73879,35
2026/07/20 12:59:19.897,0,GPU-e2681f6e-8d94-2d66-484f-43ea602335f9,84.84,1410,1593,0,0,73879,35
2026/07/20 12:59:20.147,0,GPU-e2681f6e-8d94-2d66-484f-43ea602335f9,85.08,1410,1593,0,0,73879,35
2026/07/20 12:59:20.397,0,GPU-e2681f6e-8d94-2d66-484f-43ea602335f9,84.75,1410,1593,0,0,73879,35
2026/07/20 12:59:20.647,0,GPU-e2681f6e-8d94-2d66-484f-43ea602335f9,85.36,1410,1593,0,0,73879,35
2026/07/20 12:59:20.897,0,GPU-e2681f6e-8d94-2d66-484f-43ea602335f9,85.08,1410,1593,0,0,73879,35
2026/07/20 12:59:21.147,0,GPU-e2681f6e-8d94-2d66-484f-43ea602335f9,85.08,1410,1593,0,0,73879,35
2026/07/20 12:59:21.397,0,GPU-e2681f6e-8d94-2d66-484f-43ea602335f9,84.84,1410,1593,0,0,73879,35
2026/07/20 12:59:21.647,0,GPU-e2681f6e-8d94-2d66-484f-43ea602335f9,84.75,1410,1593,0,0,73879,35
2026/07/20 12:59:21.898,0,GPU-e2681f6e-8d94-2d66-484f-43ea602335f9,84.84,1410,1593,0,0,73879,35
2026/07/20 12:59:22.148,0,GPU-e2681f6e-8d94-2d66-484f-43ea602335f9,84.75,1410,1593,0,0,73879,35
2026/07/20 12:59:22.398,0,GPU-e2681f6e-8d94-2d66-484f-43ea602335f9,84.84,1410,1593,0,0,73879,35
2026/07/20 12:59:22.648,0,GPU-e2681f6e-8d94-2d66-484f-43ea602335f9,84.75,1410,1593,0,0,73879,35
2026/07/20 12:59:22.898,0,GPU-e2681f6e-8d94-2d66-484f-43ea602335f9,85.08,1410,1593,0,0,73879,35
2026/07/20 12:59:23.148,0,GPU-e2681f6e-8d94-2d66-484f-43ea602335f9,85.08,1410,1593,0,0,73879,35
2026/07/20 12:59:23.398,0,GPU-e2681f6e-8d94-2d66-484f-43ea602335f9,84.75,1410,1593,0,0,73879,35
2026/07/20 12:59:23.648,0,GPU-e2681f6e-8d94-2d66-484f-43ea602335f9,84.75,1410,1593,0,0,73879,35
2026/07/20 12:59:23.898,0,GPU-e2681f6e-8d94-2d66-484f-43ea602335f9,85.08,1410,1593,0,0,73879,35
2026/07/20 12:59:24.148,0,GPU-e2681f6e-8d94-2d66-484f-43ea602335f9,85.17,1410,1593,0,0,73879,35
2026/07/20 12:59:24.398,0,GPU-e2681f6e-8d94-2d66-484f-43ea602335f9,85.08,1410,1593,0,0,73879,35
2026/07/20 12:59:24.648,0,GPU-e2681f6e-8d94-2d66-484f-43ea602335f9,84.75,1410,1593,0,0,73879,35
2026/07/20 12:59:24.899,0,GPU-e2681f6e-8d94-2d66-484f-43ea602335f9,84.75,1410,1593,0,0,73879,35
2026/07/20 12:59:25.149,0,GPU-e2681f6e-8d94-2d66-484f-43ea602335f9,85.08,1410,1593,0,0,73879,35
2026/07/20 12:59:25.399,0,GPU-e2681f6e-8d94-2d66-484f-43ea602335f9,84.75,1410,1593,0,0,73879,35
2026/07/20 12:59:25.649,0,GPU-e2681f6e-8d94-2d66-484f-43ea602335f9,84.75,1410,1593,0,0,73879,35
2026/07/20 12:59:25.899,0,GPU-e2681f6e-8d94-2d66-484f-43ea602335f9,85.17,1410,1593,0,0,73879,35
2026/07/20 12:59:26.149,0,GPU-e2681f6e-8d94-2d66-484f-43ea602335f9,85.08,1410,1593,0,0,73879,35
2026/07/20 12:59:26.399,0,GPU-e2681f6e-8d94-2d66-484f-43ea602335f9,84.75,1410,1593,0,0,73879,35
2026/07/20 12:59:26.649,0,GPU-e2681f6e-8d94-2d66-484f-43ea602335f9,85.08,1410,1593,0,0,73879,35
2026/07/20 12:59:26.899,0,GPU-e2681f6e-8d94-2d66-484f-43ea602335f9,85.08,1410,1593,0,0,73879,35
2026/07/20 12:59:27.149,0,GPU-e2681f6e-8d94-2d66-484f-43ea602335f9,85.08,1410,1593,0,0,73879,35
2026/07/20 12:59:27.399,0,GPU-e2681f6e-8d94-2d66-484f-43ea602335f9,85.08,1410,1593,0,0,73879,35
2026/07/20 12:59:27.649,0,GPU-e2681f6e-8d94-2d66-484f-43ea602335f9,85.08,1410,1593,0,0,73879,35
2026/07/20 12:59:27.899,0,GPU-e2681f6e-8d94-2d66-484f-43ea602335f9,85.08,1410,1593,0,0,73879,35
2026/07/20 12:59:28.150,0,GPU-e2681f6e-8d94-2d66-484f-43ea602335f9,85.08,1410,1593,0,0,73879,35
2026/07/20 12:59:28.400,0,GPU-e2681f6e-8d94-2d66-484f-43ea602335f9,85.08,1410,1593,0,0,73879,35
2026/07/20 12:59:28.650,0,GPU-e2681f6e-8d94-2d66-484f-43ea602335f9,85.08,1410,1593,0,0,73879,35
2026/07/20 12:59:28.900,0,GPU-e2681f6e-8d94-2d66-484f-43ea602335f9,85.17,1410,1593,0,0,73879,35
2026/07/20 12:59:29.150,0,GPU-e2681f6e-8d94-2d66-484f-43ea602335f9,84.75,1410,1593,0,0,73879,35
2026/07/20 12:59:29.400,0,GPU-e2681f6e-8d94-2d66-484f-43ea602335f9,85.08,1410,1593,0,0,73879,35
2026/07/20 12:59:29.650,0,GPU-e2681f6e-8d94-2d66-484f-43ea602335f9,84.99,1410,1593,0,0,73879,35
2026/07/20 12:59:29.900,0,GPU-e2681f6e-8d94-2d66-484f-43ea602335f9,85.08,1410,1593,0,0,73879,35
2026/07/20 12:59:30.150,0,GPU-e2681f6e-8d94-2d66-484f-43ea602335f9,85.08,1410,1593,0,0,73879,35
2026/07/20 12:59:30.400,0,GPU-e2681f6e-8d94-2d66-484f-43ea602335f9,85.08,1410,1593,0,0,73879,35
2026/07/20 12:59:30.650,0,GPU-e2681f6e-8d94-2d66-484f-43ea602335f9,85.08,1410,1593,0,0,73879,35
2026/07/20 12:59:30.900,0,GPU-e2681f6e-8d94-2d66-484f-43ea602335f9,85.08,1410,1593,0,0,73879,35
2026/07/20 12:59:31.150,0,GPU-e2681f6e-8d94-2d66-484f-43ea602335f9,85.08,1410,1593,0,0,73879,35
2026/07/20 12:59:31.400,0,GPU-e2681f6e-8d94-2d66-484f-43ea602335f9,85.08,1410,1593,0,0,73879,35
2026/07/20 12:59:31.651,0,GPU-e2681f6e-8d94-2d66-484f-43ea602335f9,85.17,1410,1593,0,0,73879,35
2026/07/20 12:59:31.901,0,GPU-e2681f6e-8d94-2d66-484f-43ea602335f9,85.17,1410,1593,0,0,73879,35
2026/07/20 12:59:32.151,0,GPU-e2681f6e-8d94-2d66-484f-43ea602335f9,85.08,1410,1593,0,0,73879,35
2026/07/20 12:59:32.401,0,GPU-e2681f6e-8d94-2d66-484f-43ea602335f9,85.36,1410,1593,0,0,73879,35
2026/07/20 12:59:32.651,0,GPU-e2681f6e-8d94-2d66-484f-43ea602335f9,85.36,1410,1593,0,0,73879,35
2026/07/20 12:59:32.901,0,GPU-e2681f6e-8d94-2d66-484f-43ea602335f9,85.08,1410,1593,0,0,73879,35
2026/07/20 12:59:33.151,0,GPU-e2681f6e-8d94-2d66-484f-43ea602335f9,85.08,1410,1593,0,0,73879,35
2026/07/20 12:59:33.401,0,GPU-e2681f6e-8d94-2d66-484f-43ea602335f9,85.08,1410,1593,0,0,73879,35
2026/07/20 12:59:33.651,0,GPU-e2681f6e-8d94-2d66-484f-43ea602335f9,85.17,1410,1593,0,0,73879,35
2026/07/20 12:59:33.901,0,GPU-e2681f6e-8d94-2d66-484f-43ea602335f9,85.17,1410,1593,0,0,73879,35
2026/07/20 12:59:34.151,0,GPU-e2681f6e-8d94-2d66-484f-43ea602335f9,85.08,1410,1593,0,0,73879,35
2026/07/20 12:59:34.401,0,GPU-e2681f6e-8d94-2d66-484f-43ea602335f9,85.08,1410,1593,0,0,73879,35
2026/07/20 12:59:34.651,0,GPU-e2681f6e-8d94-2d66-484f-43ea602335f9,85.17,1410,1593,0,0,73879,35
2026/07/20 12:59:34.902,0,GPU-e2681f6e-8d94-2d66-484f-43ea602335f9,85.08,1410,1593,0,0,73879,35
2026/07/20 12:59:35.152,0,GPU-e2681f6e-8d94-2d66-484f-43ea602335f9,85.08,1410,1593,0,0,73879,35
2026/07/20 12:59:35.402,0,GPU-e2681f6e-8d94-2d66-484f-43ea602335f9,85.08,1410,1593,0,0,73879,35
2026/07/20 12:59:35.652,0,GPU-e2681f6e-8d94-2d66-484f-43ea602335f9,85.08,1410,1593,0,0,73879,35
2026/07/20 12:59:35.902,0,GPU-e2681f6e-8d94-2d66-484f-43ea602335f9,84.75,1410,1593,0,0,73879,35
2026/07/20 12:59:36.152,0,GPU-e2681f6e-8d94-2d66-484f-43ea602335f9,85.08,1410,1593,0,0,73879,35
2026/07/20 12:59:36.402,0,GPU-e2681f6e-8d94-2d66-484f-43ea602335f9,85.17,1410,1593,0,0,73879,35
2026/07/20 12:59:36.653,0,GPU-e2681f6e-8d94-2d66-484f-43ea602335f9,85.08,1410,1593,0,0,73879,35
2026/07/20 12:59:36.903,0,GPU-e2681f6e-8d94-2d66-484f-43ea602335f9,85.08,1410,1593,0,0,73879,35
2026/07/20 12:59:37.153,0,GPU-e2681f6e-8d94-2d66-484f-43ea602335f9,84.84,1410,1593,0,0,73879,35
2026/07/20 12:59:37.403,0,GPU-e2681f6e-8d94-2d66-484f-43ea602335f9,85.17,1410,1593,0,0,73879,35
2026/07/20 12:59:37.653,0,GPU-e2681f6e-8d94-2d66-484f-43ea602335f9,85.08,1410,1593,0,0,73879,35
2026/07/20 12:59:37.903,0,GPU-e2681f6e-8d94-2d66-484f-43ea602335f9,85.08,1410,1593,0,0,73879,35
2026/07/20 12:59:38.153,0,GPU-e2681f6e-8d94-2d66-484f-43ea602335f9,85.08,1410,1593,0,0,73879,35
2026/07/20 12:59:38.403,0,GPU-e2681f6e-8d94-2d66-484f-43ea602335f9,85.08,1410,1593,0,0,73879,35
2026/07/20 12:59:38.653,0,GPU-e2681f6e-8d94-2d66-484f-43ea602335f9,85.36,1410,1593,0,0,73879,35
2026/07/20 12:59:38.903,0,GPU-e2681f6e-8d94-2d66-484f-43ea602335f9,85.08,1410,1593,0,0,73879,35
2026/07/20 12:59:39.153,0,GPU-e2681f6e-8d94-2d66-484f-43ea602335f9,85.08,1410,1593,0,0,73879,35
2026/07/20 12:59:39.403,0,GPU-e2681f6e-8d94-2d66-484f-43ea602335f9,85.08,1410,1593,0,0,73879,35
2026/07/20 12:59:39.654,0,GPU-e2681f6e-8d94-2d66-484f-43ea602335f9,85.08,1410,1593,0,0,73879,35
2026/07/20 12:59:39.904,0,GPU-e2681f6e-8d94-2d66-484f-43ea602335f9,85.08,1410,1593,0,0,73879,35
2026/07/20 12:59:40.154,0,GPU-e2681f6e-8d94-2d66-484f-43ea602335f9,84.43,1410,1593,0,0,73879,35
2026/07/20 12:59:40.404,0,GPU-e2681f6e-8d94-2d66-484f-43ea602335f9,84.51,1410,1593,0,0,73879,35
2026/07/20 12:59:40.654,0,GPU-e2681f6e-8d94-2d66-484f-43ea602335f9,84.43,1410,1593,0,0,73879,35
2026/07/20 12:59:40.904,0,GPU-e2681f6e-8d94-2d66-484f-43ea602335f9,84.84,1410,1593,0,0,73879,35
2026/07/20 12:59:41.154,0,GPU-e2681f6e-8d94-2d66-484f-43ea602335f9,84.75,1410,1593,0,0,73879,35
2026/07/20 12:59:41.404,0,GPU-e2681f6e-8d94-2d66-484f-43ea602335f9,84.84,1410,1593,0,0,73879,35
2026/07/20 12:59:41.654,0,GPU-e2681f6e-8d94-2d66-484f-43ea602335f9,84.43,1410,1593,0,0,73879,35
2026/07/20 12:59:41.904,0,GPU-e2681f6e-8d94-2d66-484f-43ea602335f9,84.43,1410,1593,0,0,73879,35
2026/07/20 12:59:42.154,0,GPU-e2681f6e-8d94-2d66-484f-43ea602335f9,84.75,1410,1593,0,0,73879,35
2026/07/20 12:59:42.404,0,GPU-e2681f6e-8d94-2d66-484f-43ea602335f9,84.43,1410,1593,0,0,73879,35
2026/07/20 12:59:42.655,0,GPU-e2681f6e-8d94-2d66-484f-43ea602335f9,84.43,1410,1593,0,0,73879,35
2026/07/20 12:59:42.905,0,GPU-e2681f6e-8d94-2d66-484f-43ea602335f9,84.43,1410,1593,0,0,73879,35
2026/07/20 12:59:43.155,0,GPU-e2681f6e-8d94-2d66-484f-43ea602335f9,84.75,1410,1593,0,0,73879,35
2026/07/20 12:59:43.405,0,GPU-e2681f6e-8d94-2d66-484f-43ea602335f9,84.75,1410,1593,0,0,73879,35
2026/07/20 12:59:43.655,0,GPU-e2681f6e-8d94-2d66-484f-43ea602335f9,84.43,1410,1593,0,0,73879,35
2026/07/20 12:59:43.905,0,GPU-e2681f6e-8d94-2d66-484f-43ea602335f9,84.43,1410,1593,0,0,73879,35
2026/07/20 12:59:44.155,0,GPU-e2681f6e-8d94-2d66-484f-43ea602335f9,84.84,1410,1593,0,0,73879,35
2026/07/20 12:59:44.405,0,GPU-e2681f6e-8d94-2d66-484f-43ea602335f9,84.75,1410,1593,0,0,73879,35
2026/07/20 12:59:44.655,0,GPU-e2681f6e-8d94-2d66-484f-43ea602335f9,84.75,1410,1593,0,0,73879,35
2026/07/20 12:59:44.907,0,GPU-e2681f6e-8d94-2d66-484f-43ea602335f9,85.08,1410,1593,0,0,73879,35
2026/07/20 12:59:45.157,0,GPU-e2681f6e-8d94-2d66-484f-43ea602335f9,84.51,1410,1593,0,0,73879,35
2026/07/20 12:59:45.407,0,GPU-e2681f6e-8d94-2d66-484f-43ea602335f9,84.43,1410,1593,0,0,73879,35
2026/07/20 12:59:45.657,0,GPU-e2681f6e-8d94-2d66-484f-43ea602335f9,84.43,1410,1593,0,0,73879,35
2026/07/20 12:59:45.907,0,GPU-e2681f6e-8d94-2d66-484f-43ea602335f9,84.51,1410,1593,0,0,73879,35
2026/07/20 12:59:46.157,0,GPU-e2681f6e-8d94-2d66-484f-43ea602335f9,84.43,1410,1593,0,0,73879,35
2026/07/20 12:59:46.407,0,GPU-e2681f6e-8d94-2d66-484f-43ea602335f9,84.51,1410,1593,0,0,73879,35
2026/07/20 12:59:46.657,0,GPU-e2681f6e-8d94-2d66-484f-43ea602335f9,84.43,1410,1593,0,0,73879,35
2026/07/20 12:59:46.907,0,GPU-e2681f6e-8d94-2d66-484f-43ea602335f9,84.84,1410,1593,0,0,73879,35
2026/07/20 12:59:47.157,0,GPU-e2681f6e-8d94-2d66-484f-43ea602335f9,84.84,1410,1593,0,0,73879,35
2026/07/20 12:59:47.407,0,GPU-e2681f6e-8d94-2d66-484f-43ea602335f9,84.43,1410,1593,0,0,73879,35
2026/07/20 12:59:47.658,0,GPU-e2681f6e-8d94-2d66-484f-43ea602335f9,84.43,1410,1593,0,0,73879,35
2026/07/20 12:59:47.908,0,GPU-e2681f6e-8d94-2d66-484f-43ea602335f9,84.75,1410,1593,0,0,73879,35
2026/07/20 12:59:48.158,0,GPU-e2681f6e-8d94-2d66-484f-43ea602335f9,84.51,1410,1593,0,0,73879,35
2026/07/20 12:59:48.408,0,GPU-e2681f6e-8d94-2d66-484f-43ea602335f9,84.84,1410,1593,0,0,73879,35
2026/07/20 12:59:48.658,0,GPU-e2681f6e-8d94-2d66-484f-43ea602335f9,84.43,1410,1593,0,0,73879,35
2026/07/20 12:59:48.908,0,GPU-e2681f6e-8d94-2d66-484f-43ea602335f9,84.43,1410,1593,0,0,73879,35
2026/07/20 12:59:49.158,0,GPU-e2681f6e-8d94-2d66-484f-43ea602335f9,84.43,1410,1593,0,0,73879,35
2026/07/20 12:59:49.408,0,GPU-e2681f6e-8d94-2d66-484f-43ea602335f9,84.75,1410,1593,0,0,73879,35
2026/07/20 12:59:49.658,0,GPU-e2681f6e-8d94-2d66-484f-43ea602335f9,84.75,1410,1593,0,0,73879,35
2026/07/20 12:59:49.908,0,GPU-e2681f6e-8d94-2d66-484f-43ea602335f9,84.75,1410,1593,0,0,73879,35
2026/07/20 12:59:50.158,0,GPU-e2681f6e-8d94-2d66-484f-43ea602335f9,84.51,1410,1593,0,0,73879,35
2026/07/20 12:59:50.409,0,GPU-e2681f6e-8d94-2d66-484f-43ea602335f9,84.75,1410,1593,0,0,73879,35
2026/07/20 12:59:50.659,0,GPU-e2681f6e-8d94-2d66-484f-43ea602335f9,84.75,1410,1593,0,0,73879,35
2026/07/20 12:59:50.909,0,GPU-e2681f6e-8d94-2d66-484f-43ea602335f9,85.08,1410,1593,0,0,73879,35
2026/07/20 12:59:51.159,0,GPU-e2681f6e-8d94-2d66-484f-43ea602335f9,84.51,1410,1593,0,0,73879,35
2026/07/20 12:59:51.409,0,GPU-e2681f6e-8d94-2d66-484f-43ea602335f9,84.43,1410,1593,0,0,73879,35
2026/07/20 12:59:51.659,0,GPU-e2681f6e-8d94-2d66-484f-43ea602335f9,84.43,1410,1593,0,0,73879,35
2026/07/20 12:59:51.909,0,GPU-e2681f6e-8d94-2d66-484f-43ea602335f9,84.75,1410,1593,0,0,73879,35
2026/07/20 12:59:52.159,0,GPU-e2681f6e-8d94-2d66-484f-43ea602335f9,84.43,1410,1593,0,0,73879,35
2026/07/20 12:59:52.409,0,GPU-e2681f6e-8d94-2d66-484f-43ea602335f9,84.75,1410,1593,0,0,73879,35
2026/07/20 12:59:52.659,0,GPU-e2681f6e-8d94-2d66-484f-43ea602335f9,84.43,1410,1593,0,0,73879,35
2026/07/20 12:59:52.911,0,GPU-e2681f6e-8d94-2d66-484f-43ea602335f9,84.75,1410,1593,0,0,73879,35
2026/07/20 12:59:53.162,0,GPU-e2681f6e-8d94-2d66-484f-43ea602335f9,84.43,1410,1593,0,0,73879,35
2026/07/20 12:59:53.412,0,GPU-e2681f6e-8d94-2d66-484f-43ea602335f9,84.84,1410,1593,0,0,73879,35
2026/07/20 12:59:53.662,0,GPU-e2681f6e-8d94-2d66-484f-43ea602335f9,84.43,1410,1593,0,0,73879,35
2026/07/20 12:59:53.912,0,GPU-e2681f6e-8d94-2d66-484f-43ea602335f9,84.51,1410,1593,0,0,73879,35
2026/07/20 12:59:54.162,0,GPU-e2681f6e-8d94-2d66-484f-43ea602335f9,84.43,1410,1593,0,0,73879,35
2026/07/20 12:59:54.412,0,GPU-e2681f6e-8d94-2d66-484f-43ea602335f9,84.84,1410,1593,0,0,73879,35
2026/07/20 12:59:54.662,0,GPU-e2681f6e-8d94-2d66-484f-43ea602335f9,84.75,1410,1593,0,0,73879,35
2026/07/20 12:59:54.912,0,GPU-e2681f6e-8d94-2d66-484f-43ea602335f9,84.84,1410,1593,0,0,73879,35
2026/07/20 12:59:55.162,0,GPU-e2681f6e-8d94-2d66-484f-43ea602335f9,84.75,1410,1593,0,0,73879,35
2026/07/20 12:59:55.412,0,GPU-e2681f6e-8d94-2d66-484f-43ea602335f9,84.75,1410,1593,0,0,73879,35
2026/07/20 12:59:55.662,0,GPU-e2681f6e-8d94-2d66-484f-43ea602335f9,84.75,1410,1593,0,0,73879,35
2026/07/20 12:59:55.913,0,GPU-e2681f6e-8d94-2d66-484f-43ea602335f9,84.75,1410,1593,0,0,73879,35
2026/07/20 12:59:56.163,0,GPU-e2681f6e-8d94-2d66-484f-43ea602335f9,84.84,1410,1593,0,0,73879,35
2026/07/20 12:59:56.413,0,GPU-e2681f6e-8d94-2d66-484f-43ea602335f9,84.75,1410,1593,0,0,73879,35
2026/07/20 12:59:56.663,0,GPU-e2681f6e-8d94-2d66-484f-43ea602335f9,84.75,1410,1593,0,0,73879,35
2026/07/20 12:59:56.913,0,GPU-e2681f6e-8d94-2d66-484f-43ea602335f9,84.75,1410,1593,0,0,73879,35
2026/07/20 12:59:57.163,0,GPU-e2681f6e-8d94-2d66-484f-43ea602335f9,84.75,1410,1593,0,0,73879,35
2026/07/20 12:59:57.413,0,GPU-e2681f6e-8d94-2d66-484f-43ea602335f9,84.75,1410,1593,0,0,73879,35
2026/07/20 12:59:57.663,0,GPU-e2681f6e-8d94-2d66-484f-43ea602335f9,84.43,1410,1593,0,0,73879,35
2026/07/20 12:59:57.913,0,GPU-e2681f6e-8d94-2d66-484f-43ea602335f9,84.75,1410,1593,0,0,73879,35
2026/07/20 12:59:58.163,0,GPU-e2681f6e-8d94-2d66-484f-43ea602335f9,84.51,1410,1593,0,0,73879,35
2026/07/20 12:59:58.413,0,GPU-e2681f6e-8d94-2d66-484f-43ea602335f9,84.75,1410,1593,0,0,73879,35
2026/07/20 12:59:58.663,0,GPU-e2681f6e-8d94-2d66-484f-43ea602335f9,84.75,1410,1593,0,0,73879,35
2026/07/20 12:59:58.914,0,GPU-e2681f6e-8d94-2d66-484f-43ea602335f9,84.75,1410,1593,0,0,73879,35
2026/07/20 12:59:59.164,0,GPU-e2681f6e-8d94-2d66-484f-43ea602335f9,84.75,1410,1593,0,0,73879,35
2026/07/20 12:59:59.414,0,GPU-e2681f6e-8d94-2d66-484f-43ea602335f9,84.75,1410,1593,0,0,73879,35
2026/07/20 12:59:59.664,0,GPU-e2681f6e-8d94-2d66-484f-43ea602335f9,84.43,1410,1593,0,0,73879,35
2026/07/20 12:59:59.914,0,GPU-e2681f6e-8d94-2d66-484f-43ea602335f9,84.75,1410,1593,0,0,73879,35
2026/07/20 13:00:00.164,0,GPU-e2681f6e-8d94-2d66-484f-43ea602335f9,84.75,1410,1593,0,0,73879,35
2026/07/20 13:00:00.414,0,GPU-e2681f6e-8d94-2d66-484f-43ea602335f9,84.75,1410,1593,0,0,73879,35
2026/07/20 13:00:00.664,0,GPU-e2681f6e-8d94-2d66-484f-43ea602335f9,84.84,1410,1593,0,0,73879,35
2026/07/20 13:00:00.914,0,GPU-e2681f6e-8d94-2d66-484f-43ea602335f9,84.75,1410,1593,0,0,73879,35
2026/07/20 13:00:01.164,0,GPU-e2681f6e-8d94-2d66-484f-43ea602335f9,84.75,1410,1593,0,0,73879,35
2026/07/20 13:00:01.415,0,GPU-e2681f6e-8d94-2d66-484f-43ea602335f9,84.75,1410,1593,0,0,73879,35
2026/07/20 13:00:01.665,0,GPU-e2681f6e-8d94-2d66-484f-43ea602335f9,84.84,1410,1593,0,0,73879,35
2026/07/20 13:00:01.915,0,GPU-e2681f6e-8d94-2d66-484f-43ea602335f9,84.75,1410,1593,0,0,73879,35
2026/07/20 13:00:02.165,0,GPU-e2681f6e-8d94-2d66-484f-43ea602335f9,84.51,1410,1593,0,0,73879,35
2026/07/20 13:00:02.415,0,GPU-e2681f6e-8d94-2d66-484f-43ea602335f9,84.75,1410,1593,0,0,73879,35
2026/07/20 13:00:02.665,0,GPU-e2681f6e-8d94-2d66-484f-43ea602335f9,85.17,1410,1593,0,0,73879,35
2026/07/20 13:00:02.915,0,GPU-e2681f6e-8d94-2d66-484f-43ea602335f9,85.08,1410,1593,0,0,73879,35
2026/07/20 13:00:03.165,0,GPU-e2681f6e-8d94-2d66-484f-43ea602335f9,84.75,1410,1593,0,0,73879,35
2026/07/20 13:00:03.415,0,GPU-e2681f6e-8d94-2d66-484f-43ea602335f9,84.51,1410,1593,0,0,73879,35
2026/07/20 13:00:03.665,0,GPU-e2681f6e-8d94-2d66-484f-43ea602335f9,84.51,1410,1593,0,0,73879,35
2026/07/20 13:00:03.915,0,GPU-e2681f6e-8d94-2d66-484f-43ea602335f9,84.75,1410,1593,0,0,73879,35
2026/07/20 13:00:04.166,0,GPU-e2681f6e-8d94-2d66-484f-43ea602335f9,84.75,1410,1593,0,0,73879,35
2026/07/20 13:00:04.416,0,GPU-e2681f6e-8d94-2d66-484f-43ea602335f9,84.43,1410,1593,0,0,73879,35
2026/07/20 13:00:04.666,0,GPU-e2681f6e-8d94-2d66-484f-43ea602335f9,84.43,1410,1593,0,0,73879,35
2026/07/20 13:00:04.916,0,GPU-e2681f6e-8d94-2d66-484f-43ea602335f9,84.84,1410,1593,0,0,73879,35
2026/07/20 13:00:05.166,0,GPU-e2681f6e-8d94-2d66-484f-43ea602335f9,85.08,1410,1593,0,0,73879,35
2026/07/20 13:00:05.416,0,GPU-e2681f6e-8d94-2d66-484f-43ea602335f9,84.84,1410,1593,0,0,73879,35
2026/07/20 13:00:05.666,0,GPU-e2681f6e-8d94-2d66-484f-43ea602335f9,84.75,1410,1593,0,0,73879,35
2026/07/20 13:00:05.916,0,GPU-e2681f6e-8d94-2d66-484f-43ea602335f9,84.43,1410,1593,0,0,73879,35
2026/07/20 13:00:06.166,0,GPU-e2681f6e-8d94-2d66-484f-43ea602335f9,84.75,1410,1593,0,0,73879,35
2026/07/20 13:00:06.416,0,GPU-e2681f6e-8d94-2d66-484f-43ea602335f9,84.75,1410,1593,0,0,73879,34
2026/07/20 13:00:06.666,0,GPU-e2681f6e-8d94-2d66-484f-43ea602335f9,84.75,1410,1593,0,0,73879,35
2026/07/20 13:00:06.916,0,GPU-e2681f6e-8d94-2d66-484f-43ea602335f9,85.08,1410,1593,0,0,73879,35
2026/07/20 13:00:07.166,0,GPU-e2681f6e-8d94-2d66-484f-43ea602335f9,84.75,1410,1593,0,0,73879,35
2026/07/20 13:00:07.417,0,GPU-e2681f6e-8d94-2d66-484f-43ea602335f9,84.75,1410,1593,0,0,73879,35
2026/07/20 13:00:07.667,0,GPU-e2681f6e-8d94-2d66-484f-43ea602335f9,84.75,1410,1593,0,0,73879,35
2026/07/20 13:00:08.979,0,GPU-e2681f6e-8d94-2d66-484f-43ea602335f9,84.75,1410,1593,0,0,73879,35
2026/07/20 13:00:09.230,0,GPU-e2681f6e-8d94-2d66-484f-43ea602335f9,84.75,1410,1593,0,0,73879,35
2026/07/20 13:00:09.480,0,GPU-e2681f6e-8d94-2d66-484f-43ea602335f9,84.75,1410,1593,0,0,73879,35
2026/07/20 13:00:09.730,0,GPU-e2681f6e-8d94-2d66-484f-43ea602335f9,84.75,1410,1593,0,0,73879,35
2026/07/20 13:00:09.980,0,GPU-e2681f6e-8d94-2d66-484f-43ea602335f9,84.75,1410,1593,0,0,73879,35
2026/07/20 13:00:10.230,0,GPU-e2681f6e-8d94-2d66-484f-43ea602335f9,84.84,1410,1593,0,0,73879,35
2026/07/20 13:00:10.480,0,GPU-e2681f6e-8d94-2d66-484f-43ea602335f9,84.75,1410,1593,0,0,73879,34
2026/07/20 13:00:10.730,0,GPU-e2681f6e-8d94-2d66-484f-43ea602335f9,84.75,1410,1593,0,0,73879,35
2026/07/20 13:00:10.980,0,GPU-e2681f6e-8d94-2d66-484f-43ea602335f9,84.75,1410,1593,0,0,73879,35
2026/07/20 13:00:11.230,0,GPU-e2681f6e-8d94-2d66-484f-43ea602335f9,84.75,1410,1593,0,0,73879,35
2026/07/20 13:00:11.480,0,GPU-e2681f6e-8d94-2d66-484f-43ea602335f9,84.75,1410,1593,0,0,73879,34
2026/07/20 13:00:11.730,0,GPU-e2681f6e-8d94-2d66-484f-43ea602335f9,84.75,1410,1593,0,0,73879,34
2026/07/20 13:00:11.980,0,GPU-e2681f6e-8d94-2d66-484f-43ea602335f9,84.75,1410,1593,0,0,73879,34
2026/07/20 13:00:12.230,0,GPU-e2681f6e-8d94-2d66-484f-43ea602335f9,85.08,1410,1593,0,0,73879,34
2026/07/20 13:00:12.481,0,GPU-e2681f6e-8d94-2d66-484f-43ea602335f9,84.75,1410,1593,0,0,73879,35
2026/07/20 13:00:12.731,0,GPU-e2681f6e-8d94-2d66-484f-43ea602335f9,84.75,1410,1593,0,0,73879,34
2026/07/20 13:00:12.981,0,GPU-e2681f6e-8d94-2d66-484f-43ea602335f9,85.08,1410,1593,0,0,73879,34
2026/07/20 13:00:13.231,0,GPU-e2681f6e-8d94-2d66-484f-43ea602335f9,85.08,1410,1593,0,0,73879,34
2026/07/20 13:00:13.481,0,GPU-e2681f6e-8d94-2d66-484f-43ea602335f9,85.17,1410,1593,0,0,73879,35
2026/07/20 13:00:13.731,0,GPU-e2681f6e-8d94-2d66-484f-43ea602335f9,84.84,1410,1593,0,0,73879,34
2026/07/20 13:00:13.981,0,GPU-e2681f6e-8d94-2d66-484f-43ea602335f9,84.75,1410,1593,0,0,73879,34
2026/07/20 13:00:14.231,0,GPU-e2681f6e-8d94-2d66-484f-43ea602335f9,85.08,1410,1593,0,0,73879,35
2026/07/20 13:00:14.481,0,GPU-e2681f6e-8d94-2d66-484f-43ea602335f9,84.75,1410,1593,0,0,73879,35
2026/07/20 13:00:14.731,0,GPU-e2681f6e-8d94-2d66-484f-43ea602335f9,84.84,1410,1593,0,0,73879,34
2026/07/20 13:00:14.981,0,GPU-e2681f6e-8d94-2d66-484f-43ea602335f9,84.75,1410,1593,0,0,73879,34
2026/07/20 13:00:15.231,0,GPU-e2681f6e-8d94-2d66-484f-43ea602335f9,84.84,1410,1593,0,0,73879,34
2026/07/20 13:00:15.481,0,GPU-e2681f6e-8d94-2d66-484f-43ea602335f9,84.84,1410,1593,0,0,73879,34
2026/07/20 13:00:15.731,0,GPU-e2681f6e-8d94-2d66-484f-43ea602335f9,84.75,1410,1593,0,0,73879,34
2026/07/20 13:00:15.982,0,GPU-e2681f6e-8d94-2d66-484f-43ea602335f9,84.75,1410,1593,0,0,73879,34
2026/07/20 13:00:16.232,0,GPU-e2681f6e-8d94-2d66-484f-43ea602335f9,84.75,1410,1593,0,0,73879,35
2026/07/20 13:00:16.482,0,GPU-e2681f6e-8d94-2d66-484f-43ea602335f9,84.75,1410,1593,0,0,73879,34
2026/07/20 13:00:16.732,0,GPU-e2681f6e-8d94-2d66-484f-43ea602335f9,84.75,1410,1593,0,0,73879,34
2026/07/20 13:00:16.982,0,GPU-e2681f6e-8d94-2d66-484f-43ea602335f9,84.75,1410,1593,0,0,73879,34
2026/07/20 13:00:17.232,0,GPU-e2681f6e-8d94-2d66-484f-43ea602335f9,84.75,1410,1593,0,0,73879,34
2026/07/20 13:00:17.482,0,GPU-e2681f6e-8d94-2d66-484f-43ea602335f9,84.84,1410,1593,0,0,73879,34
2026/07/20 13:00:17.732,0,GPU-e2681f6e-8d94-2d66-484f-43ea602335f9,84.84,1410,1593,0,0,73879,34
2026/07/20 13:00:17.982,0,GPU-e2681f6e-8d94-2d66-484f-43ea602335f9,84.75,1410,1593,0,0,73879,34
2026/07/20 13:00:18.232,0,GPU-e2681f6e-8d94-2d66-484f-43ea602335f9,84.75,1410,1593,0,0,73879,34
2026/07/20 13:00:18.482,0,GPU-e2681f6e-8d94-2d66-484f-43ea602335f9,84.75,1410,1593,0,0,73879,34
2026/07/20 13:00:18.732,0,GPU-e2681f6e-8d94-2d66-484f-43ea602335f9,84.75,1410,1593,0,0,73879,34
2026/07/20 13:00:18.982,0,GPU-e2681f6e-8d94-2d66-484f-43ea602335f9,84.75,1410,1593,0,0,73879,34
2026/07/20 13:00:19.233,0,GPU-e2681f6e-8d94-2d66-484f-43ea602335f9,84.75,1410,1593,0,0,73879,34
2026/07/20 13:00:19.483,0,GPU-e2681f6e-8d94-2d66-484f-43ea602335f9,85.08,1410,1593,0,0,73879,34
2026/07/20 13:00:19.733,0,GPU-e2681f6e-8d94-2d66-484f-43ea602335f9,84.84,1410,1593,0,0,73879,34
2026/07/20 13:00:19.983,0,GPU-e2681f6e-8d94-2d66-484f-43ea602335f9,84.75,1410,1593,0,0,73879,35
2026/07/20 13:00:20.233,0,GPU-e2681f6e-8d94-2d66-484f-43ea602335f9,85.17,1410,1593,0,0,73879,34
2026/07/20 13:00:20.483,0,GPU-e2681f6e-8d94-2d66-484f-43ea602335f9,84.75,1410,1593,0,0,73879,34
2026/07/20 13:00:20.733,0,GPU-e2681f6e-8d94-2d66-484f-43ea602335f9,84.75,1410,1593,0,0,73879,34
2026/07/20 13:00:20.983,0,GPU-e2681f6e-8d94-2d66-484f-43ea602335f9,84.75,1410,1593,0,0,73879,34
2026/07/20 13:00:21.233,0,GPU-e2681f6e-8d94-2d66-484f-43ea602335f9,85.17,1410,1593,0,0,73879,34
2026/07/20 13:00:21.483,0,GPU-e2681f6e-8d94-2d66-484f-43ea602335f9,84.75,1410,1593,0,0,73879,35
2026/07/20 13:00:21.733,0,GPU-e2681f6e-8d94-2d66-484f-43ea602335f9,84.75,1410,1593,0,0,73879,34
2026/07/20 13:00:21.984,0,GPU-e2681f6e-8d94-2d66-484f-43ea602335f9,84.75,1410,1593,0,0,73879,34
2026/07/20 13:00:22.234,0,GPU-e2681f6e-8d94-2d66-484f-43ea602335f9,84.75,1410,1593,0,0,73879,34
2026/07/20 13:00:22.484,0,GPU-e2681f6e-8d94-2d66-484f-43ea602335f9,84.75,1410,1593,0,0,73879,34
2026/07/20 13:00:22.734,0,GPU-e2681f6e-8d94-2d66-484f-43ea602335f9,84.75,1410,1593,0,0,73879,34
2026/07/20 13:00:22.984,0,GPU-e2681f6e-8d94-2d66-484f-43ea602335f9,84.84,1410,1593,0,0,73879,34
2026/07/20 13:00:23.234,0,GPU-e2681f6e-8d94-2d66-484f-43ea602335f9,84.75,1410,1593,0,0,73879,34
2026/07/20 13:00:23.484,0,GPU-e2681f6e-8d94-2d66-484f-43ea602335f9,84.75,1410,1593,0,0,73879,34
2026/07/20 13:00:23.734,0,GPU-e2681f6e-8d94-2d66-484f-43ea602335f9,84.75,1410,1593,0,0,73879,34
2026/07/20 13:00:23.984,0,GPU-e2681f6e-8d94-2d66-484f-43ea602335f9,84.75,1410,1593,0,0,73879,34
2026/07/20 13:00:24.235,0,GPU-e2681f6e-8d94-2d66-484f-43ea602335f9,84.75,1410,1593,0,0,73879,34
2026/07/20 13:00:24.485,0,GPU-e2681f6e-8d94-2d66-484f-43ea602335f9,84.75,1410,1593,0,0,73879,34
2026/07/20 13:00:24.735,0,GPU-e2681f6e-8d94-2d66-484f-43ea602335f9,84.84,1410,1593,0,0,73879,34
2026/07/20 13:00:24.985,0,GPU-e2681f6e-8d94-2d66-484f-43ea602335f9,84.75,1410,1593,0,0,73879,34
2026/07/20 13:00:25.235,0,GPU-e2681f6e-8d94-2d66-484f-43ea602335f9,84.84,1410,1593,0,0,73879,34
2026/07/20 13:00:25.485,0,GPU-e2681f6e-8d94-2d66-484f-43ea602335f9,84.84,1410,1593,0,0,73879,34
2026/07/20 13:00:25.735,0,GPU-e2681f6e-8d94-2d66-484f-43ea602335f9,85.08,1410,1593,0,0,73879,34
2026/07/20 13:00:25.985,0,GPU-e2681f6e-8d94-2d66-484f-43ea602335f9,85.08,1410,1593,0,0,73879,34
2026/07/20 13:00:26.235,0,GPU-e2681f6e-8d94-2d66-484f-43ea602335f9,85.17,1410,1593,0,0,73879,34
2026/07/20 13:00:26.485,0,GPU-e2681f6e-8d94-2d66-484f-43ea602335f9,84.75,1410,1593,0,0,73879,34
2026/07/20 13:00:26.735,0,GPU-e2681f6e-8d94-2d66-484f-43ea602335f9,84.75,1410,1593,0,0,73879,34
2026/07/20 13:00:26.985,0,GPU-e2681f6e-8d94-2d66-484f-43ea602335f9,84.75,1410,1593,0,0,73879,34
2026/07/20 13:00:27.235,0,GPU-e2681f6e-8d94-2d66-484f-43ea602335f9,85.08,1410,1593,0,0,73879,34
2026/07/20 13:00:27.485,0,GPU-e2681f6e-8d94-2d66-484f-43ea602335f9,84.84,1410,1593,0,0,73879,34
2026/07/20 13:00:27.736,0,GPU-e2681f6e-8d94-2d66-484f-43ea602335f9,84.75,1410,1593,0,0,73879,34
2026/07/20 13:00:27.986,0,GPU-e2681f6e-8d94-2d66-484f-43ea602335f9,84.75,1410,1593,0,0,73879,34
2026/07/20 13:00:28.237,0,GPU-e2681f6e-8d94-2d66-484f-43ea602335f9,84.75,1410,1593,0,0,73879,34
2026/07/20 13:00:28.487,0,GPU-e2681f6e-8d94-2d66-484f-43ea602335f9,84.75,1410,1593,0,0,73879,34
2026/07/20 13:00:28.737,0,GPU-e2681f6e-8d94-2d66-484f-43ea602335f9,84.75,1410,1593,0,0,73879,34
2026/07/20 13:00:28.987,0,GPU-e2681f6e-8d94-2d66-484f-43ea602335f9,84.75,1410,1593,0,0,73879,34
2026/07/20 13:00:29.237,0,GPU-e2681f6e-8d94-2d66-484f-43ea602335f9,84.75,1410,1593,0,0,73879,34
2026/07/20 13:00:29.487,0,GPU-e2681f6e-8d94-2d66-484f-43ea602335f9,84.75,1410,1593,0,0,73879,34
2026/07/20 13:00:29.737,0,GPU-e2681f6e-8d94-2d66-484f-43ea602335f9,85.08,1410,1593,0,0,73879,35
2026/07/20 13:00:29.987,0,GPU-e2681f6e-8d94-2d66-484f-43ea602335f9,84.75,1410,1593,0,0,73879,34
2026/07/20 13:00:30.237,0,GPU-e2681f6e-8d94-2d66-484f-43ea602335f9,85.08,1410,1593,0,0,73879,34
2026/07/20 13:00:30.487,0,GPU-e2681f6e-8d94-2d66-484f-43ea602335f9,84.84,1410,1593,0,0,73879,34
2026/07/20 13:00:30.737,0,GPU-e2681f6e-8d94-2d66-484f-43ea602335f9,84.84,1410,1593,0,0,73879,34
2026/07/20 13:00:30.987,0,GPU-e2681f6e-8d94-2d66-484f-43ea602335f9,84.84,1410,1593,0,0,73879,35
2026/07/20 13:00:31.237,0,GPU-e2681f6e-8d94-2d66-484f-43ea602335f9,85.08,1410,1593,0,0,73879,34
2026/07/20 13:00:31.488,0,GPU-e2681f6e-8d94-2d66-484f-43ea602335f9,84.75,1410,1593,0,0,73879,34
2026/07/20 13:00:31.738,0,GPU-e2681f6e-8d94-2d66-484f-43ea602335f9,84.84,1410,1593,0,0,73879,34
2026/07/20 13:00:31.988,0,GPU-e2681f6e-8d94-2d66-484f-43ea602335f9,85.17,1410,1593,0,0,73879,34
2026/07/20 13:00:32.238,0,GPU-e2681f6e-8d94-2d66-484f-43ea602335f9,85.08,1410,1593,0,0,73879,34
2026/07/20 13:00:32.488,0,GPU-e2681f6e-8d94-2d66-484f-43ea602335f9,85.08,1410,1593,0,0,73879,34
2026/07/20 13:00:32.738,0,GPU-e2681f6e-8d94-2d66-484f-43ea602335f9,85.08,1410,1593,0,0,73879,34
2026/07/20 13:00:32.988,0,GPU-e2681f6e-8d94-2d66-484f-43ea602335f9,84.75,1410,1593,0,0,73879,34
2026/07/20 13:00:33.238,0,GPU-e2681f6e-8d94-2d66-484f-43ea602335f9,84.75,1410,1593,0,0,73879,34
2026/07/20 13:00:33.488,0,GPU-e2681f6e-8d94-2d66-484f-43ea602335f9,84.75,1410,1593,0,0,73879,34
2026/07/20 13:00:33.738,0,GPU-e2681f6e-8d94-2d66-484f-43ea602335f9,84.84,1410,1593,0,0,73879,34
2026/07/20 13:00:33.988,0,GPU-e2681f6e-8d94-2d66-484f-43ea602335f9,84.84,1410,1593,0,0,73879,34
2026/07/20 13:00:34.238,0,GPU-e2681f6e-8d94-2d66-484f-43ea602335f9,84.75,1410,1593,0,0,73879,34
2026/07/20 13:00:34.488,0,GPU-e2681f6e-8d94-2d66-484f-43ea602335f9,85.17,1410,1593,0,0,73879,34
2026/07/20 13:00:34.739,0,GPU-e2681f6e-8d94-2d66-484f-43ea602335f9,84.75,1410,1593,0,0,73879,34
2026/07/20 13:00:34.989,0,GPU-e2681f6e-8d94-2d66-484f-43ea602335f9,85.08,1410,1593,0,0,73879,34
2026/07/20 13:00:35.239,0,GPU-e2681f6e-8d94-2d66-484f-43ea602335f9,84.75,1410,1593,0,0,73879,34
2026/07/20 13:00:35.489,0,GPU-e2681f6e-8d94-2d66-484f-43ea602335f9,84.75,1410,1593,0,0,73879,34
2026/07/20 13:00:35.739,0,GPU-e2681f6e-8d94-2d66-484f-43ea602335f9,84.84,1410,1593,0,0,73879,34
2026/07/20 13:00:35.989,0,GPU-e2681f6e-8d94-2d66-484f-43ea602335f9,85.08,1410,1593,0,0,73879,34
2026/07/20 13:00:36.239,0,GPU-e2681f6e-8d94-2d66-484f-43ea602335f9,85.08,1410,1593,0,0,73879,34
2026/07/20 13:00:36.489,0,GPU-e2681f6e-8d94-2d66-484f-43ea602335f9,85.08,1410,1593,0,0,73879,34
2026/07/20 13:00:36.739,0,GPU-e2681f6e-8d94-2d66-484f-43ea602335f9,85.17,1410,1593,0,0,73879,34
2026/07/20 13:00:36.989,0,GPU-e2681f6e-8d94-2d66-484f-43ea602335f9,84.75,1410,1593,0,0,73879,34
2026/07/20 13:00:37.239,0,GPU-e2681f6e-8d94-2d66-484f-43ea602335f9,85.08,1410,1593,0,0,73879,34
2026/07/20 13:00:37.489,0,GPU-e2681f6e-8d94-2d66-484f-43ea602335f9,84.84,1410,1593,0,0,73879,34
2026/07/20 13:00:37.739,0,GPU-e2681f6e-8d94-2d66-484f-43ea602335f9,85.17,1410,1593,0,0,73879,34
2026/07/20 13:00:37.990,0,GPU-e2681f6e-8d94-2d66-484f-43ea602335f9,85.17,1410,1593,0,0,73879,34
2026/07/20 13:00:38.240,0,GPU-e2681f6e-8d94-2d66-484f-43ea602335f9,85.08,1410,1593,0,0,73879,34
2026/07/20 13:00:38.490,0,GPU-e2681f6e-8d94-2d66-484f-43ea602335f9,85.08,1410,1593,0,0,73879,34
2026/07/20 13:00:38.740,0,GPU-e2681f6e-8d94-2d66-484f-43ea602335f9,85.08,1410,1593,0,0,73879,34
2026/07/20 13:00:38.990,0,GPU-e2681f6e-8d94-2d66-484f-43ea602335f9,84.75,1410,1593,0,0,73879,34
2026/07/20 13:00:39.240,0,GPU-e2681f6e-8d94-2d66-484f-43ea602335f9,84.99,1410,1593,0,0,73879,34
2026/07/20 13:00:39.491,0,GPU-e2681f6e-8d94-2d66-484f-43ea602335f9,84.75,1410,1593,0,0,73879,34
2026/07/20 13:00:39.741,0,GPU-e2681f6e-8d94-2d66-484f-43ea602335f9,84.67,1410,1593,0,0,73879,34
2026/07/20 13:00:39.991,0,GPU-e2681f6e-8d94-2d66-484f-43ea602335f9,84.99,1410,1593,0,0,73879,34
2026/07/20 13:00:40.241,0,GPU-e2681f6e-8d94-2d66-484f-43ea602335f9,85.08,1410,1593,0,0,73879,34
2026/07/20 13:00:40.491,0,GPU-e2681f6e-8d94-2d66-484f-43ea602335f9,84.75,1410,1593,0,0,73879,34
2026/07/20 13:00:40.741,0,GPU-e2681f6e-8d94-2d66-484f-43ea602335f9,85.17,1410,1593,0,0,73879,34
2026/07/20 13:00:40.991,0,GPU-e2681f6e-8d94-2d66-484f-43ea602335f9,85.17,1410,1593,0,0,73879,34
2026/07/20 13:00:41.241,0,GPU-e2681f6e-8d94-2d66-484f-43ea602335f9,84.75,1410,1593,0,0,73879,34
2026/07/20 13:00:41.491,0,GPU-e2681f6e-8d94-2d66-484f-43ea602335f9,85.08,1410,1593,0,0,73879,34
2026/07/20 13:00:41.741,0,GPU-e2681f6e-8d94-2d66-484f-43ea602335f9,84.84,1410,1593,0,0,73879,34
2026/07/20 13:00:41.991,0,GPU-e2681f6e-8d94-2d66-484f-43ea602335f9,84.75,1410,1593,0,0,73879,34
2026/07/20 13:00:42.241,0,GPU-e2681f6e-8d94-2d66-484f-43ea602335f9,85.08,1410,1593,0,0,73879,34
2026/07/20 13:00:42.491,0,GPU-e2681f6e-8d94-2d66-484f-43ea602335f9,85.08,1410,1593,0,0,73879,34
2026/07/20 13:00:42.742,0,GPU-e2681f6e-8d94-2d66-484f-43ea602335f9,84.75,1410,1593,0,0,73879,34
2026/07/20 13:00:42.992,0,GPU-e2681f6e-8d94-2d66-484f-43ea602335f9,85.08,1410,1593,0,0,73879,34
2026/07/20 13:00:43.242,0,GPU-e2681f6e-8d94-2d66-484f-43ea602335f9,85.17,1410,1593,0,0,73879,34
2026/07/20 13:00:43.492,0,GPU-e2681f6e-8d94-2d66-484f-43ea602335f9,85.08,1410,1593,0,0,73879,34
2026/07/20 13:00:43.742,0,GPU-e2681f6e-8d94-2d66-484f-43ea602335f9,85.17,1410,1593,0,0,73879,34
2026/07/20 13:00:43.992,0,GPU-e2681f6e-8d94-2d66-484f-43ea602335f9,84.84,1410,1593,0,0,73879,34
2026/07/20 13:00:44.242,0,GPU-e2681f6e-8d94-2d66-484f-43ea602335f9,85.17,1410,1593,0,0,73879,34
2026/07/20 13:00:44.492,0,GPU-e2681f6e-8d94-2d66-484f-43ea602335f9,84.75,1410,1593,0,0,73879,34
2026/07/20 13:00:44.742,0,GPU-e2681f6e-8d94-2d66-484f-43ea602335f9,85.17,1410,1593,0,0,73879,34
2026/07/20 13:00:44.992,0,GPU-e2681f6e-8d94-2d66-484f-43ea602335f9,85.08,1410,1593,0,0,73879,34
2026/07/20 13:00:45.242,0,GPU-e2681f6e-8d94-2d66-484f-43ea602335f9,84.75,1410,1593,0,0,73879,34
2026/07/20 13:00:45.492,0,GPU-e2681f6e-8d94-2d66-484f-43ea602335f9,84.75,1410,1593,0,0,73879,34
2026/07/20 13:00:45.742,0,GPU-e2681f6e-8d94-2d66-484f-43ea602335f9,84.84,1410,1593,0,0,73879,34
2026/07/20 13:00:45.992,0,GPU-e2681f6e-8d94-2d66-484f-43ea602335f9,84.84,1410,1593,0,0,73879,34
2026/07/20 13:00:46.243,0,GPU-e2681f6e-8d94-2d66-484f-43ea602335f9,85.08,1410,1593,0,0,73879,34
2026/07/20 13:00:46.493,0,GPU-e2681f6e-8d94-2d66-484f-43ea602335f9,84.84,1410,1593,0,0,73879,34
2026/07/20 13:00:46.743,0,GPU-e2681f6e-8d94-2d66-484f-43ea602335f9,85.08,1410,1593,0,0,73879,34
2026/07/20 13:00:46.993,0,GPU-e2681f6e-8d94-2d66-484f-43ea602335f9,84.75,1410,1593,0,0,73879,34
2026/07/20 13:00:47.243,0,GPU-e2681f6e-8d94-2d66-484f-43ea602335f9,84.75,1410,1593,0,0,73879,34
2026/07/20 13:00:47.493,0,GPU-e2681f6e-8d94-2d66-484f-43ea602335f9,84.43,1410,1593,0,0,73879,34
2026/07/20 13:00:47.743,0,GPU-e2681f6e-8d94-2d66-484f-43ea602335f9,84.51,1410,1593,0,0,73879,34
2026/07/20 13:00:47.993,0,GPU-e2681f6e-8d94-2d66-484f-43ea602335f9,84.43,1410,1593,0,0,73879,34
2026/07/20 13:00:48.243,0,GPU-e2681f6e-8d94-2d66-484f-43ea602335f9,84.75,1410,1593,0,0,73879,34
2026/07/20 13:00:48.493,0,GPU-e2681f6e-8d94-2d66-484f-43ea602335f9,84.43,1410,1593,0,0,73879,34
2026/07/20 13:00:48.743,0,GPU-e2681f6e-8d94-2d66-484f-43ea602335f9,84.43,1410,1593,0,0,73879,34
2026/07/20 13:00:48.993,0,GPU-e2681f6e-8d94-2d66-484f-43ea602335f9,84.43,1410,1593,0,0,73879,34
2026/07/20 13:00:49.243,0,GPU-e2681f6e-8d94-2d66-484f-43ea602335f9,84.43,1410,1593,0,0,73879,34
2026/07/20 13:00:49.493,0,GPU-e2681f6e-8d94-2d66-484f-43ea602335f9,84.43,1410,1593,0,0,73879,34
2026/07/20 13:00:49.744,0,GPU-e2681f6e-8d94-2d66-484f-43ea602335f9,84.75,1410,1593,0,0,73879,34
2026/07/20 13:00:49.994,0,GPU-e2681f6e-8d94-2d66-484f-43ea602335f9,84.43,1410,1593,0,0,73879,34
2026/07/20 13:00:50.244,0,GPU-e2681f6e-8d94-2d66-484f-43ea602335f9,84.75,1410,1593,0,0,73879,34
2026/07/20 13:00:50.494,0,GPU-e2681f6e-8d94-2d66-484f-43ea602335f9,84.43,1410,1593,0,0,73879,34
2026/07/20 13:00:50.744,0,GPU-e2681f6e-8d94-2d66-484f-43ea602335f9,84.51,1410,1593,0,0,73879,34
2026/07/20 13:00:50.994,0,GPU-e2681f6e-8d94-2d66-484f-43ea602335f9,84.84,1410,1593,0,0,73879,34
2026/07/20 13:00:51.244,0,GPU-e2681f6e-8d94-2d66-484f-43ea602335f9,84.75,1410,1593,0,0,73879,34
2026/07/20 13:00:51.494,0,GPU-e2681f6e-8d94-2d66-484f-43ea602335f9,84.43,1410,1593,0,0,73879,34
2026/07/20 13:00:51.744,0,GPU-e2681f6e-8d94-2d66-484f-43ea602335f9,84.43,1410,1593,0,0,73879,34
2026/07/20 13:00:51.994,0,GPU-e2681f6e-8d94-2d66-484f-43ea602335f9,84.43,1410,1593,0,0,73879,34
2026/07/20 13:00:52.244,0,GPU-e2681f6e-8d94-2d66-484f-43ea602335f9,84.43,1410,1593,0,0,73879,34
2026/07/20 13:00:52.494,0,GPU-e2681f6e-8d94-2d66-484f-43ea602335f9,84.51,1410,1593,0,0,73879,34
2026/07/20 13:00:52.744,0,GPU-e2681f6e-8d94-2d66-484f-43ea602335f9,84.75,1410,1593,0,0,73879,34
2026/07/20 13:00:52.995,0,GPU-e2681f6e-8d94-2d66-484f-43ea602335f9,84.43,1410,1593,0,0,73879,34
2026/07/20 13:00:53.245,0,GPU-e2681f6e-8d94-2d66-484f-43ea602335f9,84.43,1410,1593,0,0,73879,34
2026/07/20 13:00:53.495,0,GPU-e2681f6e-8d94-2d66-484f-43ea602335f9,84.75,1410,1593,0,0,73879,34
2026/07/20 13:00:53.745,0,GPU-e2681f6e-8d94-2d66-484f-43ea602335f9,84.51,1410,1593,0,0,73879,34
2026/07/20 13:00:53.995,0,GPU-e2681f6e-8d94-2d66-484f-43ea602335f9,84.43,1410,1593,0,0,73879,34
2026/07/20 13:00:54.245,0,GPU-e2681f6e-8d94-2d66-484f-43ea602335f9,84.43,1410,1593,0,0,73879,34
2026/07/20 13:00:54.495,0,GPU-e2681f6e-8d94-2d66-484f-43ea602335f9,84.75,1410,1593,0,0,73879,34
2026/07/20 13:00:54.745,0,GPU-e2681f6e-8d94-2d66-484f-43ea602335f9,84.51,1410,1593,0,0,73879,34
2026/07/20 13:00:54.995,0,GPU-e2681f6e-8d94-2d66-484f-43ea602335f9,84.75,1410,1593,0,0,73879,34
2026/07/20 13:00:55.245,0,GPU-e2681f6e-8d94-2d66-484f-43ea602335f9,84.43,1410,1593,0,0,73879,34
2026/07/20 13:00:55.495,0,GPU-e2681f6e-8d94-2d66-484f-43ea602335f9,84.75,1410,1593,0,0,73879,34
2026/07/20 13:00:55.745,0,GPU-e2681f6e-8d94-2d66-484f-43ea602335f9,84.75,1410,1593,0,0,73879,34
2026/07/20 13:00:55.995,0,GPU-e2681f6e-8d94-2d66-484f-43ea602335f9,84.43,1410,1593,0,0,73879,34
2026/07/20 13:00:56.245,0,GPU-e2681f6e-8d94-2d66-484f-43ea602335f9,84.75,1410,1593,0,0,73879,34
2026/07/20 13:00:56.495,0,GPU-e2681f6e-8d94-2d66-484f-43ea602335f9,84.75,1410,1593,0,0,73879,34
2026/07/20 13:00:56.746,0,GPU-e2681f6e-8d94-2d66-484f-43ea602335f9,84.75,1410,1593,0,0,73879,34
2026/07/20 13:00:56.996,0,GPU-e2681f6e-8d94-2d66-484f-43ea602335f9,84.75,1410,1593,0,0,73879,34
2026/07/20 13:00:57.246,0,GPU-e2681f6e-8d94-2d66-484f-43ea602335f9,84.75,1410,1593,0,0,73879,34
2026/07/20 13:00:57.496,0,GPU-e2681f6e-8d94-2d66-484f-43ea602335f9,84.43,1410,1593,0,0,73879,34
2026/07/20 13:00:57.746,0,GPU-e2681f6e-8d94-2d66-484f-43ea602335f9,84.43,1410,1593,0,0,73879,34
2026/07/20 13:00:57.996,0,GPU-e2681f6e-8d94-2d66-484f-43ea602335f9,84.75,1410,1593,0,0,73879,34
2026/07/20 13:00:58.246,0,GPU-e2681f6e-8d94-2d66-484f-43ea602335f9,84.51,1410,1593,0,0,73879,34
2026/07/20 13:00:58.496,0,GPU-e2681f6e-8d94-2d66-484f-43ea602335f9,84.43,1410,1593,0,0,73879,34
2026/07/20 13:00:58.746,0,GPU-e2681f6e-8d94-2d66-484f-43ea602335f9,84.43,1410,1593,0,0,73879,34
2026/07/20 13:00:58.996,0,GPU-e2681f6e-8d94-2d66-484f-43ea602335f9,84.51,1410,1593,0,0,73879,34
2026/07/20 13:00:59.246,0,GPU-e2681f6e-8d94-2d66-484f-43ea602335f9,84.51,1410,1593,0,0,73879,34
2026/07/20 13:00:59.496,0,GPU-e2681f6e-8d94-2d66-484f-43ea602335f9,84.51,1410,1593,0,0,73879,34
2026/07/20 13:00:59.747,0,GPU-e2681f6e-8d94-2d66-484f-43ea602335f9,84.51,1410,1593,0,0,73879,34
2026/07/20 13:00:59.997,0,GPU-e2681f6e-8d94-2d66-484f-43ea602335f9,84.43,1410,1593,0,0,73879,34
2026/07/20 13:01:00.247,0,GPU-e2681f6e-8d94-2d66-484f-43ea602335f9,84.51,1410,1593,0,0,73879,34
2026/07/20 13:01:00.497,0,GPU-e2681f6e-8d94-2d66-484f-43ea602335f9,84.43,1410,1593,0,0,73879,34
2026/07/20 13:01:00.747,0,GPU-e2681f6e-8d94-2d66-484f-43ea602335f9,84.75,1410,1593,0,0,73879,34
2026/07/20 13:01:00.997,0,GPU-e2681f6e-8d94-2d66-484f-43ea602335f9,91.47,1410,1593,0,0,73879,35
2026/07/20 13:01:01.247,0,GPU-e2681f6e-8d94-2d66-484f-43ea602335f9,84.75,1410,1593,0,0,73879,34
2026/07/20 13:01:01.497,0,GPU-e2681f6e-8d94-2d66-484f-43ea602335f9,84.51,1410,1593,0,0,73879,34
2026/07/20 13:01:01.747,0,GPU-e2681f6e-8d94-2d66-484f-43ea602335f9,84.75,1410,1593,0,0,73879,34
2026/07/20 13:01:01.997,0,GPU-e2681f6e-8d94-2d66-484f-43ea602335f9,84.51,1410,1593,0,0,73879,34
2026/07/20 13:01:02.247,0,GPU-e2681f6e-8d94-2d66-484f-43ea602335f9,84.51,1410,1593,0,0,73879,34
2026/07/20 13:01:02.497,0,GPU-e2681f6e-8d94-2d66-484f-43ea602335f9,84.43,1410,1593,0,0,73879,34
2026/07/20 13:01:02.747,0,GPU-e2681f6e-8d94-2d66-484f-43ea602335f9,84.75,1410,1593,0,0,73879,34
2026/07/20 13:01:02.997,0,GPU-e2681f6e-8d94-2d66-484f-43ea602335f9,84.43,1410,1593,0,0,73879,34
2026/07/20 13:01:03.248,0,GPU-e2681f6e-8d94-2d66-484f-43ea602335f9,84.43,1410,1593,0,0,73879,34
2026/07/20 13:01:03.498,0,GPU-e2681f6e-8d94-2d66-484f-43ea602335f9,84.51,1410,1593,0,0,73879,34
2026/07/20 13:01:03.748,0,GPU-e2681f6e-8d94-2d66-484f-43ea602335f9,84.43,1410,1593,0,0,73879,34
2026/07/20 13:01:03.998,0,GPU-e2681f6e-8d94-2d66-484f-43ea602335f9,84.43,1410,1593,0,0,73879,34
2026/07/20 13:01:04.248,0,GPU-e2681f6e-8d94-2d66-484f-43ea602335f9,84.43,1410,1593,0,0,73879,34
2026/07/20 13:01:04.498,0,GPU-e2681f6e-8d94-2d66-484f-43ea602335f9,84.43,1410,1593,0,0,73879,34
2026/07/20 13:01:04.748,0,GPU-e2681f6e-8d94-2d66-484f-43ea602335f9,84.51,1410,1593,0,0,73879,34
2026/07/20 13:01:04.998,0,GPU-e2681f6e-8d94-2d66-484f-43ea602335f9,84.51,1410,1593,0,0,73879,34
2026/07/20 13:01:05.248,0,GPU-e2681f6e-8d94-2d66-484f-43ea602335f9,85.17,1410,1593,0,0,73879,34
2026/07/20 13:01:05.498,0,GPU-e2681f6e-8d94-2d66-484f-43ea602335f9,84.43,1410,1593,0,0,73879,34
2026/07/20 13:01:05.748,0,GPU-e2681f6e-8d94-2d66-484f-43ea602335f9,84.43,1410,1593,0,0,73879,34
2026/07/20 13:01:05.998,0,GPU-e2681f6e-8d94-2d66-484f-43ea602335f9,84.75,1410,1593,0,0,73879,34
2026/07/20 13:01:06.248,0,GPU-e2681f6e-8d94-2d66-484f-43ea602335f9,85.08,1410,1593,0,0,73879,34
2026/07/20 13:01:06.499,0,GPU-e2681f6e-8d94-2d66-484f-43ea602335f9,84.75,1410,1593,0,0,73879,34
2026/07/20 13:01:06.749,0,GPU-e2681f6e-8d94-2d66-484f-43ea602335f9,84.75,1410,1593,0,0,73879,34
2026/07/20 13:01:06.999,0,GPU-e2681f6e-8d94-2d66-484f-43ea602335f9,84.43,1410,1593,0,0,73879,34
2026/07/20 13:01:07.249,0,GPU-e2681f6e-8d94-2d66-484f-43ea602335f9,84.84,1410,1593,0,0,73879,34
2026/07/20 13:01:07.499,0,GPU-e2681f6e-8d94-2d66-484f-43ea602335f9,84.75,1410,1593,0,0,73879,34
2026/07/20 13:01:07.749,0,GPU-e2681f6e-8d94-2d66-484f-43ea602335f9,84.75,1410,1593,0,0,73879,34
2026/07/20 13:01:07.999,0,GPU-e2681f6e-8d94-2d66-484f-43ea602335f9,84.43,1410,1593,0,0,73879,34
2026/07/20 13:01:08.249,0,GPU-e2681f6e-8d94-2d66-484f-43ea602335f9,84.84,1410,1593,0,0,73879,34
2026/07/20 13:01:08.499,0,GPU-e2681f6e-8d94-2d66-484f-43ea602335f9,84.84,1410,1593,0,0,73879,34
2026/07/20 13:01:08.753,0,GPU-e2681f6e-8d94-2d66-484f-43ea602335f9,85.17,1410,1593,0,0,73879,34
2026/07/20 13:01:09.308,0,GPU-e2681f6e-8d94-2d66-484f-43ea602335f9,84.43,1410,1593,0,0,73879,34
2026/07/20 13:01:09.939,0,GPU-e2681f6e-8d94-2d66-484f-43ea602335f9,84.43,1410,1593,0,0,73879,34
2026/07/20 13:01:10.189,0,GPU-e2681f6e-8d94-2d66-484f-43ea602335f9,85.08,1410,1593,0,0,73879,34
2026/07/20 13:01:10.439,0,GPU-e2681f6e-8d94-2d66-484f-43ea602335f9,84.51,1410,1593,0,0,73879,34
2026/07/20 13:01:10.689,0,GPU-e2681f6e-8d94-2d66-484f-43ea602335f9,84.51,1410,1593,0,0,73879,34
2026/07/20 13:01:10.939,0,GPU-e2681f6e-8d94-2d66-484f-43ea602335f9,84.75,1410,1593,0,0,73879,34
2026/07/20 13:01:11.189,0,GPU-e2681f6e-8d94-2d66-484f-43ea602335f9,84.75,1410,1593,0,0,73879,34
2026/07/20 13:01:11.439,0,GPU-e2681f6e-8d94-2d66-484f-43ea602335f9,84.75,1410,1593,0,0,73879,34
2026/07/20 13:01:11.689,0,GPU-e2681f6e-8d94-2d66-484f-43ea602335f9,84.43,1410,1593,0,0,73879,34
2026/07/20 13:01:11.939,0,GPU-e2681f6e-8d94-2d66-484f-43ea602335f9,84.51,1410,1593,0,0,73879,34
2026/07/20 13:01:12.189,0,GPU-e2681f6e-8d94-2d66-484f-43ea602335f9,84.43,1410,1593,0,0,73879,34
2026/07/20 13:01:12.439,0,GPU-e2681f6e-8d94-2d66-484f-43ea602335f9,84.75,1410,1593,0,0,73879,34
2026/07/20 13:01:12.689,0,GPU-e2681f6e-8d94-2d66-484f-43ea602335f9,84.75,1410,1593,0,0,73879,34
2026/07/20 13:01:12.940,0,GPU-e2681f6e-8d94-2d66-484f-43ea602335f9,84.51,1410,1593,0,0,73879,34
2026/07/20 13:01:13.190,0,GPU-e2681f6e-8d94-2d66-484f-43ea602335f9,84.75,1410,1593,0,0,73879,34
2026/07/20 13:01:13.440,0,GPU-e2681f6e-8d94-2d66-484f-43ea602335f9,84.51,1410,1593,0,0,73879,34
2026/07/20 13:01:13.690,0,GPU-e2681f6e-8d94-2d66-484f-43ea602335f9,84.75,1410,1593,0,0,73879,34
2026/07/20 13:01:13.940,0,GPU-e2681f6e-8d94-2d66-484f-43ea602335f9,84.75,1410,1593,0,0,73879,34
2026/07/20 13:01:14.190,0,GPU-e2681f6e-8d94-2d66-484f-43ea602335f9,84.51,1410,1593,0,0,73879,34
2026/07/20 13:01:14.440,0,GPU-e2681f6e-8d94-2d66-484f-43ea602335f9,84.75,1410,1593,0,0,73879,34
2026/07/20 13:01:14.690,0,GPU-e2681f6e-8d94-2d66-484f-43ea602335f9,84.75,1410,1593,0,0,73879,34
2026/07/20 13:01:14.940,0,GPU-e2681f6e-8d94-2d66-484f-43ea602335f9,84.75,1410,1593,0,0,73879,34
2026/07/20 13:01:15.190,0,GPU-e2681f6e-8d94-2d66-484f-43ea602335f9,85.08,1410,1593,0,0,73879,34
2026/07/20 13:01:15.440,0,GPU-e2681f6e-8d94-2d66-484f-43ea602335f9,84.84,1410,1593,0,0,73879,34
2026/07/20 13:01:15.690,0,GPU-e2681f6e-8d94-2d66-484f-43ea602335f9,84.43,1410,1593,0,0,73879,34
2026/07/20 13:01:15.940,0,GPU-e2681f6e-8d94-2d66-484f-43ea602335f9,84.75,1410,1593,0,0,73879,34
2026/07/20 13:01:16.190,0,GPU-e2681f6e-8d94-2d66-484f-43ea602335f9,84.75,1410,1593,0,0,73879,34
2026/07/20 13:01:16.441,0,GPU-e2681f6e-8d94-2d66-484f-43ea602335f9,85.68,1410,1593,0,0,73879,34
2026/07/20 13:01:16.691,0,GPU-e2681f6e-8d94-2d66-484f-43ea602335f9,85.77,1410,1593,0,0,73879,34
2026/07/20 13:01:16.941,0,GPU-e2681f6e-8d94-2d66-484f-43ea602335f9,85.68,1410,1593,0,0,73879,34
2026/07/20 13:01:17.191,0,GPU-e2681f6e-8d94-2d66-484f-43ea602335f9,85.68,1410,1593,0,0,73879,34
2026/07/20 13:01:17.441,0,GPU-e2681f6e-8d94-2d66-484f-43ea602335f9,85.95,1410,1593,0,0,73879,34
2026/07/20 13:01:17.691,0,GPU-e2681f6e-8d94-2d66-484f-43ea602335f9,85.68,1410,1593,0,0,73879,34
2026/07/20 13:01:17.941,0,GPU-e2681f6e-8d94-2d66-484f-43ea602335f9,85.68,1410,1593,0,0,73879,34
2026/07/20 13:01:18.191,0,GPU-e2681f6e-8d94-2d66-484f-43ea602335f9,85.95,1410,1593,0,0,73879,34
2026/07/20 13:01:18.441,0,GPU-e2681f6e-8d94-2d66-484f-43ea602335f9,85.77,1410,1593,0,0,73879,34
2026/07/20 13:01:18.691,0,GPU-e2681f6e-8d94-2d66-484f-43ea602335f9,86.04,1410,1593,0,0,73879,34
2026/07/20 13:01:18.941,0,GPU-e2681f6e-8d94-2d66-484f-43ea602335f9,85.77,1410,1593,0,0,73879,34
2026/07/20 13:01:19.192,0,GPU-e2681f6e-8d94-2d66-484f-43ea602335f9,85.68,1410,1593,0,0,73879,34
2026/07/20 13:01:19.442,0,GPU-e2681f6e-8d94-2d66-484f-43ea602335f9,85.77,1410,1593,0,0,73879,34
2026/07/20 13:01:19.692,0,GPU-e2681f6e-8d94-2d66-484f-43ea602335f9,85.68,1410,1593,0,0,73879,34
2026/07/20 13:01:19.942,0,GPU-e2681f6e-8d94-2d66-484f-43ea602335f9,85.68,1410,1593,0,0,73879,34
2026/07/20 13:01:20.192,0,GPU-e2681f6e-8d94-2d66-484f-43ea602335f9,85.77,1410,1593,0,0,73879,34
2026/07/20 13:01:20.442,0,GPU-e2681f6e-8d94-2d66-484f-43ea602335f9,85.77,1410,1593,0,0,73879,34
2026/07/20 13:01:20.692,0,GPU-e2681f6e-8d94-2d66-484f-43ea602335f9,86.04,1410,1593,0,0,73879,34
2026/07/20 13:01:20.942,0,GPU-e2681f6e-8d94-2d66-484f-43ea602335f9,85.68,1410,1593,0,0,73879,34
2026/07/20 13:01:21.192,0,GPU-e2681f6e-8d94-2d66-484f-43ea602335f9,85.77,1410,1593,0,0,73879,34
2026/07/20 13:01:21.442,0,GPU-e2681f6e-8d94-2d66-484f-43ea602335f9,85.68,1410,1593,0,0,73879,34
2026/07/20 13:01:21.692,0,GPU-e2681f6e-8d94-2d66-484f-43ea602335f9,85.95,1410,1593,0,0,73879,34
2026/07/20 13:01:21.943,0,GPU-e2681f6e-8d94-2d66-484f-43ea602335f9,85.68,1410,1593,0,0,73879,34
2026/07/20 13:01:22.193,0,GPU-e2681f6e-8d94-2d66-484f-43ea602335f9,85.77,1410,1593,0,0,73879,34
2026/07/20 13:01:22.443,0,GPU-e2681f6e-8d94-2d66-484f-43ea602335f9,85.95,1410,1593,0,0,73879,34
2026/07/20 13:01:22.693,0,GPU-e2681f6e-8d94-2d66-484f-43ea602335f9,85.95,1410,1593,0,0,73879,34
2026/07/20 13:01:22.943,0,GPU-e2681f6e-8d94-2d66-484f-43ea602335f9,86.04,1410,1593,0,0,73879,34
2026/07/20 13:01:23.193,0,GPU-e2681f6e-8d94-2d66-484f-43ea602335f9,85.77,1410,1593,0,0,73879,34
2026/07/20 13:01:23.443,0,GPU-e2681f6e-8d94-2d66-484f-43ea602335f9,85.77,1410,1593,0,0,73879,34
2026/07/20 13:01:23.693,0,GPU-e2681f6e-8d94-2d66-484f-43ea602335f9,85.68,1410,1593,0,0,73879,34
2026/07/20 13:01:23.943,0,GPU-e2681f6e-8d94-2d66-484f-43ea602335f9,85.95,1410,1593,0,0,73879,34
2026/07/20 13:01:24.193,0,GPU-e2681f6e-8d94-2d66-484f-43ea602335f9,85.95,1410,1593,0,0,73879,34
2026/07/20 13:01:24.443,0,GPU-e2681f6e-8d94-2d66-484f-43ea602335f9,86.04,1410,1593,0,0,73879,34
2026/07/20 13:01:24.693,0,GPU-e2681f6e-8d94-2d66-484f-43ea602335f9,85.77,1410,1593,0,0,73879,34
2026/07/20 13:01:24.944,0,GPU-e2681f6e-8d94-2d66-484f-43ea602335f9,86.04,1410,1593,0,0,73879,34
2026/07/20 13:01:25.194,0,GPU-e2681f6e-8d94-2d66-484f-43ea602335f9,86.04,1410,1593,0,0,73879,34
2026/07/20 13:01:25.444,0,GPU-e2681f6e-8d94-2d66-484f-43ea602335f9,85.95,1410,1593,0,0,73879,34
2026/07/20 13:01:25.694,0,GPU-e2681f6e-8d94-2d66-484f-43ea602335f9,85.77,1410,1593,0,0,73879,34
2026/07/20 13:01:25.944,0,GPU-e2681f6e-8d94-2d66-484f-43ea602335f9,85.68,1410,1593,0,0,73879,34
2026/07/20 13:01:26.194,0,GPU-e2681f6e-8d94-2d66-484f-43ea602335f9,85.95,1410,1593,0,0,73879,34
2026/07/20 13:01:26.444,0,GPU-e2681f6e-8d94-2d66-484f-43ea602335f9,85.77,1410,1593,0,0,73879,34
2026/07/20 13:01:26.694,0,GPU-e2681f6e-8d94-2d66-484f-43ea602335f9,85.77,1410,1593,0,0,73879,34
2026/07/20 13:01:26.944,0,GPU-e2681f6e-8d94-2d66-484f-43ea602335f9,85.68,1410,1593,0,0,73879,34
2026/07/20 13:01:27.194,0,GPU-e2681f6e-8d94-2d66-484f-43ea602335f9,85.68,1410,1593,0,0,73879,34
2026/07/20 13:01:27.444,0,GPU-e2681f6e-8d94-2d66-484f-43ea602335f9,85.68,1410,1593,0,0,73879,34
2026/07/20 13:01:27.694,0,GPU-e2681f6e-8d94-2d66-484f-43ea602335f9,85.95,1410,1593,0,0,73879,34
2026/07/20 13:01:27.944,0,GPU-e2681f6e-8d94-2d66-484f-43ea602335f9,86.04,1410,1593,0,0,73879,34
2026/07/20 13:01:28.194,0,GPU-e2681f6e-8d94-2d66-484f-43ea602335f9,85.95,1410,1593,0,0,73879,34
2026/07/20 13:01:28.444,0,GPU-e2681f6e-8d94-2d66-484f-43ea602335f9,86.04,1410,1593,0,0,73879,34
2026/07/20 13:01:28.695,0,GPU-e2681f6e-8d94-2d66-484f-43ea602335f9,85.68,1410,1593,0,0,73879,34
2026/07/20 13:01:28.945,0,GPU-e2681f6e-8d94-2d66-484f-43ea602335f9,85.68,1410,1593,0,0,73879,34
2026/07/20 13:01:29.195,0,GPU-e2681f6e-8d94-2d66-484f-43ea602335f9,85.95,1410,1593,0,0,73879,34
2026/07/20 13:01:29.445,0,GPU-e2681f6e-8d94-2d66-484f-43ea602335f9,86.04,1410,1593,0,0,73879,34
2026/07/20 13:01:29.695,0,GPU-e2681f6e-8d94-2d66-484f-43ea602335f9,85.68,1410,1593,0,0,73879,34
2026/07/20 13:01:29.945,0,GPU-e2681f6e-8d94-2d66-484f-43ea602335f9,85.68,1410,1593,0,0,73879,34
2026/07/20 13:01:30.195,0,GPU-e2681f6e-8d94-2d66-484f-43ea602335f9,85.68,1410,1593,0,0,73879,34
2026/07/20 13:01:30.445,0,GPU-e2681f6e-8d94-2d66-484f-43ea602335f9,85.68,1410,1593,0,0,73879,34
2026/07/20 13:01:30.695,0,GPU-e2681f6e-8d94-2d66-484f-43ea602335f9,85.95,1410,1593,0,0,73879,34
2026/07/20 13:01:30.945,0,GPU-e2681f6e-8d94-2d66-484f-43ea602335f9,85.95,1410,1593,0,0,73879,34
2026/07/20 13:01:31.195,0,GPU-e2681f6e-8d94-2d66-484f-43ea602335f9,85.95,1410,1593,0,0,73879,35
2026/07/20 13:01:31.445,0,GPU-e2681f6e-8d94-2d66-484f-43ea602335f9,85.95,1410,1593,0,0,73879,35
2026/07/20 13:01:31.695,0,GPU-e2681f6e-8d94-2d66-484f-43ea602335f9,86.28,1410,1593,0,0,73879,34
2026/07/20 13:01:31.945,0,GPU-e2681f6e-8d94-2d66-484f-43ea602335f9,85.68,1410,1593,0,0,73879,34
2026/07/20 13:01:32.196,0,GPU-e2681f6e-8d94-2d66-484f-43ea602335f9,85.95,1410,1593,0,0,73879,34
2026/07/20 13:01:32.446,0,GPU-e2681f6e-8d94-2d66-484f-43ea602335f9,85.95,1410,1593,0,0,73879,34
2026/07/20 13:01:32.696,0,GPU-e2681f6e-8d94-2d66-484f-43ea602335f9,85.77,1410,1593,0,0,73879,35
2026/07/20 13:01:32.946,0,GPU-e2681f6e-8d94-2d66-484f-43ea602335f9,85.95,1410,1593,0,0,73879,34
2026/07/20 13:01:33.196,0,GPU-e2681f6e-8d94-2d66-484f-43ea602335f9,85.95,1410,1593,0,0,73879,34
2026/07/20 13:01:33.446,0,GPU-e2681f6e-8d94-2d66-484f-43ea602335f9,86.04,1410,1593,0,0,73879,34
2026/07/20 13:01:33.696,0,GPU-e2681f6e-8d94-2d66-484f-43ea602335f9,85.95,1410,1593,0,0,73879,34
2026/07/20 13:01:33.946,0,GPU-e2681f6e-8d94-2d66-484f-43ea602335f9,85.95,1410,1593,0,0,73879,34
2026/07/20 13:01:34.196,0,GPU-e2681f6e-8d94-2d66-484f-43ea602335f9,85.95,1410,1593,0,0,73879,35
2026/07/20 13:01:34.446,0,GPU-e2681f6e-8d94-2d66-484f-43ea602335f9,85.95,1410,1593,0,0,73879,34
2026/07/20 13:01:34.696,0,GPU-e2681f6e-8d94-2d66-484f-43ea602335f9,85.95,1410,1593,0,0,73879,34
2026/07/20 13:01:34.946,0,GPU-e2681f6e-8d94-2d66-484f-43ea602335f9,85.95,1410,1593,0,0,73879,34
2026/07/20 13:01:35.196,0,GPU-e2681f6e-8d94-2d66-484f-43ea602335f9,85.95,1410,1593,0,0,73879,34
2026/07/20 13:01:35.446,0,GPU-e2681f6e-8d94-2d66-484f-43ea602335f9,85.95,1410,1593,0,0,73879,34
2026/07/20 13:01:35.697,0,GPU-e2681f6e-8d94-2d66-484f-43ea602335f9,85.95,1410,1593,0,0,73879,34
2026/07/20 13:01:35.947,0,GPU-e2681f6e-8d94-2d66-484f-43ea602335f9,85.95,1410,1593,0,0,73879,34
2026/07/20 13:01:36.197,0,GPU-e2681f6e-8d94-2d66-484f-43ea602335f9,85.95,1410,1593,0,0,73879,34
2026/07/20 13:01:36.447,0,GPU-e2681f6e-8d94-2d66-484f-43ea602335f9,85.95,1410,1593,0,0,73879,34
2026/07/20 13:01:36.697,0,GPU-e2681f6e-8d94-2d66-484f-43ea602335f9,85.95,1410,1593,0,0,73879,34
2026/07/20 13:01:36.947,0,GPU-e2681f6e-8d94-2d66-484f-43ea602335f9,85.95,1410,1593,0,0,73879,34
2026/07/20 13:01:37.197,0,GPU-e2681f6e-8d94-2d66-484f-43ea602335f9,85.95,1410,1593,0,0,73879,35
2026/07/20 13:01:37.447,0,GPU-e2681f6e-8d94-2d66-484f-43ea602335f9,85.95,1410,1593,0,0,73879,35
2026/07/20 13:01:37.697,0,GPU-e2681f6e-8d94-2d66-484f-43ea602335f9,85.95,1410,1593,0,0,73879,35
2026/07/20 13:01:37.947,0,GPU-e2681f6e-8d94-2d66-484f-43ea602335f9,85.95,1410,1593,0,0,73879,34
2026/07/20 13:01:38.197,0,GPU-e2681f6e-8d94-2d66-484f-43ea602335f9,85.95,1410,1593,0,0,73879,35
2026/07/20 13:01:38.447,0,GPU-e2681f6e-8d94-2d66-484f-43ea602335f9,85.95,1410,1593,0,0,73879,35
2026/07/20 13:01:38.697,0,GPU-e2681f6e-8d94-2d66-484f-43ea602335f9,85.95,1410,1593,0,0,73879,35
2026/07/20 13:01:38.948,0,GPU-e2681f6e-8d94-2d66-484f-43ea602335f9,86.04,1410,1593,0,0,73879,35
2026/07/20 13:01:39.198,0,GPU-e2681f6e-8d94-2d66-484f-43ea602335f9,85.95,1410,1593,0,0,73879,34
2026/07/20 13:01:39.448,0,GPU-e2681f6e-8d94-2d66-484f-43ea602335f9,86.04,1410,1593,0,0,73879,35
2026/07/20 13:01:39.698,0,GPU-e2681f6e-8d94-2d66-484f-43ea602335f9,85.95,1410,1593,0,0,73879,35
2026/07/20 13:01:39.948,0,GPU-e2681f6e-8d94-2d66-484f-43ea602335f9,85.95,1410,1593,0,0,73879,35
2026/07/20 13:01:40.198,0,GPU-e2681f6e-8d94-2d66-484f-43ea602335f9,85.95,1410,1593,0,0,73879,35
2026/07/20 13:01:40.448,0,GPU-e2681f6e-8d94-2d66-484f-43ea602335f9,86.04,1410,1593,0,0,73879,35
2026/07/20 13:01:40.698,0,GPU-e2681f6e-8d94-2d66-484f-43ea602335f9,85.95,1410,1593,0,0,73879,35
2026/07/20 13:01:40.948,0,GPU-e2681f6e-8d94-2d66-484f-43ea602335f9,85.95,1410,1593,0,0,73879,35
2026/07/20 13:01:41.198,0,GPU-e2681f6e-8d94-2d66-484f-43ea602335f9,86.04,1410,1593,0,0,73879,35
2026/07/20 13:01:41.448,0,GPU-e2681f6e-8d94-2d66-484f-43ea602335f9,85.95,1410,1593,0,0,73879,35
2026/07/20 13:01:41.698,0,GPU-e2681f6e-8d94-2d66-484f-43ea602335f9,85.95,1410,1593,0,0,73879,35
2026/07/20 13:01:41.949,0,GPU-e2681f6e-8d94-2d66-484f-43ea602335f9,85.95,1410,1593,0,0,73879,35
2026/07/20 13:01:42.199,0,GPU-e2681f6e-8d94-2d66-484f-43ea602335f9,85.95,1410,1593,0,0,73879,35
2026/07/20 13:01:42.449,0,GPU-e2681f6e-8d94-2d66-484f-43ea602335f9,86.04,1410,1593,0,0,73879,35
2026/07/20 13:01:42.699,0,GPU-e2681f6e-8d94-2d66-484f-43ea602335f9,85.95,1410,1593,0,0,73879,35
2026/07/20 13:01:42.949,0,GPU-e2681f6e-8d94-2d66-484f-43ea602335f9,85.95,1410,1593,0,0,73879,35
2026/07/20 13:01:43.199,0,GPU-e2681f6e-8d94-2d66-484f-43ea602335f9,85.95,1410,1593,0,0,73879,35
2026/07/20 13:01:43.449,0,GPU-e2681f6e-8d94-2d66-484f-43ea602335f9,86.37,1410,1593,0,0,73879,35
2026/07/20 13:01:43.699,0,GPU-e2681f6e-8d94-2d66-484f-43ea602335f9,86.28,1410,1593,0,0,73879,35
2026/07/20 13:01:43.949,0,GPU-e2681f6e-8d94-2d66-484f-43ea602335f9,85.95,1410,1593,0,0,73879,35
2026/07/20 13:01:44.199,0,GPU-e2681f6e-8d94-2d66-484f-43ea602335f9,85.95,1410,1593,0,0,73879,35
2026/07/20 13:01:44.449,0,GPU-e2681f6e-8d94-2d66-484f-43ea602335f9,86.04,1410,1593,0,0,73879,35
2026/07/20 13:01:44.699,0,GPU-e2681f6e-8d94-2d66-484f-43ea602335f9,85.95,1410,1593,0,0,73879,35
2026/07/20 13:01:44.949,0,GPU-e2681f6e-8d94-2d66-484f-43ea602335f9,85.95,1410,1593,0,0,73879,35
2026/07/20 13:01:45.200,0,GPU-e2681f6e-8d94-2d66-484f-43ea602335f9,85.95,1410,1593,0,0,73879,35
2026/07/20 13:01:45.450,0,GPU-e2681f6e-8d94-2d66-484f-43ea602335f9,85.95,1410,1593,0,0,73879,35
2026/07/20 13:01:45.700,0,GPU-e2681f6e-8d94-2d66-484f-43ea602335f9,86.04,1410,1593,0,0,73879,35
2026/07/20 13:01:45.950,0,GPU-e2681f6e-8d94-2d66-484f-43ea602335f9,85.95,1410,1593,0,0,73879,35
2026/07/20 13:01:46.200,0,GPU-e2681f6e-8d94-2d66-484f-43ea602335f9,85.95,1410,1593,0,0,73879,35
2026/07/20 13:01:46.450,0,GPU-e2681f6e-8d94-2d66-484f-43ea602335f9,85.95,1410,1593,0,0,73879,35
2026/07/20 13:01:46.700,0,GPU-e2681f6e-8d94-2d66-484f-43ea602335f9,85.95,1410,1593,0,0,73879,35
2026/07/20 13:01:46.950,0,GPU-e2681f6e-8d94-2d66-484f-43ea602335f9,85.95,1410,1593,0,0,73879,35
2026/07/20 13:01:47.200,0,GPU-e2681f6e-8d94-2d66-484f-43ea602335f9,85.95,1410,1593,0,0,73879,35
2026/07/20 13:01:47.450,0,GPU-e2681f6e-8d94-2d66-484f-43ea602335f9,85.95,1410,1593,0,0,73879,35
2026/07/20 13:01:47.700,0,GPU-e2681f6e-8d94-2d66-484f-43ea602335f9,86.04,1410,1593,0,0,73879,35
2026/07/20 13:01:47.950,0,GPU-e2681f6e-8d94-2d66-484f-43ea602335f9,85.95,1410,1593,0,0,73879,35
2026/07/20 13:01:48.201,0,GPU-e2681f6e-8d94-2d66-484f-43ea602335f9,85.95,1410,1593,0,0,73879,35
2026/07/20 13:01:48.451,0,GPU-e2681f6e-8d94-2d66-484f-43ea602335f9,85.95,1410,1593,0,0,73879,35
2026/07/20 13:01:48.701,0,GPU-e2681f6e-8d94-2d66-484f-43ea602335f9,85.95,1410,1593,0,0,73879,35
2026/07/20 13:01:48.951,0,GPU-e2681f6e-8d94-2d66-484f-43ea602335f9,86.28,1410,1593,0,0,73879,35
2026/07/20 13:01:49.201,0,GPU-e2681f6e-8d94-2d66-484f-43ea602335f9,86.28,1410,1593,0,0,73879,35
2026/07/20 13:01:49.451,0,GPU-e2681f6e-8d94-2d66-484f-43ea602335f9,86.28,1410,1593,0,0,73879,35
2026/07/20 13:01:49.701,0,GPU-e2681f6e-8d94-2d66-484f-43ea602335f9,86.28,1410,1593,0,0,73879,35
2026/07/20 13:01:49.951,0,GPU-e2681f6e-8d94-2d66-484f-43ea602335f9,86.28,1410,1593,0,0,73879,35
2026/07/20 13:01:50.201,0,GPU-e2681f6e-8d94-2d66-484f-43ea602335f9,86.04,1410,1593,0,0,73879,35
2026/07/20 13:01:50.451,0,GPU-e2681f6e-8d94-2d66-484f-43ea602335f9,85.95,1410,1593,0,0,73879,35
2026/07/20 13:01:50.701,0,GPU-e2681f6e-8d94-2d66-484f-43ea602335f9,86.28,1410,1593,0,0,73879,35
2026/07/20 13:01:50.951,0,GPU-e2681f6e-8d94-2d66-484f-43ea602335f9,86.28,1410,1593,0,0,73879,35
2026/07/20 13:01:51.201,0,GPU-e2681f6e-8d94-2d66-484f-43ea602335f9,85.95,1410,1593,0,0,73879,35
2026/07/20 13:01:51.451,0,GPU-e2681f6e-8d94-2d66-484f-43ea602335f9,86.28,1410,1593,0,0,73879,35
2026/07/20 13:01:51.702,0,GPU-e2681f6e-8d94-2d66-484f-43ea602335f9,85.95,1410,1593,0,0,73879,35
2026/07/20 13:01:51.952,0,GPU-e2681f6e-8d94-2d66-484f-43ea602335f9,86.37,1410,1593,0,0,73879,35
2026/07/20 13:01:52.202,0,GPU-e2681f6e-8d94-2d66-484f-43ea602335f9,86.28,1410,1593,0,0,73879,35
2026/07/20 13:01:52.452,0,GPU-e2681f6e-8d94-2d66-484f-43ea602335f9,85.95,1410,1593,0,0,73879,35
2026/07/20 13:01:52.702,0,GPU-e2681f6e-8d94-2d66-484f-43ea602335f9,86.04,1410,1593,0,0,73879,35
2026/07/20 13:01:52.952,0,GPU-e2681f6e-8d94-2d66-484f-43ea602335f9,86.04,1410,1593,0,0,73879,35
2026/07/20 13:01:53.202,0,GPU-e2681f6e-8d94-2d66-484f-43ea602335f9,85.95,1410,1593,0,0,73879,35
2026/07/20 13:01:53.452,0,GPU-e2681f6e-8d94-2d66-484f-43ea602335f9,86.28,1410,1593,0,0,73879,35
2026/07/20 13:01:53.702,0,GPU-e2681f6e-8d94-2d66-484f-43ea602335f9,86.28,1410,1593,0,0,73879,35
2026/07/20 13:01:53.952,0,GPU-e2681f6e-8d94-2d66-484f-43ea602335f9,86.04,1410,1593,0,0,73879,35
2026/07/20 13:01:54.202,0,GPU-e2681f6e-8d94-2d66-484f-43ea602335f9,86.04,1410,1593,0,0,73879,35
2026/07/20 13:01:54.452,0,GPU-e2681f6e-8d94-2d66-484f-43ea602335f9,85.68,1410,1593,0,0,73879,35
2026/07/20 13:01:54.703,0,GPU-e2681f6e-8d94-2d66-484f-43ea602335f9,85.68,1410,1593,0,0,73879,35
2026/07/20 13:01:54.953,0,GPU-e2681f6e-8d94-2d66-484f-43ea602335f9,85.68,1410,1593,0,0,73879,35
2026/07/20 13:01:55.203,0,GPU-e2681f6e-8d94-2d66-484f-43ea602335f9,85.68,1410,1593,0,0,73879,35
2026/07/20 13:01:55.453,0,GPU-e2681f6e-8d94-2d66-484f-43ea602335f9,85.68,1410,1593,0,0,73879,35
2026/07/20 13:01:55.703,0,GPU-e2681f6e-8d94-2d66-484f-43ea602335f9,85.95,1410,1593,0,0,73879,35
2026/07/20 13:01:55.953,0,GPU-e2681f6e-8d94-2d66-484f-43ea602335f9,86.04,1410,1593,0,0,73879,35
2026/07/20 13:01:56.204,0,GPU-e2681f6e-8d94-2d66-484f-43ea602335f9,85.68,1410,1593,0,0,73879,35
2026/07/20 13:01:56.628,0,GPU-e2681f6e-8d94-2d66-484f-43ea602335f9,85.68,1410,1593,0,0,73879,35
2026/07/20 13:01:57.475,0,GPU-e2681f6e-8d94-2d66-484f-43ea602335f9,85.68,1410,1593,0,0,73879,35
2026/07/20 13:01:57.725,0,GPU-e2681f6e-8d94-2d66-484f-43ea602335f9,85.44,1410,1593,0,0,73879,35
2026/07/20 13:01:57.975,0,GPU-e2681f6e-8d94-2d66-484f-43ea602335f9,85.77,1410,1593,0,0,73879,35
2026/07/20 13:01:58.225,0,GPU-e2681f6e-8d94-2d66-484f-43ea602335f9,85.68,1410,1593,0,0,73879,35
2026/07/20 13:01:58.476,0,GPU-e2681f6e-8d94-2d66-484f-43ea602335f9,85.68,1410,1593,0,0,73879,35
2026/07/20 13:01:58.726,0,GPU-e2681f6e-8d94-2d66-484f-43ea602335f9,85.68,1410,1593,0,0,73879,35
2026/07/20 13:01:58.976,0,GPU-e2681f6e-8d94-2d66-484f-43ea602335f9,85.77,1410,1593,0,0,73879,35
2026/07/20 13:01:59.226,0,GPU-e2681f6e-8d94-2d66-484f-43ea602335f9,85.68,1410,1593,0,0,73879,35
2026/07/20 13:01:59.476,0,GPU-e2681f6e-8d94-2d66-484f-43ea602335f9,85.68,1410,1593,0,0,73879,35
2026/07/20 13:01:59.726,0,GPU-e2681f6e-8d94-2d66-484f-43ea602335f9,85.68,1410,1593,0,0,73879,35
2026/07/20 13:01:59.976,0,GPU-e2681f6e-8d94-2d66-484f-43ea602335f9,85.68,1410,1593,0,0,73879,35
2026/07/20 13:02:00.226,0,GPU-e2681f6e-8d94-2d66-484f-43ea602335f9,85.77,1410,1593,0,0,73879,35
2026/07/20 13:02:00.476,0,GPU-e2681f6e-8d94-2d66-484f-43ea602335f9,85.77,1410,1593,0,0,73879,35
2026/07/20 13:02:00.726,0,GPU-e2681f6e-8d94-2d66-484f-43ea602335f9,85.77,1410,1593,0,0,73879,35
2026/07/20 13:02:00.976,0,GPU-e2681f6e-8d94-2d66-484f-43ea602335f9,85.68,1410,1593,0,0,73879,35
2026/07/20 13:02:01.226,0,GPU-e2681f6e-8d94-2d66-484f-43ea602335f9,85.95,1410,1593,0,0,73879,35
2026/07/20 13:02:01.476,0,GPU-e2681f6e-8d94-2d66-484f-43ea602335f9,85.68,1410,1593,0,0,73879,35
2026/07/20 13:02:01.726,0,GPU-e2681f6e-8d94-2d66-484f-43ea602335f9,85.68,1410,1593,0,0,73879,35
2026/07/20 13:02:01.977,0,GPU-e2681f6e-8d94-2d66-484f-43ea602335f9,85.68,1410,1593,0,0,73879,35
2026/07/20 13:02:02.227,0,GPU-e2681f6e-8d94-2d66-484f-43ea602335f9,85.68,1410,1593,0,0,73879,35
2026/07/20 13:02:02.477,0,GPU-e2681f6e-8d94-2d66-484f-43ea602335f9,85.68,1410,1593,0,0,73879,35
2026/07/20 13:02:02.727,0,GPU-e2681f6e-8d94-2d66-484f-43ea602335f9,85.77,1410,1593,0,0,73879,34
2026/07/20 13:02:02.977,0,GPU-e2681f6e-8d94-2d66-484f-43ea602335f9,85.77,1410,1593,0,0,73879,34
2026/07/20 13:02:03.227,0,GPU-e2681f6e-8d94-2d66-484f-43ea602335f9,85.68,1410,1593,0,0,73879,35
2026/07/20 13:02:03.477,0,GPU-e2681f6e-8d94-2d66-484f-43ea602335f9,85.68,1410,1593,0,0,73879,34
2026/07/20 13:02:03.727,0,GPU-e2681f6e-8d94-2d66-484f-43ea602335f9,85.68,1410,1593,0,0,73879,35
2026/07/20 13:02:03.977,0,GPU-e2681f6e-8d94-2d66-484f-43ea602335f9,85.68,1410,1593,0,0,73879,34
2026/07/20 13:02:04.227,0,GPU-e2681f6e-8d94-2d66-484f-43ea602335f9,85.68,1410,1593,0,0,73879,35
2026/07/20 13:02:04.477,0,GPU-e2681f6e-8d94-2d66-484f-43ea602335f9,85.68,1410,1593,0,0,73879,34
2026/07/20 13:02:04.727,0,GPU-e2681f6e-8d94-2d66-484f-43ea602335f9,85.68,1410,1593,0,0,73879,35
2026/07/20 13:02:04.977,0,GPU-e2681f6e-8d94-2d66-484f-43ea602335f9,85.59,1410,1593,0,0,73879,35
2026/07/20 13:02:05.228,0,GPU-e2681f6e-8d94-2d66-484f-43ea602335f9,85.68,1410,1593,0,0,73879,34
2026/07/20 13:02:05.478,0,GPU-e2681f6e-8d94-2d66-484f-43ea602335f9,85.68,1410,1593,0,0,73879,34
2026/07/20 13:02:05.728,0,GPU-e2681f6e-8d94-2d66-484f-43ea602335f9,85.77,1410,1593,0,0,73879,34
2026/07/20 13:02:05.978,0,GPU-e2681f6e-8d94-2d66-484f-43ea602335f9,85.68,1410,1593,0,0,73879,35
2026/07/20 13:02:06.228,0,GPU-e2681f6e-8d94-2d66-484f-43ea602335f9,85.68,1410,1593,0,0,73879,34
2026/07/20 13:02:06.478,0,GPU-e2681f6e-8d94-2d66-484f-43ea602335f9,85.77,1410,1593,0,0,73879,34
2026/07/20 13:02:06.728,0,GPU-e2681f6e-8d94-2d66-484f-43ea602335f9,85.68,1410,1593,0,0,73879,35
2026/07/20 13:02:06.978,0,GPU-e2681f6e-8d94-2d66-484f-43ea602335f9,85.77,1410,1593,0,0,73879,34
2026/07/20 13:02:07.228,0,GPU-e2681f6e-8d94-2d66-484f-43ea602335f9,85.77,1410,1593,0,0,73879,34
2026/07/20 13:02:07.478,0,GPU-e2681f6e-8d94-2d66-484f-43ea602335f9,85.95,1410,1593,0,0,73879,34
2026/07/20 13:02:07.728,0,GPU-e2681f6e-8d94-2d66-484f-43ea602335f9,86.04,1410,1593,0,0,73879,34
2026/07/20 13:02:07.978,0,GPU-e2681f6e-8d94-2d66-484f-43ea602335f9,85.68,1410,1593,0,0,73879,34
2026/07/20 13:02:08.228,0,GPU-e2681f6e-8d94-2d66-484f-43ea602335f9,85.68,1410,1593,0,0,73879,34
2026/07/20 13:02:08.478,0,GPU-e2681f6e-8d94-2d66-484f-43ea602335f9,85.68,1410,1593,0,0,73879,34
2026/07/20 13:02:08.728,0,GPU-e2681f6e-8d94-2d66-484f-43ea602335f9,85.68,1410,1593,0,0,73879,34
2026/07/20 13:02:08.979,0,GPU-e2681f6e-8d94-2d66-484f-43ea602335f9,85.68,1410,1593,0,0,73879,34
2026/07/20 13:02:09.229,0,GPU-e2681f6e-8d94-2d66-484f-43ea602335f9,85.68,1410,1593,0,0,73879,34
2026/07/20 13:02:09.479,0,GPU-e2681f6e-8d94-2d66-484f-43ea602335f9,85.68,1410,1593,0,0,73879,34
2026/07/20 13:02:09.729,0,GPU-e2681f6e-8d94-2d66-484f-43ea602335f9,85.68,1410,1593,0,0,73879,34
2026/07/20 13:02:09.979,0,GPU-e2681f6e-8d94-2d66-484f-43ea602335f9,85.77,1410,1593,0,0,73879,34
2026/07/20 13:02:10.229,0,GPU-e2681f6e-8d94-2d66-484f-43ea602335f9,85.68,1410,1593,0,0,73879,34
2026/07/20 13:02:10.479,0,GPU-e2681f6e-8d94-2d66-484f-43ea602335f9,85.68,1410,1593,0,0,73879,34
2026/07/20 13:02:10.729,0,GPU-e2681f6e-8d94-2d66-484f-43ea602335f9,85.68,1410,1593,0,0,73879,34
2026/07/20 13:02:10.979,0,GPU-e2681f6e-8d94-2d66-484f-43ea602335f9,85.68,1410,1593,0,0,73879,34
2026/07/20 13:02:11.229,0,GPU-e2681f6e-8d94-2d66-484f-43ea602335f9,85.68,1410,1593,0,0,73879,34
2026/07/20 13:02:11.479,0,GPU-e2681f6e-8d94-2d66-484f-43ea602335f9,85.68,1410,1593,0,0,73879,34
2026/07/20 13:02:11.730,0,GPU-e2681f6e-8d94-2d66-484f-43ea602335f9,85.68,1410,1593,0,0,73879,34
2026/07/20 13:02:11.980,0,GPU-e2681f6e-8d94-2d66-484f-43ea602335f9,85.68,1410,1593,0,0,73879,34
2026/07/20 13:02:12.230,0,GPU-e2681f6e-8d94-2d66-484f-43ea602335f9,85.77,1410,1593,0,0,73879,34
2026/07/20 13:02:12.480,0,GPU-e2681f6e-8d94-2d66-484f-43ea602335f9,85.68,1410,1593,0,0,73879,34
2026/07/20 13:02:12.730,0,GPU-e2681f6e-8d94-2d66-484f-43ea602335f9,85.68,1410,1593,0,0,73879,34
2026/07/20 13:02:12.980,0,GPU-e2681f6e-8d94-2d66-484f-43ea602335f9,85.77,1410,1593,0,0,73879,34
2026/07/20 13:02:13.230,0,GPU-e2681f6e-8d94-2d66-484f-43ea602335f9,85.77,1410,1593,0,0,73879,34
2026/07/20 13:02:13.480,0,GPU-e2681f6e-8d94-2d66-484f-43ea602335f9,85.95,1410,1593,0,0,73879,34
2026/07/20 13:02:13.730,0,GPU-e2681f6e-8d94-2d66-484f-43ea602335f9,85.77,1410,1593,0,0,73879,34
2026/07/20 13:02:13.980,0,GPU-e2681f6e-8d94-2d66-484f-43ea602335f9,85.68,1410,1593,0,0,73879,34
2026/07/20 13:02:14.230,0,GPU-e2681f6e-8d94-2d66-484f-43ea602335f9,85.77,1410,1593,0,0,73879,34
2026/07/20 13:02:14.480,0,GPU-e2681f6e-8d94-2d66-484f-43ea602335f9,85.68,1410,1593,0,0,73879,34
2026/07/20 13:02:14.730,0,GPU-e2681f6e-8d94-2d66-484f-43ea602335f9,85.68,1410,1593,0,0,73879,34
2026/07/20 13:02:14.980,0,GPU-e2681f6e-8d94-2d66-484f-43ea602335f9,85.68,1410,1593,0,0,73879,34
2026/07/20 13:02:15.230,0,GPU-e2681f6e-8d94-2d66-484f-43ea602335f9,85.68,1410,1593,0,0,73879,34
2026/07/20 13:02:15.481,0,GPU-e2681f6e-8d94-2d66-484f-43ea602335f9,85.68,1410,1593,0,0,73879,34
2026/07/20 13:02:15.731,0,GPU-e2681f6e-8d94-2d66-484f-43ea602335f9,85.68,1410,1593,0,0,73879,34
2026/07/20 13:02:15.981,0,GPU-e2681f6e-8d94-2d66-484f-43ea602335f9,85.68,1410,1593,0,0,73879,34
2026/07/20 13:02:16.231,0,GPU-e2681f6e-8d94-2d66-484f-43ea602335f9,85.77,1410,1593,0,0,73879,34
2026/07/20 13:02:16.481,0,GPU-e2681f6e-8d94-2d66-484f-43ea602335f9,85.68,1410,1593,0,0,73879,34
2026/07/20 13:02:16.731,0,GPU-e2681f6e-8d94-2d66-484f-43ea602335f9,85.77,1410,1593,0,0,73879,34
2026/07/20 13:02:16.981,0,GPU-e2681f6e-8d94-2d66-484f-43ea602335f9,85.68,1410,1593,0,0,73879,34
2026/07/20 13:02:17.231,0,GPU-e2681f6e-8d94-2d66-484f-43ea602335f9,85.68,1410,1593,0,0,73879,34
2026/07/20 13:02:17.481,0,GPU-e2681f6e-8d94-2d66-484f-43ea602335f9,85.77,1410,1593,0,0,73879,34
2026/07/20 13:02:17.731,0,GPU-e2681f6e-8d94-2d66-484f-43ea602335f9,85.68,1410,1593,0,0,73879,34
2026/07/20 13:02:17.981,0,GPU-e2681f6e-8d94-2d66-484f-43ea602335f9,85.68,1410,1593,0,0,73879,34
2026/07/20 13:02:18.231,0,GPU-e2681f6e-8d94-2d66-484f-43ea602335f9,85.68,1410,1593,0,0,73879,34
2026/07/20 13:02:18.481,0,GPU-e2681f6e-8d94-2d66-484f-43ea602335f9,86.04,1410,1593,0,0,73879,34
2026/07/20 13:02:18.731,0,GPU-e2681f6e-8d94-2d66-484f-43ea602335f9,85.77,1410,1593,0,0,73879,34
2026/07/20 13:02:18.982,0,GPU-e2681f6e-8d94-2d66-484f-43ea602335f9,85.68,1410,1593,0,0,73879,34
2026/07/20 13:02:19.232,0,GPU-e2681f6e-8d94-2d66-484f-43ea602335f9,85.68,1410,1593,0,0,73879,34
2026/07/20 13:02:19.482,0,GPU-e2681f6e-8d94-2d66-484f-43ea602335f9,85.95,1410,1593,0,0,73879,34
2026/07/20 13:02:19.732,0,GPU-e2681f6e-8d94-2d66-484f-43ea602335f9,85.77,1410,1593,0,0,73879,34
2026/07/20 13:02:19.982,0,GPU-e2681f6e-8d94-2d66-484f-43ea602335f9,85.95,1410,1593,0,0,73879,34
2026/07/20 13:02:20.232,0,GPU-e2681f6e-8d94-2d66-484f-43ea602335f9,85.77,1410,1593,0,0,73879,34
2026/07/20 13:02:20.482,0,GPU-e2681f6e-8d94-2d66-484f-43ea602335f9,85.68,1410,1593,0,0,73879,34
2026/07/20 13:02:20.732,0,GPU-e2681f6e-8d94-2d66-484f-43ea602335f9,85.77,1410,1593,0,0,73879,34
2026/07/20 13:02:20.982,0,GPU-e2681f6e-8d94-2d66-484f-43ea602335f9,85.68,1410,1593,0,0,73879,34
2026/07/20 13:02:21.232,0,GPU-e2681f6e-8d94-2d66-484f-43ea602335f9,85.77,1410,1593,0,0,73879,34
2026/07/20 13:02:21.482,0,GPU-e2681f6e-8d94-2d66-484f-43ea602335f9,85.68,1410,1593,0,0,73879,34
2026/07/20 13:02:21.732,0,GPU-e2681f6e-8d94-2d66-484f-43ea602335f9,85.68,1410,1593,0,0,73879,34
2026/07/20 13:02:21.982,0,GPU-e2681f6e-8d94-2d66-484f-43ea602335f9,85.68,1410,1593,0,0,73879,34
2026/07/20 13:02:22.232,0,GPU-e2681f6e-8d94-2d66-484f-43ea602335f9,85.77,1410,1593,0,0,73879,34
2026/07/20 13:02:22.483,0,GPU-e2681f6e-8d94-2d66-484f-43ea602335f9,85.68,1410,1593,0,0,73879,34
2026/07/20 13:02:22.733,0,GPU-e2681f6e-8d94-2d66-484f-43ea602335f9,85.68,1410,1593,0,0,73879,34
2026/07/20 13:02:22.983,0,GPU-e2681f6e-8d94-2d66-484f-43ea602335f9,85.68,1410,1593,0,0,73879,34
2026/07/20 13:02:23.233,0,GPU-e2681f6e-8d94-2d66-484f-43ea602335f9,85.68,1410,1593,0,0,73879,34
2026/07/20 13:02:23.483,0,GPU-e2681f6e-8d94-2d66-484f-43ea602335f9,85.77,1410,1593,0,0,73879,34
2026/07/20 13:02:23.733,0,GPU-e2681f6e-8d94-2d66-484f-43ea602335f9,85.95,1410,1593,0,0,73879,34
2026/07/20 13:02:23.983,0,GPU-e2681f6e-8d94-2d66-484f-43ea602335f9,85.68,1410,1593,0,0,73879,34
2026/07/20 13:02:24.233,0,GPU-e2681f6e-8d94-2d66-484f-43ea602335f9,85.77,1410,1593,0,0,73879,34
2026/07/20 13:02:24.483,0,GPU-e2681f6e-8d94-2d66-484f-43ea602335f9,85.68,1410,1593,0,0,73879,34
2026/07/20 13:02:24.733,0,GPU-e2681f6e-8d94-2d66-484f-43ea602335f9,85.77,1410,1593,0,0,73879,34
2026/07/20 13:02:24.983,0,GPU-e2681f6e-8d94-2d66-484f-43ea602335f9,85.95,1410,1593,0,0,73879,34
2026/07/20 13:02:25.233,0,GPU-e2681f6e-8d94-2d66-484f-43ea602335f9,85.68,1410,1593,0,0,73879,34
2026/07/20 13:02:25.483,0,GPU-e2681f6e-8d94-2d66-484f-43ea602335f9,85.68,1410,1593,0,0,73879,34
2026/07/20 13:02:25.733,0,GPU-e2681f6e-8d94-2d66-484f-43ea602335f9,85.77,1410,1593,0,0,73879,34
2026/07/20 13:02:25.984,0,GPU-e2681f6e-8d94-2d66-484f-43ea602335f9,85.68,1410,1593,0,0,73879,34
2026/07/20 13:02:26.234,0,GPU-e2681f6e-8d94-2d66-484f-43ea602335f9,85.77,1410,1593,0,0,73879,34
2026/07/20 13:02:26.484,0,GPU-e2681f6e-8d94-2d66-484f-43ea602335f9,85.95,1410,1593,0,0,73879,34
2026/07/20 13:02:26.734,0,GPU-e2681f6e-8d94-2d66-484f-43ea602335f9,85.77,1410,1593,0,0,73879,34
2026/07/20 13:02:26.984,0,GPU-e2681f6e-8d94-2d66-484f-43ea602335f9,85.68,1410,1593,0,0,73879,34
2026/07/20 13:02:27.234,0,GPU-e2681f6e-8d94-2d66-484f-43ea602335f9,85.68,1410,1593,0,0,73879,34
2026/07/20 13:02:27.484,0,GPU-e2681f6e-8d94-2d66-484f-43ea602335f9,85.68,1410,1593,0,0,73879,34
2026/07/20 13:02:27.734,0,GPU-e2681f6e-8d94-2d66-484f-43ea602335f9,85.68,1410,1593,0,0,73879,34
2026/07/20 13:02:27.984,0,GPU-e2681f6e-8d94-2d66-484f-43ea602335f9,85.95,1410,1593,0,0,73879,34
2026/07/20 13:02:28.234,0,GPU-e2681f6e-8d94-2d66-484f-43ea602335f9,85.68,1410,1593,0,0,73879,34
2026/07/20 13:02:28.484,0,GPU-e2681f6e-8d94-2d66-484f-43ea602335f9,85.68,1410,1593,0,0,73879,34
2026/07/20 13:02:28.734,0,GPU-e2681f6e-8d94-2d66-484f-43ea602335f9,85.77,1410,1593,0,0,73879,34
2026/07/20 13:02:28.984,0,GPU-e2681f6e-8d94-2d66-484f-43ea602335f9,85.68,1410,1593,0,0,73879,34
2026/07/20 13:02:29.234,0,GPU-e2681f6e-8d94-2d66-484f-43ea602335f9,85.77,1410,1593,0,0,73879,34
2026/07/20 13:02:29.484,0,GPU-e2681f6e-8d94-2d66-484f-43ea602335f9,85.77,1410,1593,0,0,73879,34
2026/07/20 13:02:29.735,0,GPU-e2681f6e-8d94-2d66-484f-43ea602335f9,85.68,1410,1593,0,0,73879,34
2026/07/20 13:02:29.985,0,GPU-e2681f6e-8d94-2d66-484f-43ea602335f9,85.68,1410,1593,0,0,73879,34
2026/07/20 13:02:30.235,0,GPU-e2681f6e-8d94-2d66-484f-43ea602335f9,85.95,1410,1593,0,0,73879,34
2026/07/20 13:02:30.485,0,GPU-e2681f6e-8d94-2d66-484f-43ea602335f9,85.95,1410,1593,0,0,73879,34
2026/07/20 13:02:30.735,0,GPU-e2681f6e-8d94-2d66-484f-43ea602335f9,85.95,1410,1593,0,0,73879,34
2026/07/20 13:02:30.985,0,GPU-e2681f6e-8d94-2d66-484f-43ea602335f9,86.56,1410,1593,0,0,73879,34
2026/07/20 13:02:31.235,0,GPU-e2681f6e-8d94-2d66-484f-43ea602335f9,85.95,1410,1593,0,0,73879,34
2026/07/20 13:02:31.485,0,GPU-e2681f6e-8d94-2d66-484f-43ea602335f9,85.68,1410,1593,0,0,73879,34
2026/07/20 13:02:31.735,0,GPU-e2681f6e-8d94-2d66-484f-43ea602335f9,85.77,1410,1593,0,0,73879,34
2026/07/20 13:02:31.985,0,GPU-e2681f6e-8d94-2d66-484f-43ea602335f9,85.95,1410,1593,0,0,73879,34
2026/07/20 13:02:32.235,0,GPU-e2681f6e-8d94-2d66-484f-43ea602335f9,85.95,1410,1593,0,0,73879,34
2026/07/20 13:02:32.486,0,GPU-e2681f6e-8d94-2d66-484f-43ea602335f9,85.95,1410,1593,0,0,73879,34
2026/07/20 13:02:32.736,0,GPU-e2681f6e-8d94-2d66-484f-43ea602335f9,85.95,1410,1593,0,0,73879,34
2026/07/20 13:02:32.986,0,GPU-e2681f6e-8d94-2d66-484f-43ea602335f9,85.95,1410,1593,0,0,73879,34
2026/07/20 13:02:33.236,0,GPU-e2681f6e-8d94-2d66-484f-43ea602335f9,85.95,1410,1593,0,0,73879,34
2026/07/20 13:02:33.486,0,GPU-e2681f6e-8d94-2d66-484f-43ea602335f9,85.68,1410,1593,0,0,73879,34
2026/07/20 13:02:33.736,0,GPU-e2681f6e-8d94-2d66-484f-43ea602335f9,85.77,1410,1593,0,0,73879,34
2026/07/20 13:02:33.986,0,GPU-e2681f6e-8d94-2d66-484f-43ea602335f9,85.77,1410,1593,0,0,73879,34
2026/07/20 13:02:34.236,0,GPU-e2681f6e-8d94-2d66-484f-43ea602335f9,85.95,1410,1593,0,0,73879,34
2026/07/20 13:02:34.486,0,GPU-e2681f6e-8d94-2d66-484f-43ea602335f9,85.68,1410,1593,0,0,73879,34
2026/07/20 13:02:34.736,0,GPU-e2681f6e-8d94-2d66-484f-43ea602335f9,85.95,1410,1593,0,0,73879,34
2026/07/20 13:02:34.986,0,GPU-e2681f6e-8d94-2d66-484f-43ea602335f9,85.68,1410,1593,0,0,73879,34
2026/07/20 13:02:35.236,0,GPU-e2681f6e-8d94-2d66-484f-43ea602335f9,85.77,1410,1593,0,0,73879,34
2026/07/20 13:02:35.486,0,GPU-e2681f6e-8d94-2d66-484f-43ea602335f9,85.68,1410,1593,0,0,73879,34
2026/07/20 13:02:35.736,0,GPU-e2681f6e-8d94-2d66-484f-43ea602335f9,85.68,1410,1593,0,0,73879,34
2026/07/20 13:02:35.986,0,GPU-e2681f6e-8d94-2d66-484f-43ea602335f9,85.68,1410,1593,0,0,73879,34
2026/07/20 13:02:36.237,0,GPU-e2681f6e-8d94-2d66-484f-43ea602335f9,85.68,1410,1593,0,0,73879,34
2026/07/20 13:02:36.487,0,GPU-e2681f6e-8d94-2d66-484f-43ea602335f9,85.95,1410,1593,0,0,73879,34
2026/07/20 13:02:36.737,0,GPU-e2681f6e-8d94-2d66-484f-43ea602335f9,85.95,1410,1593,0,0,73879,34
2026/07/20 13:02:36.987,0,GPU-e2681f6e-8d94-2d66-484f-43ea602335f9,85.68,1410,1593,0,0,73879,34
2026/07/20 13:02:37.237,0,GPU-e2681f6e-8d94-2d66-484f-43ea602335f9,85.68,1410,1593,0,0,73879,34
2026/07/20 13:02:37.487,0,GPU-e2681f6e-8d94-2d66-484f-43ea602335f9,85.95,1410,1593,0,0,73879,34
2026/07/20 13:02:37.737,0,GPU-e2681f6e-8d94-2d66-484f-43ea602335f9,85.95,1410,1593,0,0,73879,34
2026/07/20 13:02:37.987,0,GPU-e2681f6e-8d94-2d66-484f-43ea602335f9,86.04,1410,1593,0,0,73879,34
2026/07/20 13:02:38.237,0,GPU-e2681f6e-8d94-2d66-484f-43ea602335f9,85.95,1410,1593,0,0,73879,34
2026/07/20 13:02:38.487,0,GPU-e2681f6e-8d94-2d66-484f-43ea602335f9,85.68,1410,1593,0,0,73879,34
2026/07/20 13:02:38.737,0,GPU-e2681f6e-8d94-2d66-484f-43ea602335f9,85.95,1410,1593,0,0,73879,34
2026/07/20 13:02:38.987,0,GPU-e2681f6e-8d94-2d66-484f-43ea602335f9,86.28,1410,1593,0,0,73879,34
2026/07/20 13:02:39.237,0,GPU-e2681f6e-8d94-2d66-484f-43ea602335f9,85.95,1410,1593,0,0,73879,34
2026/07/20 13:02:39.487,0,GPU-e2681f6e-8d94-2d66-484f-43ea602335f9,86.04,1410,1593,0,0,73879,34
2026/07/20 13:02:39.738,0,GPU-e2681f6e-8d94-2d66-484f-43ea602335f9,85.68,1410,1593,0,0,73879,34
2026/07/20 13:02:39.988,0,GPU-e2681f6e-8d94-2d66-484f-43ea602335f9,85.77,1410,1593,0,0,73879,34
2026/07/20 13:02:40.238,0,GPU-e2681f6e-8d94-2d66-484f-43ea602335f9,85.95,1410,1593,0,0,73879,34
2026/07/20 13:02:40.488,0,GPU-e2681f6e-8d94-2d66-484f-43ea602335f9,85.77,1410,1593,0,0,73879,34
2026/07/20 13:02:40.738,0,GPU-e2681f6e-8d94-2d66-484f-43ea602335f9,85.68,1410,1593,0,0,73879,34
2026/07/20 13:02:40.988,0,GPU-e2681f6e-8d94-2d66-484f-43ea602335f9,85.68,1410,1593,0,0,73879,34
2026/07/20 13:02:41.238,0,GPU-e2681f6e-8d94-2d66-484f-43ea602335f9,86.04,1410,1593,0,0,73879,34
2026/07/20 13:02:41.488,0,GPU-e2681f6e-8d94-2d66-484f-43ea602335f9,85.95,1410,1593,0,0,73879,34
2026/07/20 13:02:41.738,0,GPU-e2681f6e-8d94-2d66-484f-43ea602335f9,86.04,1410,1593,0,0,73879,34
2026/07/20 13:02:41.988,0,GPU-e2681f6e-8d94-2d66-484f-43ea602335f9,85.95,1410,1593,0,0,73879,34
2026/07/20 13:02:42.238,0,GPU-e2681f6e-8d94-2d66-484f-43ea602335f9,85.95,1410,1593,0,0,73879,34
2026/07/20 13:02:42.488,0,GPU-e2681f6e-8d94-2d66-484f-43ea602335f9,85.95,1410,1593,0,0,73879,34
2026/07/20 13:02:42.738,0,GPU-e2681f6e-8d94-2d66-484f-43ea602335f9,85.95,1410,1593,0,0,73879,34
2026/07/20 13:02:42.989,0,GPU-e2681f6e-8d94-2d66-484f-43ea602335f9,85.95,1410,1593,0,0,73879,34
2026/07/20 13:02:43.239,0,GPU-e2681f6e-8d94-2d66-484f-43ea602335f9,85.95,1410,1593,0,0,73879,34
2026/07/20 13:02:43.489,0,GPU-e2681f6e-8d94-2d66-484f-43ea602335f9,86.04,1410,1593,0,0,73879,34
2026/07/20 13:02:43.739,0,GPU-e2681f6e-8d94-2d66-484f-43ea602335f9,85.95,1410,1593,0,0,73879,34
2026/07/20 13:02:43.989,0,GPU-e2681f6e-8d94-2d66-484f-43ea602335f9,85.95,1410,1593,0,0,73879,34
2026/07/20 13:02:44.239,0,GPU-e2681f6e-8d94-2d66-484f-43ea602335f9,86.04,1410,1593,0,0,73879,34
2026/07/20 13:02:44.489,0,GPU-e2681f6e-8d94-2d66-484f-43ea602335f9,86.04,1410,1593,0,0,73879,34
2026/07/20 13:02:44.739,0,GPU-e2681f6e-8d94-2d66-484f-43ea602335f9,85.95,1410,1593,0,0,73879,34
2026/07/20 13:02:44.989,0,GPU-e2681f6e-8d94-2d66-484f-43ea602335f9,86.04,1410,1593,0,0,73879,34
2026/07/20 13:02:45.239,0,GPU-e2681f6e-8d94-2d66-484f-43ea602335f9,85.95,1410,1593,0,0,73879,34
2026/07/20 13:02:45.489,0,GPU-e2681f6e-8d94-2d66-484f-43ea602335f9,85.95,1410,1593,0,0,73879,34
2026/07/20 13:02:45.739,0,GPU-e2681f6e-8d94-2d66-484f-43ea602335f9,86.04,1410,1593,0,0,73879,34
2026/07/20 13:02:45.989,0,GPU-e2681f6e-8d94-2d66-484f-43ea602335f9,85.95,1410,1593,0,0,73879,34
2026/07/20 13:02:46.239,0,GPU-e2681f6e-8d94-2d66-484f-43ea602335f9,85.68,1410,1593,0,0,73879,34
2026/07/20 13:02:46.489,0,GPU-e2681f6e-8d94-2d66-484f-43ea602335f9,85.95,1410,1593,0,0,73879,34
2026/07/20 13:02:46.739,0,GPU-e2681f6e-8d94-2d66-484f-43ea602335f9,85.95,1410,1593,0,0,73879,34
2026/07/20 13:02:46.990,0,GPU-e2681f6e-8d94-2d66-484f-43ea602335f9,85.95,1410,1593,0,0,73879,34
2026/07/20 13:02:47.240,0,GPU-e2681f6e-8d94-2d66-484f-43ea602335f9,85.95,1410,1593,0,0,73879,34
2026/07/20 13:02:47.490,0,GPU-e2681f6e-8d94-2d66-484f-43ea602335f9,86.04,1410,1593,0,0,73879,34
2026/07/20 13:02:47.740,0,GPU-e2681f6e-8d94-2d66-484f-43ea602335f9,86.04,1410,1593,0,0,73879,34
2026/07/20 13:02:47.990,0,GPU-e2681f6e-8d94-2d66-484f-43ea602335f9,85.95,1410,1593,0,0,73879,34
2026/07/20 13:02:48.240,0,GPU-e2681f6e-8d94-2d66-484f-43ea602335f9,85.95,1410,1593,0,0,73879,34
2026/07/20 13:02:48.490,0,GPU-e2681f6e-8d94-2d66-484f-43ea602335f9,86.04,1410,1593,0,0,73879,34
2026/07/20 13:02:48.740,0,GPU-e2681f6e-8d94-2d66-484f-43ea602335f9,85.95,1410,1593,0,0,73879,34
2026/07/20 13:02:48.990,0,GPU-e2681f6e-8d94-2d66-484f-43ea602335f9,85.95,1410,1593,0,0,73879,34
2026/07/20 13:02:49.240,0,GPU-e2681f6e-8d94-2d66-484f-43ea602335f9,86.28,1410,1593,0,0,73879,34
2026/07/20 13:02:49.490,0,GPU-e2681f6e-8d94-2d66-484f-43ea602335f9,86.04,1410,1593,0,0,73879,34
2026/07/20 13:02:49.741,0,GPU-e2681f6e-8d94-2d66-484f-43ea602335f9,86.04,1410,1593,0,0,73879,34
2026/07/20 13:02:49.991,0,GPU-e2681f6e-8d94-2d66-484f-43ea602335f9,85.95,1410,1593,0,0,73879,34
2026/07/20 13:02:50.241,0,GPU-e2681f6e-8d94-2d66-484f-43ea602335f9,85.95,1410,1593,0,0,73879,34
2026/07/20 13:02:50.491,0,GPU-e2681f6e-8d94-2d66-484f-43ea602335f9,85.95,1410,1593,0,0,73879,34
2026/07/20 13:02:50.741,0,GPU-e2681f6e-8d94-2d66-484f-43ea602335f9,86.28,1410,1593,0,0,73879,34
2026/07/20 13:02:50.991,0,GPU-e2681f6e-8d94-2d66-484f-43ea602335f9,86.28,1410,1593,0,0,73879,34
2026/07/20 13:02:51.241,0,GPU-e2681f6e-8d94-2d66-484f-43ea602335f9,86.28,1410,1593,0,0,73879,34
2026/07/20 13:02:51.491,0,GPU-e2681f6e-8d94-2d66-484f-43ea602335f9,86.56,1410,1593,0,0,73879,34
2026/07/20 13:02:51.741,0,GPU-e2681f6e-8d94-2d66-484f-43ea602335f9,85.95,1410,1593,0,0,73879,34
2026/07/20 13:02:51.991,0,GPU-e2681f6e-8d94-2d66-484f-43ea602335f9,85.86,1410,1593,0,0,73879,34
2026/07/20 13:02:52.241,0,GPU-e2681f6e-8d94-2d66-484f-43ea602335f9,85.86,1410,1593,0,0,73879,34
2026/07/20 13:02:52.491,0,GPU-e2681f6e-8d94-2d66-484f-43ea602335f9,85.95,1410,1593,0,0,73879,34
2026/07/20 13:02:52.741,0,GPU-e2681f6e-8d94-2d66-484f-43ea602335f9,85.95,1410,1593,0,0,73879,34
2026/07/20 13:02:52.992,0,GPU-e2681f6e-8d94-2d66-484f-43ea602335f9,85.95,1410,1593,0,0,73879,34
2026/07/20 13:02:53.242,0,GPU-e2681f6e-8d94-2d66-484f-43ea602335f9,85.95,1410,1593,0,0,73879,34
2026/07/20 13:02:53.492,0,GPU-e2681f6e-8d94-2d66-484f-43ea602335f9,85.95,1410,1593,0,0,73879,34
2026/07/20 13:02:53.742,0,GPU-e2681f6e-8d94-2d66-484f-43ea602335f9,85.95,1410,1593,0,0,73879,34
2026/07/20 13:02:53.992,0,GPU-e2681f6e-8d94-2d66-484f-43ea602335f9,86.04,1410,1593,0,0,73879,34
2026/07/20 13:02:54.242,0,GPU-e2681f6e-8d94-2d66-484f-43ea602335f9,86.04,1410,1593,0,0,73879,34
2026/07/20 13:02:54.492,0,GPU-e2681f6e-8d94-2d66-484f-43ea602335f9,85.95,1410,1593,0,0,73879,34
2026/07/20 13:02:54.742,0,GPU-e2681f6e-8d94-2d66-484f-43ea602335f9,85.95,1410,1593,0,0,73879,34
2026/07/20 13:02:54.992,0,GPU-e2681f6e-8d94-2d66-484f-43ea602335f9,85.95,1410,1593,0,0,73879,34
2026/07/20 13:02:55.242,0,GPU-e2681f6e-8d94-2d66-484f-43ea602335f9,85.95,1410,1593,0,0,73879,34
2026/07/20 13:02:55.492,0,GPU-e2681f6e-8d94-2d66-484f-43ea602335f9,86.28,1410,1593,0,0,73879,34
2026/07/20 13:02:55.742,0,GPU-e2681f6e-8d94-2d66-484f-43ea602335f9,85.95,1410,1593,0,0,73879,34
2026/07/20 13:02:55.993,0,GPU-e2681f6e-8d94-2d66-484f-43ea602335f9,86.28,1410,1593,0,0,73879,34
2026/07/20 13:02:56.243,0,GPU-e2681f6e-8d94-2d66-484f-43ea602335f9,85.95,1410,1593,0,0,73879,34
2026/07/20 13:02:56.493,0,GPU-e2681f6e-8d94-2d66-484f-43ea602335f9,86.04,1410,1593,0,0,73879,34
2026/07/20 13:02:56.743,0,GPU-e2681f6e-8d94-2d66-484f-43ea602335f9,86.56,1410,1593,0,0,73879,34
2026/07/20 13:02:56.993,0,GPU-e2681f6e-8d94-2d66-484f-43ea602335f9,85.95,1410,1593,0,0,73879,34
2026/07/20 13:02:57.243,0,GPU-e2681f6e-8d94-2d66-484f-43ea602335f9,85.95,1410,1593,0,0,73879,34
2026/07/20 13:02:57.493,0,GPU-e2681f6e-8d94-2d66-484f-43ea602335f9,85.95,1410,1593,0,0,73879,34
2026/07/20 13:02:57.743,0,GPU-e2681f6e-8d94-2d66-484f-43ea602335f9,85.95,1410,1593,0,0,73879,34
2026/07/20 13:02:57.993,0,GPU-e2681f6e-8d94-2d66-484f-43ea602335f9,85.95,1410,1593,0,0,73879,34
2026/07/20 13:02:58.243,0,GPU-e2681f6e-8d94-2d66-484f-43ea602335f9,85.86,1410,1593,0,0,73879,34
2026/07/20 13:02:58.493,0,GPU-e2681f6e-8d94-2d66-484f-43ea602335f9,85.95,1410,1593,0,0,73879,35
2026/07/20 13:02:58.743,0,GPU-e2681f6e-8d94-2d66-484f-43ea602335f9,85.86,1410,1593,0,0,73879,34
2026/07/20 13:02:58.993,0,GPU-e2681f6e-8d94-2d66-484f-43ea602335f9,86.28,1410,1593,0,0,73879,35
2026/07/20 13:02:59.244,0,GPU-e2681f6e-8d94-2d66-484f-43ea602335f9,86.28,1410,1593,0,0,73879,34
2026/07/20 13:02:59.494,0,GPU-e2681f6e-8d94-2d66-484f-43ea602335f9,289.90,1410,1593,0,0,73879,39
2026/07/20 13:02:59.744,0,GPU-e2681f6e-8d94-2d66-484f-43ea602335f9,286.53,1410,1593,75,58,73879,41
2026/07/20 13:02:59.994,0,GPU-e2681f6e-8d94-2d66-484f-43ea602335f9,282.62,1410,1593,94,79,73879,42
2026/07/20 13:03:00.244,0,GPU-e2681f6e-8d94-2d66-484f-43ea602335f9,286.54,1410,1593,95,79,73879,42
2026/07/20 13:03:00.494,0,GPU-e2681f6e-8d94-2d66-484f-43ea602335f9,286.25,1410,1593,94,79,73879,43
2026/07/20 13:03:00.745,0,GPU-e2681f6e-8d94-2d66-484f-43ea602335f9,289.87,1410,1593,94,79,73879,43
2026/07/20 13:03:00.995,0,GPU-e2681f6e-8d94-2d66-484f-43ea602335f9,289.57,1410,1593,88,73,73879,41
2026/07/20 13:03:01.245,0,GPU-e2681f6e-8d94-2d66-484f-43ea602335f9,86.88,1410,1593,0,0,73879,38
2026/07/20 13:03:01.495,0,GPU-e2681f6e-8d94-2d66-484f-43ea602335f9,85.95,1410,1593,0,0,73879,37
2026/07/20 13:03:01.745,0,GPU-e2681f6e-8d94-2d66-484f-43ea602335f9,85.95,1410,1593,0,0,73879,37
2026/07/20 13:03:01.995,0,GPU-e2681f6e-8d94-2d66-484f-43ea602335f9,85.68,1410,1593,0,0,73879,36
2026/07/20 13:03:02.245,0,GPU-e2681f6e-8d94-2d66-484f-43ea602335f9,85.59,1410,1593,0,0,73879,36
2026/07/20 13:03:02.495,0,GPU-e2681f6e-8d94-2d66-484f-43ea602335f9,84.99,1410,1593,0,0,73879,36
2026/07/20 13:03:02.745,0,GPU-e2681f6e-8d94-2d66-484f-43ea602335f9,85.08,1410,1593,0,0,73879,36
2026/07/20 13:03:02.995,0,GPU-e2681f6e-8d94-2d66-484f-43ea602335f9,84.75,1410,1593,0,0,73879,36
2026/07/20 13:03:03.245,0,GPU-e2681f6e-8d94-2d66-484f-43ea602335f9,84.43,1410,1593,0,0,73879,36
2026/07/20 13:03:03.495,0,GPU-e2681f6e-8d94-2d66-484f-43ea602335f9,84.43,1410,1593,0,0,73879,35
2026/07/20 13:03:03.745,0,GPU-e2681f6e-8d94-2d66-484f-43ea602335f9,84.43,1410,1593,0,0,73879,35
2026/07/20 13:03:03.996,0,GPU-e2681f6e-8d94-2d66-484f-43ea602335f9,84.34,1410,1593,0,0,73879,35
2026/07/20 13:03:04.246,0,GPU-e2681f6e-8d94-2d66-484f-43ea602335f9,84.43,1410,1593,0,0,73879,35
2026/07/20 13:03:04.496,0,GPU-e2681f6e-8d94-2d66-484f-43ea602335f9,84.34,1410,1593,0,0,73879,35
2026/07/20 13:03:04.746,0,GPU-e2681f6e-8d94-2d66-484f-43ea602335f9,84.34,1410,1593,0,0,73879,35
2026/07/20 13:03:04.999,0,GPU-e2681f6e-8d94-2d66-484f-43ea602335f9,84.51,1410,1593,0,0,73879,35
2026/07/20 13:03:05.252,0,GPU-e2681f6e-8d94-2d66-484f-43ea602335f9,84.24,1410,1593,0,0,73879,35
2026/07/20 13:03:05.598,0,GPU-e2681f6e-8d94-2d66-484f-43ea602335f9,84.84,1410,1593,0,0,73879,35
2026/07/20 13:03:05.849,0,GPU-e2681f6e-8d94-2d66-484f-43ea602335f9,84.43,1410,1593,0,0,73879,35
2026/07/20 13:03:06.099,0,GPU-e2681f6e-8d94-2d66-484f-43ea602335f9,84.43,1410,1593,0,0,73879,35
2026/07/20 13:03:06.349,0,GPU-e2681f6e-8d94-2d66-484f-43ea602335f9,84.43,1410,1593,0,0,73879,35
2026/07/20 13:03:06.599,0,GPU-e2681f6e-8d94-2d66-484f-43ea602335f9,84.43,1410,1593,0,0,73879,35
2026/07/20 13:03:06.849,0,GPU-e2681f6e-8d94-2d66-484f-43ea602335f9,84.16,1410,1593,0,0,73879,35
2026/07/20 13:03:07.099,0,GPU-e2681f6e-8d94-2d66-484f-43ea602335f9,84.16,1410,1593,0,0,73879,35
2026/07/20 13:03:07.349,0,GPU-e2681f6e-8d94-2d66-484f-43ea602335f9,84.16,1410,1593,0,0,73879,35
2026/07/20 13:03:07.599,0,GPU-e2681f6e-8d94-2d66-484f-43ea602335f9,84.16,1410,1593,0,0,73879,35
2026/07/20 13:03:07.849,0,GPU-e2681f6e-8d94-2d66-484f-43ea602335f9,84.43,1410,1593,0,0,73879,35
2026/07/20 13:03:08.099,0,GPU-e2681f6e-8d94-2d66-484f-43ea602335f9,84.43,1410,1593,0,0,73879,35
2026/07/20 13:03:08.349,0,GPU-e2681f6e-8d94-2d66-484f-43ea602335f9,84.43,1410,1593,0,0,73879,35
2026/07/20 13:03:08.599,0,GPU-e2681f6e-8d94-2d66-484f-43ea602335f9,84.07,1410,1593,0,0,73879,35
2026/07/20 13:03:08.849,0,GPU-e2681f6e-8d94-2d66-484f-43ea602335f9,84.16,1410,1593,0,0,73879,35
2026/07/20 13:03:09.099,0,GPU-e2681f6e-8d94-2d66-484f-43ea602335f9,84.24,1410,1593,0,0,73879,35
2026/07/20 13:03:09.350,0,GPU-e2681f6e-8d94-2d66-484f-43ea602335f9,84.16,1410,1593,0,0,73879,35
2026/07/20 13:03:09.600,0,GPU-e2681f6e-8d94-2d66-484f-43ea602335f9,84.24,1410,1593,0,0,73879,35
2026/07/20 13:03:09.850,0,GPU-e2681f6e-8d94-2d66-484f-43ea602335f9,84.16,1410,1593,0,0,73879,35
2026/07/20 13:03:10.100,0,GPU-e2681f6e-8d94-2d66-484f-43ea602335f9,84.16,1410,1593,0,0,73879,35
2026/07/20 13:03:10.350,0,GPU-e2681f6e-8d94-2d66-484f-43ea602335f9,84.16,1410,1593,0,0,73879,35
2026/07/20 13:03:10.600,0,GPU-e2681f6e-8d94-2d66-484f-43ea602335f9,84.16,1410,1593,0,0,73879,35
2026/07/20 13:03:10.850,0,GPU-e2681f6e-8d94-2d66-484f-43ea602335f9,84.24,1410,1593,0,0,73879,35
2026/07/20 13:03:11.100,0,GPU-e2681f6e-8d94-2d66-484f-43ea602335f9,84.16,1410,1593,0,0,73879,35
2026/07/20 13:03:11.350,0,GPU-e2681f6e-8d94-2d66-484f-43ea602335f9,84.16,1410,1593,0,0,73879,35
2026/07/20 13:03:11.600,0,GPU-e2681f6e-8d94-2d66-484f-43ea602335f9,84.43,1410,1593,0,0,73879,35
2026/07/20 13:03:11.850,0,GPU-e2681f6e-8d94-2d66-484f-43ea602335f9,84.43,1410,1593,0,0,73879,35
2026/07/20 13:03:12.101,0,GPU-e2681f6e-8d94-2d66-484f-43ea602335f9,84.84,1410,1593,0,0,73879,35
2026/07/20 13:03:12.351,0,GPU-e2681f6e-8d94-2d66-484f-43ea602335f9,84.16,1410,1593,0,0,73879,35
2026/07/20 13:03:12.601,0,GPU-e2681f6e-8d94-2d66-484f-43ea602335f9,84.16,1410,1593,0,0,73879,35
2026/07/20 13:03:12.851,0,GPU-e2681f6e-8d94-2d66-484f-43ea602335f9,84.16,1410,1593,0,0,73879,35
2026/07/20 13:03:13.101,0,GPU-e2681f6e-8d94-2d66-484f-43ea602335f9,84.16,1410,1593,0,0,73879,35
2026/07/20 13:03:13.351,0,GPU-e2681f6e-8d94-2d66-484f-43ea602335f9,84.16,1410,1593,0,0,73879,35
2026/07/20 13:03:13.601,0,GPU-e2681f6e-8d94-2d66-484f-43ea602335f9,84.16,1410,1593,0,0,73879,35
2026/07/20 13:03:13.851,0,GPU-e2681f6e-8d94-2d66-484f-43ea602335f9,84.16,1410,1593,0,0,73879,35
2026/07/20 13:03:14.101,0,GPU-e2681f6e-8d94-2d66-484f-43ea602335f9,84.16,1410,1593,0,0,73879,35
2026/07/20 13:03:14.351,0,GPU-e2681f6e-8d94-2d66-484f-43ea602335f9,84.24,1410,1593,0,0,73879,35
2026/07/20 13:03:14.601,0,GPU-e2681f6e-8d94-2d66-484f-43ea602335f9,84.16,1410,1593,0,0,73879,35
2026/07/20 13:03:14.851,0,GPU-e2681f6e-8d94-2d66-484f-43ea602335f9,84.43,1410,1593,0,0,73879,35
2026/07/20 13:03:15.102,0,GPU-e2681f6e-8d94-2d66-484f-43ea602335f9,84.16,1410,1593,0,0,73879,35
2026/07/20 13:03:15.352,0,GPU-e2681f6e-8d94-2d66-484f-43ea602335f9,84.43,1410,1593,0,0,73879,35
2026/07/20 13:03:15.602,0,GPU-e2681f6e-8d94-2d66-484f-43ea602335f9,84.16,1410,1593,0,0,73879,35
2026/07/20 13:03:15.852,0,GPU-e2681f6e-8d94-2d66-484f-43ea602335f9,84.16,1410,1593,0,0,73879,35
2026/07/20 13:03:16.102,0,GPU-e2681f6e-8d94-2d66-484f-43ea602335f9,84.16,1410,1593,0,0,73879,35
2026/07/20 13:03:16.352,0,GPU-e2681f6e-8d94-2d66-484f-43ea602335f9,84.43,1410,1593,0,0,73879,35
2026/07/20 13:03:16.602,0,GPU-e2681f6e-8d94-2d66-484f-43ea602335f9,84.16,1410,1593,0,0,73879,35
2026/07/20 13:03:16.852,0,GPU-e2681f6e-8d94-2d66-484f-43ea602335f9,84.16,1410,1593,0,0,73879,35
2026/07/20 13:03:17.102,0,GPU-e2681f6e-8d94-2d66-484f-43ea602335f9,84.16,1410,1593,0,0,73879,35
2026/07/20 13:03:17.352,0,GPU-e2681f6e-8d94-2d66-484f-43ea602335f9,84.24,1410,1593,0,0,73879,35
2026/07/20 13:03:17.602,0,GPU-e2681f6e-8d94-2d66-484f-43ea602335f9,84.24,1410,1593,0,0,73879,35
2026/07/20 13:03:17.853,0,GPU-e2681f6e-8d94-2d66-484f-43ea602335f9,84.16,1410,1593,0,0,73879,35
2026/07/20 13:03:18.103,0,GPU-e2681f6e-8d94-2d66-484f-43ea602335f9,84.24,1410,1593,0,0,73879,35
2026/07/20 13:03:18.353,0,GPU-e2681f6e-8d94-2d66-484f-43ea602335f9,84.24,1410,1593,0,0,73879,35
2026/07/20 13:03:18.603,0,GPU-e2681f6e-8d94-2d66-484f-43ea602335f9,84.16,1410,1593,0,0,73879,35
2026/07/20 13:03:18.853,0,GPU-e2681f6e-8d94-2d66-484f-43ea602335f9,84.24,1410,1593,0,0,73879,35
2026/07/20 13:03:19.103,0,GPU-e2681f6e-8d94-2d66-484f-43ea602335f9,84.16,1410,1593,0,0,73879,35
2026/07/20 13:03:19.353,0,GPU-e2681f6e-8d94-2d66-484f-43ea602335f9,84.24,1410,1593,0,0,73879,35
2026/07/20 13:03:19.603,0,GPU-e2681f6e-8d94-2d66-484f-43ea602335f9,84.16,1410,1593,0,0,73879,35
2026/07/20 13:03:19.853,0,GPU-e2681f6e-8d94-2d66-484f-43ea602335f9,84.16,1410,1593,0,0,73879,35
2026/07/20 13:03:20.103,0,GPU-e2681f6e-8d94-2d66-484f-43ea602335f9,84.16,1410,1593,0,0,73879,35
2026/07/20 13:03:20.353,0,GPU-e2681f6e-8d94-2d66-484f-43ea602335f9,84.16,1410,1593,0,0,73879,35
2026/07/20 13:03:20.603,0,GPU-e2681f6e-8d94-2d66-484f-43ea602335f9,84.24,1410,1593,0,0,73879,35
2026/07/20 13:03:20.854,0,GPU-e2681f6e-8d94-2d66-484f-43ea602335f9,84.16,1410,1593,0,0,73879,35
2026/07/20 13:03:21.104,0,GPU-e2681f6e-8d94-2d66-484f-43ea602335f9,84.16,1410,1593,0,0,73879,35
2026/07/20 13:03:21.354,0,GPU-e2681f6e-8d94-2d66-484f-43ea602335f9,84.16,1410,1593,0,0,73879,35
2026/07/20 13:03:21.604,0,GPU-e2681f6e-8d94-2d66-484f-43ea602335f9,84.16,1410,1593,0,0,73879,35
2026/07/20 13:03:21.854,0,GPU-e2681f6e-8d94-2d66-484f-43ea602335f9,84.16,1410,1593,0,0,73879,35
2026/07/20 13:03:22.104,0,GPU-e2681f6e-8d94-2d66-484f-43ea602335f9,84.24,1410,1593,0,0,73879,35
2026/07/20 13:03:22.354,0,GPU-e2681f6e-8d94-2d66-484f-43ea602335f9,84.24,1410,1593,0,0,73879,35
2026/07/20 13:03:22.604,0,GPU-e2681f6e-8d94-2d66-484f-43ea602335f9,84.16,1410,1593,0,0,73879,35
2026/07/20 13:03:22.854,0,GPU-e2681f6e-8d94-2d66-484f-43ea602335f9,84.16,1410,1593,0,0,73879,35
2026/07/20 13:03:23.104,0,GPU-e2681f6e-8d94-2d66-484f-43ea602335f9,84.16,1410,1593,0,0,73879,35
2026/07/20 13:03:23.354,0,GPU-e2681f6e-8d94-2d66-484f-43ea602335f9,84.16,1410,1593,0,0,73879,35
2026/07/20 13:03:23.605,0,GPU-e2681f6e-8d94-2d66-484f-43ea602335f9,84.24,1410,1593,0,0,73879,35
2026/07/20 13:03:23.855,0,GPU-e2681f6e-8d94-2d66-484f-43ea602335f9,84.16,1410,1593,0,0,73879,35
2026/07/20 13:03:24.105,0,GPU-e2681f6e-8d94-2d66-484f-43ea602335f9,84.16,1410,1593,0,0,73879,35
2026/07/20 13:03:24.355,0,GPU-e2681f6e-8d94-2d66-484f-43ea602335f9,84.43,1410,1593,0,0,73879,35
2026/07/20 13:03:24.605,0,GPU-e2681f6e-8d94-2d66-484f-43ea602335f9,84.24,1410,1593,0,0,73879,35
2026/07/20 13:03:24.855,0,GPU-e2681f6e-8d94-2d66-484f-43ea602335f9,84.24,1410,1593,0,0,73879,35
2026/07/20 13:03:25.105,0,GPU-e2681f6e-8d94-2d66-484f-43ea602335f9,84.16,1410,1593,0,0,73879,35
2026/07/20 13:03:25.355,0,GPU-e2681f6e-8d94-2d66-484f-43ea602335f9,84.24,1410,1593,0,0,73879,35
2026/07/20 13:03:25.605,0,GPU-e2681f6e-8d94-2d66-484f-43ea602335f9,84.16,1410,1593,0,0,73879,35
2026/07/20 13:03:25.855,0,GPU-e2681f6e-8d94-2d66-484f-43ea602335f9,84.16,1410,1593,0,0,73879,35
2026/07/20 13:03:26.105,0,GPU-e2681f6e-8d94-2d66-484f-43ea602335f9,84.24,1410,1593,0,0,73879,35
2026/07/20 13:03:26.356,0,GPU-e2681f6e-8d94-2d66-484f-43ea602335f9,84.16,1410,1593,0,0,73879,35
2026/07/20 13:03:26.606,0,GPU-e2681f6e-8d94-2d66-484f-43ea602335f9,84.16,1410,1593,0,0,73879,35
2026/07/20 13:03:26.856,0,GPU-e2681f6e-8d94-2d66-484f-43ea602335f9,84.16,1410,1593,0,0,73879,35
2026/07/20 13:03:27.106,0,GPU-e2681f6e-8d94-2d66-484f-43ea602335f9,84.16,1410,1593,0,0,73879,35
2026/07/20 13:03:27.356,0,GPU-e2681f6e-8d94-2d66-484f-43ea602335f9,84.16,1410,1593,0,0,73879,35
2026/07/20 13:03:27.606,0,GPU-e2681f6e-8d94-2d66-484f-43ea602335f9,84.24,1410,1593,0,0,73879,35
2026/07/20 13:03:27.856,0,GPU-e2681f6e-8d94-2d66-484f-43ea602335f9,84.16,1410,1593,0,0,73879,35
2026/07/20 13:03:28.106,0,GPU-e2681f6e-8d94-2d66-484f-43ea602335f9,84.51,1410,1593,0,0,73879,35
2026/07/20 13:03:28.356,0,GPU-e2681f6e-8d94-2d66-484f-43ea602335f9,84.24,1410,1593,0,0,73879,35
2026/07/20 13:03:28.606,0,GPU-e2681f6e-8d94-2d66-484f-43ea602335f9,84.24,1410,1593,0,0,73879,35
2026/07/20 13:03:28.856,0,GPU-e2681f6e-8d94-2d66-484f-43ea602335f9,84.16,1410,1593,0,0,73879,35
2026/07/20 13:03:29.106,0,GPU-e2681f6e-8d94-2d66-484f-43ea602335f9,84.24,1410,1593,0,0,73879,35
2026/07/20 13:03:29.356,0,GPU-e2681f6e-8d94-2d66-484f-43ea602335f9,84.16,1410,1593,0,0,73879,35
2026/07/20 13:03:29.607,0,GPU-e2681f6e-8d94-2d66-484f-43ea602335f9,281.09,1410,1593,58,41,73879,40
2026/07/20 13:03:29.857,0,GPU-e2681f6e-8d94-2d66-484f-43ea602335f9,85.77,1410,1593,76,64,73879,37
2026/07/20 13:03:30.107,0,GPU-e2681f6e-8d94-2d66-484f-43ea602335f9,84.75,1410,1593,0,0,73879,36
2026/07/20 13:03:30.357,0,GPU-e2681f6e-8d94-2d66-484f-43ea602335f9,84.75,1410,1593,0,0,73879,35
2026/07/20 13:03:30.607,0,GPU-e2681f6e-8d94-2d66-484f-43ea602335f9,84.43,1410,1593,0,0,73879,35
2026/07/20 13:03:30.857,0,GPU-e2681f6e-8d94-2d66-484f-43ea602335f9,84.43,1410,1593,0,0,73879,35
2026/07/20 13:03:31.107,0,GPU-e2681f6e-8d94-2d66-484f-43ea602335f9,84.24,1410,1593,0,0,73879,35
2026/07/20 13:03:31.357,0,GPU-e2681f6e-8d94-2d66-484f-43ea602335f9,84.43,1410,1593,0,0,73879,35
2026/07/20 13:03:31.607,0,GPU-e2681f6e-8d94-2d66-484f-43ea602335f9,84.43,1410,1593,0,0,73879,35
2026/07/20 13:03:31.857,0,GPU-e2681f6e-8d94-2d66-484f-43ea602335f9,84.43,1410,1593,0,0,73879,35
2026/07/20 13:03:32.107,0,GPU-e2681f6e-8d94-2d66-484f-43ea602335f9,84.51,1410,1593,0,0,73879,35
2026/07/20 13:03:32.357,0,GPU-e2681f6e-8d94-2d66-484f-43ea602335f9,84.51,1410,1593,0,0,73879,35
2026/07/20 13:03:32.607,0,GPU-e2681f6e-8d94-2d66-484f-43ea602335f9,84.24,1410,1593,0,0,73879,35
2026/07/20 13:03:32.858,0,GPU-e2681f6e-8d94-2d66-484f-43ea602335f9,84.16,1410,1593,0,0,73879,35
2026/07/20 13:03:33.108,0,GPU-e2681f6e-8d94-2d66-484f-43ea602335f9,84.16,1410,1593,0,0,73879,35
2026/07/20 13:03:33.358,0,GPU-e2681f6e-8d94-2d66-484f-43ea602335f9,84.24,1410,1593,0,0,73879,35
2026/07/20 13:03:33.608,0,GPU-e2681f6e-8d94-2d66-484f-43ea602335f9,84.24,1410,1593,0,0,73879,35
2026/07/20 13:03:33.858,0,GPU-e2681f6e-8d94-2d66-484f-43ea602335f9,84.16,1410,1593,0,0,73879,35
2026/07/20 13:03:34.108,0,GPU-e2681f6e-8d94-2d66-484f-43ea602335f9,84.24,1410,1593,0,0,73879,35
2026/07/20 13:03:34.358,0,GPU-e2681f6e-8d94-2d66-484f-43ea602335f9,84.24,1410,1593,0,0,73879,35
2026/07/20 13:03:34.608,0,GPU-e2681f6e-8d94-2d66-484f-43ea602335f9,84.43,1410,1593,0,0,73879,35
2026/07/20 13:03:34.858,0,GPU-e2681f6e-8d94-2d66-484f-43ea602335f9,84.16,1410,1593,0,0,73879,35
2026/07/20 13:03:35.108,0,GPU-e2681f6e-8d94-2d66-484f-43ea602335f9,84.24,1410,1593,0,0,73879,35
2026/07/20 13:03:35.358,0,GPU-e2681f6e-8d94-2d66-484f-43ea602335f9,84.16,1410,1593,0,0,73879,35
2026/07/20 13:03:35.608,0,GPU-e2681f6e-8d94-2d66-484f-43ea602335f9,84.24,1410,1593,0,0,73879,35
2026/07/20 13:03:35.858,0,GPU-e2681f6e-8d94-2d66-484f-43ea602335f9,84.16,1410,1593,0,0,73879,35
2026/07/20 13:03:36.108,0,GPU-e2681f6e-8d94-2d66-484f-43ea602335f9,84.16,1410,1593,0,0,73879,35
2026/07/20 13:03:36.359,0,GPU-e2681f6e-8d94-2d66-484f-43ea602335f9,84.43,1410,1593,0,0,73879,35
2026/07/20 13:03:36.609,0,GPU-e2681f6e-8d94-2d66-484f-43ea602335f9,84.16,1410,1593,0,0,73879,35
2026/07/20 13:03:36.859,0,GPU-e2681f6e-8d94-2d66-484f-43ea602335f9,84.16,1410,1593,0,0,73879,35
2026/07/20 13:03:37.109,0,GPU-e2681f6e-8d94-2d66-484f-43ea602335f9,84.24,1410,1593,0,0,73879,35
2026/07/20 13:03:37.359,0,GPU-e2681f6e-8d94-2d66-484f-43ea602335f9,84.16,1410,1593,0,0,73879,35
2026/07/20 13:03:37.609,0,GPU-e2681f6e-8d94-2d66-484f-43ea602335f9,84.16,1410,1593,0,0,73879,35
2026/07/20 13:03:37.859,0,GPU-e2681f6e-8d94-2d66-484f-43ea602335f9,84.16,1410,1593,0,0,73879,35
2026/07/20 13:03:38.109,0,GPU-e2681f6e-8d94-2d66-484f-43ea602335f9,84.16,1410,1593,0,0,73879,35
2026/07/20 13:03:38.359,0,GPU-e2681f6e-8d94-2d66-484f-43ea602335f9,84.24,1410,1593,0,0,73879,35
2026/07/20 13:03:38.609,0,GPU-e2681f6e-8d94-2d66-484f-43ea602335f9,84.43,1410,1593,0,0,73879,35
2026/07/20 13:03:38.859,0,GPU-e2681f6e-8d94-2d66-484f-43ea602335f9,84.16,1410,1593,0,0,73879,35
2026/07/20 13:03:39.109,0,GPU-e2681f6e-8d94-2d66-484f-43ea602335f9,84.16,1410,1593,0,0,73879,35
2026/07/20 13:03:39.359,0,GPU-e2681f6e-8d94-2d66-484f-43ea602335f9,84.16,1410,1593,0,0,73879,35
2026/07/20 13:03:39.610,0,GPU-e2681f6e-8d94-2d66-484f-43ea602335f9,84.16,1410,1593,0,0,73879,35
2026/07/20 13:03:39.860,0,GPU-e2681f6e-8d94-2d66-484f-43ea602335f9,84.43,1410,1593,0,0,73879,35
2026/07/20 13:03:40.110,0,GPU-e2681f6e-8d94-2d66-484f-43ea602335f9,84.24,1410,1593,0,0,73879,35
2026/07/20 13:03:40.360,0,GPU-e2681f6e-8d94-2d66-484f-43ea602335f9,84.16,1410,1593,0,0,73879,35
2026/07/20 13:03:40.610,0,GPU-e2681f6e-8d94-2d66-484f-43ea602335f9,84.43,1410,1593,0,0,73879,35
2026/07/20 13:03:40.860,0,GPU-e2681f6e-8d94-2d66-484f-43ea602335f9,84.43,1410,1593,0,0,73879,35
2026/07/20 13:03:41.110,0,GPU-e2681f6e-8d94-2d66-484f-43ea602335f9,84.43,1410,1593,0,0,73879,35
2026/07/20 13:03:41.360,0,GPU-e2681f6e-8d94-2d66-484f-43ea602335f9,84.43,1410,1593,0,0,73879,35
2026/07/20 13:03:41.610,0,GPU-e2681f6e-8d94-2d66-484f-43ea602335f9,84.16,1410,1593,0,0,73879,35
2026/07/20 13:03:41.860,0,GPU-e2681f6e-8d94-2d66-484f-43ea602335f9,84.43,1410,1593,0,0,73879,35
2026/07/20 13:03:42.110,0,GPU-e2681f6e-8d94-2d66-484f-43ea602335f9,84.43,1410,1593,0,0,73879,35
2026/07/20 13:03:42.360,0,GPU-e2681f6e-8d94-2d66-484f-43ea602335f9,84.43,1410,1593,0,0,73879,35
2026/07/20 13:03:42.610,0,GPU-e2681f6e-8d94-2d66-484f-43ea602335f9,84.16,1410,1593,0,0,73879,35
2026/07/20 13:03:42.860,0,GPU-e2681f6e-8d94-2d66-484f-43ea602335f9,84.16,1410,1593,0,0,73879,35
2026/07/20 13:03:43.111,0,GPU-e2681f6e-8d94-2d66-484f-43ea602335f9,84.24,1410,1593,0,0,73879,35
2026/07/20 13:03:43.361,0,GPU-e2681f6e-8d94-2d66-484f-43ea602335f9,84.16,1410,1593,0,0,73879,35
2026/07/20 13:03:43.611,0,GPU-e2681f6e-8d94-2d66-484f-43ea602335f9,84.24,1410,1593,0,0,73879,35
2026/07/20 13:03:43.861,0,GPU-e2681f6e-8d94-2d66-484f-43ea602335f9,84.24,1410,1593,0,0,73879,35
2026/07/20 13:03:44.111,0,GPU-e2681f6e-8d94-2d66-484f-43ea602335f9,84.16,1410,1593,0,0,73879,34
2026/07/20 13:03:44.361,0,GPU-e2681f6e-8d94-2d66-484f-43ea602335f9,84.24,1410,1593,0,0,73879,34
2026/07/20 13:03:44.611,0,GPU-e2681f6e-8d94-2d66-484f-43ea602335f9,84.24,1410,1593,0,0,73879,35
2026/07/20 13:03:44.861,0,GPU-e2681f6e-8d94-2d66-484f-43ea602335f9,84.24,1410,1593,0,0,73879,35
2026/07/20 13:03:45.111,0,GPU-e2681f6e-8d94-2d66-484f-43ea602335f9,84.16,1410,1593,0,0,73879,35
2026/07/20 13:03:45.361,0,GPU-e2681f6e-8d94-2d66-484f-43ea602335f9,84.16,1410,1593,0,0,73879,34
2026/07/20 13:03:45.611,0,GPU-e2681f6e-8d94-2d66-484f-43ea602335f9,84.16,1410,1593,0,0,73879,34
2026/07/20 13:03:45.861,0,GPU-e2681f6e-8d94-2d66-484f-43ea602335f9,84.43,1410,1593,0,0,73879,34
2026/07/20 13:03:46.111,0,GPU-e2681f6e-8d94-2d66-484f-43ea602335f9,84.16,1410,1593,0,0,73879,34
2026/07/20 13:03:46.362,0,GPU-e2681f6e-8d94-2d66-484f-43ea602335f9,84.43,1410,1593,0,0,73879,34
2026/07/20 13:03:46.612,0,GPU-e2681f6e-8d94-2d66-484f-43ea602335f9,84.16,1410,1593,0,0,73879,34
2026/07/20 13:03:46.862,0,GPU-e2681f6e-8d94-2d66-484f-43ea602335f9,84.16,1410,1593,0,0,73879,34
2026/07/20 13:03:47.112,0,GPU-e2681f6e-8d94-2d66-484f-43ea602335f9,84.16,1410,1593,0,0,73879,34
2026/07/20 13:03:47.362,0,GPU-e2681f6e-8d94-2d66-484f-43ea602335f9,84.16,1410,1593,0,0,73879,34
2026/07/20 13:03:47.612,0,GPU-e2681f6e-8d94-2d66-484f-43ea602335f9,84.16,1410,1593,0,0,73879,34
2026/07/20 13:03:47.862,0,GPU-e2681f6e-8d94-2d66-484f-43ea602335f9,84.16,1410,1593,0,0,73879,34
2026/07/20 13:03:48.112,0,GPU-e2681f6e-8d94-2d66-484f-43ea602335f9,84.43,1410,1593,0,0,73879,34
2026/07/20 13:03:48.362,0,GPU-e2681f6e-8d94-2d66-484f-43ea602335f9,84.16,1410,1593,0,0,73879,34
2026/07/20 13:03:48.612,0,GPU-e2681f6e-8d94-2d66-484f-43ea602335f9,84.51,1410,1593,0,0,73879,34
2026/07/20 13:03:48.862,0,GPU-e2681f6e-8d94-2d66-484f-43ea602335f9,84.16,1410,1593,0,0,73879,34
2026/07/20 13:03:49.112,0,GPU-e2681f6e-8d94-2d66-484f-43ea602335f9,84.24,1410,1593,0,0,73879,34
2026/07/20 13:03:49.362,0,GPU-e2681f6e-8d94-2d66-484f-43ea602335f9,84.16,1410,1593,0,0,73879,34
2026/07/20 13:03:49.613,0,GPU-e2681f6e-8d94-2d66-484f-43ea602335f9,84.16,1410,1593,0,0,73879,34
2026/07/20 13:03:49.863,0,GPU-e2681f6e-8d94-2d66-484f-43ea602335f9,84.16,1410,1593,0,0,73879,34
2026/07/20 13:03:50.113,0,GPU-e2681f6e-8d94-2d66-484f-43ea602335f9,84.24,1410,1593,0,0,73879,34
2026/07/20 13:03:50.363,0,GPU-e2681f6e-8d94-2d66-484f-43ea602335f9,84.24,1410,1593,0,0,73879,34
2026/07/20 13:03:50.613,0,GPU-e2681f6e-8d94-2d66-484f-43ea602335f9,84.16,1410,1593,0,0,73879,34
2026/07/20 13:03:50.863,0,GPU-e2681f6e-8d94-2d66-484f-43ea602335f9,84.16,1410,1593,0,0,73879,34
2026/07/20 13:03:51.113,0,GPU-e2681f6e-8d94-2d66-484f-43ea602335f9,84.24,1410,1593,0,0,73879,34
2026/07/20 13:03:51.363,0,GPU-e2681f6e-8d94-2d66-484f-43ea602335f9,84.43,1410,1593,0,0,73879,34
2026/07/20 13:03:51.613,0,GPU-e2681f6e-8d94-2d66-484f-43ea602335f9,84.43,1410,1593,0,0,73879,34
2026/07/20 13:03:51.863,0,GPU-e2681f6e-8d94-2d66-484f-43ea602335f9,84.51,1410,1593,0,0,73879,34
2026/07/20 13:03:52.113,0,GPU-e2681f6e-8d94-2d66-484f-43ea602335f9,84.16,1410,1593,0,0,73879,34
2026/07/20 13:03:52.363,0,GPU-e2681f6e-8d94-2d66-484f-43ea602335f9,84.51,1410,1593,0,0,73879,34
2026/07/20 13:03:52.613,0,GPU-e2681f6e-8d94-2d66-484f-43ea602335f9,84.51,1410,1593,0,0,73879,34
2026/07/20 13:03:52.864,0,GPU-e2681f6e-8d94-2d66-484f-43ea602335f9,84.43,1410,1593,0,0,73879,34
2026/07/20 13:03:53.114,0,GPU-e2681f6e-8d94-2d66-484f-43ea602335f9,84.16,1410,1593,0,0,73879,34
2026/07/20 13:03:53.364,0,GPU-e2681f6e-8d94-2d66-484f-43ea602335f9,84.24,1410,1593,0,0,73879,34
2026/07/20 13:03:53.614,0,GPU-e2681f6e-8d94-2d66-484f-43ea602335f9,84.43,1410,1593,0,0,73879,34
2026/07/20 13:03:53.864,0,GPU-e2681f6e-8d94-2d66-484f-43ea602335f9,84.51,1410,1593,0,0,73879,34
2026/07/20 13:03:54.114,0,GPU-e2681f6e-8d94-2d66-484f-43ea602335f9,84.43,1410,1593,0,0,73879,34
2026/07/20 13:03:54.364,0,GPU-e2681f6e-8d94-2d66-484f-43ea602335f9,84.51,1410,1593,0,0,73879,34
2026/07/20 13:03:54.614,0,GPU-e2681f6e-8d94-2d66-484f-43ea602335f9,84.24,1410,1593,0,0,73879,34
2026/07/20 13:03:54.864,0,GPU-e2681f6e-8d94-2d66-484f-43ea602335f9,84.16,1410,1593,0,0,73879,34
2026/07/20 13:03:55.114,0,GPU-e2681f6e-8d94-2d66-484f-43ea602335f9,84.16,1410,1593,0,0,73879,34
2026/07/20 13:03:55.364,0,GPU-e2681f6e-8d94-2d66-484f-43ea602335f9,84.43,1410,1593,0,0,73879,34
2026/07/20 13:03:55.614,0,GPU-e2681f6e-8d94-2d66-484f-43ea602335f9,84.43,1410,1593,0,0,73879,34
2026/07/20 13:03:55.865,0,GPU-e2681f6e-8d94-2d66-484f-43ea602335f9,84.43,1410,1593,0,0,73879,34
2026/07/20 13:03:56.115,0,GPU-e2681f6e-8d94-2d66-484f-43ea602335f9,84.16,1410,1593,0,0,73879,34
2026/07/20 13:03:56.365,0,GPU-e2681f6e-8d94-2d66-484f-43ea602335f9,84.43,1410,1593,0,0,73879,34
2026/07/20 13:03:56.615,0,GPU-e2681f6e-8d94-2d66-484f-43ea602335f9,84.51,1410,1593,0,0,73879,34
2026/07/20 13:03:56.865,0,GPU-e2681f6e-8d94-2d66-484f-43ea602335f9,84.43,1410,1593,0,0,73879,34
2026/07/20 13:03:57.115,0,GPU-e2681f6e-8d94-2d66-484f-43ea602335f9,84.16,1410,1593,0,0,73879,34
2026/07/20 13:03:57.365,0,GPU-e2681f6e-8d94-2d66-484f-43ea602335f9,84.43,1410,1593,0,0,73879,34
2026/07/20 13:03:57.615,0,GPU-e2681f6e-8d94-2d66-484f-43ea602335f9,84.43,1410,1593,0,0,73879,34
2026/07/20 13:03:57.865,0,GPU-e2681f6e-8d94-2d66-484f-43ea602335f9,84.43,1410,1593,0,0,73879,34
2026/07/20 13:03:58.115,0,GPU-e2681f6e-8d94-2d66-484f-43ea602335f9,84.43,1410,1593,0,0,73879,34
2026/07/20 13:03:58.365,0,GPU-e2681f6e-8d94-2d66-484f-43ea602335f9,84.43,1410,1593,0,0,73879,34
2026/07/20 13:03:58.615,0,GPU-e2681f6e-8d94-2d66-484f-43ea602335f9,84.51,1410,1593,0,0,73879,34
2026/07/20 13:03:58.865,0,GPU-e2681f6e-8d94-2d66-484f-43ea602335f9,84.43,1410,1593,0,0,73879,34
2026/07/20 13:03:59.115,0,GPU-e2681f6e-8d94-2d66-484f-43ea602335f9,84.43,1410,1593,0,0,73879,34
2026/07/20 13:03:59.365,0,GPU-e2681f6e-8d94-2d66-484f-43ea602335f9,84.51,1410,1593,0,0,73879,34
2026/07/20 13:03:59.616,0,GPU-e2681f6e-8d94-2d66-484f-43ea602335f9,84.16,1410,1593,0,0,73879,34
2026/07/20 13:03:59.866,0,GPU-e2681f6e-8d94-2d66-484f-43ea602335f9,84.51,1410,1593,0,0,73879,34
2026/07/20 13:04:00.116,0,GPU-e2681f6e-8d94-2d66-484f-43ea602335f9,84.16,1410,1593,0,0,73879,34
2026/07/20 13:04:00.366,0,GPU-e2681f6e-8d94-2d66-484f-43ea602335f9,84.75,1410,1593,0,0,73879,34
2026/07/20 13:04:00.616,0,GPU-e2681f6e-8d94-2d66-484f-43ea602335f9,84.75,1410,1593,0,0,73879,34
2026/07/20 13:04:00.866,0,GPU-e2681f6e-8d94-2d66-484f-43ea602335f9,84.51,1410,1593,0,0,73879,34
2026/07/20 13:04:01.116,0,GPU-e2681f6e-8d94-2d66-484f-43ea602335f9,85.68,1410,1593,0,0,73879,34
2026/07/20 13:04:01.366,0,GPU-e2681f6e-8d94-2d66-484f-43ea602335f9,84.43,1410,1593,0,0,73879,34
2026/07/20 13:04:01.616,0,GPU-e2681f6e-8d94-2d66-484f-43ea602335f9,84.51,1410,1593,0,0,73879,34
2026/07/20 13:04:01.866,0,GPU-e2681f6e-8d94-2d66-484f-43ea602335f9,84.43,1410,1593,0,0,73879,34
2026/07/20 13:04:02.116,0,GPU-e2681f6e-8d94-2d66-484f-43ea602335f9,84.16,1410,1593,0,0,73879,34
2026/07/20 13:04:02.366,0,GPU-e2681f6e-8d94-2d66-484f-43ea602335f9,84.43,1410,1593,0,0,73879,34
2026/07/20 13:04:02.616,0,GPU-e2681f6e-8d94-2d66-484f-43ea602335f9,84.16,1410,1593,0,0,73879,34
2026/07/20 13:04:02.866,0,GPU-e2681f6e-8d94-2d66-484f-43ea602335f9,84.51,1410,1593,0,0,73879,34
2026/07/20 13:04:03.117,0,GPU-e2681f6e-8d94-2d66-484f-43ea602335f9,84.43,1410,1593,0,0,73879,34
2026/07/20 13:04:03.367,0,GPU-e2681f6e-8d94-2d66-484f-43ea602335f9,84.51,1410,1593,0,0,73879,34
2026/07/20 13:04:03.617,0,GPU-e2681f6e-8d94-2d66-484f-43ea602335f9,84.24,1410,1593,0,0,73879,34
2026/07/20 13:04:03.867,0,GPU-e2681f6e-8d94-2d66-484f-43ea602335f9,84.51,1410,1593,0,0,73879,34
2026/07/20 13:04:04.117,0,GPU-e2681f6e-8d94-2d66-484f-43ea602335f9,84.24,1410,1593,0,0,73879,34
2026/07/20 13:04:04.367,0,GPU-e2681f6e-8d94-2d66-484f-43ea602335f9,84.43,1410,1593,0,0,73879,34
2026/07/20 13:04:04.617,0,GPU-e2681f6e-8d94-2d66-484f-43ea602335f9,84.43,1410,1593,0,0,73879,34
2026/07/20 13:04:04.867,0,GPU-e2681f6e-8d94-2d66-484f-43ea602335f9,84.43,1410,1593,0,0,73879,34
2026/07/20 13:04:05.117,0,GPU-e2681f6e-8d94-2d66-484f-43ea602335f9,84.24,1410,1593,0,0,73879,34
2026/07/20 13:04:05.367,0,GPU-e2681f6e-8d94-2d66-484f-43ea602335f9,84.43,1410,1593,0,0,73879,34
2026/07/20 13:04:05.617,0,GPU-e2681f6e-8d94-2d66-484f-43ea602335f9,84.51,1410,1593,0,0,73879,34
2026/07/20 13:04:05.867,0,GPU-e2681f6e-8d94-2d66-484f-43ea602335f9,84.43,1410,1593,0,0,73879,34
2026/07/20 13:04:06.117,0,GPU-e2681f6e-8d94-2d66-484f-43ea602335f9,84.51,1410,1593,0,0,73879,34
2026/07/20 13:04:06.367,0,GPU-e2681f6e-8d94-2d66-484f-43ea602335f9,84.43,1410,1593,0,0,73879,34
2026/07/20 13:04:06.618,0,GPU-e2681f6e-8d94-2d66-484f-43ea602335f9,84.43,1410,1593,0,0,73879,34
2026/07/20 13:04:06.868,0,GPU-e2681f6e-8d94-2d66-484f-43ea602335f9,84.16,1410,1593,0,0,73879,34
2026/07/20 13:04:07.118,0,GPU-e2681f6e-8d94-2d66-484f-43ea602335f9,84.43,1410,1593,0,0,73879,34
2026/07/20 13:04:07.368,0,GPU-e2681f6e-8d94-2d66-484f-43ea602335f9,84.43,1410,1593,0,0,73879,34
2026/07/20 13:04:07.618,0,GPU-e2681f6e-8d94-2d66-484f-43ea602335f9,84.43,1410,1593,0,0,73879,34
2026/07/20 13:04:07.868,0,GPU-e2681f6e-8d94-2d66-484f-43ea602335f9,84.51,1410,1593,0,0,73879,34
2026/07/20 13:04:08.118,0,GPU-e2681f6e-8d94-2d66-484f-43ea602335f9,84.16,1410,1593,0,0,73879,34
2026/07/20 13:04:08.368,0,GPU-e2681f6e-8d94-2d66-484f-43ea602335f9,83.92,1410,1593,0,0,73879,34
2026/07/20 13:04:08.618,0,GPU-e2681f6e-8d94-2d66-484f-43ea602335f9,83.92,1410,1593,0,0,73879,34
2026/07/20 13:04:08.868,0,GPU-e2681f6e-8d94-2d66-484f-43ea602335f9,84.07,1410,1593,0,0,73879,34
2026/07/20 13:04:09.118,0,GPU-e2681f6e-8d94-2d66-484f-43ea602335f9,83.83,1410,1593,0,0,73879,34
2026/07/20 13:04:09.368,0,GPU-e2681f6e-8d94-2d66-484f-43ea602335f9,83.83,1410,1593,0,0,73879,34
2026/07/20 13:04:09.618,0,GPU-e2681f6e-8d94-2d66-484f-43ea602335f9,83.83,1410,1593,0,0,73879,34
2026/07/20 13:04:09.869,0,GPU-e2681f6e-8d94-2d66-484f-43ea602335f9,84.16,1410,1593,0,0,73879,34
2026/07/20 13:04:10.119,0,GPU-e2681f6e-8d94-2d66-484f-43ea602335f9,84.16,1410,1593,0,0,73879,34
2026/07/20 13:04:10.369,0,GPU-e2681f6e-8d94-2d66-484f-43ea602335f9,83.83,1410,1593,0,0,73879,34
2026/07/20 13:04:10.619,0,GPU-e2681f6e-8d94-2d66-484f-43ea602335f9,83.92,1410,1593,0,0,73879,34
2026/07/20 13:04:10.869,0,GPU-e2681f6e-8d94-2d66-484f-43ea602335f9,84.16,1410,1593,0,0,73879,34
2026/07/20 13:04:11.119,0,GPU-e2681f6e-8d94-2d66-484f-43ea602335f9,84.16,1410,1593,0,0,73879,34
2026/07/20 13:04:11.369,0,GPU-e2681f6e-8d94-2d66-484f-43ea602335f9,83.83,1410,1593,0,0,73879,34
2026/07/20 13:04:11.619,0,GPU-e2681f6e-8d94-2d66-484f-43ea602335f9,84.16,1410,1593,0,0,73879,34
2026/07/20 13:04:11.869,0,GPU-e2681f6e-8d94-2d66-484f-43ea602335f9,84.24,1410,1593,0,0,73879,34
2026/07/20 13:04:12.119,0,GPU-e2681f6e-8d94-2d66-484f-43ea602335f9,84.34,1410,1593,0,0,73879,34
2026/07/20 13:04:12.369,0,GPU-e2681f6e-8d94-2d66-484f-43ea602335f9,84.43,1410,1593,0,0,73879,34
2026/07/20 13:04:12.619,0,GPU-e2681f6e-8d94-2d66-484f-43ea602335f9,83.83,1410,1593,0,0,73879,34
2026/07/20 13:04:12.870,0,GPU-e2681f6e-8d94-2d66-484f-43ea602335f9,84.16,1410,1593,0,0,73879,34
2026/07/20 13:04:13.120,0,GPU-e2681f6e-8d94-2d66-484f-43ea602335f9,83.83,1410,1593,0,0,73879,34
2026/07/20 13:04:13.370,0,GPU-e2681f6e-8d94-2d66-484f-43ea602335f9,83.83,1410,1593,0,0,73879,34
2026/07/20 13:04:13.620,0,GPU-e2681f6e-8d94-2d66-484f-43ea602335f9,83.83,1410,1593,0,0,73879,34
2026/07/20 13:04:13.870,0,GPU-e2681f6e-8d94-2d66-484f-43ea602335f9,83.83,1410,1593,0,0,73879,34
2026/07/20 13:04:14.120,0,GPU-e2681f6e-8d94-2d66-484f-43ea602335f9,83.83,1410,1593,0,0,73879,34
2026/07/20 13:04:14.370,0,GPU-e2681f6e-8d94-2d66-484f-43ea602335f9,83.83,1410,1593,0,0,73879,34
2026/07/20 13:04:14.620,0,GPU-e2681f6e-8d94-2d66-484f-43ea602335f9,83.83,1410,1593,0,0,73879,34
2026/07/20 13:04:14.870,0,GPU-e2681f6e-8d94-2d66-484f-43ea602335f9,83.83,1410,1593,0,0,73879,34
2026/07/20 13:04:15.120,0,GPU-e2681f6e-8d94-2d66-484f-43ea602335f9,83.83,1410,1593,0,0,73879,34
2026/07/20 13:04:15.370,0,GPU-e2681f6e-8d94-2d66-484f-43ea602335f9,83.83,1410,1593,0,0,73879,34
2026/07/20 13:04:15.620,0,GPU-e2681f6e-8d94-2d66-484f-43ea602335f9,83.83,1410,1593,0,0,73879,34
2026/07/20 13:04:15.870,0,GPU-e2681f6e-8d94-2d66-484f-43ea602335f9,84.16,1410,1593,0,0,73879,34
2026/07/20 13:04:16.121,0,GPU-e2681f6e-8d94-2d66-484f-43ea602335f9,83.83,1410,1593,0,0,73879,34
2026/07/20 13:04:16.371,0,GPU-e2681f6e-8d94-2d66-484f-43ea602335f9,83.83,1410,1593,0,0,73879,34
2026/07/20 13:04:16.621,0,GPU-e2681f6e-8d94-2d66-484f-43ea602335f9,83.83,1410,1593,0,0,73879,34
2026/07/20 13:04:16.871,0,GPU-e2681f6e-8d94-2d66-484f-43ea602335f9,83.83,1410,1593,0,0,73879,34
2026/07/20 13:04:17.121,0,GPU-e2681f6e-8d94-2d66-484f-43ea602335f9,84.16,1410,1593,0,0,73879,34
2026/07/20 13:04:17.371,0,GPU-e2681f6e-8d94-2d66-484f-43ea602335f9,83.92,1410,1593,0,0,73879,34
2026/07/20 13:04:17.621,0,GPU-e2681f6e-8d94-2d66-484f-43ea602335f9,83.92,1410,1593,0,0,73879,34
2026/07/20 13:04:17.871,0,GPU-e2681f6e-8d94-2d66-484f-43ea602335f9,84.16,1410,1593,0,0,73879,34
2026/07/20 13:04:18.121,0,GPU-e2681f6e-8d94-2d66-484f-43ea602335f9,84.24,1410,1593,0,0,73879,34
2026/07/20 13:04:18.371,0,GPU-e2681f6e-8d94-2d66-484f-43ea602335f9,83.92,1410,1593,0,0,73879,34
2026/07/20 13:04:18.621,0,GPU-e2681f6e-8d94-2d66-484f-43ea602335f9,83.92,1410,1593,0,0,73879,34
2026/07/20 13:04:18.871,0,GPU-e2681f6e-8d94-2d66-484f-43ea602335f9,83.83,1410,1593,0,0,73879,34
2026/07/20 13:04:19.122,0,GPU-e2681f6e-8d94-2d66-484f-43ea602335f9,83.83,1410,1593,0,0,73879,34
2026/07/20 13:04:19.372,0,GPU-e2681f6e-8d94-2d66-484f-43ea602335f9,83.92,1410,1593,0,0,73879,34
2026/07/20 13:04:19.622,0,GPU-e2681f6e-8d94-2d66-484f-43ea602335f9,83.83,1410,1593,0,0,73879,34
2026/07/20 13:04:19.872,0,GPU-e2681f6e-8d94-2d66-484f-43ea602335f9,84.24,1410,1593,0,0,73879,34
2026/07/20 13:04:20.122,0,GPU-e2681f6e-8d94-2d66-484f-43ea602335f9,83.92,1410,1593,0,0,73879,34
2026/07/20 13:04:20.372,0,GPU-e2681f6e-8d94-2d66-484f-43ea602335f9,84.16,1410,1593,0,0,73879,34
2026/07/20 13:04:20.622,0,GPU-e2681f6e-8d94-2d66-484f-43ea602335f9,84.16,1410,1593,0,0,73879,34
2026/07/20 13:04:20.872,0,GPU-e2681f6e-8d94-2d66-484f-43ea602335f9,83.92,1410,1593,0,0,73879,34
2026/07/20 13:04:21.123,0,GPU-e2681f6e-8d94-2d66-484f-43ea602335f9,84.16,1410,1593,0,0,73879,34
2026/07/20 13:04:21.375,0,GPU-e2681f6e-8d94-2d66-484f-43ea602335f9,84.16,1410,1593,0,0,73879,34
2026/07/20 13:04:21.625,0,GPU-e2681f6e-8d94-2d66-484f-43ea602335f9,288.94,1410,1593,82,70,73879,39
2026/07/20 13:04:21.875,0,GPU-e2681f6e-8d94-2d66-484f-43ea602335f9,289.27,1410,1593,94,80,73879,41
2026/07/20 13:04:22.125,0,GPU-e2681f6e-8d94-2d66-484f-43ea602335f9,292.62,1410,1593,94,81,73879,42
2026/07/20 13:04:22.375,0,GPU-e2681f6e-8d94-2d66-484f-43ea602335f9,294.12,1410,1593,94,81,73879,43
2026/07/20 13:04:22.625,0,GPU-e2681f6e-8d94-2d66-484f-43ea602335f9,290.20,1410,1593,94,79,73879,43
2026/07/20 13:04:22.875,0,GPU-e2681f6e-8d94-2d66-484f-43ea602335f9,289.87,1410,1593,95,79,73879,43
2026/07/20 13:04:23.125,0,GPU-e2681f6e-8d94-2d66-484f-43ea602335f9,288.67,1410,1593,94,79,73879,44
2026/07/20 13:04:23.375,0,GPU-e2681f6e-8d94-2d66-484f-43ea602335f9,289.57,1410,1593,94,79,73879,44
2026/07/20 13:04:23.625,0,GPU-e2681f6e-8d94-2d66-484f-43ea602335f9,287.15,1410,1593,93,78,73879,44
2026/07/20 13:04:23.875,0,GPU-e2681f6e-8d94-2d66-484f-43ea602335f9,292.92,1410,1593,94,79,73879,44
2026/07/20 13:04:24.125,0,GPU-e2681f6e-8d94-2d66-484f-43ea602335f9,292.92,1410,1593,94,79,73879,45
2026/07/20 13:04:24.375,0,GPU-e2681f6e-8d94-2d66-484f-43ea602335f9,288.67,1410,1593,94,79,73879,45
2026/07/20 13:04:24.626,0,GPU-e2681f6e-8d94-2d66-484f-43ea602335f9,289.60,1410,1593,94,79,73879,45
2026/07/20 13:04:24.876,0,GPU-e2681f6e-8d94-2d66-484f-43ea602335f9,288.94,1410,1593,94,79,73879,45
2026/07/20 13:04:25.126,0,GPU-e2681f6e-8d94-2d66-484f-43ea602335f9,287.12,1410,1593,94,79,73879,45
2026/07/20 13:04:25.376,0,GPU-e2681f6e-8d94-2d66-484f-43ea602335f9,285.35,1410,1593,94,78,73879,45
2026/07/20 13:04:25.626,0,GPU-e2681f6e-8d94-2d66-484f-43ea602335f9,295.95,1410,1593,94,79,73879,46
2026/07/20 13:04:25.876,0,GPU-e2681f6e-8d94-2d66-484f-43ea602335f9,287.74,1410,1593,94,78,73879,46
2026/07/20 13:04:26.126,0,GPU-e2681f6e-8d94-2d66-484f-43ea602335f9,292.33,1410,1593,94,79,73879,46
2026/07/20 13:04:26.376,0,GPU-e2681f6e-8d94-2d66-484f-43ea602335f9,290.47,1410,1593,94,78,73879,46
2026/07/20 13:04:26.626,0,GPU-e2681f6e-8d94-2d66-484f-43ea602335f9,290.50,1410,1593,93,78,73879,46
2026/07/20 13:04:26.876,0,GPU-e2681f6e-8d94-2d66-484f-43ea602335f9,286.51,1410,1593,93,78,73879,46
2026/07/20 13:04:27.126,0,GPU-e2681f6e-8d94-2d66-484f-43ea602335f9,286.22,1410,1593,94,79,73879,46
2026/07/20 13:04:27.377,0,GPU-e2681f6e-8d94-2d66-484f-43ea602335f9,288.35,1410,1593,94,78,73879,46
2026/07/20 13:04:27.627,0,GPU-e2681f6e-8d94-2d66-484f-43ea602335f9,288.08,1410,1593,94,78,73879,46
2026/07/20 13:04:27.877,0,GPU-e2681f6e-8d94-2d66-484f-43ea602335f9,291.40,1410,1593,94,79,73879,47
2026/07/20 13:04:28.127,0,GPU-e2681f6e-8d94-2d66-484f-43ea602335f9,289.27,1410,1593,95,79,73879,47
2026/07/20 13:04:28.377,0,GPU-e2681f6e-8d94-2d66-484f-43ea602335f9,295.65,1410,1593,94,79,73879,47
2026/07/20 13:04:28.627,0,GPU-e2681f6e-8d94-2d66-484f-43ea602335f9,294.45,1410,1593,94,79,73879,47
2026/07/20 13:04:28.877,0,GPU-e2681f6e-8d94-2d66-484f-43ea602335f9,291.07,1410,1593,94,79,73879,47
2026/07/20 13:04:29.127,0,GPU-e2681f6e-8d94-2d66-484f-43ea602335f9,295.05,1410,1593,94,79,73879,47
2026/07/20 13:04:29.377,0,GPU-e2681f6e-8d94-2d66-484f-43ea602335f9,292.30,1410,1593,95,79,73879,47
2026/07/20 13:04:29.627,0,GPU-e2681f6e-8d94-2d66-484f-43ea602335f9,295.05,1410,1593,94,79,73879,47
2026/07/20 13:04:29.877,0,GPU-e2681f6e-8d94-2d66-484f-43ea602335f9,90.82,1410,1593,42,35,73879,43
2026/07/20 13:04:30.127,0,GPU-e2681f6e-8d94-2d66-484f-43ea602335f9,88.18,1410,1593,0,0,73879,41
2026/07/20 13:04:30.378,0,GPU-e2681f6e-8d94-2d66-484f-43ea602335f9,87.48,1410,1593,0,0,73879,40
2026/07/20 13:04:30.628,0,GPU-e2681f6e-8d94-2d66-484f-43ea602335f9,87.30,1410,1593,0,0,73879,40
2026/07/20 13:04:30.878,0,GPU-e2681f6e-8d94-2d66-484f-43ea602335f9,86.88,1410,1593,0,0,73879,39
2026/07/20 13:04:31.128,0,GPU-e2681f6e-8d94-2d66-484f-43ea602335f9,86.88,1410,1593,0,0,73879,39
2026/07/20 13:04:31.378,0,GPU-e2681f6e-8d94-2d66-484f-43ea602335f9,87.48,1410,1593,0,0,73879,39
2026/07/20 13:04:31.628,0,GPU-e2681f6e-8d94-2d66-484f-43ea602335f9,86.65,1410,1593,0,0,73879,39
2026/07/20 13:04:31.878,0,GPU-e2681f6e-8d94-2d66-484f-43ea602335f9,86.56,1410,1593,0,0,73879,38
2026/07/20 13:04:32.128,0,GPU-e2681f6e-8d94-2d66-484f-43ea602335f9,86.56,1410,1593,0,0,73879,38
2026/07/20 13:04:32.378,0,GPU-e2681f6e-8d94-2d66-484f-43ea602335f9,86.56,1410,1593,0,0,73879,38
2026/07/20 13:04:32.628,0,GPU-e2681f6e-8d94-2d66-484f-43ea602335f9,86.56,1410,1593,0,0,73879,38
2026/07/20 13:04:32.878,0,GPU-e2681f6e-8d94-2d66-484f-43ea602335f9,86.37,1410,1593,0,0,73879,38
2026/07/20 13:04:33.129,0,GPU-e2681f6e-8d94-2d66-484f-43ea602335f9,86.37,1410,1593,0,0,73879,38
2026/07/20 13:04:33.495,0,GPU-e2681f6e-8d94-2d66-484f-43ea602335f9,86.37,1410,1593,0,0,73879,38
2026/07/20 13:04:33.746,0,GPU-e2681f6e-8d94-2d66-484f-43ea602335f9,86.37,1410,1593,0,0,73879,38
2026/07/20 13:04:33.997,0,GPU-e2681f6e-8d94-2d66-484f-43ea602335f9,85.95,1410,1593,0,0,73879,38
2026/07/20 13:04:34.247,0,GPU-e2681f6e-8d94-2d66-484f-43ea602335f9,85.95,1410,1593,0,0,73879,37
2026/07/20 13:04:34.497,0,GPU-e2681f6e-8d94-2d66-484f-43ea602335f9,86.37,1410,1593,0,0,73879,37
2026/07/20 13:04:34.747,0,GPU-e2681f6e-8d94-2d66-484f-43ea602335f9,85.95,1410,1593,0,0,73879,37
2026/07/20 13:04:34.997,0,GPU-e2681f6e-8d94-2d66-484f-43ea602335f9,86.28,1410,1593,0,0,73879,37
2026/07/20 13:04:35.247,0,GPU-e2681f6e-8d94-2d66-484f-43ea602335f9,85.95,1410,1593,0,0,73879,37
2026/07/20 13:04:35.497,0,GPU-e2681f6e-8d94-2d66-484f-43ea602335f9,86.04,1410,1593,0,0,73879,37
2026/07/20 13:04:35.747,0,GPU-e2681f6e-8d94-2d66-484f-43ea602335f9,85.95,1410,1593,0,0,73879,37
2026/07/20 13:04:35.997,0,GPU-e2681f6e-8d94-2d66-484f-43ea602335f9,85.95,1410,1593,0,0,73879,37
2026/07/20 13:04:36.247,0,GPU-e2681f6e-8d94-2d66-484f-43ea602335f9,85.95,1410,1593,0,0,73879,37
2026/07/20 13:04:36.497,0,GPU-e2681f6e-8d94-2d66-484f-43ea602335f9,85.68,1410,1593,0,0,73879,37
2026/07/20 13:04:36.747,0,GPU-e2681f6e-8d94-2d66-484f-43ea602335f9,86.04,1410,1593,0,0,73879,37
2026/07/20 13:04:36.997,0,GPU-e2681f6e-8d94-2d66-484f-43ea602335f9,85.95,1410,1593,0,0,73879,37
2026/07/20 13:04:37.248,0,GPU-e2681f6e-8d94-2d66-484f-43ea602335f9,85.95,1410,1593,0,0,73879,37
2026/07/20 13:04:37.498,0,GPU-e2681f6e-8d94-2d66-484f-43ea602335f9,86.04,1410,1593,0,0,73879,37
2026/07/20 13:04:37.748,0,GPU-e2681f6e-8d94-2d66-484f-43ea602335f9,85.68,1410,1593,0,0,73879,37
2026/07/20 13:04:37.998,0,GPU-e2681f6e-8d94-2d66-484f-43ea602335f9,85.68,1410,1593,0,0,73879,37
2026/07/20 13:04:38.248,0,GPU-e2681f6e-8d94-2d66-484f-43ea602335f9,85.68,1410,1593,0,0,73879,37
2026/07/20 13:04:38.498,0,GPU-e2681f6e-8d94-2d66-484f-43ea602335f9,85.77,1410,1593,0,0,73879,37
2026/07/20 13:04:38.748,0,GPU-e2681f6e-8d94-2d66-484f-43ea602335f9,85.68,1410,1593,0,0,73879,37
2026/07/20 13:04:38.998,0,GPU-e2681f6e-8d94-2d66-484f-43ea602335f9,85.77,1410,1593,0,0,73879,37
2026/07/20 13:04:39.248,0,GPU-e2681f6e-8d94-2d66-484f-43ea602335f9,85.77,1410,1593,0,0,73879,37
2026/07/20 13:04:39.498,0,GPU-e2681f6e-8d94-2d66-484f-43ea602335f9,85.77,1410,1593,0,0,73879,37
2026/07/20 13:04:39.748,0,GPU-e2681f6e-8d94-2d66-484f-43ea602335f9,85.68,1410,1593,0,0,73879,36
2026/07/20 13:04:39.998,0,GPU-e2681f6e-8d94-2d66-484f-43ea602335f9,85.68,1410,1593,0,0,73879,36
2026/07/20 13:04:40.248,0,GPU-e2681f6e-8d94-2d66-484f-43ea602335f9,85.68,1410,1593,0,0,73879,36
2026/07/20 13:04:40.499,0,GPU-e2681f6e-8d94-2d66-484f-43ea602335f9,85.77,1410,1593,0,0,73879,36
2026/07/20 13:04:40.749,0,GPU-e2681f6e-8d94-2d66-484f-43ea602335f9,85.68,1410,1593,0,0,73879,36
2026/07/20 13:04:40.999,0,GPU-e2681f6e-8d94-2d66-484f-43ea602335f9,85.68,1410,1593,0,0,73879,36
2026/07/20 13:04:41.249,0,GPU-e2681f6e-8d94-2d66-484f-43ea602335f9,85.44,1410,1593,0,0,73879,36
2026/07/20 13:04:41.499,0,GPU-e2681f6e-8d94-2d66-484f-43ea602335f9,85.68,1410,1593,0,0,73879,36
2026/07/20 13:04:41.749,0,GPU-e2681f6e-8d94-2d66-484f-43ea602335f9,85.68,1410,1593,0,0,73879,36
2026/07/20 13:04:41.999,0,GPU-e2681f6e-8d94-2d66-484f-43ea602335f9,85.68,1410,1593,0,0,73879,36
2026/07/20 13:04:42.249,0,GPU-e2681f6e-8d94-2d66-484f-43ea602335f9,85.44,1410,1593,0,0,73879,36
2026/07/20 13:04:42.499,0,GPU-e2681f6e-8d94-2d66-484f-43ea602335f9,85.36,1410,1593,0,0,73879,36
2026/07/20 13:04:42.749,0,GPU-e2681f6e-8d94-2d66-484f-43ea602335f9,85.36,1410,1593,0,0,73879,36
2026/07/20 13:04:42.999,0,GPU-e2681f6e-8d94-2d66-484f-43ea602335f9,85.77,1410,1593,0,0,73879,36
2026/07/20 13:04:43.250,0,GPU-e2681f6e-8d94-2d66-484f-43ea602335f9,85.95,1410,1593,0,0,73879,36
2026/07/20 13:04:43.500,0,GPU-e2681f6e-8d94-2d66-484f-43ea602335f9,85.95,1410,1593,0,0,73879,36
2026/07/20 13:04:43.750,0,GPU-e2681f6e-8d94-2d66-484f-43ea602335f9,85.36,1410,1593,0,0,73879,36
2026/07/20 13:04:44.000,0,GPU-e2681f6e-8d94-2d66-484f-43ea602335f9,85.44,1410,1593,0,0,73879,36
2026/07/20 13:04:44.250,0,GPU-e2681f6e-8d94-2d66-484f-43ea602335f9,85.36,1410,1593,0,0,73879,36
2026/07/20 13:04:44.500,0,GPU-e2681f6e-8d94-2d66-484f-43ea602335f9,85.36,1410,1593,0,0,73879,36
2026/07/20 13:04:44.750,0,GPU-e2681f6e-8d94-2d66-484f-43ea602335f9,85.36,1410,1593,0,0,73879,36
2026/07/20 13:04:45.000,0,GPU-e2681f6e-8d94-2d66-484f-43ea602335f9,85.36,1410,1593,0,0,73879,36
2026/07/20 13:04:45.250,0,GPU-e2681f6e-8d94-2d66-484f-43ea602335f9,85.44,1410,1593,0,0,73879,36
2026/07/20 13:04:45.500,0,GPU-e2681f6e-8d94-2d66-484f-43ea602335f9,85.36,1410,1593,0,0,73879,36
2026/07/20 13:04:45.750,0,GPU-e2681f6e-8d94-2d66-484f-43ea602335f9,85.36,1410,1593,0,0,73879,36
2026/07/20 13:04:46.000,0,GPU-e2681f6e-8d94-2d66-484f-43ea602335f9,85.68,1410,1593,0,0,73879,36
2026/07/20 13:04:46.251,0,GPU-e2681f6e-8d94-2d66-484f-43ea602335f9,85.36,1410,1593,0,0,73879,36
2026/07/20 13:04:46.501,0,GPU-e2681f6e-8d94-2d66-484f-43ea602335f9,85.36,1410,1593,0,0,73879,36
2026/07/20 13:04:46.751,0,GPU-e2681f6e-8d94-2d66-484f-43ea602335f9,85.36,1410,1593,0,0,73879,36
2026/07/20 13:04:47.001,0,GPU-e2681f6e-8d94-2d66-484f-43ea602335f9,85.36,1410,1593,0,0,73879,36
2026/07/20 13:04:47.251,0,GPU-e2681f6e-8d94-2d66-484f-43ea602335f9,85.36,1410,1593,0,0,73879,36
2026/07/20 13:04:47.501,0,GPU-e2681f6e-8d94-2d66-484f-43ea602335f9,85.44,1410,1593,0,0,73879,36
2026/07/20 13:04:47.751,0,GPU-e2681f6e-8d94-2d66-484f-43ea602335f9,85.36,1410,1593,0,0,73879,36
2026/07/20 13:04:48.001,0,GPU-e2681f6e-8d94-2d66-484f-43ea602335f9,84.75,1410,1593,0,0,73879,36
2026/07/20 13:04:48.251,0,GPU-e2681f6e-8d94-2d66-484f-43ea602335f9,84.75,1410,1593,0,0,73879,36
2026/07/20 13:04:48.501,0,GPU-e2681f6e-8d94-2d66-484f-43ea602335f9,84.84,1410,1593,0,0,73879,36
2026/07/20 13:04:48.751,0,GPU-e2681f6e-8d94-2d66-484f-43ea602335f9,84.75,1410,1593,0,0,73879,36
2026/07/20 13:04:49.001,0,GPU-e2681f6e-8d94-2d66-484f-43ea602335f9,85.08,1410,1593,0,0,73879,36
2026/07/20 13:04:49.252,0,GPU-e2681f6e-8d94-2d66-484f-43ea602335f9,84.84,1410,1593,0,0,73879,36
2026/07/20 13:04:49.502,0,GPU-e2681f6e-8d94-2d66-484f-43ea602335f9,85.08,1410,1593,0,0,73879,36
2026/07/20 13:04:49.752,0,GPU-e2681f6e-8d94-2d66-484f-43ea602335f9,84.75,1410,1593,0,0,73879,36
2026/07/20 13:04:50.002,0,GPU-e2681f6e-8d94-2d66-484f-43ea602335f9,84.75,1410,1593,0,0,73879,36
2026/07/20 13:04:50.252,0,GPU-e2681f6e-8d94-2d66-484f-43ea602335f9,84.43,1410,1593,0,0,73879,36
2026/07/20 13:04:50.502,0,GPU-e2681f6e-8d94-2d66-484f-43ea602335f9,84.75,1410,1593,0,0,73879,36
2026/07/20 13:04:50.752,0,GPU-e2681f6e-8d94-2d66-484f-43ea602335f9,84.43,1410,1593,0,0,73879,36
2026/07/20 13:04:51.002,0,GPU-e2681f6e-8d94-2d66-484f-43ea602335f9,84.75,1410,1593,0,0,73879,36
2026/07/20 13:04:51.252,0,GPU-e2681f6e-8d94-2d66-484f-43ea602335f9,84.51,1410,1593,0,0,73879,35
2026/07/20 13:04:51.502,0,GPU-e2681f6e-8d94-2d66-484f-43ea602335f9,84.75,1410,1593,0,0,73879,35
2026/07/20 13:04:51.752,0,GPU-e2681f6e-8d94-2d66-484f-43ea602335f9,84.75,1410,1593,0,0,73879,35
2026/07/20 13:04:52.002,0,GPU-e2681f6e-8d94-2d66-484f-43ea602335f9,84.75,1410,1593,0,0,73879,35
2026/07/20 13:04:52.253,0,GPU-e2681f6e-8d94-2d66-484f-43ea602335f9,84.75,1410,1593,0,0,73879,35
2026/07/20 13:04:52.503,0,GPU-e2681f6e-8d94-2d66-484f-43ea602335f9,84.84,1410,1593,0,0,73879,35
2026/07/20 13:04:52.753,0,GPU-e2681f6e-8d94-2d66-484f-43ea602335f9,84.75,1410,1593,0,0,73879,35
2026/07/20 13:04:53.003,0,GPU-e2681f6e-8d94-2d66-484f-43ea602335f9,84.75,1410,1593,0,0,73879,35
2026/07/20 13:04:53.253,0,GPU-e2681f6e-8d94-2d66-484f-43ea602335f9,84.75,1410,1593,0,0,73879,35
2026/07/20 13:04:53.503,0,GPU-e2681f6e-8d94-2d66-484f-43ea602335f9,84.75,1410,1593,0,0,73879,35
2026/07/20 13:04:53.753,0,GPU-e2681f6e-8d94-2d66-484f-43ea602335f9,84.75,1410,1593,0,0,73879,35
2026/07/20 13:04:54.003,0,GPU-e2681f6e-8d94-2d66-484f-43ea602335f9,84.75,1410,1593,0,0,73879,35
2026/07/20 13:04:54.253,0,GPU-e2681f6e-8d94-2d66-484f-43ea602335f9,84.84,1410,1593,0,0,73879,35
2026/07/20 13:04:54.503,0,GPU-e2681f6e-8d94-2d66-484f-43ea602335f9,84.75,1410,1593,0,0,73879,35
2026/07/20 13:04:54.753,0,GPU-e2681f6e-8d94-2d66-484f-43ea602335f9,84.75,1410,1593,0,0,73879,35
2026/07/20 13:04:55.003,0,GPU-e2681f6e-8d94-2d66-484f-43ea602335f9,84.84,1410,1593,0,0,73879,35
2026/07/20 13:04:55.253,0,GPU-e2681f6e-8d94-2d66-484f-43ea602335f9,85.08,1410,1593,0,0,73879,35
2026/07/20 13:04:55.504,0,GPU-e2681f6e-8d94-2d66-484f-43ea602335f9,84.99,1410,1593,0,0,73879,35
2026/07/20 13:04:55.754,0,GPU-e2681f6e-8d94-2d66-484f-43ea602335f9,84.99,1410,1593,0,0,73879,35
2026/07/20 13:04:56.004,0,GPU-e2681f6e-8d94-2d66-484f-43ea602335f9,84.75,1410,1593,0,0,73879,35
2026/07/20 13:04:56.254,0,GPU-e2681f6e-8d94-2d66-484f-43ea602335f9,84.67,1410,1593,0,0,73879,35
2026/07/20 13:04:56.504,0,GPU-e2681f6e-8d94-2d66-484f-43ea602335f9,84.67,1410,1593,0,0,73879,35
2026/07/20 13:04:56.754,0,GPU-e2681f6e-8d94-2d66-484f-43ea602335f9,84.75,1410,1593,0,0,73879,35
2026/07/20 13:04:57.004,0,GPU-e2681f6e-8d94-2d66-484f-43ea602335f9,84.75,1410,1593,0,0,73879,35
2026/07/20 13:04:57.254,0,GPU-e2681f6e-8d94-2d66-484f-43ea602335f9,84.34,1410,1593,0,0,73879,35
2026/07/20 13:04:57.504,0,GPU-e2681f6e-8d94-2d66-484f-43ea602335f9,84.75,1410,1593,0,0,73879,35
2026/07/20 13:04:57.754,0,GPU-e2681f6e-8d94-2d66-484f-43ea602335f9,84.75,1410,1593,0,0,73879,35
2026/07/20 13:04:58.004,0,GPU-e2681f6e-8d94-2d66-484f-43ea602335f9,84.34,1410,1593,0,0,73879,35
2026/07/20 13:04:58.254,0,GPU-e2681f6e-8d94-2d66-484f-43ea602335f9,84.67,1410,1593,0,0,73879,35
2026/07/20 13:04:58.504,0,GPU-e2681f6e-8d94-2d66-484f-43ea602335f9,84.43,1410,1593,0,0,73879,35
2026/07/20 13:04:58.755,0,GPU-e2681f6e-8d94-2d66-484f-43ea602335f9,84.43,1410,1593,0,0,73879,35
2026/07/20 13:04:59.005,0,GPU-e2681f6e-8d94-2d66-484f-43ea602335f9,84.67,1410,1593,0,0,73879,35
2026/07/20 13:04:59.255,0,GPU-e2681f6e-8d94-2d66-484f-43ea602335f9,84.34,1410,1593,0,0,73879,35
2026/07/20 13:04:59.505,0,GPU-e2681f6e-8d94-2d66-484f-43ea602335f9,84.43,1410,1593,0,0,73879,35
2026/07/20 13:04:59.755,0,GPU-e2681f6e-8d94-2d66-484f-43ea602335f9,84.75,1410,1593,0,0,73879,35
2026/07/20 13:05:00.005,0,GPU-e2681f6e-8d94-2d66-484f-43ea602335f9,84.75,1410,1593,0,0,73879,35
2026/07/20 13:05:00.255,0,GPU-e2681f6e-8d94-2d66-484f-43ea602335f9,84.67,1410,1593,0,0,73879,35
2026/07/20 13:05:00.505,0,GPU-e2681f6e-8d94-2d66-484f-43ea602335f9,84.67,1410,1593,0,0,73879,35
2026/07/20 13:05:00.755,0,GPU-e2681f6e-8d94-2d66-484f-43ea602335f9,84.67,1410,1593,0,0,73879,35
2026/07/20 13:05:01.005,0,GPU-e2681f6e-8d94-2d66-484f-43ea602335f9,85.08,1410,1593,0,0,73879,35
2026/07/20 13:05:01.255,0,GPU-e2681f6e-8d94-2d66-484f-43ea602335f9,84.67,1410,1593,0,0,73879,35
2026/07/20 13:05:01.505,0,GPU-e2681f6e-8d94-2d66-484f-43ea602335f9,84.67,1410,1593,0,0,73879,35
2026/07/20 13:05:01.755,0,GPU-e2681f6e-8d94-2d66-484f-43ea602335f9,84.34,1410,1593,0,0,73879,35
2026/07/20 13:05:02.006,0,GPU-e2681f6e-8d94-2d66-484f-43ea602335f9,84.43,1410,1593,0,0,73879,35
2026/07/20 13:05:02.256,0,GPU-e2681f6e-8d94-2d66-484f-43ea602335f9,84.43,1410,1593,0,0,73879,35
2026/07/20 13:05:02.506,0,GPU-e2681f6e-8d94-2d66-484f-43ea602335f9,84.75,1410,1593,0,0,73879,35
2026/07/20 13:05:02.756,0,GPU-e2681f6e-8d94-2d66-484f-43ea602335f9,84.75,1410,1593,0,0,73879,35
2026/07/20 13:05:03.006,0,GPU-e2681f6e-8d94-2d66-484f-43ea602335f9,84.75,1410,1593,0,0,73879,35
2026/07/20 13:05:03.256,0,GPU-e2681f6e-8d94-2d66-484f-43ea602335f9,84.67,1410,1593,0,0,73879,35
2026/07/20 13:05:03.506,0,GPU-e2681f6e-8d94-2d66-484f-43ea602335f9,84.67,1410,1593,0,0,73879,35
2026/07/20 13:05:03.756,0,GPU-e2681f6e-8d94-2d66-484f-43ea602335f9,84.75,1410,1593,0,0,73879,35
2026/07/20 13:05:04.006,0,GPU-e2681f6e-8d94-2d66-484f-43ea602335f9,84.67,1410,1593,0,0,73879,35
2026/07/20 13:05:04.256,0,GPU-e2681f6e-8d94-2d66-484f-43ea602335f9,84.67,1410,1593,0,0,73879,35
2026/07/20 13:05:04.506,0,GPU-e2681f6e-8d94-2d66-484f-43ea602335f9,84.43,1410,1593,0,0,73879,35
2026/07/20 13:05:04.756,0,GPU-e2681f6e-8d94-2d66-484f-43ea602335f9,84.75,1410,1593,0,0,73879,35
2026/07/20 13:05:05.006,0,GPU-e2681f6e-8d94-2d66-484f-43ea602335f9,84.43,1410,1593,0,0,73879,35
2026/07/20 13:05:05.256,0,GPU-e2681f6e-8d94-2d66-484f-43ea602335f9,84.75,1410,1593,0,0,73879,35
2026/07/20 13:05:05.507,0,GPU-e2681f6e-8d94-2d66-484f-43ea602335f9,84.75,1410,1593,0,0,73879,35
2026/07/20 13:05:05.757,0,GPU-e2681f6e-8d94-2d66-484f-43ea602335f9,84.75,1410,1593,0,0,73879,35
2026/07/20 13:05:06.007,0,GPU-e2681f6e-8d94-2d66-484f-43ea602335f9,84.75,1410,1593,0,0,73879,35
2026/07/20 13:05:06.257,0,GPU-e2681f6e-8d94-2d66-484f-43ea602335f9,84.43,1410,1593,0,0,73879,35
2026/07/20 13:05:06.507,0,GPU-e2681f6e-8d94-2d66-484f-43ea602335f9,84.75,1410,1593,0,0,73879,35
2026/07/20 13:05:06.757,0,GPU-e2681f6e-8d94-2d66-484f-43ea602335f9,84.67,1410,1593,0,0,73879,35
2026/07/20 13:05:07.007,0,GPU-e2681f6e-8d94-2d66-484f-43ea602335f9,84.75,1410,1593,0,0,73879,35
2026/07/20 13:05:07.257,0,GPU-e2681f6e-8d94-2d66-484f-43ea602335f9,84.67,1410,1593,0,0,73879,35
2026/07/20 13:05:07.507,0,GPU-e2681f6e-8d94-2d66-484f-43ea602335f9,84.75,1410,1593,0,0,73879,35
2026/07/20 13:05:07.757,0,GPU-e2681f6e-8d94-2d66-484f-43ea602335f9,84.75,1410,1593,0,0,73879,35
2026/07/20 13:05:08.007,0,GPU-e2681f6e-8d94-2d66-484f-43ea602335f9,84.43,1410,1593,0,0,73879,35
2026/07/20 13:05:08.257,0,GPU-e2681f6e-8d94-2d66-484f-43ea602335f9,84.75,1410,1593,0,0,73879,35
2026/07/20 13:05:08.507,0,GPU-e2681f6e-8d94-2d66-484f-43ea602335f9,84.75,1410,1593,0,0,73879,35
2026/07/20 13:05:08.758,0,GPU-e2681f6e-8d94-2d66-484f-43ea602335f9,84.75,1410,1593,0,0,73879,35
2026/07/20 13:05:09.008,0,GPU-e2681f6e-8d94-2d66-484f-43ea602335f9,84.75,1410,1593,0,0,73879,35
2026/07/20 13:05:09.258,0,GPU-e2681f6e-8d94-2d66-484f-43ea602335f9,84.67,1410,1593,0,0,73879,35
2026/07/20 13:05:09.508,0,GPU-e2681f6e-8d94-2d66-484f-43ea602335f9,84.43,1410,1593,0,0,73879,35
2026/07/20 13:05:09.758,0,GPU-e2681f6e-8d94-2d66-484f-43ea602335f9,84.34,1410,1593,0,0,73879,35
2026/07/20 13:05:10.008,0,GPU-e2681f6e-8d94-2d66-484f-43ea602335f9,84.75,1410,1593,0,0,73879,35
2026/07/20 13:05:10.258,0,GPU-e2681f6e-8d94-2d66-484f-43ea602335f9,84.75,1410,1593,0,0,73879,35
2026/07/20 13:05:10.508,0,GPU-e2681f6e-8d94-2d66-484f-43ea602335f9,84.75,1410,1593,0,0,73879,35
2026/07/20 13:05:10.758,0,GPU-e2681f6e-8d94-2d66-484f-43ea602335f9,84.75,1410,1593,0,0,73879,35
2026/07/20 13:05:11.008,0,GPU-e2681f6e-8d94-2d66-484f-43ea602335f9,84.75,1410,1593,0,0,73879,35
2026/07/20 13:05:11.258,0,GPU-e2681f6e-8d94-2d66-484f-43ea602335f9,84.75,1410,1593,0,0,73879,35
2026/07/20 13:05:11.508,0,GPU-e2681f6e-8d94-2d66-484f-43ea602335f9,84.67,1410,1593,0,0,73879,35
2026/07/20 13:05:11.759,0,GPU-e2681f6e-8d94-2d66-484f-43ea602335f9,84.67,1410,1593,0,0,73879,35
2026/07/20 13:05:12.009,0,GPU-e2681f6e-8d94-2d66-484f-43ea602335f9,84.43,1410,1593,0,0,73879,35
2026/07/20 13:05:12.259,0,GPU-e2681f6e-8d94-2d66-484f-43ea602335f9,84.75,1410,1593,0,0,73879,35
2026/07/20 13:05:12.509,0,GPU-e2681f6e-8d94-2d66-484f-43ea602335f9,84.75,1410,1593,0,0,73879,35
2026/07/20 13:05:12.759,0,GPU-e2681f6e-8d94-2d66-484f-43ea602335f9,84.67,1410,1593,0,0,73879,35
2026/07/20 13:05:13.009,0,GPU-e2681f6e-8d94-2d66-484f-43ea602335f9,84.75,1410,1593,0,0,73879,35
2026/07/20 13:05:13.259,0,GPU-e2681f6e-8d94-2d66-484f-43ea602335f9,84.75,1410,1593,0,0,73879,35
2026/07/20 13:05:13.509,0,GPU-e2681f6e-8d94-2d66-484f-43ea602335f9,84.75,1410,1593,0,0,73879,35
2026/07/20 13:05:13.759,0,GPU-e2681f6e-8d94-2d66-484f-43ea602335f9,84.67,1410,1593,0,0,73879,35
2026/07/20 13:05:14.009,0,GPU-e2681f6e-8d94-2d66-484f-43ea602335f9,84.43,1410,1593,0,0,73879,35
2026/07/20 13:05:14.259,0,GPU-e2681f6e-8d94-2d66-484f-43ea602335f9,84.34,1410,1593,0,0,73879,35
2026/07/20 13:05:14.509,0,GPU-e2681f6e-8d94-2d66-484f-43ea602335f9,84.43,1410,1593,0,0,73879,35
2026/07/20 13:05:14.759,0,GPU-e2681f6e-8d94-2d66-484f-43ea602335f9,84.75,1410,1593,0,0,73879,35
2026/07/20 13:05:15.010,0,GPU-e2681f6e-8d94-2d66-484f-43ea602335f9,84.43,1410,1593,0,0,73879,35
2026/07/20 13:05:15.260,0,GPU-e2681f6e-8d94-2d66-484f-43ea602335f9,84.43,1410,1593,0,0,73879,35
2026/07/20 13:05:15.510,0,GPU-e2681f6e-8d94-2d66-484f-43ea602335f9,84.16,1410,1593,0,0,73879,35
2026/07/20 13:05:15.760,0,GPU-e2681f6e-8d94-2d66-484f-43ea602335f9,84.07,1410,1593,0,0,73879,35
2026/07/20 13:05:16.010,0,GPU-e2681f6e-8d94-2d66-484f-43ea602335f9,84.07,1410,1593,0,0,73879,35
2026/07/20 13:05:16.260,0,GPU-e2681f6e-8d94-2d66-484f-43ea602335f9,84.07,1410,1593,0,0,73879,35
2026/07/20 13:05:16.510,0,GPU-e2681f6e-8d94-2d66-484f-43ea602335f9,84.07,1410,1593,0,0,73879,35
2026/07/20 13:05:16.760,0,GPU-e2681f6e-8d94-2d66-484f-43ea602335f9,84.16,1410,1593,0,0,73879,35
2026/07/20 13:05:17.010,0,GPU-e2681f6e-8d94-2d66-484f-43ea602335f9,84.07,1410,1593,0,0,73879,35
2026/07/20 13:05:17.260,0,GPU-e2681f6e-8d94-2d66-484f-43ea602335f9,84.07,1410,1593,0,0,73879,35
2026/07/20 13:05:17.510,0,GPU-e2681f6e-8d94-2d66-484f-43ea602335f9,84.07,1410,1593,0,0,73879,35
2026/07/20 13:05:17.760,0,GPU-e2681f6e-8d94-2d66-484f-43ea602335f9,84.16,1410,1593,0,0,73879,35
2026/07/20 13:05:18.011,0,GPU-e2681f6e-8d94-2d66-484f-43ea602335f9,84.16,1410,1593,0,0,73879,35
2026/07/20 13:05:18.261,0,GPU-e2681f6e-8d94-2d66-484f-43ea602335f9,84.16,1410,1593,0,0,73879,35
2026/07/20 13:05:18.511,0,GPU-e2681f6e-8d94-2d66-484f-43ea602335f9,84.07,1410,1593,0,0,73879,35
2026/07/20 13:05:18.761,0,GPU-e2681f6e-8d94-2d66-484f-43ea602335f9,84.34,1410,1593,0,0,73879,35
2026/07/20 13:05:19.011,0,GPU-e2681f6e-8d94-2d66-484f-43ea602335f9,84.16,1410,1593,0,0,73879,35
2026/07/20 13:05:19.261,0,GPU-e2681f6e-8d94-2d66-484f-43ea602335f9,84.43,1410,1593,0,0,73879,35
2026/07/20 13:05:19.511,0,GPU-e2681f6e-8d94-2d66-484f-43ea602335f9,84.16,1410,1593,0,0,73879,35
2026/07/20 13:05:19.761,0,GPU-e2681f6e-8d94-2d66-484f-43ea602335f9,84.16,1410,1593,0,0,73879,35
2026/07/20 13:05:20.011,0,GPU-e2681f6e-8d94-2d66-484f-43ea602335f9,84.16,1410,1593,0,0,73879,35
2026/07/20 13:05:20.261,0,GPU-e2681f6e-8d94-2d66-484f-43ea602335f9,84.16,1410,1593,0,0,73879,35
2026/07/20 13:05:20.511,0,GPU-e2681f6e-8d94-2d66-484f-43ea602335f9,84.07,1410,1593,0,0,73879,35
2026/07/20 13:05:20.761,0,GPU-e2681f6e-8d94-2d66-484f-43ea602335f9,84.16,1410,1593,0,0,73879,35
2026/07/20 13:05:21.012,0,GPU-e2681f6e-8d94-2d66-484f-43ea602335f9,84.07,1410,1593,0,0,73879,35
2026/07/20 13:05:21.262,0,GPU-e2681f6e-8d94-2d66-484f-43ea602335f9,84.16,1410,1593,0,0,73879,35
2026/07/20 13:05:21.512,0,GPU-e2681f6e-8d94-2d66-484f-43ea602335f9,84.07,1410,1593,0,0,73879,35
2026/07/20 13:05:21.762,0,GPU-e2681f6e-8d94-2d66-484f-43ea602335f9,84.16,1410,1593,0,0,73879,35
2026/07/20 13:05:22.012,0,GPU-e2681f6e-8d94-2d66-484f-43ea602335f9,84.07,1410,1593,0,0,73879,35
2026/07/20 13:05:22.262,0,GPU-e2681f6e-8d94-2d66-484f-43ea602335f9,84.16,1410,1593,0,0,73879,35
2026/07/20 13:05:22.512,0,GPU-e2681f6e-8d94-2d66-484f-43ea602335f9,84.07,1410,1593,0,0,73879,35
2026/07/20 13:05:22.762,0,GPU-e2681f6e-8d94-2d66-484f-43ea602335f9,84.16,1410,1593,0,0,73879,35
2026/07/20 13:05:23.012,0,GPU-e2681f6e-8d94-2d66-484f-43ea602335f9,84.16,1410,1593,0,0,73879,35
2026/07/20 13:05:23.262,0,GPU-e2681f6e-8d94-2d66-484f-43ea602335f9,84.16,1410,1593,0,0,73879,35
2026/07/20 13:05:23.512,0,GPU-e2681f6e-8d94-2d66-484f-43ea602335f9,84.07,1410,1593,0,0,73879,35
2026/07/20 13:05:23.762,0,GPU-e2681f6e-8d94-2d66-484f-43ea602335f9,84.16,1410,1593,0,0,73879,35
2026/07/20 13:05:24.013,0,GPU-e2681f6e-8d94-2d66-484f-43ea602335f9,84.24,1410,1593,0,0,73879,35
2026/07/20 13:05:24.263,0,GPU-e2681f6e-8d94-2d66-484f-43ea602335f9,84.16,1410,1593,0,0,73879,35
2026/07/20 13:05:24.513,0,GPU-e2681f6e-8d94-2d66-484f-43ea602335f9,84.16,1410,1593,0,0,73879,35
2026/07/20 13:05:24.763,0,GPU-e2681f6e-8d94-2d66-484f-43ea602335f9,84.16,1410,1593,0,0,73879,35
2026/07/20 13:05:25.013,0,GPU-e2681f6e-8d94-2d66-484f-43ea602335f9,84.43,1410,1593,0,0,73879,35
2026/07/20 13:05:25.263,0,GPU-e2681f6e-8d94-2d66-484f-43ea602335f9,84.43,1410,1593,0,0,73879,35
2026/07/20 13:05:25.513,0,GPU-e2681f6e-8d94-2d66-484f-43ea602335f9,84.16,1410,1593,0,0,73879,35
2026/07/20 13:05:25.763,0,GPU-e2681f6e-8d94-2d66-484f-43ea602335f9,84.07,1410,1593,0,0,73879,35
2026/07/20 13:05:26.013,0,GPU-e2681f6e-8d94-2d66-484f-43ea602335f9,84.16,1410,1593,0,0,73879,35
2026/07/20 13:05:26.263,0,GPU-e2681f6e-8d94-2d66-484f-43ea602335f9,84.16,1410,1593,0,0,73879,35
2026/07/20 13:05:26.513,0,GPU-e2681f6e-8d94-2d66-484f-43ea602335f9,84.07,1410,1593,0,0,73879,35
2026/07/20 13:05:26.763,0,GPU-e2681f6e-8d94-2d66-484f-43ea602335f9,84.16,1410,1593,0,0,73879,35
2026/07/20 13:05:27.013,0,GPU-e2681f6e-8d94-2d66-484f-43ea602335f9,84.07,1410,1593,0,0,73879,35
2026/07/20 13:05:27.263,0,GPU-e2681f6e-8d94-2d66-484f-43ea602335f9,84.16,1410,1593,0,0,73879,35
2026/07/20 13:05:27.514,0,GPU-e2681f6e-8d94-2d66-484f-43ea602335f9,84.16,1410,1593,0,0,73879,35
2026/07/20 13:05:27.764,0,GPU-e2681f6e-8d94-2d66-484f-43ea602335f9,84.07,1410,1593,0,0,73879,35
2026/07/20 13:05:28.014,0,GPU-e2681f6e-8d94-2d66-484f-43ea602335f9,84.16,1410,1593,0,0,73879,35
2026/07/20 13:05:28.264,0,GPU-e2681f6e-8d94-2d66-484f-43ea602335f9,84.16,1410,1593,0,0,73879,35
2026/07/20 13:05:28.514,0,GPU-e2681f6e-8d94-2d66-484f-43ea602335f9,84.16,1410,1593,0,0,73879,35
2026/07/20 13:05:28.764,0,GPU-e2681f6e-8d94-2d66-484f-43ea602335f9,84.16,1410,1593,0,0,73879,35
2026/07/20 13:05:29.014,0,GPU-e2681f6e-8d94-2d66-484f-43ea602335f9,84.07,1410,1593,0,0,73879,35
2026/07/20 13:05:29.264,0,GPU-e2681f6e-8d94-2d66-484f-43ea602335f9,84.16,1410,1593,0,0,73879,35
2026/07/20 13:05:29.514,0,GPU-e2681f6e-8d94-2d66-484f-43ea602335f9,84.07,1410,1593,0,0,73879,35
2026/07/20 13:05:29.764,0,GPU-e2681f6e-8d94-2d66-484f-43ea602335f9,84.07,1410,1593,0,0,73879,35
2026/07/20 13:05:30.014,0,GPU-e2681f6e-8d94-2d66-484f-43ea602335f9,84.16,1410,1593,0,0,73879,35
2026/07/20 13:05:30.264,0,GPU-e2681f6e-8d94-2d66-484f-43ea602335f9,84.16,1410,1593,0,0,73879,35
2026/07/20 13:05:30.515,0,GPU-e2681f6e-8d94-2d66-484f-43ea602335f9,84.16,1410,1593,0,0,73879,35
2026/07/20 13:05:30.765,0,GPU-e2681f6e-8d94-2d66-484f-43ea602335f9,84.16,1410,1593,0,0,73879,35
2026/07/20 13:05:31.015,0,GPU-e2681f6e-8d94-2d66-484f-43ea602335f9,84.07,1410,1593,0,0,73879,35
2026/07/20 13:05:31.265,0,GPU-e2681f6e-8d94-2d66-484f-43ea602335f9,84.16,1410,1593,0,0,73879,35
2026/07/20 13:05:31.515,0,GPU-e2681f6e-8d94-2d66-484f-43ea602335f9,84.07,1410,1593,0,0,73879,35
2026/07/20 13:05:31.765,0,GPU-e2681f6e-8d94-2d66-484f-43ea602335f9,84.16,1410,1593,0,0,73879,35
2026/07/20 13:05:32.015,0,GPU-e2681f6e-8d94-2d66-484f-43ea602335f9,84.16,1410,1593,0,0,73879,35
2026/07/20 13:05:32.265,0,GPU-e2681f6e-8d94-2d66-484f-43ea602335f9,84.16,1410,1593,0,0,73879,35
2026/07/20 13:05:32.515,0,GPU-e2681f6e-8d94-2d66-484f-43ea602335f9,84.16,1410,1593,0,0,73879,35
2026/07/20 13:05:32.765,0,GPU-e2681f6e-8d94-2d66-484f-43ea602335f9,84.07,1410,1593,0,0,73879,35
2026/07/20 13:05:33.015,0,GPU-e2681f6e-8d94-2d66-484f-43ea602335f9,84.07,1410,1593,0,0,73879,35
2026/07/20 13:05:33.266,0,GPU-e2681f6e-8d94-2d66-484f-43ea602335f9,84.07,1410,1593,0,0,73879,35
2026/07/20 13:05:33.516,0,GPU-e2681f6e-8d94-2d66-484f-43ea602335f9,84.16,1410,1593,0,0,73879,35
2026/07/20 13:05:33.766,0,GPU-e2681f6e-8d94-2d66-484f-43ea602335f9,84.07,1410,1593,0,0,73879,35
2026/07/20 13:05:34.016,0,GPU-e2681f6e-8d94-2d66-484f-43ea602335f9,84.16,1410,1593,0,0,73879,35
2026/07/20 13:05:34.266,0,GPU-e2681f6e-8d94-2d66-484f-43ea602335f9,84.16,1410,1593,0,0,73879,35
2026/07/20 13:05:34.516,0,GPU-e2681f6e-8d94-2d66-484f-43ea602335f9,84.16,1410,1593,0,0,73879,35
2026/07/20 13:05:34.766,0,GPU-e2681f6e-8d94-2d66-484f-43ea602335f9,84.16,1410,1593,0,0,73879,35
2026/07/20 13:05:35.016,0,GPU-e2681f6e-8d94-2d66-484f-43ea602335f9,84.07,1410,1593,0,0,73879,35
2026/07/20 13:05:35.266,0,GPU-e2681f6e-8d94-2d66-484f-43ea602335f9,84.16,1410,1593,0,0,73879,35
2026/07/20 13:05:35.516,0,GPU-e2681f6e-8d94-2d66-484f-43ea602335f9,84.16,1410,1593,0,0,73879,35
2026/07/20 13:05:35.766,0,GPU-e2681f6e-8d94-2d66-484f-43ea602335f9,84.34,1410,1593,0,0,73879,35
2026/07/20 13:05:36.016,0,GPU-e2681f6e-8d94-2d66-484f-43ea602335f9,84.07,1410,1593,0,0,73879,35
2026/07/20 13:05:36.266,0,GPU-e2681f6e-8d94-2d66-484f-43ea602335f9,84.16,1410,1593,0,0,73879,35
2026/07/20 13:05:36.517,0,GPU-e2681f6e-8d94-2d66-484f-43ea602335f9,84.34,1410,1593,0,0,73879,35
2026/07/20 13:05:36.767,0,GPU-e2681f6e-8d94-2d66-484f-43ea602335f9,84.43,1410,1593,0,0,73879,35
2026/07/20 13:05:37.017,0,GPU-e2681f6e-8d94-2d66-484f-43ea602335f9,84.16,1410,1593,0,0,73879,35
2026/07/20 13:05:37.267,0,GPU-e2681f6e-8d94-2d66-484f-43ea602335f9,84.16,1410,1593,0,0,73879,35
2026/07/20 13:05:37.517,0,GPU-e2681f6e-8d94-2d66-484f-43ea602335f9,84.16,1410,1593,0,0,73879,35
2026/07/20 13:05:37.767,0,GPU-e2681f6e-8d94-2d66-484f-43ea602335f9,84.16,1410,1593,0,0,73879,35
2026/07/20 13:05:38.017,0,GPU-e2681f6e-8d94-2d66-484f-43ea602335f9,84.16,1410,1593,0,0,73879,35
2026/07/20 13:05:38.267,0,GPU-e2681f6e-8d94-2d66-484f-43ea602335f9,84.16,1410,1593,0,0,73879,35
2026/07/20 13:05:38.517,0,GPU-e2681f6e-8d94-2d66-484f-43ea602335f9,84.16,1410,1593,0,0,73879,35
2026/07/20 13:05:38.767,0,GPU-e2681f6e-8d94-2d66-484f-43ea602335f9,84.16,1410,1593,0,0,73879,35
2026/07/20 13:05:39.017,0,GPU-e2681f6e-8d94-2d66-484f-43ea602335f9,84.16,1410,1593,0,0,73879,35
2026/07/20 13:05:39.267,0,GPU-e2681f6e-8d94-2d66-484f-43ea602335f9,84.07,1410,1593,0,0,73879,35
2026/07/20 13:05:39.518,0,GPU-e2681f6e-8d94-2d66-484f-43ea602335f9,84.07,1410,1593,0,0,73879,35
2026/07/20 13:05:39.768,0,GPU-e2681f6e-8d94-2d66-484f-43ea602335f9,84.16,1410,1593,0,0,73879,35
2026/07/20 13:05:40.018,0,GPU-e2681f6e-8d94-2d66-484f-43ea602335f9,84.16,1410,1593,0,0,73879,35
2026/07/20 13:05:40.268,0,GPU-e2681f6e-8d94-2d66-484f-43ea602335f9,84.07,1410,1593,0,0,73879,35
2026/07/20 13:05:40.518,0,GPU-e2681f6e-8d94-2d66-484f-43ea602335f9,84.16,1410,1593,0,0,73879,35
2026/07/20 13:05:40.768,0,GPU-e2681f6e-8d94-2d66-484f-43ea602335f9,84.16,1410,1593,0,0,73879,35
2026/07/20 13:05:41.018,0,GPU-e2681f6e-8d94-2d66-484f-43ea602335f9,84.16,1410,1593,0,0,73879,35
2026/07/20 13:05:41.268,0,GPU-e2681f6e-8d94-2d66-484f-43ea602335f9,84.16,1410,1593,0,0,73879,35
2026/07/20 13:05:41.518,0,GPU-e2681f6e-8d94-2d66-484f-43ea602335f9,84.16,1410,1593,0,0,73879,35
2026/07/20 13:05:41.768,0,GPU-e2681f6e-8d94-2d66-484f-43ea602335f9,84.07,1410,1593,0,0,73879,35
2026/07/20 13:05:42.018,0,GPU-e2681f6e-8d94-2d66-484f-43ea602335f9,84.07,1410,1593,0,0,73879,35
2026/07/20 13:05:42.268,0,GPU-e2681f6e-8d94-2d66-484f-43ea602335f9,84.16,1410,1593,0,0,73879,35
2026/07/20 13:05:42.519,0,GPU-e2681f6e-8d94-2d66-484f-43ea602335f9,84.16,1410,1593,0,0,73879,35
2026/07/20 13:05:42.769,0,GPU-e2681f6e-8d94-2d66-484f-43ea602335f9,84.16,1410,1593,0,0,73879,35
2026/07/20 13:05:43.019,0,GPU-e2681f6e-8d94-2d66-484f-43ea602335f9,84.16,1410,1593,0,0,73879,35
2026/07/20 13:05:43.269,0,GPU-e2681f6e-8d94-2d66-484f-43ea602335f9,84.07,1410,1593,0,0,73879,35
2026/07/20 13:05:43.519,0,GPU-e2681f6e-8d94-2d66-484f-43ea602335f9,84.16,1410,1593,0,0,73879,35
2026/07/20 13:05:43.769,0,GPU-e2681f6e-8d94-2d66-484f-43ea602335f9,84.16,1410,1593,0,0,73879,35
2026/07/20 13:05:44.019,0,GPU-e2681f6e-8d94-2d66-484f-43ea602335f9,84.07,1410,1593,0,0,73879,35
2026/07/20 13:05:44.269,0,GPU-e2681f6e-8d94-2d66-484f-43ea602335f9,84.16,1410,1593,0,0,73879,35
2026/07/20 13:05:44.522,0,GPU-e2681f6e-8d94-2d66-484f-43ea602335f9,84.16,1410,1593,0,0,73879,35
2026/07/20 13:05:44.773,0,GPU-e2681f6e-8d94-2d66-484f-43ea602335f9,84.16,1410,1593,0,0,73879,35
2026/07/20 13:05:45.023,0,GPU-e2681f6e-8d94-2d66-484f-43ea602335f9,84.43,1410,1593,0,0,73879,35
2026/07/20 13:05:45.273,0,GPU-e2681f6e-8d94-2d66-484f-43ea602335f9,84.07,1410,1593,0,0,73879,35
2026/07/20 13:05:45.523,0,GPU-e2681f6e-8d94-2d66-484f-43ea602335f9,84.16,1410,1593,0,0,73879,35
2026/07/20 13:05:45.773,0,GPU-e2681f6e-8d94-2d66-484f-43ea602335f9,84.07,1410,1593,0,0,73879,35
2026/07/20 13:05:46.023,0,GPU-e2681f6e-8d94-2d66-484f-43ea602335f9,84.16,1410,1593,0,0,73879,35
2026/07/20 13:05:46.273,0,GPU-e2681f6e-8d94-2d66-484f-43ea602335f9,84.07,1410,1593,0,0,73879,35
2026/07/20 13:05:46.523,0,GPU-e2681f6e-8d94-2d66-484f-43ea602335f9,84.16,1410,1593,0,0,73879,35
2026/07/20 13:05:46.773,0,GPU-e2681f6e-8d94-2d66-484f-43ea602335f9,84.16,1410,1593,0,0,73879,35
2026/07/20 13:05:47.023,0,GPU-e2681f6e-8d94-2d66-484f-43ea602335f9,84.16,1410,1593,0,0,73879,35
2026/07/20 13:05:47.273,0,GPU-e2681f6e-8d94-2d66-484f-43ea602335f9,84.16,1410,1593,0,0,73879,35
2026/07/20 13:05:47.523,0,GPU-e2681f6e-8d94-2d66-484f-43ea602335f9,84.43,1410,1593,0,0,73879,35
2026/07/20 13:05:47.773,0,GPU-e2681f6e-8d94-2d66-484f-43ea602335f9,84.07,1410,1593,0,0,73879,35
2026/07/20 13:05:48.024,0,GPU-e2681f6e-8d94-2d66-484f-43ea602335f9,84.16,1410,1593,0,0,73879,35
2026/07/20 13:05:48.274,0,GPU-e2681f6e-8d94-2d66-484f-43ea602335f9,84.43,1410,1593,0,0,73879,35
2026/07/20 13:05:48.524,0,GPU-e2681f6e-8d94-2d66-484f-43ea602335f9,84.16,1410,1593,0,0,73879,35
2026/07/20 13:05:48.774,0,GPU-e2681f6e-8d94-2d66-484f-43ea602335f9,84.16,1410,1593,0,0,73879,35
2026/07/20 13:05:49.024,0,GPU-e2681f6e-8d94-2d66-484f-43ea602335f9,84.07,1410,1593,0,0,73879,35
2026/07/20 13:05:49.274,0,GPU-e2681f6e-8d94-2d66-484f-43ea602335f9,84.07,1410,1593,0,0,73879,35
2026/07/20 13:05:49.524,0,GPU-e2681f6e-8d94-2d66-484f-43ea602335f9,84.43,1410,1593,0,0,73879,35
2026/07/20 13:05:49.774,0,GPU-e2681f6e-8d94-2d66-484f-43ea602335f9,84.16,1410,1593,0,0,73879,35
2026/07/20 13:05:50.024,0,GPU-e2681f6e-8d94-2d66-484f-43ea602335f9,84.07,1410,1593,0,0,73879,35
2026/07/20 13:05:50.274,0,GPU-e2681f6e-8d94-2d66-484f-43ea602335f9,84.07,1410,1593,0,0,73879,35
2026/07/20 13:05:50.524,0,GPU-e2681f6e-8d94-2d66-484f-43ea602335f9,84.07,1410,1593,0,0,73879,35
2026/07/20 13:05:50.774,0,GPU-e2681f6e-8d94-2d66-484f-43ea602335f9,84.07,1410,1593,0,0,73879,35
2026/07/20 13:05:51.024,0,GPU-e2681f6e-8d94-2d66-484f-43ea602335f9,84.16,1410,1593,0,0,73879,35
2026/07/20 13:05:51.274,0,GPU-e2681f6e-8d94-2d66-484f-43ea602335f9,84.16,1410,1593,0,0,73879,35
2026/07/20 13:05:51.525,0,GPU-e2681f6e-8d94-2d66-484f-43ea602335f9,84.16,1410,1593,0,0,73879,35
2026/07/20 13:05:51.775,0,GPU-e2681f6e-8d94-2d66-484f-43ea602335f9,84.16,1410,1593,0,0,73879,35
2026/07/20 13:05:52.025,0,GPU-e2681f6e-8d94-2d66-484f-43ea602335f9,84.07,1410,1593,0,0,73879,35
2026/07/20 13:05:52.275,0,GPU-e2681f6e-8d94-2d66-484f-43ea602335f9,84.16,1410,1593,0,0,73879,35
2026/07/20 13:05:52.525,0,GPU-e2681f6e-8d94-2d66-484f-43ea602335f9,84.16,1410,1593,0,0,73879,35
2026/07/20 13:05:52.775,0,GPU-e2681f6e-8d94-2d66-484f-43ea602335f9,84.16,1410,1593,0,0,73879,35
2026/07/20 13:05:53.025,0,GPU-e2681f6e-8d94-2d66-484f-43ea602335f9,84.43,1410,1593,0,0,73879,35
2026/07/20 13:05:53.275,0,GPU-e2681f6e-8d94-2d66-484f-43ea602335f9,84.34,1410,1593,0,0,73879,35
2026/07/20 13:05:53.525,0,GPU-e2681f6e-8d94-2d66-484f-43ea602335f9,84.16,1410,1593,0,0,73879,35
2026/07/20 13:05:53.775,0,GPU-e2681f6e-8d94-2d66-484f-43ea602335f9,84.43,1410,1593,0,0,73879,35
2026/07/20 13:05:54.025,0,GPU-e2681f6e-8d94-2d66-484f-43ea602335f9,84.16,1410,1593,0,0,73879,35
2026/07/20 13:05:54.275,0,GPU-e2681f6e-8d94-2d66-484f-43ea602335f9,84.34,1410,1593,0,0,73879,35
2026/07/20 13:05:54.525,0,GPU-e2681f6e-8d94-2d66-484f-43ea602335f9,84.07,1410,1593,0,0,73879,35
2026/07/20 13:05:54.776,0,GPU-e2681f6e-8d94-2d66-484f-43ea602335f9,84.43,1410,1593,0,0,73879,35
2026/07/20 13:05:55.026,0,GPU-e2681f6e-8d94-2d66-484f-43ea602335f9,84.34,1410,1593,0,0,73879,35
2026/07/20 13:05:55.276,0,GPU-e2681f6e-8d94-2d66-484f-43ea602335f9,84.16,1410,1593,0,0,73879,35
2026/07/20 13:05:55.526,0,GPU-e2681f6e-8d94-2d66-484f-43ea602335f9,84.16,1410,1593,0,0,73879,35
2026/07/20 13:05:55.776,0,GPU-e2681f6e-8d94-2d66-484f-43ea602335f9,84.43,1410,1593,0,0,73879,35
2026/07/20 13:05:56.026,0,GPU-e2681f6e-8d94-2d66-484f-43ea602335f9,84.16,1410,1593,0,0,73879,35
2026/07/20 13:05:56.276,0,GPU-e2681f6e-8d94-2d66-484f-43ea602335f9,84.07,1410,1593,0,0,73879,35
2026/07/20 13:05:56.526,0,GPU-e2681f6e-8d94-2d66-484f-43ea602335f9,84.16,1410,1593,0,0,73879,35
2026/07/20 13:05:56.776,0,GPU-e2681f6e-8d94-2d66-484f-43ea602335f9,84.07,1410,1593,0,0,73879,35
2026/07/20 13:05:57.026,0,GPU-e2681f6e-8d94-2d66-484f-43ea602335f9,84.34,1410,1593,0,0,73879,35
2026/07/20 13:05:57.276,0,GPU-e2681f6e-8d94-2d66-484f-43ea602335f9,84.07,1410,1593,0,0,73879,35
2026/07/20 13:05:57.526,0,GPU-e2681f6e-8d94-2d66-484f-43ea602335f9,84.43,1410,1593,0,0,73879,35
2026/07/20 13:05:57.777,0,GPU-e2681f6e-8d94-2d66-484f-43ea602335f9,84.16,1410,1593,0,0,73879,35
2026/07/20 13:05:58.027,0,GPU-e2681f6e-8d94-2d66-484f-43ea602335f9,84.16,1410,1593,0,0,73879,35
2026/07/20 13:05:58.277,0,GPU-e2681f6e-8d94-2d66-484f-43ea602335f9,84.43,1410,1593,0,0,73879,35
2026/07/20 13:05:58.527,0,GPU-e2681f6e-8d94-2d66-484f-43ea602335f9,84.34,1410,1593,0,0,73879,35
2026/07/20 13:05:58.777,0,GPU-e2681f6e-8d94-2d66-484f-43ea602335f9,84.34,1410,1593,0,0,73879,35
2026/07/20 13:05:59.027,0,GPU-e2681f6e-8d94-2d66-484f-43ea602335f9,84.16,1410,1593,0,0,73879,34
2026/07/20 13:05:59.277,0,GPU-e2681f6e-8d94-2d66-484f-43ea602335f9,84.16,1410,1593,0,0,73879,35
2026/07/20 13:05:59.527,0,GPU-e2681f6e-8d94-2d66-484f-43ea602335f9,84.34,1410,1593,0,0,73879,35
2026/07/20 13:05:59.777,0,GPU-e2681f6e-8d94-2d66-484f-43ea602335f9,84.16,1410,1593,0,0,73879,34
2026/07/20 13:06:00.027,0,GPU-e2681f6e-8d94-2d66-484f-43ea602335f9,84.34,1410,1593,0,0,73879,34
2026/07/20 13:06:00.277,0,GPU-e2681f6e-8d94-2d66-484f-43ea602335f9,84.43,1410,1593,0,0,73879,35
2026/07/20 13:06:00.527,0,GPU-e2681f6e-8d94-2d66-484f-43ea602335f9,84.34,1410,1593,0,0,73879,35
2026/07/20 13:06:00.778,0,GPU-e2681f6e-8d94-2d66-484f-43ea602335f9,84.34,1410,1593,0,0,73879,34
2026/07/20 13:06:01.028,0,GPU-e2681f6e-8d94-2d66-484f-43ea602335f9,88.68,1410,1593,0,0,73879,35
2026/07/20 13:06:01.278,0,GPU-e2681f6e-8d94-2d66-484f-43ea602335f9,84.16,1410,1593,0,0,73879,35
2026/07/20 13:06:01.528,0,GPU-e2681f6e-8d94-2d66-484f-43ea602335f9,84.43,1410,1593,0,0,73879,35
2026/07/20 13:06:01.778,0,GPU-e2681f6e-8d94-2d66-484f-43ea602335f9,84.16,1410,1593,0,0,73879,35
2026/07/20 13:06:02.028,0,GPU-e2681f6e-8d94-2d66-484f-43ea602335f9,84.34,1410,1593,0,0,73879,35
2026/07/20 13:06:02.278,0,GPU-e2681f6e-8d94-2d66-484f-43ea602335f9,84.16,1410,1593,0,0,73879,35
2026/07/20 13:06:02.528,0,GPU-e2681f6e-8d94-2d66-484f-43ea602335f9,84.16,1410,1593,0,0,73879,35
2026/07/20 13:06:02.778,0,GPU-e2681f6e-8d94-2d66-484f-43ea602335f9,84.16,1410,1593,0,0,73879,35
2026/07/20 13:06:03.029,0,GPU-e2681f6e-8d94-2d66-484f-43ea602335f9,84.34,1410,1593,0,0,73879,35
2026/07/20 13:06:03.279,0,GPU-e2681f6e-8d94-2d66-484f-43ea602335f9,84.34,1410,1593,0,0,73879,35
2026/07/20 13:06:03.529,0,GPU-e2681f6e-8d94-2d66-484f-43ea602335f9,84.07,1410,1593,0,0,73879,35
2026/07/20 13:06:03.779,0,GPU-e2681f6e-8d94-2d66-484f-43ea602335f9,84.34,1410,1593,0,0,73879,35
2026/07/20 13:06:04.029,0,GPU-e2681f6e-8d94-2d66-484f-43ea602335f9,84.43,1410,1593,0,0,73879,34
2026/07/20 13:06:04.279,0,GPU-e2681f6e-8d94-2d66-484f-43ea602335f9,84.43,1410,1593,0,0,73879,35
2026/07/20 13:06:04.529,0,GPU-e2681f6e-8d94-2d66-484f-43ea602335f9,84.07,1410,1593,0,0,73879,34
2026/07/20 13:06:04.779,0,GPU-e2681f6e-8d94-2d66-484f-43ea602335f9,84.16,1410,1593,0,0,73879,34
2026/07/20 13:06:05.030,0,GPU-e2681f6e-8d94-2d66-484f-43ea602335f9,84.34,1410,1593,0,0,73879,34
2026/07/20 13:06:05.280,0,GPU-e2681f6e-8d94-2d66-484f-43ea602335f9,84.34,1410,1593,0,0,73879,35
2026/07/20 13:06:05.530,0,GPU-e2681f6e-8d94-2d66-484f-43ea602335f9,84.34,1410,1593,0,0,73879,35
2026/07/20 13:06:05.780,0,GPU-e2681f6e-8d94-2d66-484f-43ea602335f9,84.34,1410,1593,0,0,73879,34
2026/07/20 13:06:06.030,0,GPU-e2681f6e-8d94-2d66-484f-43ea602335f9,84.34,1410,1593,0,0,73879,35
2026/07/20 13:06:06.280,0,GPU-e2681f6e-8d94-2d66-484f-43ea602335f9,84.34,1410,1593,0,0,73879,35
2026/07/20 13:06:06.530,0,GPU-e2681f6e-8d94-2d66-484f-43ea602335f9,84.34,1410,1593,0,0,73879,35
2026/07/20 13:06:06.780,0,GPU-e2681f6e-8d94-2d66-484f-43ea602335f9,84.67,1410,1593,0,0,73879,35
2026/07/20 13:06:07.030,0,GPU-e2681f6e-8d94-2d66-484f-43ea602335f9,84.67,1410,1593,0,0,73879,35
2026/07/20 13:06:07.280,0,GPU-e2681f6e-8d94-2d66-484f-43ea602335f9,84.43,1410,1593,0,0,73879,35
2026/07/20 13:06:07.530,0,GPU-e2681f6e-8d94-2d66-484f-43ea602335f9,84.34,1410,1593,0,0,73879,35
2026/07/20 13:06:07.780,0,GPU-e2681f6e-8d94-2d66-484f-43ea602335f9,84.34,1410,1593,0,0,73879,35
2026/07/20 13:06:08.030,0,GPU-e2681f6e-8d94-2d66-484f-43ea602335f9,84.34,1410,1593,0,0,73879,35
2026/07/20 13:06:08.281,0,GPU-e2681f6e-8d94-2d66-484f-43ea602335f9,84.43,1410,1593,0,0,73879,34
2026/07/20 13:06:08.531,0,GPU-e2681f6e-8d94-2d66-484f-43ea602335f9,84.34,1410,1593,0,0,73879,35
2026/07/20 13:06:08.781,0,GPU-e2681f6e-8d94-2d66-484f-43ea602335f9,84.43,1410,1593,0,0,73879,35
2026/07/20 13:06:09.035,0,GPU-e2681f6e-8d94-2d66-484f-43ea602335f9,84.07,1410,1593,0,0,73879,34
2026/07/20 13:06:09.288,0,GPU-e2681f6e-8d94-2d66-484f-43ea602335f9,84.51,1410,1593,0,0,73879,34
2026/07/20 13:06:09.538,0,GPU-e2681f6e-8d94-2d66-484f-43ea602335f9,84.16,1410,1593,0,0,73879,35
2026/07/20 13:06:09.788,0,GPU-e2681f6e-8d94-2d66-484f-43ea602335f9,84.43,1410,1593,0,0,73879,35
2026/07/20 13:06:10.038,0,GPU-e2681f6e-8d94-2d66-484f-43ea602335f9,84.43,1410,1593,0,0,73879,35
2026/07/20 13:06:10.288,0,GPU-e2681f6e-8d94-2d66-484f-43ea602335f9,84.43,1410,1593,0,0,73879,34
2026/07/20 13:06:10.538,0,GPU-e2681f6e-8d94-2d66-484f-43ea602335f9,84.43,1410,1593,0,0,73879,34
2026/07/20 13:06:10.788,0,GPU-e2681f6e-8d94-2d66-484f-43ea602335f9,84.43,1410,1593,0,0,73879,35
2026/07/20 13:06:11.038,0,GPU-e2681f6e-8d94-2d66-484f-43ea602335f9,84.16,1410,1593,0,0,73879,34
2026/07/20 13:06:11.288,0,GPU-e2681f6e-8d94-2d66-484f-43ea602335f9,84.34,1410,1593,0,0,73879,34
2026/07/20 13:06:11.538,0,GPU-e2681f6e-8d94-2d66-484f-43ea602335f9,84.34,1410,1593,0,0,73879,34
2026/07/20 13:06:11.788,0,GPU-e2681f6e-8d94-2d66-484f-43ea602335f9,84.43,1410,1593,0,0,73879,35
2026/07/20 13:06:12.038,0,GPU-e2681f6e-8d94-2d66-484f-43ea602335f9,84.34,1410,1593,0,0,73879,35
2026/07/20 13:06:12.288,0,GPU-e2681f6e-8d94-2d66-484f-43ea602335f9,84.34,1410,1593,0,0,73879,34
2026/07/20 13:06:12.539,0,GPU-e2681f6e-8d94-2d66-484f-43ea602335f9,84.34,1410,1593,0,0,73879,34
2026/07/20 13:06:12.789,0,GPU-e2681f6e-8d94-2d66-484f-43ea602335f9,84.34,1410,1593,0,0,73879,35
2026/07/20 13:06:13.039,0,GPU-e2681f6e-8d94-2d66-484f-43ea602335f9,84.43,1410,1593,0,0,73879,34
2026/07/20 13:06:13.289,0,GPU-e2681f6e-8d94-2d66-484f-43ea602335f9,84.34,1410,1593,0,0,73879,35
2026/07/20 13:06:13.539,0,GPU-e2681f6e-8d94-2d66-484f-43ea602335f9,84.43,1410,1593,0,0,73879,34
2026/07/20 13:06:13.789,0,GPU-e2681f6e-8d94-2d66-484f-43ea602335f9,84.34,1410,1593,0,0,73879,34
2026/07/20 13:06:14.039,0,GPU-e2681f6e-8d94-2d66-484f-43ea602335f9,84.43,1410,1593,0,0,73879,34
2026/07/20 13:06:14.289,0,GPU-e2681f6e-8d94-2d66-484f-43ea602335f9,84.34,1410,1593,0,0,73879,35
2026/07/20 13:06:14.539,0,GPU-e2681f6e-8d94-2d66-484f-43ea602335f9,84.43,1410,1593,0,0,73879,35
2026/07/20 13:06:14.789,0,GPU-e2681f6e-8d94-2d66-484f-43ea602335f9,84.34,1410,1593,0,0,73879,34
2026/07/20 13:06:15.039,0,GPU-e2681f6e-8d94-2d66-484f-43ea602335f9,84.43,1410,1593,0,0,73879,34
2026/07/20 13:06:15.289,0,GPU-e2681f6e-8d94-2d66-484f-43ea602335f9,84.43,1410,1593,0,0,73879,34
2026/07/20 13:06:15.540,0,GPU-e2681f6e-8d94-2d66-484f-43ea602335f9,84.34,1410,1593,0,0,73879,35
2026/07/20 13:06:15.790,0,GPU-e2681f6e-8d94-2d66-484f-43ea602335f9,84.34,1410,1593,0,0,73879,34
2026/07/20 13:06:16.040,0,GPU-e2681f6e-8d94-2d66-484f-43ea602335f9,84.34,1410,1593,0,0,73879,34
2026/07/20 13:06:16.290,0,GPU-e2681f6e-8d94-2d66-484f-43ea602335f9,84.43,1410,1593,0,0,73879,34
2026/07/20 13:06:16.540,0,GPU-e2681f6e-8d94-2d66-484f-43ea602335f9,84.43,1410,1593,0,0,73879,34
2026/07/20 13:06:16.790,0,GPU-e2681f6e-8d94-2d66-484f-43ea602335f9,84.43,1410,1593,0,0,73879,35
2026/07/20 13:06:17.040,0,GPU-e2681f6e-8d94-2d66-484f-43ea602335f9,84.34,1410,1593,0,0,73879,34
2026/07/20 13:06:17.290,0,GPU-e2681f6e-8d94-2d66-484f-43ea602335f9,84.43,1410,1593,0,0,73879,34
2026/07/20 13:06:17.540,0,GPU-e2681f6e-8d94-2d66-484f-43ea602335f9,84.34,1410,1593,0,0,73879,35
2026/07/20 13:06:17.790,0,GPU-e2681f6e-8d94-2d66-484f-43ea602335f9,84.34,1410,1593,0,0,73879,34
2026/07/20 13:06:18.040,0,GPU-e2681f6e-8d94-2d66-484f-43ea602335f9,84.34,1410,1593,0,0,73879,34
2026/07/20 13:06:18.290,0,GPU-e2681f6e-8d94-2d66-484f-43ea602335f9,84.34,1410,1593,0,0,73879,34
2026/07/20 13:06:18.540,0,GPU-e2681f6e-8d94-2d66-484f-43ea602335f9,84.34,1410,1593,0,0,73879,34
2026/07/20 13:06:18.790,0,GPU-e2681f6e-8d94-2d66-484f-43ea602335f9,84.34,1410,1593,0,0,73879,35
2026/07/20 13:06:19.041,0,GPU-e2681f6e-8d94-2d66-484f-43ea602335f9,84.43,1410,1593,0,0,73879,34
2026/07/20 13:06:19.291,0,GPU-e2681f6e-8d94-2d66-484f-43ea602335f9,84.43,1410,1593,0,0,73879,35
2026/07/20 13:06:19.541,0,GPU-e2681f6e-8d94-2d66-484f-43ea602335f9,84.43,1410,1593,0,0,73879,34
2026/07/20 13:06:19.791,0,GPU-e2681f6e-8d94-2d66-484f-43ea602335f9,84.43,1410,1593,0,0,73879,35
2026/07/20 13:06:20.041,0,GPU-e2681f6e-8d94-2d66-484f-43ea602335f9,84.43,1410,1593,0,0,73879,35
2026/07/20 13:06:20.291,0,GPU-e2681f6e-8d94-2d66-484f-43ea602335f9,84.43,1410,1593,0,0,73879,34
2026/07/20 13:06:20.541,0,GPU-e2681f6e-8d94-2d66-484f-43ea602335f9,84.43,1410,1593,0,0,73879,35
2026/07/20 13:06:20.791,0,GPU-e2681f6e-8d94-2d66-484f-43ea602335f9,84.34,1410,1593,0,0,73879,35
2026/07/20 13:06:21.041,0,GPU-e2681f6e-8d94-2d66-484f-43ea602335f9,84.34,1410,1593,0,0,73879,35
2026/07/20 13:06:21.291,0,GPU-e2681f6e-8d94-2d66-484f-43ea602335f9,84.34,1410,1593,0,0,73879,35
2026/07/20 13:06:21.541,0,GPU-e2681f6e-8d94-2d66-484f-43ea602335f9,84.34,1410,1593,0,0,73879,35
2026/07/20 13:06:21.791,0,GPU-e2681f6e-8d94-2d66-484f-43ea602335f9,84.43,1410,1593,0,0,73879,35
2026/07/20 13:06:22.041,0,GPU-e2681f6e-8d94-2d66-484f-43ea602335f9,84.43,1410,1593,0,0,73879,35
2026/07/20 13:06:22.292,0,GPU-e2681f6e-8d94-2d66-484f-43ea602335f9,84.34,1410,1593,0,0,73879,35
2026/07/20 13:06:22.542,0,GPU-e2681f6e-8d94-2d66-484f-43ea602335f9,84.16,1410,1593,0,0,73879,35
2026/07/20 13:06:22.792,0,GPU-e2681f6e-8d94-2d66-484f-43ea602335f9,83.83,1410,1593,0,0,73879,34
2026/07/20 13:06:23.042,0,GPU-e2681f6e-8d94-2d66-484f-43ea602335f9,83.74,1410,1593,0,0,73879,35
2026/07/20 13:06:23.292,0,GPU-e2681f6e-8d94-2d66-484f-43ea602335f9,84.07,1410,1593,0,0,73879,35
2026/07/20 13:06:23.542,0,GPU-e2681f6e-8d94-2d66-484f-43ea602335f9,84.16,1410,1593,0,0,73879,34
2026/07/20 13:06:23.792,0,GPU-e2681f6e-8d94-2d66-484f-43ea602335f9,83.83,1410,1593,0,0,73879,35
2026/07/20 13:06:24.042,0,GPU-e2681f6e-8d94-2d66-484f-43ea602335f9,84.16,1410,1593,0,0,73879,35
2026/07/20 13:06:24.292,0,GPU-e2681f6e-8d94-2d66-484f-43ea602335f9,84.16,1410,1593,0,0,73879,35
2026/07/20 13:06:24.542,0,GPU-e2681f6e-8d94-2d66-484f-43ea602335f9,84.16,1410,1593,0,0,73879,35
2026/07/20 13:06:24.792,0,GPU-e2681f6e-8d94-2d66-484f-43ea602335f9,83.83,1410,1593,0,0,73879,35
2026/07/20 13:06:25.042,0,GPU-e2681f6e-8d94-2d66-484f-43ea602335f9,83.83,1410,1593,0,0,73879,35
2026/07/20 13:06:25.293,0,GPU-e2681f6e-8d94-2d66-484f-43ea602335f9,84.07,1410,1593,0,0,73879,35
2026/07/20 13:06:25.543,0,GPU-e2681f6e-8d94-2d66-484f-43ea602335f9,84.07,1410,1593,0,0,73879,35
2026/07/20 13:06:25.793,0,GPU-e2681f6e-8d94-2d66-484f-43ea602335f9,83.83,1410,1593,0,0,73879,35
2026/07/20 13:06:26.043,0,GPU-e2681f6e-8d94-2d66-484f-43ea602335f9,84.07,1410,1593,0,0,73879,34
2026/07/20 13:06:26.293,0,GPU-e2681f6e-8d94-2d66-484f-43ea602335f9,84.07,1410,1593,0,0,73879,35
2026/07/20 13:06:26.543,0,GPU-e2681f6e-8d94-2d66-484f-43ea602335f9,84.07,1410,1593,0,0,73879,35
2026/07/20 13:06:26.793,0,GPU-e2681f6e-8d94-2d66-484f-43ea602335f9,84.16,1410,1593,0,0,73879,35
2026/07/20 13:06:27.048,0,GPU-e2681f6e-8d94-2d66-484f-43ea602335f9,83.83,1410,1593,0,0,73879,35
2026/07/20 13:06:27.302,0,GPU-e2681f6e-8d94-2d66-484f-43ea602335f9,84.16,1410,1593,0,0,73879,35
2026/07/20 13:06:27.552,0,GPU-e2681f6e-8d94-2d66-484f-43ea602335f9,84.16,1410,1593,0,0,73879,35
2026/07/20 13:06:27.802,0,GPU-e2681f6e-8d94-2d66-484f-43ea602335f9,84.07,1410,1593,0,0,73879,35
2026/07/20 13:06:28.052,0,GPU-e2681f6e-8d94-2d66-484f-43ea602335f9,84.07,1410,1593,0,0,73879,35
2026/07/20 13:06:28.302,0,GPU-e2681f6e-8d94-2d66-484f-43ea602335f9,84.07,1410,1593,0,0,73879,35
2026/07/20 13:06:28.552,0,GPU-e2681f6e-8d94-2d66-484f-43ea602335f9,84.07,1410,1593,0,0,73879,35
2026/07/20 13:06:28.802,0,GPU-e2681f6e-8d94-2d66-484f-43ea602335f9,83.83,1410,1593,0,0,73879,35
2026/07/20 13:06:29.052,0,GPU-e2681f6e-8d94-2d66-484f-43ea602335f9,84.16,1410,1593,0,0,73879,35
2026/07/20 13:06:29.303,0,GPU-e2681f6e-8d94-2d66-484f-43ea602335f9,84.07,1410,1593,0,0,73879,35
2026/07/20 13:06:29.553,0,GPU-e2681f6e-8d94-2d66-484f-43ea602335f9,84.16,1410,1593,0,0,73879,35
2026/07/20 13:06:29.803,0,GPU-e2681f6e-8d94-2d66-484f-43ea602335f9,84.07,1410,1593,0,0,73879,35
2026/07/20 13:06:30.053,0,GPU-e2681f6e-8d94-2d66-484f-43ea602335f9,84.07,1410,1593,0,0,73879,35
2026/07/20 13:06:30.303,0,GPU-e2681f6e-8d94-2d66-484f-43ea602335f9,84.16,1410,1593,0,0,73879,35
2026/07/20 13:06:30.553,0,GPU-e2681f6e-8d94-2d66-484f-43ea602335f9,84.16,1410,1593,0,0,73879,35
2026/07/20 13:06:30.803,0,GPU-e2681f6e-8d94-2d66-484f-43ea602335f9,84.16,1410,1593,0,0,73879,35
2026/07/20 13:06:31.053,0,GPU-e2681f6e-8d94-2d66-484f-43ea602335f9,84.07,1410,1593,0,0,73879,35
2026/07/20 13:06:31.303,0,GPU-e2681f6e-8d94-2d66-484f-43ea602335f9,84.43,1410,1593,0,0,73879,35
2026/07/20 13:06:31.553,0,GPU-e2681f6e-8d94-2d66-484f-43ea602335f9,84.07,1410,1593,0,0,73879,35
2026/07/20 13:06:31.803,0,GPU-e2681f6e-8d94-2d66-484f-43ea602335f9,83.83,1410,1593,0,0,73879,35
2026/07/20 13:06:32.053,0,GPU-e2681f6e-8d94-2d66-484f-43ea602335f9,84.16,1410,1593,0,0,73879,35
2026/07/20 13:06:32.303,0,GPU-e2681f6e-8d94-2d66-484f-43ea602335f9,84.07,1410,1593,0,0,73879,35
2026/07/20 13:06:32.554,0,GPU-e2681f6e-8d94-2d66-484f-43ea602335f9,84.16,1410,1593,0,0,73879,35
2026/07/20 13:06:32.804,0,GPU-e2681f6e-8d94-2d66-484f-43ea602335f9,84.07,1410,1593,0,0,73879,35
2026/07/20 13:06:33.054,0,GPU-e2681f6e-8d94-2d66-484f-43ea602335f9,84.07,1410,1593,0,0,73879,35
2026/07/20 13:06:33.304,0,GPU-e2681f6e-8d94-2d66-484f-43ea602335f9,84.07,1410,1593,0,0,73879,35
2026/07/20 13:06:33.554,0,GPU-e2681f6e-8d94-2d66-484f-43ea602335f9,84.16,1410,1593,0,0,73879,35
2026/07/20 13:06:33.804,0,GPU-e2681f6e-8d94-2d66-484f-43ea602335f9,84.16,1410,1593,0,0,73879,35
2026/07/20 13:06:34.054,0,GPU-e2681f6e-8d94-2d66-484f-43ea602335f9,84.16,1410,1593,0,0,73879,35
2026/07/20 13:06:34.304,0,GPU-e2681f6e-8d94-2d66-484f-43ea602335f9,84.16,1410,1593,0,0,73879,35
2026/07/20 13:06:34.554,0,GPU-e2681f6e-8d94-2d66-484f-43ea602335f9,84.16,1410,1593,0,0,73879,35
2026/07/20 13:06:34.804,0,GPU-e2681f6e-8d94-2d66-484f-43ea602335f9,84.16,1410,1593,0,0,73879,35
2026/07/20 13:06:35.054,0,GPU-e2681f6e-8d94-2d66-484f-43ea602335f9,84.16,1410,1593,0,0,73879,35
2026/07/20 13:06:35.304,0,GPU-e2681f6e-8d94-2d66-484f-43ea602335f9,84.16,1410,1593,0,0,73879,35
2026/07/20 13:06:35.555,0,GPU-e2681f6e-8d94-2d66-484f-43ea602335f9,84.16,1410,1593,0,0,73879,35
2026/07/20 13:06:35.805,0,GPU-e2681f6e-8d94-2d66-484f-43ea602335f9,84.16,1410,1593,0,0,73879,35
2026/07/20 13:06:36.055,0,GPU-e2681f6e-8d94-2d66-484f-43ea602335f9,84.16,1410,1593,0,0,73879,35
2026/07/20 13:06:36.305,0,GPU-e2681f6e-8d94-2d66-484f-43ea602335f9,84.16,1410,1593,0,0,73879,35
2026/07/20 13:06:36.555,0,GPU-e2681f6e-8d94-2d66-484f-43ea602335f9,84.43,1410,1593,0,0,73879,35
2026/07/20 13:06:36.805,0,GPU-e2681f6e-8d94-2d66-484f-43ea602335f9,84.24,1410,1593,0,0,73879,35
2026/07/20 13:06:37.055,0,GPU-e2681f6e-8d94-2d66-484f-43ea602335f9,84.24,1410,1593,0,0,73879,35
2026/07/20 13:06:37.305,0,GPU-e2681f6e-8d94-2d66-484f-43ea602335f9,84.43,1410,1593,0,0,73879,35
2026/07/20 13:06:37.555,0,GPU-e2681f6e-8d94-2d66-484f-43ea602335f9,84.43,1410,1593,0,0,73879,35
2026/07/20 13:06:37.805,0,GPU-e2681f6e-8d94-2d66-484f-43ea602335f9,84.16,1410,1593,0,0,73879,35
2026/07/20 13:06:38.055,0,GPU-e2681f6e-8d94-2d66-484f-43ea602335f9,84.24,1410,1593,0,0,73879,35
2026/07/20 13:06:38.306,0,GPU-e2681f6e-8d94-2d66-484f-43ea602335f9,84.16,1410,1593,0,0,73879,35
2026/07/20 13:06:38.556,0,GPU-e2681f6e-8d94-2d66-484f-43ea602335f9,84.07,1410,1593,0,0,73879,35
2026/07/20 13:06:38.806,0,GPU-e2681f6e-8d94-2d66-484f-43ea602335f9,84.16,1410,1593,0,0,73879,35
2026/07/20 13:06:39.056,0,GPU-e2681f6e-8d94-2d66-484f-43ea602335f9,84.16,1410,1593,0,0,73879,35
2026/07/20 13:06:39.306,0,GPU-e2681f6e-8d94-2d66-484f-43ea602335f9,84.16,1410,1593,0,0,73879,35
2026/07/20 13:06:39.556,0,GPU-e2681f6e-8d94-2d66-484f-43ea602335f9,84.16,1410,1593,0,0,73879,35
2026/07/20 13:06:39.806,0,GPU-e2681f6e-8d94-2d66-484f-43ea602335f9,84.16,1410,1593,0,0,73879,35
2026/07/20 13:06:40.056,0,GPU-e2681f6e-8d94-2d66-484f-43ea602335f9,84.24,1410,1593,0,0,73879,35
2026/07/20 13:06:40.306,0,GPU-e2681f6e-8d94-2d66-484f-43ea602335f9,84.16,1410,1593,0,0,73879,35
2026/07/20 13:06:40.556,0,GPU-e2681f6e-8d94-2d66-484f-43ea602335f9,84.16,1410,1593,0,0,73879,35
2026/07/20 13:06:40.806,0,GPU-e2681f6e-8d94-2d66-484f-43ea602335f9,84.16,1410,1593,0,0,73879,35
2026/07/20 13:06:41.056,0,GPU-e2681f6e-8d94-2d66-484f-43ea602335f9,84.43,1410,1593,0,0,73879,35
2026/07/20 13:06:41.307,0,GPU-e2681f6e-8d94-2d66-484f-43ea602335f9,84.16,1410,1593,0,0,73879,35
2026/07/20 13:06:41.557,0,GPU-e2681f6e-8d94-2d66-484f-43ea602335f9,84.24,1410,1593,0,0,73879,35
2026/07/20 13:06:41.807,0,GPU-e2681f6e-8d94-2d66-484f-43ea602335f9,84.16,1410,1593,0,0,73879,35
2026/07/20 13:06:42.057,0,GPU-e2681f6e-8d94-2d66-484f-43ea602335f9,84.16,1410,1593,0,0,73879,35
2026/07/20 13:06:42.307,0,GPU-e2681f6e-8d94-2d66-484f-43ea602335f9,84.16,1410,1593,0,0,73879,35
2026/07/20 13:06:42.557,0,GPU-e2681f6e-8d94-2d66-484f-43ea602335f9,84.16,1410,1593,0,0,73879,35
2026/07/20 13:06:42.807,0,GPU-e2681f6e-8d94-2d66-484f-43ea602335f9,84.43,1410,1593,0,0,73879,35
2026/07/20 13:06:43.057,0,GPU-e2681f6e-8d94-2d66-484f-43ea602335f9,84.24,1410,1593,0,0,73879,35
2026/07/20 13:06:43.307,0,GPU-e2681f6e-8d94-2d66-484f-43ea602335f9,84.24,1410,1593,0,0,73879,35
2026/07/20 13:06:43.557,0,GPU-e2681f6e-8d94-2d66-484f-43ea602335f9,84.16,1410,1593,0,0,73879,35
2026/07/20 13:06:43.807,0,GPU-e2681f6e-8d94-2d66-484f-43ea602335f9,84.16,1410,1593,0,0,73879,35
2026/07/20 13:06:44.057,0,GPU-e2681f6e-8d94-2d66-484f-43ea602335f9,83.92,1410,1593,0,0,73879,35
2026/07/20 13:06:44.308,0,GPU-e2681f6e-8d94-2d66-484f-43ea602335f9,84.16,1410,1593,0,0,73879,35
2026/07/20 13:06:44.558,0,GPU-e2681f6e-8d94-2d66-484f-43ea602335f9,84.16,1410,1593,0,0,73879,35
2026/07/20 13:06:44.808,0,GPU-e2681f6e-8d94-2d66-484f-43ea602335f9,84.16,1410,1593,0,0,73879,35
2026/07/20 13:06:45.058,0,GPU-e2681f6e-8d94-2d66-484f-43ea602335f9,84.16,1410,1593,0,0,73879,35
2026/07/20 13:06:45.308,0,GPU-e2681f6e-8d94-2d66-484f-43ea602335f9,84.24,1410,1593,0,0,73879,35
2026/07/20 13:06:45.558,0,GPU-e2681f6e-8d94-2d66-484f-43ea602335f9,84.16,1410,1593,0,0,73879,35
2026/07/20 13:06:45.808,0,GPU-e2681f6e-8d94-2d66-484f-43ea602335f9,84.24,1410,1593,0,0,73879,35
2026/07/20 13:06:46.058,0,GPU-e2681f6e-8d94-2d66-484f-43ea602335f9,84.16,1410,1593,0,0,73879,35
2026/07/20 13:06:46.308,0,GPU-e2681f6e-8d94-2d66-484f-43ea602335f9,84.24,1410,1593,0,0,73879,35
2026/07/20 13:06:46.558,0,GPU-e2681f6e-8d94-2d66-484f-43ea602335f9,84.16,1410,1593,0,0,73879,35
2026/07/20 13:06:46.808,0,GPU-e2681f6e-8d94-2d66-484f-43ea602335f9,84.16,1410,1593,0,0,73879,35
2026/07/20 13:06:47.058,0,GPU-e2681f6e-8d94-2d66-484f-43ea602335f9,84.16,1410,1593,0,0,73879,35
2026/07/20 13:06:47.308,0,GPU-e2681f6e-8d94-2d66-484f-43ea602335f9,84.16,1410,1593,0,0,73879,35
2026/07/20 13:06:47.559,0,GPU-e2681f6e-8d94-2d66-484f-43ea602335f9,84.16,1410,1593,0,0,73879,35
2026/07/20 13:06:47.809,0,GPU-e2681f6e-8d94-2d66-484f-43ea602335f9,83.92,1410,1593,0,0,73879,35
2026/07/20 13:06:48.059,0,GPU-e2681f6e-8d94-2d66-484f-43ea602335f9,84.16,1410,1593,0,0,73879,35
2026/07/20 13:06:48.309,0,GPU-e2681f6e-8d94-2d66-484f-43ea602335f9,84.16,1410,1593,0,0,73879,35
2026/07/20 13:06:48.559,0,GPU-e2681f6e-8d94-2d66-484f-43ea602335f9,84.16,1410,1593,0,0,73879,35
2026/07/20 13:06:48.809,0,GPU-e2681f6e-8d94-2d66-484f-43ea602335f9,84.16,1410,1593,0,0,73879,35
2026/07/20 13:06:49.059,0,GPU-e2681f6e-8d94-2d66-484f-43ea602335f9,84.16,1410,1593,0,0,73879,35
2026/07/20 13:06:49.309,0,GPU-e2681f6e-8d94-2d66-484f-43ea602335f9,84.43,1410,1593,0,0,73879,35
2026/07/20 13:06:49.564,0,GPU-e2681f6e-8d94-2d66-484f-43ea602335f9,84.43,1410,1593,0,0,73879,35
2026/07/20 13:06:49.879,0,GPU-e2681f6e-8d94-2d66-484f-43ea602335f9,84.16,1410,1593,0,0,73879,35
2026/07/20 13:06:50.418,0,GPU-e2681f6e-8d94-2d66-484f-43ea602335f9,84.24,1410,1593,0,0,73879,35
2026/07/20 13:06:51.407,0,GPU-e2681f6e-8d94-2d66-484f-43ea602335f9,84.24,1410,1593,0,0,73879,35
2026/07/20 13:06:51.657,0,GPU-e2681f6e-8d94-2d66-484f-43ea602335f9,84.16,1410,1593,0,0,73879,35
2026/07/20 13:06:51.907,0,GPU-e2681f6e-8d94-2d66-484f-43ea602335f9,84.16,1410,1593,0,0,73879,35
2026/07/20 13:06:52.157,0,GPU-e2681f6e-8d94-2d66-484f-43ea602335f9,84.16,1410,1593,0,0,73879,35
2026/07/20 13:06:52.408,0,GPU-e2681f6e-8d94-2d66-484f-43ea602335f9,84.16,1410,1593,0,0,73879,35
2026/07/20 13:06:52.658,0,GPU-e2681f6e-8d94-2d66-484f-43ea602335f9,84.16,1410,1593,0,0,73879,35
2026/07/20 13:06:52.908,0,GPU-e2681f6e-8d94-2d66-484f-43ea602335f9,84.24,1410,1593,0,0,73879,35
2026/07/20 13:06:53.158,0,GPU-e2681f6e-8d94-2d66-484f-43ea602335f9,84.16,1410,1593,0,0,73879,35
2026/07/20 13:06:53.408,0,GPU-e2681f6e-8d94-2d66-484f-43ea602335f9,84.24,1410,1593,0,0,73879,35
2026/07/20 13:06:53.658,0,GPU-e2681f6e-8d94-2d66-484f-43ea602335f9,84.16,1410,1593,0,0,73879,35
2026/07/20 13:06:53.908,0,GPU-e2681f6e-8d94-2d66-484f-43ea602335f9,84.16,1410,1593,0,0,73879,35
2026/07/20 13:06:54.158,0,GPU-e2681f6e-8d94-2d66-484f-43ea602335f9,84.16,1410,1593,0,0,73879,35
2026/07/20 13:06:54.408,0,GPU-e2681f6e-8d94-2d66-484f-43ea602335f9,84.24,1410,1593,0,0,73879,35
2026/07/20 13:06:54.658,0,GPU-e2681f6e-8d94-2d66-484f-43ea602335f9,84.16,1410,1593,0,0,73879,35
2026/07/20 13:06:54.908,0,GPU-e2681f6e-8d94-2d66-484f-43ea602335f9,84.16,1410,1593,0,0,73879,35
2026/07/20 13:06:55.158,0,GPU-e2681f6e-8d94-2d66-484f-43ea602335f9,84.16,1410,1593,0,0,73879,35
2026/07/20 13:06:55.408,0,GPU-e2681f6e-8d94-2d66-484f-43ea602335f9,84.16,1410,1593,0,0,73879,35
2026/07/20 13:06:55.659,0,GPU-e2681f6e-8d94-2d66-484f-43ea602335f9,84.24,1410,1593,0,0,73879,35
2026/07/20 13:06:55.909,0,GPU-e2681f6e-8d94-2d66-484f-43ea602335f9,84.16,1410,1593,0,0,73879,35
2026/07/20 13:06:56.159,0,GPU-e2681f6e-8d94-2d66-484f-43ea602335f9,84.24,1410,1593,0,0,73879,35
2026/07/20 13:06:56.409,0,GPU-e2681f6e-8d94-2d66-484f-43ea602335f9,84.16,1410,1593,0,0,73879,35
2026/07/20 13:06:56.659,0,GPU-e2681f6e-8d94-2d66-484f-43ea602335f9,84.16,1410,1593,0,0,73879,35
2026/07/20 13:06:56.909,0,GPU-e2681f6e-8d94-2d66-484f-43ea602335f9,84.16,1410,1593,0,0,73879,35
2026/07/20 13:06:57.159,0,GPU-e2681f6e-8d94-2d66-484f-43ea602335f9,84.16,1410,1593,0,0,73879,35
2026/07/20 13:06:57.409,0,GPU-e2681f6e-8d94-2d66-484f-43ea602335f9,84.16,1410,1593,0,0,73879,35
2026/07/20 13:06:57.659,0,GPU-e2681f6e-8d94-2d66-484f-43ea602335f9,84.16,1410,1593,0,0,73879,35
2026/07/20 13:06:57.909,0,GPU-e2681f6e-8d94-2d66-484f-43ea602335f9,84.16,1410,1593,0,0,73879,35
2026/07/20 13:06:58.159,0,GPU-e2681f6e-8d94-2d66-484f-43ea602335f9,84.16,1410,1593,0,0,73879,35
2026/07/20 13:06:58.409,0,GPU-e2681f6e-8d94-2d66-484f-43ea602335f9,84.16,1410,1593,0,0,73879,35
2026/07/20 13:06:58.659,0,GPU-e2681f6e-8d94-2d66-484f-43ea602335f9,84.24,1410,1593,0,0,73879,35
2026/07/20 13:06:58.909,0,GPU-e2681f6e-8d94-2d66-484f-43ea602335f9,84.43,1410,1593,0,0,73879,35
2026/07/20 13:06:59.160,0,GPU-e2681f6e-8d94-2d66-484f-43ea602335f9,84.43,1410,1593,0,0,73879,35
2026/07/20 13:06:59.410,0,GPU-e2681f6e-8d94-2d66-484f-43ea602335f9,84.24,1410,1593,0,0,73879,35
2026/07/20 13:06:59.660,0,GPU-e2681f6e-8d94-2d66-484f-43ea602335f9,84.16,1410,1593,0,0,73879,35
2026/07/20 13:06:59.910,0,GPU-e2681f6e-8d94-2d66-484f-43ea602335f9,84.16,1410,1593,0,0,73879,35
2026/07/20 13:07:00.160,0,GPU-e2681f6e-8d94-2d66-484f-43ea602335f9,84.16,1410,1593,0,0,73879,35
2026/07/20 13:07:00.410,0,GPU-e2681f6e-8d94-2d66-484f-43ea602335f9,84.16,1410,1593,0,0,73879,35
2026/07/20 13:07:00.660,0,GPU-e2681f6e-8d94-2d66-484f-43ea602335f9,84.16,1410,1593,0,0,73879,35
2026/07/20 13:07:00.910,0,GPU-e2681f6e-8d94-2d66-484f-43ea602335f9,84.16,1410,1593,0,0,73879,35
2026/07/20 13:07:01.160,0,GPU-e2681f6e-8d94-2d66-484f-43ea602335f9,84.24,1410,1593,0,0,73879,35
2026/07/20 13:07:01.410,0,GPU-e2681f6e-8d94-2d66-484f-43ea602335f9,84.16,1410,1593,0,0,73879,35
2026/07/20 13:07:01.660,0,GPU-e2681f6e-8d94-2d66-484f-43ea602335f9,84.43,1410,1593,0,0,73879,35
2026/07/20 13:07:01.910,0,GPU-e2681f6e-8d94-2d66-484f-43ea602335f9,84.43,1410,1593,0,0,73879,35
2026/07/20 13:07:02.160,0,GPU-e2681f6e-8d94-2d66-484f-43ea602335f9,84.16,1410,1593,0,0,73879,35
2026/07/20 13:07:02.411,0,GPU-e2681f6e-8d94-2d66-484f-43ea602335f9,84.24,1410,1593,0,0,73879,35
2026/07/20 13:07:02.661,0,GPU-e2681f6e-8d94-2d66-484f-43ea602335f9,84.16,1410,1593,0,0,73879,35
2026/07/20 13:07:02.911,0,GPU-e2681f6e-8d94-2d66-484f-43ea602335f9,84.16,1410,1593,0,0,73879,35
2026/07/20 13:07:03.161,0,GPU-e2681f6e-8d94-2d66-484f-43ea602335f9,84.16,1410,1593,0,0,73879,34
2026/07/20 13:07:03.411,0,GPU-e2681f6e-8d94-2d66-484f-43ea602335f9,84.16,1410,1593,0,0,73879,35
2026/07/20 13:07:03.661,0,GPU-e2681f6e-8d94-2d66-484f-43ea602335f9,84.24,1410,1593,0,0,73879,35
2026/07/20 13:07:03.911,0,GPU-e2681f6e-8d94-2d66-484f-43ea602335f9,84.24,1410,1593,0,0,73879,35
2026/07/20 13:07:04.161,0,GPU-e2681f6e-8d94-2d66-484f-43ea602335f9,84.16,1410,1593,0,0,73879,35
2026/07/20 13:07:04.411,0,GPU-e2681f6e-8d94-2d66-484f-43ea602335f9,84.43,1410,1593,0,0,73879,35
2026/07/20 13:07:04.661,0,GPU-e2681f6e-8d94-2d66-484f-43ea602335f9,84.16,1410,1593,0,0,73879,35
2026/07/20 13:07:04.911,0,GPU-e2681f6e-8d94-2d66-484f-43ea602335f9,84.16,1410,1593,0,0,73879,35
2026/07/20 13:07:05.161,0,GPU-e2681f6e-8d94-2d66-484f-43ea602335f9,84.16,1410,1593,0,0,73879,34
2026/07/20 13:07:05.411,0,GPU-e2681f6e-8d94-2d66-484f-43ea602335f9,84.43,1410,1593,0,0,73879,34
2026/07/20 13:07:05.661,0,GPU-e2681f6e-8d94-2d66-484f-43ea602335f9,84.43,1410,1593,0,0,73879,34
2026/07/20 13:07:05.911,0,GPU-e2681f6e-8d94-2d66-484f-43ea602335f9,84.43,1410,1593,0,0,73879,35
2026/07/20 13:07:06.162,0,GPU-e2681f6e-8d94-2d66-484f-43ea602335f9,84.16,1410,1593,0,0,73879,34
2026/07/20 13:07:06.412,0,GPU-e2681f6e-8d94-2d66-484f-43ea602335f9,84.16,1410,1593,0,0,73879,34
2026/07/20 13:07:06.662,0,GPU-e2681f6e-8d94-2d66-484f-43ea602335f9,84.43,1410,1593,0,0,73879,35
2026/07/20 13:07:06.912,0,GPU-e2681f6e-8d94-2d66-484f-43ea602335f9,84.43,1410,1593,0,0,73879,34
2026/07/20 13:07:07.162,0,GPU-e2681f6e-8d94-2d66-484f-43ea602335f9,84.43,1410,1593,0,0,73879,35
2026/07/20 13:07:07.412,0,GPU-e2681f6e-8d94-2d66-484f-43ea602335f9,84.16,1410,1593,0,0,73879,34
2026/07/20 13:07:07.662,0,GPU-e2681f6e-8d94-2d66-484f-43ea602335f9,84.51,1410,1593,0,0,73879,34
2026/07/20 13:07:07.912,0,GPU-e2681f6e-8d94-2d66-484f-43ea602335f9,84.75,1410,1593,0,0,73879,35
2026/07/20 13:07:08.162,0,GPU-e2681f6e-8d94-2d66-484f-43ea602335f9,84.16,1410,1593,0,0,73879,35
2026/07/20 13:07:08.412,0,GPU-e2681f6e-8d94-2d66-484f-43ea602335f9,84.43,1410,1593,0,0,73879,34
2026/07/20 13:07:08.662,0,GPU-e2681f6e-8d94-2d66-484f-43ea602335f9,84.16,1410,1593,0,0,73879,35
2026/07/20 13:07:08.912,0,GPU-e2681f6e-8d94-2d66-484f-43ea602335f9,84.16,1410,1593,0,0,73879,34
2026/07/20 13:07:09.162,0,GPU-e2681f6e-8d94-2d66-484f-43ea602335f9,84.43,1410,1593,0,0,73879,35
2026/07/20 13:07:09.412,0,GPU-e2681f6e-8d94-2d66-484f-43ea602335f9,84.16,1410,1593,0,0,73879,35
2026/07/20 13:07:09.663,0,GPU-e2681f6e-8d94-2d66-484f-43ea602335f9,84.24,1410,1593,0,0,73879,35
2026/07/20 13:07:09.913,0,GPU-e2681f6e-8d94-2d66-484f-43ea602335f9,84.43,1410,1593,0,0,73879,35
2026/07/20 13:07:10.163,0,GPU-e2681f6e-8d94-2d66-484f-43ea602335f9,84.43,1410,1593,0,0,73879,35
2026/07/20 13:07:10.413,0,GPU-e2681f6e-8d94-2d66-484f-43ea602335f9,84.43,1410,1593,0,0,73879,34
2026/07/20 13:07:10.663,0,GPU-e2681f6e-8d94-2d66-484f-43ea602335f9,84.16,1410,1593,0,0,73879,35
2026/07/20 13:07:10.913,0,GPU-e2681f6e-8d94-2d66-484f-43ea602335f9,84.16,1410,1593,0,0,73879,35
2026/07/20 13:07:11.163,0,GPU-e2681f6e-8d94-2d66-484f-43ea602335f9,84.43,1410,1593,0,0,73879,35
2026/07/20 13:07:11.413,0,GPU-e2681f6e-8d94-2d66-484f-43ea602335f9,84.43,1410,1593,0,0,73879,34
2026/07/20 13:07:11.663,0,GPU-e2681f6e-8d94-2d66-484f-43ea602335f9,84.07,1410,1593,0,0,73879,35
2026/07/20 13:07:11.913,0,GPU-e2681f6e-8d94-2d66-484f-43ea602335f9,84.43,1410,1593,0,0,73879,35
2026/07/20 13:07:12.163,0,GPU-e2681f6e-8d94-2d66-484f-43ea602335f9,84.43,1410,1593,0,0,73879,34
2026/07/20 13:07:12.414,0,GPU-e2681f6e-8d94-2d66-484f-43ea602335f9,84.51,1410,1593,0,0,73879,34
2026/07/20 13:07:12.664,0,GPU-e2681f6e-8d94-2d66-484f-43ea602335f9,84.43,1410,1593,0,0,73879,35
2026/07/20 13:07:12.914,0,GPU-e2681f6e-8d94-2d66-484f-43ea602335f9,84.43,1410,1593,0,0,73879,34
2026/07/20 13:07:13.164,0,GPU-e2681f6e-8d94-2d66-484f-43ea602335f9,84.43,1410,1593,0,0,73879,34
2026/07/20 13:07:13.414,0,GPU-e2681f6e-8d94-2d66-484f-43ea602335f9,84.43,1410,1593,0,0,73879,34
2026/07/20 13:07:13.664,0,GPU-e2681f6e-8d94-2d66-484f-43ea602335f9,84.43,1410,1593,0,0,73879,34
2026/07/20 13:07:13.914,0,GPU-e2681f6e-8d94-2d66-484f-43ea602335f9,84.16,1410,1593,0,0,73879,35
2026/07/20 13:07:14.164,0,GPU-e2681f6e-8d94-2d66-484f-43ea602335f9,84.43,1410,1593,0,0,73879,34
2026/07/20 13:07:14.414,0,GPU-e2681f6e-8d94-2d66-484f-43ea602335f9,84.43,1410,1593,0,0,73879,35
2026/07/20 13:07:14.664,0,GPU-e2681f6e-8d94-2d66-484f-43ea602335f9,84.43,1410,1593,0,0,73879,35
2026/07/20 13:07:14.914,0,GPU-e2681f6e-8d94-2d66-484f-43ea602335f9,84.43,1410,1593,0,0,73879,35
2026/07/20 13:07:15.164,0,GPU-e2681f6e-8d94-2d66-484f-43ea602335f9,84.24,1410,1593,0,0,73879,35
2026/07/20 13:07:15.415,0,GPU-e2681f6e-8d94-2d66-484f-43ea602335f9,84.43,1410,1593,0,0,73879,35
2026/07/20 13:07:15.665,0,GPU-e2681f6e-8d94-2d66-484f-43ea602335f9,84.16,1410,1593,0,0,73879,35
2026/07/20 13:07:15.915,0,GPU-e2681f6e-8d94-2d66-484f-43ea602335f9,84.16,1410,1593,0,0,73879,35
2026/07/20 13:07:16.165,0,GPU-e2681f6e-8d94-2d66-484f-43ea602335f9,84.43,1410,1593,0,0,73879,35
2026/07/20 13:07:16.415,0,GPU-e2681f6e-8d94-2d66-484f-43ea602335f9,84.43,1410,1593,0,0,73879,35
2026/07/20 13:07:16.665,0,GPU-e2681f6e-8d94-2d66-484f-43ea602335f9,84.43,1410,1593,0,0,73879,35
2026/07/20 13:07:16.915,0,GPU-e2681f6e-8d94-2d66-484f-43ea602335f9,84.16,1410,1593,0,0,73879,34
2026/07/20 13:07:17.165,0,GPU-e2681f6e-8d94-2d66-484f-43ea602335f9,84.43,1410,1593,0,0,73879,34
2026/07/20 13:07:17.415,0,GPU-e2681f6e-8d94-2d66-484f-43ea602335f9,84.43,1410,1593,0,0,73879,35
2026/07/20 13:07:17.665,0,GPU-e2681f6e-8d94-2d66-484f-43ea602335f9,84.43,1410,1593,0,0,73879,34
2026/07/20 13:07:17.915,0,GPU-e2681f6e-8d94-2d66-484f-43ea602335f9,84.43,1410,1593,0,0,73879,35
2026/07/20 13:07:18.166,0,GPU-e2681f6e-8d94-2d66-484f-43ea602335f9,84.16,1410,1593,0,0,73879,34
2026/07/20 13:07:18.416,0,GPU-e2681f6e-8d94-2d66-484f-43ea602335f9,84.43,1410,1593,0,0,73879,34
2026/07/20 13:07:18.666,0,GPU-e2681f6e-8d94-2d66-484f-43ea602335f9,84.16,1410,1593,0,0,73879,35
2026/07/20 13:07:18.916,0,GPU-e2681f6e-8d94-2d66-484f-43ea602335f9,84.51,1410,1593,0,0,73879,34
2026/07/20 13:07:19.166,0,GPU-e2681f6e-8d94-2d66-484f-43ea602335f9,84.75,1410,1593,0,0,73879,35
2026/07/20 13:07:19.416,0,GPU-e2681f6e-8d94-2d66-484f-43ea602335f9,84.16,1410,1593,0,0,73879,34
2026/07/20 13:07:19.666,0,GPU-e2681f6e-8d94-2d66-484f-43ea602335f9,84.43,1410,1593,0,0,73879,35
2026/07/20 13:07:19.916,0,GPU-e2681f6e-8d94-2d66-484f-43ea602335f9,84.51,1410,1593,0,0,73879,35
2026/07/20 13:07:20.166,0,GPU-e2681f6e-8d94-2d66-484f-43ea602335f9,84.43,1410,1593,0,0,73879,35
2026/07/20 13:07:20.416,0,GPU-e2681f6e-8d94-2d66-484f-43ea602335f9,84.51,1410,1593,0,0,73879,34
2026/07/20 13:07:20.666,0,GPU-e2681f6e-8d94-2d66-484f-43ea602335f9,84.43,1410,1593,0,0,73879,35
2026/07/20 13:07:20.917,0,GPU-e2681f6e-8d94-2d66-484f-43ea602335f9,84.43,1410,1593,0,0,73879,35
2026/07/20 13:07:21.167,0,GPU-e2681f6e-8d94-2d66-484f-43ea602335f9,84.43,1410,1593,0,0,73879,35
2026/07/20 13:07:21.417,0,GPU-e2681f6e-8d94-2d66-484f-43ea602335f9,84.16,1410,1593,0,0,73879,35
2026/07/20 13:07:21.667,0,GPU-e2681f6e-8d94-2d66-484f-43ea602335f9,84.43,1410,1593,0,0,73879,34
2026/07/20 13:07:21.917,0,GPU-e2681f6e-8d94-2d66-484f-43ea602335f9,84.43,1410,1593,0,0,73879,35
2026/07/20 13:07:22.167,0,GPU-e2681f6e-8d94-2d66-484f-43ea602335f9,84.51,1410,1593,0,0,73879,35
2026/07/20 13:07:22.417,0,GPU-e2681f6e-8d94-2d66-484f-43ea602335f9,84.43,1410,1593,0,0,73879,35
2026/07/20 13:07:22.667,0,GPU-e2681f6e-8d94-2d66-484f-43ea602335f9,84.43,1410,1593,0,0,73879,34
2026/07/20 13:07:22.917,0,GPU-e2681f6e-8d94-2d66-484f-43ea602335f9,84.43,1410,1593,0,0,73879,35
2026/07/20 13:07:23.167,0,GPU-e2681f6e-8d94-2d66-484f-43ea602335f9,84.43,1410,1593,0,0,73879,35
2026/07/20 13:07:23.418,0,GPU-e2681f6e-8d94-2d66-484f-43ea602335f9,84.43,1410,1593,0,0,73879,35
2026/07/20 13:07:23.668,0,GPU-e2681f6e-8d94-2d66-484f-43ea602335f9,84.43,1410,1593,0,0,73879,35
2026/07/20 13:07:23.918,0,GPU-e2681f6e-8d94-2d66-484f-43ea602335f9,84.43,1410,1593,0,0,73879,35
2026/07/20 13:07:24.168,0,GPU-e2681f6e-8d94-2d66-484f-43ea602335f9,84.43,1410,1593,0,0,73879,35
2026/07/20 13:07:24.418,0,GPU-e2681f6e-8d94-2d66-484f-43ea602335f9,84.16,1410,1593,0,0,73879,35
2026/07/20 13:07:24.668,0,GPU-e2681f6e-8d94-2d66-484f-43ea602335f9,84.51,1410,1593,0,0,73879,35
2026/07/20 13:07:24.918,0,GPU-e2681f6e-8d94-2d66-484f-43ea602335f9,84.43,1410,1593,0,0,73879,35
2026/07/20 13:07:25.168,0,GPU-e2681f6e-8d94-2d66-484f-43ea602335f9,84.51,1410,1593,0,0,73879,35
2026/07/20 13:07:25.418,0,GPU-e2681f6e-8d94-2d66-484f-43ea602335f9,84.43,1410,1593,0,0,73879,34
2026/07/20 13:07:25.668,0,GPU-e2681f6e-8d94-2d66-484f-43ea602335f9,84.43,1410,1593,0,0,73879,35
2026/07/20 13:07:25.918,0,GPU-e2681f6e-8d94-2d66-484f-43ea602335f9,84.75,1410,1593,0,0,73879,35
2026/07/20 13:07:26.169,0,GPU-e2681f6e-8d94-2d66-484f-43ea602335f9,84.43,1410,1593,0,0,73879,35
2026/07/20 13:07:26.419,0,GPU-e2681f6e-8d94-2d66-484f-43ea602335f9,84.43,1410,1593,0,0,73879,35
2026/07/20 13:07:26.669,0,GPU-e2681f6e-8d94-2d66-484f-43ea602335f9,84.43,1410,1593,0,0,73879,35
2026/07/20 13:07:26.919,0,GPU-e2681f6e-8d94-2d66-484f-43ea602335f9,84.43,1410,1593,0,0,73879,35
2026/07/20 13:07:27.169,0,GPU-e2681f6e-8d94-2d66-484f-43ea602335f9,84.16,1410,1593,0,0,73879,35
2026/07/20 13:07:27.419,0,GPU-e2681f6e-8d94-2d66-484f-43ea602335f9,84.43,1410,1593,0,0,73879,34
2026/07/20 13:07:27.669,0,GPU-e2681f6e-8d94-2d66-484f-43ea602335f9,84.43,1410,1593,0,0,73879,35
2026/07/20 13:07:27.919,0,GPU-e2681f6e-8d94-2d66-484f-43ea602335f9,84.43,1410,1593,0,0,73879,35
2026/07/20 13:07:28.169,0,GPU-e2681f6e-8d94-2d66-484f-43ea602335f9,84.43,1410,1593,0,0,73879,35
2026/07/20 13:07:28.419,0,GPU-e2681f6e-8d94-2d66-484f-43ea602335f9,84.43,1410,1593,0,0,73879,34
2026/07/20 13:07:28.669,0,GPU-e2681f6e-8d94-2d66-484f-43ea602335f9,84.43,1410,1593,0,0,73879,35
2026/07/20 13:07:28.920,0,GPU-e2681f6e-8d94-2d66-484f-43ea602335f9,84.16,1410,1593,0,0,73879,35
2026/07/20 13:07:29.170,0,GPU-e2681f6e-8d94-2d66-484f-43ea602335f9,84.43,1410,1593,0,0,73879,35
2026/07/20 13:07:29.420,0,GPU-e2681f6e-8d94-2d66-484f-43ea602335f9,84.43,1410,1593,0,0,73879,35
2026/07/20 13:07:29.670,0,GPU-e2681f6e-8d94-2d66-484f-43ea602335f9,84.16,1410,1593,0,0,73879,35
2026/07/20 13:07:29.920,0,GPU-e2681f6e-8d94-2d66-484f-43ea602335f9,84.16,1410,1593,0,0,73879,35
2026/07/20 13:07:30.170,0,GPU-e2681f6e-8d94-2d66-484f-43ea602335f9,84.16,1410,1593,0,0,73879,35
2026/07/20 13:07:30.420,0,GPU-e2681f6e-8d94-2d66-484f-43ea602335f9,83.83,1410,1593,0,0,73879,35
2026/07/20 13:07:30.670,0,GPU-e2681f6e-8d94-2d66-484f-43ea602335f9,84.16,1410,1593,0,0,73879,35
2026/07/20 13:07:30.920,0,GPU-e2681f6e-8d94-2d66-484f-43ea602335f9,84.24,1410,1593,0,0,73879,35
2026/07/20 13:07:31.170,0,GPU-e2681f6e-8d94-2d66-484f-43ea602335f9,84.16,1410,1593,0,0,73879,35
2026/07/20 13:07:31.420,0,GPU-e2681f6e-8d94-2d66-484f-43ea602335f9,84.16,1410,1593,0,0,73879,35
2026/07/20 13:07:31.671,0,GPU-e2681f6e-8d94-2d66-484f-43ea602335f9,84.43,1410,1593,0,0,73879,35
2026/07/20 13:07:31.921,0,GPU-e2681f6e-8d94-2d66-484f-43ea602335f9,84.24,1410,1593,0,0,73879,35
2026/07/20 13:07:32.171,0,GPU-e2681f6e-8d94-2d66-484f-43ea602335f9,84.16,1410,1593,0,0,73879,35
2026/07/20 13:07:32.421,0,GPU-e2681f6e-8d94-2d66-484f-43ea602335f9,84.24,1410,1593,0,0,73879,35
2026/07/20 13:07:32.671,0,GPU-e2681f6e-8d94-2d66-484f-43ea602335f9,83.83,1410,1593,0,0,73879,35
2026/07/20 13:07:32.921,0,GPU-e2681f6e-8d94-2d66-484f-43ea602335f9,83.83,1410,1593,0,0,73879,35
2026/07/20 13:07:33.171,0,GPU-e2681f6e-8d94-2d66-484f-43ea602335f9,83.83,1410,1593,0,0,73879,35
2026/07/20 13:07:33.421,0,GPU-e2681f6e-8d94-2d66-484f-43ea602335f9,84.16,1410,1593,0,0,73879,35
2026/07/20 13:07:33.671,0,GPU-e2681f6e-8d94-2d66-484f-43ea602335f9,83.83,1410,1593,0,0,73879,35
2026/07/20 13:07:33.921,0,GPU-e2681f6e-8d94-2d66-484f-43ea602335f9,84.16,1410,1593,0,0,73879,35
2026/07/20 13:07:34.171,0,GPU-e2681f6e-8d94-2d66-484f-43ea602335f9,84.24,1410,1593,0,0,73879,35
2026/07/20 13:07:34.421,0,GPU-e2681f6e-8d94-2d66-484f-43ea602335f9,84.24,1410,1593,0,0,73879,35
2026/07/20 13:07:34.672,0,GPU-e2681f6e-8d94-2d66-484f-43ea602335f9,83.92,1410,1593,0,0,73879,35
2026/07/20 13:07:34.922,0,GPU-e2681f6e-8d94-2d66-484f-43ea602335f9,83.83,1410,1593,0,0,73879,35
2026/07/20 13:07:35.172,0,GPU-e2681f6e-8d94-2d66-484f-43ea602335f9,84.16,1410,1593,0,0,73879,35
2026/07/20 13:07:35.422,0,GPU-e2681f6e-8d94-2d66-484f-43ea602335f9,84.16,1410,1593,0,0,73879,35
2026/07/20 13:07:35.672,0,GPU-e2681f6e-8d94-2d66-484f-43ea602335f9,84.16,1410,1593,0,0,73879,35
2026/07/20 13:07:35.922,0,GPU-e2681f6e-8d94-2d66-484f-43ea602335f9,84.24,1410,1593,0,0,73879,35
2026/07/20 13:07:36.172,0,GPU-e2681f6e-8d94-2d66-484f-43ea602335f9,84.24,1410,1593,0,0,73879,35
2026/07/20 13:07:36.422,0,GPU-e2681f6e-8d94-2d66-484f-43ea602335f9,84.16,1410,1593,0,0,73879,35
2026/07/20 13:07:36.672,0,GPU-e2681f6e-8d94-2d66-484f-43ea602335f9,84.16,1410,1593,0,0,73879,35
2026/07/20 13:07:36.922,0,GPU-e2681f6e-8d94-2d66-484f-43ea602335f9,83.92,1410,1593,0,0,73879,35
2026/07/20 13:07:37.172,0,GPU-e2681f6e-8d94-2d66-484f-43ea602335f9,83.92,1410,1593,0,0,73879,35
2026/07/20 13:07:37.423,0,GPU-e2681f6e-8d94-2d66-484f-43ea602335f9,84.16,1410,1593,0,0,73879,35
2026/07/20 13:07:37.673,0,GPU-e2681f6e-8d94-2d66-484f-43ea602335f9,83.92,1410,1593,0,0,73879,35
2026/07/20 13:07:37.923,0,GPU-e2681f6e-8d94-2d66-484f-43ea602335f9,84.43,1410,1593,0,0,73879,35
2026/07/20 13:07:38.173,0,GPU-e2681f6e-8d94-2d66-484f-43ea602335f9,83.83,1410,1593,0,0,73879,35
2026/07/20 13:07:38.423,0,GPU-e2681f6e-8d94-2d66-484f-43ea602335f9,84.24,1410,1593,0,0,73879,35
2026/07/20 13:07:38.673,0,GPU-e2681f6e-8d94-2d66-484f-43ea602335f9,83.83,1410,1593,0,0,73879,35
2026/07/20 13:07:38.923,0,GPU-e2681f6e-8d94-2d66-484f-43ea602335f9,84.16,1410,1593,0,0,73879,35
2026/07/20 13:07:39.173,0,GPU-e2681f6e-8d94-2d66-484f-43ea602335f9,83.83,1410,1593,0,0,73879,35
2026/07/20 13:07:39.423,0,GPU-e2681f6e-8d94-2d66-484f-43ea602335f9,84.16,1410,1593,0,0,73879,35
2026/07/20 13:07:39.673,0,GPU-e2681f6e-8d94-2d66-484f-43ea602335f9,84.16,1410,1593,0,0,73879,35
2026/07/20 13:07:39.923,0,GPU-e2681f6e-8d94-2d66-484f-43ea602335f9,84.16,1410,1593,0,0,73879,35
2026/07/20 13:07:40.174,0,GPU-e2681f6e-8d94-2d66-484f-43ea602335f9,84.16,1410,1593,0,0,73879,35
2026/07/20 13:07:40.424,0,GPU-e2681f6e-8d94-2d66-484f-43ea602335f9,83.83,1410,1593,0,0,73879,35
2026/07/20 13:07:40.674,0,GPU-e2681f6e-8d94-2d66-484f-43ea602335f9,84.16,1410,1593,0,0,73879,35
2026/07/20 13:07:40.924,0,GPU-e2681f6e-8d94-2d66-484f-43ea602335f9,84.16,1410,1593,0,0,73879,35
2026/07/20 13:07:41.174,0,GPU-e2681f6e-8d94-2d66-484f-43ea602335f9,84.16,1410,1593,0,0,73879,35
2026/07/20 13:07:41.424,0,GPU-e2681f6e-8d94-2d66-484f-43ea602335f9,84.16,1410,1593,0,0,73879,35
2026/07/20 13:07:41.674,0,GPU-e2681f6e-8d94-2d66-484f-43ea602335f9,84.24,1410,1593,0,0,73879,35
2026/07/20 13:07:41.924,0,GPU-e2681f6e-8d94-2d66-484f-43ea602335f9,84.24,1410,1593,0,0,73879,35
2026/07/20 13:07:42.174,0,GPU-e2681f6e-8d94-2d66-484f-43ea602335f9,84.24,1410,1593,0,0,73879,35
2026/07/20 13:07:42.424,0,GPU-e2681f6e-8d94-2d66-484f-43ea602335f9,84.16,1410,1593,0,0,73879,35
2026/07/20 13:07:42.674,0,GPU-e2681f6e-8d94-2d66-484f-43ea602335f9,84.16,1410,1593,0,0,73879,35
2026/07/20 13:07:42.924,0,GPU-e2681f6e-8d94-2d66-484f-43ea602335f9,84.16,1410,1593,0,0,73879,35
2026/07/20 13:07:43.175,0,GPU-e2681f6e-8d94-2d66-484f-43ea602335f9,84.16,1410,1593,0,0,73879,35
2026/07/20 13:07:43.425,0,GPU-e2681f6e-8d94-2d66-484f-43ea602335f9,84.16,1410,1593,0,0,73879,35
2026/07/20 13:07:43.675,0,GPU-e2681f6e-8d94-2d66-484f-43ea602335f9,84.16,1410,1593,0,0,73879,35
2026/07/20 13:07:43.925,0,GPU-e2681f6e-8d94-2d66-484f-43ea602335f9,84.43,1410,1593,0,0,73879,35
2026/07/20 13:07:44.175,0,GPU-e2681f6e-8d94-2d66-484f-43ea602335f9,84.16,1410,1593,0,0,73879,35
2026/07/20 13:07:44.425,0,GPU-e2681f6e-8d94-2d66-484f-43ea602335f9,83.83,1410,1593,0,0,73879,35
2026/07/20 13:07:44.675,0,GPU-e2681f6e-8d94-2d66-484f-43ea602335f9,84.16,1410,1593,0,0,73879,35
2026/07/20 13:07:44.925,0,GPU-e2681f6e-8d94-2d66-484f-43ea602335f9,84.16,1410,1593,0,0,73879,35
2026/07/20 13:07:45.175,0,GPU-e2681f6e-8d94-2d66-484f-43ea602335f9,83.83,1410,1593,0,0,73879,35
2026/07/20 13:07:45.425,0,GPU-e2681f6e-8d94-2d66-484f-43ea602335f9,84.24,1410,1593,0,0,73879,35
2026/07/20 13:07:45.675,0,GPU-e2681f6e-8d94-2d66-484f-43ea602335f9,83.83,1410,1593,0,0,73879,35
2026/07/20 13:07:45.926,0,GPU-e2681f6e-8d94-2d66-484f-43ea602335f9,84.24,1410,1593,0,0,73879,35
2026/07/20 13:07:46.176,0,GPU-e2681f6e-8d94-2d66-484f-43ea602335f9,84.16,1410,1593,0,0,73879,35
2026/07/20 13:07:46.426,0,GPU-e2681f6e-8d94-2d66-484f-43ea602335f9,84.16,1410,1593,0,0,73879,35
2026/07/20 13:07:46.676,0,GPU-e2681f6e-8d94-2d66-484f-43ea602335f9,84.24,1410,1593,0,0,73879,35
2026/07/20 13:07:46.926,0,GPU-e2681f6e-8d94-2d66-484f-43ea602335f9,84.16,1410,1593,0,0,73879,35
2026/07/20 13:07:47.176,0,GPU-e2681f6e-8d94-2d66-484f-43ea602335f9,84.24,1410,1593,0,0,73879,35
2026/07/20 13:07:47.426,0,GPU-e2681f6e-8d94-2d66-484f-43ea602335f9,84.43,1410,1593,0,0,73879,35
2026/07/20 13:07:47.676,0,GPU-e2681f6e-8d94-2d66-484f-43ea602335f9,84.07,1410,1593,0,0,73879,35
2026/07/20 13:07:47.926,0,GPU-e2681f6e-8d94-2d66-484f-43ea602335f9,84.16,1410,1593,0,0,73879,35
2026/07/20 13:07:48.176,0,GPU-e2681f6e-8d94-2d66-484f-43ea602335f9,84.16,1410,1593,0,0,73879,35
2026/07/20 13:07:48.426,0,GPU-e2681f6e-8d94-2d66-484f-43ea602335f9,84.16,1410,1593,0,0,73879,35
2026/07/20 13:07:48.677,0,GPU-e2681f6e-8d94-2d66-484f-43ea602335f9,84.16,1410,1593,0,0,73879,35
2026/07/20 13:07:48.927,0,GPU-e2681f6e-8d94-2d66-484f-43ea602335f9,84.16,1410,1593,0,0,73879,35
2026/07/20 13:07:49.177,0,GPU-e2681f6e-8d94-2d66-484f-43ea602335f9,84.16,1410,1593,0,0,73879,35
2026/07/20 13:07:49.427,0,GPU-e2681f6e-8d94-2d66-484f-43ea602335f9,84.16,1410,1593,0,0,73879,35
2026/07/20 13:07:49.677,0,GPU-e2681f6e-8d94-2d66-484f-43ea602335f9,84.43,1410,1593,0,0,73879,35
2026/07/20 13:07:49.927,0,GPU-e2681f6e-8d94-2d66-484f-43ea602335f9,84.43,1410,1593,0,0,73879,35
2026/07/20 13:07:50.177,0,GPU-e2681f6e-8d94-2d66-484f-43ea602335f9,84.16,1410,1593,0,0,73879,35
2026/07/20 13:07:50.427,0,GPU-e2681f6e-8d94-2d66-484f-43ea602335f9,84.16,1410,1593,0,0,73879,35
2026/07/20 13:07:50.677,0,GPU-e2681f6e-8d94-2d66-484f-43ea602335f9,84.16,1410,1593,0,0,73879,35
2026/07/20 13:07:50.927,0,GPU-e2681f6e-8d94-2d66-484f-43ea602335f9,84.16,1410,1593,0,0,73879,35
2026/07/20 13:07:51.178,0,GPU-e2681f6e-8d94-2d66-484f-43ea602335f9,84.16,1410,1593,0,0,73879,35
2026/07/20 13:07:51.428,0,GPU-e2681f6e-8d94-2d66-484f-43ea602335f9,84.16,1410,1593,0,0,73879,35
2026/07/20 13:07:51.678,0,GPU-e2681f6e-8d94-2d66-484f-43ea602335f9,84.16,1410,1593,0,0,73879,35
2026/07/20 13:07:51.928,0,GPU-e2681f6e-8d94-2d66-484f-43ea602335f9,84.16,1410,1593,0,0,73879,35
2026/07/20 13:07:52.178,0,GPU-e2681f6e-8d94-2d66-484f-43ea602335f9,84.16,1410,1593,0,0,73879,35
2026/07/20 13:07:52.428,0,GPU-e2681f6e-8d94-2d66-484f-43ea602335f9,84.16,1410,1593,0,0,73879,35
2026/07/20 13:07:52.678,0,GPU-e2681f6e-8d94-2d66-484f-43ea602335f9,84.16,1410,1593,0,0,73879,35
2026/07/20 13:07:52.928,0,GPU-e2681f6e-8d94-2d66-484f-43ea602335f9,84.16,1410,1593,0,0,73879,35
2026/07/20 13:07:53.178,0,GPU-e2681f6e-8d94-2d66-484f-43ea602335f9,84.16,1410,1593,0,0,73879,35
2026/07/20 13:07:53.428,0,GPU-e2681f6e-8d94-2d66-484f-43ea602335f9,84.16,1410,1593,0,0,73879,35
2026/07/20 13:07:53.678,0,GPU-e2681f6e-8d94-2d66-484f-43ea602335f9,84.07,1410,1593,0,0,73879,35
2026/07/20 13:07:53.929,0,GPU-e2681f6e-8d94-2d66-484f-43ea602335f9,84.24,1410,1593,0,0,73879,35
2026/07/20 13:07:54.188,0,GPU-e2681f6e-8d94-2d66-484f-43ea602335f9,84.24,1410,1593,0,0,73879,35
2026/07/20 13:07:54.459,0,GPU-e2681f6e-8d94-2d66-484f-43ea602335f9,84.43,1410,1593,0,0,73879,35
2026/07/20 13:07:54.713,0,GPU-e2681f6e-8d94-2d66-484f-43ea602335f9,84.51,1410,1593,0,0,73879,35
2026/07/20 13:07:54.963,0,GPU-e2681f6e-8d94-2d66-484f-43ea602335f9,84.16,1410,1593,0,0,73879,35
2026/07/20 13:07:55.499,0,GPU-e2681f6e-8d94-2d66-484f-43ea602335f9,84.51,1410,1593,0,0,73879,35
2026/07/20 13:07:55.749,0,GPU-e2681f6e-8d94-2d66-484f-43ea602335f9,84.43,1410,1593,0,0,73879,35
2026/07/20 13:07:56.109,0,GPU-e2681f6e-8d94-2d66-484f-43ea602335f9,84.16,1410,1593,0,0,73879,35
2026/07/20 13:07:56.688,0,GPU-e2681f6e-8d94-2d66-484f-43ea602335f9,84.24,1410,1593,0,0,73879,35
2026/07/20 13:07:57.138,0,GPU-e2681f6e-8d94-2d66-484f-43ea602335f9,84.16,1410,1593,0,0,73879,35
2026/07/20 13:07:57.388,0,GPU-e2681f6e-8d94-2d66-484f-43ea602335f9,84.24,1410,1593,0,0,73879,35
2026/07/20 13:07:57.639,0,GPU-e2681f6e-8d94-2d66-484f-43ea602335f9,84.16,1410,1593,0,0,73879,35
2026/07/20 13:07:57.889,0,GPU-e2681f6e-8d94-2d66-484f-43ea602335f9,84.24,1410,1593,0,0,73879,35
2026/07/20 13:07:58.139,0,GPU-e2681f6e-8d94-2d66-484f-43ea602335f9,84.07,1410,1593,0,0,73879,35
2026/07/20 13:07:58.389,0,GPU-e2681f6e-8d94-2d66-484f-43ea602335f9,84.16,1410,1593,0,0,73879,35
2026/07/20 13:07:58.639,0,GPU-e2681f6e-8d94-2d66-484f-43ea602335f9,84.16,1410,1593,0,0,73879,35
2026/07/20 13:07:58.889,0,GPU-e2681f6e-8d94-2d66-484f-43ea602335f9,84.43,1410,1593,0,0,73879,35
2026/07/20 13:07:59.139,0,GPU-e2681f6e-8d94-2d66-484f-43ea602335f9,84.16,1410,1593,0,0,73879,35
2026/07/20 13:07:59.389,0,GPU-e2681f6e-8d94-2d66-484f-43ea602335f9,84.24,1410,1593,0,0,73879,35
2026/07/20 13:07:59.639,0,GPU-e2681f6e-8d94-2d66-484f-43ea602335f9,84.51,1410,1593,0,0,73879,35
2026/07/20 13:07:59.889,0,GPU-e2681f6e-8d94-2d66-484f-43ea602335f9,84.24,1410,1593,0,0,73879,35
2026/07/20 13:08:00.139,0,GPU-e2681f6e-8d94-2d66-484f-43ea602335f9,84.24,1410,1593,0,0,73879,35
2026/07/20 13:08:00.390,0,GPU-e2681f6e-8d94-2d66-484f-43ea602335f9,84.24,1410,1593,0,0,73879,35
2026/07/20 13:08:00.640,0,GPU-e2681f6e-8d94-2d66-484f-43ea602335f9,84.43,1410,1593,0,0,73879,35
2026/07/20 13:08:00.890,0,GPU-e2681f6e-8d94-2d66-484f-43ea602335f9,84.16,1410,1593,0,0,73879,35
2026/07/20 13:08:01.140,0,GPU-e2681f6e-8d94-2d66-484f-43ea602335f9,84.16,1410,1593,0,0,73879,35
2026/07/20 13:08:01.390,0,GPU-e2681f6e-8d94-2d66-484f-43ea602335f9,84.16,1410,1593,0,0,73879,35
2026/07/20 13:08:01.640,0,GPU-e2681f6e-8d94-2d66-484f-43ea602335f9,84.43,1410,1593,0,0,73879,35
2026/07/20 13:08:01.890,0,GPU-e2681f6e-8d94-2d66-484f-43ea602335f9,84.43,1410,1593,0,0,73879,35
2026/07/20 13:08:02.140,0,GPU-e2681f6e-8d94-2d66-484f-43ea602335f9,84.16,1410,1593,0,0,73879,35
2026/07/20 13:08:02.390,0,GPU-e2681f6e-8d94-2d66-484f-43ea602335f9,84.16,1410,1593,0,0,73879,35
2026/07/20 13:08:02.640,0,GPU-e2681f6e-8d94-2d66-484f-43ea602335f9,84.16,1410,1593,0,0,73879,35
2026/07/20 13:08:02.890,0,GPU-e2681f6e-8d94-2d66-484f-43ea602335f9,84.24,1410,1593,0,0,73879,35
2026/07/20 13:08:03.141,0,GPU-e2681f6e-8d94-2d66-484f-43ea602335f9,84.16,1410,1593,0,0,73879,35
2026/07/20 13:08:03.391,0,GPU-e2681f6e-8d94-2d66-484f-43ea602335f9,84.16,1410,1593,0,0,73879,35
2026/07/20 13:08:03.641,0,GPU-e2681f6e-8d94-2d66-484f-43ea602335f9,84.51,1410,1593,0,0,73879,35
2026/07/20 13:08:03.891,0,GPU-e2681f6e-8d94-2d66-484f-43ea602335f9,84.16,1410,1593,0,0,73879,35
2026/07/20 13:08:04.141,0,GPU-e2681f6e-8d94-2d66-484f-43ea602335f9,84.51,1410,1593,0,0,73879,35
2026/07/20 13:08:04.391,0,GPU-e2681f6e-8d94-2d66-484f-43ea602335f9,84.24,1410,1593,0,0,73879,35
2026/07/20 13:08:04.641,0,GPU-e2681f6e-8d94-2d66-484f-43ea602335f9,84.43,1410,1593,0,0,73879,35
2026/07/20 13:08:04.891,0,GPU-e2681f6e-8d94-2d66-484f-43ea602335f9,84.16,1410,1593,0,0,73879,35
2026/07/20 13:08:05.141,0,GPU-e2681f6e-8d94-2d66-484f-43ea602335f9,84.16,1410,1593,0,0,73879,35
2026/07/20 13:08:05.391,0,GPU-e2681f6e-8d94-2d66-484f-43ea602335f9,84.43,1410,1593,0,0,73879,35
2026/07/20 13:08:05.641,0,GPU-e2681f6e-8d94-2d66-484f-43ea602335f9,84.24,1410,1593,0,0,73879,35
2026/07/20 13:08:05.892,0,GPU-e2681f6e-8d94-2d66-484f-43ea602335f9,84.16,1410,1593,0,0,73879,35
2026/07/20 13:08:06.142,0,GPU-e2681f6e-8d94-2d66-484f-43ea602335f9,84.16,1410,1593,0,0,73879,35
2026/07/20 13:08:06.392,0,GPU-e2681f6e-8d94-2d66-484f-43ea602335f9,84.43,1410,1593,0,0,73879,35
2026/07/20 13:08:06.642,0,GPU-e2681f6e-8d94-2d66-484f-43ea602335f9,84.24,1410,1593,0,0,73879,35
2026/07/20 13:08:06.892,0,GPU-e2681f6e-8d94-2d66-484f-43ea602335f9,84.16,1410,1593,0,0,73879,35
2026/07/20 13:08:07.142,0,GPU-e2681f6e-8d94-2d66-484f-43ea602335f9,84.43,1410,1593,0,0,73879,35
2026/07/20 13:08:07.392,0,GPU-e2681f6e-8d94-2d66-484f-43ea602335f9,84.43,1410,1593,0,0,73879,35
2026/07/20 13:08:07.642,0,GPU-e2681f6e-8d94-2d66-484f-43ea602335f9,84.43,1410,1593,0,0,73879,35
2026/07/20 13:08:07.892,0,GPU-e2681f6e-8d94-2d66-484f-43ea602335f9,84.16,1410,1593,0,0,73879,35
2026/07/20 13:08:08.142,0,GPU-e2681f6e-8d94-2d66-484f-43ea602335f9,84.16,1410,1593,0,0,73879,35
2026/07/20 13:08:08.392,0,GPU-e2681f6e-8d94-2d66-484f-43ea602335f9,84.16,1410,1593,0,0,73879,35
2026/07/20 13:08:08.642,0,GPU-e2681f6e-8d94-2d66-484f-43ea602335f9,84.16,1410,1593,0,0,73879,35
2026/07/20 13:08:08.893,0,GPU-e2681f6e-8d94-2d66-484f-43ea602335f9,84.16,1410,1593,0,0,73879,35
2026/07/20 13:08:09.143,0,GPU-e2681f6e-8d94-2d66-484f-43ea602335f9,84.24,1410,1593,0,0,73879,35
2026/07/20 13:08:09.393,0,GPU-e2681f6e-8d94-2d66-484f-43ea602335f9,84.24,1410,1593,0,0,73879,35
2026/07/20 13:08:09.643,0,GPU-e2681f6e-8d94-2d66-484f-43ea602335f9,84.24,1410,1593,0,0,73879,35
2026/07/20 13:08:09.893,0,GPU-e2681f6e-8d94-2d66-484f-43ea602335f9,84.16,1410,1593,0,0,73879,35
2026/07/20 13:08:10.143,0,GPU-e2681f6e-8d94-2d66-484f-43ea602335f9,84.51,1410,1593,0,0,73879,35
2026/07/20 13:08:10.393,0,GPU-e2681f6e-8d94-2d66-484f-43ea602335f9,84.43,1410,1593,0,0,73879,35
2026/07/20 13:08:10.643,0,GPU-e2681f6e-8d94-2d66-484f-43ea602335f9,84.16,1410,1593,0,0,73879,35
2026/07/20 13:08:10.893,0,GPU-e2681f6e-8d94-2d66-484f-43ea602335f9,84.16,1410,1593,0,0,73879,35
2026/07/20 13:08:11.143,0,GPU-e2681f6e-8d94-2d66-484f-43ea602335f9,84.43,1410,1593,0,0,73879,35
2026/07/20 13:08:11.393,0,GPU-e2681f6e-8d94-2d66-484f-43ea602335f9,84.24,1410,1593,0,0,73879,35
2026/07/20 13:08:11.644,0,GPU-e2681f6e-8d94-2d66-484f-43ea602335f9,84.43,1410,1593,0,0,73879,35
2026/07/20 13:08:11.894,0,GPU-e2681f6e-8d94-2d66-484f-43ea602335f9,84.16,1410,1593,0,0,73879,35
2026/07/20 13:08:12.144,0,GPU-e2681f6e-8d94-2d66-484f-43ea602335f9,84.16,1410,1593,0,0,73879,35
2026/07/20 13:08:12.394,0,GPU-e2681f6e-8d94-2d66-484f-43ea602335f9,84.43,1410,1593,0,0,73879,35
2026/07/20 13:08:12.644,0,GPU-e2681f6e-8d94-2d66-484f-43ea602335f9,84.43,1410,1593,0,0,73879,35
2026/07/20 13:08:12.894,0,GPU-e2681f6e-8d94-2d66-484f-43ea602335f9,84.24,1410,1593,0,0,73879,35
2026/07/20 13:08:13.144,0,GPU-e2681f6e-8d94-2d66-484f-43ea602335f9,84.24,1410,1593,0,0,73879,35
2026/07/20 13:08:13.394,0,GPU-e2681f6e-8d94-2d66-484f-43ea602335f9,84.43,1410,1593,0,0,73879,35
2026/07/20 13:08:13.644,0,GPU-e2681f6e-8d94-2d66-484f-43ea602335f9,84.43,1410,1593,0,0,73879,35
2026/07/20 13:08:13.894,0,GPU-e2681f6e-8d94-2d66-484f-43ea602335f9,84.43,1410,1593,0,0,73879,35
2026/07/20 13:08:14.144,0,GPU-e2681f6e-8d94-2d66-484f-43ea602335f9,84.51,1410,1593,0,0,73879,35
2026/07/20 13:08:14.395,0,GPU-e2681f6e-8d94-2d66-484f-43ea602335f9,84.24,1410,1593,0,0,73879,35
2026/07/20 13:08:14.645,0,GPU-e2681f6e-8d94-2d66-484f-43ea602335f9,84.16,1410,1593,0,0,73879,35
2026/07/20 13:08:14.895,0,GPU-e2681f6e-8d94-2d66-484f-43ea602335f9,84.16,1410,1593,0,0,73879,35
2026/07/20 13:08:15.145,0,GPU-e2681f6e-8d94-2d66-484f-43ea602335f9,84.16,1410,1593,0,0,73879,35
2026/07/20 13:08:15.395,0,GPU-e2681f6e-8d94-2d66-484f-43ea602335f9,84.16,1410,1593,0,0,73879,35
2026/07/20 13:08:15.645,0,GPU-e2681f6e-8d94-2d66-484f-43ea602335f9,84.16,1410,1593,0,0,73879,35
2026/07/20 13:08:15.895,0,GPU-e2681f6e-8d94-2d66-484f-43ea602335f9,84.24,1410,1593,0,0,73879,35
2026/07/20 13:08:16.145,0,GPU-e2681f6e-8d94-2d66-484f-43ea602335f9,84.16,1410,1593,0,0,73879,35
2026/07/20 13:08:16.395,0,GPU-e2681f6e-8d94-2d66-484f-43ea602335f9,84.16,1410,1593,0,0,73879,35
2026/07/20 13:08:16.645,0,GPU-e2681f6e-8d94-2d66-484f-43ea602335f9,84.16,1410,1593,0,0,73879,35
2026/07/20 13:08:16.895,0,GPU-e2681f6e-8d94-2d66-484f-43ea602335f9,84.16,1410,1593,0,0,73879,35
2026/07/20 13:08:17.146,0,GPU-e2681f6e-8d94-2d66-484f-43ea602335f9,84.24,1410,1593,0,0,73879,35
2026/07/20 13:08:17.396,0,GPU-e2681f6e-8d94-2d66-484f-43ea602335f9,84.24,1410,1593,0,0,73879,35
2026/07/20 13:08:17.646,0,GPU-e2681f6e-8d94-2d66-484f-43ea602335f9,84.16,1410,1593,0,0,73879,35
2026/07/20 13:08:17.896,0,GPU-e2681f6e-8d94-2d66-484f-43ea602335f9,84.16,1410,1593,0,0,73879,35
2026/07/20 13:08:18.146,0,GPU-e2681f6e-8d94-2d66-484f-43ea602335f9,84.24,1410,1593,0,0,73879,35
2026/07/20 13:08:18.396,0,GPU-e2681f6e-8d94-2d66-484f-43ea602335f9,84.43,1410,1593,0,0,73879,35
2026/07/20 13:08:18.646,0,GPU-e2681f6e-8d94-2d66-484f-43ea602335f9,84.43,1410,1593,0,0,73879,35
2026/07/20 13:08:18.896,0,GPU-e2681f6e-8d94-2d66-484f-43ea602335f9,84.43,1410,1593,0,0,73879,35
2026/07/20 13:08:19.146,0,GPU-e2681f6e-8d94-2d66-484f-43ea602335f9,84.16,1410,1593,0,0,73879,35
2026/07/20 13:08:19.396,0,GPU-e2681f6e-8d94-2d66-484f-43ea602335f9,84.51,1410,1593,0,0,73879,35
2026/07/20 13:08:19.646,0,GPU-e2681f6e-8d94-2d66-484f-43ea602335f9,84.43,1410,1593,0,0,73879,35
2026/07/20 13:08:19.897,0,GPU-e2681f6e-8d94-2d66-484f-43ea602335f9,84.43,1410,1593,0,0,73879,35
2026/07/20 13:08:20.147,0,GPU-e2681f6e-8d94-2d66-484f-43ea602335f9,84.75,1410,1593,0,0,73879,35
2026/07/20 13:08:20.397,0,GPU-e2681f6e-8d94-2d66-484f-43ea602335f9,84.43,1410,1593,0,0,73879,35
2026/07/20 13:08:20.647,0,GPU-e2681f6e-8d94-2d66-484f-43ea602335f9,84.16,1410,1593,0,0,73879,35
2026/07/20 13:08:20.897,0,GPU-e2681f6e-8d94-2d66-484f-43ea602335f9,84.51,1410,1593,0,0,73879,35
2026/07/20 13:08:21.147,0,GPU-e2681f6e-8d94-2d66-484f-43ea602335f9,84.43,1410,1593,0,0,73879,35
2026/07/20 13:08:21.397,0,GPU-e2681f6e-8d94-2d66-484f-43ea602335f9,84.51,1410,1593,0,0,73879,35
2026/07/20 13:08:21.647,0,GPU-e2681f6e-8d94-2d66-484f-43ea602335f9,84.43,1410,1593,0,0,73879,35
2026/07/20 13:08:21.897,0,GPU-e2681f6e-8d94-2d66-484f-43ea602335f9,84.43,1410,1593,0,0,73879,35
2026/07/20 13:08:22.147,0,GPU-e2681f6e-8d94-2d66-484f-43ea602335f9,84.43,1410,1593,0,0,73879,35
2026/07/20 13:08:22.397,0,GPU-e2681f6e-8d94-2d66-484f-43ea602335f9,84.43,1410,1593,0,0,73879,35
2026/07/20 13:08:22.648,0,GPU-e2681f6e-8d94-2d66-484f-43ea602335f9,84.43,1410,1593,0,0,73879,35
2026/07/20 13:08:22.898,0,GPU-e2681f6e-8d94-2d66-484f-43ea602335f9,84.43,1410,1593,0,0,73879,35
2026/07/20 13:08:23.148,0,GPU-e2681f6e-8d94-2d66-484f-43ea602335f9,84.51,1410,1593,0,0,73879,35
2026/07/20 13:08:23.398,0,GPU-e2681f6e-8d94-2d66-484f-43ea602335f9,84.43,1410,1593,0,0,73879,35
2026/07/20 13:08:23.648,0,GPU-e2681f6e-8d94-2d66-484f-43ea602335f9,84.51,1410,1593,0,0,73879,35
2026/07/20 13:08:23.898,0,GPU-e2681f6e-8d94-2d66-484f-43ea602335f9,84.43,1410,1593,0,0,73879,35
2026/07/20 13:08:24.148,0,GPU-e2681f6e-8d94-2d66-484f-43ea602335f9,84.43,1410,1593,0,0,73879,35
2026/07/20 13:08:24.398,0,GPU-e2681f6e-8d94-2d66-484f-43ea602335f9,84.51,1410,1593,0,0,73879,35
2026/07/20 13:08:24.648,0,GPU-e2681f6e-8d94-2d66-484f-43ea602335f9,84.43,1410,1593,0,0,73879,35
2026/07/20 13:08:24.898,0,GPU-e2681f6e-8d94-2d66-484f-43ea602335f9,84.43,1410,1593,0,0,73879,35
2026/07/20 13:08:25.148,0,GPU-e2681f6e-8d94-2d66-484f-43ea602335f9,84.43,1410,1593,0,0,73879,35
2026/07/20 13:08:25.399,0,GPU-e2681f6e-8d94-2d66-484f-43ea602335f9,84.75,1410,1593,0,0,73879,35
2026/07/20 13:08:25.649,0,GPU-e2681f6e-8d94-2d66-484f-43ea602335f9,84.43,1410,1593,0,0,73879,35
2026/07/20 13:08:25.899,0,GPU-e2681f6e-8d94-2d66-484f-43ea602335f9,84.43,1410,1593,0,0,73879,35
2026/07/20 13:08:26.149,0,GPU-e2681f6e-8d94-2d66-484f-43ea602335f9,84.75,1410,1593,0,0,73879,35
2026/07/20 13:08:26.399,0,GPU-e2681f6e-8d94-2d66-484f-43ea602335f9,84.51,1410,1593,0,0,73879,35
2026/07/20 13:08:26.649,0,GPU-e2681f6e-8d94-2d66-484f-43ea602335f9,84.43,1410,1593,0,0,73879,35
2026/07/20 13:08:26.899,0,GPU-e2681f6e-8d94-2d66-484f-43ea602335f9,84.43,1410,1593,0,0,73879,35
2026/07/20 13:08:27.149,0,GPU-e2681f6e-8d94-2d66-484f-43ea602335f9,84.51,1410,1593,0,0,73879,35
2026/07/20 13:08:27.399,0,GPU-e2681f6e-8d94-2d66-484f-43ea602335f9,84.43,1410,1593,0,0,73879,35
2026/07/20 13:08:27.649,0,GPU-e2681f6e-8d94-2d66-484f-43ea602335f9,84.43,1410,1593,0,0,73879,35
2026/07/20 13:08:27.899,0,GPU-e2681f6e-8d94-2d66-484f-43ea602335f9,84.43,1410,1593,0,0,73879,35
2026/07/20 13:08:28.150,0,GPU-e2681f6e-8d94-2d66-484f-43ea602335f9,84.43,1410,1593,0,0,73879,35
2026/07/20 13:08:28.400,0,GPU-e2681f6e-8d94-2d66-484f-43ea602335f9,84.43,1410,1593,0,0,73879,35
2026/07/20 13:08:28.650,0,GPU-e2681f6e-8d94-2d66-484f-43ea602335f9,84.43,1410,1593,0,0,73879,35
2026/07/20 13:08:28.900,0,GPU-e2681f6e-8d94-2d66-484f-43ea602335f9,84.43,1410,1593,0,0,73879,35
2026/07/20 13:08:29.150,0,GPU-e2681f6e-8d94-2d66-484f-43ea602335f9,84.51,1410,1593,0,0,73879,35
2026/07/20 13:08:29.400,0,GPU-e2681f6e-8d94-2d66-484f-43ea602335f9,84.43,1410,1593,0,0,73879,35
2026/07/20 13:08:29.650,0,GPU-e2681f6e-8d94-2d66-484f-43ea602335f9,84.43,1410,1593,0,0,73879,35
2026/07/20 13:08:29.900,0,GPU-e2681f6e-8d94-2d66-484f-43ea602335f9,84.43,1410,1593,0,0,73879,35
2026/07/20 13:08:30.150,0,GPU-e2681f6e-8d94-2d66-484f-43ea602335f9,84.43,1410,1593,0,0,73879,35
2026/07/20 13:08:30.400,0,GPU-e2681f6e-8d94-2d66-484f-43ea602335f9,84.43,1410,1593,0,0,73879,35
2026/07/20 13:08:30.650,0,GPU-e2681f6e-8d94-2d66-484f-43ea602335f9,84.43,1410,1593,0,0,73879,35
2026/07/20 13:08:30.901,0,GPU-e2681f6e-8d94-2d66-484f-43ea602335f9,84.43,1410,1593,0,0,73879,35
2026/07/20 13:08:31.151,0,GPU-e2681f6e-8d94-2d66-484f-43ea602335f9,84.84,1410,1593,0,0,73879,35
2026/07/20 13:08:31.401,0,GPU-e2681f6e-8d94-2d66-484f-43ea602335f9,84.43,1410,1593,0,0,73879,35
2026/07/20 13:08:31.651,0,GPU-e2681f6e-8d94-2d66-484f-43ea602335f9,84.43,1410,1593,0,0,73879,35
2026/07/20 13:08:31.901,0,GPU-e2681f6e-8d94-2d66-484f-43ea602335f9,84.75,1410,1593,0,0,73879,35
2026/07/20 13:08:32.151,0,GPU-e2681f6e-8d94-2d66-484f-43ea602335f9,84.51,1410,1593,0,0,73879,35
2026/07/20 13:08:32.401,0,GPU-e2681f6e-8d94-2d66-484f-43ea602335f9,84.75,1410,1593,0,0,73879,35
2026/07/20 13:08:32.651,0,GPU-e2681f6e-8d94-2d66-484f-43ea602335f9,84.43,1410,1593,0,0,73879,35
2026/07/20 13:08:32.901,0,GPU-e2681f6e-8d94-2d66-484f-43ea602335f9,84.43,1410,1593,0,0,73879,35
2026/07/20 13:08:33.151,0,GPU-e2681f6e-8d94-2d66-484f-43ea602335f9,84.43,1410,1593,0,0,73879,35
2026/07/20 13:08:33.401,0,GPU-e2681f6e-8d94-2d66-484f-43ea602335f9,84.43,1410,1593,0,0,73879,35
2026/07/20 13:08:33.652,0,GPU-e2681f6e-8d94-2d66-484f-43ea602335f9,84.43,1410,1593,0,0,73879,35
2026/07/20 13:08:33.902,0,GPU-e2681f6e-8d94-2d66-484f-43ea602335f9,84.51,1410,1593,0,0,73879,35
2026/07/20 13:08:34.152,0,GPU-e2681f6e-8d94-2d66-484f-43ea602335f9,84.43,1410,1593,0,0,73879,35
2026/07/20 13:08:34.402,0,GPU-e2681f6e-8d94-2d66-484f-43ea602335f9,84.51,1410,1593,0,0,73879,35
2026/07/20 13:08:34.652,0,GPU-e2681f6e-8d94-2d66-484f-43ea602335f9,84.51,1410,1593,0,0,73879,35
2026/07/20 13:08:34.902,0,GPU-e2681f6e-8d94-2d66-484f-43ea602335f9,84.43,1410,1593,0,0,73879,35
2026/07/20 13:08:35.152,0,GPU-e2681f6e-8d94-2d66-484f-43ea602335f9,84.43,1410,1593,0,0,73879,35
2026/07/20 13:08:35.402,0,GPU-e2681f6e-8d94-2d66-484f-43ea602335f9,84.43,1410,1593,0,0,73879,35
2026/07/20 13:08:35.652,0,GPU-e2681f6e-8d94-2d66-484f-43ea602335f9,84.34,1410,1593,0,0,73879,35
2026/07/20 13:08:35.902,0,GPU-e2681f6e-8d94-2d66-484f-43ea602335f9,84.34,1410,1593,0,0,73879,35
2026/07/20 13:08:36.152,0,GPU-e2681f6e-8d94-2d66-484f-43ea602335f9,84.34,1410,1593,0,0,73879,35
2026/07/20 13:08:36.403,0,GPU-e2681f6e-8d94-2d66-484f-43ea602335f9,84.43,1410,1593,0,0,73879,35
2026/07/20 13:08:36.653,0,GPU-e2681f6e-8d94-2d66-484f-43ea602335f9,84.07,1410,1593,0,0,73879,35
2026/07/20 13:08:36.903,0,GPU-e2681f6e-8d94-2d66-484f-43ea602335f9,84.16,1410,1593,0,0,73879,35
2026/07/20 13:08:37.153,0,GPU-e2681f6e-8d94-2d66-484f-43ea602335f9,84.43,1410,1593,0,0,73879,35
2026/07/20 13:08:37.403,0,GPU-e2681f6e-8d94-2d66-484f-43ea602335f9,84.16,1410,1593,0,0,73879,35
2026/07/20 13:08:37.653,0,GPU-e2681f6e-8d94-2d66-484f-43ea602335f9,84.16,1410,1593,0,0,73879,35
2026/07/20 13:08:37.903,0,GPU-e2681f6e-8d94-2d66-484f-43ea602335f9,84.43,1410,1593,0,0,73879,35
2026/07/20 13:08:38.153,0,GPU-e2681f6e-8d94-2d66-484f-43ea602335f9,83.83,1410,1593,0,0,73879,35
2026/07/20 13:08:38.403,0,GPU-e2681f6e-8d94-2d66-484f-43ea602335f9,84.16,1410,1593,0,0,73879,35
2026/07/20 13:08:38.653,0,GPU-e2681f6e-8d94-2d66-484f-43ea602335f9,84.16,1410,1593,0,0,73879,35
2026/07/20 13:08:38.903,0,GPU-e2681f6e-8d94-2d66-484f-43ea602335f9,84.16,1410,1593,0,0,73879,35
2026/07/20 13:08:39.154,0,GPU-e2681f6e-8d94-2d66-484f-43ea602335f9,84.84,1410,1593,0,0,73879,35
2026/07/20 13:08:39.404,0,GPU-e2681f6e-8d94-2d66-484f-43ea602335f9,83.83,1410,1593,0,0,73879,35
2026/07/20 13:08:39.654,0,GPU-e2681f6e-8d94-2d66-484f-43ea602335f9,84.24,1410,1593,0,0,73879,35
2026/07/20 13:08:39.904,0,GPU-e2681f6e-8d94-2d66-484f-43ea602335f9,84.16,1410,1593,0,0,73879,35
2026/07/20 13:08:40.154,0,GPU-e2681f6e-8d94-2d66-484f-43ea602335f9,84.16,1410,1593,0,0,73879,35
2026/07/20 13:08:40.404,0,GPU-e2681f6e-8d94-2d66-484f-43ea602335f9,84.16,1410,1593,0,0,73879,35
2026/07/20 13:08:40.654,0,GPU-e2681f6e-8d94-2d66-484f-43ea602335f9,84.16,1410,1593,0,0,73879,35
2026/07/20 13:08:40.904,0,GPU-e2681f6e-8d94-2d66-484f-43ea602335f9,84.16,1410,1593,0,0,73879,35
2026/07/20 13:08:41.154,0,GPU-e2681f6e-8d94-2d66-484f-43ea602335f9,84.24,1410,1593,0,0,73879,35
2026/07/20 13:08:41.404,0,GPU-e2681f6e-8d94-2d66-484f-43ea602335f9,84.43,1410,1593,0,0,73879,35
2026/07/20 13:08:41.654,0,GPU-e2681f6e-8d94-2d66-484f-43ea602335f9,84.16,1410,1593,0,0,73879,35
2026/07/20 13:08:41.905,0,GPU-e2681f6e-8d94-2d66-484f-43ea602335f9,84.16,1410,1593,0,0,73879,35
2026/07/20 13:08:42.155,0,GPU-e2681f6e-8d94-2d66-484f-43ea602335f9,84.16,1410,1593,0,0,73879,35
2026/07/20 13:08:42.405,0,GPU-e2681f6e-8d94-2d66-484f-43ea602335f9,84.24,1410,1593,0,0,73879,35
2026/07/20 13:08:42.655,0,GPU-e2681f6e-8d94-2d66-484f-43ea602335f9,281.37,1410,1593,57,36,73879,41
2026/07/20 13:08:42.905,0,GPU-e2681f6e-8d94-2d66-484f-43ea602335f9,288.08,1410,1593,94,78,73879,42
2026/07/20 13:08:43.155,0,GPU-e2681f6e-8d94-2d66-484f-43ea602335f9,291.72,1410,1593,94,79,73879,43
2026/07/20 13:08:43.405,0,GPU-e2681f6e-8d94-2d66-484f-43ea602335f9,291.10,1410,1593,94,78,73879,43
2026/07/20 13:08:43.655,0,GPU-e2681f6e-8d94-2d66-484f-43ea602335f9,290.20,1410,1593,94,78,73879,44
2026/07/20 13:08:43.905,0,GPU-e2681f6e-8d94-2d66-484f-43ea602335f9,291.69,1410,1593,94,79,73879,44
2026/07/20 13:08:44.155,0,GPU-e2681f6e-8d94-2d66-484f-43ea602335f9,287.15,1410,1593,94,79,73879,44
2026/07/20 13:08:44.405,0,GPU-e2681f6e-8d94-2d66-484f-43ea602335f9,283.49,1410,1593,94,79,73879,44
2026/07/20 13:08:44.656,0,GPU-e2681f6e-8d94-2d66-484f-43ea602335f9,293.20,1410,1593,93,78,73879,45
2026/07/20 13:08:44.906,0,GPU-e2681f6e-8d94-2d66-484f-43ea602335f9,291.07,1410,1593,94,79,73879,45
2026/07/20 13:08:45.156,0,GPU-e2681f6e-8d94-2d66-484f-43ea602335f9,288.35,1410,1593,94,78,73879,45
2026/07/20 13:08:45.406,0,GPU-e2681f6e-8d94-2d66-484f-43ea602335f9,292.90,1410,1593,94,78,73879,45
2026/07/20 13:08:45.656,0,GPU-e2681f6e-8d94-2d66-484f-43ea602335f9,289.27,1410,1593,94,79,73879,45
2026/07/20 13:08:45.906,0,GPU-e2681f6e-8d94-2d66-484f-43ea602335f9,288.08,1410,1593,94,78,73879,45
2026/07/20 13:08:46.156,0,GPU-e2681f6e-8d94-2d66-484f-43ea602335f9,295.33,1410,1593,94,78,73879,46
2026/07/20 13:08:46.406,0,GPU-e2681f6e-8d94-2d66-484f-43ea602335f9,292.60,1410,1593,94,79,73879,46
2026/07/20 13:08:46.656,0,GPU-e2681f6e-8d94-2d66-484f-43ea602335f9,287.15,1410,1593,94,78,73879,45
2026/07/20 13:08:46.906,0,GPU-e2681f6e-8d94-2d66-484f-43ea602335f9,293.55,1410,1593,74,62,73879,46
2026/07/20 13:08:47.156,0,GPU-e2681f6e-8d94-2d66-484f-43ea602335f9,291.42,1410,1593,94,79,73879,46
2026/07/20 13:08:47.407,0,GPU-e2681f6e-8d94-2d66-484f-43ea602335f9,288.67,1410,1593,95,79,73879,46
2026/07/20 13:08:47.657,0,GPU-e2681f6e-8d94-2d66-484f-43ea602335f9,296.58,1410,1593,94,78,73879,47
2026/07/20 13:08:47.907,0,GPU-e2681f6e-8d94-2d66-484f-43ea602335f9,295.65,1410,1593,94,78,73879,47
2026/07/20 13:08:48.157,0,GPU-e2681f6e-8d94-2d66-484f-43ea602335f9,296.58,1410,1593,94,79,73879,47
2026/07/20 13:08:48.407,0,GPU-e2681f6e-8d94-2d66-484f-43ea602335f9,291.72,1410,1593,94,78,73879,47
2026/07/20 13:08:48.657,0,GPU-e2681f6e-8d94-2d66-484f-43ea602335f9,280.77,1410,1593,94,79,73879,47
2026/07/20 13:08:48.907,0,GPU-e2681f6e-8d94-2d66-484f-43ea602335f9,295.33,1410,1593,93,78,73879,47
2026/07/20 13:08:49.157,0,GPU-e2681f6e-8d94-2d66-484f-43ea602335f9,295.65,1410,1593,94,79,73879,47
2026/07/20 13:08:49.407,0,GPU-e2681f6e-8d94-2d66-484f-43ea602335f9,290.47,1410,1593,94,79,73879,47
2026/07/20 13:08:49.657,0,GPU-e2681f6e-8d94-2d66-484f-43ea602335f9,289.57,1410,1593,94,78,73879,47
2026/07/20 13:08:49.907,0,GPU-e2681f6e-8d94-2d66-484f-43ea602335f9,296.58,1410,1593,94,79,73879,48
2026/07/20 13:08:50.158,0,GPU-e2681f6e-8d94-2d66-484f-43ea602335f9,291.72,1410,1593,94,79,73879,45
2026/07/20 13:08:50.408,0,GPU-e2681f6e-8d94-2d66-484f-43ea602335f9,296.58,1410,1593,65,54,73879,47
2026/07/20 13:08:50.658,0,GPU-e2681f6e-8d94-2d66-484f-43ea602335f9,293.53,1410,1593,94,79,73879,47
2026/07/20 13:08:50.908,0,GPU-e2681f6e-8d94-2d66-484f-43ea602335f9,292.33,1410,1593,95,79,73879,48
2026/07/20 13:08:51.158,0,GPU-e2681f6e-8d94-2d66-484f-43ea602335f9,291.69,1410,1593,94,79,73879,48
2026/07/20 13:08:51.408,0,GPU-e2681f6e-8d94-2d66-484f-43ea602335f9,297.78,1410,1593,94,78,73879,48
2026/07/20 13:08:51.658,0,GPU-e2681f6e-8d94-2d66-484f-43ea602335f9,292.33,1410,1593,94,79,73879,48
2026/07/20 13:08:51.908,0,GPU-e2681f6e-8d94-2d66-484f-43ea602335f9,290.80,1410,1593,95,79,73879,48
2026/07/20 13:08:52.158,0,GPU-e2681f6e-8d94-2d66-484f-43ea602335f9,290.20,1410,1593,94,79,73879,48
2026/07/20 13:08:52.408,0,GPU-e2681f6e-8d94-2d66-484f-43ea602335f9,299.58,1410,1593,94,78,73879,48
2026/07/20 13:08:52.658,0,GPU-e2681f6e-8d94-2d66-484f-43ea602335f9,296.27,1410,1593,94,79,73879,46
2026/07/20 13:08:52.908,0,GPU-e2681f6e-8d94-2d66-484f-43ea602335f9,89.71,1410,1593,33,28,73879,43
2026/07/20 13:08:53.158,0,GPU-e2681f6e-8d94-2d66-484f-43ea602335f9,88.09,1410,1593,0,0,73879,42
2026/07/20 13:08:53.408,0,GPU-e2681f6e-8d94-2d66-484f-43ea602335f9,87.81,1410,1593,0,0,73879,41
2026/07/20 13:08:53.659,0,GPU-e2681f6e-8d94-2d66-484f-43ea602335f9,87.90,1410,1593,0,0,73879,41
2026/07/20 13:08:53.909,0,GPU-e2681f6e-8d94-2d66-484f-43ea602335f9,87.48,1410,1593,0,0,73879,40
2026/07/20 13:08:54.159,0,GPU-e2681f6e-8d94-2d66-484f-43ea602335f9,87.57,1410,1593,0,0,73879,40
2026/07/20 13:08:54.409,0,GPU-e2681f6e-8d94-2d66-484f-43ea602335f9,87.30,1410,1593,0,0,73879,40
2026/07/20 13:08:54.659,0,GPU-e2681f6e-8d94-2d66-484f-43ea602335f9,87.21,1410,1593,0,0,73879,40
2026/07/20 13:08:54.909,0,GPU-e2681f6e-8d94-2d66-484f-43ea602335f9,87.30,1410,1593,0,0,73879,39
2026/07/20 13:08:55.159,0,GPU-e2681f6e-8d94-2d66-484f-43ea602335f9,86.88,1410,1593,0,0,73879,39
2026/07/20 13:08:55.409,0,GPU-e2681f6e-8d94-2d66-484f-43ea602335f9,89.01,1410,1593,0,0,73879,39
2026/07/20 13:08:55.659,0,GPU-e2681f6e-8d94-2d66-484f-43ea602335f9,86.88,1410,1593,0,0,73879,39
2026/07/20 13:08:55.909,0,GPU-e2681f6e-8d94-2d66-484f-43ea602335f9,86.97,1410,1593,0,0,73879,39
2026/07/20 13:08:56.159,0,GPU-e2681f6e-8d94-2d66-484f-43ea602335f9,86.56,1410,1593,0,0,73879,39
2026/07/20 13:08:56.410,0,GPU-e2681f6e-8d94-2d66-484f-43ea602335f9,86.56,1410,1593,0,0,73879,39
2026/07/20 13:08:56.660,0,GPU-e2681f6e-8d94-2d66-484f-43ea602335f9,86.65,1410,1593,0,0,73879,39
2026/07/20 13:08:56.910,0,GPU-e2681f6e-8d94-2d66-484f-43ea602335f9,86.28,1410,1593,0,0,73879,38
2026/07/20 13:08:57.160,0,GPU-e2681f6e-8d94-2d66-484f-43ea602335f9,86.28,1410,1593,0,0,73879,38
2026/07/20 13:08:57.410,0,GPU-e2681f6e-8d94-2d66-484f-43ea602335f9,86.28,1410,1593,0,0,73879,38
2026/07/20 13:08:57.660,0,GPU-e2681f6e-8d94-2d66-484f-43ea602335f9,86.28,1410,1593,0,0,73879,38
2026/07/20 13:08:57.910,0,GPU-e2681f6e-8d94-2d66-484f-43ea602335f9,86.28,1410,1593,0,0,73879,38
2026/07/20 13:08:58.160,0,GPU-e2681f6e-8d94-2d66-484f-43ea602335f9,86.56,1410,1593,0,0,73879,38
2026/07/20 13:08:58.410,0,GPU-e2681f6e-8d94-2d66-484f-43ea602335f9,86.28,1410,1593,0,0,73879,38
2026/07/20 13:08:58.660,0,GPU-e2681f6e-8d94-2d66-484f-43ea602335f9,86.37,1410,1593,0,0,73879,38
2026/07/20 13:08:58.910,0,GPU-e2681f6e-8d94-2d66-484f-43ea602335f9,86.28,1410,1593,0,0,73879,38
2026/07/20 13:08:59.161,0,GPU-e2681f6e-8d94-2d66-484f-43ea602335f9,86.28,1410,1593,0,0,73879,38
2026/07/20 13:08:59.411,0,GPU-e2681f6e-8d94-2d66-484f-43ea602335f9,86.28,1410,1593,0,0,73879,38
2026/07/20 13:08:59.661,0,GPU-e2681f6e-8d94-2d66-484f-43ea602335f9,86.28,1410,1593,0,0,73879,38
2026/07/20 13:08:59.911,0,GPU-e2681f6e-8d94-2d66-484f-43ea602335f9,85.95,1410,1593,0,0,73879,38
2026/07/20 13:09:00.161,0,GPU-e2681f6e-8d94-2d66-484f-43ea602335f9,86.28,1410,1593,0,0,73879,38
2026/07/20 13:09:00.411,0,GPU-e2681f6e-8d94-2d66-484f-43ea602335f9,86.28,1410,1593,0,0,73879,38
2026/07/20 13:09:00.661,0,GPU-e2681f6e-8d94-2d66-484f-43ea602335f9,85.95,1410,1593,0,0,73879,38
2026/07/20 13:09:00.911,0,GPU-e2681f6e-8d94-2d66-484f-43ea602335f9,86.04,1410,1593,0,0,73879,38
2026/07/20 13:09:01.161,0,GPU-e2681f6e-8d94-2d66-484f-43ea602335f9,86.28,1410,1593,0,0,73879,38
2026/07/20 13:09:01.411,0,GPU-e2681f6e-8d94-2d66-484f-43ea602335f9,86.28,1410,1593,0,0,73879,37
2026/07/20 13:09:01.661,0,GPU-e2681f6e-8d94-2d66-484f-43ea602335f9,86.37,1410,1593,0,0,73879,37
2026/07/20 13:09:01.912,0,GPU-e2681f6e-8d94-2d66-484f-43ea602335f9,85.95,1410,1593,0,0,73879,37
2026/07/20 13:09:02.162,0,GPU-e2681f6e-8d94-2d66-484f-43ea602335f9,85.95,1410,1593,0,0,73879,37
2026/07/20 13:09:02.412,0,GPU-e2681f6e-8d94-2d66-484f-43ea602335f9,85.95,1410,1593,0,0,73879,37
2026/07/20 13:09:02.662,0,GPU-e2681f6e-8d94-2d66-484f-43ea602335f9,85.95,1410,1593,0,0,73879,37
2026/07/20 13:09:02.912,0,GPU-e2681f6e-8d94-2d66-484f-43ea602335f9,85.95,1410,1593,0,0,73879,37
2026/07/20 13:09:03.162,0,GPU-e2681f6e-8d94-2d66-484f-43ea602335f9,85.95,1410,1593,0,0,73879,37
2026/07/20 13:09:03.412,0,GPU-e2681f6e-8d94-2d66-484f-43ea602335f9,85.95,1410,1593,0,0,73879,37
2026/07/20 13:09:03.669,0,GPU-e2681f6e-8d94-2d66-484f-43ea602335f9,85.95,1410,1593,0,0,73879,37
2026/07/20 13:09:04.329,0,GPU-e2681f6e-8d94-2d66-484f-43ea602335f9,85.95,1410,1593,0,0,73879,37
2026/07/20 13:09:04.738,0,GPU-e2681f6e-8d94-2d66-484f-43ea602335f9,85.95,1410,1593,0,0,73879,37
2026/07/20 13:09:04.988,0,GPU-e2681f6e-8d94-2d66-484f-43ea602335f9,85.95,1410,1593,0,0,73879,37
2026/07/20 13:09:05.238,0,GPU-e2681f6e-8d94-2d66-484f-43ea602335f9,85.95,1410,1593,0,0,73879,37
2026/07/20 13:09:05.488,0,GPU-e2681f6e-8d94-2d66-484f-43ea602335f9,85.95,1410,1593,0,0,73879,37
2026/07/20 13:09:05.738,0,GPU-e2681f6e-8d94-2d66-484f-43ea602335f9,85.68,1410,1593,0,0,73879,37
2026/07/20 13:09:05.988,0,GPU-e2681f6e-8d94-2d66-484f-43ea602335f9,85.68,1410,1593,0,0,73879,37
2026/07/20 13:09:06.238,0,GPU-e2681f6e-8d94-2d66-484f-43ea602335f9,86.04,1410,1593,0,0,73879,37
2026/07/20 13:09:06.489,0,GPU-e2681f6e-8d94-2d66-484f-43ea602335f9,85.68,1410,1593,0,0,73879,37
2026/07/20 13:09:06.739,0,GPU-e2681f6e-8d94-2d66-484f-43ea602335f9,85.68,1410,1593,0,0,73879,37
2026/07/20 13:09:06.989,0,GPU-e2681f6e-8d94-2d66-484f-43ea602335f9,85.68,1410,1593,0,0,73879,37
2026/07/20 13:09:07.239,0,GPU-e2681f6e-8d94-2d66-484f-43ea602335f9,85.95,1410,1593,0,0,73879,37
2026/07/20 13:09:07.489,0,GPU-e2681f6e-8d94-2d66-484f-43ea602335f9,85.95,1410,1593,0,0,73879,37
2026/07/20 13:09:07.739,0,GPU-e2681f6e-8d94-2d66-484f-43ea602335f9,85.68,1410,1593,0,0,73879,37
2026/07/20 13:09:07.989,0,GPU-e2681f6e-8d94-2d66-484f-43ea602335f9,85.68,1410,1593,0,0,73879,37
2026/07/20 13:09:08.239,0,GPU-e2681f6e-8d94-2d66-484f-43ea602335f9,85.68,1410,1593,0,0,73879,37
2026/07/20 13:09:08.489,0,GPU-e2681f6e-8d94-2d66-484f-43ea602335f9,85.95,1410,1593,0,0,73879,37
2026/07/20 13:09:08.739,0,GPU-e2681f6e-8d94-2d66-484f-43ea602335f9,85.68,1410,1593,0,0,73879,37
2026/07/20 13:09:08.989,0,GPU-e2681f6e-8d94-2d66-484f-43ea602335f9,85.68,1410,1593,0,0,73879,37
2026/07/20 13:09:09.239,0,GPU-e2681f6e-8d94-2d66-484f-43ea602335f9,85.68,1410,1593,0,0,73879,37
2026/07/20 13:09:09.489,0,GPU-e2681f6e-8d94-2d66-484f-43ea602335f9,85.95,1410,1593,0,0,73879,37
2026/07/20 13:09:09.740,0,GPU-e2681f6e-8d94-2d66-484f-43ea602335f9,85.68,1410,1593,0,0,73879,37
2026/07/20 13:09:09.990,0,GPU-e2681f6e-8d94-2d66-484f-43ea602335f9,85.68,1410,1593,0,0,73879,36
2026/07/20 13:09:10.240,0,GPU-e2681f6e-8d94-2d66-484f-43ea602335f9,85.95,1410,1593,0,0,73879,36
2026/07/20 13:09:10.490,0,GPU-e2681f6e-8d94-2d66-484f-43ea602335f9,85.68,1410,1593,0,0,73879,36
2026/07/20 13:09:10.740,0,GPU-e2681f6e-8d94-2d66-484f-43ea602335f9,85.77,1410,1593,0,0,73879,36
2026/07/20 13:09:10.990,0,GPU-e2681f6e-8d94-2d66-484f-43ea602335f9,85.68,1410,1593,0,0,73879,36
2026/07/20 13:09:11.240,0,GPU-e2681f6e-8d94-2d66-484f-43ea602335f9,85.68,1410,1593,0,0,73879,36
2026/07/20 13:09:11.490,0,GPU-e2681f6e-8d94-2d66-484f-43ea602335f9,85.68,1410,1593,0,0,73879,36
2026/07/20 13:09:11.740,0,GPU-e2681f6e-8d94-2d66-484f-43ea602335f9,85.68,1410,1593,0,0,73879,36
2026/07/20 13:09:11.990,0,GPU-e2681f6e-8d94-2d66-484f-43ea602335f9,85.68,1410,1593,0,0,73879,36
2026/07/20 13:09:12.240,0,GPU-e2681f6e-8d94-2d66-484f-43ea602335f9,85.68,1410,1593,0,0,73879,36
2026/07/20 13:09:12.490,0,GPU-e2681f6e-8d94-2d66-484f-43ea602335f9,85.77,1410,1593,0,0,73879,36
2026/07/20 13:09:12.740,0,GPU-e2681f6e-8d94-2d66-484f-43ea602335f9,85.68,1410,1593,0,0,73879,36
2026/07/20 13:09:12.991,0,GPU-e2681f6e-8d94-2d66-484f-43ea602335f9,85.44,1410,1593,0,0,73879,36
2026/07/20 13:09:13.241,0,GPU-e2681f6e-8d94-2d66-484f-43ea602335f9,85.68,1410,1593,0,0,73879,36
2026/07/20 13:09:13.491,0,GPU-e2681f6e-8d94-2d66-484f-43ea602335f9,85.68,1410,1593,0,0,73879,36
2026/07/20 13:09:13.741,0,GPU-e2681f6e-8d94-2d66-484f-43ea602335f9,85.68,1410,1593,0,0,73879,36
2026/07/20 13:09:13.991,0,GPU-e2681f6e-8d94-2d66-484f-43ea602335f9,85.36,1410,1593,0,0,73879,36
2026/07/20 13:09:14.241,0,GPU-e2681f6e-8d94-2d66-484f-43ea602335f9,85.36,1410,1593,0,0,73879,36
2026/07/20 13:09:14.491,0,GPU-e2681f6e-8d94-2d66-484f-43ea602335f9,85.68,1410,1593,0,0,73879,36
2026/07/20 13:09:14.741,0,GPU-e2681f6e-8d94-2d66-484f-43ea602335f9,85.36,1410,1593,0,0,73879,36
2026/07/20 13:09:14.991,0,GPU-e2681f6e-8d94-2d66-484f-43ea602335f9,85.36,1410,1593,0,0,73879,36
2026/07/20 13:09:15.241,0,GPU-e2681f6e-8d94-2d66-484f-43ea602335f9,85.68,1410,1593,0,0,73879,36
2026/07/20 13:09:15.491,0,GPU-e2681f6e-8d94-2d66-484f-43ea602335f9,85.36,1410,1593,0,0,73879,36
2026/07/20 13:09:15.741,0,GPU-e2681f6e-8d94-2d66-484f-43ea602335f9,85.68,1410,1593,0,0,73879,36
2026/07/20 13:09:15.992,0,GPU-e2681f6e-8d94-2d66-484f-43ea602335f9,85.36,1410,1593,0,0,73879,36
2026/07/20 13:09:16.242,0,GPU-e2681f6e-8d94-2d66-484f-43ea602335f9,85.36,1410,1593,0,0,73879,36
2026/07/20 13:09:16.492,0,GPU-e2681f6e-8d94-2d66-484f-43ea602335f9,85.36,1410,1593,0,0,73879,36
2026/07/20 13:09:16.742,0,GPU-e2681f6e-8d94-2d66-484f-43ea602335f9,85.36,1410,1593,0,0,73879,36
2026/07/20 13:09:16.992,0,GPU-e2681f6e-8d94-2d66-484f-43ea602335f9,85.68,1410,1593,0,0,73879,36
2026/07/20 13:09:17.242,0,GPU-e2681f6e-8d94-2d66-484f-43ea602335f9,85.36,1410,1593,0,0,73879,36
2026/07/20 13:09:17.492,0,GPU-e2681f6e-8d94-2d66-484f-43ea602335f9,85.68,1410,1593,0,0,73879,36
2026/07/20 13:09:17.742,0,GPU-e2681f6e-8d94-2d66-484f-43ea602335f9,85.77,1410,1593,0,0,73879,36
2026/07/20 13:09:17.992,0,GPU-e2681f6e-8d94-2d66-484f-43ea602335f9,85.36,1410,1593,0,0,73879,36
2026/07/20 13:09:18.242,0,GPU-e2681f6e-8d94-2d66-484f-43ea602335f9,85.36,1410,1593,0,0,73879,36
2026/07/20 13:09:18.492,0,GPU-e2681f6e-8d94-2d66-484f-43ea602335f9,85.36,1410,1593,0,0,73879,36
2026/07/20 13:09:18.742,0,GPU-e2681f6e-8d94-2d66-484f-43ea602335f9,85.68,1410,1593,0,0,73879,36
2026/07/20 13:09:18.993,0,GPU-e2681f6e-8d94-2d66-484f-43ea602335f9,85.36,1410,1593,0,0,73879,36
2026/07/20 13:09:19.243,0,GPU-e2681f6e-8d94-2d66-484f-43ea602335f9,85.68,1410,1593,0,0,73879,36
2026/07/20 13:09:19.493,0,GPU-e2681f6e-8d94-2d66-484f-43ea602335f9,85.36,1410,1593,0,0,73879,36
2026/07/20 13:09:19.743,0,GPU-e2681f6e-8d94-2d66-484f-43ea602335f9,85.68,1410,1593,0,0,73879,36
2026/07/20 13:09:19.993,0,GPU-e2681f6e-8d94-2d66-484f-43ea602335f9,85.36,1410,1593,0,0,73879,36
2026/07/20 13:09:20.243,0,GPU-e2681f6e-8d94-2d66-484f-43ea602335f9,85.36,1410,1593,0,0,73879,36
2026/07/20 13:09:20.493,0,GPU-e2681f6e-8d94-2d66-484f-43ea602335f9,85.36,1410,1593,0,0,73879,36
2026/07/20 13:09:20.743,0,GPU-e2681f6e-8d94-2d66-484f-43ea602335f9,85.36,1410,1593,0,0,73879,36
2026/07/20 13:09:20.993,0,GPU-e2681f6e-8d94-2d66-484f-43ea602335f9,85.44,1410,1593,0,0,73879,36
2026/07/20 13:09:21.243,0,GPU-e2681f6e-8d94-2d66-484f-43ea602335f9,85.36,1410,1593,0,0,73879,36
2026/07/20 13:09:21.493,0,GPU-e2681f6e-8d94-2d66-484f-43ea602335f9,85.36,1410,1593,0,0,73879,36
2026/07/20 13:09:21.743,0,GPU-e2681f6e-8d94-2d66-484f-43ea602335f9,85.36,1410,1593,0,0,73879,36
2026/07/20 13:09:21.994,0,GPU-e2681f6e-8d94-2d66-484f-43ea602335f9,85.36,1410,1593,0,0,73879,36
2026/07/20 13:09:22.244,0,GPU-e2681f6e-8d94-2d66-484f-43ea602335f9,85.36,1410,1593,0,0,73879,36
2026/07/20 13:09:22.494,0,GPU-e2681f6e-8d94-2d66-484f-43ea602335f9,85.36,1410,1593,0,0,73879,36
2026/07/20 13:09:22.744,0,GPU-e2681f6e-8d94-2d66-484f-43ea602335f9,85.36,1410,1593,0,0,73879,36
2026/07/20 13:09:22.994,0,GPU-e2681f6e-8d94-2d66-484f-43ea602335f9,85.36,1410,1593,0,0,73879,36
2026/07/20 13:09:23.244,0,GPU-e2681f6e-8d94-2d66-484f-43ea602335f9,85.68,1410,1593,0,0,73879,36
2026/07/20 13:09:23.494,0,GPU-e2681f6e-8d94-2d66-484f-43ea602335f9,85.44,1410,1593,0,0,73879,36
2026/07/20 13:09:23.744,0,GPU-e2681f6e-8d94-2d66-484f-43ea602335f9,85.44,1410,1593,0,0,73879,36
2026/07/20 13:09:23.994,0,GPU-e2681f6e-8d94-2d66-484f-43ea602335f9,85.36,1410,1593,0,0,73879,36
2026/07/20 13:09:24.244,0,GPU-e2681f6e-8d94-2d66-484f-43ea602335f9,85.36,1410,1593,0,0,73879,36
2026/07/20 13:09:24.495,0,GPU-e2681f6e-8d94-2d66-484f-43ea602335f9,85.68,1410,1593,0,0,73879,36
2026/07/20 13:09:24.745,0,GPU-e2681f6e-8d94-2d66-484f-43ea602335f9,85.36,1410,1593,0,0,73879,36
2026/07/20 13:09:24.995,0,GPU-e2681f6e-8d94-2d66-484f-43ea602335f9,84.75,1410,1593,0,0,73879,36
2026/07/20 13:09:25.245,0,GPU-e2681f6e-8d94-2d66-484f-43ea602335f9,84.67,1410,1593,0,0,73879,36
2026/07/20 13:09:25.495,0,GPU-e2681f6e-8d94-2d66-484f-43ea602335f9,84.75,1410,1593,0,0,73879,36
2026/07/20 13:09:25.745,0,GPU-e2681f6e-8d94-2d66-484f-43ea602335f9,84.75,1410,1593,0,0,73879,36
2026/07/20 13:09:25.995,0,GPU-e2681f6e-8d94-2d66-484f-43ea602335f9,84.75,1410,1593,0,0,73879,36
2026/07/20 13:09:26.245,0,GPU-e2681f6e-8d94-2d66-484f-43ea602335f9,84.84,1410,1593,0,0,73879,36
2026/07/20 13:09:26.495,0,GPU-e2681f6e-8d94-2d66-484f-43ea602335f9,84.75,1410,1593,0,0,73879,36
2026/07/20 13:09:26.745,0,GPU-e2681f6e-8d94-2d66-484f-43ea602335f9,84.75,1410,1593,0,0,73879,36
2026/07/20 13:09:26.995,0,GPU-e2681f6e-8d94-2d66-484f-43ea602335f9,85.08,1410,1593,0,0,73879,36
2026/07/20 13:09:27.245,0,GPU-e2681f6e-8d94-2d66-484f-43ea602335f9,84.84,1410,1593,0,0,73879,36
2026/07/20 13:09:27.496,0,GPU-e2681f6e-8d94-2d66-484f-43ea602335f9,85.08,1410,1593,0,0,73879,36
2026/07/20 13:09:27.746,0,GPU-e2681f6e-8d94-2d66-484f-43ea602335f9,84.75,1410,1593,0,0,73879,36
2026/07/20 13:09:27.996,0,GPU-e2681f6e-8d94-2d66-484f-43ea602335f9,84.75,1410,1593,0,0,73879,36
2026/07/20 13:09:28.246,0,GPU-e2681f6e-8d94-2d66-484f-43ea602335f9,84.75,1410,1593,0,0,73879,36
2026/07/20 13:09:28.496,0,GPU-e2681f6e-8d94-2d66-484f-43ea602335f9,85.17,1410,1593,0,0,73879,36
2026/07/20 13:09:28.746,0,GPU-e2681f6e-8d94-2d66-484f-43ea602335f9,84.75,1410,1593,0,0,73879,36
2026/07/20 13:09:28.996,0,GPU-e2681f6e-8d94-2d66-484f-43ea602335f9,84.75,1410,1593,0,0,73879,36
2026/07/20 13:09:29.246,0,GPU-e2681f6e-8d94-2d66-484f-43ea602335f9,84.75,1410,1593,0,0,73879,36
2026/07/20 13:09:29.496,0,GPU-e2681f6e-8d94-2d66-484f-43ea602335f9,85.08,1410,1593,0,0,73879,36
2026/07/20 13:09:29.746,0,GPU-e2681f6e-8d94-2d66-484f-43ea602335f9,84.75,1410,1593,0,0,73879,35
2026/07/20 13:09:29.996,0,GPU-e2681f6e-8d94-2d66-484f-43ea602335f9,84.75,1410,1593,0,0,73879,35
2026/07/20 13:09:30.247,0,GPU-e2681f6e-8d94-2d66-484f-43ea602335f9,84.75,1410,1593,0,0,73879,35
2026/07/20 13:09:30.497,0,GPU-e2681f6e-8d94-2d66-484f-43ea602335f9,85.08,1410,1593,0,0,73879,35
2026/07/20 13:09:30.747,0,GPU-e2681f6e-8d94-2d66-484f-43ea602335f9,84.75,1410,1593,0,0,73879,35
2026/07/20 13:09:30.997,0,GPU-e2681f6e-8d94-2d66-484f-43ea602335f9,84.75,1410,1593,0,0,73879,36
2026/07/20 13:09:31.247,0,GPU-e2681f6e-8d94-2d66-484f-43ea602335f9,84.84,1410,1593,0,0,73879,35
2026/07/20 13:09:31.497,0,GPU-e2681f6e-8d94-2d66-484f-43ea602335f9,84.84,1410,1593,0,0,73879,35
2026/07/20 13:09:31.747,0,GPU-e2681f6e-8d94-2d66-484f-43ea602335f9,84.75,1410,1593,0,0,73879,35
2026/07/20 13:09:31.997,0,GPU-e2681f6e-8d94-2d66-484f-43ea602335f9,84.75,1410,1593,0,0,73879,35
2026/07/20 13:09:32.247,0,GPU-e2681f6e-8d94-2d66-484f-43ea602335f9,84.75,1410,1593,0,0,73879,35
2026/07/20 13:09:32.497,0,GPU-e2681f6e-8d94-2d66-484f-43ea602335f9,84.75,1410,1593,0,0,73879,35
2026/07/20 13:09:32.747,0,GPU-e2681f6e-8d94-2d66-484f-43ea602335f9,84.75,1410,1593,0,0,73879,35
2026/07/20 13:09:32.998,0,GPU-e2681f6e-8d94-2d66-484f-43ea602335f9,84.75,1410,1593,0,0,73879,35
2026/07/20 13:09:33.248,0,GPU-e2681f6e-8d94-2d66-484f-43ea602335f9,84.75,1410,1593,0,0,73879,35
2026/07/20 13:09:33.498,0,GPU-e2681f6e-8d94-2d66-484f-43ea602335f9,84.75,1410,1593,0,0,73879,35
2026/07/20 13:09:33.748,0,GPU-e2681f6e-8d94-2d66-484f-43ea602335f9,84.75,1410,1593,0,0,73879,35
2026/07/20 13:09:33.998,0,GPU-e2681f6e-8d94-2d66-484f-43ea602335f9,84.75,1410,1593,0,0,73879,35
2026/07/20 13:09:34.248,0,GPU-e2681f6e-8d94-2d66-484f-43ea602335f9,84.75,1410,1593,0,0,73879,35
2026/07/20 13:09:34.498,0,GPU-e2681f6e-8d94-2d66-484f-43ea602335f9,85.08,1410,1593,0,0,73879,35
2026/07/20 13:09:34.748,0,GPU-e2681f6e-8d94-2d66-484f-43ea602335f9,84.75,1410,1593,0,0,73879,35
2026/07/20 13:09:34.998,0,GPU-e2681f6e-8d94-2d66-484f-43ea602335f9,84.75,1410,1593,0,0,73879,35
2026/07/20 13:09:35.248,0,GPU-e2681f6e-8d94-2d66-484f-43ea602335f9,84.75,1410,1593,0,0,73879,35
2026/07/20 13:09:35.498,0,GPU-e2681f6e-8d94-2d66-484f-43ea602335f9,85.08,1410,1593,0,0,73879,35
2026/07/20 13:09:35.749,0,GPU-e2681f6e-8d94-2d66-484f-43ea602335f9,85.08,1410,1593,0,0,73879,35
2026/07/20 13:09:35.999,0,GPU-e2681f6e-8d94-2d66-484f-43ea602335f9,84.75,1410,1593,0,0,73879,35
2026/07/20 13:09:36.249,0,GPU-e2681f6e-8d94-2d66-484f-43ea602335f9,85.08,1410,1593,0,0,73879,35
2026/07/20 13:09:36.499,0,GPU-e2681f6e-8d94-2d66-484f-43ea602335f9,84.75,1410,1593,0,0,73879,35
2026/07/20 13:09:36.749,0,GPU-e2681f6e-8d94-2d66-484f-43ea602335f9,85.08,1410,1593,0,0,73879,35
2026/07/20 13:09:36.999,0,GPU-e2681f6e-8d94-2d66-484f-43ea602335f9,85.08,1410,1593,0,0,73879,35
2026/07/20 13:09:37.249,0,GPU-e2681f6e-8d94-2d66-484f-43ea602335f9,84.84,1410,1593,0,0,73879,35
2026/07/20 13:09:37.499,0,GPU-e2681f6e-8d94-2d66-484f-43ea602335f9,84.84,1410,1593,0,0,73879,35
2026/07/20 13:09:37.749,0,GPU-e2681f6e-8d94-2d66-484f-43ea602335f9,84.84,1410,1593,0,0,73879,35
2026/07/20 13:09:37.999,0,GPU-e2681f6e-8d94-2d66-484f-43ea602335f9,84.67,1410,1593,0,0,73879,35
2026/07/20 13:09:38.250,0,GPU-e2681f6e-8d94-2d66-484f-43ea602335f9,84.75,1410,1593,0,0,73879,35
2026/07/20 13:09:38.500,0,GPU-e2681f6e-8d94-2d66-484f-43ea602335f9,84.84,1410,1593,0,0,73879,35
2026/07/20 13:09:38.750,0,GPU-e2681f6e-8d94-2d66-484f-43ea602335f9,84.75,1410,1593,0,0,73879,35
2026/07/20 13:09:39.000,0,GPU-e2681f6e-8d94-2d66-484f-43ea602335f9,84.75,1410,1593,0,0,73879,35
2026/07/20 13:09:39.250,0,GPU-e2681f6e-8d94-2d66-484f-43ea602335f9,84.75,1410,1593,0,0,73879,35
2026/07/20 13:09:39.500,0,GPU-e2681f6e-8d94-2d66-484f-43ea602335f9,84.75,1410,1593,0,0,73879,35
2026/07/20 13:09:39.750,0,GPU-e2681f6e-8d94-2d66-484f-43ea602335f9,84.75,1410,1593,0,0,73879,35
2026/07/20 13:09:40.000,0,GPU-e2681f6e-8d94-2d66-484f-43ea602335f9,84.84,1410,1593,0,0,73879,35
2026/07/20 13:09:40.250,0,GPU-e2681f6e-8d94-2d66-484f-43ea602335f9,84.75,1410,1593,0,0,73879,35
2026/07/20 13:09:40.500,0,GPU-e2681f6e-8d94-2d66-484f-43ea602335f9,84.75,1410,1593,0,0,73879,35
2026/07/20 13:09:40.750,0,GPU-e2681f6e-8d94-2d66-484f-43ea602335f9,84.75,1410,1593,0,0,73879,35
2026/07/20 13:09:41.000,0,GPU-e2681f6e-8d94-2d66-484f-43ea602335f9,84.75,1410,1593,0,0,73879,35
2026/07/20 13:09:41.251,0,GPU-e2681f6e-8d94-2d66-484f-43ea602335f9,84.75,1410,1593,0,0,73879,35
2026/07/20 13:09:41.501,0,GPU-e2681f6e-8d94-2d66-484f-43ea602335f9,84.75,1410,1593,0,0,73879,35
2026/07/20 13:09:41.751,0,GPU-e2681f6e-8d94-2d66-484f-43ea602335f9,84.75,1410,1593,0,0,73879,35
2026/07/20 13:09:42.001,0,GPU-e2681f6e-8d94-2d66-484f-43ea602335f9,84.75,1410,1593,0,0,73879,35
2026/07/20 13:09:42.251,0,GPU-e2681f6e-8d94-2d66-484f-43ea602335f9,85.08,1410,1593,0,0,73879,35
2026/07/20 13:09:42.501,0,GPU-e2681f6e-8d94-2d66-484f-43ea602335f9,84.51,1410,1593,0,0,73879,35
2026/07/20 13:09:42.751,0,GPU-e2681f6e-8d94-2d66-484f-43ea602335f9,84.75,1410,1593,0,0,73879,35
2026/07/20 13:09:43.001,0,GPU-e2681f6e-8d94-2d66-484f-43ea602335f9,84.75,1410,1593,0,0,73879,35
2026/07/20 13:09:43.251,0,GPU-e2681f6e-8d94-2d66-484f-43ea602335f9,84.43,1410,1593,0,0,73879,35
2026/07/20 13:09:43.501,0,GPU-e2681f6e-8d94-2d66-484f-43ea602335f9,84.84,1410,1593,0,0,73879,35
2026/07/20 13:09:43.751,0,GPU-e2681f6e-8d94-2d66-484f-43ea602335f9,84.43,1410,1593,0,0,73879,35
2026/07/20 13:09:44.002,0,GPU-e2681f6e-8d94-2d66-484f-43ea602335f9,84.43,1410,1593,0,0,73879,35
2026/07/20 13:09:44.252,0,GPU-e2681f6e-8d94-2d66-484f-43ea602335f9,84.43,1410,1593,0,0,73879,35
2026/07/20 13:09:44.502,0,GPU-e2681f6e-8d94-2d66-484f-43ea602335f9,84.16,1410,1593,0,0,73879,35
2026/07/20 13:09:44.752,0,GPU-e2681f6e-8d94-2d66-484f-43ea602335f9,84.43,1410,1593,0,0,73879,35
2026/07/20 13:09:45.002,0,GPU-e2681f6e-8d94-2d66-484f-43ea602335f9,84.43,1410,1593,0,0,73879,35
2026/07/20 13:09:45.252,0,GPU-e2681f6e-8d94-2d66-484f-43ea602335f9,84.43,1410,1593,0,0,73879,35
2026/07/20 13:09:45.502,0,GPU-e2681f6e-8d94-2d66-484f-43ea602335f9,84.16,1410,1593,0,0,73879,35
2026/07/20 13:09:45.752,0,GPU-e2681f6e-8d94-2d66-484f-43ea602335f9,84.43,1410,1593,0,0,73879,35
2026/07/20 13:09:46.002,0,GPU-e2681f6e-8d94-2d66-484f-43ea602335f9,84.43,1410,1593,0,0,73879,35
2026/07/20 13:09:46.252,0,GPU-e2681f6e-8d94-2d66-484f-43ea602335f9,84.51,1410,1593,0,0,73879,35
2026/07/20 13:09:46.502,0,GPU-e2681f6e-8d94-2d66-484f-43ea602335f9,84.43,1410,1593,0,0,73879,35
2026/07/20 13:09:46.753,0,GPU-e2681f6e-8d94-2d66-484f-43ea602335f9,84.24,1410,1593,0,0,73879,35
2026/07/20 13:09:47.003,0,GPU-e2681f6e-8d94-2d66-484f-43ea602335f9,84.43,1410,1593,0,0,73879,35
2026/07/20 13:09:47.253,0,GPU-e2681f6e-8d94-2d66-484f-43ea602335f9,84.43,1410,1593,0,0,73879,35
2026/07/20 13:09:47.503,0,GPU-e2681f6e-8d94-2d66-484f-43ea602335f9,84.75,1410,1593,0,0,73879,35
2026/07/20 13:09:47.753,0,GPU-e2681f6e-8d94-2d66-484f-43ea602335f9,84.43,1410,1593,0,0,73879,35
2026/07/20 13:09:48.003,0,GPU-e2681f6e-8d94-2d66-484f-43ea602335f9,84.43,1410,1593,0,0,73879,35
2026/07/20 13:09:48.253,0,GPU-e2681f6e-8d94-2d66-484f-43ea602335f9,84.51,1410,1593,0,0,73879,35
2026/07/20 13:09:48.503,0,GPU-e2681f6e-8d94-2d66-484f-43ea602335f9,84.43,1410,1593,0,0,73879,35
2026/07/20 13:09:48.753,0,GPU-e2681f6e-8d94-2d66-484f-43ea602335f9,84.84,1410,1593,0,0,73879,35
2026/07/20 13:09:49.003,0,GPU-e2681f6e-8d94-2d66-484f-43ea602335f9,84.43,1410,1593,0,0,73879,35
2026/07/20 13:09:49.253,0,GPU-e2681f6e-8d94-2d66-484f-43ea602335f9,84.16,1410,1593,0,0,73879,35
2026/07/20 13:09:49.504,0,GPU-e2681f6e-8d94-2d66-484f-43ea602335f9,84.43,1410,1593,0,0,73879,35
2026/07/20 13:09:49.754,0,GPU-e2681f6e-8d94-2d66-484f-43ea602335f9,84.16,1410,1593,0,0,73879,35
2026/07/20 13:09:50.004,0,GPU-e2681f6e-8d94-2d66-484f-43ea602335f9,84.43,1410,1593,0,0,73879,35
2026/07/20 13:09:50.254,0,GPU-e2681f6e-8d94-2d66-484f-43ea602335f9,84.16,1410,1593,0,0,73879,35
2026/07/20 13:09:50.504,0,GPU-e2681f6e-8d94-2d66-484f-43ea602335f9,84.43,1410,1593,0,0,73879,35
2026/07/20 13:09:50.754,0,GPU-e2681f6e-8d94-2d66-484f-43ea602335f9,84.16,1410,1593,0,0,73879,35
2026/07/20 13:09:51.004,0,GPU-e2681f6e-8d94-2d66-484f-43ea602335f9,84.16,1410,1593,0,0,73879,35
2026/07/20 13:09:51.254,0,GPU-e2681f6e-8d94-2d66-484f-43ea602335f9,84.43,1410,1593,0,0,73879,35
2026/07/20 13:09:51.504,0,GPU-e2681f6e-8d94-2d66-484f-43ea602335f9,84.51,1410,1593,0,0,73879,35
2026/07/20 13:09:51.754,0,GPU-e2681f6e-8d94-2d66-484f-43ea602335f9,84.24,1410,1593,0,0,73879,35
2026/07/20 13:09:52.004,0,GPU-e2681f6e-8d94-2d66-484f-43ea602335f9,84.16,1410,1593,0,0,73879,35
2026/07/20 13:09:52.255,0,GPU-e2681f6e-8d94-2d66-484f-43ea602335f9,84.43,1410,1593,0,0,73879,35
2026/07/20 13:09:52.505,0,GPU-e2681f6e-8d94-2d66-484f-43ea602335f9,84.51,1410,1593,0,0,73879,35
2026/07/20 13:09:52.755,0,GPU-e2681f6e-8d94-2d66-484f-43ea602335f9,84.43,1410,1593,0,0,73879,35
2026/07/20 13:09:53.005,0,GPU-e2681f6e-8d94-2d66-484f-43ea602335f9,84.16,1410,1593,0,0,73879,35
2026/07/20 13:09:53.255,0,GPU-e2681f6e-8d94-2d66-484f-43ea602335f9,84.16,1410,1593,0,0,73879,35
2026/07/20 13:09:53.505,0,GPU-e2681f6e-8d94-2d66-484f-43ea602335f9,84.34,1410,1593,0,0,73879,35
2026/07/20 13:09:53.755,0,GPU-e2681f6e-8d94-2d66-484f-43ea602335f9,84.43,1410,1593,0,0,73879,35
2026/07/20 13:09:54.005,0,GPU-e2681f6e-8d94-2d66-484f-43ea602335f9,84.43,1410,1593,0,0,73879,35
2026/07/20 13:09:54.255,0,GPU-e2681f6e-8d94-2d66-484f-43ea602335f9,84.43,1410,1593,0,0,73879,35
2026/07/20 13:09:54.505,0,GPU-e2681f6e-8d94-2d66-484f-43ea602335f9,84.43,1410,1593,0,0,73879,35
2026/07/20 13:09:54.755,0,GPU-e2681f6e-8d94-2d66-484f-43ea602335f9,84.43,1410,1593,0,0,73879,35
2026/07/20 13:09:55.006,0,GPU-e2681f6e-8d94-2d66-484f-43ea602335f9,84.43,1410,1593,0,0,73879,35
2026/07/20 13:09:55.256,0,GPU-e2681f6e-8d94-2d66-484f-43ea602335f9,84.43,1410,1593,0,0,73879,35
2026/07/20 13:09:55.506,0,GPU-e2681f6e-8d94-2d66-484f-43ea602335f9,84.51,1410,1593,0,0,73879,35
2026/07/20 13:09:55.756,0,GPU-e2681f6e-8d94-2d66-484f-43ea602335f9,84.43,1410,1593,0,0,73879,35
2026/07/20 13:09:56.006,0,GPU-e2681f6e-8d94-2d66-484f-43ea602335f9,84.16,1410,1593,0,0,73879,35
2026/07/20 13:09:56.256,0,GPU-e2681f6e-8d94-2d66-484f-43ea602335f9,84.43,1410,1593,0,0,73879,35
2026/07/20 13:09:56.506,0,GPU-e2681f6e-8d94-2d66-484f-43ea602335f9,84.16,1410,1593,0,0,73879,35
2026/07/20 13:09:56.756,0,GPU-e2681f6e-8d94-2d66-484f-43ea602335f9,84.34,1410,1593,0,0,73879,35
2026/07/20 13:09:57.006,0,GPU-e2681f6e-8d94-2d66-484f-43ea602335f9,84.34,1410,1593,0,0,73879,35
2026/07/20 13:09:57.256,0,GPU-e2681f6e-8d94-2d66-484f-43ea602335f9,84.43,1410,1593,0,0,73879,35
2026/07/20 13:09:57.506,0,GPU-e2681f6e-8d94-2d66-484f-43ea602335f9,84.34,1410,1593,0,0,73879,35
2026/07/20 13:09:57.757,0,GPU-e2681f6e-8d94-2d66-484f-43ea602335f9,84.43,1410,1593,0,0,73879,35
2026/07/20 13:09:58.007,0,GPU-e2681f6e-8d94-2d66-484f-43ea602335f9,84.34,1410,1593,0,0,73879,35
2026/07/20 13:09:58.257,0,GPU-e2681f6e-8d94-2d66-484f-43ea602335f9,84.34,1410,1593,0,0,73879,35
2026/07/20 13:09:58.507,0,GPU-e2681f6e-8d94-2d66-484f-43ea602335f9,84.34,1410,1593,0,0,73879,35
2026/07/20 13:09:58.757,0,GPU-e2681f6e-8d94-2d66-484f-43ea602335f9,84.34,1410,1593,0,0,73879,35
2026/07/20 13:09:59.007,0,GPU-e2681f6e-8d94-2d66-484f-43ea602335f9,84.67,1410,1593,0,0,73879,35
2026/07/20 13:09:59.257,0,GPU-e2681f6e-8d94-2d66-484f-43ea602335f9,84.34,1410,1593,0,0,73879,35
2026/07/20 13:09:59.507,0,GPU-e2681f6e-8d94-2d66-484f-43ea602335f9,84.34,1410,1593,0,0,73879,35
2026/07/20 13:09:59.757,0,GPU-e2681f6e-8d94-2d66-484f-43ea602335f9,84.34,1410,1593,0,0,73879,35
2026/07/20 13:10:00.007,0,GPU-e2681f6e-8d94-2d66-484f-43ea602335f9,84.67,1410,1593,0,0,73879,35
2026/07/20 13:10:00.257,0,GPU-e2681f6e-8d94-2d66-484f-43ea602335f9,84.67,1410,1593,0,0,73879,35
2026/07/20 13:10:00.508,0,GPU-e2681f6e-8d94-2d66-484f-43ea602335f9,84.43,1410,1593,0,0,73879,35
2026/07/20 13:10:00.758,0,GPU-e2681f6e-8d94-2d66-484f-43ea602335f9,84.43,1410,1593,0,0,73879,35
2026/07/20 13:10:01.008,0,GPU-e2681f6e-8d94-2d66-484f-43ea602335f9,85.36,1410,1593,0,0,73879,35
2026/07/20 13:10:01.258,0,GPU-e2681f6e-8d94-2d66-484f-43ea602335f9,84.43,1410,1593,0,0,73879,35
2026/07/20 13:10:01.508,0,GPU-e2681f6e-8d94-2d66-484f-43ea602335f9,84.43,1410,1593,0,0,73879,35
2026/07/20 13:10:01.758,0,GPU-e2681f6e-8d94-2d66-484f-43ea602335f9,84.34,1410,1593,0,0,73879,35
2026/07/20 13:10:02.008,0,GPU-e2681f6e-8d94-2d66-484f-43ea602335f9,84.34,1410,1593,0,0,73879,35
2026/07/20 13:10:02.258,0,GPU-e2681f6e-8d94-2d66-484f-43ea602335f9,84.34,1410,1593,0,0,73879,35
2026/07/20 13:10:02.508,0,GPU-e2681f6e-8d94-2d66-484f-43ea602335f9,84.34,1410,1593,0,0,73879,35
2026/07/20 13:10:02.758,0,GPU-e2681f6e-8d94-2d66-484f-43ea602335f9,84.43,1410,1593,0,0,73879,35
2026/07/20 13:10:03.008,0,GPU-e2681f6e-8d94-2d66-484f-43ea602335f9,84.43,1410,1593,0,0,73879,35
2026/07/20 13:10:03.259,0,GPU-e2681f6e-8d94-2d66-484f-43ea602335f9,84.16,1410,1593,0,0,73879,35
2026/07/20 13:10:03.509,0,GPU-e2681f6e-8d94-2d66-484f-43ea602335f9,84.34,1410,1593,0,0,73879,35
2026/07/20 13:10:03.759,0,GPU-e2681f6e-8d94-2d66-484f-43ea602335f9,84.34,1410,1593,0,0,73879,35
2026/07/20 13:10:04.009,0,GPU-e2681f6e-8d94-2d66-484f-43ea602335f9,84.34,1410,1593,0,0,73879,35
2026/07/20 13:10:04.259,0,GPU-e2681f6e-8d94-2d66-484f-43ea602335f9,84.43,1410,1593,0,0,73879,35
2026/07/20 13:10:04.509,0,GPU-e2681f6e-8d94-2d66-484f-43ea602335f9,84.43,1410,1593,0,0,73879,35
2026/07/20 13:10:04.759,0,GPU-e2681f6e-8d94-2d66-484f-43ea602335f9,84.43,1410,1593,0,0,73879,35
2026/07/20 13:10:05.009,0,GPU-e2681f6e-8d94-2d66-484f-43ea602335f9,84.67,1410,1593,0,0,73879,35
2026/07/20 13:10:05.259,0,GPU-e2681f6e-8d94-2d66-484f-43ea602335f9,84.34,1410,1593,0,0,73879,35
2026/07/20 13:10:05.509,0,GPU-e2681f6e-8d94-2d66-484f-43ea602335f9,84.16,1410,1593,0,0,73879,35
2026/07/20 13:10:05.759,0,GPU-e2681f6e-8d94-2d66-484f-43ea602335f9,84.34,1410,1593,0,0,73879,35
2026/07/20 13:10:06.010,0,GPU-e2681f6e-8d94-2d66-484f-43ea602335f9,84.75,1410,1593,0,0,73879,35
2026/07/20 13:10:06.260,0,GPU-e2681f6e-8d94-2d66-484f-43ea602335f9,84.43,1410,1593,0,0,73879,35
2026/07/20 13:10:06.510,0,GPU-e2681f6e-8d94-2d66-484f-43ea602335f9,84.43,1410,1593,0,0,73879,35
2026/07/20 13:10:06.760,0,GPU-e2681f6e-8d94-2d66-484f-43ea602335f9,84.34,1410,1593,0,0,73879,35
2026/07/20 13:10:07.010,0,GPU-e2681f6e-8d94-2d66-484f-43ea602335f9,84.43,1410,1593,0,0,73879,35
2026/07/20 13:10:07.260,0,GPU-e2681f6e-8d94-2d66-484f-43ea602335f9,84.34,1410,1593,0,0,73879,35
2026/07/20 13:10:07.510,0,GPU-e2681f6e-8d94-2d66-484f-43ea602335f9,84.43,1410,1593,0,0,73879,35
2026/07/20 13:10:07.760,0,GPU-e2681f6e-8d94-2d66-484f-43ea602335f9,84.43,1410,1593,0,0,73879,35
2026/07/20 13:10:08.010,0,GPU-e2681f6e-8d94-2d66-484f-43ea602335f9,84.43,1410,1593,0,0,73879,35
2026/07/20 13:10:08.260,0,GPU-e2681f6e-8d94-2d66-484f-43ea602335f9,84.34,1410,1593,0,0,73879,35
2026/07/20 13:10:08.510,0,GPU-e2681f6e-8d94-2d66-484f-43ea602335f9,84.75,1410,1593,0,0,73879,35
2026/07/20 13:10:08.760,0,GPU-e2681f6e-8d94-2d66-484f-43ea602335f9,84.43,1410,1593,0,0,73879,35
2026/07/20 13:10:09.011,0,GPU-e2681f6e-8d94-2d66-484f-43ea602335f9,84.43,1410,1593,0,0,73879,35
2026/07/20 13:10:09.261,0,GPU-e2681f6e-8d94-2d66-484f-43ea602335f9,84.43,1410,1593,0,0,73879,35
2026/07/20 13:10:09.511,0,GPU-e2681f6e-8d94-2d66-484f-43ea602335f9,84.75,1410,1593,0,0,73879,35
2026/07/20 13:10:09.761,0,GPU-e2681f6e-8d94-2d66-484f-43ea602335f9,84.34,1410,1593,0,0,73879,35
2026/07/20 13:10:10.011,0,GPU-e2681f6e-8d94-2d66-484f-43ea602335f9,84.34,1410,1593,0,0,73879,35
2026/07/20 13:10:10.261,0,GPU-e2681f6e-8d94-2d66-484f-43ea602335f9,84.34,1410,1593,0,0,73879,35
2026/07/20 13:10:10.511,0,GPU-e2681f6e-8d94-2d66-484f-43ea602335f9,84.34,1410,1593,0,0,73879,35
2026/07/20 13:10:10.761,0,GPU-e2681f6e-8d94-2d66-484f-43ea602335f9,84.43,1410,1593,0,0,73879,35
2026/07/20 13:10:11.011,0,GPU-e2681f6e-8d94-2d66-484f-43ea602335f9,84.34,1410,1593,0,0,73879,35
2026/07/20 13:10:11.261,0,GPU-e2681f6e-8d94-2d66-484f-43ea602335f9,84.43,1410,1593,0,0,73879,35
2026/07/20 13:10:11.511,0,GPU-e2681f6e-8d94-2d66-484f-43ea602335f9,84.34,1410,1593,0,0,73879,35
2026/07/20 13:10:11.762,0,GPU-e2681f6e-8d94-2d66-484f-43ea602335f9,84.75,1410,1593,0,0,73879,35
2026/07/20 13:10:12.012,0,GPU-e2681f6e-8d94-2d66-484f-43ea602335f9,84.67,1410,1593,0,0,73879,35
2026/07/20 13:10:12.262,0,GPU-e2681f6e-8d94-2d66-484f-43ea602335f9,84.43,1410,1593,0,0,73879,35
2026/07/20 13:10:12.512,0,GPU-e2681f6e-8d94-2d66-484f-43ea602335f9,84.34,1410,1593,0,0,73879,35
2026/07/20 13:10:12.762,0,GPU-e2681f6e-8d94-2d66-484f-43ea602335f9,84.34,1410,1593,0,0,73879,35
2026/07/20 13:10:13.012,0,GPU-e2681f6e-8d94-2d66-484f-43ea602335f9,84.34,1410,1593,0,0,73879,35
2026/07/20 13:10:13.262,0,GPU-e2681f6e-8d94-2d66-484f-43ea602335f9,84.43,1410,1593,0,0,73879,35
2026/07/20 13:10:13.512,0,GPU-e2681f6e-8d94-2d66-484f-43ea602335f9,84.43,1410,1593,0,0,73879,35
2026/07/20 13:10:13.762,0,GPU-e2681f6e-8d94-2d66-484f-43ea602335f9,84.34,1410,1593,0,0,73879,35
2026/07/20 13:10:14.012,0,GPU-e2681f6e-8d94-2d66-484f-43ea602335f9,84.34,1410,1593,0,0,73879,35
2026/07/20 13:10:14.262,0,GPU-e2681f6e-8d94-2d66-484f-43ea602335f9,84.43,1410,1593,0,0,73879,35
2026/07/20 13:10:14.513,0,GPU-e2681f6e-8d94-2d66-484f-43ea602335f9,84.43,1410,1593,0,0,73879,35
2026/07/20 13:10:14.763,0,GPU-e2681f6e-8d94-2d66-484f-43ea602335f9,84.43,1410,1593,0,0,73879,35
2026/07/20 13:10:15.013,0,GPU-e2681f6e-8d94-2d66-484f-43ea602335f9,84.43,1410,1593,0,0,73879,35
2026/07/20 13:10:15.263,0,GPU-e2681f6e-8d94-2d66-484f-43ea602335f9,84.43,1410,1593,0,0,73879,35
2026/07/20 13:10:15.513,0,GPU-e2681f6e-8d94-2d66-484f-43ea602335f9,84.43,1410,1593,0,0,73879,35
2026/07/20 13:10:15.763,0,GPU-e2681f6e-8d94-2d66-484f-43ea602335f9,84.34,1410,1593,0,0,73879,35
2026/07/20 13:10:16.013,0,GPU-e2681f6e-8d94-2d66-484f-43ea602335f9,84.34,1410,1593,0,0,73879,35
2026/07/20 13:10:16.263,0,GPU-e2681f6e-8d94-2d66-484f-43ea602335f9,84.34,1410,1593,0,0,73879,35
2026/07/20 13:10:16.513,0,GPU-e2681f6e-8d94-2d66-484f-43ea602335f9,84.34,1410,1593,0,0,73879,35
2026/07/20 13:10:16.763,0,GPU-e2681f6e-8d94-2d66-484f-43ea602335f9,84.67,1410,1593,0,0,73879,35
2026/07/20 13:10:17.013,0,GPU-e2681f6e-8d94-2d66-484f-43ea602335f9,84.34,1410,1593,0,0,73879,35
2026/07/20 13:10:17.264,0,GPU-e2681f6e-8d94-2d66-484f-43ea602335f9,84.34,1410,1593,0,0,73879,35
2026/07/20 13:10:17.514,0,GPU-e2681f6e-8d94-2d66-484f-43ea602335f9,84.43,1410,1593,0,0,73879,35
2026/07/20 13:10:17.764,0,GPU-e2681f6e-8d94-2d66-484f-43ea602335f9,84.75,1410,1593,0,0,73879,35
2026/07/20 13:10:18.014,0,GPU-e2681f6e-8d94-2d66-484f-43ea602335f9,84.75,1410,1593,0,0,73879,35
2026/07/20 13:10:18.264,0,GPU-e2681f6e-8d94-2d66-484f-43ea602335f9,84.43,1410,1593,0,0,73879,35
2026/07/20 13:10:18.514,0,GPU-e2681f6e-8d94-2d66-484f-43ea602335f9,84.34,1410,1593,0,0,73879,35
2026/07/20 13:10:18.764,0,GPU-e2681f6e-8d94-2d66-484f-43ea602335f9,84.34,1410,1593,0,0,73879,35
2026/07/20 13:10:19.014,0,GPU-e2681f6e-8d94-2d66-484f-43ea602335f9,84.34,1410,1593,0,0,73879,35
2026/07/20 13:10:19.264,0,GPU-e2681f6e-8d94-2d66-484f-43ea602335f9,84.43,1410,1593,0,0,73879,35
2026/07/20 13:10:19.514,0,GPU-e2681f6e-8d94-2d66-484f-43ea602335f9,84.34,1410,1593,0,0,73879,35
2026/07/20 13:10:19.764,0,GPU-e2681f6e-8d94-2d66-484f-43ea602335f9,84.43,1410,1593,0,0,73879,35
2026/07/20 13:10:20.015,0,GPU-e2681f6e-8d94-2d66-484f-43ea602335f9,84.43,1410,1593,0,0,73879,35
2026/07/20 13:10:20.265,0,GPU-e2681f6e-8d94-2d66-484f-43ea602335f9,84.34,1410,1593,0,0,73879,35
2026/07/20 13:10:20.515,0,GPU-e2681f6e-8d94-2d66-484f-43ea602335f9,84.43,1410,1593,0,0,73879,35
2026/07/20 13:10:20.765,0,GPU-e2681f6e-8d94-2d66-484f-43ea602335f9,84.43,1410,1593,0,0,73879,35
2026/07/20 13:10:21.015,0,GPU-e2681f6e-8d94-2d66-484f-43ea602335f9,84.43,1410,1593,0,0,73879,35
2026/07/20 13:10:21.265,0,GPU-e2681f6e-8d94-2d66-484f-43ea602335f9,84.34,1410,1593,0,0,73879,35
2026/07/20 13:10:21.515,0,GPU-e2681f6e-8d94-2d66-484f-43ea602335f9,84.67,1410,1593,0,0,73879,35
2026/07/20 13:10:21.765,0,GPU-e2681f6e-8d94-2d66-484f-43ea602335f9,84.43,1410,1593,0,0,73879,35
2026/07/20 13:10:22.015,0,GPU-e2681f6e-8d94-2d66-484f-43ea602335f9,84.43,1410,1593,0,0,73879,35
2026/07/20 13:10:22.265,0,GPU-e2681f6e-8d94-2d66-484f-43ea602335f9,84.43,1410,1593,0,0,73879,35
2026/07/20 13:10:22.515,0,GPU-e2681f6e-8d94-2d66-484f-43ea602335f9,84.75,1410,1593,0,0,73879,35
2026/07/20 13:10:22.766,0,GPU-e2681f6e-8d94-2d66-484f-43ea602335f9,84.34,1410,1593,0,0,73879,35
2026/07/20 13:10:23.016,0,GPU-e2681f6e-8d94-2d66-484f-43ea602335f9,84.34,1410,1593,0,0,73879,35
2026/07/20 13:10:23.266,0,GPU-e2681f6e-8d94-2d66-484f-43ea602335f9,84.34,1410,1593,0,0,73879,35
2026/07/20 13:10:23.516,0,GPU-e2681f6e-8d94-2d66-484f-43ea602335f9,84.67,1410,1593,0,0,73879,35
2026/07/20 13:10:23.766,0,GPU-e2681f6e-8d94-2d66-484f-43ea602335f9,84.67,1410,1593,0,0,73879,35
2026/07/20 13:10:24.016,0,GPU-e2681f6e-8d94-2d66-484f-43ea602335f9,84.43,1410,1593,0,0,73879,35
2026/07/20 13:10:24.266,0,GPU-e2681f6e-8d94-2d66-484f-43ea602335f9,84.34,1410,1593,0,0,73879,35
2026/07/20 13:10:24.516,0,GPU-e2681f6e-8d94-2d66-484f-43ea602335f9,84.75,1410,1593,0,0,73879,35
2026/07/20 13:10:24.766,0,GPU-e2681f6e-8d94-2d66-484f-43ea602335f9,84.34,1410,1593,0,0,73879,35
2026/07/20 13:10:25.016,0,GPU-e2681f6e-8d94-2d66-484f-43ea602335f9,84.34,1410,1593,0,0,73879,35
2026/07/20 13:10:25.266,0,GPU-e2681f6e-8d94-2d66-484f-43ea602335f9,84.67,1410,1593,0,0,73879,35
2026/07/20 13:10:25.517,0,GPU-e2681f6e-8d94-2d66-484f-43ea602335f9,84.43,1410,1593,0,0,73879,35
2026/07/20 13:10:25.767,0,GPU-e2681f6e-8d94-2d66-484f-43ea602335f9,84.34,1410,1593,0,0,73879,35
2026/07/20 13:10:26.017,0,GPU-e2681f6e-8d94-2d66-484f-43ea602335f9,84.43,1410,1593,0,0,73879,35
2026/07/20 13:10:26.267,0,GPU-e2681f6e-8d94-2d66-484f-43ea602335f9,84.67,1410,1593,0,0,73879,35
2026/07/20 13:10:26.517,0,GPU-e2681f6e-8d94-2d66-484f-43ea602335f9,84.67,1410,1593,0,0,73879,35
2026/07/20 13:10:26.767,0,GPU-e2681f6e-8d94-2d66-484f-43ea602335f9,84.34,1410,1593,0,0,73879,35
2026/07/20 13:10:27.017,0,GPU-e2681f6e-8d94-2d66-484f-43ea602335f9,84.43,1410,1593,0,0,73879,35
2026/07/20 13:10:27.267,0,GPU-e2681f6e-8d94-2d66-484f-43ea602335f9,84.34,1410,1593,0,0,73879,35
2026/07/20 13:10:27.517,0,GPU-e2681f6e-8d94-2d66-484f-43ea602335f9,84.75,1410,1593,0,0,73879,35
2026/07/20 13:10:27.767,0,GPU-e2681f6e-8d94-2d66-484f-43ea602335f9,84.43,1410,1593,0,0,73879,35
2026/07/20 13:10:28.017,0,GPU-e2681f6e-8d94-2d66-484f-43ea602335f9,84.75,1410,1593,0,0,73879,35
2026/07/20 13:10:28.268,0,GPU-e2681f6e-8d94-2d66-484f-43ea602335f9,84.43,1410,1593,0,0,73879,35
2026/07/20 13:10:28.518,0,GPU-e2681f6e-8d94-2d66-484f-43ea602335f9,84.43,1410,1593,0,0,73879,35
2026/07/20 13:10:28.768,0,GPU-e2681f6e-8d94-2d66-484f-43ea602335f9,84.43,1410,1593,0,0,73879,35
2026/07/20 13:10:29.018,0,GPU-e2681f6e-8d94-2d66-484f-43ea602335f9,84.43,1410,1593,0,0,73879,35
2026/07/20 13:10:29.268,0,GPU-e2681f6e-8d94-2d66-484f-43ea602335f9,84.67,1410,1593,0,0,73879,35
2026/07/20 13:10:29.518,0,GPU-e2681f6e-8d94-2d66-484f-43ea602335f9,84.67,1410,1593,0,0,73879,35
2026/07/20 13:10:29.768,0,GPU-e2681f6e-8d94-2d66-484f-43ea602335f9,84.67,1410,1593,0,0,73879,35
2026/07/20 13:10:30.018,0,GPU-e2681f6e-8d94-2d66-484f-43ea602335f9,84.67,1410,1593,0,0,73879,35
2026/07/20 13:10:30.268,0,GPU-e2681f6e-8d94-2d66-484f-43ea602335f9,84.67,1410,1593,0,0,73879,35
2026/07/20 13:10:30.518,0,GPU-e2681f6e-8d94-2d66-484f-43ea602335f9,84.34,1410,1593,0,0,73879,35
2026/07/20 13:10:30.768,0,GPU-e2681f6e-8d94-2d66-484f-43ea602335f9,84.43,1410,1593,0,0,73879,35
2026/07/20 13:10:31.018,0,GPU-e2681f6e-8d94-2d66-484f-43ea602335f9,84.43,1410,1593,0,0,73879,35
2026/07/20 13:10:31.269,0,GPU-e2681f6e-8d94-2d66-484f-43ea602335f9,84.34,1410,1593,0,0,73879,35
2026/07/20 13:10:31.519,0,GPU-e2681f6e-8d94-2d66-484f-43ea602335f9,84.43,1410,1593,0,0,73879,35
2026/07/20 13:10:31.769,0,GPU-e2681f6e-8d94-2d66-484f-43ea602335f9,84.34,1410,1593,0,0,73879,35
2026/07/20 13:10:32.019,0,GPU-e2681f6e-8d94-2d66-484f-43ea602335f9,84.43,1410,1593,0,0,73879,35
2026/07/20 13:10:32.269,0,GPU-e2681f6e-8d94-2d66-484f-43ea602335f9,84.43,1410,1593,0,0,73879,35
2026/07/20 13:10:32.519,0,GPU-e2681f6e-8d94-2d66-484f-43ea602335f9,84.34,1410,1593,0,0,73879,35
2026/07/20 13:10:32.769,0,GPU-e2681f6e-8d94-2d66-484f-43ea602335f9,84.75,1410,1593,0,0,73879,35
2026/07/20 13:10:33.019,0,GPU-e2681f6e-8d94-2d66-484f-43ea602335f9,84.34,1410,1593,0,0,73879,35
2026/07/20 13:10:33.269,0,GPU-e2681f6e-8d94-2d66-484f-43ea602335f9,84.67,1410,1593,0,0,73879,35
2026/07/20 13:10:33.519,0,GPU-e2681f6e-8d94-2d66-484f-43ea602335f9,84.67,1410,1593,0,0,73879,35
2026/07/20 13:10:33.769,0,GPU-e2681f6e-8d94-2d66-484f-43ea602335f9,84.34,1410,1593,0,0,73879,35
2026/07/20 13:10:34.019,0,GPU-e2681f6e-8d94-2d66-484f-43ea602335f9,84.43,1410,1593,0,0,73879,35
2026/07/20 13:10:34.269,0,GPU-e2681f6e-8d94-2d66-484f-43ea602335f9,84.43,1410,1593,0,0,73879,35
2026/07/20 13:10:34.519,0,GPU-e2681f6e-8d94-2d66-484f-43ea602335f9,84.75,1410,1593,0,0,73879,35
2026/07/20 13:10:34.770,0,GPU-e2681f6e-8d94-2d66-484f-43ea602335f9,84.75,1410,1593,0,0,73879,35
2026/07/20 13:10:35.020,0,GPU-e2681f6e-8d94-2d66-484f-43ea602335f9,84.75,1410,1593,0,0,73879,35
2026/07/20 13:10:35.270,0,GPU-e2681f6e-8d94-2d66-484f-43ea602335f9,84.43,1410,1593,0,0,73879,35
2026/07/20 13:10:35.520,0,GPU-e2681f6e-8d94-2d66-484f-43ea602335f9,84.67,1410,1593,0,0,73879,35
2026/07/20 13:10:35.770,0,GPU-e2681f6e-8d94-2d66-484f-43ea602335f9,84.67,1410,1593,0,0,73879,35
2026/07/20 13:10:36.020,0,GPU-e2681f6e-8d94-2d66-484f-43ea602335f9,84.43,1410,1593,0,0,73879,35
2026/07/20 13:10:36.270,0,GPU-e2681f6e-8d94-2d66-484f-43ea602335f9,84.34,1410,1593,0,0,73879,35
2026/07/20 13:10:36.520,0,GPU-e2681f6e-8d94-2d66-484f-43ea602335f9,84.75,1410,1593,0,0,73879,35
2026/07/20 13:10:36.770,0,GPU-e2681f6e-8d94-2d66-484f-43ea602335f9,84.75,1410,1593,0,0,73879,35
2026/07/20 13:10:37.020,0,GPU-e2681f6e-8d94-2d66-484f-43ea602335f9,84.75,1410,1593,0,0,73879,35
2026/07/20 13:10:37.270,0,GPU-e2681f6e-8d94-2d66-484f-43ea602335f9,84.34,1410,1593,0,0,73879,35
2026/07/20 13:10:37.520,0,GPU-e2681f6e-8d94-2d66-484f-43ea602335f9,84.75,1410,1593,0,0,73879,35
2026/07/20 13:10:37.771,0,GPU-e2681f6e-8d94-2d66-484f-43ea602335f9,84.43,1410,1593,0,0,73879,35
2026/07/20 13:10:38.021,0,GPU-e2681f6e-8d94-2d66-484f-43ea602335f9,84.67,1410,1593,0,0,73879,35
2026/07/20 13:10:38.271,0,GPU-e2681f6e-8d94-2d66-484f-43ea602335f9,84.75,1410,1593,0,0,73879,35
2026/07/20 13:10:38.521,0,GPU-e2681f6e-8d94-2d66-484f-43ea602335f9,84.67,1410,1593,0,0,73879,35
2026/07/20 13:10:38.771,0,GPU-e2681f6e-8d94-2d66-484f-43ea602335f9,84.67,1410,1593,0,0,73879,35
2026/07/20 13:10:39.021,0,GPU-e2681f6e-8d94-2d66-484f-43ea602335f9,84.75,1410,1593,0,0,73879,35
2026/07/20 13:10:39.271,0,GPU-e2681f6e-8d94-2d66-484f-43ea602335f9,84.67,1410,1593,0,0,73879,35
2026/07/20 13:10:39.521,0,GPU-e2681f6e-8d94-2d66-484f-43ea602335f9,84.67,1410,1593,0,0,73879,35
2026/07/20 13:10:39.771,0,GPU-e2681f6e-8d94-2d66-484f-43ea602335f9,84.75,1410,1593,0,0,73879,35
2026/07/20 13:10:40.021,0,GPU-e2681f6e-8d94-2d66-484f-43ea602335f9,84.43,1410,1593,0,0,73879,35
2026/07/20 13:10:40.271,0,GPU-e2681f6e-8d94-2d66-484f-43ea602335f9,84.67,1410,1593,0,0,73879,35
2026/07/20 13:10:40.522,0,GPU-e2681f6e-8d94-2d66-484f-43ea602335f9,84.67,1410,1593,0,0,73879,35
2026/07/20 13:10:40.772,0,GPU-e2681f6e-8d94-2d66-484f-43ea602335f9,84.67,1410,1593,0,0,73879,35
2026/07/20 13:10:41.022,0,GPU-e2681f6e-8d94-2d66-484f-43ea602335f9,84.75,1410,1593,0,0,73879,35
2026/07/20 13:10:41.272,0,GPU-e2681f6e-8d94-2d66-484f-43ea602335f9,84.75,1410,1593,0,0,73879,35
2026/07/20 13:10:41.522,0,GPU-e2681f6e-8d94-2d66-484f-43ea602335f9,84.67,1410,1593,0,0,73879,35
2026/07/20 13:10:41.772,0,GPU-e2681f6e-8d94-2d66-484f-43ea602335f9,85.08,1410,1593,0,0,73879,35
2026/07/20 13:10:42.022,0,GPU-e2681f6e-8d94-2d66-484f-43ea602335f9,84.67,1410,1593,0,0,73879,35
2026/07/20 13:10:42.272,0,GPU-e2681f6e-8d94-2d66-484f-43ea602335f9,84.67,1410,1593,0,0,73879,35
2026/07/20 13:10:42.522,0,GPU-e2681f6e-8d94-2d66-484f-43ea602335f9,85.08,1410,1593,0,0,73879,35
2026/07/20 13:10:42.772,0,GPU-e2681f6e-8d94-2d66-484f-43ea602335f9,84.67,1410,1593,0,0,73879,35
2026/07/20 13:10:43.022,0,GPU-e2681f6e-8d94-2d66-484f-43ea602335f9,84.67,1410,1593,0,0,73879,35
2026/07/20 13:10:43.273,0,GPU-e2681f6e-8d94-2d66-484f-43ea602335f9,84.67,1410,1593,0,0,73879,35
2026/07/20 13:10:43.523,0,GPU-e2681f6e-8d94-2d66-484f-43ea602335f9,84.67,1410,1593,0,0,73879,35
2026/07/20 13:10:43.773,0,GPU-e2681f6e-8d94-2d66-484f-43ea602335f9,84.67,1410,1593,0,0,73879,35
2026/07/20 13:10:44.023,0,GPU-e2681f6e-8d94-2d66-484f-43ea602335f9,84.67,1410,1593,0,0,73879,35
2026/07/20 13:10:44.273,0,GPU-e2681f6e-8d94-2d66-484f-43ea602335f9,84.75,1410,1593,0,0,73879,35
2026/07/20 13:10:44.523,0,GPU-e2681f6e-8d94-2d66-484f-43ea602335f9,84.75,1410,1593,0,0,73879,35
2026/07/20 13:10:44.773,0,GPU-e2681f6e-8d94-2d66-484f-43ea602335f9,84.67,1410,1593,0,0,73879,35
2026/07/20 13:10:45.023,0,GPU-e2681f6e-8d94-2d66-484f-43ea602335f9,84.67,1410,1593,0,0,73879,35
2026/07/20 13:10:45.273,0,GPU-e2681f6e-8d94-2d66-484f-43ea602335f9,84.75,1410,1593,0,0,73879,35
2026/07/20 13:10:45.523,0,GPU-e2681f6e-8d94-2d66-484f-43ea602335f9,84.67,1410,1593,0,0,73879,35
2026/07/20 13:10:45.773,0,GPU-e2681f6e-8d94-2d66-484f-43ea602335f9,84.75,1410,1593,0,0,73879,35
2026/07/20 13:10:46.023,0,GPU-e2681f6e-8d94-2d66-484f-43ea602335f9,84.67,1410,1593,0,0,73879,35
2026/07/20 13:10:46.274,0,GPU-e2681f6e-8d94-2d66-484f-43ea602335f9,84.67,1410,1593,0,0,73879,35
2026/07/20 13:10:46.524,0,GPU-e2681f6e-8d94-2d66-484f-43ea602335f9,84.67,1410,1593,0,0,73879,35
2026/07/20 13:10:46.774,0,GPU-e2681f6e-8d94-2d66-484f-43ea602335f9,84.75,1410,1593,0,0,73879,35
2026/07/20 13:10:47.024,0,GPU-e2681f6e-8d94-2d66-484f-43ea602335f9,84.75,1410,1593,0,0,73879,35
2026/07/20 13:10:47.274,0,GPU-e2681f6e-8d94-2d66-484f-43ea602335f9,84.67,1410,1593,0,0,73879,35
2026/07/20 13:10:47.524,0,GPU-e2681f6e-8d94-2d66-484f-43ea602335f9,84.75,1410,1593,0,0,73879,35
2026/07/20 13:10:47.774,0,GPU-e2681f6e-8d94-2d66-484f-43ea602335f9,84.75,1410,1593,0,0,73879,35
2026/07/20 13:10:48.024,0,GPU-e2681f6e-8d94-2d66-484f-43ea602335f9,84.75,1410,1593,0,0,73879,35
2026/07/20 13:10:48.274,0,GPU-e2681f6e-8d94-2d66-484f-43ea602335f9,84.75,1410,1593,0,0,73879,35
2026/07/20 13:10:48.524,0,GPU-e2681f6e-8d94-2d66-484f-43ea602335f9,258.31,1410,1593,0,0,73879,38
2026/07/20 13:10:48.775,0,GPU-e2681f6e-8d94-2d66-484f-43ea602335f9,288.08,1410,1593,94,80,73879,41
2026/07/20 13:10:49.025,0,GPU-e2681f6e-8d94-2d66-484f-43ea602335f9,293.23,1410,1593,94,80,73879,42
2026/07/20 13:10:49.275,0,GPU-e2681f6e-8d94-2d66-484f-43ea602335f9,287.45,1410,1593,94,80,73879,43
2026/07/20 13:10:49.525,0,GPU-e2681f6e-8d94-2d66-484f-43ea602335f9,289.30,1410,1593,94,81,73879,43
2026/07/20 13:10:49.775,0,GPU-e2681f6e-8d94-2d66-484f-43ea602335f9,292.03,1410,1593,94,80,73879,44
2026/07/20 13:10:50.025,0,GPU-e2681f6e-8d94-2d66-484f-43ea602335f9,288.38,1410,1593,94,79,73879,44
2026/07/20 13:10:50.275,0,GPU-e2681f6e-8d94-2d66-484f-43ea602335f9,287.78,1410,1593,94,79,73879,45
2026/07/20 13:10:50.525,0,GPU-e2681f6e-8d94-2d66-484f-43ea602335f9,288.65,1410,1593,94,79,73879,45
2026/07/20 13:10:50.775,0,GPU-e2681f6e-8d94-2d66-484f-43ea602335f9,289.30,1410,1593,94,79,73879,45
2026/07/20 13:10:51.025,0,GPU-e2681f6e-8d94-2d66-484f-43ea602335f9,294.75,1410,1593,94,79,73879,45
2026/07/20 13:10:51.275,0,GPU-e2681f6e-8d94-2d66-484f-43ea602335f9,292.89,1410,1593,94,79,73879,45
2026/07/20 13:10:51.525,0,GPU-e2681f6e-8d94-2d66-484f-43ea602335f9,295.67,1410,1593,94,79,73879,46
2026/07/20 13:10:51.776,0,GPU-e2681f6e-8d94-2d66-484f-43ea602335f9,294.15,1410,1593,94,79,73879,46
2026/07/20 13:10:52.026,0,GPU-e2681f6e-8d94-2d66-484f-43ea602335f9,292.62,1410,1593,94,79,73879,46
2026/07/20 13:10:52.276,0,GPU-e2681f6e-8d94-2d66-484f-43ea602335f9,289.90,1410,1593,94,79,73879,46
2026/07/20 13:10:52.526,0,GPU-e2681f6e-8d94-2d66-484f-43ea602335f9,298.96,1410,1593,94,79,73879,46
2026/07/20 13:10:52.776,0,GPU-e2681f6e-8d94-2d66-484f-43ea602335f9,291.42,1410,1593,94,79,73879,46
2026/07/20 13:10:53.026,0,GPU-e2681f6e-8d94-2d66-484f-43ea602335f9,290.80,1410,1593,94,79,73879,47
2026/07/20 13:10:53.276,0,GPU-e2681f6e-8d94-2d66-484f-43ea602335f9,296.56,1410,1593,94,79,73879,47
2026/07/20 13:10:53.526,0,GPU-e2681f6e-8d94-2d66-484f-43ea602335f9,289.27,1410,1593,94,79,73879,47
2026/07/20 13:10:53.776,0,GPU-e2681f6e-8d94-2d66-484f-43ea602335f9,292.92,1410,1593,93,78,73879,47
2026/07/20 13:10:54.027,0,GPU-e2681f6e-8d94-2d66-484f-43ea602335f9,291.12,1410,1593,93,78,73879,47
2026/07/20 13:10:54.277,0,GPU-e2681f6e-8d94-2d66-484f-43ea602335f9,296.24,1410,1593,94,79,73879,47
2026/07/20 13:10:54.527,0,GPU-e2681f6e-8d94-2d66-484f-43ea602335f9,295.36,1410,1593,94,79,73879,47
2026/07/20 13:10:54.777,0,GPU-e2681f6e-8d94-2d66-484f-43ea602335f9,290.80,1410,1593,94,78,73879,47
2026/07/20 13:10:55.027,0,GPU-e2681f6e-8d94-2d66-484f-43ea602335f9,296.83,1410,1593,94,79,73879,48
2026/07/20 13:10:55.277,0,GPU-e2681f6e-8d94-2d66-484f-43ea602335f9,293.25,1410,1593,94,78,73879,48
2026/07/20 13:10:55.527,0,GPU-e2681f6e-8d94-2d66-484f-43ea602335f9,292.59,1410,1593,94,78,73879,48
2026/07/20 13:10:55.777,0,GPU-e2681f6e-8d94-2d66-484f-43ea602335f9,290.20,1410,1593,93,78,73879,48
2026/07/20 13:10:56.027,0,GPU-e2681f6e-8d94-2d66-484f-43ea602335f9,294.45,1410,1593,94,79,73879,48
2026/07/20 13:10:56.278,0,GPU-e2681f6e-8d94-2d66-484f-43ea602335f9,292.32,1410,1593,94,79,73879,48
2026/07/20 13:10:56.528,0,GPU-e2681f6e-8d94-2d66-484f-43ea602335f9,292.94,1410,1593,94,79,73879,48
2026/07/20 13:10:56.778,0,GPU-e2681f6e-8d94-2d66-484f-43ea602335f9,290.47,1410,1593,94,79,73879,48
2026/07/20 13:10:57.028,0,GPU-e2681f6e-8d94-2d66-484f-43ea602335f9,291.72,1410,1593,94,79,73879,48
2026/07/20 13:10:57.278,0,GPU-e2681f6e-8d94-2d66-484f-43ea602335f9,301.37,1410,1593,94,79,73879,48
2026/07/20 13:10:57.528,0,GPU-e2681f6e-8d94-2d66-484f-43ea602335f9,296.86,1410,1593,94,79,73879,49
2026/07/20 13:10:57.778,0,GPU-e2681f6e-8d94-2d66-484f-43ea602335f9,296.86,1410,1593,94,79,73879,49
2026/07/20 13:10:58.028,0,GPU-e2681f6e-8d94-2d66-484f-43ea602335f9,295.36,1410,1593,94,79,73879,49
2026/07/20 13:10:58.278,0,GPU-e2681f6e-8d94-2d66-484f-43ea602335f9,295.34,1410,1593,94,79,73879,49
2026/07/20 13:10:58.528,0,GPU-e2681f6e-8d94-2d66-484f-43ea602335f9,291.42,1410,1593,94,78,73879,49
2026/07/20 13:10:58.778,0,GPU-e2681f6e-8d94-2d66-484f-43ea602335f9,296.26,1410,1593,93,78,73879,49
2026/07/20 13:10:59.029,0,GPU-e2681f6e-8d94-2d66-484f-43ea602335f9,92.38,1410,1593,25,21,73879,45
2026/07/20 13:10:59.279,0,GPU-e2681f6e-8d94-2d66-484f-43ea602335f9,89.07,1410,1593,0,0,73879,43
2026/07/20 13:10:59.529,0,GPU-e2681f6e-8d94-2d66-484f-43ea602335f9,87.90,1410,1593,0,0,73879,42
2026/07/20 13:10:59.779,0,GPU-e2681f6e-8d94-2d66-484f-43ea602335f9,87.63,1410,1593,0,0,73879,41
2026/07/20 13:11:00.029,0,GPU-e2681f6e-8d94-2d66-484f-43ea602335f9,87.72,1410,1593,0,0,73879,41
2026/07/20 13:11:00.279,0,GPU-e2681f6e-8d94-2d66-484f-43ea602335f9,87.72,1410,1593,0,0,73879,40
2026/07/20 13:11:00.529,0,GPU-e2681f6e-8d94-2d66-484f-43ea602335f9,87.39,1410,1593,0,0,73879,40
2026/07/20 13:11:00.779,0,GPU-e2681f6e-8d94-2d66-484f-43ea602335f9,87.12,1410,1593,0,0,73879,40
2026/07/20 13:11:01.029,0,GPU-e2681f6e-8d94-2d66-484f-43ea602335f9,87.12,1410,1593,0,0,73879,40
2026/07/20 13:11:01.279,0,GPU-e2681f6e-8d94-2d66-484f-43ea602335f9,87.21,1410,1593,0,0,73879,40
2026/07/20 13:11:01.529,0,GPU-e2681f6e-8d94-2d66-484f-43ea602335f9,87.39,1410,1593,0,0,73879,39
2026/07/20 13:11:01.780,0,GPU-e2681f6e-8d94-2d66-484f-43ea602335f9,87.39,1410,1593,0,0,73879,39
2026/07/20 13:11:02.030,0,GPU-e2681f6e-8d94-2d66-484f-43ea602335f9,86.88,1410,1593,0,0,73879,39
2026/07/20 13:11:02.280,0,GPU-e2681f6e-8d94-2d66-484f-43ea602335f9,86.79,1410,1593,0,0,73879,39
2026/07/20 13:11:02.530,0,GPU-e2681f6e-8d94-2d66-484f-43ea602335f9,86.47,1410,1593,0,0,73879,39
2026/07/20 13:11:02.780,0,GPU-e2681f6e-8d94-2d66-484f-43ea602335f9,86.47,1410,1593,0,0,73879,39
2026/07/20 13:11:03.030,0,GPU-e2681f6e-8d94-2d66-484f-43ea602335f9,87.72,1410,1593,0,0,73879,39
2026/07/20 13:11:03.280,0,GPU-e2681f6e-8d94-2d66-484f-43ea602335f9,86.56,1410,1593,0,0,73879,39
2026/07/20 13:11:03.530,0,GPU-e2681f6e-8d94-2d66-484f-43ea602335f9,86.56,1410,1593,0,0,73879,39
2026/07/20 13:11:03.780,0,GPU-e2681f6e-8d94-2d66-484f-43ea602335f9,86.47,1410,1593,0,0,73879,39
2026/07/20 13:11:04.030,0,GPU-e2681f6e-8d94-2d66-484f-43ea602335f9,86.47,1410,1593,0,0,73879,39
2026/07/20 13:11:04.280,0,GPU-e2681f6e-8d94-2d66-484f-43ea602335f9,86.47,1410,1593,0,0,73879,38
2026/07/20 13:11:04.530,0,GPU-e2681f6e-8d94-2d66-484f-43ea602335f9,86.47,1410,1593,0,0,73879,38
2026/07/20 13:11:04.780,0,GPU-e2681f6e-8d94-2d66-484f-43ea602335f9,86.47,1410,1593,0,0,73879,38
2026/07/20 13:11:05.031,0,GPU-e2681f6e-8d94-2d66-484f-43ea602335f9,86.47,1410,1593,0,0,73879,38
2026/07/20 13:11:05.281,0,GPU-e2681f6e-8d94-2d66-484f-43ea602335f9,86.19,1410,1593,0,0,73879,38
2026/07/20 13:11:05.531,0,GPU-e2681f6e-8d94-2d66-484f-43ea602335f9,86.28,1410,1593,0,0,73879,38
2026/07/20 13:11:05.781,0,GPU-e2681f6e-8d94-2d66-484f-43ea602335f9,86.19,1410,1593,0,0,73879,38
2026/07/20 13:11:06.031,0,GPU-e2681f6e-8d94-2d66-484f-43ea602335f9,86.28,1410,1593,0,0,73879,38
2026/07/20 13:11:06.281,0,GPU-e2681f6e-8d94-2d66-484f-43ea602335f9,86.19,1410,1593,0,0,73879,38
2026/07/20 13:11:06.531,0,GPU-e2681f6e-8d94-2d66-484f-43ea602335f9,86.19,1410,1593,0,0,73879,38
2026/07/20 13:11:06.781,0,GPU-e2681f6e-8d94-2d66-484f-43ea602335f9,86.19,1410,1593,0,0,73879,38
2026/07/20 13:11:07.031,0,GPU-e2681f6e-8d94-2d66-484f-43ea602335f9,86.19,1410,1593,0,0,73879,38
2026/07/20 13:11:07.281,0,GPU-e2681f6e-8d94-2d66-484f-43ea602335f9,86.19,1410,1593,0,0,73879,38
2026/07/20 13:11:07.531,0,GPU-e2681f6e-8d94-2d66-484f-43ea602335f9,86.19,1410,1593,0,0,73879,38
2026/07/20 13:11:07.781,0,GPU-e2681f6e-8d94-2d66-484f-43ea602335f9,86.28,1410,1593,0,0,73879,38
2026/07/20 13:11:08.032,0,GPU-e2681f6e-8d94-2d66-484f-43ea602335f9,86.28,1410,1593,0,0,73879,38
2026/07/20 13:11:08.282,0,GPU-e2681f6e-8d94-2d66-484f-43ea602335f9,86.19,1410,1593,0,0,73879,38
2026/07/20 13:11:08.532,0,GPU-e2681f6e-8d94-2d66-484f-43ea602335f9,86.19,1410,1593,0,0,73879,38
2026/07/20 13:11:08.782,0,GPU-e2681f6e-8d94-2d66-484f-43ea602335f9,86.19,1410,1593,0,0,73879,38
2026/07/20 13:11:09.032,0,GPU-e2681f6e-8d94-2d66-484f-43ea602335f9,85.86,1410,1593,0,0,73879,38
2026/07/20 13:11:09.282,0,GPU-e2681f6e-8d94-2d66-484f-43ea602335f9,85.95,1410,1593,0,0,73879,38
2026/07/20 13:11:09.532,0,GPU-e2681f6e-8d94-2d66-484f-43ea602335f9,86.19,1410,1593,0,0,73879,38
2026/07/20 13:11:09.782,0,GPU-e2681f6e-8d94-2d66-484f-43ea602335f9,85.86,1410,1593,0,0,73879,37
2026/07/20 13:11:10.032,0,GPU-e2681f6e-8d94-2d66-484f-43ea602335f9,85.86,1410,1593,0,0,73879,37
2026/07/20 13:11:10.282,0,GPU-e2681f6e-8d94-2d66-484f-43ea602335f9,86.19,1410,1593,0,0,73879,37
2026/07/20 13:11:10.532,0,GPU-e2681f6e-8d94-2d66-484f-43ea602335f9,86.19,1410,1593,0,0,73879,37
2026/07/20 13:11:10.783,0,GPU-e2681f6e-8d94-2d66-484f-43ea602335f9,86.28,1410,1593,0,0,73879,37
2026/07/20 13:11:11.033,0,GPU-e2681f6e-8d94-2d66-484f-43ea602335f9,86.19,1410,1593,0,0,73879,37
2026/07/20 13:11:11.283,0,GPU-e2681f6e-8d94-2d66-484f-43ea602335f9,85.95,1410,1593,0,0,73879,37
2026/07/20 13:11:11.533,0,GPU-e2681f6e-8d94-2d66-484f-43ea602335f9,86.19,1410,1593,0,0,73879,37
2026/07/20 13:11:11.783,0,GPU-e2681f6e-8d94-2d66-484f-43ea602335f9,85.95,1410,1593,0,0,73879,37
2026/07/20 13:11:12.033,0,GPU-e2681f6e-8d94-2d66-484f-43ea602335f9,85.86,1410,1593,0,0,73879,37
2026/07/20 13:11:12.283,0,GPU-e2681f6e-8d94-2d66-484f-43ea602335f9,85.86,1410,1593,0,0,73879,37
2026/07/20 13:11:12.533,0,GPU-e2681f6e-8d94-2d66-484f-43ea602335f9,86.28,1410,1593,0,0,73879,37
2026/07/20 13:11:12.783,0,GPU-e2681f6e-8d94-2d66-484f-43ea602335f9,85.95,1410,1593,0,0,73879,37
2026/07/20 13:11:13.033,0,GPU-e2681f6e-8d94-2d66-484f-43ea602335f9,85.86,1410,1593,0,0,73879,37
2026/07/20 13:11:13.283,0,GPU-e2681f6e-8d94-2d66-484f-43ea602335f9,85.86,1410,1593,0,0,73879,37
2026/07/20 13:11:13.534,0,GPU-e2681f6e-8d94-2d66-484f-43ea602335f9,85.86,1410,1593,0,0,73879,37
2026/07/20 13:11:13.784,0,GPU-e2681f6e-8d94-2d66-484f-43ea602335f9,85.59,1410,1593,0,0,73879,37
2026/07/20 13:11:14.034,0,GPU-e2681f6e-8d94-2d66-484f-43ea602335f9,85.95,1410,1593,0,0,73879,37
2026/07/20 13:11:14.284,0,GPU-e2681f6e-8d94-2d66-484f-43ea602335f9,85.68,1410,1593,0,0,73879,37
2026/07/20 13:11:14.534,0,GPU-e2681f6e-8d94-2d66-484f-43ea602335f9,85.95,1410,1593,0,0,73879,37
2026/07/20 13:11:14.784,0,GPU-e2681f6e-8d94-2d66-484f-43ea602335f9,85.68,1410,1593,0,0,73879,37
2026/07/20 13:11:15.034,0,GPU-e2681f6e-8d94-2d66-484f-43ea602335f9,85.86,1410,1593,0,0,73879,37
2026/07/20 13:11:15.284,0,GPU-e2681f6e-8d94-2d66-484f-43ea602335f9,85.59,1410,1593,0,0,73879,37
2026/07/20 13:11:15.534,0,GPU-e2681f6e-8d94-2d66-484f-43ea602335f9,85.59,1410,1593,0,0,73879,37
2026/07/20 13:11:15.784,0,GPU-e2681f6e-8d94-2d66-484f-43ea602335f9,85.59,1410,1593,0,0,73879,37
2026/07/20 13:11:16.034,0,GPU-e2681f6e-8d94-2d66-484f-43ea602335f9,85.86,1410,1593,0,0,73879,37
2026/07/20 13:11:16.285,0,GPU-e2681f6e-8d94-2d66-484f-43ea602335f9,85.59,1410,1593,0,0,73879,37
2026/07/20 13:11:16.535,0,GPU-e2681f6e-8d94-2d66-484f-43ea602335f9,85.95,1410,1593,0,0,73879,37
2026/07/20 13:11:16.785,0,GPU-e2681f6e-8d94-2d66-484f-43ea602335f9,85.86,1410,1593,0,0,73879,37
2026/07/20 13:11:17.035,0,GPU-e2681f6e-8d94-2d66-484f-43ea602335f9,85.68,1410,1593,0,0,73879,37
2026/07/20 13:11:17.285,0,GPU-e2681f6e-8d94-2d66-484f-43ea602335f9,85.68,1410,1593,0,0,73879,37
2026/07/20 13:11:17.535,0,GPU-e2681f6e-8d94-2d66-484f-43ea602335f9,85.59,1410,1593,0,0,73879,37
2026/07/20 13:11:17.785,0,GPU-e2681f6e-8d94-2d66-484f-43ea602335f9,85.59,1410,1593,0,0,73879,37
2026/07/20 13:11:18.035,0,GPU-e2681f6e-8d94-2d66-484f-43ea602335f9,85.59,1410,1593,0,0,73879,37
2026/07/20 13:11:18.285,0,GPU-e2681f6e-8d94-2d66-484f-43ea602335f9,85.59,1410,1593,0,0,73879,37
2026/07/20 13:11:18.535,0,GPU-e2681f6e-8d94-2d66-484f-43ea602335f9,85.68,1410,1593,0,0,73879,37
2026/07/20 13:11:18.785,0,GPU-e2681f6e-8d94-2d66-484f-43ea602335f9,85.68,1410,1593,0,0,73879,37
2026/07/20 13:11:19.036,0,GPU-e2681f6e-8d94-2d66-484f-43ea602335f9,85.68,1410,1593,0,0,73879,37
2026/07/20 13:11:19.286,0,GPU-e2681f6e-8d94-2d66-484f-43ea602335f9,85.68,1410,1593,0,0,73879,37
