{
  "aic": 465900.16845673724,
  "bic": 466199.2673787286,
  "config_id": "deepseek-r1-distill-8b_H100_tp8",
  "covariance_type": "full",
  "k": 12,
  "label_map": [
    11,
    1,
    6,
    8,
    4,
    0,
    7,
    9,
    2,
    10,
    5,
    3
  ],
  "means": [
    946.9522194954284,
    1011.2049028883181,
    1130.723120982607,
    1245.8035396202074,
    1361.1806357801643,
    1482.1398249509334,
    1604.9730555411984,
    1723.0856452113883,
    1838.4736053790411,
    1958.3905535901508,
    2050.9660891876883,
    2084.2244698109976
  ],
  "order": [
    5,
    1,
    8,
    11,
    4,
    10,
    2,
    6,
    3,
    7,
    9,
    0
  ],
  "seed": 42,
  "variances": [
    33.0259990073454,
    1442.39169475961,
    1722.9979781893562,
    1844.3153778676656,
    2011.7641231944913,
    2086.3625624654946,
    2417.5160702093394,
    2054.161355884166,
    1877.851267674909,
    2080.5645415937197,
    214.66141993675407,
    201.71913473908361
  ],
  "weights": [
    0.3023965365344557,
    0.06492296668296667,
    0.03747354937130787,
    0.03258924462342579,
    0.03493838731404705,
    0.043723361933461345,
    0.041366064695515535,
    0.04346384049078284,
    0.04446924151180304,
    0.05262233172562246,
    0.15791021683813128,
    0.14412425827848055
  ]
}