{
  "aic": 636658.259329285,
  "bic": 636968.2690583292,
  "config_id": "deepseek-r1-distill-8b_H100_tp8",
  "covariance_type": "full",
  "k": 12,
  "label_map": [
    0,
    9,
    5,
    10,
    7,
    3,
    8,
    2,
    4,
    6,
    1,
    11
  ],
  "means": [
    946.93651180404,
    1007.5986296250594,
    1117.8189932673126,
    1230.7650363619637,
    1344.2241257089195,
    1460.664239601005,
    1569.907826677846,
    1692.5422691837655,
    1815.9936371211702,
    1948.0478073092625,
    2051.475487755975,
    2084.461202783862
  ],
  "order": [
    0,
    10,
    7,
    5,
    8,
    2,
    9,
    4,
    6,
    1,
    3,
    11
  ],
  "seed": 42,
  "variances": [
    33.26033039111212,
    1268.3987091922213,
    1517.166862780301,
    1827.2131422716714,
    1854.664358241971,
    1820.8753478816418,
    2008.2152825313565,
    2251.218916372671,
    2273.940546812239,
    2578.6331577941605,
    226.35926414358096,
    204.3394888939394
  ],
  "weights": [
    0.3015097076249312,
    0.0613566671981449,
    0.036597677707006226,
    0.033974063367825526,
    0.03403416262655824,
    0.03876731765964584,
    0.03740051233079268,
    0.04756691460662805,
    0.04617806290029097,
    0.05987022956241831,
    0.16318792781827127,
    0.13955675659748681
  ]
}