{
  "aic": 253452.3723439885,
  "bic": 253742.93747572758,
  "config_id": "deepseek-r1-distill-8b_A100_tp2",
  "covariance_type": "full",
  "k": 12,
  "label_map": [
    0,
    7,
    4,
    2,
    11,
    5,
    10,
    8,
    6,
    9,
    3,
    1
  ],
  "means": [
    139.37024290198224,
    155.20306820790884,
    175.34736112811868,
    223.47059731161454,
    356.4412264590523,
    435.8064062736215,
    513.9298142156136,
    521.9628503289363,
    530.3085795085656,
    550.3474576728614,
    617.5856772591545,
    689.7402054718108
  ],
  "order": [
    0,
    11,
    3,
    10,
    2,
    5,
    8,
    1,
    7,
    9,
    6,
    4
  ],
  "seed": 42,
  "variances": [
    2.1511740173679663,
    8.820232747461842,
    14.293160885841823,
    2084.739758528172,
    798.3766843163052,
    2312.333575004968,
    28.71766607162276,
    16.897428547636984,
    34.39753227302936,
    234.83271780722782,
    953.3335093927229,
    2957.707255394422
  ],
  "weights": [
    0.1619874907591946,
    0.02670023439994145,
    0.11575649693826487,
    0.010187065786933963,
    0.007801669574601848,
    0.015016106683260115,
    0.09295961988211485,
    0.3629045902257422,
    0.17977299336025504,
    0.015112302319909688,
    0.008558730304015348,
    0.0032426997657662646
  ]
}