{
  "aic": 217600.62731702186,
  "bic": 217829.14921311702,
  "config_id": "deepseek-r1-distill-70b_A100_tp8",
  "covariance_type": "full",
  "k": 10,
  "label_map": [
    5,
    1,
    9,
    7,
    4,
    8,
    2,
    0,
    6,
    3
  ],
  "means": [
    561.7052542442663,
    623.5376153450325,
    706.7507995887162,
    945.7149529242008,
    1781.11212626309,
    2019.897147291235,
    2062.062464100563,
    2092.142784407143,
    2271.9358597057953,
    2732.3358084095894
  ],
  "order": [
    7,
    1,
    6,
    9,
    4,
    0,
    8,
    3,
    5,
    2
  ],
  "seed": 42,
  "variances": [
    73.31537228560738,
    1060.071918223144,
    233.75314173126387,
    31084.946715171096,
    59714.75547222222,
    262.3837028500869,
    259.8782288134578,
    401.1954056550113,
    22830.15120454195,
    27103.599111904725
  ],
  "weights": [
    0.11720016506665552,
    0.006067611890574254,
    0.03971880305985726,
    0.00452318280757898,
    0.012450083106434551,
    0.27919582489344413,
    0.3147873156022823,
    0.1876678366338873,
    0.0281639094730304,
    0.010225267466255312
  ]
}