{
  "aic": 265818.7616587657,
  "bic": 266117.10390017484,
  "config_id": "deepseek-r1-distill-8b_A100_tp1",
  "covariance_type": "full",
  "k": 12,
  "label_map": [
    9,
    1,
    11,
    7,
    5,
    3,
    10,
    0,
    4,
    8,
    6,
    2
  ],
  "means": [
    59.580000000000446,
    71.65221955104509,
    87.87036841594879,
    88.54674081210297,
    155.8957562112445,
    216.1765165982597,
    278.5248159657173,
    282.6425522809885,
    287.77004132193207,
    294.26182120666505,
    318.24090606678044,
    406.97881552212584
  ],
  "order": [
    7,
    1,
    11,
    5,
    8,
    4,
    10,
    3,
    9,
    0,
    6,
    2
  ],
  "seed": 42,
  "variances": [
    1e-06,
    1.883565747328823,
    229.5226613884344,
    4.256132221360053,
    211.24423821389567,
    297.0124006713052,
    21.475104310854906,
    6.462082912623367,
    7.083536507493066,
    19.274586266589722,
    937.7578659919419,
    355.13799046769316
  ],
  "weights": [
    0.03690848029879015,
    0.1779910783573951,
    0.010367320998741745,
    0.1152460717118226,
    0.0012227247167807603,
    0.008849807167517524,
    0.039507426204864714,
    0.22441398418678798,
    0.2653290349013894,
    0.10026892437929912,
    0.01282808710607471,
    0.0070670599705360635
  ]
}