{
  "aic": 631583.5091984131,
  "bic": 631893.8062765738,
  "config_id": "deepseek-r1-distill-70b_H100_tp8",
  "covariance_type": "full",
  "k": 12,
  "label_map": [
    8,
    0,
    10,
    4,
    6,
    9,
    2,
    11,
    7,
    5,
    1,
    3
  ],
  "means": [
    945.1620553310694,
    965.5702248796783,
    1156.8212234026896,
    1562.0460427908024,
    1855.3879516213196,
    2069.13835652897,
    2288.6923753796736,
    2535.8691523834864,
    2797.4216773420094,
    2952.27735586356,
    3018.4610815947995,
    3068.982735452058
  ],
  "order": [
    1,
    10,
    6,
    11,
    3,
    9,
    4,
    8,
    0,
    5,
    2,
    7
  ],
  "seed": 42,
  "variances": [
    27.669788641631104,
    183.88680857977576,
    16333.337457397523,
    12468.930981074873,
    12852.62965630235,
    10966.212299319694,
    10955.823788869882,
    11673.400821394145,
    13531.340963187167,
    967.1492715147361,
    172.26735946410625,
    5374.371059299774
  ],
  "weights": [
    0.15206520958811548,
    0.03196614848106554,
    0.024722431109564565,
    0.01624073800417169,
    0.010287322426469804,
    0.010896814892531597,
    0.012223380044868115,
    0.013003603894765719,
    0.015479009663251282,
    0.40341062949204276,
    0.1887013675289988,
    0.12100334487415465
  ]
}