{
  "aic": 400613.1830513252,
  "bic": 400869.55249756185,
  "config_id": "deepseek-r1-distill-8b_A100_tp1",
  "covariance_type": "full",
  "k": 10,
  "label_map": [
    3,
    7,
    1,
    9,
    5,
    6,
    8,
    2,
    0,
    4
  ],
  "means": [
    58.68108507471849,
    62.461914008465456,
    71.60163388953707,
    88.49964889310212,
    93.31887597320774,
    222.74885597695683,
    284.208893825368,
    289.8666823801182,
    311.5094591749959,
    406.0536390290749
  ],
  "order": [
    8,
    2,
    7,
    0,
    9,
    4,
    5,
    1,
    6,
    3
  ],
  "seed": 42,
  "variances": [
    1.514397663592301,
    2.0306224553416663,
    1.8356363537760307,
    4.353594943974022,
    301.81383094291596,
    1042.3535748829904,
    14.627636065609023,
    28.26257618472713,
    900.06420321083,
    378.26087143064854
  ],
  "weights": [
    0.10585379672680799,
    0.16501221477196457,
    0.1400165991719268,
    0.09050721818570795,
    0.006173052828413115,
    0.009324804522699785,
    0.28670447925758946,
    0.17968821741923624,
    0.01140912310734687,
    0.005310494008307194
  ]
}