{
  "aic": 605656.9956795407,
  "bic": 605965.9292853291,
  "config_id": "deepseek-r1-distill-8b_H100_tp4",
  "covariance_type": "full",
  "k": 12,
  "label_map": [
    5,
    10,
    3,
    8,
    1,
    7,
    4,
    6,
    9,
    11,
    0,
    2
  ],
  "means": [
    280.2877371243882,
    359.5663143031351,
    426.5656312090722,
    473.1818472117181,
    517.8612266984358,
    663.9995441244637,
    783.2194835834589,
    908.8820000840976,
    1032.5552486795198,
    1162.0326395364393,
    1262.1562822174599,
    1292.826998656755
  ],
  "order": [
    10,
    4,
    11,
    2,
    6,
    0,
    7,
    5,
    3,
    8,
    1,
    9
  ],
  "seed": 42,
  "variances": [
    0.16693906480841414,
    719.9127035187205,
    3.959032862965436,
    6.262002461813864,
    1912.7362116184677,
    2287.016982647613,
    1505.578881944693,
    2068.3286510733633,
    1129.6021209984406,
    2435.4507623714785,
    237.9464521777702,
    271.5520579831282
  ],
  "weights": [
    0.028374315073795,
    0.02479268105977601,
    0.02497270319573629,
    0.22991299692370476,
    0.11235251997206755,
    0.05193965984573482,
    0.05755734606404528,
    0.05909798641005083,
    0.0735145706088963,
    0.061323860709231584,
    0.12095377701737035,
    0.15520758311959107
  ]
}