{
  "aic": 497665.53711022175,
  "bic": 497975.64243647095,
  "config_id": "deepseek-r1-distill-8b_H100_tp1",
  "covariance_type": "full",
  "k": 12,
  "label_map": [
    0,
    9,
    6,
    3,
    10,
    8,
    2,
    5,
    7,
    1,
    11,
    4
  ],
  "means": [
    119.72648249910151,
    140.79606831187957,
    174.65229188630215,
    209.7064580575913,
    243.79055288364037,
    279.36405772664517,
    315.8842749277781,
    354.38982989839366,
    401.9841730926008,
    438.85666934271865,
    453.58258173807957,
    470.33467142753864
  ],
  "order": [
    0,
    9,
    6,
    3,
    11,
    7,
    2,
    8,
    5,
    1,
    4,
    10
  ],
  "seed": 42,
  "variances": [
    2.664128395590518,
    158.63818117060822,
    110.91312998754876,
    151.91481350507664,
    181.25142035554873,
    207.6470359013396,
    217.11641301809587,
    229.51298261564943,
    304.5317609519784,
    28.79442836524974,
    40.97986235169399,
    79.01452553902723
  ],
  "weights": [
    0.22793701218212334,
    0.030163739706064424,
    0.021742223192245603,
    0.02008202816492153,
    0.017242500271705444,
    0.020869627692120998,
    0.02211568191259745,
    0.025116287556565614,
    0.03712379994397997,
    0.2841811704272567,
    0.17614986168177618,
    0.11727606726864274
  ]
}