{
  "aic": 568149.8700117358,
  "bic": 568458.1354600766,
  "config_id": "deepseek-r1-distill-8b_H100_tp4",
  "covariance_type": "full",
  "k": 12,
  "label_map": [
    2,
    10,
    5,
    8,
    3,
    6,
    1,
    0,
    11,
    9,
    7,
    4
  ],
  "means": [
    473.2833634023716,
    508.2620259538714,
    589.6701412497514,
    668.3600509434083,
    754.1068865311012,
    843.7485464264465,
    923.4516160592206,
    1007.4220003076779,
    1088.4305106448062,
    1179.9591816235095,
    1262.463951743705,
    1294.0664315275458
  ],
  "order": [
    7,
    6,
    0,
    4,
    11,
    2,
    5,
    10,
    3,
    9,
    1,
    8
  ],
  "seed": 42,
  "variances": [
    6.835283675591485,
    695.3419857078195,
    823.3580802457872,
    1000.7825957751977,
    1226.1622551866262,
    1153.8277669803153,
    1068.4528432127454,
    1106.400401203053,
    1080.4454684493055,
    1316.7877885786002,
    229.08872670056323,
    246.15142327522133
  ],
  "weights": [
    0.2845730280244233,
    0.07205392764937274,
    0.03481352340126113,
    0.029954669085038493,
    0.03739825352056393,
    0.035695979655682254,
    0.03866935249580804,
    0.035025490960474526,
    0.04168403387481059,
    0.053424736111802124,
    0.157828285956677,
    0.17887871926408586
  ]
}