{
  "aic": 641935.4334628764,
  "bic": 642250.6112185394,
  "config_id": "deepseek-r1-distill-8b_H100_tp2",
  "covariance_type": "full",
  "k": 12,
  "label_map": [
    11,
    1,
    7,
    9,
    2,
    0,
    5,
    8,
    10,
    3,
    6,
    4
  ],
  "means": [
    140.7476558475671,
    193.1673635524422,
    231.8618774887807,
    240.75672433549943,
    275.6274981957547,
    351.34472001499023,
    408.9378106592851,
    457.96896595568046,
    530.4127050990511,
    622.9098926548133,
    700.4134371447079,
    771.4756098250585
  ],
  "order": [
    5,
    1,
    4,
    9,
    11,
    6,
    10,
    2,
    7,
    3,
    8,
    0
  ],
  "seed": 42,
  "variances": [
    2.85056475164832,
    5.498872843069204,
    1.068225615246027,
    4.0358787998078824,
    1086.4398557121992,
    479.43563744091955,
    404.4539425377327,
    85.52568034824571,
    1314.3751370702823,
    1010.1594857935709,
    844.6315430744936,
    168.61246582184853
  ],
  "weights": [
    0.14199195230702918,
    0.024374806160835084,
    0.05747423034814963,
    0.13958114826164097,
    0.05717070132334571,
    0.025541152867958435,
    0.02464939698987007,
    0.059612661648726695,
    0.04007925712767716,
    0.03553527140811815,
    0.034816411829141164,
    0.3591730097275078
  ]
}