{
  "aic": 203868.26100646958,
  "bic": 204143.41964843482,
  "config_id": "deepseek-r1-distill-8b_A100_tp8",
  "covariance_type": "full",
  "k": 12,
  "label_map": [
    11,
    1,
    3,
    7,
    9,
    5,
    0,
    10,
    6,
    8,
    2,
    4
  ],
  "means": [
    552.9395695866781,
    565.2341658548875,
    626.1186104151483,
    688.0572554536316,
    745.8831234278606,
    863.2472951969844,
    967.5685689654589,
    1088.2982466900555,
    1278.8623895430383,
    1325.461958587916,
    1342.877653746716,
    1371.601824084951
  ],
  "order": [
    6,
    1,
    10,
    2,
    11,
    5,
    8,
    3,
    9,
    4,
    7,
    0
  ],
  "seed": 42,
  "variances": [
    7.93176860258569,
    47.26815152575295,
    787.748436071147,
    57.6173124070858,
    1643.4372053175898,
    1417.9140239155302,
    1983.5797796380207,
    1613.8914745676027,
    10158.78112233889,
    83.19772614372658,
    99.09199177604602,
    201.51087012029018
  ],
  "weights": [
    0.1744187434026345,
    0.04639013517611184,
    0.02233432887362343,
    0.14847389171970057,
    0.010657789925448026,
    0.00879246859691184,
    0.00733827936289194,
    0.009916015197827569,
    0.03266472006061832,
    0.14883977486646355,
    0.16351355037063378,
    0.22666030244713456
  ]
}