{
  "aic": 315982.6828870874,
  "bic": 316273.12796624884,
  "config_id": "deepseek-r1-distill-8b_A100_tp8",
  "covariance_type": "full",
  "k": 12,
  "label_map": [
    8,
    0,
    3,
    5,
    10,
    4,
    11,
    7,
    1,
    6,
    9,
    2
  ],
  "means": [
    552.8870680471683,
    565.1679557692628,
    662.420328364258,
    688.1471284086527,
    856.7068352427572,
    985.1885933388972,
    1092.1685483171664,
    1272.836158427046,
    1326.1507654120921,
    1342.9813380506914,
    1370.3893846060162,
    1377.7055374980328
  ],
  "order": [
    1,
    8,
    11,
    2,
    5,
    3,
    9,
    7,
    0,
    10,
    4,
    6
  ],
  "seed": 42,
  "variances": [
    7.65257623603976,
    52.155495683089505,
    2851.077116214288,
    51.24925647564836,
    3192.477353675899,
    2033.892683368228,
    1021.522490944126,
    9984.616384141862,
    86.33281381214015,
    82.71857856296533,
    124.3385915873139,
    320.48419602430937
  ],
  "weights": [
    0.1646853924561592,
    0.051328820770405244,
    0.039421248970430464,
    0.13834168823364326,
    0.012516213596018424,
    0.006640516352629924,
    0.007987784491088945,
    0.033662501878719615,
    0.15693729149436558,
    0.1567877154195112,
    0.16497136356099515,
    0.0667194627760329
  ]
}