{
  "aic": 336065.2549516106,
  "bic": 336357.1062507049,
  "config_id": "deepseek-r1-distill-8b_A100_tp4",
  "covariance_type": "full",
  "k": 12,
  "label_map": [
    3,
    9,
    6,
    1,
    8,
    10,
    7,
    11,
    4,
    0,
    5,
    2
  ],
  "means": [
    248.04460019083103,
    276.2807568484276,
    285.1707527849425,
    346.11707574070107,
    397.38998151996634,
    460.73331318152646,
    549.8926268236619,
    697.2028702111411,
    825.1604146272201,
    842.551534486448,
    848.0849673293504,
    865.1120755396996
  ],
  "order": [
    9,
    3,
    11,
    0,
    8,
    10,
    2,
    6,
    4,
    1,
    5,
    7
  ],
  "seed": 42,
  "variances": [
    0.54990156518027,
    4.379086580592731,
    458.23350201577415,
    51.03182691419235,
    48.97217339063191,
    1344.9474191097745,
    408.23431003389794,
    524.5573270929649,
    104.95177451399415,
    89.77515308979534,
    2578.1697541793496,
    114.09236986353221
  ],
  "weights": [
    0.042053258296486956,
    0.13391521792326136,
    0.1078348086597061,
    0.12146858075264984,
    0.029953467645038936,
    0.008862891511289219,
    0.03300398592076638,
    0.060625766407640086,
    0.0684550168056775,
    0.17395769763032706,
    0.026479715507619333,
    0.19338959293953745
  ]
}