{
  "aic": 543395.5674823867,
  "bic": 543705.5812560371,
  "config_id": "deepseek-r1-distill-8b_H100_tp2",
  "covariance_type": "full",
  "k": 12,
  "label_map": [
    9,
    1,
    11,
    5,
    3,
    7,
    4,
    10,
    2,
    6,
    8,
    0
  ],
  "means": [
    231.87229863945302,
    240.78150580679474,
    281.3931800986366,
    352.3185994037696,
    412.703576047344,
    472.77915373977896,
    532.483430816122,
    587.4798166018885,
    645.0697132229693,
    710.0238921665114,
    763.8845676099838,
    778.9439413177886
  ],
  "order": [
    11,
    1,
    8,
    4,
    6,
    3,
    9,
    5,
    10,
    0,
    7,
    2
  ],
  "seed": 42,
  "variances": [
    1.0611962898904557,
    4.401614515149243,
    669.9417730472331,
    481.2845154272222,
    509.2932854018533,
    531.1181501352708,
    543.155154494386,
    493.1905928528448,
    473.2506582372233,
    619.5202185420314,
    87.07431938126587,
    119.2700019218598
  ],
  "weights": [
    0.07414458181258632,
    0.18658354210736708,
    0.0547264235272501,
    0.028226263315214634,
    0.02484390447226025,
    0.028142559500443153,
    0.02860950833743653,
    0.029017066266514933,
    0.03437578957102257,
    0.04259633738412797,
    0.2249823615176821,
    0.2437516621880943
  ]
}