{
  "aic": 320144.56364842446,
  "bic": 320442.33772787417,
  "config_id": "deepseek-r1-distill-8b_A100_tp2",
  "covariance_type": "full",
  "k": 12,
  "label_map": [
    9,
    3,
    5,
    0,
    11,
    7,
    2,
    6,
    10,
    8,
    1,
    4
  ],
  "means": [
    124.46453463496691,
    138.8577113695769,
    154.1721933015142,
    175.29817996887664,
    227.5259030368104,
    327.1716334333653,
    407.8148494271229,
    517.4726158075724,
    524.2127254555086,
    534.4060380645074,
    575.2445437460974,
    661.7324266301679
  ],
  "order": [
    3,
    10,
    6,
    1,
    11,
    2,
    7,
    5,
    9,
    0,
    8,
    4
  ],
  "seed": 42,
  "variances": [
    1.1329490792260515,
    4.759103975562758,
    8.07703494510512,
    14.59377758894106,
    2200.418204484549,
    15.643902573483967,
    4160.53638815565,
    30.873262937098282,
    19.175019222381838,
    38.92263472265238,
    1216.6388347155726,
    2356.9598912734505
  ],
  "weights": [
    0.18802492912572527,
    0.13511817759035025,
    0.026125505484547337,
    0.08702455529633657,
    0.007373682617868457,
    0.03984082862284911,
    0.019743342460482156,
    0.1600563453341779,
    0.2548099305481138,
    0.06669275828548349,
    0.010842379998227443,
    0.004347564635838164
  ]
}