{
  "aic": 697101.1532169379,
  "bic": 697412.2756040073,
  "config_id": "deepseek-r1-distill-70b_H100_tp4",
  "covariance_type": "full",
  "k": 12,
  "label_map": [
    1,
    9,
    5,
    7,
    11,
    3,
    10,
    2,
    8,
    0,
    4,
    6
  ],
  "means": [
    284.33032082779766,
    447.7625366529636,
    483.64261147431716,
    675.9675290791728,
    864.9443998151795,
    1065.201175383878,
    1408.5629118707734,
    1462.1540133912363,
    1772.419201472286,
    1844.4296008329202,
    1901.291623931911,
    1970.6451563635326
  ],
  "order": [
    9,
    0,
    7,
    5,
    10,
    2,
    11,
    3,
    8,
    1,
    6,
    4
  ],
  "seed": 42,
  "variances": [
    5.674567516970588,
    4428.5685516746125,
    157.56553296900762,
    1239.8052390333971,
    5208.498588065955,
    1223.4248966860564,
    45448.17860264037,
    2257.2431119216617,
    839.3556855355083,
    663.9480509908428,
    1741.9667963027941,
    4018.024816855476
  ],
  "weights": [
    0.029124884988741776,
    0.03920167771147499,
    0.10606350896152487,
    0.033885839175968074,
    0.009088641538037066,
    0.03110007952803157,
    0.028578763522010234,
    0.06979057041055274,
    0.126484729739351,
    0.2969500883503224,
    0.14951325756264217,
    0.08021795851134314
  ]
}