{
  "aic": 352393.5968654561,
  "bic": 352686.28966421034,
  "config_id": "deepseek-r1-distill-70b_A100_tp4",
  "covariance_type": "full",
  "k": 12,
  "label_map": [
    3,
    7,
    1,
    6,
    11,
    4,
    10,
    2,
    9,
    8,
    5,
    0
  ],
  "means": [
    249.1304036233335,
    284.7764248740077,
    359.9281618138256,
    491.35297072300125,
    731.4584124515238,
    910.3508437399221,
    976.1923463389537,
    1207.920738014657,
    1225.357624339375,
    1287.490217143036,
    1428.5600206459635,
    1582.6828120749528
  ],
  "order": [
    11,
    2,
    7,
    0,
    5,
    10,
    3,
    1,
    9,
    8,
    6,
    4
  ],
  "seed": 42,
  "variances": [
    0.2671738939678356,
    98.16692951384518,
    195.34551349248827,
    37.875131537259634,
    88.92194675636081,
    61568.355159070496,
    192.4806189625795,
    310.02478954831975,
    169.77401995175632,
    2113.7243464267685,
    2608.526496249705,
    2607.0273243188976
  ],
  "weights": [
    0.043708647498376864,
    0.07827205735048244,
    0.02192338532025649,
    0.03302861247194761,
    0.032696401027556936,
    0.024976106501015106,
    0.06421261021377342,
    0.27920726916755273,
    0.33331567607828166,
    0.043646962199666885,
    0.021570884482971158,
    0.02344138768811856
  ]
}