{
  "aic": 456611.0351303026,
  "bic": 456909.9910462034,
  "config_id": "deepseek-r1-distill-70b_H100_tp8",
  "covariance_type": "full",
  "k": 12,
  "label_map": [
    8,
    0,
    4,
    2,
    10,
    6,
    9,
    3,
    1,
    5,
    7,
    11
  ],
  "means": [
    945.1584759726306,
    965.617608040408,
    1166.2791589344117,
    1599.543338606681,
    1956.0326920003877,
    2208.1291724083653,
    2465.064112047792,
    2803.424152714409,
    2945.964338643767,
    3002.5851154042657,
    3021.598578003441,
    3079.366438415198
  ],
  "order": [
    1,
    8,
    3,
    7,
    2,
    9,
    5,
    10,
    0,
    6,
    4,
    11
  ],
  "seed": 42,
  "variances": [
    27.531726989710474,
    188.278243684595,
    18254.901223333924,
    15662.334110622067,
    13685.294168778195,
    13112.086053565197,
    14354.807277566233,
    33009.53043581699,
    828.2408859838469,
    703.2330517851452,
    76.31102797012319,
    4822.191427785851
  ],
  "weights": [
    0.15374365509553983,
    0.031206562471993,
    0.025851029429508083,
    0.01781166475829941,
    0.01385136787380172,
    0.013219096579304448,
    0.013197907539155226,
    0.024151454980300874,
    0.3394418672558941,
    0.16297327656692184,
    0.10474778730391579,
    0.09980433014536588
  ]
}