{
  "aic": 602589.0301517498,
  "bic": 602908.3166757567,
  "config_id": "deepseek-r1-distill-8b_H100_tp1",
  "covariance_type": "full",
  "k": 12,
  "label_map": [
    11,
    1,
    6,
    0,
    9,
    4,
    7,
    3,
    8,
    10,
    5,
    2
  ],
  "means": [
    71.30638680840553,
    119.73303248576374,
    142.17897327961015,
    177.77518252566517,
    218.38738135927449,
    263.87644742557734,
    306.8066635529615,
    350.92242142572746,
    401.4540361245466,
    438.4167520011684,
    452.2312939942746,
    469.17965102105427
  ],
  "order": [
    3,
    1,
    11,
    7,
    5,
    10,
    2,
    6,
    8,
    4,
    9,
    0
  ],
  "seed": 42,
  "variances": [
    0.4476281347447572,
    2.692102874298696,
    177.31514322084118,
    150.7694462035564,
    238.59585735492504,
    259.75032256759255,
    267.8806668929709,
    262.76621626912697,
    316.0555825622691,
    25.983898509862552,
    39.1502560475883,
    84.22302978862648
  ],
  "weights": [
    0.23073513019458772,
    0.17566869327070034,
    0.023985832546024762,
    0.017622496022455997,
    0.019163752710609407,
    0.01798769185454861,
    0.01997134966125237,
    0.0213450856736341,
    0.029327827787745574,
    0.20504764098540418,
    0.1370719711819875,
    0.1020725281110492
  ]
}