{
  "aic": 336029.9781322523,
  "bic": 336320.9335200793,
  "config_id": "deepseek-r1-distill-70b_A100_tp8",
  "covariance_type": "full",
  "k": 12,
  "label_map": [
    6,
    0,
    10,
    3,
    1,
    8,
    5,
    4,
    7,
    2,
    11,
    9
  ],
  "means": [
    561.8777919734101,
    705.7939637157273,
    714.3296646169534,
    1293.656158281312,
    1877.7896618007098,
    2018.38591791807,
    2058.712847556658,
    2088.4472255390847,
    2201.2231679664064,
    2462.69683084816,
    2708.0674365023606,
    2930.220911676797
  ],
  "order": [
    1,
    4,
    9,
    3,
    7,
    6,
    0,
    8,
    5,
    11,
    2,
    10
  ],
  "seed": 42,
  "variances": [
    77.38078583920708,
    232.78881509029156,
    16121.135356555169,
    31819.505563857263,
    47341.05756425053,
    236.34301850566072,
    257.6573742349171,
    401.80525556625565,
    8535.577409273543,
    7663.840862030449,
    7774.534223761287,
    10010.04866472889
  ],
  "weights": [
    0.11764208467976478,
    0.03846404064715586,
    0.009773302200776386,
    0.0031214091248199486,
    0.013133613476781493,
    0.2590439916080705,
    0.2905368374960872,
    0.22853461886091064,
    0.02070410093720542,
    0.009669960391814322,
    0.006362010364846811,
    0.003014030211766526
  ]
}