{
  "aic": 298382.67822055105,
  "bic": 298673.13862344774,
  "config_id": "deepseek-r1-distill-8b_A100_tp4",
  "covariance_type": "full",
  "k": 12,
  "label_map": [
    9,
    1,
    6,
    0,
    11,
    4,
    2,
    10,
    7,
    5,
    8,
    3
  ],
  "means": [
    276.5458700573916,
    289.0476465897403,
    341.286655958377,
    346.16478549800297,
    463.9130002006043,
    566.9908122188483,
    665.8520931769751,
    781.809071795953,
    821.7752063989101,
    838.4263598768769,
    858.1083278675961,
    866.9455501538309
  ],
  "order": [
    3,
    1,
    6,
    11,
    5,
    9,
    2,
    8,
    10,
    0,
    7,
    4
  ],
  "seed": 42,
  "variances": [
    3.788820172198876,
    48.99375066017101,
    597.667749377403,
    32.29604899644316,
    1793.1952081389647,
    1395.4540895058578,
    919.4920780715503,
    8125.743462320484,
    83.11035815205345,
    57.836384770191735,
    93.99201943127022,
    177.14139363560423
  ],
  "weights": [
    0.16848894049847402,
    0.045744580879536534,
    0.02956423913889852,
    0.1338473893964908,
    0.010799715739113347,
    0.005610184220799364,
    0.007778009594634626,
    0.02569568036559056,
    0.07437663559914644,
    0.16869929698833622,
    0.17727252909356347,
    0.15212279848541607
  ]
}