{
  "aic": 426863.230839847,
  "bic": 427173.539282838,
  "config_id": "gpt-oss-20b_A100_tp1",
  "covariance_type": "full",
  "k": 12,
  "label_map": [
    1,
    7,
    10,
    5,
    3,
    4,
    8,
    11,
    9,
    2,
    0,
    6
  ],
  "means": [
    61.307576071260094,
    67.90315366751398,
    83.1514519740844,
    83.23515410360989,
    175.3461644162413,
    236.34523065701487,
    240.2299994336532,
    268.6734637552799,
    288.58531131303266,
    300.6142897203994,
    319.91155098036455,
    332.15711751442126
  ],
  "order": [
    10,
    0,
    9,
    4,
    5,
    3,
    11,
    1,
    6,
    8,
    2,
    7
  ],
  "seed": 42,
  "variances": [
    0.3964661433686032,
    0.13384268839624824,
    165.46214714796216,
    0.9058024931637656,
    857.4607174869312,
    7.515925111392609,
    11.170446256011688,
    24.08639893958747,
    21.51131346646771,
    36.912155807147656,
    40.227041000986354,
    68.36962829805591
  ],
  "weights": [
    0.04687121073490585,
    0.23849923365250278,
    0.01613753192753357,
    0.16233664864494937,
    0.02085935794575033,
    0.08951281705055257,
    0.0845819343827743,
    0.10217775748279533,
    0.0675051008549357,
    0.051703301963926716,
    0.07281163632184658,
    0.04700346903752694
  ]
}