{
  "aic": 400538.09175933345,
  "bic": 400834.3503405696,
  "config_id": "gpt-oss-120b_A100_tp8",
  "covariance_type": "full",
  "k": 12,
  "label_map": [
    7,
    2,
    5,
    11,
    0,
    4,
    8,
    10,
    3,
    6,
    9,
    1
  ],
  "means": [
    517.2188287423339,
    622.3853390441384,
    638.1416978292998,
    991.0097145812655,
    1067.984164297766,
    1157.2650687221599,
    1215.1789601568928,
    1265.14104155197,
    1328.5382391537294,
    1399.3696743411838,
    1510.3046207162404,
    1603.1122742605864
  ],
  "order": [
    4,
    11,
    1,
    8,
    5,
    2,
    9,
    0,
    6,
    10,
    7,
    3
  ],
  "seed": 42,
  "variances": [
    2.107490204178748,
    3830.0013517742877,
    14.854895327250029,
    19941.74623788328,
    42.967259750220464,
    82.24169864901299,
    200.07423200274422,
    100.00728433827017,
    376.98461089819625,
    1514.306986730798,
    2044.6603604764925,
    7832.441770617829
  ],
  "weights": [
    0.20442540180811897,
    0.047003809667346234,
    0.14535975033364038,
    0.05738595595048457,
    0.06406034408680894,
    0.173835000393733,
    0.09642709634459644,
    0.04688617631801489,
    0.05510370504910482,
    0.05213128801654725,
    0.038348695984261584,
    0.01903277604734294
  ]
}