{
  "aic": 551986.7528709595,
  "bic": 552306.9707420638,
  "config_id": "gpt-oss-20b_A100_tp1",
  "covariance_type": "full",
  "k": 12,
  "label_map": [
    4,
    8,
    6,
    1,
    11,
    5,
    7,
    10,
    0,
    2,
    9,
    3
  ],
  "means": [
    57.21340519239387,
    61.30488704548017,
    67.89874700633959,
    82.73957087891755,
    83.19670049766935,
    174.6048540185927,
    238.1938480114627,
    268.6654234827613,
    288.0999190021405,
    299.23559695121793,
    318.46651532278906,
    330.6715169208825
  ],
  "order": [
    8,
    3,
    9,
    11,
    0,
    5,
    2,
    6,
    1,
    10,
    7,
    4
  ],
  "seed": 42,
  "variances": [
    0.4726982042269882,
    0.4181402010687024,
    0.12530478098356743,
    193.81779814684896,
    0.9076941107984404,
    749.226863971785,
    13.105830070673557,
    24.292515040454735,
    18.73627168473217,
    32.628274818849384,
    39.59552536485567,
    71.55588841865652
  ],
  "weights": [
    0.1633663817318989,
    0.08261233666152189,
    0.19537602491072573,
    0.013811364497242587,
    0.1302862482042324,
    0.01609734746399186,
    0.13810369611426163,
    0.0792036661765724,
    0.04693405246663039,
    0.040887058719427036,
    0.049284683214008466,
    0.04403713983948661
  ]
}