{
  "aic": 612904.739287205,
  "bic": 613221.7905038776,
  "config_id": "gpt-oss-20b_A100_tp2",
  "covariance_type": "full",
  "k": 12,
  "label_map": [
    1,
    8,
    5,
    10,
    3,
    7,
    6,
    0,
    2,
    11,
    9,
    4
  ],
  "means": [
    115.41120972878694,
    136.3567965297837,
    142.78610421201813,
    168.01226243213964,
    255.64389709692998,
    304.8469284333016,
    370.16972794453795,
    414.76331138052353,
    446.4097493561703,
    476.61188005024786,
    512.5362216910067,
    547.6541899986044
  ],
  "order": [
    7,
    0,
    8,
    4,
    11,
    2,
    6,
    5,
    1,
    10,
    3,
    9
  ],
  "seed": 42,
  "variances": [
    1.8642415512489292,
    0.2895357561859331,
    197.3873905010673,
    2.727301916789085,
    1750.720662328115,
    859.5514681038504,
    37.27186728697573,
    19.75889062334824,
    422.3472724325274,
    216.24747414187544,
    247.28114337484195,
    624.7734705258006
  ],
  "weights": [
    0.17551580839067776,
    0.16879913686881126,
    0.06300858123881903,
    0.14239056267558786,
    0.03486750359445432,
    0.03458459796042916,
    0.047262571660872874,
    0.0969031310866075,
    0.0880755506224543,
    0.054546918642739105,
    0.061401084394025696,
    0.032644552864521045
  ]
}