{
  "aic": 492466.3508192388,
  "bic": 492776.6137807504,
  "config_id": "gpt-oss-20b_A100_tp2",
  "covariance_type": "full",
  "k": 12,
  "label_map": [
    10,
    1,
    6,
    4,
    5,
    8,
    0,
    11,
    2,
    3,
    9,
    7
  ],
  "means": [
    136.39787546624908,
    148.95216380476964,
    168.01208433243409,
    193.1216686348171,
    298.20485092400367,
    370.5803769882116,
    414.8285926511389,
    441.79045103163355,
    465.9850709859894,
    491.6299795689637,
    519.0535869469752,
    553.8913347803832
  ],
  "order": [
    6,
    1,
    8,
    9,
    3,
    4,
    2,
    11,
    5,
    10,
    0,
    7
  ],
  "seed": 42,
  "variances": [
    0.3529210670327744,
    53.158464226341806,
    2.8180152641573333,
    691.1168240742423,
    959.5314703394417,
    55.57661286151754,
    25.099993719219864,
    54.13445800233228,
    75.31967103339097,
    143.02493131255213,
    195.33135512937108,
    502.94785190487835
  ],
  "weights": [
    0.23311113983482984,
    0.01848695282613393,
    0.19328553122917708,
    0.01886798612942677,
    0.03233258462488059,
    0.0662423256097885,
    0.14375992597401446,
    0.058223751086224095,
    0.07257277231412974,
    0.06348655153617987,
    0.06496223670827635,
    0.03466824212693887
  ]
}