{
  "aic": 637149.9821415441,
  "bic": 637461.700232569,
  "config_id": "gpt-oss-120b_A100_tp4",
  "covariance_type": "full",
  "k": 12,
  "label_map": [
    1,
    7,
    9,
    4,
    11,
    2,
    3,
    8,
    5,
    6,
    10,
    0
  ],
  "means": [
    229.75693836858008,
    262.6066773700162,
    324.59963168784543,
    335.94338556802074,
    574.1657364973448,
    680.3817734554273,
    735.1415852710038,
    736.849977991923,
    829.3413105141734,
    870.9336525812723,
    965.7348250184482,
    1064.2702157261172
  ],
  "order": [
    11,
    0,
    5,
    6,
    3,
    8,
    9,
    1,
    7,
    2,
    10,
    4
  ],
  "seed": 42,
  "variances": [
    0.0918998433422411,
    12.346503098582462,
    6.059469960725897,
    5831.895053487537,
    2274.910027923163,
    44.86676560672393,
    1101.4940106381728,
    57.91461082255033,
    261.4045867479002,
    201.00800424196345,
    1818.4456798653246,
    3948.467065628131
  ],
  "weights": [
    0.039851060273321026,
    0.1877677953426135,
    0.11742294218549375,
    0.12534971765429453,
    0.05953586132355028,
    0.14623151135489312,
    0.06311249523218818,
    0.0632747501142774,
    0.06744174886539347,
    0.03814400893511626,
    0.06638533646587728,
    0.025482772252981154
  ]
}