{
  "aic": 598298.1196767315,
  "bic": 598608.4301248977,
  "config_id": "gpt-oss-120b_A100_tp8",
  "covariance_type": "full",
  "k": 12,
  "label_map": [
    0,
    5,
    10,
    2,
    7,
    4,
    3,
    11,
    9,
    6,
    1,
    8
  ],
  "means": [
    517.2142624067054,
    622.6919033315672,
    638.1007789435067,
    991.8538341980848,
    1068.0224995058495,
    1157.4319320661784,
    1215.2053007652346,
    1265.263561340949,
    1328.7234221089775,
    1401.0165825215659,
    1511.7010027633385,
    1600.2123387648064
  ],
  "order": [
    0,
    10,
    3,
    6,
    5,
    1,
    9,
    4,
    11,
    8,
    2,
    7
  ],
  "seed": 42,
  "variances": [
    2.085259175576268,
    3939.9905295295275,
    14.859506406277278,
    19597.077991478476,
    41.98185759853289,
    83.9519449116079,
    201.00134515696638,
    101.22641095449282,
    400.07702597782026,
    1509.1386655662984,
    2072.7268094326314,
    8718.509240324962
  ],
  "weights": [
    0.20577458593807307,
    0.04791848355921599,
    0.14476325289855424,
    0.057868408559697396,
    0.06336369442935114,
    0.17392021859868312,
    0.09546488371640349,
    0.046829773545460314,
    0.05697934488771333,
    0.05093913175575762,
    0.03723677784580504,
    0.018941444265285164
  ]
}