{
  "aic": 580422.3551038476,
  "bic": 580679.4478691552,
  "config_id": "gpt-oss-120b_A100_tp4",
  "covariance_type": "full",
  "k": 10,
  "label_map": [
    6,
    1,
    4,
    7,
    3,
    9,
    5,
    0,
    2,
    8
  ],
  "means": [
    263.49721026745544,
    298.0470466291372,
    324.6979487039142,
    513.5007559591668,
    680.7603716667179,
    735.9518166248587,
    842.9898542156558,
    955.0228553711743,
    1015.8440943846608,
    1098.753690686808
  ],
  "order": [
    7,
    1,
    8,
    4,
    2,
    6,
    0,
    3,
    9,
    5
  ],
  "seed": 42,
  "variances": [
    6.266179850911173,
    209.16951270080648,
    6.918968631564811,
    13653.235950810546,
    50.53385084557969,
    142.2267617954356,
    1048.3884875874483,
    588.8596380016297,
    688.9503382362815,
    2350.3234916667207
  ],
  "weights": [
    0.2133703012249535,
    0.018136227591425618,
    0.1545994491807302,
    0.05686583522413365,
    0.18411742053721514,
    0.12231024304636795,
    0.14583445771900502,
    0.05191258308073483,
    0.03378443880701692,
    0.01906904358841715
  ]
}