{
  "aic": 581100.9632225038,
  "bic": 581412.4099718572,
  "config_id": "llama-3-8b_A100_tp4",
  "covariance_type": "full",
  "k": 12,
  "label_map": [
    1,
    10,
    6,
    7,
    3,
    11,
    4,
    9,
    2,
    5,
    8,
    0
  ],
  "means": [
    254.71477218185763,
    277.59074418603666,
    285.08776807024236,
    341.51901709400147,
    400.6157161278195,
    401.3797259576582,
    553.6666177810378,
    697.2944760047322,
    699.7513894977556,
    820.9022879610221,
    832.4878382416035,
    855.5811822394517
  ],
  "order": [
    11,
    0,
    8,
    4,
    6,
    9,
    2,
    3,
    10,
    7,
    1,
    5
  ],
  "seed": 42,
  "variances": [
    0.5123428485743173,
    2.1899597680734164,
    333.2856979288213,
    40.185095991299974,
    22.42837975672209,
    4042.5909976829266,
    92.52025639609543,
    218.1544737454342,
    17253.139352573446,
    196.4766455698089,
    76.34897069858879,
    202.0588940040798
  ],
  "weights": [
    0.042291083604379415,
    0.12341134439160177,
    0.11452367492158433,
    0.11017679797037834,
    0.02588121533617151,
    0.016588335311763805,
    0.02789152147285246,
    0.05167574837887908,
    0.03408432632438713,
    0.04191865803912813,
    0.18694378156211366,
    0.22461351268676025
  ]
}