{
  "aic": 601024.1655638919,
  "bic": 601334.1692251503,
  "config_id": "llama-3-8b_H100_tp4",
  "covariance_type": "full",
  "k": 12,
  "label_map": [
    4,
    11,
    0,
    7,
    9,
    5,
    2,
    6,
    10,
    1,
    8,
    3
  ],
  "means": [
    483.77405825909864,
    523.451035101036,
    611.0957518357664,
    692.5688814998521,
    781.6457984275877,
    867.5579475118444,
    953.2882553461563,
    1036.2213743015297,
    1115.4235994949304,
    1203.169487792249,
    1285.6007839478723,
    1317.5335566596327
  ],
  "order": [
    2,
    9,
    6,
    11,
    0,
    5,
    7,
    3,
    10,
    4,
    8,
    1
  ],
  "seed": 42,
  "variances": [
    6.834903652605384,
    914.9286164966809,
    906.5310746732581,
    1207.054043201683,
    1238.6681028587993,
    1204.1824090684438,
    1161.2256435978175,
    1101.6822723131313,
    1121.0715801406059,
    1340.1820922840716,
    249.41816211006753,
    255.82851464781805
  ],
  "weights": [
    0.2666107662456032,
    0.07447704400313476,
    0.0346638382205109,
    0.029234795117709017,
    0.03599116245085613,
    0.03318818023641872,
    0.03788345565221267,
    0.03594344788937767,
    0.03812494745143782,
    0.05339016883206895,
    0.1576775915687896,
    0.2028146023318805
  ]
}