{
  "aic": 648458.8647111688,
  "bic": 648768.856908183,
  "config_id": "llama-3-8b_H100_tp8",
  "covariance_type": "full",
  "k": 12,
  "label_map": [
    11,
    0,
    5,
    7,
    2,
    8,
    4,
    10,
    1,
    6,
    9,
    3
  ],
  "means": [
    959.6133517890397,
    1029.2281105331583,
    1136.551365219413,
    1252.9121191368552,
    1358.131533451066,
    1474.99810233323,
    1583.946472974589,
    1706.5206164895037,
    1826.4855453611895,
    1953.5385426450314,
    2057.4980991581565,
    2091.172727316187
  ],
  "order": [
    1,
    8,
    4,
    11,
    6,
    2,
    9,
    3,
    5,
    10,
    7,
    0
  ],
  "seed": 42,
  "variances": [
    63.55179600171569,
    1350.752368619826,
    1640.5406654214837,
    1726.6690102476923,
    1886.1442065327296,
    1869.7863149642483,
    2130.579716848565,
    2155.9446982453633,
    2055.974785003017,
    2174.9512074984887,
    301.7625516019506,
    321.68888588891843
  ],
  "weights": [
    0.3010933631414762,
    0.060941880001981245,
    0.03703877092898373,
    0.033463388472559794,
    0.03220556371069242,
    0.038867794437382426,
    0.040090359206984505,
    0.04732084240465723,
    0.04623213980084827,
    0.053874111128788586,
    0.15058548718021936,
    0.15828629958542614
  ]
}