{
  "aic": 611304.0120347831,
  "bic": 611617.3215657099,
  "config_id": "llama-3-8b_H100_tp2",
  "covariance_type": "full",
  "k": 12,
  "label_map": [
    5,
    9,
    2,
    0,
    8,
    6,
    3,
    10,
    7,
    1,
    11,
    4
  ],
  "means": [
    143.94434939115126,
    189.79392141673821,
    238.80000704630575,
    285.0093419972792,
    387.0202294940954,
    459.20002090076645,
    528.9844499184798,
    602.0452881887735,
    685.0763485667853,
    756.2348582630319,
    777.2586767748021,
    797.1515504479163
  ],
  "order": [
    3,
    9,
    2,
    6,
    11,
    0,
    5,
    8,
    4,
    1,
    7,
    10
  ],
  "seed": 42,
  "variances": [
    3.197142454680222,
    1.10694111803643,
    3.6267975236275922,
    1620.9033118714367,
    922.9157732367669,
    234.46745521081073,
    683.7472958311757,
    838.6225341356296,
    1267.9022568321525,
    82.57663933439773,
    70.82961719474783,
    117.50266478263362
  ],
  "weights": [
    0.1393032952147984,
    0.02412786383306953,
    0.20476279965434455,
    0.07249440693376603,
    0.038382924345173444,
    0.06455359837049948,
    0.02885653011080624,
    0.029631018160329353,
    0.0491399380042025,
    0.12081480170201607,
    0.1613344938570187,
    0.06659832981397576
  ]
}