{
  "aic": 515248.9476607818,
  "bic": 515497.17402440595,
  "config_id": "llama-3-405b_H100_tp8",
  "covariance_type": "full",
  "k": 10,
  "label_map": [
    4,
    0,
    8,
    2,
    6,
    5,
    9,
    1,
    3,
    7
  ],
  "means": [
    1013.2103823422966,
    1435.6339940581543,
    2156.8987633830434,
    2994.8802610717776,
    3548.294395859558,
    3642.465399792962,
    3790.8374318012643,
    3939.22633314328,
    4139.156602241249,
    4375.124726604745
  ],
  "order": [
    1,
    7,
    3,
    8,
    0,
    5,
    4,
    9,
    2,
    6
  ],
  "seed": 42,
  "variances": [
    305.90781666182534,
    64954.532682185054,
    61064.93736574397,
    126814.3243745685,
    1510.9389549999987,
    1885.595562632276,
    3274.0502021544507,
    5063.91987695892,
    8588.793383419023,
    29141.657640216406
  ],
  "weights": [
    0.09066833640051888,
    0.011378468206758516,
    0.008775746958649678,
    0.012788750609268727,
    0.3659878897150611,
    0.2501110877740315,
    0.0947244377289573,
    0.08108742120891169,
    0.059828987055596715,
    0.02464887434224599
  ]
}