{
  "aic": 607149.277567394,
  "bic": 607461.5276852287,
  "config_id": "llama-3-70b_A100_tp4",
  "covariance_type": "full",
  "k": 12,
  "label_map": [
    7,
    1,
    6,
    11,
    4,
    3,
    10,
    8,
    2,
    5,
    0,
    9
  ],
  "means": [
    254.31387188823504,
    288.84235980773195,
    357.37556492537266,
    498.54261118482884,
    737.048059920734,
    967.3078792473796,
    984.6013299804944,
    1214.6904615479627,
    1225.0238447800702,
    1272.0207456404262,
    1435.0409954062754,
    1589.4099573924277
  ],
  "order": [
    10,
    1,
    8,
    5,
    4,
    9,
    2,
    0,
    7,
    11,
    6,
    3
  ],
  "seed": 42,
  "variances": [
    0.07684073342773705,
    87.8436881223214,
    128.02651583034213,
    38.49930389137012,
    88.22491276272748,
    78764.48479041868,
    149.2307529337658,
    364.07289184220195,
    131.21232937648026,
    2582.801011589445,
    3614.223858957971,
    2334.44112344665
  ],
  "weights": [
    0.04365294468387419,
    0.08980645155019136,
    0.025541235782013585,
    0.03495920687830297,
    0.03455329898799032,
    0.028751030246374036,
    0.05786815165461368,
    0.24444257558754962,
    0.34725250823476894,
    0.04906130718955968,
    0.023701895555152532,
    0.020409393649608934
  ]
}