{
  "aic": 626942.2904597891,
  "bic": 627252.7589548853,
  "config_id": "llama-3-70b_A100_tp8",
  "covariance_type": "full",
  "k": 12,
  "label_map": [
    1,
    6,
    10,
    0,
    8,
    4,
    3,
    9,
    2,
    5,
    7,
    11
  ],
  "means": [
    554.0883452652064,
    676.4229245926159,
    1003.4839886419232,
    1742.2733252433568,
    1921.127910989665,
    1953.07075693881,
    1982.4942883423705,
    2029.1016543426447,
    2086.0244897658645,
    2239.617557383197,
    2542.4453552952136,
    2837.133978565406
  ],
  "order": [
    3,
    0,
    8,
    6,
    5,
    9,
    1,
    10,
    4,
    7,
    2,
    11
  ],
  "seed": 42,
  "variances": [
    261.0133825490759,
    709.3204359933841,
    45571.11394557328,
    37563.08672606627,
    151.66624264108853,
    187.8845068958114,
    200.40517055802493,
    331.04113321374484,
    449.6338072521126,
    9845.281056572878,
    13148.659422498598,
    23215.143985284518
  ],
  "weights": [
    0.13046823371093993,
    0.04599121638131442,
    0.005508341105182221,
    0.011518899596985129,
    0.19940234301766907,
    0.1562821067492271,
    0.19351161884627893,
    0.11531449560483124,
    0.11296370805938873,
    0.01809185619668785,
    0.007499390880159461,
    0.003447789851335763
  ]
}