{
  "aic": 557063.7338526322,
  "bic": 557326.8942951879,
  "config_id": "llama-3-8b_A100_tp2",
  "covariance_type": "full",
  "k": 10,
  "label_map": [
    7,
    2,
    5,
    0,
    9,
    3,
    8,
    6,
    4,
    1
  ],
  "means": [
    126.31790924561844,
    134.99431405337629,
    146.02131439532312,
    165.0394616711671,
    225.27502345364528,
    318.06592519965835,
    395.22064645508243,
    506.7750283711433,
    514.0809435757822,
    559.4535250744445
  ],
  "order": [
    3,
    9,
    1,
    5,
    8,
    2,
    7,
    0,
    6,
    4
  ],
  "seed": 42,
  "variances": [
    2.3279102452358793,
    1.0268873426289027,
    20.88001700388026,
    7.481877855030797,
    2501.064550474261,
    15.04917392302886,
    4743.003536133085,
    23.69840811364983,
    46.15042026983356,
    4774.130921136257
  ],
  "weights": [
    0.2105872540809631,
    0.11261820737645184,
    0.034931031795315336,
    0.07887414494058191,
    0.00745460453035358,
    0.049449707035485964,
    0.018173005001676932,
    0.25950708921983195,
    0.20772888128972292,
    0.020676074729616536
  ]
}