{
  "aic": 537521.8524170795,
  "bic": 537832.715895716,
  "config_id": "llama-3-70b_A100_tp4",
  "covariance_type": "full",
  "k": 12,
  "label_map": [
    5,
    1,
    10,
    7,
    11,
    4,
    9,
    2,
    0,
    8,
    3,
    6
  ],
  "means": [
    289.2243304655971,
    304.26673155770095,
    360.6405095929779,
    519.095996597907,
    1078.4983500171886,
    1198.2148534546084,
    1219.759797389017,
    1235.1754856384623,
    1297.0541858940726,
    1414.2438033563876,
    1512.2485294574176,
    1609.4981699981297
  ],
  "order": [
    8,
    1,
    7,
    10,
    5,
    0,
    11,
    3,
    9,
    6,
    2,
    4
  ],
  "seed": 42,
  "variances": [
    13.789518047366064,
    51.19327399399676,
    65.5195636088754,
    24083.329492479013,
    16119.821573748539,
    196.37651068662407,
    83.78611307325914,
    123.1506668006203,
    1459.3211701149805,
    1327.6851958955815,
    1304.6351333199966,
    1378.5429364865076
  ],
  "weights": [
    0.07720261476437604,
    0.014486353968131204,
    0.02865576155317931,
    0.0029693839917046463,
    0.009000531713565933,
    0.1296868949237246,
    0.4034365248808779,
    0.23456461655213426,
    0.043255879346502,
    0.02066876429776607,
    0.01636826932762559,
    0.01970440468041238
  ]
}