{
  "aic": 642052.2522797269,
  "bic": 642362.5333071364,
  "config_id": "llama-3-70b_H100_tp8",
  "covariance_type": "full",
  "k": 12,
  "label_map": [
    0,
    9,
    4,
    6,
    2,
    7,
    11,
    1,
    5,
    8,
    3,
    10
  ],
  "means": [
    960.4996877541315,
    1113.421615379131,
    1464.8831829933563,
    1733.1873241175952,
    2017.2123152995553,
    2331.534775764293,
    2703.643389587498,
    2930.2398540957965,
    2964.0145806989267,
    3018.5659883805943,
    3074.268494952851,
    3156.7827251916788
  ],
  "order": [
    0,
    7,
    4,
    10,
    2,
    8,
    3,
    5,
    9,
    1,
    11,
    6
  ],
  "seed": 42,
  "variances": [
    117.80236394711564,
    12723.9468661244,
    12301.402696257173,
    12930.996709261039,
    12755.084193813203,
    14595.480736977772,
    22403.42831233593,
    512.5782975864715,
    331.10371939260153,
    323.574074857625,
    964.6499916829462,
    3920.1946150948265
  ],
  "weights": [
    0.185055012050107,
    0.026562860372219988,
    0.015581755668560104,
    0.012256398555683036,
    0.015600451695837939,
    0.016952668535472924,
    0.022585670044187676,
    0.11235519118487818,
    0.25137360165466904,
    0.230682584156657,
    0.07644130835382912,
    0.034552497727898
  ]
}