{
  "aic": 665485.9513657867,
  "bic": 665795.348362419,
  "config_id": "llama-3-70b_H100_tp4",
  "covariance_type": "full",
  "k": 12,
  "label_map": [
    9,
    2,
    6,
    4,
    0,
    5,
    8,
    11,
    7,
    3,
    10,
    1
  ],
  "means": [
    283.07570209511607,
    463.9564483213173,
    487.0278862310295,
    677.9045938345906,
    845.8226782837609,
    1078.4027119172824,
    1464.9866950799042,
    1478.5103978985053,
    1813.2367905965657,
    1871.5167719898739,
    1928.8977705006773,
    1998.3329560193563
  ],
  "order": [
    4,
    11,
    1,
    9,
    3,
    5,
    2,
    8,
    6,
    0,
    10,
    7
  ],
  "seed": 42,
  "variances": [
    8.534882616742568,
    5058.287800338319,
    258.46043576840685,
    707.5718279602236,
    5359.088021348938,
    2123.870820781,
    23124.75272313711,
    2010.8627312320132,
    1259.8141356392237,
    763.9733904418952,
    1113.9932423389137,
    3228.287184526834
  ],
  "weights": [
    0.028496868904716335,
    0.049993158857721175,
    0.11451994732994618,
    0.028368863710555126,
    0.01225678676329046,
    0.034040894610067735,
    0.03340549291875708,
    0.06623488560080576,
    0.17928547804772751,
    0.2664922834794349,
    0.13563739207377482,
    0.05126794770320281
  ]
}