{
  "aic": 468036.1326851152,
  "bic": 468334.7308434574,
  "config_id": "llama-3-8b_H100_tp8",
  "covariance_type": "full",
  "k": 12,
  "label_map": [
    11,
    1,
    6,
    4,
    8,
    2,
    9,
    10,
    3,
    7,
    5,
    0
  ],
  "means": [
    959.6075724120045,
    1025.9399635753825,
    1122.5569191390662,
    1236.1626406879416,
    1344.3509239052191,
    1465.9868176508533,
    1575.9880046645171,
    1699.3846196849686,
    1818.822907474125,
    1951.629953333314,
    2057.502654963381,
    2091.081887091631
  ],
  "order": [
    11,
    1,
    5,
    8,
    3,
    10,
    2,
    9,
    4,
    6,
    7,
    0
  ],
  "seed": 42,
  "variances": [
    63.007331199437935,
    1172.4978475759528,
    1432.1040282056067,
    1976.9108635504278,
    2032.6443143707409,
    1915.2491522829412,
    2109.42997148765,
    2151.101910397083,
    2069.886450299325,
    2407.7487584979003,
    300.0660836160499,
    317.3470415276265
  ],
  "weights": [
    0.3019512796628299,
    0.057041203125119636,
    0.034964556845919224,
    0.034645928677709416,
    0.034447586436884024,
    0.03848458426189444,
    0.03947676343508537,
    0.047843922252684065,
    0.047369545534534055,
    0.05578441974502017,
    0.14933859114363976,
    0.1586516188786799
  ]
}