{
  "aic": 337188.6138167948,
  "bic": 337482.0299377858,
  "config_id": "llama-3-8b_A100_tp8",
  "covariance_type": "full",
  "k": 12,
  "label_map": [
    0,
    8,
    2,
    6,
    10,
    4,
    7,
    11,
    3,
    5,
    9,
    1
  ],
  "means": [
    555.993704159641,
    604.8370995891291,
    672.9611760456252,
    730.8286691850819,
    861.0025698073805,
    965.9758527145491,
    1097.3209725734478,
    1248.7473278033187,
    1306.649748341723,
    1329.3534832693988,
    1345.084486335449,
    1370.0230058637312
  ],
  "order": [
    0,
    11,
    2,
    8,
    5,
    9,
    3,
    6,
    1,
    10,
    4,
    7
  ],
  "seed": 42,
  "variances": [
    23.71805433304719,
    1126.948904577735,
    44.164925968786946,
    2242.416813409097,
    1599.7023061554114,
    1575.1246250459697,
    2078.7481205664553,
    2338.8074027002604,
    56.948106204575375,
    68.5643347542921,
    101.17179632770406,
    3360.5337650800607
  ],
  "weights": [
    0.19945748936385732,
    0.033434952952442885,
    0.13576912465538565,
    0.014299730726937526,
    0.006792366903615114,
    0.007439458723283299,
    0.016229309867704888,
    0.018295420131591356,
    0.27090893042391045,
    0.17011819480430646,
    0.1084497486452404,
    0.018805272801724608
  ]
}