{
  "aic": 515952.30238469015,
  "bic": 516156.0743951814,
  "config_id": "llama-3-8b_H100_tp1",
  "covariance_type": "full",
  "k": 8,
  "label_map": [
    0,
    6,
    3,
    7,
    4,
    2,
    5,
    1
  ],
  "means": [
    119.09280785457995,
    158.49053611986164,
    222.1860765293641,
    286.03099422833964,
    345.60970799526245,
    399.00730521794634,
    438.4901644699461,
    463.2563647901208
  ],
  "order": [
    0,
    7,
    5,
    2,
    4,
    6,
    1,
    3
  ],
  "seed": 42,
  "variances": [
    5.209621817723805,
    451.14040443719017,
    491.4877802840358,
    501.3918131473257,
    418.5808593549656,
    203.7093943702326,
    80.69455410715308,
    120.45918403001727
  ],
  "weights": [
    0.2259733689992706,
    0.046731183407518986,
    0.034487817830192634,
    0.03462721646206864,
    0.037151967851074275,
    0.048631149199281215,
    0.3567449501436415,
    0.2156523461069521
  ]
}