{
  "aic": 608089.6873372858,
  "bic": 608398.3893758685,
  "config_id": "llama-3-70b_H100_tp4",
  "covariance_type": "full",
  "k": 12,
  "label_map": [
    9,
    1,
    5,
    11,
    3,
    7,
    4,
    10,
    6,
    8,
    0,
    2
  ],
  "means": [
    474.1617769035944,
    499.81707572644575,
    614.9656574582822,
    846.5345867978558,
    1095.650120932993,
    1345.4348964426076,
    1598.779420189138,
    1780.0889793700155,
    1830.3617179834023,
    1874.733349615755,
    1924.6460420369833,
    1994.8722765661973
  ],
  "order": [
    10,
    1,
    11,
    4,
    6,
    2,
    8,
    5,
    9,
    0,
    7,
    3
  ],
  "seed": 42,
  "variances": [
    24.409376283063175,
    143.07523037832328,
    5386.83391205639,
    6906.2069950946125,
    8248.035055927841,
    7308.062784590021,
    10122.969282970042,
    412.7525873625045,
    311.51596768839164,
    353.1299825951216,
    713.8506635309542,
    2815.169100429372
  ],
  "weights": [
    0.06774288237427462,
    0.08964377097072387,
    0.016400881504200566,
    0.011885601916621327,
    0.013293413927353595,
    0.011926717591122698,
    0.015737164257887095,
    0.08449755379586708,
    0.17438569064060128,
    0.2595611490815289,
    0.1786656299142861,
    0.07625954402553299
  ]
}