{
  "aic": 640776.1261411172,
  "bic": 641095.2509325831,
  "config_id": "llama-3-8b_H100_tp1",
  "covariance_type": "full",
  "k": 12,
  "label_map": [
    10,
    0,
    4,
    1,
    7,
    9,
    5,
    11,
    3,
    8,
    6,
    2
  ],
  "means": [
    71.49046488849584,
    119.081574009468,
    142.73029065190653,
    180.89473445163713,
    224.37499931099643,
    271.63814837899264,
    313.81768418073113,
    355.41106071963367,
    400.60415857271335,
    434.80798323571605,
    449.671389467892,
    468.7532567119088
  ],
  "order": [
    1,
    3,
    11,
    8,
    2,
    6,
    10,
    4,
    9,
    5,
    0,
    7
  ],
  "seed": 42,
  "variances": [
    1.5511767780593266,
    5.167276211416436,
    155.39253648560836,
    218.2806643790446,
    280.1513835160961,
    299.6123222068097,
    259.64177344100113,
    214.64839262540582,
    176.8845912340609,
    47.307514424918516,
    48.490846662052405,
    72.26395062641393
  ],
  "weights": [
    0.22352032915866452,
    0.17428903783351454,
    0.024928549581441355,
    0.01974696368297301,
    0.020034166071189553,
    0.018809051372255796,
    0.01878911892397739,
    0.021196378254471557,
    0.03828514436252904,
    0.19017004896859308,
    0.14166865332043913,
    0.10856255846995104
  ]
}