{
  "aic": 551361.8274978852,
  "bic": 551683.7693278923,
  "config_id": "llama-3-8b_A100_tp1",
  "covariance_type": "full",
  "k": 12,
  "label_map": [
    0,
    7,
    10,
    3,
    5,
    6,
    8,
    11,
    9,
    1,
    4,
    2
  ],
  "means": [
    59.83629912867622,
    63.14108592134653,
    68.412394311503,
    83.27587464206017,
    84.14315276220351,
    255.84851986981647,
    283.52448763962724,
    289.1434292571997,
    298.2145164915289,
    320.02720848458864,
    377.03507170080934,
    424.6633715027461
  ],
  "order": [
    0,
    9,
    11,
    3,
    10,
    4,
    5,
    1,
    6,
    8,
    2,
    7
  ],
  "seed": 42,
  "variances": [
    0.08155630189535937,
    1.4565796752678732,
    0.4132289493106988,
    1.783683287803439,
    112.11273614485086,
    2327.1118189624217,
    12.795358900198702,
    12.43715963333619,
    22.83377733913498,
    547.4221881052715,
    281.8203845052119,
    213.42069190951943
  ],
  "weights": [
    0.06420438145440378,
    0.22083583420215092,
    0.09359641569703021,
    0.06421169409854315,
    0.008696804850713596,
    0.013487082756412553,
    0.24313461695117916,
    0.20023803240567314,
    0.07414434614929073,
    0.007190493484791052,
    0.00458122930985971,
    0.005679068639951992
  ]
}