{
  "aic": 645629.5703591455,
  "bic": 645940.1922162102,
  "config_id": "llama-3-8b_H100_tp4",
  "covariance_type": "full",
  "k": 12,
  "label_map": [
    10,
    2,
    6,
    8,
    4,
    1,
    5,
    9,
    11,
    3,
    7,
    0
  ],
  "means": [
    285.7108691530308,
    431.9412855667593,
    483.6347095749699,
    531.5769565346578,
    653.8484675584288,
    784.3687728972342,
    882.4997527813131,
    962.6985651661105,
    1049.7949408931122,
    1181.3710092699728,
    1286.384280666693,
    1317.7518075127734
  ],
  "order": [
    11,
    5,
    1,
    9,
    4,
    6,
    2,
    10,
    3,
    7,
    0,
    8
  ],
  "seed": 42,
  "variances": [
    0.15108482271666263,
    2677.9533822501717,
    6.045206269160952,
    1379.3691317681526,
    2344.9871214668733,
    1439.1566896599606,
    1233.9003438900327,
    1099.3302298474416,
    711.7534105325668,
    3158.8805856003437,
    260.9119221833849,
    255.66575128683297
  ],
  "weights": [
    0.025129809010084773,
    0.07719356942622979,
    0.20919891715377453,
    0.08004997871662721,
    0.05275770267641663,
    0.0568011360329855,
    0.03205584163708445,
    0.03481742812139894,
    0.07187594693126459,
    0.07066947114685906,
    0.1294165364470876,
    0.16003366270018682
  ]
}