{
  "aic": 519591.3209023749,
  "bic": 519899.59131048096,
  "config_id": "llama-3-8b_H100_tp2",
  "covariance_type": "full",
  "k": 12,
  "label_map": [
    9,
    0,
    5,
    3,
    7,
    10,
    4,
    8,
    2,
    11,
    6,
    1
  ],
  "means": [
    238.82429234462717,
    267.94909635237644,
    322.7448423660873,
    386.02317586388904,
    451.80446068786443,
    512.7720682788246,
    573.3114225470728,
    637.3754441276702,
    701.4134156100556,
    755.6174570367576,
    776.4561598703093,
    795.5929826603231
  ],
  "order": [
    1,
    11,
    8,
    3,
    6,
    2,
    10,
    4,
    7,
    0,
    5,
    9
  ],
  "seed": 42,
  "variances": [
    3.6950010249958707,
    356.81213435775715,
    427.04265368860007,
    620.2282210349999,
    610.7917672888353,
    594.0453911533579,
    601.0832099574995,
    560.8409062970452,
    635.2498083774345,
    72.41609928671075,
    66.42324482516192,
    125.72845180423505
  ],
  "weights": [
    0.26693611260303557,
    0.041261591728254395,
    0.03445593090068168,
    0.03073380665609168,
    0.02900066870128369,
    0.030248691074497406,
    0.03231386446021673,
    0.038178476111632026,
    0.042707067803036056,
    0.14951225093324513,
    0.2044915368630167,
    0.10016000216500892
  ]
}