{
  "aic": 408505.23073922156,
  "bic": 408800.9337212829,
  "config_id": "llama-3-70b_A100_tp8",
  "covariance_type": "full",
  "k": 12,
  "label_map": [
    5,
    1,
    8,
    11,
    6,
    3,
    9,
    10,
    4,
    2,
    0,
    7
  ],
  "means": [
    541.3362474964358,
    569.76195170439,
    675.0209739024003,
    979.7543436801991,
    1700.7983820085408,
    1926.8950111393253,
    1973.8542373727755,
    2023.4007612507928,
    2084.815661617001,
    2248.020493362264,
    2544.426864420622,
    2843.529438838033
  ],
  "order": [
    10,
    1,
    9,
    5,
    8,
    0,
    4,
    11,
    2,
    6,
    7,
    3
  ],
  "seed": 42,
  "variances": [
    27.363831850231506,
    75.29489157141361,
    769.5296040616275,
    40020.77126678306,
    37172.28451039336,
    249.22950144526092,
    264.2042211428497,
    393.8243294665719,
    514.3567191385276,
    9371.824711339406,
    12722.883539604525,
    22697.470424120314
  ],
  "weights": [
    0.0740793854739538,
    0.05601076549479219,
    0.0467096343881476,
    0.005293595446477165,
    0.009755584582455214,
    0.2669335477517218,
    0.26871206636713474,
    0.12456452015197894,
    0.12010404233245682,
    0.017080211302492296,
    0.007575639887663727,
    0.0031810068207257683
  ]
}