{
  "aic": 712128.5965342837,
  "bic": 712386.211074206,
  "config_id": "llama-3-405b_H100_tp8",
  "covariance_type": "full",
  "k": 10,
  "label_map": [
    0,
    6,
    4,
    9,
    2,
    1,
    5,
    7,
    3,
    8
  ],
  "means": [
    1013.4369335236726,
    1414.2237427992034,
    2152.8785917816285,
    2986.416147597998,
    3547.814040108239,
    3641.3978278279214,
    3783.377495334743,
    3930.874395442197,
    4129.869271244135,
    4378.127658345577
  ],
  "order": [
    0,
    5,
    4,
    8,
    2,
    6,
    1,
    7,
    9,
    3
  ],
  "seed": 42,
  "variances": [
    314.9968747350453,
    62965.11628683727,
    62781.24525870081,
    125550.12170593755,
    1480.3153235593868,
    1807.8617622253444,
    3188.880838127021,
    5076.612428159416,
    8670.214527601944,
    30393.013511634967
  ],
  "weights": [
    0.09179175401218989,
    0.01101617922525437,
    0.008670476626713048,
    0.01288842188519489,
    0.36400150733238534,
    0.24840373570184587,
    0.09229369285541687,
    0.08323207281247356,
    0.06235394558726684,
    0.02534821396125947
  ]
}