{
  "aic": 467863.24153219274,
  "bic": 468162.4626985605,
  "config_id": "llama-3-70b_H100_tp8",
  "covariance_type": "full",
  "k": 12,
  "label_map": [
    8,
    0,
    4,
    10,
    2,
    6,
    11,
    5,
    3,
    1,
    9,
    7
  ],
  "means": [
    960.4173863543299,
    1103.423975704135,
    1447.7173575215306,
    1717.1722879002061,
    2013.079812186499,
    2311.2525728611436,
    2666.560599532234,
    2923.238968339727,
    2957.728393331012,
    3017.11742868141,
    3071.726967890178,
    3153.39995118475
  ],
  "order": [
    1,
    9,
    4,
    8,
    2,
    7,
    5,
    11,
    0,
    10,
    3,
    6
  ],
  "seed": 42,
  "variances": [
    115.88384190935696,
    11361.364719893283,
    11486.430892918332,
    12770.76356978203,
    12601.069266957138,
    13460.203859543988,
    21651.91833815349,
    878.3918406980001,
    448.93576704470615,
    373.74932416997734,
    1125.1928826843016,
    4145.211015119422
  ],
  "weights": [
    0.1871465100084447,
    0.02558993781753406,
    0.01532346085674226,
    0.012509384587280193,
    0.015886238220691285,
    0.01568754983417499,
    0.021800044489871908,
    0.05560983963517049,
    0.2993226425738051,
    0.23628623258666803,
    0.07907191156395466,
    0.0357662478256622
  ]
}