{"val_transition_mae":235.6672917544886,"train_loss":1.424964040517807,"_step":499,"lr":0,"_runtime":52,"val_acc":0.40932149651236527,"_wandb":{"runtime":52},"val_loss":1.851851463317871,"val_autocorr_r2":0.9138390353146484,"_timestamp":1.7613685984200916e+09,"epoch":500,"val_f1":0.31942063551478916}