{"_wandb":{"runtime":58},"val_f1":0.29423052779737474,"val_autocorr_r2":0.5729489886151935,"train_loss":1.3226746916770935,"val_acc":0.6464915437207629,"_runtime":58,"val_loss":1.781049132347107,"val_transition_mae":1241.6076768357589,"lr":0,"_timestamp":1.7609421787942784e+09,"_step":499,"epoch":500}