{"_timestamp":1.7609221390558672e+09,"lr":0.0009932488451843476,"val_transition_mae":0.6196351931330472,"_step":999,"val_loss":0.9681012351065874,"_runtime":743,"val_acc":0.7591544949598849,"train_loss":0.6749268650360729,"epoch":1000,"val_f1":0.4965721668859613,"_wandb":{"runtime":743},"val_autocorr_r2":0}