{"val_acc":0.773083843109032,"_step":499,"train_loss":1.3710892796516418,"_timestamp":1.7609420946490915e+09,"_runtime":58,"_wandb":{"runtime":58},"epoch":500,"val_loss":1.4972214698791504,"val_f1":0.3195857359788842,"val_autocorr_r2":0.6690623315048989,"lr":0,"val_transition_mae":276.34286900871376}