{
  "aic": 542323.2776066846,
  "bic": 542863.0734465462,
  "config_id": "gpt-oss-20b_A100_tp1",
  "covariance_type": "full",
  "k": 20,
  "label_map": [
    0,
    14,
    9,
    5,
    17,
    7,
    11,
    3,
    12,
    4,
    19,
    15,
    2,
    8,
    13,
    18,
    10,
    6,
    16,
    1
  ],
  "means": [
    56.00441347817738,
    57.514465139753035,
    61.3047627906774,
    67.89736186353099,
    81.24304230924218,
    83.19383931500758,
    134.90578822704498,
    166.13095983923998,
    220.31899804095914,
    235.96813714497372,
    241.17858764585398,
    266.2074790392028,
    271.157700247262,
    286.6202684218042,
    294.27987872933835,
    304.21190837827737,
    315.9862572400903,
    324.36140691459667,
    334.63700915207056,
    347.3755274413384
  ],
  "order": [
    0,
    19,
    12,
    7,
    9,
    3,
    17,
    5,
    13,
    2,
    16,
    6,
    8,
    14,
    1,
    11,
    18,
    4,
    15,
    10
  ],
  "seed": 42,
  "variances": [
    0.017283270362902517,
    0.13139966495503053,
    0.41819256794040804,
    0.12377125600013295,
    135.0900273670307,
    0.8972582417136816,
    270.4741624812156,
    5.75921444699214,
    702.9633496893578,
    4.634510632279417,
    5.595062227117679,
    15.727903037521303,
    16.49163981087118,
    13.091470291835774,
    14.694153997330258,
    17.32460495735652,
    14.651733716139802,
    12.464857095806163,
    16.831002075213043,
    117.8857995774185
  ],
  "weights": [
    0.032650639342258675,
    0.1308246070806765,
    0.08263734446677667,
    0.19510189389779004,
    0.013920736757793517,
    0.1296840333293291,
    0.00356181798686346,
    0.007377126140817755,
    0.009986903516397564,
    0.07696072540070456,
    0.05804765439263245,
    0.03774292225943203,
    0.040356158020418066,
    0.03488683161545277,
    0.03341417656749873,
    0.023519428117552442,
    0.029400200441360883,
    0.03368962629752175,
    0.023798330265821906,
    0.0024388441029011072
  ]
}