{
  "aic": 399735.1087006097,
  "bic": 400183.7288379102,
  "config_id": "gpt-oss-120b_A100_tp8",
  "covariance_type": "full",
  "k": 18,
  "label_map": [
    2,
    9,
    14,
    0,
    6,
    13,
    4,
    7,
    16,
    12,
    3,
    5,
    10,
    8,
    15,
    1,
    17,
    11
  ],
  "means": [
    517.2218458162963,
    598.871197274417,
    638.1667208374786,
    695.3136684538028,
    858.9947609604925,
    1066.4243786125905,
    1067.936597301762,
    1153.3449309026935,
    1164.067994922878,
    1208.962411473772,
    1220.3886958031605,
    1264.1877628984673,
    1330.44411516664,
    1388.6234639422717,
    1448.715678762669,
    1516.9293574145313,
    1602.0013376676163,
    1693.698908456483
  ],
  "order": [
    3,
    15,
    0,
    10,
    6,
    11,
    4,
    7,
    13,
    1,
    12,
    17,
    9,
    5,
    2,
    14,
    8,
    16
  ],
  "seed": 42,
  "variances": [
    2.1208183408408896,
    2065.1454674812253,
    15.098949452860795,
    4523.189933594877,
    2806.078117831433,
    7618.076968099721,
    41.316606632917136,
    41.49482682912789,
    70.35689479310115,
    241.11460962310719,
    35.71961625749491,
    149.314506104253,
    334.3154388602531,
    253.71927486998285,
    506.29574249850896,
    883.1079421654716,
    1604.1589012332465,
    6727.115362538902
  ],
  "weights": [
    0.20463498289564142,
    0.03274130808173207,
    0.14616274798586468,
    0.016834797393543457,
    0.01608452123679197,
    0.03930516698448361,
    0.06281177904572748,
    0.10695280960008885,
    0.06474399507239789,
    0.05486134083204712,
    0.03848613706763981,
    0.052819907545560645,
    0.06052694608831443,
    0.029951276307481407,
    0.025205060862198224,
    0.029388108120618192,
    0.01385728784370366,
    0.0046318270361649354
  ]
}