{
  "aic": 634097.0704606068,
  "bic": 634622.5380997631,
  "config_id": "gpt-oss-120b_A100_tp4",
  "covariance_type": "full",
  "k": 20,
  "label_map": [
    2,
    11,
    16,
    7,
    3,
    14,
    18,
    9,
    5,
    13,
    6,
    4,
    19,
    8,
    10,
    17,
    15,
    0,
    1,
    12
  ],
  "means": [
    229.81854947219594,
    262.9216951835893,
    268.5491263545459,
    324.6358701607185,
    358.17963889775064,
    456.1758674487764,
    519.6639793171854,
    567.7827881192048,
    611.7143595023874,
    680.1016366411875,
    687.5280558095592,
    736.5176484266705,
    780.5888219891983,
    828.7861658655107,
    868.9534062112884,
    931.0922886719869,
    966.6740237097779,
    1018.5949719218112,
    1081.7259912147533,
    1123.6345811664999
  ],
  "order": [
    17,
    18,
    0,
    4,
    11,
    8,
    10,
    3,
    13,
    7,
    14,
    1,
    19,
    9,
    5,
    16,
    2,
    15,
    6,
    12
  ],
  "seed": 42,
  "variances": [
    0.031191128976292806,
    9.344659584618647,
    650.687445017263,
    6.3801939785455275,
    1081.3132084984156,
    558.9659406198297,
    791.6731292581865,
    47.12048921531961,
    244.26853660436674,
    36.975307643130535,
    283.95171804043065,
    91.97738388969609,
    286.69323166539436,
    158.7768456235598,
    237.6395055073909,
    613.678413618076,
    403.2814037919013,
    337.93775658577357,
    1026.2062264100387,
    2919.325283027719
  ],
  "weights": [
    0.03645135145316699,
    0.16780938748914778,
    0.08309979699193365,
    0.12099886240093465,
    0.03954271395060931,
    0.01992103917054693,
    0.020510161232148907,
    0.01732899596205994,
    0.020895891433925232,
    0.1248376747959743,
    0.04325751941518223,
    0.09185151575375282,
    0.01953122110451087,
    0.05780152154945959,
    0.04639910822306462,
    0.021203135259958174,
    0.02987692120812936,
    0.021220469613414245,
    0.011357803390914417,
    0.006104909601165951
  ]
}