{
  "aic": 542323.2776066848,
  "bic": 542863.0734465464,
  "config_id": "gpt-oss-20b_A100_tp1",
  "covariance_type": "full",
  "k": 20,
  "label_map": [
    0,
    14,
    9,
    5,
    17,
    7,
    11,
    3,
    12,
    4,
    19,
    15,
    2,
    8,
    13,
    18,
    10,
    6,
    16,
    1
  ],
  "means": [
    56.00441347817743,
    57.51446513974957,
    61.30476279067877,
    67.89736186352745,
    81.24304230924686,
    83.19383931500386,
    134.90578822705592,
    166.13095983924012,
    220.31899804092816,
    235.96813714496494,
    241.17858764584906,
    266.2074790392001,
    271.1577002472497,
    286.62026842179773,
    294.27987872932874,
    304.21190837827777,
    315.98625724008053,
    324.361406914589,
    334.63700915206863,
    347.37552744134473
  ],
  "order": [
    0,
    19,
    12,
    7,
    9,
    3,
    17,
    5,
    13,
    2,
    16,
    6,
    8,
    14,
    1,
    11,
    18,
    4,
    15,
    10
  ],
  "seed": 42,
  "variances": [
    0.017283270362929898,
    0.1313996649549898,
    0.41819256794041654,
    0.1237712560001359,
    135.09002736710391,
    0.8972582417138903,
    270.4741624809007,
    5.759214446990683,
    702.9633496895407,
    4.634510632263603,
    5.595062227130278,
    15.72790303753678,
    16.49163981086128,
    13.091470291846958,
    14.694153997332991,
    17.324604957346253,
    14.651733716130279,
    12.464857095810927,
    16.831002075212393,
    117.8857995774638
  ],
  "weights": [
    0.03265063934226492,
    0.13082460708067087,
    0.08263734446677566,
    0.19510189389778898,
    0.013920736757790077,
    0.1296840333293344,
    0.0035618179868613974,
    0.007377126140817151,
    0.009986903516387821,
    0.07696072540051284,
    0.05804765439283211,
    0.03774292225936668,
    0.04035615802047187,
    0.034886831615445514,
    0.03341417656752909,
    0.0235194281175436,
    0.029400200441339154,
    0.03368962629754703,
    0.023798330265820976,
    0.0024388441028997602
  ]
}