{
  "aic": 606960.460235365,
  "bic": 607494.918000613,
  "config_id": "gpt-oss-20b_A100_tp2",
  "covariance_type": "full",
  "k": 20,
  "label_map": [
    11,
    1,
    16,
    7,
    4,
    9,
    18,
    14,
    0,
    6,
    13,
    3,
    8,
    15,
    19,
    2,
    17,
    12,
    5,
    10
  ],
  "means": [
    115.42766178716556,
    128.9263650383188,
    136.3784139641117,
    145.81966128333013,
    168.00711362075805,
    196.11850886560896,
    265.9465972786169,
    299.68426783258707,
    331.3655381899723,
    369.8804857563233,
    396.3542143416997,
    415.1321555545672,
    436.09672753735515,
    446.73287734648824,
    464.9800968983597,
    483.8230694428035,
    506.270614197967,
    526.6969197024652,
    548.6915360673206,
    574.6888061954733
  ],
  "order": [
    8,
    1,
    15,
    11,
    4,
    18,
    9,
    3,
    12,
    5,
    19,
    0,
    17,
    10,
    7,
    13,
    2,
    16,
    6,
    14
  ],
  "seed": 42,
  "variances": [
    1.894290752182552,
    0.08838924973621858,
    0.3226931517553154,
    32.68366881082081,
    2.8736202011966996,
    526.3745818462393,
    190.33179442991792,
    97.35702842578489,
    221.05353153541995,
    32.94640926275882,
    66.41732947861543,
    21.475120532351742,
    19.176955694170815,
    31.511944219807706,
    40.06631861084989,
    50.74302601133946,
    56.31907461593179,
    69.3480516304041,
    109.32210766336325,
    348.14601785147374
  ],
  "weights": [
    0.17781098832582484,
    0.015997345335694243,
    0.17348416818709983,
    0.03256863388759123,
    0.14577938871802656,
    0.014745623329849305,
    0.025469910759761703,
    0.01856141965162696,
    0.013686955093454736,
    0.04719315233833618,
    0.004984788709983379,
    0.10688520678828885,
    0.0186592272057634,
    0.028461528732899793,
    0.045458574656085354,
    0.03699610505232356,
    0.04154109896694401,
    0.026297723268226093,
    0.016591859841743117,
    0.00882630115047678
  ]
}