{
  "active_mean": 0.0,
  "active_std": 1e-06,
  "config_id": "deepseek-r1-distill-70b_A100_tp4",
  "dt": 0.25,
  "power_max": 1755.29,
  "power_mean": 1001.4623755072708,
  "power_min": 247.98000000000002,
  "power_std": 384.2352938235989,
  "t_arrive_log_mean": 0.0,
  "t_arrive_log_std": 1e-06
}