{
  "active_mean": 0.0,
  "active_std": 1e-06,
  "config_id": "deepseek-r1-distill-8b_H100_tp8",
  "dt": 0.25,
  "power_max": 2135.92,
  "power_mean": 1449.4917757319092,
  "power_min": 934.11,
  "power_std": 488.3469533113304,
  "t_arrive_log_mean": 0.0,
  "t_arrive_log_std": 1e-06
}