{
  "active_mean": 0.0,
  "active_std": 1e-06,
  "config_id": "deepseek-r1-distill-70b_H100_tp8",
  "dt": 0.25099992752075195,
  "power_max": 3390.49,
  "power_mean": 2391.0777761593067,
  "power_min": 934.61,
  "power_std": 884.2305607184124,
  "t_arrive_log_mean": 0.0,
  "t_arrive_log_std": 1e-06
}