{
  "active_mean": 0.0,
  "active_std": 1e-06,
  "config_id": "deepseek-r1-distill-8b_A100_tp8",
  "dt": 0.25100016593933105,
  "power_max": 1619.63,
  "power_mean": 1004.7532584580294,
  "power_min": 548.16,
  "power_std": 369.4762764422238,
  "t_arrive_log_mean": 0.0,
  "t_arrive_log_std": 1e-06
}