{
  "active_mean": 0.0,
  "active_std": 1e-06,
  "config_id": "deepseek-r1-distill-70b_A100_tp8",
  "dt": 0.25100016593933105,
  "power_max": 3198.4,
  "power_mean": 1742.061653278407,
  "power_min": 548.75,
  "power_std": 614.0038615405351,
  "t_arrive_log_mean": 0.0,
  "t_arrive_log_std": 1e-06
}