{
  "active_mean": 0.0,
  "active_std": 1e-06,
  "config_id": "gpt-oss-120b_A100_tp8",
  "dt": 0.25100016593933105,
  "power_max": 1977.35,
  "power_mean": 929.5428243833377,
  "power_min": 513.79,
  "power_std": 351.17695178903165,
  "t_arrive_log_mean": 0.0,
  "t_arrive_log_std": 1e-06
}