{
  "active_mean": 0.0,
  "active_std": 1e-06,
  "config_id": "llama-3-70b_H100_tp8",
  "dt": 0.25099992752075195,
  "power_max": 3399.05,
  "power_mean": 2378.9374518738105,
  "power_min": 938.09,
  "power_std": 892.1466320621728,
  "t_arrive_log_mean": 0.0,
  "t_arrive_log_std": 1e-06
}