{
  "active_mean": 3.305244775374695,
  "active_std": 3.7697102558890023,
  "config_id": "llama-3-8b_A100_tp1",
  "dt": 0.25,
  "power_max": 479.66,
  "power_mean": 180.94950411637143,
  "power_min": 59.36,
  "power_std": 112.27018548012411,
  "t_arrive_log_mean": 0.10755393802712107,
  "t_arrive_log_std": 0.2729242762545039
}