{
  "active_mean": 0.0,
  "active_std": 1e-06,
  "config_id": "llama-3-8b_H100_tp8",
  "dt": 0.25099992752075195,
  "power_max": 2156.25,
  "power_mean": 1461.1511095151936,
  "power_min": 940.23,
  "power_std": 485.5030185907075,
  "t_arrive_log_mean": 0.0,
  "t_arrive_log_std": 1e-06
}