{"epoch":500,"_runtime":50,"train_loss":1.4188784956932068,"_wandb":{"runtime":50},"val_acc":0.5804853041695147,"val_loss":1.4003690481185913,"lr":0,"_timestamp":1.7616095144340165e+09,"_step":499,"val_transition_mae":117.90305499028592,"val_autocorr_r2":0.8189175407088086,"val_f1":0.3847306335126263}