{"_step":499,"_timestamp":1.7609400925772505e+09,"val_f1":0.34402007864396883,"lr":0,"val_acc":0.6431289858053898,"_runtime":342,"epoch":500,"train_loss":1.0126240402460098,"val_transition_mae":186.42648378732895,"val_autocorr_r2":0.06764929336308079,"_wandb":{"runtime":342},"val_loss":1.1300363540649414}