{"val_tolerance_power_acc":0.4807434695244474,"val_transition_mae":140.87618313073486,"_wandb":{"runtime":51},"_step":499,"val_f1":0.38530690741759416,"lr":0,"train_loss":1.2639719545841217,"val_acc":0.4807434695244474,"_timestamp":1.7616772234621587e+09,"_runtime":51,"val_loss":1.443210482597351,"epoch":500,"val_boundary_f1":0.037681159095001054,"val_autocorr_r2":0.37839423373477166,"val_ece":0.046085972655801576,"val_balanced_acc":0.45932918771045567}