tp,hidden_size,bidirectional,learning_rate,seed,final_train_loss,final_val_loss,final_val_acc,final_val_f1,best_val_f1,num_epochs,final_transition_mae,final_autocorr_r2
4,64,True,6e-05,42,1.5351431667804718,1.3340988159179688,0.6007317073170731,0.47773543812480734,0.4783397147789689,500,173.6812876063532,0.9312303267604141
