timestamp,index,uuid,power.draw [W],clocks.sm [MHz],clocks.mem [MHz],utilization.gpu [%],utilization.memory [%],memory.used [MiB],temperature.gpu
2026/07/21 11:28:39.711,0,GPU-03a84180-d660-dbdc-17f4-0e0655717066,83.88,1410,1593,0,0,73331,36
2026/07/21 11:28:39.961,0,GPU-03a84180-d660-dbdc-17f4-0e0655717066,83.56,1410,1593,0,0,73331,36
2026/07/21 11:28:40.211,0,GPU-03a84180-d660-dbdc-17f4-0e0655717066,83.56,1410,1593,0,0,73331,36
2026/07/21 11:28:40.461,0,GPU-03a84180-d660-dbdc-17f4-0e0655717066,83.56,1410,1593,0,0,73331,36
2026/07/21 11:28:40.712,0,GPU-03a84180-d660-dbdc-17f4-0e0655717066,83.56,1410,1593,0,0,73331,36
2026/07/21 11:28:40.962,0,GPU-03a84180-d660-dbdc-17f4-0e0655717066,83.56,1410,1593,0,0,73331,36
2026/07/21 11:28:41.212,0,GPU-03a84180-d660-dbdc-17f4-0e0655717066,83.88,1410,1593,0,0,73331,36
2026/07/21 11:28:41.462,0,GPU-03a84180-d660-dbdc-17f4-0e0655717066,83.56,1410,1593,0,0,73331,36
2026/07/21 11:28:41.712,0,GPU-03a84180-d660-dbdc-17f4-0e0655717066,83.56,1410,1593,0,0,73331,36
2026/07/21 11:28:41.962,0,GPU-03a84180-d660-dbdc-17f4-0e0655717066,83.88,1410,1593,0,0,73331,36
2026/07/21 11:28:42.212,0,GPU-03a84180-d660-dbdc-17f4-0e0655717066,83.56,1410,1593,0,0,73331,36
2026/07/21 11:28:42.462,0,GPU-03a84180-d660-dbdc-17f4-0e0655717066,83.56,1410,1593,0,0,73331,36
2026/07/21 11:28:42.712,0,GPU-03a84180-d660-dbdc-17f4-0e0655717066,83.56,1410,1593,0,0,73331,36
2026/07/21 11:28:42.962,0,GPU-03a84180-d660-dbdc-17f4-0e0655717066,83.56,1410,1593,0,0,73331,36
2026/07/21 11:28:43.212,0,GPU-03a84180-d660-dbdc-17f4-0e0655717066,83.56,1410,1593,0,0,73331,36
2026/07/21 11:28:43.463,0,GPU-03a84180-d660-dbdc-17f4-0e0655717066,83.56,1410,1593,0,0,73331,36
2026/07/21 11:28:43.713,0,GPU-03a84180-d660-dbdc-17f4-0e0655717066,83.56,1410,1593,0,0,73331,36
2026/07/21 11:28:43.963,0,GPU-03a84180-d660-dbdc-17f4-0e0655717066,83.56,1410,1593,0,0,73331,36
2026/07/21 11:28:44.213,0,GPU-03a84180-d660-dbdc-17f4-0e0655717066,83.56,1410,1593,0,0,73331,36
2026/07/21 11:28:44.463,0,GPU-03a84180-d660-dbdc-17f4-0e0655717066,83.29,1410,1593,0,0,73331,36
2026/07/21 11:28:44.713,0,GPU-03a84180-d660-dbdc-17f4-0e0655717066,83.37,1410,1593,0,0,73331,36
2026/07/21 11:28:44.963,0,GPU-03a84180-d660-dbdc-17f4-0e0655717066,82.96,1410,1593,0,0,73331,36
2026/07/21 11:28:45.213,0,GPU-03a84180-d660-dbdc-17f4-0e0655717066,83.29,1410,1593,0,0,73331,36
2026/07/21 11:28:45.463,0,GPU-03a84180-d660-dbdc-17f4-0e0655717066,83.29,1410,1593,0,0,73331,36
2026/07/21 11:28:45.713,0,GPU-03a84180-d660-dbdc-17f4-0e0655717066,83.29,1410,1593,0,0,73331,36
2026/07/21 11:28:45.963,0,GPU-03a84180-d660-dbdc-17f4-0e0655717066,83.29,1410,1593,0,0,73331,36
2026/07/21 11:28:46.214,0,GPU-03a84180-d660-dbdc-17f4-0e0655717066,82.96,1410,1593,0,0,73331,36
2026/07/21 11:28:46.464,0,GPU-03a84180-d660-dbdc-17f4-0e0655717066,82.96,1410,1593,0,0,73331,36
2026/07/21 11:28:46.714,0,GPU-03a84180-d660-dbdc-17f4-0e0655717066,82.96,1410,1593,0,0,73331,36
2026/07/21 11:28:46.964,0,GPU-03a84180-d660-dbdc-17f4-0e0655717066,83.29,1410,1593,0,0,73331,36
2026/07/21 11:28:47.214,0,GPU-03a84180-d660-dbdc-17f4-0e0655717066,83.29,1410,1593,0,0,73331,36
2026/07/21 11:28:47.464,0,GPU-03a84180-d660-dbdc-17f4-0e0655717066,82.96,1410,1593,0,0,73331,36
2026/07/21 11:28:47.714,0,GPU-03a84180-d660-dbdc-17f4-0e0655717066,83.29,1410,1593,0,0,73331,36
2026/07/21 11:28:47.964,0,GPU-03a84180-d660-dbdc-17f4-0e0655717066,83.29,1410,1593,0,0,73331,36
2026/07/21 11:28:48.214,0,GPU-03a84180-d660-dbdc-17f4-0e0655717066,83.56,1410,1593,0,0,73331,36
2026/07/21 11:28:48.464,0,GPU-03a84180-d660-dbdc-17f4-0e0655717066,83.56,1410,1593,0,0,73331,36
2026/07/21 11:28:48.714,0,GPU-03a84180-d660-dbdc-17f4-0e0655717066,83.29,1410,1593,0,0,73331,36
2026/07/21 11:28:48.965,0,GPU-03a84180-d660-dbdc-17f4-0e0655717066,83.29,1410,1593,0,0,73331,36
2026/07/21 11:28:49.215,0,GPU-03a84180-d660-dbdc-17f4-0e0655717066,83.29,1410,1593,0,0,73331,36
2026/07/21 11:28:50.586,0,GPU-03a84180-d660-dbdc-17f4-0e0655717066,82.96,1410,1593,0,0,73331,36
2026/07/21 11:28:50.836,0,GPU-03a84180-d660-dbdc-17f4-0e0655717066,82.96,1410,1593,0,0,73331,36
2026/07/21 11:28:51.086,0,GPU-03a84180-d660-dbdc-17f4-0e0655717066,83.29,1410,1593,0,0,73331,36
2026/07/21 11:28:51.336,0,GPU-03a84180-d660-dbdc-17f4-0e0655717066,83.29,1410,1593,0,0,73331,36
2026/07/21 11:28:51.586,0,GPU-03a84180-d660-dbdc-17f4-0e0655717066,83.29,1410,1593,0,0,73331,36
2026/07/21 11:28:51.836,0,GPU-03a84180-d660-dbdc-17f4-0e0655717066,83.29,1410,1593,0,0,73331,36
2026/07/21 11:28:52.086,0,GPU-03a84180-d660-dbdc-17f4-0e0655717066,83.29,1410,1593,0,0,73331,36
2026/07/21 11:28:52.336,0,GPU-03a84180-d660-dbdc-17f4-0e0655717066,83.29,1410,1593,0,0,73331,36
2026/07/21 11:28:52.586,0,GPU-03a84180-d660-dbdc-17f4-0e0655717066,83.29,1410,1593,0,0,73331,36
2026/07/21 11:28:52.836,0,GPU-03a84180-d660-dbdc-17f4-0e0655717066,83.29,1410,1593,0,0,73331,36
2026/07/21 11:28:53.087,0,GPU-03a84180-d660-dbdc-17f4-0e0655717066,82.96,1410,1593,0,0,73331,36
2026/07/21 11:28:53.337,0,GPU-03a84180-d660-dbdc-17f4-0e0655717066,82.96,1410,1593,0,0,73331,36
2026/07/21 11:28:53.587,0,GPU-03a84180-d660-dbdc-17f4-0e0655717066,83.56,1410,1593,0,0,73331,36
2026/07/21 11:28:53.837,0,GPU-03a84180-d660-dbdc-17f4-0e0655717066,83.56,1410,1593,0,0,73331,36
2026/07/21 11:28:54.087,0,GPU-03a84180-d660-dbdc-17f4-0e0655717066,83.29,1410,1593,0,0,73331,36
2026/07/21 11:28:54.337,0,GPU-03a84180-d660-dbdc-17f4-0e0655717066,83.05,1410,1593,0,0,73331,36
2026/07/21 11:28:54.587,0,GPU-03a84180-d660-dbdc-17f4-0e0655717066,83.29,1410,1593,0,0,73331,36
2026/07/21 11:28:54.837,0,GPU-03a84180-d660-dbdc-17f4-0e0655717066,82.96,1410,1593,0,0,73331,36
2026/07/21 11:28:55.087,0,GPU-03a84180-d660-dbdc-17f4-0e0655717066,83.29,1410,1593,0,0,73331,36
2026/07/21 11:28:55.337,0,GPU-03a84180-d660-dbdc-17f4-0e0655717066,83.29,1410,1593,0,0,73331,36
2026/07/21 11:28:55.588,0,GPU-03a84180-d660-dbdc-17f4-0e0655717066,83.29,1410,1593,0,0,73331,36
2026/07/21 11:28:55.838,0,GPU-03a84180-d660-dbdc-17f4-0e0655717066,83.29,1410,1593,0,0,73331,36
2026/07/21 11:28:56.088,0,GPU-03a84180-d660-dbdc-17f4-0e0655717066,83.29,1410,1593,0,0,73331,36
2026/07/21 11:28:56.338,0,GPU-03a84180-d660-dbdc-17f4-0e0655717066,82.96,1410,1593,0,0,73331,36
2026/07/21 11:28:56.588,0,GPU-03a84180-d660-dbdc-17f4-0e0655717066,83.29,1410,1593,0,0,73331,36
2026/07/21 11:28:56.838,0,GPU-03a84180-d660-dbdc-17f4-0e0655717066,82.96,1410,1593,0,0,73331,36
2026/07/21 11:28:57.088,0,GPU-03a84180-d660-dbdc-17f4-0e0655717066,83.29,1410,1593,0,0,73331,36
2026/07/21 11:28:57.338,0,GPU-03a84180-d660-dbdc-17f4-0e0655717066,83.29,1410,1593,0,0,73331,36
2026/07/21 11:28:57.588,0,GPU-03a84180-d660-dbdc-17f4-0e0655717066,83.29,1410,1593,0,0,73331,36
2026/07/21 11:28:57.838,0,GPU-03a84180-d660-dbdc-17f4-0e0655717066,83.29,1410,1593,0,0,73331,36
2026/07/21 11:28:58.088,0,GPU-03a84180-d660-dbdc-17f4-0e0655717066,83.29,1410,1593,0,0,73331,36
2026/07/21 11:28:58.339,0,GPU-03a84180-d660-dbdc-17f4-0e0655717066,83.29,1410,1593,0,0,73331,36
2026/07/21 11:28:58.589,0,GPU-03a84180-d660-dbdc-17f4-0e0655717066,83.29,1410,1593,0,0,73331,36
2026/07/21 11:28:58.839,0,GPU-03a84180-d660-dbdc-17f4-0e0655717066,83.29,1410,1593,0,0,73331,36
2026/07/21 11:28:59.089,0,GPU-03a84180-d660-dbdc-17f4-0e0655717066,83.29,1410,1593,0,0,73331,36
2026/07/21 11:28:59.339,0,GPU-03a84180-d660-dbdc-17f4-0e0655717066,83.29,1410,1593,0,0,73331,36
2026/07/21 11:28:59.589,0,GPU-03a84180-d660-dbdc-17f4-0e0655717066,83.29,1410,1593,0,0,73331,36
2026/07/21 11:28:59.839,0,GPU-03a84180-d660-dbdc-17f4-0e0655717066,83.29,1410,1593,0,0,73331,36
2026/07/21 11:29:00.089,0,GPU-03a84180-d660-dbdc-17f4-0e0655717066,83.29,1410,1593,0,0,73331,36
2026/07/21 11:29:00.339,0,GPU-03a84180-d660-dbdc-17f4-0e0655717066,83.29,1410,1593,0,0,73331,36
2026/07/21 11:29:00.589,0,GPU-03a84180-d660-dbdc-17f4-0e0655717066,83.29,1410,1593,0,0,73331,36
2026/07/21 11:29:00.840,0,GPU-03a84180-d660-dbdc-17f4-0e0655717066,83.29,1410,1593,0,0,73331,36
2026/07/21 11:29:01.090,0,GPU-03a84180-d660-dbdc-17f4-0e0655717066,83.29,1410,1593,0,0,73331,36
2026/07/21 11:29:01.340,0,GPU-03a84180-d660-dbdc-17f4-0e0655717066,83.29,1410,1593,0,0,73331,36
2026/07/21 11:29:01.590,0,GPU-03a84180-d660-dbdc-17f4-0e0655717066,83.29,1410,1593,0,0,73331,36
2026/07/21 11:29:01.840,0,GPU-03a84180-d660-dbdc-17f4-0e0655717066,82.96,1410,1593,0,0,73331,36
2026/07/21 11:29:02.090,0,GPU-03a84180-d660-dbdc-17f4-0e0655717066,83.29,1410,1593,0,0,73331,36
2026/07/21 11:29:02.340,0,GPU-03a84180-d660-dbdc-17f4-0e0655717066,82.96,1410,1593,0,0,73331,36
2026/07/21 11:29:02.590,0,GPU-03a84180-d660-dbdc-17f4-0e0655717066,82.96,1410,1593,0,0,73331,36
2026/07/21 11:29:02.840,0,GPU-03a84180-d660-dbdc-17f4-0e0655717066,83.29,1410,1593,0,0,73331,36
2026/07/21 11:29:03.090,0,GPU-03a84180-d660-dbdc-17f4-0e0655717066,83.29,1410,1593,0,0,73331,36
2026/07/21 11:29:03.340,0,GPU-03a84180-d660-dbdc-17f4-0e0655717066,83.29,1410,1593,0,0,73331,36
2026/07/21 11:29:03.591,0,GPU-03a84180-d660-dbdc-17f4-0e0655717066,83.29,1410,1593,0,0,73331,36
2026/07/21 11:29:03.841,0,GPU-03a84180-d660-dbdc-17f4-0e0655717066,82.96,1410,1593,0,0,73331,36
2026/07/21 11:29:04.091,0,GPU-03a84180-d660-dbdc-17f4-0e0655717066,83.29,1410,1593,0,0,73331,36
2026/07/21 11:29:04.341,0,GPU-03a84180-d660-dbdc-17f4-0e0655717066,83.29,1410,1593,0,0,73331,36
2026/07/21 11:29:04.591,0,GPU-03a84180-d660-dbdc-17f4-0e0655717066,83.29,1410,1593,0,0,73331,36
2026/07/21 11:29:04.841,0,GPU-03a84180-d660-dbdc-17f4-0e0655717066,83.37,1410,1593,0,0,73331,36
2026/07/21 11:29:05.091,0,GPU-03a84180-d660-dbdc-17f4-0e0655717066,83.29,1410,1593,0,0,73331,36
2026/07/21 11:29:05.341,0,GPU-03a84180-d660-dbdc-17f4-0e0655717066,83.29,1410,1593,0,0,73331,36
2026/07/21 11:29:05.591,0,GPU-03a84180-d660-dbdc-17f4-0e0655717066,83.56,1410,1593,0,0,73331,36
2026/07/21 11:29:05.841,0,GPU-03a84180-d660-dbdc-17f4-0e0655717066,83.29,1410,1593,0,0,73331,36
2026/07/21 11:29:06.091,0,GPU-03a84180-d660-dbdc-17f4-0e0655717066,83.37,1410,1593,0,0,73331,36
2026/07/21 11:29:06.342,0,GPU-03a84180-d660-dbdc-17f4-0e0655717066,83.29,1410,1593,0,0,73331,36
2026/07/21 11:29:06.592,0,GPU-03a84180-d660-dbdc-17f4-0e0655717066,83.56,1410,1593,0,0,73331,36
2026/07/21 11:29:06.842,0,GPU-03a84180-d660-dbdc-17f4-0e0655717066,83.29,1410,1593,0,0,73331,36
2026/07/21 11:29:07.092,0,GPU-03a84180-d660-dbdc-17f4-0e0655717066,89.28,1410,1593,0,0,73331,36
2026/07/21 11:29:07.342,0,GPU-03a84180-d660-dbdc-17f4-0e0655717066,82.96,1410,1593,0,0,73331,36
2026/07/21 11:29:07.592,0,GPU-03a84180-d660-dbdc-17f4-0e0655717066,83.37,1410,1593,0,0,73331,36
2026/07/21 11:29:07.842,0,GPU-03a84180-d660-dbdc-17f4-0e0655717066,83.29,1410,1593,0,0,73331,36
2026/07/21 11:29:08.092,0,GPU-03a84180-d660-dbdc-17f4-0e0655717066,83.56,1410,1593,0,0,73331,36
2026/07/21 11:29:08.342,0,GPU-03a84180-d660-dbdc-17f4-0e0655717066,83.29,1410,1593,0,0,73331,36
2026/07/21 11:29:08.592,0,GPU-03a84180-d660-dbdc-17f4-0e0655717066,83.29,1410,1593,0,0,73331,36
2026/07/21 11:29:08.842,0,GPU-03a84180-d660-dbdc-17f4-0e0655717066,83.37,1410,1593,0,0,73331,36
2026/07/21 11:29:09.093,0,GPU-03a84180-d660-dbdc-17f4-0e0655717066,83.29,1410,1593,0,0,73331,36
2026/07/21 11:29:09.343,0,GPU-03a84180-d660-dbdc-17f4-0e0655717066,83.29,1410,1593,0,0,73331,36
2026/07/21 11:29:09.593,0,GPU-03a84180-d660-dbdc-17f4-0e0655717066,83.29,1410,1593,0,0,73331,36
2026/07/21 11:29:09.843,0,GPU-03a84180-d660-dbdc-17f4-0e0655717066,83.29,1410,1593,0,0,73331,36
2026/07/21 11:29:10.093,0,GPU-03a84180-d660-dbdc-17f4-0e0655717066,83.29,1410,1593,0,0,73331,36
2026/07/21 11:29:10.343,0,GPU-03a84180-d660-dbdc-17f4-0e0655717066,83.29,1410,1593,0,0,73331,36
2026/07/21 11:29:10.593,0,GPU-03a84180-d660-dbdc-17f4-0e0655717066,83.29,1410,1593,0,0,73331,36
2026/07/21 11:29:10.843,0,GPU-03a84180-d660-dbdc-17f4-0e0655717066,83.56,1410,1593,0,0,73331,36
2026/07/21 11:29:11.093,0,GPU-03a84180-d660-dbdc-17f4-0e0655717066,83.29,1410,1593,0,0,73331,36
2026/07/21 11:29:11.343,0,GPU-03a84180-d660-dbdc-17f4-0e0655717066,83.29,1410,1593,0,0,73331,36
2026/07/21 11:29:11.594,0,GPU-03a84180-d660-dbdc-17f4-0e0655717066,82.96,1410,1593,0,0,73331,36
2026/07/21 11:29:11.844,0,GPU-03a84180-d660-dbdc-17f4-0e0655717066,83.29,1410,1593,0,0,73331,36
2026/07/21 11:29:12.094,0,GPU-03a84180-d660-dbdc-17f4-0e0655717066,83.29,1410,1593,0,0,73331,36
2026/07/21 11:29:12.344,0,GPU-03a84180-d660-dbdc-17f4-0e0655717066,83.29,1410,1593,0,0,73331,36
2026/07/21 11:29:12.594,0,GPU-03a84180-d660-dbdc-17f4-0e0655717066,83.29,1410,1593,0,0,73331,36
2026/07/21 11:29:12.844,0,GPU-03a84180-d660-dbdc-17f4-0e0655717066,83.29,1410,1593,0,0,73331,36
2026/07/21 11:29:13.094,0,GPU-03a84180-d660-dbdc-17f4-0e0655717066,83.29,1410,1593,0,0,73331,36
2026/07/21 11:29:13.344,0,GPU-03a84180-d660-dbdc-17f4-0e0655717066,83.29,1410,1593,0,0,73331,36
2026/07/21 11:29:13.594,0,GPU-03a84180-d660-dbdc-17f4-0e0655717066,83.29,1410,1593,0,0,73331,36
2026/07/21 11:29:13.844,0,GPU-03a84180-d660-dbdc-17f4-0e0655717066,82.96,1410,1593,0,0,73331,36
2026/07/21 11:29:14.094,0,GPU-03a84180-d660-dbdc-17f4-0e0655717066,83.37,1410,1593,0,0,73331,36
2026/07/21 11:29:14.344,0,GPU-03a84180-d660-dbdc-17f4-0e0655717066,83.29,1410,1593,0,0,73331,36
2026/07/21 11:29:14.595,0,GPU-03a84180-d660-dbdc-17f4-0e0655717066,83.29,1410,1593,0,0,73331,36
2026/07/21 11:29:14.845,0,GPU-03a84180-d660-dbdc-17f4-0e0655717066,83.29,1410,1593,0,0,73331,36
2026/07/21 11:29:15.095,0,GPU-03a84180-d660-dbdc-17f4-0e0655717066,83.29,1410,1593,0,0,73331,36
2026/07/21 11:29:15.345,0,GPU-03a84180-d660-dbdc-17f4-0e0655717066,83.29,1410,1593,0,0,73331,36
2026/07/21 11:29:15.595,0,GPU-03a84180-d660-dbdc-17f4-0e0655717066,83.29,1410,1593,0,0,73331,36
2026/07/21 11:29:15.845,0,GPU-03a84180-d660-dbdc-17f4-0e0655717066,83.29,1410,1593,0,0,73331,36
2026/07/21 11:29:16.095,0,GPU-03a84180-d660-dbdc-17f4-0e0655717066,83.56,1410,1593,0,0,73331,36
2026/07/21 11:29:16.345,0,GPU-03a84180-d660-dbdc-17f4-0e0655717066,83.29,1410,1593,0,0,73331,36
2026/07/21 11:29:16.595,0,GPU-03a84180-d660-dbdc-17f4-0e0655717066,83.56,1410,1593,0,0,73331,36
2026/07/21 11:29:16.845,0,GPU-03a84180-d660-dbdc-17f4-0e0655717066,83.29,1410,1593,0,0,73331,36
2026/07/21 11:29:17.095,0,GPU-03a84180-d660-dbdc-17f4-0e0655717066,83.56,1410,1593,0,0,73331,36
2026/07/21 11:29:17.346,0,GPU-03a84180-d660-dbdc-17f4-0e0655717066,83.29,1410,1593,0,0,73331,36
2026/07/21 11:29:17.596,0,GPU-03a84180-d660-dbdc-17f4-0e0655717066,83.29,1410,1593,0,0,73331,36
2026/07/21 11:29:17.846,0,GPU-03a84180-d660-dbdc-17f4-0e0655717066,83.37,1410,1593,0,0,73331,36
2026/07/21 11:29:18.096,0,GPU-03a84180-d660-dbdc-17f4-0e0655717066,83.29,1410,1593,0,0,73331,36
2026/07/21 11:29:18.346,0,GPU-03a84180-d660-dbdc-17f4-0e0655717066,83.29,1410,1593,0,0,73331,36
2026/07/21 11:29:18.596,0,GPU-03a84180-d660-dbdc-17f4-0e0655717066,83.29,1410,1593,0,0,73331,36
2026/07/21 11:29:18.846,0,GPU-03a84180-d660-dbdc-17f4-0e0655717066,83.29,1410,1593,0,0,73331,36
2026/07/21 11:29:19.096,0,GPU-03a84180-d660-dbdc-17f4-0e0655717066,83.29,1410,1593,0,0,73331,36
2026/07/21 11:29:19.346,0,GPU-03a84180-d660-dbdc-17f4-0e0655717066,83.29,1410,1593,0,0,73331,36
2026/07/21 11:29:19.596,0,GPU-03a84180-d660-dbdc-17f4-0e0655717066,83.29,1410,1593,0,0,73331,36
2026/07/21 11:29:19.846,0,GPU-03a84180-d660-dbdc-17f4-0e0655717066,83.29,1410,1593,0,0,73331,36
2026/07/21 11:29:20.097,0,GPU-03a84180-d660-dbdc-17f4-0e0655717066,83.29,1410,1593,0,0,73331,36
2026/07/21 11:29:20.347,0,GPU-03a84180-d660-dbdc-17f4-0e0655717066,83.29,1410,1593,0,0,73331,36
2026/07/21 11:29:20.597,0,GPU-03a84180-d660-dbdc-17f4-0e0655717066,83.37,1410,1593,0,0,73331,36
2026/07/21 11:29:20.847,0,GPU-03a84180-d660-dbdc-17f4-0e0655717066,83.29,1410,1593,0,0,73331,36
2026/07/21 11:29:21.097,0,GPU-03a84180-d660-dbdc-17f4-0e0655717066,83.29,1410,1593,0,0,73331,36
2026/07/21 11:29:21.347,0,GPU-03a84180-d660-dbdc-17f4-0e0655717066,83.29,1410,1593,0,0,73331,36
2026/07/21 11:29:21.597,0,GPU-03a84180-d660-dbdc-17f4-0e0655717066,83.29,1410,1593,0,0,73331,36
2026/07/21 11:29:21.847,0,GPU-03a84180-d660-dbdc-17f4-0e0655717066,83.29,1410,1593,0,0,73331,36
2026/07/21 11:29:22.097,0,GPU-03a84180-d660-dbdc-17f4-0e0655717066,83.29,1410,1593,0,0,73331,36
2026/07/21 11:29:22.347,0,GPU-03a84180-d660-dbdc-17f4-0e0655717066,83.29,1410,1593,0,0,73331,36
2026/07/21 11:29:22.597,0,GPU-03a84180-d660-dbdc-17f4-0e0655717066,83.29,1410,1593,0,0,73331,36
2026/07/21 11:29:22.847,0,GPU-03a84180-d660-dbdc-17f4-0e0655717066,83.29,1410,1593,0,0,73331,36
2026/07/21 11:29:23.098,0,GPU-03a84180-d660-dbdc-17f4-0e0655717066,83.29,1410,1593,0,0,73331,36
2026/07/21 11:29:23.348,0,GPU-03a84180-d660-dbdc-17f4-0e0655717066,83.29,1410,1593,0,0,73331,36
2026/07/21 11:29:23.598,0,GPU-03a84180-d660-dbdc-17f4-0e0655717066,83.29,1410,1593,0,0,73331,36
2026/07/21 11:29:23.848,0,GPU-03a84180-d660-dbdc-17f4-0e0655717066,83.37,1410,1593,0,0,73331,36
2026/07/21 11:29:24.098,0,GPU-03a84180-d660-dbdc-17f4-0e0655717066,83.29,1410,1593,0,0,73331,36
2026/07/21 11:29:24.348,0,GPU-03a84180-d660-dbdc-17f4-0e0655717066,83.29,1410,1593,0,0,73331,36
2026/07/21 11:29:24.598,0,GPU-03a84180-d660-dbdc-17f4-0e0655717066,83.29,1410,1593,0,0,73331,36
2026/07/21 11:29:24.848,0,GPU-03a84180-d660-dbdc-17f4-0e0655717066,83.29,1410,1593,0,0,73331,36
2026/07/21 11:29:25.098,0,GPU-03a84180-d660-dbdc-17f4-0e0655717066,83.29,1410,1593,0,0,73331,36
2026/07/21 11:29:25.348,0,GPU-03a84180-d660-dbdc-17f4-0e0655717066,83.29,1410,1593,0,0,73331,36
2026/07/21 11:29:25.598,0,GPU-03a84180-d660-dbdc-17f4-0e0655717066,83.29,1410,1593,0,0,73331,36
2026/07/21 11:29:25.849,0,GPU-03a84180-d660-dbdc-17f4-0e0655717066,83.29,1410,1593,0,0,73331,36
2026/07/21 11:29:26.099,0,GPU-03a84180-d660-dbdc-17f4-0e0655717066,83.29,1410,1593,0,0,73331,36
2026/07/21 11:29:26.349,0,GPU-03a84180-d660-dbdc-17f4-0e0655717066,83.56,1410,1593,0,0,73331,36
2026/07/21 11:29:26.599,0,GPU-03a84180-d660-dbdc-17f4-0e0655717066,83.29,1410,1593,0,0,73331,36
2026/07/21 11:29:26.849,0,GPU-03a84180-d660-dbdc-17f4-0e0655717066,83.29,1410,1593,0,0,73331,36
2026/07/21 11:29:27.099,0,GPU-03a84180-d660-dbdc-17f4-0e0655717066,83.29,1410,1593,0,0,73331,36
2026/07/21 11:29:27.349,0,GPU-03a84180-d660-dbdc-17f4-0e0655717066,83.29,1410,1593,0,0,73331,36
2026/07/21 11:29:27.599,0,GPU-03a84180-d660-dbdc-17f4-0e0655717066,83.56,1410,1593,0,0,73331,36
2026/07/21 11:29:27.849,0,GPU-03a84180-d660-dbdc-17f4-0e0655717066,83.37,1410,1593,0,0,73331,36
2026/07/21 11:29:28.099,0,GPU-03a84180-d660-dbdc-17f4-0e0655717066,83.56,1410,1593,0,0,73331,36
2026/07/21 11:29:28.349,0,GPU-03a84180-d660-dbdc-17f4-0e0655717066,83.56,1410,1593,0,0,73331,36
2026/07/21 11:29:28.599,0,GPU-03a84180-d660-dbdc-17f4-0e0655717066,83.64,1410,1593,0,0,73331,36
2026/07/21 11:29:28.850,0,GPU-03a84180-d660-dbdc-17f4-0e0655717066,83.56,1410,1593,0,0,73331,36
2026/07/21 11:29:29.100,0,GPU-03a84180-d660-dbdc-17f4-0e0655717066,83.29,1410,1593,0,0,73331,36
2026/07/21 11:29:29.350,0,GPU-03a84180-d660-dbdc-17f4-0e0655717066,83.29,1410,1593,0,0,73331,36
2026/07/21 11:29:29.600,0,GPU-03a84180-d660-dbdc-17f4-0e0655717066,83.29,1410,1593,0,0,73331,36
2026/07/21 11:29:29.850,0,GPU-03a84180-d660-dbdc-17f4-0e0655717066,83.29,1410,1593,0,0,73331,36
2026/07/21 11:29:30.100,0,GPU-03a84180-d660-dbdc-17f4-0e0655717066,83.56,1410,1593,0,0,73331,36
2026/07/21 11:29:30.350,0,GPU-03a84180-d660-dbdc-17f4-0e0655717066,83.29,1410,1593,0,0,73331,36
2026/07/21 11:29:30.600,0,GPU-03a84180-d660-dbdc-17f4-0e0655717066,83.29,1410,1593,0,0,73331,36
2026/07/21 11:29:30.850,0,GPU-03a84180-d660-dbdc-17f4-0e0655717066,83.29,1410,1593,0,0,73331,36
2026/07/21 11:29:31.100,0,GPU-03a84180-d660-dbdc-17f4-0e0655717066,83.29,1410,1593,0,0,73331,36
2026/07/21 11:29:31.350,0,GPU-03a84180-d660-dbdc-17f4-0e0655717066,83.56,1410,1593,0,0,73331,36
2026/07/21 11:29:31.601,0,GPU-03a84180-d660-dbdc-17f4-0e0655717066,83.56,1410,1593,0,0,73331,36
2026/07/21 11:29:31.851,0,GPU-03a84180-d660-dbdc-17f4-0e0655717066,83.56,1410,1593,0,0,73331,36
2026/07/21 11:29:32.101,0,GPU-03a84180-d660-dbdc-17f4-0e0655717066,83.29,1410,1593,0,0,73331,36
2026/07/21 11:29:32.351,0,GPU-03a84180-d660-dbdc-17f4-0e0655717066,83.56,1410,1593,0,0,73331,36
2026/07/21 11:29:32.601,0,GPU-03a84180-d660-dbdc-17f4-0e0655717066,83.29,1410,1593,0,0,73331,36
2026/07/21 11:29:32.851,0,GPU-03a84180-d660-dbdc-17f4-0e0655717066,83.29,1410,1593,0,0,73331,36
2026/07/21 11:29:33.101,0,GPU-03a84180-d660-dbdc-17f4-0e0655717066,83.29,1410,1593,0,0,73331,36
2026/07/21 11:29:33.351,0,GPU-03a84180-d660-dbdc-17f4-0e0655717066,83.29,1410,1593,0,0,73331,36
2026/07/21 11:29:33.601,0,GPU-03a84180-d660-dbdc-17f4-0e0655717066,83.56,1410,1593,0,0,73331,36
2026/07/21 11:29:33.851,0,GPU-03a84180-d660-dbdc-17f4-0e0655717066,83.37,1410,1593,0,0,73331,36
2026/07/21 11:29:34.102,0,GPU-03a84180-d660-dbdc-17f4-0e0655717066,83.56,1410,1593,0,0,73331,36
2026/07/21 11:29:34.352,0,GPU-03a84180-d660-dbdc-17f4-0e0655717066,83.56,1410,1593,0,0,73331,36
2026/07/21 11:29:34.602,0,GPU-03a84180-d660-dbdc-17f4-0e0655717066,83.56,1410,1593,0,0,73331,36
2026/07/21 11:29:34.852,0,GPU-03a84180-d660-dbdc-17f4-0e0655717066,83.56,1410,1593,0,0,73331,36
2026/07/21 11:29:35.102,0,GPU-03a84180-d660-dbdc-17f4-0e0655717066,83.29,1410,1593,0,0,73331,36
2026/07/21 11:29:35.352,0,GPU-03a84180-d660-dbdc-17f4-0e0655717066,83.29,1410,1593,0,0,73331,36
2026/07/21 11:29:35.602,0,GPU-03a84180-d660-dbdc-17f4-0e0655717066,83.56,1410,1593,0,0,73331,36
2026/07/21 11:29:35.852,0,GPU-03a84180-d660-dbdc-17f4-0e0655717066,83.29,1410,1593,0,0,73331,36
2026/07/21 11:29:36.102,0,GPU-03a84180-d660-dbdc-17f4-0e0655717066,83.29,1410,1593,0,0,73331,36
2026/07/21 11:29:36.352,0,GPU-03a84180-d660-dbdc-17f4-0e0655717066,83.37,1410,1593,0,0,73331,36
2026/07/21 11:29:36.602,0,GPU-03a84180-d660-dbdc-17f4-0e0655717066,83.29,1410,1593,0,0,73331,36
2026/07/21 11:29:36.853,0,GPU-03a84180-d660-dbdc-17f4-0e0655717066,83.29,1410,1593,0,0,73331,36
2026/07/21 11:29:37.103,0,GPU-03a84180-d660-dbdc-17f4-0e0655717066,83.56,1410,1593,0,0,73331,36
2026/07/21 11:29:37.353,0,GPU-03a84180-d660-dbdc-17f4-0e0655717066,83.29,1410,1593,0,0,73331,36
2026/07/21 11:29:37.603,0,GPU-03a84180-d660-dbdc-17f4-0e0655717066,83.29,1410,1593,0,0,73331,36
2026/07/21 11:29:37.853,0,GPU-03a84180-d660-dbdc-17f4-0e0655717066,83.56,1410,1593,0,0,73331,36
2026/07/21 11:29:38.103,0,GPU-03a84180-d660-dbdc-17f4-0e0655717066,83.29,1410,1593,0,0,73331,36
2026/07/21 11:29:38.353,0,GPU-03a84180-d660-dbdc-17f4-0e0655717066,83.56,1410,1593,0,0,73331,36
2026/07/21 11:29:38.603,0,GPU-03a84180-d660-dbdc-17f4-0e0655717066,83.56,1410,1593,0,0,73331,36
2026/07/21 11:29:38.853,0,GPU-03a84180-d660-dbdc-17f4-0e0655717066,83.29,1410,1593,0,0,73331,36
2026/07/21 11:29:39.103,0,GPU-03a84180-d660-dbdc-17f4-0e0655717066,83.64,1410,1593,0,0,73331,36
2026/07/21 11:29:39.353,0,GPU-03a84180-d660-dbdc-17f4-0e0655717066,83.64,1410,1593,0,0,73331,36
2026/07/21 11:29:39.604,0,GPU-03a84180-d660-dbdc-17f4-0e0655717066,83.56,1410,1593,0,0,73331,36
2026/07/21 11:29:39.854,0,GPU-03a84180-d660-dbdc-17f4-0e0655717066,83.56,1410,1593,0,0,73331,36
2026/07/21 11:29:40.104,0,GPU-03a84180-d660-dbdc-17f4-0e0655717066,309.16,1410,1593,0,0,73331,40
2026/07/21 11:29:40.354,0,GPU-03a84180-d660-dbdc-17f4-0e0655717066,509.56,1410,1593,56,17,74195,46
2026/07/21 11:29:40.604,0,GPU-03a84180-d660-dbdc-17f4-0e0655717066,508.37,1395,1593,100,30,74195,54
2026/07/21 11:29:40.854,0,GPU-03a84180-d660-dbdc-17f4-0e0655717066,488.59,1395,1593,75,22,74195,54
2026/07/21 11:29:41.104,0,GPU-03a84180-d660-dbdc-17f4-0e0655717066,300.41,1410,1593,94,58,74195,50
2026/07/21 11:29:41.354,0,GPU-03a84180-d660-dbdc-17f4-0e0655717066,293.22,1410,1593,94,73,74195,47
2026/07/21 11:29:41.604,0,GPU-03a84180-d660-dbdc-17f4-0e0655717066,284.48,1410,1593,92,72,74195,46
2026/07/21 11:29:41.854,0,GPU-03a84180-d660-dbdc-17f4-0e0655717066,289.28,1410,1593,94,73,74195,46
2026/07/21 11:29:42.104,0,GPU-03a84180-d660-dbdc-17f4-0e0655717066,294.11,1410,1593,93,73,74195,46
2026/07/21 11:29:42.354,0,GPU-03a84180-d660-dbdc-17f4-0e0655717066,301.60,1410,1593,94,74,74195,46
2026/07/21 11:29:42.605,0,GPU-03a84180-d660-dbdc-17f4-0e0655717066,292.31,1410,1593,94,74,74195,46
2026/07/21 11:29:42.855,0,GPU-03a84180-d660-dbdc-17f4-0e0655717066,287.50,1410,1593,91,72,74195,46
2026/07/21 11:29:43.105,0,GPU-03a84180-d660-dbdc-17f4-0e0655717066,262.22,1410,1593,93,67,74195,47
2026/07/21 11:29:43.355,0,GPU-03a84180-d660-dbdc-17f4-0e0655717066,511.66,1410,1593,100,24,74195,56
2026/07/21 11:29:43.605,0,GPU-03a84180-d660-dbdc-17f4-0e0655717066,493.06,1395,1593,100,24,74195,58
2026/07/21 11:29:43.855,0,GPU-03a84180-d660-dbdc-17f4-0e0655717066,490.96,1410,1593,99,22,74195,59
2026/07/21 11:29:44.105,0,GPU-03a84180-d660-dbdc-17f4-0e0655717066,503.25,1410,1593,100,18,74195,60
2026/07/21 11:29:44.355,0,GPU-03a84180-d660-dbdc-17f4-0e0655717066,498.78,1395,1593,100,18,74195,61
2026/07/21 11:29:44.605,0,GPU-03a84180-d660-dbdc-17f4-0e0655717066,491.29,1395,1593,98,19,74195,61
2026/07/21 11:29:44.855,0,GPU-03a84180-d660-dbdc-17f4-0e0655717066,478.35,1395,1593,100,20,74195,61
2026/07/21 11:29:45.105,0,GPU-03a84180-d660-dbdc-17f4-0e0655717066,514.35,1395,1593,100,20,74195,62
2026/07/21 11:29:45.355,0,GPU-03a84180-d660-dbdc-17f4-0e0655717066,491.29,1395,1593,100,20,74195,62
2026/07/21 11:29:45.606,0,GPU-03a84180-d660-dbdc-17f4-0e0655717066,491.29,1395,1593,100,20,74195,62
2026/07/21 11:29:45.856,0,GPU-03a84180-d660-dbdc-17f4-0e0655717066,500.56,1380,1593,100,20,74195,62
2026/07/21 11:29:46.106,0,GPU-03a84180-d660-dbdc-17f4-0e0655717066,330.15,1410,1593,99,21,74195,56
2026/07/21 11:29:46.356,0,GPU-03a84180-d660-dbdc-17f4-0e0655717066,315.74,1410,1593,96,65,74195,53
2026/07/21 11:29:46.606,0,GPU-03a84180-d660-dbdc-17f4-0e0655717066,317.58,1410,1593,95,79,74195,52
2026/07/21 11:29:46.856,0,GPU-03a84180-d660-dbdc-17f4-0e0655717066,312.73,1410,1593,95,80,74195,52
2026/07/21 11:29:47.106,0,GPU-03a84180-d660-dbdc-17f4-0e0655717066,311.86,1410,1593,95,80,74195,56
2026/07/21 11:29:47.356,0,GPU-03a84180-d660-dbdc-17f4-0e0655717066,315.15,1410,1593,97,58,74195,55
2026/07/21 11:29:47.606,0,GPU-03a84180-d660-dbdc-17f4-0e0655717066,315.75,1410,1593,96,80,74195,53
2026/07/21 11:29:47.856,0,GPU-03a84180-d660-dbdc-17f4-0e0655717066,317.26,1410,1593,96,80,74195,52
2026/07/21 11:29:48.107,0,GPU-03a84180-d660-dbdc-17f4-0e0655717066,316.67,1410,1593,94,79,74195,52
2026/07/21 11:29:48.357,0,GPU-03a84180-d660-dbdc-17f4-0e0655717066,316.35,1410,1593,96,80,74195,52
2026/07/21 11:29:48.607,0,GPU-03a84180-d660-dbdc-17f4-0e0655717066,316.67,1410,1593,95,80,74195,52
2026/07/21 11:29:48.857,0,GPU-03a84180-d660-dbdc-17f4-0e0655717066,316.07,1410,1593,95,80,74195,54
2026/07/21 11:29:49.107,0,GPU-03a84180-d660-dbdc-17f4-0e0655717066,281.78,1410,1593,96,62,74195,52
2026/07/21 11:29:49.357,0,GPU-03a84180-d660-dbdc-17f4-0e0655717066,497.27,1410,1593,100,14,74195,61
2026/07/21 11:29:49.608,0,GPU-03a84180-d660-dbdc-17f4-0e0655717066,504.49,1410,1593,100,15,74195,63
2026/07/21 11:29:49.858,0,GPU-03a84180-d660-dbdc-17f4-0e0655717066,322.65,1395,1593,100,15,74195,64
2026/07/21 11:29:50.108,0,GPU-03a84180-d660-dbdc-17f4-0e0655717066,320.88,1410,1593,96,68,74195,55
2026/07/21 11:29:50.358,0,GPU-03a84180-d660-dbdc-17f4-0e0655717066,476.25,1395,1593,98,41,74195,59
2026/07/21 11:29:50.608,0,GPU-03a84180-d660-dbdc-17f4-0e0655717066,504.17,1395,1593,100,25,74195,63
2026/07/21 11:29:50.859,0,GPU-03a84180-d660-dbdc-17f4-0e0655717066,324.17,1410,1593,98,40,74195,57
2026/07/21 11:29:51.109,0,GPU-03a84180-d660-dbdc-17f4-0e0655717066,326.87,1410,1593,96,81,74195,55
2026/07/21 11:29:51.359,0,GPU-03a84180-d660-dbdc-17f4-0e0655717066,322.39,1410,1593,96,81,74195,54
2026/07/21 11:29:51.609,0,GPU-03a84180-d660-dbdc-17f4-0e0655717066,318.71,1410,1593,96,81,74195,54
2026/07/21 11:29:51.859,0,GPU-03a84180-d660-dbdc-17f4-0e0655717066,315.16,1410,1593,96,80,74195,54
2026/07/21 11:29:52.109,0,GPU-03a84180-d660-dbdc-17f4-0e0655717066,319.37,1410,1593,96,80,74195,53
2026/07/21 11:29:52.359,0,GPU-03a84180-d660-dbdc-17f4-0e0655717066,319.95,1410,1593,96,81,74195,53
2026/07/21 11:29:52.609,0,GPU-03a84180-d660-dbdc-17f4-0e0655717066,299.22,1410,1593,96,66,74195,54
2026/07/21 11:29:52.859,0,GPU-03a84180-d660-dbdc-17f4-0e0655717066,341.58,1410,1593,92,54,74195,54
2026/07/21 11:29:53.109,0,GPU-03a84180-d660-dbdc-17f4-0e0655717066,315.48,1410,1593,98,46,74195,56
2026/07/21 11:29:53.359,0,GPU-03a84180-d660-dbdc-17f4-0e0655717066,314.83,1410,1593,96,71,74195,54
2026/07/21 11:29:53.609,0,GPU-03a84180-d660-dbdc-17f4-0e0655717066,310.95,1410,1593,96,77,74195,54
2026/07/21 11:29:53.860,0,GPU-03a84180-d660-dbdc-17f4-0e0655717066,306.14,1410,1593,96,77,74195,53
2026/07/21 11:29:54.110,0,GPU-03a84180-d660-dbdc-17f4-0e0655717066,313.97,1410,1593,96,77,74195,53
2026/07/21 11:29:54.360,0,GPU-03a84180-d660-dbdc-17f4-0e0655717066,311.86,1410,1593,96,77,74195,53
2026/07/21 11:29:54.610,0,GPU-03a84180-d660-dbdc-17f4-0e0655717066,316.67,1410,1593,96,77,74195,53
2026/07/21 11:29:54.860,0,GPU-03a84180-d660-dbdc-17f4-0e0655717066,314.24,1410,1593,96,77,74195,53
2026/07/21 11:29:55.110,0,GPU-03a84180-d660-dbdc-17f4-0e0655717066,308.57,1410,1593,96,77,74195,53
2026/07/21 11:29:55.360,0,GPU-03a84180-d660-dbdc-17f4-0e0655717066,315.48,1410,1593,96,77,74195,53
2026/07/21 11:29:55.610,0,GPU-03a84180-d660-dbdc-17f4-0e0655717066,315.74,1410,1593,96,77,74195,53
2026/07/21 11:29:55.860,0,GPU-03a84180-d660-dbdc-17f4-0e0655717066,310.03,1410,1593,96,78,74195,53
2026/07/21 11:29:56.110,0,GPU-03a84180-d660-dbdc-17f4-0e0655717066,390.85,1410,1593,94,76,74195,56
2026/07/21 11:29:56.360,0,GPU-03a84180-d660-dbdc-17f4-0e0655717066,314.56,1410,1593,97,50,74195,54
2026/07/21 11:29:56.610,0,GPU-03a84180-d660-dbdc-17f4-0e0655717066,309.43,1410,1593,96,77,74195,54
2026/07/21 11:29:56.861,0,GPU-03a84180-d660-dbdc-17f4-0e0655717066,313.37,1410,1593,95,76,74195,53
2026/07/21 11:29:57.111,0,GPU-03a84180-d660-dbdc-17f4-0e0655717066,307.33,1410,1593,96,77,74195,53
2026/07/21 11:29:57.361,0,GPU-03a84180-d660-dbdc-17f4-0e0655717066,314.56,1410,1593,96,77,74195,53
2026/07/21 11:29:57.611,0,GPU-03a84180-d660-dbdc-17f4-0e0655717066,306.73,1410,1593,96,77,74195,53
2026/07/21 11:29:57.861,0,GPU-03a84180-d660-dbdc-17f4-0e0655717066,305.55,1410,1593,96,77,74195,53
2026/07/21 11:29:58.111,0,GPU-03a84180-d660-dbdc-17f4-0e0655717066,306.41,1410,1593,96,77,74195,53
2026/07/21 11:29:58.361,0,GPU-03a84180-d660-dbdc-17f4-0e0655717066,311.54,1410,1593,96,77,74195,53
2026/07/21 11:29:58.611,0,GPU-03a84180-d660-dbdc-17f4-0e0655717066,300.41,1410,1593,96,62,74195,53
2026/07/21 11:29:58.861,0,GPU-03a84180-d660-dbdc-17f4-0e0655717066,310.35,1410,1593,96,77,74195,54
2026/07/21 11:29:59.111,0,GPU-03a84180-d660-dbdc-17f4-0e0655717066,308.84,1410,1593,96,77,74195,54
2026/07/21 11:29:59.361,0,GPU-03a84180-d660-dbdc-17f4-0e0655717066,314.83,1410,1593,96,77,74195,54
2026/07/21 11:29:59.611,0,GPU-03a84180-d660-dbdc-17f4-0e0655717066,310.03,1410,1593,96,77,74195,54
2026/07/21 11:29:59.862,0,GPU-03a84180-d660-dbdc-17f4-0e0655717066,314.24,1410,1593,96,77,74195,54
2026/07/21 11:30:00.112,0,GPU-03a84180-d660-dbdc-17f4-0e0655717066,306.14,1410,1593,96,77,74195,54
2026/07/21 11:30:00.362,0,GPU-03a84180-d660-dbdc-17f4-0e0655717066,316.94,1410,1593,96,79,74195,54
2026/07/21 11:30:00.612,0,GPU-03a84180-d660-dbdc-17f4-0e0655717066,316.07,1410,1593,96,79,74195,54
2026/07/21 11:30:00.862,0,GPU-03a84180-d660-dbdc-17f4-0e0655717066,306.14,1410,1593,96,62,74195,54
2026/07/21 11:30:01.112,0,GPU-03a84180-d660-dbdc-17f4-0e0655717066,315.16,1410,1593,96,77,74195,54
2026/07/21 11:30:01.362,0,GPU-03a84180-d660-dbdc-17f4-0e0655717066,308.57,1410,1593,96,77,74195,54
2026/07/21 11:30:01.612,0,GPU-03a84180-d660-dbdc-17f4-0e0655717066,313.32,1410,1593,96,77,74195,54
2026/07/21 11:30:01.862,0,GPU-03a84180-d660-dbdc-17f4-0e0655717066,317.25,1410,1593,96,77,74195,54
2026/07/21 11:30:02.112,0,GPU-03a84180-d660-dbdc-17f4-0e0655717066,313.05,1410,1593,96,77,74195,54
2026/07/21 11:30:02.362,0,GPU-03a84180-d660-dbdc-17f4-0e0655717066,312.46,1410,1593,96,77,74195,54
2026/07/21 11:30:02.612,0,GPU-03a84180-d660-dbdc-17f4-0e0655717066,309.16,1410,1593,96,77,74195,54
2026/07/21 11:30:02.862,0,GPU-03a84180-d660-dbdc-17f4-0e0655717066,393.23,1410,1593,96,56,74195,55
2026/07/21 11:30:03.113,0,GPU-03a84180-d660-dbdc-17f4-0e0655717066,318.45,1410,1593,96,78,74195,54
2026/07/21 11:30:03.363,0,GPU-03a84180-d660-dbdc-17f4-0e0655717066,313.65,1410,1593,96,77,74195,54
2026/07/21 11:30:03.613,0,GPU-03a84180-d660-dbdc-17f4-0e0655717066,318.77,1410,1593,96,77,74195,54
2026/07/21 11:30:03.863,0,GPU-03a84180-d660-dbdc-17f4-0e0655717066,309.43,1410,1593,95,77,74195,54
2026/07/21 11:30:04.113,0,GPU-03a84180-d660-dbdc-17f4-0e0655717066,315.75,1410,1593,96,77,74195,54
2026/07/21 11:30:04.363,0,GPU-03a84180-d660-dbdc-17f4-0e0655717066,313.37,1410,1593,95,77,74195,54
2026/07/21 11:30:04.613,0,GPU-03a84180-d660-dbdc-17f4-0e0655717066,316.61,1410,1593,94,59,74195,54
2026/07/21 11:30:04.863,0,GPU-03a84180-d660-dbdc-17f4-0e0655717066,322.07,1410,1593,96,78,74195,54
2026/07/21 11:30:05.113,0,GPU-03a84180-d660-dbdc-17f4-0e0655717066,314.83,1410,1593,96,77,74195,54
2026/07/21 11:30:05.363,0,GPU-03a84180-d660-dbdc-17f4-0e0655717066,407.95,1410,1593,94,61,74195,56
2026/07/21 11:30:05.613,0,GPU-03a84180-d660-dbdc-17f4-0e0655717066,314.83,1410,1593,96,65,74195,55
2026/07/21 11:30:05.864,0,GPU-03a84180-d660-dbdc-17f4-0e0655717066,315.75,1410,1593,96,77,74195,54
2026/07/21 11:30:06.114,0,GPU-03a84180-d660-dbdc-17f4-0e0655717066,302.52,1410,1593,96,77,74195,54
2026/07/21 11:30:06.364,0,GPU-03a84180-d660-dbdc-17f4-0e0655717066,313.05,1410,1593,96,77,74195,54
2026/07/21 11:30:06.614,0,GPU-03a84180-d660-dbdc-17f4-0e0655717066,314.83,1410,1593,96,77,74195,54
2026/07/21 11:30:06.864,0,GPU-03a84180-d660-dbdc-17f4-0e0655717066,306.14,1410,1593,95,78,74195,54
2026/07/21 11:30:07.114,0,GPU-03a84180-d660-dbdc-17f4-0e0655717066,312.46,1410,1593,96,79,74195,54
2026/07/21 11:30:07.364,0,GPU-03a84180-d660-dbdc-17f4-0e0655717066,310.03,1410,1593,95,79,74195,54
2026/07/21 11:30:07.614,0,GPU-03a84180-d660-dbdc-17f4-0e0655717066,301.00,1410,1593,96,79,74195,54
2026/07/21 11:30:07.864,0,GPU-03a84180-d660-dbdc-17f4-0e0655717066,389.93,1410,1593,95,78,74195,59
2026/07/21 11:30:08.114,0,GPU-03a84180-d660-dbdc-17f4-0e0655717066,306.14,1410,1593,95,76,74195,55
2026/07/21 11:30:08.364,0,GPU-03a84180-d660-dbdc-17f4-0e0655717066,316.35,1410,1593,90,55,74195,56
2026/07/21 11:30:08.614,0,GPU-03a84180-d660-dbdc-17f4-0e0655717066,323.83,1410,1593,96,80,74195,55
2026/07/21 11:30:08.865,0,GPU-03a84180-d660-dbdc-17f4-0e0655717066,321.47,1410,1593,95,79,74195,55
2026/07/21 11:30:09.115,0,GPU-03a84180-d660-dbdc-17f4-0e0655717066,316.35,1410,1593,96,80,74195,55
2026/07/21 11:30:09.365,0,GPU-03a84180-d660-dbdc-17f4-0e0655717066,323.58,1410,1593,96,80,74195,55
2026/07/21 11:30:09.615,0,GPU-03a84180-d660-dbdc-17f4-0e0655717066,323.58,1410,1593,96,80,74195,55
2026/07/21 11:30:09.865,0,GPU-03a84180-d660-dbdc-17f4-0e0655717066,305.55,1410,1593,96,80,74195,54
2026/07/21 11:30:10.115,0,GPU-03a84180-d660-dbdc-17f4-0e0655717066,301.92,1410,1593,96,77,74195,54
2026/07/21 11:30:10.365,0,GPU-03a84180-d660-dbdc-17f4-0e0655717066,306.46,1410,1593,96,77,74195,54
2026/07/21 11:30:10.615,0,GPU-03a84180-d660-dbdc-17f4-0e0655717066,306.73,1410,1593,96,77,74195,54
2026/07/21 11:30:10.865,0,GPU-03a84180-d660-dbdc-17f4-0e0655717066,310.62,1410,1593,96,77,74195,54
2026/07/21 11:30:11.115,0,GPU-03a84180-d660-dbdc-17f4-0e0655717066,303.70,1410,1593,96,77,74195,54
2026/07/21 11:30:11.365,0,GPU-03a84180-d660-dbdc-17f4-0e0655717066,374.02,1410,1593,95,64,74195,56
2026/07/21 11:30:11.615,0,GPU-03a84180-d660-dbdc-17f4-0e0655717066,330.47,1410,1593,96,75,74195,55
2026/07/21 11:30:11.865,0,GPU-03a84180-d660-dbdc-17f4-0e0655717066,317.26,1410,1593,96,80,74195,55
2026/07/21 11:30:12.116,0,GPU-03a84180-d660-dbdc-17f4-0e0655717066,326.28,1410,1593,96,80,74195,55
2026/07/21 11:30:12.366,0,GPU-03a84180-d660-dbdc-17f4-0e0655717066,325.96,1410,1593,96,81,74195,55
2026/07/21 11:30:12.616,0,GPU-03a84180-d660-dbdc-17f4-0e0655717066,320.23,1410,1593,96,80,74195,55
2026/07/21 11:30:12.866,0,GPU-03a84180-d660-dbdc-17f4-0e0655717066,326.61,1410,1593,96,80,74195,55
2026/07/21 11:30:13.116,0,GPU-03a84180-d660-dbdc-17f4-0e0655717066,326.61,1410,1593,96,80,74195,55
2026/07/21 11:30:13.366,0,GPU-03a84180-d660-dbdc-17f4-0e0655717066,434.72,1410,1593,97,54,74195,58
2026/07/21 11:30:13.616,0,GPU-03a84180-d660-dbdc-17f4-0e0655717066,319.96,1410,1593,96,79,74195,55
2026/07/21 11:30:13.866,0,GPU-03a84180-d660-dbdc-17f4-0e0655717066,320.88,1410,1593,96,79,74195,55
2026/07/21 11:30:14.116,0,GPU-03a84180-d660-dbdc-17f4-0e0655717066,325.68,1410,1593,96,79,74195,55
2026/07/21 11:30:14.366,0,GPU-03a84180-d660-dbdc-17f4-0e0655717066,320.88,1410,1593,96,79,74195,55
2026/07/21 11:30:14.616,0,GPU-03a84180-d660-dbdc-17f4-0e0655717066,316.94,1410,1593,96,79,74195,55
2026/07/21 11:30:14.866,0,GPU-03a84180-d660-dbdc-17f4-0e0655717066,415.18,1410,1593,96,80,74195,59
2026/07/21 11:30:15.117,0,GPU-03a84180-d660-dbdc-17f4-0e0655717066,318.18,1410,1593,96,50,74195,57
2026/07/21 11:30:15.367,0,GPU-03a84180-d660-dbdc-17f4-0e0655717066,278.16,1410,1593,95,77,74195,59
2026/07/21 11:30:15.617,0,GPU-03a84180-d660-dbdc-17f4-0e0655717066,487.94,1410,1593,98,18,74195,64
2026/07/21 11:30:15.867,0,GPU-03a84180-d660-dbdc-17f4-0e0655717066,487.67,1395,1593,100,18,74195,65
2026/07/21 11:30:16.117,0,GPU-03a84180-d660-dbdc-17f4-0e0655717066,349.13,1410,1593,97,65,74195,62
2026/07/21 11:30:16.367,0,GPU-03a84180-d660-dbdc-17f4-0e0655717066,341.94,1410,1593,96,84,74195,58
2026/07/21 11:30:16.617,0,GPU-03a84180-d660-dbdc-17f4-0e0655717066,333.79,1410,1593,97,84,74195,57
2026/07/21 11:30:16.867,0,GPU-03a84180-d660-dbdc-17f4-0e0655717066,333.44,1410,1593,96,84,74195,57
2026/07/21 11:30:17.117,0,GPU-03a84180-d660-dbdc-17f4-0e0655717066,317.86,1410,1593,97,81,74195,56
2026/07/21 11:30:17.367,0,GPU-03a84180-d660-dbdc-17f4-0e0655717066,327.47,1410,1593,96,70,74195,56
2026/07/21 11:30:17.617,0,GPU-03a84180-d660-dbdc-17f4-0e0655717066,326.61,1410,1593,96,79,74195,56
2026/07/21 11:30:17.867,0,GPU-03a84180-d660-dbdc-17f4-0e0655717066,325.94,1410,1593,96,79,74195,56
2026/07/21 11:30:18.118,0,GPU-03a84180-d660-dbdc-17f4-0e0655717066,325.34,1410,1593,96,79,74195,56
2026/07/21 11:30:18.368,0,GPU-03a84180-d660-dbdc-17f4-0e0655717066,325.96,1410,1593,96,79,74195,56
2026/07/21 11:30:18.618,0,GPU-03a84180-d660-dbdc-17f4-0e0655717066,324.77,1410,1593,96,79,74195,56
2026/07/21 11:30:18.868,0,GPU-03a84180-d660-dbdc-17f4-0e0655717066,94.09,1410,1593,50,41,74195,50
2026/07/21 11:30:19.118,0,GPU-03a84180-d660-dbdc-17f4-0e0655717066,386.91,1410,1593,0,0,74195,53
2026/07/21 11:30:19.368,0,GPU-03a84180-d660-dbdc-17f4-0e0655717066,325.68,1410,1593,70,22,74195,57
2026/07/21 11:30:19.618,0,GPU-03a84180-d660-dbdc-17f4-0e0655717066,315.42,1410,1593,96,79,74195,56
2026/07/21 11:30:19.868,0,GPU-03a84180-d660-dbdc-17f4-0e0655717066,327.20,1410,1593,96,79,74195,56
2026/07/21 11:30:20.118,0,GPU-03a84180-d660-dbdc-17f4-0e0655717066,325.96,1410,1593,96,79,74195,56
2026/07/21 11:30:20.368,0,GPU-03a84180-d660-dbdc-17f4-0e0655717066,324.17,1410,1593,96,78,74195,55
2026/07/21 11:30:20.618,0,GPU-03a84180-d660-dbdc-17f4-0e0655717066,322.06,1410,1593,97,79,74195,55
2026/07/21 11:30:20.868,0,GPU-03a84180-d660-dbdc-17f4-0e0655717066,321.15,1410,1593,97,79,74195,55
2026/07/21 11:30:21.118,0,GPU-03a84180-d660-dbdc-17f4-0e0655717066,319.05,1410,1593,96,79,74195,55
2026/07/21 11:30:21.369,0,GPU-03a84180-d660-dbdc-17f4-0e0655717066,318.45,1410,1593,96,79,74195,55
2026/07/21 11:30:21.619,0,GPU-03a84180-d660-dbdc-17f4-0e0655717066,316.94,1410,1593,96,79,74195,55
2026/07/21 11:30:21.869,0,GPU-03a84180-d660-dbdc-17f4-0e0655717066,327.20,1410,1593,96,79,74195,55
2026/07/21 11:30:22.119,0,GPU-03a84180-d660-dbdc-17f4-0e0655717066,493.39,1410,1593,94,67,74195,61
2026/07/21 11:30:22.369,0,GPU-03a84180-d660-dbdc-17f4-0e0655717066,501.48,1395,1593,100,16,74195,65
2026/07/21 11:30:22.619,0,GPU-03a84180-d660-dbdc-17f4-0e0655717066,499.30,1395,1593,100,16,74195,66
2026/07/21 11:30:22.869,0,GPU-03a84180-d660-dbdc-17f4-0e0655717066,352.05,1410,1593,99,31,74195,62
2026/07/21 11:30:23.119,0,GPU-03a84180-d660-dbdc-17f4-0e0655717066,340.43,1410,1593,96,85,74195,59
2026/07/21 11:30:23.369,0,GPU-03a84180-d660-dbdc-17f4-0e0655717066,345.47,1410,1593,96,85,74195,58
2026/07/21 11:30:23.619,0,GPU-03a84180-d660-dbdc-17f4-0e0655717066,342.77,1410,1593,96,85,74195,57
2026/07/21 11:30:23.869,0,GPU-03a84180-d660-dbdc-17f4-0e0655717066,316.67,1410,1593,97,59,74195,57
2026/07/21 11:30:24.119,0,GPU-03a84180-d660-dbdc-17f4-0e0655717066,321.80,1410,1593,96,78,74195,57
2026/07/21 11:30:24.370,0,GPU-03a84180-d660-dbdc-17f4-0e0655717066,327.47,1410,1593,96,78,74195,57
2026/07/21 11:30:24.620,0,GPU-03a84180-d660-dbdc-17f4-0e0655717066,317.85,1410,1593,97,79,74195,56
2026/07/21 11:30:24.870,0,GPU-03a84180-d660-dbdc-17f4-0e0655717066,319.69,1410,1593,96,78,74195,56
2026/07/21 11:30:25.120,0,GPU-03a84180-d660-dbdc-17f4-0e0655717066,429.91,1410,1593,96,78,74195,60
2026/07/21 11:30:25.370,0,GPU-03a84180-d660-dbdc-17f4-0e0655717066,332.01,1410,1593,97,37,74195,58
2026/07/21 11:30:25.620,0,GPU-03a84180-d660-dbdc-17f4-0e0655717066,328.64,1410,1593,96,81,74195,57
2026/07/21 11:30:25.870,0,GPU-03a84180-d660-dbdc-17f4-0e0655717066,314.50,1410,1593,96,81,74195,57
2026/07/21 11:30:26.120,0,GPU-03a84180-d660-dbdc-17f4-0e0655717066,329.56,1410,1593,94,64,74195,57
2026/07/21 11:30:26.370,0,GPU-03a84180-d660-dbdc-17f4-0e0655717066,328.98,1410,1593,96,81,74195,56
2026/07/21 11:30:26.620,0,GPU-03a84180-d660-dbdc-17f4-0e0655717066,312.46,1410,1593,96,81,74195,56
2026/07/21 11:30:26.870,0,GPU-03a84180-d660-dbdc-17f4-0e0655717066,309.43,1410,1593,97,58,74195,56
2026/07/21 11:30:27.120,0,GPU-03a84180-d660-dbdc-17f4-0e0655717066,330.82,1410,1593,92,64,74195,57
2026/07/21 11:30:27.371,0,GPU-03a84180-d660-dbdc-17f4-0e0655717066,331.93,1410,1593,96,84,74195,57
2026/07/21 11:30:27.621,0,GPU-03a84180-d660-dbdc-17f4-0e0655717066,333.77,1410,1593,96,84,74195,57
2026/07/21 11:30:27.871,0,GPU-03a84180-d660-dbdc-17f4-0e0655717066,335.63,1410,1593,96,84,74195,57
2026/07/21 11:30:28.121,0,GPU-03a84180-d660-dbdc-17f4-0e0655717066,336.79,1410,1593,96,84,74195,57
2026/07/21 11:30:28.371,0,GPU-03a84180-d660-dbdc-17f4-0e0655717066,338.01,1410,1593,96,84,74195,57
2026/07/21 11:30:28.621,0,GPU-03a84180-d660-dbdc-17f4-0e0655717066,337.65,1410,1593,96,84,74195,57
2026/07/21 11:30:28.871,0,GPU-03a84180-d660-dbdc-17f4-0e0655717066,337.98,1410,1593,96,84,74195,57
2026/07/21 11:30:29.121,0,GPU-03a84180-d660-dbdc-17f4-0e0655717066,338.92,1410,1593,96,84,74195,57
2026/07/21 11:30:29.371,0,GPU-03a84180-d660-dbdc-17f4-0e0655717066,318.12,1410,1593,96,84,74195,56
2026/07/21 11:30:29.621,0,GPU-03a84180-d660-dbdc-17f4-0e0655717066,353.89,1410,1593,97,64,74195,58
2026/07/21 11:30:29.871,0,GPU-03a84180-d660-dbdc-17f4-0e0655717066,333.20,1410,1593,96,84,74195,57
2026/07/21 11:30:30.121,0,GPU-03a84180-d660-dbdc-17f4-0e0655717066,330.82,1410,1593,96,84,74195,57
2026/07/21 11:30:30.372,0,GPU-03a84180-d660-dbdc-17f4-0e0655717066,387.56,1410,1593,96,84,74195,60
2026/07/21 11:30:30.622,0,GPU-03a84180-d660-dbdc-17f4-0e0655717066,327.45,1410,1593,96,44,74195,58
2026/07/21 11:30:30.872,0,GPU-03a84180-d660-dbdc-17f4-0e0655717066,321.14,1410,1593,97,78,74195,57
2026/07/21 11:30:31.122,0,GPU-03a84180-d660-dbdc-17f4-0e0655717066,319.36,1410,1593,97,78,74195,56
2026/07/21 11:30:31.372,0,GPU-03a84180-d660-dbdc-17f4-0e0655717066,321.80,1410,1593,96,78,74195,56
2026/07/21 11:30:31.622,0,GPU-03a84180-d660-dbdc-17f4-0e0655717066,322.98,1410,1593,97,78,74195,56
2026/07/21 11:30:31.872,0,GPU-03a84180-d660-dbdc-17f4-0e0655717066,321.80,1410,1593,97,78,74195,56
2026/07/21 11:30:32.122,0,GPU-03a84180-d660-dbdc-17f4-0e0655717066,324.43,1410,1593,96,78,74195,56
2026/07/21 11:30:32.372,0,GPU-03a84180-d660-dbdc-17f4-0e0655717066,324.50,1410,1593,97,78,74195,56
2026/07/21 11:30:32.622,0,GPU-03a84180-d660-dbdc-17f4-0e0655717066,314.56,1410,1593,97,78,74195,56
2026/07/21 11:30:32.872,0,GPU-03a84180-d660-dbdc-17f4-0e0655717066,320.28,1410,1593,97,78,74195,56
2026/07/21 11:30:33.123,0,GPU-03a84180-d660-dbdc-17f4-0e0655717066,311.21,1410,1593,97,78,74195,56
2026/07/21 11:30:33.373,0,GPU-03a84180-d660-dbdc-17f4-0e0655717066,350.27,1410,1593,94,57,74195,58
2026/07/21 11:30:33.623,0,GPU-03a84180-d660-dbdc-17f4-0e0655717066,338.57,1410,1593,97,67,74195,57
2026/07/21 11:30:33.873,0,GPU-03a84180-d660-dbdc-17f4-0e0655717066,336.49,1410,1593,96,84,74195,57
2026/07/21 11:30:34.123,0,GPU-03a84180-d660-dbdc-17f4-0e0655717066,334.04,1410,1593,96,84,74195,57
2026/07/21 11:30:34.373,0,GPU-03a84180-d660-dbdc-17f4-0e0655717066,332.26,1410,1593,96,84,74195,57
2026/07/21 11:30:34.623,0,GPU-03a84180-d660-dbdc-17f4-0e0655717066,332.26,1410,1593,96,84,74195,57
2026/07/21 11:30:34.873,0,GPU-03a84180-d660-dbdc-17f4-0e0655717066,457.39,1410,1593,96,44,74195,60
2026/07/21 11:30:35.123,0,GPU-03a84180-d660-dbdc-17f4-0e0655717066,342.77,1410,1593,96,84,74195,57
2026/07/21 11:30:35.373,0,GPU-03a84180-d660-dbdc-17f4-0e0655717066,398.94,1410,1593,96,84,74195,58
2026/07/21 11:30:35.623,0,GPU-03a84180-d660-dbdc-17f4-0e0655717066,344.05,1410,1593,97,52,74195,57
2026/07/21 11:30:35.873,0,GPU-03a84180-d660-dbdc-17f4-0e0655717066,339.48,1410,1593,96,84,74195,57
2026/07/21 11:30:36.124,0,GPU-03a84180-d660-dbdc-17f4-0e0655717066,337.38,1410,1593,97,84,74195,57
2026/07/21 11:30:36.374,0,GPU-03a84180-d660-dbdc-17f4-0e0655717066,335.28,1410,1593,96,84,74195,57
2026/07/21 11:30:36.624,0,GPU-03a84180-d660-dbdc-17f4-0e0655717066,332.26,1410,1593,96,84,74195,57
2026/07/21 11:30:36.874,0,GPU-03a84180-d660-dbdc-17f4-0e0655717066,331.07,1410,1593,96,84,74195,57
2026/07/21 11:30:37.124,0,GPU-03a84180-d660-dbdc-17f4-0e0655717066,381.84,1410,1593,96,84,74195,59
2026/07/21 11:30:37.374,0,GPU-03a84180-d660-dbdc-17f4-0e0655717066,341.26,1410,1593,98,53,74195,57
2026/07/21 11:30:37.624,0,GPU-03a84180-d660-dbdc-17f4-0e0655717066,332.58,1410,1593,96,83,74195,57
2026/07/21 11:30:37.874,0,GPU-03a84180-d660-dbdc-17f4-0e0655717066,342.45,1410,1593,97,84,74195,57
2026/07/21 11:30:38.124,0,GPU-03a84180-d660-dbdc-17f4-0e0655717066,340.67,1410,1593,97,84,74195,57
2026/07/21 11:30:38.374,0,GPU-03a84180-d660-dbdc-17f4-0e0655717066,337.38,1410,1593,97,84,74195,57
2026/07/21 11:30:38.624,0,GPU-03a84180-d660-dbdc-17f4-0e0655717066,336.46,1410,1593,96,84,74195,57
2026/07/21 11:30:38.874,0,GPU-03a84180-d660-dbdc-17f4-0e0655717066,330.47,1410,1593,96,84,74195,57
2026/07/21 11:30:39.124,0,GPU-03a84180-d660-dbdc-17f4-0e0655717066,335.87,1410,1593,96,84,74195,57
2026/07/21 11:30:39.375,0,GPU-03a84180-d660-dbdc-17f4-0e0655717066,340.08,1410,1593,97,84,74195,57
2026/07/21 11:30:39.625,0,GPU-03a84180-d660-dbdc-17f4-0e0655717066,336.22,1410,1593,96,84,74195,57
2026/07/21 11:30:39.875,0,GPU-03a84180-d660-dbdc-17f4-0e0655717066,332.58,1410,1593,96,84,74195,57
2026/07/21 11:30:40.125,0,GPU-03a84180-d660-dbdc-17f4-0e0655717066,343.05,1410,1593,96,84,74195,57
2026/07/21 11:30:40.375,0,GPU-03a84180-d660-dbdc-17f4-0e0655717066,340.94,1410,1593,96,84,74195,57
2026/07/21 11:30:40.625,0,GPU-03a84180-d660-dbdc-17f4-0e0655717066,338.57,1410,1593,97,84,74195,57
2026/07/21 11:30:40.875,0,GPU-03a84180-d660-dbdc-17f4-0e0655717066,335.30,1410,1593,96,84,74195,57
2026/07/21 11:30:41.125,0,GPU-03a84180-d660-dbdc-17f4-0e0655717066,331.66,1410,1593,96,84,74195,57
2026/07/21 11:30:41.375,0,GPU-03a84180-d660-dbdc-17f4-0e0655717066,337.73,1410,1593,96,84,74195,57
2026/07/21 11:30:41.625,0,GPU-03a84180-d660-dbdc-17f4-0e0655717066,334.36,1410,1593,96,84,74195,57
2026/07/21 11:30:41.875,0,GPU-03a84180-d660-dbdc-17f4-0e0655717066,342.18,1410,1593,96,84,74195,57
2026/07/21 11:30:42.125,0,GPU-03a84180-d660-dbdc-17f4-0e0655717066,338.60,1410,1593,96,84,74195,57
2026/07/21 11:30:42.375,0,GPU-03a84180-d660-dbdc-17f4-0e0655717066,336.79,1410,1593,96,84,74195,57
2026/07/21 11:30:42.626,0,GPU-03a84180-d660-dbdc-17f4-0e0655717066,331.07,1410,1593,96,84,74195,57
2026/07/21 11:30:42.876,0,GPU-03a84180-d660-dbdc-17f4-0e0655717066,340.67,1410,1593,96,84,74195,57
2026/07/21 11:30:43.126,0,GPU-03a84180-d660-dbdc-17f4-0e0655717066,351.46,1410,1593,96,84,74195,57
2026/07/21 11:30:43.376,0,GPU-03a84180-d660-dbdc-17f4-0e0655717066,337.98,1410,1593,97,68,74195,57
2026/07/21 11:30:43.626,0,GPU-03a84180-d660-dbdc-17f4-0e0655717066,333.79,1410,1593,96,84,74195,57
2026/07/21 11:30:43.876,0,GPU-03a84180-d660-dbdc-17f4-0e0655717066,341.58,1410,1593,94,79,74195,57
2026/07/21 11:30:44.126,0,GPU-03a84180-d660-dbdc-17f4-0e0655717066,424.66,1410,1593,98,52,74195,58
2026/07/21 11:30:44.376,0,GPU-03a84180-d660-dbdc-17f4-0e0655717066,344.28,1410,1593,96,84,74195,57
2026/07/21 11:30:44.626,0,GPU-03a84180-d660-dbdc-17f4-0e0655717066,340.67,1410,1593,96,84,74195,57
2026/07/21 11:30:44.876,0,GPU-03a84180-d660-dbdc-17f4-0e0655717066,339.16,1410,1593,96,84,74195,57
2026/07/21 11:30:45.127,0,GPU-03a84180-d660-dbdc-17f4-0e0655717066,333.17,1410,1593,96,84,74195,57
2026/07/21 11:30:45.377,0,GPU-03a84180-d660-dbdc-17f4-0e0655717066,343.05,1410,1593,96,84,74195,57
2026/07/21 11:30:45.627,0,GPU-03a84180-d660-dbdc-17f4-0e0655717066,319.05,1410,1593,96,80,74195,56
2026/07/21 11:30:45.877,0,GPU-03a84180-d660-dbdc-17f4-0e0655717066,316.93,1410,1593,96,79,74195,56
2026/07/21 11:30:46.127,0,GPU-03a84180-d660-dbdc-17f4-0e0655717066,320.23,1410,1593,96,79,74195,56
2026/07/21 11:30:46.377,0,GPU-03a84180-d660-dbdc-17f4-0e0655717066,317.85,1410,1593,96,79,74195,56
2026/07/21 11:30:46.627,0,GPU-03a84180-d660-dbdc-17f4-0e0655717066,320.23,1410,1593,96,79,74195,56
2026/07/21 11:30:46.877,0,GPU-03a84180-d660-dbdc-17f4-0e0655717066,365.01,1410,1593,93,61,74195,58
2026/07/21 11:30:47.127,0,GPU-03a84180-d660-dbdc-17f4-0e0655717066,341.86,1410,1593,97,60,74195,57
2026/07/21 11:30:47.377,0,GPU-03a84180-d660-dbdc-17f4-0e0655717066,354.48,1410,1593,97,59,74195,59
2026/07/21 11:30:47.627,0,GPU-03a84180-d660-dbdc-17f4-0e0655717066,339.16,1410,1593,97,84,74195,57
2026/07/21 11:30:47.877,0,GPU-03a84180-d660-dbdc-17f4-0e0655717066,331.93,1410,1593,96,84,74195,57
2026/07/21 11:30:48.128,0,GPU-03a84180-d660-dbdc-17f4-0e0655717066,340.94,1410,1593,97,84,74195,57
2026/07/21 11:30:48.378,0,GPU-03a84180-d660-dbdc-17f4-0e0655717066,336.14,1410,1593,96,84,74195,57
2026/07/21 11:30:48.628,0,GPU-03a84180-d660-dbdc-17f4-0e0655717066,333.79,1410,1593,96,85,74195,57
2026/07/21 11:30:48.878,0,GPU-03a84180-d660-dbdc-17f4-0e0655717066,337.38,1410,1593,96,85,74195,57
2026/07/21 11:30:49.128,0,GPU-03a84180-d660-dbdc-17f4-0e0655717066,340.67,1410,1593,96,85,74195,57
2026/07/21 11:30:49.378,0,GPU-03a84180-d660-dbdc-17f4-0e0655717066,345.15,1410,1593,97,65,74195,57
2026/07/21 11:30:49.628,0,GPU-03a84180-d660-dbdc-17f4-0e0655717066,340.35,1410,1593,97,85,74195,57
2026/07/21 11:30:49.878,0,GPU-03a84180-d660-dbdc-17f4-0e0655717066,337.14,1410,1593,96,84,74195,57
2026/07/21 11:30:50.128,0,GPU-03a84180-d660-dbdc-17f4-0e0655717066,343.05,1410,1593,96,84,74195,57
2026/07/21 11:30:50.378,0,GPU-03a84180-d660-dbdc-17f4-0e0655717066,336.49,1410,1593,95,84,74195,57
2026/07/21 11:30:50.628,0,GPU-03a84180-d660-dbdc-17f4-0e0655717066,343.96,1410,1593,97,33,74195,59
2026/07/21 11:30:50.878,0,GPU-03a84180-d660-dbdc-17f4-0e0655717066,346.98,1410,1593,97,86,74195,58
2026/07/21 11:30:51.128,0,GPU-03a84180-d660-dbdc-17f4-0e0655717066,342.45,1410,1593,96,86,74195,57
2026/07/21 11:30:51.378,0,GPU-03a84180-d660-dbdc-17f4-0e0655717066,339.48,1410,1593,96,86,74195,57
2026/07/21 11:30:51.629,0,GPU-03a84180-d660-dbdc-17f4-0e0655717066,337.38,1410,1593,96,86,74195,57
2026/07/21 11:30:51.879,0,GPU-03a84180-d660-dbdc-17f4-0e0655717066,345.47,1410,1593,96,86,74195,57
2026/07/21 11:30:52.129,0,GPU-03a84180-d660-dbdc-17f4-0e0655717066,340.08,1410,1593,97,86,74195,57
2026/07/21 11:30:52.379,0,GPU-03a84180-d660-dbdc-17f4-0e0655717066,344.56,1410,1593,96,85,74195,58
2026/07/21 11:30:52.629,0,GPU-03a84180-d660-dbdc-17f4-0e0655717066,342.18,1410,1593,96,86,74195,57
2026/07/21 11:30:52.879,0,GPU-03a84180-d660-dbdc-17f4-0e0655717066,339.75,1410,1593,96,86,74195,57
2026/07/21 11:30:53.129,0,GPU-03a84180-d660-dbdc-17f4-0e0655717066,348.17,1410,1593,96,86,74195,57
2026/07/21 11:30:53.379,0,GPU-03a84180-d660-dbdc-17f4-0e0655717066,345.80,1410,1593,96,86,74195,57
2026/07/21 11:30:53.629,0,GPU-03a84180-d660-dbdc-17f4-0e0655717066,343.05,1410,1593,96,86,74195,57
2026/07/21 11:30:53.879,0,GPU-03a84180-d660-dbdc-17f4-0e0655717066,337.38,1410,1593,96,86,74195,57
2026/07/21 11:30:54.129,0,GPU-03a84180-d660-dbdc-17f4-0e0655717066,319.04,1410,1593,96,86,74195,57
2026/07/21 11:30:54.379,0,GPU-03a84180-d660-dbdc-17f4-0e0655717066,319.96,1410,1593,96,80,74195,56
2026/07/21 11:30:54.630,0,GPU-03a84180-d660-dbdc-17f4-0e0655717066,318.44,1410,1593,96,80,74195,56
2026/07/21 11:30:54.880,0,GPU-03a84180-d660-dbdc-17f4-0e0655717066,313.64,1410,1593,96,80,74195,56
2026/07/21 11:30:55.130,0,GPU-03a84180-d660-dbdc-17f4-0e0655717066,395.06,1410,1593,94,66,74195,58
2026/07/21 11:30:55.380,0,GPU-03a84180-d660-dbdc-17f4-0e0655717066,318.12,1410,1593,98,52,74195,57
2026/07/21 11:30:55.630,0,GPU-03a84180-d660-dbdc-17f4-0e0655717066,315.15,1410,1593,96,79,74195,56
2026/07/21 11:30:55.880,0,GPU-03a84180-d660-dbdc-17f4-0e0655717066,312.72,1410,1593,96,79,74195,56
2026/07/21 11:30:56.130,0,GPU-03a84180-d660-dbdc-17f4-0e0655717066,313.04,1410,1593,96,79,74195,56
2026/07/21 11:30:56.380,0,GPU-03a84180-d660-dbdc-17f4-0e0655717066,314.83,1410,1593,96,79,74195,56
2026/07/21 11:30:56.630,0,GPU-03a84180-d660-dbdc-17f4-0e0655717066,313.65,1410,1593,96,79,74195,56
2026/07/21 11:30:56.880,0,GPU-03a84180-d660-dbdc-17f4-0e0655717066,321.80,1410,1593,96,79,74195,56
2026/07/21 11:30:57.130,0,GPU-03a84180-d660-dbdc-17f4-0e0655717066,313.97,1410,1593,96,79,74195,56
2026/07/21 11:30:57.380,0,GPU-03a84180-d660-dbdc-17f4-0e0655717066,321.14,1410,1593,96,79,74195,56
2026/07/21 11:30:57.630,0,GPU-03a84180-d660-dbdc-17f4-0e0655717066,318.44,1410,1593,95,79,74195,56
2026/07/21 11:30:57.881,0,GPU-03a84180-d660-dbdc-17f4-0e0655717066,316.35,1410,1593,96,79,74195,56
2026/07/21 11:30:58.131,0,GPU-03a84180-d660-dbdc-17f4-0e0655717066,320.23,1410,1593,96,79,74195,56
2026/07/21 11:30:58.381,0,GPU-03a84180-d660-dbdc-17f4-0e0655717066,320.88,1410,1593,96,79,74195,56
2026/07/21 11:30:58.631,0,GPU-03a84180-d660-dbdc-17f4-0e0655717066,313.65,1410,1593,96,80,74195,56
2026/07/21 11:30:58.881,0,GPU-03a84180-d660-dbdc-17f4-0e0655717066,319.63,1410,1593,96,81,74195,56
2026/07/21 11:30:59.131,0,GPU-03a84180-d660-dbdc-17f4-0e0655717066,322.06,1410,1593,96,80,74195,56
2026/07/21 11:30:59.381,0,GPU-03a84180-d660-dbdc-17f4-0e0655717066,316.35,1410,1593,96,81,74195,56
2026/07/21 11:30:59.631,0,GPU-03a84180-d660-dbdc-17f4-0e0655717066,317.53,1410,1593,96,81,74195,56
2026/07/21 11:30:59.881,0,GPU-03a84180-d660-dbdc-17f4-0e0655717066,322.06,1410,1593,96,80,74195,56
2026/07/21 11:31:00.131,0,GPU-03a84180-d660-dbdc-17f4-0e0655717066,315.15,1410,1593,96,81,74195,56
2026/07/21 11:31:00.381,0,GPU-03a84180-d660-dbdc-17f4-0e0655717066,318.77,1410,1593,96,81,74195,56
2026/07/21 11:31:00.631,0,GPU-03a84180-d660-dbdc-17f4-0e0655717066,322.39,1410,1593,96,81,74195,56
2026/07/21 11:31:00.882,0,GPU-03a84180-d660-dbdc-17f4-0e0655717066,322.06,1410,1593,96,81,74195,56
2026/07/21 11:31:01.132,0,GPU-03a84180-d660-dbdc-17f4-0e0655717066,315.75,1410,1593,96,81,74195,56
2026/07/21 11:31:01.382,0,GPU-03a84180-d660-dbdc-17f4-0e0655717066,315.74,1410,1593,96,81,74195,56
2026/07/21 11:31:01.632,0,GPU-03a84180-d660-dbdc-17f4-0e0655717066,394.14,1410,1593,97,53,74195,58
2026/07/21 11:31:01.882,0,GPU-03a84180-d660-dbdc-17f4-0e0655717066,324.75,1410,1593,96,74,74195,56
2026/07/21 11:31:02.132,0,GPU-03a84180-d660-dbdc-17f4-0e0655717066,314.50,1410,1593,96,81,74195,56
2026/07/21 11:31:02.382,0,GPU-03a84180-d660-dbdc-17f4-0e0655717066,320.56,1410,1593,96,81,74195,56
2026/07/21 11:31:02.632,0,GPU-03a84180-d660-dbdc-17f4-0e0655717066,321.47,1410,1593,96,81,74195,56
2026/07/21 11:31:02.882,0,GPU-03a84180-d660-dbdc-17f4-0e0655717066,396.57,1410,1593,93,68,74195,58
2026/07/21 11:31:03.132,0,GPU-03a84180-d660-dbdc-17f4-0e0655717066,319.63,1410,1593,97,66,74195,56
2026/07/21 11:31:03.382,0,GPU-03a84180-d660-dbdc-17f4-0e0655717066,321.73,1410,1593,96,83,74195,56
2026/07/21 11:31:03.632,0,GPU-03a84180-d660-dbdc-17f4-0e0655717066,325.96,1410,1593,96,83,74195,56
2026/07/21 11:31:03.883,0,GPU-03a84180-d660-dbdc-17f4-0e0655717066,325.36,1410,1593,98,55,74195,57
2026/07/21 11:31:04.133,0,GPU-03a84180-d660-dbdc-17f4-0e0655717066,319.05,1410,1593,96,81,74195,56
2026/07/21 11:31:04.383,0,GPU-03a84180-d660-dbdc-17f4-0e0655717066,318.45,1410,1593,96,81,74195,56
2026/07/21 11:31:04.633,0,GPU-03a84180-d660-dbdc-17f4-0e0655717066,318.44,1410,1593,96,81,74195,56
2026/07/21 11:31:04.883,0,GPU-03a84180-d660-dbdc-17f4-0e0655717066,321.73,1410,1593,96,81,74195,56
2026/07/21 11:31:05.133,0,GPU-03a84180-d660-dbdc-17f4-0e0655717066,322.65,1410,1593,96,81,74195,56
2026/07/21 11:31:05.383,0,GPU-03a84180-d660-dbdc-17f4-0e0655717066,315.16,1410,1593,96,81,74195,56
2026/07/21 11:31:05.633,0,GPU-03a84180-d660-dbdc-17f4-0e0655717066,316.07,1410,1593,96,81,74195,56
2026/07/21 11:31:05.883,0,GPU-03a84180-d660-dbdc-17f4-0e0655717066,320.56,1410,1593,96,81,74195,56
2026/07/21 11:31:06.133,0,GPU-03a84180-d660-dbdc-17f4-0e0655717066,319.69,1410,1593,96,81,74195,56
2026/07/21 11:31:06.383,0,GPU-03a84180-d660-dbdc-17f4-0e0655717066,322.92,1410,1593,96,81,74195,56
2026/07/21 11:31:06.633,0,GPU-03a84180-d660-dbdc-17f4-0e0655717066,315.16,1410,1593,96,81,74195,56
2026/07/21 11:31:06.884,0,GPU-03a84180-d660-dbdc-17f4-0e0655717066,315.16,1410,1593,96,81,74195,56
2026/07/21 11:31:07.134,0,GPU-03a84180-d660-dbdc-17f4-0e0655717066,319.69,1410,1593,96,81,74195,56
2026/07/21 11:31:07.384,0,GPU-03a84180-d660-dbdc-17f4-0e0655717066,319.63,1410,1593,96,81,74195,56
2026/07/21 11:31:07.634,0,GPU-03a84180-d660-dbdc-17f4-0e0655717066,322.66,1410,1593,96,81,74195,56
2026/07/21 11:31:07.884,0,GPU-03a84180-d660-dbdc-17f4-0e0655717066,323.26,1410,1593,96,81,74195,56
2026/07/21 11:31:08.134,0,GPU-03a84180-d660-dbdc-17f4-0e0655717066,317.85,1410,1593,95,79,74195,57
2026/07/21 11:31:08.384,0,GPU-03a84180-d660-dbdc-17f4-0e0655717066,318.77,1410,1593,97,62,74195,56
2026/07/21 11:31:08.634,0,GPU-03a84180-d660-dbdc-17f4-0e0655717066,325.02,1410,1593,96,81,74195,56
2026/07/21 11:31:08.884,0,GPU-03a84180-d660-dbdc-17f4-0e0655717066,317.53,1410,1593,96,81,74195,56
2026/07/21 11:31:09.134,0,GPU-03a84180-d660-dbdc-17f4-0e0655717066,316.93,1410,1593,96,81,74195,56
2026/07/21 11:31:09.384,0,GPU-03a84180-d660-dbdc-17f4-0e0655717066,320.56,1410,1593,96,81,74195,56
2026/07/21 11:31:09.634,0,GPU-03a84180-d660-dbdc-17f4-0e0655717066,323.58,1410,1593,96,81,74195,56
2026/07/21 11:31:09.884,0,GPU-03a84180-d660-dbdc-17f4-0e0655717066,325.62,1410,1593,95,82,74195,56
2026/07/21 11:31:10.135,0,GPU-03a84180-d660-dbdc-17f4-0e0655717066,318.12,1410,1593,95,66,74195,56
2026/07/21 11:31:10.385,0,GPU-03a84180-d660-dbdc-17f4-0e0655717066,320.55,1410,1593,96,81,74195,56
2026/07/21 11:31:10.635,0,GPU-03a84180-d660-dbdc-17f4-0e0655717066,472.96,1410,1593,95,80,74195,62
2026/07/21 11:31:10.885,0,GPU-03a84180-d660-dbdc-17f4-0e0655717066,330.82,1410,1593,94,23,74195,57
2026/07/21 11:31:11.135,0,GPU-03a84180-d660-dbdc-17f4-0e0655717066,326.87,1410,1593,96,82,74195,57
2026/07/21 11:31:11.385,0,GPU-03a84180-d660-dbdc-17f4-0e0655717066,317.86,1410,1593,96,82,74195,56
2026/07/21 11:31:11.635,0,GPU-03a84180-d660-dbdc-17f4-0e0655717066,318.71,1410,1593,96,82,74195,56
2026/07/21 11:31:11.885,0,GPU-03a84180-d660-dbdc-17f4-0e0655717066,312.13,1410,1593,96,82,74195,56
2026/07/21 11:31:12.135,0,GPU-03a84180-d660-dbdc-17f4-0e0655717066,305.81,1410,1593,95,80,74195,55
2026/07/21 11:31:12.385,0,GPU-03a84180-d660-dbdc-17f4-0e0655717066,302.84,1410,1593,95,80,74195,55
2026/07/21 11:31:12.635,0,GPU-03a84180-d660-dbdc-17f4-0e0655717066,306.74,1410,1593,95,80,74195,55
2026/07/21 11:31:12.885,0,GPU-03a84180-d660-dbdc-17f4-0e0655717066,309.43,1410,1593,95,80,74195,55
2026/07/21 11:31:13.135,0,GPU-03a84180-d660-dbdc-17f4-0e0655717066,307.60,1410,1593,94,78,74195,55
2026/07/21 11:31:13.386,0,GPU-03a84180-d660-dbdc-17f4-0e0655717066,307.01,1410,1593,94,78,74195,55
2026/07/21 11:31:13.636,0,GPU-03a84180-d660-dbdc-17f4-0e0655717066,302.80,1410,1593,94,78,74195,55
2026/07/21 11:31:13.886,0,GPU-03a84180-d660-dbdc-17f4-0e0655717066,305.49,1410,1593,95,79,74195,55
2026/07/21 11:31:14.136,0,GPU-03a84180-d660-dbdc-17f4-0e0655717066,306.41,1410,1593,95,79,74195,55
2026/07/21 11:31:14.386,0,GPU-03a84180-d660-dbdc-17f4-0e0655717066,300.10,1410,1593,95,79,74195,55
2026/07/21 11:31:14.636,0,GPU-03a84180-d660-dbdc-17f4-0e0655717066,302.52,1410,1593,95,79,74195,55
2026/07/21 11:31:14.886,0,GPU-03a84180-d660-dbdc-17f4-0e0655717066,303.11,1410,1593,95,79,74195,55
2026/07/21 11:31:15.136,0,GPU-03a84180-d660-dbdc-17f4-0e0655717066,307.92,1410,1593,95,79,74195,55
2026/07/21 11:31:15.386,0,GPU-03a84180-d660-dbdc-17f4-0e0655717066,301.61,1410,1593,95,79,74195,55
2026/07/21 11:31:15.636,0,GPU-03a84180-d660-dbdc-17f4-0e0655717066,301.61,1410,1593,95,79,74195,55
2026/07/21 11:31:15.886,0,GPU-03a84180-d660-dbdc-17f4-0e0655717066,302.52,1410,1593,95,78,74195,55
2026/07/21 11:31:16.136,0,GPU-03a84180-d660-dbdc-17f4-0e0655717066,306.73,1410,1593,95,79,74195,55
2026/07/21 11:31:16.387,0,GPU-03a84180-d660-dbdc-17f4-0e0655717066,307.33,1410,1593,95,79,74195,54
2026/07/21 11:31:16.637,0,GPU-03a84180-d660-dbdc-17f4-0e0655717066,301.61,1410,1593,95,79,74195,55
2026/07/21 11:31:16.887,0,GPU-03a84180-d660-dbdc-17f4-0e0655717066,302.80,1410,1593,95,79,74195,55
2026/07/21 11:31:17.137,0,GPU-03a84180-d660-dbdc-17f4-0e0655717066,305.21,1410,1593,95,79,74195,54
2026/07/21 11:31:17.387,0,GPU-03a84180-d660-dbdc-17f4-0e0655717066,308.25,1410,1593,95,79,74195,54
2026/07/21 11:31:17.637,0,GPU-03a84180-d660-dbdc-17f4-0e0655717066,308.84,1410,1593,95,79,74195,54
2026/07/21 11:31:17.887,0,GPU-03a84180-d660-dbdc-17f4-0e0655717066,303.12,1410,1593,95,79,74195,54
2026/07/21 11:31:18.137,0,GPU-03a84180-d660-dbdc-17f4-0e0655717066,305.21,1410,1593,95,79,74195,54
2026/07/21 11:31:18.387,0,GPU-03a84180-d660-dbdc-17f4-0e0655717066,307.33,1410,1593,95,79,74195,54
2026/07/21 11:31:18.637,0,GPU-03a84180-d660-dbdc-17f4-0e0655717066,301.01,1410,1593,95,79,74195,54
2026/07/21 11:31:18.887,0,GPU-03a84180-d660-dbdc-17f4-0e0655717066,308.51,1410,1593,95,79,74195,54
2026/07/21 11:31:19.137,0,GPU-03a84180-d660-dbdc-17f4-0e0655717066,300.69,1410,1593,95,79,74195,54
2026/07/21 11:31:19.387,0,GPU-03a84180-d660-dbdc-17f4-0e0655717066,301.93,1410,1593,95,79,74195,54
2026/07/21 11:31:19.638,0,GPU-03a84180-d660-dbdc-17f4-0e0655717066,305.82,1410,1593,95,79,74195,54
2026/07/21 11:31:19.888,0,GPU-03a84180-d660-dbdc-17f4-0e0655717066,310.62,1410,1593,95,79,74195,54
2026/07/21 11:31:20.138,0,GPU-03a84180-d660-dbdc-17f4-0e0655717066,305.49,1410,1593,95,79,74195,54
2026/07/21 11:31:20.388,0,GPU-03a84180-d660-dbdc-17f4-0e0655717066,303.71,1410,1593,95,79,74195,54
2026/07/21 11:31:20.638,0,GPU-03a84180-d660-dbdc-17f4-0e0655717066,303.39,1410,1593,95,79,74195,54
2026/07/21 11:31:20.888,0,GPU-03a84180-d660-dbdc-17f4-0e0655717066,305.49,1410,1593,95,79,74195,54
2026/07/21 11:31:21.138,0,GPU-03a84180-d660-dbdc-17f4-0e0655717066,307.06,1410,1593,95,79,74195,54
2026/07/21 11:31:21.388,0,GPU-03a84180-d660-dbdc-17f4-0e0655717066,307.92,1410,1593,95,79,74195,54
2026/07/21 11:31:21.638,0,GPU-03a84180-d660-dbdc-17f4-0e0655717066,301.33,1410,1593,95,78,74195,54
2026/07/21 11:31:21.888,0,GPU-03a84180-d660-dbdc-17f4-0e0655717066,307.33,1410,1593,95,79,74195,54
2026/07/21 11:31:22.138,0,GPU-03a84180-d660-dbdc-17f4-0e0655717066,299.22,1410,1593,94,78,74195,54
2026/07/21 11:31:22.388,0,GPU-03a84180-d660-dbdc-17f4-0e0655717066,303.11,1410,1593,95,79,74195,54
2026/07/21 11:31:22.639,0,GPU-03a84180-d660-dbdc-17f4-0e0655717066,301.92,1410,1593,95,79,74195,54
2026/07/21 11:31:22.889,0,GPU-03a84180-d660-dbdc-17f4-0e0655717066,304.36,1410,1593,95,79,74195,54
2026/07/21 11:31:23.139,0,GPU-03a84180-d660-dbdc-17f4-0e0655717066,304.31,1410,1593,95,79,74195,54
2026/07/21 11:31:23.389,0,GPU-03a84180-d660-dbdc-17f4-0e0655717066,306.14,1410,1593,95,79,74195,54
2026/07/21 11:31:23.639,0,GPU-03a84180-d660-dbdc-17f4-0e0655717066,304.04,1410,1593,94,78,74195,54
2026/07/21 11:31:23.889,0,GPU-03a84180-d660-dbdc-17f4-0e0655717066,307.01,1410,1593,95,78,74195,54
2026/07/21 11:31:24.139,0,GPU-03a84180-d660-dbdc-17f4-0e0655717066,308.25,1410,1593,95,79,74195,54
2026/07/21 11:31:24.389,0,GPU-03a84180-d660-dbdc-17f4-0e0655717066,310.62,1410,1593,95,79,74195,54
2026/07/21 11:31:24.639,0,GPU-03a84180-d660-dbdc-17f4-0e0655717066,303.39,1410,1593,95,79,74195,54
2026/07/21 11:31:24.889,0,GPU-03a84180-d660-dbdc-17f4-0e0655717066,302.52,1410,1593,95,79,74195,54
2026/07/21 11:31:25.139,0,GPU-03a84180-d660-dbdc-17f4-0e0655717066,305.23,1410,1593,95,79,74195,54
2026/07/21 11:31:25.389,0,GPU-03a84180-d660-dbdc-17f4-0e0655717066,306.46,1410,1593,95,79,74195,54
2026/07/21 11:31:25.639,0,GPU-03a84180-d660-dbdc-17f4-0e0655717066,307.01,1410,1593,95,79,74195,54
2026/07/21 11:31:25.890,0,GPU-03a84180-d660-dbdc-17f4-0e0655717066,300.42,1410,1593,95,79,74195,54
2026/07/21 11:31:26.140,0,GPU-03a84180-d660-dbdc-17f4-0e0655717066,309.10,1410,1593,95,79,74195,54
2026/07/21 11:31:26.390,0,GPU-03a84180-d660-dbdc-17f4-0e0655717066,302.20,1410,1593,95,79,74195,54
2026/07/21 11:31:26.640,0,GPU-03a84180-d660-dbdc-17f4-0e0655717066,303.43,1410,1593,95,79,74195,54
2026/07/21 11:31:26.890,0,GPU-03a84180-d660-dbdc-17f4-0e0655717066,307.92,1410,1593,95,79,74195,54
2026/07/21 11:31:27.140,0,GPU-03a84180-d660-dbdc-17f4-0e0655717066,305.23,1410,1593,95,79,74195,54
2026/07/21 11:31:27.390,0,GPU-03a84180-d660-dbdc-17f4-0e0655717066,301.93,1410,1593,95,79,74195,54
2026/07/21 11:31:27.640,0,GPU-03a84180-d660-dbdc-17f4-0e0655717066,303.71,1410,1593,94,79,74195,54
2026/07/21 11:31:27.890,0,GPU-03a84180-d660-dbdc-17f4-0e0655717066,304.62,1410,1593,95,79,74195,54
2026/07/21 11:31:28.140,0,GPU-03a84180-d660-dbdc-17f4-0e0655717066,306.74,1410,1593,95,79,74195,54
2026/07/21 11:31:28.390,0,GPU-03a84180-d660-dbdc-17f4-0e0655717066,307.33,1410,1593,95,79,74195,54
2026/07/21 11:31:28.640,0,GPU-03a84180-d660-dbdc-17f4-0e0655717066,307.65,1410,1593,95,79,74195,54
2026/07/21 11:31:28.891,0,GPU-03a84180-d660-dbdc-17f4-0e0655717066,304.04,1410,1593,95,79,74195,54
2026/07/21 11:31:29.141,0,GPU-03a84180-d660-dbdc-17f4-0e0655717066,302.52,1410,1593,95,79,74195,54
2026/07/21 11:31:29.391,0,GPU-03a84180-d660-dbdc-17f4-0e0655717066,304.62,1410,1593,95,79,74195,54
2026/07/21 11:31:29.641,0,GPU-03a84180-d660-dbdc-17f4-0e0655717066,305.82,1410,1593,95,79,74195,54
2026/07/21 11:31:29.891,0,GPU-03a84180-d660-dbdc-17f4-0e0655717066,308.25,1410,1593,95,79,74195,54
2026/07/21 11:31:30.141,0,GPU-03a84180-d660-dbdc-17f4-0e0655717066,301.93,1410,1593,95,79,74195,54
2026/07/21 11:31:30.391,0,GPU-03a84180-d660-dbdc-17f4-0e0655717066,300.73,1410,1593,95,79,74195,54
2026/07/21 11:31:30.641,0,GPU-03a84180-d660-dbdc-17f4-0e0655717066,305.81,1410,1593,95,79,74195,54
2026/07/21 11:31:30.891,0,GPU-03a84180-d660-dbdc-17f4-0e0655717066,304.31,1410,1593,95,79,74195,54
2026/07/21 11:31:31.141,0,GPU-03a84180-d660-dbdc-17f4-0e0655717066,308.51,1410,1593,95,79,74195,54
2026/07/21 11:31:31.391,0,GPU-03a84180-d660-dbdc-17f4-0e0655717066,306.74,1410,1593,95,79,74195,54
2026/07/21 11:31:31.641,0,GPU-03a84180-d660-dbdc-17f4-0e0655717066,308.51,1410,1593,95,79,74195,54
2026/07/21 11:31:31.892,0,GPU-03a84180-d660-dbdc-17f4-0e0655717066,302.52,1410,1593,94,79,74195,54
2026/07/21 11:31:32.461,0,GPU-03a84180-d660-dbdc-17f4-0e0655717066,300.42,1410,1593,95,79,74195,54
2026/07/21 11:31:32.711,0,GPU-03a84180-d660-dbdc-17f4-0e0655717066,310.94,1410,1593,95,79,74195,54
2026/07/21 11:31:32.961,0,GPU-03a84180-d660-dbdc-17f4-0e0655717066,310.62,1410,1593,95,79,74195,54
2026/07/21 11:31:33.211,0,GPU-03a84180-d660-dbdc-17f4-0e0655717066,303.11,1410,1593,95,79,74195,54
2026/07/21 11:31:33.461,0,GPU-03a84180-d660-dbdc-17f4-0e0655717066,304.04,1410,1593,95,79,74195,54
2026/07/21 11:31:33.712,0,GPU-03a84180-d660-dbdc-17f4-0e0655717066,307.01,1410,1593,95,79,74195,54
2026/07/21 11:31:33.962,0,GPU-03a84180-d660-dbdc-17f4-0e0655717066,309.70,1410,1593,95,79,74195,54
2026/07/21 11:31:34.212,0,GPU-03a84180-d660-dbdc-17f4-0e0655717066,308.84,1410,1593,95,79,74195,54
2026/07/21 11:31:34.462,0,GPU-03a84180-d660-dbdc-17f4-0e0655717066,301.33,1410,1593,95,79,74195,54
2026/07/21 11:31:34.712,0,GPU-03a84180-d660-dbdc-17f4-0e0655717066,273.39,1410,1593,38,31,74195,58
2026/07/21 11:31:34.962,0,GPU-03a84180-d660-dbdc-17f4-0e0655717066,313.04,1410,1593,96,69,74195,57
2026/07/21 11:31:35.212,0,GPU-03a84180-d660-dbdc-17f4-0e0655717066,308.25,1410,1593,95,79,74195,55
2026/07/21 11:31:35.462,0,GPU-03a84180-d660-dbdc-17f4-0e0655717066,304.31,1410,1593,95,79,74195,55
2026/07/21 11:31:35.712,0,GPU-03a84180-d660-dbdc-17f4-0e0655717066,313.32,1410,1593,95,79,74195,55
2026/07/21 11:31:35.962,0,GPU-03a84180-d660-dbdc-17f4-0e0655717066,92.90,1410,1593,74,61,74195,49
2026/07/21 11:31:36.212,0,GPU-03a84180-d660-dbdc-17f4-0e0655717066,90.79,1410,1593,0,0,74195,48
2026/07/21 11:31:36.463,0,GPU-03a84180-d660-dbdc-17f4-0e0655717066,90.20,1410,1593,0,0,74195,47
2026/07/21 11:31:36.713,0,GPU-03a84180-d660-dbdc-17f4-0e0655717066,89.60,1410,1593,0,0,74195,46
2026/07/21 11:31:36.963,0,GPU-03a84180-d660-dbdc-17f4-0e0655717066,303.43,1410,1593,30,17,74195,51
2026/07/21 11:31:37.213,0,GPU-03a84180-d660-dbdc-17f4-0e0655717066,297.71,1410,1593,95,79,74195,52
2026/07/21 11:31:37.463,0,GPU-03a84180-d660-dbdc-17f4-0e0655717066,303.71,1410,1593,95,79,74195,53
2026/07/21 11:31:37.713,0,GPU-03a84180-d660-dbdc-17f4-0e0655717066,302.80,1410,1593,95,79,74195,53
2026/07/21 11:31:37.963,0,GPU-03a84180-d660-dbdc-17f4-0e0655717066,303.39,1410,1593,95,79,74195,53
2026/07/21 11:31:38.213,0,GPU-03a84180-d660-dbdc-17f4-0e0655717066,302.25,1410,1593,95,79,74195,53
2026/07/21 11:31:38.463,0,GPU-03a84180-d660-dbdc-17f4-0e0655717066,304.95,1410,1593,95,79,74195,53
2026/07/21 11:31:38.713,0,GPU-03a84180-d660-dbdc-17f4-0e0655717066,299.50,1410,1593,95,79,74195,53
2026/07/21 11:31:38.963,0,GPU-03a84180-d660-dbdc-17f4-0e0655717066,302.80,1410,1593,95,79,74195,53
2026/07/21 11:31:39.214,0,GPU-03a84180-d660-dbdc-17f4-0e0655717066,303.71,1410,1593,95,79,74195,53
2026/07/21 11:31:39.464,0,GPU-03a84180-d660-dbdc-17f4-0e0655717066,305.82,1410,1593,95,79,74195,53
2026/07/21 11:31:39.714,0,GPU-03a84180-d660-dbdc-17f4-0e0655717066,304.04,1410,1593,95,79,74195,53
2026/07/21 11:31:39.964,0,GPU-03a84180-d660-dbdc-17f4-0e0655717066,300.69,1410,1593,95,79,74195,52
2026/07/21 11:31:40.214,0,GPU-03a84180-d660-dbdc-17f4-0e0655717066,310.02,1410,1593,73,49,74195,55
2026/07/21 11:31:40.464,0,GPU-03a84180-d660-dbdc-17f4-0e0655717066,307.60,1410,1593,96,61,74195,54
2026/07/21 11:31:40.715,0,GPU-03a84180-d660-dbdc-17f4-0e0655717066,307.92,1410,1593,95,79,74195,54
2026/07/21 11:31:40.965,0,GPU-03a84180-d660-dbdc-17f4-0e0655717066,308.51,1410,1593,95,79,74195,54
2026/07/21 11:31:41.215,0,GPU-03a84180-d660-dbdc-17f4-0e0655717066,303.71,1410,1593,95,79,74195,54
2026/07/21 11:31:41.465,0,GPU-03a84180-d660-dbdc-17f4-0e0655717066,304.04,1410,1593,95,79,74195,54
2026/07/21 11:31:41.715,0,GPU-03a84180-d660-dbdc-17f4-0e0655717066,310.29,1410,1593,95,79,74195,54
2026/07/21 11:31:41.965,0,GPU-03a84180-d660-dbdc-17f4-0e0655717066,306.14,1410,1593,95,79,74195,54
2026/07/21 11:31:42.215,0,GPU-03a84180-d660-dbdc-17f4-0e0655717066,313.97,1410,1593,95,79,74195,54
2026/07/21 11:31:42.465,0,GPU-03a84180-d660-dbdc-17f4-0e0655717066,302.20,1410,1593,95,79,74195,54
2026/07/21 11:31:42.715,0,GPU-03a84180-d660-dbdc-17f4-0e0655717066,302.52,1410,1593,95,79,74195,54
2026/07/21 11:31:42.965,0,GPU-03a84180-d660-dbdc-17f4-0e0655717066,307.92,1410,1593,95,79,74195,54
2026/07/21 11:31:43.215,0,GPU-03a84180-d660-dbdc-17f4-0e0655717066,307.92,1410,1593,95,79,74195,54
2026/07/21 11:31:43.466,0,GPU-03a84180-d660-dbdc-17f4-0e0655717066,302.52,1410,1593,95,79,74195,54
2026/07/21 11:31:43.716,0,GPU-03a84180-d660-dbdc-17f4-0e0655717066,302.52,1410,1593,95,79,74195,54
2026/07/21 11:31:43.966,0,GPU-03a84180-d660-dbdc-17f4-0e0655717066,309.10,1410,1593,95,79,74195,54
2026/07/21 11:31:44.216,0,GPU-03a84180-d660-dbdc-17f4-0e0655717066,309.10,1410,1593,95,79,74195,54
2026/07/21 11:31:44.466,0,GPU-03a84180-d660-dbdc-17f4-0e0655717066,309.10,1410,1593,95,79,74195,54
2026/07/21 11:31:44.716,0,GPU-03a84180-d660-dbdc-17f4-0e0655717066,304.90,1410,1593,95,79,74195,54
2026/07/21 11:31:44.966,0,GPU-03a84180-d660-dbdc-17f4-0e0655717066,304.62,1410,1593,95,79,74195,54
2026/07/21 11:31:45.216,0,GPU-03a84180-d660-dbdc-17f4-0e0655717066,308.51,1410,1593,95,79,74195,54
2026/07/21 11:31:45.466,0,GPU-03a84180-d660-dbdc-17f4-0e0655717066,308.51,1410,1593,95,79,74195,54
2026/07/21 11:31:45.716,0,GPU-03a84180-d660-dbdc-17f4-0e0655717066,92.63,1410,1593,26,22,74195,49
2026/07/21 11:31:45.966,0,GPU-03a84180-d660-dbdc-17f4-0e0655717066,303.43,1410,1593,17,4,74195,53
2026/07/21 11:31:46.216,0,GPU-03a84180-d660-dbdc-17f4-0e0655717066,307.06,1410,1593,96,66,74195,53
2026/07/21 11:31:46.467,0,GPU-03a84180-d660-dbdc-17f4-0e0655717066,306.14,1410,1593,95,79,74195,54
2026/07/21 11:31:46.717,0,GPU-03a84180-d660-dbdc-17f4-0e0655717066,305.21,1410,1593,95,79,74195,54
2026/07/21 11:31:46.967,0,GPU-03a84180-d660-dbdc-17f4-0e0655717066,98.03,1410,1593,95,79,74195,52
2026/07/21 11:31:47.217,0,GPU-03a84180-d660-dbdc-17f4-0e0655717066,91.71,1410,1593,25,21,74195,48
2026/07/21 11:31:47.467,0,GPU-03a84180-d660-dbdc-17f4-0e0655717066,89.88,1410,1593,0,0,74195,47
2026/07/21 11:31:47.717,0,GPU-03a84180-d660-dbdc-17f4-0e0655717066,89.60,1410,1593,0,0,74195,46
2026/07/21 11:31:47.967,0,GPU-03a84180-d660-dbdc-17f4-0e0655717066,89.88,1410,1593,0,0,74195,46
2026/07/21 11:31:48.217,0,GPU-03a84180-d660-dbdc-17f4-0e0655717066,122.39,1410,1593,0,0,74195,50
2026/07/21 11:31:48.467,0,GPU-03a84180-d660-dbdc-17f4-0e0655717066,303.11,1410,1593,95,79,74195,50
2026/07/21 11:31:48.717,0,GPU-03a84180-d660-dbdc-17f4-0e0655717066,298.03,1410,1593,95,79,74195,52
2026/07/21 11:31:48.967,0,GPU-03a84180-d660-dbdc-17f4-0e0655717066,303.43,1410,1593,95,79,74195,52
2026/07/21 11:31:49.218,0,GPU-03a84180-d660-dbdc-17f4-0e0655717066,303.39,1410,1593,95,79,74195,52
2026/07/21 11:31:49.468,0,GPU-03a84180-d660-dbdc-17f4-0e0655717066,307.60,1410,1593,95,79,74195,52
2026/07/21 11:31:49.718,0,GPU-03a84180-d660-dbdc-17f4-0e0655717066,305.23,1410,1593,95,79,74195,53
2026/07/21 11:31:49.968,0,GPU-03a84180-d660-dbdc-17f4-0e0655717066,304.63,1410,1593,95,79,74195,53
2026/07/21 11:31:50.218,0,GPU-03a84180-d660-dbdc-17f4-0e0655717066,298.62,1410,1593,95,79,74195,53
2026/07/21 11:31:50.468,0,GPU-03a84180-d660-dbdc-17f4-0e0655717066,300.41,1410,1593,95,79,74195,53
2026/07/21 11:31:50.718,0,GPU-03a84180-d660-dbdc-17f4-0e0655717066,298.31,1410,1593,95,79,74195,53
2026/07/21 11:31:50.968,0,GPU-03a84180-d660-dbdc-17f4-0e0655717066,303.71,1410,1593,95,79,74195,53
2026/07/21 11:31:51.218,0,GPU-03a84180-d660-dbdc-17f4-0e0655717066,304.03,1410,1593,95,79,74195,53
2026/07/21 11:31:51.468,0,GPU-03a84180-d660-dbdc-17f4-0e0655717066,300.73,1410,1593,95,79,74195,53
2026/07/21 11:31:51.718,0,GPU-03a84180-d660-dbdc-17f4-0e0655717066,304.31,1410,1593,95,79,74195,53
2026/07/21 11:31:51.969,0,GPU-03a84180-d660-dbdc-17f4-0e0655717066,304.36,1410,1593,95,79,74195,53
2026/07/21 11:31:52.219,0,GPU-03a84180-d660-dbdc-17f4-0e0655717066,302.80,1410,1593,95,79,74195,53
2026/07/21 11:31:52.469,0,GPU-03a84180-d660-dbdc-17f4-0e0655717066,301.93,1410,1593,95,79,74195,53
2026/07/21 11:31:52.719,0,GPU-03a84180-d660-dbdc-17f4-0e0655717066,306.41,1410,1593,95,79,74195,53
2026/07/21 11:31:52.969,0,GPU-03a84180-d660-dbdc-17f4-0e0655717066,306.14,1410,1593,95,80,74195,53
2026/07/21 11:31:53.219,0,GPU-03a84180-d660-dbdc-17f4-0e0655717066,299.18,1410,1593,95,79,74195,53
2026/07/21 11:31:53.469,0,GPU-03a84180-d660-dbdc-17f4-0e0655717066,310.29,1410,1593,95,80,74195,53
2026/07/21 11:31:53.719,0,GPU-03a84180-d660-dbdc-17f4-0e0655717066,301.93,1410,1593,95,79,74195,53
2026/07/21 11:31:53.969,0,GPU-03a84180-d660-dbdc-17f4-0e0655717066,302.52,1410,1593,95,80,74195,53
2026/07/21 11:31:54.219,0,GPU-03a84180-d660-dbdc-17f4-0e0655717066,300.41,1410,1593,95,79,74195,53
2026/07/21 11:31:54.469,0,GPU-03a84180-d660-dbdc-17f4-0e0655717066,302.52,1410,1593,95,79,74195,53
2026/07/21 11:31:54.720,0,GPU-03a84180-d660-dbdc-17f4-0e0655717066,303.71,1410,1593,95,79,74195,53
2026/07/21 11:31:54.970,0,GPU-03a84180-d660-dbdc-17f4-0e0655717066,307.33,1410,1593,95,79,74195,53
2026/07/21 11:31:55.220,0,GPU-03a84180-d660-dbdc-17f4-0e0655717066,307.01,1410,1593,95,79,74195,53
2026/07/21 11:31:55.470,0,GPU-03a84180-d660-dbdc-17f4-0e0655717066,305.21,1410,1593,95,79,74195,53
2026/07/21 11:31:55.720,0,GPU-03a84180-d660-dbdc-17f4-0e0655717066,304.63,1410,1593,95,79,74195,53
2026/07/21 11:31:55.970,0,GPU-03a84180-d660-dbdc-17f4-0e0655717066,144.32,1410,1593,89,74,74195,51
2026/07/21 11:31:56.220,0,GPU-03a84180-d660-dbdc-17f4-0e0655717066,302.80,1410,1593,79,29,74195,54
2026/07/21 11:31:56.470,0,GPU-03a84180-d660-dbdc-17f4-0e0655717066,303.43,1410,1593,95,79,74195,54
2026/07/21 11:31:56.720,0,GPU-03a84180-d660-dbdc-17f4-0e0655717066,302.52,1410,1593,95,80,74195,54
2026/07/21 11:31:56.970,0,GPU-03a84180-d660-dbdc-17f4-0e0655717066,305.49,1410,1593,95,80,74195,54
2026/07/21 11:31:57.220,0,GPU-03a84180-d660-dbdc-17f4-0e0655717066,92.30,1410,1593,50,42,74195,49
2026/07/21 11:31:57.470,0,GPU-03a84180-d660-dbdc-17f4-0e0655717066,90.79,1410,1593,0,0,74195,47
2026/07/21 11:31:57.721,0,GPU-03a84180-d660-dbdc-17f4-0e0655717066,89.60,1410,1593,0,0,74195,46
2026/07/21 11:31:57.971,0,GPU-03a84180-d660-dbdc-17f4-0e0655717066,89.28,1410,1593,0,0,74195,48
2026/07/21 11:31:58.221,0,GPU-03a84180-d660-dbdc-17f4-0e0655717066,304.63,1410,1593,72,53,74195,50
2026/07/21 11:31:58.471,0,GPU-03a84180-d660-dbdc-17f4-0e0655717066,304.04,1410,1593,95,80,74195,52
2026/07/21 11:31:58.721,0,GPU-03a84180-d660-dbdc-17f4-0e0655717066,303.39,1410,1593,95,80,74195,52
2026/07/21 11:31:58.971,0,GPU-03a84180-d660-dbdc-17f4-0e0655717066,303.12,1410,1593,95,80,74195,52
2026/07/21 11:31:59.221,0,GPU-03a84180-d660-dbdc-17f4-0e0655717066,307.33,1410,1593,95,80,74195,53
2026/07/21 11:31:59.471,0,GPU-03a84180-d660-dbdc-17f4-0e0655717066,305.55,1410,1593,95,80,74195,53
2026/07/21 11:31:59.721,0,GPU-03a84180-d660-dbdc-17f4-0e0655717066,307.60,1410,1593,95,80,74195,53
2026/07/21 11:31:59.971,0,GPU-03a84180-d660-dbdc-17f4-0e0655717066,300.42,1410,1593,95,80,74195,53
2026/07/21 11:32:00.221,0,GPU-03a84180-d660-dbdc-17f4-0e0655717066,304.04,1410,1593,95,79,74195,53
2026/07/21 11:32:00.472,0,GPU-03a84180-d660-dbdc-17f4-0e0655717066,302.25,1410,1593,95,80,74195,53
2026/07/21 11:32:00.722,0,GPU-03a84180-d660-dbdc-17f4-0e0655717066,301.01,1410,1593,95,80,74195,53
2026/07/21 11:32:00.972,0,GPU-03a84180-d660-dbdc-17f4-0e0655717066,304.31,1410,1593,95,80,74195,53
2026/07/21 11:32:01.222,0,GPU-03a84180-d660-dbdc-17f4-0e0655717066,303.43,1410,1593,95,80,74195,53
2026/07/21 11:32:01.472,0,GPU-03a84180-d660-dbdc-17f4-0e0655717066,306.73,1410,1593,95,80,74195,53
2026/07/21 11:32:01.722,0,GPU-03a84180-d660-dbdc-17f4-0e0655717066,304.04,1410,1593,95,80,74195,53
2026/07/21 11:32:01.972,0,GPU-03a84180-d660-dbdc-17f4-0e0655717066,303.39,1410,1593,95,80,74195,53
2026/07/21 11:32:02.223,0,GPU-03a84180-d660-dbdc-17f4-0e0655717066,307.06,1410,1593,95,80,74195,53
2026/07/21 11:32:02.473,0,GPU-03a84180-d660-dbdc-17f4-0e0655717066,303.71,1410,1593,95,80,74195,53
2026/07/21 11:32:02.723,0,GPU-03a84180-d660-dbdc-17f4-0e0655717066,306.74,1410,1593,95,80,74195,53
2026/07/21 11:32:02.973,0,GPU-03a84180-d660-dbdc-17f4-0e0655717066,305.23,1410,1593,95,80,74195,53
2026/07/21 11:32:03.223,0,GPU-03a84180-d660-dbdc-17f4-0e0655717066,308.57,1410,1593,95,80,74195,53
2026/07/21 11:32:03.473,0,GPU-03a84180-d660-dbdc-17f4-0e0655717066,307.06,1410,1593,95,80,74195,53
2026/07/21 11:32:03.723,0,GPU-03a84180-d660-dbdc-17f4-0e0655717066,309.16,1410,1593,95,80,74195,53
2026/07/21 11:32:03.973,0,GPU-03a84180-d660-dbdc-17f4-0e0655717066,301.01,1410,1593,95,80,74195,53
2026/07/21 11:32:04.223,0,GPU-03a84180-d660-dbdc-17f4-0e0655717066,306.73,1410,1593,95,80,74195,53
2026/07/21 11:32:04.473,0,GPU-03a84180-d660-dbdc-17f4-0e0655717066,303.39,1410,1593,95,80,74195,53
2026/07/21 11:32:04.723,0,GPU-03a84180-d660-dbdc-17f4-0e0655717066,300.73,1410,1593,95,80,74195,53
2026/07/21 11:32:04.973,0,GPU-03a84180-d660-dbdc-17f4-0e0655717066,303.12,1410,1593,95,80,74195,53
2026/07/21 11:32:05.224,0,GPU-03a84180-d660-dbdc-17f4-0e0655717066,301.61,1410,1593,95,80,74195,53
2026/07/21 11:32:05.474,0,GPU-03a84180-d660-dbdc-17f4-0e0655717066,308.51,1410,1593,95,80,74195,53
2026/07/21 11:32:05.724,0,GPU-03a84180-d660-dbdc-17f4-0e0655717066,312.13,1410,1593,95,79,74195,53
2026/07/21 11:32:05.974,0,GPU-03a84180-d660-dbdc-17f4-0e0655717066,308.84,1410,1593,95,80,74195,53
2026/07/21 11:32:06.224,0,GPU-03a84180-d660-dbdc-17f4-0e0655717066,95.92,1410,1593,95,80,74195,51
2026/07/21 11:32:06.474,0,GPU-03a84180-d660-dbdc-17f4-0e0655717066,310.62,1410,1593,92,39,74195,54
2026/07/21 11:32:06.724,0,GPU-03a84180-d660-dbdc-17f4-0e0655717066,307.33,1410,1593,95,80,74195,54
2026/07/21 11:32:06.974,0,GPU-03a84180-d660-dbdc-17f4-0e0655717066,302.25,1410,1593,95,79,74195,54
2026/07/21 11:32:07.224,0,GPU-03a84180-d660-dbdc-17f4-0e0655717066,308.51,1410,1593,95,79,74195,54
2026/07/21 11:32:07.474,0,GPU-03a84180-d660-dbdc-17f4-0e0655717066,92.30,1410,1593,43,36,74195,48
2026/07/21 11:32:07.724,0,GPU-03a84180-d660-dbdc-17f4-0e0655717066,90.79,1410,1593,0,0,74195,47
2026/07/21 11:32:07.974,0,GPU-03a84180-d660-dbdc-17f4-0e0655717066,89.60,1410,1593,0,0,74195,46
2026/07/21 11:32:08.225,0,GPU-03a84180-d660-dbdc-17f4-0e0655717066,89.01,1410,1593,0,0,74195,46
2026/07/21 11:32:08.475,0,GPU-03a84180-d660-dbdc-17f4-0e0655717066,88.69,1410,1593,0,0,74195,45
2026/07/21 11:32:08.725,0,GPU-03a84180-d660-dbdc-17f4-0e0655717066,89.01,1410,1593,0,0,74195,45
2026/07/21 11:32:08.975,0,GPU-03a84180-d660-dbdc-17f4-0e0655717066,303.43,1410,1593,0,0,74195,49
2026/07/21 11:32:09.225,0,GPU-03a84180-d660-dbdc-17f4-0e0655717066,301.60,1410,1593,95,80,74195,51
2026/07/21 11:32:09.475,0,GPU-03a84180-d660-dbdc-17f4-0e0655717066,298.59,1410,1593,95,80,74195,51
2026/07/21 11:32:09.725,0,GPU-03a84180-d660-dbdc-17f4-0e0655717066,300.42,1410,1593,95,80,74195,52
2026/07/21 11:32:09.975,0,GPU-03a84180-d660-dbdc-17f4-0e0655717066,307.92,1410,1593,95,80,74195,52
2026/07/21 11:32:10.225,0,GPU-03a84180-d660-dbdc-17f4-0e0655717066,304.31,1410,1593,95,80,74195,52
2026/07/21 11:32:10.475,0,GPU-03a84180-d660-dbdc-17f4-0e0655717066,304.31,1410,1593,94,79,74195,52
2026/07/21 11:32:10.725,0,GPU-03a84180-d660-dbdc-17f4-0e0655717066,306.41,1410,1593,95,80,74195,52
2026/07/21 11:32:10.976,0,GPU-03a84180-d660-dbdc-17f4-0e0655717066,303.39,1410,1593,95,80,74195,52
2026/07/21 11:32:11.226,0,GPU-03a84180-d660-dbdc-17f4-0e0655717066,300.10,1410,1593,95,80,74195,52
2026/07/21 11:32:11.476,0,GPU-03a84180-d660-dbdc-17f4-0e0655717066,300.42,1410,1593,95,80,74195,53
2026/07/21 11:32:11.726,0,GPU-03a84180-d660-dbdc-17f4-0e0655717066,301.60,1410,1593,95,80,74195,53
2026/07/21 11:32:11.976,0,GPU-03a84180-d660-dbdc-17f4-0e0655717066,308.84,1410,1593,95,80,74195,53
2026/07/21 11:32:12.226,0,GPU-03a84180-d660-dbdc-17f4-0e0655717066,304.90,1410,1593,95,80,74195,53
2026/07/21 11:32:12.476,0,GPU-03a84180-d660-dbdc-17f4-0e0655717066,306.41,1410,1593,95,79,74195,53
2026/07/21 11:32:12.726,0,GPU-03a84180-d660-dbdc-17f4-0e0655717066,306.41,1410,1593,95,80,74195,53
2026/07/21 11:32:12.976,0,GPU-03a84180-d660-dbdc-17f4-0e0655717066,303.39,1410,1593,95,79,74195,53
2026/07/21 11:32:13.226,0,GPU-03a84180-d660-dbdc-17f4-0e0655717066,309.70,1410,1593,95,79,74195,53
2026/07/21 11:32:13.476,0,GPU-03a84180-d660-dbdc-17f4-0e0655717066,307.60,1410,1593,95,79,74195,53
2026/07/21 11:32:13.726,0,GPU-03a84180-d660-dbdc-17f4-0e0655717066,307.33,1410,1593,95,79,74195,53
2026/07/21 11:32:13.977,0,GPU-03a84180-d660-dbdc-17f4-0e0655717066,306.74,1410,1593,95,80,74195,53
2026/07/21 11:32:14.227,0,GPU-03a84180-d660-dbdc-17f4-0e0655717066,301.01,1410,1593,95,80,74195,53
2026/07/21 11:32:14.477,0,GPU-03a84180-d660-dbdc-17f4-0e0655717066,301.60,1410,1593,95,79,74195,53
2026/07/21 11:32:14.727,0,GPU-03a84180-d660-dbdc-17f4-0e0655717066,301.01,1410,1593,95,79,74195,53
2026/07/21 11:32:14.977,0,GPU-03a84180-d660-dbdc-17f4-0e0655717066,304.90,1410,1593,95,80,74195,53
2026/07/21 11:32:15.227,0,GPU-03a84180-d660-dbdc-17f4-0e0655717066,308.25,1410,1593,95,80,74195,53
2026/07/21 11:32:15.477,0,GPU-03a84180-d660-dbdc-17f4-0e0655717066,306.14,1410,1593,95,80,74195,53
2026/07/21 11:32:15.727,0,GPU-03a84180-d660-dbdc-17f4-0e0655717066,305.21,1410,1593,95,80,74195,53
2026/07/21 11:32:15.977,0,GPU-03a84180-d660-dbdc-17f4-0e0655717066,300.10,1410,1593,95,80,74195,53
2026/07/21 11:32:16.227,0,GPU-03a84180-d660-dbdc-17f4-0e0655717066,308.25,1410,1593,95,80,74195,53
2026/07/21 11:32:16.477,0,GPU-03a84180-d660-dbdc-17f4-0e0655717066,307.60,1410,1593,95,80,74195,53
2026/07/21 11:32:16.728,0,GPU-03a84180-d660-dbdc-17f4-0e0655717066,305.23,1410,1593,95,80,74195,53
2026/07/21 11:32:16.978,0,GPU-03a84180-d660-dbdc-17f4-0e0655717066,304.63,1410,1593,95,80,74195,53
2026/07/21 11:32:17.228,0,GPU-03a84180-d660-dbdc-17f4-0e0655717066,300.42,1410,1593,95,80,74195,53
2026/07/21 11:32:17.478,0,GPU-03a84180-d660-dbdc-17f4-0e0655717066,301.60,1410,1593,95,80,74195,53
2026/07/21 11:32:17.728,0,GPU-03a84180-d660-dbdc-17f4-0e0655717066,309.70,1410,1593,95,80,74195,53
2026/07/21 11:32:17.978,0,GPU-03a84180-d660-dbdc-17f4-0e0655717066,304.31,1410,1593,95,80,74195,53
2026/07/21 11:32:18.228,0,GPU-03a84180-d660-dbdc-17f4-0e0655717066,304.90,1410,1593,95,80,74195,53
2026/07/21 11:32:18.478,0,GPU-03a84180-d660-dbdc-17f4-0e0655717066,299.82,1410,1593,95,79,74195,53
2026/07/21 11:32:18.728,0,GPU-03a84180-d660-dbdc-17f4-0e0655717066,302.80,1410,1593,95,79,74195,53
2026/07/21 11:32:18.978,0,GPU-03a84180-d660-dbdc-17f4-0e0655717066,306.73,1410,1593,95,80,74195,53
2026/07/21 11:32:19.228,0,GPU-03a84180-d660-dbdc-17f4-0e0655717066,300.41,1410,1593,95,79,74195,53
2026/07/21 11:32:19.479,0,GPU-03a84180-d660-dbdc-17f4-0e0655717066,299.49,1410,1593,95,79,74195,53
2026/07/21 11:32:19.729,0,GPU-03a84180-d660-dbdc-17f4-0e0655717066,307.33,1410,1593,95,79,74195,53
2026/07/21 11:32:19.979,0,GPU-03a84180-d660-dbdc-17f4-0e0655717066,305.82,1410,1593,95,80,74195,53
2026/07/21 11:32:20.229,0,GPU-03a84180-d660-dbdc-17f4-0e0655717066,298.91,1410,1593,95,79,74195,53
2026/07/21 11:32:20.479,0,GPU-03a84180-d660-dbdc-17f4-0e0655717066,308.25,1410,1593,94,79,74195,53
2026/07/21 11:32:20.729,0,GPU-03a84180-d660-dbdc-17f4-0e0655717066,305.21,1410,1593,95,79,74195,53
2026/07/21 11:32:20.979,0,GPU-03a84180-d660-dbdc-17f4-0e0655717066,309.43,1410,1593,95,79,74195,53
2026/07/21 11:32:21.229,0,GPU-03a84180-d660-dbdc-17f4-0e0655717066,307.65,1410,1593,94,79,74195,53
2026/07/21 11:32:21.479,0,GPU-03a84180-d660-dbdc-17f4-0e0655717066,304.31,1410,1593,95,79,74195,53
2026/07/21 11:32:21.729,0,GPU-03a84180-d660-dbdc-17f4-0e0655717066,300.10,1410,1593,94,79,74195,53
2026/07/21 11:32:21.980,0,GPU-03a84180-d660-dbdc-17f4-0e0655717066,307.01,1410,1593,95,79,74195,53
2026/07/21 11:32:22.230,0,GPU-03a84180-d660-dbdc-17f4-0e0655717066,303.12,1410,1593,95,79,74195,53
2026/07/21 11:32:22.480,0,GPU-03a84180-d660-dbdc-17f4-0e0655717066,305.49,1410,1593,95,80,74195,53
2026/07/21 11:32:22.730,0,GPU-03a84180-d660-dbdc-17f4-0e0655717066,304.03,1410,1593,94,79,74195,53
2026/07/21 11:32:22.980,0,GPU-03a84180-d660-dbdc-17f4-0e0655717066,308.51,1410,1593,95,80,74195,53
2026/07/21 11:32:23.230,0,GPU-03a84180-d660-dbdc-17f4-0e0655717066,305.82,1410,1593,95,79,74195,53
2026/07/21 11:32:23.480,0,GPU-03a84180-d660-dbdc-17f4-0e0655717066,304.63,1410,1593,95,80,74195,54
2026/07/21 11:32:23.730,0,GPU-03a84180-d660-dbdc-17f4-0e0655717066,309.70,1410,1593,95,80,74195,54
2026/07/21 11:32:23.981,0,GPU-03a84180-d660-dbdc-17f4-0e0655717066,307.33,1410,1593,95,80,74195,54
2026/07/21 11:32:24.231,0,GPU-03a84180-d660-dbdc-17f4-0e0655717066,306.73,1410,1593,95,79,74195,54
2026/07/21 11:32:24.481,0,GPU-03a84180-d660-dbdc-17f4-0e0655717066,304.04,1410,1593,95,80,74195,54
2026/07/21 11:32:24.731,0,GPU-03a84180-d660-dbdc-17f4-0e0655717066,309.43,1410,1593,95,79,74195,54
2026/07/21 11:32:24.981,0,GPU-03a84180-d660-dbdc-17f4-0e0655717066,304.90,1410,1593,95,80,74195,54
2026/07/21 11:32:25.231,0,GPU-03a84180-d660-dbdc-17f4-0e0655717066,302.84,1410,1593,95,79,74195,54
2026/07/21 11:32:25.481,0,GPU-03a84180-d660-dbdc-17f4-0e0655717066,302.20,1410,1593,95,80,74195,54
2026/07/21 11:32:25.731,0,GPU-03a84180-d660-dbdc-17f4-0e0655717066,309.43,1410,1593,95,80,74195,54
2026/07/21 11:32:25.981,0,GPU-03a84180-d660-dbdc-17f4-0e0655717066,307.60,1410,1593,95,80,74195,54
2026/07/21 11:32:26.231,0,GPU-03a84180-d660-dbdc-17f4-0e0655717066,303.12,1410,1593,95,80,74195,54
2026/07/21 11:32:26.481,0,GPU-03a84180-d660-dbdc-17f4-0e0655717066,302.20,1410,1593,95,79,74195,54
2026/07/21 11:32:26.731,0,GPU-03a84180-d660-dbdc-17f4-0e0655717066,308.25,1410,1593,95,80,74195,54
2026/07/21 11:32:26.982,0,GPU-03a84180-d660-dbdc-17f4-0e0655717066,304.90,1410,1593,95,80,74195,54
2026/07/21 11:32:27.232,0,GPU-03a84180-d660-dbdc-17f4-0e0655717066,302.84,1410,1593,95,80,74195,54
2026/07/21 11:32:27.482,0,GPU-03a84180-d660-dbdc-17f4-0e0655717066,307.65,1410,1593,95,80,74195,54
2026/07/21 11:32:27.732,0,GPU-03a84180-d660-dbdc-17f4-0e0655717066,307.92,1410,1593,95,80,74195,54
2026/07/21 11:32:27.982,0,GPU-03a84180-d660-dbdc-17f4-0e0655717066,301.33,1410,1593,95,80,74195,54
2026/07/21 11:32:28.232,0,GPU-03a84180-d660-dbdc-17f4-0e0655717066,309.43,1410,1593,95,80,74195,54
2026/07/21 11:32:28.482,0,GPU-03a84180-d660-dbdc-17f4-0e0655717066,304.62,1410,1593,94,79,74195,54
2026/07/21 11:32:28.732,0,GPU-03a84180-d660-dbdc-17f4-0e0655717066,301.60,1410,1593,95,80,74195,54
2026/07/21 11:32:28.982,0,GPU-03a84180-d660-dbdc-17f4-0e0655717066,301.29,1410,1593,95,80,74195,54
2026/07/21 11:32:29.232,0,GPU-03a84180-d660-dbdc-17f4-0e0655717066,310.29,1410,1593,95,80,74195,54
2026/07/21 11:32:29.482,0,GPU-03a84180-d660-dbdc-17f4-0e0655717066,307.01,1410,1593,95,80,74195,54
2026/07/21 11:32:29.733,0,GPU-03a84180-d660-dbdc-17f4-0e0655717066,306.74,1410,1593,95,80,74195,54
2026/07/21 11:32:29.983,0,GPU-03a84180-d660-dbdc-17f4-0e0655717066,299.81,1410,1593,95,80,74195,53
2026/07/21 11:32:30.233,0,GPU-03a84180-d660-dbdc-17f4-0e0655717066,481.37,1410,1593,44,37,74195,58
2026/07/21 11:32:30.483,0,GPU-03a84180-d660-dbdc-17f4-0e0655717066,328.04,1410,1593,96,57,74195,58
2026/07/21 11:32:30.733,0,GPU-03a84180-d660-dbdc-17f4-0e0655717066,308.25,1410,1593,95,80,74195,55
2026/07/21 11:32:30.983,0,GPU-03a84180-d660-dbdc-17f4-0e0655717066,313.91,1410,1593,95,80,74195,54
2026/07/21 11:32:31.233,0,GPU-03a84180-d660-dbdc-17f4-0e0655717066,314.56,1410,1593,95,80,74195,54
2026/07/21 11:32:31.483,0,GPU-03a84180-d660-dbdc-17f4-0e0655717066,97.11,1410,1593,95,80,74195,50
2026/07/21 11:32:31.733,0,GPU-03a84180-d660-dbdc-17f4-0e0655717066,91.71,1410,1593,23,20,74195,48
2026/07/21 11:32:31.983,0,GPU-03a84180-d660-dbdc-17f4-0e0655717066,89.88,1410,1593,0,0,74195,47
2026/07/21 11:32:32.233,0,GPU-03a84180-d660-dbdc-17f4-0e0655717066,89.28,1410,1593,0,0,74195,51
2026/07/21 11:32:32.483,0,GPU-03a84180-d660-dbdc-17f4-0e0655717066,299.81,1410,1593,81,57,74195,52
2026/07/21 11:32:32.734,0,GPU-03a84180-d660-dbdc-17f4-0e0655717066,309.16,1410,1593,95,80,74195,52
2026/07/21 11:32:32.984,0,GPU-03a84180-d660-dbdc-17f4-0e0655717066,304.36,1410,1593,95,80,74195,53
2026/07/21 11:32:33.234,0,GPU-03a84180-d660-dbdc-17f4-0e0655717066,309.10,1410,1593,95,80,74195,53
2026/07/21 11:32:33.484,0,GPU-03a84180-d660-dbdc-17f4-0e0655717066,306.14,1410,1593,95,80,74195,53
2026/07/21 11:32:33.734,0,GPU-03a84180-d660-dbdc-17f4-0e0655717066,301.60,1410,1593,95,80,74195,53
2026/07/21 11:32:33.984,0,GPU-03a84180-d660-dbdc-17f4-0e0655717066,306.74,1410,1593,95,80,74195,53
2026/07/21 11:32:34.234,0,GPU-03a84180-d660-dbdc-17f4-0e0655717066,309.70,1410,1593,95,80,74195,53
2026/07/21 11:32:34.484,0,GPU-03a84180-d660-dbdc-17f4-0e0655717066,309.43,1410,1593,95,80,74195,53
2026/07/21 11:32:34.735,0,GPU-03a84180-d660-dbdc-17f4-0e0655717066,304.03,1410,1593,95,80,74195,53
2026/07/21 11:32:34.985,0,GPU-03a84180-d660-dbdc-17f4-0e0655717066,310.95,1410,1593,94,79,74195,53
2026/07/21 11:32:35.235,0,GPU-03a84180-d660-dbdc-17f4-0e0655717066,305.23,1410,1593,95,80,74195,53
2026/07/21 11:32:35.485,0,GPU-03a84180-d660-dbdc-17f4-0e0655717066,309.70,1410,1593,95,80,74195,53
2026/07/21 11:32:35.735,0,GPU-03a84180-d660-dbdc-17f4-0e0655717066,305.49,1410,1593,95,80,74195,53
2026/07/21 11:32:35.985,0,GPU-03a84180-d660-dbdc-17f4-0e0655717066,304.62,1410,1593,95,80,74195,53
2026/07/21 11:32:36.235,0,GPU-03a84180-d660-dbdc-17f4-0e0655717066,309.43,1410,1593,95,80,74195,53
2026/07/21 11:32:36.485,0,GPU-03a84180-d660-dbdc-17f4-0e0655717066,302.84,1410,1593,95,80,74195,54
2026/07/21 11:32:36.735,0,GPU-03a84180-d660-dbdc-17f4-0e0655717066,306.74,1410,1593,95,80,74195,53
2026/07/21 11:32:36.985,0,GPU-03a84180-d660-dbdc-17f4-0e0655717066,301.61,1410,1593,95,80,74195,53
2026/07/21 11:32:37.235,0,GPU-03a84180-d660-dbdc-17f4-0e0655717066,309.10,1410,1593,95,80,74195,54
2026/07/21 11:32:37.485,0,GPU-03a84180-d660-dbdc-17f4-0e0655717066,298.31,1410,1593,95,80,74195,53
2026/07/21 11:32:37.736,0,GPU-03a84180-d660-dbdc-17f4-0e0655717066,307.06,1410,1593,94,79,74195,54
2026/07/21 11:32:37.986,0,GPU-03a84180-d660-dbdc-17f4-0e0655717066,310.35,1410,1593,94,79,74195,54
2026/07/21 11:32:38.236,0,GPU-03a84180-d660-dbdc-17f4-0e0655717066,305.82,1410,1593,95,80,74195,54
2026/07/21 11:32:38.486,0,GPU-03a84180-d660-dbdc-17f4-0e0655717066,298.59,1410,1593,94,79,74195,53
2026/07/21 11:32:38.736,0,GPU-03a84180-d660-dbdc-17f4-0e0655717066,307.01,1410,1593,94,79,74195,54
2026/07/21 11:32:38.986,0,GPU-03a84180-d660-dbdc-17f4-0e0655717066,312.73,1410,1593,95,80,74195,54
2026/07/21 11:32:39.236,0,GPU-03a84180-d660-dbdc-17f4-0e0655717066,285.69,1410,1593,95,80,74195,54
2026/07/21 11:32:39.486,0,GPU-03a84180-d660-dbdc-17f4-0e0655717066,310.02,1410,1593,94,79,74195,54
2026/07/21 11:32:39.736,0,GPU-03a84180-d660-dbdc-17f4-0e0655717066,302.20,1410,1593,95,80,74195,54
2026/07/21 11:32:39.986,0,GPU-03a84180-d660-dbdc-17f4-0e0655717066,309.10,1410,1593,95,80,74195,54
2026/07/21 11:32:40.237,0,GPU-03a84180-d660-dbdc-17f4-0e0655717066,302.52,1410,1593,94,80,74195,54
2026/07/21 11:32:40.487,0,GPU-03a84180-d660-dbdc-17f4-0e0655717066,309.70,1410,1593,95,80,74195,54
2026/07/21 11:32:40.737,0,GPU-03a84180-d660-dbdc-17f4-0e0655717066,302.84,1410,1593,95,80,74195,54
2026/07/21 11:32:40.987,0,GPU-03a84180-d660-dbdc-17f4-0e0655717066,305.55,1410,1593,94,79,74195,54
2026/07/21 11:32:41.237,0,GPU-03a84180-d660-dbdc-17f4-0e0655717066,313.65,1410,1593,94,79,74195,54
2026/07/21 11:32:41.487,0,GPU-03a84180-d660-dbdc-17f4-0e0655717066,306.73,1410,1593,95,80,74195,54
2026/07/21 11:32:41.737,0,GPU-03a84180-d660-dbdc-17f4-0e0655717066,313.91,1410,1593,95,80,74195,54
2026/07/21 11:32:41.987,0,GPU-03a84180-d660-dbdc-17f4-0e0655717066,307.01,1410,1593,95,80,74195,54
2026/07/21 11:32:42.237,0,GPU-03a84180-d660-dbdc-17f4-0e0655717066,303.12,1410,1593,95,80,74195,54
2026/07/21 11:32:42.487,0,GPU-03a84180-d660-dbdc-17f4-0e0655717066,307.33,1410,1593,95,80,74195,54
2026/07/21 11:32:42.738,0,GPU-03a84180-d660-dbdc-17f4-0e0655717066,303.70,1410,1593,95,80,74195,54
2026/07/21 11:32:42.988,0,GPU-03a84180-d660-dbdc-17f4-0e0655717066,310.94,1410,1593,95,80,74195,54
2026/07/21 11:32:43.238,0,GPU-03a84180-d660-dbdc-17f4-0e0655717066,159.98,1410,1593,93,79,74195,54
2026/07/21 11:32:43.488,0,GPU-03a84180-d660-dbdc-17f4-0e0655717066,340.08,1410,1593,72,14,74195,55
2026/07/21 11:32:43.738,0,GPU-03a84180-d660-dbdc-17f4-0e0655717066,309.10,1410,1593,95,80,74195,55
2026/07/21 11:32:43.988,0,GPU-03a84180-d660-dbdc-17f4-0e0655717066,313.64,1410,1593,95,80,74195,54
2026/07/21 11:32:44.238,0,GPU-03a84180-d660-dbdc-17f4-0e0655717066,309.76,1410,1593,95,80,74195,54
2026/07/21 11:32:44.488,0,GPU-03a84180-d660-dbdc-17f4-0e0655717066,132.79,1410,1593,90,76,74195,50
2026/07/21 11:32:44.738,0,GPU-03a84180-d660-dbdc-17f4-0e0655717066,91.71,1410,1593,0,0,74195,48
2026/07/21 11:32:44.988,0,GPU-03a84180-d660-dbdc-17f4-0e0655717066,90.20,1410,1593,36,18,74195,51
2026/07/21 11:32:45.238,0,GPU-03a84180-d660-dbdc-17f4-0e0655717066,303.71,1410,1593,95,80,74195,52
2026/07/21 11:32:45.489,0,GPU-03a84180-d660-dbdc-17f4-0e0655717066,312.13,1410,1593,95,80,74195,53
2026/07/21 11:32:45.739,0,GPU-03a84180-d660-dbdc-17f4-0e0655717066,307.92,1410,1593,95,80,74195,53
2026/07/21 11:32:45.989,0,GPU-03a84180-d660-dbdc-17f4-0e0655717066,310.95,1410,1593,94,80,74195,53
2026/07/21 11:32:46.239,0,GPU-03a84180-d660-dbdc-17f4-0e0655717066,302.52,1410,1593,95,80,74195,53
2026/07/21 11:32:46.489,0,GPU-03a84180-d660-dbdc-17f4-0e0655717066,305.55,1410,1593,95,80,74195,53
2026/07/21 11:32:46.739,0,GPU-03a84180-d660-dbdc-17f4-0e0655717066,303.70,1410,1593,95,80,74195,53
2026/07/21 11:32:46.989,0,GPU-03a84180-d660-dbdc-17f4-0e0655717066,308.84,1410,1593,95,80,74195,53
2026/07/21 11:32:47.239,0,GPU-03a84180-d660-dbdc-17f4-0e0655717066,312.73,1410,1593,95,80,74195,53
2026/07/21 11:32:47.489,0,GPU-03a84180-d660-dbdc-17f4-0e0655717066,307.01,1410,1593,95,80,74195,54
2026/07/21 11:32:47.739,0,GPU-03a84180-d660-dbdc-17f4-0e0655717066,311.21,1410,1593,95,80,74195,54
2026/07/21 11:32:47.989,0,GPU-03a84180-d660-dbdc-17f4-0e0655717066,306.74,1410,1593,95,80,74195,54
2026/07/21 11:32:48.240,0,GPU-03a84180-d660-dbdc-17f4-0e0655717066,312.40,1410,1593,95,80,74195,54
2026/07/21 11:32:48.490,0,GPU-03a84180-d660-dbdc-17f4-0e0655717066,305.82,1410,1593,95,80,74195,54
2026/07/21 11:32:48.740,0,GPU-03a84180-d660-dbdc-17f4-0e0655717066,310.62,1410,1593,95,81,74195,54
2026/07/21 11:32:48.990,0,GPU-03a84180-d660-dbdc-17f4-0e0655717066,303.71,1410,1593,95,81,74195,54
2026/07/21 11:32:49.240,0,GPU-03a84180-d660-dbdc-17f4-0e0655717066,308.57,1410,1593,95,81,74195,54
2026/07/21 11:32:49.490,0,GPU-03a84180-d660-dbdc-17f4-0e0655717066,314.56,1410,1593,95,80,74195,54
2026/07/21 11:32:49.740,0,GPU-03a84180-d660-dbdc-17f4-0e0655717066,308.51,1410,1593,95,81,74195,54
2026/07/21 11:32:49.990,0,GPU-03a84180-d660-dbdc-17f4-0e0655717066,313.32,1410,1593,95,81,74195,54
2026/07/21 11:32:50.240,0,GPU-03a84180-d660-dbdc-17f4-0e0655717066,307.60,1410,1593,95,81,74195,54
2026/07/21 11:32:50.490,0,GPU-03a84180-d660-dbdc-17f4-0e0655717066,310.95,1410,1593,95,81,74195,54
2026/07/21 11:32:50.740,0,GPU-03a84180-d660-dbdc-17f4-0e0655717066,309.43,1410,1593,95,80,74195,54
2026/07/21 11:32:50.990,0,GPU-03a84180-d660-dbdc-17f4-0e0655717066,311.53,1410,1593,95,80,74195,54
2026/07/21 11:32:51.241,0,GPU-03a84180-d660-dbdc-17f4-0e0655717066,307.33,1410,1593,95,81,74195,54
2026/07/21 11:32:51.491,0,GPU-03a84180-d660-dbdc-17f4-0e0655717066,310.94,1410,1593,95,81,74195,54
2026/07/21 11:32:51.741,0,GPU-03a84180-d660-dbdc-17f4-0e0655717066,307.60,1410,1593,95,80,74195,54
2026/07/21 11:32:51.991,0,GPU-03a84180-d660-dbdc-17f4-0e0655717066,311.27,1410,1593,95,81,74195,54
2026/07/21 11:32:52.241,0,GPU-03a84180-d660-dbdc-17f4-0e0655717066,312.13,1410,1593,95,81,74195,54
2026/07/21 11:32:52.491,0,GPU-03a84180-d660-dbdc-17f4-0e0655717066,310.02,1410,1593,95,81,74195,54
2026/07/21 11:32:52.741,0,GPU-03a84180-d660-dbdc-17f4-0e0655717066,313.04,1410,1593,95,81,74195,54
2026/07/21 11:32:52.991,0,GPU-03a84180-d660-dbdc-17f4-0e0655717066,306.41,1410,1593,94,80,74195,54
2026/07/21 11:32:53.241,0,GPU-03a84180-d660-dbdc-17f4-0e0655717066,309.70,1410,1593,95,80,74195,54
2026/07/21 11:32:53.491,0,GPU-03a84180-d660-dbdc-17f4-0e0655717066,313.05,1410,1593,95,80,74195,54
2026/07/21 11:32:53.741,0,GPU-03a84180-d660-dbdc-17f4-0e0655717066,309.10,1410,1593,95,80,74195,54
2026/07/21 11:32:53.992,0,GPU-03a84180-d660-dbdc-17f4-0e0655717066,312.72,1410,1593,95,81,74195,54
2026/07/21 11:32:54.242,0,GPU-03a84180-d660-dbdc-17f4-0e0655717066,310.35,1410,1593,95,80,74195,54
2026/07/21 11:32:54.492,0,GPU-03a84180-d660-dbdc-17f4-0e0655717066,310.35,1410,1593,95,80,74195,54
2026/07/21 11:32:54.742,0,GPU-03a84180-d660-dbdc-17f4-0e0655717066,305.81,1410,1593,95,80,74195,54
2026/07/21 11:32:54.992,0,GPU-03a84180-d660-dbdc-17f4-0e0655717066,310.29,1410,1593,95,80,74195,54
2026/07/21 11:32:55.242,0,GPU-03a84180-d660-dbdc-17f4-0e0655717066,312.73,1410,1593,95,80,74195,54
2026/07/21 11:32:55.492,0,GPU-03a84180-d660-dbdc-17f4-0e0655717066,306.14,1410,1593,94,80,74195,54
2026/07/21 11:32:55.742,0,GPU-03a84180-d660-dbdc-17f4-0e0655717066,310.29,1410,1593,95,80,74195,54
2026/07/21 11:32:55.992,0,GPU-03a84180-d660-dbdc-17f4-0e0655717066,312.73,1410,1593,95,80,74195,54
2026/07/21 11:32:56.242,0,GPU-03a84180-d660-dbdc-17f4-0e0655717066,306.14,1410,1593,95,80,74195,54
2026/07/21 11:32:56.492,0,GPU-03a84180-d660-dbdc-17f4-0e0655717066,310.29,1410,1593,95,80,74195,54
2026/07/21 11:32:56.743,0,GPU-03a84180-d660-dbdc-17f4-0e0655717066,312.13,1410,1593,95,80,74195,54
2026/07/21 11:32:56.993,0,GPU-03a84180-d660-dbdc-17f4-0e0655717066,305.49,1410,1593,95,80,74195,54
2026/07/21 11:32:57.243,0,GPU-03a84180-d660-dbdc-17f4-0e0655717066,310.95,1410,1593,95,80,74195,54
2026/07/21 11:32:57.493,0,GPU-03a84180-d660-dbdc-17f4-0e0655717066,308.51,1410,1593,95,80,74195,54
2026/07/21 11:32:57.743,0,GPU-03a84180-d660-dbdc-17f4-0e0655717066,305.55,1410,1593,94,80,74195,54
2026/07/21 11:32:57.993,0,GPU-03a84180-d660-dbdc-17f4-0e0655717066,310.62,1410,1593,95,80,74195,54
2026/07/21 11:32:58.243,0,GPU-03a84180-d660-dbdc-17f4-0e0655717066,312.73,1410,1593,95,80,74195,54
2026/07/21 11:32:58.493,0,GPU-03a84180-d660-dbdc-17f4-0e0655717066,307.92,1410,1593,95,80,74195,54
2026/07/21 11:32:58.743,0,GPU-03a84180-d660-dbdc-17f4-0e0655717066,311.54,1410,1593,95,81,74195,54
2026/07/21 11:32:58.993,0,GPU-03a84180-d660-dbdc-17f4-0e0655717066,303.12,1410,1593,95,80,74195,54
2026/07/21 11:32:59.243,0,GPU-03a84180-d660-dbdc-17f4-0e0655717066,306.74,1410,1593,95,80,74195,54
2026/07/21 11:32:59.494,0,GPU-03a84180-d660-dbdc-17f4-0e0655717066,311.86,1410,1593,95,80,74195,54
2026/07/21 11:32:59.744,0,GPU-03a84180-d660-dbdc-17f4-0e0655717066,316.35,1410,1593,95,80,74195,54
2026/07/21 11:32:59.994,0,GPU-03a84180-d660-dbdc-17f4-0e0655717066,307.01,1410,1593,95,80,74195,54
2026/07/21 11:33:00.244,0,GPU-03a84180-d660-dbdc-17f4-0e0655717066,311.53,1410,1593,95,80,74195,54
2026/07/21 11:33:00.494,0,GPU-03a84180-d660-dbdc-17f4-0e0655717066,313.64,1410,1593,95,80,74195,54
2026/07/21 11:33:00.744,0,GPU-03a84180-d660-dbdc-17f4-0e0655717066,308.25,1410,1593,95,80,74195,54
2026/07/21 11:33:00.994,0,GPU-03a84180-d660-dbdc-17f4-0e0655717066,310.62,1410,1593,95,81,74195,54
2026/07/21 11:33:01.244,0,GPU-03a84180-d660-dbdc-17f4-0e0655717066,315.16,1410,1593,95,81,74195,54
2026/07/21 11:33:01.494,0,GPU-03a84180-d660-dbdc-17f4-0e0655717066,309.10,1410,1593,95,81,74195,54
2026/07/21 11:33:01.744,0,GPU-03a84180-d660-dbdc-17f4-0e0655717066,310.62,1410,1593,95,80,74195,54
2026/07/21 11:33:01.994,0,GPU-03a84180-d660-dbdc-17f4-0e0655717066,306.14,1410,1593,95,81,74195,54
2026/07/21 11:33:02.244,0,GPU-03a84180-d660-dbdc-17f4-0e0655717066,308.84,1410,1593,95,80,74195,54
2026/07/21 11:33:02.495,0,GPU-03a84180-d660-dbdc-17f4-0e0655717066,311.53,1410,1593,95,80,74195,54
2026/07/21 11:33:02.745,0,GPU-03a84180-d660-dbdc-17f4-0e0655717066,303.71,1410,1593,95,80,74195,54
2026/07/21 11:33:02.995,0,GPU-03a84180-d660-dbdc-17f4-0e0655717066,308.25,1410,1593,95,81,74195,54
2026/07/21 11:33:03.245,0,GPU-03a84180-d660-dbdc-17f4-0e0655717066,311.80,1410,1593,95,81,74195,54
2026/07/21 11:33:03.495,0,GPU-03a84180-d660-dbdc-17f4-0e0655717066,315.15,1410,1593,95,81,74195,54
2026/07/21 11:33:03.745,0,GPU-03a84180-d660-dbdc-17f4-0e0655717066,305.49,1410,1593,95,80,74195,54
2026/07/21 11:33:03.995,0,GPU-03a84180-d660-dbdc-17f4-0e0655717066,310.03,1410,1593,95,80,74195,54
2026/07/21 11:33:04.245,0,GPU-03a84180-d660-dbdc-17f4-0e0655717066,310.62,1410,1593,95,80,74195,54
2026/07/21 11:33:04.495,0,GPU-03a84180-d660-dbdc-17f4-0e0655717066,303.70,1410,1593,95,80,74195,54
2026/07/21 11:33:04.745,0,GPU-03a84180-d660-dbdc-17f4-0e0655717066,306.46,1410,1593,95,80,74195,54
2026/07/21 11:33:04.995,0,GPU-03a84180-d660-dbdc-17f4-0e0655717066,312.40,1410,1593,95,81,74195,54
2026/07/21 11:33:05.246,0,GPU-03a84180-d660-dbdc-17f4-0e0655717066,312.40,1410,1593,95,81,74195,54
2026/07/21 11:33:05.496,0,GPU-03a84180-d660-dbdc-17f4-0e0655717066,308.84,1410,1593,95,80,74195,54
2026/07/21 11:33:05.746,0,GPU-03a84180-d660-dbdc-17f4-0e0655717066,311.53,1410,1593,95,81,74195,54
2026/07/21 11:33:05.996,0,GPU-03a84180-d660-dbdc-17f4-0e0655717066,313.64,1410,1593,95,81,74195,54
2026/07/21 11:33:06.246,0,GPU-03a84180-d660-dbdc-17f4-0e0655717066,307.33,1410,1593,95,80,74195,54
2026/07/21 11:33:06.496,0,GPU-03a84180-d660-dbdc-17f4-0e0655717066,310.62,1410,1593,95,81,74195,54
2026/07/21 11:33:06.746,0,GPU-03a84180-d660-dbdc-17f4-0e0655717066,315.42,1410,1593,95,81,74195,54
2026/07/21 11:33:06.996,0,GPU-03a84180-d660-dbdc-17f4-0e0655717066,305.82,1410,1593,95,80,74195,54
2026/07/21 11:33:07.246,0,GPU-03a84180-d660-dbdc-17f4-0e0655717066,310.95,1410,1593,95,81,74195,54
2026/07/21 11:33:07.496,0,GPU-03a84180-d660-dbdc-17f4-0e0655717066,312.72,1410,1593,95,81,74195,54
2026/07/21 11:33:07.746,0,GPU-03a84180-d660-dbdc-17f4-0e0655717066,305.55,1410,1593,95,80,74195,54
2026/07/21 11:33:07.997,0,GPU-03a84180-d660-dbdc-17f4-0e0655717066,310.03,1410,1593,95,81,74195,54
2026/07/21 11:33:08.247,0,GPU-03a84180-d660-dbdc-17f4-0e0655717066,312.73,1410,1593,95,81,74195,54
2026/07/21 11:33:08.497,0,GPU-03a84180-d660-dbdc-17f4-0e0655717066,304.62,1410,1593,95,80,74195,54
2026/07/21 11:33:08.747,0,GPU-03a84180-d660-dbdc-17f4-0e0655717066,309.43,1410,1593,95,80,74195,54
2026/07/21 11:33:08.997,0,GPU-03a84180-d660-dbdc-17f4-0e0655717066,309.70,1410,1593,95,81,74195,54
2026/07/21 11:33:09.247,0,GPU-03a84180-d660-dbdc-17f4-0e0655717066,313.65,1410,1593,95,80,74195,54
2026/07/21 11:33:09.497,0,GPU-03a84180-d660-dbdc-17f4-0e0655717066,302.52,1410,1593,95,80,74195,54
2026/07/21 11:33:09.747,0,GPU-03a84180-d660-dbdc-17f4-0e0655717066,307.92,1410,1593,95,80,74195,54
2026/07/21 11:33:09.997,0,GPU-03a84180-d660-dbdc-17f4-0e0655717066,311.27,1410,1593,95,80,74195,54
2026/07/21 11:33:10.247,0,GPU-03a84180-d660-dbdc-17f4-0e0655717066,311.86,1410,1593,95,80,74195,54
2026/07/21 11:33:10.497,0,GPU-03a84180-d660-dbdc-17f4-0e0655717066,306.14,1410,1593,95,81,74195,54
2026/07/21 11:33:10.747,0,GPU-03a84180-d660-dbdc-17f4-0e0655717066,95.00,1410,1593,61,29,74195,59
2026/07/21 11:33:10.998,0,GPU-03a84180-d660-dbdc-17f4-0e0655717066,502.65,1395,1593,100,16,74195,63
2026/07/21 11:33:11.248,0,GPU-03a84180-d660-dbdc-17f4-0e0655717066,318.77,1410,1593,96,70,74195,56
2026/07/21 11:33:11.498,0,GPU-03a84180-d660-dbdc-17f4-0e0655717066,309.16,1410,1593,95,81,74195,55
2026/07/21 11:33:11.748,0,GPU-03a84180-d660-dbdc-17f4-0e0655717066,315.42,1410,1593,95,80,74195,55
2026/07/21 11:33:11.998,0,GPU-03a84180-d660-dbdc-17f4-0e0655717066,314.50,1410,1593,95,81,74195,55
2026/07/21 11:33:12.248,0,GPU-03a84180-d660-dbdc-17f4-0e0655717066,93.22,1410,1593,18,15,74195,49
2026/07/21 11:33:12.498,0,GPU-03a84180-d660-dbdc-17f4-0e0655717066,90.20,1410,1593,0,0,74195,48
2026/07/21 11:33:12.748,0,GPU-03a84180-d660-dbdc-17f4-0e0655717066,314.83,1410,1593,90,63,74195,52
2026/07/21 11:33:12.998,0,GPU-03a84180-d660-dbdc-17f4-0e0655717066,304.04,1410,1593,95,81,74195,53
2026/07/21 11:33:13.248,0,GPU-03a84180-d660-dbdc-17f4-0e0655717066,307.33,1410,1593,95,80,74195,53
2026/07/21 11:33:13.498,0,GPU-03a84180-d660-dbdc-17f4-0e0655717066,307.92,1410,1593,95,81,74195,54
2026/07/21 11:33:13.749,0,GPU-03a84180-d660-dbdc-17f4-0e0655717066,309.70,1410,1593,95,81,74195,54
2026/07/21 11:33:13.999,0,GPU-03a84180-d660-dbdc-17f4-0e0655717066,311.21,1410,1593,95,81,74195,54
2026/07/21 11:33:14.249,0,GPU-03a84180-d660-dbdc-17f4-0e0655717066,313.65,1410,1593,95,81,74195,54
2026/07/21 11:33:14.499,0,GPU-03a84180-d660-dbdc-17f4-0e0655717066,313.64,1410,1593,95,81,74195,54
2026/07/21 11:33:14.749,0,GPU-03a84180-d660-dbdc-17f4-0e0655717066,306.41,1410,1593,95,81,74195,54
2026/07/21 11:33:14.999,0,GPU-03a84180-d660-dbdc-17f4-0e0655717066,304.62,1410,1593,95,81,74195,54
2026/07/21 11:33:15.249,0,GPU-03a84180-d660-dbdc-17f4-0e0655717066,307.01,1410,1593,95,80,74195,54
2026/07/21 11:33:15.499,0,GPU-03a84180-d660-dbdc-17f4-0e0655717066,309.16,1410,1593,95,81,74195,54
2026/07/21 11:33:15.749,0,GPU-03a84180-d660-dbdc-17f4-0e0655717066,310.29,1410,1593,95,81,74195,54
2026/07/21 11:33:15.999,0,GPU-03a84180-d660-dbdc-17f4-0e0655717066,310.62,1410,1593,95,81,74195,54
2026/07/21 11:33:16.250,0,GPU-03a84180-d660-dbdc-17f4-0e0655717066,312.72,1410,1593,95,81,74195,54
2026/07/21 11:33:16.500,0,GPU-03a84180-d660-dbdc-17f4-0e0655717066,313.64,1410,1593,95,81,74195,54
2026/07/21 11:33:16.750,0,GPU-03a84180-d660-dbdc-17f4-0e0655717066,314.83,1410,1593,95,81,74195,54
2026/07/21 11:33:17.000,0,GPU-03a84180-d660-dbdc-17f4-0e0655717066,307.92,1410,1593,95,81,74195,54
2026/07/21 11:33:17.250,0,GPU-03a84180-d660-dbdc-17f4-0e0655717066,306.41,1410,1593,95,81,74195,54
2026/07/21 11:33:17.500,0,GPU-03a84180-d660-dbdc-17f4-0e0655717066,307.92,1410,1593,95,80,74195,54
2026/07/21 11:33:17.750,0,GPU-03a84180-d660-dbdc-17f4-0e0655717066,309.70,1410,1593,95,81,74195,54
2026/07/21 11:33:18.000,0,GPU-03a84180-d660-dbdc-17f4-0e0655717066,311.21,1410,1593,95,81,74195,54
2026/07/21 11:33:18.250,0,GPU-03a84180-d660-dbdc-17f4-0e0655717066,312.40,1410,1593,95,81,74195,54
2026/07/21 11:33:18.500,0,GPU-03a84180-d660-dbdc-17f4-0e0655717066,313.04,1410,1593,95,81,74195,54
2026/07/21 11:33:18.751,0,GPU-03a84180-d660-dbdc-17f4-0e0655717066,314.24,1410,1593,95,81,74195,54
2026/07/21 11:33:19.001,0,GPU-03a84180-d660-dbdc-17f4-0e0655717066,315.16,1410,1593,95,81,74195,54
2026/07/21 11:33:19.251,0,GPU-03a84180-d660-dbdc-17f4-0e0655717066,317.86,1410,1593,95,81,74195,54
2026/07/21 11:33:19.501,0,GPU-03a84180-d660-dbdc-17f4-0e0655717066,306.46,1410,1593,95,81,74195,54
2026/07/21 11:33:19.752,0,GPU-03a84180-d660-dbdc-17f4-0e0655717066,306.74,1410,1593,95,81,74195,54
2026/07/21 11:33:20.002,0,GPU-03a84180-d660-dbdc-17f4-0e0655717066,307.60,1410,1593,95,80,74195,54
2026/07/21 11:33:20.252,0,GPU-03a84180-d660-dbdc-17f4-0e0655717066,308.51,1410,1593,95,81,74195,54
2026/07/21 11:33:20.502,0,GPU-03a84180-d660-dbdc-17f4-0e0655717066,310.03,1410,1593,95,81,74195,54
2026/07/21 11:33:20.752,0,GPU-03a84180-d660-dbdc-17f4-0e0655717066,310.29,1410,1593,95,81,74195,54
2026/07/21 11:33:21.002,0,GPU-03a84180-d660-dbdc-17f4-0e0655717066,312.40,1410,1593,95,81,74195,54
2026/07/21 11:33:21.252,0,GPU-03a84180-d660-dbdc-17f4-0e0655717066,311.80,1410,1593,95,81,74195,54
2026/07/21 11:33:21.502,0,GPU-03a84180-d660-dbdc-17f4-0e0655717066,312.72,1410,1593,95,81,74195,54
2026/07/21 11:33:21.752,0,GPU-03a84180-d660-dbdc-17f4-0e0655717066,313.64,1410,1593,95,81,74195,54
2026/07/21 11:33:22.002,0,GPU-03a84180-d660-dbdc-17f4-0e0655717066,314.83,1410,1593,95,81,74195,54
2026/07/21 11:33:22.252,0,GPU-03a84180-d660-dbdc-17f4-0e0655717066,315.42,1410,1593,95,81,74195,54
2026/07/21 11:33:22.502,0,GPU-03a84180-d660-dbdc-17f4-0e0655717066,316.02,1410,1593,95,81,74195,54
2026/07/21 11:33:22.753,0,GPU-03a84180-d660-dbdc-17f4-0e0655717066,306.73,1410,1593,95,81,74195,54
2026/07/21 11:33:23.003,0,GPU-03a84180-d660-dbdc-17f4-0e0655717066,307.33,1410,1593,95,81,74195,54
2026/07/21 11:33:23.253,0,GPU-03a84180-d660-dbdc-17f4-0e0655717066,309.76,1410,1593,95,81,74195,54
2026/07/21 11:33:23.503,0,GPU-03a84180-d660-dbdc-17f4-0e0655717066,308.84,1410,1593,95,80,74195,54
2026/07/21 11:33:23.753,0,GPU-03a84180-d660-dbdc-17f4-0e0655717066,310.94,1410,1593,95,81,74195,54
2026/07/21 11:33:24.003,0,GPU-03a84180-d660-dbdc-17f4-0e0655717066,310.02,1410,1593,95,81,74195,54
2026/07/21 11:33:24.254,0,GPU-03a84180-d660-dbdc-17f4-0e0655717066,309.70,1410,1593,95,80,74195,54
2026/07/21 11:33:24.504,0,GPU-03a84180-d660-dbdc-17f4-0e0655717066,310.03,1410,1593,95,80,74195,54
2026/07/21 11:33:24.754,0,GPU-03a84180-d660-dbdc-17f4-0e0655717066,308.84,1410,1593,95,81,74195,54
2026/07/21 11:33:25.004,0,GPU-03a84180-d660-dbdc-17f4-0e0655717066,311.27,1410,1593,95,80,74195,54
2026/07/21 11:33:25.254,0,GPU-03a84180-d660-dbdc-17f4-0e0655717066,311.21,1410,1593,95,81,74195,54
2026/07/21 11:33:25.504,0,GPU-03a84180-d660-dbdc-17f4-0e0655717066,311.21,1410,1593,95,81,74195,54
2026/07/21 11:33:25.754,0,GPU-03a84180-d660-dbdc-17f4-0e0655717066,311.54,1410,1593,95,81,74195,54
2026/07/21 11:33:26.004,0,GPU-03a84180-d660-dbdc-17f4-0e0655717066,311.80,1410,1593,95,81,74195,54
2026/07/21 11:33:26.254,0,GPU-03a84180-d660-dbdc-17f4-0e0655717066,311.80,1410,1593,95,81,74195,54
2026/07/21 11:33:26.504,0,GPU-03a84180-d660-dbdc-17f4-0e0655717066,310.62,1410,1593,95,80,74195,54
2026/07/21 11:33:26.754,0,GPU-03a84180-d660-dbdc-17f4-0e0655717066,310.62,1410,1593,95,80,74195,54
2026/07/21 11:33:27.004,0,GPU-03a84180-d660-dbdc-17f4-0e0655717066,311.21,1410,1593,95,80,74195,54
2026/07/21 11:33:27.255,0,GPU-03a84180-d660-dbdc-17f4-0e0655717066,311.27,1410,1593,95,80,74195,54
2026/07/21 11:33:27.505,0,GPU-03a84180-d660-dbdc-17f4-0e0655717066,310.62,1410,1593,95,81,74195,54
2026/07/21 11:33:27.755,0,GPU-03a84180-d660-dbdc-17f4-0e0655717066,310.94,1410,1593,95,81,74195,54
2026/07/21 11:33:28.005,0,GPU-03a84180-d660-dbdc-17f4-0e0655717066,311.21,1410,1593,95,81,74195,54
2026/07/21 11:33:28.255,0,GPU-03a84180-d660-dbdc-17f4-0e0655717066,310.35,1410,1593,95,81,74195,54
2026/07/21 11:33:28.505,0,GPU-03a84180-d660-dbdc-17f4-0e0655717066,310.95,1410,1593,95,81,74195,54
2026/07/21 11:33:28.755,0,GPU-03a84180-d660-dbdc-17f4-0e0655717066,310.03,1410,1593,95,81,74195,54
2026/07/21 11:33:29.005,0,GPU-03a84180-d660-dbdc-17f4-0e0655717066,309.43,1410,1593,95,81,74195,54
2026/07/21 11:33:29.255,0,GPU-03a84180-d660-dbdc-17f4-0e0655717066,309.16,1410,1593,95,80,74195,54
2026/07/21 11:33:29.505,0,GPU-03a84180-d660-dbdc-17f4-0e0655717066,308.25,1410,1593,95,81,74195,54
2026/07/21 11:33:29.756,0,GPU-03a84180-d660-dbdc-17f4-0e0655717066,308.84,1410,1593,95,81,74195,54
2026/07/21 11:33:30.006,0,GPU-03a84180-d660-dbdc-17f4-0e0655717066,308.84,1410,1593,95,81,74195,54
2026/07/21 11:33:30.256,0,GPU-03a84180-d660-dbdc-17f4-0e0655717066,309.43,1410,1593,95,81,74195,54
2026/07/21 11:33:30.506,0,GPU-03a84180-d660-dbdc-17f4-0e0655717066,308.25,1410,1593,95,81,74195,54
2026/07/21 11:33:30.756,0,GPU-03a84180-d660-dbdc-17f4-0e0655717066,307.60,1410,1593,95,81,74195,54
2026/07/21 11:33:31.006,0,GPU-03a84180-d660-dbdc-17f4-0e0655717066,308.51,1410,1593,95,81,74195,54
2026/07/21 11:33:31.256,0,GPU-03a84180-d660-dbdc-17f4-0e0655717066,304.95,1410,1593,95,81,74195,54
2026/07/21 11:33:31.506,0,GPU-03a84180-d660-dbdc-17f4-0e0655717066,308.84,1410,1593,95,81,74195,54
2026/07/21 11:33:31.756,0,GPU-03a84180-d660-dbdc-17f4-0e0655717066,307.06,1410,1593,95,81,74195,54
2026/07/21 11:33:32.006,0,GPU-03a84180-d660-dbdc-17f4-0e0655717066,307.01,1410,1593,95,81,74195,54
2026/07/21 11:33:32.256,0,GPU-03a84180-d660-dbdc-17f4-0e0655717066,306.73,1410,1593,95,81,74195,54
2026/07/21 11:33:32.507,0,GPU-03a84180-d660-dbdc-17f4-0e0655717066,307.06,1410,1593,95,81,74195,54
2026/07/21 11:33:32.757,0,GPU-03a84180-d660-dbdc-17f4-0e0655717066,305.82,1410,1593,95,81,74195,54
2026/07/21 11:33:33.007,0,GPU-03a84180-d660-dbdc-17f4-0e0655717066,306.46,1410,1593,95,81,74195,54
2026/07/21 11:33:33.257,0,GPU-03a84180-d660-dbdc-17f4-0e0655717066,311.80,1410,1593,95,81,74195,54
2026/07/21 11:33:33.507,0,GPU-03a84180-d660-dbdc-17f4-0e0655717066,315.42,1410,1593,95,81,74195,54
2026/07/21 11:33:33.757,0,GPU-03a84180-d660-dbdc-17f4-0e0655717066,316.35,1410,1593,95,81,74195,54
2026/07/21 11:33:34.007,0,GPU-03a84180-d660-dbdc-17f4-0e0655717066,315.74,1410,1593,95,81,74195,54
2026/07/21 11:33:34.257,0,GPU-03a84180-d660-dbdc-17f4-0e0655717066,315.15,1410,1593,95,81,74195,54
2026/07/21 11:33:34.507,0,GPU-03a84180-d660-dbdc-17f4-0e0655717066,314.83,1410,1593,95,81,74195,54
2026/07/21 11:33:34.757,0,GPU-03a84180-d660-dbdc-17f4-0e0655717066,314.50,1410,1593,95,81,74195,54
2026/07/21 11:33:35.007,0,GPU-03a84180-d660-dbdc-17f4-0e0655717066,314.23,1410,1593,95,81,74195,54
2026/07/21 11:33:35.257,0,GPU-03a84180-d660-dbdc-17f4-0e0655717066,313.04,1410,1593,95,81,74195,54
2026/07/21 11:33:35.508,0,GPU-03a84180-d660-dbdc-17f4-0e0655717066,311.53,1410,1593,95,81,74195,54
2026/07/21 11:33:35.758,0,GPU-03a84180-d660-dbdc-17f4-0e0655717066,311.53,1410,1593,95,81,74195,54
2026/07/21 11:33:36.008,0,GPU-03a84180-d660-dbdc-17f4-0e0655717066,310.95,1410,1593,95,81,74195,54
2026/07/21 11:33:36.258,0,GPU-03a84180-d660-dbdc-17f4-0e0655717066,310.03,1410,1593,95,81,74195,54
2026/07/21 11:33:36.508,0,GPU-03a84180-d660-dbdc-17f4-0e0655717066,309.16,1410,1593,95,81,74195,54
2026/07/21 11:33:36.758,0,GPU-03a84180-d660-dbdc-17f4-0e0655717066,308.25,1410,1593,95,81,74195,54
2026/07/21 11:33:37.008,0,GPU-03a84180-d660-dbdc-17f4-0e0655717066,306.14,1410,1593,95,81,74195,54
2026/07/21 11:33:37.258,0,GPU-03a84180-d660-dbdc-17f4-0e0655717066,306.14,1410,1593,95,81,74195,54
2026/07/21 11:33:37.508,0,GPU-03a84180-d660-dbdc-17f4-0e0655717066,307.65,1410,1593,95,81,74195,54
2026/07/21 11:33:37.758,0,GPU-03a84180-d660-dbdc-17f4-0e0655717066,473.88,1410,1593,62,30,74195,58
2026/07/21 11:33:38.008,0,GPU-03a84180-d660-dbdc-17f4-0e0655717066,499.37,1395,1593,100,15,74195,59
2026/07/21 11:33:38.259,0,GPU-03a84180-d660-dbdc-17f4-0e0655717066,316.67,1410,1593,96,62,74195,56
2026/07/21 11:33:38.509,0,GPU-03a84180-d660-dbdc-17f4-0e0655717066,313.91,1410,1593,95,81,74195,55
2026/07/21 11:33:38.759,0,GPU-03a84180-d660-dbdc-17f4-0e0655717066,312.40,1410,1593,95,81,74195,55
2026/07/21 11:33:39.009,0,GPU-03a84180-d660-dbdc-17f4-0e0655717066,310.62,1410,1593,95,81,74195,52
2026/07/21 11:33:39.259,0,GPU-03a84180-d660-dbdc-17f4-0e0655717066,91.98,1410,1593,36,31,74195,49
2026/07/21 11:33:39.509,0,GPU-03a84180-d660-dbdc-17f4-0e0655717066,90.52,1410,1593,0,0,74195,47
2026/07/21 11:33:39.759,0,GPU-03a84180-d660-dbdc-17f4-0e0655717066,311.53,1410,1593,89,60,74195,52
2026/07/21 11:33:40.009,0,GPU-03a84180-d660-dbdc-17f4-0e0655717066,311.53,1410,1593,95,81,74195,53
2026/07/21 11:33:40.259,0,GPU-03a84180-d660-dbdc-17f4-0e0655717066,307.92,1410,1593,96,81,74195,53
2026/07/21 11:33:40.509,0,GPU-03a84180-d660-dbdc-17f4-0e0655717066,305.82,1410,1593,95,81,74195,54
2026/07/21 11:33:40.759,0,GPU-03a84180-d660-dbdc-17f4-0e0655717066,316.34,1410,1593,95,81,74195,54
2026/07/21 11:33:41.009,0,GPU-03a84180-d660-dbdc-17f4-0e0655717066,314.50,1410,1593,95,81,74195,54
2026/07/21 11:33:41.260,0,GPU-03a84180-d660-dbdc-17f4-0e0655717066,311.86,1410,1593,95,81,74195,54
2026/07/21 11:33:41.510,0,GPU-03a84180-d660-dbdc-17f4-0e0655717066,307.33,1410,1593,95,81,74195,54
2026/07/21 11:33:41.760,0,GPU-03a84180-d660-dbdc-17f4-0e0655717066,309.43,1410,1593,95,81,74195,54
2026/07/21 11:33:42.010,0,GPU-03a84180-d660-dbdc-17f4-0e0655717066,315.15,1410,1593,95,81,74195,54
2026/07/21 11:33:42.260,0,GPU-03a84180-d660-dbdc-17f4-0e0655717066,312.40,1410,1593,95,81,74195,54
2026/07/21 11:33:42.510,0,GPU-03a84180-d660-dbdc-17f4-0e0655717066,310.94,1410,1593,95,81,74195,54
2026/07/21 11:33:42.760,0,GPU-03a84180-d660-dbdc-17f4-0e0655717066,306.46,1410,1593,95,81,74195,54
2026/07/21 11:33:43.010,0,GPU-03a84180-d660-dbdc-17f4-0e0655717066,318.77,1410,1593,95,81,74195,54
2026/07/21 11:33:43.261,0,GPU-03a84180-d660-dbdc-17f4-0e0655717066,314.24,1410,1593,95,81,74195,54
2026/07/21 11:33:43.511,0,GPU-03a84180-d660-dbdc-17f4-0e0655717066,310.94,1410,1593,95,81,74195,54
2026/07/21 11:33:43.761,0,GPU-03a84180-d660-dbdc-17f4-0e0655717066,307.92,1410,1593,95,81,74195,54
2026/07/21 11:33:44.011,0,GPU-03a84180-d660-dbdc-17f4-0e0655717066,307.92,1410,1593,95,81,74195,54
2026/07/21 11:33:44.261,0,GPU-03a84180-d660-dbdc-17f4-0e0655717066,315.15,1410,1593,95,81,74195,54
2026/07/21 11:33:44.511,0,GPU-03a84180-d660-dbdc-17f4-0e0655717066,310.62,1410,1593,95,81,74195,54
2026/07/21 11:33:44.761,0,GPU-03a84180-d660-dbdc-17f4-0e0655717066,310.35,1410,1593,95,81,74195,54
2026/07/21 11:33:45.011,0,GPU-03a84180-d660-dbdc-17f4-0e0655717066,307.60,1410,1593,95,81,74195,54
2026/07/21 11:33:45.261,0,GPU-03a84180-d660-dbdc-17f4-0e0655717066,315.48,1410,1593,95,81,74195,54
2026/07/21 11:33:45.511,0,GPU-03a84180-d660-dbdc-17f4-0e0655717066,312.73,1410,1593,95,81,74195,54
2026/07/21 11:33:45.761,0,GPU-03a84180-d660-dbdc-17f4-0e0655717066,309.43,1410,1593,95,81,74195,54
2026/07/21 11:33:46.011,0,GPU-03a84180-d660-dbdc-17f4-0e0655717066,305.23,1410,1593,95,81,74195,54
2026/07/21 11:33:46.262,0,GPU-03a84180-d660-dbdc-17f4-0e0655717066,314.56,1410,1593,95,81,74195,54
2026/07/21 11:33:46.512,0,GPU-03a84180-d660-dbdc-17f4-0e0655717066,313.04,1410,1593,96,81,74195,54
2026/07/21 11:33:46.762,0,GPU-03a84180-d660-dbdc-17f4-0e0655717066,311.21,1410,1593,96,81,74195,54
2026/07/21 11:33:47.012,0,GPU-03a84180-d660-dbdc-17f4-0e0655717066,306.14,1410,1593,95,81,74195,54
2026/07/21 11:33:47.262,0,GPU-03a84180-d660-dbdc-17f4-0e0655717066,314.50,1410,1593,95,81,74195,54
2026/07/21 11:33:47.512,0,GPU-03a84180-d660-dbdc-17f4-0e0655717066,312.46,1410,1593,95,81,74195,54
2026/07/21 11:33:47.762,0,GPU-03a84180-d660-dbdc-17f4-0e0655717066,308.84,1410,1593,95,81,74195,54
2026/07/21 11:33:48.012,0,GPU-03a84180-d660-dbdc-17f4-0e0655717066,319.05,1410,1593,95,81,74195,54
2026/07/21 11:33:48.262,0,GPU-03a84180-d660-dbdc-17f4-0e0655717066,314.50,1410,1593,95,81,74195,54
2026/07/21 11:33:48.512,0,GPU-03a84180-d660-dbdc-17f4-0e0655717066,312.40,1410,1593,95,81,74195,54
2026/07/21 11:33:48.762,0,GPU-03a84180-d660-dbdc-17f4-0e0655717066,307.33,1410,1593,95,81,74195,54
2026/07/21 11:33:49.013,0,GPU-03a84180-d660-dbdc-17f4-0e0655717066,316.07,1410,1593,95,81,74195,54
2026/07/21 11:33:49.263,0,GPU-03a84180-d660-dbdc-17f4-0e0655717066,313.97,1410,1593,95,81,74195,54
2026/07/21 11:33:49.513,0,GPU-03a84180-d660-dbdc-17f4-0e0655717066,458.84,1410,1593,82,70,74195,58
2026/07/21 11:33:49.763,0,GPU-03a84180-d660-dbdc-17f4-0e0655717066,314.83,1410,1593,95,81,74195,55
2026/07/21 11:33:50.013,0,GPU-03a84180-d660-dbdc-17f4-0e0655717066,318.71,1410,1593,95,81,74195,55
2026/07/21 11:33:50.263,0,GPU-03a84180-d660-dbdc-17f4-0e0655717066,316.35,1410,1593,95,81,74195,54
2026/07/21 11:33:50.513,0,GPU-03a84180-d660-dbdc-17f4-0e0655717066,311.54,1410,1593,95,81,74195,54
2026/07/21 11:33:50.763,0,GPU-03a84180-d660-dbdc-17f4-0e0655717066,319.37,1410,1593,95,81,74195,54
2026/07/21 11:33:51.013,0,GPU-03a84180-d660-dbdc-17f4-0e0655717066,317.86,1410,1593,95,81,74195,54
2026/07/21 11:33:51.263,0,GPU-03a84180-d660-dbdc-17f4-0e0655717066,311.80,1410,1593,95,81,74195,54
2026/07/21 11:33:51.513,0,GPU-03a84180-d660-dbdc-17f4-0e0655717066,322.65,1410,1593,95,81,74195,54
2026/07/21 11:33:51.763,0,GPU-03a84180-d660-dbdc-17f4-0e0655717066,318.71,1410,1593,95,81,74195,54
2026/07/21 11:33:52.014,0,GPU-03a84180-d660-dbdc-17f4-0e0655717066,314.24,1410,1593,95,81,74195,54
2026/07/21 11:33:52.264,0,GPU-03a84180-d660-dbdc-17f4-0e0655717066,310.62,1410,1593,95,81,74195,54
2026/07/21 11:33:52.514,0,GPU-03a84180-d660-dbdc-17f4-0e0655717066,319.36,1410,1593,95,81,74195,54
2026/07/21 11:33:52.764,0,GPU-03a84180-d660-dbdc-17f4-0e0655717066,316.07,1410,1593,95,81,74195,54
2026/07/21 11:33:53.014,0,GPU-03a84180-d660-dbdc-17f4-0e0655717066,314.23,1410,1593,95,81,74195,54
2026/07/21 11:33:53.264,0,GPU-03a84180-d660-dbdc-17f4-0e0655717066,322.06,1410,1593,95,81,74195,54
2026/07/21 11:33:53.514,0,GPU-03a84180-d660-dbdc-17f4-0e0655717066,316.61,1410,1593,95,81,74195,54
2026/07/21 11:33:53.764,0,GPU-03a84180-d660-dbdc-17f4-0e0655717066,312.13,1410,1593,95,81,74195,54
2026/07/21 11:33:54.014,0,GPU-03a84180-d660-dbdc-17f4-0e0655717066,320.23,1410,1593,95,81,74195,54
2026/07/21 11:33:54.264,0,GPU-03a84180-d660-dbdc-17f4-0e0655717066,316.94,1410,1593,95,81,74195,54
2026/07/21 11:33:54.514,0,GPU-03a84180-d660-dbdc-17f4-0e0655717066,313.37,1410,1593,95,81,74195,54
2026/07/21 11:33:54.764,0,GPU-03a84180-d660-dbdc-17f4-0e0655717066,310.94,1410,1593,95,81,74195,54
2026/07/21 11:33:55.015,0,GPU-03a84180-d660-dbdc-17f4-0e0655717066,318.44,1410,1593,95,81,74195,54
2026/07/21 11:33:55.265,0,GPU-03a84180-d660-dbdc-17f4-0e0655717066,316.93,1410,1593,95,81,74195,54
2026/07/21 11:33:55.515,0,GPU-03a84180-d660-dbdc-17f4-0e0655717066,310.95,1410,1593,95,81,74195,54
2026/07/21 11:33:55.765,0,GPU-03a84180-d660-dbdc-17f4-0e0655717066,319.96,1410,1593,95,81,74195,55
2026/07/21 11:33:56.015,0,GPU-03a84180-d660-dbdc-17f4-0e0655717066,318.77,1410,1593,96,81,74195,54
2026/07/21 11:33:56.265,0,GPU-03a84180-d660-dbdc-17f4-0e0655717066,311.86,1410,1593,95,81,74195,55
2026/07/21 11:33:56.515,0,GPU-03a84180-d660-dbdc-17f4-0e0655717066,310.94,1410,1593,95,81,74195,54
2026/07/21 11:33:56.765,0,GPU-03a84180-d660-dbdc-17f4-0e0655717066,318.45,1410,1593,95,81,74195,54
2026/07/21 11:33:57.015,0,GPU-03a84180-d660-dbdc-17f4-0e0655717066,312.73,1410,1593,95,81,74195,54
2026/07/21 11:33:57.265,0,GPU-03a84180-d660-dbdc-17f4-0e0655717066,313.04,1410,1593,95,81,74195,54
2026/07/21 11:33:57.515,0,GPU-03a84180-d660-dbdc-17f4-0e0655717066,317.85,1410,1593,95,81,74195,55
