{"_wandb":{"runtime":50},"train_loss":1.4283089339733124,"epoch":500,"val_ece":0.0877958607700127,"val_transition_mae":107.86319986888505,"val_tolerance_power_acc":0.2997265892002734,"_timestamp":1.7616102770070875e+09,"val_f1":0.22916638323249064,"val_autocorr_r2":0.7127216890317607,"_step":499,"lr":0,"val_loss":1.570244550704956,"_runtime":50,"val_boundary_f1":0.024221452889848064,"val_acc":0.2997265892002734,"val_balanced_acc":0.34020317164367264}