{"lr":0,"val_loss":1.3765326738357544,"val_f1":0.39955533177742897,"val_ece":0.08501156937421822,"_step":499,"val_balanced_acc":0.4693777574874051,"val_boundary_f1":0.05422993443359716,"val_transition_mae":321.4664104944648,"_wandb":{"runtime":60},"_runtime":60,"epoch":500,"val_tolerance_power_acc":0.5752439024390243,"_timestamp":1.7616118780379515e+09,"val_autocorr_r2":0.9519964578159774,"train_loss":1.346579760313034,"val_acc":0.5752439024390243}