{
  "active_mean": 0.0,
  "active_std": 1e-06,
  "config_id": "deepseek-r1-distill-8b_H100_tp1",
  "dt": 0.25,
  "power_max": 506.63,
  "power_mean": 263.93960246609635,
  "power_min": 69.29,
  "power_std": 168.73409724605747,
  "t_arrive_log_mean": 0.0,
  "t_arrive_log_std": 1e-06
}