{
  "active_mean": 0.0,
  "active_std": 1e-06,
  "config_id": "deepseek-r1-distill-70b_H100_tp4",
  "dt": 0.25,
  "power_max": 2283.1099999999997,
  "power_mean": 1440.416587506858,
  "power_min": 280.14,
  "power_std": 593.1128936558911,
  "t_arrive_log_mean": 0.0,
  "t_arrive_log_std": 1e-06
}