{
  "active_mean": 0.0,
  "active_std": 1e-06,
  "config_id": "deepseek-r1-distill-8b_H100_tp4",
  "dt": 0.25,
  "power_max": 1362.87,
  "power_mean": 797.5821609641984,
  "power_min": 279.33,
  "power_std": 357.8578432306173,
  "t_arrive_log_mean": 0.0,
  "t_arrive_log_std": 1e-06
}