{
  "active_mean": 0.0,
  "active_std": 1e-06,
  "config_id": "gpt-oss-120b_A100_tp4",
  "dt": 0.25,
  "power_max": 1299.59,
  "power_mean": 523.983161397884,
  "power_min": 228.41,
  "power_std": 262.4996831647111,
  "t_arrive_log_mean": 0.0,
  "t_arrive_log_std": 1e-06
}