{
  "active_mean": 0.0,
  "active_std": 1e-06,
  "config_id": "llama-3-405b_H100_tp8",
  "dt": 0.25099992752075195,
  "power_max": 5169.43,
  "power_mean": 3324.9897406423925,
  "power_min": 973.3299999999999,
  "power_std": 939.4396351374468,
  "t_arrive_log_mean": 0.0,
  "t_arrive_log_std": 1e-06
}