{
  "active_mean": 1.4729125032583197,
  "active_std": 1.7697128054256233,
  "config_id": "llama-3-8b_A100_tp8",
  "dt": 0.500999927520752,
  "power_max": 1601.7,
  "power_mean": 997.5563124511253,
  "power_min": 548.59,
  "power_std": 356.2376639848138,
  "t_arrive_log_mean": 0.21951330226133312,
  "t_arrive_log_std": 0.37407055710866616
}