{
  "active_mean": 0.0,
  "active_std": 1e-06,
  "config_id": "llama-3-8b_H100_tp4",
  "dt": 0.25,
  "power_max": 1390.06,
  "power_mean": 826.1523831176556,
  "power_min": 285.03,
  "power_std": 364.5226883657407,
  "t_arrive_log_mean": 0.0,
  "t_arrive_log_std": 1e-06
}