{
  "active_mean": 0.0,
  "active_std": 1e-06,
  "config_id": "llama-3-70b_H100_tp4",
  "dt": 0.25,
  "power_max": 2309.48,
  "power_mean": 1431.0725033474446,
  "power_min": 279.88,
  "power_std": 610.057309864991,
  "t_arrive_log_mean": 0.0,
  "t_arrive_log_std": 1e-06
}