{
  "active_mean": 0.0,
  "active_std": 1e-06,
  "config_id": "llama-3-8b_H100_tp2",
  "dt": 0.25,
  "power_max": 835.8299999999999,
  "power_mean": 454.4860423179519,
  "power_min": 141.12,
  "power_std": 256.073790169984,
  "t_arrive_log_mean": 0.0,
  "t_arrive_log_std": 1e-06
}