{"_wandb":{"runtime":60},"val_loss":2.6975059509277344,"_timestamp":1.7610068515007052e+09,"val_acc":0.26201040391676866,"val_transition_mae":249.6591796875,"train_loss":1.6126310229301453,"epoch":500,"val_f1":0.16587124188339325,"_runtime":60,"val_autocorr_r2":0.14212441444396973,"_step":499,"lr":0}