{"_runtime":51,"val_f1":0.38936606060699264,"_step":499,"_timestamp":1.7616114112029788e+09,"val_acc":0.49665103817816475,"lr":0,"val_balanced_acc":0.4697285289956506,"_wandb":{"runtime":51},"epoch":500,"train_loss":1.2450152933597565,"val_loss":1.4382209777832031,"val_transition_mae":138.73950667184465,"val_tolerance_power_acc":0.49665103817816475,"val_autocorr_r2":0.26465907693163127,"val_ece":0.05774781526093185,"val_boundary_f1":0.014953270639797374}