{
  "config_id": "deepseek-r1-distill-8b_H100_tp8",
  "gmm_means": [
    946.9522194954284,
    1011.2049028883181,
    1130.723120982607,
    1245.8035396202074,
    1361.1806357801643,
    1482.1398249509334,
    1604.9730555411984,
    1723.0856452113883,
    1838.4736053790411,
    1958.3905535901508,
    2050.9660891876883,
    2084.2244698109976
  ],
  "min_run_length": 5,
  "num_ar1_states": 7,
  "num_iid_states": 5,
  "phi": [
    0.9432646076259993,
    0.5442909754823979,
    0.0,
    0.0,
    0.0,
    0.0,
    0.0,
    0.4765618911246106,
    0.9463928857999877,
    0.3959559092610654,
    0.5978763836162867,
    0.7697027016289653
  ],
  "phi_above_threshold": [
    true,
    true,
    false,
    false,
    false,
    false,
    false,
    true,
    true,
    true,
    true,
    true
  ],
  "phi_threshold": 0.3,
  "sigma_innov": [
    1.908187223372897,
    31.86030931712625,
    41.50901080716518,
    42.94549310309134,
    44.85269360021192,
    45.67671794760975,
    49.1682424966496,
    39.845178268611534,
    13.997712345667523,
    41.885216740849785,
    11.744333565635824,
    9.067094182213062
  ],
  "sigma_marginal": [
    5.746825124131184,
    37.97883219320481,
    41.50901080716518,
    42.94549310309134,
    44.85269360021192,
    45.67671794760975,
    49.1682424966496,
    45.32285688131504,
    43.33418128538843,
    45.61320578071355,
    14.651328265271857,
    14.202786161140484
  ]
}