{
  "config_id": "deepseek-r1-distill-8b_A100_tp8",
  "gmm_means": [
    552.9395695866781,
    565.2341658548875,
    626.1186104151483,
    688.0572554536316,
    745.8831234278606,
    863.2472951969844,
    967.5685689654589,
    1088.2982466900555,
    1278.8623895430383,
    1325.461958587916,
    1342.877653746716,
    1371.601824084951
  ],
  "min_run_length": 5,
  "num_ar1_states": 7,
  "num_iid_states": 5,
  "phi": [
    0.94691365838222,
    0.840863366247591,
    0.8273453213288257,
    0.8417733918376754,
    0.0,
    0.0,
    0.0,
    0.0,
    0.0,
    0.6929586066002472,
    0.4567095970649599,
    0.681744702316922
  ],
  "phi_above_threshold": [
    true,
    true,
    true,
    true,
    false,
    false,
    false,
    false,
    false,
    true,
    true,
    true
  ],
  "phi_threshold": 0.3,
  "sigma_innov": [
    0.9054193310181677,
    3.721175652227493,
    15.764974165535612,
    4.097645227531912,
    40.53932911775416,
    37.655199161809385,
    44.53739754002271,
    40.17326815890889,
    100.79077895491676,
    6.576235577904209,
    8.855677379286078,
    10.385253312503615
  ],
  "sigma_marginal": [
    2.8163395751552565,
    6.875183744872056,
    28.066856540609372,
    7.590606853676839,
    40.53932911775416,
    37.655199161809385,
    44.53739754002271,
    40.17326815890889,
    100.79077895491676,
    9.121278755949003,
    9.954496058367095,
    14.195452445071632
  ]
}