{
  "config_id": "deepseek-r1-distill-70b_A100_tp4",
  "gmm_means": [
    249.1304036233335,
    284.7764248740077,
    359.9281618138256,
    491.35297072300125,
    731.4584124515238,
    910.3508437399221,
    976.1923463389537,
    1207.920738014657,
    1225.357624339375,
    1287.490217143036,
    1428.5600206459635,
    1582.6828120749528
  ],
  "min_run_length": 5,
  "num_ar1_states": 4,
  "num_iid_states": 8,
  "phi": [
    0.0,
    0.2804266514504564,
    0.3677966186563449,
    0.0,
    0.0,
    0.0,
    0.0,
    0.7415152174107746,
    0.48061703471015266,
    0.3580847163934404,
    0.0,
    0.0
  ],
  "phi_above_threshold": [
    false,
    false,
    true,
    false,
    false,
    false,
    false,
    true,
    true,
    true,
    false,
    false
  ],
  "phi_threshold": 0.3,
  "sigma_innov": [
    0.516888666898236,
    9.510371699112838,
    12.996933315321408,
    6.154277499208143,
    9.429843411020185,
    248.12971438155185,
    13.873738463823639,
    11.81352046054021,
    11.426174115242297,
    42.92659725712493,
    51.07373587520013,
    51.059057221210985
  ],
  "sigma_marginal": [
    0.516888666898236,
    9.907922562971775,
    13.976605936080771,
    6.154277499208143,
    9.429843411020185,
    248.12971438155185,
    13.873738463823639,
    17.60752082345268,
    13.029735989334409,
    45.975257981079004,
    51.07373587520013,
    51.059057221210985
  ]
}