{
  "config_id": "deepseek-r1-distill-8b_H100_tp1",
  "gmm_means": [
    71.30638680840553,
    119.73303248576374,
    142.17897327961015,
    177.77518252566517,
    218.38738135927449,
    263.87644742557734,
    306.8066635529615,
    350.92242142572746,
    401.4540361245466,
    438.4167520011684,
    452.2312939942746,
    469.17965102105427
  ],
  "min_run_length": 5,
  "num_ar1_states": 8,
  "num_iid_states": 4,
  "phi": [
    0.5788454983909767,
    0.9736014021017801,
    0.763765630597207,
    0.8603055687860341,
    0.0,
    0.42443112936691435,
    0.0,
    0.0,
    0.2206133998407531,
    0.8112100149244046,
    0.7024095711525058,
    0.8174628256835241
  ],
  "phi_above_threshold": [
    true,
    true,
    true,
    true,
    false,
    true,
    false,
    false,
    false,
    true,
    true,
    true
  ],
  "phi_threshold": 0.3,
  "sigma_innov": [
    0.5455684255625779,
    0.37451220785568595,
    8.595376263598647,
    6.259481493117866,
    15.446548396160388,
    14.593095496703556,
    16.3670604230867,
    16.210065276522702,
    17.339927085544996,
    2.980753325502094,
    4.453575397135019,
    5.285959851052401
  ],
  "sigma_marginal": [
    0.6690501735630574,
    1.6407628939912968,
    13.315973235961433,
    12.278821042899697,
    15.446548396160388,
    16.116771468491837,
    16.3670604230867,
    16.210065276522702,
    17.77795214759757,
    5.097440388063656,
    6.257016545254479,
    9.177310596717673
  ]
}