{
  "config_id": "llama-3-8b_A100_tp8",
  "gmm_means": [
    555.993704159641,
    604.8370995891291,
    672.9611760456252,
    730.8286691850819,
    861.0025698073805,
    965.9758527145491,
    1097.3209725734478,
    1248.7473278033187,
    1306.649748341723,
    1329.3534832693988,
    1345.084486335449,
    1370.0230058637312
  ],
  "min_run_length": 5,
  "num_ar1_states": 7,
  "num_iid_states": 5,
  "phi": [
    0.8146418780297895,
    0.9019642124303406,
    0.8681113100848595,
    0.0,
    0.0,
    0.0,
    0.0,
    0.0,
    0.597416054886509,
    0.36304099582699956,
    0.6871370281463206,
    0.5926013622490804
  ],
  "phi_above_threshold": [
    true,
    true,
    true,
    false,
    false,
    false,
    false,
    false,
    true,
    true,
    true,
    true
  ],
  "phi_threshold": 0.3,
  "sigma_innov": [
    2.824494963821436,
    14.49591401981077,
    3.2987082410546407,
    47.354163633297304,
    39.99627865383743,
    39.687839762904325,
    45.593290302043954,
    48.36121796129891,
    6.051693042305371,
    7.715415746060268,
    7.307721573638503,
    46.69468600324649
  ],
  "sigma_marginal": [
    4.870118513244538,
    33.570059645132226,
    6.645669715595784,
    47.354163633297304,
    39.99627865383743,
    39.687839762904325,
    45.593290302043954,
    48.36121796129891,
    7.5463969021365,
    8.280358371126948,
    10.058419176376775,
    57.97011096315118
  ]
}