{
  "config_id": "llama-3-8b_H100_tp2",
  "gmm_means": [
    143.94434939115126,
    189.79392141673821,
    238.80000704630575,
    285.0093419972792,
    387.0202294940954,
    459.20002090076645,
    528.9844499184798,
    602.0452881887735,
    685.0763485667853,
    756.2348582630319,
    777.2586767748021,
    797.1515504479163
  ],
  "min_run_length": 5,
  "num_ar1_states": 8,
  "num_iid_states": 4,
  "phi": [
    0.14595840297190799,
    0.0,
    0.9669332280758538,
    0.3083361508579945,
    0.0,
    0.0,
    0.99,
    0.5559035687417206,
    0.4602383364596529,
    0.7681669810129039,
    0.7645857014859795,
    0.9234156376145513
  ],
  "phi_above_threshold": [
    false,
    false,
    true,
    true,
    false,
    false,
    true,
    true,
    true,
    true,
    true,
    true
  ],
  "phi_threshold": 0.3,
  "sigma_innov": [
    1.768906722848482,
    1.0521126926505686,
    0.48568239753978115,
    38.29885270114726,
    30.379528851461256,
    15.312330169207126,
    3.6887086069572392,
    24.072059268510007,
    31.612276965064325,
    5.818055845601748,
    5.424319271614498,
    4.16035585695698
  ],
  "sigma_marginal": [
    1.7880554954140047,
    1.0521126926505686,
    1.9044152707924793,
    40.26044351309902,
    30.379528851461256,
    15.312330169207126,
    26.14856202224466,
    28.958980198474354,
    35.60761515226978,
    9.087168939466116,
    8.416033340876677,
    10.839864610899603
  ]
}