{
  "config_id": "llama-3-70b_H100_tp8",
  "gmm_means": [
    960.4173863543299,
    1103.423975704135,
    1447.7173575215306,
    1717.1722879002061,
    2013.079812186499,
    2311.2525728611436,
    2666.560599532234,
    2923.238968339727,
    2957.728393331012,
    3017.11742868141,
    3071.726967890178,
    3153.39995118475
  ],
  "min_run_length": 5,
  "num_ar1_states": 11,
  "num_iid_states": 1,
  "phi": [
    0.927223490945204,
    0.6676881827706913,
    0.9333780607556141,
    0.0,
    0.4465424456191676,
    0.38309462303565417,
    0.5338387988013278,
    0.9333925364890479,
    0.8237408335439306,
    0.7226572509791673,
    0.6755981360664739,
    0.7408399276855302
  ],
  "phi_above_threshold": [
    true,
    true,
    true,
    false,
    true,
    true,
    true,
    true,
    true,
    true,
    true,
    true
  ],
  "phi_threshold": 0.3,
  "sigma_innov": [
    4.031559674712014,
    79.34975116911532,
    38.46445471268341,
    113.00780313669507,
    100.44109762761985,
    107.16699250579569,
    124.4245594989131,
    10.635688597791827,
    12.012945884718633,
    13.362818025841719,
    24.730909770044505,
    43.24508823197892
  ],
  "sigma_marginal": [
    10.764935759648404,
    106.58970269164504,
    107.17476798630511,
    113.00780313669507,
    112.25448439575649,
    116.01811866921472,
    147.1459083296355,
    29.63767603402804,
    21.18810437591589,
    19.33259745016115,
    33.54389486455474,
    64.3833131728977
  ]
}