{
  "config_id": "llama-3-8b_A100_tp4",
  "gmm_means": [
    254.71477218185763,
    277.59074418603666,
    285.08776807024236,
    341.51901709400147,
    400.6157161278195,
    401.3797259576582,
    553.6666177810378,
    697.2944760047322,
    699.7513894977556,
    820.9022879610221,
    832.4878382416035,
    855.5811822394517
  ],
  "min_run_length": 5,
  "num_ar1_states": 5,
  "num_iid_states": 7,
  "phi": [
    0.0,
    0.9432220691061616,
    0.28209036909759594,
    0.7490726371640274,
    0.0,
    0.0,
    0.0,
    0.0,
    0.0,
    0.943789674797255,
    0.6170755284100056,
    0.6227645235445105
  ],
  "phi_above_threshold": [
    false,
    true,
    false,
    true,
    false,
    false,
    false,
    false,
    false,
    true,
    true,
    true
  ],
  "phi_threshold": 0.3,
  "sigma_innov": [
    0.7157812854317422,
    0.49155154583705923,
    17.51469372848035,
    4.199624290792112,
    4.735861036466557,
    63.58137304024604,
    9.618745053077113,
    14.770053274969396,
    131.3512061329223,
    4.63327578992964,
    6.875801122457418,
    11.121746766984302
  ],
  "sigma_marginal": [
    0.7157812854317422,
    1.479851265524146,
    18.2561139876158,
    6.339171554020287,
    4.735861036466557,
    63.58137304024604,
    9.618745053077113,
    14.770053274969396,
    131.3512061329223,
    14.01701271918553,
    8.73778980627188,
    14.21474213639065
  ]
}