{
  "config_id": "llama-3-405b_H100_tp8",
  "gmm_means": [
    1013.2103823422966,
    1435.6339940581543,
    2156.8987633830434,
    2994.8802610717776,
    3548.294395859558,
    3642.465399792962,
    3790.8374318012643,
    3939.22633314328,
    4139.156602241249,
    4375.124726604745
  ],
  "min_run_length": 5,
  "num_ar1_states": 8,
  "num_iid_states": 2,
  "phi": [
    0.9525692755295299,
    0.0,
    0.620361059848475,
    0.0,
    0.8575739502207258,
    0.8034510029796645,
    0.3686283998933744,
    0.37485777645162993,
    0.320515229647858,
    0.6402089100174865
  ],
  "phi_above_threshold": [
    true,
    false,
    true,
    false,
    true,
    true,
    true,
    true,
    true,
    true
  ],
  "phi_threshold": 0.3,
  "sigma_innov": [
    5.322655914526491,
    254.86179133441138,
    193.8149319359817,
    356.1099891530263,
    19.993610616532855,
    25.853054611535246,
    53.18975163394376,
    65.97231387727062,
    87.78648262875252,
    131.1390131850841
  ],
  "sigma_marginal": [
    17.490220600719287,
    254.86179133441138,
    247.11320759065867,
    356.1099891530263,
    38.87079822951927,
    43.423444849899646,
    57.219316687238155,
    71.16122453245812,
    92.6757432310042,
    170.70927813161302
  ]
}