{
  "config_id": "llama-3-8b_H100_tp1",
  "gmm_means": [
    71.49046488849584,
    119.081574009468,
    142.73029065190653,
    180.89473445163713,
    224.37499931099643,
    271.63814837899264,
    313.81768418073113,
    355.41106071963367,
    400.60415857271335,
    434.80798323571605,
    449.671389467892,
    468.7532567119088
  ],
  "min_run_length": 5,
  "num_ar1_states": 11,
  "num_iid_states": 1,
  "phi": [
    0.2982456967244591,
    0.9803838154343739,
    0.5948916574451114,
    0.6418557150077325,
    0.7266424100720862,
    0.5475476803293557,
    0.533839640275784,
    0.4830564542297864,
    0.937537960689796,
    0.8869031862935386,
    0.7064540238274962,
    0.817836141322976
  ],
  "phi_above_threshold": [
    false,
    true,
    true,
    true,
    true,
    true,
    true,
    true,
    true,
    true,
    true,
    true
  ],
  "phi_threshold": 0.3,
  "sigma_innov": [
    1.1887803980824216,
    0.44803587718595905,
    10.019966383443027,
    11.329327746115327,
    11.499081608361557,
    14.483991598299514,
    13.625264201245736,
    12.828155645686737,
    4.626772981819891,
    3.1773500142394164,
    4.928505496364948,
    4.891807128911435
  ],
  "sigma_marginal": [
    1.2454624755725587,
    2.273164360845127,
    12.465654274269296,
    14.774324498231538,
    16.737723367175597,
    17.309313163924493,
    16.113403533735543,
    14.650883680700145,
    13.299796661380237,
    6.878045828934154,
    6.963536936216567,
    8.50082058547373
  ]
}