{
  "config_id": "llama-3-8b_H100_tp8",
  "gmm_means": [
    959.6075724120045,
    1025.9399635753825,
    1122.5569191390662,
    1236.1626406879416,
    1344.3509239052191,
    1465.9868176508533,
    1575.9880046645171,
    1699.3846196849686,
    1818.822907474125,
    1951.629953333314,
    2057.502654963381,
    2091.081887091631
  ],
  "min_run_length": 5,
  "num_ar1_states": 7,
  "num_iid_states": 5,
  "phi": [
    0.9608122791938368,
    0.45262214883316604,
    0.44541078605133316,
    0.5817174824971764,
    0.0,
    0.0,
    0.0,
    0.19708255561130053,
    0.5927430122867686,
    0.2209151454598215,
    0.614740720143352,
    0.8292963318090658
  ],
  "phi_above_threshold": [
    true,
    true,
    true,
    true,
    false,
    false,
    false,
    false,
    true,
    false,
    true,
    true
  ],
  "phi_threshold": 0.3,
  "sigma_innov": [
    2.200333717668176,
    30.53345631046986,
    33.881968799350595,
    36.16536545220043,
    45.0848568187894,
    43.763559639075766,
    45.92853112704183,
    45.470317933743615,
    36.64210267717146,
    47.85647488445522,
    13.662696084968804,
    9.954757512671593
  ],
  "sigma_marginal": [
    7.937715741914542,
    34.24175590672816,
    37.84315034726372,
    44.46246578351709,
    45.0848568187894,
    43.763559639075766,
    45.92853112704183,
    46.37997316080598,
    45.49600477293941,
    49.068816558970525,
    17.322415640321356,
    17.814237045903102
  ]
}