{"_timestamp":1.7613674422860913e+09,"val_f1":0.4066060393913236,"val_autocorr_r2":0.5944134905720768,"_runtime":52,"_wandb":{"runtime":52},"train_loss":1.4189433455467224,"epoch":500,"lr":0,"val_acc":0.5197588747488279,"_step":499,"val_loss":1.3863879442214966,"val_transition_mae":122.51567694811419}