{"epoch":500,"_timestamp":1.7609420094970002e+09,"_wandb":{"runtime":70},"val_transition_mae":22.523321219338893,"val_autocorr_r2":0.8873928483794679,"train_loss":1.6248885095119476,"lr":0,"_step":499,"val_loss":2.003483533859253,"val_acc":0.3682410007658923,"_runtime":70,"val_f1":0.37203451212521615}