{"val_autocorr_r2":0.7178537359653294,"val_acc":0.604458041958042,"val_ece":0.09196838228105805,"val_boundary_f1":0.06478873196542352,"_step":499,"_runtime":55,"_timestamp":1.7616117100240784e+09,"epoch":500,"train_loss":1.304950088262558,"val_balanced_acc":0.5763608205787231,"val_transition_mae":417.11203533208067,"_wandb":{"runtime":55},"val_tolerance_power_acc":0.604458041958042,"val_f1":0.5012476640457004,"lr":0,"val_loss":1.0613032579421997}