{"val_f1":0.49506212803685146,"_timestamp":1.7609300000534606e+09,"_wandb":{"runtime":438},"_runtime":438,"lr":0.00015986919326496524,"val_transition_mae":0.6207081545064378,"_step":590,"val_loss":1.0085968635976315,"train_loss":0.6215567592045536,"epoch":591,"val_acc":0.7490742645546183,"val_autocorr_r2":0}