{"_runtime":55,"val_transition_mae":97.13298785462825,"val_autocorr_r2":0.9344304616530564,"val_ece":0.10749461190749167,"train_loss":1.3194327056407928,"val_acc":0.5603298611111112,"_timestamp":1.7616773710612047e+09,"epoch":500,"val_f1":0.40993347332696284,"val_boundary_f1":0.09004739287482312,"val_loss":1.2483017444610596,"lr":0,"val_balanced_acc":0.4309505078949407,"_step":499,"_wandb":{"runtime":55},"val_tolerance_power_acc":0.5603298611111112}