{"val_transition_mae":22.676429748535156,"_timestamp":1.7610075789623632e+09,"_step":499,"val_f1":0.2939546930423842,"val_loss":1.7478536367416382,"epoch":500,"val_autocorr_r2":0.5754373073577881,"_wandb":{"runtime":73},"_runtime":73,"val_acc":0.6067398519274956,"train_loss":1.5765352547168732,"lr":0}