{"epoch":102,"_wandb":{"runtime":80},"_step":101,"train_loss":0.7839839516774468,"val_transition_mae":0.8006974248927039,"lr":0.000486053139309113,"val_loss":1.0406243931502104,"val_acc":0.6326887471713639,"_runtime":80,"val_autocorr_r2":0,"_timestamp":1.7609307814136734e+09,"val_f1":0.46846863959151414}