{"val_f1":0.34620163253262465,"val_autocorr_r2":0.9314487484210022,"_step":499,"epoch":500,"train_loss":1.5907905101776123,"val_transition_mae":62.10410239199322,"lr":0,"val_loss":1.5716333389282227,"val_acc":0.5504918981481481,"_wandb":{"runtime":54},"_timestamp":1.7613675160660918e+09,"_runtime":54}