{
  "config_id": "deepseek-r1-distill-70b_A100_tp8",
  "gmm_means": [
    561.7052542442663,
    623.5376153450325,
    706.7507995887162,
    945.7149529242008,
    1781.11212626309,
    2019.897147291235,
    2062.062464100563,
    2092.142784407143,
    2271.9358597057953,
    2732.3358084095894
  ],
  "min_run_length": 5,
  "num_ar1_states": 7,
  "num_iid_states": 3,
  "phi": [
    0.881939154158948,
    0.8484911700029477,
    0.7801985803960094,
    0.0,
    0.0,
    0.5163446046701717,
    0.38929776684732664,
    0.7151371932215691,
    0.5711255844615801,
    0.0
  ],
  "phi_above_threshold": [
    true,
    true,
    true,
    false,
    false,
    true,
    true,
    true,
    true,
    false
  ],
  "phi_threshold": 0.3,
  "sigma_innov": [
    4.036019503727819,
    17.2303987216454,
    9.563749670993776,
    176.30923604613315,
    244.36602765569157,
    13.8718825131698,
    14.849005631388316,
    14.000555981916508,
    124.02947743746758,
    164.63170749252626
  ],
  "sigma_marginal": [
    8.562439622304346,
    32.55874564879833,
    15.288987596674406,
    176.30923604613315,
    244.36602765569157,
    16.198262340451425,
    16.120739090173807,
    20.029862846635055,
    151.09649633443507,
    164.63170749252626
  ]
}