{
  "config_id": "deepseek-r1-distill-70b_H100_tp8",
  "gmm_means": [
    945.1584759726306,
    965.617608040408,
    1166.2791589344117,
    1599.543338606681,
    1956.0326920003877,
    2208.1291724083653,
    2465.064112047792,
    2803.424152714409,
    2945.964338643767,
    3002.5851154042657,
    3021.598578003441,
    3079.366438415198
  ],
  "min_run_length": 5,
  "num_ar1_states": 8,
  "num_iid_states": 4,
  "phi": [
    0.9616693248132582,
    0.6957390073503124,
    0.7198496940189365,
    0.99,
    0.0,
    0.0,
    0.0,
    0.0,
    0.8412977570277386,
    0.835298831995294,
    0.7711830729338531,
    0.7462489403728256
  ],
  "phi_above_threshold": [
    true,
    true,
    true,
    true,
    false,
    false,
    false,
    false,
    true,
    true,
    true,
    true
  ],
  "phi_threshold": 0.3,
  "sigma_innov": [
    1.4388080610020617,
    9.856045808830926,
    93.78438632710173,
    17.65447390327391,
    116.98416204246708,
    114.5080174204636,
    119.81154901580328,
    181.6852510134408,
    15.55721584375902,
    14.579793427891389,
    5.561212021577256,
    46.22524624736914
  ],
  "sigma_marginal": [
    5.247068418622963,
    13.721451952493766,
    135.11069988470166,
    125.14924734341021,
    116.98416204246708,
    114.5080174204636,
    119.81154901580328,
    181.6852510134408,
    28.779174518805206,
    26.518541660226063,
    8.735618350759331,
    69.4420004592743
  ]
}