{
  "config_id": "deepseek-r1-distill-70b_H100_tp4",
  "gmm_means": [
    284.33032082779766,
    447.7625366529636,
    483.64261147431716,
    675.9675290791728,
    864.9443998151795,
    1065.201175383878,
    1408.5629118707734,
    1462.1540133912363,
    1772.419201472286,
    1844.4296008329202,
    1901.291623931911,
    1970.6451563635326
  ],
  "min_run_length": 5,
  "num_ar1_states": 7,
  "num_iid_states": 5,
  "phi": [
    0.0,
    0.6823733967587929,
    0.9664683373796761,
    0.09026623855729818,
    0.0,
    0.0,
    0.5401112094939672,
    0.26967969594876756,
    0.9441254714669195,
    0.9364940059211675,
    0.7318136127772664,
    0.8299422343811763
  ],
  "phi_above_threshold": [
    false,
    true,
    true,
    false,
    false,
    false,
    true,
    false,
    true,
    true,
    true,
    true
  ],
  "phi_threshold": 0.3,
  "sigma_innov": [
    2.3821350752991712,
    48.64646839046261,
    3.223306725717698,
    35.067125824676296,
    72.16992855799398,
    34.97749128634094,
    179.415803511196,
    45.75019431327744,
    9.548652735281886,
    9.036130366930147,
    28.443882490995225,
    35.36089364314081
  ],
  "sigma_marginal": [
    2.3821350752991712,
    66.54749094950623,
    12.552511022461108,
    35.21086819482583,
    72.16992855799398,
    34.97749128634094,
    213.18578424144602,
    47.51045265961651,
    28.971635879520306,
    25.767189427464587,
    41.73687573720383,
    63.38789172117555
  ]
}