{
  "config_id": "gpt-oss-120b_A100_tp8",
  "gmm_means": [
    517.2188287423339,
    622.3853390441384,
    638.1416978292998,
    991.0097145812655,
    1067.984164297766,
    1157.2650687221599,
    1215.1789601568928,
    1265.14104155197,
    1328.5382391537294,
    1399.3696743411838,
    1510.3046207162404,
    1603.1122742605864
  ],
  "min_run_length": 5,
  "num_ar1_states": 9,
  "num_iid_states": 3,
  "phi": [
    0.8934083336105124,
    0.8073812084961515,
    0.8447067625335787,
    0.0,
    0.5771748084634567,
    0.6045452228473635,
    0.3188674861750715,
    0.06635928185323837,
    0.2453756966183507,
    0.3269948653996776,
    0.3832847473452072,
    0.7150922498670623
  ],
  "phi_above_threshold": [
    true,
    true,
    true,
    false,
    true,
    true,
    true,
    false,
    false,
    true,
    true,
    true
  ],
  "phi_threshold": 0.3,
  "sigma_innov": [
    0.6521786092988983,
    36.5151989993409,
    2.062883679203523,
    141.2152478944228,
    5.352900510464299,
    7.223878451545061,
    13.406393609265121,
    9.978321343416606,
    18.8225039996043,
    36.77483840879419,
    41.76463859513778,
    61.86492079628836
  ],
  "sigma_marginal": [
    1.4517197402318218,
    61.88700470837386,
    3.8542048891113754,
    141.2152478944228,
    6.554941628284761,
    9.068720893765173,
    14.144759877875066,
    10.000364210281052,
    19.416091545370204,
    38.914097532010146,
    45.21792078895814,
    88.50108344318633
  ]
}