{
  "config_id": "gpt-oss-20b_A100_tp1",
  "gmm_means": [
    57.21340519239387,
    61.30488704548017,
    67.89874700633959,
    82.73957087891755,
    83.19670049766935,
    174.6048540185927,
    238.1938480114627,
    268.6654234827613,
    288.0999190021405,
    299.23559695121793,
    318.46651532278906,
    330.6715169208825
  ],
  "min_run_length": 5,
  "num_ar1_states": 9,
  "num_iid_states": 3,
  "phi": [
    0.0,
    0.0,
    0.8697947575613183,
    0.99,
    0.8081353337665661,
    0.0,
    0.68238729701947,
    0.5267420754824943,
    0.36249297530991614,
    0.46873422574201373,
    0.40008592109267266,
    0.54296723964843
  ],
  "phi_above_threshold": [
    false,
    false,
    true,
    true,
    true,
    false,
    true,
    true,
    true,
    true,
    true,
    true
  ],
  "phi_threshold": 0.3,
  "sigma_innov": [
    0.6875305114880271,
    0.6466376118574471,
    0.17466063109089325,
    1.96391806935073,
    0.5611548574985779,
    27.37200876756737,
    2.6463311472844855,
    4.189556240730761,
    4.034142276209362,
    5.04573668193036,
    5.766933270077256,
    7.103537991341369
  ],
  "sigma_marginal": [
    0.6875305114880271,
    0.6466376118574471,
    0.3539841535769185,
    13.921846075389892,
    0.9527298204624648,
    27.37200876756737,
    3.6201975181851,
    4.928743758855266,
    4.328541519349464,
    5.712116492058735,
    6.292497545876015,
    8.459071368575662
  ]
}