{
  "config_id": "gpt-oss-120b_A100_tp4",
  "gmm_means": [
    229.75693836858008,
    262.6066773700162,
    324.59963168784543,
    335.94338556802074,
    574.1657364973448,
    680.3817734554273,
    735.1415852710038,
    736.849977991923,
    829.3413105141734,
    870.9336525812723,
    965.7348250184482,
    1064.2702157261172
  ],
  "min_run_length": 5,
  "num_ar1_states": 10,
  "num_iid_states": 2,
  "phi": [
    0.0,
    0.3768999880666985,
    0.8823855917082287,
    0.5699810635648189,
    0.0,
    0.558555544942565,
    0.7737052150704572,
    0.5789806630334584,
    0.40811468619797436,
    0.4429975262147389,
    0.5177591723273127,
    0.8238482959991762
  ],
  "phi_above_threshold": [
    false,
    true,
    true,
    true,
    false,
    true,
    true,
    true,
    true,
    true,
    true,
    true
  ],
  "phi_threshold": 0.3,
  "sigma_innov": [
    0.3031498694412404,
    3.254633293262609,
    1.1582488493100875,
    62.74741623974027,
    47.69601689788323,
    5.555991296775403,
    21.02660054642276,
    6.20488159356011,
    14.760273266804456,
    12.710657928695815,
    36.48241567371126,
    35.61656566154833
  ],
  "sigma_marginal": [
    0.3031498694412404,
    3.5137591122019822,
    2.4615990657956255,
    76.36684525032796,
    47.69601689788323,
    6.698265865634473,
    33.18876331890317,
    7.610164966842068,
    16.168011218078128,
    14.177729163796418,
    42.6432372113718,
    62.83682889538691
  ]
}