{
  "config_id": "llama-3-70b_A100_tp8",
  "gmm_means": [
    541.3362474964358,
    569.76195170439,
    675.0209739024003,
    979.7543436801991,
    1700.7983820085408,
    1926.8950111393253,
    1973.8542373727755,
    2023.4007612507928,
    2084.815661617001,
    2248.020493362264,
    2544.426864420622,
    2843.529438838033
  ],
  "min_run_length": 5,
  "num_ar1_states": 7,
  "num_iid_states": 5,
  "phi": [
    0.881960481025521,
    0.860119497820485,
    0.8099994738683852,
    0.0,
    0.0,
    0.4520813045641011,
    0.44573770979467825,
    0.4390778887062281,
    0.6286731949503671,
    0.0,
    0.0,
    0.0
  ],
  "phi_above_threshold": [
    true,
    true,
    true,
    false,
    false,
    true,
    true,
    true,
    true,
    false,
    false,
    false
  ],
  "phi_threshold": 0.3,
  "sigma_innov": [
    2.4655137095961397,
    4.426207503072442,
    16.267817515949176,
    200.0519214273711,
    192.80115277247012,
    14.081640441870087,
    14.550311683596298,
    17.829727319725958,
    17.637106344555086,
    96.80818514639869,
    112.79576029091042,
    150.6567968069158
  ],
  "sigma_marginal": [
    5.231045005563564,
    8.677262907819125,
    27.740396609667055,
    200.0519214273711,
    192.80115277247012,
    15.78700419475655,
    16.254360065620844,
    19.845007671113958,
    22.67943383637536,
    96.80818514639869,
    112.79576029091042,
    150.6567968069158
  ]
}