{
  "config_id": "llama-3-8b_A100_tp2",
  "gmm_means": [
    126.31790924561844,
    134.99431405337629,
    146.02131439532312,
    165.0394616711671,
    225.27502345364528,
    318.06592519965835,
    395.22064645508243,
    506.7750283711433,
    514.0809435757822,
    559.4535250744445
  ],
  "min_run_length": 5,
  "num_ar1_states": 6,
  "num_iid_states": 4,
  "phi": [
    0.46312893263714594,
    0.9339751391297556,
    0.8098659908180154,
    0.8236545571961921,
    0.0,
    0.0,
    0.0,
    0.5076701316229815,
    0.6887474247479483,
    0.0
  ],
  "phi_above_threshold": [
    true,
    true,
    true,
    true,
    false,
    false,
    false,
    true,
    true,
    false
  ],
  "phi_threshold": 0.3,
  "sigma_innov": [
    1.3522575502457215,
    0.36211006073359886,
    2.6805168190740845,
    1.5511675667120268,
    50.01064437171612,
    3.8793264780150767,
    68.86946737221862,
    4.1941199287359066,
    4.925231594396563,
    69.09508608530896
  ],
  "sigma_marginal": [
    1.5257490767606183,
    1.0133544999795987,
    4.569465724117017,
    2.735302150591557,
    50.01064437171612,
    3.8793264780150767,
    68.86946737221862,
    4.8681010788242505,
    6.793410061952212,
    69.09508608530896
  ]
}