{
  "config_id": "llama-3-8b_H100_tp4",
  "gmm_means": [
    285.7108691530308,
    431.9412855667593,
    483.6347095749699,
    531.5769565346578,
    653.8484675584288,
    784.3687728972342,
    882.4997527813131,
    962.6985651661105,
    1049.7949408931122,
    1181.3710092699728,
    1286.384280666693,
    1317.7518075127734
  ],
  "min_run_length": 5,
  "num_ar1_states": 8,
  "num_iid_states": 4,
  "phi": [
    0.0,
    0.0,
    0.9560413615009692,
    0.596854225553117,
    0.4786281020365255,
    0.25960419635572457,
    0.3635683926735025,
    0.0,
    0.6876171952175235,
    0.4666320688890615,
    0.7491572493663389,
    0.899114155587785
  ],
  "phi_above_threshold": [
    false,
    false,
    true,
    true,
    true,
    false,
    true,
    false,
    true,
    true,
    true,
    true
  ],
  "phi_threshold": 0.3,
  "sigma_innov": [
    0.3886963116838937,
    51.74894571148452,
    0.7209691725809104,
    29.79915460609555,
    42.51806762901242,
    36.63557937552482,
    32.72309517849756,
    33.15614920112771,
    19.37069974028083,
    49.709642845761685,
    10.699467565245403,
    6.998853924557748
  ],
  "sigma_marginal": [
    0.3886963116838937,
    51.74894571148452,
    2.458700117777878,
    37.13985907038626,
    48.4250670775671,
    37.93621870534754,
    35.12691765427238,
    33.15614920112771,
    26.67870706261019,
    56.20391966402649,
    16.152768251398424,
    15.989551315994861
  ]
}