model,num_configs,ks_mean,ks_std,acf_r2_mean,acf_r2_std,nrmse_mean,nrmse_std,p95_error_mean,p95_error_std,p99_error_mean,p99_error_std,energy_error_mean,energy_error_std
deepseek-r1-distill-70b,4,0.12257009743431216,0.03496345218376338,0.9684736551756878,0.014934297062611266,0.3298970115554719,0.17458542125383636,3.3280132625885135,4.726486299983686,10.983980613675694,9.15497426735635,1.030956511468463,0.947414530928619
deepseek-r1-distill-8b,2,0.11944133139646979,0.02053314933911643,0.9173864737519652,0.07538969464432294,0.2562602064149787,0.06698499624370412,0.9380195467583873,0.09529079584694922,1.7663694906006762,0.18815081253406996,0.7520509378384475,0.2922792509130316
llama-3-70b,4,0.1570247838751036,0.058184253541558116,0.9409707607294033,0.030113479674556555,0.24035163661723868,0.04358618329525213,4.95335213964879,4.039036091198532,7.362678776975209,6.031001232489116,1.0101622470956286,0.457564780143735
llama-3-8b,3,0.1261048846644141,0.03498698047118082,0.9992113538731496,0.0005440644360950297,0.10840423997752074,0.032233170846740336,0.9961815561609798,0.5223980492641975,4.162453572172438,3.579776633889111,0.6164842205188564,0.5480775064658073
