{"_step":999,"lr":0,"epoch":1000,"val_loss":0.6504780650138855,"val_autocorr_r2":0.22145173955657083,"_runtime":680,"_wandb":{"runtime":680},"val_transition_mae":99.85202742448799,"val_acc":0.8102756634437358,"_timestamp":1.7609353975263186e+09,"train_loss":0.6004982516169548,"val_f1":0.506835361791147}