{"_wandb":{"runtime":59},"_step":499,"val_autocorr_r2":0.9312303267604141,"lr":0,"epoch":500,"val_f1":0.47773543812480734,"_runtime":59,"val_transition_mae":173.6812876063532,"train_loss":1.5351431667804718,"val_loss":1.3340988159179688,"_timestamp":1.7613678173086288e+09,"val_acc":0.6007317073170731}