{"_timestamp":1.7613661251169574e+09,"_runtime":28,"train_loss":0.8997507691383362,"val_autocorr_r2":0.10348420834917793,"_wandb":{"runtime":28},"val_f1":0.2404692885941744,"_step":221,"val_loss":2.192511558532715,"val_transition_mae":169.43616822879667,"val_acc":0.3976892163429337,"epoch":222,"lr":0.0004606378412870437}