metric,value
ks_statistic,0.18746336524627438
ks_pvalue,0.0
acf_r2,0.9051314369889092
nrmse,0.2540614016065678
p95_error_pct,1.2251399568283017
p99_error_pct,18.437849511321144
energy_error_pct,9.889198944206704
num_samples,22
exceeds_threshold,True
