metric,value
ks_statistic,0.09218466472549264
ks_pvalue,1.0712881437725733e-175
acf_r2,0.9511416783402997
nrmse,0.21301826051467446
p95_error_pct,1.129432878121763
p99_error_pct,16.400710676283794
energy_error_pct,0.27999433303876936
num_samples,18
exceeds_threshold,False
