metric,value
ks_statistic,0.1736906736210454
ks_pvalue,0.0
acf_r2,0.9692260844773168
nrmse,0.21722328732833682
p95_error_pct,11.404897801672178
p99_error_pct,7.805189856549373
energy_error_pct,1.7422963241481353
num_samples,30
exceeds_threshold,False
