metric,value
ks_statistic,0.24504367641473612
ks_pvalue,0.0
acf_r2,0.9432731134003821
nrmse,0.18474129131725833
p95_error_pct,5.342190744290279
p99_error_pct,17.00557006051303
energy_error_pct,0.4814519055087856
num_samples,30
exceeds_threshold,False
