metric,value
ks_statistic,0.16968995409163257
ks_pvalue,0.0
acf_r2,0.9984464644165887
nrmse,0.15397438603685004
p95_error_pct,0.2743772140129502
p99_error_pct,1.2673279329674723
energy_error_pct,1.3589430007860217
num_samples,30
exceeds_threshold,False
