{
  "config_id": "deepseek-r1-distill-8b_H100_tp2",
  "gmm_means": [
    238.45830835725653,
    286.4671735576616,
    355.9630995721163,
    421.7113719898732,
    485.8154780141911,
    547.5413618934701,
    601.8721827542038,
    654.8509079413674,
    710.6545318828425,
    771.4575071009072
  ],
  "min_run_length": 5,
  "num_ar1_states": 7,
  "num_iid_states": 3,
  "phi": [
    0.957461501417994,
    0.5553071188692918,
    0.7621741980985779,
    0.44185788740612236,
    0.0,
    0.0,
    0.859908197364395,
    0.0,
    0.3424254223030859,
    0.8842062013429905
  ],
  "phi_above_threshold": [
    true,
    true,
    true,
    true,
    false,
    false,
    true,
    false,
    true,
    true
  ],
  "phi_threshold": 0.3,
  "sigma_innov": [
    1.3414128768800626,
    20.205485516592766,
    14.678174922306875,
    21.585344203724294,
    23.253802579702562,
    20.895744298778133,
    10.179601300100702,
    20.260564071028462,
    18.575628307297123,
    6.044425678675404
  ],
  "sigma_marginal": [
    4.648627829091284,
    24.2957954245262,
    22.673478584998648,
    24.061647142701403,
    23.253802579702562,
    20.895744298778133,
    19.942456455343553,
    20.260564071028462,
    19.770876396421695,
    12.940414178731139
  ]
}