{
  "config_id": "deepseek-r1-distill-8b_H100_tp8",
  "gmm_means": [
    945.4325859891002,
    1021.084194108783,
    1179.9475099672682,
    1329.8227459915847,
    1487.2781227370992,
    1641.8164576881313,
    1781.1714674578916,
    1935.490391627745,
    2052.575680181716,
    2085.8555741673586
  ],
  "min_run_length": 5,
  "num_ar1_states": 7,
  "num_iid_states": 3,
  "phi": [
    0.9535495964117131,
    0.553921597228061,
    0.28754509157743924,
    0.0,
    0.582003040385415,
    0.47926083185522755,
    0.2800745081165883,
    0.37218361054526816,
    0.6708713599640794,
    0.8151902220309479
  ],
  "phi_above_threshold": [
    true,
    true,
    false,
    false,
    true,
    true,
    false,
    true,
    true,
    true
  ],
  "phi_threshold": 0.3,
  "sigma_innov": [
    1.7643919834665776,
    39.173480437507344,
    53.63135162150969,
    55.5999241235424,
    47.24889299832856,
    50.04778941302726,
    53.26303774107542,
    53.5348471556658,
    11.6579672349981,
    8.401355627679273
  ],
  "sigma_marginal": [
    5.857173775967343,
    47.05134136161363,
    55.996234939980184,
    55.5999241235424,
    58.10338300959447,
    57.023306740607396,
    55.483587144387236,
    57.67852273759073,
    15.720577114643453,
    14.505270240381027
  ]
}