{
  "config_id": "deepseek-r1-distill-70b_H100_tp4",
  "gmm_means": [
    485.19293556262954,
    702.4365875905581,
    1142.8576418979997,
    1511.4875141994144,
    1764.4446640088706,
    1817.5684173342715,
    1862.1483144085073,
    1921.878421305704,
    1980.6907001716615,
    2052.278283388198
  ],
  "min_run_length": 5,
  "num_ar1_states": 9,
  "num_iid_states": 1,
  "phi": [
    0.8938478740438798,
    0.626623764436488,
    0.0,
    0.43181462441788865,
    0.9106761593256377,
    0.8808579367848743,
    0.8234353874391511,
    0.4432710980717942,
    0.4015558219473895,
    0.6365729536043158
  ],
  "phi_above_threshold": [
    true,
    true,
    false,
    true,
    true,
    true,
    true,
    true,
    true,
    true
  ],
  "phi_threshold": 0.3,
  "sigma_innov": [
    6.079693275986624,
    123.5134091814741,
    123.65407238972182,
    114.84935326599103,
    9.423963293997025,
    9.181962593737152,
    10.940957772864236,
    20.586058563770514,
    24.925570276225262,
    35.859264071105926
  ],
  "sigma_marginal": [
    13.559534356991493,
    158.48830338504888,
    123.65407238972182,
    127.33275372810343,
    22.811631608330455,
    19.39657114958928,
    19.282277092242655,
    22.965577067574845,
    27.216237138870902,
    46.49701416824846
  ]
}