{
  "config_id": "gpt-oss-120b_A100_tp4",
  "gmm_means": [
    279.99264455129895,
    342.0419959311039,
    357.7496711359604,
    684.7365122230939,
    749.5718599941221,
    938.8512789526421,
    1070.969095281699,
    1194.091733371408,
    1280.5634608180344,
    1424.9577854087333
  ],
  "min_run_length": 5,
  "num_ar1_states": 10,
  "num_iid_states": 0,
  "phi": [
    0.9035394970305711,
    0.7835447269878425,
    0.9429170920553606,
    0.8743535007058625,
    0.7988609541300209,
    0.8156478505644248,
    0.8581234960497265,
    0.867953696575968,
    0.8490273635599369,
    0.6626877965846452
  ],
  "phi_above_threshold": [
    true,
    true,
    true,
    true,
    true,
    true,
    true,
    true,
    true,
    true
  ],
  "phi_threshold": 0.3,
  "sigma_innov": [
    0.3856651433288028,
    1.1165164852896268,
    31.14816102406817,
    3.0931661274022244,
    41.34050507857681,
    37.77851091694329,
    30.461262999856118,
    18.751398601958247,
    18.04066376692378,
    41.55687175764641
  ],
  "sigma_marginal": [
    0.9000252248267202,
    1.7969626582001181,
    93.53027951399994,
    6.373856745559969,
    68.72722170390607,
    65.298758306255,
    59.327408699839566,
    37.756131374947934,
    34.14536218218369,
    55.49086141801943
  ]
}