{
  "config_id": "gpt-oss-120b_A100_tp8",
  "gmm_means": [
    517.2139796860096,
    624.8739969149794,
    638.1012034626525,
    987.6878019222326,
    1068.040731267152,
    1156.5085839499413,
    1223.9924522274516,
    1341.3145529987212,
    1479.3405271845525,
    1579.7367910022338
  ],
  "min_run_length": 5,
  "num_ar1_states": 9,
  "num_iid_states": 1,
  "phi": [
    0.9025835126656612,
    0.732080961706232,
    0.8502100988465966,
    0.0,
    0.5574119425309648,
    0.6364436930020482,
    0.41477454605439884,
    0.39852617563964027,
    0.4876313539072574,
    0.7882715810705447
  ],
  "phi_above_threshold": [
    true,
    true,
    true,
    false,
    true,
    true,
    true,
    true,
    true,
    true
  ],
  "phi_threshold": 0.3,
  "sigma_innov": [
    0.6214979008205358,
    44.29779900461314,
    2.0325501245170576,
    133.41728697049143,
    5.425472376362138,
    6.301670925830868,
    30.481228138973595,
    36.93671739597538,
    51.07052577364422,
    60.51795505348466
  ],
  "sigma_marginal": [
    1.4436156077548348,
    65.0273815053923,
    3.8609081842763753,
    133.41728697049143,
    6.534855078533969,
    8.16994900151966,
    33.498644894492536,
    40.273060173592654,
    58.49670374922505,
    98.3508074552063
  ]
}