{
  "config_id": "gpt-oss-20b_A100_tp1",
  "gmm_means": [
    67.8734352743723,
    69.44886919963847,
    83.21075065338168,
    163.26382530501357,
    236.4159215109524,
    239.2843892106614,
    268.46039113275594,
    291.4165380181897,
    315.9831400735472,
    328.6217155173177
  ],
  "min_run_length": 5,
  "num_ar1_states": 10,
  "num_iid_states": 0,
  "phi": [
    0.8448657865923067,
    0.99,
    0.7884274942948231,
    0.9398318604755511,
    0.7822305116481797,
    0.7278888899938158,
    0.49792999173295827,
    0.37078332752478327,
    0.3726747418731363,
    0.5967500970425836
  ],
  "phi_above_threshold": [
    true,
    true,
    true,
    true,
    true,
    true,
    true,
    true,
    true,
    true
  ],
  "phi_threshold": 0.3,
  "sigma_innov": [
    0.17094923473028675,
    0.1946177735988369,
    0.6043790112824174,
    19.396011225895673,
    1.6815508572311835,
    2.4237626192324617,
    3.9313530992465457,
    6.586197662616661,
    7.794355432476749,
    7.065918930447472
  ],
  "sigma_marginal": [
    0.31954422900214385,
    1.379608818647829,
    0.982526087078836,
    56.773685990054084,
    2.6991657479354507,
    3.534752742982878,
    4.533296808475032,
    7.091698162287213,
    8.399433539175687,
    8.80568283600658
  ]
}