{
  "config_id": "gpt-oss-20b_H100_tp1",
  "gmm_means": [
    116.04721557892177,
    245.35088758423893,
    334.9963032179475,
    359.44629309251053,
    410.14793205714477,
    457.3713756014616,
    501.94989619082537,
    534.8428715793805,
    572.9800721897565,
    601.0863088687838
  ],
  "min_run_length": 5,
  "num_ar1_states": 10,
  "num_iid_states": 0,
  "phi": [
    0.958404937877565,
    0.7406555510966046,
    0.837288786760664,
    0.7176208854174654,
    0.760669813268487,
    0.8355214229975223,
    0.9356268863119263,
    0.9469985006897275,
    0.9108252548688436,
    0.9189038492918887
  ],
  "phi_above_threshold": [
    true,
    true,
    true,
    true,
    true,
    true,
    true,
    true,
    true,
    true
  ],
  "phi_threshold": 0.3,
  "sigma_innov": [
    0.2848490623311632,
    56.70768342314516,
    1.5716923683846333,
    6.754460909667258,
    6.077701413468621,
    4.359997804954742,
    4.764693684569404,
    3.6512240920793793,
    4.832498948975956,
    5.553441301926887
  ],
  "sigma_marginal": [
    0.9980278439126069,
    84.40088648476309,
    2.8745514778919126,
    9.698638016764292,
    9.362711927245565,
    7.9350902720269705,
    13.498077104968893,
    11.366103391332611,
    11.70685781165429,
    14.077821639702494
  ]
}