{
  "config_id": "gpt-oss-120b_H100_tp8",
  "gmm_means": [
    985.7026379157778,
    1533.7914429652894,
    1566.4405644174747,
    1965.7269974650333,
    2302.7855251828296,
    2628.7469430784577,
    2892.857991809081,
    3155.788535143102,
    3305.7124373048987,
    3564.974550269514
  ],
  "min_run_length": 5,
  "num_ar1_states": 10,
  "num_iid_states": 0,
  "phi": [
    0.9629940462900789,
    0.9541388137912155,
    0.9272851672288476,
    0.851260921262271,
    0.7835711209233218,
    0.9217866120845447,
    0.9715922303020427,
    0.9664379615114462,
    0.905766054925448,
    0.9822073174528995
  ],
  "phi_above_threshold": [
    true,
    true,
    true,
    true,
    true,
    true,
    true,
    true,
    true,
    true
  ],
  "phi_threshold": 0.3,
  "sigma_innov": [
    1.068864212193416,
    98.21460113817803,
    7.588543926160256,
    24.596665869510495,
    52.736416938598495,
    15.301467098530162,
    18.897612877414446,
    10.695382103044736,
    11.179843878254795,
    16.665676463660294
  ],
  "sigma_marginal": [
    3.9657674548998343,
    328.0769433019709,
    20.27094326101054,
    46.87376961597396,
    84.88047442226886,
    39.467529461808354,
    79.85090265247332,
    41.63245434377271,
    26.381364762513336,
    88.74168972454801
  ]
}