{
  "config_id": "gpt-oss-20b_A100_tp2",
  "gmm_means": [
    137.7110546258842,
    168.71736678227788,
    248.51630521923133,
    402.95777024361456,
    488.64029678527817,
    549.0678902145207,
    591.4191913470751,
    628.7132787684369,
    659.8661468436047,
    694.1471383347748
  ],
  "min_run_length": 5,
  "num_ar1_states": 9,
  "num_iid_states": 1,
  "phi": [
    0.9647464584379452,
    0.8863748487576181,
    0.9437771985047316,
    0.7923475958077673,
    0.7260156303813032,
    0.7488802993068404,
    0.6764550239307493,
    0.5283168038982172,
    0.42008366859169693,
    0.21040845586883278
  ],
  "phi_above_threshold": [
    true,
    true,
    true,
    true,
    true,
    true,
    true,
    true,
    true,
    false
  ],
  "phi_threshold": 0.3,
  "sigma_innov": [
    0.3916083091508445,
    1.1095421164852148,
    24.631859744280643,
    15.905849661267924,
    16.924058618607482,
    11.925128231973728,
    10.363536393300702,
    11.28992953706416,
    12.525344327735183,
    17.177975261451824
  ],
  "sigma_marginal": [
    1.4879805844941412,
    2.3965834517780134,
    74.51054162080419,
    26.07217560550843,
    24.61043357198116,
    17.994617618669043,
    14.071639266287297,
    13.297173486909728,
    13.802254703639214,
    17.5713348130554
  ]
}