{
  "config_id": "gpt-oss-120b_A100_tp4",
  "gmm_means": [
    263.49693584193255,
    297.8509109501023,
    324.70003123607955,
    430.40342302214725,
    589.7364391187506,
    680.7805800450526,
    735.917525646841,
    841.9819278256422,
    966.8069830284604,
    1055.552175104048
  ],
  "min_run_length": 5,
  "num_ar1_states": 8,
  "num_iid_states": 2,
  "phi": [
    0.9741698932398033,
    0.9187327447504221,
    0.861695280122386,
    0.0,
    0.0,
    0.5210644105436247,
    0.3889952275411075,
    0.35167375189104194,
    0.4234962940494791,
    0.8006088665219043
  ],
  "phi_above_threshold": [
    true,
    true,
    true,
    false,
    false,
    true,
    true,
    true,
    true,
    true
  ],
  "phi_threshold": 0.3,
  "sigma_innov": [
    0.5652442900345731,
    5.851470783459724,
    1.3321360716884185,
    77.97941412877519,
    55.10905993861522,
    6.1063758345533845,
    11.34108980272265,
    29.575460389363787,
    32.92697981852496,
    37.37841347759581
  ],
  "sigma_marginal": [
    2.50311510553081,
    14.818355220759864,
    2.6252809597160867,
    77.97941412877519,
    55.10905993861522,
    7.154366315756563,
    12.310681950474747,
    31.59357497151211,
    36.347343504868,
    62.38185007153126
  ]
}