{
  "config_id": "llama-3-8b_H100_tp1",
  "gmm_means": [
    119.09127993184265,
    152.4262188877821,
    199.13191457174528,
    242.9936279377383,
    294.1522225783833,
    347.91884015939496,
    400.2959697711995,
    434.55198059903535,
    448.8345297027007,
    468.17797361080204
  ],
  "min_run_length": 5,
  "num_ar1_states": 9,
  "num_iid_states": 1,
  "phi": [
    0.9678818807288134,
    0.5494924623675166,
    0.99,
    0.0,
    0.890486972733284,
    0.40514298454734515,
    0.8972922341818265,
    0.8657203280749971,
    0.7075004482565002,
    0.7842950262153319
  ],
  "phi_above_threshold": [
    true,
    true,
    true,
    false,
    true,
    true,
    true,
    true,
    true,
    true
  ],
  "phi_threshold": 0.3,
  "sigma_innov": [
    0.5736901021056553,
    14.661141581909954,
    2.468809394796714,
    18.294837962882685,
    8.820251958195392,
    17.183621534355154,
    6.366516770059602,
    3.416738408065822,
    5.03011455028254,
    5.443899027725555
  ],
  "sigma_marginal": [
    2.2819324818079756,
    17.547773614638395,
    17.50092578719394,
    18.294837962882685,
    19.384796877944535,
    18.795251667086784,
    14.42225372751787,
    6.8262678030829695,
    7.117621012849,
    8.77499038597555
  ]
}