{"_step":499,"lr":0,"val_loss":1.6392765045166016,"val_f1":0.35190710438691997,"val_transition_mae":137.69766985319646,"_timestamp":1.7613400619216244e+09,"_wandb":{"runtime":45},"_runtime":45,"val_autocorr_r2":0.8789739456663194,"train_loss":1.3007961809635162,"val_acc":0.36634146341463414,"epoch":500}