{"val_loss":1.9818897247314453,"lr":5.416185526396931e-05,"_wandb":{"runtime":47},"epoch":463,"val_acc":0.36821835231078365,"val_autocorr_r2":0.3779000890076091,"val_transition_mae":113.43607067957923,"train_loss":1.2712560594081879,"val_f1":0.28860588448041014,"_runtime":47,"_timestamp":1.7613662331228335e+09,"_step":462}