{"_step":499,"val_acc":0.6708622685185185,"val_autocorr_r2":0.8855628689228141,"lr":0,"val_tolerance_power_acc":0.7621527777777778,"val_loss":1.540596604347229,"val_f1":0.4222171344428047,"_runtime":55,"val_transition_mae":49.370175912445596,"val_balanced_acc":0.4364577645577817,"train_loss":1.6087294518947601,"val_boundary_f1":0.10263522835685526,"val_ece":0.2872603211801982,"_wandb":{"runtime":55},"_timestamp":1.7616109978915713e+09,"epoch":500}