{"val_acc":0.3384615384615385,"epoch":6,"val_autocorr_r2":0.866695620069087,"lr":0.000225,"_step":5,"val_balanced_acc":0.23451233808563687,"val_transition_mae":145.41291099898413,"_wandb":{"runtime":26},"val_tolerance_power_acc":0.3384615384615385,"val_boundary_f1":0.1803965367799952,"train_loss":1.9115141332149506,"val_ece":0.129640028515511,"_runtime":25.967871,"val_loss":1.7925844192504883,"_timestamp":1.761713478079849e+09,"val_f1":0.19338518829809437}