{"val_acc":0.29924433249370275,"val_transition_mae":1013.277587890625,"_step":499,"lr":0,"_wandb":{"runtime":62},"_timestamp":1.7610078089303768e+09,"_runtime":62,"val_loss":1.7736181020736694,"val_f1":0.16185166015704017,"epoch":500,"val_autocorr_r2":0,"train_loss":1.7794742286205292}