{"val_transition_mae":319.9840242005345,"val_loss":1.4418970346450806,"_wandb":{"runtime":54},"val_tolerance_power_acc":0.38998097653772984,"lr":0,"val_boundary_f1":0.04274809112742615,"_step":499,"_timestamp":1.7616124147154045e+09,"val_balanced_acc":0.4638572241016439,"val_ece":0.08366596925065876,"train_loss":1.2726349830627441,"val_acc":0.38998097653772984,"epoch":500,"val_f1":0.32985694384322595,"val_autocorr_r2":0.7643673388300367,"_runtime":54}