{"_runtime":43,"val_acc":0.5582750582750583,"_step":499,"epoch":500,"_wandb":{"runtime":43},"lr":0,"val_loss":1.1195268630981445,"val_autocorr_r2":0.8778600576571962,"_timestamp":1.7613399950715294e+09,"train_loss":1.2136445045471191,"val_f1":0.44436481200675054,"val_transition_mae":374.44037691856477}