{"val_f1":0.33969300830942273,"_runtime":53,"val_loss":1.6649291515350342,"_timestamp":1.7616123461442568e+09,"val_tolerance_power_acc":0.4297717184527584,"lr":0,"val_autocorr_r2":0.9450562983803441,"val_ece":0.1232578436984015,"epoch":500,"val_balanced_acc":0.4026408482596893,"train_loss":1.3024320006370544,"val_boundary_f1":0.14246068405277604,"val_transition_mae":198.53958459086283,"_wandb":{"runtime":53},"_step":499,"val_acc":0.4297717184527584}