{"epoch":500,"train_loss":1.1017188727855682,"_timestamp":1.7613405923120863e+09,"val_f1":0.4187552368220107,"val_acc":0.459979906229069,"_runtime":44,"_step":499,"val_loss":1.4097154140472412,"val_transition_mae":100.33708019667645,"val_autocorr_r2":0.753276345502633,"_wandb":{"runtime":44},"lr":0}