{
  "artifacts": {
    "checkpoints_dir": "results/continuous_v1_gmm_bigru_gptoss_a100/kauto_max20_f2/checkpoints",
    "gmms_dir": "results/continuous_v1_gmm_bigru_gptoss_a100/kauto_max20_f2/gmms",
    "norm_params_dir": "results/continuous_v1_gmm_bigru_gptoss_a100/kauto_max20_f2/norm_params",
    "run_summary_csv": "results/continuous_v1_gmm_bigru_gptoss_a100/kauto_max20_f2/run_summary.csv",
    "training_curves_dir": "results/continuous_v1_gmm_bigru_gptoss_a100/kauto_max20_f2/training_curves"
  },
  "configs": {
    "gpt-oss-120b_A100_tp4": {
      "auto_k": true,
      "best_epoch": 149,
      "best_val_loss": 2.512247681617737,
      "bic_candidates": {
        "10": {
          "aic": 656675.1845089837,
          "bic": 656933.4652129759
        },
        "12": {
          "aic": 637149.9821415441,
          "bic": 637461.700232569
        },
        "14": {
          "aic": 635656.8478857038,
          "bic": 636022.0033637616
        },
        "16": {
          "aic": 644419.5789293078,
          "bic": 644838.1717943983
        },
        "18": {
          "aic": 635314.4828273136,
          "bic": 635786.5130794371
        },
        "20": {
          "aic": 634097.0704606068,
          "bic": 634622.5380997631
        },
        "6": {
          "aic": 674182.4687265337,
          "bic": 674333.8746564601
        },
        "8": {
          "aic": 661134.408531292,
          "bic": 661339.2518482512
        }
      },
      "checkpoint_path": "results/continuous_v1_gmm_bigru_gptoss_a100/kauto_max20_f2/checkpoints/gpt-oss-120b_A100_tp4_k20_f2_best.pt",
      "config_id": "gpt-oss-120b_A100_tp4",
      "curve_path": "results/continuous_v1_gmm_bigru_gptoss_a100/kauto_max20_f2/training_curves/gpt-oss-120b_A100_tp4_k20_f2.csv",
      "device": "cuda",
      "feature_set": "f2",
      "final_train_loss": 2.583132017226446,
      "final_val_loss": 2.5153875946998596,
      "gmm_aic": 634097.0704606068,
      "gmm_bic": 634622.5380997631,
      "gmm_params_path": "results/continuous_v1_gmm_bigru_gptoss_a100/kauto_max20_f2/gmms/gpt-oss-120b_A100_tp4_k20.json",
      "hidden_dim": 64,
      "input_dim": 2,
      "k": 20,
      "k_selection_reason": "bic_minimum_at_max_k=20_may_need_higher",
      "norm_params_path": "results/continuous_v1_gmm_bigru_gptoss_a100/kauto_max20_f2/norm_params/gpt-oss-120b_A100_tp4.json",
      "num_layers": 1,
      "num_test_traces": 5,
      "num_train_points": 54515,
      "num_train_traces": 21,
      "num_val_traces": 4,
      "reason": "",
      "seed": 42,
      "status": "trained"
    },
    "gpt-oss-120b_A100_tp8": {
      "auto_k": true,
      "best_epoch": 128,
      "best_val_loss": 2.4098106026649475,
      "bic_candidates": {
        "10": {
          "aic": 401840.7161123379,
          "bic": 402086.18750821933
        },
        "12": {
          "aic": 400538.09175933345,
          "bic": 400834.3503405696
        },
        "14": {
          "aic": 400270.96152316005,
          "bic": 400618.007289751
        },
        "16": {
          "aic": 399936.3154649537,
          "bic": 400334.1484168995
        },
        "18": {
          "aic": 399735.1087006097,
          "bic": 400183.7288379102
        },
        "20": {
          "aic": 400064.04282636463,
          "bic": 400563.45014901995
        },
        "6": {
          "aic": 409532.85533263127,
          "bic": 409676.7523578031
        },
        "8": {
          "aic": 403149.366703926,
          "bic": 403344.05091445264
        }
      },
      "checkpoint_path": "results/continuous_v1_gmm_bigru_gptoss_a100/kauto_max20_f2/checkpoints/gpt-oss-120b_A100_tp8_k18_f2_best.pt",
      "config_id": "gpt-oss-120b_A100_tp8",
      "curve_path": "results/continuous_v1_gmm_bigru_gptoss_a100/kauto_max20_f2/training_curves/gpt-oss-120b_A100_tp8_k18_f2.csv",
      "device": "cuda",
      "feature_set": "f2",
      "final_train_loss": 2.4995281242188954,
      "final_val_loss": 2.421008735895157,
      "gmm_aic": 399735.1087006097,
      "gmm_bic": 400183.7288379102,
      "gmm_params_path": "results/continuous_v1_gmm_bigru_gptoss_a100/kauto_max20_f2/gmms/gpt-oss-120b_A100_tp8_k18.json",
      "hidden_dim": 64,
      "input_dim": 2,
      "k": 18,
      "k_selection_reason": "bic_minimum_at_k=18",
      "norm_params_path": "results/continuous_v1_gmm_bigru_gptoss_a100/kauto_max20_f2/norm_params/gpt-oss-120b_A100_tp8.json",
      "num_layers": 1,
      "num_test_traces": 5,
      "num_train_points": 35050,
      "num_train_traces": 21,
      "num_val_traces": 4,
      "reason": "",
      "seed": 42,
      "status": "trained"
    },
    "gpt-oss-20b_A100_tp1": {
      "auto_k": true,
      "best_epoch": 298,
      "best_val_loss": 2.707444190979004,
      "bic_candidates": {
        "10": {
          "aic": 568929.0227915524,
          "bic": 569194.3461704674
        },
        "12": {
          "aic": 551986.7528709595,
          "bic": 552306.9707420638
        },
        "14": {
          "aic": 551655.8233717466,
          "bic": 552030.9357350402
        },
        "16": {
          "aic": 551069.359001498,
          "bic": 551499.3658569809
        },
        "18": {
          "aic": 550270.8720394192,
          "bic": 550755.7733870916
        },
        "20": {
          "aic": 542323.2776066846,
          "bic": 542863.0734465462
        },
        "6": {
          "aic": 598675.6563492352,
          "bic": 598831.1907437716
        },
        "8": {
          "aic": 569046.9422066387,
          "bic": 569257.3710933644
        }
      },
      "checkpoint_path": "results/continuous_v1_gmm_bigru_gptoss_a100/kauto_max20_f2/checkpoints/gpt-oss-20b_A100_tp1_k20_f2_best.pt",
      "config_id": "gpt-oss-20b_A100_tp1",
      "curve_path": "results/continuous_v1_gmm_bigru_gptoss_a100/kauto_max20_f2/training_curves/gpt-oss-20b_A100_tp1_k20_f2.csv",
      "device": "cuda",
      "feature_set": "f2",
      "final_train_loss": 2.554705472219558,
      "final_val_loss": 2.7081077098846436,
      "gmm_aic": 542323.2776066846,
      "gmm_bic": 542863.0734465462,
      "gmm_params_path": "results/continuous_v1_gmm_bigru_gptoss_a100/kauto_max20_f2/gmms/gpt-oss-20b_A100_tp1_k20.json",
      "hidden_dim": 64,
      "input_dim": 2,
      "k": 20,
      "k_selection_reason": "bic_minimum_at_max_k=20_may_need_higher",
      "norm_params_path": "results/continuous_v1_gmm_bigru_gptoss_a100/kauto_max20_f2/norm_params/gpt-oss-20b_A100_tp1.json",
      "num_layers": 1,
      "num_test_traces": 6,
      "num_train_points": 69500,
      "num_train_traces": 21,
      "num_val_traces": 4,
      "reason": "",
      "seed": 42,
      "status": "trained"
    },
    "gpt-oss-20b_A100_tp2": {
      "auto_k": true,
      "best_epoch": 124,
      "best_val_loss": 2.454835534095764,
      "bic_candidates": {
        "10": {
          "aic": 613047.4577218438,
          "bic": 613310.1573013725
        },
        "12": {
          "aic": 612904.739287205,
          "bic": 613221.7905038776
        },
        "14": {
          "aic": 611949.0081193026,
          "bic": 612320.410973119
        },
        "16": {
          "aic": 613036.5021730805,
          "bic": 613462.2566640407
        },
        "18": {
          "aic": 609782.0040918498,
          "bic": 610262.1102199539
        },
        "20": {
          "aic": 606960.460235365,
          "bic": 607494.918000613
        },
        "6": {
          "aic": 680159.3159762421,
          "bic": 680313.312281483
        },
        "8": {
          "aic": 637180.2036506026,
          "bic": 637388.5515929874
        }
      },
      "checkpoint_path": "results/continuous_v1_gmm_bigru_gptoss_a100/kauto_max20_f2/checkpoints/gpt-oss-20b_A100_tp2_k20_f2_best.pt",
      "config_id": "gpt-oss-20b_A100_tp2",
      "curve_path": "results/continuous_v1_gmm_bigru_gptoss_a100/kauto_max20_f2/training_curves/gpt-oss-20b_A100_tp2_k20_f2.csv",
      "device": "cuda",
      "feature_set": "f2",
      "final_train_loss": 2.5097581091381254,