{"val_transition_mae":128.55806315633984,"val_f1":0.3160792885407299,"epoch":500,"val_loss":1.91169011592865,"val_acc":0.43971868720696583,"val_balanced_acc":0.3781454151813643,"_step":499,"_runtime":60,"val_autocorr_r2":0.8769969380916744,"train_loss":1.4134344160556793,"lr":0,"val_tolerance_power_acc":0.43971868720696583,"val_ece":0.10880745720300432,"_timestamp":1.7616771504583786e+09,"_wandb":{"runtime":60},"val_boundary_f1":0.09164420437417631}