{"val_acc":0.7372049854150092,"val_loss":2.217935800552368,"val_transition_mae":491.2980041503906,"_wandb":{"runtime":64},"_step":499,"val_f1":0.19964366015760085,"val_autocorr_r2":0,"_timestamp":1.761007218522162e+09,"train_loss":1.8994792699813843,"_runtime":64,"lr":0,"epoch":500}