{
  "active_mean": 0.0,
  "active_std": 1e-06,
  "config_id": "deepseek-r1-distill-8b_A100_tp1",
  "dt": 0.25,
  "power_max": 450.67,
  "power_mean": 211.36386073635333,
  "power_min": 59.51,
  "power_std": 103.74937380586051,
  "t_arrive_log_mean": 0.0,
  "t_arrive_log_std": 1e-06
}