{
  "active_mean": 0.0,
  "active_std": 1e-06,
  "config_id": "gpt-oss-120b_A100_tp4",
  "dt": 0.25,
  "power_max": 1348.9,
  "power_mean": 558.0505878112276,
  "power_min": 253.86,
  "power_std": 267.6589913154087,
  "t_arrive_log_mean": 0.0,
  "t_arrive_log_std": 1e-06
}