{
  "active_mean": 0.0,
  "active_std": 1e-06,
  "config_id": "llama-3-8b_H100_tp1",
  "dt": 0.25,
  "power_max": 506.71,
  "power_mean": 322.491356469845,
  "power_min": 114.35,
  "power_std": 148.64666585826356,
  "t_arrive_log_mean": 0.0,
  "t_arrive_log_std": 1e-06
}