timestamp,index,uuid,power.draw [W],clocks.sm [MHz],clocks.mem [MHz],utilization.gpu [%],utilization.memory [%],memory.used [MiB],temperature.gpu
2026/07/20 12:37:52.761,0,GPU-e2681f6e-8d94-2d66-484f-43ea602335f9,84.99,1410,1593,0,0,73877,35
2026/07/20 12:37:53.011,0,GPU-e2681f6e-8d94-2d66-484f-43ea602335f9,84.99,1410,1593,0,0,73877,35
2026/07/20 12:37:53.261,0,GPU-e2681f6e-8d94-2d66-484f-43ea602335f9,84.99,1410,1593,0,0,73877,35
2026/07/20 12:37:53.511,0,GPU-e2681f6e-8d94-2d66-484f-43ea602335f9,84.75,1410,1593,0,0,73877,35
2026/07/20 12:37:53.761,0,GPU-e2681f6e-8d94-2d66-484f-43ea602335f9,84.99,1410,1593,0,0,73877,35
2026/07/20 12:37:54.011,0,GPU-e2681f6e-8d94-2d66-484f-43ea602335f9,84.75,1410,1593,0,0,73877,35
2026/07/20 12:37:54.261,0,GPU-e2681f6e-8d94-2d66-484f-43ea602335f9,84.99,1410,1593,0,0,73877,35
2026/07/20 12:37:54.512,0,GPU-e2681f6e-8d94-2d66-484f-43ea602335f9,84.99,1410,1593,0,0,73877,35
2026/07/20 12:37:54.762,0,GPU-e2681f6e-8d94-2d66-484f-43ea602335f9,85.08,1410,1593,0,0,73877,35
2026/07/20 12:37:55.012,0,GPU-e2681f6e-8d94-2d66-484f-43ea602335f9,84.99,1410,1593,0,0,73877,35
2026/07/20 12:37:55.262,0,GPU-e2681f6e-8d94-2d66-484f-43ea602335f9,84.99,1410,1593,0,0,73877,35
2026/07/20 12:37:55.512,0,GPU-e2681f6e-8d94-2d66-484f-43ea602335f9,84.99,1410,1593,0,0,73877,35
2026/07/20 12:37:55.762,0,GPU-e2681f6e-8d94-2d66-484f-43ea602335f9,84.99,1410,1593,0,0,73877,35
2026/07/20 12:37:56.012,0,GPU-e2681f6e-8d94-2d66-484f-43ea602335f9,84.99,1410,1593,0,0,73877,35
2026/07/20 12:37:56.262,0,GPU-e2681f6e-8d94-2d66-484f-43ea602335f9,85.08,1410,1593,0,0,73877,35
2026/07/20 12:37:56.512,0,GPU-e2681f6e-8d94-2d66-484f-43ea602335f9,84.99,1410,1593,0,0,73877,35
2026/07/20 12:37:56.762,0,GPU-e2681f6e-8d94-2d66-484f-43ea602335f9,84.67,1410,1593,0,0,73877,35
2026/07/20 12:37:57.012,0,GPU-e2681f6e-8d94-2d66-484f-43ea602335f9,84.99,1410,1593,0,0,73877,35
2026/07/20 12:37:57.262,0,GPU-e2681f6e-8d94-2d66-484f-43ea602335f9,85.27,1410,1593,0,0,73877,35
2026/07/20 12:37:57.513,0,GPU-e2681f6e-8d94-2d66-484f-43ea602335f9,85.44,1410,1593,0,0,73877,35
2026/07/20 12:37:57.763,0,GPU-e2681f6e-8d94-2d66-484f-43ea602335f9,84.75,1410,1593,0,0,73877,35
2026/07/20 12:37:58.013,0,GPU-e2681f6e-8d94-2d66-484f-43ea602335f9,84.99,1410,1593,0,0,73877,35
2026/07/20 12:37:58.263,0,GPU-e2681f6e-8d94-2d66-484f-43ea602335f9,84.99,1410,1593,0,0,73877,35
2026/07/20 12:37:58.513,0,GPU-e2681f6e-8d94-2d66-484f-43ea602335f9,84.99,1410,1593,0,0,73877,35
2026/07/20 12:37:58.763,0,GPU-e2681f6e-8d94-2d66-484f-43ea602335f9,85.08,1410,1593,0,0,73877,35
2026/07/20 12:37:59.013,0,GPU-e2681f6e-8d94-2d66-484f-43ea602335f9,84.99,1410,1593,0,0,73877,35
2026/07/20 12:37:59.263,0,GPU-e2681f6e-8d94-2d66-484f-43ea602335f9,84.75,1410,1593,0,0,73877,35
2026/07/20 12:37:59.513,0,GPU-e2681f6e-8d94-2d66-484f-43ea602335f9,85.08,1410,1593,0,0,73877,35
2026/07/20 12:37:59.763,0,GPU-e2681f6e-8d94-2d66-484f-43ea602335f9,84.90,1410,1593,0,0,73877,35
2026/07/20 12:38:00.013,0,GPU-e2681f6e-8d94-2d66-484f-43ea602335f9,85.08,1410,1593,0,0,73877,35
2026/07/20 12:38:00.264,0,GPU-e2681f6e-8d94-2d66-484f-43ea602335f9,84.75,1410,1593,0,0,73877,35
2026/07/20 12:38:00.514,0,GPU-e2681f6e-8d94-2d66-484f-43ea602335f9,84.99,1410,1593,0,0,73877,35
2026/07/20 12:38:00.764,0,GPU-e2681f6e-8d94-2d66-484f-43ea602335f9,84.99,1410,1593,0,0,73877,35
2026/07/20 12:38:01.014,0,GPU-e2681f6e-8d94-2d66-484f-43ea602335f9,91.97,1410,1593,0,0,73877,35
2026/07/20 12:38:01.264,0,GPU-e2681f6e-8d94-2d66-484f-43ea602335f9,84.99,1410,1593,0,0,73877,35
2026/07/20 12:38:01.514,0,GPU-e2681f6e-8d94-2d66-484f-43ea602335f9,85.08,1410,1593,0,0,73877,35
2026/07/20 12:38:01.764,0,GPU-e2681f6e-8d94-2d66-484f-43ea602335f9,84.99,1410,1593,0,0,73877,35
2026/07/20 12:38:02.014,0,GPU-e2681f6e-8d94-2d66-484f-43ea602335f9,84.67,1410,1593,0,0,73877,35
2026/07/20 12:38:02.264,0,GPU-e2681f6e-8d94-2d66-484f-43ea602335f9,84.99,1410,1593,0,0,73877,35
2026/07/20 12:38:02.514,0,GPU-e2681f6e-8d94-2d66-484f-43ea602335f9,84.99,1410,1593,0,0,73877,35
2026/07/20 12:38:02.764,0,GPU-e2681f6e-8d94-2d66-484f-43ea602335f9,84.99,1410,1593,0,0,73877,35
2026/07/20 12:38:03.014,0,GPU-e2681f6e-8d94-2d66-484f-43ea602335f9,85.17,1410,1593,0,0,73877,35
2026/07/20 12:38:03.265,0,GPU-e2681f6e-8d94-2d66-484f-43ea602335f9,84.99,1410,1593,0,0,73877,35
2026/07/20 12:38:03.515,0,GPU-e2681f6e-8d94-2d66-484f-43ea602335f9,85.36,1410,1593,0,0,73877,35
2026/07/20 12:38:03.765,0,GPU-e2681f6e-8d94-2d66-484f-43ea602335f9,84.99,1410,1593,0,0,73877,35
2026/07/20 12:38:04.015,0,GPU-e2681f6e-8d94-2d66-484f-43ea602335f9,84.99,1410,1593,0,0,73877,35
2026/07/20 12:38:04.265,0,GPU-e2681f6e-8d94-2d66-484f-43ea602335f9,85.08,1410,1593,0,0,73877,35
2026/07/20 12:38:04.515,0,GPU-e2681f6e-8d94-2d66-484f-43ea602335f9,84.99,1410,1593,0,0,73877,35
2026/07/20 12:38:04.765,0,GPU-e2681f6e-8d94-2d66-484f-43ea602335f9,84.99,1410,1593,0,0,73877,35
2026/07/20 12:38:05.015,0,GPU-e2681f6e-8d94-2d66-484f-43ea602335f9,84.99,1410,1593,0,0,73877,35
2026/07/20 12:38:05.265,0,GPU-e2681f6e-8d94-2d66-484f-43ea602335f9,84.99,1410,1593,0,0,73877,35
2026/07/20 12:38:05.515,0,GPU-e2681f6e-8d94-2d66-484f-43ea602335f9,84.99,1410,1593,0,0,73877,35
2026/07/20 12:38:05.765,0,GPU-e2681f6e-8d94-2d66-484f-43ea602335f9,85.08,1410,1593,0,0,73877,35
2026/07/20 12:38:06.016,0,GPU-e2681f6e-8d94-2d66-484f-43ea602335f9,84.99,1410,1593,0,0,73877,35
2026/07/20 12:38:06.266,0,GPU-e2681f6e-8d94-2d66-484f-43ea602335f9,84.67,1410,1593,0,0,73877,35
2026/07/20 12:38:06.516,0,GPU-e2681f6e-8d94-2d66-484f-43ea602335f9,84.67,1410,1593,0,0,73877,35
2026/07/20 12:38:06.766,0,GPU-e2681f6e-8d94-2d66-484f-43ea602335f9,84.99,1410,1593,0,0,73877,35
2026/07/20 12:38:07.016,0,GPU-e2681f6e-8d94-2d66-484f-43ea602335f9,85.17,1410,1593,0,0,73877,35
2026/07/20 12:38:07.266,0,GPU-e2681f6e-8d94-2d66-484f-43ea602335f9,84.99,1410,1593,0,0,73877,35
2026/07/20 12:38:07.516,0,GPU-e2681f6e-8d94-2d66-484f-43ea602335f9,84.99,1410,1593,0,0,73877,35
2026/07/20 12:38:07.766,0,GPU-e2681f6e-8d94-2d66-484f-43ea602335f9,84.99,1410,1593,0,0,73877,35
2026/07/20 12:38:08.016,0,GPU-e2681f6e-8d94-2d66-484f-43ea602335f9,84.99,1410,1593,0,0,73877,35
2026/07/20 12:38:08.266,0,GPU-e2681f6e-8d94-2d66-484f-43ea602335f9,85.17,1410,1593,0,0,73877,35
2026/07/20 12:38:08.516,0,GPU-e2681f6e-8d94-2d66-484f-43ea602335f9,84.99,1410,1593,0,0,73877,35
2026/07/20 12:38:08.767,0,GPU-e2681f6e-8d94-2d66-484f-43ea602335f9,84.99,1410,1593,0,0,73877,35
2026/07/20 12:38:09.017,0,GPU-e2681f6e-8d94-2d66-484f-43ea602335f9,84.99,1410,1593,0,0,73877,35
2026/07/20 12:38:09.267,0,GPU-e2681f6e-8d94-2d66-484f-43ea602335f9,85.27,1410,1593,0,0,73877,35
2026/07/20 12:38:09.517,0,GPU-e2681f6e-8d94-2d66-484f-43ea602335f9,84.99,1410,1593,0,0,73877,35
2026/07/20 12:38:09.767,0,GPU-e2681f6e-8d94-2d66-484f-43ea602335f9,85.36,1410,1593,0,0,73877,35
2026/07/20 12:38:10.017,0,GPU-e2681f6e-8d94-2d66-484f-43ea602335f9,84.99,1410,1593,0,0,73877,35
2026/07/20 12:38:10.267,0,GPU-e2681f6e-8d94-2d66-484f-43ea602335f9,85.08,1410,1593,0,0,73877,35
2026/07/20 12:38:10.517,0,GPU-e2681f6e-8d94-2d66-484f-43ea602335f9,85.08,1410,1593,0,0,73877,35
2026/07/20 12:38:10.767,0,GPU-e2681f6e-8d94-2d66-484f-43ea602335f9,84.99,1410,1593,0,0,73877,35
2026/07/20 12:38:11.017,0,GPU-e2681f6e-8d94-2d66-484f-43ea602335f9,85.08,1410,1593,0,0,73877,35
2026/07/20 12:38:11.267,0,GPU-e2681f6e-8d94-2d66-484f-43ea602335f9,84.99,1410,1593,0,0,73877,35
2026/07/20 12:38:11.518,0,GPU-e2681f6e-8d94-2d66-484f-43ea602335f9,85.08,1410,1593,0,0,73877,35
2026/07/20 12:38:11.768,0,GPU-e2681f6e-8d94-2d66-484f-43ea602335f9,84.99,1410,1593,0,0,73877,35
2026/07/20 12:38:12.018,0,GPU-e2681f6e-8d94-2d66-484f-43ea602335f9,84.99,1410,1593,0,0,73877,35
2026/07/20 12:38:12.268,0,GPU-e2681f6e-8d94-2d66-484f-43ea602335f9,85.08,1410,1593,0,0,73877,35
2026/07/20 12:38:12.518,0,GPU-e2681f6e-8d94-2d66-484f-43ea602335f9,84.99,1410,1593,0,0,73877,35
2026/07/20 12:38:12.768,0,GPU-e2681f6e-8d94-2d66-484f-43ea602335f9,84.99,1410,1593,0,0,73877,35
2026/07/20 12:38:13.018,0,GPU-e2681f6e-8d94-2d66-484f-43ea602335f9,84.99,1410,1593,0,0,73877,35
2026/07/20 12:38:13.268,0,GPU-e2681f6e-8d94-2d66-484f-43ea602335f9,84.99,1410,1593,0,0,73877,35
2026/07/20 12:38:13.518,0,GPU-e2681f6e-8d94-2d66-484f-43ea602335f9,84.99,1410,1593,0,0,73877,35
2026/07/20 12:38:13.768,0,GPU-e2681f6e-8d94-2d66-484f-43ea602335f9,84.99,1410,1593,0,0,73877,35
2026/07/20 12:38:14.018,0,GPU-e2681f6e-8d94-2d66-484f-43ea602335f9,84.99,1410,1593,0,0,73877,35
2026/07/20 12:38:14.269,0,GPU-e2681f6e-8d94-2d66-484f-43ea602335f9,84.99,1410,1593,0,0,73877,35
2026/07/20 12:38:14.519,0,GPU-e2681f6e-8d94-2d66-484f-43ea602335f9,84.99,1410,1593,0,0,73877,35
2026/07/20 12:38:14.769,0,GPU-e2681f6e-8d94-2d66-484f-43ea602335f9,85.27,1410,1593,0,0,73877,35
2026/07/20 12:38:15.019,0,GPU-e2681f6e-8d94-2d66-484f-43ea602335f9,85.08,1410,1593,0,0,73877,35
2026/07/20 12:38:15.269,0,GPU-e2681f6e-8d94-2d66-484f-43ea602335f9,84.99,1410,1593,0,0,73877,35
2026/07/20 12:38:15.519,0,GPU-e2681f6e-8d94-2d66-484f-43ea602335f9,84.99,1410,1593,0,0,73877,35
2026/07/20 12:38:15.769,0,GPU-e2681f6e-8d94-2d66-484f-43ea602335f9,84.99,1410,1593,0,0,73877,35
2026/07/20 12:38:16.019,0,GPU-e2681f6e-8d94-2d66-484f-43ea602335f9,84.99,1410,1593,0,0,73877,35
2026/07/20 12:38:16.269,0,GPU-e2681f6e-8d94-2d66-484f-43ea602335f9,84.99,1410,1593,0,0,73877,35
2026/07/20 12:38:16.519,0,GPU-e2681f6e-8d94-2d66-484f-43ea602335f9,84.99,1410,1593,0,0,73877,35
2026/07/20 12:38:16.769,0,GPU-e2681f6e-8d94-2d66-484f-43ea602335f9,84.99,1410,1593,0,0,73877,35
2026/07/20 12:38:17.020,0,GPU-e2681f6e-8d94-2d66-484f-43ea602335f9,84.99,1410,1593,0,0,73877,35
2026/07/20 12:38:17.270,0,GPU-e2681f6e-8d94-2d66-484f-43ea602335f9,85.27,1410,1593,0,0,73877,35
2026/07/20 12:38:17.520,0,GPU-e2681f6e-8d94-2d66-484f-43ea602335f9,85.08,1410,1593,0,0,73877,35
2026/07/20 12:38:17.770,0,GPU-e2681f6e-8d94-2d66-484f-43ea602335f9,85.27,1410,1593,0,0,73877,35
2026/07/20 12:38:18.020,0,GPU-e2681f6e-8d94-2d66-484f-43ea602335f9,85.27,1410,1593,0,0,73877,35
2026/07/20 12:38:18.270,0,GPU-e2681f6e-8d94-2d66-484f-43ea602335f9,84.99,1410,1593,0,0,73877,35
2026/07/20 12:38:18.520,0,GPU-e2681f6e-8d94-2d66-484f-43ea602335f9,84.99,1410,1593,0,0,73877,35
2026/07/20 12:38:18.770,0,GPU-e2681f6e-8d94-2d66-484f-43ea602335f9,84.99,1410,1593,0,0,73877,35
2026/07/20 12:38:19.020,0,GPU-e2681f6e-8d94-2d66-484f-43ea602335f9,85.17,1410,1593,0,0,73877,35
2026/07/20 12:38:19.270,0,GPU-e2681f6e-8d94-2d66-484f-43ea602335f9,84.99,1410,1593,0,0,73877,35
2026/07/20 12:38:19.520,0,GPU-e2681f6e-8d94-2d66-484f-43ea602335f9,84.99,1410,1593,0,0,73877,35
2026/07/20 12:38:19.771,0,GPU-e2681f6e-8d94-2d66-484f-43ea602335f9,84.99,1410,1593,0,0,73877,35
2026/07/20 12:38:20.021,0,GPU-e2681f6e-8d94-2d66-484f-43ea602335f9,84.99,1410,1593,0,0,73877,35
2026/07/20 12:38:20.271,0,GPU-e2681f6e-8d94-2d66-484f-43ea602335f9,85.27,1410,1593,0,0,73877,35
2026/07/20 12:38:20.521,0,GPU-e2681f6e-8d94-2d66-484f-43ea602335f9,84.99,1410,1593,0,0,73877,35
2026/07/20 12:38:20.771,0,GPU-e2681f6e-8d94-2d66-484f-43ea602335f9,85.27,1410,1593,0,0,73877,35
2026/07/20 12:38:21.021,0,GPU-e2681f6e-8d94-2d66-484f-43ea602335f9,84.99,1410,1593,0,0,73877,35
2026/07/20 12:38:21.271,0,GPU-e2681f6e-8d94-2d66-484f-43ea602335f9,85.27,1410,1593,0,0,73877,35
2026/07/20 12:38:21.521,0,GPU-e2681f6e-8d94-2d66-484f-43ea602335f9,85.27,1410,1593,0,0,73877,35
2026/07/20 12:38:21.771,0,GPU-e2681f6e-8d94-2d66-484f-43ea602335f9,85.08,1410,1593,0,0,73877,35
2026/07/20 12:38:22.021,0,GPU-e2681f6e-8d94-2d66-484f-43ea602335f9,85.27,1410,1593,0,0,73877,35
2026/07/20 12:38:22.271,0,GPU-e2681f6e-8d94-2d66-484f-43ea602335f9,84.99,1410,1593,0,0,73877,35
2026/07/20 12:38:22.521,0,GPU-e2681f6e-8d94-2d66-484f-43ea602335f9,84.99,1410,1593,0,0,73877,35
2026/07/20 12:38:22.772,0,GPU-e2681f6e-8d94-2d66-484f-43ea602335f9,84.99,1410,1593,0,0,73877,35
2026/07/20 12:38:23.022,0,GPU-e2681f6e-8d94-2d66-484f-43ea602335f9,85.17,1410,1593,0,0,73877,35
2026/07/20 12:38:23.272,0,GPU-e2681f6e-8d94-2d66-484f-43ea602335f9,84.99,1410,1593,0,0,73877,35
2026/07/20 12:38:23.522,0,GPU-e2681f6e-8d94-2d66-484f-43ea602335f9,84.99,1410,1593,0,0,73877,35
2026/07/20 12:38:23.772,0,GPU-e2681f6e-8d94-2d66-484f-43ea602335f9,84.99,1410,1593,0,0,73877,35
2026/07/20 12:38:24.022,0,GPU-e2681f6e-8d94-2d66-484f-43ea602335f9,84.99,1410,1593,0,0,73877,35
2026/07/20 12:38:24.272,0,GPU-e2681f6e-8d94-2d66-484f-43ea602335f9,85.08,1410,1593,0,0,73877,35
2026/07/20 12:38:24.522,0,GPU-e2681f6e-8d94-2d66-484f-43ea602335f9,84.99,1410,1593,0,0,73877,35
2026/07/20 12:38:24.772,0,GPU-e2681f6e-8d94-2d66-484f-43ea602335f9,85.08,1410,1593,0,0,73877,35
2026/07/20 12:38:25.022,0,GPU-e2681f6e-8d94-2d66-484f-43ea602335f9,84.99,1410,1593,0,0,73877,35
2026/07/20 12:38:25.272,0,GPU-e2681f6e-8d94-2d66-484f-43ea602335f9,84.34,1410,1593,0,0,73877,35
2026/07/20 12:38:25.523,0,GPU-e2681f6e-8d94-2d66-484f-43ea602335f9,84.34,1410,1593,0,0,73877,35
2026/07/20 12:38:25.773,0,GPU-e2681f6e-8d94-2d66-484f-43ea602335f9,84.67,1410,1593,0,0,73877,35
2026/07/20 12:38:26.023,0,GPU-e2681f6e-8d94-2d66-484f-43ea602335f9,84.67,1410,1593,0,0,73877,35
2026/07/20 12:38:26.273,0,GPU-e2681f6e-8d94-2d66-484f-43ea602335f9,84.67,1410,1593,0,0,73877,35
2026/07/20 12:38:26.523,0,GPU-e2681f6e-8d94-2d66-484f-43ea602335f9,84.67,1410,1593,0,0,73877,35
2026/07/20 12:38:26.773,0,GPU-e2681f6e-8d94-2d66-484f-43ea602335f9,84.67,1410,1593,0,0,73877,35
2026/07/20 12:38:27.023,0,GPU-e2681f6e-8d94-2d66-484f-43ea602335f9,84.67,1410,1593,0,0,73877,35
2026/07/20 12:38:27.273,0,GPU-e2681f6e-8d94-2d66-484f-43ea602335f9,84.67,1410,1593,0,0,73877,35
2026/07/20 12:38:27.523,0,GPU-e2681f6e-8d94-2d66-484f-43ea602335f9,84.67,1410,1593,0,0,73877,35
2026/07/20 12:38:27.773,0,GPU-e2681f6e-8d94-2d66-484f-43ea602335f9,84.58,1410,1593,0,0,73877,35
2026/07/20 12:38:28.023,0,GPU-e2681f6e-8d94-2d66-484f-43ea602335f9,84.67,1410,1593,0,0,73877,35
2026/07/20 12:38:28.274,0,GPU-e2681f6e-8d94-2d66-484f-43ea602335f9,84.75,1410,1593,0,0,73877,35
2026/07/20 12:38:28.524,0,GPU-e2681f6e-8d94-2d66-484f-43ea602335f9,84.67,1410,1593,0,0,73877,35
2026/07/20 12:38:28.774,0,GPU-e2681f6e-8d94-2d66-484f-43ea602335f9,84.67,1410,1593,0,0,73877,35
2026/07/20 12:38:29.024,0,GPU-e2681f6e-8d94-2d66-484f-43ea602335f9,84.67,1410,1593,0,0,73877,35
2026/07/20 12:38:29.274,0,GPU-e2681f6e-8d94-2d66-484f-43ea602335f9,84.34,1410,1593,0,0,73877,35
2026/07/20 12:38:29.524,0,GPU-e2681f6e-8d94-2d66-484f-43ea602335f9,84.34,1410,1593,0,0,73877,35
2026/07/20 12:38:29.774,0,GPU-e2681f6e-8d94-2d66-484f-43ea602335f9,84.43,1410,1593,0,0,73877,35
2026/07/20 12:38:30.024,0,GPU-e2681f6e-8d94-2d66-484f-43ea602335f9,84.75,1410,1593,0,0,73877,35
2026/07/20 12:38:30.274,0,GPU-e2681f6e-8d94-2d66-484f-43ea602335f9,84.75,1410,1593,0,0,73877,35
2026/07/20 12:38:30.524,0,GPU-e2681f6e-8d94-2d66-484f-43ea602335f9,84.75,1410,1593,0,0,73877,35
2026/07/20 12:38:30.774,0,GPU-e2681f6e-8d94-2d66-484f-43ea602335f9,84.43,1410,1593,0,0,73877,35
2026/07/20 12:38:31.024,0,GPU-e2681f6e-8d94-2d66-484f-43ea602335f9,84.75,1410,1593,0,0,73877,35
2026/07/20 12:38:31.275,0,GPU-e2681f6e-8d94-2d66-484f-43ea602335f9,84.75,1410,1593,0,0,73877,35
2026/07/20 12:38:31.525,0,GPU-e2681f6e-8d94-2d66-484f-43ea602335f9,84.43,1410,1593,0,0,73877,35
2026/07/20 12:38:31.775,0,GPU-e2681f6e-8d94-2d66-484f-43ea602335f9,84.43,1410,1593,0,0,73877,35
2026/07/20 12:38:32.025,0,GPU-e2681f6e-8d94-2d66-484f-43ea602335f9,84.75,1410,1593,0,0,73877,35
2026/07/20 12:38:32.275,0,GPU-e2681f6e-8d94-2d66-484f-43ea602335f9,84.84,1410,1593,0,0,73877,35
2026/07/20 12:38:32.525,0,GPU-e2681f6e-8d94-2d66-484f-43ea602335f9,84.75,1410,1593,0,0,73877,35
2026/07/20 12:38:32.775,0,GPU-e2681f6e-8d94-2d66-484f-43ea602335f9,85.08,1410,1593,0,0,73877,35
2026/07/20 12:38:33.025,0,GPU-e2681f6e-8d94-2d66-484f-43ea602335f9,84.51,1410,1593,0,0,73877,35
2026/07/20 12:38:33.275,0,GPU-e2681f6e-8d94-2d66-484f-43ea602335f9,84.51,1410,1593,0,0,73877,35
2026/07/20 12:38:33.525,0,GPU-e2681f6e-8d94-2d66-484f-43ea602335f9,84.75,1410,1593,0,0,73877,35
2026/07/20 12:38:33.776,0,GPU-e2681f6e-8d94-2d66-484f-43ea602335f9,84.75,1410,1593,0,0,73877,35
2026/07/20 12:38:34.026,0,GPU-e2681f6e-8d94-2d66-484f-43ea602335f9,84.43,1410,1593,0,0,73877,35
2026/07/20 12:38:34.276,0,GPU-e2681f6e-8d94-2d66-484f-43ea602335f9,84.84,1410,1593,0,0,73877,35
2026/07/20 12:38:34.526,0,GPU-e2681f6e-8d94-2d66-484f-43ea602335f9,84.75,1410,1593,0,0,73877,35
2026/07/20 12:38:34.776,0,GPU-e2681f6e-8d94-2d66-484f-43ea602335f9,84.75,1410,1593,0,0,73877,35
2026/07/20 12:38:35.026,0,GPU-e2681f6e-8d94-2d66-484f-43ea602335f9,84.51,1410,1593,0,0,73877,35
2026/07/20 12:38:35.276,0,GPU-e2681f6e-8d94-2d66-484f-43ea602335f9,84.43,1410,1593,0,0,73877,35
2026/07/20 12:38:35.526,0,GPU-e2681f6e-8d94-2d66-484f-43ea602335f9,84.84,1410,1593,0,0,73877,35
2026/07/20 12:38:35.776,0,GPU-e2681f6e-8d94-2d66-484f-43ea602335f9,84.43,1410,1593,0,0,73877,35
2026/07/20 12:38:36.026,0,GPU-e2681f6e-8d94-2d66-484f-43ea602335f9,84.75,1410,1593,0,0,73877,35
2026/07/20 12:38:36.276,0,GPU-e2681f6e-8d94-2d66-484f-43ea602335f9,84.51,1410,1593,0,0,73877,35
2026/07/20 12:38:36.526,0,GPU-e2681f6e-8d94-2d66-484f-43ea602335f9,84.43,1410,1593,0,0,73877,35
2026/07/20 12:38:36.777,0,GPU-e2681f6e-8d94-2d66-484f-43ea602335f9,84.75,1410,1593,0,0,73877,35
2026/07/20 12:38:37.027,0,GPU-e2681f6e-8d94-2d66-484f-43ea602335f9,84.75,1410,1593,0,0,73877,35
2026/07/20 12:38:37.277,0,GPU-e2681f6e-8d94-2d66-484f-43ea602335f9,84.75,1410,1593,0,0,73877,35
2026/07/20 12:38:37.527,0,GPU-e2681f6e-8d94-2d66-484f-43ea602335f9,84.51,1410,1593,0,0,73877,35
2026/07/20 12:38:37.777,0,GPU-e2681f6e-8d94-2d66-484f-43ea602335f9,84.43,1410,1593,0,0,73877,35
2026/07/20 12:38:38.027,0,GPU-e2681f6e-8d94-2d66-484f-43ea602335f9,84.75,1410,1593,0,0,73877,35
2026/07/20 12:38:38.277,0,GPU-e2681f6e-8d94-2d66-484f-43ea602335f9,84.75,1410,1593,0,0,73877,35
2026/07/20 12:38:38.527,0,GPU-e2681f6e-8d94-2d66-484f-43ea602335f9,84.75,1410,1593,0,0,73877,35
2026/07/20 12:38:38.777,0,GPU-e2681f6e-8d94-2d66-484f-43ea602335f9,84.75,1410,1593,0,0,73877,35
2026/07/20 12:38:39.027,0,GPU-e2681f6e-8d94-2d66-484f-43ea602335f9,84.75,1410,1593,0,0,73877,35
2026/07/20 12:38:39.277,0,GPU-e2681f6e-8d94-2d66-484f-43ea602335f9,84.51,1410,1593,0,0,73877,35
2026/07/20 12:38:39.527,0,GPU-e2681f6e-8d94-2d66-484f-43ea602335f9,84.84,1410,1593,0,0,73877,35
2026/07/20 12:38:39.777,0,GPU-e2681f6e-8d94-2d66-484f-43ea602335f9,84.75,1410,1593,0,0,73877,35
2026/07/20 12:38:40.028,0,GPU-e2681f6e-8d94-2d66-484f-43ea602335f9,84.75,1410,1593,0,0,73877,35
2026/07/20 12:38:40.278,0,GPU-e2681f6e-8d94-2d66-484f-43ea602335f9,84.43,1410,1593,0,0,73877,35
2026/07/20 12:38:40.528,0,GPU-e2681f6e-8d94-2d66-484f-43ea602335f9,84.43,1410,1593,0,0,73877,35
2026/07/20 12:38:40.778,0,GPU-e2681f6e-8d94-2d66-484f-43ea602335f9,84.84,1410,1593,0,0,73877,35
2026/07/20 12:38:41.028,0,GPU-e2681f6e-8d94-2d66-484f-43ea602335f9,85.08,1410,1593,0,0,73877,35
2026/07/20 12:38:41.278,0,GPU-e2681f6e-8d94-2d66-484f-43ea602335f9,84.84,1410,1593,0,0,73877,35
2026/07/20 12:38:41.528,0,GPU-e2681f6e-8d94-2d66-484f-43ea602335f9,84.43,1410,1593,0,0,73877,35
2026/07/20 12:38:41.778,0,GPU-e2681f6e-8d94-2d66-484f-43ea602335f9,84.75,1410,1593,0,0,73877,35
2026/07/20 12:38:42.028,0,GPU-e2681f6e-8d94-2d66-484f-43ea602335f9,84.75,1410,1593,0,0,73877,35
2026/07/20 12:38:42.278,0,GPU-e2681f6e-8d94-2d66-484f-43ea602335f9,84.51,1410,1593,0,0,73877,35
2026/07/20 12:38:42.528,0,GPU-e2681f6e-8d94-2d66-484f-43ea602335f9,84.75,1410,1593,0,0,73877,35
2026/07/20 12:38:42.778,0,GPU-e2681f6e-8d94-2d66-484f-43ea602335f9,84.75,1410,1593,0,0,73877,35
2026/07/20 12:38:43.029,0,GPU-e2681f6e-8d94-2d66-484f-43ea602335f9,84.75,1410,1593,0,0,73877,35
2026/07/20 12:38:43.279,0,GPU-e2681f6e-8d94-2d66-484f-43ea602335f9,84.75,1410,1593,0,0,73877,35
2026/07/20 12:38:43.529,0,GPU-e2681f6e-8d94-2d66-484f-43ea602335f9,84.75,1410,1593,0,0,73877,35
2026/07/20 12:38:43.779,0,GPU-e2681f6e-8d94-2d66-484f-43ea602335f9,84.75,1410,1593,0,0,73877,35
2026/07/20 12:38:44.029,0,GPU-e2681f6e-8d94-2d66-484f-43ea602335f9,84.84,1410,1593,0,0,73877,35
2026/07/20 12:38:44.279,0,GPU-e2681f6e-8d94-2d66-484f-43ea602335f9,84.75,1410,1593,0,0,73877,35
2026/07/20 12:38:44.529,0,GPU-e2681f6e-8d94-2d66-484f-43ea602335f9,84.75,1410,1593,0,0,73877,35
2026/07/20 12:38:44.779,0,GPU-e2681f6e-8d94-2d66-484f-43ea602335f9,84.75,1410,1593,0,0,73877,35
2026/07/20 12:38:45.029,0,GPU-e2681f6e-8d94-2d66-484f-43ea602335f9,84.75,1410,1593,0,0,73877,35
2026/07/20 12:38:45.279,0,GPU-e2681f6e-8d94-2d66-484f-43ea602335f9,84.84,1410,1593,0,0,73877,35
2026/07/20 12:38:45.529,0,GPU-e2681f6e-8d94-2d66-484f-43ea602335f9,84.84,1410,1593,0,0,73877,35
2026/07/20 12:38:45.780,0,GPU-e2681f6e-8d94-2d66-484f-43ea602335f9,84.75,1410,1593,0,0,73877,35
2026/07/20 12:38:46.030,0,GPU-e2681f6e-8d94-2d66-484f-43ea602335f9,84.75,1410,1593,0,0,73877,35
2026/07/20 12:38:46.280,0,GPU-e2681f6e-8d94-2d66-484f-43ea602335f9,84.75,1410,1593,0,0,73877,35
2026/07/20 12:38:46.530,0,GPU-e2681f6e-8d94-2d66-484f-43ea602335f9,84.84,1410,1593,0,0,73877,35
2026/07/20 12:38:46.780,0,GPU-e2681f6e-8d94-2d66-484f-43ea602335f9,84.75,1410,1593,0,0,73877,35
2026/07/20 12:38:47.030,0,GPU-e2681f6e-8d94-2d66-484f-43ea602335f9,84.75,1410,1593,0,0,73877,35
2026/07/20 12:38:47.280,0,GPU-e2681f6e-8d94-2d66-484f-43ea602335f9,85.08,1410,1593,0,0,73877,35
2026/07/20 12:38:47.530,0,GPU-e2681f6e-8d94-2d66-484f-43ea602335f9,85.08,1410,1593,0,0,73877,35
2026/07/20 12:38:47.780,0,GPU-e2681f6e-8d94-2d66-484f-43ea602335f9,84.51,1410,1593,0,0,73877,35
2026/07/20 12:38:48.030,0,GPU-e2681f6e-8d94-2d66-484f-43ea602335f9,84.75,1410,1593,0,0,73877,35
2026/07/20 12:38:48.280,0,GPU-e2681f6e-8d94-2d66-484f-43ea602335f9,84.75,1410,1593,0,0,73877,35
2026/07/20 12:38:48.530,0,GPU-e2681f6e-8d94-2d66-484f-43ea602335f9,84.75,1410,1593,0,0,73877,35
2026/07/20 12:38:48.781,0,GPU-e2681f6e-8d94-2d66-484f-43ea602335f9,84.75,1410,1593,0,0,73877,35
2026/07/20 12:38:49.031,0,GPU-e2681f6e-8d94-2d66-484f-43ea602335f9,84.84,1410,1593,0,0,73877,35
2026/07/20 12:38:49.281,0,GPU-e2681f6e-8d94-2d66-484f-43ea602335f9,84.75,1410,1593,0,0,73877,35
2026/07/20 12:38:49.531,0,GPU-e2681f6e-8d94-2d66-484f-43ea602335f9,84.84,1410,1593,0,0,73877,35
2026/07/20 12:38:49.781,0,GPU-e2681f6e-8d94-2d66-484f-43ea602335f9,84.84,1410,1593,0,0,73877,35
2026/07/20 12:38:50.031,0,GPU-e2681f6e-8d94-2d66-484f-43ea602335f9,84.84,1410,1593,0,0,73877,35
2026/07/20 12:38:50.281,0,GPU-e2681f6e-8d94-2d66-484f-43ea602335f9,84.75,1410,1593,0,0,73877,35
2026/07/20 12:38:50.531,0,GPU-e2681f6e-8d94-2d66-484f-43ea602335f9,84.75,1410,1593,0,0,73877,35
2026/07/20 12:38:50.781,0,GPU-e2681f6e-8d94-2d66-484f-43ea602335f9,84.75,1410,1593,0,0,73877,35
2026/07/20 12:38:51.031,0,GPU-e2681f6e-8d94-2d66-484f-43ea602335f9,85.08,1410,1593,0,0,73877,35
2026/07/20 12:38:51.281,0,GPU-e2681f6e-8d94-2d66-484f-43ea602335f9,84.75,1410,1593,0,0,73877,35
2026/07/20 12:38:51.531,0,GPU-e2681f6e-8d94-2d66-484f-43ea602335f9,84.75,1410,1593,0,0,73877,35
2026/07/20 12:38:51.781,0,GPU-e2681f6e-8d94-2d66-484f-43ea602335f9,84.75,1410,1593,0,0,73877,35
2026/07/20 12:38:52.032,0,GPU-e2681f6e-8d94-2d66-484f-43ea602335f9,84.75,1410,1593,0,0,73877,35
2026/07/20 12:38:52.282,0,GPU-e2681f6e-8d94-2d66-484f-43ea602335f9,84.75,1410,1593,0,0,73877,35
2026/07/20 12:38:52.532,0,GPU-e2681f6e-8d94-2d66-484f-43ea602335f9,84.75,1410,1593,0,0,73877,35
2026/07/20 12:38:52.782,0,GPU-e2681f6e-8d94-2d66-484f-43ea602335f9,84.84,1410,1593,0,0,73879,35
2026/07/20 12:38:53.032,0,GPU-e2681f6e-8d94-2d66-484f-43ea602335f9,336.92,1410,1593,8,5,73879,39
2026/07/20 12:38:53.282,0,GPU-e2681f6e-8d94-2d66-484f-43ea602335f9,277.71,1410,1593,53,35,73879,40
2026/07/20 12:38:53.532,0,GPU-e2681f6e-8d94-2d66-484f-43ea602335f9,276.84,1410,1593,90,75,73879,41
2026/07/20 12:38:53.782,0,GPU-e2681f6e-8d94-2d66-484f-43ea602335f9,315.99,1410,1593,94,78,73879,43
2026/07/20 12:38:54.032,0,GPU-e2681f6e-8d94-2d66-484f-43ea602335f9,280.49,1410,1593,92,75,73879,43
2026/07/20 12:38:54.282,0,GPU-e2681f6e-8d94-2d66-484f-43ea602335f9,291.10,1410,1593,94,78,73879,43
2026/07/20 12:38:54.532,0,GPU-e2681f6e-8d94-2d66-484f-43ea602335f9,289.87,1410,1593,94,79,73879,44
2026/07/20 12:38:54.782,0,GPU-e2681f6e-8d94-2d66-484f-43ea602335f9,288.08,1410,1593,94,79,73879,45
2026/07/20 12:38:55.032,0,GPU-e2681f6e-8d94-2d66-484f-43ea602335f9,279.24,1410,1593,93,65,73879,45
2026/07/20 12:38:55.283,0,GPU-e2681f6e-8d94-2d66-484f-43ea602335f9,293.85,1410,1593,95,77,73879,44
2026/07/20 12:38:55.533,0,GPU-e2681f6e-8d94-2d66-484f-43ea602335f9,293.23,1410,1593,81,68,73879,45
2026/07/20 12:38:55.783,0,GPU-e2681f6e-8d94-2d66-484f-43ea602335f9,287.44,1410,1593,94,79,73879,45
2026/07/20 12:38:56.033,0,GPU-e2681f6e-8d94-2d66-484f-43ea602335f9,290.77,1410,1593,94,79,73879,45
2026/07/20 12:38:56.283,0,GPU-e2681f6e-8d94-2d66-484f-43ea602335f9,294.72,1410,1593,94,79,73879,45
2026/07/20 12:38:56.533,0,GPU-e2681f6e-8d94-2d66-484f-43ea602335f9,87.81,1410,1593,78,65,73879,40
2026/07/20 12:38:56.783,0,GPU-e2681f6e-8d94-2d66-484f-43ea602335f9,86.97,1410,1593,3,2,73879,42
2026/07/20 12:38:57.033,0,GPU-e2681f6e-8d94-2d66-484f-43ea602335f9,298.09,1410,1593,95,77,73879,44
2026/07/20 12:38:57.284,0,GPU-e2681f6e-8d94-2d66-484f-43ea602335f9,87.48,1410,1593,34,29,73879,39
2026/07/20 12:38:57.534,0,GPU-e2681f6e-8d94-2d66-484f-43ea602335f9,86.88,1410,1593,0,0,73879,39
2026/07/20 12:38:57.784,0,GPU-e2681f6e-8d94-2d66-484f-43ea602335f9,86.28,1410,1593,4,1,73879,44
2026/07/20 12:38:58.034,0,GPU-e2681f6e-8d94-2d66-484f-43ea602335f9,295.65,1410,1593,95,72,73879,44
2026/07/20 12:38:58.284,0,GPU-e2681f6e-8d94-2d66-484f-43ea602335f9,287.15,1410,1593,94,79,73879,44
2026/07/20 12:38:58.534,0,GPU-e2681f6e-8d94-2d66-484f-43ea602335f9,290.20,1410,1593,94,79,73879,45
2026/07/20 12:38:58.784,0,GPU-e2681f6e-8d94-2d66-484f-43ea602335f9,419.79,1410,1593,94,79,73879,42
2026/07/20 12:38:59.034,0,GPU-e2681f6e-8d94-2d66-484f-43ea602335f9,292.60,1410,1593,95,71,73879,46
2026/07/20 12:38:59.284,0,GPU-e2681f6e-8d94-2d66-484f-43ea602335f9,289.27,1410,1593,95,79,73879,46
2026/07/20 12:38:59.534,0,GPU-e2681f6e-8d94-2d66-484f-43ea602335f9,295.05,1410,1593,95,79,73879,46
2026/07/20 12:38:59.784,0,GPU-e2681f6e-8d94-2d66-484f-43ea602335f9,295.05,1410,1593,95,79,73879,46
2026/07/20 12:39:00.034,0,GPU-e2681f6e-8d94-2d66-484f-43ea602335f9,292.92,1410,1593,93,78,73879,46
2026/07/20 12:39:00.284,0,GPU-e2681f6e-8d94-2d66-484f-43ea602335f9,288.67,1410,1593,94,78,73879,47
2026/07/20 12:39:00.535,0,GPU-e2681f6e-8d94-2d66-484f-43ea602335f9,286.54,1410,1593,94,79,73879,47
2026/07/20 12:39:00.785,0,GPU-e2681f6e-8d94-2d66-484f-43ea602335f9,286.82,1410,1593,93,78,73879,47
2026/07/20 12:39:01.035,0,GPU-e2681f6e-8d94-2d66-484f-43ea602335f9,261.96,1410,1593,94,78,73879,47
2026/07/20 12:39:01.285,0,GPU-e2681f6e-8d94-2d66-484f-43ea602335f9,293.53,1410,1593,91,76,73879,47
2026/07/20 12:39:01.535,0,GPU-e2681f6e-8d94-2d66-484f-43ea602335f9,298.11,1410,1593,95,79,73879,47
2026/07/20 12:39:01.785,0,GPU-e2681f6e-8d94-2d66-484f-43ea602335f9,293.85,1410,1593,94,79,73879,47
2026/07/20 12:39:02.035,0,GPU-e2681f6e-8d94-2d66-484f-43ea602335f9,295.36,1410,1593,94,78,73879,48
2026/07/20 12:39:02.285,0,GPU-e2681f6e-8d94-2d66-484f-43ea602335f9,293.53,1410,1593,94,79,73879,48
2026/07/20 12:39:02.535,0,GPU-e2681f6e-8d94-2d66-484f-43ea602335f9,301.10,1410,1593,94,79,73879,48
2026/07/20 12:39:02.785,0,GPU-e2681f6e-8d94-2d66-484f-43ea602335f9,301.43,1410,1593,94,79,73879,48
2026/07/20 12:39:03.035,0,GPU-e2681f6e-8d94-2d66-484f-43ea602335f9,297.75,1410,1593,94,79,73879,48
2026/07/20 12:39:03.285,0,GPU-e2681f6e-8d94-2d66-484f-43ea602335f9,291.10,1410,1593,95,79,73879,48
2026/07/20 12:39:03.535,0,GPU-e2681f6e-8d94-2d66-484f-43ea602335f9,294.43,1410,1593,94,78,73879,48
2026/07/20 12:39:03.785,0,GPU-e2681f6e-8d94-2d66-484f-43ea602335f9,89.94,1410,1593,75,63,73879,47
2026/07/20 12:39:04.035,0,GPU-e2681f6e-8d94-2d66-484f-43ea602335f9,297.75,1410,1593,27,14,73879,48
2026/07/20 12:39:04.285,0,GPU-e2681f6e-8d94-2d66-484f-43ea602335f9,297.45,1410,1593,94,79,73879,48
2026/07/20 12:39:04.536,0,GPU-e2681f6e-8d94-2d66-484f-43ea602335f9,298.09,1410,1593,94,79,73879,48
2026/07/20 12:39:04.786,0,GPU-e2681f6e-8d94-2d66-484f-43ea602335f9,352.41,1410,1593,94,79,73879,49
2026/07/20 12:39:05.036,0,GPU-e2681f6e-8d94-2d66-484f-43ea602335f9,286.22,1410,1593,95,67,73879,49
2026/07/20 12:39:05.286,0,GPU-e2681f6e-8d94-2d66-484f-43ea602335f9,290.47,1410,1593,94,77,73879,49
2026/07/20 12:39:05.536,0,GPU-e2681f6e-8d94-2d66-484f-43ea602335f9,90.82,1410,1593,53,44,73879,44
2026/07/20 12:39:05.786,0,GPU-e2681f6e-8d94-2d66-484f-43ea602335f9,88.68,1410,1593,0,0,73879,42
2026/07/20 12:39:06.037,0,GPU-e2681f6e-8d94-2d66-484f-43ea602335f9,295.98,1410,1593,94,79,73879,47
2026/07/20 12:39:06.287,0,GPU-e2681f6e-8d94-2d66-484f-43ea602335f9,295.65,1410,1593,94,79,73879,48
2026/07/20 12:39:06.537,0,GPU-e2681f6e-8d94-2d66-484f-43ea602335f9,287.74,1410,1593,94,79,73879,48
2026/07/20 12:39:06.787,0,GPU-e2681f6e-8d94-2d66-484f-43ea602335f9,295.33,1410,1593,94,79,73879,49
2026/07/20 12:39:07.037,0,GPU-e2681f6e-8d94-2d66-484f-43ea602335f9,303.56,1410,1593,94,79,73879,49
2026/07/20 12:39:07.287,0,GPU-e2681f6e-8d94-2d66-484f-43ea602335f9,296.25,1410,1593,94,79,73879,49
2026/07/20 12:39:07.537,0,GPU-e2681f6e-8d94-2d66-484f-43ea602335f9,295.05,1410,1593,95,79,73879,49
2026/07/20 12:39:07.787,0,GPU-e2681f6e-8d94-2d66-484f-43ea602335f9,305.68,1410,1593,94,79,73879,52
2026/07/20 12:39:08.037,0,GPU-e2681f6e-8d94-2d66-484f-43ea602335f9,292.30,1410,1593,93,61,73879,50
2026/07/20 12:39:08.287,0,GPU-e2681f6e-8d94-2d66-484f-43ea602335f9,288.67,1410,1593,94,77,73879,49
2026/07/20 12:39:08.537,0,GPU-e2681f6e-8d94-2d66-484f-43ea602335f9,293.85,1410,1593,95,78,73879,49
2026/07/20 12:39:08.787,0,GPU-e2681f6e-8d94-2d66-484f-43ea602335f9,288.65,1410,1593,94,78,73879,49
2026/07/20 12:39:09.038,0,GPU-e2681f6e-8d94-2d66-484f-43ea602335f9,285.02,1410,1593,94,78,73879,49
2026/07/20 12:39:09.288,0,GPU-e2681f6e-8d94-2d66-484f-43ea602335f9,289.60,1410,1593,95,78,73879,49
2026/07/20 12:39:09.538,0,GPU-e2681f6e-8d94-2d66-484f-43ea602335f9,286.22,1410,1593,95,77,73879,49
2026/07/20 12:39:09.788,0,GPU-e2681f6e-8d94-2d66-484f-43ea602335f9,381.84,1410,1593,94,77,73879,50
2026/07/20 12:39:10.038,0,GPU-e2681f6e-8d94-2d66-484f-43ea602335f9,283.82,1410,1593,94,76,73879,46
2026/07/20 12:39:10.288,0,GPU-e2681f6e-8d94-2d66-484f-43ea602335f9,89.34,1410,1593,32,27,73879,43
2026/07/20 12:39:10.538,0,GPU-e2681f6e-8d94-2d66-484f-43ea602335f9,89.10,1410,1593,0,0,73879,42
2026/07/20 12:39:10.788,0,GPU-e2681f6e-8d94-2d66-484f-43ea602335f9,88.50,1410,1593,0,0,73879,44
2026/07/20 12:39:11.038,0,GPU-e2681f6e-8d94-2d66-484f-43ea602335f9,290.80,1410,1593,94,79,73879,47
2026/07/20 12:39:11.288,0,GPU-e2681f6e-8d94-2d66-484f-43ea602335f9,292.92,1410,1593,95,79,73879,48
2026/07/20 12:39:11.538,0,GPU-e2681f6e-8d94-2d66-484f-43ea602335f9,293.20,1410,1593,94,79,73879,49
2026/07/20 12:39:11.788,0,GPU-e2681f6e-8d94-2d66-484f-43ea602335f9,287.47,1410,1593,95,79,73879,49
2026/07/20 12:39:12.038,0,GPU-e2681f6e-8d94-2d66-484f-43ea602335f9,296.85,1410,1593,93,77,73879,49
2026/07/20 12:39:12.289,0,GPU-e2681f6e-8d94-2d66-484f-43ea602335f9,299.01,1410,1593,94,79,73879,49
2026/07/20 12:39:12.539,0,GPU-e2681f6e-8d94-2d66-484f-43ea602335f9,296.85,1410,1593,94,79,73879,49
2026/07/20 12:39:12.789,0,GPU-e2681f6e-8d94-2d66-484f-43ea602335f9,127.92,1410,1593,94,79,73879,49
2026/07/20 12:39:13.039,0,GPU-e2681f6e-8d94-2d66-484f-43ea602335f9,89.94,1410,1593,50,42,73879,44
2026/07/20 12:39:13.289,0,GPU-e2681f6e-8d94-2d66-484f-43ea602335f9,88.68,1410,1593,0,0,73879,43
2026/07/20 12:39:13.539,0,GPU-e2681f6e-8d94-2d66-484f-43ea602335f9,88.68,1410,1593,0,0,73879,42
2026/07/20 12:39:13.789,0,GPU-e2681f6e-8d94-2d66-484f-43ea602335f9,88.41,1410,1593,0,0,73879,41
2026/07/20 12:39:14.039,0,GPU-e2681f6e-8d94-2d66-484f-43ea602335f9,88.41,1410,1593,0,0,73879,41
2026/07/20 12:39:14.289,0,GPU-e2681f6e-8d94-2d66-484f-43ea602335f9,88.09,1410,1593,0,0,73879,41
2026/07/20 12:39:14.539,0,GPU-e2681f6e-8d94-2d66-484f-43ea602335f9,87.81,1410,1593,0,0,73879,41
2026/07/20 12:39:14.789,0,GPU-e2681f6e-8d94-2d66-484f-43ea602335f9,87.81,1410,1593,0,0,73879,47
2026/07/20 12:39:15.039,0,GPU-e2681f6e-8d94-2d66-484f-43ea602335f9,281.37,1410,1593,62,40,73879,46
2026/07/20 12:39:15.290,0,GPU-e2681f6e-8d94-2d66-484f-43ea602335f9,296.85,1410,1593,94,79,73879,47
2026/07/20 12:39:15.540,0,GPU-e2681f6e-8d94-2d66-484f-43ea602335f9,289.87,1410,1593,95,79,73879,48
2026/07/20 12:39:15.790,0,GPU-e2681f6e-8d94-2d66-484f-43ea602335f9,302.03,1410,1593,94,79,73879,53
2026/07/20 12:39:16.040,0,GPU-e2681f6e-8d94-2d66-484f-43ea602335f9,292.33,1410,1593,91,64,73879,49
2026/07/20 12:39:16.290,0,GPU-e2681f6e-8d94-2d66-484f-43ea602335f9,294.12,1410,1593,94,79,73879,49
2026/07/20 12:39:16.540,0,GPU-e2681f6e-8d94-2d66-484f-43ea602335f9,298.38,1410,1593,94,79,73879,49
2026/07/20 12:39:16.790,0,GPU-e2681f6e-8d94-2d66-484f-43ea602335f9,291.99,1410,1593,94,79,73879,49
2026/07/20 12:39:17.040,0,GPU-e2681f6e-8d94-2d66-484f-43ea602335f9,279.57,1410,1593,94,73,73879,49
2026/07/20 12:39:17.290,0,GPU-e2681f6e-8d94-2d66-484f-43ea602335f9,295.02,1410,1593,94,78,73879,49
2026/07/20 12:39:17.540,0,GPU-e2681f6e-8d94-2d66-484f-43ea602335f9,97.53,1410,1593,87,73,73879,46
2026/07/20 12:39:17.790,0,GPU-e2681f6e-8d94-2d66-484f-43ea602335f9,90.54,1410,1593,0,0,73879,43
2026/07/20 12:39:18.040,0,GPU-e2681f6e-8d94-2d66-484f-43ea602335f9,89.34,1410,1593,0,0,73879,42
2026/07/20 12:39:18.291,0,GPU-e2681f6e-8d94-2d66-484f-43ea602335f9,88.41,1410,1593,0,0,73879,42
2026/07/20 12:39:18.541,0,GPU-e2681f6e-8d94-2d66-484f-43ea602335f9,88.41,1410,1593,0,0,73879,41
2026/07/20 12:39:18.791,0,GPU-e2681f6e-8d94-2d66-484f-43ea602335f9,88.09,1410,1593,0,0,73879,41
2026/07/20 12:39:19.041,0,GPU-e2681f6e-8d94-2d66-484f-43ea602335f9,293.55,1410,1593,74,48,73879,47
2026/07/20 12:39:19.291,0,GPU-e2681f6e-8d94-2d66-484f-43ea602335f9,296.58,1410,1593,95,79,73879,48
2026/07/20 12:39:19.541,0,GPU-e2681f6e-8d94-2d66-484f-43ea602335f9,298.70,1410,1593,94,79,73879,48
2026/07/20 12:39:19.791,0,GPU-e2681f6e-8d94-2d66-484f-43ea602335f9,295.33,1410,1593,94,79,73879,49
2026/07/20 12:39:20.041,0,GPU-e2681f6e-8d94-2d66-484f-43ea602335f9,298.11,1410,1593,94,79,73879,49
2026/07/20 12:39:20.291,0,GPU-e2681f6e-8d94-2d66-484f-43ea602335f9,295.98,1410,1593,94,79,73879,49
2026/07/20 12:39:20.541,0,GPU-e2681f6e-8d94-2d66-484f-43ea602335f9,297.18,1410,1593,94,79,73879,49
2026/07/20 12:39:20.791,0,GPU-e2681f6e-8d94-2d66-484f-43ea602335f9,296.58,1410,1593,94,79,73879,49
2026/07/20 12:39:21.042,0,GPU-e2681f6e-8d94-2d66-484f-43ea602335f9,297.45,1410,1593,94,79,73879,49
2026/07/20 12:39:21.292,0,GPU-e2681f6e-8d94-2d66-484f-43ea602335f9,295.98,1410,1593,94,79,73879,49
2026/07/20 12:39:21.542,0,GPU-e2681f6e-8d94-2d66-484f-43ea602335f9,90.82,1410,1593,3,3,73879,44
2026/07/20 12:39:21.792,0,GPU-e2681f6e-8d94-2d66-484f-43ea602335f9,261.96,1410,1593,0,0,73879,43
2026/07/20 12:39:22.042,0,GPU-e2681f6e-8d94-2d66-484f-43ea602335f9,296.27,1410,1593,83,71,73879,46
2026/07/20 12:39:22.292,0,GPU-e2681f6e-8d94-2d66-484f-43ea602335f9,89.61,1410,1593,54,46,73879,43
2026/07/20 12:39:22.542,0,GPU-e2681f6e-8d94-2d66-484f-43ea602335f9,89.01,1410,1593,0,0,73879,42
2026/07/20 12:39:22.792,0,GPU-e2681f6e-8d94-2d66-484f-43ea602335f9,89.01,1410,1593,0,0,73879,44
2026/07/20 12:39:23.042,0,GPU-e2681f6e-8d94-2d66-484f-43ea602335f9,292.92,1410,1593,87,64,73879,47
2026/07/20 12:39:23.292,0,GPU-e2681f6e-8d94-2d66-484f-43ea602335f9,290.47,1410,1593,94,79,73879,48
2026/07/20 12:39:23.542,0,GPU-e2681f6e-8d94-2d66-484f-43ea602335f9,297.80,1410,1593,94,79,73879,49
2026/07/20 12:39:23.792,0,GPU-e2681f6e-8d94-2d66-484f-43ea602335f9,383.70,1410,1593,94,78,73879,49
2026/07/20 12:39:24.043,0,GPU-e2681f6e-8d94-2d66-484f-43ea602335f9,287.47,1410,1593,94,69,73879,49
2026/07/20 12:39:24.293,0,GPU-e2681f6e-8d94-2d66-484f-43ea602335f9,90.21,1410,1593,72,60,73879,45
2026/07/20 12:39:24.543,0,GPU-e2681f6e-8d94-2d66-484f-43ea602335f9,89.43,1410,1593,0,0,73879,43
2026/07/20 12:39:24.793,0,GPU-e2681f6e-8d94-2d66-484f-43ea602335f9,396.32,1410,1593,0,0,73879,46
2026/07/20 12:39:25.043,0,GPU-e2681f6e-8d94-2d66-484f-43ea602335f9,301.10,1410,1593,92,68,73879,48
2026/07/20 12:39:25.293,0,GPU-e2681f6e-8d94-2d66-484f-43ea602335f9,298.38,1410,1593,94,79,73879,48
2026/07/20 12:39:25.543,0,GPU-e2681f6e-8d94-2d66-484f-43ea602335f9,298.38,1410,1593,94,79,73879,49
2026/07/20 12:39:25.793,0,GPU-e2681f6e-8d94-2d66-484f-43ea602335f9,313.54,1410,1593,88,72,73879,49
2026/07/20 12:39:26.043,0,GPU-e2681f6e-8d94-2d66-484f-43ea602335f9,292.03,1410,1593,95,78,73879,46
2026/07/20 12:39:26.293,0,GPU-e2681f6e-8d94-2d66-484f-43ea602335f9,89.61,1410,1593,17,14,73879,44
2026/07/20 12:39:26.543,0,GPU-e2681f6e-8d94-2d66-484f-43ea602335f9,89.01,1410,1593,0,0,73879,42
2026/07/20 12:39:26.793,0,GPU-e2681f6e-8d94-2d66-484f-43ea602335f9,88.68,1410,1593,0,0,73879,42
2026/07/20 12:39:27.044,0,GPU-e2681f6e-8d94-2d66-484f-43ea602335f9,88.41,1410,1593,0,0,73879,41
2026/07/20 12:39:27.294,0,GPU-e2681f6e-8d94-2d66-484f-43ea602335f9,88.41,1410,1593,0,0,73879,41
2026/07/20 12:39:27.544,0,GPU-e2681f6e-8d94-2d66-484f-43ea602335f9,88.18,1410,1593,0,0,73879,41
2026/07/20 12:39:27.794,0,GPU-e2681f6e-8d94-2d66-484f-43ea602335f9,87.90,1410,1593,8,3,73879,46
2026/07/20 12:39:28.044,0,GPU-e2681f6e-8d94-2d66-484f-43ea602335f9,290.20,1410,1593,8,3,73879,46
2026/07/20 12:39:28.294,0,GPU-e2681f6e-8d94-2d66-484f-43ea602335f9,294.12,1410,1593,94,79,73879,47
2026/07/20 12:39:28.544,0,GPU-e2681f6e-8d94-2d66-484f-43ea602335f9,289.30,1410,1593,94,79,73879,48
2026/07/20 12:39:28.794,0,GPU-e2681f6e-8d94-2d66-484f-43ea602335f9,296.58,1410,1593,95,79,73879,49
2026/07/20 12:39:29.044,0,GPU-e2681f6e-8d94-2d66-484f-43ea602335f9,296.58,1410,1593,94,79,73879,49
2026/07/20 12:39:29.294,0,GPU-e2681f6e-8d94-2d66-484f-43ea602335f9,294.12,1410,1593,94,79,73879,49
2026/07/20 12:39:29.544,0,GPU-e2681f6e-8d94-2d66-484f-43ea602335f9,291.99,1410,1593,94,79,73879,49
2026/07/20 12:39:29.794,0,GPU-e2681f6e-8d94-2d66-484f-43ea602335f9,290.47,1410,1593,94,79,73879,49
2026/07/20 12:39:30.044,0,GPU-e2681f6e-8d94-2d66-484f-43ea602335f9,295.33,1410,1593,95,79,73879,49
2026/07/20 12:39:30.295,0,GPU-e2681f6e-8d94-2d66-484f-43ea602335f9,293.82,1410,1593,94,79,73879,49
2026/07/20 12:39:30.545,0,GPU-e2681f6e-8d94-2d66-484f-43ea602335f9,291.72,1410,1593,94,79,73879,47
2026/07/20 12:39:30.795,0,GPU-e2681f6e-8d94-2d66-484f-43ea602335f9,91.14,1410,1593,42,35,73879,44
2026/07/20 12:39:31.045,0,GPU-e2681f6e-8d94-2d66-484f-43ea602335f9,92.67,1410,1593,0,0,73879,43
2026/07/20 12:39:31.295,0,GPU-e2681f6e-8d94-2d66-484f-43ea602335f9,88.59,1410,1593,0,0,73879,42
2026/07/20 12:39:31.545,0,GPU-e2681f6e-8d94-2d66-484f-43ea602335f9,88.68,1410,1593,0,0,73879,41
2026/07/20 12:39:31.795,0,GPU-e2681f6e-8d94-2d66-484f-43ea602335f9,88.41,1410,1593,23,19,73879,45
2026/07/20 12:39:32.045,0,GPU-e2681f6e-8d94-2d66-484f-43ea602335f9,292.92,1410,1593,94,80,73879,47
2026/07/20 12:39:32.295,0,GPU-e2681f6e-8d94-2d66-484f-43ea602335f9,90.21,1410,1593,76,65,73879,44
2026/07/20 12:39:32.545,0,GPU-e2681f6e-8d94-2d66-484f-43ea602335f9,88.68,1410,1593,0,0,73879,42
2026/07/20 12:39:32.795,0,GPU-e2681f6e-8d94-2d66-484f-43ea602335f9,87.81,1410,1593,0,0,73879,41
2026/07/20 12:39:33.045,0,GPU-e2681f6e-8d94-2d66-484f-43ea602335f9,89.01,1410,1593,0,0,73879,41
2026/07/20 12:39:33.295,0,GPU-e2681f6e-8d94-2d66-484f-43ea602335f9,87.48,1410,1593,0,0,73879,40
2026/07/20 12:39:33.546,0,GPU-e2681f6e-8d94-2d66-484f-43ea602335f9,87.48,1410,1593,0,0,73879,40
2026/07/20 12:39:33.796,0,GPU-e2681f6e-8d94-2d66-484f-43ea602335f9,87.48,1410,1593,0,0,73879,40
2026/07/20 12:39:34.046,0,GPU-e2681f6e-8d94-2d66-484f-43ea602335f9,87.48,1410,1593,0,0,73879,40
2026/07/20 12:39:34.296,0,GPU-e2681f6e-8d94-2d66-484f-43ea602335f9,87.21,1410,1593,0,0,73879,40
2026/07/20 12:39:34.546,0,GPU-e2681f6e-8d94-2d66-484f-43ea602335f9,87.21,1410,1593,0,0,73879,40
2026/07/20 12:39:34.796,0,GPU-e2681f6e-8d94-2d66-484f-43ea602335f9,86.88,1410,1593,29,13,73879,40
2026/07/20 12:39:35.046,0,GPU-e2681f6e-8d94-2d66-484f-43ea602335f9,272.59,1410,1593,94,76,73879,46
2026/07/20 12:39:35.296,0,GPU-e2681f6e-8d94-2d66-484f-43ea602335f9,290.20,1410,1593,94,78,73879,47
2026/07/20 12:39:35.546,0,GPU-e2681f6e-8d94-2d66-484f-43ea602335f9,292.33,1410,1593,94,79,73879,47
2026/07/20 12:39:35.796,0,GPU-e2681f6e-8d94-2d66-484f-43ea602335f9,244.95,1410,1593,92,74,73879,47
2026/07/20 12:39:36.046,0,GPU-e2681f6e-8d94-2d66-484f-43ea602335f9,299.00,1410,1593,94,79,73879,48
2026/07/20 12:39:36.296,0,GPU-e2681f6e-8d94-2d66-484f-43ea602335f9,292.60,1410,1593,94,79,73879,48
2026/07/20 12:39:36.546,0,GPU-e2681f6e-8d94-2d66-484f-43ea602335f9,291.99,1410,1593,94,79,73879,49
2026/07/20 12:39:36.796,0,GPU-e2681f6e-8d94-2d66-484f-43ea602335f9,285.33,1410,1593,94,79,73879,50
2026/07/20 12:39:37.047,0,GPU-e2681f6e-8d94-2d66-484f-43ea602335f9,291.72,1410,1593,76,54,73879,49
2026/07/20 12:39:37.297,0,GPU-e2681f6e-8d94-2d66-484f-43ea602335f9,289.60,1410,1593,95,78,73879,49
2026/07/20 12:39:37.547,0,GPU-e2681f6e-8d94-2d66-484f-43ea602335f9,293.20,1410,1593,94,78,73879,49
2026/07/20 12:39:37.797,0,GPU-e2681f6e-8d94-2d66-484f-43ea602335f9,293.20,1410,1593,94,79,73879,49
2026/07/20 12:39:38.047,0,GPU-e2681f6e-8d94-2d66-484f-43ea602335f9,294.45,1410,1593,95,79,73879,49
2026/07/20 12:39:38.297,0,GPU-e2681f6e-8d94-2d66-484f-43ea602335f9,298.11,1410,1593,94,79,73879,49
2026/07/20 12:39:38.547,0,GPU-e2681f6e-8d94-2d66-484f-43ea602335f9,292.33,1410,1593,94,79,73879,50
2026/07/20 12:39:38.797,0,GPU-e2681f6e-8d94-2d66-484f-43ea602335f9,303.23,1410,1593,94,79,73879,51
2026/07/20 12:39:39.047,0,GPU-e2681f6e-8d94-2d66-484f-43ea602335f9,289.27,1410,1593,94,78,73879,50
2026/07/20 12:39:39.297,0,GPU-e2681f6e-8d94-2d66-484f-43ea602335f9,293.53,1410,1593,94,78,73879,50
2026/07/20 12:39:39.547,0,GPU-e2681f6e-8d94-2d66-484f-43ea602335f9,296.85,1410,1593,94,79,73879,50
2026/07/20 12:39:39.797,0,GPU-e2681f6e-8d94-2d66-484f-43ea602335f9,299.58,1410,1593,94,79,73879,50
2026/07/20 12:39:40.047,0,GPU-e2681f6e-8d94-2d66-484f-43ea602335f9,302.03,1410,1593,94,79,73879,48
2026/07/20 12:39:40.298,0,GPU-e2681f6e-8d94-2d66-484f-43ea602335f9,91.47,1410,1593,0,0,73879,45
2026/07/20 12:39:40.548,0,GPU-e2681f6e-8d94-2d66-484f-43ea602335f9,89.01,1410,1593,0,0,73879,43
2026/07/20 12:39:40.798,0,GPU-e2681f6e-8d94-2d66-484f-43ea602335f9,441.52,1410,1593,0,0,73879,48
2026/07/20 12:39:41.048,0,GPU-e2681f6e-8d94-2d66-484f-43ea602335f9,298.38,1410,1593,94,78,73879,49
2026/07/20 12:39:41.298,0,GPU-e2681f6e-8d94-2d66-484f-43ea602335f9,298.38,1410,1593,94,79,73879,49
2026/07/20 12:39:41.548,0,GPU-e2681f6e-8d94-2d66-484f-43ea602335f9,301.43,1410,1593,94,79,73879,49
2026/07/20 12:39:41.798,0,GPU-e2681f6e-8d94-2d66-484f-43ea602335f9,302.30,1410,1593,94,79,73879,52
2026/07/20 12:39:42.048,0,GPU-e2681f6e-8d94-2d66-484f-43ea602335f9,305.97,1410,1593,94,79,73879,50
2026/07/20 12:39:42.298,0,GPU-e2681f6e-8d94-2d66-484f-43ea602335f9,297.45,1410,1593,94,79,73879,50
2026/07/20 12:39:42.548,0,GPU-e2681f6e-8d94-2d66-484f-43ea602335f9,295.05,1410,1593,94,79,73879,50
2026/07/20 12:39:42.798,0,GPU-e2681f6e-8d94-2d66-484f-43ea602335f9,302.63,1410,1593,94,79,73879,50
2026/07/20 12:39:43.048,0,GPU-e2681f6e-8d94-2d66-484f-43ea602335f9,301.72,1410,1593,95,79,73879,50
2026/07/20 12:39:43.299,0,GPU-e2681f6e-8d94-2d66-484f-43ea602335f9,296.54,1410,1593,94,79,73879,51
2026/07/20 12:39:43.549,0,GPU-e2681f6e-8d94-2d66-484f-43ea602335f9,299.31,1410,1593,94,79,73879,50
2026/07/20 12:39:43.799,0,GPU-e2681f6e-8d94-2d66-484f-43ea602335f9,92.17,1410,1593,61,51,73879,46
2026/07/20 12:39:44.049,0,GPU-e2681f6e-8d94-2d66-484f-43ea602335f9,89.61,1410,1593,0,0,73879,44
2026/07/20 12:39:44.299,0,GPU-e2681f6e-8d94-2d66-484f-43ea602335f9,89.61,1410,1593,0,0,73879,43
2026/07/20 12:39:44.549,0,GPU-e2681f6e-8d94-2d66-484f-43ea602335f9,88.68,1410,1593,0,0,73879,42
2026/07/20 12:39:44.799,0,GPU-e2681f6e-8d94-2d66-484f-43ea602335f9,88.41,1410,1593,0,0,73879,42
2026/07/20 12:39:45.049,0,GPU-e2681f6e-8d94-2d66-484f-43ea602335f9,88.41,1410,1593,0,0,73879,42
2026/07/20 12:39:45.299,0,GPU-e2681f6e-8d94-2d66-484f-43ea602335f9,88.18,1410,1593,0,0,73879,41
2026/07/20 12:39:45.549,0,GPU-e2681f6e-8d94-2d66-484f-43ea602335f9,88.41,1410,1593,0,0,73879,41
2026/07/20 12:39:45.799,0,GPU-e2681f6e-8d94-2d66-484f-43ea602335f9,88.09,1410,1593,0,0,73879,41
2026/07/20 12:39:46.050,0,GPU-e2681f6e-8d94-2d66-484f-43ea602335f9,87.81,1410,1593,0,0,73879,41
2026/07/20 12:39:46.300,0,GPU-e2681f6e-8d94-2d66-484f-43ea602335f9,88.09,1410,1593,0,0,73879,41
2026/07/20 12:39:46.550,0,GPU-e2681f6e-8d94-2d66-484f-43ea602335f9,87.81,1410,1593,0,0,73879,40
2026/07/20 12:39:46.800,0,GPU-e2681f6e-8d94-2d66-484f-43ea602335f9,361.13,1410,1593,0,0,73879,40
2026/07/20 12:39:47.050,0,GPU-e2681f6e-8d94-2d66-484f-43ea602335f9,282.29,1410,1593,67,44,73879,46
2026/07/20 12:39:47.300,0,GPU-e2681f6e-8d94-2d66-484f-43ea602335f9,290.47,1410,1593,94,79,73879,47
2026/07/20 12:39:47.550,0,GPU-e2681f6e-8d94-2d66-484f-43ea602335f9,290.20,1410,1593,94,79,73879,48
2026/07/20 12:39:47.800,0,GPU-e2681f6e-8d94-2d66-484f-43ea602335f9,287.47,1410,1593,94,79,73879,48
2026/07/20 12:39:48.050,0,GPU-e2681f6e-8d94-2d66-484f-43ea602335f9,89.34,1410,1593,65,55,73879,44
2026/07/20 12:39:48.300,0,GPU-e2681f6e-8d94-2d66-484f-43ea602335f9,89.01,1410,1593,0,0,73879,42
2026/07/20 12:39:48.550,0,GPU-e2681f6e-8d94-2d66-484f-43ea602335f9,88.41,1410,1593,0,0,73879,41
2026/07/20 12:39:48.800,0,GPU-e2681f6e-8d94-2d66-484f-43ea602335f9,88.09,1410,1593,0,0,73879,41
2026/07/20 12:39:49.050,0,GPU-e2681f6e-8d94-2d66-484f-43ea602335f9,284.13,1410,1593,73,41,73879,47
2026/07/20 12:39:49.300,0,GPU-e2681f6e-8d94-2d66-484f-43ea602335f9,280.21,1410,1593,94,77,73879,48
2026/07/20 12:39:49.551,0,GPU-e2681f6e-8d94-2d66-484f-43ea602335f9,285.95,1410,1593,94,78,73879,48
2026/07/20 12:39:49.801,0,GPU-e2681f6e-8d94-2d66-484f-43ea602335f9,283.49,1410,1593,93,77,73879,51
2026/07/20 12:39:50.051,0,GPU-e2681f6e-8d94-2d66-484f-43ea602335f9,287.18,1410,1593,90,65,73879,49
2026/07/20 12:39:50.301,0,GPU-e2681f6e-8d94-2d66-484f-43ea602335f9,283.49,1410,1593,94,77,73879,49
2026/07/20 12:39:50.551,0,GPU-e2681f6e-8d94-2d66-484f-43ea602335f9,288.35,1410,1593,94,78,73879,49
2026/07/20 12:39:50.801,0,GPU-e2681f6e-8d94-2d66-484f-43ea602335f9,292.89,1410,1593,94,78,73879,50
2026/07/20 12:39:51.051,0,GPU-e2681f6e-8d94-2d66-484f-43ea602335f9,291.70,1410,1593,91,74,73879,49
2026/07/20 12:39:51.301,0,GPU-e2681f6e-8d94-2d66-484f-43ea602335f9,90.21,1410,1593,94,78,73879,45
2026/07/20 12:39:51.551,0,GPU-e2681f6e-8d94-2d66-484f-43ea602335f9,89.34,1410,1593,1,1,73879,43
2026/07/20 12:39:51.801,0,GPU-e2681f6e-8d94-2d66-484f-43ea602335f9,254.98,1410,1593,0,0,73879,47
2026/07/20 12:39:52.051,0,GPU-e2681f6e-8d94-2d66-484f-43ea602335f9,297.45,1410,1593,84,61,73879,48
2026/07/20 12:39:52.301,0,GPU-e2681f6e-8d94-2d66-484f-43ea602335f9,295.98,1410,1593,94,79,73879,49
2026/07/20 12:39:52.551,0,GPU-e2681f6e-8d94-2d66-484f-43ea602335f9,294.42,1410,1593,94,79,73879,49
2026/07/20 12:39:52.802,0,GPU-e2681f6e-8d94-2d66-484f-43ea602335f9,378.45,1410,1593,94,79,73879,50
2026/07/20 12:39:53.052,0,GPU-e2681f6e-8d94-2d66-484f-43ea602335f9,297.45,1410,1593,94,73,73879,50
2026/07/20 12:39:53.302,0,GPU-e2681f6e-8d94-2d66-484f-43ea602335f9,89.94,1410,1593,0,0,73879,44
2026/07/20 12:39:53.552,0,GPU-e2681f6e-8d94-2d66-484f-43ea602335f9,89.34,1410,1593,0,0,73879,43
2026/07/20 12:39:53.802,0,GPU-e2681f6e-8d94-2d66-484f-43ea602335f9,379.06,1410,1593,90,61,73879,42
2026/07/20 12:39:54.052,0,GPU-e2681f6e-8d94-2d66-484f-43ea602335f9,296.87,1410,1593,90,61,73879,48
2026/07/20 12:39:54.302,0,GPU-e2681f6e-8d94-2d66-484f-43ea602335f9,296.58,1410,1593,93,78,73879,49
2026/07/20 12:39:54.552,0,GPU-e2681f6e-8d94-2d66-484f-43ea602335f9,282.90,1410,1593,93,78,73879,49
2026/07/20 12:39:54.802,0,GPU-e2681f6e-8d94-2d66-484f-43ea602335f9,399.04,1410,1593,95,79,73879,51
2026/07/20 12:39:55.052,0,GPU-e2681f6e-8d94-2d66-484f-43ea602335f9,291.72,1410,1593,94,72,73879,50
2026/07/20 12:39:55.302,0,GPU-e2681f6e-8d94-2d66-484f-43ea602335f9,293.53,1410,1593,92,76,73879,50
2026/07/20 12:39:55.552,0,GPU-e2681f6e-8d94-2d66-484f-43ea602335f9,295.65,1410,1593,95,79,73879,50
2026/07/20 12:39:55.803,0,GPU-e2681f6e-8d94-2d66-484f-43ea602335f9,314.14,1410,1593,94,77,73879,50
2026/07/20 12:39:56.053,0,GPU-e2681f6e-8d94-2d66-484f-43ea602335f9,295.95,1410,1593,94,75,73879,51
2026/07/20 12:39:56.303,0,GPU-e2681f6e-8d94-2d66-484f-43ea602335f9,297.78,1410,1593,94,79,73879,51
2026/07/20 12:39:56.553,0,GPU-e2681f6e-8d94-2d66-484f-43ea602335f9,296.25,1410,1593,94,79,73879,51
2026/07/20 12:39:56.803,0,GPU-e2681f6e-8d94-2d66-484f-43ea602335f9,318.99,1410,1593,92,77,73879,53
2026/07/20 12:39:57.053,0,GPU-e2681f6e-8d94-2d66-484f-43ea602335f9,291.72,1410,1593,94,75,73879,49
2026/07/20 12:39:57.303,0,GPU-e2681f6e-8d94-2d66-484f-43ea602335f9,91.83,1410,1593,40,33,73879,45
2026/07/20 12:39:57.553,0,GPU-e2681f6e-8d94-2d66-484f-43ea602335f9,90.12,1410,1593,0,0,73879,44
2026/07/20 12:39:57.803,0,GPU-e2681f6e-8d94-2d66-484f-43ea602335f9,435.15,1410,1593,8,5,73879,50
2026/07/20 12:39:58.053,0,GPU-e2681f6e-8d94-2d66-484f-43ea602335f9,295.02,1410,1593,94,70,73879,49
2026/07/20 12:39:58.303,0,GPU-e2681f6e-8d94-2d66-484f-43ea602335f9,291.10,1410,1593,94,78,73879,50
2026/07/20 12:39:58.554,0,GPU-e2681f6e-8d94-2d66-484f-43ea602335f9,292.30,1410,1593,94,78,73879,50
2026/07/20 12:39:58.804,0,GPU-e2681f6e-8d94-2d66-484f-43ea602335f9,290.17,1410,1593,94,79,73879,51
2026/07/20 12:39:59.054,0,GPU-e2681f6e-8d94-2d66-484f-43ea602335f9,289.57,1410,1593,94,77,73879,50
2026/07/20 12:39:59.304,0,GPU-e2681f6e-8d94-2d66-484f-43ea602335f9,284.13,1410,1593,94,77,73879,50
2026/07/20 12:39:59.554,0,GPU-e2681f6e-8d94-2d66-484f-43ea602335f9,297.47,1410,1593,94,79,73879,51
2026/07/20 12:39:59.804,0,GPU-e2681f6e-8d94-2d66-484f-43ea602335f9,302.33,1410,1593,94,73,73879,53
2026/07/20 12:40:00.054,0,GPU-e2681f6e-8d94-2d66-484f-43ea602335f9,285.92,1410,1593,95,72,73879,51
2026/07/20 12:40:00.304,0,GPU-e2681f6e-8d94-2d66-484f-43ea602335f9,300.21,1410,1593,94,77,73879,51
2026/07/20 12:40:00.554,0,GPU-e2681f6e-8d94-2d66-484f-43ea602335f9,296.54,1410,1593,94,79,73879,51
2026/07/20 12:40:00.804,0,GPU-e2681f6e-8d94-2d66-484f-43ea602335f9,299.89,1410,1593,94,79,73879,48
2026/07/20 12:40:01.054,0,GPU-e2681f6e-8d94-2d66-484f-43ea602335f9,297.17,1410,1593,94,79,73879,51
2026/07/20 12:40:01.304,0,GPU-e2681f6e-8d94-2d66-484f-43ea602335f9,91.55,1410,1593,59,50,73879,46
2026/07/20 12:40:01.555,0,GPU-e2681f6e-8d94-2d66-484f-43ea602335f9,90.44,1410,1593,0,0,73879,45
2026/07/20 12:40:01.805,0,GPU-e2681f6e-8d94-2d66-484f-43ea602335f9,89.61,1410,1593,23,10,73879,51
2026/07/20 12:40:02.055,0,GPU-e2681f6e-8d94-2d66-484f-43ea602335f9,299.00,1410,1593,95,75,73879,51
2026/07/20 12:40:02.305,0,GPU-e2681f6e-8d94-2d66-484f-43ea602335f9,301.39,1410,1593,94,79,73879,50
2026/07/20 12:40:02.555,0,GPU-e2681f6e-8d94-2d66-484f-43ea602335f9,303.56,1410,1593,94,79,73879,51
2026/07/20 12:40:02.805,0,GPU-e2681f6e-8d94-2d66-484f-43ea602335f9,293.53,1410,1593,94,79,73879,51
2026/07/20 12:40:03.055,0,GPU-e2681f6e-8d94-2d66-484f-43ea602335f9,288.35,1410,1593,94,78,73879,51
2026/07/20 12:40:03.305,0,GPU-e2681f6e-8d94-2d66-484f-43ea602335f9,305.68,1410,1593,94,78,73879,51
2026/07/20 12:40:03.555,0,GPU-e2681f6e-8d94-2d66-484f-43ea602335f9,92.67,1410,1593,95,79,73879,49
2026/07/20 12:40:03.805,0,GPU-e2681f6e-8d94-2d66-484f-43ea602335f9,91.14,1410,1593,29,16,73879,50
2026/07/20 12:40:04.055,0,GPU-e2681f6e-8d94-2d66-484f-43ea602335f9,300.52,1410,1593,94,79,73879,50
2026/07/20 12:40:04.306,0,GPU-e2681f6e-8d94-2d66-484f-43ea602335f9,302.63,1410,1593,93,78,73879,51
2026/07/20 12:40:04.556,0,GPU-e2681f6e-8d94-2d66-484f-43ea602335f9,297.80,1410,1593,94,78,73879,51
2026/07/20 12:40:04.806,0,GPU-e2681f6e-8d94-2d66-484f-43ea602335f9,299.00,1410,1593,91,73,73879,51
2026/07/20 12:40:05.056,0,GPU-e2681f6e-8d94-2d66-484f-43ea602335f9,293.85,1410,1593,94,79,73879,51
2026/07/20 12:40:05.306,0,GPU-e2681f6e-8d94-2d66-484f-43ea602335f9,297.45,1410,1593,94,79,73879,51
2026/07/20 12:40:05.556,0,GPU-e2681f6e-8d94-2d66-484f-43ea602335f9,297.14,1410,1593,94,79,73879,51
2026/07/20 12:40:05.806,0,GPU-e2681f6e-8d94-2d66-484f-43ea602335f9,92.84,1410,1593,72,60,73879,49
2026/07/20 12:40:06.056,0,GPU-e2681f6e-8d94-2d66-484f-43ea602335f9,307.49,1410,1593,94,81,73879,51
2026/07/20 12:40:06.306,0,GPU-e2681f6e-8d94-2d66-484f-43ea602335f9,298.38,1410,1593,94,80,73879,51
2026/07/20 12:40:06.556,0,GPU-e2681f6e-8d94-2d66-484f-43ea602335f9,92.07,1410,1593,77,65,73879,47
2026/07/20 12:40:06.806,0,GPU-e2681f6e-8d94-2d66-484f-43ea602335f9,248.88,1410,1593,32,16,73879,47
2026/07/20 12:40:07.056,0,GPU-e2681f6e-8d94-2d66-484f-43ea602335f9,290.17,1410,1593,94,78,73879,50
2026/07/20 12:40:07.307,0,GPU-e2681f6e-8d94-2d66-484f-43ea602335f9,291.10,1410,1593,86,71,73879,51
2026/07/20 12:40:07.557,0,GPU-e2681f6e-8d94-2d66-484f-43ea602335f9,302.64,1410,1593,94,79,73879,51
2026/07/20 12:40:07.807,0,GPU-e2681f6e-8d94-2d66-484f-43ea602335f9,392.67,1410,1593,94,78,73879,52
2026/07/20 12:40:08.057,0,GPU-e2681f6e-8d94-2d66-484f-43ea602335f9,300.51,1410,1593,78,65,73879,48
2026/07/20 12:40:08.307,0,GPU-e2681f6e-8d94-2d66-484f-43ea602335f9,91.74,1410,1593,0,0,73879,46
2026/07/20 12:40:08.557,0,GPU-e2681f6e-8d94-2d66-484f-43ea602335f9,91.74,1410,1593,0,0,73879,44
2026/07/20 12:40:08.807,0,GPU-e2681f6e-8d94-2d66-484f-43ea602335f9,420.01,1410,1593,47,31,73879,44
2026/07/20 12:40:09.057,0,GPU-e2681f6e-8d94-2d66-484f-43ea602335f9,298.38,1410,1593,93,78,73879,50
2026/07/20 12:40:09.307,0,GPU-e2681f6e-8d94-2d66-484f-43ea602335f9,300.51,1410,1593,94,78,73879,50
2026/07/20 12:40:09.557,0,GPU-e2681f6e-8d94-2d66-484f-43ea602335f9,304.44,1410,1593,95,79,73879,51
2026/07/20 12:40:09.807,0,GPU-e2681f6e-8d94-2d66-484f-43ea602335f9,376.93,1410,1593,94,79,73879,51
2026/07/20 12:40:10.057,0,GPU-e2681f6e-8d94-2d66-484f-43ea602335f9,294.75,1410,1593,86,66,73879,51
2026/07/20 12:40:10.308,0,GPU-e2681f6e-8d94-2d66-484f-43ea602335f9,300.52,1410,1593,92,77,73879,51
2026/07/20 12:40:10.558,0,GPU-e2681f6e-8d94-2d66-484f-43ea602335f9,102.38,1410,1593,82,68,73879,51
2026/07/20 12:40:10.808,0,GPU-e2681f6e-8d94-2d66-484f-43ea602335f9,102.38,1410,1593,82,68,73879,52
2026/07/20 12:40:11.058,0,GPU-e2681f6e-8d94-2d66-484f-43ea602335f9,298.39,1410,1593,52,34,73879,51
2026/07/20 12:40:11.308,0,GPU-e2681f6e-8d94-2d66-484f-43ea602335f9,295.95,1410,1593,94,79,73879,52
2026/07/20 12:40:11.558,0,GPU-e2681f6e-8d94-2d66-484f-43ea602335f9,301.99,1410,1593,95,79,73879,52
2026/07/20 12:40:11.808,0,GPU-e2681f6e-8d94-2d66-484f-43ea602335f9,292.62,1410,1593,94,79,73879,52
2026/07/20 12:40:12.058,0,GPU-e2681f6e-8d94-2d66-484f-43ea602335f9,284.42,1410,1593,93,76,73879,51
2026/07/20 12:40:12.308,0,GPU-e2681f6e-8d94-2d66-484f-43ea602335f9,291.72,1410,1593,94,78,73879,51
2026/07/20 12:40:12.558,0,GPU-e2681f6e-8d94-2d66-484f-43ea602335f9,296.27,1410,1593,91,76,73879,52
2026/07/20 12:40:12.808,0,GPU-e2681f6e-8d94-2d66-484f-43ea602335f9,302.32,1410,1593,94,79,73879,52
2026/07/20 12:40:13.058,0,GPU-e2681f6e-8d94-2d66-484f-43ea602335f9,294.75,1410,1593,94,77,73879,51
2026/07/20 12:40:13.309,0,GPU-e2681f6e-8d94-2d66-484f-43ea602335f9,302.64,1410,1593,80,67,73879,52
2026/07/20 12:40:13.559,0,GPU-e2681f6e-8d94-2d66-484f-43ea602335f9,295.35,1410,1593,94,79,73879,52
2026/07/20 12:40:13.809,0,GPU-e2681f6e-8d94-2d66-484f-43ea602335f9,304.76,1410,1593,94,79,73879,52
2026/07/20 12:40:14.059,0,GPU-e2681f6e-8d94-2d66-484f-43ea602335f9,92.25,1410,1593,74,62,73879,47
2026/07/20 12:40:14.309,0,GPU-e2681f6e-8d94-2d66-484f-43ea602335f9,91.14,1410,1593,0,0,73879,45
2026/07/20 12:40:14.559,0,GPU-e2681f6e-8d94-2d66-484f-43ea602335f9,91.14,1410,1593,0,0,73879,45
2026/07/20 12:40:14.809,0,GPU-e2681f6e-8d94-2d66-484f-43ea602335f9,90.82,1410,1593,0,0,73879,45
2026/07/20 12:40:15.059,0,GPU-e2681f6e-8d94-2d66-484f-43ea602335f9,89.61,1410,1593,0,0,73879,44
2026/07/20 12:40:15.309,0,GPU-e2681f6e-8d94-2d66-484f-43ea602335f9,89.61,1410,1593,0,0,73879,43
2026/07/20 12:40:15.559,0,GPU-e2681f6e-8d94-2d66-484f-43ea602335f9,89.34,1410,1593,0,0,73879,43
2026/07/20 12:40:15.809,0,GPU-e2681f6e-8d94-2d66-484f-43ea602335f9,89.01,1410,1593,0,0,73879,43
2026/07/20 12:40:16.060,0,GPU-e2681f6e-8d94-2d66-484f-43ea602335f9,89.01,1410,1593,0,0,73879,42
2026/07/20 12:40:16.310,0,GPU-e2681f6e-8d94-2d66-484f-43ea602335f9,89.01,1410,1593,0,0,73879,42
2026/07/20 12:40:16.560,0,GPU-e2681f6e-8d94-2d66-484f-43ea602335f9,89.01,1410,1593,0,0,73879,42
2026/07/20 12:40:16.810,0,GPU-e2681f6e-8d94-2d66-484f-43ea602335f9,296.25,1410,1593,0,0,73879,42
2026/07/20 12:40:17.060,0,GPU-e2681f6e-8d94-2d66-484f-43ea602335f9,288.35,1410,1593,70,50,73879,48
2026/07/20 12:40:17.310,0,GPU-e2681f6e-8d94-2d66-484f-43ea602335f9,292.92,1410,1593,94,79,73879,49
2026/07/20 12:40:17.560,0,GPU-e2681f6e-8d94-2d66-484f-43ea602335f9,293.55,1410,1593,94,79,73879,49
2026/07/20 12:40:17.810,0,GPU-e2681f6e-8d94-2d66-484f-43ea602335f9,295.35,1410,1593,95,79,73879,50
2026/07/20 12:40:18.060,0,GPU-e2681f6e-8d94-2d66-484f-43ea602335f9,91.47,1410,1593,79,66,73879,45
2026/07/20 12:40:18.310,0,GPU-e2681f6e-8d94-2d66-484f-43ea602335f9,91.14,1410,1593,0,0,73879,44
2026/07/20 12:40:18.560,0,GPU-e2681f6e-8d94-2d66-484f-43ea602335f9,89.34,1410,1593,0,0,73879,43
2026/07/20 12:40:18.810,0,GPU-e2681f6e-8d94-2d66-484f-43ea602335f9,89.01,1410,1593,0,0,73879,50
2026/07/20 12:40:19.060,0,GPU-e2681f6e-8d94-2d66-484f-43ea602335f9,283.82,1410,1593,77,50,73879,48
2026/07/20 12:40:19.311,0,GPU-e2681f6e-8d94-2d66-484f-43ea602335f9,289.27,1410,1593,94,79,73879,49
2026/07/20 12:40:19.561,0,GPU-e2681f6e-8d94-2d66-484f-43ea602335f9,292.33,1410,1593,94,79,73879,50
2026/07/20 12:40:19.811,0,GPU-e2681f6e-8d94-2d66-484f-43ea602335f9,244.02,1410,1593,94,79,73879,49
2026/07/20 12:40:20.061,0,GPU-e2681f6e-8d94-2d66-484f-43ea602335f9,297.78,1410,1593,90,70,73879,51
2026/07/20 12:40:20.311,0,GPU-e2681f6e-8d94-2d66-484f-43ea602335f9,296.54,1410,1593,94,79,73879,51
2026/07/20 12:40:20.561,0,GPU-e2681f6e-8d94-2d66-484f-43ea602335f9,233.12,1410,1593,94,79,73879,48
2026/07/20 12:40:20.811,0,GPU-e2681f6e-8d94-2d66-484f-43ea602335f9,149.20,1410,1593,15,13,73879,49
2026/07/20 12:40:21.061,0,GPU-e2681f6e-8d94-2d66-484f-43ea602335f9,291.40,1410,1593,79,51,73879,50
2026/07/20 12:40:21.311,0,GPU-e2681f6e-8d94-2d66-484f-43ea602335f9,295.95,1410,1593,86,71,73879,51
2026/07/20 12:40:21.561,0,GPU-e2681f6e-8d94-2d66-484f-43ea602335f9,297.78,1410,1593,94,79,73879,51
2026/07/20 12:40:21.811,0,GPU-e2681f6e-8d94-2d66-484f-43ea602335f9,326.55,1410,1593,94,79,73879,51
2026/07/20 12:40:22.061,0,GPU-e2681f6e-8d94-2d66-484f-43ea602335f9,302.30,1410,1593,89,72,73879,51
2026/07/20 12:40:22.311,0,GPU-e2681f6e-8d94-2d66-484f-43ea602335f9,297.45,1410,1593,95,79,73879,51
2026/07/20 12:40:22.561,0,GPU-e2681f6e-8d94-2d66-484f-43ea602335f9,297.45,1410,1593,94,79,73879,51
2026/07/20 12:40:22.811,0,GPU-e2681f6e-8d94-2d66-484f-43ea602335f9,243.43,1410,1593,48,40,73879,52
2026/07/20 12:40:23.062,0,GPU-e2681f6e-8d94-2d66-484f-43ea602335f9,291.40,1410,1593,84,59,73879,50
2026/07/20 12:40:23.312,0,GPU-e2681f6e-8d94-2d66-484f-43ea602335f9,301.39,1410,1593,95,79,73879,51
2026/07/20 12:40:23.562,0,GPU-e2681f6e-8d94-2d66-484f-43ea602335f9,297.78,1410,1593,94,79,73879,51
2026/07/20 12:40:23.812,0,GPU-e2681f6e-8d94-2d66-484f-43ea602335f9,92.34,1410,1593,57,48,73879,47
2026/07/20 12:40:24.062,0,GPU-e2681f6e-8d94-2d66-484f-43ea602335f9,91.47,1410,1593,0,0,73879,45
2026/07/20 12:40:24.312,0,GPU-e2681f6e-8d94-2d66-484f-43ea602335f9,90.82,1410,1593,0,0,73879,44
2026/07/20 12:40:24.562,0,GPU-e2681f6e-8d94-2d66-484f-43ea602335f9,89.52,1410,1593,0,0,73879,43
2026/07/20 12:40:24.812,0,GPU-e2681f6e-8d94-2d66-484f-43ea602335f9,462.43,1410,1593,0,0,73879,46
2026/07/20 12:40:25.062,0,GPU-e2681f6e-8d94-2d66-484f-43ea602335f9,299.59,1410,1593,96,30,73879,52
2026/07/20 12:40:25.312,0,GPU-e2681f6e-8d94-2d66-484f-43ea602335f9,297.45,1410,1593,94,77,73879,51
2026/07/20 12:40:25.562,0,GPU-e2681f6e-8d94-2d66-484f-43ea602335f9,297.18,1410,1593,95,78,73879,51
2026/07/20 12:40:25.812,0,GPU-e2681f6e-8d94-2d66-484f-43ea602335f9,301.10,1410,1593,91,75,73879,53
2026/07/20 12:40:26.062,0,GPU-e2681f6e-8d94-2d66-484f-43ea602335f9,292.92,1410,1593,84,57,73879,51
2026/07/20 12:40:26.312,0,GPU-e2681f6e-8d94-2d66-484f-43ea602335f9,291.40,1410,1593,95,78,73879,51
2026/07/20 12:40:26.563,0,GPU-e2681f6e-8d94-2d66-484f-43ea602335f9,291.10,1410,1593,94,77,73879,51
2026/07/20 12:40:26.813,0,GPU-e2681f6e-8d94-2d66-484f-43ea602335f9,291.40,1410,1593,95,78,73879,51
2026/07/20 12:40:27.063,0,GPU-e2681f6e-8d94-2d66-484f-43ea602335f9,291.07,1410,1593,95,77,73879,51
2026/07/20 12:40:27.313,0,GPU-e2681f6e-8d94-2d66-484f-43ea602335f9,291.42,1410,1593,95,77,73879,51
2026/07/20 12:40:27.563,0,GPU-e2681f6e-8d94-2d66-484f-43ea602335f9,291.10,1410,1593,95,77,73879,51
2026/07/20 12:40:27.813,0,GPU-e2681f6e-8d94-2d66-484f-43ea602335f9,295.35,1410,1593,91,74,73879,51
2026/07/20 12:40:28.063,0,GPU-e2681f6e-8d94-2d66-484f-43ea602335f9,103.58,1410,1593,94,78,73879,52
2026/07/20 12:40:28.313,0,GPU-e2681f6e-8d94-2d66-484f-43ea602335f9,299.59,1410,1593,56,46,73879,51
2026/07/20 12:40:28.563,0,GPU-e2681f6e-8d94-2d66-484f-43ea602335f9,299.31,1410,1593,94,77,73879,51
2026/07/20 12:40:28.813,0,GPU-e2681f6e-8d94-2d66-484f-43ea602335f9,304.76,1410,1593,87,70,73879,54
2026/07/20 12:40:29.063,0,GPU-e2681f6e-8d94-2d66-484f-43ea602335f9,292.03,1410,1593,95,67,73879,52
2026/07/20 12:40:29.313,0,GPU-e2681f6e-8d94-2d66-484f-43ea602335f9,291.99,1410,1593,95,77,73879,52
2026/07/20 12:40:29.564,0,GPU-e2681f6e-8d94-2d66-484f-43ea602335f9,296.58,1410,1593,91,74,73879,52
2026/07/20 12:40:29.814,0,GPU-e2681f6e-8d94-2d66-484f-43ea602335f9,290.77,1410,1593,89,69,73879,56
2026/07/20 12:40:30.064,0,GPU-e2681f6e-8d94-2d66-484f-43ea602335f9,293.20,1410,1593,95,69,73879,52
2026/07/20 12:40:30.314,0,GPU-e2681f6e-8d94-2d66-484f-43ea602335f9,294.42,1410,1593,91,74,73879,52
2026/07/20 12:40:30.564,0,GPU-e2681f6e-8d94-2d66-484f-43ea602335f9,293.20,1410,1593,94,77,73879,52
2026/07/20 12:40:30.814,0,GPU-e2681f6e-8d94-2d66-484f-43ea602335f9,293.20,1410,1593,89,69,73879,55
2026/07/20 12:40:31.064,0,GPU-e2681f6e-8d94-2d66-484f-43ea602335f9,288.67,1410,1593,95,70,73879,52
2026/07/20 12:40:31.314,0,GPU-e2681f6e-8d94-2d66-484f-43ea602335f9,284.13,1410,1593,89,72,73879,52
2026/07/20 12:40:31.564,0,GPU-e2681f6e-8d94-2d66-484f-43ea602335f9,286.22,1410,1593,88,72,73879,52
2026/07/20 12:40:31.814,0,GPU-e2681f6e-8d94-2d66-484f-43ea602335f9,291.40,1410,1593,94,77,73879,52
2026/07/20 12:40:32.064,0,GPU-e2681f6e-8d94-2d66-484f-43ea602335f9,293.85,1410,1593,94,77,73879,52
2026/07/20 12:40:32.314,0,GPU-e2681f6e-8d94-2d66-484f-43ea602335f9,296.54,1410,1593,86,71,73879,52
2026/07/20 12:40:32.564,0,GPU-e2681f6e-8d94-2d66-484f-43ea602335f9,294.15,1410,1593,94,79,73879,52
2026/07/20 12:40:32.815,0,GPU-e2681f6e-8d94-2d66-484f-43ea602335f9,300.51,1410,1593,95,79,73879,52
2026/07/20 12:40:33.065,0,GPU-e2681f6e-8d94-2d66-484f-43ea602335f9,303.23,1410,1593,94,79,73879,52
2026/07/20 12:40:33.315,0,GPU-e2681f6e-8d94-2d66-484f-43ea602335f9,304.44,1410,1593,94,79,73879,52
2026/07/20 12:40:33.565,0,GPU-e2681f6e-8d94-2d66-484f-43ea602335f9,93.87,1410,1593,94,79,73879,48
2026/07/20 12:40:33.815,0,GPU-e2681f6e-8d94-2d66-484f-43ea602335f9,322.69,1410,1593,23,19,73879,53
2026/07/20 12:40:34.065,0,GPU-e2681f6e-8d94-2d66-484f-43ea602335f9,294.15,1410,1593,93,74,73879,51
2026/07/20 12:40:34.315,0,GPU-e2681f6e-8d94-2d66-484f-43ea602335f9,297.47,1410,1593,93,77,73879,52
2026/07/20 12:40:34.565,0,GPU-e2681f6e-8d94-2d66-484f-43ea602335f9,301.39,1410,1593,94,79,73879,52
2026/07/20 12:40:34.815,0,GPU-e2681f6e-8d94-2d66-484f-43ea602335f9,297.14,1410,1593,86,65,73879,54
2026/07/20 12:40:35.065,0,GPU-e2681f6e-8d94-2d66-484f-43ea602335f9,289.90,1410,1593,91,75,73879,52
2026/07/20 12:40:35.315,0,GPU-e2681f6e-8d94-2d66-484f-43ea602335f9,151.77,1410,1593,91,75,73879,49
2026/07/20 12:40:35.565,0,GPU-e2681f6e-8d94-2d66-484f-43ea602335f9,92.67,1410,1593,11,9,73879,46
2026/07/20 12:40:35.816,0,GPU-e2681f6e-8d94-2d66-484f-43ea602335f9,91.14,1410,1593,28,15,73879,50
2026/07/20 12:40:36.066,0,GPU-e2681f6e-8d94-2d66-484f-43ea602335f9,295.33,1410,1593,94,79,73879,51
2026/07/20 12:40:36.316,0,GPU-e2681f6e-8d94-2d66-484f-43ea602335f9,305.64,1410,1593,95,79,73879,52
2026/07/20 12:40:36.566,0,GPU-e2681f6e-8d94-2d66-484f-43ea602335f9,301.39,1410,1593,95,79,73879,52
2026/07/20 12:40:36.816,0,GPU-e2681f6e-8d94-2d66-484f-43ea602335f9,210.66,1410,1593,87,70,73879,52
2026/07/20 12:40:37.066,0,GPU-e2681f6e-8d94-2d66-484f-43ea602335f9,300.51,1410,1593,94,79,73879,52
2026/07/20 12:40:37.316,0,GPU-e2681f6e-8d94-2d66-484f-43ea602335f9,303.23,1410,1593,94,79,73879,52
2026/07/20 12:40:37.566,0,GPU-e2681f6e-8d94-2d66-484f-43ea602335f9,298.70,1410,1593,94,79,73879,52
2026/07/20 12:40:37.816,0,GPU-e2681f6e-8d94-2d66-484f-43ea602335f9,100.58,1410,1593,94,79,73879,49
2026/07/20 12:40:38.066,0,GPU-e2681f6e-8d94-2d66-484f-43ea602335f9,92.34,1410,1593,0,0,73879,46
2026/07/20 12:40:38.316,0,GPU-e2681f6e-8d94-2d66-484f-43ea602335f9,92.07,1410,1593,0,0,73879,45
2026/07/20 12:40:38.567,0,GPU-e2681f6e-8d94-2d66-484f-43ea602335f9,90.21,1410,1593,0,0,73879,44
2026/07/20 12:40:38.817,0,GPU-e2681f6e-8d94-2d66-484f-43ea602335f9,90.21,1410,1593,0,0,73879,44
2026/07/20 12:40:39.067,0,GPU-e2681f6e-8d94-2d66-484f-43ea602335f9,89.94,1410,1593,0,0,73879,44
2026/07/20 12:40:39.317,0,GPU-e2681f6e-8d94-2d66-484f-43ea602335f9,89.61,1410,1593,0,0,73879,43
2026/07/20 12:40:39.567,0,GPU-e2681f6e-8d94-2d66-484f-43ea602335f9,89.34,1410,1593,0,0,73879,43
2026/07/20 12:40:39.817,0,GPU-e2681f6e-8d94-2d66-484f-43ea602335f9,318.99,1410,1593,41,32,73879,46
2026/07/20 12:40:40.067,0,GPU-e2681f6e-8d94-2d66-484f-43ea602335f9,294.72,1410,1593,79,66,73879,45
2026/07/20 12:40:40.317,0,GPU-e2681f6e-8d94-2d66-484f-43ea602335f9,89.61,1410,1593,0,0,73879,44
2026/07/20 12:40:40.567,0,GPU-e2681f6e-8d94-2d66-484f-43ea602335f9,89.34,1410,1593,0,0,73879,43
2026/07/20 12:40:40.817,0,GPU-e2681f6e-8d94-2d66-484f-43ea602335f9,89.01,1410,1593,0,0,73879,43
2026/07/20 12:40:41.067,0,GPU-e2681f6e-8d94-2d66-484f-43ea602335f9,89.01,1410,1593,0,0,73879,42
2026/07/20 12:40:41.318,0,GPU-e2681f6e-8d94-2d66-484f-43ea602335f9,89.01,1410,1593,0,0,73879,42
2026/07/20 12:40:41.568,0,GPU-e2681f6e-8d94-2d66-484f-43ea602335f9,88.41,1410,1593,0,0,73879,42
2026/07/20 12:40:41.818,0,GPU-e2681f6e-8d94-2d66-484f-43ea602335f9,88.41,1410,1593,0,0,73879,48
2026/07/20 12:40:42.068,0,GPU-e2681f6e-8d94-2d66-484f-43ea602335f9,287.47,1410,1593,94,79,73879,48
2026/07/20 12:40:42.318,0,GPU-e2681f6e-8d94-2d66-484f-43ea602335f9,294.45,1410,1593,94,79,73879,49
2026/07/20 12:40:42.568,0,GPU-e2681f6e-8d94-2d66-484f-43ea602335f9,291.40,1410,1593,94,79,73879,49
2026/07/20 12:40:42.818,0,GPU-e2681f6e-8d94-2d66-484f-43ea602335f9,476.81,1410,1593,94,79,73879,56
2026/07/20 12:40:43.068,0,GPU-e2681f6e-8d94-2d66-484f-43ea602335f9,291.10,1410,1593,93,76,73879,51
2026/07/20 12:40:43.318,0,GPU-e2681f6e-8d94-2d66-484f-43ea602335f9,287.47,1410,1593,89,73,73879,51
2026/07/20 12:40:43.568,0,GPU-e2681f6e-8d94-2d66-484f-43ea602335f9,289.27,1410,1593,94,77,73879,50
2026/07/20 12:40:43.818,0,GPU-e2681f6e-8d94-2d66-484f-43ea602335f9,300.20,1410,1593,86,72,73879,51
2026/07/20 12:40:44.068,0,GPU-e2681f6e-8d94-2d66-484f-43ea602335f9,298.70,1410,1593,94,78,73879,51
2026/07/20 12:40:44.319,0,GPU-e2681f6e-8d94-2d66-484f-43ea602335f9,293.53,1410,1593,94,78,73879,51
2026/07/20 12:40:44.569,0,GPU-e2681f6e-8d94-2d66-484f-43ea602335f9,305.08,1410,1593,94,78,73879,51
2026/07/20 12:40:44.819,0,GPU-e2681f6e-8d94-2d66-484f-43ea602335f9,297.47,1410,1593,94,78,73879,52
2026/07/20 12:40:45.069,0,GPU-e2681f6e-8d94-2d66-484f-43ea602335f9,293.82,1410,1593,94,78,73879,51
2026/07/20 12:40:45.319,0,GPU-e2681f6e-8d94-2d66-484f-43ea602335f9,300.83,1410,1593,94,79,73879,51
2026/07/20 12:40:45.569,0,GPU-e2681f6e-8d94-2d66-484f-43ea602335f9,299.58,1410,1593,94,78,73879,52
2026/07/20 12:40:45.819,0,GPU-e2681f6e-8d94-2d66-484f-43ea602335f9,297.80,1410,1593,95,79,73879,53
2026/07/20 12:40:46.069,0,GPU-e2681f6e-8d94-2d66-484f-43ea602335f9,283.49,1410,1593,91,66,73879,52
2026/07/20 12:40:46.319,0,GPU-e2681f6e-8d94-2d66-484f-43ea602335f9,288.38,1410,1593,94,77,73879,51
2026/07/20 12:40:46.569,0,GPU-e2681f6e-8d94-2d66-484f-43ea602335f9,288.67,1410,1593,95,77,73879,51
2026/07/20 12:40:46.819,0,GPU-e2681f6e-8d94-2d66-484f-43ea602335f9,286.53,1410,1593,94,77,73879,52
2026/07/20 12:40:47.069,0,GPU-e2681f6e-8d94-2d66-484f-43ea602335f9,284.13,1410,1593,91,74,73879,52
2026/07/20 12:40:47.320,0,GPU-e2681f6e-8d94-2d66-484f-43ea602335f9,291.72,1410,1593,89,73,73879,51
2026/07/20 12:40:47.570,0,GPU-e2681f6e-8d94-2d66-484f-43ea602335f9,292.33,1410,1593,95,77,73879,52
2026/07/20 12:40:47.820,0,GPU-e2681f6e-8d94-2d66-484f-43ea602335f9,104.07,1410,1593,95,77,73879,52
2026/07/20 12:40:48.070,0,GPU-e2681f6e-8d94-2d66-484f-43ea602335f9,293.23,1410,1593,62,51,73879,51
2026/07/20 12:40:48.320,0,GPU-e2681f6e-8d94-2d66-484f-43ea602335f9,292.33,1410,1593,91,75,73879,51
2026/07/20 12:40:48.570,0,GPU-e2681f6e-8d94-2d66-484f-43ea602335f9,298.38,1410,1593,94,78,73879,52
2026/07/20 12:40:48.820,0,GPU-e2681f6e-8d94-2d66-484f-43ea602335f9,300.17,1410,1593,95,78,73879,55
2026/07/20 12:40:49.070,0,GPU-e2681f6e-8d94-2d66-484f-43ea602335f9,294.75,1410,1593,95,77,73879,52
2026/07/20 12:40:49.320,0,GPU-e2681f6e-8d94-2d66-484f-43ea602335f9,285.02,1410,1593,94,77,73879,52
2026/07/20 12:40:49.570,0,GPU-e2681f6e-8d94-2d66-484f-43ea602335f9,289.60,1410,1593,94,77,73879,52
2026/07/20 12:40:49.820,0,GPU-e2681f6e-8d94-2d66-484f-43ea602335f9,291.42,1410,1593,95,77,73879,52
2026/07/20 12:40:50.070,0,GPU-e2681f6e-8d94-2d66-484f-43ea602335f9,293.20,1410,1593,91,72,73879,52
2026/07/20 12:40:50.321,0,GPU-e2681f6e-8d94-2d66-484f-43ea602335f9,290.20,1410,1593,88,72,73879,52
2026/07/20 12:40:50.571,0,GPU-e2681f6e-8d94-2d66-484f-43ea602335f9,295.65,1410,1593,95,78,73879,52
2026/07/20 12:40:50.821,0,GPU-e2681f6e-8d94-2d66-484f-43ea602335f9,296.25,1410,1593,94,78,73879,54
2026/07/20 12:40:51.071,0,GPU-e2681f6e-8d94-2d66-484f-43ea602335f9,288.05,1410,1593,81,55,73879,52
2026/07/20 12:40:51.321,0,GPU-e2681f6e-8d94-2d66-484f-43ea602335f9,285.95,1410,1593,95,78,73879,52
2026/07/20 12:40:51.571,0,GPU-e2681f6e-8d94-2d66-484f-43ea602335f9,288.38,1410,1593,94,77,73879,52
2026/07/20 12:40:51.821,0,GPU-e2681f6e-8d94-2d66-484f-43ea602335f9,300.51,1410,1593,79,66,73879,52
2026/07/20 12:40:52.071,0,GPU-e2681f6e-8d94-2d66-484f-43ea602335f9,297.14,1410,1593,78,63,73879,50
2026/07/20 12:40:52.321,0,GPU-e2681f6e-8d94-2d66-484f-43ea602335f9,92.34,1410,1593,76,64,73879,47
2026/07/20 12:40:52.571,0,GPU-e2681f6e-8d94-2d66-484f-43ea602335f9,91.74,1410,1593,0,0,73879,46
2026/07/20 12:40:52.821,0,GPU-e2681f6e-8d94-2d66-484f-43ea602335f9,241.29,1410,1593,0,0,73879,50
2026/07/20 12:40:53.071,0,GPU-e2681f6e-8d94-2d66-484f-43ea602335f9,295.35,1410,1593,79,57,73879,50
2026/07/20 12:40:53.322,0,GPU-e2681f6e-8d94-2d66-484f-43ea602335f9,299.31,1410,1593,94,79,73879,51
2026/07/20 12:40:53.572,0,GPU-e2681f6e-8d94-2d66-484f-43ea602335f9,296.25,1410,1593,94,79,73879,52
2026/07/20 12:40:53.822,0,GPU-e2681f6e-8d94-2d66-484f-43ea602335f9,305.36,1410,1593,94,79,73879,52
2026/07/20 12:40:54.072,0,GPU-e2681f6e-8d94-2d66-484f-43ea602335f9,302.32,1410,1593,91,73,73879,52
2026/07/20 12:40:54.322,0,GPU-e2681f6e-8d94-2d66-484f-43ea602335f9,305.04,1410,1593,95,79,73879,52
2026/07/20 12:40:54.572,0,GPU-e2681f6e-8d94-2d66-484f-43ea602335f9,99.65,1410,1593,46,38,73879,48
2026/07/20 12:40:54.822,0,GPU-e2681f6e-8d94-2d66-484f-43ea602335f9,369.36,1410,1593,0,0,73879,49
2026/07/20 12:40:55.072,0,GPU-e2681f6e-8d94-2d66-484f-43ea602335f9,296.58,1410,1593,77,28,73879,54
2026/07/20 12:40:55.322,0,GPU-e2681f6e-8d94-2d66-484f-43ea602335f9,291.72,1410,1593,94,77,73879,52
2026/07/20 12:40:55.572,0,GPU-e2681f6e-8d94-2d66-484f-43ea602335f9,288.65,1410,1593,95,77,73879,52
2026/07/20 12:40:55.822,0,GPU-e2681f6e-8d94-2d66-484f-43ea602335f9,330.80,1410,1593,91,75,73879,52
2026/07/20 12:40:56.072,0,GPU-e2681f6e-8d94-2d66-484f-43ea602335f9,290.17,1410,1593,89,70,73879,51
2026/07/20 12:40:56.322,0,GPU-e2681f6e-8d94-2d66-484f-43ea602335f9,281.08,1410,1593,88,72,73879,51
2026/07/20 12:40:56.572,0,GPU-e2681f6e-8d94-2d66-484f-43ea602335f9,299.90,1410,1593,94,78,73879,52
2026/07/20 12:40:56.823,0,GPU-e2681f6e-8d94-2d66-484f-43ea602335f9,303.84,1410,1593,95,78,73879,55
2026/07/20 12:40:57.073,0,GPU-e2681f6e-8d94-2d66-484f-43ea602335f9,287.45,1410,1593,92,66,73879,53
2026/07/20 12:40:57.323,0,GPU-e2681f6e-8d94-2d66-484f-43ea602335f9,282.93,1410,1593,95,77,73879,52
2026/07/20 12:40:57.573,0,GPU-e2681f6e-8d94-2d66-484f-43ea602335f9,292.33,1410,1593,94,77,73879,52
2026/07/20 12:40:57.823,0,GPU-e2681f6e-8d94-2d66-484f-43ea602335f9,294.12,1410,1593,94,77,73879,52
2026/07/20 12:40:58.073,0,GPU-e2681f6e-8d94-2d66-484f-43ea602335f9,297.78,1410,1593,94,77,73879,52
2026/07/20 12:40:58.323,0,GPU-e2681f6e-8d94-2d66-484f-43ea602335f9,299.27,1410,1593,94,79,73879,53
2026/07/20 12:40:58.573,0,GPU-e2681f6e-8d94-2d66-484f-43ea602335f9,305.68,1410,1593,94,79,73879,53
2026/07/20 12:40:58.823,0,GPU-e2681f6e-8d94-2d66-484f-43ea602335f9,195.05,1410,1593,91,76,73879,52
2026/07/20 12:40:59.073,0,GPU-e2681f6e-8d94-2d66-484f-43ea602335f9,303.84,1410,1593,82,66,73879,53
2026/07/20 12:40:59.323,0,GPU-e2681f6e-8d94-2d66-484f-43ea602335f9,92.67,1410,1593,73,61,73879,48
2026/07/20 12:40:59.573,0,GPU-e2681f6e-8d94-2d66-484f-43ea602335f9,92.57,1410,1593,0,0,73879,46
2026/07/20 12:40:59.824,0,GPU-e2681f6e-8d94-2d66-484f-43ea602335f9,90.54,1410,1593,0,0,73879,45
2026/07/20 12:41:00.074,0,GPU-e2681f6e-8d94-2d66-484f-43ea602335f9,90.21,1410,1593,0,0,73879,45
2026/07/20 12:41:00.324,0,GPU-e2681f6e-8d94-2d66-484f-43ea602335f9,89.94,1410,1593,0,0,73879,44
2026/07/20 12:41:00.574,0,GPU-e2681f6e-8d94-2d66-484f-43ea602335f9,89.94,1410,1593,0,0,73879,44
2026/07/20 12:41:00.824,0,GPU-e2681f6e-8d94-2d66-484f-43ea602335f9,460.16,1410,1593,2,1,73879,45
2026/07/20 12:41:01.074,0,GPU-e2681f6e-8d94-2d66-484f-43ea602335f9,289.60,1410,1593,93,67,73879,50
2026/07/20 12:41:01.324,0,GPU-e2681f6e-8d94-2d66-484f-43ea602335f9,291.99,1410,1593,94,79,73879,51
2026/07/20 12:41:01.574,0,GPU-e2681f6e-8d94-2d66-484f-43ea602335f9,294.15,1410,1593,94,79,73879,51
2026/07/20 12:41:01.824,0,GPU-e2681f6e-8d94-2d66-484f-43ea602335f9,290.47,1410,1593,94,79,73879,51
2026/07/20 12:41:02.074,0,GPU-e2681f6e-8d94-2d66-484f-43ea602335f9,286.54,1410,1593,94,78,73879,51
2026/07/20 12:41:02.324,0,GPU-e2681f6e-8d94-2d66-484f-43ea602335f9,290.50,1410,1593,94,78,73879,51
2026/07/20 12:41:02.574,0,GPU-e2681f6e-8d94-2d66-484f-43ea602335f9,292.92,1410,1593,94,78,73879,52
2026/07/20 12:41:02.825,0,GPU-e2681f6e-8d94-2d66-484f-43ea602335f9,224.02,1410,1593,78,58,73879,55
2026/07/20 12:41:03.075,0,GPU-e2681f6e-8d94-2d66-484f-43ea602335f9,206.62,1410,1593,92,72,73879,51
2026/07/20 12:41:03.325,0,GPU-e2681f6e-8d94-2d66-484f-43ea602335f9,296.58,1410,1593,89,74,73879,52
2026/07/20 12:41:03.575,0,GPU-e2681f6e-8d94-2d66-484f-43ea602335f9,301.39,1410,1593,94,79,73879,52
2026/07/20 12:41:03.825,0,GPU-e2681f6e-8d94-2d66-484f-43ea602335f9,298.07,1410,1593,94,79,73879,52
2026/07/20 12:41:04.075,0,GPU-e2681f6e-8d94-2d66-484f-43ea602335f9,92.67,1410,1593,33,28,73879,48
2026/07/20 12:41:04.325,0,GPU-e2681f6e-8d94-2d66-484f-43ea602335f9,298.98,1410,1593,94,79,73879,51
2026/07/20 12:41:05.530,0,GPU-e2681f6e-8d94-2d66-484f-43ea602335f9,291.42,1410,1593,94,79,73879,51
2026/07/20 12:41:05.780,0,GPU-e2681f6e-8d94-2d66-484f-43ea602335f9,279.56,1410,1593,95,79,73879,51
2026/07/20 12:41:06.030,0,GPU-e2681f6e-8d94-2d66-484f-43ea602335f9,294.42,1410,1593,94,79,73879,52
2026/07/20 12:41:06.280,0,GPU-e2681f6e-8d94-2d66-484f-43ea602335f9,301.72,1410,1593,94,79,73879,52
2026/07/20 12:41:06.530,0,GPU-e2681f6e-8d94-2d66-484f-43ea602335f9,300.51,1410,1593,94,79,73879,52
2026/07/20 12:41:06.780,0,GPU-e2681f6e-8d94-2d66-484f-43ea602335f9,135.97,1410,1593,94,79,73879,48
2026/07/20 12:41:07.030,0,GPU-e2681f6e-8d94-2d66-484f-43ea602335f9,300.17,1410,1593,95,75,73879,52
2026/07/20 12:41:07.280,0,GPU-e2681f6e-8d94-2d66-484f-43ea602335f9,300.20,1410,1593,94,79,73879,52
2026/07/20 12:41:07.530,0,GPU-e2681f6e-8d94-2d66-484f-43ea602335f9,298.67,1410,1593,94,79,73879,52
2026/07/20 12:41:07.780,0,GPU-e2681f6e-8d94-2d66-484f-43ea602335f9,297.80,1410,1593,94,79,73879,51
2026/07/20 12:41:08.030,0,GPU-e2681f6e-8d94-2d66-484f-43ea602335f9,295.35,1410,1593,88,62,73879,52
2026/07/20 12:41:08.280,0,GPU-e2681f6e-8d94-2d66-484f-43ea602335f9,288.35,1410,1593,94,78,73879,52
2026/07/20 12:41:08.531,0,GPU-e2681f6e-8d94-2d66-484f-43ea602335f9,301.43,1410,1593,94,77,73879,52
2026/07/20 12:41:08.781,0,GPU-e2681f6e-8d94-2d66-484f-43ea602335f9,300.20,1410,1593,91,76,73879,53
2026/07/20 12:41:09.031,0,GPU-e2681f6e-8d94-2d66-484f-43ea602335f9,93.60,1410,1593,94,79,73879,48
2026/07/20 12:41:09.281,0,GPU-e2681f6e-8d94-2d66-484f-43ea602335f9,92.67,1410,1593,28,23,73879,46
2026/07/20 12:41:09.531,0,GPU-e2681f6e-8d94-2d66-484f-43ea602335f9,91.97,1410,1593,0,0,73879,45
2026/07/20 12:41:09.781,0,GPU-e2681f6e-8d94-2d66-484f-43ea602335f9,394.79,1410,1593,0,0,73879,48
2026/07/20 12:41:10.031,0,GPU-e2681f6e-8d94-2d66-484f-43ea602335f9,284.45,1410,1593,94,78,73879,50
2026/07/20 12:41:10.281,0,GPU-e2681f6e-8d94-2d66-484f-43ea602335f9,270.47,1410,1593,88,73,73879,51
2026/07/20 12:41:10.531,0,GPU-e2681f6e-8d94-2d66-484f-43ea602335f9,300.79,1410,1593,94,79,73879,51
2026/07/20 12:41:10.781,0,GPU-e2681f6e-8d94-2d66-484f-43ea602335f9,301.10,1410,1593,94,79,73879,53
2026/07/20 12:41:11.031,0,GPU-e2681f6e-8d94-2d66-484f-43ea602335f9,285.33,1410,1593,91,73,73879,52
2026/07/20 12:41:11.281,0,GPU-e2681f6e-8d94-2d66-484f-43ea602335f9,301.12,1410,1593,69,58,73879,48
2026/07/20 12:41:11.532,0,GPU-e2681f6e-8d94-2d66-484f-43ea602335f9,92.67,1410,1593,0,0,73879,46
2026/07/20 12:41:11.782,0,GPU-e2681f6e-8d94-2d66-484f-43ea602335f9,91.74,1410,1593,0,0,73879,49
2026/07/20 12:41:12.032,0,GPU-e2681f6e-8d94-2d66-484f-43ea602335f9,299.90,1410,1593,43,22,73879,51
2026/07/20 12:41:12.282,0,GPU-e2681f6e-8d94-2d66-484f-43ea602335f9,297.45,1410,1593,94,79,73879,51
2026/07/20 12:41:12.532,0,GPU-e2681f6e-8d94-2d66-484f-43ea602335f9,303.84,1410,1593,94,79,73879,52
2026/07/20 12:41:12.782,0,GPU-e2681f6e-8d94-2d66-484f-43ea602335f9,296.87,1410,1593,94,78,73879,52
2026/07/20 12:41:13.032,0,GPU-e2681f6e-8d94-2d66-484f-43ea602335f9,293.55,1410,1593,94,78,73879,52
2026/07/20 12:41:13.282,0,GPU-e2681f6e-8d94-2d66-484f-43ea602335f9,98.12,1410,1593,82,68,73879,47
2026/07/20 12:41:13.532,0,GPU-e2681f6e-8d94-2d66-484f-43ea602335f9,90.82,1410,1593,0,0,73879,45
2026/07/20 12:41:13.782,0,GPU-e2681f6e-8d94-2d66-484f-43ea602335f9,90.21,1410,1593,0,0,73879,45
2026/07/20 12:41:14.032,0,GPU-e2681f6e-8d94-2d66-484f-43ea602335f9,288.67,1410,1593,94,77,73879,50
2026/07/20 12:41:14.282,0,GPU-e2681f6e-8d94-2d66-484f-43ea602335f9,303.84,1410,1593,86,72,73879,51
2026/07/20 12:41:14.532,0,GPU-e2681f6e-8d94-2d66-484f-43ea602335f9,294.12,1410,1593,94,79,73879,51
2026/07/20 12:41:14.782,0,GPU-e2681f6e-8d94-2d66-484f-43ea602335f9,290.80,1410,1593,94,79,73879,51
2026/07/20 12:41:15.033,0,GPU-e2681f6e-8d94-2d66-484f-43ea602335f9,91.47,1410,1593,77,65,73879,47
2026/07/20 12:41:15.283,0,GPU-e2681f6e-8d94-2d66-484f-43ea602335f9,90.54,1410,1593,0,0,73879,45
2026/07/20 12:41:15.533,0,GPU-e2681f6e-8d94-2d66-484f-43ea602335f9,90.21,1410,1593,0,0,73879,44
2026/07/20 12:41:15.783,0,GPU-e2681f6e-8d94-2d66-484f-43ea602335f9,89.61,1410,1593,0,0,73879,48
2026/07/20 12:41:16.033,0,GPU-e2681f6e-8d94-2d66-484f-43ea602335f9,295.33,1410,1593,50,37,73879,49
2026/07/20 12:41:16.283,0,GPU-e2681f6e-8d94-2d66-484f-43ea602335f9,297.78,1410,1593,94,79,73879,50
2026/07/20 12:41:16.533,0,GPU-e2681f6e-8d94-2d66-484f-43ea602335f9,295.67,1410,1593,93,78,73879,51
2026/07/20 12:41:16.783,0,GPU-e2681f6e-8d94-2d66-484f-43ea602335f9,298.98,1410,1593,94,79,73879,50
2026/07/20 12:41:17.033,0,GPU-e2681f6e-8d94-2d66-484f-43ea602335f9,290.80,1410,1593,89,63,73879,52
2026/07/20 12:41:17.283,0,GPU-e2681f6e-8d94-2d66-484f-43ea602335f9,193.97,1410,1593,80,66,73879,51
2026/07/20 12:41:17.533,0,GPU-e2681f6e-8d94-2d66-484f-43ea602335f9,298.67,1410,1593,95,79,73879,52
2026/07/20 12:41:17.783,0,GPU-e2681f6e-8d94-2d66-484f-43ea602335f9,94.19,1410,1593,84,70,73879,53
2026/07/20 12:41:18.034,0,GPU-e2681f6e-8d94-2d66-484f-43ea602335f9,299.00,1410,1593,64,45,73879,52
2026/07/20 12:41:18.284,0,GPU-e2681f6e-8d94-2d66-484f-43ea602335f9,300.20,1410,1593,94,79,73879,52
2026/07/20 12:41:18.534,0,GPU-e2681f6e-8d94-2d66-484f-43ea602335f9,299.58,1410,1593,94,79,73879,52
2026/07/20 12:41:18.784,0,GPU-e2681f6e-8d94-2d66-484f-43ea602335f9,134.91,1410,1593,95,79,73879,54
2026/07/20 12:41:19.034,0,GPU-e2681f6e-8d94-2d66-484f-43ea602335f9,297.14,1410,1593,84,56,73879,52
2026/07/20 12:41:19.284,0,GPU-e2681f6e-8d94-2d66-484f-43ea602335f9,297.47,1410,1593,94,78,73879,52
2026/07/20 12:41:19.534,0,GPU-e2681f6e-8d94-2d66-484f-43ea602335f9,299.90,1410,1593,94,79,73879,52
2026/07/20 12:41:19.784,0,GPU-e2681f6e-8d94-2d66-484f-43ea602335f9,299.00,1410,1593,94,79,73879,52
2026/07/20 12:41:20.034,0,GPU-e2681f6e-8d94-2d66-484f-43ea602335f9,300.79,1410,1593,94,79,73879,52
2026/07/20 12:41:20.284,0,GPU-e2681f6e-8d94-2d66-484f-43ea602335f9,299.27,1410,1593,94,79,73879,52
2026/07/20 12:41:20.534,0,GPU-e2681f6e-8d94-2d66-484f-43ea602335f9,93.26,1410,1593,94,79,73879,48
2026/07/20 12:41:20.785,0,GPU-e2681f6e-8d94-2d66-484f-43ea602335f9,264.36,1410,1593,0,0,73879,46
2026/07/20 12:41:21.035,0,GPU-e2681f6e-8d94-2d66-484f-43ea602335f9,290.17,1410,1593,69,43,73879,51
2026/07/20 12:41:21.285,0,GPU-e2681f6e-8d94-2d66-484f-43ea602335f9,287.74,1410,1593,95,78,73879,51
2026/07/20 12:41:21.535,0,GPU-e2681f6e-8d94-2d66-484f-43ea602335f9,297.14,1410,1593,94,78,73879,52
2026/07/20 12:41:21.785,0,GPU-e2681f6e-8d94-2d66-484f-43ea602335f9,382.05,1410,1593,94,79,73879,57
2026/07/20 12:41:22.035,0,GPU-e2681f6e-8d94-2d66-484f-43ea602335f9,294.75,1410,1593,95,67,73879,52
2026/07/20 12:41:22.285,0,GPU-e2681f6e-8d94-2d66-484f-43ea602335f9,297.47,1410,1593,94,78,73879,52
2026/07/20 12:41:22.535,0,GPU-e2681f6e-8d94-2d66-484f-43ea602335f9,302.30,1410,1593,94,79,73879,52
2026/07/20 12:41:22.785,0,GPU-e2681f6e-8d94-2d66-484f-43ea602335f9,367.83,1410,1593,94,79,73879,53
2026/07/20 12:41:23.035,0,GPU-e2681f6e-8d94-2d66-484f-43ea602335f9,286.82,1410,1593,90,65,73879,53
2026/07/20 12:41:23.285,0,GPU-e2681f6e-8d94-2d66-484f-43ea602335f9,298.98,1410,1593,92,76,73879,53
2026/07/20 12:41:23.535,0,GPU-e2681f6e-8d94-2d66-484f-43ea602335f9,301.43,1410,1593,94,79,73879,53
2026/07/20 12:41:23.785,0,GPU-e2681f6e-8d94-2d66-484f-43ea602335f9,401.49,1410,1593,38,32,73879,55
2026/07/20 12:41:24.035,0,GPU-e2681f6e-8d94-2d66-484f-43ea602335f9,292.30,1410,1593,84,56,73879,55
2026/07/20 12:41:24.286,0,GPU-e2681f6e-8d94-2d66-484f-43ea602335f9,298.67,1410,1593,94,79,73879,53
2026/07/20 12:41:24.536,0,GPU-e2681f6e-8d94-2d66-484f-43ea602335f9,301.43,1410,1593,95,79,73879,53
2026/07/20 12:41:24.786,0,GPU-e2681f6e-8d94-2d66-484f-43ea602335f9,299.00,1410,1593,94,79,73879,57
2026/07/20 12:41:25.036,0,GPU-e2681f6e-8d94-2d66-484f-43ea602335f9,302.32,1410,1593,94,63,73879,53
2026/07/20 12:41:25.286,0,GPU-e2681f6e-8d94-2d66-484f-43ea602335f9,302.63,1410,1593,94,79,73879,53
2026/07/20 12:41:25.536,0,GPU-e2681f6e-8d94-2d66-484f-43ea602335f9,297.80,1410,1593,94,79,73879,53
2026/07/20 12:41:25.786,0,GPU-e2681f6e-8d94-2d66-484f-43ea602335f9,297.18,1410,1593,94,79,73879,54
2026/07/20 12:41:26.036,0,GPU-e2681f6e-8d94-2d66-484f-43ea602335f9,294.15,1410,1593,92,69,73879,53
2026/07/20 12:41:26.286,0,GPU-e2681f6e-8d94-2d66-484f-43ea602335f9,299.59,1410,1593,94,78,73879,53
2026/07/20 12:41:26.536,0,GPU-e2681f6e-8d94-2d66-484f-43ea602335f9,301.99,1410,1593,94,79,73879,53
2026/07/20 12:41:26.786,0,GPU-e2681f6e-8d94-2d66-484f-43ea602335f9,299.86,1410,1593,95,79,73879,56
2026/07/20 12:41:27.036,0,GPU-e2681f6e-8d94-2d66-484f-43ea602335f9,294.45,1410,1593,92,67,73879,53
2026/07/20 12:41:27.286,0,GPU-e2681f6e-8d94-2d66-484f-43ea602335f9,305.36,1410,1593,95,79,73879,53
2026/07/20 12:41:27.537,0,GPU-e2681f6e-8d94-2d66-484f-43ea602335f9,292.62,1410,1593,94,79,73879,53
2026/07/20 12:41:27.787,0,GPU-e2681f6e-8d94-2d66-484f-43ea602335f9,302.32,1410,1593,94,78,73879,53
2026/07/20 12:41:28.037,0,GPU-e2681f6e-8d94-2d66-484f-43ea602335f9,287.15,1410,1593,91,66,73879,53
2026/07/20 12:41:28.287,0,GPU-e2681f6e-8d94-2d66-484f-43ea602335f9,293.53,1410,1593,95,78,73879,53
2026/07/20 12:41:28.537,0,GPU-e2681f6e-8d94-2d66-484f-43ea602335f9,291.40,1410,1593,94,78,73879,53
2026/07/20 12:41:28.787,0,GPU-e2681f6e-8d94-2d66-484f-43ea602335f9,296.27,1410,1593,95,78,73879,53
2026/07/20 12:41:29.037,0,GPU-e2681f6e-8d94-2d66-484f-43ea602335f9,285.95,1410,1593,94,77,73879,53
2026/07/20 12:41:29.287,0,GPU-e2681f6e-8d94-2d66-484f-43ea602335f9,285.92,1410,1593,92,75,73879,53
2026/07/20 12:41:29.537,0,GPU-e2681f6e-8d94-2d66-484f-43ea602335f9,295.02,1410,1593,94,78,73879,53
2026/07/20 12:41:29.787,0,GPU-e2681f6e-8d94-2d66-484f-43ea602335f9,305.35,1410,1593,89,73,73879,55
2026/07/20 12:41:30.037,0,GPU-e2681f6e-8d94-2d66-484f-43ea602335f9,292.60,1410,1593,96,68,73879,54
2026/07/20 12:41:30.287,0,GPU-e2681f6e-8d94-2d66-484f-43ea602335f9,296.25,1410,1593,94,77,73879,53
2026/07/20 12:41:30.537,0,GPU-e2681f6e-8d94-2d66-484f-43ea602335f9,285.92,1410,1593,94,77,73879,53
2026/07/20 12:41:30.787,0,GPU-e2681f6e-8d94-2d66-484f-43ea602335f9,291.99,1410,1593,92,73,73879,55
2026/07/20 12:41:31.038,0,GPU-e2681f6e-8d94-2d66-484f-43ea602335f9,291.99,1410,1593,95,75,73879,53
2026/07/20 12:41:31.288,0,GPU-e2681f6e-8d94-2d66-484f-43ea602335f9,288.05,1410,1593,94,77,73879,53
2026/07/20 12:41:31.538,0,GPU-e2681f6e-8d94-2d66-484f-43ea602335f9,291.40,1410,1593,95,78,73879,53
2026/07/20 12:41:31.788,0,GPU-e2681f6e-8d94-2d66-484f-43ea602335f9,312.34,1410,1593,94,78,73879,55
2026/07/20 12:41:32.038,0,GPU-e2681f6e-8d94-2d66-484f-43ea602335f9,248.27,1410,1593,95,73,73879,52
2026/07/20 12:41:32.288,0,GPU-e2681f6e-8d94-2d66-484f-43ea602335f9,290.77,1410,1593,83,68,73879,53
2026/07/20 12:41:32.538,0,GPU-e2681f6e-8d94-2d66-484f-43ea602335f9,290.50,1410,1593,94,78,73879,53
2026/07/20 12:41:32.788,0,GPU-e2681f6e-8d94-2d66-484f-43ea602335f9,295.65,1410,1593,91,72,73879,55
2026/07/20 12:41:33.038,0,GPU-e2681f6e-8d94-2d66-484f-43ea602335f9,294.72,1410,1593,91,75,73879,53
2026/07/20 12:41:33.288,0,GPU-e2681f6e-8d94-2d66-484f-43ea602335f9,293.23,1410,1593,91,75,73879,53
2026/07/20 12:41:33.538,0,GPU-e2681f6e-8d94-2d66-484f-43ea602335f9,297.14,1410,1593,94,79,73879,53
2026/07/20 12:41:33.788,0,GPU-e2681f6e-8d94-2d66-484f-43ea602335f9,295.02,1410,1593,83,66,73879,57
2026/07/20 12:41:34.038,0,GPU-e2681f6e-8d94-2d66-484f-43ea602335f9,289.87,1410,1593,95,70,73879,54
2026/07/20 12:41:34.288,0,GPU-e2681f6e-8d94-2d66-484f-43ea602335f9,295.67,1410,1593,82,67,73879,53
2026/07/20 12:41:34.539,0,GPU-e2681f6e-8d94-2d66-484f-43ea602335f9,247.40,1410,1593,94,78,73879,53
2026/07/20 12:41:34.789,0,GPU-e2681f6e-8d94-2d66-484f-43ea602335f9,295.33,1410,1593,87,72,73879,53
2026/07/20 12:41:35.039,0,GPU-e2681f6e-8d94-2d66-484f-43ea602335f9,313.21,1410,1593,88,68,73879,54
2026/07/20 12:41:35.289,0,GPU-e2681f6e-8d94-2d66-484f-43ea602335f9,211.86,1410,1593,94,77,73879,53
2026/07/20 12:41:35.539,0,GPU-e2681f6e-8d94-2d66-484f-43ea602335f9,290.77,1410,1593,91,75,73879,53
2026/07/20 12:41:35.789,0,GPU-e2681f6e-8d94-2d66-484f-43ea602335f9,154.50,1410,1593,86,71,73879,53
2026/07/20 12:41:36.039,0,GPU-e2681f6e-8d94-2d66-484f-43ea602335f9,301.72,1410,1593,94,79,73879,53
2026/07/20 12:41:36.289,0,GPU-e2681f6e-8d94-2d66-484f-43ea602335f9,302.64,1410,1593,94,79,73879,54
2026/07/20 12:41:36.539,0,GPU-e2681f6e-8d94-2d66-484f-43ea602335f9,299.00,1410,1593,94,79,73879,54
2026/07/20 12:41:36.789,0,GPU-e2681f6e-8d94-2d66-484f-43ea602335f9,136.11,1410,1593,94,79,73879,52
2026/07/20 12:41:37.039,0,GPU-e2681f6e-8d94-2d66-484f-43ea602335f9,298.11,1410,1593,89,67,73879,54
2026/07/20 12:41:37.290,0,GPU-e2681f6e-8d94-2d66-484f-43ea602335f9,290.47,1410,1593,94,78,73879,54
2026/07/20 12:41:37.540,0,GPU-e2681f6e-8d94-2d66-484f-43ea602335f9,286.85,1410,1593,94,78,73879,53
2026/07/20 12:41:37.790,0,GPU-e2681f6e-8d94-2d66-484f-43ea602335f9,99.33,1410,1593,95,78,73879,50
2026/07/20 12:41:38.040,0,GPU-e2681f6e-8d94-2d66-484f-43ea602335f9,93.60,1410,1593,40,34,73879,48
2026/07/20 12:41:38.290,0,GPU-e2681f6e-8d94-2d66-484f-43ea602335f9,92.34,1410,1593,0,0,73879,46
2026/07/20 12:41:38.540,0,GPU-e2681f6e-8d94-2d66-484f-43ea602335f9,92.34,1410,1593,0,0,73879,46
2026/07/20 12:41:38.790,0,GPU-e2681f6e-8d94-2d66-484f-43ea602335f9,233.39,1410,1593,22,9,73879,45
2026/07/20 12:41:39.040,0,GPU-e2681f6e-8d94-2d66-484f-43ea602335f9,284.45,1410,1593,94,69,73879,51
2026/07/20 12:41:39.290,0,GPU-e2681f6e-8d94-2d66-484f-43ea602335f9,289.27,1410,1593,88,73,73879,51
2026/07/20 12:41:39.540,0,GPU-e2681f6e-8d94-2d66-484f-43ea602335f9,302.63,1410,1593,89,74,73879,52
2026/07/20 12:41:39.790,0,GPU-e2681f6e-8d94-2d66-484f-43ea602335f9,298.39,1410,1593,95,79,73879,55
2026/07/20 12:41:40.041,0,GPU-e2681f6e-8d94-2d66-484f-43ea602335f9,262.61,1410,1593,84,56,73879,53
2026/07/20 12:41:40.291,0,GPU-e2681f6e-8d94-2d66-484f-43ea602335f9,299.27,1410,1593,94,78,73879,53
2026/07/20 12:41:40.541,0,GPU-e2681f6e-8d94-2d66-484f-43ea602335f9,296.87,1410,1593,94,79,73879,53
2026/07/20 12:41:40.791,0,GPU-e2681f6e-8d94-2d66-484f-43ea602335f9,306.24,1410,1593,95,79,73879,53
2026/07/20 12:41:41.041,0,GPU-e2681f6e-8d94-2d66-484f-43ea602335f9,302.64,1410,1593,94,79,73879,53
2026/07/20 12:41:41.291,0,GPU-e2681f6e-8d94-2d66-484f-43ea602335f9,301.99,1410,1593,94,78,73879,53
2026/07/20 12:41:41.541,0,GPU-e2681f6e-8d94-2d66-484f-43ea602335f9,300.52,1410,1593,94,79,73879,53
2026/07/20 12:41:41.791,0,GPU-e2681f6e-8d94-2d66-484f-43ea602335f9,297.47,1410,1593,94,79,73879,55
2026/07/20 12:41:42.041,0,GPU-e2681f6e-8d94-2d66-484f-43ea602335f9,291.69,1410,1593,91,65,73879,54
2026/07/20 12:41:42.291,0,GPU-e2681f6e-8d94-2d66-484f-43ea602335f9,289.57,1410,1593,91,74,73879,53
2026/07/20 12:41:42.541,0,GPU-e2681f6e-8d94-2d66-484f-43ea602335f9,289.90,1410,1593,94,77,73879,53
2026/07/20 12:41:42.791,0,GPU-e2681f6e-8d94-2d66-484f-43ea602335f9,272.03,1410,1593,94,77,73879,53
2026/07/20 12:41:43.041,0,GPU-e2681f6e-8d94-2d66-484f-43ea602335f9,299.55,1410,1593,87,64,73879,54
2026/07/20 12:41:43.291,0,GPU-e2681f6e-8d94-2d66-484f-43ea602335f9,298.96,1410,1593,85,70,73879,53
2026/07/20 12:41:43.541,0,GPU-e2681f6e-8d94-2d66-484f-43ea602335f9,305.92,1410,1593,94,79,73879,54
2026/07/20 12:41:43.792,0,GPU-e2681f6e-8d94-2d66-484f-43ea602335f9,137.03,1410,1593,94,79,73879,53
2026/07/20 12:41:44.042,0,GPU-e2681f6e-8d94-2d66-484f-43ea602335f9,93.07,1410,1593,0,0,73879,48
2026/07/20 12:41:44.292,0,GPU-e2681f6e-8d94-2d66-484f-43ea602335f9,92.48,1410,1593,0,0,73879,46
2026/07/20 12:41:44.542,0,GPU-e2681f6e-8d94-2d66-484f-43ea602335f9,91.88,1410,1593,0,0,73879,46
2026/07/20 12:41:44.792,0,GPU-e2681f6e-8d94-2d66-484f-43ea602335f9,91.64,1410,1593,0,0,73879,52
2026/07/20 12:41:45.042,0,GPU-e2681f6e-8d94-2d66-484f-43ea602335f9,291.69,1410,1593,43,16,73879,52
2026/07/20 12:41:45.292,0,GPU-e2681f6e-8d94-2d66-484f-43ea602335f9,271.98,1410,1593,85,69,73879,52
2026/07/20 12:41:45.542,0,GPU-e2681f6e-8d94-2d66-484f-43ea602335f9,288.97,1410,1593,95,77,73879,52
2026/07/20 12:41:45.792,0,GPU-e2681f6e-8d94-2d66-484f-43ea602335f9,287.18,1410,1593,94,77,73879,54
2026/07/20 12:41:46.042,0,GPU-e2681f6e-8d94-2d66-484f-43ea602335f9,102.60,1410,1593,77,49,73879,53
2026/07/20 12:41:46.292,0,GPU-e2681f6e-8d94-2d66-484f-43ea602335f9,291.39,1410,1593,92,75,73879,52
2026/07/20 12:41:46.542,0,GPU-e2681f6e-8d94-2d66-484f-43ea602335f9,291.42,1410,1593,94,77,73879,52
2026/07/20 12:41:46.792,0,GPU-e2681f6e-8d94-2d66-484f-43ea602335f9,284.72,1410,1593,85,70,73879,52
2026/07/20 12:41:47.042,0,GPU-e2681f6e-8d94-2d66-484f-43ea602335f9,302.32,1410,1593,88,73,73879,52
2026/07/20 12:41:47.293,0,GPU-e2681f6e-8d94-2d66-484f-43ea602335f9,299.59,1410,1593,73,61,73879,50
2026/07/20 12:41:47.543,0,GPU-e2681f6e-8d94-2d66-484f-43ea602335f9,92.75,1410,1593,0,0,73879,47
2026/07/20 12:41:47.793,0,GPU-e2681f6e-8d94-2d66-484f-43ea602335f9,90.72,1410,1593,0,0,73879,52
2026/07/20 12:41:48.043,0,GPU-e2681f6e-8d94-2d66-484f-43ea602335f9,294.75,1410,1593,57,31,73879,51
2026/07/20 12:41:48.293,0,GPU-e2681f6e-8d94-2d66-484f-43ea602335f9,291.10,1410,1593,84,70,73879,51
2026/07/20 12:41:48.543,0,GPU-e2681f6e-8d94-2d66-484f-43ea602335f9,296.24,1410,1593,94,79,73879,52
2026/07/20 12:41:48.793,0,GPU-e2681f6e-8d94-2d66-484f-43ea602335f9,297.76,1410,1593,94,79,73879,52
2026/07/20 12:41:49.043,0,GPU-e2681f6e-8d94-2d66-484f-43ea602335f9,287.18,1410,1593,78,50,73879,53
2026/07/20 12:41:49.293,0,GPU-e2681f6e-8d94-2d66-484f-43ea602335f9,292.59,1410,1593,94,78,73879,53
2026/07/20 12:41:49.543,0,GPU-e2681f6e-8d94-2d66-484f-43ea602335f9,288.65,1410,1593,94,78,73879,53
2026/07/20 12:41:49.793,0,GPU-e2681f6e-8d94-2d66-484f-43ea602335f9,292.32,1410,1593,95,78,73879,53
2026/07/20 12:41:50.043,0,GPU-e2681f6e-8d94-2d66-484f-43ea602335f9,292.92,1410,1593,92,74,73879,53
2026/07/20 12:41:50.293,0,GPU-e2681f6e-8d94-2d66-484f-43ea602335f9,287.48,1410,1593,86,71,73879,52
2026/07/20 12:41:50.543,0,GPU-e2681f6e-8d94-2d66-484f-43ea602335f9,93.77,1410,1593,30,25,73879,49
2026/07/20 12:41:50.794,0,GPU-e2681f6e-8d94-2d66-484f-43ea602335f9,224.71,1410,1593,0,0,73879,50
2026/07/20 12:41:51.044,0,GPU-e2681f6e-8d94-2d66-484f-43ea602335f9,92.25,1410,1593,73,56,73879,48
2026/07/20 12:41:51.294,0,GPU-e2681f6e-8d94-2d66-484f-43ea602335f9,96.82,1410,1593,0,0,73879,47
2026/07/20 12:41:51.544,0,GPU-e2681f6e-8d94-2d66-484f-43ea602335f9,91.05,1410,1593,0,0,73879,45
2026/07/20 12:41:51.794,0,GPU-e2681f6e-8d94-2d66-484f-43ea602335f9,240.45,1410,1593,0,0,73879,49
2026/07/20 12:41:52.044,0,GPU-e2681f6e-8d94-2d66-484f-43ea602335f9,291.10,1410,1593,63,41,73879,50
2026/07/20 12:41:52.294,0,GPU-e2681f6e-8d94-2d66-484f-43ea602335f9,296.54,1410,1593,94,78,73879,51
2026/07/20 12:41:52.544,0,GPU-e2681f6e-8d94-2d66-484f-43ea602335f9,301.39,1410,1593,94,79,73879,52
2026/07/20 12:41:52.794,0,GPU-e2681f6e-8d94-2d66-484f-43ea602335f9,299.27,1410,1593,94,79,73879,53
2026/07/20 12:41:53.044,0,GPU-e2681f6e-8d94-2d66-484f-43ea602335f9,166.16,1410,1593,86,59,73879,51
2026/07/20 12:41:53.294,0,GPU-e2681f6e-8d94-2d66-484f-43ea602335f9,299.59,1410,1593,94,79,73879,52
2026/07/20 12:41:53.545,0,GPU-e2681f6e-8d94-2d66-484f-43ea602335f9,296.83,1410,1593,94,79,73879,52
2026/07/20 12:41:53.795,0,GPU-e2681f6e-8d94-2d66-484f-43ea602335f9,242.30,1410,1593,94,79,73879,53
2026/07/20 12:41:54.045,0,GPU-e2681f6e-8d94-2d66-484f-43ea602335f9,287.75,1410,1593,86,66,73879,52
2026/07/20 12:41:54.295,0,GPU-e2681f6e-8d94-2d66-484f-43ea602335f9,297.49,1410,1593,89,74,73879,53
2026/07/20 12:41:54.545,0,GPU-e2681f6e-8d94-2d66-484f-43ea602335f9,296.56,1410,1593,94,79,73879,53
2026/07/20 12:41:54.795,0,GPU-e2681f6e-8d94-2d66-484f-43ea602335f9,295.04,1410,1593,94,79,73879,52
2026/07/20 12:41:55.045,0,GPU-e2681f6e-8d94-2d66-484f-43ea602335f9,291.12,1410,1593,87,61,73879,53
2026/07/20 12:41:55.295,0,GPU-e2681f6e-8d94-2d66-484f-43ea602335f9,285.03,1410,1593,94,77,73879,53
2026/07/20 12:41:55.546,0,GPU-e2681f6e-8d94-2d66-484f-43ea602335f9,288.67,1410,1593,94,77,73879,53
2026/07/20 12:41:55.796,0,GPU-e2681f6e-8d94-2d66-484f-43ea602335f9,242.32,1410,1593,94,77,73879,52
2026/07/20 12:41:56.046,0,GPU-e2681f6e-8d94-2d66-484f-43ea602335f9,293.84,1410,1593,73,45,73879,52
2026/07/20 12:41:56.296,0,GPU-e2681f6e-8d94-2d66-484f-43ea602335f9,290.20,1410,1593,83,68,73879,53
2026/07/20 12:41:56.546,0,GPU-e2681f6e-8d94-2d66-484f-43ea602335f9,303.80,1410,1593,95,79,73879,53
2026/07/20 12:41:56.796,0,GPU-e2681f6e-8d94-2d66-484f-43ea602335f9,301.68,1410,1593,94,79,73879,54
2026/07/20 12:41:57.046,0,GPU-e2681f6e-8d94-2d66-484f-43ea602335f9,290.77,1410,1593,88,70,73879,53
2026/07/20 12:41:57.296,0,GPU-e2681f6e-8d94-2d66-484f-43ea602335f9,292.92,1410,1593,87,71,73879,53
2026/07/20 12:41:57.546,0,GPU-e2681f6e-8d94-2d66-484f-43ea602335f9,298.08,1410,1593,88,72,73879,53
2026/07/20 12:41:57.796,0,GPU-e2681f6e-8d94-2d66-484f-43ea602335f9,301.99,1410,1593,94,81,73879,57
2026/07/20 12:41:58.046,0,GPU-e2681f6e-8d94-2d66-484f-43ea602335f9,291.69,1410,1593,86,60,73879,53
2026/07/20 12:41:58.296,0,GPU-e2681f6e-8d94-2d66-484f-43ea602335f9,288.97,1410,1593,94,78,73879,53
2026/07/20 12:41:58.547,0,GPU-e2681f6e-8d94-2d66-484f-43ea602335f9,287.78,1410,1593,94,78,73879,53
2026/07/20 12:41:58.797,0,GPU-e2681f6e-8d94-2d66-484f-43ea602335f9,446.83,1410,1593,91,75,73879,55
2026/07/20 12:41:59.047,0,GPU-e2681f6e-8d94-2d66-484f-43ea602335f9,291.42,1410,1593,90,62,73879,53
2026/07/20 12:41:59.297,0,GPU-e2681f6e-8d94-2d66-484f-43ea602335f9,292.89,1410,1593,94,77,73879,53
2026/07/20 12:41:59.547,0,GPU-e2681f6e-8d94-2d66-484f-43ea602335f9,272.63,1410,1593,94,77,73879,53
2026/07/20 12:41:59.797,0,GPU-e2681f6e-8d94-2d66-484f-43ea602335f9,296.83,1410,1593,92,76,73879,53
2026/07/20 12:42:00.047,0,GPU-e2681f6e-8d94-2d66-484f-43ea602335f9,175.58,1410,1593,94,74,73879,52
2026/07/20 12:42:00.297,0,GPU-e2681f6e-8d94-2d66-484f-43ea602335f9,305.92,1410,1593,84,70,73879,53
2026/07/20 12:42:00.547,0,GPU-e2681f6e-8d94-2d66-484f-43ea602335f9,298.08,1410,1593,94,79,73879,53
2026/07/20 12:42:00.797,0,GPU-e2681f6e-8d94-2d66-484f-43ea602335f9,295.36,1410,1593,91,75,73879,57
2026/07/20 12:42:01.047,0,GPU-e2681f6e-8d94-2d66-484f-43ea602335f9,292.32,1410,1593,95,71,73879,54
2026/07/20 12:42:01.298,0,GPU-e2681f6e-8d94-2d66-484f-43ea602335f9,288.67,1410,1593,95,78,73879,53
2026/07/20 12:42:01.548,0,GPU-e2681f6e-8d94-2d66-484f-43ea602335f9,291.99,1410,1593,94,78,73879,53
2026/07/20 12:42:01.798,0,GPU-e2681f6e-8d94-2d66-484f-43ea602335f9,290.47,1410,1593,86,71,73879,52
2026/07/20 12:42:02.048,0,GPU-e2681f6e-8d94-2d66-484f-43ea602335f9,291.12,1410,1593,90,69,73879,53
2026/07/20 12:42:02.298,0,GPU-e2681f6e-8d94-2d66-484f-43ea602335f9,298.08,1410,1593,86,71,73879,53
2026/07/20 12:42:02.548,0,GPU-e2681f6e-8d94-2d66-484f-43ea602335f9,295.04,1410,1593,94,79,73879,53
2026/07/20 12:42:02.798,0,GPU-e2681f6e-8d94-2d66-484f-43ea602335f9,331.98,1410,1593,94,79,73879,55
2026/07/20 12:42:03.048,0,GPU-e2681f6e-8d94-2d66-484f-43ea602335f9,292.89,1410,1593,95,71,73879,54
2026/07/20 12:42:03.298,0,GPU-e2681f6e-8d94-2d66-484f-43ea602335f9,292.89,1410,1593,85,70,73879,53
2026/07/20 12:42:03.548,0,GPU-e2681f6e-8d94-2d66-484f-43ea602335f9,289.57,1410,1593,94,78,73879,53
2026/07/20 12:42:03.798,0,GPU-e2681f6e-8d94-2d66-484f-43ea602335f9,293.23,1410,1593,94,78,73879,54
2026/07/20 12:42:04.049,0,GPU-e2681f6e-8d94-2d66-484f-43ea602335f9,291.42,1410,1593,55,45,73879,52
2026/07/20 12:42:04.299,0,GPU-e2681f6e-8d94-2d66-484f-43ea602335f9,290.50,1410,1593,91,75,73879,53
2026/07/20 12:42:04.549,0,GPU-e2681f6e-8d94-2d66-484f-43ea602335f9,285.33,1410,1593,95,78,73879,53
2026/07/20 12:42:04.799,0,GPU-e2681f6e-8d94-2d66-484f-43ea602335f9,292.62,1410,1593,95,78,73879,53
2026/07/20 12:42:05.049,0,GPU-e2681f6e-8d94-2d66-484f-43ea602335f9,298.08,1410,1593,93,77,73879,53
2026/07/20 12:42:05.299,0,GPU-e2681f6e-8d94-2d66-484f-43ea602335f9,294.45,1410,1593,94,79,73879,53
2026/07/20 12:42:05.549,0,GPU-e2681f6e-8d94-2d66-484f-43ea602335f9,298.07,1410,1593,94,79,73879,54
2026/07/20 12:42:05.799,0,GPU-e2681f6e-8d94-2d66-484f-43ea602335f9,93.07,1410,1593,0,0,73879,48
2026/07/20 12:42:06.049,0,GPU-e2681f6e-8d94-2d66-484f-43ea602335f9,92.25,1410,1593,0,0,73879,47
2026/07/20 12:42:06.299,0,GPU-e2681f6e-8d94-2d66-484f-43ea602335f9,91.97,1410,1593,0,0,73879,46
2026/07/20 12:42:06.549,0,GPU-e2681f6e-8d94-2d66-484f-43ea602335f9,91.37,1410,1593,0,0,73879,45
2026/07/20 12:42:06.799,0,GPU-e2681f6e-8d94-2d66-484f-43ea602335f9,91.05,1410,1593,16,6,73879,45
2026/07/20 12:42:07.050,0,GPU-e2681f6e-8d94-2d66-484f-43ea602335f9,297.14,1410,1593,89,71,73879,51
2026/07/20 12:42:07.300,0,GPU-e2681f6e-8d94-2d66-484f-43ea602335f9,299.86,1410,1593,94,79,73879,52
2026/07/20 12:42:07.550,0,GPU-e2681f6e-8d94-2d66-484f-43ea602335f9,298.07,1410,1593,94,79,73879,52
2026/07/20 12:42:07.800,0,GPU-e2681f6e-8d94-2d66-484f-43ea602335f9,300.79,1410,1593,95,79,73879,53
2026/07/20 12:42:08.050,0,GPU-e2681f6e-8d94-2d66-484f-43ea602335f9,301.72,1410,1593,94,79,73879,53
2026/07/20 12:42:08.300,0,GPU-e2681f6e-8d94-2d66-484f-43ea602335f9,301.39,1410,1593,94,79,73879,53
2026/07/20 12:42:08.550,0,GPU-e2681f6e-8d94-2d66-484f-43ea602335f9,92.84,1410,1593,95,79,73879,49
2026/07/20 12:42:08.800,0,GPU-e2681f6e-8d94-2d66-484f-43ea602335f9,208.32,1410,1593,22,9,73879,51
2026/07/20 12:42:09.050,0,GPU-e2681f6e-8d94-2d66-484f-43ea602335f9,299.28,1410,1593,22,9,73879,52
2026/07/20 12:42:09.300,0,GPU-e2681f6e-8d94-2d66-484f-43ea602335f9,292.03,1410,1593,95,78,73879,52
2026/07/20 12:42:09.550,0,GPU-e2681f6e-8d94-2d66-484f-43ea602335f9,294.11,1410,1593,92,76,73879,52
2026/07/20 12:42:09.800,0,GPU-e2681f6e-8d94-2d66-484f-43ea602335f9,144.93,1410,1593,93,78,73879,56
2026/07/20 12:42:10.050,0,GPU-e2681f6e-8d94-2d66-484f-43ea602335f9,288.05,1410,1593,87,62,73879,52
2026/07/20 12:42:10.301,0,GPU-e2681f6e-8d94-2d66-484f-43ea602335f9,290.47,1410,1593,82,67,73879,52
2026/07/20 12:42:10.551,0,GPU-e2681f6e-8d94-2d66-484f-43ea602335f9,285.33,1410,1593,95,78,73879,52
2026/07/20 12:42:10.801,0,GPU-e2681f6e-8d94-2d66-484f-43ea602335f9,347.76,1410,1593,91,73,73879,53
2026/07/20 12:42:11.051,0,GPU-e2681f6e-8d94-2d66-484f-43ea602335f9,286.55,1410,1593,94,78,73879,52
2026/07/20 12:42:11.301,0,GPU-e2681f6e-8d94-2d66-484f-43ea602335f9,127.06,1410,1593,92,77,73879,52
2026/07/20 12:42:11.551,0,GPU-e2681f6e-8d94-2d66-484f-43ea602335f9,93.07,1410,1593,15,12,73879,47
2026/07/20 12:42:11.801,0,GPU-e2681f6e-8d94-2d66-484f-43ea602335f9,422.72,1410,1593,0,0,73879,51
2026/07/20 12:42:12.051,0,GPU-e2681f6e-8d94-2d66-484f-43ea602335f9,286.23,1410,1593,90,73,73879,51
2026/07/20 12:42:12.301,0,GPU-e2681f6e-8d94-2d66-484f-43ea602335f9,289.60,1410,1593,92,76,73879,52
2026/07/20 12:42:12.551,0,GPU-e2681f6e-8d94-2d66-484f-43ea602335f9,299.28,1410,1593,94,79,73879,52
2026/07/20 12:42:12.801,0,GPU-e2681f6e-8d94-2d66-484f-43ea602335f9,466.04,1410,1593,94,79,73879,53
2026/07/20 12:42:13.051,0,GPU-e2681f6e-8d94-2d66-484f-43ea602335f9,292.02,1410,1593,90,74,73879,53
2026/07/20 12:42:13.301,0,GPU-e2681f6e-8d94-2d66-484f-43ea602335f9,298.36,1410,1593,90,74,73879,53
2026/07/20 12:42:13.551,0,GPU-e2681f6e-8d94-2d66-484f-43ea602335f9,295.66,1410,1593,94,79,73879,53
2026/07/20 12:42:13.802,0,GPU-e2681f6e-8d94-2d66-484f-43ea602335f9,437.89,1410,1593,94,79,73879,52
2026/07/20 12:42:14.052,0,GPU-e2681f6e-8d94-2d66-484f-43ea602335f9,288.08,1410,1593,94,77,73879,53
2026/07/20 12:42:14.302,0,GPU-e2681f6e-8d94-2d66-484f-43ea602335f9,164.47,1410,1593,84,68,73879,53
2026/07/20 12:42:14.552,0,GPU-e2681f6e-8d94-2d66-484f-43ea602335f9,296.52,1410,1593,87,71,73879,53
2026/07/20 12:42:14.802,0,GPU-e2681f6e-8d94-2d66-484f-43ea602335f9,305.33,1410,1593,94,79,73879,55
2026/07/20 12:42:15.052,0,GPU-e2681f6e-8d94-2d66-484f-43ea602335f9,296.56,1410,1593,83,62,73879,53
2026/07/20 12:42:15.302,0,GPU-e2681f6e-8d94-2d66-484f-43ea602335f9,291.12,1410,1593,94,78,73879,53
2026/07/20 12:42:15.552,0,GPU-e2681f6e-8d94-2d66-484f-43ea602335f9,289.00,1410,1593,95,78,73879,53
2026/07/20 12:42:15.802,0,GPU-e2681f6e-8d94-2d66-484f-43ea602335f9,292.32,1410,1593,94,78,73879,56
2026/07/20 12:42:16.052,0,GPU-e2681f6e-8d94-2d66-484f-43ea602335f9,295.97,1410,1593,95,78,73879,53
2026/07/20 12:42:16.302,0,GPU-e2681f6e-8d94-2d66-484f-43ea602335f9,293.25,1410,1593,87,72,73879,53
2026/07/20 12:42:16.552,0,GPU-e2681f6e-8d94-2d66-484f-43ea602335f9,297.17,1410,1593,94,79,73879,53
2026/07/20 12:42:16.802,0,GPU-e2681f6e-8d94-2d66-484f-43ea602335f9,293.81,1410,1593,94,79,73879,56
2026/07/20 12:42:17.052,0,GPU-e2681f6e-8d94-2d66-484f-43ea602335f9,291.72,1410,1593,84,62,73879,53
2026/07/20 12:42:17.303,0,GPU-e2681f6e-8d94-2d66-484f-43ea602335f9,226.87,1410,1593,89,73,73879,53
2026/07/20 12:42:17.553,0,GPU-e2681f6e-8d94-2d66-484f-43ea602335f9,297.18,1410,1593,94,79,73879,53
2026/07/20 12:42:17.803,0,GPU-e2681f6e-8d94-2d66-484f-43ea602335f9,94.51,1410,1593,34,29,73879,54
2026/07/20 12:42:18.053,0,GPU-e2681f6e-8d94-2d66-484f-43ea602335f9,300.49,1410,1593,55,32,73879,53
2026/07/20 12:42:18.303,0,GPU-e2681f6e-8d94-2d66-484f-43ea602335f9,298.65,1410,1593,94,79,73879,53
2026/07/20 12:42:18.553,0,GPU-e2681f6e-8d94-2d66-484f-43ea602335f9,299.28,1410,1593,94,79,73879,53
2026/07/20 12:42:18.803,0,GPU-e2681f6e-8d94-2d66-484f-43ea602335f9,94.10,1410,1593,79,66,73879,54
2026/07/20 12:42:19.053,0,GPU-e2681f6e-8d94-2d66-484f-43ea602335f9,286.85,1410,1593,59,40,73879,53
2026/07/20 12:42:19.303,0,GPU-e2681f6e-8d94-2d66-484f-43ea602335f9,293.23,1410,1593,94,78,73879,53
2026/07/20 12:42:19.553,0,GPU-e2681f6e-8d94-2d66-484f-43ea602335f9,300.79,1410,1593,94,77,73879,53
2026/07/20 12:42:19.803,0,GPU-e2681f6e-8d94-2d66-484f-43ea602335f9,300.79,1410,1593,90,75,73879,54
2026/07/20 12:42:20.053,0,GPU-e2681f6e-8d94-2d66-484f-43ea602335f9,287.78,1410,1593,92,73,73879,53
2026/07/20 12:42:20.303,0,GPU-e2681f6e-8d94-2d66-484f-43ea602335f9,295.35,1410,1593,91,76,73879,53
2026/07/20 12:42:20.554,0,GPU-e2681f6e-8d94-2d66-484f-43ea602335f9,264.41,1410,1593,72,60,73879,50
2026/07/20 12:42:20.804,0,GPU-e2681f6e-8d94-2d66-484f-43ea602335f9,93.68,1410,1593,0,0,73879,53
2026/07/20 12:42:21.054,0,GPU-e2681f6e-8d94-2d66-484f-43ea602335f9,257.51,1410,1593,49,27,73879,52
2026/07/20 12:42:21.304,0,GPU-e2681f6e-8d94-2d66-484f-43ea602335f9,294.11,1410,1593,94,79,73879,53
2026/07/20 12:42:21.554,0,GPU-e2681f6e-8d94-2d66-484f-43ea602335f9,298.69,1410,1593,94,79,73879,53
2026/07/20 12:42:21.804,0,GPU-e2681f6e-8d94-2d66-484f-43ea602335f9,271.98,1410,1593,94,79,73879,57
2026/07/20 12:42:22.054,0,GPU-e2681f6e-8d94-2d66-484f-43ea602335f9,294.71,1410,1593,88,61,73879,53
2026/07/20 12:42:22.304,0,GPU-e2681f6e-8d94-2d66-484f-43ea602335f9,300.48,1410,1593,88,73,73879,53
2026/07/20 12:42:22.554,0,GPU-e2681f6e-8d94-2d66-484f-43ea602335f9,299.28,1410,1593,94,79,73879,54
2026/07/20 12:42:22.804,0,GPU-e2681f6e-8d94-2d66-484f-43ea602335f9,301.68,1410,1593,95,79,73879,54
2026/07/20 12:42:23.054,0,GPU-e2681f6e-8d94-2d66-484f-43ea602335f9,295.97,1410,1593,84,67,73879,53
2026/07/20 12:42:23.304,0,GPU-e2681f6e-8d94-2d66-484f-43ea602335f9,301.08,1410,1593,94,78,73879,53
2026/07/20 12:42:23.555,0,GPU-e2681f6e-8d94-2d66-484f-43ea602335f9,299.90,1410,1593,94,79,73879,54
2026/07/20 12:42:23.805,0,GPU-e2681f6e-8d94-2d66-484f-43ea602335f9,159.03,1410,1593,94,79,73879,57
2026/07/20 12:42:24.055,0,GPU-e2681f6e-8d94-2d66-484f-43ea602335f9,291.12,1410,1593,85,59,73879,55
2026/07/20 12:42:24.305,0,GPU-e2681f6e-8d94-2d66-484f-43ea602335f9,302.33,1410,1593,87,72,73879,54
2026/07/20 12:42:24.555,0,GPU-e2681f6e-8d94-2d66-484f-43ea602335f9,301.08,1410,1593,94,79,73879,54
2026/07/20 12:42:24.805,0,GPU-e2681f6e-8d94-2d66-484f-43ea602335f9,370.17,1410,1593,94,79,73879,54
2026/07/20 12:42:25.055,0,GPU-e2681f6e-8d94-2d66-484f-43ea602335f9,299.28,1410,1593,91,73,73879,54
2026/07/20 12:42:25.305,0,GPU-e2681f6e-8d94-2d66-484f-43ea602335f9,298.69,1410,1593,94,79,73879,54
2026/07/20 12:42:25.555,0,GPU-e2681f6e-8d94-2d66-484f-43ea602335f9,302.61,1410,1593,94,79,73879,54
2026/07/20 12:42:25.805,0,GPU-e2681f6e-8d94-2d66-484f-43ea602335f9,314.14,1410,1593,95,79,73879,58
2026/07/20 12:42:26.055,0,GPU-e2681f6e-8d94-2d66-484f-43ea602335f9,293.52,1410,1593,86,59,73879,54
2026/07/20 12:42:26.305,0,GPU-e2681f6e-8d94-2d66-484f-43ea602335f9,291.39,1410,1593,86,70,73879,53
2026/07/20 12:42:26.555,0,GPU-e2681f6e-8d94-2d66-484f-43ea602335f9,298.36,1410,1593,90,75,73879,54
2026/07/20 12:42:26.806,0,GPU-e2681f6e-8d94-2d66-484f-43ea602335f9,380.06,1410,1593,94,79,73879,55
2026/07/20 12:42:27.056,0,GPU-e2681f6e-8d94-2d66-484f-43ea602335f9,293.84,1410,1593,87,64,73879,54
2026/07/20 12:42:27.306,0,GPU-e2681f6e-8d94-2d66-484f-43ea602335f9,304.14,1410,1593,94,79,73879,54
2026/07/20 12:42:27.556,0,GPU-e2681f6e-8d94-2d66-484f-43ea602335f9,303.20,1410,1593,86,72,73879,51
2026/07/20 12:42:27.806,0,GPU-e2681f6e-8d94-2d66-484f-43ea602335f9,93.58,1410,1593,0,0,73879,48
2026/07/20 12:42:28.056,0,GPU-e2681f6e-8d94-2d66-484f-43ea602335f9,92.15,1410,1593,0,0,73879,47
2026/07/20 12:42:28.306,0,GPU-e2681f6e-8d94-2d66-484f-43ea602335f9,91.79,1410,1593,0,0,73879,46
2026/07/20 12:42:28.556,0,GPU-e2681f6e-8d94-2d66-484f-43ea602335f9,91.45,1410,1593,0,0,73879,46
2026/07/20 12:42:28.806,0,GPU-e2681f6e-8d94-2d66-484f-43ea602335f9,394.82,1410,1593,0,0,73879,53
2026/07/20 12:42:29.056,0,GPU-e2681f6e-8d94-2d66-484f-43ea602335f9,300.80,1410,1593,86,61,73879,51
2026/07/20 12:42:29.306,0,GPU-e2681f6e-8d94-2d66-484f-43ea602335f9,302.89,1410,1593,94,79,73879,52
2026/07/20 12:42:29.556,0,GPU-e2681f6e-8d94-2d66-484f-43ea602335f9,302.00,1410,1593,94,79,73879,53
2026/07/20 12:42:29.807,0,GPU-e2681f6e-8d94-2d66-484f-43ea602335f9,298.05,1410,1593,93,78,73879,52
2026/07/20 12:42:30.057,0,GPU-e2681f6e-8d94-2d66-484f-43ea602335f9,295.93,1410,1593,91,72,73879,53
2026/07/20 12:42:30.307,0,GPU-e2681f6e-8d94-2d66-484f-43ea602335f9,301.69,1410,1593,91,76,73879,53
2026/07/20 12:42:30.557,0,GPU-e2681f6e-8d94-2d66-484f-43ea602335f9,300.17,1410,1593,94,79,73879,53
2026/07/20 12:42:30.807,0,GPU-e2681f6e-8d94-2d66-484f-43ea602335f9,362.83,1410,1593,0,0,73879,48
2026/07/20 12:42:31.057,0,GPU-e2681f6e-8d94-2d66-484f-43ea602335f9,300.17,1410,1593,85,59,73879,53
2026/07/20 12:42:31.307,0,GPU-e2681f6e-8d94-2d66-484f-43ea602335f9,302.01,1410,1593,94,79,73879,53
2026/07/20 12:42:31.557,0,GPU-e2681f6e-8d94-2d66-484f-43ea602335f9,300.17,1410,1593,94,79,73879,53
2026/07/20 12:42:31.807,0,GPU-e2681f6e-8d94-2d66-484f-43ea602335f9,298.38,1410,1593,92,76,73879,53
2026/07/20 12:42:32.057,0,GPU-e2681f6e-8d94-2d66-484f-43ea602335f9,290.82,1410,1593,95,78,73879,53
2026/07/20 12:42:32.307,0,GPU-e2681f6e-8d94-2d66-484f-43ea602335f9,298.38,1410,1593,94,78,73879,53
2026/07/20 12:42:32.557,0,GPU-e2681f6e-8d94-2d66-484f-43ea602335f9,300.49,1410,1593,94,79,73879,53
2026/07/20 12:42:32.807,0,GPU-e2681f6e-8d94-2d66-484f-43ea602335f9,297.78,1410,1593,94,79,73879,53
2026/07/20 12:42:33.057,0,GPU-e2681f6e-8d94-2d66-484f-43ea602335f9,302.01,1410,1593,95,79,73879,53
2026/07/20 12:42:33.307,0,GPU-e2681f6e-8d94-2d66-484f-43ea602335f9,299.24,1410,1593,94,79,73879,54
2026/07/20 12:42:33.558,0,GPU-e2681f6e-8d94-2d66-484f-43ea602335f9,296.26,1410,1593,94,79,73879,54
2026/07/20 12:42:33.808,0,GPU-e2681f6e-8d94-2d66-484f-43ea602335f9,461.93,1410,1593,83,70,73879,54
2026/07/20 12:42:34.058,0,GPU-e2681f6e-8d94-2d66-484f-43ea602335f9,292.32,1410,1593,88,55,73879,54
2026/07/20 12:42:34.308,0,GPU-e2681f6e-8d94-2d66-484f-43ea602335f9,290.17,1410,1593,87,71,73879,53
2026/07/20 12:42:34.558,0,GPU-e2681f6e-8d94-2d66-484f-43ea602335f9,292.29,1410,1593,88,73,73879,53
2026/07/20 12:42:34.808,0,GPU-e2681f6e-8d94-2d66-484f-43ea602335f9,300.78,1410,1593,91,75,73879,54
2026/07/20 12:42:35.058,0,GPU-e2681f6e-8d94-2d66-484f-43ea602335f9,291.12,1410,1593,94,78,73879,53
2026/07/20 12:42:35.308,0,GPU-e2681f6e-8d94-2d66-484f-43ea602335f9,302.57,1410,1593,90,74,73879,51
2026/07/20 12:42:35.558,0,GPU-e2681f6e-8d94-2d66-484f-43ea602335f9,93.07,1410,1593,41,34,73879,48
2026/07/20 12:42:35.808,0,GPU-e2681f6e-8d94-2d66-484f-43ea602335f9,91.88,1410,1593,12,5,73879,52
2026/07/20 12:42:36.058,0,GPU-e2681f6e-8d94-2d66-484f-43ea602335f9,292.29,1410,1593,95,75,73879,52
2026/07/20 12:42:36.308,0,GPU-e2681f6e-8d94-2d66-484f-43ea602335f9,300.80,1410,1593,94,79,73879,53
2026/07/20 12:42:36.559,0,GPU-e2681f6e-8d94-2d66-484f-43ea602335f9,293.21,1410,1593,94,79,73879,53
2026/07/20 12:42:36.809,0,GPU-e2681f6e-8d94-2d66-484f-43ea602335f9,263.81,1410,1593,89,67,73879,54
2026/07/20 12:42:37.059,0,GPU-e2681f6e-8d94-2d66-484f-43ea602335f9,291.12,1410,1593,94,77,73879,53
2026/07/20 12:42:37.309,0,GPU-e2681f6e-8d94-2d66-484f-43ea602335f9,294.45,1410,1593,86,71,73879,53
2026/07/20 12:42:37.559,0,GPU-e2681f6e-8d94-2d66-484f-43ea602335f9,302.89,1410,1593,94,79,73879,53
2026/07/20 12:42:37.809,0,GPU-e2681f6e-8d94-2d66-484f-43ea602335f9,93.40,1410,1593,20,7,73879,50
2026/07/20 12:42:38.059,0,GPU-e2681f6e-8d94-2d66-484f-43ea602335f9,288.97,1410,1593,80,49,73879,53
2026/07/20 12:42:38.309,0,GPU-e2681f6e-8d94-2d66-484f-43ea602335f9,295.02,1410,1593,94,78,73879,53
2026/07/20 12:42:38.559,0,GPU-e2681f6e-8d94-2d66-484f-43ea602335f9,288.38,1410,1593,95,77,73879,53
2026/07/20 12:42:38.809,0,GPU-e2681f6e-8d94-2d66-484f-43ea602335f9,178.91,1410,1593,95,78,73879,57
2026/07/20 12:42:39.059,0,GPU-e2681f6e-8d94-2d66-484f-43ea602335f9,291.99,1410,1593,87,63,73879,54
2026/07/20 12:42:39.309,0,GPU-e2681f6e-8d94-2d66-484f-43ea602335f9,292.32,1410,1593,94,77,73879,54
2026/07/20 12:42:39.559,0,GPU-e2681f6e-8d94-2d66-484f-43ea602335f9,287.78,1410,1593,91,74,73879,53
2026/07/20 12:42:39.810,0,GPU-e2681f6e-8d94-2d66-484f-43ea602335f9,264.41,1410,1593,94,77,73879,54
2026/07/20 12:42:40.060,0,GPU-e2681f6e-8d94-2d66-484f-43ea602335f9,285.92,1410,1593,87,71,73879,53
2026/07/20 12:42:40.310,0,GPU-e2681f6e-8d94-2d66-484f-43ea602335f9,287.75,1410,1593,95,77,73879,53
2026/07/20 12:42:40.560,0,GPU-e2681f6e-8d94-2d66-484f-43ea602335f9,296.24,1410,1593,94,77,73879,53
2026/07/20 12:42:40.810,0,GPU-e2681f6e-8d94-2d66-484f-43ea602335f9,340.12,1410,1593,88,61,73879,57
2026/07/20 12:42:41.060,0,GPU-e2681f6e-8d94-2d66-484f-43ea602335f9,293.25,1410,1593,85,69,73879,54
2026/07/20 12:42:41.310,0,GPU-e2681f6e-8d94-2d66-484f-43ea602335f9,291.99,1410,1593,94,77,73879,54
2026/07/20 12:42:41.560,0,GPU-e2681f6e-8d94-2d66-484f-43ea602335f9,287.15,1410,1593,94,77,73879,53
2026/07/20 12:42:41.810,0,GPU-e2681f6e-8d94-2d66-484f-43ea602335f9,488.11,1395,1593,95,60,73879,53
2026/07/20 12:42:42.060,0,GPU-e2681f6e-8d94-2d66-484f-43ea602335f9,300.80,1410,1593,96,63,73879,56
2026/07/20 12:42:42.310,0,GPU-e2681f6e-8d94-2d66-484f-43ea602335f9,295.97,1410,1593,94,76,73879,55
2026/07/20 12:42:42.560,0,GPU-e2681f6e-8d94-2d66-484f-43ea602335f9,294.45,1410,1593,94,76,73879,54
2026/07/20 12:42:42.810,0,GPU-e2681f6e-8d94-2d66-484f-43ea602335f9,302.33,1410,1593,94,75,73879,55
2026/07/20 12:42:43.060,0,GPU-e2681f6e-8d94-2d66-484f-43ea602335f9,287.75,1410,1593,94,77,73879,54
2026/07/20 12:42:43.311,0,GPU-e2681f6e-8d94-2d66-484f-43ea602335f9,290.17,1410,1593,94,77,73879,54
2026/07/20 12:42:43.561,0,GPU-e2681f6e-8d94-2d66-484f-43ea602335f9,289.57,1410,1593,95,77,73879,54
2026/07/20 12:42:43.811,0,GPU-e2681f6e-8d94-2d66-484f-43ea602335f9,446.96,1410,1593,95,78,73879,55
2026/07/20 12:42:44.061,0,GPU-e2681f6e-8d94-2d66-484f-43ea602335f9,301.37,1410,1593,94,77,73879,55
2026/07/20 12:42:44.311,0,GPU-e2681f6e-8d94-2d66-484f-43ea602335f9,295.66,1410,1593,94,77,73879,54
2026/07/20 12:42:44.561,0,GPU-e2681f6e-8d94-2d66-484f-43ea602335f9,294.41,1410,1593,95,78,73879,54
2026/07/20 12:42:44.811,0,GPU-e2681f6e-8d94-2d66-484f-43ea602335f9,294.14,1410,1593,94,77,73879,58
2026/07/20 12:42:45.061,0,GPU-e2681f6e-8d94-2d66-484f-43ea602335f9,292.62,1410,1593,94,77,73879,55
2026/07/20 12:42:45.311,0,GPU-e2681f6e-8d94-2d66-484f-43ea602335f9,289.90,1410,1593,95,77,73879,54
2026/07/20 12:42:45.561,0,GPU-e2681f6e-8d94-2d66-484f-43ea602335f9,288.70,1410,1593,94,77,73879,54
2026/07/20 12:42:45.811,0,GPU-e2681f6e-8d94-2d66-484f-43ea602335f9,299.58,1410,1593,95,77,73879,54
2026/07/20 12:42:46.061,0,GPU-e2681f6e-8d94-2d66-484f-43ea602335f9,289.30,1410,1593,94,76,73879,54
2026/07/20 12:42:46.311,0,GPU-e2681f6e-8d94-2d66-484f-43ea602335f9,285.06,1410,1593,93,76,73879,54
2026/07/20 12:42:46.562,0,GPU-e2681f6e-8d94-2d66-484f-43ea602335f9,288.37,1410,1593,95,77,73879,54
2026/07/20 12:42:46.812,0,GPU-e2681f6e-8d94-2d66-484f-43ea602335f9,290.17,1410,1593,95,77,73879,55
2026/07/20 12:42:47.062,0,GPU-e2681f6e-8d94-2d66-484f-43ea602335f9,289.87,1410,1593,95,77,73879,54
2026/07/20 12:42:47.312,0,GPU-e2681f6e-8d94-2d66-484f-43ea602335f9,292.02,1410,1593,95,77,73879,54
2026/07/20 12:42:47.562,0,GPU-e2681f6e-8d94-2d66-484f-43ea602335f9,293.21,1410,1593,95,77,73879,54
2026/07/20 12:42:47.812,0,GPU-e2681f6e-8d94-2d66-484f-43ea602335f9,288.41,1410,1593,95,77,73879,55
2026/07/20 12:42:48.062,0,GPU-e2681f6e-8d94-2d66-484f-43ea602335f9,288.68,1410,1593,95,77,73879,54
2026/07/20 12:42:48.312,0,GPU-e2681f6e-8d94-2d66-484f-43ea602335f9,287.75,1410,1593,95,77,73879,54
2026/07/20 12:42:48.562,0,GPU-e2681f6e-8d94-2d66-484f-43ea602335f9,291.12,1410,1593,95,77,73879,54
2026/07/20 12:42:48.812,0,GPU-e2681f6e-8d94-2d66-484f-43ea602335f9,292.91,1410,1593,95,77,73879,57
2026/07/20 12:42:49.062,0,GPU-e2681f6e-8d94-2d66-484f-43ea602335f9,289.00,1410,1593,95,66,73879,55
2026/07/20 12:42:49.312,0,GPU-e2681f6e-8d94-2d66-484f-43ea602335f9,285.36,1410,1593,92,75,73879,54
2026/07/20 12:42:49.562,0,GPU-e2681f6e-8d94-2d66-484f-43ea602335f9,287.48,1410,1593,95,77,73879,54
2026/07/20 12:42:49.813,0,GPU-e2681f6e-8d94-2d66-484f-43ea602335f9,306.54,1410,1593,95,77,73879,56
2026/07/20 12:42:50.063,0,GPU-e2681f6e-8d94-2d66-484f-43ea602335f9,287.16,1410,1593,94,77,73879,55
2026/07/20 12:42:50.313,0,GPU-e2681f6e-8d94-2d66-484f-43ea602335f9,291.12,1410,1593,94,77,73879,54
2026/07/20 12:42:50.563,0,GPU-e2681f6e-8d94-2d66-484f-43ea602335f9,292.64,1410,1593,95,78,73879,54
2026/07/20 12:42:50.813,0,GPU-e2681f6e-8d94-2d66-484f-43ea602335f9,298.93,1410,1593,94,77,73879,58
2026/07/20 12:42:51.063,0,GPU-e2681f6e-8d94-2d66-484f-43ea602335f9,294.11,1410,1593,95,77,73879,55
2026/07/20 12:42:51.313,0,GPU-e2681f6e-8d94-2d66-484f-43ea602335f9,292.61,1410,1593,94,77,73879,54
2026/07/20 12:42:51.563,0,GPU-e2681f6e-8d94-2d66-484f-43ea602335f9,300.18,1410,1593,94,78,73879,54
2026/07/20 12:42:51.813,0,GPU-e2681f6e-8d94-2d66-484f-43ea602335f9,98.92,1410,1593,94,79,73879,58
2026/07/20 12:42:52.063,0,GPU-e2681f6e-8d94-2d66-484f-43ea602335f9,291.12,1410,1593,94,77,73879,55
2026/07/20 12:42:52.314,0,GPU-e2681f6e-8d94-2d66-484f-43ea602335f9,303.17,1410,1593,92,77,73879,55
2026/07/20 12:42:52.564,0,GPU-e2681f6e-8d94-2d66-484f-43ea602335f9,299.59,1410,1593,94,79,73879,55
2026/07/20 12:42:52.814,0,GPU-e2681f6e-8d94-2d66-484f-43ea602335f9,304.42,1410,1593,94,79,73879,57
2026/07/20 12:42:53.064,0,GPU-e2681f6e-8d94-2d66-484f-43ea602335f9,300.78,1410,1593,95,64,73879,55
2026/07/20 12:42:53.314,0,GPU-e2681f6e-8d94-2d66-484f-43ea602335f9,301.99,1410,1593,94,79,73879,55
2026/07/20 12:42:53.564,0,GPU-e2681f6e-8d94-2d66-484f-43ea602335f9,300.47,1410,1593,94,79,73879,55
2026/07/20 12:42:53.814,0,GPU-e2681f6e-8d94-2d66-484f-43ea602335f9,338.81,1410,1593,94,75,73879,56
2026/07/20 12:42:54.064,0,GPU-e2681f6e-8d94-2d66-484f-43ea602335f9,295.05,1410,1593,94,75,73879,55
2026/07/20 12:42:54.314,0,GPU-e2681f6e-8d94-2d66-484f-43ea602335f9,296.24,1410,1593,94,79,73879,55
2026/07/20 12:42:54.564,0,GPU-e2681f6e-8d94-2d66-484f-43ea602335f9,299.28,1410,1593,94,79,73879,55
2026/07/20 12:42:54.814,0,GPU-e2681f6e-8d94-2d66-484f-43ea602335f9,298.95,1410,1593,94,79,73879,57
2026/07/20 12:42:55.065,0,GPU-e2681f6e-8d94-2d66-484f-43ea602335f9,304.70,1410,1593,95,68,73879,55
2026/07/20 12:42:55.315,0,GPU-e2681f6e-8d94-2d66-484f-43ea602335f9,304.10,1410,1593,94,79,73879,55
2026/07/20 12:42:55.565,0,GPU-e2681f6e-8d94-2d66-484f-43ea602335f9,305.62,1410,1593,95,79,73879,55
2026/07/20 12:42:55.815,0,GPU-e2681f6e-8d94-2d66-484f-43ea602335f9,365.99,1410,1593,94,79,73879,57
2026/07/20 12:42:56.065,0,GPU-e2681f6e-8d94-2d66-484f-43ea602335f9,301.07,1410,1593,94,73,73879,55
2026/07/20 12:42:56.315,0,GPU-e2681f6e-8d94-2d66-484f-43ea602335f9,299.55,1410,1593,94,78,73879,55
2026/07/20 12:42:56.565,0,GPU-e2681f6e-8d94-2d66-484f-43ea602335f9,94.58,1410,1593,42,35,73879,51
2026/07/20 12:42:56.815,0,GPU-e2681f6e-8d94-2d66-484f-43ea602335f9,392.75,1410,1593,0,0,73879,56
2026/07/20 12:42:57.065,0,GPU-e2681f6e-8d94-2d66-484f-43ea602335f9,302.26,1410,1593,78,51,73879,54
2026/07/20 12:42:57.315,0,GPU-e2681f6e-8d94-2d66-484f-43ea602335f9,296.53,1410,1593,94,79,73879,54
2026/07/20 12:42:57.565,0,GPU-e2681f6e-8d94-2d66-484f-43ea602335f9,298.62,1410,1593,94,79,73879,54
2026/07/20 12:42:57.815,0,GPU-e2681f6e-8d94-2d66-484f-43ea602335f9,448.28,1410,1593,95,79,73879,56
2026/07/20 12:42:58.066,0,GPU-e2681f6e-8d94-2d66-484f-43ea602335f9,288.97,1410,1593,91,66,73879,55
2026/07/20 12:42:58.316,0,GPU-e2681f6e-8d94-2d66-484f-43ea602335f9,297.72,1410,1593,94,78,73879,54
2026/07/20 12:42:58.566,0,GPU-e2681f6e-8d94-2d66-484f-43ea602335f9,303.19,1410,1593,94,79,73879,55
2026/07/20 12:42:58.816,0,GPU-e2681f6e-8d94-2d66-484f-43ea602335f9,308.29,1410,1593,95,79,73879,56
2026/07/20 12:42:59.066,0,GPU-e2681f6e-8d94-2d66-484f-43ea602335f9,290.49,1410,1593,94,77,73879,54
2026/07/20 12:42:59.316,0,GPU-e2681f6e-8d94-2d66-484f-43ea602335f9,286.88,1410,1593,94,78,73879,54
2026/07/20 12:42:59.566,0,GPU-e2681f6e-8d94-2d66-484f-43ea602335f9,291.71,1410,1593,94,78,73879,54
2026/07/20 12:42:59.816,0,GPU-e2681f6e-8d94-2d66-484f-43ea602335f9,299.24,1410,1593,94,79,73879,55
2026/07/20 12:43:00.066,0,GPU-e2681f6e-8d94-2d66-484f-43ea602335f9,301.35,1410,1593,94,79,73879,55
2026/07/20 12:43:00.316,0,GPU-e2681f6e-8d94-2d66-484f-43ea602335f9,93.77,1410,1593,54,45,73879,49
2026/07/20 12:43:00.566,0,GPU-e2681f6e-8d94-2d66-484f-43ea602335f9,92.48,1410,1593,0,0,73879,48
2026/07/20 12:43:00.816,0,GPU-e2681f6e-8d94-2d66-484f-43ea602335f9,435.90,1410,1593,0,0,73879,53
2026/07/20 12:43:01.067,0,GPU-e2681f6e-8d94-2d66-484f-43ea602335f9,283.52,1410,1593,88,62,73879,52
2026/07/20 12:43:01.317,0,GPU-e2681f6e-8d94-2d66-484f-43ea602335f9,293.23,1410,1593,94,79,73879,53
2026/07/20 12:43:01.567,0,GPU-e2681f6e-8d94-2d66-484f-43ea602335f9,299.00,1410,1593,94,79,73879,54
2026/07/20 12:43:01.817,0,GPU-e2681f6e-8d94-2d66-484f-43ea602335f9,312.94,1410,1593,94,79,73879,56
2026/07/20 12:43:02.067,0,GPU-e2681f6e-8d94-2d66-484f-43ea602335f9,302.00,1410,1593,94,76,73879,54
2026/07/20 12:43:02.317,0,GPU-e2681f6e-8d94-2d66-484f-43ea602335f9,303.20,1410,1593,94,79,73879,54
2026/07/20 12:43:02.567,0,GPU-e2681f6e-8d94-2d66-484f-43ea602335f9,301.41,1410,1593,94,79,73879,54
2026/07/20 12:43:02.817,0,GPU-e2681f6e-8d94-2d66-484f-43ea602335f9,300.21,1410,1593,81,67,73879,56
2026/07/20 12:43:03.068,0,GPU-e2681f6e-8d94-2d66-484f-43ea602335f9,300.80,1410,1593,95,71,73879,55
2026/07/20 12:43:03.318,0,GPU-e2681f6e-8d94-2d66-484f-43ea602335f9,298.69,1410,1593,94,79,73879,54
2026/07/20 12:43:03.568,0,GPU-e2681f6e-8d94-2d66-484f-43ea602335f9,300.80,1410,1593,95,79,73879,54
2026/07/20 12:43:03.818,0,GPU-e2681f6e-8d94-2d66-484f-43ea602335f9,303.20,1410,1593,94,79,73879,54
2026/07/20 12:43:04.068,0,GPU-e2681f6e-8d94-2d66-484f-43ea602335f9,301.08,1410,1593,94,79,73879,54
2026/07/20 12:43:04.318,0,GPU-e2681f6e-8d94-2d66-484f-43ea602335f9,301.08,1410,1593,94,79,73879,54
2026/07/20 12:43:04.568,0,GPU-e2681f6e-8d94-2d66-484f-43ea602335f9,302.61,1410,1593,94,79,73879,54
2026/07/20 12:43:04.818,0,GPU-e2681f6e-8d94-2d66-484f-43ea602335f9,301.08,1410,1593,94,77,73879,58
2026/07/20 12:43:05.068,0,GPU-e2681f6e-8d94-2d66-484f-43ea602335f9,293.52,1410,1593,96,68,73879,55
2026/07/20 12:43:05.318,0,GPU-e2681f6e-8d94-2d66-484f-43ea602335f9,288.67,1410,1593,94,78,73879,54
2026/07/20 12:43:05.568,0,GPU-e2681f6e-8d94-2d66-484f-43ea602335f9,303.20,1410,1593,93,78,73879,55
2026/07/20 12:43:05.819,0,GPU-e2681f6e-8d94-2d66-484f-43ea602335f9,302.33,1410,1593,94,76,73879,55
2026/07/20 12:43:06.069,0,GPU-e2681f6e-8d94-2d66-484f-43ea602335f9,295.64,1410,1593,95,79,73879,55
2026/07/20 12:43:06.319,0,GPU-e2681f6e-8d94-2d66-484f-43ea602335f9,304.72,1410,1593,94,79,73879,55
2026/07/20 12:43:06.569,0,GPU-e2681f6e-8d94-2d66-484f-43ea602335f9,295.97,1410,1593,94,79,73879,55
2026/07/20 12:43:06.819,0,GPU-e2681f6e-8d94-2d66-484f-43ea602335f9,304.41,1410,1593,94,78,73879,55
2026/07/20 12:43:07.069,0,GPU-e2681f6e-8d94-2d66-484f-43ea602335f9,306.26,1410,1593,94,78,73879,55
2026/07/20 12:43:07.319,0,GPU-e2681f6e-8d94-2d66-484f-43ea602335f9,93.58,1410,1593,53,45,73879,50
2026/07/20 12:43:07.569,0,GPU-e2681f6e-8d94-2d66-484f-43ea602335f9,93.31,1410,1593,0,0,73879,48
2026/07/20 12:43:07.819,0,GPU-e2681f6e-8d94-2d66-484f-43ea602335f9,91.55,1410,1593,15,8,73879,53
2026/07/20 12:43:08.069,0,GPU-e2681f6e-8d94-2d66-484f-43ea602335f9,285.95,1410,1593,95,73,73879,52
2026/07/20 12:43:08.319,0,GPU-e2681f6e-8d94-2d66-484f-43ea602335f9,293.52,1410,1593,94,77,73879,53
2026/07/20 12:43:08.569,0,GPU-e2681f6e-8d94-2d66-484f-43ea602335f9,300.21,1410,1593,94,79,73879,54
2026/07/20 12:43:08.820,0,GPU-e2681f6e-8d94-2d66-484f-43ea602335f9,296.83,1410,1593,95,73,73879,58
2026/07/20 12:43:09.070,0,GPU-e2681f6e-8d94-2d66-484f-43ea602335f9,292.32,1410,1593,95,73,73879,54
2026/07/20 12:43:09.320,0,GPU-e2681f6e-8d94-2d66-484f-43ea602335f9,292.92,1410,1593,94,77,73879,54
2026/07/20 12:43:09.570,0,GPU-e2681f6e-8d94-2d66-484f-43ea602335f9,293.84,1410,1593,94,78,73879,54
2026/07/20 12:43:09.820,0,GPU-e2681f6e-8d94-2d66-484f-43ea602335f9,296.24,1410,1593,94,78,73879,54
2026/07/20 12:43:10.070,0,GPU-e2681f6e-8d94-2d66-484f-43ea602335f9,298.08,1410,1593,94,79,73879,54
2026/07/20 12:43:10.320,0,GPU-e2681f6e-8d94-2d66-484f-43ea602335f9,100.54,1410,1593,94,79,73879,50
2026/07/20 12:43:10.570,0,GPU-e2681f6e-8d94-2d66-484f-43ea602335f9,92.65,1410,1593,0,0,73879,48
2026/07/20 12:43:10.820,0,GPU-e2681f6e-8d94-2d66-484f-43ea602335f9,271.98,1410,1593,26,13,73879,53
2026/07/20 12:43:11.070,0,GPU-e2681f6e-8d94-2d66-484f-43ea602335f9,284.72,1410,1593,94,77,73879,52
2026/07/20 12:43:11.321,0,GPU-e2681f6e-8d94-2d66-484f-43ea602335f9,285.63,1410,1593,95,78,73879,53
2026/07/20 12:43:11.571,0,GPU-e2681f6e-8d94-2d66-484f-43ea602335f9,287.15,1410,1593,94,78,73879,53
2026/07/20 12:43:11.821,0,GPU-e2681f6e-8d94-2d66-484f-43ea602335f9,369.85,1410,1593,94,76,73879,54
2026/07/20 12:43:12.071,0,GPU-e2681f6e-8d94-2d66-484f-43ea602335f9,301.08,1410,1593,95,78,73879,54
2026/07/20 12:43:12.321,0,GPU-e2681f6e-8d94-2d66-484f-43ea602335f9,302.00,1410,1593,93,78,73879,54
2026/07/20 12:43:12.571,0,GPU-e2681f6e-8d94-2d66-484f-43ea602335f9,303.80,1410,1593,94,79,73879,54
2026/07/20 12:43:12.821,0,GPU-e2681f6e-8d94-2d66-484f-43ea602335f9,463.93,1410,1593,95,68,73879,54
2026/07/20 12:43:13.071,0,GPU-e2681f6e-8d94-2d66-484f-43ea602335f9,299.28,1410,1593,95,77,73879,54
2026/07/20 12:43:13.321,0,GPU-e2681f6e-8d94-2d66-484f-43ea602335f9,305.65,1410,1593,94,77,73879,54
2026/07/20 12:43:13.571,0,GPU-e2681f6e-8d94-2d66-484f-43ea602335f9,305.33,1410,1593,94,79,73879,54
2026/07/20 12:43:13.822,0,GPU-e2681f6e-8d94-2d66-484f-43ea602335f9,302.89,1410,1593,94,79,73879,55
2026/07/20 12:43:14.072,0,GPU-e2681f6e-8d94-2d66-484f-43ea602335f9,308.37,1410,1593,95,79,73879,55
2026/07/20 12:43:14.322,0,GPU-e2681f6e-8d94-2d66-484f-43ea602335f9,301.08,1410,1593,94,79,73879,55
2026/07/20 12:43:14.572,0,GPU-e2681f6e-8d94-2d66-484f-43ea602335f9,307.77,1410,1593,94,79,73879,55
2026/07/20 12:43:14.822,0,GPU-e2681f6e-8d94-2d66-484f-43ea602335f9,459.96,1410,1593,94,79,73879,57
2026/07/20 12:43:15.072,0,GPU-e2681f6e-8d94-2d66-484f-43ea602335f9,290.50,1410,1593,94,77,73879,55
2026/07/20 12:43:15.322,0,GPU-e2681f6e-8d94-2d66-484f-43ea602335f9,293.81,1410,1593,95,77,73879,54
2026/07/20 12:43:15.572,0,GPU-e2681f6e-8d94-2d66-484f-43ea602335f9,300.17,1410,1593,94,78,73879,55
2026/07/20 12:43:15.822,0,GPU-e2681f6e-8d94-2d66-484f-43ea602335f9,299.58,1410,1593,94,79,73879,55
2026/07/20 12:43:16.072,0,GPU-e2681f6e-8d94-2d66-484f-43ea602335f9,295.34,1410,1593,94,78,73879,54
2026/07/20 12:43:16.322,0,GPU-e2681f6e-8d94-2d66-484f-43ea602335f9,291.09,1410,1593,94,78,73879,54
2026/07/20 12:43:16.573,0,GPU-e2681f6e-8d94-2d66-484f-43ea602335f9,290.50,1410,1593,94,78,73879,54
2026/07/20 12:43:16.823,0,GPU-e2681f6e-8d94-2d66-484f-43ea602335f9,363.65,1410,1593,95,69,73879,56
2026/07/20 12:43:17.073,0,GPU-e2681f6e-8d94-2d66-484f-43ea602335f9,291.42,1410,1593,94,77,73879,55
2026/07/20 12:43:17.323,0,GPU-e2681f6e-8d94-2d66-484f-43ea602335f9,294.41,1410,1593,93,76,73879,54
2026/07/20 12:43:17.573,0,GPU-e2681f6e-8d94-2d66-484f-43ea602335f9,298.65,1410,1593,94,78,73879,55
2026/07/20 12:43:17.823,0,GPU-e2681f6e-8d94-2d66-484f-43ea602335f9,451.34,1410,1593,91,76,73879,54
2026/07/20 12:43:18.073,0,GPU-e2681f6e-8d94-2d66-484f-43ea602335f9,296.52,1410,1593,43,24,73879,54
2026/07/20 12:43:18.323,0,GPU-e2681f6e-8d94-2d66-484f-43ea602335f9,306.53,1410,1593,94,79,73879,54
2026/07/20 12:43:18.573,0,GPU-e2681f6e-8d94-2d66-484f-43ea602335f9,304.14,1410,1593,94,79,73879,55
2026/07/20 12:43:18.823,0,GPU-e2681f6e-8d94-2d66-484f-43ea602335f9,263.27,1410,1593,94,79,73879,54
2026/07/20 12:43:19.073,0,GPU-e2681f6e-8d94-2d66-484f-43ea602335f9,313.76,1410,1593,93,80,73879,55
2026/07/20 12:43:19.323,0,GPU-e2681f6e-8d94-2d66-484f-43ea602335f9,124.35,1410,1593,65,55,73879,50
2026/07/20 12:43:19.573,0,GPU-e2681f6e-8d94-2d66-484f-43ea602335f9,92.98,1410,1593,0,0,73879,48
2026/07/20 12:43:19.824,0,GPU-e2681f6e-8d94-2d66-484f-43ea602335f9,316.80,1410,1593,0,0,73879,54
2026/07/20 12:43:20.074,0,GPU-e2681f6e-8d94-2d66-484f-43ea602335f9,240.80,1410,1593,91,75,73879,53
2026/07/20 12:43:20.324,0,GPU-e2681f6e-8d94-2d66-484f-43ea602335f9,290.82,1410,1593,94,78,73879,53
2026/07/20 12:43:20.574,0,GPU-e2681f6e-8d94-2d66-484f-43ea602335f9,299.24,1410,1593,94,78,73879,54
2026/07/20 12:43:20.824,0,GPU-e2681f6e-8d94-2d66-484f-43ea602335f9,295.66,1410,1593,94,79,73879,58
2026/07/20 12:43:21.074,0,GPU-e2681f6e-8d94-2d66-484f-43ea602335f9,291.09,1410,1593,94,77,73879,54
2026/07/20 12:43:21.324,0,GPU-e2681f6e-8d94-2d66-484f-43ea602335f9,300.17,1410,1593,90,75,73879,54
2026/07/20 12:43:21.574,0,GPU-e2681f6e-8d94-2d66-484f-43ea602335f9,301.37,1410,1593,94,79,73879,54
2026/07/20 12:43:21.824,0,GPU-e2681f6e-8d94-2d66-484f-43ea602335f9,296.52,1410,1593,94,79,73879,54
2026/07/20 12:43:22.074,0,GPU-e2681f6e-8d94-2d66-484f-43ea602335f9,292.94,1410,1593,84,67,73879,54
2026/07/20 12:43:22.324,0,GPU-e2681f6e-8d94-2d66-484f-43ea602335f9,296.22,1410,1593,91,75,73879,54
2026/07/20 12:43:22.574,0,GPU-e2681f6e-8d94-2d66-484f-43ea602335f9,300.77,1410,1593,94,79,73879,54
2026/07/20 12:43:22.824,0,GPU-e2681f6e-8d94-2d66-484f-43ea602335f9,291.09,1410,1593,94,78,73879,53
2026/07/20 12:43:23.074,0,GPU-e2681f6e-8d94-2d66-484f-43ea602335f9,274.73,1410,1593,93,76,73879,54
2026/07/20 12:43:23.324,0,GPU-e2681f6e-8d94-2d66-484f-43ea602335f9,301.38,1410,1593,93,76,73879,54
2026/07/20 12:43:23.575,0,GPU-e2681f6e-8d94-2d66-484f-43ea602335f9,297.45,1410,1593,93,78,73879,54
2026/07/20 12:43:23.825,0,GPU-e2681f6e-8d94-2d66-484f-43ea602335f9,94.37,1410,1593,51,43,73879,49
2026/07/20 12:43:24.075,0,GPU-e2681f6e-8d94-2d66-484f-43ea602335f9,93.17,1410,1593,0,0,73879,47
2026/07/20 12:43:24.325,0,GPU-e2681f6e-8d94-2d66-484f-43ea602335f9,95.89,1410,1593,0,0,73879,47
2026/07/20 12:43:24.575,0,GPU-e2681f6e-8d94-2d66-484f-43ea602335f9,91.28,1410,1593,0,0,73879,46
2026/07/20 12:43:24.825,0,GPU-e2681f6e-8d94-2d66-484f-43ea602335f9,238.05,1410,1593,0,0,73879,53
2026/07/20 12:43:25.075,0,GPU-e2681f6e-8d94-2d66-484f-43ea602335f9,203.74,1410,1593,89,73,73879,52
2026/07/20 12:43:25.325,0,GPU-e2681f6e-8d94-2d66-484f-43ea602335f9,301.12,1410,1593,94,79,73879,52
2026/07/20 12:43:25.575,0,GPU-e2681f6e-8d94-2d66-484f-43ea602335f9,302.61,1410,1593,94,79,73879,53
2026/07/20 12:43:25.825,0,GPU-e2681f6e-8d94-2d66-484f-43ea602335f9,143.73,1410,1593,94,79,73879,57
2026/07/20 12:43:26.075,0,GPU-e2681f6e-8d94-2d66-484f-43ea602335f9,289.27,1410,1593,78,50,73879,53
2026/07/20 12:43:26.325,0,GPU-e2681f6e-8d94-2d66-484f-43ea602335f9,296.56,1410,1593,91,76,73879,53
2026/07/20 12:43:26.576,0,GPU-e2681f6e-8d94-2d66-484f-43ea602335f9,294.11,1410,1593,94,79,73879,54
2026/07/20 12:43:26.826,0,GPU-e2681f6e-8d94-2d66-484f-43ea602335f9,367.13,1410,1593,94,79,73879,56
2026/07/20 12:43:27.076,0,GPU-e2681f6e-8d94-2d66-484f-43ea602335f9,291.12,1410,1593,89,62,73879,54
2026/07/20 12:43:27.326,0,GPU-e2681f6e-8d94-2d66-484f-43ea602335f9,264.74,1410,1593,89,74,73879,54
2026/07/20 12:43:27.576,0,GPU-e2681f6e-8d94-2d66-484f-43ea602335f9,294.45,1410,1593,94,79,73879,54
2026/07/20 12:43:27.826,0,GPU-e2681f6e-8d94-2d66-484f-43ea602335f9,305.65,1410,1593,94,79,73879,54
2026/07/20 12:43:28.076,0,GPU-e2681f6e-8d94-2d66-484f-43ea602335f9,285.03,1410,1593,91,75,73879,53
2026/07/20 12:43:28.326,0,GPU-e2681f6e-8d94-2d66-484f-43ea602335f9,302.33,1410,1593,94,79,73879,54
2026/07/20 12:43:28.576,0,GPU-e2681f6e-8d94-2d66-484f-43ea602335f9,298.08,1410,1593,94,79,73879,54
2026/07/20 12:43:28.827,0,GPU-e2681f6e-8d94-2d66-484f-43ea602335f9,407.02,1410,1593,94,79,73879,56
2026/07/20 12:43:29.077,0,GPU-e2681f6e-8d94-2d66-484f-43ea602335f9,252.00,1410,1593,81,56,73879,54
2026/07/20 12:43:29.327,0,GPU-e2681f6e-8d94-2d66-484f-43ea602335f9,301.08,1410,1593,94,79,73879,54
2026/07/20 12:43:29.577,0,GPU-e2681f6e-8d94-2d66-484f-43ea602335f9,302.89,1410,1593,94,79,73879,54
2026/07/20 12:43:29.827,0,GPU-e2681f6e-8d94-2d66-484f-43ea602335f9,326.80,1410,1593,95,79,73879,55
2026/07/20 12:43:30.077,0,GPU-e2681f6e-8d94-2d66-484f-43ea602335f9,297.49,1410,1593,91,74,73879,54
2026/07/20 12:43:30.327,0,GPU-e2681f6e-8d94-2d66-484f-43ea602335f9,297.49,1410,1593,94,79,73879,54
2026/07/20 12:43:30.577,0,GPU-e2681f6e-8d94-2d66-484f-43ea602335f9,299.28,1410,1593,94,79,73879,54
2026/07/20 12:43:30.827,0,GPU-e2681f6e-8d94-2d66-484f-43ea602335f9,454.85,1410,1593,94,79,73879,58
2026/07/20 12:43:31.077,0,GPU-e2681f6e-8d94-2d66-484f-43ea602335f9,289.27,1410,1593,74,46,73879,54
2026/07/20 12:43:31.327,0,GPU-e2681f6e-8d94-2d66-484f-43ea602335f9,307.44,1410,1593,94,78,73879,54
2026/07/20 12:43:31.578,0,GPU-e2681f6e-8d94-2d66-484f-43ea602335f9,298.08,1410,1593,94,79,73879,54
2026/07/20 12:43:31.828,0,GPU-e2681f6e-8d94-2d66-484f-43ea602335f9,425.17,1410,1593,94,79,73879,57
2026/07/20 12:43:32.078,0,GPU-e2681f6e-8d94-2d66-484f-43ea602335f9,290.17,1410,1593,81,52,73879,54
2026/07/20 12:43:32.328,0,GPU-e2681f6e-8d94-2d66-484f-43ea602335f9,303.52,1410,1593,88,74,73879,54
2026/07/20 12:43:32.578,0,GPU-e2681f6e-8d94-2d66-484f-43ea602335f9,301.68,1410,1593,94,79,73879,54
2026/07/20 12:43:32.828,0,GPU-e2681f6e-8d94-2d66-484f-43ea602335f9,308.38,1410,1593,94,79,73879,57
2026/07/20 12:43:33.078,0,GPU-e2681f6e-8d94-2d66-484f-43ea602335f9,302.62,1410,1593,91,71,73879,55
2026/07/20 12:43:33.328,0,GPU-e2681f6e-8d94-2d66-484f-43ea602335f9,304.41,1410,1593,94,79,73879,54
2026/07/20 12:43:33.578,0,GPU-e2681f6e-8d94-2d66-484f-43ea602335f9,301.69,1410,1593,94,79,73879,54
2026/07/20 12:43:33.828,0,GPU-e2681f6e-8d94-2d66-484f-43ea602335f9,300.49,1410,1593,94,78,73879,55
2026/07/20 12:43:34.078,0,GPU-e2681f6e-8d94-2d66-484f-43ea602335f9,258.10,1410,1593,95,76,73879,51
2026/07/20 12:43:34.328,0,GPU-e2681f6e-8d94-2d66-484f-43ea602335f9,94.17,1410,1593,34,28,73879,49
2026/07/20 12:43:34.579,0,GPU-e2681f6e-8d94-2d66-484f-43ea602335f9,92.65,1410,1593,0,0,73879,47
2026/07/20 12:43:34.829,0,GPU-e2681f6e-8d94-2d66-484f-43ea602335f9,427.29,1410,1593,2,1,73879,50
2026/07/20 12:43:35.079,0,GPU-e2681f6e-8d94-2d66-484f-43ea602335f9,283.51,1410,1593,86,58,73879,52
2026/07/20 12:43:35.329,0,GPU-e2681f6e-8d94-2d66-484f-43ea602335f9,173.74,1410,1593,94,78,73879,53
2026/07/20 12:43:35.579,0,GPU-e2681f6e-8d94-2d66-484f-43ea602335f9,300.52,1410,1593,94,79,73879,53
2026/07/20 12:43:35.829,0,GPU-e2681f6e-8d94-2d66-484f-43ea602335f9,102.17,1410,1593,65,53,73879,56
2026/07/20 12:43:36.079,0,GPU-e2681f6e-8d94-2d66-484f-43ea602335f9,290.77,1410,1593,95,70,73879,53
2026/07/20 12:43:36.329,0,GPU-e2681f6e-8d94-2d66-484f-43ea602335f9,303.20,1410,1593,92,77,73879,54
2026/07/20 12:43:36.579,0,GPU-e2681f6e-8d94-2d66-484f-43ea602335f9,299.55,1410,1593,94,79,73879,54
2026/07/20 12:43:36.829,0,GPU-e2681f6e-8d94-2d66-484f-43ea602335f9,305.65,1410,1593,94,73,73879,58
2026/07/20 12:43:37.079,0,GPU-e2681f6e-8d94-2d66-484f-43ea602335f9,95.20,1410,1593,89,63,73879,50
2026/07/20 12:43:37.329,0,GPU-e2681f6e-8d94-2d66-484f-43ea602335f9,276.27,1410,1593,0,0,73879,49
2026/07/20 12:43:37.580,0,GPU-e2681f6e-8d94-2d66-484f-43ea602335f9,283.23,1410,1593,90,73,73879,52
2026/07/20 12:43:37.830,0,GPU-e2681f6e-8d94-2d66-484f-43ea602335f9,301.68,1410,1593,86,69,73879,54
2026/07/20 12:43:38.080,0,GPU-e2681f6e-8d94-2d66-484f-43ea602335f9,290.20,1410,1593,94,78,73879,53
2026/07/20 12:43:38.330,0,GPU-e2681f6e-8d94-2d66-484f-43ea602335f9,285.63,1410,1593,94,78,73879,53
2026/07/20 12:43:38.580,0,GPU-e2681f6e-8d94-2d66-484f-43ea602335f9,296.24,1410,1593,95,78,73879,53
2026/07/20 12:43:38.830,0,GPU-e2681f6e-8d94-2d66-484f-43ea602335f9,288.38,1410,1593,87,69,73879,54
2026/07/20 12:43:39.080,0,GPU-e2681f6e-8d94-2d66-484f-43ea602335f9,296.54,1410,1593,90,68,73879,54
2026/07/20 12:43:39.330,0,GPU-e2681f6e-8d94-2d66-484f-43ea602335f9,289.30,1410,1593,94,77,73879,54
2026/07/20 12:43:39.580,0,GPU-e2681f6e-8d94-2d66-484f-43ea602335f9,296.54,1410,1593,94,78,73879,54
2026/07/20 12:43:39.830,0,GPU-e2681f6e-8d94-2d66-484f-43ea602335f9,287.15,1410,1593,96,66,73879,52
2026/07/20 12:43:40.080,0,GPU-e2681f6e-8d94-2d66-484f-43ea602335f9,292.62,1410,1593,96,66,73879,54
2026/07/20 12:43:40.330,0,GPU-e2681f6e-8d94-2d66-484f-43ea602335f9,282.64,1410,1593,95,77,73879,53
2026/07/20 12:43:40.581,0,GPU-e2681f6e-8d94-2d66-484f-43ea602335f9,291.72,1410,1593,87,72,73879,54
2026/07/20 12:43:40.831,0,GPU-e2681f6e-8d94-2d66-484f-43ea602335f9,241.12,1410,1593,81,62,73879,56
2026/07/20 12:43:41.081,0,GPU-e2681f6e-8d94-2d66-484f-43ea602335f9,288.67,1410,1593,95,68,73879,54
2026/07/20 12:43:41.331,0,GPU-e2681f6e-8d94-2d66-484f-43ea602335f9,297.49,1410,1593,94,78,73879,54
2026/07/20 12:43:41.581,0,GPU-e2681f6e-8d94-2d66-484f-43ea602335f9,290.47,1410,1593,95,78,73879,54
2026/07/20 12:43:41.831,0,GPU-e2681f6e-8d94-2d66-484f-43ea602335f9,307.17,1410,1593,94,78,73879,55
2026/07/20 12:43:42.081,0,GPU-e2681f6e-8d94-2d66-484f-43ea602335f9,286.88,1410,1593,87,64,73879,54
2026/07/20 12:43:42.331,0,GPU-e2681f6e-8d94-2d66-484f-43ea602335f9,285.36,1410,1593,92,75,73879,54
2026/07/20 12:43:42.581,0,GPU-e2681f6e-8d94-2d66-484f-43ea602335f9,297.17,1410,1593,91,76,73879,54
2026/07/20 12:43:42.831,0,GPU-e2681f6e-8d94-2d66-484f-43ea602335f9,365.33,1410,1593,91,65,73879,56
2026/07/20 12:43:43.081,0,GPU-e2681f6e-8d94-2d66-484f-43ea602335f9,298.36,1410,1593,89,73,73879,54
2026/07/20 12:43:43.331,0,GPU-e2681f6e-8d94-2d66-484f-43ea602335f9,304.45,1410,1593,94,79,73879,54
2026/07/20 12:43:43.581,0,GPU-e2681f6e-8d94-2d66-484f-43ea602335f9,295.36,1410,1593,94,79,73879,54
2026/07/20 12:43:43.832,0,GPU-e2681f6e-8d94-2d66-484f-43ea602335f9,242.05,1410,1593,87,64,73879,57
2026/07/20 12:43:44.082,0,GPU-e2681f6e-8d94-2d66-484f-43ea602335f9,294.45,1410,1593,94,72,73879,55
2026/07/20 12:43:44.332,0,GPU-e2681f6e-8d94-2d66-484f-43ea602335f9,299.24,1410,1593,94,77,73879,54
2026/07/20 12:43:44.582,0,GPU-e2681f6e-8d94-2d66-484f-43ea602335f9,298.05,1410,1593,94,79,73879,54
2026/07/20 12:43:44.832,0,GPU-e2681f6e-8d94-2d66-484f-43ea602335f9,332.24,1410,1593,87,63,73879,56
2026/07/20 12:43:45.082,0,GPU-e2681f6e-8d94-2d66-484f-43ea602335f9,290.82,1410,1593,88,67,73879,55
2026/07/20 12:43:45.332,0,GPU-e2681f6e-8d94-2d66-484f-43ea602335f9,268.06,1410,1593,94,77,73879,54
2026/07/20 12:43:45.582,0,GPU-e2681f6e-8d94-2d66-484f-43ea602335f9,296.27,1410,1593,91,76,73879,54
2026/07/20 12:43:45.832,0,GPU-e2681f6e-8d94-2d66-484f-43ea602335f9,454.99,1410,1593,94,79,73879,59
2026/07/20 12:43:46.082,0,GPU-e2681f6e-8d94-2d66-484f-43ea602335f9,295.02,1410,1593,91,65,73879,55
2026/07/20 12:43:46.332,0,GPU-e2681f6e-8d94-2d66-484f-43ea602335f9,290.50,1410,1593,93,76,73879,54
2026/07/20 12:43:46.582,0,GPU-e2681f6e-8d94-2d66-484f-43ea602335f9,295.36,1410,1593,92,76,73879,54
2026/07/20 12:43:46.833,0,GPU-e2681f6e-8d94-2d66-484f-43ea602335f9,305.36,1410,1593,89,74,73879,57
2026/07/20 12:43:47.083,0,GPU-e2681f6e-8d94-2d66-484f-43ea602335f9,290.20,1410,1593,95,78,73879,54
2026/07/20 12:43:47.333,0,GPU-e2681f6e-8d94-2d66-484f-43ea602335f9,305.97,1410,1593,92,76,73879,55
2026/07/20 12:43:47.583,0,GPU-e2681f6e-8d94-2d66-484f-43ea602335f9,304.44,1410,1593,94,79,73879,55
2026/07/20 12:43:47.833,0,GPU-e2681f6e-8d94-2d66-484f-43ea602335f9,469.63,1410,1593,94,79,73879,57
2026/07/20 12:43:48.083,0,GPU-e2681f6e-8d94-2d66-484f-43ea602335f9,299.89,1410,1593,80,66,73879,55
2026/07/20 12:43:48.333,0,GPU-e2681f6e-8d94-2d66-484f-43ea602335f9,308.96,1410,1593,94,79,73879,55
2026/07/20 12:43:48.583,0,GPU-e2681f6e-8d94-2d66-484f-43ea602335f9,306.89,1410,1593,94,79,73879,55
2026/07/20 12:43:48.833,0,GPU-e2681f6e-8d94-2d66-484f-43ea602335f9,432.46,1410,1593,84,55,73879,53
2026/07/20 12:43:49.083,0,GPU-e2681f6e-8d94-2d66-484f-43ea602335f9,295.36,1410,1593,94,77,73879,54
2026/07/20 12:43:49.333,0,GPU-e2681f6e-8d94-2d66-484f-43ea602335f9,295.64,1410,1593,89,73,73879,55
2026/07/20 12:43:49.583,0,GPU-e2681f6e-8d94-2d66-484f-43ea602335f9,286.55,1410,1593,94,77,73879,54
2026/07/20 12:43:49.834,0,GPU-e2681f6e-8d94-2d66-484f-43ea602335f9,299.28,1410,1593,90,74,73879,55
2026/07/20 12:43:50.084,0,GPU-e2681f6e-8d94-2d66-484f-43ea602335f9,290.47,1410,1593,84,69,73879,54
2026/07/20 12:43:50.334,0,GPU-e2681f6e-8d94-2d66-484f-43ea602335f9,302.00,1410,1593,90,75,73879,55
2026/07/20 12:43:50.584,0,GPU-e2681f6e-8d94-2d66-484f-43ea602335f9,305.65,1410,1593,95,79,73879,55
2026/07/20 12:43:50.834,0,GPU-e2681f6e-8d94-2d66-484f-43ea602335f9,304.13,1410,1593,94,79,73879,59
2026/07/20 12:43:51.084,0,GPU-e2681f6e-8d94-2d66-484f-43ea602335f9,300.21,1410,1593,86,72,73879,55
2026/07/20 12:43:51.334,0,GPU-e2681f6e-8d94-2d66-484f-43ea602335f9,307.12,1410,1593,94,79,73879,55
2026/07/20 12:43:51.584,0,GPU-e2681f6e-8d94-2d66-484f-43ea602335f9,300.21,1410,1593,94,79,73879,55
2026/07/20 12:43:51.834,0,GPU-e2681f6e-8d94-2d66-484f-43ea602335f9,311.69,1410,1593,94,79,73879,55
2026/07/20 12:43:52.084,0,GPU-e2681f6e-8d94-2d66-484f-43ea602335f9,295.64,1410,1593,92,74,73879,55
2026/07/20 12:43:52.334,0,GPU-e2681f6e-8d94-2d66-484f-43ea602335f9,94.51,1410,1593,0,0,73879,49
2026/07/20 12:43:52.584,0,GPU-e2681f6e-8d94-2d66-484f-43ea602335f9,92.98,1410,1593,0,0,73879,47
2026/07/20 12:43:52.834,0,GPU-e2681f6e-8d94-2d66-484f-43ea602335f9,348.83,1410,1593,0,0,73879,51
2026/07/20 12:43:53.085,0,GPU-e2681f6e-8d94-2d66-484f-43ea602335f9,305.33,1410,1593,94,79,73879,53
2026/07/20 12:43:53.335,0,GPU-e2681f6e-8d94-2d66-484f-43ea602335f9,302.01,1410,1593,94,79,73879,53
2026/07/20 12:43:53.585,0,GPU-e2681f6e-8d94-2d66-484f-43ea602335f9,305.33,1410,1593,94,79,73879,54
2026/07/20 12:43:53.835,0,GPU-e2681f6e-8d94-2d66-484f-43ea602335f9,302.01,1410,1593,94,79,73879,54
2026/07/20 12:43:54.085,0,GPU-e2681f6e-8d94-2d66-484f-43ea602335f9,303.49,1410,1593,92,75,73879,54
2026/07/20 12:43:54.335,0,GPU-e2681f6e-8d94-2d66-484f-43ea602335f9,302.01,1410,1593,94,79,73879,54
2026/07/20 12:43:54.585,0,GPU-e2681f6e-8d94-2d66-484f-43ea602335f9,300.17,1410,1593,83,69,73879,50
2026/07/20 12:43:54.835,0,GPU-e2681f6e-8d94-2d66-484f-43ea602335f9,295.66,1410,1593,0,0,73879,53
2026/07/20 12:43:55.085,0,GPU-e2681f6e-8d94-2d66-484f-43ea602335f9,302.89,1410,1593,63,41,73879,53
2026/07/20 12:43:55.335,0,GPU-e2681f6e-8d94-2d66-484f-43ea602335f9,304.14,1410,1593,94,79,73879,54
2026/07/20 12:43:55.585,0,GPU-e2681f6e-8d94-2d66-484f-43ea602335f9,302.62,1410,1593,94,79,73879,54
2026/07/20 12:43:55.836,0,GPU-e2681f6e-8d94-2d66-484f-43ea602335f9,295.66,1410,1593,94,79,73879,58
2026/07/20 12:43:56.086,0,GPU-e2681f6e-8d94-2d66-484f-43ea602335f9,287.48,1410,1593,95,78,73879,54
2026/07/20 12:43:56.336,0,GPU-e2681f6e-8d94-2d66-484f-43ea602335f9,293.54,1410,1593,94,78,73879,54
2026/07/20 12:43:56.586,0,GPU-e2681f6e-8d94-2d66-484f-43ea602335f9,290.17,1410,1593,95,78,73879,54
2026/07/20 12:43:56.836,0,GPU-e2681f6e-8d94-2d66-484f-43ea602335f9,331.29,1410,1593,93,77,73879,54
2026/07/20 12:43:57.086,0,GPU-e2681f6e-8d94-2d66-484f-43ea602335f9,294.11,1410,1593,94,77,73879,54
2026/07/20 12:43:57.336,0,GPU-e2681f6e-8d94-2d66-484f-43ea602335f9,298.66,1410,1593,95,79,73879,54
2026/07/20 12:43:57.586,0,GPU-e2681f6e-8d94-2d66-484f-43ea602335f9,301.70,1410,1593,94,79,73879,54
2026/07/20 12:43:57.836,0,GPU-e2681f6e-8d94-2d66-484f-43ea602335f9,406.60,1410,1593,94,79,73879,57
2026/07/20 12:43:58.086,0,GPU-e2681f6e-8d94-2d66-484f-43ea602335f9,293.50,1410,1593,95,69,73879,54
2026/07/20 12:43:58.336,0,GPU-e2681f6e-8d94-2d66-484f-43ea602335f9,305.02,1410,1593,94,79,73879,55
2026/07/20 12:43:58.587,0,GPU-e2681f6e-8d94-2d66-484f-43ea602335f9,303.82,1410,1593,94,79,73879,55
2026/07/20 12:43:58.837,0,GPU-e2681f6e-8d94-2d66-484f-43ea602335f9,415.34,1410,1593,94,79,73879,58
2026/07/20 12:43:59.087,0,GPU-e2681f6e-8d94-2d66-484f-43ea602335f9,292.64,1410,1593,95,78,73879,55
2026/07/20 12:43:59.337,0,GPU-e2681f6e-8d94-2d66-484f-43ea602335f9,289.60,1410,1593,95,78,73879,54
2026/07/20 12:43:59.587,0,GPU-e2681f6e-8d94-2d66-484f-43ea602335f9,293.50,1410,1593,94,78,73879,54
2026/07/20 12:43:59.837,0,GPU-e2681f6e-8d94-2d66-484f-43ea602335f9,349.07,1410,1593,94,78,73879,55
2026/07/20 12:44:00.087,0,GPU-e2681f6e-8d94-2d66-484f-43ea602335f9,286.55,1410,1593,94,76,73879,54
2026/07/20 12:44:00.337,0,GPU-e2681f6e-8d94-2d66-484f-43ea602335f9,301.05,1410,1593,94,78,73879,54
2026/07/20 12:44:00.587,0,GPU-e2681f6e-8d94-2d66-484f-43ea602335f9,302.30,1410,1593,94,79,73879,55
2026/07/20 12:44:00.837,0,GPU-e2681f6e-8d94-2d66-484f-43ea602335f9,463.23,1410,1593,94,79,73879,57
2026/07/20 12:44:01.087,0,GPU-e2681f6e-8d94-2d66-484f-43ea602335f9,252.41,1410,1593,95,61,73879,55
2026/07/20 12:44:01.338,0,GPU-e2681f6e-8d94-2d66-484f-43ea602335f9,293.23,1410,1593,94,78,73879,55
2026/07/20 12:44:01.588,0,GPU-e2681f6e-8d94-2d66-484f-43ea602335f9,304.38,1410,1593,90,74,73879,55
2026/07/20 12:44:01.838,0,GPU-e2681f6e-8d94-2d66-484f-43ea602335f9,420.98,1410,1593,94,79,73879,57
2026/07/20 12:44:02.088,0,GPU-e2681f6e-8d94-2d66-484f-43ea602335f9,294.12,1410,1593,82,63,73879,54
2026/07/20 12:44:02.338,0,GPU-e2681f6e-8d94-2d66-484f-43ea602335f9,298.03,1410,1593,94,78,73879,54
2026/07/20 12:44:02.588,0,GPU-e2681f6e-8d94-2d66-484f-43ea602335f9,94.31,1410,1593,58,49,73879,51
2026/07/20 12:44:02.838,0,GPU-e2681f6e-8d94-2d66-484f-43ea602335f9,433.17,1410,1593,81,28,73879,49
2026/07/20 12:44:03.088,0,GPU-e2681f6e-8d94-2d66-484f-43ea602335f9,298.95,1410,1593,81,28,73879,56
2026/07/20 12:44:03.338,0,GPU-e2681f6e-8d94-2d66-484f-43ea602335f9,196.49,1410,1593,70,58,73879,54
2026/07/20 12:44:03.588,0,GPU-e2681f6e-8d94-2d66-484f-43ea602335f9,297.16,1410,1593,95,77,73879,54
2026/07/20 12:44:03.838,0,GPU-e2681f6e-8d94-2d66-484f-43ea602335f9,446.18,1410,1593,95,77,73879,57
2026/07/20 12:44:04.088,0,GPU-e2681f6e-8d94-2d66-484f-43ea602335f9,285.34,1410,1593,84,51,73879,55
2026/07/20 12:44:04.339,0,GPU-e2681f6e-8d94-2d66-484f-43ea602335f9,289.89,1410,1593,95,77,73879,54
2026/07/20 12:44:04.589,0,GPU-e2681f6e-8d94-2d66-484f-43ea602335f9,286.59,1410,1593,94,77,73879,54
2026/07/20 12:44:04.839,0,GPU-e2681f6e-8d94-2d66-484f-43ea602335f9,375.97,1410,1593,84,69,73879,57
2026/07/20 12:44:05.089,0,GPU-e2681f6e-8d94-2d66-484f-43ea602335f9,296.24,1410,1593,81,54,73879,55
2026/07/20 12:44:05.339,0,GPU-e2681f6e-8d94-2d66-484f-43ea602335f9,294.74,1410,1593,95,77,73879,54
2026/07/20 12:44:05.589,0,GPU-e2681f6e-8d94-2d66-484f-43ea602335f9,294.45,1410,1593,95,77,73879,54
2026/07/20 12:44:05.839,0,GPU-e2681f6e-8d94-2d66-484f-43ea602335f9,295.60,1410,1593,82,67,73879,56
2026/07/20 12:44:06.089,0,GPU-e2681f6e-8d94-2d66-484f-43ea602335f9,291.41,1410,1593,86,61,73879,54
2026/07/20 12:44:06.339,0,GPU-e2681f6e-8d94-2d66-484f-43ea602335f9,290.82,1410,1593,94,77,73879,54
2026/07/20 12:44:06.589,0,GPU-e2681f6e-8d94-2d66-484f-43ea602335f9,302.27,1410,1593,89,73,73879,54
2026/07/20 12:44:06.839,0,GPU-e2681f6e-8d94-2d66-484f-43ea602335f9,295.05,1410,1593,92,76,73879,59
2026/07/20 12:44:07.089,0,GPU-e2681f6e-8d94-2d66-484f-43ea602335f9,293.53,1410,1593,89,58,73879,55
2026/07/20 12:44:07.339,0,GPU-e2681f6e-8d94-2d66-484f-43ea602335f9,294.12,1410,1593,95,77,73879,54
2026/07/20 12:44:07.590,0,GPU-e2681f6e-8d94-2d66-484f-43ea602335f9,296.26,1410,1593,91,74,73879,54
2026/07/20 12:44:07.840,0,GPU-e2681f6e-8d94-2d66-484f-43ea602335f9,478.24,1410,1593,92,76,73879,58
2026/07/20 12:44:08.090,0,GPU-e2681f6e-8d94-2d66-484f-43ea602335f9,478.24,1410,1593,92,76,73879,52
2026/07/20 12:44:08.342,0,GPU-e2681f6e-8d94-2d66-484f-43ea602335f9,103.26,1410,1593,90,73,73879,53
2026/07/20 12:44:08.592,0,GPU-e2681f6e-8d94-2d66-484f-43ea602335f9,288.11,1410,1593,93,76,73879,54
2026/07/20 12:44:08.842,0,GPU-e2681f6e-8d94-2d66-484f-43ea602335f9,288.70,1410,1593,94,73,73879,56
2026/07/20 12:44:09.092,0,GPU-e2681f6e-8d94-2d66-484f-43ea602335f9,293.82,1410,1593,95,69,73879,55
2026/07/20 12:44:09.342,0,GPU-e2681f6e-8d94-2d66-484f-43ea602335f9,294.74,1410,1593,94,77,73879,55
2026/07/20 12:44:09.592,0,GPU-e2681f6e-8d94-2d66-484f-43ea602335f9,288.08,1410,1593,95,78,73879,54
2026/07/20 12:44:09.842,0,GPU-e2681f6e-8d94-2d66-484f-43ea602335f9,287.48,1410,1593,95,77,73879,55
2026/07/20 12:44:10.092,0,GPU-e2681f6e-8d94-2d66-484f-43ea602335f9,293.82,1410,1593,95,78,73879,54
2026/07/20 12:44:10.342,0,GPU-e2681f6e-8d94-2d66-484f-43ea602335f9,304.98,1410,1593,94,79,73879,55
2026/07/20 12:44:10.592,0,GPU-e2681f6e-8d94-2d66-484f-43ea602335f9,303.78,1410,1593,94,79,73879,55
2026/07/20 12:44:10.842,0,GPU-e2681f6e-8d94-2d66-484f-43ea602335f9,292.30,1410,1593,94,78,73879,55
2026/07/20 12:44:11.092,0,GPU-e2681f6e-8d94-2d66-484f-43ea602335f9,294.42,1410,1593,94,77,73879,55
2026/07/20 12:44:11.343,0,GPU-e2681f6e-8d94-2d66-484f-43ea602335f9,93.88,1410,1593,0,0,73879,50
2026/07/20 12:44:11.593,0,GPU-e2681f6e-8d94-2d66-484f-43ea602335f9,93.02,1410,1593,0,0,73879,48
2026/07/20 12:44:11.843,0,GPU-e2681f6e-8d94-2d66-484f-43ea602335f9,230.48,1410,1593,17,7,73879,53
2026/07/20 12:44:12.093,0,GPU-e2681f6e-8d94-2d66-484f-43ea602335f9,291.38,1410,1593,92,72,73879,53
2026/07/20 12:44:12.343,0,GPU-e2681f6e-8d94-2d66-484f-43ea602335f9,297.13,1410,1593,94,78,73879,54
2026/07/20 12:44:12.593,0,GPU-e2681f6e-8d94-2d66-484f-43ea602335f9,300.75,1410,1593,94,78,73879,54
2026/07/20 12:44:12.843,0,GPU-e2681f6e-8d94-2d66-484f-43ea602335f9,295.01,1410,1593,95,69,73879,58
2026/07/20 12:44:13.093,0,GPU-e2681f6e-8d94-2d66-484f-43ea602335f9,259.15,1410,1593,94,76,73879,54
2026/07/20 12:44:13.343,0,GPU-e2681f6e-8d94-2d66-484f-43ea602335f9,304.98,1410,1593,94,79,73879,54
2026/07/20 12:44:13.593,0,GPU-e2681f6e-8d94-2d66-484f-43ea602335f9,304.98,1410,1593,94,79,73879,55
2026/07/20 12:44:13.843,0,GPU-e2681f6e-8d94-2d66-484f-43ea602335f9,305.31,1410,1593,94,78,73879,55
2026/07/20 12:44:14.093,0,GPU-e2681f6e-8d94-2d66-484f-43ea602335f9,302.55,1410,1593,94,78,73879,55
2026/07/20 12:44:14.344,0,GPU-e2681f6e-8d94-2d66-484f-43ea602335f9,105.98,1410,1593,94,78,73879,51
2026/07/20 12:44:14.594,0,GPU-e2681f6e-8d94-2d66-484f-43ea602335f9,93.02,1410,1593,0,0,73879,49
2026/07/20 12:44:14.844,0,GPU-e2681f6e-8d94-2d66-484f-43ea602335f9,438.05,1410,1593,25,10,73879,53
2026/07/20 12:44:15.094,0,GPU-e2681f6e-8d94-2d66-484f-43ea602335f9,303.46,1410,1593,94,78,73879,53
2026/07/20 12:44:15.344,0,GPU-e2681f6e-8d94-2d66-484f-43ea602335f9,301.68,1410,1593,94,79,73879,54
2026/07/20 12:44:15.594,0,GPU-e2681f6e-8d94-2d66-484f-43ea602335f9,301.68,1410,1593,94,79,73879,54
2026/07/20 12:44:15.844,0,GPU-e2681f6e-8d94-2d66-484f-43ea602335f9,430.34,1410,1593,94,79,73879,56
2026/07/20 12:44:16.094,0,GPU-e2681f6e-8d94-2d66-484f-43ea602335f9,282.66,1410,1593,72,60,73879,53
2026/07/20 12:44:16.344,0,GPU-e2681f6e-8d94-2d66-484f-43ea602335f9,285.04,1410,1593,94,77,73879,53
2026/07/20 12:44:16.594,0,GPU-e2681f6e-8d94-2d66-484f-43ea602335f9,296.85,1410,1593,94,79,73879,54
2026/07/20 12:44:16.844,0,GPU-e2681f6e-8d94-2d66-484f-43ea602335f9,298.64,1410,1593,95,76,73879,54
2026/07/20 12:44:17.094,0,GPU-e2681f6e-8d94-2d66-484f-43ea602335f9,296.26,1410,1593,94,78,73879,54
2026/07/20 12:44:17.345,0,GPU-e2681f6e-8d94-2d66-484f-43ea602335f9,304.65,1410,1593,95,79,73879,54
2026/07/20 12:44:17.595,0,GPU-e2681f6e-8d94-2d66-484f-43ea602335f9,297.72,1410,1593,94,79,73879,54
2026/07/20 12:44:17.845,0,GPU-e2681f6e-8d94-2d66-484f-43ea602335f9,297.76,1410,1593,94,79,73879,54
2026/07/20 12:44:18.095,0,GPU-e2681f6e-8d94-2d66-484f-43ea602335f9,303.46,1410,1593,94,79,73879,54
2026/07/20 12:44:18.346,0,GPU-e2681f6e-8d94-2d66-484f-43ea602335f9,107.77,1410,1593,95,79,73879,54
2026/07/20 12:44:18.596,0,GPU-e2681f6e-8d94-2d66-484f-43ea602335f9,93.61,1410,1593,0,0,73879,48
2026/07/20 12:44:18.846,0,GPU-e2681f6e-8d94-2d66-484f-43ea602335f9,218.30,1410,1593,0,0,73879,54
2026/07/20 12:44:19.096,0,GPU-e2681f6e-8d94-2d66-484f-43ea602335f9,298.31,1410,1593,92,74,73879,53
2026/07/20 12:44:19.346,0,GPU-e2681f6e-8d94-2d66-484f-43ea602335f9,295.93,1410,1593,94,79,73879,54
2026/07/20 12:44:19.596,0,GPU-e2681f6e-8d94-2d66-484f-43ea602335f9,298.64,1410,1593,95,79,73879,54
2026/07/20 12:44:19.846,0,GPU-e2681f6e-8d94-2d66-484f-43ea602335f9,297.72,1410,1593,94,79,73879,54
2026/07/20 12:44:20.096,0,GPU-e2681f6e-8d94-2d66-484f-43ea602335f9,295.33,1410,1593,94,79,73879,54
2026/07/20 12:44:20.346,0,GPU-e2681f6e-8d94-2d66-484f-43ea602335f9,297.72,1410,1593,94,79,73879,54
2026/07/20 12:44:20.596,0,GPU-e2681f6e-8d94-2d66-484f-43ea602335f9,294.42,1410,1593,95,79,73879,54
2026/07/20 12:44:20.846,0,GPU-e2681f6e-8d94-2d66-484f-43ea602335f9,301.68,1410,1593,94,79,73879,54
2026/07/20 12:44:21.096,0,GPU-e2681f6e-8d94-2d66-484f-43ea602335f9,301.08,1410,1593,94,79,73879,54
2026/07/20 12:44:21.347,0,GPU-e2681f6e-8d94-2d66-484f-43ea602335f9,298.31,1410,1593,94,79,73879,54
2026/07/20 12:44:21.597,0,GPU-e2681f6e-8d94-2d66-484f-43ea602335f9,292.03,1410,1593,95,79,73879,54
2026/07/20 12:44:21.847,0,GPU-e2681f6e-8d94-2d66-484f-43ea602335f9,374.66,1410,1593,93,78,73879,58
2026/07/20 12:44:22.097,0,GPU-e2681f6e-8d94-2d66-484f-43ea602335f9,295.05,1410,1593,94,77,73879,55
2026/07/20 12:44:22.347,0,GPU-e2681f6e-8d94-2d66-484f-43ea602335f9,304.98,1410,1593,94,78,73879,55
2026/07/20 12:44:22.597,0,GPU-e2681f6e-8d94-2d66-484f-43ea602335f9,304.38,1410,1593,94,78,73879,55
2026/07/20 12:44:22.847,0,GPU-e2681f6e-8d94-2d66-484f-43ea602335f9,354.18,1410,1593,94,79,73879,56
2026/07/20 12:44:23.097,0,GPU-e2681f6e-8d94-2d66-484f-43ea602335f9,291.11,1410,1593,94,77,73879,55
2026/07/20 12:44:23.347,0,GPU-e2681f6e-8d94-2d66-484f-43ea602335f9,301.35,1410,1593,93,77,73879,55
2026/07/20 12:44:23.597,0,GPU-e2681f6e-8d94-2d66-484f-43ea602335f9,304.65,1410,1593,94,78,73879,55
2026/07/20 12:44:23.847,0,GPU-e2681f6e-8d94-2d66-484f-43ea602335f9,295.33,1410,1593,90,74,73879,55
2026/07/20 12:44:24.098,0,GPU-e2681f6e-8d94-2d66-484f-43ea602335f9,282.63,1410,1593,87,72,73879,52
2026/07/20 12:44:24.348,0,GPU-e2681f6e-8d94-2d66-484f-43ea602335f9,94.81,1410,1593,3,3,73879,49
2026/07/20 12:44:24.598,0,GPU-e2681f6e-8d94-2d66-484f-43ea602335f9,92.69,1410,1593,0,0,73879,47
2026/07/20 12:44:24.848,0,GPU-e2681f6e-8d94-2d66-484f-43ea602335f9,303.19,1410,1593,0,0,73879,52
2026/07/20 12:44:25.098,0,GPU-e2681f6e-8d94-2d66-484f-43ea602335f9,284.77,1410,1593,94,77,73879,53
2026/07/20 12:44:25.348,0,GPU-e2681f6e-8d94-2d66-484f-43ea602335f9,301.95,1410,1593,94,77,73879,53
2026/07/20 12:44:25.598,0,GPU-e2681f6e-8d94-2d66-484f-43ea602335f9,301.08,1410,1593,94,79,73879,54
2026/07/20 12:44:25.848,0,GPU-e2681f6e-8d94-2d66-484f-43ea602335f9,302.87,1410,1593,94,78,73879,55
2026/07/20 12:44:26.098,0,GPU-e2681f6e-8d94-2d66-484f-43ea602335f9,299.84,1410,1593,94,79,73879,54
2026/07/20 12:44:26.348,0,GPU-e2681f6e-8d94-2d66-484f-43ea602335f9,299.56,1410,1593,94,79,73879,54
2026/07/20 12:44:26.598,0,GPU-e2681f6e-8d94-2d66-484f-43ea602335f9,299.84,1410,1593,94,78,73879,54
2026/07/20 12:44:26.849,0,GPU-e2681f6e-8d94-2d66-484f-43ea602335f9,297.13,1410,1593,94,79,73879,57
2026/07/20 12:44:27.099,0,GPU-e2681f6e-8d94-2d66-484f-43ea602335f9,287.15,1410,1593,95,61,73879,55
2026/07/20 12:44:27.407,0,GPU-e2681f6e-8d94-2d66-484f-43ea602335f9,287.48,1410,1593,95,61,73879,55
2026/07/20 12:44:27.657,0,GPU-e2681f6e-8d94-2d66-484f-43ea602335f9,298.97,1410,1593,93,78,73879,54
2026/07/20 12:44:27.907,0,GPU-e2681f6e-8d94-2d66-484f-43ea602335f9,372.54,1410,1593,94,76,73879,55
2026/07/20 12:44:28.157,0,GPU-e2681f6e-8d94-2d66-484f-43ea602335f9,93.88,1410,1593,55,46,73879,51
2026/07/20 12:44:28.407,0,GPU-e2681f6e-8d94-2d66-484f-43ea602335f9,93.02,1410,1593,0,0,73879,48
2026/07/20 12:44:28.657,0,GPU-e2681f6e-8d94-2d66-484f-43ea602335f9,92.09,1410,1593,0,0,73879,47
2026/07/20 12:44:28.908,0,GPU-e2681f6e-8d94-2d66-484f-43ea602335f9,294.14,1410,1593,70,45,73879,52
2026/07/20 12:44:29.158,0,GPU-e2681f6e-8d94-2d66-484f-43ea602335f9,298.31,1410,1593,94,77,73879,53
2026/07/20 12:44:29.408,0,GPU-e2681f6e-8d94-2d66-484f-43ea602335f9,296.57,1410,1593,95,79,73879,53
2026/07/20 12:44:29.658,0,GPU-e2681f6e-8d94-2d66-484f-43ea602335f9,306.77,1410,1593,94,79,73879,54
2026/07/20 12:44:29.908,0,GPU-e2681f6e-8d94-2d66-484f-43ea602335f9,291.71,1410,1593,94,79,73879,54
2026/07/20 12:44:30.158,0,GPU-e2681f6e-8d94-2d66-484f-43ea602335f9,301.08,1410,1593,94,78,73879,54
2026/07/20 12:44:30.408,0,GPU-e2681f6e-8d94-2d66-484f-43ea602335f9,297.72,1410,1593,93,78,73879,54
2026/07/20 12:44:30.658,0,GPU-e2681f6e-8d94-2d66-484f-43ea602335f9,301.08,1410,1593,95,79,73879,54
2026/07/20 12:44:30.908,0,GPU-e2681f6e-8d94-2d66-484f-43ea602335f9,296.85,1410,1593,95,61,73879,55
2026/07/20 12:44:31.158,0,GPU-e2681f6e-8d94-2d66-484f-43ea602335f9,292.89,1410,1593,94,77,73879,54
2026/07/20 12:44:31.408,0,GPU-e2681f6e-8d94-2d66-484f-43ea602335f9,304.06,1410,1593,94,78,73879,54
2026/07/20 12:44:31.659,0,GPU-e2681f6e-8d94-2d66-484f-43ea602335f9,301.68,1410,1593,94,79,73879,54
2026/07/20 12:44:31.909,0,GPU-e2681f6e-8d94-2d66-484f-43ea602335f9,293.82,1410,1593,94,79,73879,55
2026/07/20 12:44:32.159,0,GPU-e2681f6e-8d94-2d66-484f-43ea602335f9,293.82,1410,1593,94,78,73879,54
2026/07/20 12:44:32.409,0,GPU-e2681f6e-8d94-2d66-484f-43ea602335f9,288.40,1410,1593,93,77,73879,54
2026/07/20 12:44:32.659,0,GPU-e2681f6e-8d94-2d66-484f-43ea602335f9,298.64,1410,1593,94,79,73879,54
2026/07/20 12:44:32.909,0,GPU-e2681f6e-8d94-2d66-484f-43ea602335f9,300.43,1410,1593,95,79,73879,54
2026/07/20 12:44:33.159,0,GPU-e2681f6e-8d94-2d66-484f-43ea602335f9,297.13,1410,1593,94,78,73879,54
2026/07/20 12:44:33.409,0,GPU-e2681f6e-8d94-2d66-484f-43ea602335f9,301.99,1410,1593,94,79,73879,54
2026/07/20 12:44:33.659,0,GPU-e2681f6e-8d94-2d66-484f-43ea602335f9,298.64,1410,1593,94,79,73879,54
2026/07/20 12:44:33.909,0,GPU-e2681f6e-8d94-2d66-484f-43ea602335f9,313.43,1410,1593,93,71,73879,55
2026/07/20 12:44:34.159,0,GPU-e2681f6e-8d94-2d66-484f-43ea602335f9,295.01,1410,1593,94,78,73879,54
2026/07/20 12:44:34.409,0,GPU-e2681f6e-8d94-2d66-484f-43ea602335f9,299.24,1410,1593,94,79,73879,54
2026/07/20 12:44:34.660,0,GPU-e2681f6e-8d94-2d66-484f-43ea602335f9,298.64,1410,1593,95,79,73879,54
2026/07/20 12:44:34.910,0,GPU-e2681f6e-8d94-2d66-484f-43ea602335f9,291.71,1410,1593,94,79,73879,54
2026/07/20 12:44:35.160,0,GPU-e2681f6e-8d94-2d66-484f-43ea602335f9,297.45,1410,1593,94,78,73879,54
2026/07/20 12:44:35.410,0,GPU-e2681f6e-8d94-2d66-484f-43ea602335f9,294.12,1410,1593,94,79,73879,55
2026/07/20 12:44:35.660,0,GPU-e2681f6e-8d94-2d66-484f-43ea602335f9,307.42,1410,1593,94,78,73879,55
2026/07/20 12:44:35.910,0,GPU-e2681f6e-8d94-2d66-484f-43ea602335f9,312.24,1410,1593,94,79,73879,60
2026/07/20 12:44:36.160,0,GPU-e2681f6e-8d94-2d66-484f-43ea602335f9,257.89,1410,1593,97,47,73879,56
2026/07/20 12:44:36.410,0,GPU-e2681f6e-8d94-2d66-484f-43ea602335f9,292.62,1410,1593,88,72,73879,54
2026/07/20 12:44:36.661,0,GPU-e2681f6e-8d94-2d66-484f-43ea602335f9,291.11,1410,1593,94,77,73879,55
2026/07/20 12:44:36.911,0,GPU-e2681f6e-8d94-2d66-484f-43ea602335f9,289.89,1410,1593,93,76,73879,55
2026/07/20 12:44:37.161,0,GPU-e2681f6e-8d94-2d66-484f-43ea602335f9,289.59,1410,1593,94,77,73879,54
2026/07/20 12:44:37.411,0,GPU-e2681f6e-8d94-2d66-484f-43ea602335f9,297.13,1410,1593,94,77,73879,54
2026/07/20 12:44:37.661,0,GPU-e2681f6e-8d94-2d66-484f-43ea602335f9,288.70,1410,1593,94,77,73879,54
2026/07/20 12:44:37.911,0,GPU-e2681f6e-8d94-2d66-484f-43ea602335f9,395.19,1410,1593,93,76,73879,56
2026/07/20 12:44:38.161,0,GPU-e2681f6e-8d94-2d66-484f-43ea602335f9,290.79,1410,1593,91,74,73879,55
2026/07/20 12:44:38.411,0,GPU-e2681f6e-8d94-2d66-484f-43ea602335f9,291.11,1410,1593,94,77,73879,55
2026/07/20 12:44:38.661,0,GPU-e2681f6e-8d94-2d66-484f-43ea602335f9,302.55,1410,1593,94,79,73879,55
2026/07/20 12:44:38.911,0,GPU-e2681f6e-8d94-2d66-484f-43ea602335f9,299.24,1410,1593,94,78,73879,55
2026/07/20 12:44:39.161,0,GPU-e2681f6e-8d94-2d66-484f-43ea602335f9,96.32,1410,1593,95,77,73879,50
2026/07/20 12:44:39.411,0,GPU-e2681f6e-8d94-2d66-484f-43ea602335f9,93.02,1410,1593,0,0,73879,48
2026/07/20 12:44:39.662,0,GPU-e2681f6e-8d94-2d66-484f-43ea602335f9,92.36,1410,1593,0,0,73879,47
2026/07/20 12:44:39.912,0,GPU-e2681f6e-8d94-2d66-484f-43ea602335f9,287.81,1410,1593,9,4,73879,52
2026/07/20 12:44:40.162,0,GPU-e2681f6e-8d94-2d66-484f-43ea602335f9,301.95,1410,1593,94,79,73879,53
2026/07/20 12:44:40.412,0,GPU-e2681f6e-8d94-2d66-484f-43ea602335f9,301.08,1410,1593,94,79,73879,53
2026/07/20 12:44:40.662,0,GPU-e2681f6e-8d94-2d66-484f-43ea602335f9,303.46,1410,1593,94,79,73879,54
2026/07/20 12:44:40.912,0,GPU-e2681f6e-8d94-2d66-484f-43ea602335f9,290.79,1410,1593,94,74,73879,54
2026/07/20 12:44:41.162,0,GPU-e2681f6e-8d94-2d66-484f-43ea602335f9,102.07,1410,1593,38,31,73879,54
2026/07/20 12:44:41.412,0,GPU-e2681f6e-8d94-2d66-484f-43ea602335f9,286.26,1410,1593,94,78,73879,53
2026/07/20 12:44:41.662,0,GPU-e2681f6e-8d94-2d66-484f-43ea602335f9,293.49,1410,1593,95,78,73879,53
2026/07/20 12:44:41.912,0,GPU-e2681f6e-8d94-2d66-484f-43ea602335f9,295.01,1410,1593,94,72,73879,55
2026/07/20 12:44:42.162,0,GPU-e2681f6e-8d94-2d66-484f-43ea602335f9,290.79,1410,1593,95,73,73879,54
2026/07/20 12:44:42.412,0,GPU-e2681f6e-8d94-2d66-484f-43ea602335f9,300.16,1410,1593,94,78,73879,54
2026/07/20 12:44:42.663,0,GPU-e2681f6e-8d94-2d66-484f-43ea602335f9,296.85,1410,1593,94,79,73879,54
2026/07/20 12:44:42.913,0,GPU-e2681f6e-8d94-2d66-484f-43ea602335f9,297.13,1410,1593,95,71,73879,56
2026/07/20 12:44:43.163,0,GPU-e2681f6e-8d94-2d66-484f-43ea602335f9,287.48,1410,1593,95,71,73879,55
2026/07/20 12:44:43.413,0,GPU-e2681f6e-8d94-2d66-484f-43ea602335f9,292.03,1410,1593,94,78,73879,54
2026/07/20 12:44:43.663,0,GPU-e2681f6e-8d94-2d66-484f-43ea602335f9,302.55,1410,1593,94,78,73879,54
2026/07/20 12:44:43.913,0,GPU-e2681f6e-8d94-2d66-484f-43ea602335f9,301.35,1410,1593,93,75,73879,55
2026/07/20 12:44:44.163,0,GPU-e2681f6e-8d94-2d66-484f-43ea602335f9,303.46,1410,1593,94,79,73879,55
2026/07/20 12:44:44.413,0,GPU-e2681f6e-8d94-2d66-484f-43ea602335f9,302.27,1410,1593,94,79,73879,55
2026/07/20 12:44:44.663,0,GPU-e2681f6e-8d94-2d66-484f-43ea602335f9,94.21,1410,1593,36,30,73879,51
2026/07/20 12:44:44.913,0,GPU-e2681f6e-8d94-2d66-484f-43ea602335f9,294.14,1410,1593,27,9,73879,54
2026/07/20 12:44:45.163,0,GPU-e2681f6e-8d94-2d66-484f-43ea602335f9,303.19,1410,1593,94,79,73879,54
2026/07/20 12:44:45.413,0,GPU-e2681f6e-8d94-2d66-484f-43ea602335f9,300.16,1410,1593,94,79,73879,54
2026/07/20 12:44:45.664,0,GPU-e2681f6e-8d94-2d66-484f-43ea602335f9,304.06,1410,1593,94,79,73879,54
2026/07/20 12:44:45.914,0,GPU-e2681f6e-8d94-2d66-484f-43ea602335f9,287.81,1410,1593,95,74,73879,54
2026/07/20 12:44:46.164,0,GPU-e2681f6e-8d94-2d66-484f-43ea602335f9,298.35,1410,1593,94,79,73879,54
2026/07/20 12:44:46.414,0,GPU-e2681f6e-8d94-2d66-484f-43ea602335f9,302.87,1410,1593,94,79,73879,54
2026/07/20 12:44:46.664,0,GPU-e2681f6e-8d94-2d66-484f-43ea602335f9,304.06,1410,1593,94,79,73879,55
2026/07/20 12:44:46.914,0,GPU-e2681f6e-8d94-2d66-484f-43ea602335f9,294.42,1410,1593,95,62,73879,56
2026/07/20 12:44:47.164,0,GPU-e2681f6e-8d94-2d66-484f-43ea602335f9,311.59,1410,1593,93,76,73879,55
2026/07/20 12:44:47.414,0,GPU-e2681f6e-8d94-2d66-484f-43ea602335f9,306.50,1410,1593,94,79,73879,55
2026/07/20 12:44:47.664,0,GPU-e2681f6e-8d94-2d66-484f-43ea602335f9,305.58,1410,1593,94,79,73879,55
2026/07/20 12:44:47.914,0,GPU-e2681f6e-8d94-2d66-484f-43ea602335f9,293.82,1410,1593,94,77,73879,55
2026/07/20 12:44:48.164,0,GPU-e2681f6e-8d94-2d66-484f-43ea602335f9,309.21,1410,1593,94,77,73879,55
2026/07/20 12:44:48.414,0,GPU-e2681f6e-8d94-2d66-484f-43ea602335f9,94.81,1410,1593,94,78,73879,50
2026/07/20 12:44:48.665,0,GPU-e2681f6e-8d94-2d66-484f-43ea602335f9,93.29,1410,1593,0,0,73879,48
2026/07/20 12:44:48.915,0,GPU-e2681f6e-8d94-2d66-484f-43ea602335f9,288.67,1410,1593,39,23,73879,53
2026/07/20 12:44:49.165,0,GPU-e2681f6e-8d94-2d66-484f-43ea602335f9,294.14,1410,1593,94,77,73879,53
2026/07/20 12:44:49.415,0,GPU-e2681f6e-8d94-2d66-484f-43ea602335f9,291.68,1410,1593,94,78,73879,53
2026/07/20 12:44:49.665,0,GPU-e2681f6e-8d94-2d66-484f-43ea602335f9,303.78,1410,1593,85,71,73879,54
2026/07/20 12:44:49.915,0,GPU-e2681f6e-8d94-2d66-484f-43ea602335f9,292.62,1410,1593,92,74,73879,54
2026/07/20 12:44:50.165,0,GPU-e2681f6e-8d94-2d66-484f-43ea602335f9,289.92,1410,1593,94,77,73879,54
2026/07/20 12:44:50.415,0,GPU-e2681f6e-8d94-2d66-484f-43ea602335f9,295.33,1410,1593,94,78,73879,54
2026/07/20 12:44:50.665,0,GPU-e2681f6e-8d94-2d66-484f-43ea602335f9,297.13,1410,1593,95,79,73879,54
2026/07/20 12:44:50.915,0,GPU-e2681f6e-8d94-2d66-484f-43ea602335f9,298.97,1410,1593,92,68,73879,55
2026/07/20 12:44:51.165,0,GPU-e2681f6e-8d94-2d66-484f-43ea602335f9,287.81,1410,1593,94,78,73879,54
2026/07/20 12:44:51.415,0,GPU-e2681f6e-8d94-2d66-484f-43ea602335f9,296.26,1410,1593,88,73,73879,54
2026/07/20 12:44:51.666,0,GPU-e2681f6e-8d94-2d66-484f-43ea602335f9,296.85,1410,1593,94,79,73879,54
2026/07/20 12:44:51.916,0,GPU-e2681f6e-8d94-2d66-484f-43ea602335f9,296.26,1410,1593,94,79,73879,54
2026/07/20 12:44:52.166,0,GPU-e2681f6e-8d94-2d66-484f-43ea602335f9,301.35,1410,1593,94,78,73879,54
2026/07/20 12:44:52.416,0,GPU-e2681f6e-8d94-2d66-484f-43ea602335f9,296.24,1410,1593,94,79,73879,54
2026/07/20 12:44:52.666,0,GPU-e2681f6e-8d94-2d66-484f-43ea602335f9,304.06,1410,1593,94,79,73879,54
2026/07/20 12:44:52.916,0,GPU-e2681f6e-8d94-2d66-484f-43ea602335f9,300.16,1410,1593,94,79,73879,55
2026/07/20 12:44:53.166,0,GPU-e2681f6e-8d94-2d66-484f-43ea602335f9,304.06,1410,1593,94,79,73879,55
2026/07/20 12:44:53.416,0,GPU-e2681f6e-8d94-2d66-484f-43ea602335f9,301.95,1410,1593,94,79,73879,55
2026/07/20 12:44:53.666,0,GPU-e2681f6e-8d94-2d66-484f-43ea602335f9,298.31,1410,1593,94,79,73879,55
2026/07/20 12:44:53.916,0,GPU-e2681f6e-8d94-2d66-484f-43ea602335f9,305.90,1410,1593,90,66,73879,55
2026/07/20 12:44:54.166,0,GPU-e2681f6e-8d94-2d66-484f-43ea602335f9,292.62,1410,1593,95,78,73879,55
2026/07/20 12:44:54.416,0,GPU-e2681f6e-8d94-2d66-484f-43ea602335f9,290.18,1410,1593,94,77,73879,54
2026/07/20 12:44:54.667,0,GPU-e2681f6e-8d94-2d66-484f-43ea602335f9,290.79,1410,1593,91,75,73879,54
2026/07/20 12:44:54.917,0,GPU-e2681f6e-8d94-2d66-484f-43ea602335f9,300.75,1410,1593,95,79,73879,55
2026/07/20 12:44:55.167,0,GPU-e2681f6e-8d94-2d66-484f-43ea602335f9,296.26,1410,1593,94,78,73879,55
2026/07/20 12:44:55.417,0,GPU-e2681f6e-8d94-2d66-484f-43ea602335f9,297.45,1410,1593,94,79,73879,55
2026/07/20 12:44:55.667,0,GPU-e2681f6e-8d94-2d66-484f-43ea602335f9,100.55,1410,1593,94,79,73879,53
2026/07/20 12:44:55.917,0,GPU-e2681f6e-8d94-2d66-484f-43ea602335f9,93.61,1410,1593,62,52,73879,49
2026/07/20 12:44:56.167,0,GPU-e2681f6e-8d94-2d66-484f-43ea602335f9,92.69,1410,1593,0,0,73879,47
2026/07/20 12:44:56.417,0,GPU-e2681f6e-8d94-2d66-484f-43ea602335f9,92.09,1410,1593,0,0,73879,47
2026/07/20 12:44:56.667,0,GPU-e2681f6e-8d94-2d66-484f-43ea602335f9,91.77,1410,1593,0,0,73879,46
2026/07/20 12:44:56.918,0,GPU-e2681f6e-8d94-2d66-484f-43ea602335f9,297.72,1410,1593,61,42,73879,51
2026/07/20 12:44:57.168,0,GPU-e2681f6e-8d94-2d66-484f-43ea602335f9,298.04,1410,1593,94,78,73879,52
2026/07/20 12:44:57.418,0,GPU-e2681f6e-8d94-2d66-484f-43ea602335f9,294.74,1410,1593,94,79,73879,53
2026/07/20 12:44:57.668,0,GPU-e2681f6e-8d94-2d66-484f-43ea602335f9,298.04,1410,1593,94,79,73879,53
2026/07/20 12:44:57.918,0,GPU-e2681f6e-8d94-2d66-484f-43ea602335f9,295.01,1410,1593,94,79,73879,54
2026/07/20 12:44:58.168,0,GPU-e2681f6e-8d94-2d66-484f-43ea602335f9,298.97,1410,1593,94,79,73879,54
2026/07/20 12:44:58.418,0,GPU-e2681f6e-8d94-2d66-484f-43ea602335f9,297.72,1410,1593,94,79,73879,51
2026/07/20 12:44:58.668,0,GPU-e2681f6e-8d94-2d66-484f-43ea602335f9,93.29,1410,1593,48,40,73879,48
2026/07/20 12:44:58.918,0,GPU-e2681f6e-8d94-2d66-484f-43ea602335f9,299.56,1410,1593,0,0,73879,51
2026/07/20 12:44:59.168,0,GPU-e2681f6e-8d94-2d66-484f-43ea602335f9,297.45,1410,1593,94,79,73879,53
2026/07/20 12:44:59.418,0,GPU-e2681f6e-8d94-2d66-484f-43ea602335f9,295.01,1410,1593,94,79,73879,53
2026/07/20 12:44:59.669,0,GPU-e2681f6e-8d94-2d66-484f-43ea602335f9,96.00,1410,1593,94,79,73879,52
2026/07/20 12:44:59.919,0,GPU-e2681f6e-8d94-2d66-484f-43ea602335f9,303.46,1410,1593,69,49,73879,53
2026/07/20 12:45:00.169,0,GPU-e2681f6e-8d94-2d66-484f-43ea602335f9,300.15,1410,1593,94,79,73879,54
2026/07/20 12:45:00.419,0,GPU-e2681f6e-8d94-2d66-484f-43ea602335f9,301.95,1410,1593,94,79,73879,54
2026/07/20 12:45:00.669,0,GPU-e2681f6e-8d94-2d66-484f-43ea602335f9,299.84,1410,1593,95,79,73879,54
2026/07/20 12:45:00.919,0,GPU-e2681f6e-8d94-2d66-484f-43ea602335f9,302.87,1410,1593,94,79,73879,54
2026/07/20 12:45:01.169,0,GPU-e2681f6e-8d94-2d66-484f-43ea602335f9,301.08,1410,1593,94,79,73879,54
2026/07/20 12:45:01.419,0,GPU-e2681f6e-8d94-2d66-484f-43ea602335f9,299.56,1410,1593,94,79,73879,54
2026/07/20 12:45:01.669,0,GPU-e2681f6e-8d94-2d66-484f-43ea602335f9,93.88,1410,1593,95,79,73879,51
2026/07/20 12:45:01.919,0,GPU-e2681f6e-8d94-2d66-484f-43ea602335f9,93.61,1410,1593,0,0,73879,48
2026/07/20 12:45:02.169,0,GPU-e2681f6e-8d94-2d66-484f-43ea602335f9,92.09,1410,1593,0,0,73879,47
2026/07/20 12:45:02.420,0,GPU-e2681f6e-8d94-2d66-484f-43ea602335f9,91.77,1410,1593,0,0,73879,46
2026/07/20 12:45:02.670,0,GPU-e2681f6e-8d94-2d66-484f-43ea602335f9,91.77,1410,1593,0,0,73879,46
2026/07/20 12:45:02.920,0,GPU-e2681f6e-8d94-2d66-484f-43ea602335f9,295.33,1410,1593,77,55,73879,51
2026/07/20 12:45:03.170,0,GPU-e2681f6e-8d94-2d66-484f-43ea602335f9,297.45,1410,1593,94,79,73879,52
2026/07/20 12:45:03.420,0,GPU-e2681f6e-8d94-2d66-484f-43ea602335f9,294.14,1410,1593,94,79,73879,53
2026/07/20 12:45:03.670,0,GPU-e2681f6e-8d94-2d66-484f-43ea602335f9,302.87,1410,1593,94,79,73879,53
2026/07/20 12:45:03.920,0,GPU-e2681f6e-8d94-2d66-484f-43ea602335f9,301.35,1410,1593,79,57,73879,54
2026/07/20 12:45:04.170,0,GPU-e2681f6e-8d94-2d66-484f-43ea602335f9,298.04,1410,1593,94,79,73879,53
2026/07/20 12:45:04.420,0,GPU-e2681f6e-8d94-2d66-484f-43ea602335f9,301.07,1410,1593,94,79,73879,53
2026/07/20 12:45:04.670,0,GPU-e2681f6e-8d94-2d66-484f-43ea602335f9,299.87,1410,1593,94,79,73879,53
2026/07/20 12:45:04.920,0,GPU-e2681f6e-8d94-2d66-484f-43ea602335f9,387.33,1410,1593,94,79,73879,54
2026/07/20 12:45:05.170,0,GPU-e2681f6e-8d94-2d66-484f-43ea602335f9,288.11,1410,1593,95,78,73879,54
2026/07/20 12:45:05.421,0,GPU-e2681f6e-8d94-2d66-484f-43ea602335f9,289.27,1410,1593,94,78,73879,53
2026/07/20 12:45:05.671,0,GPU-e2681f6e-8d94-2d66-484f-43ea602335f9,298.04,1410,1593,94,78,73879,53
2026/07/20 12:45:05.921,0,GPU-e2681f6e-8d94-2d66-484f-43ea602335f9,305.31,1410,1593,90,66,73879,54
2026/07/20 12:45:06.171,0,GPU-e2681f6e-8d94-2d66-484f-43ea602335f9,300.43,1410,1593,95,79,73879,54
2026/07/20 12:45:06.421,0,GPU-e2681f6e-8d94-2d66-484f-43ea602335f9,301.99,1410,1593,94,79,73879,54
2026/07/20 12:45:06.671,0,GPU-e2681f6e-8d94-2d66-484f-43ea602335f9,300.75,1410,1593,94,79,73879,54
2026/07/20 12:45:06.921,0,GPU-e2681f6e-8d94-2d66-484f-43ea602335f9,301.68,1410,1593,94,79,73879,54
2026/07/20 12:45:07.171,0,GPU-e2681f6e-8d94-2d66-484f-43ea602335f9,97.52,1410,1593,60,51,73879,50
2026/07/20 12:45:07.421,0,GPU-e2681f6e-8d94-2d66-484f-43ea602335f9,93.29,1410,1593,0,0,73879,48
2026/07/20 12:45:07.671,0,GPU-e2681f6e-8d94-2d66-484f-43ea602335f9,92.36,1410,1593,0,0,73879,47
2026/07/20 12:45:07.921,0,GPU-e2681f6e-8d94-2d66-484f-43ea602335f9,93.02,1410,1593,0,0,73879,52
2026/07/20 12:45:08.172,0,GPU-e2681f6e-8d94-2d66-484f-43ea602335f9,295.32,1410,1593,95,79,73879,52
2026/07/20 12:45:08.422,0,GPU-e2681f6e-8d94-2d66-484f-43ea602335f9,298.97,1410,1593,94,79,73879,53
2026/07/20 12:45:08.672,0,GPU-e2681f6e-8d94-2d66-484f-43ea602335f9,295.60,1410,1593,94,79,73879,53
2026/07/20 12:45:08.922,0,GPU-e2681f6e-8d94-2d66-484f-43ea602335f9,295.60,1410,1593,94,78,73879,54
2026/07/20 12:45:09.172,0,GPU-e2681f6e-8d94-2d66-484f-43ea602335f9,301.35,1410,1593,94,78,73879,54
2026/07/20 12:45:09.422,0,GPU-e2681f6e-8d94-2d66-484f-43ea602335f9,298.97,1410,1593,94,79,73879,54
2026/07/20 12:45:09.672,0,GPU-e2681f6e-8d94-2d66-484f-43ea602335f9,295.60,1410,1593,94,79,73879,54
2026/07/20 12:45:09.922,0,GPU-e2681f6e-8d94-2d66-484f-43ea602335f9,298.04,1410,1593,94,79,73879,54
2026/07/20 12:45:10.172,0,GPU-e2681f6e-8d94-2d66-484f-43ea602335f9,297.13,1410,1593,95,79,73879,54
2026/07/20 12:45:10.422,0,GPU-e2681f6e-8d94-2d66-484f-43ea602335f9,306.77,1410,1593,94,79,73879,54
2026/07/20 12:45:10.672,0,GPU-e2681f6e-8d94-2d66-484f-43ea602335f9,93.88,1410,1593,81,67,73879,50
2026/07/20 12:45:10.923,0,GPU-e2681f6e-8d94-2d66-484f-43ea602335f9,302.87,1410,1593,7,3,73879,53
2026/07/20 12:45:11.173,0,GPU-e2681f6e-8d94-2d66-484f-43ea602335f9,295.32,1410,1593,95,73,73879,53
2026/07/20 12:45:11.423,0,GPU-e2681f6e-8d94-2d66-484f-43ea602335f9,302.87,1410,1593,94,79,73879,54
2026/07/20 12:45:11.673,0,GPU-e2681f6e-8d94-2d66-484f-43ea602335f9,300.16,1410,1593,95,79,73879,54
2026/07/20 12:45:11.923,0,GPU-e2681f6e-8d94-2d66-484f-43ea602335f9,304.06,1410,1593,94,79,73879,54
2026/07/20 12:45:12.173,0,GPU-e2681f6e-8d94-2d66-484f-43ea602335f9,301.68,1410,1593,94,79,73879,54
2026/07/20 12:45:12.423,0,GPU-e2681f6e-8d94-2d66-484f-43ea602335f9,301.08,1410,1593,94,79,73879,54
2026/07/20 12:45:12.673,0,GPU-e2681f6e-8d94-2d66-484f-43ea602335f9,301.68,1410,1593,95,79,73879,54
2026/07/20 12:45:12.923,0,GPU-e2681f6e-8d94-2d66-484f-43ea602335f9,300.43,1410,1593,94,79,73879,54
2026/07/20 12:45:13.173,0,GPU-e2681f6e-8d94-2d66-484f-43ea602335f9,301.35,1410,1593,94,79,73879,54
2026/07/20 12:45:13.423,0,GPU-e2681f6e-8d94-2d66-484f-43ea602335f9,300.43,1410,1593,95,79,73879,54
2026/07/20 12:45:13.674,0,GPU-e2681f6e-8d94-2d66-484f-43ea602335f9,295.01,1410,1593,94,78,73879,54
2026/07/20 12:45:13.924,0,GPU-e2681f6e-8d94-2d66-484f-43ea602335f9,288.40,1410,1593,94,73,73879,55
2026/07/20 12:45:14.174,0,GPU-e2681f6e-8d94-2d66-484f-43ea602335f9,291.11,1410,1593,94,77,73879,54
2026/07/20 12:45:14.424,0,GPU-e2681f6e-8d94-2d66-484f-43ea602335f9,292.62,1410,1593,95,77,73879,54
2026/07/20 12:45:14.674,0,GPU-e2681f6e-8d94-2d66-484f-43ea602335f9,302.87,1410,1593,94,78,73879,54
2026/07/20 12:45:14.924,0,GPU-e2681f6e-8d94-2d66-484f-43ea602335f9,300.15,1410,1593,94,79,73879,54
2026/07/20 12:45:15.174,0,GPU-e2681f6e-8d94-2d66-484f-43ea602335f9,302.27,1410,1593,94,79,73879,54
2026/07/20 12:45:15.424,0,GPU-e2681f6e-8d94-2d66-484f-43ea602335f9,301.68,1410,1593,94,79,73879,54
2026/07/20 12:45:15.674,0,GPU-e2681f6e-8d94-2d66-484f-43ea602335f9,202.03,1410,1593,95,79,73879,54
2026/07/20 12:45:15.924,0,GPU-e2681f6e-8d94-2d66-484f-43ea602335f9,298.97,1410,1593,57,39,73879,54
2026/07/20 12:45:16.174,0,GPU-e2681f6e-8d94-2d66-484f-43ea602335f9,308.02,1410,1593,94,79,73879,54
2026/07/20 12:45:16.425,0,GPU-e2681f6e-8d94-2d66-484f-43ea602335f9,297.45,1410,1593,94,79,73879,54
2026/07/20 12:45:16.675,0,GPU-e2681f6e-8d94-2d66-484f-43ea602335f9,300.75,1410,1593,94,79,73879,54
2026/07/20 12:45:16.925,0,GPU-e2681f6e-8d94-2d66-484f-43ea602335f9,291.38,1410,1593,95,70,73879,55
2026/07/20 12:45:17.175,0,GPU-e2681f6e-8d94-2d66-484f-43ea602335f9,293.82,1410,1593,94,78,73879,54
2026/07/20 12:45:17.425,0,GPU-e2681f6e-8d94-2d66-484f-43ea602335f9,292.62,1410,1593,95,78,73879,54
2026/07/20 12:45:17.675,0,GPU-e2681f6e-8d94-2d66-484f-43ea602335f9,298.64,1410,1593,94,79,73879,54
2026/07/20 12:45:17.925,0,GPU-e2681f6e-8d94-2d66-484f-43ea602335f9,296.85,1410,1593,95,71,73879,55
2026/07/20 12:45:18.175,0,GPU-e2681f6e-8d94-2d66-484f-43ea602335f9,289.27,1410,1593,94,78,73879,54
2026/07/20 12:45:18.425,0,GPU-e2681f6e-8d94-2d66-484f-43ea602335f9,297.13,1410,1593,94,78,73879,54
2026/07/20 12:45:18.675,0,GPU-e2681f6e-8d94-2d66-484f-43ea602335f9,95.40,1410,1593,94,79,73879,54
2026/07/20 12:45:18.925,0,GPU-e2681f6e-8d94-2d66-484f-43ea602335f9,95.07,1410,1593,94,79,73879,50
2026/07/20 12:45:19.176,0,GPU-e2681f6e-8d94-2d66-484f-43ea602335f9,92.69,1410,1593,0,0,73879,47
2026/07/20 12:45:19.426,0,GPU-e2681f6e-8d94-2d66-484f-43ea602335f9,91.77,1410,1593,0,0,73879,46
2026/07/20 12:45:19.676,0,GPU-e2681f6e-8d94-2d66-484f-43ea602335f9,91.50,1410,1593,0,0,73879,46
2026/07/20 12:45:19.926,0,GPU-e2681f6e-8d94-2d66-484f-43ea602335f9,302.87,1410,1593,33,19,73879,51
2026/07/20 12:45:20.176,0,GPU-e2681f6e-8d94-2d66-484f-43ea602335f9,295.60,1410,1593,95,79,73879,52
2026/07/20 12:45:20.426,0,GPU-e2681f6e-8d94-2d66-484f-43ea602335f9,293.23,1410,1593,94,79,73879,53
2026/07/20 12:45:20.676,0,GPU-e2681f6e-8d94-2d66-484f-43ea602335f9,302.86,1410,1593,94,79,73879,53
2026/07/20 12:45:20.926,0,GPU-e2681f6e-8d94-2d66-484f-43ea602335f9,292.03,1410,1593,95,70,73879,54
2026/07/20 12:45:21.176,0,GPU-e2681f6e-8d94-2d66-484f-43ea602335f9,285.96,1410,1593,94,78,73879,54
2026/07/20 12:45:21.426,0,GPU-e2681f6e-8d94-2d66-484f-43ea602335f9,291.11,1410,1593,94,78,73879,53
2026/07/20 12:45:21.676,0,GPU-e2681f6e-8d94-2d66-484f-43ea602335f9,302.87,1410,1593,91,76,73879,54
2026/07/20 12:45:21.927,0,GPU-e2681f6e-8d94-2d66-484f-43ea602335f9,294.74,1410,1593,94,79,73879,54
2026/07/20 12:45:22.177,0,GPU-e2681f6e-8d94-2d66-484f-43ea602335f9,302.87,1410,1593,95,79,73879,54
2026/07/20 12:45:22.427,0,GPU-e2681f6e-8d94-2d66-484f-43ea602335f9,295.91,1410,1593,94,79,73879,54
2026/07/20 12:45:22.677,0,GPU-e2681f6e-8d94-2d66-484f-43ea602335f9,100.23,1410,1593,94,79,73879,53
2026/07/20 12:45:22.927,0,GPU-e2681f6e-8d94-2d66-484f-43ea602335f9,314.03,1410,1593,45,29,73879,53
2026/07/20 12:45:23.177,0,GPU-e2681f6e-8d94-2d66-484f-43ea602335f9,301.08,1410,1593,94,79,73879,54
2026/07/20 12:45:23.427,0,GPU-e2681f6e-8d94-2d66-484f-43ea602335f9,298.31,1410,1593,94,79,73879,54
2026/07/20 12:45:23.677,0,GPU-e2681f6e-8d94-2d66-484f-43ea602335f9,294.14,1410,1593,94,79,73879,54
2026/07/20 12:45:23.927,0,GPU-e2681f6e-8d94-2d66-484f-43ea602335f9,295.93,1410,1593,94,79,73879,54
2026/07/20 12:45:24.177,0,GPU-e2681f6e-8d94-2d66-484f-43ea602335f9,295.33,1410,1593,94,79,73879,53
2026/07/20 12:45:24.427,0,GPU-e2681f6e-8d94-2d66-484f-43ea602335f9,93.02,1410,1593,67,56,73879,49
2026/07/20 12:45:24.678,0,GPU-e2681f6e-8d94-2d66-484f-43ea602335f9,92.36,1410,1593,0,0,73879,47
2026/07/20 12:45:24.928,0,GPU-e2681f6e-8d94-2d66-484f-43ea602335f9,304.06,1410,1593,50,33,73879,52
2026/07/20 12:45:25.178,0,GPU-e2681f6e-8d94-2d66-484f-43ea602335f9,300.16,1410,1593,94,79,73879,53
2026/07/20 12:45:25.428,0,GPU-e2681f6e-8d94-2d66-484f-43ea602335f9,302.55,1410,1593,94,79,73879,53
2026/07/20 12:45:25.678,0,GPU-e2681f6e-8d94-2d66-484f-43ea602335f9,295.33,1410,1593,94,79,73879,53
2026/07/20 12:45:25.928,0,GPU-e2681f6e-8d94-2d66-484f-43ea602335f9,292.01,1410,1593,95,70,73879,54
2026/07/20 12:45:26.178,0,GPU-e2681f6e-8d94-2d66-484f-43ea602335f9,293.23,1410,1593,94,78,73879,54
2026/07/20 12:45:26.428,0,GPU-e2681f6e-8d94-2d66-484f-43ea602335f9,292.03,1410,1593,95,78,73879,54
2026/07/20 12:45:26.678,0,GPU-e2681f6e-8d94-2d66-484f-43ea602335f9,280.54,1410,1593,94,78,73879,54
2026/07/20 12:45:26.928,0,GPU-e2681f6e-8d94-2d66-484f-43ea602335f9,299.56,1410,1593,94,79,73879,54
2026/07/20 12:45:27.179,0,GPU-e2681f6e-8d94-2d66-484f-43ea602335f9,296.53,1410,1593,94,79,73879,54
2026/07/20 12:45:27.429,0,GPU-e2681f6e-8d94-2d66-484f-43ea602335f9,95.73,1410,1593,94,79,73879,52
2026/07/20 12:45:27.679,0,GPU-e2681f6e-8d94-2d66-484f-43ea602335f9,94.81,1410,1593,56,47,73879,48
2026/07/20 12:45:27.929,0,GPU-e2681f6e-8d94-2d66-484f-43ea602335f9,302.27,1410,1593,61,42,73879,52
2026/07/20 12:45:28.179,0,GPU-e2681f6e-8d94-2d66-484f-43ea602335f9,296.53,1410,1593,94,78,73879,53
2026/07/20 12:45:28.429,0,GPU-e2681f6e-8d94-2d66-484f-43ea602335f9,305.31,1410,1593,94,79,73879,53
2026/07/20 12:45:28.679,0,GPU-e2681f6e-8d94-2d66-484f-43ea602335f9,302.27,1410,1593,94,79,73879,54
2026/07/20 12:45:28.929,0,GPU-e2681f6e-8d94-2d66-484f-43ea602335f9,307.09,1410,1593,95,70,73879,54
2026/07/20 12:45:29.179,0,GPU-e2681f6e-8d94-2d66-484f-43ea602335f9,303.78,1410,1593,94,78,73879,54
2026/07/20 12:45:29.429,0,GPU-e2681f6e-8d94-2d66-484f-43ea602335f9,300.16,1410,1593,94,79,73879,54
2026/07/20 12:45:29.679,0,GPU-e2681f6e-8d94-2d66-484f-43ea602335f9,303.46,1410,1593,94,79,73879,54
2026/07/20 12:45:29.930,0,GPU-e2681f6e-8d94-2d66-484f-43ea602335f9,299.56,1410,1593,92,68,73879,55
2026/07/20 12:45:30.180,0,GPU-e2681f6e-8d94-2d66-484f-43ea602335f9,301.68,1410,1593,94,79,73879,54
2026/07/20 12:45:30.430,0,GPU-e2681f6e-8d94-2d66-484f-43ea602335f9,300.75,1410,1593,94,79,73879,54
2026/07/20 12:45:30.680,0,GPU-e2681f6e-8d94-2d66-484f-43ea602335f9,302.86,1410,1593,94,79,73879,54
2026/07/20 12:45:30.930,0,GPU-e2681f6e-8d94-2d66-484f-43ea602335f9,294.45,1410,1593,95,70,73879,55
2026/07/20 12:45:31.180,0,GPU-e2681f6e-8d94-2d66-484f-43ea602335f9,287.15,1410,1593,94,77,73879,54
2026/07/20 12:45:31.430,0,GPU-e2681f6e-8d94-2d66-484f-43ea602335f9,293.23,1410,1593,95,78,73879,54
2026/07/20 12:45:31.680,0,GPU-e2681f6e-8d94-2d66-484f-43ea602335f9,289.27,1410,1593,95,78,73879,54
2026/07/20 12:45:31.930,0,GPU-e2681f6e-8d94-2d66-484f-43ea602335f9,304.65,1410,1593,93,77,73879,54
2026/07/20 12:45:32.180,0,GPU-e2681f6e-8d94-2d66-484f-43ea602335f9,302.27,1410,1593,94,79,73879,54
2026/07/20 12:45:32.430,0,GPU-e2681f6e-8d94-2d66-484f-43ea602335f9,300.43,1410,1593,95,79,73879,51
2026/07/20 12:45:32.680,0,GPU-e2681f6e-8d94-2d66-484f-43ea602335f9,93.02,1410,1593,0,0,73879,49
2026/07/20 12:45:32.931,0,GPU-e2681f6e-8d94-2d66-484f-43ea602335f9,300.75,1410,1593,76,55,73879,53
2026/07/20 12:45:33.181,0,GPU-e2681f6e-8d94-2d66-484f-43ea602335f9,301.08,1410,1593,94,79,73879,53
2026/07/20 12:45:33.431,0,GPU-e2681f6e-8d94-2d66-484f-43ea602335f9,299.56,1410,1593,94,79,73879,54
2026/07/20 12:45:33.681,0,GPU-e2681f6e-8d94-2d66-484f-43ea602335f9,302.27,1410,1593,94,79,73879,54
2026/07/20 12:45:33.931,0,GPU-e2681f6e-8d94-2d66-484f-43ea602335f9,299.56,1410,1593,95,79,73879,54
2026/07/20 12:45:34.181,0,GPU-e2681f6e-8d94-2d66-484f-43ea602335f9,298.62,1410,1593,94,79,73879,54
2026/07/20 12:45:34.431,0,GPU-e2681f6e-8d94-2d66-484f-43ea602335f9,300.75,1410,1593,94,79,73879,54
2026/07/20 12:45:34.681,0,GPU-e2681f6e-8d94-2d66-484f-43ea602335f9,298.31,1410,1593,94,79,73879,52
2026/07/20 12:45:34.931,0,GPU-e2681f6e-8d94-2d66-484f-43ea602335f9,343.29,1410,1593,77,65,73879,54
2026/07/20 12:45:35.181,0,GPU-e2681f6e-8d94-2d66-484f-43ea602335f9,300.15,1410,1593,94,79,73879,54
2026/07/20 12:45:35.431,0,GPU-e2681f6e-8d94-2d66-484f-43ea602335f9,301.95,1410,1593,94,79,73879,54
2026/07/20 12:45:35.682,0,GPU-e2681f6e-8d94-2d66-484f-43ea602335f9,304.06,1410,1593,94,79,73879,54
2026/07/20 12:45:35.932,0,GPU-e2681f6e-8d94-2d66-484f-43ea602335f9,302.27,1410,1593,94,79,73879,54
2026/07/20 12:45:36.182,0,GPU-e2681f6e-8d94-2d66-484f-43ea602335f9,300.75,1410,1593,95,79,73879,54
2026/07/20 12:45:36.432,0,GPU-e2681f6e-8d94-2d66-484f-43ea602335f9,297.72,1410,1593,94,79,73879,54
2026/07/20 12:45:36.682,0,GPU-e2681f6e-8d94-2d66-484f-43ea602335f9,304.65,1410,1593,94,79,73879,54
2026/07/20 12:45:36.932,0,GPU-e2681f6e-8d94-2d66-484f-43ea602335f9,326.98,1410,1593,95,70,73879,55
2026/07/20 12:45:37.182,0,GPU-e2681f6e-8d94-2d66-484f-43ea602335f9,288.67,1410,1593,95,70,73879,54
2026/07/20 12:45:37.432,0,GPU-e2681f6e-8d94-2d66-484f-43ea602335f9,297.45,1410,1593,94,78,73879,54
2026/07/20 12:45:37.682,0,GPU-e2681f6e-8d94-2d66-484f-43ea602335f9,297.13,1410,1593,94,78,73879,54
2026/07/20 12:45:37.932,0,GPU-e2681f6e-8d94-2d66-484f-43ea602335f9,307.69,1410,1593,94,79,73879,54
2026/07/20 12:45:38.182,0,GPU-e2681f6e-8d94-2d66-484f-43ea602335f9,302.55,1410,1593,94,79,73879,55
2026/07/20 12:45:38.433,0,GPU-e2681f6e-8d94-2d66-484f-43ea602335f9,302.27,1410,1593,95,79,73879,54
2026/07/20 12:45:38.683,0,GPU-e2681f6e-8d94-2d66-484f-43ea602335f9,109.29,1410,1593,94,79,73879,51
2026/07/20 12:45:38.933,0,GPU-e2681f6e-8d94-2d66-484f-43ea602335f9,302.27,1410,1593,24,20,73879,54
2026/07/20 12:45:39.183,0,GPU-e2681f6e-8d94-2d66-484f-43ea602335f9,299.84,1410,1593,94,79,73879,54
2026/07/20 12:45:39.433,0,GPU-e2681f6e-8d94-2d66-484f-43ea602335f9,297.45,1410,1593,94,79,73879,54
2026/07/20 12:45:39.683,0,GPU-e2681f6e-8d94-2d66-484f-43ea602335f9,300.16,1410,1593,94,79,73879,54
2026/07/20 12:45:39.933,0,GPU-e2681f6e-8d94-2d66-484f-43ea602335f9,94.48,1410,1593,82,69,73879,49
2026/07/20 12:45:40.183,0,GPU-e2681f6e-8d94-2d66-484f-43ea602335f9,93.02,1410,1593,0,0,73879,48
2026/07/20 12:45:40.433,0,GPU-e2681f6e-8d94-2d66-484f-43ea602335f9,92.36,1410,1593,0,0,73879,47
2026/07/20 12:45:40.683,0,GPU-e2681f6e-8d94-2d66-484f-43ea602335f9,91.17,1410,1593,0,0,73879,46
2026/07/20 12:45:40.933,0,GPU-e2681f6e-8d94-2d66-484f-43ea602335f9,296.85,1410,1593,95,72,73879,51
2026/07/20 12:45:41.184,0,GPU-e2681f6e-8d94-2d66-484f-43ea602335f9,294.42,1410,1593,94,79,73879,52
2026/07/20 12:45:41.434,0,GPU-e2681f6e-8d94-2d66-484f-43ea602335f9,301.08,1410,1593,94,79,73879,53
2026/07/20 12:45:41.684,0,GPU-e2681f6e-8d94-2d66-484f-43ea602335f9,299.24,1410,1593,94,79,73879,53
2026/07/20 12:45:41.934,0,GPU-e2681f6e-8d94-2d66-484f-43ea602335f9,298.64,1410,1593,94,79,73879,54
2026/07/20 12:45:42.184,0,GPU-e2681f6e-8d94-2d66-484f-43ea602335f9,300.75,1410,1593,94,79,73879,54
2026/07/20 12:45:42.434,0,GPU-e2681f6e-8d94-2d66-484f-43ea602335f9,297.72,1410,1593,94,79,73879,53
2026/07/20 12:45:42.684,0,GPU-e2681f6e-8d94-2d66-484f-43ea602335f9,93.29,1410,1593,31,26,73879,49
2026/07/20 12:45:42.934,0,GPU-e2681f6e-8d94-2d66-484f-43ea602335f9,298.04,1410,1593,10,4,73879,53
2026/07/20 12:45:43.184,0,GPU-e2681f6e-8d94-2d66-484f-43ea602335f9,299.56,1410,1593,95,75,73879,53
2026/07/20 12:45:43.434,0,GPU-e2681f6e-8d94-2d66-484f-43ea602335f9,296.85,1410,1593,94,79,73879,53
2026/07/20 12:45:43.684,0,GPU-e2681f6e-8d94-2d66-484f-43ea602335f9,301.68,1410,1593,94,79,73879,53
2026/07/20 12:45:43.935,0,GPU-e2681f6e-8d94-2d66-484f-43ea602335f9,297.72,1410,1593,94,79,73879,54
2026/07/20 12:45:44.185,0,GPU-e2681f6e-8d94-2d66-484f-43ea602335f9,300.43,1410,1593,94,79,73879,54
2026/07/20 12:45:44.435,0,GPU-e2681f6e-8d94-2d66-484f-43ea602335f9,297.74,1410,1593,94,79,73879,54
2026/07/20 12:45:44.685,0,GPU-e2681f6e-8d94-2d66-484f-43ea602335f9,300.46,1410,1593,94,79,73879,54
2026/07/20 12:45:44.935,0,GPU-e2681f6e-8d94-2d66-484f-43ea602335f9,292.32,1410,1593,94,74,73879,54
2026/07/20 12:45:45.185,0,GPU-e2681f6e-8d94-2d66-484f-43ea602335f9,297.45,1410,1593,94,78,73879,54
2026/07/20 12:45:45.435,0,GPU-e2681f6e-8d94-2d66-484f-43ea602335f9,291.98,1410,1593,95,78,73879,54
2026/07/20 12:45:45.685,0,GPU-e2681f6e-8d94-2d66-484f-43ea602335f9,286.29,1410,1593,94,77,73879,54
2026/07/20 12:45:45.935,0,GPU-e2681f6e-8d94-2d66-484f-43ea602335f9,295.62,1410,1593,95,72,73879,55
2026/07/20 12:45:46.185,0,GPU-e2681f6e-8d94-2d66-484f-43ea602335f9,303.50,1410,1593,94,79,73879,54
2026/07/20 12:45:46.435,0,GPU-e2681f6e-8d94-2d66-484f-43ea602335f9,301.98,1410,1593,95,79,73879,54
2026/07/20 12:45:46.686,0,GPU-e2681f6e-8d94-2d66-484f-43ea602335f9,305.29,1410,1593,94,79,73879,54
2026/07/20 12:45:46.936,0,GPU-e2681f6e-8d94-2d66-484f-43ea602335f9,294.75,1410,1593,94,70,73879,55
2026/07/20 12:45:47.186,0,GPU-e2681f6e-8d94-2d66-484f-43ea602335f9,299.86,1410,1593,94,77,73879,54
2026/07/20 12:45:47.436,0,GPU-e2681f6e-8d94-2d66-484f-43ea602335f9,298.39,1410,1593,94,79,73879,54
2026/07/20 12:45:47.686,0,GPU-e2681f6e-8d94-2d66-484f-43ea602335f9,297.47,1410,1593,94,79,73879,54
2026/07/20 12:45:47.936,0,GPU-e2681f6e-8d94-2d66-484f-43ea602335f9,497.79,1410,1593,98,43,73879,59
2026/07/20 12:45:48.186,0,GPU-e2681f6e-8d94-2d66-484f-43ea602335f9,295.36,1410,1593,90,74,73879,57
2026/07/20 12:45:48.436,0,GPU-e2681f6e-8d94-2d66-484f-43ea602335f9,297.17,1410,1593,95,78,73879,55
2026/07/20 12:45:48.686,0,GPU-e2681f6e-8d94-2d66-484f-43ea602335f9,297.49,1410,1593,95,78,73879,55
2026/07/20 12:45:48.936,0,GPU-e2681f6e-8d94-2d66-484f-43ea602335f9,297.49,1410,1593,95,78,73879,55
2026/07/20 12:45:49.187,0,GPU-e2681f6e-8d94-2d66-484f-43ea602335f9,299.55,1410,1593,94,77,73879,55
2026/07/20 12:45:49.437,0,GPU-e2681f6e-8d94-2d66-484f-43ea602335f9,302.64,1410,1593,95,78,73879,55
2026/07/20 12:45:49.687,0,GPU-e2681f6e-8d94-2d66-484f-43ea602335f9,305.33,1410,1593,95,78,73879,55
2026/07/20 12:45:49.937,0,GPU-e2681f6e-8d94-2d66-484f-43ea602335f9,300.80,1410,1593,94,68,73879,55
2026/07/20 12:45:50.187,0,GPU-e2681f6e-8d94-2d66-484f-43ea602335f9,290.80,1410,1593,95,78,73879,55
2026/07/20 12:45:50.437,0,GPU-e2681f6e-8d94-2d66-484f-43ea602335f9,292.32,1410,1593,95,78,73879,55
2026/07/20 12:45:50.687,0,GPU-e2681f6e-8d94-2d66-484f-43ea602335f9,293.25,1410,1593,95,78,73879,55
2026/07/20 12:45:50.937,0,GPU-e2681f6e-8d94-2d66-484f-43ea602335f9,296.83,1410,1593,94,67,73879,56
2026/07/20 12:45:51.187,0,GPU-e2681f6e-8d94-2d66-484f-43ea602335f9,291.39,1410,1593,93,76,73879,55
2026/07/20 12:45:51.437,0,GPU-e2681f6e-8d94-2d66-484f-43ea602335f9,291.12,1410,1593,95,77,73879,55
2026/07/20 12:45:51.687,0,GPU-e2681f6e-8d94-2d66-484f-43ea602335f9,289.87,1410,1593,94,77,73879,55
2026/07/20 12:45:51.938,0,GPU-e2681f6e-8d94-2d66-484f-43ea602335f9,291.12,1410,1593,95,77,73879,55
2026/07/20 12:45:52.188,0,GPU-e2681f6e-8d94-2d66-484f-43ea602335f9,290.20,1410,1593,95,77,73879,55
2026/07/20 12:45:52.438,0,GPU-e2681f6e-8d94-2d66-484f-43ea602335f9,290.47,1410,1593,94,77,73879,54
2026/07/20 12:45:52.688,0,GPU-e2681f6e-8d94-2d66-484f-43ea602335f9,297.76,1410,1593,94,77,73879,55
2026/07/20 12:45:52.938,0,GPU-e2681f6e-8d94-2d66-484f-43ea602335f9,328.34,1410,1593,95,68,73879,57
2026/07/20 12:45:53.188,0,GPU-e2681f6e-8d94-2d66-484f-43ea602335f9,298.36,1410,1593,56,46,73879,54
2026/07/20 12:45:53.438,0,GPU-e2681f6e-8d94-2d66-484f-43ea602335f9,297.76,1410,1593,95,78,73879,54
2026/07/20 12:45:53.688,0,GPU-e2681f6e-8d94-2d66-484f-43ea602335f9,297.18,1410,1593,94,77,73879,54
2026/07/20 12:45:53.938,0,GPU-e2681f6e-8d94-2d66-484f-43ea602335f9,297.49,1410,1593,94,77,73879,54
2026/07/20 12:45:54.188,0,GPU-e2681f6e-8d94-2d66-484f-43ea602335f9,297.45,1410,1593,95,77,73879,54
2026/07/20 12:45:54.438,0,GPU-e2681f6e-8d94-2d66-484f-43ea602335f9,297.49,1410,1593,95,77,73879,54
2026/07/20 12:45:54.689,0,GPU-e2681f6e-8d94-2d66-484f-43ea602335f9,290.82,1410,1593,95,76,73879,54
2026/07/20 12:45:54.939,0,GPU-e2681f6e-8d94-2d66-484f-43ea602335f9,310.17,1410,1593,95,67,73879,55
2026/07/20 12:45:55.189,0,GPU-e2681f6e-8d94-2d66-484f-43ea602335f9,292.94,1410,1593,95,77,73879,55
2026/07/20 12:45:55.439,0,GPU-e2681f6e-8d94-2d66-484f-43ea602335f9,299.58,1410,1593,95,77,73879,55
2026/07/20 12:45:55.689,0,GPU-e2681f6e-8d94-2d66-484f-43ea602335f9,298.05,1410,1593,95,77,73879,55
2026/07/20 12:45:55.939,0,GPU-e2681f6e-8d94-2d66-484f-43ea602335f9,309.57,1410,1593,95,68,73879,55
2026/07/20 12:45:56.189,0,GPU-e2681f6e-8d94-2d66-484f-43ea602335f9,295.93,1410,1593,94,77,73879,55
2026/07/20 12:45:56.439,0,GPU-e2681f6e-8d94-2d66-484f-43ea602335f9,297.47,1410,1593,95,77,73879,55
2026/07/20 12:45:56.689,0,GPU-e2681f6e-8d94-2d66-484f-43ea602335f9,297.78,1410,1593,95,77,73879,55
2026/07/20 12:45:56.939,0,GPU-e2681f6e-8d94-2d66-484f-43ea602335f9,298.05,1410,1593,91,74,73879,55
2026/07/20 12:45:57.189,0,GPU-e2681f6e-8d94-2d66-484f-43ea602335f9,298.65,1410,1593,95,78,73879,55
2026/07/20 12:45:57.440,0,GPU-e2681f6e-8d94-2d66-484f-43ea602335f9,298.97,1410,1593,95,78,73879,55
2026/07/20 12:45:57.690,0,GPU-e2681f6e-8d94-2d66-484f-43ea602335f9,298.05,1410,1593,95,78,73879,55
2026/07/20 12:45:57.940,0,GPU-e2681f6e-8d94-2d66-484f-43ea602335f9,304.42,1410,1593,94,77,73879,55
2026/07/20 12:45:58.190,0,GPU-e2681f6e-8d94-2d66-484f-43ea602335f9,108.43,1410,1593,65,54,73879,53
2026/07/20 12:45:58.440,0,GPU-e2681f6e-8d94-2d66-484f-43ea602335f9,93.48,1410,1593,0,0,73879,49
2026/07/20 12:45:58.690,0,GPU-e2681f6e-8d94-2d66-484f-43ea602335f9,92.98,1410,1593,0,0,73879,47
2026/07/20 12:45:58.940,0,GPU-e2681f6e-8d94-2d66-484f-43ea602335f9,300.18,1410,1593,56,38,73879,52
2026/07/20 12:45:59.190,0,GPU-e2681f6e-8d94-2d66-484f-43ea602335f9,295.35,1410,1593,94,79,73879,53
2026/07/20 12:45:59.440,0,GPU-e2681f6e-8d94-2d66-484f-43ea602335f9,299.90,1410,1593,94,79,73879,54
2026/07/20 12:45:59.690,0,GPU-e2681f6e-8d94-2d66-484f-43ea602335f9,296.87,1410,1593,94,79,73879,54
2026/07/20 12:45:59.940,0,GPU-e2681f6e-8d94-2d66-484f-43ea602335f9,300.18,1410,1593,95,70,73879,55
2026/07/20 12:46:00.190,0,GPU-e2681f6e-8d94-2d66-484f-43ea602335f9,299.59,1410,1593,94,79,73879,55
2026/07/20 12:46:00.441,0,GPU-e2681f6e-8d94-2d66-484f-43ea602335f9,297.74,1410,1593,94,79,73879,54
2026/07/20 12:46:00.691,0,GPU-e2681f6e-8d94-2d66-484f-43ea602335f9,299.59,1410,1593,94,79,73879,55
2026/07/20 12:46:00.941,0,GPU-e2681f6e-8d94-2d66-484f-43ea602335f9,295.03,1410,1593,94,79,73879,55
2026/07/20 12:46:01.191,0,GPU-e2681f6e-8d94-2d66-484f-43ea602335f9,101.03,1410,1593,67,56,73879,50
2026/07/20 12:46:01.441,0,GPU-e2681f6e-8d94-2d66-484f-43ea602335f9,93.39,1410,1593,0,0,73879,48
2026/07/20 12:46:01.691,0,GPU-e2681f6e-8d94-2d66-484f-43ea602335f9,93.21,1410,1593,0,0,73879,47
2026/07/20 12:46:01.941,0,GPU-e2681f6e-8d94-2d66-484f-43ea602335f9,299.59,1410,1593,62,43,73879,52
2026/07/20 12:46:02.191,0,GPU-e2681f6e-8d94-2d66-484f-43ea602335f9,300.78,1410,1593,94,79,73879,53
2026/07/20 12:46:02.441,0,GPU-e2681f6e-8d94-2d66-484f-43ea602335f9,305.29,1410,1593,94,79,73879,53
2026/07/20 12:46:02.691,0,GPU-e2681f6e-8d94-2d66-484f-43ea602335f9,196.49,1410,1593,84,70,73879,51
2026/07/20 12:46:02.941,0,GPU-e2681f6e-8d94-2d66-484f-43ea602335f9,306.49,1410,1593,66,46,73879,54
2026/07/20 12:46:03.192,0,GPU-e2681f6e-8d94-2d66-484f-43ea602335f9,301.70,1410,1593,94,79,73879,54
2026/07/20 12:46:03.442,0,GPU-e2681f6e-8d94-2d66-484f-43ea602335f9,295.62,1410,1593,94,79,73879,54
2026/07/20 12:46:03.692,0,GPU-e2681f6e-8d94-2d66-484f-43ea602335f9,306.49,1410,1593,94,79,73879,54
2026/07/20 12:46:03.942,0,GPU-e2681f6e-8d94-2d66-484f-43ea602335f9,299.28,1410,1593,94,70,73879,55
2026/07/20 12:46:04.192,0,GPU-e2681f6e-8d94-2d66-484f-43ea602335f9,304.09,1410,1593,94,79,73879,55
2026/07/20 12:46:04.442,0,GPU-e2681f6e-8d94-2d66-484f-43ea602335f9,301.67,1410,1593,94,78,73879,54
2026/07/20 12:46:04.692,0,GPU-e2681f6e-8d94-2d66-484f-43ea602335f9,302.86,1410,1593,94,78,73879,54
2026/07/20 12:46:04.942,0,GPU-e2681f6e-8d94-2d66-484f-43ea602335f9,294.12,1410,1593,95,69,73879,55
2026/07/20 12:46:05.192,0,GPU-e2681f6e-8d94-2d66-484f-43ea602335f9,286.26,1410,1593,94,78,73879,54
2026/07/20 12:46:05.442,0,GPU-e2681f6e-8d94-2d66-484f-43ea602335f9,290.82,1410,1593,94,77,73879,54
2026/07/20 12:46:05.692,0,GPU-e2681f6e-8d94-2d66-484f-43ea602335f9,292.34,1410,1593,94,77,73879,54
2026/07/20 12:46:05.942,0,GPU-e2681f6e-8d94-2d66-484f-43ea602335f9,290.22,1410,1593,94,77,73879,54
2026/07/20 12:46:06.192,0,GPU-e2681f6e-8d94-2d66-484f-43ea602335f9,296.24,1410,1593,94,79,73879,54
2026/07/20 12:46:06.443,0,GPU-e2681f6e-8d94-2d66-484f-43ea602335f9,297.44,1410,1593,94,79,73879,54
2026/07/20 12:46:06.693,0,GPU-e2681f6e-8d94-2d66-484f-43ea602335f9,94.90,1410,1593,85,71,73879,49
2026/07/20 12:46:06.943,0,GPU-e2681f6e-8d94-2d66-484f-43ea602335f9,303.51,1410,1593,75,54,73879,53
2026/07/20 12:46:07.193,0,GPU-e2681f6e-8d94-2d66-484f-43ea602335f9,300.74,1410,1593,94,79,73879,54
2026/07/20 12:46:07.443,0,GPU-e2681f6e-8d94-2d66-484f-43ea602335f9,303.18,1410,1593,94,79,73879,54
2026/07/20 12:46:07.693,0,GPU-e2681f6e-8d94-2d66-484f-43ea602335f9,301.99,1410,1593,95,79,73879,53
2026/07/20 12:46:07.943,0,GPU-e2681f6e-8d94-2d66-484f-43ea602335f9,304.97,1410,1593,81,59,73879,55
2026/07/20 12:46:08.193,0,GPU-e2681f6e-8d94-2d66-484f-43ea602335f9,308.34,1410,1593,94,79,73879,55
2026/07/20 12:46:08.443,0,GPU-e2681f6e-8d94-2d66-484f-43ea602335f9,304.70,1410,1593,94,79,73879,55
2026/07/20 12:46:08.693,0,GPU-e2681f6e-8d94-2d66-484f-43ea602335f9,297.16,1410,1593,94,79,73879,54
2026/07/20 12:46:08.943,0,GPU-e2681f6e-8d94-2d66-484f-43ea602335f9,306.22,1410,1593,95,79,73879,55
2026/07/20 12:46:09.194,0,GPU-e2681f6e-8d94-2d66-484f-43ea602335f9,303.78,1410,1593,94,79,73879,54
2026/07/20 12:46:09.444,0,GPU-e2681f6e-8d94-2d66-484f-43ea602335f9,308.34,1410,1593,94,79,73879,55
2026/07/20 12:46:09.694,0,GPU-e2681f6e-8d94-2d66-484f-43ea602335f9,304.38,1410,1593,94,79,73879,55
2026/07/20 12:46:09.944,0,GPU-e2681f6e-8d94-2d66-484f-43ea602335f9,296.53,1410,1593,94,79,73879,55
2026/07/20 12:46:10.194,0,GPU-e2681f6e-8d94-2d66-484f-43ea602335f9,286.86,1410,1593,94,79,73879,55
2026/07/20 12:46:10.492,0,GPU-e2681f6e-8d94-2d66-484f-43ea602335f9,286.86,1410,1593,94,79,73879,55
2026/07/20 12:46:10.742,0,GPU-e2681f6e-8d94-2d66-484f-43ea602335f9,306.17,1410,1593,94,79,73879,55
2026/07/20 12:46:10.992,0,GPU-e2681f6e-8d94-2d66-484f-43ea602335f9,304.38,1410,1593,94,79,73879,52
2026/07/20 12:46:11.242,0,GPU-e2681f6e-8d94-2d66-484f-43ea602335f9,94.48,1410,1593,8,7,73879,49
2026/07/20 12:46:11.492,0,GPU-e2681f6e-8d94-2d66-484f-43ea602335f9,93.29,1410,1593,0,0,73879,47
2026/07/20 12:46:11.742,0,GPU-e2681f6e-8d94-2d66-484f-43ea602335f9,91.77,1410,1593,0,0,73879,47
2026/07/20 12:46:11.992,0,GPU-e2681f6e-8d94-2d66-484f-43ea602335f9,302.27,1410,1593,91,67,73879,52
2026/07/20 12:46:12.242,0,GPU-e2681f6e-8d94-2d66-484f-43ea602335f9,304.65,1410,1593,94,79,73879,53
2026/07/20 12:46:12.492,0,GPU-e2681f6e-8d94-2d66-484f-43ea602335f9,303.46,1410,1593,94,79,73879,53
2026/07/20 12:46:12.742,0,GPU-e2681f6e-8d94-2d66-484f-43ea602335f9,94.81,1410,1593,52,43,73879,55
2026/07/20 12:46:12.992,0,GPU-e2681f6e-8d94-2d66-484f-43ea602335f9,302.87,1410,1593,95,71,73879,54
2026/07/20 12:46:13.243,0,GPU-e2681f6e-8d94-2d66-484f-43ea602335f9,306.77,1410,1593,94,79,73879,54
2026/07/20 12:46:13.493,0,GPU-e2681f6e-8d94-2d66-484f-43ea602335f9,302.87,1410,1593,94,79,73879,54
2026/07/20 12:46:13.743,0,GPU-e2681f6e-8d94-2d66-484f-43ea602335f9,305.58,1410,1593,95,79,73879,54
2026/07/20 12:46:13.993,0,GPU-e2681f6e-8d94-2d66-484f-43ea602335f9,294.74,1410,1593,95,71,73879,55
2026/07/20 12:46:14.243,0,GPU-e2681f6e-8d94-2d66-484f-43ea602335f9,301.35,1410,1593,94,79,73879,54
2026/07/20 12:46:14.493,0,GPU-e2681f6e-8d94-2d66-484f-43ea602335f9,303.78,1410,1593,94,79,73879,54
2026/07/20 12:46:14.743,0,GPU-e2681f6e-8d94-2d66-484f-43ea602335f9,102.35,1410,1593,95,79,73879,53
2026/07/20 12:46:14.993,0,GPU-e2681f6e-8d94-2d66-484f-43ea602335f9,303.19,1410,1593,95,73,73879,54
2026/07/20 12:46:15.243,0,GPU-e2681f6e-8d94-2d66-484f-43ea602335f9,297.72,1410,1593,94,79,73879,54
2026/07/20 12:46:15.493,0,GPU-e2681f6e-8d94-2d66-484f-43ea602335f9,300.75,1410,1593,95,79,73879,54
2026/07/20 12:46:15.743,0,GPU-e2681f6e-8d94-2d66-484f-43ea602335f9,298.03,1410,1593,94,79,73879,54
2026/07/20 12:46:15.994,0,GPU-e2681f6e-8d94-2d66-484f-43ea602335f9,295.93,1410,1593,94,79,73879,54
2026/07/20 12:46:16.244,0,GPU-e2681f6e-8d94-2d66-484f-43ea602335f9,298.64,1410,1593,94,79,73879,54
2026/07/20 12:46:16.494,0,GPU-e2681f6e-8d94-2d66-484f-43ea602335f9,296.26,1410,1593,95,79,73879,54
2026/07/20 12:46:16.744,0,GPU-e2681f6e-8d94-2d66-484f-43ea602335f9,356.56,1410,1593,94,75,73879,54
2026/07/20 12:46:16.994,0,GPU-e2681f6e-8d94-2d66-484f-43ea602335f9,304.38,1410,1593,94,75,73879,58
2026/07/20 12:46:17.244,0,GPU-e2681f6e-8d94-2d66-484f-43ea602335f9,301.08,1410,1593,94,79,73879,55
2026/07/20 12:46:17.494,0,GPU-e2681f6e-8d94-2d66-484f-43ea602335f9,298.64,1410,1593,94,79,73879,55
2026/07/20 12:46:17.744,0,GPU-e2681f6e-8d94-2d66-484f-43ea602335f9,301.95,1410,1593,94,79,73879,55
2026/07/20 12:46:17.994,0,GPU-e2681f6e-8d94-2d66-484f-43ea602335f9,298.95,1410,1593,80,67,73879,53
2026/07/20 12:46:18.244,0,GPU-e2681f6e-8d94-2d66-484f-43ea602335f9,93.90,1410,1593,0,0,73879,49
2026/07/20 12:46:18.494,0,GPU-e2681f6e-8d94-2d66-484f-43ea602335f9,92.67,1410,1593,0,0,73879,47
2026/07/20 12:46:18.744,0,GPU-e2681f6e-8d94-2d66-484f-43ea602335f9,398.03,1410,1593,0,0,73879,47
2026/07/20 12:46:18.995,0,GPU-e2681f6e-8d94-2d66-484f-43ea602335f9,291.69,1410,1593,95,77,73879,52
2026/07/20 12:46:19.245,0,GPU-e2681f6e-8d94-2d66-484f-43ea602335f9,302.92,1410,1593,94,79,73879,53
2026/07/20 12:46:19.495,0,GPU-e2681f6e-8d94-2d66-484f-43ea602335f9,296.87,1410,1593,94,79,73879,53
2026/07/20 12:46:19.745,0,GPU-e2681f6e-8d94-2d66-484f-43ea602335f9,295.67,1410,1593,94,79,73879,54
2026/07/20 12:46:19.995,0,GPU-e2681f6e-8d94-2d66-484f-43ea602335f9,298.39,1410,1593,95,79,73879,54
2026/07/20 12:46:20.245,0,GPU-e2681f6e-8d94-2d66-484f-43ea602335f9,304.44,1410,1593,94,79,73879,54
2026/07/20 12:46:20.495,0,GPU-e2681f6e-8d94-2d66-484f-43ea602335f9,298.67,1410,1593,94,79,73879,54
2026/07/20 12:46:20.745,0,GPU-e2681f6e-8d94-2d66-484f-43ea602335f9,305.97,1410,1593,94,79,73879,56
2026/07/20 12:46:20.995,0,GPU-e2681f6e-8d94-2d66-484f-43ea602335f9,297.14,1410,1593,95,70,73879,55
2026/07/20 12:46:21.245,0,GPU-e2681f6e-8d94-2d66-484f-43ea602335f9,290.50,1410,1593,94,78,73879,54
2026/07/20 12:46:21.495,0,GPU-e2681f6e-8d94-2d66-484f-43ea602335f9,296.87,1410,1593,94,79,73879,54
2026/07/20 12:46:21.746,0,GPU-e2681f6e-8d94-2d66-484f-43ea602335f9,300.79,1410,1593,94,79,73879,54
2026/07/20 12:46:21.996,0,GPU-e2681f6e-8d94-2d66-484f-43ea602335f9,293.82,1410,1593,94,78,73879,55
2026/07/20 12:46:22.246,0,GPU-e2681f6e-8d94-2d66-484f-43ea602335f9,297.47,1410,1593,95,78,73879,54
2026/07/20 12:46:22.496,0,GPU-e2681f6e-8d94-2d66-484f-43ea602335f9,294.72,1410,1593,94,78,73879,54
2026/07/20 12:46:22.746,0,GPU-e2681f6e-8d94-2d66-484f-43ea602335f9,303.24,1410,1593,94,78,73879,54
2026/07/20 12:46:22.996,0,GPU-e2681f6e-8d94-2d66-484f-43ea602335f9,307.49,1410,1593,94,79,73879,54
2026/07/20 12:46:23.246,0,GPU-e2681f6e-8d94-2d66-484f-43ea602335f9,303.84,1410,1593,94,79,73879,54
2026/07/20 12:46:23.496,0,GPU-e2681f6e-8d94-2d66-484f-43ea602335f9,306.24,1410,1593,94,79,73879,55
2026/07/20 12:46:23.746,0,GPU-e2681f6e-8d94-2d66-484f-43ea602335f9,303.51,1410,1593,94,79,73879,55
2026/07/20 12:46:23.996,0,GPU-e2681f6e-8d94-2d66-484f-43ea602335f9,301.39,1410,1593,95,79,73879,55
2026/07/20 12:46:24.246,0,GPU-e2681f6e-8d94-2d66-484f-43ea602335f9,302.32,1410,1593,94,79,73879,55
2026/07/20 12:46:24.497,0,GPU-e2681f6e-8d94-2d66-484f-43ea602335f9,301.99,1410,1593,94,79,73879,55
2026/07/20 12:46:24.747,0,GPU-e2681f6e-8d94-2d66-484f-43ea602335f9,302.92,1410,1593,95,79,73879,55
2026/07/20 12:46:24.997,0,GPU-e2681f6e-8d94-2d66-484f-43ea602335f9,292.30,1410,1593,95,70,73879,55
2026/07/20 12:46:25.247,0,GPU-e2681f6e-8d94-2d66-484f-43ea602335f9,297.14,1410,1593,94,77,73879,54
2026/07/20 12:46:25.497,0,GPU-e2681f6e-8d94-2d66-484f-43ea602335f9,300.52,1410,1593,94,78,73879,55
2026/07/20 12:46:25.747,0,GPU-e2681f6e-8d94-2d66-484f-43ea602335f9,298.07,1410,1593,95,79,73879,55
2026/07/20 12:46:25.997,0,GPU-e2681f6e-8d94-2d66-484f-43ea602335f9,299.90,1410,1593,94,78,73879,55
2026/07/20 12:46:26.247,0,GPU-e2681f6e-8d94-2d66-484f-43ea602335f9,312.01,1410,1593,94,79,73879,55
2026/07/20 12:46:26.497,0,GPU-e2681f6e-8d94-2d66-484f-43ea602335f9,307.49,1410,1593,94,79,73879,55
2026/07/20 12:46:26.747,0,GPU-e2681f6e-8d94-2d66-484f-43ea602335f9,301.72,1410,1593,94,79,73879,55
2026/07/20 12:46:26.997,0,GPU-e2681f6e-8d94-2d66-484f-43ea602335f9,307.49,1410,1593,94,79,73879,55
2026/07/20 12:46:27.248,0,GPU-e2681f6e-8d94-2d66-484f-43ea602335f9,212.78,1410,1593,95,79,73879,51
2026/07/20 12:46:27.498,0,GPU-e2681f6e-8d94-2d66-484f-43ea602335f9,93.50,1410,1593,0,0,73879,49
2026/07/20 12:46:27.748,0,GPU-e2681f6e-8d94-2d66-484f-43ea602335f9,92.84,1410,1593,0,0,73879,52
2026/07/20 12:46:27.998,0,GPU-e2681f6e-8d94-2d66-484f-43ea602335f9,296.87,1410,1593,44,28,73879,53
2026/07/20 12:46:28.248,0,GPU-e2681f6e-8d94-2d66-484f-43ea602335f9,303.51,1410,1593,94,79,73879,54
2026/07/20 12:46:28.498,0,GPU-e2681f6e-8d94-2d66-484f-43ea602335f9,302.32,1410,1593,94,79,73879,54
2026/07/20 12:46:28.748,0,GPU-e2681f6e-8d94-2d66-484f-43ea602335f9,307.17,1410,1593,94,79,73879,54
2026/07/20 12:46:28.998,0,GPU-e2681f6e-8d94-2d66-484f-43ea602335f9,303.84,1410,1593,94,79,73879,54
2026/07/20 12:46:29.248,0,GPU-e2681f6e-8d94-2d66-484f-43ea602335f9,302.64,1410,1593,94,79,73879,54
2026/07/20 12:46:29.498,0,GPU-e2681f6e-8d94-2d66-484f-43ea602335f9,302.32,1410,1593,94,79,73879,54
2026/07/20 12:46:29.748,0,GPU-e2681f6e-8d94-2d66-484f-43ea602335f9,303.24,1410,1593,94,78,73879,54
2026/07/20 12:46:29.998,0,GPU-e2681f6e-8d94-2d66-484f-43ea602335f9,289.90,1410,1593,95,70,73879,54
2026/07/20 12:46:30.249,0,GPU-e2681f6e-8d94-2d66-484f-43ea602335f9,292.30,1410,1593,95,78,73879,54
2026/07/20 12:46:30.499,0,GPU-e2681f6e-8d94-2d66-484f-43ea602335f9,302.64,1410,1593,94,78,73879,54
2026/07/20 12:46:30.749,0,GPU-e2681f6e-8d94-2d66-484f-43ea602335f9,273.18,1410,1593,94,79,73879,54
2026/07/20 12:46:30.999,0,GPU-e2681f6e-8d94-2d66-484f-43ea602335f9,302.64,1410,1593,92,68,73879,55
2026/07/20 12:46:31.249,0,GPU-e2681f6e-8d94-2d66-484f-43ea602335f9,299.59,1410,1593,94,79,73879,55
2026/07/20 12:46:31.499,0,GPU-e2681f6e-8d94-2d66-484f-43ea602335f9,301.12,1410,1593,94,79,73879,55
2026/07/20 12:46:31.749,0,GPU-e2681f6e-8d94-2d66-484f-43ea602335f9,300.79,1410,1593,94,79,73879,55
2026/07/20 12:46:31.999,0,GPU-e2681f6e-8d94-2d66-484f-43ea602335f9,301.72,1410,1593,95,79,73879,55
2026/07/20 12:46:32.249,0,GPU-e2681f6e-8d94-2d66-484f-43ea602335f9,103.47,1410,1593,24,20,73879,50
2026/07/20 12:46:32.499,0,GPU-e2681f6e-8d94-2d66-484f-43ea602335f9,93.40,1410,1593,0,0,73879,48
2026/07/20 12:46:32.749,0,GPU-e2681f6e-8d94-2d66-484f-43ea602335f9,92.84,1410,1593,0,0,73879,47
2026/07/20 12:46:33.000,0,GPU-e2681f6e-8d94-2d66-484f-43ea602335f9,299.59,1410,1593,59,40,73879,53
2026/07/20 12:46:33.250,0,GPU-e2681f6e-8d94-2d66-484f-43ea602335f9,301.39,1410,1593,94,79,73879,53
2026/07/20 12:46:33.500,0,GPU-e2681f6e-8d94-2d66-484f-43ea602335f9,301.72,1410,1593,94,79,73879,54
2026/07/20 12:46:33.750,0,GPU-e2681f6e-8d94-2d66-484f-43ea602335f9,394.99,1410,1593,83,70,73879,51
2026/07/20 12:46:34.000,0,GPU-e2681f6e-8d94-2d66-484f-43ea602335f9,299.27,1410,1593,62,43,73879,54
2026/07/20 12:46:34.250,0,GPU-e2681f6e-8d94-2d66-484f-43ea602335f9,302.30,1410,1593,88,74,73879,53
2026/07/20 12:46:34.500,0,GPU-e2681f6e-8d94-2d66-484f-43ea602335f9,300.52,1410,1593,94,79,73879,54
2026/07/20 12:46:34.750,0,GPU-e2681f6e-8d94-2d66-484f-43ea602335f9,303.24,1410,1593,95,79,73879,54
2026/07/20 12:46:35.000,0,GPU-e2681f6e-8d94-2d66-484f-43ea602335f9,302.32,1410,1593,94,79,73879,54
2026/07/20 12:46:35.250,0,GPU-e2681f6e-8d94-2d66-484f-43ea602335f9,297.45,1410,1593,94,79,73879,54
2026/07/20 12:46:35.500,0,GPU-e2681f6e-8d94-2d66-484f-43ea602335f9,300.52,1410,1593,94,79,73879,54
2026/07/20 12:46:35.751,0,GPU-e2681f6e-8d94-2d66-484f-43ea602335f9,297.14,1410,1593,95,79,73879,54
2026/07/20 12:46:36.001,0,GPU-e2681f6e-8d94-2d66-484f-43ea602335f9,292.89,1410,1593,90,66,73879,54
2026/07/20 12:46:36.251,0,GPU-e2681f6e-8d94-2d66-484f-43ea602335f9,297.14,1410,1593,75,61,73879,54
2026/07/20 12:46:36.501,0,GPU-e2681f6e-8d94-2d66-484f-43ea602335f9,303.51,1410,1593,93,78,73879,54
2026/07/20 12:46:36.751,0,GPU-e2681f6e-8d94-2d66-484f-43ea602335f9,306.24,1410,1593,94,79,73879,54
2026/07/20 12:46:37.001,0,GPU-e2681f6e-8d94-2d66-484f-43ea602335f9,296.27,1410,1593,94,78,73879,54
2026/07/20 12:46:37.251,0,GPU-e2681f6e-8d94-2d66-484f-43ea602335f9,306.89,1410,1593,94,79,73879,54
2026/07/20 12:46:37.501,0,GPU-e2681f6e-8d94-2d66-484f-43ea602335f9,297.47,1410,1593,94,79,73879,54
2026/07/20 12:46:37.751,0,GPU-e2681f6e-8d94-2d66-484f-43ea602335f9,304.12,1410,1593,94,79,73879,54
2026/07/20 12:46:38.001,0,GPU-e2681f6e-8d94-2d66-484f-43ea602335f9,295.65,1410,1593,93,68,73879,55
2026/07/20 12:46:38.251,0,GPU-e2681f6e-8d94-2d66-484f-43ea602335f9,288.97,1410,1593,94,78,73879,54
2026/07/20 12:46:38.501,0,GPU-e2681f6e-8d94-2d66-484f-43ea602335f9,296.87,1410,1593,87,72,73879,54
2026/07/20 12:46:38.751,0,GPU-e2681f6e-8d94-2d66-484f-43ea602335f9,306.55,1410,1593,94,79,73879,54
2026/07/20 12:46:39.001,0,GPU-e2681f6e-8d94-2d66-484f-43ea602335f9,303.24,1410,1593,94,79,73879,55
2026/07/20 12:46:39.252,0,GPU-e2681f6e-8d94-2d66-484f-43ea602335f9,305.04,1410,1593,95,79,73879,55
2026/07/20 12:46:39.502,0,GPU-e2681f6e-8d94-2d66-484f-43ea602335f9,297.14,1410,1593,95,79,73879,55
2026/07/20 12:46:39.752,0,GPU-e2681f6e-8d94-2d66-484f-43ea602335f9,175.77,1410,1593,86,72,73879,52
2026/07/20 12:46:40.002,0,GPU-e2681f6e-8d94-2d66-484f-43ea602335f9,300.79,1410,1593,80,58,73879,55
2026/07/20 12:46:40.252,0,GPU-e2681f6e-8d94-2d66-484f-43ea602335f9,299.31,1410,1593,94,79,73879,55
2026/07/20 12:46:40.502,0,GPU-e2681f6e-8d94-2d66-484f-43ea602335f9,299.86,1410,1593,94,79,73879,55
2026/07/20 12:46:40.752,0,GPU-e2681f6e-8d94-2d66-484f-43ea602335f9,300.20,1410,1593,94,79,73879,55
2026/07/20 12:46:41.002,0,GPU-e2681f6e-8d94-2d66-484f-43ea602335f9,297.47,1410,1593,94,79,73879,55
2026/07/20 12:46:41.252,0,GPU-e2681f6e-8d94-2d66-484f-43ea602335f9,299.00,1410,1593,94,79,73879,55
2026/07/20 12:46:41.502,0,GPU-e2681f6e-8d94-2d66-484f-43ea602335f9,295.02,1410,1593,94,79,73879,55
2026/07/20 12:46:41.752,0,GPU-e2681f6e-8d94-2d66-484f-43ea602335f9,305.04,1410,1593,94,79,73879,55
2026/07/20 12:46:42.002,0,GPU-e2681f6e-8d94-2d66-484f-43ea602335f9,298.39,1410,1593,94,79,73879,55
2026/07/20 12:46:42.253,0,GPU-e2681f6e-8d94-2d66-484f-43ea602335f9,304.45,1410,1593,94,79,73879,55
2026/07/20 12:46:42.503,0,GPU-e2681f6e-8d94-2d66-484f-43ea602335f9,301.08,1410,1593,95,79,73879,55
2026/07/20 12:46:42.753,0,GPU-e2681f6e-8d94-2d66-484f-43ea602335f9,296.24,1410,1593,94,79,73879,55
2026/07/20 12:46:43.003,0,GPU-e2681f6e-8d94-2d66-484f-43ea602335f9,167.36,1410,1593,95,69,73879,55
2026/07/20 12:46:43.253,0,GPU-e2681f6e-8d94-2d66-484f-43ea602335f9,301.72,1410,1593,86,71,73879,55
2026/07/20 12:46:43.503,0,GPU-e2681f6e-8d94-2d66-484f-43ea602335f9,298.36,1410,1593,94,79,73879,55
2026/07/20 12:46:43.753,0,GPU-e2681f6e-8d94-2d66-484f-43ea602335f9,301.08,1410,1593,95,79,73879,55
2026/07/20 12:46:44.003,0,GPU-e2681f6e-8d94-2d66-484f-43ea602335f9,298.36,1410,1593,94,79,73879,55
2026/07/20 12:46:44.253,0,GPU-e2681f6e-8d94-2d66-484f-43ea602335f9,301.08,1410,1593,94,79,73879,55
2026/07/20 12:46:44.503,0,GPU-e2681f6e-8d94-2d66-484f-43ea602335f9,299.27,1410,1593,94,79,73879,55
2026/07/20 12:46:44.753,0,GPU-e2681f6e-8d94-2d66-484f-43ea602335f9,96.82,1410,1593,94,79,73879,50
2026/07/20 12:46:45.003,0,GPU-e2681f6e-8d94-2d66-484f-43ea602335f9,299.86,1410,1593,92,68,73879,54
2026/07/20 12:46:45.254,0,GPU-e2681f6e-8d94-2d66-484f-43ea602335f9,298.07,1410,1593,94,79,73879,54
2026/07/20 12:46:45.504,0,GPU-e2681f6e-8d94-2d66-484f-43ea602335f9,295.95,1410,1593,94,79,73879,55
2026/07/20 12:46:45.754,0,GPU-e2681f6e-8d94-2d66-484f-43ea602335f9,298.67,1410,1593,94,79,73879,57
2026/07/20 12:46:46.004,0,GPU-e2681f6e-8d94-2d66-484f-43ea602335f9,290.17,1410,1593,95,70,73879,55
2026/07/20 12:46:46.254,0,GPU-e2681f6e-8d94-2d66-484f-43ea602335f9,297.80,1410,1593,94,78,73879,55
2026/07/20 12:46:46.504,0,GPU-e2681f6e-8d94-2d66-484f-43ea602335f9,291.10,1410,1593,95,78,73879,54
2026/07/20 12:46:46.754,0,GPU-e2681f6e-8d94-2d66-484f-43ea602335f9,305.04,1410,1593,94,78,73879,55
2026/07/20 12:46:47.004,0,GPU-e2681f6e-8d94-2d66-484f-43ea602335f9,294.11,1410,1593,96,70,73879,55
2026/07/20 12:46:47.254,0,GPU-e2681f6e-8d94-2d66-484f-43ea602335f9,290.17,1410,1593,92,76,73879,55
2026/07/20 12:46:47.504,0,GPU-e2681f6e-8d94-2d66-484f-43ea602335f9,297.80,1410,1593,91,76,73879,55
2026/07/20 12:46:47.754,0,GPU-e2681f6e-8d94-2d66-484f-43ea602335f9,304.72,1410,1593,94,79,73879,52
2026/07/20 12:46:48.004,0,GPU-e2681f6e-8d94-2d66-484f-43ea602335f9,94.10,1410,1593,67,56,73879,50
2026/07/20 12:46:48.255,0,GPU-e2681f6e-8d94-2d66-484f-43ea602335f9,93.17,1410,1593,0,0,73879,48
2026/07/20 12:46:48.505,0,GPU-e2681f6e-8d94-2d66-484f-43ea602335f9,92.84,1410,1593,0,0,73879,47
2026/07/20 12:46:48.755,0,GPU-e2681f6e-8d94-2d66-484f-43ea602335f9,92.25,1410,1593,5,2,73879,50
2026/07/20 12:46:49.005,0,GPU-e2681f6e-8d94-2d66-484f-43ea602335f9,299.27,1410,1593,95,73,73879,52
2026/07/20 12:46:49.255,0,GPU-e2681f6e-8d94-2d66-484f-43ea602335f9,303.24,1410,1593,95,79,73879,53
2026/07/20 12:46:49.505,0,GPU-e2681f6e-8d94-2d66-484f-43ea602335f9,288.05,1410,1593,94,79,73879,53
2026/07/20 12:46:49.755,0,GPU-e2681f6e-8d94-2d66-484f-43ea602335f9,379.86,1410,1593,93,78,73879,54
2026/07/20 12:46:50.005,0,GPU-e2681f6e-8d94-2d66-484f-43ea602335f9,288.05,1410,1593,95,73,73879,54
2026/07/20 12:46:50.255,0,GPU-e2681f6e-8d94-2d66-484f-43ea602335f9,299.59,1410,1593,95,78,73879,54
2026/07/20 12:46:50.505,0,GPU-e2681f6e-8d94-2d66-484f-43ea602335f9,297.47,1410,1593,91,76,73879,54
2026/07/20 12:46:50.755,0,GPU-e2681f6e-8d94-2d66-484f-43ea602335f9,307.76,1410,1593,94,79,73879,54
2026/07/20 12:46:51.005,0,GPU-e2681f6e-8d94-2d66-484f-43ea602335f9,93.68,1410,1593,0,0,73879,49
2026/07/20 12:46:51.256,0,GPU-e2681f6e-8d94-2d66-484f-43ea602335f9,92.75,1410,1593,0,0,73879,47
2026/07/20 12:46:51.506,0,GPU-e2681f6e-8d94-2d66-484f-43ea602335f9,92.25,1410,1593,0,0,73879,47
2026/07/20 12:46:51.756,0,GPU-e2681f6e-8d94-2d66-484f-43ea602335f9,402.00,1410,1593,0,0,73879,46
2026/07/20 12:46:52.006,0,GPU-e2681f6e-8d94-2d66-484f-43ea602335f9,300.52,1410,1593,94,76,73879,51
2026/07/20 12:46:52.256,0,GPU-e2681f6e-8d94-2d66-484f-43ea602335f9,292.62,1410,1593,94,79,73879,52
2026/07/20 12:46:52.506,0,GPU-e2681f6e-8d94-2d66-484f-43ea602335f9,299.27,1410,1593,94,79,73879,53
2026/07/20 12:46:52.756,0,GPU-e2681f6e-8d94-2d66-484f-43ea602335f9,300.20,1410,1593,94,79,73879,53
2026/07/20 12:46:53.006,0,GPU-e2681f6e-8d94-2d66-484f-43ea602335f9,93.17,1410,1593,6,5,73879,48
2026/07/20 12:46:53.256,0,GPU-e2681f6e-8d94-2d66-484f-43ea602335f9,92.57,1410,1593,0,0,73879,47
2026/07/20 12:46:53.506,0,GPU-e2681f6e-8d94-2d66-484f-43ea602335f9,91.28,1410,1593,0,0,73879,46
2026/07/20 12:46:53.756,0,GPU-e2681f6e-8d94-2d66-484f-43ea602335f9,91.05,1410,1593,0,0,73879,46
2026/07/20 12:46:54.006,0,GPU-e2681f6e-8d94-2d66-484f-43ea602335f9,298.07,1410,1593,94,79,73879,51
2026/07/20 12:46:54.257,0,GPU-e2681f6e-8d94-2d66-484f-43ea602335f9,298.07,1410,1593,94,79,73879,51
2026/07/20 12:46:54.507,0,GPU-e2681f6e-8d94-2d66-484f-43ea602335f9,298.69,1410,1593,95,79,73879,52
2026/07/20 12:46:54.757,0,GPU-e2681f6e-8d94-2d66-484f-43ea602335f9,301.08,1410,1593,94,79,73879,53
2026/07/20 12:46:55.007,0,GPU-e2681f6e-8d94-2d66-484f-43ea602335f9,300.52,1410,1593,94,79,73879,53
2026/07/20 12:46:55.257,0,GPU-e2681f6e-8d94-2d66-484f-43ea602335f9,302.61,1410,1593,94,79,73879,53
2026/07/20 12:46:55.507,0,GPU-e2681f6e-8d94-2d66-484f-43ea602335f9,303.52,1410,1593,94,79,73879,53
2026/07/20 12:46:55.757,0,GPU-e2681f6e-8d94-2d66-484f-43ea602335f9,302.93,1410,1593,94,79,73879,53
2026/07/20 12:46:56.007,0,GPU-e2681f6e-8d94-2d66-484f-43ea602335f9,303.20,1410,1593,94,79,73879,53
2026/07/20 12:46:56.257,0,GPU-e2681f6e-8d94-2d66-484f-43ea602335f9,301.72,1410,1593,95,79,73879,53
2026/07/20 12:46:56.507,0,GPU-e2681f6e-8d94-2d66-484f-43ea602335f9,303.52,1410,1593,94,79,73879,54
2026/07/20 12:46:56.757,0,GPU-e2681f6e-8d94-2d66-484f-43ea602335f9,301.41,1410,1593,94,79,73879,55
2026/07/20 12:46:57.007,0,GPU-e2681f6e-8d94-2d66-484f-43ea602335f9,285.36,1410,1593,95,70,73879,54
2026/07/20 12:46:57.258,0,GPU-e2681f6e-8d94-2d66-484f-43ea602335f9,291.10,1410,1593,88,72,73879,53
2026/07/20 12:46:57.508,0,GPU-e2681f6e-8d94-2d66-484f-43ea602335f9,295.02,1410,1593,94,77,73879,53
2026/07/20 12:46:57.758,0,GPU-e2681f6e-8d94-2d66-484f-43ea602335f9,288.65,1410,1593,95,77,73879,53
2026/07/20 12:46:58.008,0,GPU-e2681f6e-8d94-2d66-484f-43ea602335f9,303.24,1410,1593,90,75,73879,54
2026/07/20 12:46:58.258,0,GPU-e2681f6e-8d94-2d66-484f-43ea602335f9,300.79,1410,1593,94,79,73879,54
2026/07/20 12:46:58.508,0,GPU-e2681f6e-8d94-2d66-484f-43ea602335f9,303.52,1410,1593,94,79,73879,54
2026/07/20 12:46:58.758,0,GPU-e2681f6e-8d94-2d66-484f-43ea602335f9,302.32,1410,1593,94,79,73879,56
2026/07/20 12:46:59.008,0,GPU-e2681f6e-8d94-2d66-484f-43ea602335f9,303.52,1410,1593,89,74,73879,54
2026/07/20 12:46:59.258,0,GPU-e2681f6e-8d94-2d66-484f-43ea602335f9,302.64,1410,1593,94,79,73879,54
2026/07/20 12:46:59.508,0,GPU-e2681f6e-8d94-2d66-484f-43ea602335f9,298.96,1410,1593,95,79,73879,54
2026/07/20 12:46:59.758,0,GPU-e2681f6e-8d94-2d66-484f-43ea602335f9,307.17,1410,1593,94,79,73879,54
2026/07/20 12:47:00.009,0,GPU-e2681f6e-8d94-2d66-484f-43ea602335f9,301.08,1410,1593,94,79,73879,54
2026/07/20 12:47:00.259,0,GPU-e2681f6e-8d94-2d66-484f-43ea602335f9,304.12,1410,1593,94,79,73879,54
2026/07/20 12:47:00.509,0,GPU-e2681f6e-8d94-2d66-484f-43ea602335f9,94.37,1410,1593,0,0,73879,48
2026/07/20 12:47:00.759,0,GPU-e2681f6e-8d94-2d66-484f-43ea602335f9,92.84,1410,1593,0,0,73879,47
2026/07/20 12:47:01.009,0,GPU-e2681f6e-8d94-2d66-484f-43ea602335f9,303.51,1410,1593,94,79,73879,52
2026/07/20 12:47:01.259,0,GPU-e2681f6e-8d94-2d66-484f-43ea602335f9,296.54,1410,1593,94,79,73879,53
2026/07/20 12:47:01.509,0,GPU-e2681f6e-8d94-2d66-484f-43ea602335f9,299.59,1410,1593,94,79,73879,53
2026/07/20 12:47:01.759,0,GPU-e2681f6e-8d94-2d66-484f-43ea602335f9,262.29,1410,1593,94,79,73879,57
2026/07/20 12:47:02.009,0,GPU-e2681f6e-8d94-2d66-484f-43ea602335f9,291.69,1410,1593,90,66,73879,54
2026/07/20 12:47:02.259,0,GPU-e2681f6e-8d94-2d66-484f-43ea602335f9,285.92,1410,1593,94,78,73879,54
2026/07/20 12:47:02.509,0,GPU-e2681f6e-8d94-2d66-484f-43ea602335f9,292.03,1410,1593,95,78,73879,54
2026/07/20 12:47:02.760,0,GPU-e2681f6e-8d94-2d66-484f-43ea602335f9,352.60,1410,1593,94,78,73879,54
2026/07/20 12:47:03.010,0,GPU-e2681f6e-8d94-2d66-484f-43ea602335f9,310.48,1410,1593,93,68,73879,54
2026/07/20 12:47:03.260,0,GPU-e2681f6e-8d94-2d66-484f-43ea602335f9,304.72,1410,1593,85,71,73879,54
2026/07/20 12:47:03.510,0,GPU-e2681f6e-8d94-2d66-484f-43ea602335f9,296.83,1410,1593,94,79,73879,54
2026/07/20 12:47:03.760,0,GPU-e2681f6e-8d94-2d66-484f-43ea602335f9,302.61,1410,1593,94,79,73879,54
2026/07/20 12:47:04.010,0,GPU-e2681f6e-8d94-2d66-484f-43ea602335f9,95.30,1410,1593,94,79,73879,50
2026/07/20 12:47:04.260,0,GPU-e2681f6e-8d94-2d66-484f-43ea602335f9,93.68,1410,1593,0,0,73879,48
2026/07/20 12:47:04.510,0,GPU-e2681f6e-8d94-2d66-484f-43ea602335f9,92.84,1410,1593,0,0,73879,47
2026/07/20 12:47:04.760,0,GPU-e2681f6e-8d94-2d66-484f-43ea602335f9,91.97,1410,1593,0,0,73879,52
2026/07/20 12:47:05.010,0,GPU-e2681f6e-8d94-2d66-484f-43ea602335f9,302.92,1410,1593,59,40,73879,52
2026/07/20 12:47:05.260,0,GPU-e2681f6e-8d94-2d66-484f-43ea602335f9,297.14,1410,1593,94,79,73879,52
2026/07/20 12:47:05.510,0,GPU-e2681f6e-8d94-2d66-484f-43ea602335f9,303.24,1410,1593,94,79,73879,53
2026/07/20 12:47:05.760,0,GPU-e2681f6e-8d94-2d66-484f-43ea602335f9,388.35,1410,1593,95,79,73879,53
2026/07/20 12:47:06.011,0,GPU-e2681f6e-8d94-2d66-484f-43ea602335f9,300.20,1410,1593,90,66,73879,54
2026/07/20 12:47:06.261,0,GPU-e2681f6e-8d94-2d66-484f-43ea602335f9,296.56,1410,1593,94,79,73879,54
2026/07/20 12:47:06.511,0,GPU-e2681f6e-8d94-2d66-484f-43ea602335f9,299.28,1410,1593,94,79,73879,54
2026/07/20 12:47:06.761,0,GPU-e2681f6e-8d94-2d66-484f-43ea602335f9,297.49,1410,1593,94,79,73879,56
2026/07/20 12:47:07.011,0,GPU-e2681f6e-8d94-2d66-484f-43ea602335f9,291.12,1410,1593,94,69,73879,54
2026/07/20 12:47:07.261,0,GPU-e2681f6e-8d94-2d66-484f-43ea602335f9,303.20,1410,1593,95,79,73879,54
2026/07/20 12:47:07.511,0,GPU-e2681f6e-8d94-2d66-484f-43ea602335f9,301.68,1410,1593,94,79,73879,54
2026/07/20 12:47:07.761,0,GPU-e2681f6e-8d94-2d66-484f-43ea602335f9,396.24,1410,1593,94,79,73879,54
2026/07/20 12:47:08.011,0,GPU-e2681f6e-8d94-2d66-484f-43ea602335f9,305.05,1410,1593,84,61,73879,54
2026/07/20 12:47:08.261,0,GPU-e2681f6e-8d94-2d66-484f-43ea602335f9,299.89,1410,1593,94,78,73879,54
2026/07/20 12:47:08.511,0,GPU-e2681f6e-8d94-2d66-484f-43ea602335f9,300.21,1410,1593,94,79,73879,54
2026/07/20 12:47:08.761,0,GPU-e2681f6e-8d94-2d66-484f-43ea602335f9,295.97,1410,1593,93,78,73879,54
2026/07/20 12:47:09.011,0,GPU-e2681f6e-8d94-2d66-484f-43ea602335f9,299.89,1410,1593,94,79,73879,54
2026/07/20 12:47:09.261,0,GPU-e2681f6e-8d94-2d66-484f-43ea602335f9,297.17,1410,1593,95,79,73879,54
2026/07/20 12:47:09.511,0,GPU-e2681f6e-8d94-2d66-484f-43ea602335f9,300.48,1410,1593,94,79,73879,54
2026/07/20 12:47:09.762,0,GPU-e2681f6e-8d94-2d66-484f-43ea602335f9,296.56,1410,1593,94,79,73879,57
2026/07/20 12:47:10.012,0,GPU-e2681f6e-8d94-2d66-484f-43ea602335f9,291.12,1410,1593,95,70,73879,54
2026/07/20 12:47:10.262,0,GPU-e2681f6e-8d94-2d66-484f-43ea602335f9,293.25,1410,1593,95,78,73879,54
2026/07/20 12:47:10.512,0,GPU-e2681f6e-8d94-2d66-484f-43ea602335f9,287.75,1410,1593,94,78,73879,54
2026/07/20 12:47:10.762,0,GPU-e2681f6e-8d94-2d66-484f-43ea602335f9,300.48,1410,1593,87,71,73879,54
2026/07/20 12:47:11.012,0,GPU-e2681f6e-8d94-2d66-484f-43ea602335f9,300.17,1410,1593,94,79,73879,54
2026/07/20 12:47:11.262,0,GPU-e2681f6e-8d94-2d66-484f-43ea602335f9,301.08,1410,1593,94,79,73879,54
2026/07/20 12:47:11.512,0,GPU-e2681f6e-8d94-2d66-484f-43ea602335f9,303.49,1410,1593,95,79,73879,54
2026/07/20 12:47:11.762,0,GPU-e2681f6e-8d94-2d66-484f-43ea602335f9,302.29,1410,1593,94,79,73879,57
2026/07/20 12:47:12.012,0,GPU-e2681f6e-8d94-2d66-484f-43ea602335f9,305.01,1410,1593,84,60,73879,54
2026/07/20 12:47:12.262,0,GPU-e2681f6e-8d94-2d66-484f-43ea602335f9,303.21,1410,1593,95,79,73879,54
2026/07/20 12:47:12.512,0,GPU-e2681f6e-8d94-2d66-484f-43ea602335f9,301.37,1410,1593,94,79,73879,54
2026/07/20 12:47:12.762,0,GPU-e2681f6e-8d94-2d66-484f-43ea602335f9,304.73,1410,1593,95,79,73879,57
2026/07/20 12:47:13.012,0,GPU-e2681f6e-8d94-2d66-484f-43ea602335f9,288.70,1410,1593,92,67,73879,55
2026/07/20 12:47:13.262,0,GPU-e2681f6e-8d94-2d66-484f-43ea602335f9,293.81,1410,1593,95,78,73879,54
2026/07/20 12:47:13.513,0,GPU-e2681f6e-8d94-2d66-484f-43ea602335f9,290.82,1410,1593,94,78,73879,53
2026/07/20 12:47:13.763,0,GPU-e2681f6e-8d94-2d66-484f-43ea602335f9,298.66,1410,1593,88,73,73879,54
2026/07/20 12:47:14.013,0,GPU-e2681f6e-8d94-2d66-484f-43ea602335f9,298.38,1410,1593,94,79,73879,54
2026/07/20 12:47:14.263,0,GPU-e2681f6e-8d94-2d66-484f-43ea602335f9,301.10,1410,1593,94,79,73879,54
2026/07/20 12:47:14.513,0,GPU-e2681f6e-8d94-2d66-484f-43ea602335f9,298.97,1410,1593,94,79,73879,54
2026/07/20 12:47:14.763,0,GPU-e2681f6e-8d94-2d66-484f-43ea602335f9,306.86,1410,1593,94,79,73879,54
2026/07/20 12:47:15.013,0,GPU-e2681f6e-8d94-2d66-484f-43ea602335f9,298.65,1410,1593,92,67,73879,53
2026/07/20 12:47:15.263,0,GPU-e2681f6e-8d94-2d66-484f-43ea602335f9,298.66,1410,1593,85,71,73879,55
2026/07/20 12:47:15.513,0,GPU-e2681f6e-8d94-2d66-484f-43ea602335f9,301.38,1410,1593,94,79,73879,55
2026/07/20 12:47:15.763,0,GPU-e2681f6e-8d94-2d66-484f-43ea602335f9,299.28,1410,1593,94,79,73879,55
2026/07/20 12:47:16.013,0,GPU-e2681f6e-8d94-2d66-484f-43ea602335f9,296.24,1410,1593,94,79,73879,55
2026/07/20 12:47:16.264,0,GPU-e2681f6e-8d94-2d66-484f-43ea602335f9,94.70,1410,1593,77,65,73879,51
2026/07/20 12:47:16.514,0,GPU-e2681f6e-8d94-2d66-484f-43ea602335f9,93.77,1410,1593,0,0,73879,48
2026/07/20 12:47:16.764,0,GPU-e2681f6e-8d94-2d66-484f-43ea602335f9,93.50,1410,1593,0,0,73879,47
2026/07/20 12:47:17.014,0,GPU-e2681f6e-8d94-2d66-484f-43ea602335f9,303.84,1410,1593,89,65,73879,52
2026/07/20 12:47:17.264,0,GPU-e2681f6e-8d94-2d66-484f-43ea602335f9,295.02,1410,1593,94,79,73879,53
2026/07/20 12:47:17.514,0,GPU-e2681f6e-8d94-2d66-484f-43ea602335f9,300.21,1410,1593,94,79,73879,54
2026/07/20 12:47:17.764,0,GPU-e2681f6e-8d94-2d66-484f-43ea602335f9,304.45,1410,1593,94,79,73879,56
2026/07/20 12:47:18.014,0,GPU-e2681f6e-8d94-2d66-484f-43ea602335f9,296.54,1410,1593,92,67,73879,53
2026/07/20 12:47:18.264,0,GPU-e2681f6e-8d94-2d66-484f-43ea602335f9,291.42,1410,1593,83,69,73879,54
2026/07/20 12:47:18.514,0,GPU-e2681f6e-8d94-2d66-484f-43ea602335f9,289.87,1410,1593,95,78,73879,54
2026/07/20 12:47:18.764,0,GPU-e2681f6e-8d94-2d66-484f-43ea602335f9,293.52,1410,1593,95,78,73879,54
2026/07/20 12:47:19.014,0,GPU-e2681f6e-8d94-2d66-484f-43ea602335f9,243.84,1410,1593,93,77,73879,53
2026/07/20 12:47:19.264,0,GPU-e2681f6e-8d94-2d66-484f-43ea602335f9,299.27,1410,1593,84,70,73879,54
2026/07/20 12:47:19.514,0,GPU-e2681f6e-8d94-2d66-484f-43ea602335f9,293.84,1410,1593,94,79,73879,54
2026/07/20 12:47:19.765,0,GPU-e2681f6e-8d94-2d66-484f-43ea602335f9,302.61,1410,1593,94,78,73879,54
2026/07/20 12:47:20.015,0,GPU-e2681f6e-8d94-2d66-484f-43ea602335f9,297.14,1410,1593,95,72,73879,55
2026/07/20 12:47:20.265,0,GPU-e2681f6e-8d94-2d66-484f-43ea602335f9,289.60,1410,1593,94,78,73879,54
2026/07/20 12:47:20.515,0,GPU-e2681f6e-8d94-2d66-484f-43ea602335f9,296.83,1410,1593,87,72,73879,54
2026/07/20 12:47:20.765,0,GPU-e2681f6e-8d94-2d66-484f-43ea602335f9,304.45,1410,1593,94,79,73879,53
2026/07/20 12:47:21.015,0,GPU-e2681f6e-8d94-2d66-484f-43ea602335f9,94.27,1410,1593,0,0,73879,49
2026/07/20 12:47:21.265,0,GPU-e2681f6e-8d94-2d66-484f-43ea602335f9,93.50,1410,1593,0,0,73879,47
2026/07/20 12:47:21.515,0,GPU-e2681f6e-8d94-2d66-484f-43ea602335f9,91.88,1410,1593,0,0,73879,47
2026/07/20 12:47:21.765,0,GPU-e2681f6e-8d94-2d66-484f-43ea602335f9,91.74,1410,1593,0,0,73879,51
2026/07/20 12:47:22.015,0,GPU-e2681f6e-8d94-2d66-484f-43ea602335f9,295.97,1410,1593,94,75,73879,52
2026/07/20 12:47:22.265,0,GPU-e2681f6e-8d94-2d66-484f-43ea602335f9,292.89,1410,1593,95,79,73879,52
2026/07/20 12:47:22.515,0,GPU-e2681f6e-8d94-2d66-484f-43ea602335f9,294.15,1410,1593,94,79,73879,53
2026/07/20 12:47:22.766,0,GPU-e2681f6e-8d94-2d66-484f-43ea602335f9,303.51,1410,1593,88,66,73879,56
2026/07/20 12:47:23.016,0,GPU-e2681f6e-8d94-2d66-484f-43ea602335f9,307.76,1410,1593,94,78,73879,54
2026/07/20 12:47:23.266,0,GPU-e2681f6e-8d94-2d66-484f-43ea602335f9,299.86,1410,1593,94,79,73879,54
2026/07/20 12:47:23.516,0,GPU-e2681f6e-8d94-2d66-484f-43ea602335f9,298.96,1410,1593,94,79,73879,54
2026/07/20 12:47:23.766,0,GPU-e2681f6e-8d94-2d66-484f-43ea602335f9,451.80,1410,1593,94,79,73879,54
2026/07/20 12:47:24.016,0,GPU-e2681f6e-8d94-2d66-484f-43ea602335f9,247.74,1410,1593,93,76,73879,54
2026/07/20 12:47:24.266,0,GPU-e2681f6e-8d94-2d66-484f-43ea602335f9,298.96,1410,1593,90,75,73879,54
2026/07/20 12:47:24.516,0,GPU-e2681f6e-8d94-2d66-484f-43ea602335f9,295.97,1410,1593,94,79,73879,54
2026/07/20 12:47:24.766,0,GPU-e2681f6e-8d94-2d66-484f-43ea602335f9,298.08,1410,1593,94,79,73879,54
2026/07/20 12:47:25.016,0,GPU-e2681f6e-8d94-2d66-484f-43ea602335f9,287.75,1410,1593,94,77,73879,55
2026/07/20 12:47:25.266,0,GPU-e2681f6e-8d94-2d66-484f-43ea602335f9,292.32,1410,1593,95,78,73879,54
2026/07/20 12:47:25.516,0,GPU-e2681f6e-8d94-2d66-484f-43ea602335f9,246.24,1410,1593,94,78,73879,53
2026/07/20 12:47:25.767,0,GPU-e2681f6e-8d94-2d66-484f-43ea602335f9,296.54,1410,1593,89,74,73879,54
2026/07/20 12:47:26.017,0,GPU-e2681f6e-8d94-2d66-484f-43ea602335f9,305.05,1410,1593,94,79,73879,54
2026/07/20 12:47:26.267,0,GPU-e2681f6e-8d94-2d66-484f-43ea602335f9,297.17,1410,1593,94,79,73879,54
2026/07/20 12:47:26.517,0,GPU-e2681f6e-8d94-2d66-484f-43ea602335f9,304.45,1410,1593,95,79,73879,54
2026/07/20 12:47:26.767,0,GPU-e2681f6e-8d94-2d66-484f-43ea602335f9,307.44,1410,1593,94,69,73879,54
2026/07/20 12:47:27.017,0,GPU-e2681f6e-8d94-2d66-484f-43ea602335f9,295.36,1410,1593,95,78,73879,55
2026/07/20 12:47:27.267,0,GPU-e2681f6e-8d94-2d66-484f-43ea602335f9,289.60,1410,1593,94,78,73879,54
2026/07/20 12:47:27.517,0,GPU-e2681f6e-8d94-2d66-484f-43ea602335f9,293.52,1410,1593,95,78,73879,54
2026/07/20 12:47:27.767,0,GPU-e2681f6e-8d94-2d66-484f-43ea602335f9,290.47,1410,1593,94,77,73879,54
2026/07/20 12:47:28.017,0,GPU-e2681f6e-8d94-2d66-484f-43ea602335f9,96.99,1410,1593,95,77,73879,53
2026/07/20 12:47:28.267,0,GPU-e2681f6e-8d94-2d66-484f-43ea602335f9,93.40,1410,1593,0,0,73879,48
2026/07/20 12:47:28.517,0,GPU-e2681f6e-8d94-2d66-484f-43ea602335f9,92.48,1410,1593,0,0,73879,47
2026/07/20 12:47:28.768,0,GPU-e2681f6e-8d94-2d66-484f-43ea602335f9,298.36,1410,1593,0,0,73879,46
2026/07/20 12:47:29.018,0,GPU-e2681f6e-8d94-2d66-484f-43ea602335f9,294.42,1410,1593,27,14,73879,52
2026/07/20 12:47:29.268,0,GPU-e2681f6e-8d94-2d66-484f-43ea602335f9,299.00,1410,1593,94,79,73879,53
2026/07/20 12:47:29.518,0,GPU-e2681f6e-8d94-2d66-484f-43ea602335f9,299.59,1410,1593,94,79,73879,53
2026/07/20 12:47:29.768,0,GPU-e2681f6e-8d94-2d66-484f-43ea602335f9,303.51,1410,1593,94,79,73879,53
2026/07/20 12:47:30.018,0,GPU-e2681f6e-8d94-2d66-484f-43ea602335f9,292.62,1410,1593,88,73,73879,54
2026/07/20 12:47:30.268,0,GPU-e2681f6e-8d94-2d66-484f-43ea602335f9,306.24,1410,1593,94,79,73879,54
2026/07/20 12:47:30.518,0,GPU-e2681f6e-8d94-2d66-484f-43ea602335f9,296.54,1410,1593,94,79,73879,54
2026/07/20 12:47:30.768,0,GPU-e2681f6e-8d94-2d66-484f-43ea602335f9,300.79,1410,1593,94,79,73879,56
2026/07/20 12:47:31.018,0,GPU-e2681f6e-8d94-2d66-484f-43ea602335f9,293.55,1410,1593,90,66,73879,54
2026/07/20 12:47:31.268,0,GPU-e2681f6e-8d94-2d66-484f-43ea602335f9,293.52,1410,1593,94,78,73879,54
2026/07/20 12:47:31.518,0,GPU-e2681f6e-8d94-2d66-484f-43ea602335f9,288.67,1410,1593,94,78,73879,54
2026/07/20 12:47:31.769,0,GPU-e2681f6e-8d94-2d66-484f-43ea602335f9,291.72,1410,1593,95,78,73879,51
2026/07/20 12:47:32.019,0,GPU-e2681f6e-8d94-2d66-484f-43ea602335f9,303.24,1410,1593,94,79,73879,54
2026/07/20 12:47:32.269,0,GPU-e2681f6e-8d94-2d66-484f-43ea602335f9,302.33,1410,1593,94,79,73879,54
2026/07/20 12:47:32.519,0,GPU-e2681f6e-8d94-2d66-484f-43ea602335f9,305.04,1410,1593,94,79,73879,54
2026/07/20 12:47:32.769,0,GPU-e2681f6e-8d94-2d66-484f-43ea602335f9,304.13,1410,1593,94,79,73879,54
2026/07/20 12:47:33.019,0,GPU-e2681f6e-8d94-2d66-484f-43ea602335f9,307.77,1410,1593,95,79,73879,54
2026/07/20 12:47:33.269,0,GPU-e2681f6e-8d94-2d66-484f-43ea602335f9,302.92,1410,1593,94,78,73879,54
2026/07/20 12:47:33.519,0,GPU-e2681f6e-8d94-2d66-484f-43ea602335f9,94.37,1410,1593,25,21,73879,49
2026/07/20 12:47:33.769,0,GPU-e2681f6e-8d94-2d66-484f-43ea602335f9,175.58,1410,1593,0,0,73879,48
2026/07/20 12:47:34.019,0,GPU-e2681f6e-8d94-2d66-484f-43ea602335f9,299.59,1410,1593,49,32,73879,53
2026/07/20 12:47:34.269,0,GPU-e2681f6e-8d94-2d66-484f-43ea602335f9,295.67,1410,1593,94,79,73879,53
2026/07/20 12:47:34.519,0,GPU-e2681f6e-8d94-2d66-484f-43ea602335f9,301.12,1410,1593,94,79,73879,54
2026/07/20 12:47:34.770,0,GPU-e2681f6e-8d94-2d66-484f-43ea602335f9,301.12,1410,1593,94,79,73879,54
2026/07/20 12:47:35.020,0,GPU-e2681f6e-8d94-2d66-484f-43ea602335f9,299.89,1410,1593,94,79,73879,54
2026/07/20 12:47:35.270,0,GPU-e2681f6e-8d94-2d66-484f-43ea602335f9,295.97,1410,1593,94,79,73879,54
2026/07/20 12:47:35.520,0,GPU-e2681f6e-8d94-2d66-484f-43ea602335f9,296.87,1410,1593,94,79,73879,54
2026/07/20 12:47:35.770,0,GPU-e2681f6e-8d94-2d66-484f-43ea602335f9,298.96,1410,1593,94,79,73879,54
2026/07/20 12:47:36.020,0,GPU-e2681f6e-8d94-2d66-484f-43ea602335f9,296.24,1410,1593,94,79,73879,54
2026/07/20 12:47:36.270,0,GPU-e2681f6e-8d94-2d66-484f-43ea602335f9,297.14,1410,1593,94,79,73879,54
2026/07/20 12:47:36.520,0,GPU-e2681f6e-8d94-2d66-484f-43ea602335f9,298.69,1410,1593,94,79,73879,54
2026/07/20 12:47:36.770,0,GPU-e2681f6e-8d94-2d66-484f-43ea602335f9,432.46,1410,1593,94,79,73879,54
2026/07/20 12:47:37.020,0,GPU-e2681f6e-8d94-2d66-484f-43ea602335f9,293.84,1410,1593,95,69,73879,54
2026/07/20 12:47:37.270,0,GPU-e2681f6e-8d94-2d66-484f-43ea602335f9,287.48,1410,1593,95,77,73879,54
2026/07/20 12:47:37.520,0,GPU-e2681f6e-8d94-2d66-484f-43ea602335f9,290.20,1410,1593,95,77,73879,54
2026/07/20 12:47:37.771,0,GPU-e2681f6e-8d94-2d66-484f-43ea602335f9,294.45,1410,1593,94,77,73879,54
2026/07/20 12:47:38.021,0,GPU-e2681f6e-8d94-2d66-484f-43ea602335f9,289.27,1410,1593,94,77,73879,54
2026/07/20 12:47:38.271,0,GPU-e2681f6e-8d94-2d66-484f-43ea602335f9,298.36,1410,1593,94,79,73879,54
2026/07/20 12:47:38.521,0,GPU-e2681f6e-8d94-2d66-484f-43ea602335f9,303.52,1410,1593,94,79,73879,54
2026/07/20 12:47:38.771,0,GPU-e2681f6e-8d94-2d66-484f-43ea602335f9,439.08,1410,1593,94,79,73879,54
2026/07/20 12:47:39.021,0,GPU-e2681f6e-8d94-2d66-484f-43ea602335f9,294.71,1410,1593,93,68,73879,55
2026/07/20 12:47:39.271,0,GPU-e2681f6e-8d94-2d66-484f-43ea602335f9,289.57,1410,1593,94,78,73879,54
2026/07/20 12:47:39.521,0,GPU-e2681f6e-8d94-2d66-484f-43ea602335f9,303.20,1410,1593,86,72,73879,54
2026/07/20 12:47:39.771,0,GPU-e2681f6e-8d94-2d66-484f-43ea602335f9,443.19,1410,1593,94,79,73879,53
2026/07/20 12:47:40.021,0,GPU-e2681f6e-8d94-2d66-484f-43ea602335f9,301.08,1410,1593,87,64,73879,55
2026/07/20 12:47:40.271,0,GPU-e2681f6e-8d94-2d66-484f-43ea602335f9,298.08,1410,1593,94,79,73879,55
2026/07/20 12:47:40.521,0,GPU-e2681f6e-8d94-2d66-484f-43ea602335f9,300.48,1410,1593,94,79,73879,55
2026/07/20 12:47:40.772,0,GPU-e2681f6e-8d94-2d66-484f-43ea602335f9,96.13,1410,1593,66,55,73879,51
2026/07/20 12:47:41.022,0,GPU-e2681f6e-8d94-2d66-484f-43ea602335f9,289.60,1410,1593,60,41,73879,54
2026/07/20 12:47:41.272,0,GPU-e2681f6e-8d94-2d66-484f-43ea602335f9,293.84,1410,1593,94,78,73879,54
2026/07/20 12:47:41.522,0,GPU-e2681f6e-8d94-2d66-484f-43ea602335f9,291.12,1410,1593,94,78,73879,54
2026/07/20 12:47:41.772,0,GPU-e2681f6e-8d94-2d66-484f-43ea602335f9,289.27,1410,1593,94,78,73879,54
2026/07/20 12:47:42.022,0,GPU-e2681f6e-8d94-2d66-484f-43ea602335f9,292.59,1410,1593,94,78,73879,54
2026/07/20 12:47:42.272,0,GPU-e2681f6e-8d94-2d66-484f-43ea602335f9,293.84,1410,1593,94,78,73879,54
2026/07/20 12:47:42.522,0,GPU-e2681f6e-8d94-2d66-484f-43ea602335f9,289.27,1410,1593,94,77,73879,54
2026/07/20 12:47:42.772,0,GPU-e2681f6e-8d94-2d66-484f-43ea602335f9,412.62,1410,1593,94,78,73879,54
2026/07/20 12:47:43.022,0,GPU-e2681f6e-8d94-2d66-484f-43ea602335f9,288.35,1410,1593,93,67,73879,55
2026/07/20 12:47:43.272,0,GPU-e2681f6e-8d94-2d66-484f-43ea602335f9,290.82,1410,1593,94,77,73879,54
2026/07/20 12:47:43.523,0,GPU-e2681f6e-8d94-2d66-484f-43ea602335f9,293.84,1410,1593,94,77,73879,54
2026/07/20 12:47:43.773,0,GPU-e2681f6e-8d94-2d66-484f-43ea602335f9,293.21,1410,1593,86,70,73879,54
2026/07/20 12:47:44.023,0,GPU-e2681f6e-8d94-2d66-484f-43ea602335f9,305.60,1410,1593,94,78,73879,54
2026/07/20 12:47:44.273,0,GPU-e2681f6e-8d94-2d66-484f-43ea602335f9,136.89,1410,1593,84,70,73879,51
2026/07/20 12:47:44.523,0,GPU-e2681f6e-8d94-2d66-484f-43ea602335f9,93.31,1410,1593,39,33,73879,48
2026/07/20 12:47:44.773,0,GPU-e2681f6e-8d94-2d66-484f-43ea602335f9,92.57,1410,1593,0,0,73879,47
2026/07/20 12:47:45.023,0,GPU-e2681f6e-8d94-2d66-484f-43ea602335f9,295.35,1410,1593,77,55,73879,53
2026/07/20 12:47:45.273,0,GPU-e2681f6e-8d94-2d66-484f-43ea602335f9,300.52,1410,1593,94,79,73879,53
2026/07/20 12:47:45.523,0,GPU-e2681f6e-8d94-2d66-484f-43ea602335f9,299.59,1410,1593,94,79,73879,54
2026/07/20 12:47:45.773,0,GPU-e2681f6e-8d94-2d66-484f-43ea602335f9,298.67,1410,1593,94,79,73879,54
2026/07/20 12:47:46.023,0,GPU-e2681f6e-8d94-2d66-484f-43ea602335f9,299.55,1410,1593,94,79,73879,54
2026/07/20 12:47:46.273,0,GPU-e2681f6e-8d94-2d66-484f-43ea602335f9,303.24,1410,1593,94,79,73879,54
2026/07/20 12:47:46.523,0,GPU-e2681f6e-8d94-2d66-484f-43ea602335f9,305.33,1410,1593,94,79,73879,54
2026/07/20 12:47:46.773,0,GPU-e2681f6e-8d94-2d66-484f-43ea602335f9,302.93,1410,1593,94,79,73879,58
2026/07/20 12:47:47.024,0,GPU-e2681f6e-8d94-2d66-484f-43ea602335f9,288.08,1410,1593,92,67,73879,55
2026/07/20 12:47:47.274,0,GPU-e2681f6e-8d94-2d66-484f-43ea602335f9,292.89,1410,1593,94,78,73879,54
2026/07/20 12:47:47.524,0,GPU-e2681f6e-8d94-2d66-484f-43ea602335f9,287.45,1410,1593,95,78,73879,54
2026/07/20 12:47:47.774,0,GPU-e2681f6e-8d94-2d66-484f-43ea602335f9,291.99,1410,1593,95,77,73879,55
2026/07/20 12:47:48.024,0,GPU-e2681f6e-8d94-2d66-484f-43ea602335f9,269.26,1410,1593,82,59,73879,54
2026/07/20 12:47:48.274,0,GPU-e2681f6e-8d94-2d66-484f-43ea602335f9,301.68,1410,1593,94,79,73879,54
2026/07/20 12:47:48.524,0,GPU-e2681f6e-8d94-2d66-484f-43ea602335f9,297.76,1410,1593,94,79,73879,54
2026/07/20 12:47:48.774,0,GPU-e2681f6e-8d94-2d66-484f-43ea602335f9,301.08,1410,1593,94,79,73879,54
2026/07/20 12:47:49.024,0,GPU-e2681f6e-8d94-2d66-484f-43ea602335f9,297.80,1410,1593,94,79,73879,55
2026/07/20 12:47:49.274,0,GPU-e2681f6e-8d94-2d66-484f-43ea602335f9,95.79,1410,1593,62,52,73879,49
2026/07/20 12:47:49.524,0,GPU-e2681f6e-8d94-2d66-484f-43ea602335f9,94.97,1410,1593,0,0,73879,48
2026/07/20 12:47:49.774,0,GPU-e2681f6e-8d94-2d66-484f-43ea602335f9,364.14,1410,1593,0,0,73879,47
2026/07/20 12:47:50.025,0,GPU-e2681f6e-8d94-2d66-484f-43ea602335f9,291.42,1410,1593,93,69,73879,52
2026/07/20 12:47:50.275,0,GPU-e2681f6e-8d94-2d66-484f-43ea602335f9,303.84,1410,1593,94,79,73879,53
2026/07/20 12:47:50.525,0,GPU-e2681f6e-8d94-2d66-484f-43ea602335f9,298.39,1410,1593,89,74,73879,53
2026/07/20 12:47:50.775,0,GPU-e2681f6e-8d94-2d66-484f-43ea602335f9,294.42,1410,1593,91,75,73879,57
2026/07/20 12:47:51.025,0,GPU-e2681f6e-8d94-2d66-484f-43ea602335f9,252.60,1410,1593,86,64,73879,54
2026/07/20 12:47:51.275,0,GPU-e2681f6e-8d94-2d66-484f-43ea602335f9,301.72,1410,1593,94,79,73879,54
2026/07/20 12:47:51.525,0,GPU-e2681f6e-8d94-2d66-484f-43ea602335f9,303.20,1410,1593,94,79,73879,54
2026/07/20 12:47:51.775,0,GPU-e2681f6e-8d94-2d66-484f-43ea602335f9,300.52,1410,1593,94,79,73879,54
2026/07/20 12:47:52.025,0,GPU-e2681f6e-8d94-2d66-484f-43ea602335f9,297.47,1410,1593,94,79,73879,54
2026/07/20 12:47:52.275,0,GPU-e2681f6e-8d94-2d66-484f-43ea602335f9,298.96,1410,1593,94,79,73879,54
2026/07/20 12:47:52.525,0,GPU-e2681f6e-8d94-2d66-484f-43ea602335f9,297.80,1410,1593,94,79,73879,54
2026/07/20 12:47:52.776,0,GPU-e2681f6e-8d94-2d66-484f-43ea602335f9,301.12,1410,1593,94,79,73879,54
2026/07/20 12:47:53.026,0,GPU-e2681f6e-8d94-2d66-484f-43ea602335f9,298.69,1410,1593,95,79,73879,54
2026/07/20 12:47:53.276,0,GPU-e2681f6e-8d94-2d66-484f-43ea602335f9,303.84,1410,1593,94,79,73879,54
2026/07/20 12:47:53.526,0,GPU-e2681f6e-8d94-2d66-484f-43ea602335f9,297.76,1410,1593,94,79,73879,54
2026/07/20 12:47:53.776,0,GPU-e2681f6e-8d94-2d66-484f-43ea602335f9,305.33,1410,1593,94,74,73879,55
2026/07/20 12:47:54.026,0,GPU-e2681f6e-8d94-2d66-484f-43ea602335f9,295.04,1410,1593,94,74,73879,55
2026/07/20 12:47:54.276,0,GPU-e2681f6e-8d94-2d66-484f-43ea602335f9,288.67,1410,1593,95,77,73879,54
2026/07/20 12:47:54.526,0,GPU-e2681f6e-8d94-2d66-484f-43ea602335f9,292.59,1410,1593,94,77,73879,54
2026/07/20 12:47:54.776,0,GPU-e2681f6e-8d94-2d66-484f-43ea602335f9,287.15,1410,1593,92,75,73879,54
2026/07/20 12:47:55.026,0,GPU-e2681f6e-8d94-2d66-484f-43ea602335f9,171.34,1410,1593,91,74,73879,54
2026/07/20 12:47:55.276,0,GPU-e2681f6e-8d94-2d66-484f-43ea602335f9,298.08,1410,1593,89,74,73879,54
2026/07/20 12:47:55.526,0,GPU-e2681f6e-8d94-2d66-484f-43ea602335f9,301.08,1410,1593,94,80,73879,54
2026/07/20 12:47:55.777,0,GPU-e2681f6e-8d94-2d66-484f-43ea602335f9,303.52,1410,1593,94,80,73879,58
2026/07/20 12:47:56.027,0,GPU-e2681f6e-8d94-2d66-484f-43ea602335f9,291.72,1410,1593,94,76,73879,55
2026/07/20 12:47:56.277,0,GPU-e2681f6e-8d94-2d66-484f-43ea602335f9,289.00,1410,1593,95,78,73879,54
2026/07/20 12:47:56.527,0,GPU-e2681f6e-8d94-2d66-484f-43ea602335f9,292.02,1410,1593,94,78,73879,54
2026/07/20 12:47:56.777,0,GPU-e2681f6e-8d94-2d66-484f-43ea602335f9,437.29,1410,1593,92,69,73879,54
2026/07/20 12:47:57.027,0,GPU-e2681f6e-8d94-2d66-484f-43ea602335f9,295.36,1410,1593,95,75,73879,55
2026/07/20 12:47:57.277,0,GPU-e2681f6e-8d94-2d66-484f-43ea602335f9,287.75,1410,1593,86,71,73879,54
2026/07/20 12:47:57.527,0,GPU-e2681f6e-8d94-2d66-484f-43ea602335f9,291.69,1410,1593,94,78,73879,54
2026/07/20 12:47:57.777,0,GPU-e2681f6e-8d94-2d66-484f-43ea602335f9,288.70,1410,1593,94,78,73879,54
2026/07/20 12:47:58.027,0,GPU-e2681f6e-8d94-2d66-484f-43ea602335f9,302.61,1410,1593,92,76,73879,54
2026/07/20 12:47:58.277,0,GPU-e2681f6e-8d94-2d66-484f-43ea602335f9,302.64,1410,1593,94,79,73879,55
2026/07/20 12:47:58.528,0,GPU-e2681f6e-8d94-2d66-484f-43ea602335f9,305.36,1410,1593,94,79,73879,55
2026/07/20 12:47:58.778,0,GPU-e2681f6e-8d94-2d66-484f-43ea602335f9,303.24,1410,1593,95,79,73879,58
2026/07/20 12:47:59.028,0,GPU-e2681f6e-8d94-2d66-484f-43ea602335f9,291.99,1410,1593,92,68,73879,55
2026/07/20 12:47:59.278,0,GPU-e2681f6e-8d94-2d66-484f-43ea602335f9,289.57,1410,1593,95,78,73879,54
2026/07/20 12:47:59.528,0,GPU-e2681f6e-8d94-2d66-484f-43ea602335f9,292.30,1410,1593,94,78,73879,54
2026/07/20 12:47:59.778,0,GPU-e2681f6e-8d94-2d66-484f-43ea602335f9,290.17,1410,1593,84,62,73879,54
2026/07/20 12:48:00.028,0,GPU-e2681f6e-8d94-2d66-484f-43ea602335f9,291.39,1410,1593,94,77,73879,55
2026/07/20 12:48:00.278,0,GPU-e2681f6e-8d94-2d66-484f-43ea602335f9,286.25,1410,1593,94,78,73879,54
2026/07/20 12:48:00.528,0,GPU-e2681f6e-8d94-2d66-484f-43ea602335f9,291.72,1410,1593,94,78,73879,54
2026/07/20 12:48:00.778,0,GPU-e2681f6e-8d94-2d66-484f-43ea602335f9,288.65,1410,1593,94,77,73879,54
2026/07/20 12:48:01.028,0,GPU-e2681f6e-8d94-2d66-484f-43ea602335f9,293.55,1410,1593,94,77,73879,54
2026/07/20 12:48:01.278,0,GPU-e2681f6e-8d94-2d66-484f-43ea602335f9,287.18,1410,1593,94,78,73879,54
2026/07/20 12:48:01.528,0,GPU-e2681f6e-8d94-2d66-484f-43ea602335f9,294.15,1410,1593,94,78,73879,54
2026/07/20 12:48:01.779,0,GPU-e2681f6e-8d94-2d66-484f-43ea602335f9,297.49,1410,1593,94,78,73879,58
2026/07/20 12:48:02.029,0,GPU-e2681f6e-8d94-2d66-484f-43ea602335f9,290.80,1410,1593,89,65,73879,55
2026/07/20 12:48:02.279,0,GPU-e2681f6e-8d94-2d66-484f-43ea602335f9,295.95,1410,1593,94,78,73879,54
2026/07/20 12:48:02.529,0,GPU-e2681f6e-8d94-2d66-484f-43ea602335f9,291.12,1410,1593,94,78,73879,54
2026/07/20 12:48:02.779,0,GPU-e2681f6e-8d94-2d66-484f-43ea602335f9,285.65,1410,1593,94,77,73879,54
2026/07/20 12:48:03.029,0,GPU-e2681f6e-8d94-2d66-484f-43ea602335f9,291.39,1410,1593,94,77,73879,54
2026/07/20 12:48:03.279,0,GPU-e2681f6e-8d94-2d66-484f-43ea602335f9,285.65,1410,1593,94,78,73879,54
2026/07/20 12:48:03.529,0,GPU-e2681f6e-8d94-2d66-484f-43ea602335f9,292.59,1410,1593,94,78,73879,54
2026/07/20 12:48:03.779,0,GPU-e2681f6e-8d94-2d66-484f-43ea602335f9,302.61,1410,1593,94,78,73879,55
2026/07/20 12:48:04.029,0,GPU-e2681f6e-8d94-2d66-484f-43ea602335f9,296.56,1410,1593,95,78,73879,55
2026/07/20 12:48:04.279,0,GPU-e2681f6e-8d94-2d66-484f-43ea602335f9,289.87,1410,1593,94,77,73879,54
2026/07/20 12:48:04.529,0,GPU-e2681f6e-8d94-2d66-484f-43ea602335f9,286.25,1410,1593,95,78,73879,54
2026/07/20 12:48:04.779,0,GPU-e2681f6e-8d94-2d66-484f-43ea602335f9,290.50,1410,1593,95,77,73879,58
2026/07/20 12:48:05.029,0,GPU-e2681f6e-8d94-2d66-484f-43ea602335f9,288.05,1410,1593,95,69,73879,55
2026/07/20 12:48:05.279,0,GPU-e2681f6e-8d94-2d66-484f-43ea602335f9,291.42,1410,1593,95,78,73879,54
2026/07/20 12:48:05.530,0,GPU-e2681f6e-8d94-2d66-484f-43ea602335f9,289.30,1410,1593,94,77,73879,54
2026/07/20 12:48:05.780,0,GPU-e2681f6e-8d94-2d66-484f-43ea602335f9,289.90,1410,1593,95,78,73879,54
2026/07/20 12:48:06.030,0,GPU-e2681f6e-8d94-2d66-484f-43ea602335f9,101.95,1410,1593,92,76,73879,51
2026/07/20 12:48:06.280,0,GPU-e2681f6e-8d94-2d66-484f-43ea602335f9,93.17,1410,1593,0,0,73879,48
2026/07/20 12:48:06.530,0,GPU-e2681f6e-8d94-2d66-484f-43ea602335f9,92.75,1410,1593,0,0,73879,47
2026/07/20 12:48:06.780,0,GPU-e2681f6e-8d94-2d66-484f-43ea602335f9,92.15,1410,1593,0,0,73879,47
2026/07/20 12:48:07.030,0,GPU-e2681f6e-8d94-2d66-484f-43ea602335f9,292.30,1410,1593,94,79,73879,52
2026/07/20 12:48:07.280,0,GPU-e2681f6e-8d94-2d66-484f-43ea602335f9,299.55,1410,1593,95,79,73879,53
2026/07/20 12:48:07.530,0,GPU-e2681f6e-8d94-2d66-484f-43ea602335f9,302.32,1410,1593,94,79,73879,54
2026/07/20 12:48:07.780,0,GPU-e2681f6e-8d94-2d66-484f-43ea602335f9,212.56,1410,1593,94,79,73879,57
2026/07/20 12:48:08.030,0,GPU-e2681f6e-8d94-2d66-484f-43ea602335f9,302.00,1410,1593,95,75,73879,56
2026/07/20 12:48:08.280,0,GPU-e2681f6e-8d94-2d66-484f-43ea602335f9,291.99,1410,1593,95,77,73879,55
2026/07/20 12:48:08.530,0,GPU-e2681f6e-8d94-2d66-484f-43ea602335f9,292.59,1410,1593,95,77,73879,54
2026/07/20 12:48:08.780,0,GPU-e2681f6e-8d94-2d66-484f-43ea602335f9,242.65,1410,1593,94,77,73879,53
2026/07/20 12:48:09.030,0,GPU-e2681f6e-8d94-2d66-484f-43ea602335f9,254.72,1410,1593,58,47,73879,53
2026/07/20 12:48:09.281,0,GPU-e2681f6e-8d94-2d66-484f-43ea602335f9,285.63,1410,1593,94,77,73879,54
2026/07/20 12:48:09.531,0,GPU-e2681f6e-8d94-2d66-484f-43ea602335f9,299.28,1410,1593,87,72,73879,54
2026/07/20 12:48:09.781,0,GPU-e2681f6e-8d94-2d66-484f-43ea602335f9,406.84,1410,1593,94,78,73879,54
2026/07/20 12:48:10.031,0,GPU-e2681f6e-8d94-2d66-484f-43ea602335f9,289.27,1410,1593,92,67,73879,54
2026/07/20 12:48:10.281,0,GPU-e2681f6e-8d94-2d66-484f-43ea602335f9,290.20,1410,1593,94,77,73879,54
2026/07/20 12:48:10.531,0,GPU-e2681f6e-8d94-2d66-484f-43ea602335f9,292.59,1410,1593,94,77,73879,54
2026/07/20 12:48:10.781,0,GPU-e2681f6e-8d94-2d66-484f-43ea602335f9,286.88,1410,1593,95,77,73879,54
2026/07/20 12:48:11.031,0,GPU-e2681f6e-8d94-2d66-484f-43ea602335f9,290.47,1410,1593,95,77,73879,54
2026/07/20 12:48:11.281,0,GPU-e2681f6e-8d94-2d66-484f-43ea602335f9,293.52,1410,1593,95,77,73879,54
2026/07/20 12:48:11.531,0,GPU-e2681f6e-8d94-2d66-484f-43ea602335f9,299.55,1410,1593,95,77,73879,54
2026/07/20 12:48:11.781,0,GPU-e2681f6e-8d94-2d66-484f-43ea602335f9,298.69,1410,1593,94,79,73879,54
2026/07/20 12:48:12.031,0,GPU-e2681f6e-8d94-2d66-484f-43ea602335f9,297.76,1410,1593,94,79,73879,54
2026/07/20 12:48:12.282,0,GPU-e2681f6e-8d94-2d66-484f-43ea602335f9,306.53,1410,1593,94,79,73879,55
2026/07/20 12:48:12.532,0,GPU-e2681f6e-8d94-2d66-484f-43ea602335f9,303.80,1410,1593,94,79,73879,55
2026/07/20 12:48:12.782,0,GPU-e2681f6e-8d94-2d66-484f-43ea602335f9,453.00,1410,1593,94,79,73879,55
2026/07/20 12:48:13.032,0,GPU-e2681f6e-8d94-2d66-484f-43ea602335f9,295.04,1410,1593,95,69,73879,55
2026/07/20 12:48:13.282,0,GPU-e2681f6e-8d94-2d66-484f-43ea602335f9,290.20,1410,1593,95,77,73879,54
2026/07/20 12:48:13.532,0,GPU-e2681f6e-8d94-2d66-484f-43ea602335f9,293.25,1410,1593,94,77,73879,54
2026/07/20 12:48:13.782,0,GPU-e2681f6e-8d94-2d66-484f-43ea602335f9,287.75,1410,1593,95,78,73879,51
2026/07/20 12:48:14.032,0,GPU-e2681f6e-8d94-2d66-484f-43ea602335f9,165.06,1410,1593,66,54,73879,51
2026/07/20 12:48:14.282,0,GPU-e2681f6e-8d94-2d66-484f-43ea602335f9,291.69,1410,1593,58,47,73879,54
2026/07/20 12:48:14.532,0,GPU-e2681f6e-8d94-2d66-484f-43ea602335f9,300.21,1410,1593,94,78,73879,54
2026/07/20 12:48:14.782,0,GPU-e2681f6e-8d94-2d66-484f-43ea602335f9,296.52,1410,1593,94,79,73879,58
2026/07/20 12:48:15.032,0,GPU-e2681f6e-8d94-2d66-484f-43ea602335f9,287.75,1410,1593,95,69,73879,55
2026/07/20 12:48:15.283,0,GPU-e2681f6e-8d94-2d66-484f-43ea602335f9,301.69,1410,1593,94,79,73879,55
2026/07/20 12:48:15.533,0,GPU-e2681f6e-8d94-2d66-484f-43ea602335f9,301.68,1410,1593,94,79,73879,55
2026/07/20 12:48:15.783,0,GPU-e2681f6e-8d94-2d66-484f-43ea602335f9,303.52,1410,1593,94,79,73879,55
2026/07/20 12:48:16.033,0,GPU-e2681f6e-8d94-2d66-484f-43ea602335f9,294.45,1410,1593,95,70,73879,55
2026/07/20 12:48:16.283,0,GPU-e2681f6e-8d94-2d66-484f-43ea602335f9,207.39,1410,1593,94,78,73879,55
2026/07/20 12:48:16.533,0,GPU-e2681f6e-8d94-2d66-484f-43ea602335f9,299.59,1410,1593,88,74,73879,55
2026/07/20 12:48:16.783,0,GPU-e2681f6e-8d94-2d66-484f-43ea602335f9,94.27,1410,1593,52,44,73879,57
2026/07/20 12:48:17.033,0,GPU-e2681f6e-8d94-2d66-484f-43ea602335f9,301.68,1410,1593,79,54,73879,54
2026/07/20 12:48:17.283,0,GPU-e2681f6e-8d94-2d66-484f-43ea602335f9,301.08,1410,1593,94,79,73879,55
2026/07/20 12:48:17.533,0,GPU-e2681f6e-8d94-2d66-484f-43ea602335f9,299.28,1410,1593,94,79,73879,55
2026/07/20 12:48:17.783,0,GPU-e2681f6e-8d94-2d66-484f-43ea602335f9,302.00,1410,1593,94,79,73879,55
2026/07/20 12:48:18.033,0,GPU-e2681f6e-8d94-2d66-484f-43ea602335f9,303.52,1410,1593,94,79,73879,55
2026/07/20 12:48:18.284,0,GPU-e2681f6e-8d94-2d66-484f-43ea602335f9,299.28,1410,1593,94,79,73879,55
2026/07/20 12:48:18.534,0,GPU-e2681f6e-8d94-2d66-484f-43ea602335f9,302.33,1410,1593,95,79,73879,55
2026/07/20 12:48:18.784,0,GPU-e2681f6e-8d94-2d66-484f-43ea602335f9,299.55,1410,1593,94,79,73879,57
2026/07/20 12:48:19.034,0,GPU-e2681f6e-8d94-2d66-484f-43ea602335f9,304.72,1410,1593,94,79,73879,53
2026/07/20 12:48:19.284,0,GPU-e2681f6e-8d94-2d66-484f-43ea602335f9,286.88,1410,1593,80,65,73879,54
2026/07/20 12:48:19.534,0,GPU-e2681f6e-8d94-2d66-484f-43ea602335f9,290.77,1410,1593,95,77,73879,54
2026/07/20 12:48:19.784,0,GPU-e2681f6e-8d94-2d66-484f-43ea602335f9,289.57,1410,1593,94,77,73879,54
2026/07/20 12:48:20.034,0,GPU-e2681f6e-8d94-2d66-484f-43ea602335f9,296.24,1410,1593,87,71,73879,54
2026/07/20 12:48:20.284,0,GPU-e2681f6e-8d94-2d66-484f-43ea602335f9,298.39,1410,1593,94,79,73879,55
2026/07/20 12:48:20.534,0,GPU-e2681f6e-8d94-2d66-484f-43ea602335f9,296.83,1410,1593,94,79,73879,55
2026/07/20 12:48:20.784,0,GPU-e2681f6e-8d94-2d66-484f-43ea602335f9,304.45,1410,1593,94,79,73879,55
2026/07/20 12:48:21.035,0,GPU-e2681f6e-8d94-2d66-484f-43ea602335f9,300.48,1410,1593,94,79,73879,55
2026/07/20 12:48:21.285,0,GPU-e2681f6e-8d94-2d66-484f-43ea602335f9,297.49,1410,1593,94,79,73879,55
2026/07/20 12:48:21.535,0,GPU-e2681f6e-8d94-2d66-484f-43ea602335f9,298.96,1410,1593,94,79,73879,55
2026/07/20 12:48:21.785,0,GPU-e2681f6e-8d94-2d66-484f-43ea602335f9,287.15,1410,1593,94,79,73879,58
2026/07/20 12:48:22.035,0,GPU-e2681f6e-8d94-2d66-484f-43ea602335f9,301.08,1410,1593,82,59,73879,55
2026/07/20 12:48:22.285,0,GPU-e2681f6e-8d94-2d66-484f-43ea602335f9,303.20,1410,1593,94,79,73879,55
2026/07/20 12:48:22.535,0,GPU-e2681f6e-8d94-2d66-484f-43ea602335f9,303.20,1410,1593,94,79,73879,55
2026/07/20 12:48:22.785,0,GPU-e2681f6e-8d94-2d66-484f-43ea602335f9,304.13,1410,1593,95,79,73879,55
2026/07/20 12:48:23.035,0,GPU-e2681f6e-8d94-2d66-484f-43ea602335f9,301.99,1410,1593,94,79,73879,55
2026/07/20 12:48:23.285,0,GPU-e2681f6e-8d94-2d66-484f-43ea602335f9,302.33,1410,1593,94,79,73879,55
2026/07/20 12:48:23.535,0,GPU-e2681f6e-8d94-2d66-484f-43ea602335f9,301.08,1410,1593,94,79,73879,55
2026/07/20 12:48:23.786,0,GPU-e2681f6e-8d94-2d66-484f-43ea602335f9,298.96,1410,1593,91,76,73879,56
2026/07/20 12:48:24.036,0,GPU-e2681f6e-8d94-2d66-484f-43ea602335f9,274.11,1410,1593,95,70,73879,55
2026/07/20 12:48:24.286,0,GPU-e2681f6e-8d94-2d66-484f-43ea602335f9,297.14,1410,1593,85,70,73879,55
2026/07/20 12:48:24.536,0,GPU-e2681f6e-8d94-2d66-484f-43ea602335f9,306.58,1410,1593,94,79,73879,55
2026/07/20 12:48:24.786,0,GPU-e2681f6e-8d94-2d66-484f-43ea602335f9,298.39,1410,1593,94,79,73879,55
2026/07/20 12:48:25.036,0,GPU-e2681f6e-8d94-2d66-484f-43ea602335f9,308.36,1410,1593,94,79,73879,55
2026/07/20 12:48:25.286,0,GPU-e2681f6e-8d94-2d66-484f-43ea602335f9,160.71,1410,1593,95,79,73879,55
2026/07/20 12:48:25.536,0,GPU-e2681f6e-8d94-2d66-484f-43ea602335f9,94.60,1410,1593,0,0,73879,49
2026/07/20 12:48:25.786,0,GPU-e2681f6e-8d94-2d66-484f-43ea602335f9,93.68,1410,1593,8,3,73879,52
2026/07/20 12:48:26.036,0,GPU-e2681f6e-8d94-2d66-484f-43ea602335f9,299.89,1410,1593,95,74,73879,53
2026/07/20 12:48:26.286,0,GPU-e2681f6e-8d94-2d66-484f-43ea602335f9,295.95,1410,1593,94,79,73879,54
2026/07/20 12:48:26.537,0,GPU-e2681f6e-8d94-2d66-484f-43ea602335f9,301.68,1410,1593,94,79,73879,54
2026/07/20 12:48:26.787,0,GPU-e2681f6e-8d94-2d66-484f-43ea602335f9,426.97,1410,1593,92,73,73879,57
2026/07/20 12:48:27.037,0,GPU-e2681f6e-8d94-2d66-484f-43ea602335f9,289.87,1410,1593,95,73,73879,55
2026/07/20 12:48:27.287,0,GPU-e2681f6e-8d94-2d66-484f-43ea602335f9,292.62,1410,1593,95,78,73879,55
2026/07/20 12:48:27.537,0,GPU-e2681f6e-8d94-2d66-484f-43ea602335f9,302.93,1410,1593,92,77,73879,55
2026/07/20 12:48:27.787,0,GPU-e2681f6e-8d94-2d66-484f-43ea602335f9,301.72,1410,1593,95,79,73879,55
2026/07/20 12:48:28.037,0,GPU-e2681f6e-8d94-2d66-484f-43ea602335f9,302.33,1410,1593,94,79,73879,55
2026/07/20 12:48:28.287,0,GPU-e2681f6e-8d94-2d66-484f-43ea602335f9,94.60,1410,1593,63,53,73879,50
2026/07/20 12:48:28.537,0,GPU-e2681f6e-8d94-2d66-484f-43ea602335f9,93.40,1410,1593,0,0,73879,48
2026/07/20 12:48:28.787,0,GPU-e2681f6e-8d94-2d66-484f-43ea602335f9,430.13,1410,1593,16,7,73879,47
2026/07/20 12:48:29.037,0,GPU-e2681f6e-8d94-2d66-484f-43ea602335f9,302.32,1410,1593,95,77,73879,53
2026/07/20 12:48:29.287,0,GPU-e2681f6e-8d94-2d66-484f-43ea602335f9,305.97,1410,1593,94,79,73879,53
2026/07/20 12:48:29.538,0,GPU-e2681f6e-8d94-2d66-484f-43ea602335f9,302.92,1410,1593,94,79,73879,54
2026/07/20 12:48:29.788,0,GPU-e2681f6e-8d94-2d66-484f-43ea602335f9,302.33,1410,1593,94,79,73879,57
2026/07/20 12:48:30.038,0,GPU-e2681f6e-8d94-2d66-484f-43ea602335f9,292.03,1410,1593,92,71,73879,54
2026/07/20 12:48:30.288,0,GPU-e2681f6e-8d94-2d66-484f-43ea602335f9,291.42,1410,1593,94,78,73879,54
2026/07/20 12:48:30.538,0,GPU-e2681f6e-8d94-2d66-484f-43ea602335f9,291.69,1410,1593,95,78,73879,54
2026/07/20 12:48:30.788,0,GPU-e2681f6e-8d94-2d66-484f-43ea602335f9,306.56,1410,1593,86,62,73879,54
2026/07/20 12:48:31.038,0,GPU-e2681f6e-8d94-2d66-484f-43ea602335f9,300.52,1410,1593,88,74,73879,55
2026/07/20 12:48:31.288,0,GPU-e2681f6e-8d94-2d66-484f-43ea602335f9,301.08,1410,1593,94,79,73879,55
2026/07/20 12:48:31.538,0,GPU-e2681f6e-8d94-2d66-484f-43ea602335f9,298.08,1410,1593,95,79,73879,55
2026/07/20 12:48:31.788,0,GPU-e2681f6e-8d94-2d66-484f-43ea602335f9,295.95,1410,1593,94,79,73879,55
2026/07/20 12:48:32.038,0,GPU-e2681f6e-8d94-2d66-484f-43ea602335f9,299.27,1410,1593,94,79,73879,55
2026/07/20 12:48:32.289,0,GPU-e2681f6e-8d94-2d66-484f-43ea602335f9,297.14,1410,1593,94,79,73879,55
2026/07/20 12:48:32.539,0,GPU-e2681f6e-8d94-2d66-484f-43ea602335f9,299.00,1410,1593,94,79,73879,55
2026/07/20 12:48:32.789,0,GPU-e2681f6e-8d94-2d66-484f-43ea602335f9,297.17,1410,1593,94,79,73879,52
2026/07/20 12:48:33.039,0,GPU-e2681f6e-8d94-2d66-484f-43ea602335f9,94.37,1410,1593,0,0,73879,49
2026/07/20 12:48:33.289,0,GPU-e2681f6e-8d94-2d66-484f-43ea602335f9,94.10,1410,1593,0,0,73879,48
2026/07/20 12:48:33.539,0,GPU-e2681f6e-8d94-2d66-484f-43ea602335f9,92.15,1410,1593,0,0,73879,47
2026/07/20 12:48:33.789,0,GPU-e2681f6e-8d94-2d66-484f-43ea602335f9,310.82,1410,1593,0,0,73879,51
2026/07/20 12:48:34.039,0,GPU-e2681f6e-8d94-2d66-484f-43ea602335f9,299.27,1410,1593,94,79,73879,52
2026/07/20 12:48:34.289,0,GPU-e2681f6e-8d94-2d66-484f-43ea602335f9,297.14,1410,1593,94,79,73879,53
2026/07/20 12:48:34.539,0,GPU-e2681f6e-8d94-2d66-484f-43ea602335f9,298.36,1410,1593,94,78,73879,53
2026/07/20 12:48:34.789,0,GPU-e2681f6e-8d94-2d66-484f-43ea602335f9,295.36,1410,1593,94,79,73879,54
2026/07/20 12:48:35.039,0,GPU-e2681f6e-8d94-2d66-484f-43ea602335f9,302.93,1410,1593,94,78,73879,54
2026/07/20 12:48:35.289,0,GPU-e2681f6e-8d94-2d66-484f-43ea602335f9,295.64,1410,1593,94,78,73879,54
2026/07/20 12:48:35.540,0,GPU-e2681f6e-8d94-2d66-484f-43ea602335f9,298.07,1410,1593,94,79,73879,54
2026/07/20 12:48:35.790,0,GPU-e2681f6e-8d94-2d66-484f-43ea602335f9,306.85,1410,1593,94,79,73879,56
2026/07/20 12:48:36.040,0,GPU-e2681f6e-8d94-2d66-484f-43ea602335f9,286.88,1410,1593,69,57,73879,54
2026/07/20 12:48:36.290,0,GPU-e2681f6e-8d94-2d66-484f-43ea602335f9,295.36,1410,1593,94,77,73879,54
2026/07/20 12:48:36.540,0,GPU-e2681f6e-8d94-2d66-484f-43ea602335f9,275.02,1410,1593,86,71,73879,54
2026/07/20 12:48:36.790,0,GPU-e2681f6e-8d94-2d66-484f-43ea602335f9,302.00,1410,1593,94,79,73879,54
2026/07/20 12:48:37.040,0,GPU-e2681f6e-8d94-2d66-484f-43ea602335f9,308.37,1410,1593,88,73,73879,53
2026/07/20 12:48:37.290,0,GPU-e2681f6e-8d94-2d66-484f-43ea602335f9,302.93,1410,1593,95,79,73879,54
2026/07/20 12:48:37.540,0,GPU-e2681f6e-8d94-2d66-484f-43ea602335f9,300.21,1410,1593,94,79,73879,54
2026/07/20 12:48:37.790,0,GPU-e2681f6e-8d94-2d66-484f-43ea602335f9,238.32,1410,1593,94,79,73879,58
2026/07/20 12:48:38.040,0,GPU-e2681f6e-8d94-2d66-484f-43ea602335f9,289.00,1410,1593,92,68,73879,54
2026/07/20 12:48:38.290,0,GPU-e2681f6e-8d94-2d66-484f-43ea602335f9,303.80,1410,1593,94,79,73879,54
2026/07/20 12:48:38.541,0,GPU-e2681f6e-8d94-2d66-484f-43ea602335f9,301.08,1410,1593,94,79,73879,54
2026/07/20 12:48:38.791,0,GPU-e2681f6e-8d94-2d66-484f-43ea602335f9,303.20,1410,1593,94,79,73879,54
2026/07/20 12:48:39.041,0,GPU-e2681f6e-8d94-2d66-484f-43ea602335f9,95.20,1410,1593,94,79,73879,50
2026/07/20 12:48:39.291,0,GPU-e2681f6e-8d94-2d66-484f-43ea602335f9,93.50,1410,1593,16,13,73879,48
2026/07/20 12:48:39.541,0,GPU-e2681f6e-8d94-2d66-484f-43ea602335f9,92.57,1410,1593,0,0,73879,47
2026/07/20 12:48:39.791,0,GPU-e2681f6e-8d94-2d66-484f-43ea602335f9,92.25,1410,1593,0,0,73879,51
2026/07/20 12:48:40.041,0,GPU-e2681f6e-8d94-2d66-484f-43ea602335f9,292.89,1410,1593,94,79,73879,52
2026/07/20 12:48:40.291,0,GPU-e2681f6e-8d94-2d66-484f-43ea602335f9,299.59,1410,1593,95,79,73879,53
2026/07/20 12:48:40.541,0,GPU-e2681f6e-8d94-2d66-484f-43ea602335f9,302.00,1410,1593,94,79,73879,53
2026/07/20 12:48:40.791,0,GPU-e2681f6e-8d94-2d66-484f-43ea602335f9,300.20,1410,1593,94,79,73879,54
2026/07/20 12:48:41.041,0,GPU-e2681f6e-8d94-2d66-484f-43ea602335f9,103.20,1410,1593,94,79,73879,52
2026/07/20 12:48:41.292,0,GPU-e2681f6e-8d94-2d66-484f-43ea602335f9,298.39,1410,1593,94,79,73879,53
2026/07/20 12:48:41.542,0,GPU-e2681f6e-8d94-2d66-484f-43ea602335f9,295.95,1410,1593,94,79,73879,54
2026/07/20 12:48:41.792,0,GPU-e2681f6e-8d94-2d66-484f-43ea602335f9,442.59,1410,1593,94,79,73879,54
2026/07/20 12:48:42.042,0,GPU-e2681f6e-8d94-2d66-484f-43ea602335f9,290.77,1410,1593,95,70,73879,53
2026/07/20 12:48:42.292,0,GPU-e2681f6e-8d94-2d66-484f-43ea602335f9,286.53,1410,1593,94,78,73879,54
2026/07/20 12:48:42.542,0,GPU-e2681f6e-8d94-2d66-484f-43ea602335f9,293.23,1410,1593,95,78,73879,54
2026/07/20 12:48:42.792,0,GPU-e2681f6e-8d94-2d66-484f-43ea602335f9,288.05,1410,1593,94,77,73879,54
2026/07/20 12:48:43.042,0,GPU-e2681f6e-8d94-2d66-484f-43ea602335f9,292.03,1410,1593,94,77,73879,54
2026/07/20 12:48:43.292,0,GPU-e2681f6e-8d94-2d66-484f-43ea602335f9,286.25,1410,1593,94,77,73879,54
2026/07/20 12:48:43.542,0,GPU-e2681f6e-8d94-2d66-484f-43ea602335f9,289.90,1410,1593,95,77,73879,54
2026/07/20 12:48:43.792,0,GPU-e2681f6e-8d94-2d66-484f-43ea602335f9,395.90,1410,1593,76,63,73879,51
2026/07/20 12:48:44.043,0,GPU-e2681f6e-8d94-2d66-484f-43ea602335f9,295.67,1410,1593,65,45,73879,54
2026/07/20 12:48:44.293,0,GPU-e2681f6e-8d94-2d66-484f-43ea602335f9,299.00,1410,1593,94,79,73879,54
2026/07/20 12:48:44.543,0,GPU-e2681f6e-8d94-2d66-484f-43ea602335f9,296.56,1410,1593,94,79,73879,54
2026/07/20 12:48:44.793,0,GPU-e2681f6e-8d94-2d66-484f-43ea602335f9,94.70,1410,1593,61,51,73879,55
2026/07/20 12:48:45.043,0,GPU-e2681f6e-8d94-2d66-484f-43ea602335f9,303.51,1410,1593,67,47,73879,54
2026/07/20 12:48:45.293,0,GPU-e2681f6e-8d94-2d66-484f-43ea602335f9,302.61,1410,1593,94,79,73879,54
2026/07/20 12:48:45.543,0,GPU-e2681f6e-8d94-2d66-484f-43ea602335f9,299.00,1410,1593,94,79,73879,54
2026/07/20 12:48:45.793,0,GPU-e2681f6e-8d94-2d66-484f-43ea602335f9,302.61,1410,1593,94,79,73879,54
2026/07/20 12:48:46.043,0,GPU-e2681f6e-8d94-2d66-484f-43ea602335f9,296.83,1410,1593,94,79,73879,54
2026/07/20 12:48:46.293,0,GPU-e2681f6e-8d94-2d66-484f-43ea602335f9,302.33,1410,1593,95,79,73879,54
2026/07/20 12:48:46.543,0,GPU-e2681f6e-8d94-2d66-484f-43ea602335f9,303.20,1410,1593,94,79,73879,54
2026/07/20 12:48:46.794,0,GPU-e2681f6e-8d94-2d66-484f-43ea602335f9,302.00,1410,1593,94,79,73879,60
2026/07/20 12:48:47.044,0,GPU-e2681f6e-8d94-2d66-484f-43ea602335f9,296.56,1410,1593,93,50,73879,56
2026/07/20 12:48:47.294,0,GPU-e2681f6e-8d94-2d66-484f-43ea602335f9,264.14,1410,1593,88,72,73879,55
2026/07/20 12:48:47.544,0,GPU-e2681f6e-8d94-2d66-484f-43ea602335f9,292.92,1410,1593,95,77,73879,54
2026/07/20 12:48:47.794,0,GPU-e2681f6e-8d94-2d66-484f-43ea602335f9,287.75,1410,1593,94,77,73879,54
2026/07/20 12:48:48.044,0,GPU-e2681f6e-8d94-2d66-484f-43ea602335f9,291.12,1410,1593,95,77,73879,54
2026/07/20 12:48:48.294,0,GPU-e2681f6e-8d94-2d66-484f-43ea602335f9,293.25,1410,1593,95,77,73879,54
2026/07/20 12:48:48.544,0,GPU-e2681f6e-8d94-2d66-484f-43ea602335f9,252.93,1410,1593,94,77,73879,54
2026/07/20 12:48:48.794,0,GPU-e2681f6e-8d94-2d66-484f-43ea602335f9,301.41,1410,1593,92,77,73879,57
2026/07/20 12:48:49.044,0,GPU-e2681f6e-8d94-2d66-484f-43ea602335f9,288.37,1410,1593,94,68,73879,55
2026/07/20 12:48:49.294,0,GPU-e2681f6e-8d94-2d66-484f-43ea602335f9,289.00,1410,1593,94,77,73879,54
2026/07/20 12:48:49.545,0,GPU-e2681f6e-8d94-2d66-484f-43ea602335f9,292.32,1410,1593,95,77,73879,54
2026/07/20 12:48:49.795,0,GPU-e2681f6e-8d94-2d66-484f-43ea602335f9,293.52,1410,1593,95,77,73879,54
2026/07/20 12:48:50.045,0,GPU-e2681f6e-8d94-2d66-484f-43ea602335f9,288.37,1410,1593,94,77,73879,54
2026/07/20 12:48:50.295,0,GPU-e2681f6e-8d94-2d66-484f-43ea602335f9,291.09,1410,1593,95,77,73879,54
2026/07/20 12:48:50.545,0,GPU-e2681f6e-8d94-2d66-484f-43ea602335f9,292.29,1410,1593,95,77,73879,54
2026/07/20 12:48:50.795,0,GPU-e2681f6e-8d94-2d66-484f-43ea602335f9,293.81,1410,1593,94,77,73879,54
2026/07/20 12:48:51.045,0,GPU-e2681f6e-8d94-2d66-484f-43ea602335f9,272.35,1410,1593,89,64,73879,55
2026/07/20 12:48:51.295,0,GPU-e2681f6e-8d94-2d66-484f-43ea602335f9,304.41,1410,1593,94,79,73879,55
2026/07/20 12:48:51.545,0,GPU-e2681f6e-8d94-2d66-484f-43ea602335f9,303.20,1410,1593,95,79,73879,55
2026/07/20 12:48:51.795,0,GPU-e2681f6e-8d94-2d66-484f-43ea602335f9,307.77,1410,1593,94,79,73879,57
2026/07/20 12:48:52.045,0,GPU-e2681f6e-8d94-2d66-484f-43ea602335f9,307.77,1410,1593,94,79,73879,56
2026/07/20 12:48:52.295,0,GPU-e2681f6e-8d94-2d66-484f-43ea602335f9,294.11,1410,1593,94,78,73879,55
2026/07/20 12:48:52.546,0,GPU-e2681f6e-8d94-2d66-484f-43ea602335f9,289.87,1410,1593,95,78,73879,54
2026/07/20 12:48:52.796,0,GPU-e2681f6e-8d94-2d66-484f-43ea602335f9,215.40,1410,1593,91,76,73879,54
2026/07/20 12:48:53.046,0,GPU-e2681f6e-8d94-2d66-484f-43ea602335f9,301.08,1410,1593,88,64,73879,55
2026/07/20 12:48:53.296,0,GPU-e2681f6e-8d94-2d66-484f-43ea602335f9,303.20,1410,1593,95,79,73879,55
2026/07/20 12:48:53.546,0,GPU-e2681f6e-8d94-2d66-484f-43ea602335f9,300.80,1410,1593,94,79,73879,55
2026/07/20 12:48:53.796,0,GPU-e2681f6e-8d94-2d66-484f-43ea602335f9,298.97,1410,1593,94,79,73879,55
2026/07/20 12:48:54.046,0,GPU-e2681f6e-8d94-2d66-484f-43ea602335f9,93.58,1410,1593,25,21,73879,50
2026/07/20 12:48:54.296,0,GPU-e2681f6e-8d94-2d66-484f-43ea602335f9,92.98,1410,1593,0,0,73879,48
2026/07/20 12:48:54.546,0,GPU-e2681f6e-8d94-2d66-484f-43ea602335f9,92.65,1410,1593,0,0,73879,47
2026/07/20 12:48:54.796,0,GPU-e2681f6e-8d94-2d66-484f-43ea602335f9,338.67,1410,1593,0,0,73879,46
2026/07/20 12:48:55.046,0,GPU-e2681f6e-8d94-2d66-484f-43ea602335f9,299.59,1410,1593,95,71,73879,52
2026/07/20 12:48:55.297,0,GPU-e2681f6e-8d94-2d66-484f-43ea602335f9,301.72,1410,1593,94,79,73879,53
2026/07/20 12:48:55.547,0,GPU-e2681f6e-8d94-2d66-484f-43ea602335f9,299.00,1410,1593,94,79,73879,54
2026/07/20 12:48:55.797,0,GPU-e2681f6e-8d94-2d66-484f-43ea602335f9,273.83,1410,1593,60,47,73879,56
2026/07/20 12:48:56.047,0,GPU-e2681f6e-8d94-2d66-484f-43ea602335f9,303.51,1410,1593,95,74,73879,54
2026/07/20 12:48:56.297,0,GPU-e2681f6e-8d94-2d66-484f-43ea602335f9,305.65,1410,1593,94,79,73879,54
2026/07/20 12:48:56.547,0,GPU-e2681f6e-8d94-2d66-484f-43ea602335f9,295.95,1410,1593,95,79,73879,54
2026/07/20 12:48:56.797,0,GPU-e2681f6e-8d94-2d66-484f-43ea602335f9,307.17,1410,1593,94,79,73879,54
2026/07/20 12:48:57.047,0,GPU-e2681f6e-8d94-2d66-484f-43ea602335f9,94.00,1410,1593,86,72,73879,51
2026/07/20 12:48:57.297,0,GPU-e2681f6e-8d94-2d66-484f-43ea602335f9,93.17,1410,1593,0,0,73879,48
2026/07/20 12:48:57.547,0,GPU-e2681f6e-8d94-2d66-484f-43ea602335f9,91.97,1410,1593,0,0,73879,47
2026/07/20 12:48:57.797,0,GPU-e2681f6e-8d94-2d66-484f-43ea602335f9,91.64,1410,1593,10,4,73879,51
2026/07/20 12:48:58.047,0,GPU-e2681f6e-8d94-2d66-484f-43ea602335f9,293.82,1410,1593,95,75,73879,52
2026/07/20 12:48:58.298,0,GPU-e2681f6e-8d94-2d66-484f-43ea602335f9,294.15,1410,1593,94,79,73879,53
2026/07/20 12:48:58.548,0,GPU-e2681f6e-8d94-2d66-484f-43ea602335f9,297.76,1410,1593,94,79,73879,53
2026/07/20 12:48:58.798,0,GPU-e2681f6e-8d94-2d66-484f-43ea602335f9,296.54,1410,1593,93,71,73879,57
2026/07/20 12:48:59.048,0,GPU-e2681f6e-8d94-2d66-484f-43ea602335f9,301.72,1410,1593,91,74,73879,54
2026/07/20 12:48:59.298,0,GPU-e2681f6e-8d94-2d66-484f-43ea602335f9,299.27,1410,1593,94,79,73879,54
2026/07/20 12:48:59.548,0,GPU-e2681f6e-8d94-2d66-484f-43ea602335f9,302.00,1410,1593,95,79,73879,54
2026/07/20 12:48:59.798,0,GPU-e2681f6e-8d94-2d66-484f-43ea602335f9,94.00,1410,1593,18,15,73879,50
2026/07/20 12:49:00.048,0,GPU-e2681f6e-8d94-2d66-484f-43ea602335f9,92.84,1410,1593,0,0,73879,47
2026/07/20 12:49:00.298,0,GPU-e2681f6e-8d94-2d66-484f-43ea602335f9,91.37,1410,1593,0,0,73879,47
2026/07/20 12:49:00.548,0,GPU-e2681f6e-8d94-2d66-484f-43ea602335f9,91.37,1410,1593,0,0,73879,46
2026/07/20 12:49:00.798,0,GPU-e2681f6e-8d94-2d66-484f-43ea602335f9,331.38,1410,1593,0,0,73879,50
2026/07/20 12:49:01.049,0,GPU-e2681f6e-8d94-2d66-484f-43ea602335f9,292.03,1410,1593,95,79,73879,51
2026/07/20 12:49:01.299,0,GPU-e2681f6e-8d94-2d66-484f-43ea602335f9,299.27,1410,1593,94,79,73879,52
2026/07/20 12:49:01.549,0,GPU-e2681f6e-8d94-2d66-484f-43ea602335f9,293.55,1410,1593,94,79,73879,52
2026/07/20 12:49:01.799,0,GPU-e2681f6e-8d94-2d66-484f-43ea602335f9,294.71,1410,1593,94,79,73879,56
2026/07/20 12:49:02.049,0,GPU-e2681f6e-8d94-2d66-484f-43ea602335f9,297.80,1410,1593,81,68,73879,53
2026/07/20 12:49:02.299,0,GPU-e2681f6e-8d94-2d66-484f-43ea602335f9,301.68,1410,1593,94,79,73879,53
2026/07/20 12:49:02.549,0,GPU-e2681f6e-8d94-2d66-484f-43ea602335f9,299.28,1410,1593,94,79,73879,53
2026/07/20 12:49:02.799,0,GPU-e2681f6e-8d94-2d66-484f-43ea602335f9,296.24,1410,1593,94,79,73879,53
2026/07/20 12:49:03.049,0,GPU-e2681f6e-8d94-2d66-484f-43ea602335f9,93.77,1410,1593,94,79,73879,49
2026/07/20 12:49:03.299,0,GPU-e2681f6e-8d94-2d66-484f-43ea602335f9,92.84,1410,1593,0,0,73879,47
2026/07/20 12:49:03.549,0,GPU-e2681f6e-8d94-2d66-484f-43ea602335f9,91.97,1410,1593,0,0,73879,46
2026/07/20 12:49:03.800,0,GPU-e2681f6e-8d94-2d66-484f-43ea602335f9,91.55,1410,1593,35,20,73879,51
2026/07/20 12:49:04.050,0,GPU-e2681f6e-8d94-2d66-484f-43ea602335f9,294.11,1410,1593,94,79,73879,51
2026/07/20 12:49:04.300,0,GPU-e2681f6e-8d94-2d66-484f-43ea602335f9,296.83,1410,1593,94,79,73879,52
2026/07/20 12:49:04.550,0,GPU-e2681f6e-8d94-2d66-484f-43ea602335f9,300.80,1410,1593,94,79,73879,53
2026/07/20 12:49:04.800,0,GPU-e2681f6e-8d94-2d66-484f-43ea602335f9,298.36,1410,1593,94,79,73879,53
2026/07/20 12:49:05.050,0,GPU-e2681f6e-8d94-2d66-484f-43ea602335f9,301.41,1410,1593,94,79,73879,53
2026/07/20 12:49:05.300,0,GPU-e2681f6e-8d94-2d66-484f-43ea602335f9,298.96,1410,1593,94,79,73879,53
2026/07/20 12:49:05.550,0,GPU-e2681f6e-8d94-2d66-484f-43ea602335f9,301.68,1410,1593,95,79,73879,53
2026/07/20 12:49:05.800,0,GPU-e2681f6e-8d94-2d66-484f-43ea602335f9,299.28,1410,1593,94,79,73879,57
2026/07/20 12:49:06.050,0,GPU-e2681f6e-8d94-2d66-484f-43ea602335f9,297.49,1410,1593,95,70,73879,54
2026/07/20 12:49:06.300,0,GPU-e2681f6e-8d94-2d66-484f-43ea602335f9,299.55,1410,1593,94,79,73879,54
2026/07/20 12:49:06.551,0,GPU-e2681f6e-8d94-2d66-484f-43ea602335f9,296.83,1410,1593,94,79,73879,54
2026/07/20 12:49:06.801,0,GPU-e2681f6e-8d94-2d66-484f-43ea602335f9,325.62,1410,1593,94,79,73879,57
2026/07/20 12:49:07.051,0,GPU-e2681f6e-8d94-2d66-484f-43ea602335f9,300.80,1410,1593,94,78,73879,54
2026/07/20 12:49:07.301,0,GPU-e2681f6e-8d94-2d66-484f-43ea602335f9,303.49,1410,1593,95,79,73879,54
2026/07/20 12:49:07.551,0,GPU-e2681f6e-8d94-2d66-484f-43ea602335f9,301.08,1410,1593,94,79,73879,54
2026/07/20 12:49:07.801,0,GPU-e2681f6e-8d94-2d66-484f-43ea602335f9,337.47,1410,1593,85,71,73879,55
2026/07/20 12:49:08.051,0,GPU-e2681f6e-8d94-2d66-484f-43ea602335f9,301.72,1410,1593,94,79,73879,54
2026/07/20 12:49:08.301,0,GPU-e2681f6e-8d94-2d66-484f-43ea602335f9,301.99,1410,1593,94,79,73879,54
2026/07/20 12:49:08.551,0,GPU-e2681f6e-8d94-2d66-484f-43ea602335f9,303.52,1410,1593,94,79,73879,54
2026/07/20 12:49:08.801,0,GPU-e2681f6e-8d94-2d66-484f-43ea602335f9,301.39,1410,1593,95,79,73879,54
2026/07/20 12:49:09.051,0,GPU-e2681f6e-8d94-2d66-484f-43ea602335f9,300.79,1410,1593,94,79,73879,54
2026/07/20 12:49:09.302,0,GPU-e2681f6e-8d94-2d66-484f-43ea602335f9,301.08,1410,1593,94,79,73879,54
2026/07/20 12:49:09.552,0,GPU-e2681f6e-8d94-2d66-484f-43ea602335f9,298.69,1410,1593,94,79,73879,50
2026/07/20 12:49:09.802,0,GPU-e2681f6e-8d94-2d66-484f-43ea602335f9,411.36,1410,1593,11,9,73879,54
2026/07/20 12:49:10.052,0,GPU-e2681f6e-8d94-2d66-484f-43ea602335f9,298.96,1410,1593,94,79,73879,53
2026/07/20 12:49:10.302,0,GPU-e2681f6e-8d94-2d66-484f-43ea602335f9,301.39,1410,1593,94,79,73879,54
2026/07/20 12:49:10.552,0,GPU-e2681f6e-8d94-2d66-484f-43ea602335f9,302.93,1410,1593,94,79,73879,54
2026/07/20 12:49:10.802,0,GPU-e2681f6e-8d94-2d66-484f-43ea602335f9,301.41,1410,1593,95,79,73879,51
2026/07/20 12:49:11.052,0,GPU-e2681f6e-8d94-2d66-484f-43ea602335f9,93.17,1410,1593,57,48,73879,48
2026/07/20 12:49:11.302,0,GPU-e2681f6e-8d94-2d66-484f-43ea602335f9,92.57,1410,1593,0,0,73879,47
2026/07/20 12:49:11.552,0,GPU-e2681f6e-8d94-2d66-484f-43ea602335f9,91.97,1410,1593,0,0,73879,46
2026/07/20 12:49:11.802,0,GPU-e2681f6e-8d94-2d66-484f-43ea602335f9,419.25,1410,1593,0,0,73879,51
2026/07/20 12:49:12.053,0,GPU-e2681f6e-8d94-2d66-484f-43ea602335f9,300.79,1410,1593,55,37,73879,51
2026/07/20 12:49:12.303,0,GPU-e2681f6e-8d94-2d66-484f-43ea602335f9,295.35,1410,1593,94,79,73879,52
2026/07/20 12:49:12.553,0,GPU-e2681f6e-8d94-2d66-484f-43ea602335f9,299.55,1410,1593,90,76,73879,53
2026/07/20 12:49:12.803,0,GPU-e2681f6e-8d94-2d66-484f-43ea602335f9,302.92,1410,1593,94,79,73879,49
2026/07/20 12:49:13.053,0,GPU-e2681f6e-8d94-2d66-484f-43ea602335f9,92.75,1410,1593,14,12,73879,47
2026/07/20 12:49:13.303,0,GPU-e2681f6e-8d94-2d66-484f-43ea602335f9,91.88,1410,1593,0,0,73879,46
2026/07/20 12:49:13.553,0,GPU-e2681f6e-8d94-2d66-484f-43ea602335f9,91.37,1410,1593,0,0,73879,45
2026/07/20 12:49:13.803,0,GPU-e2681f6e-8d94-2d66-484f-43ea602335f9,400.15,1410,1593,0,0,73879,50
2026/07/20 12:49:14.053,0,GPU-e2681f6e-8d94-2d66-484f-43ea602335f9,297.80,1410,1593,61,42,73879,51
2026/07/20 12:49:14.303,0,GPU-e2681f6e-8d94-2d66-484f-43ea602335f9,302.00,1410,1593,94,79,73879,52
2026/07/20 12:49:14.553,0,GPU-e2681f6e-8d94-2d66-484f-43ea602335f9,301.68,1410,1593,94,79,73879,52
2026/07/20 12:49:14.803,0,GPU-e2681f6e-8d94-2d66-484f-43ea602335f9,306.56,1410,1593,94,79,73879,53
2026/07/20 12:49:15.054,0,GPU-e2681f6e-8d94-2d66-484f-43ea602335f9,301.68,1410,1593,95,79,73879,53
2026/07/20 12:49:15.304,0,GPU-e2681f6e-8d94-2d66-484f-43ea602335f9,303.51,1410,1593,94,79,73879,53
2026/07/20 12:49:15.554,0,GPU-e2681f6e-8d94-2d66-484f-43ea602335f9,196.57,1410,1593,94,79,73879,50
2026/07/20 12:49:15.804,0,GPU-e2681f6e-8d94-2d66-484f-43ea602335f9,93.17,1410,1593,4,3,73879,53
2026/07/20 12:49:16.054,0,GPU-e2681f6e-8d94-2d66-484f-43ea602335f9,295.02,1410,1593,68,48,73879,52
2026/07/20 12:49:16.304,0,GPU-e2681f6e-8d94-2d66-484f-43ea602335f9,302.92,1410,1593,95,79,73879,53
2026/07/20 12:49:16.554,0,GPU-e2681f6e-8d94-2d66-484f-43ea602335f9,295.64,1410,1593,94,79,73879,53
2026/07/20 12:49:16.804,0,GPU-e2681f6e-8d94-2d66-484f-43ea602335f9,298.07,1410,1593,94,79,73879,56
2026/07/20 12:49:17.054,0,GPU-e2681f6e-8d94-2d66-484f-43ea602335f9,296.27,1410,1593,95,70,73879,53
2026/07/20 12:49:17.304,0,GPU-e2681f6e-8d94-2d66-484f-43ea602335f9,306.89,1410,1593,94,79,73879,53
2026/07/20 12:49:17.554,0,GPU-e2681f6e-8d94-2d66-484f-43ea602335f9,306.89,1410,1593,94,79,73879,53
2026/07/20 12:49:17.805,0,GPU-e2681f6e-8d94-2d66-484f-43ea602335f9,298.08,1410,1593,94,79,73879,53
2026/07/20 12:49:18.055,0,GPU-e2681f6e-8d94-2d66-484f-43ea602335f9,295.02,1410,1593,94,79,73879,53
2026/07/20 12:49:18.305,0,GPU-e2681f6e-8d94-2d66-484f-43ea602335f9,297.76,1410,1593,94,79,73879,54
2026/07/20 12:49:18.555,0,GPU-e2681f6e-8d94-2d66-484f-43ea602335f9,294.11,1410,1593,94,79,73879,54
2026/07/20 12:49:18.805,0,GPU-e2681f6e-8d94-2d66-484f-43ea602335f9,94.00,1410,1593,41,35,73879,53
2026/07/20 12:49:19.055,0,GPU-e2681f6e-8d94-2d66-484f-43ea602335f9,300.21,1410,1593,76,54,73879,53
2026/07/20 12:49:19.305,0,GPU-e2681f6e-8d94-2d66-484f-43ea602335f9,299.89,1410,1593,94,79,73879,53
2026/07/20 12:49:19.555,0,GPU-e2681f6e-8d94-2d66-484f-43ea602335f9,295.36,1410,1593,94,79,73879,54
2026/07/20 12:49:19.805,0,GPU-e2681f6e-8d94-2d66-484f-43ea602335f9,298.96,1410,1593,94,79,73879,54
2026/07/20 12:49:20.055,0,GPU-e2681f6e-8d94-2d66-484f-43ea602335f9,291.12,1410,1593,95,70,73879,54
2026/07/20 12:49:20.305,0,GPU-e2681f6e-8d94-2d66-484f-43ea602335f9,291.42,1410,1593,94,78,73879,54
2026/07/20 12:49:20.556,0,GPU-e2681f6e-8d94-2d66-484f-43ea602335f9,295.35,1410,1593,94,79,73879,54
2026/07/20 12:49:20.806,0,GPU-e2681f6e-8d94-2d66-484f-43ea602335f9,304.13,1410,1593,94,79,73879,54
2026/07/20 12:49:21.056,0,GPU-e2681f6e-8d94-2d66-484f-43ea602335f9,94.37,1410,1593,48,40,73879,49
2026/07/20 12:49:21.306,0,GPU-e2681f6e-8d94-2d66-484f-43ea602335f9,92.84,1410,1593,0,0,73879,47
2026/07/20 12:49:21.556,0,GPU-e2681f6e-8d94-2d66-484f-43ea602335f9,92.57,1410,1593,0,0,73879,46
2026/07/20 12:49:21.806,0,GPU-e2681f6e-8d94-2d66-484f-43ea602335f9,91.97,1410,1593,0,0,73879,46
2026/07/20 12:49:22.056,0,GPU-e2681f6e-8d94-2d66-484f-43ea602335f9,293.82,1410,1593,84,62,73879,52
2026/07/20 12:49:22.306,0,GPU-e2681f6e-8d94-2d66-484f-43ea602335f9,304.13,1410,1593,94,79,73879,52
2026/07/20 12:49:22.556,0,GPU-e2681f6e-8d94-2d66-484f-43ea602335f9,295.95,1410,1593,94,79,73879,53
2026/07/20 12:49:22.806,0,GPU-e2681f6e-8d94-2d66-484f-43ea602335f9,300.80,1410,1593,94,79,73879,56
2026/07/20 12:49:23.056,0,GPU-e2681f6e-8d94-2d66-484f-43ea602335f9,294.75,1410,1593,92,68,73879,53
2026/07/20 12:49:23.306,0,GPU-e2681f6e-8d94-2d66-484f-43ea602335f9,287.78,1410,1593,94,78,73879,53
2026/07/20 12:49:23.557,0,GPU-e2681f6e-8d94-2d66-484f-43ea602335f9,302.92,1410,1593,94,79,73879,53
2026/07/20 12:49:23.807,0,GPU-e2681f6e-8d94-2d66-484f-43ea602335f9,306.56,1410,1593,94,79,73879,53
2026/07/20 12:49:24.057,0,GPU-e2681f6e-8d94-2d66-484f-43ea602335f9,296.87,1410,1593,94,79,73879,53
2026/07/20 12:49:24.307,0,GPU-e2681f6e-8d94-2d66-484f-43ea602335f9,93.77,1410,1593,0,0,73879,49
2026/07/20 12:49:24.557,0,GPU-e2681f6e-8d94-2d66-484f-43ea602335f9,92.48,1410,1593,0,0,73879,47
2026/07/20 12:49:24.807,0,GPU-e2681f6e-8d94-2d66-484f-43ea602335f9,92.25,1410,1593,0,0,73879,52
2026/07/20 12:49:25.057,0,GPU-e2681f6e-8d94-2d66-484f-43ea602335f9,298.39,1410,1593,94,69,73879,52
2026/07/20 12:49:25.307,0,GPU-e2681f6e-8d94-2d66-484f-43ea602335f9,300.80,1410,1593,94,79,73879,52
2026/07/20 12:49:25.557,0,GPU-e2681f6e-8d94-2d66-484f-43ea602335f9,302.61,1410,1593,94,79,73879,53
2026/07/20 12:49:25.807,0,GPU-e2681f6e-8d94-2d66-484f-43ea602335f9,401.26,1410,1593,62,51,73879,54
2026/07/20 12:49:26.057,0,GPU-e2681f6e-8d94-2d66-484f-43ea602335f9,299.89,1410,1593,95,72,73879,53
2026/07/20 12:49:26.308,0,GPU-e2681f6e-8d94-2d66-484f-43ea602335f9,299.28,1410,1593,94,79,73879,53
2026/07/20 12:49:26.558,0,GPU-e2681f6e-8d94-2d66-484f-43ea602335f9,292.59,1410,1593,94,79,73879,53
2026/07/20 12:49:26.808,0,GPU-e2681f6e-8d94-2d66-484f-43ea602335f9,299.55,1410,1593,95,79,73879,53
2026/07/20 12:49:27.058,0,GPU-e2681f6e-8d94-2d66-484f-43ea602335f9,302.93,1410,1593,94,79,73879,53
2026/07/20 12:49:27.308,0,GPU-e2681f6e-8d94-2d66-484f-43ea602335f9,299.55,1410,1593,94,79,73879,54
2026/07/20 12:49:27.558,0,GPU-e2681f6e-8d94-2d66-484f-43ea602335f9,298.36,1410,1593,94,79,73879,54
2026/07/20 12:49:27.808,0,GPU-e2681f6e-8d94-2d66-484f-43ea602335f9,298.08,1410,1593,94,77,73879,57
2026/07/20 12:49:28.058,0,GPU-e2681f6e-8d94-2d66-484f-43ea602335f9,290.47,1410,1593,95,72,73879,54
2026/07/20 12:49:28.308,0,GPU-e2681f6e-8d94-2d66-484f-43ea602335f9,294.45,1410,1593,94,78,73879,54
2026/07/20 12:49:28.558,0,GPU-e2681f6e-8d94-2d66-484f-43ea602335f9,290.50,1410,1593,95,78,73879,53
2026/07/20 12:49:28.808,0,GPU-e2681f6e-8d94-2d66-484f-43ea602335f9,291.69,1410,1593,95,77,73879,53
2026/07/20 12:49:29.059,0,GPU-e2681f6e-8d94-2d66-484f-43ea602335f9,285.33,1410,1593,94,77,73879,53
2026/07/20 12:49:29.309,0,GPU-e2681f6e-8d94-2d66-484f-43ea602335f9,307.77,1410,1593,94,77,73879,54
2026/07/20 12:49:29.559,0,GPU-e2681f6e-8d94-2d66-484f-43ea602335f9,302.64,1410,1593,94,79,73879,54
2026/07/20 12:49:29.809,0,GPU-e2681f6e-8d94-2d66-484f-43ea602335f9,303.20,1410,1593,94,79,73879,54
2026/07/20 12:49:30.059,0,GPU-e2681f6e-8d94-2d66-484f-43ea602335f9,297.47,1410,1593,94,79,73879,54
2026/07/20 12:49:30.309,0,GPU-e2681f6e-8d94-2d66-484f-43ea602335f9,304.44,1410,1593,95,79,73879,54
2026/07/20 12:49:30.559,0,GPU-e2681f6e-8d94-2d66-484f-43ea602335f9,301.99,1410,1593,94,79,73879,54
2026/07/20 12:49:30.809,0,GPU-e2681f6e-8d94-2d66-484f-43ea602335f9,446.83,1410,1593,95,74,73879,54
2026/07/20 12:49:31.059,0,GPU-e2681f6e-8d94-2d66-484f-43ea602335f9,303.52,1410,1593,94,74,73879,54
2026/07/20 12:49:31.309,0,GPU-e2681f6e-8d94-2d66-484f-43ea602335f9,302.92,1410,1593,94,79,73879,54
2026/07/20 12:49:31.559,0,GPU-e2681f6e-8d94-2d66-484f-43ea602335f9,301.08,1410,1593,94,79,73879,54
2026/07/20 12:49:31.810,0,GPU-e2681f6e-8d94-2d66-484f-43ea602335f9,299.00,1410,1593,94,79,73879,54
2026/07/20 12:49:32.060,0,GPU-e2681f6e-8d94-2d66-484f-43ea602335f9,301.41,1410,1593,94,79,73879,54
2026/07/20 12:49:32.310,0,GPU-e2681f6e-8d94-2d66-484f-43ea602335f9,297.49,1410,1593,94,79,73879,54
2026/07/20 12:49:32.560,0,GPU-e2681f6e-8d94-2d66-484f-43ea602335f9,302.00,1410,1593,94,79,73879,54
2026/07/20 12:49:32.810,0,GPU-e2681f6e-8d94-2d66-484f-43ea602335f9,299.55,1410,1593,95,72,73879,57
2026/07/20 12:49:33.060,0,GPU-e2681f6e-8d94-2d66-484f-43ea602335f9,290.47,1410,1593,95,76,73879,54
2026/07/20 12:49:33.310,0,GPU-e2681f6e-8d94-2d66-484f-43ea602335f9,294.45,1410,1593,94,78,73879,54
2026/07/20 12:49:33.560,0,GPU-e2681f6e-8d94-2d66-484f-43ea602335f9,289.60,1410,1593,95,78,73879,54
2026/07/20 12:49:33.810,0,GPU-e2681f6e-8d94-2d66-484f-43ea602335f9,300.80,1410,1593,94,79,73879,54
2026/07/20 12:49:34.060,0,GPU-e2681f6e-8d94-2d66-484f-43ea602335f9,297.76,1410,1593,94,79,73879,52
2026/07/20 12:49:34.310,0,GPU-e2681f6e-8d94-2d66-484f-43ea602335f9,93.68,1410,1593,25,21,73879,49
2026/07/20 12:49:34.561,0,GPU-e2681f6e-8d94-2d66-484f-43ea602335f9,93.07,1410,1593,0,0,73879,48
2026/07/20 12:49:34.811,0,GPU-e2681f6e-8d94-2d66-484f-43ea602335f9,92.48,1410,1593,27,14,73879,52
2026/07/20 12:49:35.061,0,GPU-e2681f6e-8d94-2d66-484f-43ea602335f9,301.08,1410,1593,94,79,73879,52
2026/07/20 12:49:35.311,0,GPU-e2681f6e-8d94-2d66-484f-43ea602335f9,301.08,1410,1593,94,79,73879,53
2026/07/20 12:49:35.561,0,GPU-e2681f6e-8d94-2d66-484f-43ea602335f9,302.93,1410,1593,94,79,73879,53
2026/07/20 12:49:35.811,0,GPU-e2681f6e-8d94-2d66-484f-43ea602335f9,301.08,1410,1593,94,79,73879,54
2026/07/20 12:49:36.061,0,GPU-e2681f6e-8d94-2d66-484f-43ea602335f9,303.80,1410,1593,94,79,73879,54
2026/07/20 12:49:36.311,0,GPU-e2681f6e-8d94-2d66-484f-43ea602335f9,303.20,1410,1593,95,79,73879,54
2026/07/20 12:49:36.561,0,GPU-e2681f6e-8d94-2d66-484f-43ea602335f9,299.89,1410,1593,94,79,73879,54
2026/07/20 12:49:36.811,0,GPU-e2681f6e-8d94-2d66-484f-43ea602335f9,297.80,1410,1593,94,79,73879,54
2026/07/20 12:49:37.061,0,GPU-e2681f6e-8d94-2d66-484f-43ea602335f9,293.55,1410,1593,94,78,73879,54
2026/07/20 12:49:37.312,0,GPU-e2681f6e-8d94-2d66-484f-43ea602335f9,299.27,1410,1593,94,78,73879,54
2026/07/20 12:49:37.562,0,GPU-e2681f6e-8d94-2d66-484f-43ea602335f9,303.84,1410,1593,94,79,73879,54
2026/07/20 12:49:37.812,0,GPU-e2681f6e-8d94-2d66-484f-43ea602335f9,300.52,1410,1593,94,79,73879,54
2026/07/20 12:49:38.062,0,GPU-e2681f6e-8d94-2d66-484f-43ea602335f9,298.07,1410,1593,95,79,73879,54
2026/07/20 12:49:38.312,0,GPU-e2681f6e-8d94-2d66-484f-43ea602335f9,300.80,1410,1593,94,79,73879,54
2026/07/20 12:49:38.562,0,GPU-e2681f6e-8d94-2d66-484f-43ea602335f9,94.10,1410,1593,18,15,73879,48
2026/07/20 12:49:38.812,0,GPU-e2681f6e-8d94-2d66-484f-43ea602335f9,208.59,1410,1593,0,0,73879,52
2026/07/20 12:49:39.062,0,GPU-e2681f6e-8d94-2d66-484f-43ea602335f9,292.30,1410,1593,41,25,73879,53
2026/07/20 12:49:39.312,0,GPU-e2681f6e-8d94-2d66-484f-43ea602335f9,300.21,1410,1593,94,79,73879,53
2026/07/20 12:49:39.562,0,GPU-e2681f6e-8d94-2d66-484f-43ea602335f9,298.67,1410,1593,94,79,73879,54
2026/07/20 12:49:39.812,0,GPU-e2681f6e-8d94-2d66-484f-43ea602335f9,298.07,1410,1593,95,79,73879,54
2026/07/20 12:49:40.063,0,GPU-e2681f6e-8d94-2d66-484f-43ea602335f9,295.95,1410,1593,94,79,73879,54
2026/07/20 12:49:40.313,0,GPU-e2681f6e-8d94-2d66-484f-43ea602335f9,298.07,1410,1593,94,79,73879,54
2026/07/20 12:49:40.563,0,GPU-e2681f6e-8d94-2d66-484f-43ea602335f9,300.52,1410,1593,94,79,73879,54
2026/07/20 12:49:40.813,0,GPU-e2681f6e-8d94-2d66-484f-43ea602335f9,303.84,1410,1593,94,79,73879,58
2026/07/20 12:49:41.063,0,GPU-e2681f6e-8d94-2d66-484f-43ea602335f9,294.42,1410,1593,94,78,73879,54
2026/07/20 12:49:41.313,0,GPU-e2681f6e-8d94-2d66-484f-43ea602335f9,290.20,1410,1593,95,78,73879,54
2026/07/20 12:49:41.563,0,GPU-e2681f6e-8d94-2d66-484f-43ea602335f9,298.69,1410,1593,93,77,73879,54
2026/07/20 12:49:41.813,0,GPU-e2681f6e-8d94-2d66-484f-43ea602335f9,306.89,1410,1593,95,79,73879,54
2026/07/20 12:49:42.063,0,GPU-e2681f6e-8d94-2d66-484f-43ea602335f9,295.97,1410,1593,94,79,73879,54
2026/07/20 12:49:42.313,0,GPU-e2681f6e-8d94-2d66-484f-43ea602335f9,305.92,1410,1593,94,79,73879,54
2026/07/20 12:49:42.563,0,GPU-e2681f6e-8d94-2d66-484f-43ea602335f9,302.61,1410,1593,95,79,73879,54
2026/07/20 12:49:42.813,0,GPU-e2681f6e-8d94-2d66-484f-43ea602335f9,435.30,1410,1593,62,52,73879,55
2026/07/20 12:49:43.064,0,GPU-e2681f6e-8d94-2d66-484f-43ea602335f9,302.93,1410,1593,94,79,73879,54
2026/07/20 12:49:43.314,0,GPU-e2681f6e-8d94-2d66-484f-43ea602335f9,301.68,1410,1593,94,79,73879,54
2026/07/20 12:49:43.564,0,GPU-e2681f6e-8d94-2d66-484f-43ea602335f9,298.96,1410,1593,94,79,73879,54
2026/07/20 12:49:43.814,0,GPU-e2681f6e-8d94-2d66-484f-43ea602335f9,297.17,1410,1593,94,79,73879,58
2026/07/20 12:49:44.064,0,GPU-e2681f6e-8d94-2d66-484f-43ea602335f9,303.80,1410,1593,94,79,73879,55
2026/07/20 12:49:44.314,0,GPU-e2681f6e-8d94-2d66-484f-43ea602335f9,297.76,1410,1593,95,79,73879,55
2026/07/20 12:49:44.564,0,GPU-e2681f6e-8d94-2d66-484f-43ea602335f9,300.80,1410,1593,94,79,73879,54
2026/07/20 12:49:44.814,0,GPU-e2681f6e-8d94-2d66-484f-43ea602335f9,450.15,1410,1593,94,79,73879,56
2026/07/20 12:49:45.064,0,GPU-e2681f6e-8d94-2d66-484f-43ea602335f9,297.14,1410,1593,89,66,73879,55
2026/07/20 12:49:45.314,0,GPU-e2681f6e-8d94-2d66-484f-43ea602335f9,307.44,1410,1593,94,79,73879,55
2026/07/20 12:49:45.564,0,GPU-e2681f6e-8d94-2d66-484f-43ea602335f9,303.51,1410,1593,95,79,73879,55
2026/07/20 12:49:45.814,0,GPU-e2681f6e-8d94-2d66-484f-43ea602335f9,304.44,1410,1593,94,79,73879,55
2026/07/20 12:49:46.065,0,GPU-e2681f6e-8d94-2d66-484f-43ea602335f9,302.64,1410,1593,94,79,73879,55
2026/07/20 12:49:46.315,0,GPU-e2681f6e-8d94-2d66-484f-43ea602335f9,304.12,1410,1593,94,79,73879,55
2026/07/20 12:49:46.565,0,GPU-e2681f6e-8d94-2d66-484f-43ea602335f9,301.99,1410,1593,94,79,73879,55
2026/07/20 12:49:46.815,0,GPU-e2681f6e-8d94-2d66-484f-43ea602335f9,359.24,1410,1593,80,67,73879,56
2026/07/20 12:49:47.065,0,GPU-e2681f6e-8d94-2d66-484f-43ea602335f9,302.92,1410,1593,94,79,73879,54
2026/07/20 12:49:47.315,0,GPU-e2681f6e-8d94-2d66-484f-43ea602335f9,301.68,1410,1593,94,79,73879,54
2026/07/20 12:49:47.565,0,GPU-e2681f6e-8d94-2d66-484f-43ea602335f9,304.13,1410,1593,94,79,73879,54
2026/07/20 12:49:47.815,0,GPU-e2681f6e-8d94-2d66-484f-43ea602335f9,302.33,1410,1593,94,79,73879,55
2026/07/20 12:49:48.065,0,GPU-e2681f6e-8d94-2d66-484f-43ea602335f9,302.00,1410,1593,94,79,73879,55
2026/07/20 12:49:48.315,0,GPU-e2681f6e-8d94-2d66-484f-43ea602335f9,304.72,1410,1593,94,79,73879,55
2026/07/20 12:49:48.565,0,GPU-e2681f6e-8d94-2d66-484f-43ea602335f9,94.60,1410,1593,33,28,73879,50
2026/07/20 12:49:48.815,0,GPU-e2681f6e-8d94-2d66-484f-43ea602335f9,331.71,1410,1593,0,0,73879,53
2026/07/20 12:49:49.066,0,GPU-e2681f6e-8d94-2d66-484f-43ea602335f9,299.55,1410,1593,68,48,73879,53
2026/07/20 12:49:49.316,0,GPU-e2681f6e-8d94-2d66-484f-43ea602335f9,302.61,1410,1593,94,79,73879,54
2026/07/20 12:49:49.566,0,GPU-e2681f6e-8d94-2d66-484f-43ea602335f9,299.55,1410,1593,94,79,73879,54
2026/07/20 12:49:49.816,0,GPU-e2681f6e-8d94-2d66-484f-43ea602335f9,302.33,1410,1593,94,79,73879,54
2026/07/20 12:49:50.066,0,GPU-e2681f6e-8d94-2d66-484f-43ea602335f9,299.89,1410,1593,94,79,73879,54
2026/07/20 12:49:50.316,0,GPU-e2681f6e-8d94-2d66-484f-43ea602335f9,93.68,1410,1593,95,79,73879,49
2026/07/20 12:49:50.566,0,GPU-e2681f6e-8d94-2d66-484f-43ea602335f9,93.17,1410,1593,0,0,73879,48
2026/07/20 12:49:50.816,0,GPU-e2681f6e-8d94-2d66-484f-43ea602335f9,92.25,1410,1593,0,0,73879,47
2026/07/20 12:49:51.066,0,GPU-e2681f6e-8d94-2d66-484f-43ea602335f9,91.28,1410,1593,0,0,73879,46
2026/07/20 12:49:51.316,0,GPU-e2681f6e-8d94-2d66-484f-43ea602335f9,91.05,1410,1593,0,0,73879,46
2026/07/20 12:49:51.566,0,GPU-e2681f6e-8d94-2d66-484f-43ea602335f9,90.72,1410,1593,0,0,73879,45
2026/07/20 12:49:51.816,0,GPU-e2681f6e-8d94-2d66-484f-43ea602335f9,90.95,1410,1593,0,0,73879,50
2026/07/20 12:49:52.067,0,GPU-e2681f6e-8d94-2d66-484f-43ea602335f9,301.12,1410,1593,76,55,73879,51
2026/07/20 12:49:52.317,0,GPU-e2681f6e-8d94-2d66-484f-43ea602335f9,297.47,1410,1593,94,79,73879,52
2026/07/20 12:49:52.567,0,GPU-e2681f6e-8d94-2d66-484f-43ea602335f9,300.52,1410,1593,94,79,73879,53
2026/07/20 12:49:52.817,0,GPU-e2681f6e-8d94-2d66-484f-43ea602335f9,305.36,1410,1593,78,65,73879,54
2026/07/20 12:49:53.067,0,GPU-e2681f6e-8d94-2d66-484f-43ea602335f9,299.27,1410,1593,80,58,73879,53
2026/07/20 12:49:53.317,0,GPU-e2681f6e-8d94-2d66-484f-43ea602335f9,298.39,1410,1593,94,79,73879,53
2026/07/20 12:49:53.567,0,GPU-e2681f6e-8d94-2d66-484f-43ea602335f9,301.72,1410,1593,94,79,73879,53
2026/07/20 12:49:53.817,0,GPU-e2681f6e-8d94-2d66-484f-43ea602335f9,299.86,1410,1593,94,79,73879,55
2026/07/20 12:49:54.067,0,GPU-e2681f6e-8d94-2d66-484f-43ea602335f9,291.72,1410,1593,94,69,73879,54
2026/07/20 12:49:54.317,0,GPU-e2681f6e-8d94-2d66-484f-43ea602335f9,306.89,1410,1593,94,79,73879,54
2026/07/20 12:49:54.567,0,GPU-e2681f6e-8d94-2d66-484f-43ea602335f9,297.80,1410,1593,94,79,73879,54
2026/07/20 12:49:54.817,0,GPU-e2681f6e-8d94-2d66-484f-43ea602335f9,301.41,1410,1593,94,79,73879,54
2026/07/20 12:49:55.068,0,GPU-e2681f6e-8d94-2d66-484f-43ea602335f9,302.32,1410,1593,94,79,73879,54
2026/07/20 12:49:55.318,0,GPU-e2681f6e-8d94-2d66-484f-43ea602335f9,304.77,1410,1593,94,79,73879,54
2026/07/20 12:49:55.568,0,GPU-e2681f6e-8d94-2d66-484f-43ea602335f9,302.64,1410,1593,94,79,73879,54
2026/07/20 12:49:55.818,0,GPU-e2681f6e-8d94-2d66-484f-43ea602335f9,224.98,1410,1593,94,79,73879,57
2026/07/20 12:49:56.068,0,GPU-e2681f6e-8d94-2d66-484f-43ea602335f9,290.50,1410,1593,90,65,73879,54
2026/07/20 12:49:56.318,0,GPU-e2681f6e-8d94-2d66-484f-43ea602335f9,287.48,1410,1593,94,78,73879,54
2026/07/20 12:49:56.568,0,GPU-e2681f6e-8d94-2d66-484f-43ea602335f9,291.12,1410,1593,94,78,73879,54
2026/07/20 12:49:56.818,0,GPU-e2681f6e-8d94-2d66-484f-43ea602335f9,302.64,1410,1593,85,71,73879,54
2026/07/20 12:49:57.068,0,GPU-e2681f6e-8d94-2d66-484f-43ea602335f9,298.96,1410,1593,94,78,73879,54
2026/07/20 12:49:57.318,0,GPU-e2681f6e-8d94-2d66-484f-43ea602335f9,299.28,1410,1593,94,78,73879,54
2026/07/20 12:49:57.568,0,GPU-e2681f6e-8d94-2d66-484f-43ea602335f9,98.85,1410,1593,34,29,73879,49
2026/07/20 12:49:57.818,0,GPU-e2681f6e-8d94-2d66-484f-43ea602335f9,394.11,1410,1593,0,0,73879,49
2026/07/20 12:49:58.069,0,GPU-e2681f6e-8d94-2d66-484f-43ea602335f9,304.77,1410,1593,95,70,73879,53
2026/07/20 12:49:58.319,0,GPU-e2681f6e-8d94-2d66-484f-43ea602335f9,295.04,1410,1593,94,79,73879,54
2026/07/20 12:49:58.569,0,GPU-e2681f6e-8d94-2d66-484f-43ea602335f9,299.59,1410,1593,94,79,73879,54
2026/07/20 12:49:58.819,0,GPU-e2681f6e-8d94-2d66-484f-43ea602335f9,303.84,1410,1593,94,79,73879,54
2026/07/20 12:49:59.069,0,GPU-e2681f6e-8d94-2d66-484f-43ea602335f9,299.59,1410,1593,94,79,73879,54
2026/07/20 12:49:59.319,0,GPU-e2681f6e-8d94-2d66-484f-43ea602335f9,295.97,1410,1593,95,79,73879,54
2026/07/20 12:49:59.569,0,GPU-e2681f6e-8d94-2d66-484f-43ea602335f9,301.39,1410,1593,94,79,73879,54
2026/07/20 12:49:59.819,0,GPU-e2681f6e-8d94-2d66-484f-43ea602335f9,432.58,1410,1593,94,78,73879,55
2026/07/20 12:50:00.069,0,GPU-e2681f6e-8d94-2d66-484f-43ea602335f9,302.32,1410,1593,95,70,73879,55
2026/07/20 12:50:00.319,0,GPU-e2681f6e-8d94-2d66-484f-43ea602335f9,300.79,1410,1593,95,79,73879,54
2026/07/20 12:50:00.569,0,GPU-e2681f6e-8d94-2d66-484f-43ea602335f9,297.14,1410,1593,94,79,73879,54
2026/07/20 12:50:00.819,0,GPU-e2681f6e-8d94-2d66-484f-43ea602335f9,440.14,1410,1593,44,33,73879,52
2026/07/20 12:50:01.069,0,GPU-e2681f6e-8d94-2d66-484f-43ea602335f9,303.51,1410,1593,94,74,73879,54
2026/07/20 12:50:01.319,0,GPU-e2681f6e-8d94-2d66-484f-43ea602335f9,303.80,1410,1593,94,79,73879,54
2026/07/20 12:50:01.570,0,GPU-e2681f6e-8d94-2d66-484f-43ea602335f9,302.92,1410,1593,94,79,73879,54
2026/07/20 12:50:01.820,0,GPU-e2681f6e-8d94-2d66-484f-43ea602335f9,301.72,1410,1593,95,79,73879,54
2026/07/20 12:50:02.070,0,GPU-e2681f6e-8d94-2d66-484f-43ea602335f9,298.39,1410,1593,94,78,73879,54
2026/07/20 12:50:02.320,0,GPU-e2681f6e-8d94-2d66-484f-43ea602335f9,302.92,1410,1593,94,79,73879,54
2026/07/20 12:50:02.570,0,GPU-e2681f6e-8d94-2d66-484f-43ea602335f9,94.10,1410,1593,94,78,73879,51
2026/07/20 12:50:02.820,0,GPU-e2681f6e-8d94-2d66-484f-43ea602335f9,382.91,1410,1593,13,5,73879,53
2026/07/20 12:50:03.070,0,GPU-e2681f6e-8d94-2d66-484f-43ea602335f9,297.49,1410,1593,94,76,73879,53
2026/07/20 12:50:03.320,0,GPU-e2681f6e-8d94-2d66-484f-43ea602335f9,301.12,1410,1593,94,79,73879,54
2026/07/20 12:50:03.570,0,GPU-e2681f6e-8d94-2d66-484f-43ea602335f9,299.86,1410,1593,95,79,73879,54
2026/07/20 12:50:03.820,0,GPU-e2681f6e-8d94-2d66-484f-43ea602335f9,368.05,1410,1593,94,73,73879,54
2026/07/20 12:50:04.070,0,GPU-e2681f6e-8d94-2d66-484f-43ea602335f9,288.38,1410,1593,94,75,73879,54
2026/07/20 12:50:04.320,0,GPU-e2681f6e-8d94-2d66-484f-43ea602335f9,293.52,1410,1593,94,78,73879,54
2026/07/20 12:50:04.570,0,GPU-e2681f6e-8d94-2d66-484f-43ea602335f9,298.36,1410,1593,94,78,73879,54
2026/07/20 12:50:04.820,0,GPU-e2681f6e-8d94-2d66-484f-43ea602335f9,296.87,1410,1593,94,79,73879,54
2026/07/20 12:50:05.071,0,GPU-e2681f6e-8d94-2d66-484f-43ea602335f9,300.48,1410,1593,94,79,73879,54
2026/07/20 12:50:05.321,0,GPU-e2681f6e-8d94-2d66-484f-43ea602335f9,296.56,1410,1593,94,79,73879,54
2026/07/20 12:50:05.571,0,GPU-e2681f6e-8d94-2d66-484f-43ea602335f9,300.48,1410,1593,95,79,73879,54
2026/07/20 12:50:05.821,0,GPU-e2681f6e-8d94-2d66-484f-43ea602335f9,289.00,1410,1593,93,77,73879,54
2026/07/20 12:50:06.071,0,GPU-e2681f6e-8d94-2d66-484f-43ea602335f9,298.96,1410,1593,94,79,73879,54
2026/07/20 12:50:06.321,0,GPU-e2681f6e-8d94-2d66-484f-43ea602335f9,94.10,1410,1593,28,24,73879,49
2026/07/20 12:50:06.571,0,GPU-e2681f6e-8d94-2d66-484f-43ea602335f9,93.17,1410,1593,0,0,73879,47
2026/07/20 12:50:06.821,0,GPU-e2681f6e-8d94-2d66-484f-43ea602335f9,91.64,1410,1593,23,10,73879,52
2026/07/20 12:50:07.071,0,GPU-e2681f6e-8d94-2d66-484f-43ea602335f9,293.55,1410,1593,94,79,73879,52
2026/07/20 12:50:07.321,0,GPU-e2681f6e-8d94-2d66-484f-43ea602335f9,291.10,1410,1593,95,79,73879,53
2026/07/20 12:50:07.571,0,GPU-e2681f6e-8d94-2d66-484f-43ea602335f9,300.79,1410,1593,94,79,73879,53
2026/07/20 12:50:07.821,0,GPU-e2681f6e-8d94-2d66-484f-43ea602335f9,296.56,1410,1593,94,79,73879,54
2026/07/20 12:50:08.072,0,GPU-e2681f6e-8d94-2d66-484f-43ea602335f9,299.28,1410,1593,94,79,73879,54
2026/07/20 12:50:08.322,0,GPU-e2681f6e-8d94-2d66-484f-43ea602335f9,298.08,1410,1593,94,79,73879,51
2026/07/20 12:50:08.572,0,GPU-e2681f6e-8d94-2d66-484f-43ea602335f9,94.00,1410,1593,33,28,73879,48
2026/07/20 12:50:08.822,0,GPU-e2681f6e-8d94-2d66-484f-43ea602335f9,308.36,1410,1593,31,17,73879,50
2026/07/20 12:50:09.072,0,GPU-e2681f6e-8d94-2d66-484f-43ea602335f9,295.36,1410,1593,94,79,73879,53
2026/07/20 12:50:09.322,0,GPU-e2681f6e-8d94-2d66-484f-43ea602335f9,301.39,1410,1593,94,79,73879,53
2026/07/20 12:50:09.572,0,GPU-e2681f6e-8d94-2d66-484f-43ea602335f9,300.20,1410,1593,94,79,73879,53
2026/07/20 12:50:09.822,0,GPU-e2681f6e-8d94-2d66-484f-43ea602335f9,302.64,1410,1593,94,79,73879,54
2026/07/20 12:50:10.072,0,GPU-e2681f6e-8d94-2d66-484f-43ea602335f9,300.80,1410,1593,94,79,73879,54
2026/07/20 12:50:10.322,0,GPU-e2681f6e-8d94-2d66-484f-43ea602335f9,297.76,1410,1593,94,79,73879,54
2026/07/20 12:50:10.572,0,GPU-e2681f6e-8d94-2d66-484f-43ea602335f9,300.79,1410,1593,94,79,73879,54
2026/07/20 12:50:10.823,0,GPU-e2681f6e-8d94-2d66-484f-43ea602335f9,310.48,1410,1593,94,79,73879,55
2026/07/20 12:50:11.073,0,GPU-e2681f6e-8d94-2d66-484f-43ea602335f9,304.12,1410,1593,95,70,73879,54
2026/07/20 12:50:11.323,0,GPU-e2681f6e-8d94-2d66-484f-43ea602335f9,301.99,1410,1593,94,79,73879,54
2026/07/20 12:50:11.573,0,GPU-e2681f6e-8d94-2d66-484f-43ea602335f9,301.12,1410,1593,94,79,73879,54
2026/07/20 12:50:11.823,0,GPU-e2681f6e-8d94-2d66-484f-43ea602335f9,303.52,1410,1593,95,79,73879,54
2026/07/20 12:50:12.073,0,GPU-e2681f6e-8d94-2d66-484f-43ea602335f9,304.77,1410,1593,94,79,73879,54
2026/07/20 12:50:12.323,0,GPU-e2681f6e-8d94-2d66-484f-43ea602335f9,296.56,1410,1593,94,79,73879,54
2026/07/20 12:50:12.573,0,GPU-e2681f6e-8d94-2d66-484f-43ea602335f9,301.12,1410,1593,94,79,73879,54
2026/07/20 12:50:12.823,0,GPU-e2681f6e-8d94-2d66-484f-43ea602335f9,290.77,1410,1593,94,79,73879,57
2026/07/20 12:50:13.073,0,GPU-e2681f6e-8d94-2d66-484f-43ea602335f9,293.23,1410,1593,95,78,73879,54
2026/07/20 12:50:13.323,0,GPU-e2681f6e-8d94-2d66-484f-43ea602335f9,295.95,1410,1593,94,78,73879,54
2026/07/20 12:50:13.574,0,GPU-e2681f6e-8d94-2d66-484f-43ea602335f9,300.20,1410,1593,94,79,73879,54
2026/07/20 12:50:13.824,0,GPU-e2681f6e-8d94-2d66-484f-43ea602335f9,298.39,1410,1593,94,79,73879,54
2026/07/20 12:50:14.074,0,GPU-e2681f6e-8d94-2d66-484f-43ea602335f9,300.79,1410,1593,94,79,73879,54
2026/07/20 12:50:14.324,0,GPU-e2681f6e-8d94-2d66-484f-43ea602335f9,295.95,1410,1593,94,79,73879,54
2026/07/20 12:50:14.574,0,GPU-e2681f6e-8d94-2d66-484f-43ea602335f9,306.58,1410,1593,94,79,73879,54
2026/07/20 12:50:14.824,0,GPU-e2681f6e-8d94-2d66-484f-43ea602335f9,296.24,1410,1593,94,79,73879,55
2026/07/20 12:50:15.074,0,GPU-e2681f6e-8d94-2d66-484f-43ea602335f9,304.13,1410,1593,94,79,73879,54
2026/07/20 12:50:15.324,0,GPU-e2681f6e-8d94-2d66-484f-43ea602335f9,301.39,1410,1593,94,79,73879,55
2026/07/20 12:50:15.574,0,GPU-e2681f6e-8d94-2d66-484f-43ea602335f9,304.13,1410,1593,94,79,73879,55
2026/07/20 12:50:15.824,0,GPU-e2681f6e-8d94-2d66-484f-43ea602335f9,413.38,1410,1593,94,79,73879,57
2026/07/20 12:50:16.074,0,GPU-e2681f6e-8d94-2d66-484f-43ea602335f9,290.47,1410,1593,94,77,73879,55
2026/07/20 12:50:16.325,0,GPU-e2681f6e-8d94-2d66-484f-43ea602335f9,291.42,1410,1593,94,77,73879,54
2026/07/20 12:50:16.575,0,GPU-e2681f6e-8d94-2d66-484f-43ea602335f9,289.00,1410,1593,94,77,73879,54
2026/07/20 12:50:16.825,0,GPU-e2681f6e-8d94-2d66-484f-43ea602335f9,291.42,1410,1593,95,77,73879,54
2026/07/20 12:50:17.075,0,GPU-e2681f6e-8d94-2d66-484f-43ea602335f9,286.85,1410,1593,94,77,73879,54
2026/07/20 12:50:17.325,0,GPU-e2681f6e-8d94-2d66-484f-43ea602335f9,147.65,1410,1593,94,77,73879,51
2026/07/20 12:50:17.575,0,GPU-e2681f6e-8d94-2d66-484f-43ea602335f9,93.77,1410,1593,5,4,73879,49
2026/07/20 12:50:17.825,0,GPU-e2681f6e-8d94-2d66-484f-43ea602335f9,92.84,1410,1593,0,0,73879,48
2026/07/20 12:50:18.075,0,GPU-e2681f6e-8d94-2d66-484f-43ea602335f9,91.97,1410,1593,0,0,73879,47
2026/07/20 12:50:18.325,0,GPU-e2681f6e-8d94-2d66-484f-43ea602335f9,91.97,1410,1593,0,0,73879,46
2026/07/20 12:50:18.575,0,GPU-e2681f6e-8d94-2d66-484f-43ea602335f9,91.37,1410,1593,0,0,73879,46
2026/07/20 12:50:18.825,0,GPU-e2681f6e-8d94-2d66-484f-43ea602335f9,91.05,1410,1593,0,0,73879,51
2026/07/20 12:50:19.076,0,GPU-e2681f6e-8d94-2d66-484f-43ea602335f9,291.42,1410,1593,94,79,73879,51
2026/07/20 12:50:19.326,0,GPU-e2681f6e-8d94-2d66-484f-43ea602335f9,295.35,1410,1593,94,79,73879,52
2026/07/20 12:50:19.576,0,GPU-e2681f6e-8d94-2d66-484f-43ea602335f9,293.84,1410,1593,94,79,73879,53
2026/07/20 12:50:19.826,0,GPU-e2681f6e-8d94-2d66-484f-43ea602335f9,298.36,1410,1593,94,79,73879,53
2026/07/20 12:50:20.076,0,GPU-e2681f6e-8d94-2d66-484f-43ea602335f9,296.83,1410,1593,94,79,73879,53
2026/07/20 12:50:20.326,0,GPU-e2681f6e-8d94-2d66-484f-43ea602335f9,284.13,1410,1593,59,50,73879,50
2026/07/20 12:50:20.576,0,GPU-e2681f6e-8d94-2d66-484f-43ea602335f9,92.84,1410,1593,0,0,73879,47
2026/07/20 12:50:20.826,0,GPU-e2681f6e-8d94-2d66-484f-43ea602335f9,92.84,1410,1593,0,0,73879,51
2026/07/20 12:50:21.076,0,GPU-e2681f6e-8d94-2d66-484f-43ea602335f9,293.23,1410,1593,66,47,73879,52
2026/07/20 12:50:21.326,0,GPU-e2681f6e-8d94-2d66-484f-43ea602335f9,296.54,1410,1593,94,79,73879,53
2026/07/20 12:50:21.576,0,GPU-e2681f6e-8d94-2d66-484f-43ea602335f9,306.89,1410,1593,94,79,73879,53
2026/07/20 12:50:21.826,0,GPU-e2681f6e-8d94-2d66-484f-43ea602335f9,302.32,1410,1593,94,79,73879,56
2026/07/20 12:50:22.077,0,GPU-e2681f6e-8d94-2d66-484f-43ea602335f9,296.24,1410,1593,94,78,73879,53
2026/07/20 12:50:22.327,0,GPU-e2681f6e-8d94-2d66-484f-43ea602335f9,290.50,1410,1593,94,78,73879,53
2026/07/20 12:50:22.577,0,GPU-e2681f6e-8d94-2d66-484f-43ea602335f9,287.48,1410,1593,95,78,73879,53
2026/07/20 12:50:22.827,0,GPU-e2681f6e-8d94-2d66-484f-43ea602335f9,291.39,1410,1593,94,78,73879,53
2026/07/20 12:50:23.077,0,GPU-e2681f6e-8d94-2d66-484f-43ea602335f9,297.17,1410,1593,91,75,73879,54
2026/07/20 12:50:23.327,0,GPU-e2681f6e-8d94-2d66-484f-43ea602335f9,298.67,1410,1593,94,79,73879,54
2026/07/20 12:50:23.577,0,GPU-e2681f6e-8d94-2d66-484f-43ea602335f9,302.93,1410,1593,95,79,73879,54
2026/07/20 12:50:23.827,0,GPU-e2681f6e-8d94-2d66-484f-43ea602335f9,308.05,1410,1593,79,66,73879,54
2026/07/20 12:50:24.077,0,GPU-e2681f6e-8d94-2d66-484f-43ea602335f9,301.39,1410,1593,77,55,73879,54
2026/07/20 12:50:24.327,0,GPU-e2681f6e-8d94-2d66-484f-43ea602335f9,302.92,1410,1593,94,79,73879,54
2026/07/20 12:50:24.577,0,GPU-e2681f6e-8d94-2d66-484f-43ea602335f9,301.12,1410,1593,94,79,73879,54
2026/07/20 12:50:24.828,0,GPU-e2681f6e-8d94-2d66-484f-43ea602335f9,302.92,1410,1593,94,79,73879,54
2026/07/20 12:50:25.078,0,GPU-e2681f6e-8d94-2d66-484f-43ea602335f9,300.52,1410,1593,94,78,73879,54
2026/07/20 12:50:25.328,0,GPU-e2681f6e-8d94-2d66-484f-43ea602335f9,94.27,1410,1593,94,78,73879,49
2026/07/20 12:50:25.578,0,GPU-e2681f6e-8d94-2d66-484f-43ea602335f9,93.17,1410,1593,0,0,73879,47
2026/07/20 12:50:25.828,0,GPU-e2681f6e-8d94-2d66-484f-43ea602335f9,131.31,1410,1593,0,0,73879,52
2026/07/20 12:50:26.078,0,GPU-e2681f6e-8d94-2d66-484f-43ea602335f9,296.56,1410,1593,81,59,73879,52
2026/07/20 12:50:26.328,0,GPU-e2681f6e-8d94-2d66-484f-43ea602335f9,299.27,1410,1593,94,79,73879,53
2026/07/20 12:50:26.578,0,GPU-e2681f6e-8d94-2d66-484f-43ea602335f9,298.08,1410,1593,94,79,73879,53
2026/07/20 12:50:26.828,0,GPU-e2681f6e-8d94-2d66-484f-43ea602335f9,302.61,1410,1593,94,79,73879,53
2026/07/20 12:50:27.078,0,GPU-e2681f6e-8d94-2d66-484f-43ea602335f9,301.68,1410,1593,94,79,73879,54
2026/07/20 12:50:27.328,0,GPU-e2681f6e-8d94-2d66-484f-43ea602335f9,302.93,1410,1593,94,79,73879,54
2026/07/20 12:50:27.578,0,GPU-e2681f6e-8d94-2d66-484f-43ea602335f9,302.00,1410,1593,94,79,73879,54
2026/07/20 12:50:27.829,0,GPU-e2681f6e-8d94-2d66-484f-43ea602335f9,305.05,1410,1593,38,32,73879,54
2026/07/20 12:50:28.079,0,GPU-e2681f6e-8d94-2d66-484f-43ea602335f9,299.28,1410,1593,87,64,73879,54
2026/07/20 12:50:28.329,0,GPU-e2681f6e-8d94-2d66-484f-43ea602335f9,296.56,1410,1593,94,79,73879,54
2026/07/20 12:50:28.579,0,GPU-e2681f6e-8d94-2d66-484f-43ea602335f9,301.68,1410,1593,94,79,73879,54
2026/07/20 12:50:28.829,0,GPU-e2681f6e-8d94-2d66-484f-43ea602335f9,299.28,1410,1593,95,79,73879,54
2026/07/20 12:50:29.079,0,GPU-e2681f6e-8d94-2d66-484f-43ea602335f9,301.41,1410,1593,94,79,73879,54
2026/07/20 12:50:29.329,0,GPU-e2681f6e-8d94-2d66-484f-43ea602335f9,299.55,1410,1593,94,79,73879,54
2026/07/20 12:50:29.579,0,GPU-e2681f6e-8d94-2d66-484f-43ea602335f9,295.97,1410,1593,94,79,73879,54
2026/07/20 12:50:29.829,0,GPU-e2681f6e-8d94-2d66-484f-43ea602335f9,298.36,1410,1593,95,79,73879,54
2026/07/20 12:50:30.079,0,GPU-e2681f6e-8d94-2d66-484f-43ea602335f9,295.06,1410,1593,94,79,73879,54
2026/07/20 12:50:30.329,0,GPU-e2681f6e-8d94-2d66-484f-43ea602335f9,298.05,1410,1593,94,79,73879,54
2026/07/20 12:50:30.579,0,GPU-e2681f6e-8d94-2d66-484f-43ea602335f9,297.45,1410,1593,94,79,73879,54
2026/07/20 12:50:30.829,0,GPU-e2681f6e-8d94-2d66-484f-43ea602335f9,438.63,1410,1593,94,79,73879,54
2026/07/20 12:50:31.080,0,GPU-e2681f6e-8d94-2d66-484f-43ea602335f9,294.14,1410,1593,95,69,73879,54
2026/07/20 12:50:31.330,0,GPU-e2681f6e-8d94-2d66-484f-43ea602335f9,289.57,1410,1593,95,77,73879,54
2026/07/20 12:50:31.580,0,GPU-e2681f6e-8d94-2d66-484f-43ea602335f9,291.72,1410,1593,95,77,73879,54
2026/07/20 12:50:31.830,0,GPU-e2681f6e-8d94-2d66-484f-43ea602335f9,451.93,1410,1593,93,75,73879,56
2026/07/20 12:50:32.080,0,GPU-e2681f6e-8d94-2d66-484f-43ea602335f9,289.57,1410,1593,95,72,73879,54
2026/07/20 12:50:32.330,0,GPU-e2681f6e-8d94-2d66-484f-43ea602335f9,292.62,1410,1593,94,78,73879,54
2026/07/20 12:50:32.580,0,GPU-e2681f6e-8d94-2d66-484f-43ea602335f9,303.81,1410,1593,94,79,73879,54
2026/07/20 12:50:32.830,0,GPU-e2681f6e-8d94-2d66-484f-43ea602335f9,302.01,1410,1593,94,79,73879,54
2026/07/20 12:50:33.080,0,GPU-e2681f6e-8d94-2d66-484f-43ea602335f9,302.30,1410,1593,94,79,73879,54
2026/07/20 12:50:33.330,0,GPU-e2681f6e-8d94-2d66-484f-43ea602335f9,300.77,1410,1593,94,79,73879,54
2026/07/20 12:50:33.580,0,GPU-e2681f6e-8d94-2d66-484f-43ea602335f9,94.17,1410,1593,94,79,73879,50
2026/07/20 12:50:33.830,0,GPU-e2681f6e-8d94-2d66-484f-43ea602335f9,400.85,1410,1593,10,4,73879,53
2026/07/20 12:50:34.081,0,GPU-e2681f6e-8d94-2d66-484f-43ea602335f9,295.66,1410,1593,95,74,73879,53
2026/07/20 12:50:34.331,0,GPU-e2681f6e-8d94-2d66-484f-43ea602335f9,301.69,1410,1593,94,79,73879,54
2026/07/20 12:50:34.581,0,GPU-e2681f6e-8d94-2d66-484f-43ea602335f9,299.26,1410,1593,94,79,73879,54
2026/07/20 12:50:34.831,0,GPU-e2681f6e-8d94-2d66-484f-43ea602335f9,117.07,1410,1593,95,79,73879,52
2026/07/20 12:50:35.081,0,GPU-e2681f6e-8d94-2d66-484f-43ea602335f9,93.81,1410,1593,0,0,73879,48
2026/07/20 12:50:35.331,0,GPU-e2681f6e-8d94-2d66-484f-43ea602335f9,92.56,1410,1593,0,0,73879,47
2026/07/20 12:50:35.581,0,GPU-e2681f6e-8d94-2d66-484f-43ea602335f9,91.45,1410,1593,0,0,73879,46
2026/07/20 12:50:35.831,0,GPU-e2681f6e-8d94-2d66-484f-43ea602335f9,91.18,1410,1593,16,6,73879,51
2026/07/20 12:50:36.081,0,GPU-e2681f6e-8d94-2d66-484f-43ea602335f9,291.09,1410,1593,94,77,73879,52
2026/07/20 12:50:36.331,0,GPU-e2681f6e-8d94-2d66-484f-43ea602335f9,296.52,1410,1593,94,79,73879,53
2026/07/20 12:50:36.581,0,GPU-e2681f6e-8d94-2d66-484f-43ea602335f9,302.62,1410,1593,94,79,73879,53
2026/07/20 12:50:36.831,0,GPU-e2681f6e-8d94-2d66-484f-43ea602335f9,296.86,1410,1593,94,79,73879,53
2026/07/20 12:50:37.081,0,GPU-e2681f6e-8d94-2d66-484f-43ea602335f9,300.77,1410,1593,94,79,73879,53
2026/07/20 12:50:37.332,0,GPU-e2681f6e-8d94-2d66-484f-43ea602335f9,298.65,1410,1593,95,79,73879,54
2026/07/20 12:50:37.582,0,GPU-e2681f6e-8d94-2d66-484f-43ea602335f9,301.10,1410,1593,94,79,73879,54
2026/07/20 12:50:37.832,0,GPU-e2681f6e-8d94-2d66-484f-43ea602335f9,298.97,1410,1593,94,79,73879,54
2026/07/20 12:50:38.082,0,GPU-e2681f6e-8d94-2d66-484f-43ea602335f9,300.17,1410,1593,94,79,73879,54
2026/07/20 12:50:38.332,0,GPU-e2681f6e-8d94-2d66-484f-43ea602335f9,301.70,1410,1593,95,79,73879,54
2026/07/20 12:50:38.582,0,GPU-e2681f6e-8d94-2d66-484f-43ea602335f9,299.24,1410,1593,94,79,73879,54
2026/07/20 12:50:38.832,0,GPU-e2681f6e-8d94-2d66-484f-43ea602335f9,300.77,1410,1593,94,79,73879,54
2026/07/20 12:50:39.082,0,GPU-e2681f6e-8d94-2d66-484f-43ea602335f9,297.78,1410,1593,94,79,73879,54
2026/07/20 12:50:39.332,0,GPU-e2681f6e-8d94-2d66-484f-43ea602335f9,301.10,1410,1593,94,79,73879,54
2026/07/20 12:50:39.582,0,GPU-e2681f6e-8d94-2d66-484f-43ea602335f9,297.74,1410,1593,94,79,73879,54
2026/07/20 12:50:39.832,0,GPU-e2681f6e-8d94-2d66-484f-43ea602335f9,307.73,1410,1593,94,79,73879,57
2026/07/20 12:50:40.082,0,GPU-e2681f6e-8d94-2d66-484f-43ea602335f9,294.75,1410,1593,94,77,73879,54
2026/07/20 12:50:40.333,0,GPU-e2681f6e-8d94-2d66-484f-43ea602335f9,305.02,1410,1593,94,77,73879,54
2026/07/20 12:50:40.583,0,GPU-e2681f6e-8d94-2d66-484f-43ea602335f9,304.42,1410,1593,94,79,73879,54
2026/07/20 12:50:40.833,0,GPU-e2681f6e-8d94-2d66-484f-43ea602335f9,303.17,1410,1593,94,79,73879,54
2026/07/20 12:50:41.083,0,GPU-e2681f6e-8d94-2d66-484f-43ea602335f9,307.14,1410,1593,94,79,73879,54
2026/07/20 12:50:41.333,0,GPU-e2681f6e-8d94-2d66-484f-43ea602335f9,304.09,1410,1593,95,79,73879,55
2026/07/20 12:50:41.583,0,GPU-e2681f6e-8d94-2d66-484f-43ea602335f9,302.61,1410,1593,94,79,73879,54
2026/07/20 12:50:41.833,0,GPU-e2681f6e-8d94-2d66-484f-43ea602335f9,298.67,1410,1593,94,79,73879,58
2026/07/20 12:50:42.083,0,GPU-e2681f6e-8d94-2d66-484f-43ea602335f9,292.30,1410,1593,94,78,73879,55
2026/07/20 12:50:42.333,0,GPU-e2681f6e-8d94-2d66-484f-43ea602335f9,293.23,1410,1593,95,78,73879,54
2026/07/20 12:50:42.583,0,GPU-e2681f6e-8d94-2d66-484f-43ea602335f9,302.32,1410,1593,94,78,73879,55
2026/07/20 12:50:42.833,0,GPU-e2681f6e-8d94-2d66-484f-43ea602335f9,299.27,1410,1593,94,79,73879,55
2026/07/20 12:50:43.083,0,GPU-e2681f6e-8d94-2d66-484f-43ea602335f9,310.82,1410,1593,94,79,73879,55
2026/07/20 12:50:43.333,0,GPU-e2681f6e-8d94-2d66-484f-43ea602335f9,305.92,1410,1593,94,79,73879,55
2026/07/20 12:50:43.583,0,GPU-e2681f6e-8d94-2d66-484f-43ea602335f9,301.08,1410,1593,94,79,73879,55
2026/07/20 12:50:43.833,0,GPU-e2681f6e-8d94-2d66-484f-43ea602335f9,386.55,1410,1593,94,79,73879,57
2026/07/20 12:50:44.083,0,GPU-e2681f6e-8d94-2d66-484f-43ea602335f9,302.00,1410,1593,94,79,73879,55
2026/07/20 12:50:44.334,0,GPU-e2681f6e-8d94-2d66-484f-43ea602335f9,304.13,1410,1593,94,79,73879,55
2026/07/20 12:50:44.584,0,GPU-e2681f6e-8d94-2d66-484f-43ea602335f9,301.68,1410,1593,94,79,73879,55
2026/07/20 12:50:44.834,0,GPU-e2681f6e-8d94-2d66-484f-43ea602335f9,424.25,1410,1593,94,79,73879,56
2026/07/20 12:50:45.084,0,GPU-e2681f6e-8d94-2d66-484f-43ea602335f9,302.93,1410,1593,95,79,73879,55
2026/07/20 12:50:45.334,0,GPU-e2681f6e-8d94-2d66-484f-43ea602335f9,302.00,1410,1593,94,79,73879,55
2026/07/20 12:50:45.584,0,GPU-e2681f6e-8d94-2d66-484f-43ea602335f9,304.13,1410,1593,94,79,73879,55
2026/07/20 12:50:45.834,0,GPU-e2681f6e-8d94-2d66-484f-43ea602335f9,301.68,1410,1593,94,79,73879,55
2026/07/20 12:50:46.084,0,GPU-e2681f6e-8d94-2d66-484f-43ea602335f9,290.20,1410,1593,93,77,73879,55
2026/07/20 12:50:46.334,0,GPU-e2681f6e-8d94-2d66-484f-43ea602335f9,101.84,1410,1593,94,79,73879,53
2026/07/20 12:50:46.584,0,GPU-e2681f6e-8d94-2d66-484f-43ea602335f9,94.00,1410,1593,48,40,73879,50
2026/07/20 12:50:46.834,0,GPU-e2681f6e-8d94-2d66-484f-43ea602335f9,438.49,1410,1593,51,33,73879,53
2026/07/20 12:50:47.084,0,GPU-e2681f6e-8d94-2d66-484f-43ea602335f9,298.69,1410,1593,94,79,73879,54
2026/07/20 12:50:47.334,0,GPU-e2681f6e-8d94-2d66-484f-43ea602335f9,299.55,1410,1593,95,79,73879,54
2026/07/20 12:50:47.584,0,GPU-e2681f6e-8d94-2d66-484f-43ea602335f9,297.76,1410,1593,94,79,73879,54
2026/07/20 12:50:47.835,0,GPU-e2681f6e-8d94-2d66-484f-43ea602335f9,300.52,1410,1593,94,79,73879,58
2026/07/20 12:50:48.085,0,GPU-e2681f6e-8d94-2d66-484f-43ea602335f9,290.80,1410,1593,95,70,73879,55
2026/07/20 12:50:48.335,0,GPU-e2681f6e-8d94-2d66-484f-43ea602335f9,293.84,1410,1593,94,77,73879,54
2026/07/20 12:50:48.585,0,GPU-e2681f6e-8d94-2d66-484f-43ea602335f9,288.65,1410,1593,95,78,73879,54
2026/07/20 12:50:48.835,0,GPU-e2681f6e-8d94-2d66-484f-43ea602335f9,297.49,1410,1593,94,77,73879,54
2026/07/20 12:50:49.085,0,GPU-e2681f6e-8d94-2d66-484f-43ea602335f9,301.08,1410,1593,62,52,73879,51
2026/07/20 12:50:49.335,0,GPU-e2681f6e-8d94-2d66-484f-43ea602335f9,93.40,1410,1593,0,0,73879,49
2026/07/20 12:50:49.585,0,GPU-e2681f6e-8d94-2d66-484f-43ea602335f9,92.75,1410,1593,0,0,73879,47
2026/07/20 12:50:49.835,0,GPU-e2681f6e-8d94-2d66-484f-43ea602335f9,359.24,1410,1593,0,0,73879,53
2026/07/20 12:50:50.085,0,GPU-e2681f6e-8d94-2d66-484f-43ea602335f9,300.80,1410,1593,94,79,73879,53
2026/07/20 12:50:50.335,0,GPU-e2681f6e-8d94-2d66-484f-43ea602335f9,299.89,1410,1593,94,79,73879,53
2026/07/20 12:50:50.586,0,GPU-e2681f6e-8d94-2d66-484f-43ea602335f9,302.61,1410,1593,94,79,73879,54
2026/07/20 12:50:50.836,0,GPU-e2681f6e-8d94-2d66-484f-43ea602335f9,300.48,1410,1593,94,79,73879,56
2026/07/20 12:50:51.086,0,GPU-e2681f6e-8d94-2d66-484f-43ea602335f9,290.20,1410,1593,94,78,73879,54
2026/07/20 12:50:51.336,0,GPU-e2681f6e-8d94-2d66-484f-43ea602335f9,289.60,1410,1593,94,78,73879,54
2026/07/20 12:50:51.586,0,GPU-e2681f6e-8d94-2d66-484f-43ea602335f9,299.55,1410,1593,94,78,73879,54
2026/07/20 12:50:51.836,0,GPU-e2681f6e-8d94-2d66-484f-43ea602335f9,295.97,1410,1593,94,79,73879,54
2026/07/20 12:50:52.086,0,GPU-e2681f6e-8d94-2d66-484f-43ea602335f9,138.09,1410,1593,51,43,73879,51
2026/07/20 12:50:52.336,0,GPU-e2681f6e-8d94-2d66-484f-43ea602335f9,93.17,1410,1593,51,43,73879,48
2026/07/20 12:50:52.586,0,GPU-e2681f6e-8d94-2d66-484f-43ea602335f9,92.57,1410,1593,0,0,73879,47
2026/07/20 12:50:52.836,0,GPU-e2681f6e-8d94-2d66-484f-43ea602335f9,92.84,1410,1593,0,0,73879,51
2026/07/20 12:50:53.086,0,GPU-e2681f6e-8d94-2d66-484f-43ea602335f9,295.95,1410,1593,66,46,73879,52
2026/07/20 12:50:53.337,0,GPU-e2681f6e-8d94-2d66-484f-43ea602335f9,298.07,1410,1593,94,79,73879,53
2026/07/20 12:50:53.587,0,GPU-e2681f6e-8d94-2d66-484f-43ea602335f9,295.67,1410,1593,94,79,73879,53
2026/07/20 12:50:53.837,0,GPU-e2681f6e-8d94-2d66-484f-43ea602335f9,307.17,1410,1593,94,79,73879,57
2026/07/20 12:50:54.087,0,GPU-e2681f6e-8d94-2d66-484f-43ea602335f9,288.67,1410,1593,93,77,73879,54
2026/07/20 12:50:54.337,0,GPU-e2681f6e-8d94-2d66-484f-43ea602335f9,286.25,1410,1593,94,78,73879,54
2026/07/20 12:50:54.587,0,GPU-e2681f6e-8d94-2d66-484f-43ea602335f9,187.68,1410,1593,94,77,73879,53
2026/07/20 12:50:54.837,0,GPU-e2681f6e-8d94-2d66-484f-43ea602335f9,94.97,1410,1593,66,56,73879,49
2026/07/20 12:50:55.087,0,GPU-e2681f6e-8d94-2d66-484f-43ea602335f9,92.57,1410,1593,0,0,73879,48
2026/07/20 12:50:55.337,0,GPU-e2681f6e-8d94-2d66-484f-43ea602335f9,91.97,1410,1593,0,0,73879,46
2026/07/20 12:50:55.587,0,GPU-e2681f6e-8d94-2d66-484f-43ea602335f9,91.05,1410,1593,0,0,73879,46
2026/07/20 12:50:55.837,0,GPU-e2681f6e-8d94-2d66-484f-43ea602335f9,90.95,1410,1593,0,0,73879,51
2026/07/20 12:50:56.087,0,GPU-e2681f6e-8d94-2d66-484f-43ea602335f9,296.54,1410,1593,70,50,73879,51
2026/07/20 12:50:56.338,0,GPU-e2681f6e-8d94-2d66-484f-43ea602335f9,299.00,1410,1593,94,78,73879,52
2026/07/20 12:50:56.588,0,GPU-e2681f6e-8d94-2d66-484f-43ea602335f9,300.52,1410,1593,95,79,73879,53
2026/07/20 12:50:56.838,0,GPU-e2681f6e-8d94-2d66-484f-43ea602335f9,302.61,1410,1593,94,79,73879,53
2026/07/20 12:50:57.088,0,GPU-e2681f6e-8d94-2d66-484f-43ea602335f9,301.08,1410,1593,94,79,73879,53
2026/07/20 12:50:57.338,0,GPU-e2681f6e-8d94-2d66-484f-43ea602335f9,298.96,1410,1593,94,79,73879,53
2026/07/20 12:50:57.588,0,GPU-e2681f6e-8d94-2d66-484f-43ea602335f9,300.80,1410,1593,95,79,73879,53
2026/07/20 12:50:57.838,0,GPU-e2681f6e-8d94-2d66-484f-43ea602335f9,299.55,1410,1593,94,79,73879,54
2026/07/20 12:50:58.088,0,GPU-e2681f6e-8d94-2d66-484f-43ea602335f9,300.80,1410,1593,94,79,73879,54
2026/07/20 12:50:58.338,0,GPU-e2681f6e-8d94-2d66-484f-43ea602335f9,298.08,1410,1593,94,79,73879,54
2026/07/20 12:50:58.588,0,GPU-e2681f6e-8d94-2d66-484f-43ea602335f9,297.17,1410,1593,94,79,73879,54
2026/07/20 12:50:58.838,0,GPU-e2681f6e-8d94-2d66-484f-43ea602335f9,298.96,1410,1593,94,79,73879,57
2026/07/20 12:50:59.088,0,GPU-e2681f6e-8d94-2d66-484f-43ea602335f9,287.48,1410,1593,90,65,73879,54
2026/07/20 12:50:59.338,0,GPU-e2681f6e-8d94-2d66-484f-43ea602335f9,289.27,1410,1593,94,77,73879,54
2026/07/20 12:50:59.589,0,GPU-e2681f6e-8d94-2d66-484f-43ea602335f9,291.12,1410,1593,93,76,73879,53
2026/07/20 12:50:59.839,0,GPU-e2681f6e-8d94-2d66-484f-43ea602335f9,294.71,1410,1593,94,77,73879,53
2026/07/20 12:51:00.089,0,GPU-e2681f6e-8d94-2d66-484f-43ea602335f9,101.24,1410,1593,85,70,73879,49
2026/07/20 12:51:00.339,0,GPU-e2681f6e-8d94-2d66-484f-43ea602335f9,92.48,1410,1593,0,0,73879,48
2026/07/20 12:51:00.589,0,GPU-e2681f6e-8d94-2d66-484f-43ea602335f9,93.07,1410,1593,0,0,73879,47
2026/07/20 12:51:00.839,0,GPU-e2681f6e-8d94-2d66-484f-43ea602335f9,387.15,1410,1593,0,0,73879,51
2026/07/20 12:51:01.089,0,GPU-e2681f6e-8d94-2d66-484f-43ea602335f9,295.95,1410,1593,90,67,73879,52
2026/07/20 12:51:01.339,0,GPU-e2681f6e-8d94-2d66-484f-43ea602335f9,298.07,1410,1593,94,79,73879,53
2026/07/20 12:51:01.589,0,GPU-e2681f6e-8d94-2d66-484f-43ea602335f9,296.27,1410,1593,94,79,73879,53
2026/07/20 12:51:01.839,0,GPU-e2681f6e-8d94-2d66-484f-43ea602335f9,438.35,1410,1593,94,79,73879,56
2026/07/20 12:51:02.089,0,GPU-e2681f6e-8d94-2d66-484f-43ea602335f9,289.57,1410,1593,95,69,73879,53
2026/07/20 12:51:02.339,0,GPU-e2681f6e-8d94-2d66-484f-43ea602335f9,301.72,1410,1593,95,78,73879,53
2026/07/20 12:51:02.590,0,GPU-e2681f6e-8d94-2d66-484f-43ea602335f9,296.56,1410,1593,92,77,73879,53
2026/07/20 12:51:02.840,0,GPU-e2681f6e-8d94-2d66-484f-43ea602335f9,297.14,1410,1593,94,78,73879,54
2026/07/20 12:51:03.090,0,GPU-e2681f6e-8d94-2d66-484f-43ea602335f9,301.12,1410,1593,94,78,73879,54
2026/07/20 12:51:03.340,0,GPU-e2681f6e-8d94-2d66-484f-43ea602335f9,298.96,1410,1593,94,78,73879,54
2026/07/20 12:51:03.590,0,GPU-e2681f6e-8d94-2d66-484f-43ea602335f9,94.10,1410,1593,57,47,73879,51
2026/07/20 12:51:03.840,0,GPU-e2681f6e-8d94-2d66-484f-43ea602335f9,439.87,1410,1593,5,2,73879,53
2026/07/20 12:51:04.090,0,GPU-e2681f6e-8d94-2d66-484f-43ea602335f9,296.87,1410,1593,95,73,73879,53
2026/07/20 12:51:04.340,0,GPU-e2681f6e-8d94-2d66-484f-43ea602335f9,297.49,1410,1593,94,79,73879,53
2026/07/20 12:51:04.590,0,GPU-e2681f6e-8d94-2d66-484f-43ea602335f9,303.51,1410,1593,94,79,73879,54
2026/07/20 12:51:04.840,0,GPU-e2681f6e-8d94-2d66-484f-43ea602335f9,396.83,1410,1593,95,76,73879,57
2026/07/20 12:51:05.091,0,GPU-e2681f6e-8d94-2d66-484f-43ea602335f9,295.67,1410,1593,95,73,73879,54
2026/07/20 12:51:05.341,0,GPU-e2681f6e-8d94-2d66-484f-43ea602335f9,291.69,1410,1593,94,78,73879,54
2026/07/20 12:51:05.591,0,GPU-e2681f6e-8d94-2d66-484f-43ea602335f9,288.67,1410,1593,92,76,73879,54
2026/07/20 12:51:05.841,0,GPU-e2681f6e-8d94-2d66-484f-43ea602335f9,302.93,1410,1593,94,79,73879,54
2026/07/20 12:51:06.091,0,GPU-e2681f6e-8d94-2d66-484f-43ea602335f9,296.24,1410,1593,55,46,73879,53
2026/07/20 12:51:06.341,0,GPU-e2681f6e-8d94-2d66-484f-43ea602335f9,93.50,1410,1593,80,67,73879,49
2026/07/20 12:51:06.591,0,GPU-e2681f6e-8d94-2d66-484f-43ea602335f9,92.57,1410,1593,0,0,73879,47
2026/07/20 12:51:06.841,0,GPU-e2681f6e-8d94-2d66-484f-43ea602335f9,334.43,1410,1593,13,6,73879,51
2026/07/20 12:51:07.091,0,GPU-e2681f6e-8d94-2d66-484f-43ea602335f9,297.47,1410,1593,95,76,73879,52
2026/07/20 12:51:07.341,0,GPU-e2681f6e-8d94-2d66-484f-43ea602335f9,300.48,1410,1593,94,79,73879,53
2026/07/20 12:51:07.591,0,GPU-e2681f6e-8d94-2d66-484f-43ea602335f9,303.52,1410,1593,94,79,73879,53
2026/07/20 12:51:07.841,0,GPU-e2681f6e-8d94-2d66-484f-43ea602335f9,302.32,1410,1593,94,79,73879,53
2026/07/20 12:51:08.092,0,GPU-e2681f6e-8d94-2d66-484f-43ea602335f9,298.36,1410,1593,94,79,73879,53
2026/07/20 12:51:08.342,0,GPU-e2681f6e-8d94-2d66-484f-43ea602335f9,144.80,1410,1593,54,46,73879,50
2026/07/20 12:51:08.592,0,GPU-e2681f6e-8d94-2d66-484f-43ea602335f9,93.17,1410,1593,54,46,73879,48
2026/07/20 12:51:08.842,0,GPU-e2681f6e-8d94-2d66-484f-43ea602335f9,314.14,1410,1593,19,8,73879,53
2026/07/20 12:51:09.092,0,GPU-e2681f6e-8d94-2d66-484f-43ea602335f9,296.27,1410,1593,94,78,73879,52
2026/07/20 12:51:09.342,0,GPU-e2681f6e-8d94-2d66-484f-43ea602335f9,300.20,1410,1593,94,79,73879,53
2026/07/20 12:51:09.592,0,GPU-e2681f6e-8d94-2d66-484f-43ea602335f9,297.49,1410,1593,94,79,73879,53
2026/07/20 12:51:09.842,0,GPU-e2681f6e-8d94-2d66-484f-43ea602335f9,315.33,1410,1593,34,19,73879,53
2026/07/20 12:51:10.092,0,GPU-e2681f6e-8d94-2d66-484f-43ea602335f9,302.93,1410,1593,95,79,73879,53
2026/07/20 12:51:10.342,0,GPU-e2681f6e-8d94-2d66-484f-43ea602335f9,299.27,1410,1593,94,79,73879,53
2026/07/20 12:51:10.592,0,GPU-e2681f6e-8d94-2d66-484f-43ea602335f9,303.80,1410,1593,94,79,73879,54
2026/07/20 12:51:10.842,0,GPU-e2681f6e-8d94-2d66-484f-43ea602335f9,218.94,1410,1593,94,70,73879,56
2026/07/20 12:51:11.093,0,GPU-e2681f6e-8d94-2d66-484f-43ea602335f9,218.94,1410,1593,94,70,73879,54
2026/07/20 12:51:11.343,0,GPU-e2681f6e-8d94-2d66-484f-43ea602335f9,301.41,1410,1593,94,78,73879,54
2026/07/20 12:51:11.593,0,GPU-e2681f6e-8d94-2d66-484f-43ea602335f9,300.21,1410,1593,94,79,73879,54
2026/07/20 12:51:11.843,0,GPU-e2681f6e-8d94-2d66-484f-43ea602335f9,302.00,1410,1593,95,79,73879,54
2026/07/20 12:51:12.093,0,GPU-e2681f6e-8d94-2d66-484f-43ea602335f9,298.36,1410,1593,94,79,73879,54
2026/07/20 12:51:12.343,0,GPU-e2681f6e-8d94-2d66-484f-43ea602335f9,301.08,1410,1593,94,79,73879,54
2026/07/20 12:51:12.593,0,GPU-e2681f6e-8d94-2d66-484f-43ea602335f9,299.55,1410,1593,95,79,73879,54
2026/07/20 12:51:12.843,0,GPU-e2681f6e-8d94-2d66-484f-43ea602335f9,294.71,1410,1593,94,79,73879,54
2026/07/20 12:51:13.093,0,GPU-e2681f6e-8d94-2d66-484f-43ea602335f9,299.55,1410,1593,94,79,73879,54
2026/07/20 12:51:13.343,0,GPU-e2681f6e-8d94-2d66-484f-43ea602335f9,294.71,1410,1593,94,79,73879,54
2026/07/20 12:51:13.593,0,GPU-e2681f6e-8d94-2d66-484f-43ea602335f9,297.49,1410,1593,95,79,73879,54
2026/07/20 12:51:13.844,0,GPU-e2681f6e-8d94-2d66-484f-43ea602335f9,302.33,1410,1593,94,79,73879,55
2026/07/20 12:51:14.094,0,GPU-e2681f6e-8d94-2d66-484f-43ea602335f9,290.47,1410,1593,94,77,73879,54
2026/07/20 12:51:14.344,0,GPU-e2681f6e-8d94-2d66-484f-43ea602335f9,305.93,1410,1593,88,73,73879,54
2026/07/20 12:51:14.594,0,GPU-e2681f6e-8d94-2d66-484f-43ea602335f9,309.57,1410,1593,94,79,73879,54
2026/07/20 12:51:14.844,0,GPU-e2681f6e-8d94-2d66-484f-43ea602335f9,332.89,1410,1593,94,69,73879,56
2026/07/20 12:51:15.094,0,GPU-e2681f6e-8d94-2d66-484f-43ea602335f9,295.34,1410,1593,94,78,73879,54
2026/07/20 12:51:15.344,0,GPU-e2681f6e-8d94-2d66-484f-43ea602335f9,168.12,1410,1593,94,77,73879,54
2026/07/20 12:51:15.594,0,GPU-e2681f6e-8d94-2d66-484f-43ea602335f9,302.62,1410,1593,87,72,73879,54
2026/07/20 12:51:15.844,0,GPU-e2681f6e-8d94-2d66-484f-43ea602335f9,307.46,1410,1593,94,79,73879,54
2026/07/20 12:51:16.094,0,GPU-e2681f6e-8d94-2d66-484f-43ea602335f9,304.14,1410,1593,94,78,73879,54
2026/07/20 12:51:16.344,0,GPU-e2681f6e-8d94-2d66-484f-43ea602335f9,96.03,1410,1593,41,34,73879,49
2026/07/20 12:51:16.595,0,GPU-e2681f6e-8d94-2d66-484f-43ea602335f9,92.65,1410,1593,0,0,73879,48
2026/07/20 12:51:16.845,0,GPU-e2681f6e-8d94-2d66-484f-43ea602335f9,370.98,1410,1593,40,24,73879,52
2026/07/20 12:51:17.095,0,GPU-e2681f6e-8d94-2d66-484f-43ea602335f9,298.97,1410,1593,94,78,73879,53
2026/07/20 12:51:17.345,0,GPU-e2681f6e-8d94-2d66-484f-43ea602335f9,300.17,1410,1593,94,79,73879,53
2026/07/20 12:51:17.595,0,GPU-e2681f6e-8d94-2d66-484f-43ea602335f9,297.78,1410,1593,93,78,73879,53
2026/07/20 12:51:17.845,0,GPU-e2681f6e-8d94-2d66-484f-43ea602335f9,296.26,1410,1593,94,79,73879,57
2026/07/20 12:51:18.095,0,GPU-e2681f6e-8d94-2d66-484f-43ea602335f9,303.49,1410,1593,94,79,73879,54
2026/07/20 12:51:18.345,0,GPU-e2681f6e-8d94-2d66-484f-43ea602335f9,301.38,1410,1593,94,78,73879,54
2026/07/20 12:51:18.595,0,GPU-e2681f6e-8d94-2d66-484f-43ea602335f9,299.58,1410,1593,94,79,73879,54
2026/07/20 12:51:18.845,0,GPU-e2681f6e-8d94-2d66-484f-43ea602335f9,301.68,1410,1593,94,79,73879,54
2026/07/20 12:51:19.095,0,GPU-e2681f6e-8d94-2d66-484f-43ea602335f9,300.48,1410,1593,94,79,73879,54
2026/07/20 12:51:19.345,0,GPU-e2681f6e-8d94-2d66-484f-43ea602335f9,301.37,1410,1593,94,79,73879,54
2026/07/20 12:51:19.595,0,GPU-e2681f6e-8d94-2d66-484f-43ea602335f9,154.18,1410,1593,94,79,73879,50
2026/07/20 12:51:19.846,0,GPU-e2681f6e-8d94-2d66-484f-43ea602335f9,414.25,1410,1593,9,8,73879,53
2026/07/20 12:51:20.096,0,GPU-e2681f6e-8d94-2d66-484f-43ea602335f9,298.38,1410,1593,52,35,73879,53
2026/07/20 12:51:20.346,0,GPU-e2681f6e-8d94-2d66-484f-43ea602335f9,296.26,1410,1593,94,79,73879,54
2026/07/20 12:51:20.596,0,GPU-e2681f6e-8d94-2d66-484f-43ea602335f9,299.90,1410,1593,94,79,73879,54
2026/07/20 12:51:20.846,0,GPU-e2681f6e-8d94-2d66-484f-43ea602335f9,296.52,1410,1593,94,79,73879,54
2026/07/20 12:51:21.096,0,GPU-e2681f6e-8d94-2d66-484f-43ea602335f9,307.12,1410,1593,94,79,73879,54
2026/07/20 12:51:21.346,0,GPU-e2681f6e-8d94-2d66-484f-43ea602335f9,296.26,1410,1593,94,79,73879,54
2026/07/20 12:51:21.596,0,GPU-e2681f6e-8d94-2d66-484f-43ea602335f9,305.60,1410,1593,95,79,73879,54
2026/07/20 12:51:21.846,0,GPU-e2681f6e-8d94-2d66-484f-43ea602335f9,302.01,1410,1593,94,79,73879,56
2026/07/20 12:51:22.096,0,GPU-e2681f6e-8d94-2d66-484f-43ea602335f9,296.26,1410,1593,78,65,73879,54
2026/07/20 12:51:22.346,0,GPU-e2681f6e-8d94-2d66-484f-43ea602335f9,299.58,1410,1593,94,79,73879,54
2026/07/20 12:51:22.597,0,GPU-e2681f6e-8d94-2d66-484f-43ea602335f9,297.78,1410,1593,94,79,73879,54
2026/07/20 12:51:22.847,0,GPU-e2681f6e-8d94-2d66-484f-43ea602335f9,326.80,1410,1593,94,79,73879,56
2026/07/20 12:51:23.097,0,GPU-e2681f6e-8d94-2d66-484f-43ea602335f9,290.17,1410,1593,94,78,73879,54
2026/07/20 12:51:23.347,0,GPU-e2681f6e-8d94-2d66-484f-43ea602335f9,302.89,1410,1593,87,72,73879,54
2026/07/20 12:51:23.597,0,GPU-e2681f6e-8d94-2d66-484f-43ea602335f9,301.70,1410,1593,94,79,73879,54
2026/07/20 12:51:23.847,0,GPU-e2681f6e-8d94-2d66-484f-43ea602335f9,298.34,1410,1593,94,79,73879,56
2026/07/20 12:51:24.097,0,GPU-e2681f6e-8d94-2d66-484f-43ea602335f9,296.52,1410,1593,94,78,73879,54
2026/07/20 12:51:24.347,0,GPU-e2681f6e-8d94-2d66-484f-43ea602335f9,290.17,1410,1593,93,77,73879,54
2026/07/20 12:51:24.597,0,GPU-e2681f6e-8d94-2d66-484f-43ea602335f9,296.22,1410,1593,94,77,73879,54
2026/07/20 12:51:24.847,0,GPU-e2681f6e-8d94-2d66-484f-43ea602335f9,304.14,1410,1593,93,78,73879,54
2026/07/20 12:51:25.097,0,GPU-e2681f6e-8d94-2d66-484f-43ea602335f9,302.30,1410,1593,94,79,73879,54
2026/07/20 12:51:25.347,0,GPU-e2681f6e-8d94-2d66-484f-43ea602335f9,303.50,1410,1593,94,78,73879,54
2026/07/20 12:51:25.598,0,GPU-e2681f6e-8d94-2d66-484f-43ea602335f9,301.70,1410,1593,94,79,73879,54
2026/07/20 12:51:25.848,0,GPU-e2681f6e-8d94-2d66-484f-43ea602335f9,328.58,1410,1593,94,79,73879,58
2026/07/20 12:51:26.098,0,GPU-e2681f6e-8d94-2d66-484f-43ea602335f9,304.09,1410,1593,94,79,73879,55
2026/07/20 12:51:26.348,0,GPU-e2681f6e-8d94-2d66-484f-43ea602335f9,298.66,1410,1593,95,79,73879,55
2026/07/20 12:51:26.598,0,GPU-e2681f6e-8d94-2d66-484f-43ea602335f9,304.09,1410,1593,94,79,73879,55
2026/07/20 12:51:26.848,0,GPU-e2681f6e-8d94-2d66-484f-43ea602335f9,304.09,1410,1593,94,79,73879,56
2026/07/20 12:51:27.098,0,GPU-e2681f6e-8d94-2d66-484f-43ea602335f9,298.66,1410,1593,94,78,73879,55
2026/07/20 12:51:27.348,0,GPU-e2681f6e-8d94-2d66-484f-43ea602335f9,292.32,1410,1593,87,72,73879,54
2026/07/20 12:51:27.598,0,GPU-e2681f6e-8d94-2d66-484f-43ea602335f9,300.47,1410,1593,94,79,73879,55
2026/07/20 12:51:27.848,0,GPU-e2681f6e-8d94-2d66-484f-43ea602335f9,302.57,1410,1593,94,79,73879,55
2026/07/20 12:51:28.098,0,GPU-e2681f6e-8d94-2d66-484f-43ea602335f9,296.87,1410,1593,95,79,73879,55
2026/07/20 12:51:28.348,0,GPU-e2681f6e-8d94-2d66-484f-43ea602335f9,299.28,1410,1593,94,78,73879,55
2026/07/20 12:51:28.598,0,GPU-e2681f6e-8d94-2d66-484f-43ea602335f9,301.38,1410,1593,94,78,73879,55
2026/07/20 12:51:28.849,0,GPU-e2681f6e-8d94-2d66-484f-43ea602335f9,302.26,1410,1593,93,78,73879,55
2026/07/20 12:51:29.099,0,GPU-e2681f6e-8d94-2d66-484f-43ea602335f9,295.91,1410,1593,92,77,73879,55
2026/07/20 12:51:29.349,0,GPU-e2681f6e-8d94-2d66-484f-43ea602335f9,297.16,1410,1593,93,78,73879,55
2026/07/20 12:51:29.599,0,GPU-e2681f6e-8d94-2d66-484f-43ea602335f9,304.10,1410,1593,94,79,73879,55
2026/07/20 12:51:29.849,0,GPU-e2681f6e-8d94-2d66-484f-43ea602335f9,308.01,1410,1593,94,79,73879,55
2026/07/20 12:51:30.099,0,GPU-e2681f6e-8d94-2d66-484f-43ea602335f9,303.78,1410,1593,94,79,73879,55
2026/07/20 12:51:30.349,0,GPU-e2681f6e-8d94-2d66-484f-43ea602335f9,301.67,1410,1593,94,79,73879,55
2026/07/20 12:51:30.599,0,GPU-e2681f6e-8d94-2d66-484f-43ea602335f9,301.39,1410,1593,94,79,73879,55
2026/07/20 12:51:30.849,0,GPU-e2681f6e-8d94-2d66-484f-43ea602335f9,255.78,1410,1593,94,79,73879,56
2026/07/20 12:51:31.099,0,GPU-e2681f6e-8d94-2d66-484f-43ea602335f9,286.89,1410,1593,91,74,73879,55
2026/07/20 12:51:31.349,0,GPU-e2681f6e-8d94-2d66-484f-43ea602335f9,289.30,1410,1593,94,77,73879,54
2026/07/20 12:51:31.599,0,GPU-e2681f6e-8d94-2d66-484f-43ea602335f9,292.61,1410,1593,94,77,73879,54
2026/07/20 12:51:31.849,0,GPU-e2681f6e-8d94-2d66-484f-43ea602335f9,255.78,1410,1593,62,42,73879,56
2026/07/20 12:51:32.099,0,GPU-e2681f6e-8d94-2d66-484f-43ea602335f9,304.70,1410,1593,62,42,73879,54
2026/07/20 12:51:32.349,0,GPU-e2681f6e-8d94-2d66-484f-43ea602335f9,300.15,1410,1593,94,79,73879,54
2026/07/20 12:51:32.600,0,GPU-e2681f6e-8d94-2d66-484f-43ea602335f9,302.26,1410,1593,94,79,73879,55
2026/07/20 12:51:32.850,0,GPU-e2681f6e-8d94-2d66-484f-43ea602335f9,411.28,1410,1593,93,78,73879,56
2026/07/20 12:51:33.100,0,GPU-e2681f6e-8d94-2d66-484f-43ea602335f9,301.39,1410,1593,94,79,73879,55
2026/07/20 12:51:33.350,0,GPU-e2681f6e-8d94-2d66-484f-43ea602335f9,298.03,1410,1593,94,78,73879,55
2026/07/20 12:51:33.600,0,GPU-e2681f6e-8d94-2d66-484f-43ea602335f9,299.55,1410,1593,94,79,73879,55
2026/07/20 12:51:33.850,0,GPU-e2681f6e-8d94-2d66-484f-43ea602335f9,421.41,1410,1593,94,79,73879,56
2026/07/20 12:51:34.100,0,GPU-e2681f6e-8d94-2d66-484f-43ea602335f9,292.61,1410,1593,94,69,73879,55
2026/07/20 12:51:34.350,0,GPU-e2681f6e-8d94-2d66-484f-43ea602335f9,287.77,1410,1593,94,77,73879,55
2026/07/20 12:51:34.600,0,GPU-e2681f6e-8d94-2d66-484f-43ea602335f9,289.89,1410,1593,94,77,73879,55
2026/07/20 12:51:34.850,0,GPU-e2681f6e-8d94-2d66-484f-43ea602335f9,292.01,1410,1593,95,77,73879,55
2026/07/20 12:51:35.100,0,GPU-e2681f6e-8d94-2d66-484f-43ea602335f9,287.18,1410,1593,95,77,73879,54
2026/07/20 12:51:35.350,0,GPU-e2681f6e-8d94-2d66-484f-43ea602335f9,290.49,1410,1593,94,77,73879,54
2026/07/20 12:51:35.601,0,GPU-e2681f6e-8d94-2d66-484f-43ea602335f9,292.34,1410,1593,94,77,73879,54
2026/07/20 12:51:35.851,0,GPU-e2681f6e-8d94-2d66-484f-43ea602335f9,438.32,1410,1593,94,77,73879,57
2026/07/20 12:51:36.101,0,GPU-e2681f6e-8d94-2d66-484f-43ea602335f9,289.30,1410,1593,88,63,73879,55
2026/07/20 12:51:36.351,0,GPU-e2681f6e-8d94-2d66-484f-43ea602335f9,289.57,1410,1593,94,77,73879,55
2026/07/20 12:51:36.601,0,GPU-e2681f6e-8d94-2d66-484f-43ea602335f9,293.20,1410,1593,93,76,73879,54
2026/07/20 12:51:36.851,0,GPU-e2681f6e-8d94-2d66-484f-43ea602335f9,429.00,1410,1593,94,77,73879,56
2026/07/20 12:51:37.101,0,GPU-e2681f6e-8d94-2d66-484f-43ea602335f9,188.15,1410,1593,91,65,73879,54
2026/07/20 12:51:37.351,0,GPU-e2681f6e-8d94-2d66-484f-43ea602335f9,294.72,1410,1593,86,70,73879,55
2026/07/20 12:51:37.601,0,GPU-e2681f6e-8d94-2d66-484f-43ea602335f9,295.64,1410,1593,94,77,73879,55
2026/07/20 12:51:37.851,0,GPU-e2681f6e-8d94-2d66-484f-43ea602335f9,155.39,1410,1593,94,77,73879,54
2026/07/20 12:51:38.101,0,GPU-e2681f6e-8d94-2d66-484f-43ea602335f9,301.67,1410,1593,84,70,73879,55
2026/07/20 12:51:38.351,0,GPU-e2681f6e-8d94-2d66-484f-43ea602335f9,297.16,1410,1593,94,79,73879,55
2026/07/20 12:51:38.602,0,GPU-e2681f6e-8d94-2d66-484f-43ea602335f9,306.82,1410,1593,94,79,73879,55
2026/07/20 12:51:38.852,0,GPU-e2681f6e-8d94-2d66-484f-43ea602335f9,296.83,1410,1593,95,79,73879,55
2026/07/20 12:51:39.102,0,GPU-e2681f6e-8d94-2d66-484f-43ea602335f9,306.49,1410,1593,94,79,73879,55
2026/07/20 12:51:39.352,0,GPU-e2681f6e-8d94-2d66-484f-43ea602335f9,298.62,1410,1593,94,79,73879,55
2026/07/20 12:51:39.602,0,GPU-e2681f6e-8d94-2d66-484f-43ea602335f9,308.29,1410,1593,94,79,73879,55
2026/07/20 12:51:39.852,0,GPU-e2681f6e-8d94-2d66-484f-43ea602335f9,356.56,1410,1593,93,74,73879,58
2026/07/20 12:51:40.102,0,GPU-e2681f6e-8d94-2d66-484f-43ea602335f9,287.77,1410,1593,94,72,73879,55
2026/07/20 12:51:40.352,0,GPU-e2681f6e-8d94-2d66-484f-43ea602335f9,290.82,1410,1593,94,77,73879,55
2026/07/20 12:51:40.602,0,GPU-e2681f6e-8d94-2d66-484f-43ea602335f9,306.50,1410,1593,93,77,73879,55
2026/07/20 12:51:40.852,0,GPU-e2681f6e-8d94-2d66-484f-43ea602335f9,296.24,1410,1593,94,79,73879,55
2026/07/20 12:51:41.102,0,GPU-e2681f6e-8d94-2d66-484f-43ea602335f9,298.03,1410,1593,94,78,73879,55
2026/07/20 12:51:41.352,0,GPU-e2681f6e-8d94-2d66-484f-43ea602335f9,308.02,1410,1593,94,78,73879,55
2026/07/20 12:51:41.603,0,GPU-e2681f6e-8d94-2d66-484f-43ea602335f9,304.06,1410,1593,94,78,73879,55
2026/07/20 12:51:41.853,0,GPU-e2681f6e-8d94-2d66-484f-43ea602335f9,353.25,1410,1593,89,71,73879,56
2026/07/20 12:51:42.103,0,GPU-e2681f6e-8d94-2d66-484f-43ea602335f9,291.38,1410,1593,95,73,73879,55
2026/07/20 12:51:42.353,0,GPU-e2681f6e-8d94-2d66-484f-43ea602335f9,298.04,1410,1593,94,79,73879,55
2026/07/20 12:51:42.603,0,GPU-e2681f6e-8d94-2d66-484f-43ea602335f9,300.16,1410,1593,94,78,73879,55
2026/07/20 12:51:42.853,0,GPU-e2681f6e-8d94-2d66-484f-43ea602335f9,295.60,1410,1593,94,79,73879,55
2026/07/20 12:51:43.103,0,GPU-e2681f6e-8d94-2d66-484f-43ea602335f9,303.78,1410,1593,93,78,73879,55
2026/07/20 12:51:43.353,0,GPU-e2681f6e-8d94-2d66-484f-43ea602335f9,305.29,1410,1593,93,78,73879,55
2026/07/20 12:51:43.603,0,GPU-e2681f6e-8d94-2d66-484f-43ea602335f9,304.98,1410,1593,94,79,73879,55
2026/07/20 12:51:43.853,0,GPU-e2681f6e-8d94-2d66-484f-43ea602335f9,95.50,1410,1593,35,20,73879,55
2026/07/20 12:51:44.103,0,GPU-e2681f6e-8d94-2d66-484f-43ea602335f9,299.84,1410,1593,94,79,73879,55
2026/07/20 12:51:44.353,0,GPU-e2681f6e-8d94-2d66-484f-43ea602335f9,295.93,1410,1593,94,78,73879,55
2026/07/20 12:51:44.604,0,GPU-e2681f6e-8d94-2d66-484f-43ea602335f9,297.45,1410,1593,94,78,73879,55
2026/07/20 12:51:44.854,0,GPU-e2681f6e-8d94-2d66-484f-43ea602335f9,297.72,1410,1593,94,70,73879,56
2026/07/20 12:51:45.104,0,GPU-e2681f6e-8d94-2d66-484f-43ea602335f9,291.11,1410,1593,93,77,73879,55
2026/07/20 12:51:45.354,0,GPU-e2681f6e-8d94-2d66-484f-43ea602335f9,282.95,1410,1593,93,77,73879,55
2026/07/20 12:51:45.604,0,GPU-e2681f6e-8d94-2d66-484f-43ea602335f9,287.45,1410,1593,93,77,73879,55
2026/07/20 12:51:45.854,0,GPU-e2681f6e-8d94-2d66-484f-43ea602335f9,294.14,1410,1593,94,78,73879,55
2026/07/20 12:51:46.104,0,GPU-e2681f6e-8d94-2d66-484f-43ea602335f9,301.95,1410,1593,93,77,73879,53
2026/07/20 12:51:46.354,0,GPU-e2681f6e-8d94-2d66-484f-43ea602335f9,94.21,1410,1593,39,33,73879,50
2026/07/20 12:51:46.604,0,GPU-e2681f6e-8d94-2d66-484f-43ea602335f9,93.29,1410,1593,0,0,73879,48
2026/07/20 12:51:46.854,0,GPU-e2681f6e-8d94-2d66-484f-43ea602335f9,150.34,1410,1593,30,16,73879,52
2026/07/20 12:51:47.104,0,GPU-e2681f6e-8d94-2d66-484f-43ea602335f9,300.47,1410,1593,94,78,73879,53
2026/07/20 12:51:47.354,0,GPU-e2681f6e-8d94-2d66-484f-43ea602335f9,299.28,1410,1593,94,79,73879,54
2026/07/20 12:51:47.604,0,GPU-e2681f6e-8d94-2d66-484f-43ea602335f9,298.35,1410,1593,94,79,73879,54
2026/07/20 12:51:47.855,0,GPU-e2681f6e-8d94-2d66-484f-43ea602335f9,266.95,1410,1593,85,62,73879,55
2026/07/20 12:51:48.105,0,GPU-e2681f6e-8d94-2d66-484f-43ea602335f9,306.50,1410,1593,94,79,73879,55
2026/07/20 12:51:48.355,0,GPU-e2681f6e-8d94-2d66-484f-43ea602335f9,307.09,1410,1593,94,78,73879,55
2026/07/20 12:51:48.605,0,GPU-e2681f6e-8d94-2d66-484f-43ea602335f9,297.72,1410,1593,94,79,73879,55
2026/07/20 12:51:48.855,0,GPU-e2681f6e-8d94-2d66-484f-43ea602335f9,298.64,1410,1593,95,79,73879,55
2026/07/20 12:51:49.105,0,GPU-e2681f6e-8d94-2d66-484f-43ea602335f9,293.20,1410,1593,94,78,73879,55
2026/07/20 12:51:49.355,0,GPU-e2681f6e-8d94-2d66-484f-43ea602335f9,306.77,1410,1593,93,78,73879,55
2026/07/20 12:51:49.605,0,GPU-e2681f6e-8d94-2d66-484f-43ea602335f9,301.95,1410,1593,93,78,73879,55
2026/07/20 12:51:49.856,0,GPU-e2681f6e-8d94-2d66-484f-43ea602335f9,291.71,1410,1593,94,78,73879,57
2026/07/20 12:51:50.193,0,GPU-e2681f6e-8d94-2d66-484f-43ea602335f9,291.71,1410,1593,93,77,73879,55
2026/07/20 12:51:50.443,0,GPU-e2681f6e-8d94-2d66-484f-43ea602335f9,298.64,1410,1593,94,79,73879,55
2026/07/20 12:51:50.694,0,GPU-e2681f6e-8d94-2d66-484f-43ea602335f9,295.64,1410,1593,94,79,73879,55
2026/07/20 12:51:50.944,0,GPU-e2681f6e-8d94-2d66-484f-43ea602335f9,361.98,1410,1593,96,59,73879,61
2026/07/20 12:51:51.194,0,GPU-e2681f6e-8d94-2d66-484f-43ea602335f9,290.82,1410,1593,95,71,73879,56
2026/07/20 12:51:51.444,0,GPU-e2681f6e-8d94-2d66-484f-43ea602335f9,288.67,1410,1593,93,76,73879,55
2026/07/20 12:51:51.694,0,GPU-e2681f6e-8d94-2d66-484f-43ea602335f9,292.01,1410,1593,93,76,73879,55
2026/07/20 12:51:51.944,0,GPU-e2681f6e-8d94-2d66-484f-43ea602335f9,292.03,1410,1593,94,77,73879,55
2026/07/20 12:51:52.194,0,GPU-e2681f6e-8d94-2d66-484f-43ea602335f9,290.52,1410,1593,94,77,73879,55
2026/07/20 12:51:52.444,0,GPU-e2681f6e-8d94-2d66-484f-43ea602335f9,292.93,1410,1593,94,77,73879,55
2026/07/20 12:51:52.694,0,GPU-e2681f6e-8d94-2d66-484f-43ea602335f9,296.26,1410,1593,94,77,73879,55
2026/07/20 12:51:52.944,0,GPU-e2681f6e-8d94-2d66-484f-43ea602335f9,295.32,1410,1593,93,67,73879,56
2026/07/20 12:51:53.194,0,GPU-e2681f6e-8d94-2d66-484f-43ea602335f9,293.80,1410,1593,94,77,73879,55
2026/07/20 12:51:53.444,0,GPU-e2681f6e-8d94-2d66-484f-43ea602335f9,297.72,1410,1593,94,77,73879,55
2026/07/20 12:51:53.695,0,GPU-e2681f6e-8d94-2d66-484f-43ea602335f9,304.65,1410,1593,95,79,73879,55
2026/07/20 12:51:53.945,0,GPU-e2681f6e-8d94-2d66-484f-43ea602335f9,301.07,1410,1593,88,65,73879,56
2026/07/20 12:51:54.195,0,GPU-e2681f6e-8d94-2d66-484f-43ea602335f9,298.62,1410,1593,94,79,73879,55
2026/07/20 12:51:54.445,0,GPU-e2681f6e-8d94-2d66-484f-43ea602335f9,297.45,1410,1593,94,78,73879,55
2026/07/20 12:51:54.695,0,GPU-e2681f6e-8d94-2d66-484f-43ea602335f9,296.26,1410,1593,94,79,73879,55
2026/07/20 12:51:54.945,0,GPU-e2681f6e-8d94-2d66-484f-43ea602335f9,293.82,1410,1593,92,67,73879,56
2026/07/20 12:51:55.195,0,GPU-e2681f6e-8d94-2d66-484f-43ea602335f9,301.39,1410,1593,94,78,73879,55
2026/07/20 12:51:55.445,0,GPU-e2681f6e-8d94-2d66-484f-43ea602335f9,304.70,1410,1593,94,79,73879,55
2026/07/20 12:51:55.695,0,GPU-e2681f6e-8d94-2d66-484f-43ea602335f9,304.10,1410,1593,94,79,73879,55
2026/07/20 12:51:55.945,0,GPU-e2681f6e-8d94-2d66-484f-43ea602335f9,303.46,1410,1593,94,79,73879,55
2026/07/20 12:51:56.195,0,GPU-e2681f6e-8d94-2d66-484f-43ea602335f9,300.15,1410,1593,94,79,73879,55
2026/07/20 12:51:56.446,0,GPU-e2681f6e-8d94-2d66-484f-43ea602335f9,102.07,1410,1593,94,79,73879,52
2026/07/20 12:51:56.696,0,GPU-e2681f6e-8d94-2d66-484f-43ea602335f9,93.88,1410,1593,35,29,73879,49
2026/07/20 12:51:56.946,0,GPU-e2681f6e-8d94-2d66-484f-43ea602335f9,303.51,1410,1593,57,39,73879,53
2026/07/20 12:51:57.196,0,GPU-e2681f6e-8d94-2d66-484f-43ea602335f9,301.99,1410,1593,94,79,73879,54
2026/07/20 12:51:57.446,0,GPU-e2681f6e-8d94-2d66-484f-43ea602335f9,296.53,1410,1593,94,78,73879,54
2026/07/20 12:51:57.696,0,GPU-e2681f6e-8d94-2d66-484f-43ea602335f9,300.43,1410,1593,94,78,73879,55
2026/07/20 12:51:57.946,0,GPU-e2681f6e-8d94-2d66-484f-43ea602335f9,311.32,1410,1593,92,68,73879,55
2026/07/20 12:51:58.196,0,GPU-e2681f6e-8d94-2d66-484f-43ea602335f9,302.55,1410,1593,94,78,73879,55
2026/07/20 12:51:58.446,0,GPU-e2681f6e-8d94-2d66-484f-43ea602335f9,289.30,1410,1593,94,79,73879,55
2026/07/20 12:51:58.696,0,GPU-e2681f6e-8d94-2d66-484f-43ea602335f9,303.78,1410,1593,92,77,73879,55
2026/07/20 12:51:58.946,0,GPU-e2681f6e-8d94-2d66-484f-43ea602335f9,303.46,1410,1593,93,78,73879,55
2026/07/20 12:51:59.196,0,GPU-e2681f6e-8d94-2d66-484f-43ea602335f9,298.35,1410,1593,92,77,73879,55
2026/07/20 12:51:59.447,0,GPU-e2681f6e-8d94-2d66-484f-43ea602335f9,298.62,1410,1593,94,79,73879,55
2026/07/20 12:51:59.697,0,GPU-e2681f6e-8d94-2d66-484f-43ea602335f9,184.55,1410,1593,61,51,73879,52
2026/07/20 12:51:59.947,0,GPU-e2681f6e-8d94-2d66-484f-43ea602335f9,308.69,1410,1593,69,48,73879,55
2026/07/20 12:52:00.197,0,GPU-e2681f6e-8d94-2d66-484f-43ea602335f9,301.39,1410,1593,94,78,73879,55
2026/07/20 12:52:00.447,0,GPU-e2681f6e-8d94-2d66-484f-43ea602335f9,297.80,1410,1593,94,79,73879,55
2026/07/20 12:52:00.697,0,GPU-e2681f6e-8d94-2d66-484f-43ea602335f9,299.00,1410,1593,93,78,73879,55
2026/07/20 12:52:00.947,0,GPU-e2681f6e-8d94-2d66-484f-43ea602335f9,304.77,1410,1593,94,78,73879,55
2026/07/20 12:52:01.197,0,GPU-e2681f6e-8d94-2d66-484f-43ea602335f9,305.04,1410,1593,94,78,73879,55
2026/07/20 12:52:01.447,0,GPU-e2681f6e-8d94-2d66-484f-43ea602335f9,300.20,1410,1593,93,78,73879,55
2026/07/20 12:52:01.697,0,GPU-e2681f6e-8d94-2d66-484f-43ea602335f9,302.92,1410,1593,94,79,73879,55
2026/07/20 12:52:01.947,0,GPU-e2681f6e-8d94-2d66-484f-43ea602335f9,291.10,1410,1593,93,68,73879,56
2026/07/20 12:52:02.198,0,GPU-e2681f6e-8d94-2d66-484f-43ea602335f9,293.82,1410,1593,94,78,73879,55
2026/07/20 12:52:02.448,0,GPU-e2681f6e-8d94-2d66-484f-43ea602335f9,291.72,1410,1593,93,77,73879,55
2026/07/20 12:52:02.698,0,GPU-e2681f6e-8d94-2d66-484f-43ea602335f9,303.24,1410,1593,93,78,73879,55
2026/07/20 12:52:02.948,0,GPU-e2681f6e-8d94-2d66-484f-43ea602335f9,488.34,1410,1593,95,51,73879,58
2026/07/20 12:52:03.198,0,GPU-e2681f6e-8d94-2d66-484f-43ea602335f9,299.27,1410,1593,94,77,73879,56
2026/07/20 12:52:03.448,0,GPU-e2681f6e-8d94-2d66-484f-43ea602335f9,293.82,1410,1593,94,77,73879,55
2026/07/20 12:52:03.698,0,GPU-e2681f6e-8d94-2d66-484f-43ea602335f9,288.05,1410,1593,94,77,73879,55
2026/07/20 12:52:03.948,0,GPU-e2681f6e-8d94-2d66-484f-43ea602335f9,289.90,1410,1593,94,77,73879,55
2026/07/20 12:52:04.198,0,GPU-e2681f6e-8d94-2d66-484f-43ea602335f9,284.45,1410,1593,93,76,73879,55
2026/07/20 12:52:04.448,0,GPU-e2681f6e-8d94-2d66-484f-43ea602335f9,290.50,1410,1593,93,76,73879,55
2026/07/20 12:52:04.698,0,GPU-e2681f6e-8d94-2d66-484f-43ea602335f9,297.80,1410,1593,90,73,73879,55
2026/07/20 12:52:04.949,0,GPU-e2681f6e-8d94-2d66-484f-43ea602335f9,290.50,1410,1593,94,78,73879,55
2026/07/20 12:52:05.199,0,GPU-e2681f6e-8d94-2d66-484f-43ea602335f9,285.33,1410,1593,94,77,73879,55
2026/07/20 12:52:05.449,0,GPU-e2681f6e-8d94-2d66-484f-43ea602335f9,293.82,1410,1593,94,77,73879,55
2026/07/20 12:52:05.699,0,GPU-e2681f6e-8d94-2d66-484f-43ea602335f9,286.85,1410,1593,95,78,73879,55
2026/07/20 12:52:05.949,0,GPU-e2681f6e-8d94-2d66-484f-43ea602335f9,288.38,1410,1593,94,77,73879,55
2026/07/20 12:52:06.199,0,GPU-e2681f6e-8d94-2d66-484f-43ea602335f9,283.52,1410,1593,94,76,73879,55
2026/07/20 12:52:06.449,0,GPU-e2681f6e-8d94-2d66-484f-43ea602335f9,284.45,1410,1593,93,76,73879,55
2026/07/20 12:52:06.699,0,GPU-e2681f6e-8d94-2d66-484f-43ea602335f9,277.16,1410,1593,94,77,73879,54
2026/07/20 12:52:06.949,0,GPU-e2681f6e-8d94-2d66-484f-43ea602335f9,295.02,1410,1593,93,68,73879,55
2026/07/20 12:52:07.199,0,GPU-e2681f6e-8d94-2d66-484f-43ea602335f9,296.54,1410,1593,94,78,73879,55
2026/07/20 12:52:07.449,0,GPU-e2681f6e-8d94-2d66-484f-43ea602335f9,296.54,1410,1593,93,78,73879,55
2026/07/20 12:52:07.700,0,GPU-e2681f6e-8d94-2d66-484f-43ea602335f9,297.80,1410,1593,93,78,73879,55
2026/07/20 12:52:07.950,0,GPU-e2681f6e-8d94-2d66-484f-43ea602335f9,300.79,1410,1593,94,79,73879,55
2026/07/20 12:52:08.200,0,GPU-e2681f6e-8d94-2d66-484f-43ea602335f9,302.32,1410,1593,93,78,73879,55
2026/07/20 12:52:08.450,0,GPU-e2681f6e-8d94-2d66-484f-43ea602335f9,301.39,1410,1593,93,78,73879,55
2026/07/20 12:52:08.700,0,GPU-e2681f6e-8d94-2d66-484f-43ea602335f9,299.59,1410,1593,93,78,73879,53
2026/07/20 12:52:08.950,0,GPU-e2681f6e-8d94-2d66-484f-43ea602335f9,301.99,1410,1593,71,59,73879,55
2026/07/20 12:52:09.200,0,GPU-e2681f6e-8d94-2d66-484f-43ea602335f9,297.47,1410,1593,94,78,73879,55
2026/07/20 12:52:09.450,0,GPU-e2681f6e-8d94-2d66-484f-43ea602335f9,303.24,1410,1593,94,78,73879,55
2026/07/20 12:52:09.700,0,GPU-e2681f6e-8d94-2d66-484f-43ea602335f9,300.79,1410,1593,94,78,73879,55
2026/07/20 12:52:09.950,0,GPU-e2681f6e-8d94-2d66-484f-43ea602335f9,294.42,1410,1593,89,65,73879,55
2026/07/20 12:52:10.200,0,GPU-e2681f6e-8d94-2d66-484f-43ea602335f9,304.12,1410,1593,94,78,73879,55
2026/07/20 12:52:10.450,0,GPU-e2681f6e-8d94-2d66-484f-43ea602335f9,303.84,1410,1593,93,78,73879,55
2026/07/20 12:52:10.701,0,GPU-e2681f6e-8d94-2d66-484f-43ea602335f9,300.20,1410,1593,94,79,73879,55
2026/07/20 12:52:10.951,0,GPU-e2681f6e-8d94-2d66-484f-43ea602335f9,301.12,1410,1593,94,78,73879,55
2026/07/20 12:52:11.201,0,GPU-e2681f6e-8d94-2d66-484f-43ea602335f9,298.67,1410,1593,94,78,73879,55
2026/07/20 12:52:11.451,0,GPU-e2681f6e-8d94-2d66-484f-43ea602335f9,294.75,1410,1593,94,78,73879,55
2026/07/20 12:52:11.701,0,GPU-e2681f6e-8d94-2d66-484f-43ea602335f9,304.44,1410,1593,93,78,73879,55
2026/07/20 12:52:11.951,0,GPU-e2681f6e-8d94-2d66-484f-43ea602335f9,300.79,1410,1593,93,78,73879,55
2026/07/20 12:52:12.201,0,GPU-e2681f6e-8d94-2d66-484f-43ea602335f9,298.07,1410,1593,93,78,73879,55
2026/07/20 12:52:12.451,0,GPU-e2681f6e-8d94-2d66-484f-43ea602335f9,296.87,1410,1593,94,78,73879,55
2026/07/20 12:52:12.701,0,GPU-e2681f6e-8d94-2d66-484f-43ea602335f9,304.12,1410,1593,93,78,73879,55
2026/07/20 12:52:12.951,0,GPU-e2681f6e-8d94-2d66-484f-43ea602335f9,331.12,1410,1593,91,72,73879,56
2026/07/20 12:52:13.201,0,GPU-e2681f6e-8d94-2d66-484f-43ea602335f9,292.89,1410,1593,93,76,73879,55
2026/07/20 12:52:13.452,0,GPU-e2681f6e-8d94-2d66-484f-43ea602335f9,303.84,1410,1593,85,70,73879,55
2026/07/20 12:52:13.702,0,GPU-e2681f6e-8d94-2d66-484f-43ea602335f9,303.51,1410,1593,94,79,73879,55
2026/07/20 12:52:13.952,0,GPU-e2681f6e-8d94-2d66-484f-43ea602335f9,301.99,1410,1593,94,79,73879,55
2026/07/20 12:52:14.202,0,GPU-e2681f6e-8d94-2d66-484f-43ea602335f9,299.59,1410,1593,94,79,73879,55
2026/07/20 12:52:14.452,0,GPU-e2681f6e-8d94-2d66-484f-43ea602335f9,299.86,1410,1593,94,79,73879,55
2026/07/20 12:52:14.702,0,GPU-e2681f6e-8d94-2d66-484f-43ea602335f9,95.40,1410,1593,69,57,73879,51
2026/07/20 12:52:14.952,0,GPU-e2681f6e-8d94-2d66-484f-43ea602335f9,305.64,1410,1593,95,76,73879,54
2026/07/20 12:52:15.202,0,GPU-e2681f6e-8d94-2d66-484f-43ea602335f9,303.51,1410,1593,94,79,73879,55
2026/07/20 12:52:15.452,0,GPU-e2681f6e-8d94-2d66-484f-43ea602335f9,304.44,1410,1593,94,79,73879,55
2026/07/20 12:52:15.702,0,GPU-e2681f6e-8d94-2d66-484f-43ea602335f9,303.24,1410,1593,94,79,73879,53
2026/07/20 12:52:15.952,0,GPU-e2681f6e-8d94-2d66-484f-43ea602335f9,316.59,1410,1593,60,44,73879,55
2026/07/20 12:52:16.202,0,GPU-e2681f6e-8d94-2d66-484f-43ea602335f9,304.13,1410,1593,94,79,73879,55
2026/07/20 12:52:16.453,0,GPU-e2681f6e-8d94-2d66-484f-43ea602335f9,304.77,1410,1593,94,79,73879,55
2026/07/20 12:52:16.703,0,GPU-e2681f6e-8d94-2d66-484f-43ea602335f9,183.75,1410,1593,94,79,73879,52
2026/07/20 12:52:16.953,0,GPU-e2681f6e-8d94-2d66-484f-43ea602335f9,305.36,1410,1593,40,25,73879,55
2026/07/20 12:52:17.203,0,GPU-e2681f6e-8d94-2d66-484f-43ea602335f9,303.24,1410,1593,94,79,73879,55
2026/07/20 12:52:17.453,0,GPU-e2681f6e-8d94-2d66-484f-43ea602335f9,304.44,1410,1593,94,79,73879,55
2026/07/20 12:52:17.703,0,GPU-e2681f6e-8d94-2d66-484f-43ea602335f9,301.39,1410,1593,94,79,73879,55
2026/07/20 12:52:17.953,0,GPU-e2681f6e-8d94-2d66-484f-43ea602335f9,299.86,1410,1593,95,70,73879,56
2026/07/20 12:52:18.203,0,GPU-e2681f6e-8d94-2d66-484f-43ea602335f9,284.72,1410,1593,93,77,73879,55
2026/07/20 12:52:18.453,0,GPU-e2681f6e-8d94-2d66-484f-43ea602335f9,299.59,1410,1593,94,79,73879,55
2026/07/20 12:52:18.703,0,GPU-e2681f6e-8d94-2d66-484f-43ea602335f9,302.64,1410,1593,94,79,73879,55
2026/07/20 12:52:18.953,0,GPU-e2681f6e-8d94-2d66-484f-43ea602335f9,298.07,1410,1593,90,66,73879,56
2026/07/20 12:52:19.204,0,GPU-e2681f6e-8d94-2d66-484f-43ea602335f9,293.55,1410,1593,94,77,73879,55
2026/07/20 12:52:19.454,0,GPU-e2681f6e-8d94-2d66-484f-43ea602335f9,295.67,1410,1593,94,78,73879,55
2026/07/20 12:52:19.704,0,GPU-e2681f6e-8d94-2d66-484f-43ea602335f9,278.36,1410,1593,94,78,73879,55
2026/07/20 12:52:19.954,0,GPU-e2681f6e-8d94-2d66-484f-43ea602335f9,306.24,1410,1593,86,72,73879,55
2026/07/20 12:52:20.204,0,GPU-e2681f6e-8d94-2d66-484f-43ea602335f9,303.24,1410,1593,94,79,73879,55
2026/07/20 12:52:20.454,0,GPU-e2681f6e-8d94-2d66-484f-43ea602335f9,309.02,1410,1593,94,79,73879,55
2026/07/20 12:52:20.704,0,GPU-e2681f6e-8d94-2d66-484f-43ea602335f9,306.24,1410,1593,95,79,73879,55
2026/07/20 12:52:20.954,0,GPU-e2681f6e-8d94-2d66-484f-43ea602335f9,299.59,1410,1593,90,66,73879,56
2026/07/20 12:52:21.204,0,GPU-e2681f6e-8d94-2d66-484f-43ea602335f9,302.32,1410,1593,85,70,73879,55
2026/07/20 12:52:21.454,0,GPU-e2681f6e-8d94-2d66-484f-43ea602335f9,302.64,1410,1593,94,79,73879,55
2026/07/20 12:52:21.704,0,GPU-e2681f6e-8d94-2d66-484f-43ea602335f9,308.69,1410,1593,94,79,73879,55
2026/07/20 12:52:21.955,0,GPU-e2681f6e-8d94-2d66-484f-43ea602335f9,301.39,1410,1593,94,79,73879,56
2026/07/20 12:52:22.205,0,GPU-e2681f6e-8d94-2d66-484f-43ea602335f9,308.69,1410,1593,94,79,73879,55
2026/07/20 12:52:22.455,0,GPU-e2681f6e-8d94-2d66-484f-43ea602335f9,307.76,1410,1593,95,79,73879,55
2026/07/20 12:52:22.727,0,GPU-e2681f6e-8d94-2d66-484f-43ea602335f9,307.76,1410,1593,95,79,73879,55
2026/07/20 12:52:22.977,0,GPU-e2681f6e-8d94-2d66-484f-43ea602335f9,299.00,1410,1593,90,66,73879,56
2026/07/20 12:52:23.227,0,GPU-e2681f6e-8d94-2d66-484f-43ea602335f9,299.59,1410,1593,88,73,73879,55
2026/07/20 12:52:23.478,0,GPU-e2681f6e-8d94-2d66-484f-43ea602335f9,312.34,1410,1593,94,78,73879,55
2026/07/20 12:52:23.728,0,GPU-e2681f6e-8d94-2d66-484f-43ea602335f9,303.24,1410,1593,93,78,73879,55
2026/07/20 12:52:23.978,0,GPU-e2681f6e-8d94-2d66-484f-43ea602335f9,293.82,1410,1593,90,66,73879,56
2026/07/20 12:52:24.228,0,GPU-e2681f6e-8d94-2d66-484f-43ea602335f9,296.87,1410,1593,94,78,73879,55
2026/07/20 12:52:24.478,0,GPU-e2681f6e-8d94-2d66-484f-43ea602335f9,290.77,1410,1593,94,77,73879,55
2026/07/20 12:52:24.728,0,GPU-e2681f6e-8d94-2d66-484f-43ea602335f9,266.54,1410,1593,91,75,73879,55
2026/07/20 12:52:24.978,0,GPU-e2681f6e-8d94-2d66-484f-43ea602335f9,299.86,1410,1593,93,68,73879,56
2026/07/20 12:52:25.228,0,GPU-e2681f6e-8d94-2d66-484f-43ea602335f9,295.02,1410,1593,95,78,73879,55
2026/07/20 12:52:25.478,0,GPU-e2681f6e-8d94-2d66-484f-43ea602335f9,294.15,1410,1593,95,78,73879,55
2026/07/20 12:52:25.728,0,GPU-e2681f6e-8d94-2d66-484f-43ea602335f9,306.85,1410,1593,94,78,73879,55
2026/07/20 12:52:25.978,0,GPU-e2681f6e-8d94-2d66-484f-43ea602335f9,299.89,1410,1593,88,65,73879,56
2026/07/20 12:52:26.229,0,GPU-e2681f6e-8d94-2d66-484f-43ea602335f9,307.76,1410,1593,94,79,73879,56
2026/07/20 12:52:26.479,0,GPU-e2681f6e-8d94-2d66-484f-43ea602335f9,306.56,1410,1593,94,79,73879,56
2026/07/20 12:52:26.729,0,GPU-e2681f6e-8d94-2d66-484f-43ea602335f9,306.89,1410,1593,94,79,73879,56
2026/07/20 12:52:26.979,0,GPU-e2681f6e-8d94-2d66-484f-43ea602335f9,305.64,1410,1593,94,79,73879,56
2026/07/20 12:52:27.229,0,GPU-e2681f6e-8d94-2d66-484f-43ea602335f9,307.17,1410,1593,94,79,73879,56
2026/07/20 12:52:27.479,0,GPU-e2681f6e-8d94-2d66-484f-43ea602335f9,304.44,1410,1593,94,79,73879,56
2026/07/20 12:52:27.729,0,GPU-e2681f6e-8d94-2d66-484f-43ea602335f9,304.12,1410,1593,94,79,73879,56
2026/07/20 12:52:27.979,0,GPU-e2681f6e-8d94-2d66-484f-43ea602335f9,301.12,1410,1593,94,79,73879,56
2026/07/20 12:52:28.229,0,GPU-e2681f6e-8d94-2d66-484f-43ea602335f9,312.01,1410,1593,94,79,73879,56
2026/07/20 12:52:28.479,0,GPU-e2681f6e-8d94-2d66-484f-43ea602335f9,299.58,1410,1593,94,78,73879,56
2026/07/20 12:52:28.729,0,GPU-e2681f6e-8d94-2d66-484f-43ea602335f9,307.44,1410,1593,94,79,73879,56
2026/07/20 12:52:28.980,0,GPU-e2681f6e-8d94-2d66-484f-43ea602335f9,308.36,1410,1593,94,79,73879,56
2026/07/20 12:52:29.230,0,GPU-e2681f6e-8d94-2d66-484f-43ea602335f9,309.62,1410,1593,95,79,73879,56
2026/07/20 12:52:29.480,0,GPU-e2681f6e-8d94-2d66-484f-43ea602335f9,95.89,1410,1593,94,79,73879,51
2026/07/20 12:52:29.730,0,GPU-e2681f6e-8d94-2d66-484f-43ea602335f9,93.77,1410,1593,0,0,73879,49
2026/07/20 12:52:29.980,0,GPU-e2681f6e-8d94-2d66-484f-43ea602335f9,297.47,1410,1593,62,43,73879,54
2026/07/20 12:52:30.230,0,GPU-e2681f6e-8d94-2d66-484f-43ea602335f9,299.27,1410,1593,94,79,73879,54
2026/07/20 12:52:30.480,0,GPU-e2681f6e-8d94-2d66-484f-43ea602335f9,296.87,1410,1593,94,79,73879,55
2026/07/20 12:52:30.730,0,GPU-e2681f6e-8d94-2d66-484f-43ea602335f9,306.24,1410,1593,94,79,73879,55
2026/07/20 12:52:30.980,0,GPU-e2681f6e-8d94-2d66-484f-43ea602335f9,293.53,1410,1593,93,68,73879,55
2026/07/20 12:52:31.230,0,GPU-e2681f6e-8d94-2d66-484f-43ea602335f9,295.35,1410,1593,94,78,73879,55
2026/07/20 12:52:31.480,0,GPU-e2681f6e-8d94-2d66-484f-43ea602335f9,293.23,1410,1593,94,78,73879,55
2026/07/20 12:52:31.731,0,GPU-e2681f6e-8d94-2d66-484f-43ea602335f9,293.23,1410,1593,94,78,73879,55
2026/07/20 12:52:31.981,0,GPU-e2681f6e-8d94-2d66-484f-43ea602335f9,305.64,1410,1593,86,71,73879,55
2026/07/20 12:52:32.231,0,GPU-e2681f6e-8d94-2d66-484f-43ea602335f9,302.00,1410,1593,94,79,73879,55
2026/07/20 12:52:32.481,0,GPU-e2681f6e-8d94-2d66-484f-43ea602335f9,304.44,1410,1593,94,79,73879,55
2026/07/20 12:52:32.731,0,GPU-e2681f6e-8d94-2d66-484f-43ea602335f9,207.12,1410,1593,49,41,73879,53
2026/07/20 12:52:32.981,0,GPU-e2681f6e-8d94-2d66-484f-43ea602335f9,301.72,1410,1593,74,53,73879,55
2026/07/20 12:52:33.231,0,GPU-e2681f6e-8d94-2d66-484f-43ea602335f9,300.79,1410,1593,94,79,73879,55
2026/07/20 12:52:33.481,0,GPU-e2681f6e-8d94-2d66-484f-43ea602335f9,300.52,1410,1593,95,79,73879,55
2026/07/20 12:52:33.731,0,GPU-e2681f6e-8d94-2d66-484f-43ea602335f9,299.27,1410,1593,94,79,73879,55
2026/07/20 12:52:33.981,0,GPU-e2681f6e-8d94-2d66-484f-43ea602335f9,308.05,1410,1593,86,63,73879,56
2026/07/20 12:52:34.231,0,GPU-e2681f6e-8d94-2d66-484f-43ea602335f9,303.84,1410,1593,94,79,73879,55
2026/07/20 12:52:34.481,0,GPU-e2681f6e-8d94-2d66-484f-43ea602335f9,299.59,1410,1593,95,79,73879,55
2026/07/20 12:52:34.732,0,GPU-e2681f6e-8d94-2d66-484f-43ea602335f9,299.00,1410,1593,94,79,73879,55
2026/07/20 12:52:34.982,0,GPU-e2681f6e-8d94-2d66-484f-43ea602335f9,296.87,1410,1593,94,79,73879,55
2026/07/20 12:52:35.232,0,GPU-e2681f6e-8d94-2d66-484f-43ea602335f9,308.69,1410,1593,94,79,73879,55
2026/07/20 12:52:35.482,0,GPU-e2681f6e-8d94-2d66-484f-43ea602335f9,303.84,1410,1593,94,79,73879,55
2026/07/20 12:52:35.732,0,GPU-e2681f6e-8d94-2d66-484f-43ea602335f9,304.12,1410,1593,94,79,73879,55
2026/07/20 12:52:35.982,0,GPU-e2681f6e-8d94-2d66-484f-43ea602335f9,303.24,1410,1593,94,79,73879,55
2026/07/20 12:52:36.232,0,GPU-e2681f6e-8d94-2d66-484f-43ea602335f9,303.84,1410,1593,94,79,73879,55
2026/07/20 12:52:36.482,0,GPU-e2681f6e-8d94-2d66-484f-43ea602335f9,305.97,1410,1593,94,79,73879,55
2026/07/20 12:52:36.732,0,GPU-e2681f6e-8d94-2d66-484f-43ea602335f9,301.72,1410,1593,94,79,73879,55
2026/07/20 12:52:36.982,0,GPU-e2681f6e-8d94-2d66-484f-43ea602335f9,303.20,1410,1593,95,79,73879,55
2026/07/20 12:52:37.232,0,GPU-e2681f6e-8d94-2d66-484f-43ea602335f9,301.68,1410,1593,94,79,73879,55
2026/07/20 12:52:37.483,0,GPU-e2681f6e-8d94-2d66-484f-43ea602335f9,302.32,1410,1593,94,79,73879,55
2026/07/20 12:52:37.733,0,GPU-e2681f6e-8d94-2d66-484f-43ea602335f9,299.59,1410,1593,90,75,73879,54
2026/07/20 12:52:37.983,0,GPU-e2681f6e-8d94-2d66-484f-43ea602335f9,289.30,1410,1593,88,62,73879,56
2026/07/20 12:52:38.233,0,GPU-e2681f6e-8d94-2d66-484f-43ea602335f9,293.25,1410,1593,95,78,73879,55
2026/07/20 12:52:38.483,0,GPU-e2681f6e-8d94-2d66-484f-43ea602335f9,288.38,1410,1593,94,78,73879,55
2026/07/20 12:52:38.733,0,GPU-e2681f6e-8d94-2d66-484f-43ea602335f9,301.39,1410,1593,93,77,73879,55
2026/07/20 12:52:38.983,0,GPU-e2681f6e-8d94-2d66-484f-43ea602335f9,297.14,1410,1593,93,68,73879,56
2026/07/20 12:52:39.233,0,GPU-e2681f6e-8d94-2d66-484f-43ea602335f9,301.99,1410,1593,94,79,73879,56
2026/07/20 12:52:39.483,0,GPU-e2681f6e-8d94-2d66-484f-43ea602335f9,301.10,1410,1593,94,79,73879,55
2026/07/20 12:52:39.733,0,GPU-e2681f6e-8d94-2d66-484f-43ea602335f9,302.64,1410,1593,94,79,73879,55
2026/07/20 12:52:39.983,0,GPU-e2681f6e-8d94-2d66-484f-43ea602335f9,302.32,1410,1593,94,79,73879,56
2026/07/20 12:52:40.233,0,GPU-e2681f6e-8d94-2d66-484f-43ea602335f9,297.80,1410,1593,94,79,73879,55
2026/07/20 12:52:40.483,0,GPU-e2681f6e-8d94-2d66-484f-43ea602335f9,304.77,1410,1593,94,79,73879,55
2026/07/20 12:52:40.733,0,GPU-e2681f6e-8d94-2d66-484f-43ea602335f9,301.72,1410,1593,94,79,73879,55
2026/07/20 12:52:40.983,0,GPU-e2681f6e-8d94-2d66-484f-43ea602335f9,305.64,1410,1593,95,79,73879,56
2026/07/20 12:52:41.234,0,GPU-e2681f6e-8d94-2d66-484f-43ea602335f9,304.44,1410,1593,94,79,73879,56
2026/07/20 12:52:41.484,0,GPU-e2681f6e-8d94-2d66-484f-43ea602335f9,299.27,1410,1593,94,79,73879,56
2026/07/20 12:52:41.734,0,GPU-e2681f6e-8d94-2d66-484f-43ea602335f9,305.04,1410,1593,95,79,73879,56
2026/07/20 12:52:41.984,0,GPU-e2681f6e-8d94-2d66-484f-43ea602335f9,294.42,1410,1593,95,70,73879,56
2026/07/20 12:52:42.234,0,GPU-e2681f6e-8d94-2d66-484f-43ea602335f9,288.05,1410,1593,94,78,73879,55
2026/07/20 12:52:42.484,0,GPU-e2681f6e-8d94-2d66-484f-43ea602335f9,304.12,1410,1593,94,78,73879,56
2026/07/20 12:52:42.734,0,GPU-e2681f6e-8d94-2d66-484f-43ea602335f9,308.96,1410,1593,94,79,73879,56
2026/07/20 12:52:42.984,0,GPU-e2681f6e-8d94-2d66-484f-43ea602335f9,298.07,1410,1593,95,71,73879,56
2026/07/20 12:52:43.234,0,GPU-e2681f6e-8d94-2d66-484f-43ea602335f9,305.04,1410,1593,94,79,73879,56
2026/07/20 12:52:43.484,0,GPU-e2681f6e-8d94-2d66-484f-43ea602335f9,305.97,1410,1593,95,79,73879,56
2026/07/20 12:52:43.734,0,GPU-e2681f6e-8d94-2d66-484f-43ea602335f9,302.32,1410,1593,94,79,73879,56
2026/07/20 12:52:43.984,0,GPU-e2681f6e-8d94-2d66-484f-43ea602335f9,302.92,1410,1593,95,79,73879,56
2026/07/20 12:52:44.234,0,GPU-e2681f6e-8d94-2d66-484f-43ea602335f9,300.20,1410,1593,94,79,73879,56
2026/07/20 12:52:44.484,0,GPU-e2681f6e-8d94-2d66-484f-43ea602335f9,95.67,1410,1593,94,79,73879,52
2026/07/20 12:52:44.735,0,GPU-e2681f6e-8d94-2d66-484f-43ea602335f9,94.10,1410,1593,5,5,73879,49
2026/07/20 12:52:44.985,0,GPU-e2681f6e-8d94-2d66-484f-43ea602335f9,305.64,1410,1593,95,75,73879,54
2026/07/20 12:52:45.235,0,GPU-e2681f6e-8d94-2d66-484f-43ea602335f9,307.76,1410,1593,95,79,73879,55
2026/07/20 12:52:45.485,0,GPU-e2681f6e-8d94-2d66-484f-43ea602335f9,306.24,1410,1593,94,79,73879,55
2026/07/20 12:52:45.735,0,GPU-e2681f6e-8d94-2d66-484f-43ea602335f9,306.24,1410,1593,94,79,73879,55
2026/07/20 12:52:45.985,0,GPU-e2681f6e-8d94-2d66-484f-43ea602335f9,310.16,1410,1593,94,79,73879,55
2026/07/20 12:52:46.235,0,GPU-e2681f6e-8d94-2d66-484f-43ea602335f9,305.36,1410,1593,94,78,73879,55
2026/07/20 12:52:46.485,0,GPU-e2681f6e-8d94-2d66-484f-43ea602335f9,307.49,1410,1593,95,79,73879,55
2026/07/20 12:52:46.735,0,GPU-e2681f6e-8d94-2d66-484f-43ea602335f9,305.97,1410,1593,94,78,73879,55
2026/07/20 12:52:46.985,0,GPU-e2681f6e-8d94-2d66-484f-43ea602335f9,297.47,1410,1593,94,73,73879,56
2026/07/20 12:52:47.235,0,GPU-e2681f6e-8d94-2d66-484f-43ea602335f9,304.45,1410,1593,93,77,73879,55
2026/07/20 12:52:47.485,0,GPU-e2681f6e-8d94-2d66-484f-43ea602335f9,301.72,1410,1593,94,79,73879,55
2026/07/20 12:52:47.735,0,GPU-e2681f6e-8d94-2d66-484f-43ea602335f9,300.20,1410,1593,94,79,73879,55
2026/07/20 12:52:47.986,0,GPU-e2681f6e-8d94-2d66-484f-43ea602335f9,304.12,1410,1593,95,79,73879,55
2026/07/20 12:52:48.236,0,GPU-e2681f6e-8d94-2d66-484f-43ea602335f9,298.39,1410,1593,93,78,73879,55
2026/07/20 12:52:48.486,0,GPU-e2681f6e-8d94-2d66-484f-43ea602335f9,299.55,1410,1593,94,79,73879,55
2026/07/20 12:52:48.736,0,GPU-e2681f6e-8d94-2d66-484f-43ea602335f9,125.19,1410,1593,94,79,73879,53
2026/07/20 12:52:48.986,0,GPU-e2681f6e-8d94-2d66-484f-43ea602335f9,300.79,1410,1593,37,22,73879,55
2026/07/20 12:52:49.236,0,GPU-e2681f6e-8d94-2d66-484f-43ea602335f9,298.07,1410,1593,94,79,73879,55
2026/07/20 12:52:49.486,0,GPU-e2681f6e-8d94-2d66-484f-43ea602335f9,305.36,1410,1593,94,79,73879,55
2026/07/20 12:52:49.736,0,GPU-e2681f6e-8d94-2d66-484f-43ea602335f9,226.41,1410,1593,95,79,73879,55
2026/07/20 12:52:49.986,0,GPU-e2681f6e-8d94-2d66-484f-43ea602335f9,285.06,1410,1593,90,66,73879,56
2026/07/20 12:52:50.236,0,GPU-e2681f6e-8d94-2d66-484f-43ea602335f9,301.39,1410,1593,94,78,73879,55
2026/07/20 12:52:50.486,0,GPU-e2681f6e-8d94-2d66-484f-43ea602335f9,296.27,1410,1593,94,78,73879,55
2026/07/20 12:52:50.736,0,GPU-e2681f6e-8d94-2d66-484f-43ea602335f9,343.55,1410,1593,94,79,73879,53
2026/07/20 12:52:50.986,0,GPU-e2681f6e-8d94-2d66-484f-43ea602335f9,302.64,1410,1593,94,79,73879,56
2026/07/20 12:52:51.236,0,GPU-e2681f6e-8d94-2d66-484f-43ea602335f9,299.00,1410,1593,94,79,73879,56
2026/07/20 12:52:51.486,0,GPU-e2681f6e-8d94-2d66-484f-43ea602335f9,296.87,1410,1593,94,79,73879,55
2026/07/20 12:52:51.737,0,GPU-e2681f6e-8d94-2d66-484f-43ea602335f9,302.93,1410,1593,94,79,73879,55
2026/07/20 12:52:51.987,0,GPU-e2681f6e-8d94-2d66-484f-43ea602335f9,299.89,1410,1593,94,79,73879,55
2026/07/20 12:52:52.237,0,GPU-e2681f6e-8d94-2d66-484f-43ea602335f9,297.47,1410,1593,94,79,73879,55
2026/07/20 12:52:52.487,0,GPU-e2681f6e-8d94-2d66-484f-43ea602335f9,305.68,1410,1593,94,79,73879,55
2026/07/20 12:52:52.737,0,GPU-e2681f6e-8d94-2d66-484f-43ea602335f9,299.27,1410,1593,95,79,73879,55
2026/07/20 12:52:52.987,0,GPU-e2681f6e-8d94-2d66-484f-43ea602335f9,305.64,1410,1593,94,79,73879,55
2026/07/20 12:52:53.237,0,GPU-e2681f6e-8d94-2d66-484f-43ea602335f9,302.64,1410,1593,94,79,73879,56
2026/07/20 12:52:53.487,0,GPU-e2681f6e-8d94-2d66-484f-43ea602335f9,299.00,1410,1593,94,79,73879,55
2026/07/20 12:52:53.737,0,GPU-e2681f6e-8d94-2d66-484f-43ea602335f9,439.99,1410,1593,95,79,73879,56
2026/07/20 12:52:53.987,0,GPU-e2681f6e-8d94-2d66-484f-43ea602335f9,295.35,1410,1593,94,77,73879,56
2026/07/20 12:52:54.237,0,GPU-e2681f6e-8d94-2d66-484f-43ea602335f9,289.57,1410,1593,94,77,73879,55
2026/07/20 12:52:54.487,0,GPU-e2681f6e-8d94-2d66-484f-43ea602335f9,292.89,1410,1593,93,76,73879,55
2026/07/20 12:52:54.737,0,GPU-e2681f6e-8d94-2d66-484f-43ea602335f9,291.42,1410,1593,95,77,73879,56
2026/07/20 12:52:54.987,0,GPU-e2681f6e-8d94-2d66-484f-43ea602335f9,295.02,1410,1593,93,68,73879,56
2026/07/20 12:52:55.238,0,GPU-e2681f6e-8d94-2d66-484f-43ea602335f9,288.05,1410,1593,94,77,73879,55
2026/07/20 12:52:55.488,0,GPU-e2681f6e-8d94-2d66-484f-43ea602335f9,291.10,1410,1593,94,78,73879,55
2026/07/20 12:52:55.738,0,GPU-e2681f6e-8d94-2d66-484f-43ea602335f9,294.42,1410,1593,93,77,73879,55
2026/07/20 12:52:55.988,0,GPU-e2681f6e-8d94-2d66-484f-43ea602335f9,290.17,1410,1593,94,78,73879,55
2026/07/20 12:52:56.238,0,GPU-e2681f6e-8d94-2d66-484f-43ea602335f9,94.97,1410,1593,78,65,73879,50
2026/07/20 12:52:56.488,0,GPU-e2681f6e-8d94-2d66-484f-43ea602335f9,93.77,1410,1593,0,0,73879,49
2026/07/20 12:52:56.738,0,GPU-e2681f6e-8d94-2d66-484f-43ea602335f9,93.17,1410,1593,0,0,73879,51
2026/07/20 12:52:56.988,0,GPU-e2681f6e-8d94-2d66-484f-43ea602335f9,294.42,1410,1593,47,30,73879,53
2026/07/20 12:52:57.238,0,GPU-e2681f6e-8d94-2d66-484f-43ea602335f9,303.84,1410,1593,95,79,73879,54
2026/07/20 12:52:57.488,0,GPU-e2681f6e-8d94-2d66-484f-43ea602335f9,301.72,1410,1593,94,79,73879,54
2026/07/20 12:52:57.738,0,GPU-e2681f6e-8d94-2d66-484f-43ea602335f9,303.84,1410,1593,94,79,73879,55
2026/07/20 12:52:57.988,0,GPU-e2681f6e-8d94-2d66-484f-43ea602335f9,295.02,1410,1593,95,70,73879,55
2026/07/20 12:52:58.238,0,GPU-e2681f6e-8d94-2d66-484f-43ea602335f9,289.90,1410,1593,94,78,73879,55
2026/07/20 12:52:58.488,0,GPU-e2681f6e-8d94-2d66-484f-43ea602335f9,290.17,1410,1593,94,78,73879,55
2026/07/20 12:52:58.739,0,GPU-e2681f6e-8d94-2d66-484f-43ea602335f9,302.61,1410,1593,94,78,73879,55
2026/07/20 12:52:58.989,0,GPU-e2681f6e-8d94-2d66-484f-43ea602335f9,290.50,1410,1593,94,77,73879,55
2026/07/20 12:52:59.239,0,GPU-e2681f6e-8d94-2d66-484f-43ea602335f9,291.42,1410,1593,94,77,73879,55
2026/07/20 12:52:59.489,0,GPU-e2681f6e-8d94-2d66-484f-43ea602335f9,287.18,1410,1593,94,78,73879,55
2026/07/20 12:52:59.739,0,GPU-e2681f6e-8d94-2d66-484f-43ea602335f9,305.35,1410,1593,93,77,73879,55
2026/07/20 12:52:59.989,0,GPU-e2681f6e-8d94-2d66-484f-43ea602335f9,297.14,1410,1593,92,48,73879,57
2026/07/20 12:53:00.239,0,GPU-e2681f6e-8d94-2d66-484f-43ea602335f9,291.42,1410,1593,87,71,73879,55
2026/07/20 12:53:00.489,0,GPU-e2681f6e-8d94-2d66-484f-43ea602335f9,292.30,1410,1593,94,77,73879,55
2026/07/20 12:53:00.739,0,GPU-e2681f6e-8d94-2d66-484f-43ea602335f9,292.30,1410,1593,94,77,73879,55
2026/07/20 12:53:00.989,0,GPU-e2681f6e-8d94-2d66-484f-43ea602335f9,288.97,1410,1593,90,64,73879,55
2026/07/20 12:53:01.239,0,GPU-e2681f6e-8d94-2d66-484f-43ea602335f9,277.43,1410,1593,92,75,73879,54
2026/07/20 12:53:01.489,0,GPU-e2681f6e-8d94-2d66-484f-43ea602335f9,290.50,1410,1593,95,77,73879,55
2026/07/20 12:53:01.739,0,GPU-e2681f6e-8d94-2d66-484f-43ea602335f9,292.89,1410,1593,95,77,73879,55
2026/07/20 12:53:01.989,0,GPU-e2681f6e-8d94-2d66-484f-43ea602335f9,292.62,1410,1593,95,77,73879,55
2026/07/20 12:53:02.240,0,GPU-e2681f6e-8d94-2d66-484f-43ea602335f9,294.42,1410,1593,95,77,73879,55
2026/07/20 12:53:02.490,0,GPU-e2681f6e-8d94-2d66-484f-43ea602335f9,295.35,1410,1593,95,77,73879,55
2026/07/20 12:53:02.740,0,GPU-e2681f6e-8d94-2d66-484f-43ea602335f9,290.77,1410,1593,88,72,73879,55
2026/07/20 12:53:02.990,0,GPU-e2681f6e-8d94-2d66-484f-43ea602335f9,294.45,1410,1593,95,69,73879,55
2026/07/20 12:53:03.240,0,GPU-e2681f6e-8d94-2d66-484f-43ea602335f9,294.11,1410,1593,95,77,73879,55
2026/07/20 12:53:03.490,0,GPU-e2681f6e-8d94-2d66-484f-43ea602335f9,295.02,1410,1593,95,77,73879,55
2026/07/20 12:53:03.740,0,GPU-e2681f6e-8d94-2d66-484f-43ea602335f9,293.52,1410,1593,92,76,73879,55
2026/07/20 12:53:03.990,0,GPU-e2681f6e-8d94-2d66-484f-43ea602335f9,291.39,1410,1593,94,78,73879,55
2026/07/20 12:53:04.240,0,GPU-e2681f6e-8d94-2d66-484f-43ea602335f9,294.71,1410,1593,95,78,73879,55
2026/07/20 12:53:04.490,0,GPU-e2681f6e-8d94-2d66-484f-43ea602335f9,292.62,1410,1593,94,78,73879,55
2026/07/20 12:53:04.740,0,GPU-e2681f6e-8d94-2d66-484f-43ea602335f9,290.77,1410,1593,94,78,73879,55
2026/07/20 12:53:04.990,0,GPU-e2681f6e-8d94-2d66-484f-43ea602335f9,301.41,1410,1593,94,78,73879,56
2026/07/20 12:53:05.240,0,GPU-e2681f6e-8d94-2d66-484f-43ea602335f9,289.87,1410,1593,64,53,73879,55
2026/07/20 12:53:05.490,0,GPU-e2681f6e-8d94-2d66-484f-43ea602335f9,292.32,1410,1593,95,78,73879,55
2026/07/20 12:53:05.741,0,GPU-e2681f6e-8d94-2d66-484f-43ea602335f9,298.36,1410,1593,95,78,73879,55
2026/07/20 12:53:05.991,0,GPU-e2681f6e-8d94-2d66-484f-43ea602335f9,289.87,1410,1593,95,70,73879,55
2026/07/20 12:53:06.241,0,GPU-e2681f6e-8d94-2d66-484f-43ea602335f9,293.55,1410,1593,94,78,73879,55
2026/07/20 12:53:06.491,0,GPU-e2681f6e-8d94-2d66-484f-43ea602335f9,290.80,1410,1593,94,78,73879,55
2026/07/20 12:53:06.741,0,GPU-e2681f6e-8d94-2d66-484f-43ea602335f9,294.42,1410,1593,95,78,73879,55
2026/07/20 12:53:06.991,0,GPU-e2681f6e-8d94-2d66-484f-43ea602335f9,303.51,1410,1593,89,74,73879,55
2026/07/20 12:53:07.241,0,GPU-e2681f6e-8d94-2d66-484f-43ea602335f9,302.32,1410,1593,94,79,73879,54
2026/07/20 12:53:07.491,0,GPU-e2681f6e-8d94-2d66-484f-43ea602335f9,94.10,1410,1593,55,46,73879,50
2026/07/20 12:53:07.741,0,GPU-e2681f6e-8d94-2d66-484f-43ea602335f9,354.99,1410,1593,0,0,73879,48
2026/07/20 12:53:07.991,0,GPU-e2681f6e-8d94-2d66-484f-43ea602335f9,302.32,1410,1593,79,57,73879,53
2026/07/20 12:53:08.241,0,GPU-e2681f6e-8d94-2d66-484f-43ea602335f9,304.12,1410,1593,94,79,73879,54
2026/07/20 12:53:08.491,0,GPU-e2681f6e-8d94-2d66-484f-43ea602335f9,302.64,1410,1593,94,79,73879,54
2026/07/20 12:53:08.741,0,GPU-e2681f6e-8d94-2d66-484f-43ea602335f9,301.99,1410,1593,94,79,73879,55
2026/07/20 12:53:08.991,0,GPU-e2681f6e-8d94-2d66-484f-43ea602335f9,304.77,1410,1593,94,79,73879,55
2026/07/20 12:53:09.242,0,GPU-e2681f6e-8d94-2d66-484f-43ea602335f9,304.77,1410,1593,94,79,73879,55
2026/07/20 12:53:09.492,0,GPU-e2681f6e-8d94-2d66-484f-43ea602335f9,307.49,1410,1593,94,79,73879,55
2026/07/20 12:53:09.742,0,GPU-e2681f6e-8d94-2d66-484f-43ea602335f9,304.45,1410,1593,95,79,73879,55
2026/07/20 12:53:09.992,0,GPU-e2681f6e-8d94-2d66-484f-43ea602335f9,299.27,1410,1593,94,79,73879,55
2026/07/20 12:53:10.353,0,GPU-e2681f6e-8d94-2d66-484f-43ea602335f9,299.27,1410,1593,94,79,73879,55
2026/07/20 12:53:10.603,0,GPU-e2681f6e-8d94-2d66-484f-43ea602335f9,303.84,1410,1593,95,79,73879,55
2026/07/20 12:53:10.853,0,GPU-e2681f6e-8d94-2d66-484f-43ea602335f9,292.03,1410,1593,94,79,73879,58
2026/07/20 12:53:11.103,0,GPU-e2681f6e-8d94-2d66-484f-43ea602335f9,292.03,1410,1593,93,67,73879,55
2026/07/20 12:53:11.353,0,GPU-e2681f6e-8d94-2d66-484f-43ea602335f9,286.85,1410,1593,95,78,73879,55
2026/07/20 12:53:11.603,0,GPU-e2681f6e-8d94-2d66-484f-43ea602335f9,301.39,1410,1593,87,72,73879,55
2026/07/20 12:53:11.853,0,GPU-e2681f6e-8d94-2d66-484f-43ea602335f9,436.82,1410,1593,95,79,73879,56
2026/07/20 12:53:12.103,0,GPU-e2681f6e-8d94-2d66-484f-43ea602335f9,186.48,1410,1593,92,67,73879,55
2026/07/20 12:53:12.354,0,GPU-e2681f6e-8d94-2d66-484f-43ea602335f9,301.99,1410,1593,94,79,73879,55
2026/07/20 12:53:12.604,0,GPU-e2681f6e-8d94-2d66-484f-43ea602335f9,302.64,1410,1593,94,79,73879,55
2026/07/20 12:53:12.854,0,GPU-e2681f6e-8d94-2d66-484f-43ea602335f9,301.39,1410,1593,94,79,73879,55
2026/07/20 12:53:13.104,0,GPU-e2681f6e-8d94-2d66-484f-43ea602335f9,302.32,1410,1593,94,79,73879,55
2026/07/20 12:53:13.354,0,GPU-e2681f6e-8d94-2d66-484f-43ea602335f9,300.20,1410,1593,94,79,73879,55
2026/07/20 12:53:13.604,0,GPU-e2681f6e-8d94-2d66-484f-43ea602335f9,295.95,1410,1593,94,79,73879,55
2026/07/20 12:53:13.854,0,GPU-e2681f6e-8d94-2d66-484f-43ea602335f9,376.00,1410,1593,95,79,73879,58
2026/07/20 12:53:14.104,0,GPU-e2681f6e-8d94-2d66-484f-43ea602335f9,292.30,1410,1593,95,70,73879,55
2026/07/20 12:53:14.354,0,GPU-e2681f6e-8d94-2d66-484f-43ea602335f9,296.87,1410,1593,94,78,73879,55
2026/07/20 12:53:14.604,0,GPU-e2681f6e-8d94-2d66-484f-43ea602335f9,298.67,1410,1593,94,79,73879,55
2026/07/20 12:53:14.854,0,GPU-e2681f6e-8d94-2d66-484f-43ea602335f9,342.32,1410,1593,94,78,73879,56
2026/07/20 12:53:15.104,0,GPU-e2681f6e-8d94-2d66-484f-43ea602335f9,295.35,1410,1593,95,71,73879,55
2026/07/20 12:53:15.354,0,GPU-e2681f6e-8d94-2d66-484f-43ea602335f9,290.77,1410,1593,94,78,73879,55
2026/07/20 12:53:15.604,0,GPU-e2681f6e-8d94-2d66-484f-43ea602335f9,296.87,1410,1593,94,79,73879,55
2026/07/20 12:53:15.855,0,GPU-e2681f6e-8d94-2d66-484f-43ea602335f9,305.36,1410,1593,95,79,73879,55
2026/07/20 12:53:16.131,0,GPU-e2681f6e-8d94-2d66-484f-43ea602335f9,303.84,1410,1593,95,79,73879,55
2026/07/20 12:53:16.381,0,GPU-e2681f6e-8d94-2d66-484f-43ea602335f9,95.67,1410,1593,94,79,73879,51
2026/07/20 12:53:16.631,0,GPU-e2681f6e-8d94-2d66-484f-43ea602335f9,94.70,1410,1593,0,0,73879,49
2026/07/20 12:53:16.881,0,GPU-e2681f6e-8d94-2d66-484f-43ea602335f9,328.08,1410,1593,6,3,73879,53
2026/07/20 12:53:17.131,0,GPU-e2681f6e-8d94-2d66-484f-43ea602335f9,295.95,1410,1593,94,79,73879,54
2026/07/20 12:53:17.381,0,GPU-e2681f6e-8d94-2d66-484f-43ea602335f9,305.36,1410,1593,95,79,73879,54
2026/07/20 12:53:17.631,0,GPU-e2681f6e-8d94-2d66-484f-43ea602335f9,304.12,1410,1593,88,74,73879,54
2026/07/20 12:53:17.881,0,GPU-e2681f6e-8d94-2d66-484f-43ea602335f9,304.13,1410,1593,93,78,73879,55
2026/07/20 12:53:18.132,0,GPU-e2681f6e-8d94-2d66-484f-43ea602335f9,301.99,1410,1593,94,78,73879,55
2026/07/20 12:53:18.382,0,GPU-e2681f6e-8d94-2d66-484f-43ea602335f9,301.08,1410,1593,94,79,73879,55
2026/07/20 12:53:18.632,0,GPU-e2681f6e-8d94-2d66-484f-43ea602335f9,300.52,1410,1593,94,78,73879,55
2026/07/20 12:53:18.882,0,GPU-e2681f6e-8d94-2d66-484f-43ea602335f9,301.72,1410,1593,94,79,73879,55
2026/07/20 12:53:19.132,0,GPU-e2681f6e-8d94-2d66-484f-43ea602335f9,297.14,1410,1593,94,79,73879,55
2026/07/20 12:53:19.382,0,GPU-e2681f6e-8d94-2d66-484f-43ea602335f9,302.64,1410,1593,94,79,73879,55
2026/07/20 12:53:19.632,0,GPU-e2681f6e-8d94-2d66-484f-43ea602335f9,302.32,1410,1593,94,79,73879,55
2026/07/20 12:53:19.882,0,GPU-e2681f6e-8d94-2d66-484f-43ea602335f9,306.89,1410,1593,94,72,73879,56
2026/07/20 12:53:20.132,0,GPU-e2681f6e-8d94-2d66-484f-43ea602335f9,304.12,1410,1593,94,76,73879,55
2026/07/20 12:53:20.382,0,GPU-e2681f6e-8d94-2d66-484f-43ea602335f9,302.32,1410,1593,94,79,73879,55
2026/07/20 12:53:20.632,0,GPU-e2681f6e-8d94-2d66-484f-43ea602335f9,301.12,1410,1593,94,79,73879,55
2026/07/20 12:53:20.882,0,GPU-e2681f6e-8d94-2d66-484f-43ea602335f9,300.52,1410,1593,95,72,73879,57
2026/07/20 12:53:21.132,0,GPU-e2681f6e-8d94-2d66-484f-43ea602335f9,302.92,1410,1593,94,77,73879,55
2026/07/20 12:53:21.383,0,GPU-e2681f6e-8d94-2d66-484f-43ea602335f9,303.84,1410,1593,94,79,73879,55
2026/07/20 12:53:21.633,0,GPU-e2681f6e-8d94-2d66-484f-43ea602335f9,303.24,1410,1593,94,79,73879,55
2026/07/20 12:53:21.883,0,GPU-e2681f6e-8d94-2d66-484f-43ea602335f9,331.71,1410,1593,94,76,73879,55
2026/07/20 12:53:22.133,0,GPU-e2681f6e-8d94-2d66-484f-43ea602335f9,293.23,1410,1593,94,78,73879,55
2026/07/20 12:53:22.383,0,GPU-e2681f6e-8d94-2d66-484f-43ea602335f9,290.50,1410,1593,94,78,73879,55
2026/07/20 12:53:22.633,0,GPU-e2681f6e-8d94-2d66-484f-43ea602335f9,294.42,1410,1593,95,78,73879,55
2026/07/20 12:53:22.883,0,GPU-e2681f6e-8d94-2d66-484f-43ea602335f9,298.39,1410,1593,94,69,73879,56
2026/07/20 12:53:23.133,0,GPU-e2681f6e-8d94-2d66-484f-43ea602335f9,300.79,1410,1593,94,77,73879,55
2026/07/20 12:53:23.383,0,GPU-e2681f6e-8d94-2d66-484f-43ea602335f9,299.00,1410,1593,94,79,73879,55
2026/07/20 12:53:23.633,0,GPU-e2681f6e-8d94-2d66-484f-43ea602335f9,302.92,1410,1593,94,79,73879,55
2026/07/20 12:53:23.883,0,GPU-e2681f6e-8d94-2d66-484f-43ea602335f9,303.51,1410,1593,94,79,73879,55
2026/07/20 12:53:24.133,0,GPU-e2681f6e-8d94-2d66-484f-43ea602335f9,305.04,1410,1593,95,79,73879,55
2026/07/20 12:53:24.384,0,GPU-e2681f6e-8d94-2d66-484f-43ea602335f9,303.24,1410,1593,94,79,73879,55
2026/07/20 12:53:24.634,0,GPU-e2681f6e-8d94-2d66-484f-43ea602335f9,304.12,1410,1593,94,79,73879,55
2026/07/20 12:53:24.884,0,GPU-e2681f6e-8d94-2d66-484f-43ea602335f9,302.64,1410,1593,95,79,73879,55
2026/07/20 12:53:25.134,0,GPU-e2681f6e-8d94-2d66-484f-43ea602335f9,299.59,1410,1593,94,79,73879,55
2026/07/20 12:53:25.384,0,GPU-e2681f6e-8d94-2d66-484f-43ea602335f9,302.32,1410,1593,94,79,73879,55
2026/07/20 12:53:25.634,0,GPU-e2681f6e-8d94-2d66-484f-43ea602335f9,298.39,1410,1593,94,79,73879,55
2026/07/20 12:53:25.884,0,GPU-e2681f6e-8d94-2d66-484f-43ea602335f9,292.30,1410,1593,94,69,73879,57
2026/07/20 12:53:26.134,0,GPU-e2681f6e-8d94-2d66-484f-43ea602335f9,292.03,1410,1593,94,77,73879,55
2026/07/20 12:53:26.384,0,GPU-e2681f6e-8d94-2d66-484f-43ea602335f9,296.27,1410,1593,95,77,73879,55
2026/07/20 12:53:26.634,0,GPU-e2681f6e-8d94-2d66-484f-43ea602335f9,292.30,1410,1593,94,77,73879,55
2026/07/20 12:53:26.884,0,GPU-e2681f6e-8d94-2d66-484f-43ea602335f9,302.32,1410,1593,79,65,73879,51
2026/07/20 12:53:27.134,0,GPU-e2681f6e-8d94-2d66-484f-43ea602335f9,94.70,1410,1593,0,0,73879,49
2026/07/20 12:53:27.385,0,GPU-e2681f6e-8d94-2d66-484f-43ea602335f9,93.26,1410,1593,0,0,73879,48
2026/07/20 12:53:27.635,0,GPU-e2681f6e-8d94-2d66-484f-43ea602335f9,93.26,1410,1593,0,0,73879,48
2026/07/20 12:53:27.885,0,GPU-e2681f6e-8d94-2d66-484f-43ea602335f9,296.27,1410,1593,41,26,73879,52
2026/07/20 12:53:28.135,0,GPU-e2681f6e-8d94-2d66-484f-43ea602335f9,302.64,1410,1593,94,79,73879,53
2026/07/20 12:53:28.385,0,GPU-e2681f6e-8d94-2d66-484f-43ea602335f9,295.67,1410,1593,94,79,73879,54
2026/07/20 12:53:28.635,0,GPU-e2681f6e-8d94-2d66-484f-43ea602335f9,296.54,1410,1593,78,65,73879,51
2026/07/20 12:53:28.885,0,GPU-e2681f6e-8d94-2d66-484f-43ea602335f9,299.27,1410,1593,46,29,73879,54
2026/07/20 12:53:29.135,0,GPU-e2681f6e-8d94-2d66-484f-43ea602335f9,302.64,1410,1593,94,79,73879,54
2026/07/20 12:53:29.385,0,GPU-e2681f6e-8d94-2d66-484f-43ea602335f9,302.64,1410,1593,94,79,73879,54
2026/07/20 12:53:29.635,0,GPU-e2681f6e-8d94-2d66-484f-43ea602335f9,303.84,1410,1593,94,78,73879,54
2026/07/20 12:53:29.885,0,GPU-e2681f6e-8d94-2d66-484f-43ea602335f9,301.99,1410,1593,94,79,73879,55
2026/07/20 12:53:30.135,0,GPU-e2681f6e-8d94-2d66-484f-43ea602335f9,303.24,1410,1593,94,79,73879,55
2026/07/20 12:53:30.385,0,GPU-e2681f6e-8d94-2d66-484f-43ea602335f9,300.52,1410,1593,94,79,73879,55
2026/07/20 12:53:30.636,0,GPU-e2681f6e-8d94-2d66-484f-43ea602335f9,299.86,1410,1593,94,79,73879,55
2026/07/20 12:53:30.886,0,GPU-e2681f6e-8d94-2d66-484f-43ea602335f9,324.76,1410,1593,95,70,73879,55
2026/07/20 12:53:31.136,0,GPU-e2681f6e-8d94-2d66-484f-43ea602335f9,289.30,1410,1593,94,78,73879,55
2026/07/20 12:53:31.386,0,GPU-e2681f6e-8d94-2d66-484f-43ea602335f9,297.47,1410,1593,94,77,73879,55
2026/07/20 12:53:31.636,0,GPU-e2681f6e-8d94-2d66-484f-43ea602335f9,299.59,1410,1593,94,79,73879,55
2026/07/20 12:53:31.886,0,GPU-e2681f6e-8d94-2d66-484f-43ea602335f9,297.14,1410,1593,94,79,73879,55
2026/07/20 12:53:32.136,0,GPU-e2681f6e-8d94-2d66-484f-43ea602335f9,303.84,1410,1593,94,78,73879,55
2026/07/20 12:53:32.386,0,GPU-e2681f6e-8d94-2d66-484f-43ea602335f9,301.99,1410,1593,94,79,73879,55
2026/07/20 12:53:32.636,0,GPU-e2681f6e-8d94-2d66-484f-43ea602335f9,301.39,1410,1593,94,78,73879,55
2026/07/20 12:53:32.886,0,GPU-e2681f6e-8d94-2d66-484f-43ea602335f9,329.26,1410,1593,94,69,73879,56
2026/07/20 12:53:33.136,0,GPU-e2681f6e-8d94-2d66-484f-43ea602335f9,302.92,1410,1593,94,79,73879,55
2026/07/20 12:53:33.386,0,GPU-e2681f6e-8d94-2d66-484f-43ea602335f9,302.64,1410,1593,94,79,73879,55
2026/07/20 12:53:33.636,0,GPU-e2681f6e-8d94-2d66-484f-43ea602335f9,300.79,1410,1593,94,79,73879,55
2026/07/20 12:53:33.886,0,GPU-e2681f6e-8d94-2d66-484f-43ea602335f9,303.51,1410,1593,94,79,73879,55
2026/07/20 12:53:34.137,0,GPU-e2681f6e-8d94-2d66-484f-43ea602335f9,301.39,1410,1593,94,79,73879,55
2026/07/20 12:53:34.387,0,GPU-e2681f6e-8d94-2d66-484f-43ea602335f9,303.24,1410,1593,95,79,73879,55
2026/07/20 12:53:34.637,0,GPU-e2681f6e-8d94-2d66-484f-43ea602335f9,305.36,1410,1593,94,78,73879,55
2026/07/20 12:53:34.887,0,GPU-e2681f6e-8d94-2d66-484f-43ea602335f9,300.20,1410,1593,94,79,73879,62
2026/07/20 12:53:35.137,0,GPU-e2681f6e-8d94-2d66-484f-43ea602335f9,298.07,1410,1593,95,77,73879,56
2026/07/20 12:53:35.387,0,GPU-e2681f6e-8d94-2d66-484f-43ea602335f9,296.24,1410,1593,95,77,73879,55
2026/07/20 12:53:35.637,0,GPU-e2681f6e-8d94-2d66-484f-43ea602335f9,305.35,1410,1593,95,78,73879,55
2026/07/20 12:53:35.887,0,GPU-e2681f6e-8d94-2d66-484f-43ea602335f9,300.20,1410,1593,95,78,73879,56
2026/07/20 12:53:36.137,0,GPU-e2681f6e-8d94-2d66-484f-43ea602335f9,287.45,1410,1593,95,77,73879,55
2026/07/20 12:53:36.387,0,GPU-e2681f6e-8d94-2d66-484f-43ea602335f9,291.10,1410,1593,95,77,73879,55
2026/07/20 12:53:36.637,0,GPU-e2681f6e-8d94-2d66-484f-43ea602335f9,292.89,1410,1593,94,77,73879,55
2026/07/20 12:53:36.887,0,GPU-e2681f6e-8d94-2d66-484f-43ea602335f9,297.14,1410,1593,94,68,73879,56
2026/07/20 12:53:37.137,0,GPU-e2681f6e-8d94-2d66-484f-43ea602335f9,290.50,1410,1593,87,71,73879,55
2026/07/20 12:53:37.388,0,GPU-e2681f6e-8d94-2d66-484f-43ea602335f9,304.12,1410,1593,94,78,73879,55
2026/07/20 12:53:37.638,0,GPU-e2681f6e-8d94-2d66-484f-43ea602335f9,303.51,1410,1593,95,79,73879,55
2026/07/20 12:53:37.888,0,GPU-e2681f6e-8d94-2d66-484f-43ea602335f9,303.24,1410,1593,94,79,73879,56
2026/07/20 12:53:38.138,0,GPU-e2681f6e-8d94-2d66-484f-43ea602335f9,295.35,1410,1593,94,78,73879,55
2026/07/20 12:53:38.388,0,GPU-e2681f6e-8d94-2d66-484f-43ea602335f9,304.77,1410,1593,95,79,73879,55
2026/07/20 12:53:38.638,0,GPU-e2681f6e-8d94-2d66-484f-43ea602335f9,303.51,1410,1593,95,79,73879,55
2026/07/20 12:53:38.888,0,GPU-e2681f6e-8d94-2d66-484f-43ea602335f9,311.42,1410,1593,94,79,73879,63
2026/07/20 12:53:39.138,0,GPU-e2681f6e-8d94-2d66-484f-43ea602335f9,296.87,1410,1593,94,77,73879,56
2026/07/20 12:53:39.388,0,GPU-e2681f6e-8d94-2d66-484f-43ea602335f9,298.07,1410,1593,95,77,73879,56
2026/07/20 12:53:39.638,0,GPU-e2681f6e-8d94-2d66-484f-43ea602335f9,288.97,1410,1593,95,77,73879,55
2026/07/20 12:53:39.888,0,GPU-e2681f6e-8d94-2d66-484f-43ea602335f9,292.89,1410,1593,94,77,73879,55
2026/07/20 12:53:40.139,0,GPU-e2681f6e-8d94-2d66-484f-43ea602335f9,295.35,1410,1593,95,78,73879,55
2026/07/20 12:53:40.389,0,GPU-e2681f6e-8d94-2d66-484f-43ea602335f9,288.38,1410,1593,95,77,73879,55
2026/07/20 12:53:40.639,0,GPU-e2681f6e-8d94-2d66-484f-43ea602335f9,291.10,1410,1593,95,77,73879,55
2026/07/20 12:53:40.889,0,GPU-e2681f6e-8d94-2d66-484f-43ea602335f9,292.89,1410,1593,94,77,73879,55
2026/07/20 12:53:41.139,0,GPU-e2681f6e-8d94-2d66-484f-43ea602335f9,303.24,1410,1593,94,79,73879,55
2026/07/20 12:53:41.389,0,GPU-e2681f6e-8d94-2d66-484f-43ea602335f9,305.04,1410,1593,94,79,73879,55
2026/07/20 12:53:41.639,0,GPU-e2681f6e-8d94-2d66-484f-43ea602335f9,303.24,1410,1593,95,79,73879,55
2026/07/20 12:53:41.889,0,GPU-e2681f6e-8d94-2d66-484f-43ea602335f9,296.54,1410,1593,94,79,73879,56
2026/07/20 12:53:42.139,0,GPU-e2681f6e-8d94-2d66-484f-43ea602335f9,288.38,1410,1593,95,77,73879,55
2026/07/20 12:53:42.389,0,GPU-e2681f6e-8d94-2d66-484f-43ea602335f9,293.25,1410,1593,94,77,73879,55
2026/07/20 12:53:42.639,0,GPU-e2681f6e-8d94-2d66-484f-43ea602335f9,288.05,1410,1593,95,77,73879,55
2026/07/20 12:53:42.889,0,GPU-e2681f6e-8d94-2d66-484f-43ea602335f9,293.82,1410,1593,94,77,73879,55
2026/07/20 12:53:43.140,0,GPU-e2681f6e-8d94-2d66-484f-43ea602335f9,301.72,1410,1593,94,79,73879,55
2026/07/20 12:53:43.390,0,GPU-e2681f6e-8d94-2d66-484f-43ea602335f9,304.12,1410,1593,95,79,73879,55
2026/07/20 12:53:43.640,0,GPU-e2681f6e-8d94-2d66-484f-43ea602335f9,303.24,1410,1593,94,79,73879,55
2026/07/20 12:53:43.890,0,GPU-e2681f6e-8d94-2d66-484f-43ea602335f9,300.52,1410,1593,94,79,73879,55
2026/07/20 12:53:44.140,0,GPU-e2681f6e-8d94-2d66-484f-43ea602335f9,303.52,1410,1593,94,79,73879,55
2026/07/20 12:53:44.390,0,GPU-e2681f6e-8d94-2d66-484f-43ea602335f9,96.23,1410,1593,67,56,73879,55
2026/07/20 12:53:44.640,0,GPU-e2681f6e-8d94-2d66-484f-43ea602335f9,94.97,1410,1593,0,0,73879,49
2026/07/20 12:53:44.890,0,GPU-e2681f6e-8d94-2d66-484f-43ea602335f9,297.47,1410,1593,0,0,73879,53
2026/07/20 12:53:45.140,0,GPU-e2681f6e-8d94-2d66-484f-43ea602335f9,299.27,1410,1593,94,79,73879,54
2026/07/20 12:53:45.391,0,GPU-e2681f6e-8d94-2d66-484f-43ea602335f9,304.12,1410,1593,94,79,73879,55
2026/07/20 12:53:45.641,0,GPU-e2681f6e-8d94-2d66-484f-43ea602335f9,296.54,1410,1593,94,79,73879,55
2026/07/20 12:53:45.891,0,GPU-e2681f6e-8d94-2d66-484f-43ea602335f9,306.56,1410,1593,94,79,73879,55
2026/07/20 12:53:46.141,0,GPU-e2681f6e-8d94-2d66-484f-43ea602335f9,299.86,1410,1593,95,79,73879,55
2026/07/20 12:53:46.391,0,GPU-e2681f6e-8d94-2d66-484f-43ea602335f9,302.92,1410,1593,94,79,73879,55
2026/07/20 12:53:46.641,0,GPU-e2681f6e-8d94-2d66-484f-43ea602335f9,301.39,1410,1593,94,79,73879,55
2026/07/20 12:53:46.891,0,GPU-e2681f6e-8d94-2d66-484f-43ea602335f9,295.35,1410,1593,94,78,73879,56
2026/07/20 12:53:47.141,0,GPU-e2681f6e-8d94-2d66-484f-43ea602335f9,288.97,1410,1593,95,78,73879,55
2026/07/20 12:53:47.391,0,GPU-e2681f6e-8d94-2d66-484f-43ea602335f9,306.89,1410,1593,94,79,73879,55
2026/07/20 12:53:47.641,0,GPU-e2681f6e-8d94-2d66-484f-43ea602335f9,300.52,1410,1593,95,79,73879,55
2026/07/20 12:53:47.891,0,GPU-e2681f6e-8d94-2d66-484f-43ea602335f9,298.07,1410,1593,94,79,73879,55
2026/07/20 12:53:48.142,0,GPU-e2681f6e-8d94-2d66-484f-43ea602335f9,301.12,1410,1593,94,79,73879,55
2026/07/20 12:53:48.392,0,GPU-e2681f6e-8d94-2d66-484f-43ea602335f9,97.80,1410,1593,46,38,73879,51
2026/07/20 12:53:48.642,0,GPU-e2681f6e-8d94-2d66-484f-43ea602335f9,94.70,1410,1593,0,0,73879,49
2026/07/20 12:53:48.892,0,GPU-e2681f6e-8d94-2d66-484f-43ea602335f9,93.50,1410,1593,0,0,73879,48
2026/07/20 12:53:49.142,0,GPU-e2681f6e-8d94-2d66-484f-43ea602335f9,92.84,1410,1593,0,0,73879,47
2026/07/20 12:53:49.392,0,GPU-e2681f6e-8d94-2d66-484f-43ea602335f9,92.57,1410,1593,0,0,73879,47
2026/07/20 12:53:49.642,0,GPU-e2681f6e-8d94-2d66-484f-43ea602335f9,92.25,1410,1593,0,0,73879,46
2026/07/20 12:53:49.892,0,GPU-e2681f6e-8d94-2d66-484f-43ea602335f9,303.84,1410,1593,11,5,73879,51
2026/07/20 12:53:50.143,0,GPU-e2681f6e-8d94-2d66-484f-43ea602335f9,299.00,1410,1593,95,75,73879,52
2026/07/20 12:53:50.393,0,GPU-e2681f6e-8d94-2d66-484f-43ea602335f9,303.24,1410,1593,95,79,73879,53
2026/07/20 12:53:50.643,0,GPU-e2681f6e-8d94-2d66-484f-43ea602335f9,302.64,1410,1593,94,79,73879,54
2026/07/20 12:53:50.893,0,GPU-e2681f6e-8d94-2d66-484f-43ea602335f9,259.84,1410,1593,95,73,73879,55
2026/07/20 12:53:51.143,0,GPU-e2681f6e-8d94-2d66-484f-43ea602335f9,288.38,1410,1593,95,78,73879,54
2026/07/20 12:53:51.393,0,GPU-e2681f6e-8d94-2d66-484f-43ea602335f9,292.30,1410,1593,94,78,73879,54
2026/07/20 12:53:51.643,0,GPU-e2681f6e-8d94-2d66-484f-43ea602335f9,298.67,1410,1593,92,77,73879,54
2026/07/20 12:53:51.893,0,GPU-e2681f6e-8d94-2d66-484f-43ea602335f9,295.02,1410,1593,95,72,73879,55
2026/07/20 12:53:52.143,0,GPU-e2681f6e-8d94-2d66-484f-43ea602335f9,303.84,1410,1593,94,76,73879,55
2026/07/20 12:53:52.393,0,GPU-e2681f6e-8d94-2d66-484f-43ea602335f9,299.59,1410,1593,94,79,73879,55
2026/07/20 12:53:52.643,0,GPU-e2681f6e-8d94-2d66-484f-43ea602335f9,304.12,1410,1593,94,79,73879,55
2026/07/20 12:53:52.893,0,GPU-e2681f6e-8d94-2d66-484f-43ea602335f9,112.30,1410,1593,60,50,73879,50
