{"train_loss":1.5139065086841583,"epoch":1000,"_timestamp":1.7613663540004535e+09,"_wandb":{"runtime":98},"val_f1":0.27617278336150597,"val_loss":1.9228215217590332,"val_acc":0.3387474882786336,"val_autocorr_r2":0.9456184627476852,"lr":0,"_runtime":98,"val_transition_mae":105.39452196887825,"_step":999}