timestamp,query.start,query.end,index,uuid,power.draw [W],clocks.sm [MHz],clocks.mem [MHz],utilization.gpu [%],utilization.memory [%],memory.used [MiB],temperature.gpu
2026/07/24 16:15:09.422,2026/07/24 16:15:09.408,2026/07/24 16:15:09.437,0,GPU-e2681f6e-8d94-2d66-484f-43ea602335f9,88.13,1410,1593,0,0,73511,42
2026/07/24 16:15:09.422,2026/07/24 16:15:09.408,2026/07/24 16:15:09.437,1,GPU-713d5b24-2a1e-fd4a-7685-c3d195ff9230,83.22,1410,1593,0,0,73511,35
2026/07/24 16:15:09.672,2026/07/24 16:15:09.658,2026/07/24 16:15:09.686,0,GPU-e2681f6e-8d94-2d66-484f-43ea602335f9,88.13,1410,1593,0,0,73511,42
2026/07/24 16:15:09.672,2026/07/24 16:15:09.658,2026/07/24 16:15:09.686,1,GPU-713d5b24-2a1e-fd4a-7685-c3d195ff9230,82.86,1410,1593,0,0,73511,34
2026/07/24 16:15:09.926,2026/07/24 16:15:09.908,2026/07/24 16:15:09.943,0,GPU-e2681f6e-8d94-2d66-484f-43ea602335f9,88.46,1410,1593,0,0,73511,42
2026/07/24 16:15:09.926,2026/07/24 16:15:09.908,2026/07/24 16:15:09.943,1,GPU-713d5b24-2a1e-fd4a-7685-c3d195ff9230,82.95,1410,1593,0,0,73511,34
2026/07/24 16:15:10.173,2026/07/24 16:15:10.158,2026/07/24 16:15:10.188,0,GPU-e2681f6e-8d94-2d66-484f-43ea602335f9,88.13,1410,1593,0,0,73511,42
2026/07/24 16:15:10.173,2026/07/24 16:15:10.158,2026/07/24 16:15:10.188,1,GPU-713d5b24-2a1e-fd4a-7685-c3d195ff9230,83.14,1410,1593,0,0,73511,34
2026/07/24 16:15:10.422,2026/07/24 16:15:10.408,2026/07/24 16:15:10.435,0,GPU-e2681f6e-8d94-2d66-484f-43ea602335f9,88.13,1410,1593,0,0,73511,42
2026/07/24 16:15:10.422,2026/07/24 16:15:10.408,2026/07/24 16:15:10.435,1,GPU-713d5b24-2a1e-fd4a-7685-c3d195ff9230,83.14,1410,1593,0,0,73511,34
2026/07/24 16:15:10.717,2026/07/24 16:15:10.658,2026/07/24 16:15:10.776,0,GPU-e2681f6e-8d94-2d66-484f-43ea602335f9,88.13,1410,1593,0,0,73511,42
2026/07/24 16:15:10.717,2026/07/24 16:15:10.658,2026/07/24 16:15:10.776,1,GPU-713d5b24-2a1e-fd4a-7685-c3d195ff9230,83.14,1410,1593,0,0,73511,34
2026/07/24 16:15:10.923,2026/07/24 16:15:10.908,2026/07/24 16:15:10.937,0,GPU-e2681f6e-8d94-2d66-484f-43ea602335f9,88.46,1410,1593,0,0,73511,42
2026/07/24 16:15:10.923,2026/07/24 16:15:10.908,2026/07/24 16:15:10.937,1,GPU-713d5b24-2a1e-fd4a-7685-c3d195ff9230,83.82,1410,1593,0,0,73511,34
2026/07/24 16:15:11.172,2026/07/24 16:15:11.158,2026/07/24 16:15:11.186,0,GPU-e2681f6e-8d94-2d66-484f-43ea602335f9,88.13,1410,1593,0,0,73511,42
2026/07/24 16:15:11.172,2026/07/24 16:15:11.158,2026/07/24 16:15:11.186,1,GPU-713d5b24-2a1e-fd4a-7685-c3d195ff9230,83.22,1410,1593,0,0,73511,34
2026/07/24 16:15:11.422,2026/07/24 16:15:11.409,2026/07/24 16:15:11.435,0,GPU-e2681f6e-8d94-2d66-484f-43ea602335f9,88.13,1410,1593,0,0,73511,41
2026/07/24 16:15:11.422,2026/07/24 16:15:11.409,2026/07/24 16:15:11.435,1,GPU-713d5b24-2a1e-fd4a-7685-c3d195ff9230,82.86,1410,1593,0,0,73511,34
2026/07/24 16:15:11.672,2026/07/24 16:15:11.659,2026/07/24 16:15:11.686,0,GPU-e2681f6e-8d94-2d66-484f-43ea602335f9,88.13,1410,1593,0,0,73511,41
2026/07/24 16:15:11.672,2026/07/24 16:15:11.659,2026/07/24 16:15:11.686,1,GPU-713d5b24-2a1e-fd4a-7685-c3d195ff9230,83.14,1410,1593,0,0,73511,34
2026/07/24 16:15:11.922,2026/07/24 16:15:11.909,2026/07/24 16:15:11.935,0,GPU-e2681f6e-8d94-2d66-484f-43ea602335f9,87.86,1410,1593,0,0,73511,41
2026/07/24 16:15:11.922,2026/07/24 16:15:11.909,2026/07/24 16:15:11.935,1,GPU-713d5b24-2a1e-fd4a-7685-c3d195ff9230,82.86,1410,1593,0,0,73511,34
2026/07/24 16:15:12.174,2026/07/24 16:15:12.159,2026/07/24 16:15:12.190,0,GPU-e2681f6e-8d94-2d66-484f-43ea602335f9,87.86,1410,1593,0,0,73511,41
2026/07/24 16:15:12.174,2026/07/24 16:15:12.159,2026/07/24 16:15:12.190,1,GPU-713d5b24-2a1e-fd4a-7685-c3d195ff9230,82.95,1410,1593,0,0,73511,34
2026/07/24 16:15:12.423,2026/07/24 16:15:12.409,2026/07/24 16:15:12.436,0,GPU-e2681f6e-8d94-2d66-484f-43ea602335f9,88.13,1410,1593,0,0,73511,41
2026/07/24 16:15:12.423,2026/07/24 16:15:12.409,2026/07/24 16:15:12.436,1,GPU-713d5b24-2a1e-fd4a-7685-c3d195ff9230,83.14,1410,1593,0,0,73511,34
2026/07/24 16:15:12.673,2026/07/24 16:15:12.659,2026/07/24 16:15:12.686,0,GPU-e2681f6e-8d94-2d66-484f-43ea602335f9,87.86,1410,1593,0,0,73511,41
2026/07/24 16:15:12.673,2026/07/24 16:15:12.659,2026/07/24 16:15:12.686,1,GPU-713d5b24-2a1e-fd4a-7685-c3d195ff9230,82.95,1410,1593,0,0,73511,34
2026/07/24 16:15:12.923,2026/07/24 16:15:12.909,2026/07/24 16:15:12.936,0,GPU-e2681f6e-8d94-2d66-484f-43ea602335f9,88.13,1410,1593,0,0,73511,41
2026/07/24 16:15:12.923,2026/07/24 16:15:12.909,2026/07/24 16:15:12.936,1,GPU-713d5b24-2a1e-fd4a-7685-c3d195ff9230,83.14,1410,1593,0,0,73511,34
2026/07/24 16:15:13.174,2026/07/24 16:15:13.159,2026/07/24 16:15:13.188,0,GPU-e2681f6e-8d94-2d66-484f-43ea602335f9,88.13,1410,1593,0,0,73511,41
2026/07/24 16:15:13.174,2026/07/24 16:15:13.159,2026/07/24 16:15:13.188,1,GPU-713d5b24-2a1e-fd4a-7685-c3d195ff9230,82.86,1410,1593,0,0,73511,34
2026/07/24 16:15:13.441,2026/07/24 16:15:13.409,2026/07/24 16:15:13.473,0,GPU-e2681f6e-8d94-2d66-484f-43ea602335f9,87.86,1410,1593,0,0,73511,41
2026/07/24 16:15:13.441,2026/07/24 16:15:13.409,2026/07/24 16:15:13.473,1,GPU-713d5b24-2a1e-fd4a-7685-c3d195ff9230,82.95,1410,1593,0,0,73511,34
2026/07/24 16:15:13.673,2026/07/24 16:15:13.659,2026/07/24 16:15:13.687,0,GPU-e2681f6e-8d94-2d66-484f-43ea602335f9,91.50,1410,1593,0,0,73511,41
2026/07/24 16:15:13.673,2026/07/24 16:15:13.659,2026/07/24 16:15:13.687,1,GPU-713d5b24-2a1e-fd4a-7685-c3d195ff9230,84.46,1410,1593,0,0,73511,34
2026/07/24 16:15:13.923,2026/07/24 16:15:13.909,2026/07/24 16:15:13.938,0,GPU-e2681f6e-8d94-2d66-484f-43ea602335f9,87.86,1410,1593,0,0,73511,41
2026/07/24 16:15:13.923,2026/07/24 16:15:13.909,2026/07/24 16:15:13.938,1,GPU-713d5b24-2a1e-fd4a-7685-c3d195ff9230,83.14,1410,1593,0,0,73511,34
2026/07/24 16:15:14.173,2026/07/24 16:15:14.159,2026/07/24 16:15:14.188,0,GPU-e2681f6e-8d94-2d66-484f-43ea602335f9,87.86,1410,1593,0,0,73511,41
2026/07/24 16:15:14.173,2026/07/24 16:15:14.159,2026/07/24 16:15:14.188,1,GPU-713d5b24-2a1e-fd4a-7685-c3d195ff9230,82.95,1410,1593,0,0,73511,34
2026/07/24 16:15:14.425,2026/07/24 16:15:14.409,2026/07/24 16:15:14.440,0,GPU-e2681f6e-8d94-2d66-484f-43ea602335f9,87.86,1410,1593,0,0,73511,41
2026/07/24 16:15:14.425,2026/07/24 16:15:14.409,2026/07/24 16:15:14.440,1,GPU-713d5b24-2a1e-fd4a-7685-c3d195ff9230,83.14,1410,1593,0,0,73511,34
2026/07/24 16:15:14.673,2026/07/24 16:15:14.659,2026/07/24 16:15:14.686,0,GPU-e2681f6e-8d94-2d66-484f-43ea602335f9,87.86,1410,1593,0,0,73511,41
2026/07/24 16:15:14.673,2026/07/24 16:15:14.659,2026/07/24 16:15:14.686,1,GPU-713d5b24-2a1e-fd4a-7685-c3d195ff9230,83.14,1410,1593,0,0,73511,34
2026/07/24 16:15:14.924,2026/07/24 16:15:14.909,2026/07/24 16:15:14.938,0,GPU-e2681f6e-8d94-2d66-484f-43ea602335f9,87.86,1410,1593,0,0,73511,41
2026/07/24 16:15:14.924,2026/07/24 16:15:14.909,2026/07/24 16:15:14.938,1,GPU-713d5b24-2a1e-fd4a-7685-c3d195ff9230,83.14,1410,1593,0,0,73511,34
2026/07/24 16:15:15.173,2026/07/24 16:15:15.160,2026/07/24 16:15:15.187,0,GPU-e2681f6e-8d94-2d66-484f-43ea602335f9,87.86,1410,1593,0,0,73511,41
2026/07/24 16:15:15.173,2026/07/24 16:15:15.160,2026/07/24 16:15:15.187,1,GPU-713d5b24-2a1e-fd4a-7685-c3d195ff9230,82.95,1410,1593,0,0,73511,34
2026/07/24 16:15:15.424,2026/07/24 16:15:15.410,2026/07/24 16:15:15.438,0,GPU-e2681f6e-8d94-2d66-484f-43ea602335f9,87.86,1410,1593,0,0,73511,41
2026/07/24 16:15:15.424,2026/07/24 16:15:15.410,2026/07/24 16:15:15.438,1,GPU-713d5b24-2a1e-fd4a-7685-c3d195ff9230,83.14,1410,1593,0,0,73511,34
2026/07/24 16:15:15.674,2026/07/24 16:15:15.660,2026/07/24 16:15:15.688,0,GPU-e2681f6e-8d94-2d66-484f-43ea602335f9,88.13,1410,1593,0,0,73511,41
2026/07/24 16:15:15.674,2026/07/24 16:15:15.660,2026/07/24 16:15:15.688,1,GPU-713d5b24-2a1e-fd4a-7685-c3d195ff9230,83.22,1410,1593,0,0,73511,34
2026/07/24 16:15:15.923,2026/07/24 16:15:15.910,2026/07/24 16:15:15.937,0,GPU-e2681f6e-8d94-2d66-484f-43ea602335f9,88.13,1410,1593,0,0,73511,41
2026/07/24 16:15:15.923,2026/07/24 16:15:15.910,2026/07/24 16:15:15.937,1,GPU-713d5b24-2a1e-fd4a-7685-c3d195ff9230,83.14,1410,1593,0,0,73511,34
2026/07/24 16:15:16.174,2026/07/24 16:15:16.160,2026/07/24 16:15:16.189,0,GPU-e2681f6e-8d94-2d66-484f-43ea602335f9,87.86,1410,1593,0,0,73511,41
2026/07/24 16:15:16.174,2026/07/24 16:15:16.160,2026/07/24 16:15:16.189,1,GPU-713d5b24-2a1e-fd4a-7685-c3d195ff9230,83.22,1410,1593,0,0,73511,34
2026/07/24 16:15:16.423,2026/07/24 16:15:16.410,2026/07/24 16:15:16.437,0,GPU-e2681f6e-8d94-2d66-484f-43ea602335f9,87.86,1410,1593,0,0,73511,41
2026/07/24 16:15:16.423,2026/07/24 16:15:16.410,2026/07/24 16:15:16.437,1,GPU-713d5b24-2a1e-fd4a-7685-c3d195ff9230,83.22,1410,1593,0,0,73511,34
2026/07/24 16:15:16.674,2026/07/24 16:15:16.660,2026/07/24 16:15:16.687,0,GPU-e2681f6e-8d94-2d66-484f-43ea602335f9,87.86,1410,1593,0,0,73511,41
2026/07/24 16:15:16.674,2026/07/24 16:15:16.660,2026/07/24 16:15:16.687,1,GPU-713d5b24-2a1e-fd4a-7685-c3d195ff9230,83.14,1410,1593,0,0,73511,34
2026/07/24 16:15:16.924,2026/07/24 16:15:16.910,2026/07/24 16:15:16.938,0,GPU-e2681f6e-8d94-2d66-484f-43ea602335f9,88.46,1410,1593,0,0,73511,41
2026/07/24 16:15:16.924,2026/07/24 16:15:16.910,2026/07/24 16:15:16.938,1,GPU-713d5b24-2a1e-fd4a-7685-c3d195ff9230,83.22,1410,1593,0,0,73511,34
2026/07/24 16:15:17.174,2026/07/24 16:15:17.160,2026/07/24 16:15:17.187,0,GPU-e2681f6e-8d94-2d66-484f-43ea602335f9,88.13,1410,1593,0,0,73511,41
2026/07/24 16:15:17.174,2026/07/24 16:15:17.160,2026/07/24 16:15:17.187,1,GPU-713d5b24-2a1e-fd4a-7685-c3d195ff9230,82.86,1410,1593,0,0,73511,34
2026/07/24 16:15:17.423,2026/07/24 16:15:17.410,2026/07/24 16:15:17.437,0,GPU-e2681f6e-8d94-2d66-484f-43ea602335f9,88.13,1410,1593,0,0,73511,41
2026/07/24 16:15:17.423,2026/07/24 16:15:17.410,2026/07/24 16:15:17.437,1,GPU-713d5b24-2a1e-fd4a-7685-c3d195ff9230,82.95,1410,1593,0,0,73511,34
2026/07/24 16:15:17.673,2026/07/24 16:15:17.660,2026/07/24 16:15:17.686,0,GPU-e2681f6e-8d94-2d66-484f-43ea602335f9,88.13,1410,1593,0,0,73511,41
2026/07/24 16:15:17.673,2026/07/24 16:15:17.660,2026/07/24 16:15:17.686,1,GPU-713d5b24-2a1e-fd4a-7685-c3d195ff9230,82.95,1410,1593,0,0,73511,34
2026/07/24 16:15:17.925,2026/07/24 16:15:17.910,2026/07/24 16:15:17.939,0,GPU-e2681f6e-8d94-2d66-484f-43ea602335f9,87.86,1410,1593,0,0,73511,41
2026/07/24 16:15:17.925,2026/07/24 16:15:17.910,2026/07/24 16:15:17.939,1,GPU-713d5b24-2a1e-fd4a-7685-c3d195ff9230,82.95,1410,1593,0,0,73511,34
2026/07/24 16:15:18.174,2026/07/24 16:15:18.160,2026/07/24 16:15:18.188,0,GPU-e2681f6e-8d94-2d66-484f-43ea602335f9,87.86,1410,1593,0,0,73511,41
2026/07/24 16:15:18.174,2026/07/24 16:15:18.160,2026/07/24 16:15:18.188,1,GPU-713d5b24-2a1e-fd4a-7685-c3d195ff9230,82.86,1410,1593,0,0,73511,34
2026/07/24 16:15:18.428,2026/07/24 16:15:18.410,2026/07/24 16:15:18.445,0,GPU-e2681f6e-8d94-2d66-484f-43ea602335f9,87.86,1410,1593,0,0,73511,41
2026/07/24 16:15:18.428,2026/07/24 16:15:18.410,2026/07/24 16:15:18.445,1,GPU-713d5b24-2a1e-fd4a-7685-c3d195ff9230,82.95,1410,1593,0,0,73511,34
2026/07/24 16:15:18.674,2026/07/24 16:15:18.660,2026/07/24 16:15:18.687,0,GPU-e2681f6e-8d94-2d66-484f-43ea602335f9,87.86,1410,1593,0,0,73511,41
2026/07/24 16:15:18.674,2026/07/24 16:15:18.660,2026/07/24 16:15:18.687,1,GPU-713d5b24-2a1e-fd4a-7685-c3d195ff9230,82.95,1410,1593,0,0,73511,34
2026/07/24 16:15:18.925,2026/07/24 16:15:18.911,2026/07/24 16:15:18.939,0,GPU-e2681f6e-8d94-2d66-484f-43ea602335f9,87.86,1410,1593,0,0,73511,41
2026/07/24 16:15:18.925,2026/07/24 16:15:18.911,2026/07/24 16:15:18.939,1,GPU-713d5b24-2a1e-fd4a-7685-c3d195ff9230,83.22,1410,1593,0,0,73511,34
2026/07/24 16:15:19.175,2026/07/24 16:15:19.161,2026/07/24 16:15:19.189,0,GPU-e2681f6e-8d94-2d66-484f-43ea602335f9,87.86,1410,1593,0,0,73511,41
2026/07/24 16:15:19.175,2026/07/24 16:15:19.161,2026/07/24 16:15:19.189,1,GPU-713d5b24-2a1e-fd4a-7685-c3d195ff9230,83.22,1410,1593,0,0,73511,34
2026/07/24 16:15:19.424,2026/07/24 16:15:19.411,2026/07/24 16:15:19.437,0,GPU-e2681f6e-8d94-2d66-484f-43ea602335f9,87.86,1410,1593,0,0,73511,41
2026/07/24 16:15:19.424,2026/07/24 16:15:19.411,2026/07/24 16:15:19.437,1,GPU-713d5b24-2a1e-fd4a-7685-c3d195ff9230,83.14,1410,1593,0,0,73511,34
2026/07/24 16:15:19.673,2026/07/24 16:15:19.661,2026/07/24 16:15:19.686,0,GPU-e2681f6e-8d94-2d66-484f-43ea602335f9,87.86,1410,1593,0,0,73511,41
2026/07/24 16:15:19.673,2026/07/24 16:15:19.661,2026/07/24 16:15:19.686,1,GPU-713d5b24-2a1e-fd4a-7685-c3d195ff9230,83.22,1410,1593,0,0,73511,34
2026/07/24 16:15:19.924,2026/07/24 16:15:19.911,2026/07/24 16:15:19.938,0,GPU-e2681f6e-8d94-2d66-484f-43ea602335f9,87.86,1410,1593,0,0,73511,41
2026/07/24 16:15:19.924,2026/07/24 16:15:19.911,2026/07/24 16:15:19.938,1,GPU-713d5b24-2a1e-fd4a-7685-c3d195ff9230,83.14,1410,1593,0,0,73511,34
2026/07/24 16:15:20.175,2026/07/24 16:15:20.161,2026/07/24 16:15:20.189,0,GPU-e2681f6e-8d94-2d66-484f-43ea602335f9,88.13,1410,1593,0,0,73511,41
2026/07/24 16:15:20.175,2026/07/24 16:15:20.161,2026/07/24 16:15:20.189,1,GPU-713d5b24-2a1e-fd4a-7685-c3d195ff9230,83.22,1410,1593,0,0,73511,34
2026/07/24 16:15:20.424,2026/07/24 16:15:20.411,2026/07/24 16:15:20.437,0,GPU-e2681f6e-8d94-2d66-484f-43ea602335f9,87.86,1410,1593,0,0,73511,41
2026/07/24 16:15:20.424,2026/07/24 16:15:20.411,2026/07/24 16:15:20.437,1,GPU-713d5b24-2a1e-fd4a-7685-c3d195ff9230,82.86,1410,1593,0,0,73511,34
2026/07/24 16:15:20.673,2026/07/24 16:15:20.661,2026/07/24 16:15:20.686,0,GPU-e2681f6e-8d94-2d66-484f-43ea602335f9,87.86,1410,1593,0,0,73511,41
2026/07/24 16:15:20.673,2026/07/24 16:15:20.661,2026/07/24 16:15:20.686,1,GPU-713d5b24-2a1e-fd4a-7685-c3d195ff9230,83.22,1410,1593,0,0,73511,34
2026/07/24 16:15:20.924,2026/07/24 16:15:20.911,2026/07/24 16:15:20.937,0,GPU-e2681f6e-8d94-2d66-484f-43ea602335f9,87.86,1410,1593,0,0,73511,41
2026/07/24 16:15:20.924,2026/07/24 16:15:20.911,2026/07/24 16:15:20.937,1,GPU-713d5b24-2a1e-fd4a-7685-c3d195ff9230,83.14,1410,1593,0,0,73511,34
2026/07/24 16:15:21.175,2026/07/24 16:15:21.161,2026/07/24 16:15:21.189,0,GPU-e2681f6e-8d94-2d66-484f-43ea602335f9,88.13,1410,1593,0,0,73511,41
2026/07/24 16:15:21.175,2026/07/24 16:15:21.161,2026/07/24 16:15:21.189,1,GPU-713d5b24-2a1e-fd4a-7685-c3d195ff9230,82.86,1410,1593,0,0,73511,34
2026/07/24 16:15:21.425,2026/07/24 16:15:21.411,2026/07/24 16:15:21.438,0,GPU-e2681f6e-8d94-2d66-484f-43ea602335f9,87.86,1410,1593,0,0,73511,41
2026/07/24 16:15:21.425,2026/07/24 16:15:21.411,2026/07/24 16:15:21.438,1,GPU-713d5b24-2a1e-fd4a-7685-c3d195ff9230,83.22,1410,1593,0,0,73511,34
2026/07/24 16:15:21.674,2026/07/24 16:15:21.661,2026/07/24 16:15:21.686,0,GPU-e2681f6e-8d94-2d66-484f-43ea602335f9,87.86,1410,1593,0,0,73511,41
2026/07/24 16:15:21.674,2026/07/24 16:15:21.661,2026/07/24 16:15:21.686,1,GPU-713d5b24-2a1e-fd4a-7685-c3d195ff9230,83.22,1410,1593,0,0,73511,34
2026/07/24 16:15:21.925,2026/07/24 16:15:21.911,2026/07/24 16:15:21.938,0,GPU-e2681f6e-8d94-2d66-484f-43ea602335f9,87.86,1410,1593,0,0,73511,41
2026/07/24 16:15:21.925,2026/07/24 16:15:21.911,2026/07/24 16:15:21.938,1,GPU-713d5b24-2a1e-fd4a-7685-c3d195ff9230,83.22,1410,1593,0,0,73511,34
2026/07/24 16:15:22.175,2026/07/24 16:15:22.161,2026/07/24 16:15:22.189,0,GPU-e2681f6e-8d94-2d66-484f-43ea602335f9,87.86,1410,1593,0,0,73511,41
2026/07/24 16:15:22.175,2026/07/24 16:15:22.161,2026/07/24 16:15:22.189,1,GPU-713d5b24-2a1e-fd4a-7685-c3d195ff9230,83.22,1410,1593,0,0,73511,34
2026/07/24 16:15:22.425,2026/07/24 16:15:22.411,2026/07/24 16:15:22.439,0,GPU-e2681f6e-8d94-2d66-484f-43ea602335f9,87.77,1410,1593,0,0,73511,41
2026/07/24 16:15:22.425,2026/07/24 16:15:22.411,2026/07/24 16:15:22.439,1,GPU-713d5b24-2a1e-fd4a-7685-c3d195ff9230,83.14,1410,1593,0,0,73511,34
2026/07/24 16:15:22.674,2026/07/24 16:15:22.662,2026/07/24 16:15:22.686,0,GPU-e2681f6e-8d94-2d66-484f-43ea602335f9,87.86,1410,1593,0,0,73511,41
2026/07/24 16:15:22.674,2026/07/24 16:15:22.662,2026/07/24 16:15:22.686,1,GPU-713d5b24-2a1e-fd4a-7685-c3d195ff9230,83.22,1410,1593,0,0,73511,34
2026/07/24 16:15:22.925,2026/07/24 16:15:22.912,2026/07/24 16:15:22.939,0,GPU-e2681f6e-8d94-2d66-484f-43ea602335f9,87.86,1410,1593,0,0,73511,41
2026/07/24 16:15:22.925,2026/07/24 16:15:22.912,2026/07/24 16:15:22.939,1,GPU-713d5b24-2a1e-fd4a-7685-c3d195ff9230,83.46,1410,1593,0,0,73511,34
2026/07/24 16:15:23.176,2026/07/24 16:15:23.162,2026/07/24 16:15:23.190,0,GPU-e2681f6e-8d94-2d66-484f-43ea602335f9,87.86,1410,1593,0,0,73511,41
2026/07/24 16:15:23.176,2026/07/24 16:15:23.162,2026/07/24 16:15:23.190,1,GPU-713d5b24-2a1e-fd4a-7685-c3d195ff9230,83.14,1410,1593,0,0,73511,34
2026/07/24 16:15:23.426,2026/07/24 16:15:23.412,2026/07/24 16:15:23.441,0,GPU-e2681f6e-8d94-2d66-484f-43ea602335f9,87.86,1410,1593,0,0,73511,41
2026/07/24 16:15:23.426,2026/07/24 16:15:23.412,2026/07/24 16:15:23.441,1,GPU-713d5b24-2a1e-fd4a-7685-c3d195ff9230,83.46,1410,1593,0,0,73511,34
2026/07/24 16:15:23.675,2026/07/24 16:15:23.662,2026/07/24 16:15:23.688,0,GPU-e2681f6e-8d94-2d66-484f-43ea602335f9,87.86,1410,1593,0,0,73511,41
2026/07/24 16:15:23.675,2026/07/24 16:15:23.662,2026/07/24 16:15:23.688,1,GPU-713d5b24-2a1e-fd4a-7685-c3d195ff9230,83.14,1410,1593,0,0,73511,34
2026/07/24 16:15:23.926,2026/07/24 16:15:23.912,2026/07/24 16:15:23.940,0,GPU-e2681f6e-8d94-2d66-484f-43ea602335f9,87.86,1410,1593,0,0,73511,41
2026/07/24 16:15:23.926,2026/07/24 16:15:23.912,2026/07/24 16:15:23.940,1,GPU-713d5b24-2a1e-fd4a-7685-c3d195ff9230,83.14,1410,1593,0,0,73511,34
2026/07/24 16:15:24.176,2026/07/24 16:15:24.162,2026/07/24 16:15:24.190,0,GPU-e2681f6e-8d94-2d66-484f-43ea602335f9,87.86,1410,1593,0,0,73511,41
2026/07/24 16:15:24.176,2026/07/24 16:15:24.162,2026/07/24 16:15:24.190,1,GPU-713d5b24-2a1e-fd4a-7685-c3d195ff9230,83.14,1410,1593,0,0,73511,34
2026/07/24 16:15:24.426,2026/07/24 16:15:24.412,2026/07/24 16:15:24.439,0,GPU-e2681f6e-8d94-2d66-484f-43ea602335f9,87.86,1410,1593,0,0,73511,41
2026/07/24 16:15:24.426,2026/07/24 16:15:24.412,2026/07/24 16:15:24.439,1,GPU-713d5b24-2a1e-fd4a-7685-c3d195ff9230,83.14,1410,1593,0,0,73511,34
2026/07/24 16:15:24.674,2026/07/24 16:15:24.662,2026/07/24 16:15:24.687,0,GPU-e2681f6e-8d94-2d66-484f-43ea602335f9,87.86,1410,1593,0,0,73511,41
2026/07/24 16:15:24.674,2026/07/24 16:15:24.662,2026/07/24 16:15:24.687,1,GPU-713d5b24-2a1e-fd4a-7685-c3d195ff9230,83.14,1410,1593,0,0,73511,34
2026/07/24 16:15:24.925,2026/07/24 16:15:24.912,2026/07/24 16:15:24.938,0,GPU-e2681f6e-8d94-2d66-484f-43ea602335f9,87.86,1410,1593,0,0,73511,41
2026/07/24 16:15:24.925,2026/07/24 16:15:24.912,2026/07/24 16:15:24.938,1,GPU-713d5b24-2a1e-fd4a-7685-c3d195ff9230,83.22,1410,1593,0,0,73511,34
2026/07/24 16:15:25.177,2026/07/24 16:15:25.162,2026/07/24 16:15:25.192,0,GPU-e2681f6e-8d94-2d66-484f-43ea602335f9,87.86,1410,1593,0,0,73511,41
2026/07/24 16:15:25.177,2026/07/24 16:15:25.162,2026/07/24 16:15:25.192,1,GPU-713d5b24-2a1e-fd4a-7685-c3d195ff9230,83.22,1410,1593,0,0,73511,34
2026/07/24 16:15:25.426,2026/07/24 16:15:25.412,2026/07/24 16:15:25.439,0,GPU-e2681f6e-8d94-2d66-484f-43ea602335f9,87.86,1410,1593,0,0,73511,41
2026/07/24 16:15:25.426,2026/07/24 16:15:25.412,2026/07/24 16:15:25.439,1,GPU-713d5b24-2a1e-fd4a-7685-c3d195ff9230,83.14,1410,1593,0,0,73511,34
2026/07/24 16:15:25.675,2026/07/24 16:15:25.662,2026/07/24 16:15:25.687,0,GPU-e2681f6e-8d94-2d66-484f-43ea602335f9,87.86,1410,1593,0,0,73511,41
2026/07/24 16:15:25.675,2026/07/24 16:15:25.662,2026/07/24 16:15:25.687,1,GPU-713d5b24-2a1e-fd4a-7685-c3d195ff9230,83.14,1410,1593,0,0,73511,34
2026/07/24 16:15:25.925,2026/07/24 16:15:25.912,2026/07/24 16:15:25.938,0,GPU-e2681f6e-8d94-2d66-484f-43ea602335f9,87.86,1410,1593,0,0,73511,41
2026/07/24 16:15:25.925,2026/07/24 16:15:25.912,2026/07/24 16:15:25.938,1,GPU-713d5b24-2a1e-fd4a-7685-c3d195ff9230,83.22,1410,1593,0,0,73511,34
2026/07/24 16:15:26.178,2026/07/24 16:15:26.163,2026/07/24 16:15:26.193,0,GPU-e2681f6e-8d94-2d66-484f-43ea602335f9,87.86,1410,1593,0,0,73511,41
2026/07/24 16:15:26.178,2026/07/24 16:15:26.163,2026/07/24 16:15:26.193,1,GPU-713d5b24-2a1e-fd4a-7685-c3d195ff9230,83.22,1410,1593,0,0,73511,34
2026/07/24 16:15:26.426,2026/07/24 16:15:26.413,2026/07/24 16:15:26.440,0,GPU-e2681f6e-8d94-2d66-484f-43ea602335f9,87.86,1410,1593,0,0,73511,41
2026/07/24 16:15:26.426,2026/07/24 16:15:26.413,2026/07/24 16:15:26.440,1,GPU-713d5b24-2a1e-fd4a-7685-c3d195ff9230,83.22,1410,1593,0,0,73511,34
2026/07/24 16:15:26.675,2026/07/24 16:15:26.663,2026/07/24 16:15:26.687,0,GPU-e2681f6e-8d94-2d66-484f-43ea602335f9,87.86,1410,1593,0,0,73511,41
2026/07/24 16:15:26.675,2026/07/24 16:15:26.663,2026/07/24 16:15:26.687,1,GPU-713d5b24-2a1e-fd4a-7685-c3d195ff9230,83.22,1410,1593,0,0,73511,34
2026/07/24 16:15:26.926,2026/07/24 16:15:26.913,2026/07/24 16:15:26.939,0,GPU-e2681f6e-8d94-2d66-484f-43ea602335f9,87.86,1410,1593,0,0,73511,41
2026/07/24 16:15:26.926,2026/07/24 16:15:26.913,2026/07/24 16:15:26.939,1,GPU-713d5b24-2a1e-fd4a-7685-c3d195ff9230,83.14,1410,1593,0,0,73511,34
2026/07/24 16:15:27.176,2026/07/24 16:15:27.163,2026/07/24 16:15:27.190,0,GPU-e2681f6e-8d94-2d66-484f-43ea602335f9,87.86,1410,1593,0,0,73511,41
2026/07/24 16:15:27.176,2026/07/24 16:15:27.163,2026/07/24 16:15:27.190,1,GPU-713d5b24-2a1e-fd4a-7685-c3d195ff9230,83.14,1410,1593,0,0,73511,34
2026/07/24 16:15:27.428,2026/07/24 16:15:27.413,2026/07/24 16:15:27.442,0,GPU-e2681f6e-8d94-2d66-484f-43ea602335f9,87.86,1410,1593,0,0,73511,41
2026/07/24 16:15:27.428,2026/07/24 16:15:27.413,2026/07/24 16:15:27.442,1,GPU-713d5b24-2a1e-fd4a-7685-c3d195ff9230,83.22,1410,1593,0,0,73511,34
2026/07/24 16:15:27.675,2026/07/24 16:15:27.663,2026/07/24 16:15:27.687,0,GPU-e2681f6e-8d94-2d66-484f-43ea602335f9,87.86,1410,1593,0,0,73511,41
2026/07/24 16:15:27.675,2026/07/24 16:15:27.663,2026/07/24 16:15:27.687,1,GPU-713d5b24-2a1e-fd4a-7685-c3d195ff9230,83.14,1410,1593,0,0,73511,34
2026/07/24 16:15:27.926,2026/07/24 16:15:27.913,2026/07/24 16:15:27.939,0,GPU-e2681f6e-8d94-2d66-484f-43ea602335f9,87.86,1410,1593,0,0,73511,41
2026/07/24 16:15:27.926,2026/07/24 16:15:27.913,2026/07/24 16:15:27.939,1,GPU-713d5b24-2a1e-fd4a-7685-c3d195ff9230,83.22,1410,1593,0,0,73511,34
2026/07/24 16:15:28.177,2026/07/24 16:15:28.163,2026/07/24 16:15:28.191,0,GPU-e2681f6e-8d94-2d66-484f-43ea602335f9,87.86,1410,1593,0,0,73511,41
2026/07/24 16:15:28.177,2026/07/24 16:15:28.163,2026/07/24 16:15:28.191,1,GPU-713d5b24-2a1e-fd4a-7685-c3d195ff9230,83.14,1410,1593,0,0,73511,34
2026/07/24 16:15:28.427,2026/07/24 16:15:28.413,2026/07/24 16:15:28.440,0,GPU-e2681f6e-8d94-2d66-484f-43ea602335f9,87.86,1410,1593,0,0,73511,41
2026/07/24 16:15:28.427,2026/07/24 16:15:28.413,2026/07/24 16:15:28.440,1,GPU-713d5b24-2a1e-fd4a-7685-c3d195ff9230,83.22,1410,1593,0,0,73511,34
2026/07/24 16:15:28.676,2026/07/24 16:15:28.663,2026/07/24 16:15:28.688,0,GPU-e2681f6e-8d94-2d66-484f-43ea602335f9,87.77,1410,1593,0,0,73511,41
2026/07/24 16:15:28.676,2026/07/24 16:15:28.663,2026/07/24 16:15:28.688,1,GPU-713d5b24-2a1e-fd4a-7685-c3d195ff9230,83.14,1410,1593,0,0,73511,34
2026/07/24 16:15:28.926,2026/07/24 16:15:28.913,2026/07/24 16:15:28.939,0,GPU-e2681f6e-8d94-2d66-484f-43ea602335f9,88.13,1410,1593,0,0,73511,41
2026/07/24 16:15:28.926,2026/07/24 16:15:28.913,2026/07/24 16:15:28.939,1,GPU-713d5b24-2a1e-fd4a-7685-c3d195ff9230,83.14,1410,1593,0,0,73511,34
2026/07/24 16:15:29.177,2026/07/24 16:15:29.163,2026/07/24 16:15:29.192,0,GPU-e2681f6e-8d94-2d66-484f-43ea602335f9,87.86,1410,1593,0,0,73511,41
2026/07/24 16:15:29.177,2026/07/24 16:15:29.163,2026/07/24 16:15:29.192,1,GPU-713d5b24-2a1e-fd4a-7685-c3d195ff9230,83.22,1410,1593,0,0,73511,34
2026/07/24 16:15:29.427,2026/07/24 16:15:29.413,2026/07/24 16:15:29.440,0,GPU-e2681f6e-8d94-2d66-484f-43ea602335f9,87.86,1410,1593,0,0,73511,41
2026/07/24 16:15:29.427,2026/07/24 16:15:29.413,2026/07/24 16:15:29.440,1,GPU-713d5b24-2a1e-fd4a-7685-c3d195ff9230,83.46,1410,1593,0,0,73511,34
2026/07/24 16:15:29.677,2026/07/24 16:15:29.663,2026/07/24 16:15:29.690,0,GPU-e2681f6e-8d94-2d66-484f-43ea602335f9,87.86,1410,1593,0,0,73511,41
2026/07/24 16:15:29.677,2026/07/24 16:15:29.663,2026/07/24 16:15:29.690,1,GPU-713d5b24-2a1e-fd4a-7685-c3d195ff9230,83.22,1410,1593,0,0,73511,34
2026/07/24 16:15:29.926,2026/07/24 16:15:29.914,2026/07/24 16:15:29.938,0,GPU-e2681f6e-8d94-2d66-484f-43ea602335f9,87.86,1410,1593,0,0,73511,41
2026/07/24 16:15:29.926,2026/07/24 16:15:29.914,2026/07/24 16:15:29.938,1,GPU-713d5b24-2a1e-fd4a-7685-c3d195ff9230,83.14,1410,1593,0,0,73511,34
2026/07/24 16:15:30.178,2026/07/24 16:15:30.164,2026/07/24 16:15:30.192,0,GPU-e2681f6e-8d94-2d66-484f-43ea602335f9,87.86,1410,1593,0,0,73511,41
2026/07/24 16:15:30.178,2026/07/24 16:15:30.164,2026/07/24 16:15:30.192,1,GPU-713d5b24-2a1e-fd4a-7685-c3d195ff9230,83.14,1410,1593,0,0,73511,34
2026/07/24 16:15:30.427,2026/07/24 16:15:30.414,2026/07/24 16:15:30.440,0,GPU-e2681f6e-8d94-2d66-484f-43ea602335f9,88.13,1410,1593,0,0,73511,41
2026/07/24 16:15:30.427,2026/07/24 16:15:30.414,2026/07/24 16:15:30.440,1,GPU-713d5b24-2a1e-fd4a-7685-c3d195ff9230,83.22,1410,1593,0,0,73511,34
2026/07/24 16:15:30.677,2026/07/24 16:15:30.664,2026/07/24 16:15:30.691,0,GPU-e2681f6e-8d94-2d66-484f-43ea602335f9,88.13,1410,1593,0,0,73511,41
2026/07/24 16:15:30.677,2026/07/24 16:15:30.664,2026/07/24 16:15:30.691,1,GPU-713d5b24-2a1e-fd4a-7685-c3d195ff9230,83.22,1410,1593,0,0,73511,34
2026/07/24 16:15:30.926,2026/07/24 16:15:30.914,2026/07/24 16:15:30.938,0,GPU-e2681f6e-8d94-2d66-484f-43ea602335f9,88.13,1410,1593,0,0,73511,41
2026/07/24 16:15:30.926,2026/07/24 16:15:30.914,2026/07/24 16:15:30.938,1,GPU-713d5b24-2a1e-fd4a-7685-c3d195ff9230,83.14,1410,1593,0,0,73511,34
2026/07/24 16:15:31.177,2026/07/24 16:15:31.164,2026/07/24 16:15:31.190,0,GPU-e2681f6e-8d94-2d66-484f-43ea602335f9,87.86,1410,1593,0,0,73511,41
2026/07/24 16:15:31.177,2026/07/24 16:15:31.164,2026/07/24 16:15:31.190,1,GPU-713d5b24-2a1e-fd4a-7685-c3d195ff9230,83.14,1410,1593,0,0,73511,34
2026/07/24 16:15:31.427,2026/07/24 16:15:31.414,2026/07/24 16:15:31.441,0,GPU-e2681f6e-8d94-2d66-484f-43ea602335f9,87.86,1410,1593,0,0,73511,41
2026/07/24 16:15:31.427,2026/07/24 16:15:31.414,2026/07/24 16:15:31.441,1,GPU-713d5b24-2a1e-fd4a-7685-c3d195ff9230,83.22,1410,1593,0,0,73511,34
2026/07/24 16:15:31.677,2026/07/24 16:15:31.664,2026/07/24 16:15:31.689,0,GPU-e2681f6e-8d94-2d66-484f-43ea602335f9,87.86,1410,1593,0,0,73511,41
2026/07/24 16:15:31.677,2026/07/24 16:15:31.664,2026/07/24 16:15:31.689,1,GPU-713d5b24-2a1e-fd4a-7685-c3d195ff9230,83.22,1410,1593,0,0,73511,34
2026/07/24 16:15:31.927,2026/07/24 16:15:31.914,2026/07/24 16:15:31.940,0,GPU-e2681f6e-8d94-2d66-484f-43ea602335f9,88.13,1410,1593,0,0,73511,41
2026/07/24 16:15:31.927,2026/07/24 16:15:31.914,2026/07/24 16:15:31.940,1,GPU-713d5b24-2a1e-fd4a-7685-c3d195ff9230,83.22,1410,1593,0,0,73511,34
2026/07/24 16:15:32.177,2026/07/24 16:15:32.164,2026/07/24 16:15:32.190,0,GPU-e2681f6e-8d94-2d66-484f-43ea602335f9,87.86,1410,1593,0,0,73511,41
2026/07/24 16:15:32.177,2026/07/24 16:15:32.164,2026/07/24 16:15:32.190,1,GPU-713d5b24-2a1e-fd4a-7685-c3d195ff9230,83.14,1410,1593,0,0,73511,34
2026/07/24 16:15:32.428,2026/07/24 16:15:32.414,2026/07/24 16:15:32.441,0,GPU-e2681f6e-8d94-2d66-484f-43ea602335f9,87.86,1410,1593,0,0,73511,41
2026/07/24 16:15:32.428,2026/07/24 16:15:32.414,2026/07/24 16:15:32.441,1,GPU-713d5b24-2a1e-fd4a-7685-c3d195ff9230,83.14,1410,1593,0,0,73511,34
2026/07/24 16:15:32.677,2026/07/24 16:15:32.664,2026/07/24 16:15:32.689,0,GPU-e2681f6e-8d94-2d66-484f-43ea602335f9,87.86,1410,1593,0,0,73511,41
2026/07/24 16:15:32.677,2026/07/24 16:15:32.664,2026/07/24 16:15:32.689,1,GPU-713d5b24-2a1e-fd4a-7685-c3d195ff9230,83.14,1410,1593,0,0,73511,34
2026/07/24 16:15:32.927,2026/07/24 16:15:32.914,2026/07/24 16:15:32.940,0,GPU-e2681f6e-8d94-2d66-484f-43ea602335f9,87.86,1410,1593,0,0,73511,41
2026/07/24 16:15:32.927,2026/07/24 16:15:32.914,2026/07/24 16:15:32.940,1,GPU-713d5b24-2a1e-fd4a-7685-c3d195ff9230,83.22,1410,1593,0,0,73511,34
2026/07/24 16:15:33.177,2026/07/24 16:15:33.165,2026/07/24 16:15:33.190,0,GPU-e2681f6e-8d94-2d66-484f-43ea602335f9,87.86,1410,1593,0,0,73511,41
2026/07/24 16:15:33.177,2026/07/24 16:15:33.165,2026/07/24 16:15:33.190,1,GPU-713d5b24-2a1e-fd4a-7685-c3d195ff9230,83.22,1410,1593,0,0,73511,34
2026/07/24 16:15:33.428,2026/07/24 16:15:33.415,2026/07/24 16:15:33.441,0,GPU-e2681f6e-8d94-2d66-484f-43ea602335f9,87.86,1410,1593,0,0,73511,41
2026/07/24 16:15:33.428,2026/07/24 16:15:33.415,2026/07/24 16:15:33.441,1,GPU-713d5b24-2a1e-fd4a-7685-c3d195ff9230,83.14,1410,1593,0,0,73511,34
2026/07/24 16:15:33.678,2026/07/24 16:15:33.665,2026/07/24 16:15:33.692,0,GPU-e2681f6e-8d94-2d66-484f-43ea602335f9,87.86,1410,1593,0,0,73511,41
2026/07/24 16:15:33.678,2026/07/24 16:15:33.665,2026/07/24 16:15:33.692,1,GPU-713d5b24-2a1e-fd4a-7685-c3d195ff9230,82.86,1410,1593,0,0,73511,34
2026/07/24 16:15:33.927,2026/07/24 16:15:33.915,2026/07/24 16:15:33.939,0,GPU-e2681f6e-8d94-2d66-484f-43ea602335f9,87.86,1410,1593,0,0,73511,41
2026/07/24 16:15:33.927,2026/07/24 16:15:33.915,2026/07/24 16:15:33.939,1,GPU-713d5b24-2a1e-fd4a-7685-c3d195ff9230,82.54,1410,1593,0,0,73511,34
2026/07/24 16:15:34.178,2026/07/24 16:15:34.165,2026/07/24 16:15:34.191,0,GPU-e2681f6e-8d94-2d66-484f-43ea602335f9,88.13,1410,1593,0,0,73511,41
2026/07/24 16:15:34.178,2026/07/24 16:15:34.165,2026/07/24 16:15:34.191,1,GPU-713d5b24-2a1e-fd4a-7685-c3d195ff9230,82.62,1410,1593,0,0,73511,34
2026/07/24 16:15:34.428,2026/07/24 16:15:34.415,2026/07/24 16:15:34.440,0,GPU-e2681f6e-8d94-2d66-484f-43ea602335f9,87.86,1410,1593,0,0,73511,41
2026/07/24 16:15:34.428,2026/07/24 16:15:34.415,2026/07/24 16:15:34.440,1,GPU-713d5b24-2a1e-fd4a-7685-c3d195ff9230,82.86,1410,1593,0,0,73511,34
2026/07/24 16:15:34.678,2026/07/24 16:15:34.665,2026/07/24 16:15:34.690,0,GPU-e2681f6e-8d94-2d66-484f-43ea602335f9,88.13,1410,1593,0,0,73511,41
2026/07/24 16:15:34.678,2026/07/24 16:15:34.665,2026/07/24 16:15:34.690,1,GPU-713d5b24-2a1e-fd4a-7685-c3d195ff9230,82.86,1410,1593,0,0,73511,34
2026/07/24 16:15:34.928,2026/07/24 16:15:34.915,2026/07/24 16:15:34.941,0,GPU-e2681f6e-8d94-2d66-484f-43ea602335f9,87.86,1410,1593,0,0,73511,41
2026/07/24 16:15:34.928,2026/07/24 16:15:34.915,2026/07/24 16:15:34.941,1,GPU-713d5b24-2a1e-fd4a-7685-c3d195ff9230,82.95,1410,1593,0,0,73511,34
2026/07/24 16:15:35.178,2026/07/24 16:15:35.165,2026/07/24 16:15:35.192,0,GPU-e2681f6e-8d94-2d66-484f-43ea602335f9,87.86,1410,1593,0,0,73511,41
2026/07/24 16:15:35.178,2026/07/24 16:15:35.165,2026/07/24 16:15:35.192,1,GPU-713d5b24-2a1e-fd4a-7685-c3d195ff9230,82.62,1410,1593,0,0,73511,34
2026/07/24 16:15:35.428,2026/07/24 16:15:35.415,2026/07/24 16:15:35.441,0,GPU-e2681f6e-8d94-2d66-484f-43ea602335f9,87.86,1410,1593,0,0,73511,41
2026/07/24 16:15:35.428,2026/07/24 16:15:35.415,2026/07/24 16:15:35.441,1,GPU-713d5b24-2a1e-fd4a-7685-c3d195ff9230,82.86,1410,1593,0,0,73511,34
2026/07/24 16:15:35.678,2026/07/24 16:15:35.665,2026/07/24 16:15:35.690,0,GPU-e2681f6e-8d94-2d66-484f-43ea602335f9,87.86,1410,1593,0,0,73511,41
2026/07/24 16:15:35.678,2026/07/24 16:15:35.665,2026/07/24 16:15:35.690,1,GPU-713d5b24-2a1e-fd4a-7685-c3d195ff9230,82.86,1410,1593,0,0,73511,34
2026/07/24 16:15:35.928,2026/07/24 16:15:35.915,2026/07/24 16:15:35.940,0,GPU-e2681f6e-8d94-2d66-484f-43ea602335f9,87.86,1410,1593,0,0,73511,41
2026/07/24 16:15:35.928,2026/07/24 16:15:35.915,2026/07/24 16:15:35.940,1,GPU-713d5b24-2a1e-fd4a-7685-c3d195ff9230,83.22,1410,1593,0,0,73511,34
2026/07/24 16:15:36.178,2026/07/24 16:15:36.165,2026/07/24 16:15:36.191,0,GPU-e2681f6e-8d94-2d66-484f-43ea602335f9,87.86,1410,1593,0,0,73511,41
2026/07/24 16:15:36.178,2026/07/24 16:15:36.165,2026/07/24 16:15:36.191,1,GPU-713d5b24-2a1e-fd4a-7685-c3d195ff9230,82.95,1410,1593,0,0,73511,34
2026/07/24 16:15:36.428,2026/07/24 16:15:36.415,2026/07/24 16:15:36.441,0,GPU-e2681f6e-8d94-2d66-484f-43ea602335f9,88.13,1410,1593,0,0,73511,41
2026/07/24 16:15:36.428,2026/07/24 16:15:36.415,2026/07/24 16:15:36.441,1,GPU-713d5b24-2a1e-fd4a-7685-c3d195ff9230,83.22,1410,1593,0,0,73511,34
2026/07/24 16:15:36.678,2026/07/24 16:15:36.665,2026/07/24 16:15:36.690,0,GPU-e2681f6e-8d94-2d66-484f-43ea602335f9,87.77,1410,1593,0,0,73511,41
2026/07/24 16:15:36.678,2026/07/24 16:15:36.665,2026/07/24 16:15:36.690,1,GPU-713d5b24-2a1e-fd4a-7685-c3d195ff9230,82.86,1410,1593,0,0,73511,34
2026/07/24 16:15:36.928,2026/07/24 16:15:36.915,2026/07/24 16:15:36.940,0,GPU-e2681f6e-8d94-2d66-484f-43ea602335f9,87.86,1410,1593,0,0,73511,41
2026/07/24 16:15:36.928,2026/07/24 16:15:36.915,2026/07/24 16:15:36.940,1,GPU-713d5b24-2a1e-fd4a-7685-c3d195ff9230,82.62,1410,1593,0,0,73511,34
2026/07/24 16:15:37.178,2026/07/24 16:15:37.165,2026/07/24 16:15:37.190,0,GPU-e2681f6e-8d94-2d66-484f-43ea602335f9,88.13,1410,1593,0,0,73511,41
2026/07/24 16:15:37.178,2026/07/24 16:15:37.165,2026/07/24 16:15:37.190,1,GPU-713d5b24-2a1e-fd4a-7685-c3d195ff9230,82.54,1410,1593,0,0,73511,34
2026/07/24 16:15:37.428,2026/07/24 16:15:37.416,2026/07/24 16:15:37.441,0,GPU-e2681f6e-8d94-2d66-484f-43ea602335f9,88.46,1410,1593,0,0,73511,41
2026/07/24 16:15:37.428,2026/07/24 16:15:37.416,2026/07/24 16:15:37.441,1,GPU-713d5b24-2a1e-fd4a-7685-c3d195ff9230,82.54,1410,1593,0,0,73511,34
2026/07/24 16:15:37.678,2026/07/24 16:15:37.666,2026/07/24 16:15:37.690,0,GPU-e2681f6e-8d94-2d66-484f-43ea602335f9,87.86,1410,1593,0,0,73511,41
2026/07/24 16:15:37.678,2026/07/24 16:15:37.666,2026/07/24 16:15:37.690,1,GPU-713d5b24-2a1e-fd4a-7685-c3d195ff9230,82.54,1410,1593,0,0,73511,34
2026/07/24 16:15:37.929,2026/07/24 16:15:37.916,2026/07/24 16:15:37.941,0,GPU-e2681f6e-8d94-2d66-484f-43ea602335f9,87.86,1410,1593,0,0,73511,41
2026/07/24 16:15:37.929,2026/07/24 16:15:37.916,2026/07/24 16:15:37.941,1,GPU-713d5b24-2a1e-fd4a-7685-c3d195ff9230,82.95,1410,1593,0,0,73511,34
2026/07/24 16:15:38.178,2026/07/24 16:15:38.166,2026/07/24 16:15:38.190,0,GPU-e2681f6e-8d94-2d66-484f-43ea602335f9,87.86,1410,1593,0,0,73511,41
2026/07/24 16:15:38.178,2026/07/24 16:15:38.166,2026/07/24 16:15:38.190,1,GPU-713d5b24-2a1e-fd4a-7685-c3d195ff9230,82.95,1410,1593,0,0,73511,34
2026/07/24 16:15:38.429,2026/07/24 16:15:38.416,2026/07/24 16:15:38.441,0,GPU-e2681f6e-8d94-2d66-484f-43ea602335f9,87.86,1410,1593,0,0,73511,41
2026/07/24 16:15:38.429,2026/07/24 16:15:38.416,2026/07/24 16:15:38.441,1,GPU-713d5b24-2a1e-fd4a-7685-c3d195ff9230,82.62,1410,1593,0,0,73511,34
2026/07/24 16:15:38.678,2026/07/24 16:15:38.666,2026/07/24 16:15:38.689,0,GPU-e2681f6e-8d94-2d66-484f-43ea602335f9,87.86,1410,1593,0,0,73511,41
2026/07/24 16:15:38.678,2026/07/24 16:15:38.666,2026/07/24 16:15:38.689,1,GPU-713d5b24-2a1e-fd4a-7685-c3d195ff9230,82.86,1410,1593,0,0,73511,34
2026/07/24 16:15:38.928,2026/07/24 16:15:38.916,2026/07/24 16:15:38.940,0,GPU-e2681f6e-8d94-2d66-484f-43ea602335f9,88.13,1410,1593,0,0,73511,41
2026/07/24 16:15:38.928,2026/07/24 16:15:38.916,2026/07/24 16:15:38.940,1,GPU-713d5b24-2a1e-fd4a-7685-c3d195ff9230,82.54,1410,1593,0,0,73511,34
2026/07/24 16:15:39.179,2026/07/24 16:15:39.166,2026/07/24 16:15:39.192,0,GPU-e2681f6e-8d94-2d66-484f-43ea602335f9,87.86,1410,1593,0,0,73511,41
2026/07/24 16:15:39.179,2026/07/24 16:15:39.166,2026/07/24 16:15:39.192,1,GPU-713d5b24-2a1e-fd4a-7685-c3d195ff9230,82.86,1410,1593,0,0,73511,34
2026/07/24 16:15:39.431,2026/07/24 16:15:39.416,2026/07/24 16:15:39.445,0,GPU-e2681f6e-8d94-2d66-484f-43ea602335f9,88.13,1410,1593,0,0,73511,41
2026/07/24 16:15:39.431,2026/07/24 16:15:39.416,2026/07/24 16:15:39.445,1,GPU-713d5b24-2a1e-fd4a-7685-c3d195ff9230,82.95,1410,1593,0,0,73511,34
2026/07/24 16:15:39.680,2026/07/24 16:15:39.666,2026/07/24 16:15:39.694,0,GPU-e2681f6e-8d94-2d66-484f-43ea602335f9,87.86,1410,1593,0,0,73511,41
2026/07/24 16:15:39.680,2026/07/24 16:15:39.666,2026/07/24 16:15:39.694,1,GPU-713d5b24-2a1e-fd4a-7685-c3d195ff9230,82.95,1410,1593,0,0,73511,34
2026/07/24 16:15:39.931,2026/07/24 16:15:39.916,2026/07/24 16:15:39.946,0,GPU-e2681f6e-8d94-2d66-484f-43ea602335f9,88.13,1410,1593,0,0,73511,41
2026/07/24 16:15:39.931,2026/07/24 16:15:39.916,2026/07/24 16:15:39.946,1,GPU-713d5b24-2a1e-fd4a-7685-c3d195ff9230,82.54,1410,1593,0,0,73511,34
2026/07/24 16:15:40.183,2026/07/24 16:15:40.166,2026/07/24 16:15:40.200,0,GPU-e2681f6e-8d94-2d66-484f-43ea602335f9,87.86,1410,1593,0,0,73511,41
2026/07/24 16:15:40.183,2026/07/24 16:15:40.166,2026/07/24 16:15:40.200,1,GPU-713d5b24-2a1e-fd4a-7685-c3d195ff9230,82.86,1410,1593,0,0,73511,34
2026/07/24 16:15:40.430,2026/07/24 16:15:40.416,2026/07/24 16:15:40.444,0,GPU-e2681f6e-8d94-2d66-484f-43ea602335f9,87.86,1410,1593,0,0,73511,41
2026/07/24 16:15:40.430,2026/07/24 16:15:40.416,2026/07/24 16:15:40.444,1,GPU-713d5b24-2a1e-fd4a-7685-c3d195ff9230,82.62,1410,1593,0,0,73511,34
2026/07/24 16:15:40.682,2026/07/24 16:15:40.666,2026/07/24 16:15:40.697,0,GPU-e2681f6e-8d94-2d66-484f-43ea602335f9,87.86,1410,1593,0,0,73511,41
2026/07/24 16:15:40.682,2026/07/24 16:15:40.666,2026/07/24 16:15:40.697,1,GPU-713d5b24-2a1e-fd4a-7685-c3d195ff9230,82.62,1410,1593,0,0,73511,34
2026/07/24 16:15:40.939,2026/07/24 16:15:40.916,2026/07/24 16:15:40.962,0,GPU-e2681f6e-8d94-2d66-484f-43ea602335f9,88.13,1410,1593,0,0,73511,41
2026/07/24 16:15:40.939,2026/07/24 16:15:40.916,2026/07/24 16:15:40.962,1,GPU-713d5b24-2a1e-fd4a-7685-c3d195ff9230,82.95,1410,1593,0,0,73511,34
2026/07/24 16:15:41.179,2026/07/24 16:15:41.167,2026/07/24 16:15:41.191,0,GPU-e2681f6e-8d94-2d66-484f-43ea602335f9,88.13,1410,1593,0,0,73511,41
2026/07/24 16:15:41.179,2026/07/24 16:15:41.167,2026/07/24 16:15:41.191,1,GPU-713d5b24-2a1e-fd4a-7685-c3d195ff9230,82.86,1410,1593,0,0,73511,34
2026/07/24 16:15:41.429,2026/07/24 16:15:41.417,2026/07/24 16:15:41.441,0,GPU-e2681f6e-8d94-2d66-484f-43ea602335f9,88.13,1410,1593,0,0,73511,41
2026/07/24 16:15:41.429,2026/07/24 16:15:41.417,2026/07/24 16:15:41.441,1,GPU-713d5b24-2a1e-fd4a-7685-c3d195ff9230,82.95,1410,1593,0,0,73511,34
2026/07/24 16:15:41.678,2026/07/24 16:15:41.667,2026/07/24 16:15:41.690,0,GPU-e2681f6e-8d94-2d66-484f-43ea602335f9,87.86,1410,1593,0,0,73511,41
2026/07/24 16:15:41.678,2026/07/24 16:15:41.667,2026/07/24 16:15:41.690,1,GPU-713d5b24-2a1e-fd4a-7685-c3d195ff9230,82.86,1410,1593,0,0,73511,34
2026/07/24 16:15:41.929,2026/07/24 16:15:41.917,2026/07/24 16:15:41.941,0,GPU-e2681f6e-8d94-2d66-484f-43ea602335f9,87.86,1410,1593,0,0,73511,41
2026/07/24 16:15:41.929,2026/07/24 16:15:41.917,2026/07/24 16:15:41.941,1,GPU-713d5b24-2a1e-fd4a-7685-c3d195ff9230,82.95,1410,1593,0,0,73511,34
2026/07/24 16:15:42.180,2026/07/24 16:15:42.167,2026/07/24 16:15:42.192,0,GPU-e2681f6e-8d94-2d66-484f-43ea602335f9,88.13,1410,1593,0,0,73511,41
2026/07/24 16:15:42.180,2026/07/24 16:15:42.167,2026/07/24 16:15:42.192,1,GPU-713d5b24-2a1e-fd4a-7685-c3d195ff9230,82.95,1410,1593,0,0,73511,34
2026/07/24 16:15:42.429,2026/07/24 16:15:42.417,2026/07/24 16:15:42.441,0,GPU-e2681f6e-8d94-2d66-484f-43ea602335f9,87.86,1410,1593,0,0,73511,41
2026/07/24 16:15:42.429,2026/07/24 16:15:42.417,2026/07/24 16:15:42.441,1,GPU-713d5b24-2a1e-fd4a-7685-c3d195ff9230,82.86,1410,1593,0,0,73511,34
2026/07/24 16:15:42.679,2026/07/24 16:15:42.667,2026/07/24 16:15:42.690,0,GPU-e2681f6e-8d94-2d66-484f-43ea602335f9,87.86,1410,1593,0,0,73511,41
2026/07/24 16:15:42.679,2026/07/24 16:15:42.667,2026/07/24 16:15:42.690,1,GPU-713d5b24-2a1e-fd4a-7685-c3d195ff9230,82.86,1410,1593,0,0,73511,34
2026/07/24 16:15:42.929,2026/07/24 16:15:42.917,2026/07/24 16:15:42.942,0,GPU-e2681f6e-8d94-2d66-484f-43ea602335f9,88.13,1410,1593,0,0,73511,41
2026/07/24 16:15:42.929,2026/07/24 16:15:42.917,2026/07/24 16:15:42.942,1,GPU-713d5b24-2a1e-fd4a-7685-c3d195ff9230,83.14,1410,1593,0,0,73511,34
2026/07/24 16:15:43.179,2026/07/24 16:15:43.167,2026/07/24 16:15:43.191,0,GPU-e2681f6e-8d94-2d66-484f-43ea602335f9,88.13,1410,1593,0,0,73511,41
2026/07/24 16:15:43.179,2026/07/24 16:15:43.167,2026/07/24 16:15:43.191,1,GPU-713d5b24-2a1e-fd4a-7685-c3d195ff9230,82.62,1410,1593,0,0,73511,34
2026/07/24 16:15:43.447,2026/07/24 16:15:43.417,2026/07/24 16:15:43.477,0,GPU-e2681f6e-8d94-2d66-484f-43ea602335f9,88.13,1410,1593,0,0,73511,41
2026/07/24 16:15:43.447,2026/07/24 16:15:43.417,2026/07/24 16:15:43.477,1,GPU-713d5b24-2a1e-fd4a-7685-c3d195ff9230,82.95,1410,1593,0,0,73511,34
2026/07/24 16:15:43.679,2026/07/24 16:15:43.667,2026/07/24 16:15:43.691,0,GPU-e2681f6e-8d94-2d66-484f-43ea602335f9,91.77,1410,1593,0,0,73511,41
2026/07/24 16:15:43.679,2026/07/24 16:15:43.667,2026/07/24 16:15:43.691,1,GPU-713d5b24-2a1e-fd4a-7685-c3d195ff9230,86.49,1410,1593,0,0,73511,34
2026/07/24 16:15:43.930,2026/07/24 16:15:43.917,2026/07/24 16:15:43.942,0,GPU-e2681f6e-8d94-2d66-484f-43ea602335f9,88.13,1410,1593,0,0,73511,41
2026/07/24 16:15:43.930,2026/07/24 16:15:43.917,2026/07/24 16:15:43.942,1,GPU-713d5b24-2a1e-fd4a-7685-c3d195ff9230,82.95,1410,1593,0,0,73511,34
2026/07/24 16:15:44.180,2026/07/24 16:15:44.167,2026/07/24 16:15:44.193,0,GPU-e2681f6e-8d94-2d66-484f-43ea602335f9,88.13,1410,1593,0,0,73511,41
2026/07/24 16:15:44.180,2026/07/24 16:15:44.167,2026/07/24 16:15:44.193,1,GPU-713d5b24-2a1e-fd4a-7685-c3d195ff9230,82.86,1410,1593,0,0,73511,34
2026/07/24 16:15:44.430,2026/07/24 16:15:44.417,2026/07/24 16:15:44.442,0,GPU-e2681f6e-8d94-2d66-484f-43ea602335f9,87.86,1410,1593,0,0,73511,41
2026/07/24 16:15:44.430,2026/07/24 16:15:44.417,2026/07/24 16:15:44.442,1,GPU-713d5b24-2a1e-fd4a-7685-c3d195ff9230,82.54,1410,1593,0,0,73511,34
2026/07/24 16:15:44.679,2026/07/24 16:15:44.668,2026/07/24 16:15:44.691,0,GPU-e2681f6e-8d94-2d66-484f-43ea602335f9,87.86,1410,1593,0,0,73511,41
2026/07/24 16:15:44.679,2026/07/24 16:15:44.668,2026/07/24 16:15:44.691,1,GPU-713d5b24-2a1e-fd4a-7685-c3d195ff9230,82.62,1410,1593,0,0,73511,34
2026/07/24 16:15:44.930,2026/07/24 16:15:44.918,2026/07/24 16:15:44.942,0,GPU-e2681f6e-8d94-2d66-484f-43ea602335f9,87.86,1410,1593,0,0,73511,41
2026/07/24 16:15:44.930,2026/07/24 16:15:44.918,2026/07/24 16:15:44.942,1,GPU-713d5b24-2a1e-fd4a-7685-c3d195ff9230,82.86,1410,1593,0,0,73511,34
2026/07/24 16:15:45.182,2026/07/24 16:15:45.168,2026/07/24 16:15:45.196,0,GPU-e2681f6e-8d94-2d66-484f-43ea602335f9,87.86,1410,1593,0,0,73511,41
2026/07/24 16:15:45.182,2026/07/24 16:15:45.168,2026/07/24 16:15:45.196,1,GPU-713d5b24-2a1e-fd4a-7685-c3d195ff9230,82.95,1410,1593,0,0,73511,34
2026/07/24 16:15:45.429,2026/07/24 16:15:45.418,2026/07/24 16:15:45.440,0,GPU-e2681f6e-8d94-2d66-484f-43ea602335f9,87.86,1410,1593,0,0,73511,41
2026/07/24 16:15:45.429,2026/07/24 16:15:45.418,2026/07/24 16:15:45.440,1,GPU-713d5b24-2a1e-fd4a-7685-c3d195ff9230,82.86,1410,1593,0,0,73511,34
2026/07/24 16:15:45.681,2026/07/24 16:15:45.668,2026/07/24 16:15:45.694,0,GPU-e2681f6e-8d94-2d66-484f-43ea602335f9,87.86,1410,1593,0,0,73511,41
2026/07/24 16:15:45.681,2026/07/24 16:15:45.668,2026/07/24 16:15:45.694,1,GPU-713d5b24-2a1e-fd4a-7685-c3d195ff9230,82.86,1410,1593,0,0,73511,34
2026/07/24 16:15:45.931,2026/07/24 16:15:45.918,2026/07/24 16:15:45.944,0,GPU-e2681f6e-8d94-2d66-484f-43ea602335f9,88.13,1410,1593,0,0,73511,41
2026/07/24 16:15:45.931,2026/07/24 16:15:45.918,2026/07/24 16:15:45.944,1,GPU-713d5b24-2a1e-fd4a-7685-c3d195ff9230,82.95,1410,1593,0,0,73511,34
2026/07/24 16:15:46.180,2026/07/24 16:15:46.168,2026/07/24 16:15:46.192,0,GPU-e2681f6e-8d94-2d66-484f-43ea602335f9,88.13,1410,1593,0,0,73511,41
2026/07/24 16:15:46.180,2026/07/24 16:15:46.168,2026/07/24 16:15:46.192,1,GPU-713d5b24-2a1e-fd4a-7685-c3d195ff9230,82.95,1410,1593,0,0,73511,34
2026/07/24 16:15:46.431,2026/07/24 16:15:46.418,2026/07/24 16:15:46.444,0,GPU-e2681f6e-8d94-2d66-484f-43ea602335f9,88.13,1410,1593,0,0,73511,41
2026/07/24 16:15:46.431,2026/07/24 16:15:46.418,2026/07/24 16:15:46.444,1,GPU-713d5b24-2a1e-fd4a-7685-c3d195ff9230,82.86,1410,1593,0,0,73511,34
2026/07/24 16:15:46.681,2026/07/24 16:15:46.668,2026/07/24 16:15:46.693,0,GPU-e2681f6e-8d94-2d66-484f-43ea602335f9,88.13,1410,1593,0,0,73511,41
2026/07/24 16:15:46.681,2026/07/24 16:15:46.668,2026/07/24 16:15:46.693,1,GPU-713d5b24-2a1e-fd4a-7685-c3d195ff9230,82.86,1410,1593,0,0,73511,34
2026/07/24 16:15:46.933,2026/07/24 16:15:46.918,2026/07/24 16:15:46.947,0,GPU-e2681f6e-8d94-2d66-484f-43ea602335f9,87.86,1410,1593,0,0,73511,41
2026/07/24 16:15:46.933,2026/07/24 16:15:46.918,2026/07/24 16:15:46.947,1,GPU-713d5b24-2a1e-fd4a-7685-c3d195ff9230,82.95,1410,1593,0,0,73511,34
2026/07/24 16:15:47.180,2026/07/24 16:15:47.168,2026/07/24 16:15:47.193,0,GPU-e2681f6e-8d94-2d66-484f-43ea602335f9,87.86,1410,1593,0,0,73511,41
2026/07/24 16:15:47.180,2026/07/24 16:15:47.168,2026/07/24 16:15:47.193,1,GPU-713d5b24-2a1e-fd4a-7685-c3d195ff9230,82.95,1410,1593,0,0,73511,34
2026/07/24 16:15:47.431,2026/07/24 16:15:47.418,2026/07/24 16:15:47.443,0,GPU-e2681f6e-8d94-2d66-484f-43ea602335f9,88.13,1410,1593,0,0,73511,41
2026/07/24 16:15:47.431,2026/07/24 16:15:47.418,2026/07/24 16:15:47.443,1,GPU-713d5b24-2a1e-fd4a-7685-c3d195ff9230,82.86,1410,1593,0,0,73511,34
2026/07/24 16:15:47.680,2026/07/24 16:15:47.668,2026/07/24 16:15:47.692,0,GPU-e2681f6e-8d94-2d66-484f-43ea602335f9,88.13,1410,1593,0,0,73511,41
2026/07/24 16:15:47.680,2026/07/24 16:15:47.668,2026/07/24 16:15:47.692,1,GPU-713d5b24-2a1e-fd4a-7685-c3d195ff9230,82.86,1410,1593,0,0,73511,34
2026/07/24 16:15:47.932,2026/07/24 16:15:47.918,2026/07/24 16:15:47.947,0,GPU-e2681f6e-8d94-2d66-484f-43ea602335f9,88.13,1410,1593,0,0,73511,41
2026/07/24 16:15:47.932,2026/07/24 16:15:47.918,2026/07/24 16:15:47.947,1,GPU-713d5b24-2a1e-fd4a-7685-c3d195ff9230,82.86,1410,1593,0,0,73511,34
2026/07/24 16:15:48.181,2026/07/24 16:15:48.168,2026/07/24 16:15:48.194,0,GPU-e2681f6e-8d94-2d66-484f-43ea602335f9,88.13,1410,1593,0,0,73511,41
2026/07/24 16:15:48.181,2026/07/24 16:15:48.168,2026/07/24 16:15:48.194,1,GPU-713d5b24-2a1e-fd4a-7685-c3d195ff9230,82.95,1410,1593,0,0,73511,34
2026/07/24 16:15:48.442,2026/07/24 16:15:48.419,2026/07/24 16:15:48.465,0,GPU-e2681f6e-8d94-2d66-484f-43ea602335f9,88.13,1410,1593,0,0,73511,41
2026/07/24 16:15:48.442,2026/07/24 16:15:48.419,2026/07/24 16:15:48.465,1,GPU-713d5b24-2a1e-fd4a-7685-c3d195ff9230,82.86,1410,1593,0,0,73511,34
2026/07/24 16:15:48.682,2026/07/24 16:15:48.669,2026/07/24 16:15:48.695,0,GPU-e2681f6e-8d94-2d66-484f-43ea602335f9,88.13,1410,1593,0,0,73511,41
2026/07/24 16:15:48.682,2026/07/24 16:15:48.669,2026/07/24 16:15:48.695,1,GPU-713d5b24-2a1e-fd4a-7685-c3d195ff9230,82.86,1410,1593,0,0,73511,34
2026/07/24 16:15:48.931,2026/07/24 16:15:48.919,2026/07/24 16:15:48.944,0,GPU-e2681f6e-8d94-2d66-484f-43ea602335f9,88.13,1410,1593,0,0,73511,41
2026/07/24 16:15:48.931,2026/07/24 16:15:48.919,2026/07/24 16:15:48.944,1,GPU-713d5b24-2a1e-fd4a-7685-c3d195ff9230,82.86,1410,1593,0,0,73511,34
2026/07/24 16:15:49.181,2026/07/24 16:15:49.169,2026/07/24 16:15:49.194,0,GPU-e2681f6e-8d94-2d66-484f-43ea602335f9,88.13,1410,1593,0,0,73511,41
2026/07/24 16:15:49.181,2026/07/24 16:15:49.169,2026/07/24 16:15:49.194,1,GPU-713d5b24-2a1e-fd4a-7685-c3d195ff9230,83.22,1410,1593,0,0,73511,34
2026/07/24 16:15:49.429,2026/07/24 16:15:49.419,2026/07/24 16:15:49.440,0,GPU-e2681f6e-8d94-2d66-484f-43ea602335f9,88.13,1410,1593,0,0,73511,41
2026/07/24 16:15:49.429,2026/07/24 16:15:49.419,2026/07/24 16:15:49.440,1,GPU-713d5b24-2a1e-fd4a-7685-c3d195ff9230,82.86,1410,1593,0,0,73511,34
2026/07/24 16:15:49.679,2026/07/24 16:15:49.669,2026/07/24 16:15:49.690,0,GPU-e2681f6e-8d94-2d66-484f-43ea602335f9,88.13,1410,1593,0,0,73511,41
2026/07/24 16:15:49.679,2026/07/24 16:15:49.669,2026/07/24 16:15:49.690,1,GPU-713d5b24-2a1e-fd4a-7685-c3d195ff9230,82.95,1410,1593,0,0,73511,34
2026/07/24 16:15:49.931,2026/07/24 16:15:49.919,2026/07/24 16:15:49.944,0,GPU-e2681f6e-8d94-2d66-484f-43ea602335f9,88.13,1410,1593,0,0,73511,41
2026/07/24 16:15:49.931,2026/07/24 16:15:49.919,2026/07/24 16:15:49.944,1,GPU-713d5b24-2a1e-fd4a-7685-c3d195ff9230,82.95,1410,1593,0,0,73511,34
2026/07/24 16:15:50.184,2026/07/24 16:15:50.169,2026/07/24 16:15:50.199,0,GPU-e2681f6e-8d94-2d66-484f-43ea602335f9,88.13,1410,1593,0,0,73511,41
2026/07/24 16:15:50.184,2026/07/24 16:15:50.169,2026/07/24 16:15:50.199,1,GPU-713d5b24-2a1e-fd4a-7685-c3d195ff9230,82.86,1410,1593,0,0,73511,34
2026/07/24 16:15:50.431,2026/07/24 16:15:50.419,2026/07/24 16:15:50.443,0,GPU-e2681f6e-8d94-2d66-484f-43ea602335f9,88.46,1410,1593,0,0,73511,41
2026/07/24 16:15:50.431,2026/07/24 16:15:50.419,2026/07/24 16:15:50.443,1,GPU-713d5b24-2a1e-fd4a-7685-c3d195ff9230,82.86,1410,1593,0,0,73511,34
2026/07/24 16:15:50.681,2026/07/24 16:15:50.669,2026/07/24 16:15:50.693,0,GPU-e2681f6e-8d94-2d66-484f-43ea602335f9,88.46,1410,1593,0,0,73511,41
2026/07/24 16:15:50.681,2026/07/24 16:15:50.669,2026/07/24 16:15:50.693,1,GPU-713d5b24-2a1e-fd4a-7685-c3d195ff9230,82.86,1410,1593,0,0,73511,34
2026/07/24 16:15:50.931,2026/07/24 16:15:50.919,2026/07/24 16:15:50.943,0,GPU-e2681f6e-8d94-2d66-484f-43ea602335f9,88.13,1410,1593,0,0,73511,41
2026/07/24 16:15:50.931,2026/07/24 16:15:50.919,2026/07/24 16:15:50.943,1,GPU-713d5b24-2a1e-fd4a-7685-c3d195ff9230,82.86,1410,1593,0,0,73511,34
2026/07/24 16:15:51.181,2026/07/24 16:15:51.169,2026/07/24 16:15:51.193,0,GPU-e2681f6e-8d94-2d66-484f-43ea602335f9,88.13,1410,1593,0,0,73511,41
2026/07/24 16:15:51.181,2026/07/24 16:15:51.169,2026/07/24 16:15:51.193,1,GPU-713d5b24-2a1e-fd4a-7685-c3d195ff9230,82.95,1410,1593,0,0,73511,34
2026/07/24 16:15:51.431,2026/07/24 16:15:51.419,2026/07/24 16:15:51.443,0,GPU-e2681f6e-8d94-2d66-484f-43ea602335f9,88.13,1410,1593,0,0,73511,41
2026/07/24 16:15:51.431,2026/07/24 16:15:51.419,2026/07/24 16:15:51.443,1,GPU-713d5b24-2a1e-fd4a-7685-c3d195ff9230,82.86,1410,1593,0,0,73511,34
2026/07/24 16:15:51.680,2026/07/24 16:15:51.669,2026/07/24 16:15:51.691,0,GPU-e2681f6e-8d94-2d66-484f-43ea602335f9,88.13,1410,1593,0,0,73511,41
2026/07/24 16:15:51.680,2026/07/24 16:15:51.669,2026/07/24 16:15:51.691,1,GPU-713d5b24-2a1e-fd4a-7685-c3d195ff9230,82.86,1410,1593,0,0,73511,34
2026/07/24 16:15:51.932,2026/07/24 16:15:51.920,2026/07/24 16:15:51.945,0,GPU-e2681f6e-8d94-2d66-484f-43ea602335f9,88.13,1410,1593,0,0,73511,41
2026/07/24 16:15:51.932,2026/07/24 16:15:51.920,2026/07/24 16:15:51.945,1,GPU-713d5b24-2a1e-fd4a-7685-c3d195ff9230,82.86,1410,1593,0,0,73511,34
2026/07/24 16:15:52.182,2026/07/24 16:15:52.170,2026/07/24 16:15:52.195,0,GPU-e2681f6e-8d94-2d66-484f-43ea602335f9,88.13,1410,1593,0,0,73511,41
2026/07/24 16:15:52.182,2026/07/24 16:15:52.170,2026/07/24 16:15:52.195,1,GPU-713d5b24-2a1e-fd4a-7685-c3d195ff9230,82.86,1410,1593,0,0,73511,34
2026/07/24 16:15:52.432,2026/07/24 16:15:52.420,2026/07/24 16:15:52.444,0,GPU-e2681f6e-8d94-2d66-484f-43ea602335f9,88.13,1410,1593,0,0,73511,41
2026/07/24 16:15:52.432,2026/07/24 16:15:52.420,2026/07/24 16:15:52.444,1,GPU-713d5b24-2a1e-fd4a-7685-c3d195ff9230,82.95,1410,1593,0,0,73511,34
2026/07/24 16:15:52.681,2026/07/24 16:15:52.670,2026/07/24 16:15:52.692,0,GPU-e2681f6e-8d94-2d66-484f-43ea602335f9,88.13,1410,1593,0,0,73511,41
2026/07/24 16:15:52.681,2026/07/24 16:15:52.670,2026/07/24 16:15:52.692,1,GPU-713d5b24-2a1e-fd4a-7685-c3d195ff9230,82.86,1410,1593,0,0,73511,34
2026/07/24 16:15:52.932,2026/07/24 16:15:52.920,2026/07/24 16:15:52.944,0,GPU-e2681f6e-8d94-2d66-484f-43ea602335f9,88.13,1410,1593,0,0,73511,41
2026/07/24 16:15:52.932,2026/07/24 16:15:52.920,2026/07/24 16:15:52.944,1,GPU-713d5b24-2a1e-fd4a-7685-c3d195ff9230,82.95,1410,1593,0,0,73511,34
2026/07/24 16:15:53.182,2026/07/24 16:15:53.170,2026/07/24 16:15:53.194,0,GPU-e2681f6e-8d94-2d66-484f-43ea602335f9,88.13,1410,1593,0,0,73511,41
2026/07/24 16:15:53.182,2026/07/24 16:15:53.170,2026/07/24 16:15:53.194,1,GPU-713d5b24-2a1e-fd4a-7685-c3d195ff9230,82.86,1410,1593,0,0,73511,34
2026/07/24 16:15:53.433,2026/07/24 16:15:53.420,2026/07/24 16:15:53.447,0,GPU-e2681f6e-8d94-2d66-484f-43ea602335f9,88.13,1410,1593,0,0,73511,41
2026/07/24 16:15:53.433,2026/07/24 16:15:53.420,2026/07/24 16:15:53.447,1,GPU-713d5b24-2a1e-fd4a-7685-c3d195ff9230,82.86,1410,1593,0,0,73511,34
2026/07/24 16:15:53.683,2026/07/24 16:15:53.670,2026/07/24 16:15:53.696,0,GPU-e2681f6e-8d94-2d66-484f-43ea602335f9,88.13,1410,1593,0,0,73511,41
2026/07/24 16:15:53.683,2026/07/24 16:15:53.670,2026/07/24 16:15:53.696,1,GPU-713d5b24-2a1e-fd4a-7685-c3d195ff9230,82.95,1410,1593,0,0,73511,34
2026/07/24 16:15:53.933,2026/07/24 16:15:53.920,2026/07/24 16:15:53.945,0,GPU-e2681f6e-8d94-2d66-484f-43ea602335f9,88.13,1410,1593,0,0,73511,41
2026/07/24 16:15:53.933,2026/07/24 16:15:53.920,2026/07/24 16:15:53.945,1,GPU-713d5b24-2a1e-fd4a-7685-c3d195ff9230,82.86,1410,1593,0,0,73511,34
2026/07/24 16:15:54.182,2026/07/24 16:15:54.170,2026/07/24 16:15:54.195,0,GPU-e2681f6e-8d94-2d66-484f-43ea602335f9,88.13,1410,1593,0,0,73511,41
2026/07/24 16:15:54.182,2026/07/24 16:15:54.170,2026/07/24 16:15:54.195,1,GPU-713d5b24-2a1e-fd4a-7685-c3d195ff9230,82.86,1410,1593,0,0,73511,34
2026/07/24 16:15:54.431,2026/07/24 16:15:54.420,2026/07/24 16:15:54.442,0,GPU-e2681f6e-8d94-2d66-484f-43ea602335f9,88.13,1410,1593,0,0,73511,41
2026/07/24 16:15:54.431,2026/07/24 16:15:54.420,2026/07/24 16:15:54.442,1,GPU-713d5b24-2a1e-fd4a-7685-c3d195ff9230,82.86,1410,1593,0,0,73511,34
2026/07/24 16:15:54.684,2026/07/24 16:15:54.670,2026/07/24 16:15:54.697,0,GPU-e2681f6e-8d94-2d66-484f-43ea602335f9,88.13,1410,1593,0,0,73511,41
2026/07/24 16:15:54.684,2026/07/24 16:15:54.670,2026/07/24 16:15:54.697,1,GPU-713d5b24-2a1e-fd4a-7685-c3d195ff9230,83.22,1410,1593,0,0,73511,34
2026/07/24 16:15:54.932,2026/07/24 16:15:54.920,2026/07/24 16:15:54.944,0,GPU-e2681f6e-8d94-2d66-484f-43ea602335f9,88.13,1410,1593,0,0,73511,41
2026/07/24 16:15:54.932,2026/07/24 16:15:54.920,2026/07/24 16:15:54.944,1,GPU-713d5b24-2a1e-fd4a-7685-c3d195ff9230,82.95,1410,1593,0,0,73511,34
2026/07/24 16:15:55.183,2026/07/24 16:15:55.170,2026/07/24 16:15:55.195,0,GPU-e2681f6e-8d94-2d66-484f-43ea602335f9,88.13,1410,1593,0,0,73511,41
2026/07/24 16:15:55.183,2026/07/24 16:15:55.170,2026/07/24 16:15:55.195,1,GPU-713d5b24-2a1e-fd4a-7685-c3d195ff9230,82.86,1410,1593,0,0,73511,34
2026/07/24 16:15:55.431,2026/07/24 16:15:55.421,2026/07/24 16:15:55.442,0,GPU-e2681f6e-8d94-2d66-484f-43ea602335f9,88.13,1410,1593,0,0,73511,41
2026/07/24 16:15:55.431,2026/07/24 16:15:55.421,2026/07/24 16:15:55.442,1,GPU-713d5b24-2a1e-fd4a-7685-c3d195ff9230,82.86,1410,1593,0,0,73511,34
2026/07/24 16:15:55.683,2026/07/24 16:15:55.671,2026/07/24 16:15:55.695,0,GPU-e2681f6e-8d94-2d66-484f-43ea602335f9,88.13,1410,1593,0,0,73511,41
2026/07/24 16:15:55.683,2026/07/24 16:15:55.671,2026/07/24 16:15:55.695,1,GPU-713d5b24-2a1e-fd4a-7685-c3d195ff9230,82.86,1410,1593,0,0,73511,34
2026/07/24 16:15:55.933,2026/07/24 16:15:55.921,2026/07/24 16:15:55.945,0,GPU-e2681f6e-8d94-2d66-484f-43ea602335f9,88.13,1410,1593,0,0,73511,41
2026/07/24 16:15:55.933,2026/07/24 16:15:55.921,2026/07/24 16:15:55.945,1,GPU-713d5b24-2a1e-fd4a-7685-c3d195ff9230,83.14,1410,1593,0,0,73511,34
2026/07/24 16:15:56.185,2026/07/24 16:15:56.171,2026/07/24 16:15:56.199,0,GPU-e2681f6e-8d94-2d66-484f-43ea602335f9,88.13,1410,1593,0,0,73511,41
2026/07/24 16:15:56.185,2026/07/24 16:15:56.171,2026/07/24 16:15:56.199,1,GPU-713d5b24-2a1e-fd4a-7685-c3d195ff9230,83.14,1410,1593,0,0,73511,34
2026/07/24 16:15:56.432,2026/07/24 16:15:56.421,2026/07/24 16:15:56.443,0,GPU-e2681f6e-8d94-2d66-484f-43ea602335f9,88.13,1410,1593,0,0,73511,41
2026/07/24 16:15:56.432,2026/07/24 16:15:56.421,2026/07/24 16:15:56.443,1,GPU-713d5b24-2a1e-fd4a-7685-c3d195ff9230,82.95,1410,1593,0,0,73511,34
2026/07/24 16:15:56.683,2026/07/24 16:15:56.671,2026/07/24 16:15:56.695,0,GPU-e2681f6e-8d94-2d66-484f-43ea602335f9,88.13,1410,1593,0,0,73511,41
2026/07/24 16:15:56.683,2026/07/24 16:15:56.671,2026/07/24 16:15:56.695,1,GPU-713d5b24-2a1e-fd4a-7685-c3d195ff9230,82.95,1410,1593,0,0,73511,34
2026/07/24 16:15:56.933,2026/07/24 16:15:56.921,2026/07/24 16:15:56.946,0,GPU-e2681f6e-8d94-2d66-484f-43ea602335f9,88.13,1410,1593,0,0,73511,41
2026/07/24 16:15:56.933,2026/07/24 16:15:56.921,2026/07/24 16:15:56.946,1,GPU-713d5b24-2a1e-fd4a-7685-c3d195ff9230,82.86,1410,1593,0,0,73511,34
2026/07/24 16:15:57.183,2026/07/24 16:15:57.171,2026/07/24 16:15:57.195,0,GPU-e2681f6e-8d94-2d66-484f-43ea602335f9,88.13,1410,1593,0,0,73511,41
2026/07/24 16:15:57.183,2026/07/24 16:15:57.171,2026/07/24 16:15:57.195,1,GPU-713d5b24-2a1e-fd4a-7685-c3d195ff9230,82.86,1410,1593,0,0,73511,34
2026/07/24 16:15:57.432,2026/07/24 16:15:57.421,2026/07/24 16:15:57.443,0,GPU-e2681f6e-8d94-2d66-484f-43ea602335f9,88.46,1410,1593,0,0,73511,41
2026/07/24 16:15:57.432,2026/07/24 16:15:57.421,2026/07/24 16:15:57.443,1,GPU-713d5b24-2a1e-fd4a-7685-c3d195ff9230,82.95,1410,1593,0,0,73511,34
2026/07/24 16:15:57.683,2026/07/24 16:15:57.671,2026/07/24 16:15:57.695,0,GPU-e2681f6e-8d94-2d66-484f-43ea602335f9,88.13,1410,1593,0,0,73511,41
2026/07/24 16:15:57.683,2026/07/24 16:15:57.671,2026/07/24 16:15:57.695,1,GPU-713d5b24-2a1e-fd4a-7685-c3d195ff9230,82.86,1410,1593,0,0,73511,34
2026/07/24 16:15:57.933,2026/07/24 16:15:57.921,2026/07/24 16:15:57.946,0,GPU-e2681f6e-8d94-2d66-484f-43ea602335f9,88.13,1410,1593,0,0,73511,41
2026/07/24 16:15:57.933,2026/07/24 16:15:57.921,2026/07/24 16:15:57.946,1,GPU-713d5b24-2a1e-fd4a-7685-c3d195ff9230,82.95,1410,1593,0,0,73511,34
2026/07/24 16:15:58.183,2026/07/24 16:15:58.171,2026/07/24 16:15:58.194,0,GPU-e2681f6e-8d94-2d66-484f-43ea602335f9,88.13,1410,1593,0,0,73511,41
2026/07/24 16:15:58.183,2026/07/24 16:15:58.171,2026/07/24 16:15:58.194,1,GPU-713d5b24-2a1e-fd4a-7685-c3d195ff9230,82.86,1410,1593,0,0,73511,34
2026/07/24 16:15:58.432,2026/07/24 16:15:58.421,2026/07/24 16:15:58.443,0,GPU-e2681f6e-8d94-2d66-484f-43ea602335f9,88.13,1410,1593,0,0,73511,41
2026/07/24 16:15:58.432,2026/07/24 16:15:58.421,2026/07/24 16:15:58.443,1,GPU-713d5b24-2a1e-fd4a-7685-c3d195ff9230,82.95,1410,1593,0,0,73511,34
2026/07/24 16:15:58.683,2026/07/24 16:15:58.671,2026/07/24 16:15:58.695,0,GPU-e2681f6e-8d94-2d66-484f-43ea602335f9,88.13,1410,1593,0,0,73511,41
2026/07/24 16:15:58.683,2026/07/24 16:15:58.671,2026/07/24 16:15:58.695,1,GPU-713d5b24-2a1e-fd4a-7685-c3d195ff9230,82.86,1410,1593,0,0,73511,34
2026/07/24 16:15:58.933,2026/07/24 16:15:58.921,2026/07/24 16:15:58.945,0,GPU-e2681f6e-8d94-2d66-484f-43ea602335f9,88.13,1410,1593,0,0,73511,41
2026/07/24 16:15:58.933,2026/07/24 16:15:58.921,2026/07/24 16:15:58.945,1,GPU-713d5b24-2a1e-fd4a-7685-c3d195ff9230,82.95,1410,1593,0,0,73511,34
2026/07/24 16:15:59.183,2026/07/24 16:15:59.172,2026/07/24 16:15:59.195,0,GPU-e2681f6e-8d94-2d66-484f-43ea602335f9,88.13,1410,1593,0,0,73511,41
2026/07/24 16:15:59.183,2026/07/24 16:15:59.172,2026/07/24 16:15:59.195,1,GPU-713d5b24-2a1e-fd4a-7685-c3d195ff9230,82.86,1410,1593,0,0,73511,34
2026/07/24 16:15:59.432,2026/07/24 16:15:59.422,2026/07/24 16:15:59.443,0,GPU-e2681f6e-8d94-2d66-484f-43ea602335f9,88.13,1410,1593,0,0,73511,41
2026/07/24 16:15:59.432,2026/07/24 16:15:59.422,2026/07/24 16:15:59.443,1,GPU-713d5b24-2a1e-fd4a-7685-c3d195ff9230,82.95,1410,1593,0,0,73511,34
2026/07/24 16:15:59.684,2026/07/24 16:15:59.672,2026/07/24 16:15:59.695,0,GPU-e2681f6e-8d94-2d66-484f-43ea602335f9,88.13,1410,1593,0,0,73511,41
2026/07/24 16:15:59.684,2026/07/24 16:15:59.672,2026/07/24 16:15:59.695,1,GPU-713d5b24-2a1e-fd4a-7685-c3d195ff9230,82.95,1410,1593,0,0,73511,34
2026/07/24 16:15:59.934,2026/07/24 16:15:59.922,2026/07/24 16:15:59.946,0,GPU-e2681f6e-8d94-2d66-484f-43ea602335f9,88.13,1410,1593,0,0,73511,41
2026/07/24 16:15:59.934,2026/07/24 16:15:59.922,2026/07/24 16:15:59.946,1,GPU-713d5b24-2a1e-fd4a-7685-c3d195ff9230,82.86,1410,1593,0,0,73511,34
2026/07/24 16:16:00.183,2026/07/24 16:16:00.172,2026/07/24 16:16:00.194,0,GPU-e2681f6e-8d94-2d66-484f-43ea602335f9,88.13,1410,1593,0,0,73511,41
2026/07/24 16:16:00.183,2026/07/24 16:16:00.172,2026/07/24 16:16:00.194,1,GPU-713d5b24-2a1e-fd4a-7685-c3d195ff9230,82.86,1410,1593,0,0,73511,34
2026/07/24 16:16:00.433,2026/07/24 16:16:00.422,2026/07/24 16:16:00.444,0,GPU-e2681f6e-8d94-2d66-484f-43ea602335f9,88.13,1410,1593,0,0,73511,41
2026/07/24 16:16:00.433,2026/07/24 16:16:00.422,2026/07/24 16:16:00.444,1,GPU-713d5b24-2a1e-fd4a-7685-c3d195ff9230,82.95,1410,1593,0,0,73511,34
2026/07/24 16:16:00.684,2026/07/24 16:16:00.672,2026/07/24 16:16:00.696,0,GPU-e2681f6e-8d94-2d66-484f-43ea602335f9,88.46,1410,1593,0,0,73511,41
2026/07/24 16:16:00.684,2026/07/24 16:16:00.672,2026/07/24 16:16:00.696,1,GPU-713d5b24-2a1e-fd4a-7685-c3d195ff9230,82.95,1410,1593,0,0,73511,34
2026/07/24 16:16:00.934,2026/07/24 16:16:00.922,2026/07/24 16:16:00.946,0,GPU-e2681f6e-8d94-2d66-484f-43ea602335f9,88.13,1410,1593,0,0,73511,41
2026/07/24 16:16:00.934,2026/07/24 16:16:00.922,2026/07/24 16:16:00.946,1,GPU-713d5b24-2a1e-fd4a-7685-c3d195ff9230,82.86,1410,1593,0,0,73511,34
2026/07/24 16:16:01.184,2026/07/24 16:16:01.172,2026/07/24 16:16:01.196,0,GPU-e2681f6e-8d94-2d66-484f-43ea602335f9,88.46,1410,1593,0,0,73511,41
2026/07/24 16:16:01.184,2026/07/24 16:16:01.172,2026/07/24 16:16:01.196,1,GPU-713d5b24-2a1e-fd4a-7685-c3d195ff9230,82.86,1410,1593,0,0,73511,34
2026/07/24 16:16:01.434,2026/07/24 16:16:01.422,2026/07/24 16:16:01.445,0,GPU-e2681f6e-8d94-2d66-484f-43ea602335f9,88.13,1410,1593,0,0,73511,41
2026/07/24 16:16:01.434,2026/07/24 16:16:01.422,2026/07/24 16:16:01.445,1,GPU-713d5b24-2a1e-fd4a-7685-c3d195ff9230,82.95,1410,1593,0,0,73511,34
2026/07/24 16:16:01.684,2026/07/24 16:16:01.672,2026/07/24 16:16:01.695,0,GPU-e2681f6e-8d94-2d66-484f-43ea602335f9,88.46,1410,1593,0,0,73511,41
2026/07/24 16:16:01.684,2026/07/24 16:16:01.672,2026/07/24 16:16:01.695,1,GPU-713d5b24-2a1e-fd4a-7685-c3d195ff9230,82.95,1410,1593,0,0,73511,34
2026/07/24 16:16:01.935,2026/07/24 16:16:01.922,2026/07/24 16:16:01.948,0,GPU-e2681f6e-8d94-2d66-484f-43ea602335f9,88.46,1410,1593,0,0,73511,41
2026/07/24 16:16:01.935,2026/07/24 16:16:01.922,2026/07/24 16:16:01.948,1,GPU-713d5b24-2a1e-fd4a-7685-c3d195ff9230,82.95,1410,1593,0,0,73511,34
2026/07/24 16:16:02.184,2026/07/24 16:16:02.172,2026/07/24 16:16:02.195,0,GPU-e2681f6e-8d94-2d66-484f-43ea602335f9,88.13,1410,1593,0,0,73511,41
2026/07/24 16:16:02.184,2026/07/24 16:16:02.172,2026/07/24 16:16:02.195,1,GPU-713d5b24-2a1e-fd4a-7685-c3d195ff9230,82.86,1410,1593,0,0,73511,34
2026/07/24 16:16:02.433,2026/07/24 16:16:02.423,2026/07/24 16:16:02.444,0,GPU-e2681f6e-8d94-2d66-484f-43ea602335f9,88.13,1410,1593,0,0,73511,41
2026/07/24 16:16:02.433,2026/07/24 16:16:02.423,2026/07/24 16:16:02.444,1,GPU-713d5b24-2a1e-fd4a-7685-c3d195ff9230,83.14,1410,1593,0,0,73511,34
2026/07/24 16:16:02.684,2026/07/24 16:16:02.673,2026/07/24 16:16:02.695,0,GPU-e2681f6e-8d94-2d66-484f-43ea602335f9,88.46,1410,1593,0,0,73511,41
2026/07/24 16:16:02.684,2026/07/24 16:16:02.673,2026/07/24 16:16:02.695,1,GPU-713d5b24-2a1e-fd4a-7685-c3d195ff9230,82.95,1410,1593,0,0,73511,34
2026/07/24 16:16:02.935,2026/07/24 16:16:02.923,2026/07/24 16:16:02.948,0,GPU-e2681f6e-8d94-2d66-484f-43ea602335f9,88.13,1410,1593,0,0,73511,41
2026/07/24 16:16:02.935,2026/07/24 16:16:02.923,2026/07/24 16:16:02.948,1,GPU-713d5b24-2a1e-fd4a-7685-c3d195ff9230,82.95,1410,1593,0,0,73511,34
2026/07/24 16:16:03.184,2026/07/24 16:16:03.173,2026/07/24 16:16:03.196,0,GPU-e2681f6e-8d94-2d66-484f-43ea602335f9,88.13,1410,1593,0,0,73511,41
2026/07/24 16:16:03.184,2026/07/24 16:16:03.173,2026/07/24 16:16:03.196,1,GPU-713d5b24-2a1e-fd4a-7685-c3d195ff9230,82.95,1410,1593,0,0,73511,34
2026/07/24 16:16:03.433,2026/07/24 16:16:03.423,2026/07/24 16:16:03.444,0,GPU-e2681f6e-8d94-2d66-484f-43ea602335f9,88.46,1410,1593,0,0,73511,41
2026/07/24 16:16:03.433,2026/07/24 16:16:03.423,2026/07/24 16:16:03.444,1,GPU-713d5b24-2a1e-fd4a-7685-c3d195ff9230,82.86,1410,1593,0,0,73511,34
2026/07/24 16:16:03.684,2026/07/24 16:16:03.673,2026/07/24 16:16:03.695,0,GPU-e2681f6e-8d94-2d66-484f-43ea602335f9,88.46,1410,1593,0,0,73511,41
2026/07/24 16:16:03.684,2026/07/24 16:16:03.673,2026/07/24 16:16:03.695,1,GPU-713d5b24-2a1e-fd4a-7685-c3d195ff9230,82.86,1410,1593,0,0,73511,34
2026/07/24 16:16:03.935,2026/07/24 16:16:03.923,2026/07/24 16:16:03.946,0,GPU-e2681f6e-8d94-2d66-484f-43ea602335f9,88.79,1410,1593,0,0,73511,41
2026/07/24 16:16:03.935,2026/07/24 16:16:03.923,2026/07/24 16:16:03.946,1,GPU-713d5b24-2a1e-fd4a-7685-c3d195ff9230,82.86,1410,1593,0,0,73511,34
2026/07/24 16:16:04.185,2026/07/24 16:16:04.173,2026/07/24 16:16:04.197,0,GPU-e2681f6e-8d94-2d66-484f-43ea602335f9,88.13,1410,1593,0,0,73511,41
2026/07/24 16:16:04.185,2026/07/24 16:16:04.173,2026/07/24 16:16:04.197,1,GPU-713d5b24-2a1e-fd4a-7685-c3d195ff9230,82.86,1410,1593,0,0,73511,34
2026/07/24 16:16:04.434,2026/07/24 16:16:04.423,2026/07/24 16:16:04.445,0,GPU-e2681f6e-8d94-2d66-484f-43ea602335f9,88.13,1410,1593,0,0,73511,41
2026/07/24 16:16:04.434,2026/07/24 16:16:04.423,2026/07/24 16:16:04.445,1,GPU-713d5b24-2a1e-fd4a-7685-c3d195ff9230,82.95,1410,1593,0,0,73511,34
2026/07/24 16:16:04.684,2026/07/24 16:16:04.673,2026/07/24 16:16:04.695,0,GPU-e2681f6e-8d94-2d66-484f-43ea602335f9,88.13,1410,1593,0,0,73511,41
2026/07/24 16:16:04.684,2026/07/24 16:16:04.673,2026/07/24 16:16:04.695,1,GPU-713d5b24-2a1e-fd4a-7685-c3d195ff9230,82.86,1410,1593,0,0,73511,34
2026/07/24 16:16:04.935,2026/07/24 16:16:04.923,2026/07/24 16:16:04.946,0,GPU-e2681f6e-8d94-2d66-484f-43ea602335f9,88.13,1410,1593,0,0,73511,41
2026/07/24 16:16:04.935,2026/07/24 16:16:04.923,2026/07/24 16:16:04.946,1,GPU-713d5b24-2a1e-fd4a-7685-c3d195ff9230,82.95,1410,1593,0,0,73511,34
2026/07/24 16:16:05.186,2026/07/24 16:16:05.173,2026/07/24 16:16:05.198,0,GPU-e2681f6e-8d94-2d66-484f-43ea602335f9,88.13,1410,1593,0,0,73511,41
2026/07/24 16:16:05.186,2026/07/24 16:16:05.173,2026/07/24 16:16:05.198,1,GPU-713d5b24-2a1e-fd4a-7685-c3d195ff9230,82.95,1410,1593,0,0,73511,34
2026/07/24 16:16:05.434,2026/07/24 16:16:05.423,2026/07/24 16:16:05.445,0,GPU-e2681f6e-8d94-2d66-484f-43ea602335f9,88.13,1410,1593,0,0,73511,41
2026/07/24 16:16:05.434,2026/07/24 16:16:05.423,2026/07/24 16:16:05.445,1,GPU-713d5b24-2a1e-fd4a-7685-c3d195ff9230,83.14,1410,1593,0,0,73511,34
2026/07/24 16:16:05.685,2026/07/24 16:16:05.673,2026/07/24 16:16:05.696,0,GPU-e2681f6e-8d94-2d66-484f-43ea602335f9,88.13,1410,1593,0,0,73511,41
2026/07/24 16:16:05.685,2026/07/24 16:16:05.673,2026/07/24 16:16:05.696,1,GPU-713d5b24-2a1e-fd4a-7685-c3d195ff9230,82.86,1410,1593,0,0,73511,34
2026/07/24 16:16:05.936,2026/07/24 16:16:05.924,2026/07/24 16:16:05.948,0,GPU-e2681f6e-8d94-2d66-484f-43ea602335f9,88.13,1410,1593,0,0,73511,41
2026/07/24 16:16:05.936,2026/07/24 16:16:05.924,2026/07/24 16:16:05.948,1,GPU-713d5b24-2a1e-fd4a-7685-c3d195ff9230,82.95,1410,1593,0,0,73511,34
2026/07/24 16:16:06.185,2026/07/24 16:16:06.174,2026/07/24 16:16:06.196,0,GPU-e2681f6e-8d94-2d66-484f-43ea602335f9,88.13,1410,1593,0,0,73511,41
2026/07/24 16:16:06.185,2026/07/24 16:16:06.174,2026/07/24 16:16:06.196,1,GPU-713d5b24-2a1e-fd4a-7685-c3d195ff9230,83.22,1410,1593,0,0,73511,34
2026/07/24 16:16:06.434,2026/07/24 16:16:06.424,2026/07/24 16:16:06.445,0,GPU-e2681f6e-8d94-2d66-484f-43ea602335f9,88.46,1410,1593,0,0,73511,41
2026/07/24 16:16:06.434,2026/07/24 16:16:06.424,2026/07/24 16:16:06.445,1,GPU-713d5b24-2a1e-fd4a-7685-c3d195ff9230,82.86,1410,1593,0,0,73511,34
2026/07/24 16:16:06.685,2026/07/24 16:16:06.674,2026/07/24 16:16:06.696,0,GPU-e2681f6e-8d94-2d66-484f-43ea602335f9,88.13,1410,1593,0,0,73511,41
2026/07/24 16:16:06.685,2026/07/24 16:16:06.674,2026/07/24 16:16:06.696,1,GPU-713d5b24-2a1e-fd4a-7685-c3d195ff9230,82.95,1410,1593,0,0,73511,34
2026/07/24 16:16:06.937,2026/07/24 16:16:06.924,2026/07/24 16:16:06.950,0,GPU-e2681f6e-8d94-2d66-484f-43ea602335f9,88.13,1410,1593,0,0,73511,41
2026/07/24 16:16:06.937,2026/07/24 16:16:06.924,2026/07/24 16:16:06.950,1,GPU-713d5b24-2a1e-fd4a-7685-c3d195ff9230,82.86,1410,1593,0,0,73511,34
2026/07/24 16:16:07.186,2026/07/24 16:16:07.174,2026/07/24 16:16:07.198,0,GPU-e2681f6e-8d94-2d66-484f-43ea602335f9,88.13,1410,1593,0,0,73511,41
2026/07/24 16:16:07.186,2026/07/24 16:16:07.174,2026/07/24 16:16:07.198,1,GPU-713d5b24-2a1e-fd4a-7685-c3d195ff9230,82.95,1410,1593,0,0,73511,34
2026/07/24 16:16:07.435,2026/07/24 16:16:07.424,2026/07/24 16:16:07.445,0,GPU-e2681f6e-8d94-2d66-484f-43ea602335f9,88.46,1410,1593,0,0,73511,41
2026/07/24 16:16:07.435,2026/07/24 16:16:07.424,2026/07/24 16:16:07.445,1,GPU-713d5b24-2a1e-fd4a-7685-c3d195ff9230,83.22,1410,1593,0,0,73511,34
2026/07/24 16:16:07.685,2026/07/24 16:16:07.674,2026/07/24 16:16:07.696,0,GPU-e2681f6e-8d94-2d66-484f-43ea602335f9,88.46,1410,1593,0,0,73511,41
2026/07/24 16:16:07.685,2026/07/24 16:16:07.674,2026/07/24 16:16:07.696,1,GPU-713d5b24-2a1e-fd4a-7685-c3d195ff9230,82.86,1410,1593,0,0,73511,34
2026/07/24 16:16:07.937,2026/07/24 16:16:07.924,2026/07/24 16:16:07.951,0,GPU-e2681f6e-8d94-2d66-484f-43ea602335f9,88.13,1410,1593,0,0,73511,41
2026/07/24 16:16:07.937,2026/07/24 16:16:07.924,2026/07/24 16:16:07.951,1,GPU-713d5b24-2a1e-fd4a-7685-c3d195ff9230,82.95,1410,1593,0,0,73511,34
2026/07/24 16:16:08.186,2026/07/24 16:16:08.174,2026/07/24 16:16:08.198,0,GPU-e2681f6e-8d94-2d66-484f-43ea602335f9,88.46,1410,1593,0,0,73511,41
2026/07/24 16:16:08.186,2026/07/24 16:16:08.174,2026/07/24 16:16:08.198,1,GPU-713d5b24-2a1e-fd4a-7685-c3d195ff9230,83.22,1410,1593,0,0,73511,34
2026/07/24 16:16:08.435,2026/07/24 16:16:08.424,2026/07/24 16:16:08.446,0,GPU-e2681f6e-8d94-2d66-484f-43ea602335f9,88.13,1410,1593,0,0,73511,41
2026/07/24 16:16:08.435,2026/07/24 16:16:08.424,2026/07/24 16:16:08.446,1,GPU-713d5b24-2a1e-fd4a-7685-c3d195ff9230,83.14,1410,1593,0,0,73511,34
2026/07/24 16:16:08.686,2026/07/24 16:16:08.674,2026/07/24 16:16:08.698,0,GPU-e2681f6e-8d94-2d66-484f-43ea602335f9,88.46,1410,1593,0,0,73511,41
2026/07/24 16:16:08.686,2026/07/24 16:16:08.674,2026/07/24 16:16:08.698,1,GPU-713d5b24-2a1e-fd4a-7685-c3d195ff9230,82.86,1410,1593,0,0,73511,34
2026/07/24 16:16:08.949,2026/07/24 16:16:08.924,2026/07/24 16:16:08.973,0,GPU-e2681f6e-8d94-2d66-484f-43ea602335f9,371.56,1410,1593,100,18,73511,53
2026/07/24 16:16:08.949,2026/07/24 16:16:08.924,2026/07/24 16:16:08.973,1,GPU-713d5b24-2a1e-fd4a-7685-c3d195ff9230,83.14,1410,1593,0,0,73511,34
2026/07/24 16:16:09.188,2026/07/24 16:16:09.174,2026/07/24 16:16:09.202,0,GPU-e2681f6e-8d94-2d66-484f-43ea602335f9,375.58,1410,1593,100,15,73511,55
2026/07/24 16:16:09.188,2026/07/24 16:16:09.174,2026/07/24 16:16:09.202,1,GPU-713d5b24-2a1e-fd4a-7685-c3d195ff9230,82.95,1410,1593,0,0,73511,34
2026/07/24 16:16:09.438,2026/07/24 16:16:09.424,2026/07/24 16:16:09.451,0,GPU-e2681f6e-8d94-2d66-484f-43ea602335f9,378.88,1410,1593,100,13,73511,58
2026/07/24 16:16:09.438,2026/07/24 16:16:09.424,2026/07/24 16:16:09.451,1,GPU-713d5b24-2a1e-fd4a-7685-c3d195ff9230,82.86,1410,1593,0,0,73511,34
2026/07/24 16:16:09.688,2026/07/24 16:16:09.675,2026/07/24 16:16:09.701,0,GPU-e2681f6e-8d94-2d66-484f-43ea602335f9,381.52,1410,1593,100,16,73511,59
2026/07/24 16:16:09.688,2026/07/24 16:16:09.675,2026/07/24 16:16:09.701,1,GPU-713d5b24-2a1e-fd4a-7685-c3d195ff9230,234.46,1410,1593,0,0,73511,38
2026/07/24 16:16:09.937,2026/07/24 16:16:09.925,2026/07/24 16:16:09.948,0,GPU-e2681f6e-8d94-2d66-484f-43ea602335f9,381.32,1410,1593,100,13,73511,60
2026/07/24 16:16:09.937,2026/07/24 16:16:09.925,2026/07/24 16:16:09.948,1,GPU-713d5b24-2a1e-fd4a-7685-c3d195ff9230,84.14,1410,1593,80,42,73511,37
2026/07/24 16:16:10.191,2026/07/24 16:16:10.175,2026/07/24 16:16:10.207,0,GPU-e2681f6e-8d94-2d66-484f-43ea602335f9,389.18,1410,1593,100,16,73511,61
2026/07/24 16:16:10.191,2026/07/24 16:16:10.175,2026/07/24 16:16:10.207,1,GPU-713d5b24-2a1e-fd4a-7685-c3d195ff9230,176.28,1410,1593,8,0,73511,38
2026/07/24 16:16:10.438,2026/07/24 16:16:10.425,2026/07/24 16:16:10.452,0,GPU-e2681f6e-8d94-2d66-484f-43ea602335f9,382.84,1410,1593,100,15,73511,61
2026/07/24 16:16:10.438,2026/07/24 16:16:10.425,2026/07/24 16:16:10.452,1,GPU-713d5b24-2a1e-fd4a-7685-c3d195ff9230,247.08,1410,1593,96,43,73511,40
2026/07/24 16:16:10.688,2026/07/24 16:16:10.675,2026/07/24 16:16:10.702,0,GPU-e2681f6e-8d94-2d66-484f-43ea602335f9,405.93,1410,1593,100,14,73511,62
2026/07/24 16:16:10.688,2026/07/24 16:16:10.675,2026/07/24 16:16:10.702,1,GPU-713d5b24-2a1e-fd4a-7685-c3d195ff9230,94.61,1410,1593,34,7,73511,38
2026/07/24 16:16:10.939,2026/07/24 16:16:10.925,2026/07/24 16:16:10.953,0,GPU-e2681f6e-8d94-2d66-484f-43ea602335f9,385.55,1410,1593,100,17,73511,62
2026/07/24 16:16:10.939,2026/07/24 16:16:10.925,2026/07/24 16:16:10.953,1,GPU-713d5b24-2a1e-fd4a-7685-c3d195ff9230,243.50,1410,1593,100,52,73511,41
2026/07/24 16:16:11.187,2026/07/24 16:16:11.175,2026/07/24 16:16:11.199,0,GPU-e2681f6e-8d94-2d66-484f-43ea602335f9,392.67,1410,1593,100,12,73511,62
2026/07/24 16:16:11.187,2026/07/24 16:16:11.175,2026/07/24 16:16:11.199,1,GPU-713d5b24-2a1e-fd4a-7685-c3d195ff9230,84.05,1410,1593,36,19,73511,37
2026/07/24 16:16:11.441,2026/07/24 16:16:11.425,2026/07/24 16:16:11.456,0,GPU-e2681f6e-8d94-2d66-484f-43ea602335f9,393.35,1410,1593,100,15,73511,63
2026/07/24 16:16:11.441,2026/07/24 16:16:11.425,2026/07/24 16:16:11.456,1,GPU-713d5b24-2a1e-fd4a-7685-c3d195ff9230,161.83,1410,1593,0,0,73511,36
2026/07/24 16:16:11.690,2026/07/24 16:16:11.675,2026/07/24 16:16:11.705,0,GPU-e2681f6e-8d94-2d66-484f-43ea602335f9,400.61,1410,1593,100,16,73511,63
2026/07/24 16:16:11.690,2026/07/24 16:16:11.675,2026/07/24 16:16:11.705,1,GPU-713d5b24-2a1e-fd4a-7685-c3d195ff9230,238.96,1410,1593,100,52,73511,41
2026/07/24 16:16:11.941,2026/07/24 16:16:11.925,2026/07/24 16:16:11.957,0,GPU-e2681f6e-8d94-2d66-484f-43ea602335f9,397.48,1410,1593,100,14,73511,63
2026/07/24 16:16:11.941,2026/07/24 16:16:11.925,2026/07/24 16:16:11.957,1,GPU-713d5b24-2a1e-fd4a-7685-c3d195ff9230,219.09,1410,1593,70,33,73511,39
2026/07/24 16:16:12.189,2026/07/24 16:16:12.175,2026/07/24 16:16:12.203,0,GPU-e2681f6e-8d94-2d66-484f-43ea602335f9,387.25,1410,1593,100,15,73511,63
2026/07/24 16:16:12.189,2026/07/24 16:16:12.175,2026/07/24 16:16:12.203,1,GPU-713d5b24-2a1e-fd4a-7685-c3d195ff9230,246.21,1410,1593,98,46,73511,42
2026/07/24 16:16:12.438,2026/07/24 16:16:12.425,2026/07/24 16:16:12.451,0,GPU-e2681f6e-8d94-2d66-484f-43ea602335f9,386.01,1410,1593,100,12,73511,63
2026/07/24 16:16:12.438,2026/07/24 16:16:12.425,2026/07/24 16:16:12.451,1,GPU-713d5b24-2a1e-fd4a-7685-c3d195ff9230,85.84,1410,1593,90,48,73511,38
2026/07/24 16:16:12.689,2026/07/24 16:16:12.675,2026/07/24 16:16:12.703,0,GPU-e2681f6e-8d94-2d66-484f-43ea602335f9,422.66,1410,1593,100,14,73511,64
2026/07/24 16:16:12.689,2026/07/24 16:16:12.675,2026/07/24 16:16:12.703,1,GPU-713d5b24-2a1e-fd4a-7685-c3d195ff9230,237.44,1410,1593,75,26,73511,39
2026/07/24 16:16:12.943,2026/07/24 16:16:12.925,2026/07/24 16:16:12.960,0,GPU-e2681f6e-8d94-2d66-484f-43ea602335f9,391.89,1410,1593,100,17,73511,64
2026/07/24 16:16:12.943,2026/07/24 16:16:12.925,2026/07/24 16:16:12.960,1,GPU-713d5b24-2a1e-fd4a-7685-c3d195ff9230,236.84,1410,1593,100,52,73511,40
2026/07/24 16:16:13.189,2026/07/24 16:16:13.175,2026/07/24 16:16:13.202,0,GPU-e2681f6e-8d94-2d66-484f-43ea602335f9,405.93,1410,1593,100,17,73511,64
2026/07/24 16:16:13.189,2026/07/24 16:16:13.175,2026/07/24 16:16:13.202,1,GPU-713d5b24-2a1e-fd4a-7685-c3d195ff9230,245.62,1410,1593,44,14,73511,41
2026/07/24 16:16:13.463,2026/07/24 16:16:13.426,2026/07/24 16:16:13.500,0,GPU-e2681f6e-8d94-2d66-484f-43ea602335f9,386.66,1410,1593,100,14,73511,64
2026/07/24 16:16:13.463,2026/07/24 16:16:13.426,2026/07/24 16:16:13.500,1,GPU-713d5b24-2a1e-fd4a-7685-c3d195ff9230,141.32,1410,1593,100,53,73511,38
2026/07/24 16:16:13.688,2026/07/24 16:16:13.676,2026/07/24 16:16:13.701,0,GPU-e2681f6e-8d94-2d66-484f-43ea602335f9,418.86,1410,1593,100,13,73511,65
2026/07/24 16:16:13.688,2026/07/24 16:16:13.676,2026/07/24 16:16:13.701,1,GPU-713d5b24-2a1e-fd4a-7685-c3d195ff9230,95.80,1410,1593,16,9,73511,37
2026/07/24 16:16:13.939,2026/07/24 16:16:13.926,2026/07/24 16:16:13.953,0,GPU-e2681f6e-8d94-2d66-484f-43ea602335f9,397.58,1410,1593,100,18,73511,65
2026/07/24 16:16:13.939,2026/07/24 16:16:13.926,2026/07/24 16:16:13.953,1,GPU-713d5b24-2a1e-fd4a-7685-c3d195ff9230,238.96,1410,1593,100,52,73511,40
2026/07/24 16:16:14.189,2026/07/24 16:16:14.176,2026/07/24 16:16:14.203,0,GPU-e2681f6e-8d94-2d66-484f-43ea602335f9,402.45,1410,1593,100,13,73511,65
2026/07/24 16:16:14.189,2026/07/24 16:16:14.176,2026/07/24 16:16:14.203,1,GPU-713d5b24-2a1e-fd4a-7685-c3d195ff9230,84.46,1410,1593,18,10,73511,37
2026/07/24 16:16:14.440,2026/07/24 16:16:14.426,2026/07/24 16:16:14.454,0,GPU-e2681f6e-8d94-2d66-484f-43ea602335f9,401.80,1410,1593,100,18,73511,65
2026/07/24 16:16:14.440,2026/07/24 16:16:14.426,2026/07/24 16:16:14.454,1,GPU-713d5b24-2a1e-fd4a-7685-c3d195ff9230,237.77,1410,1593,49,15,73511,40
2026/07/24 16:16:14.690,2026/07/24 16:16:14.676,2026/07/24 16:16:14.704,0,GPU-e2681f6e-8d94-2d66-484f-43ea602335f9,385.74,1410,1593,100,15,73511,65
2026/07/24 16:16:14.690,2026/07/24 16:16:14.676,2026/07/24 16:16:14.704,1,GPU-713d5b24-2a1e-fd4a-7685-c3d195ff9230,84.97,1410,1593,100,52,73511,38
2026/07/24 16:16:14.940,2026/07/24 16:16:14.926,2026/07/24 16:16:14.955,0,GPU-e2681f6e-8d94-2d66-484f-43ea602335f9,403.91,1410,1593,100,14,73511,66
2026/07/24 16:16:14.940,2026/07/24 16:16:14.926,2026/07/24 16:16:14.955,1,GPU-713d5b24-2a1e-fd4a-7685-c3d195ff9230,216.06,1410,1593,11,0,73511,37
2026/07/24 16:16:15.190,2026/07/24 16:16:15.176,2026/07/24 16:16:15.203,0,GPU-e2681f6e-8d94-2d66-484f-43ea602335f9,389.64,1410,1593,100,15,73511,66
2026/07/24 16:16:15.190,2026/07/24 16:16:15.176,2026/07/24 16:16:15.203,1,GPU-713d5b24-2a1e-fd4a-7685-c3d195ff9230,246.21,1410,1593,97,45,73511,42
2026/07/24 16:16:15.521,2026/07/24 16:16:15.426,2026/07/24 16:16:15.615,0,GPU-e2681f6e-8d94-2d66-484f-43ea602335f9,400.02,1410,1593,100,15,73511,65
2026/07/24 16:16:15.521,2026/07/24 16:16:15.426,2026/07/24 16:16:15.615,1,GPU-713d5b24-2a1e-fd4a-7685-c3d195ff9230,177.47,1410,1593,8,0,73511,40
2026/07/24 16:16:15.689,2026/07/24 16:16:15.676,2026/07/24 16:16:15.701,0,GPU-e2681f6e-8d94-2d66-484f-43ea602335f9,400.02,1410,1593,100,16,73511,66
2026/07/24 16:16:15.689,2026/07/24 16:16:15.676,2026/07/24 16:16:15.701,1,GPU-713d5b24-2a1e-fd4a-7685-c3d195ff9230,241.66,1410,1593,96,42,73511,41
2026/07/24 16:16:15.939,2026/07/24 16:16:15.926,2026/07/24 16:16:15.952,0,GPU-e2681f6e-8d94-2d66-484f-43ea602335f9,399.27,1410,1593,100,15,73511,66
2026/07/24 16:16:15.939,2026/07/24 16:16:15.926,2026/07/24 16:16:15.952,1,GPU-713d5b24-2a1e-fd4a-7685-c3d195ff9230,97.32,1410,1593,57,29,73511,39
2026/07/24 16:16:16.190,2026/07/24 16:16:16.176,2026/07/24 16:16:16.204,0,GPU-e2681f6e-8d94-2d66-484f-43ea602335f9,415.89,1410,1593,100,14,73511,66
2026/07/24 16:16:16.190,2026/07/24 16:16:16.176,2026/07/24 16:16:16.204,1,GPU-713d5b24-2a1e-fd4a-7685-c3d195ff9230,239.55,1410,1593,30,5,73511,39
2026/07/24 16:16:16.440,2026/07/24 16:16:16.426,2026/07/24 16:16:16.454,0,GPU-e2681f6e-8d94-2d66-484f-43ea602335f9,388.44,1410,1593,100,14,73511,66
2026/07/24 16:16:16.440,2026/07/24 16:16:16.426,2026/07/24 16:16:16.454,1,GPU-713d5b24-2a1e-fd4a-7685-c3d195ff9230,249.51,1410,1593,100,52,73511,42
2026/07/24 16:16:16.697,2026/07/24 16:16:16.676,2026/07/24 16:16:16.718,0,GPU-e2681f6e-8d94-2d66-484f-43ea602335f9,400.61,1410,1593,100,20,73511,67
2026/07/24 16:16:16.697,2026/07/24 16:16:16.676,2026/07/24 16:16:16.718,1,GPU-713d5b24-2a1e-fd4a-7685-c3d195ff9230,245.62,1410,1593,99,53,73511,43
2026/07/24 16:16:16.941,2026/07/24 16:16:16.926,2026/07/24 16:16:16.956,0,GPU-e2681f6e-8d94-2d66-484f-43ea602335f9,402.12,1410,1593,100,15,73511,67
2026/07/24 16:16:16.941,2026/07/24 16:16:16.926,2026/07/24 16:16:16.956,1,GPU-713d5b24-2a1e-fd4a-7685-c3d195ff9230,95.30,1410,1593,55,29,73511,40
2026/07/24 16:16:17.189,2026/07/24 16:16:17.176,2026/07/24 16:16:17.202,0,GPU-e2681f6e-8d94-2d66-484f-43ea602335f9,401.38,1410,1593,100,15,73511,67
2026/07/24 16:16:17.189,2026/07/24 16:16:17.176,2026/07/24 16:16:17.202,1,GPU-713d5b24-2a1e-fd4a-7685-c3d195ff9230,85.57,1410,1593,0,0,73511,38
2026/07/24 16:16:17.442,2026/07/24 16:16:17.427,2026/07/24 16:16:17.457,0,GPU-e2681f6e-8d94-2d66-484f-43ea602335f9,401.80,1410,1593,100,16,73511,67
2026/07/24 16:16:17.442,2026/07/24 16:16:17.427,2026/07/24 16:16:17.457,1,GPU-713d5b24-2a1e-fd4a-7685-c3d195ff9230,237.77,1410,1593,64,22,73511,42
2026/07/24 16:16:17.689,2026/07/24 16:16:17.677,2026/07/24 16:16:17.701,0,GPU-e2681f6e-8d94-2d66-484f-43ea602335f9,383.03,1410,1593,100,14,73511,67
2026/07/24 16:16:17.689,2026/07/24 16:16:17.677,2026/07/24 16:16:17.701,1,GPU-713d5b24-2a1e-fd4a-7685-c3d195ff9230,84.65,1410,1593,89,46,73511,38
2026/07/24 16:16:17.939,2026/07/24 16:16:17.927,2026/07/24 16:16:17.952,0,GPU-e2681f6e-8d94-2d66-484f-43ea602335f9,414.64,1410,1593,100,15,73511,67
2026/07/24 16:16:17.939,2026/07/24 16:16:17.927,2026/07/24 16:16:17.952,1,GPU-713d5b24-2a1e-fd4a-7685-c3d195ff9230,245.29,1410,1593,90,36,73511,41
2026/07/24 16:16:18.191,2026/07/24 16:16:18.177,2026/07/24 16:16:18.205,0,GPU-e2681f6e-8d94-2d66-484f-43ea602335f9,396.11,1410,1593,100,13,73511,67
2026/07/24 16:16:18.191,2026/07/24 16:16:18.177,2026/07/24 16:16:18.205,1,GPU-713d5b24-2a1e-fd4a-7685-c3d195ff9230,84.74,1410,1593,51,26,73511,39
2026/07/24 16:16:18.444,2026/07/24 16:16:18.427,2026/07/24 16:16:18.460,0,GPU-e2681f6e-8d94-2d66-484f-43ea602335f9,399.92,1410,1593,100,16,73511,68
2026/07/24 16:16:18.444,2026/07/24 16:16:18.427,2026/07/24 16:16:18.460,1,GPU-713d5b24-2a1e-fd4a-7685-c3d195ff9230,84.38,1410,1593,0,0,73511,38
2026/07/24 16:16:18.693,2026/07/24 16:16:18.677,2026/07/24 16:16:18.709,0,GPU-e2681f6e-8d94-2d66-484f-43ea602335f9,395.05,1410,1593,100,16,73511,68
2026/07/24 16:16:18.693,2026/07/24 16:16:18.677,2026/07/24 16:16:18.709,1,GPU-713d5b24-2a1e-fd4a-7685-c3d195ff9230,246.81,1410,1593,100,52,73511,41
2026/07/24 16:16:18.942,2026/07/24 16:16:18.927,2026/07/24 16:16:18.956,0,GPU-e2681f6e-8d94-2d66-484f-43ea602335f9,404.14,1410,1593,100,13,73511,68
2026/07/24 16:16:18.942,2026/07/24 16:16:18.927,2026/07/24 16:16:18.956,1,GPU-713d5b24-2a1e-fd4a-7685-c3d195ff9230,95.53,1410,1593,56,29,73511,39
2026/07/24 16:16:19.191,2026/07/24 16:16:19.177,2026/07/24 16:16:19.205,0,GPU-e2681f6e-8d94-2d66-484f-43ea602335f9,399.60,1410,1593,100,15,73511,68
2026/07/24 16:16:19.191,2026/07/24 16:16:19.177,2026/07/24 16:16:19.205,1,GPU-713d5b24-2a1e-fd4a-7685-c3d195ff9230,245.88,1410,1593,57,19,73511,41
2026/07/24 16:16:19.440,2026/07/24 16:16:19.427,2026/07/24 16:16:19.452,0,GPU-e2681f6e-8d94-2d66-484f-43ea602335f9,398.49,1410,1593,100,13,73511,68
2026/07/24 16:16:19.440,2026/07/24 16:16:19.427,2026/07/24 16:16:19.452,1,GPU-713d5b24-2a1e-fd4a-7685-c3d195ff9230,199.50,1410,1593,100,52,73511,40
2026/07/24 16:16:19.692,2026/07/24 16:16:19.677,2026/07/24 16:16:19.707,0,GPU-e2681f6e-8d94-2d66-484f-43ea602335f9,418.60,1410,1593,100,17,73511,68
2026/07/24 16:16:19.692,2026/07/24 16:16:19.677,2026/07/24 16:16:19.707,1,GPU-713d5b24-2a1e-fd4a-7685-c3d195ff9230,94.61,1410,1593,21,11,73511,41
2026/07/24 16:16:19.943,2026/07/24 16:16:19.928,2026/07/24 16:16:19.959,0,GPU-e2681f6e-8d94-2d66-484f-43ea602335f9,413.88,1410,1593,100,16,73511,68
2026/07/24 16:16:19.943,2026/07/24 16:16:19.928,2026/07/24 16:16:19.959,1,GPU-713d5b24-2a1e-fd4a-7685-c3d195ff9230,147.97,1410,1593,68,35,73511,42
2026/07/24 16:16:20.192,2026/07/24 16:16:20.178,2026/07/24 16:16:20.207,0,GPU-e2681f6e-8d94-2d66-484f-43ea602335f9,401.71,1410,1593,100,17,73511,69
2026/07/24 16:16:20.192,2026/07/24 16:16:20.178,2026/07/24 16:16:20.207,1,GPU-713d5b24-2a1e-fd4a-7685-c3d195ff9230,244.69,1410,1593,85,37,73511,43
2026/07/24 16:16:20.441,2026/07/24 16:16:20.428,2026/07/24 16:16:20.455,0,GPU-e2681f6e-8d94-2d66-484f-43ea602335f9,399.92,1410,1593,100,14,73511,68
2026/07/24 16:16:20.441,2026/07/24 16:16:20.428,2026/07/24 16:16:20.455,1,GPU-713d5b24-2a1e-fd4a-7685-c3d195ff9230,89.20,1410,1593,96,51,73511,40
2026/07/24 16:16:20.693,2026/07/24 16:16:20.678,2026/07/24 16:16:20.708,0,GPU-e2681f6e-8d94-2d66-484f-43ea602335f9,405.16,1410,1593,100,16,73511,69
2026/07/24 16:16:20.693,2026/07/24 16:16:20.678,2026/07/24 16:16:20.708,1,GPU-713d5b24-2a1e-fd4a-7685-c3d195ff9230,241.40,1410,1593,5,0,73511,41
2026/07/24 16:16:20.943,2026/07/24 16:16:20.928,2026/07/24 16:16:20.959,0,GPU-e2681f6e-8d94-2d66-484f-43ea602335f9,408.14,1410,1593,100,16,73511,69
2026/07/24 16:16:20.943,2026/07/24 16:16:20.928,2026/07/24 16:16:20.959,1,GPU-713d5b24-2a1e-fd4a-7685-c3d195ff9230,243.50,1410,1593,97,43,73511,43
2026/07/24 16:16:21.192,2026/07/24 16:16:21.178,2026/07/24 16:16:21.205,0,GPU-e2681f6e-8d94-2d66-484f-43ea602335f9,417.08,1410,1593,100,17,73511,69
2026/07/24 16:16:21.192,2026/07/24 16:16:21.178,2026/07/24 16:16:21.205,1,GPU-713d5b24-2a1e-fd4a-7685-c3d195ff9230,243.18,1410,1593,52,18,73511,42
2026/07/24 16:16:21.514,2026/07/24 16:16:21.428,2026/07/24 16:16:21.599,0,GPU-e2681f6e-8d94-2d66-484f-43ea602335f9,427.91,1410,1593,100,17,73511,69
2026/07/24 16:16:21.514,2026/07/24 16:16:21.428,2026/07/24 16:16:21.599,1,GPU-713d5b24-2a1e-fd4a-7685-c3d195ff9230,244.96,1410,1593,73,30,73511,42
2026/07/24 16:16:21.693,2026/07/24 16:16:21.678,2026/07/24 16:16:21.708,0,GPU-e2681f6e-8d94-2d66-484f-43ea602335f9,407.44,1410,1593,100,17,73511,70
2026/07/24 16:16:21.693,2026/07/24 16:16:21.678,2026/07/24 16:16:21.708,1,GPU-713d5b24-2a1e-fd4a-7685-c3d195ff9230,242.58,1410,1593,73,30,73511,43
2026/07/24 16:16:21.944,2026/07/24 16:16:21.928,2026/07/24 16:16:21.961,0,GPU-e2681f6e-8d94-2d66-484f-43ea602335f9,408.46,1410,1593,100,14,73511,70
2026/07/24 16:16:21.944,2026/07/24 16:16:21.928,2026/07/24 16:16:21.961,1,GPU-713d5b24-2a1e-fd4a-7685-c3d195ff9230,85.66,1410,1593,100,53,73511,39
2026/07/24 16:16:22.195,2026/07/24 16:16:22.178,2026/07/24 16:16:22.212,0,GPU-e2681f6e-8d94-2d66-484f-43ea602335f9,404.83,1410,1593,100,18,73511,70
2026/07/24 16:16:22.195,2026/07/24 16:16:22.178,2026/07/24 16:16:22.212,1,GPU-713d5b24-2a1e-fd4a-7685-c3d195ff9230,240.47,1410,1593,76,31,73511,42
2026/07/24 16:16:22.442,2026/07/24 16:16:22.429,2026/07/24 16:16:22.456,0,GPU-e2681f6e-8d94-2d66-484f-43ea602335f9,404.14,1410,1593,100,13,73511,70
2026/07/24 16:16:22.442,2026/07/24 16:16:22.429,2026/07/24 16:16:22.456,1,GPU-713d5b24-2a1e-fd4a-7685-c3d195ff9230,92.49,1410,1593,100,53,73511,40
2026/07/24 16:16:22.693,2026/07/24 16:16:22.679,2026/07/24 16:16:22.707,0,GPU-e2681f6e-8d94-2d66-484f-43ea602335f9,413.78,1410,1593,100,14,73511,70
2026/07/24 16:16:22.693,2026/07/24 16:16:22.679,2026/07/24 16:16:22.707,1,GPU-713d5b24-2a1e-fd4a-7685-c3d195ff9230,84.97,1410,1593,4,2,73511,39
2026/07/24 16:16:22.942,2026/07/24 16:16:22.929,2026/07/24 16:16:22.955,0,GPU-e2681f6e-8d94-2d66-484f-43ea602335f9,402.30,1410,1593,100,17,73511,70
2026/07/24 16:16:22.942,2026/07/24 16:16:22.929,2026/07/24 16:16:22.955,1,GPU-713d5b24-2a1e-fd4a-7685-c3d195ff9230,244.10,1410,1593,100,52,73511,43
2026/07/24 16:16:23.194,2026/07/24 16:16:23.179,2026/07/24 16:16:23.209,0,GPU-e2681f6e-8d94-2d66-484f-43ea602335f9,417.08,1410,1593,100,15,73511,70
2026/07/24 16:16:23.194,2026/07/24 16:16:23.179,2026/07/24 16:16:23.209,1,GPU-713d5b24-2a1e-fd4a-7685-c3d195ff9230,85.25,1410,1593,20,2,73511,41
2026/07/24 16:16:23.444,2026/07/24 16:16:23.429,2026/07/24 16:16:23.459,0,GPU-e2681f6e-8d94-2d66-484f-43ea602335f9,409.82,1410,1593,100,14,73511,70
2026/07/24 16:16:23.444,2026/07/24 16:16:23.429,2026/07/24 16:16:23.459,1,GPU-713d5b24-2a1e-fd4a-7685-c3d195ff9230,232.03,1410,1593,98,52,73511,43
2026/07/24 16:16:23.693,2026/07/24 16:16:23.679,2026/07/24 16:16:23.708,0,GPU-e2681f6e-8d94-2d66-484f-43ea602335f9,404.14,1410,1593,100,12,73511,70
2026/07/24 16:16:23.693,2026/07/24 16:16:23.679,2026/07/24 16:16:23.708,1,GPU-713d5b24-2a1e-fd4a-7685-c3d195ff9230,85.25,1410,1593,23,12,73511,39
2026/07/24 16:16:23.944,2026/07/24 16:16:23.929,2026/07/24 16:16:23.960,0,GPU-e2681f6e-8d94-2d66-484f-43ea602335f9,420.70,1410,1593,100,15,73511,71
2026/07/24 16:16:23.944,2026/07/24 16:16:23.929,2026/07/24 16:16:23.960,1,GPU-713d5b24-2a1e-fd4a-7685-c3d195ff9230,244.37,1410,1593,1,0,73511,42
2026/07/24 16:16:24.192,2026/07/24 16:16:24.179,2026/07/24 16:16:24.205,0,GPU-e2681f6e-8d94-2d66-484f-43ea602335f9,403.49,1410,1593,100,16,73511,71
2026/07/24 16:16:24.192,2026/07/24 16:16:24.179,2026/07/24 16:16:24.205,1,GPU-713d5b24-2a1e-fd4a-7685-c3d195ff9230,241.66,1410,1593,100,52,73511,41
2026/07/24 16:16:24.445,2026/07/24 16:16:24.429,2026/07/24 16:16:24.461,0,GPU-e2681f6e-8d94-2d66-484f-43ea602335f9,408.96,1410,1593,100,13,73511,71
2026/07/24 16:16:24.445,2026/07/24 16:16:24.429,2026/07/24 16:16:24.461,1,GPU-713d5b24-2a1e-fd4a-7685-c3d195ff9230,85.57,1410,1593,1,1,73511,39
2026/07/24 16:16:24.693,2026/07/24 16:16:24.679,2026/07/24 16:16:24.707,0,GPU-e2681f6e-8d94-2d66-484f-43ea602335f9,408.46,1410,1593,100,16,73511,71
2026/07/24 16:16:24.693,2026/07/24 16:16:24.679,2026/07/24 16:16:24.707,1,GPU-713d5b24-2a1e-fd4a-7685-c3d195ff9230,243.50,1410,1593,51,15,73511,42
2026/07/24 16:16:24.943,2026/07/24 16:16:24.929,2026/07/24 16:16:24.956,0,GPU-e2681f6e-8d94-2d66-484f-43ea602335f9,414.38,1410,1593,100,15,73511,71
2026/07/24 16:16:24.943,2026/07/24 16:16:24.929,2026/07/24 16:16:24.956,1,GPU-713d5b24-2a1e-fd4a-7685-c3d195ff9230,243.77,1410,1593,100,52,73511,42
2026/07/24 16:16:25.193,2026/07/24 16:16:25.179,2026/07/24 16:16:25.206,0,GPU-e2681f6e-8d94-2d66-484f-43ea602335f9,411.67,1410,1593,100,14,73511,71
2026/07/24 16:16:25.193,2026/07/24 16:16:25.179,2026/07/24 16:16:25.206,1,GPU-713d5b24-2a1e-fd4a-7685-c3d195ff9230,226.89,1410,1593,0,0,73511,39
2026/07/24 16:16:25.442,2026/07/24 16:16:25.429,2026/07/24 16:16:25.455,0,GPU-e2681f6e-8d94-2d66-484f-43ea602335f9,418.27,1410,1593,100,14,73511,71
2026/07/24 16:16:25.442,2026/07/24 16:16:25.429,2026/07/24 16:16:25.455,1,GPU-713d5b24-2a1e-fd4a-7685-c3d195ff9230,119.61,1410,1593,92,49,73511,43
2026/07/24 16:16:25.693,2026/07/24 16:16:25.679,2026/07/24 16:16:25.707,0,GPU-e2681f6e-8d94-2d66-484f-43ea602335f9,398.82,1410,1593,100,15,73511,71
2026/07/24 16:16:25.693,2026/07/24 16:16:25.679,2026/07/24 16:16:25.707,1,GPU-713d5b24-2a1e-fd4a-7685-c3d195ff9230,246.21,1410,1593,100,49,73511,44
2026/07/24 16:16:25.943,2026/07/24 16:16:25.930,2026/07/24 16:16:25.957,0,GPU-e2681f6e-8d94-2d66-484f-43ea602335f9,410.57,1410,1593,100,14,73511,71
2026/07/24 16:16:25.943,2026/07/24 16:16:25.930,2026/07/24 16:16:25.957,1,GPU-713d5b24-2a1e-fd4a-7685-c3d195ff9230,86.17,1410,1593,32,15,73511,40
2026/07/24 16:16:26.196,2026/07/24 16:16:26.180,2026/07/24 16:16:26.213,0,GPU-e2681f6e-8d94-2d66-484f-43ea602335f9,408.96,1410,1593,100,16,73511,71
2026/07/24 16:16:26.196,2026/07/24 16:16:26.180,2026/07/24 16:16:26.213,1,GPU-713d5b24-2a1e-fd4a-7685-c3d195ff9230,239.28,1410,1593,97,42,73511,43
2026/07/24 16:16:26.444,2026/07/24 16:16:26.430,2026/07/24 16:16:26.457,0,GPU-e2681f6e-8d94-2d66-484f-43ea602335f9,413.78,1410,1593,100,17,73511,72
2026/07/24 16:16:26.444,2026/07/24 16:16:26.430,2026/07/24 16:16:26.457,1,GPU-713d5b24-2a1e-fd4a-7685-c3d195ff9230,247.99,1410,1593,100,48,73511,43
2026/07/24 16:16:26.704,2026/07/24 16:16:26.680,2026/07/24 16:16:26.728,0,GPU-e2681f6e-8d94-2d66-484f-43ea602335f9,406.20,1410,1593,100,17,73511,72
2026/07/24 16:16:26.704,2026/07/24 16:16:26.680,2026/07/24 16:16:26.728,1,GPU-713d5b24-2a1e-fd4a-7685-c3d195ff9230,243.18,1410,1593,100,51,73511,44
2026/07/24 16:16:26.945,2026/07/24 16:16:26.930,2026/07/24 16:16:26.960,0,GPU-e2681f6e-8d94-2d66-484f-43ea602335f9,417.08,1410,1593,100,13,73511,71
2026/07/24 16:16:26.945,2026/07/24 16:16:26.930,2026/07/24 16:16:26.960,1,GPU-713d5b24-2a1e-fd4a-7685-c3d195ff9230,85.84,1410,1593,7,1,73511,41
2026/07/24 16:16:27.193,2026/07/24 16:16:27.180,2026/07/24 16:16:27.207,0,GPU-e2681f6e-8d94-2d66-484f-43ea602335f9,414.64,1410,1593,100,16,73511,72
2026/07/24 16:16:27.193,2026/07/24 16:16:27.180,2026/07/24 16:16:27.207,1,GPU-713d5b24-2a1e-fd4a-7685-c3d195ff9230,242.26,1410,1593,95,41,73511,43
2026/07/24 16:16:27.441,2026/07/24 16:16:27.430,2026/07/24 16:16:27.453,0,GPU-e2681f6e-8d94-2d66-484f-43ea602335f9,403.49,1410,1593,100,16,73511,72
2026/07/24 16:16:27.441,2026/07/24 16:16:27.430,2026/07/24 16:16:27.453,1,GPU-713d5b24-2a1e-fd4a-7685-c3d195ff9230,89.46,1410,1593,99,52,73511,42
2026/07/24 16:16:27.693,2026/07/24 16:16:27.680,2026/07/24 16:16:27.707,0,GPU-e2681f6e-8d94-2d66-484f-43ea602335f9,409.55,1410,1593,100,13,73511,72
2026/07/24 16:16:27.693,2026/07/24 16:16:27.680,2026/07/24 16:16:27.707,1,GPU-713d5b24-2a1e-fd4a-7685-c3d195ff9230,85.25,1410,1593,0,0,73511,39
2026/07/24 16:16:27.945,2026/07/24 16:16:27.930,2026/07/24 16:16:27.960,0,GPU-e2681f6e-8d94-2d66-484f-43ea602335f9,414.64,1410,1593,100,18,73511,72
2026/07/24 16:16:27.945,2026/07/24 16:16:27.930,2026/07/24 16:16:27.960,1,GPU-713d5b24-2a1e-fd4a-7685-c3d195ff9230,242.91,1410,1593,36,6,73511,43
2026/07/24 16:16:28.193,2026/07/24 16:16:28.180,2026/07/24 16:16:28.206,0,GPU-e2681f6e-8d94-2d66-484f-43ea602335f9,393.86,1410,1593,100,14,73511,72
2026/07/24 16:16:28.193,2026/07/24 16:16:28.180,2026/07/24 16:16:28.206,1,GPU-713d5b24-2a1e-fd4a-7685-c3d195ff9230,88.60,1410,1593,47,24,73511,40
2026/07/24 16:16:28.443,2026/07/24 16:16:28.430,2026/07/24 16:16:28.456,0,GPU-e2681f6e-8d94-2d66-484f-43ea602335f9,417.67,1410,1593,100,12,73511,72
2026/07/24 16:16:28.443,2026/07/24 16:16:28.430,2026/07/24 16:16:28.456,1,GPU-713d5b24-2a1e-fd4a-7685-c3d195ff9230,85.25,1410,1593,0,0,73511,39
2026/07/24 16:16:28.694,2026/07/24 16:16:28.680,2026/07/24 16:16:28.707,0,GPU-e2681f6e-8d94-2d66-484f-43ea602335f9,401.20,1410,1593,100,15,73511,72
2026/07/24 16:16:28.694,2026/07/24 16:16:28.680,2026/07/24 16:16:28.707,1,GPU-713d5b24-2a1e-fd4a-7685-c3d195ff9230,242.26,1410,1593,82,31,73511,43
2026/07/24 16:16:28.946,2026/07/24 16:16:28.930,2026/07/24 16:16:28.962,0,GPU-e2681f6e-8d94-2d66-484f-43ea602335f9,428.23,1410,1593,100,15,73511,73
2026/07/24 16:16:28.946,2026/07/24 16:16:28.930,2026/07/24 16:16:28.962,1,GPU-713d5b24-2a1e-fd4a-7685-c3d195ff9230,245.88,1410,1593,100,52,73511,43
2026/07/24 16:16:29.194,2026/07/24 16:16:29.180,2026/07/24 16:16:29.207,0,GPU-e2681f6e-8d94-2d66-484f-43ea602335f9,408.04,1410,1593,100,17,73511,72
2026/07/24 16:16:29.194,2026/07/24 16:16:29.180,2026/07/24 16:16:29.207,1,GPU-713d5b24-2a1e-fd4a-7685-c3d195ff9230,207.62,1410,1593,72,38,73511,43
2026/07/24 16:16:29.444,2026/07/24 16:16:29.430,2026/07/24 16:16:29.457,0,GPU-e2681f6e-8d94-2d66-484f-43ea602335f9,420.38,1410,1593,100,17,73511,73
2026/07/24 16:16:29.444,2026/07/24 16:16:29.430,2026/07/24 16:16:29.457,1,GPU-713d5b24-2a1e-fd4a-7685-c3d195ff9230,235.33,1410,1593,15,0,73511,42
2026/07/24 16:16:29.694,2026/07/24 16:16:29.681,2026/07/24 16:16:29.708,0,GPU-e2681f6e-8d94-2d66-484f-43ea602335f9,415.08,1410,1593,100,15,73511,73
2026/07/24 16:16:29.694,2026/07/24 16:16:29.681,2026/07/24 16:16:29.708,1,GPU-713d5b24-2a1e-fd4a-7685-c3d195ff9230,247.99,1410,1593,97,50,73511,44
2026/07/24 16:16:29.947,2026/07/24 16:16:29.931,2026/07/24 16:16:29.964,0,GPU-e2681f6e-8d94-2d66-484f-43ea602335f9,418.27,1410,1593,100,13,73511,73
2026/07/24 16:16:29.947,2026/07/24 16:16:29.931,2026/07/24 16:16:29.964,1,GPU-713d5b24-2a1e-fd4a-7685-c3d195ff9230,85.93,1410,1593,76,40,73511,40
2026/07/24 16:16:30.198,2026/07/24 16:16:30.181,2026/07/24 16:16:30.216,0,GPU-e2681f6e-8d94-2d66-484f-43ea602335f9,414.38,1410,1593,100,17,73511,73
2026/07/24 16:16:30.198,2026/07/24 16:16:30.181,2026/07/24 16:16:30.216,1,GPU-713d5b24-2a1e-fd4a-7685-c3d195ff9230,249.51,1410,1593,21,0,73511,43
2026/07/24 16:16:30.444,2026/07/24 16:16:30.431,2026/07/24 16:16:30.456,0,GPU-e2681f6e-8d94-2d66-484f-43ea602335f9,410.75,1410,1593,100,13,73511,73
2026/07/24 16:16:30.444,2026/07/24 16:16:30.431,2026/07/24 16:16:30.456,1,GPU-713d5b24-2a1e-fd4a-7685-c3d195ff9230,85.57,1410,1593,38,20,73511,40
2026/07/24 16:16:30.695,2026/07/24 16:16:30.681,2026/07/24 16:16:30.709,0,GPU-e2681f6e-8d94-2d66-484f-43ea602335f9,436.08,1410,1593,100,18,73511,73
2026/07/24 16:16:30.695,2026/07/24 16:16:30.681,2026/07/24 16:16:30.709,1,GPU-713d5b24-2a1e-fd4a-7685-c3d195ff9230,246.21,1410,1593,34,7,73511,43
2026/07/24 16:16:30.944,2026/07/24 16:16:30.931,2026/07/24 16:16:30.957,0,GPU-e2681f6e-8d94-2d66-484f-43ea602335f9,408.96,1410,1593,100,14,73511,73
2026/07/24 16:16:30.944,2026/07/24 16:16:30.931,2026/07/24 16:16:30.957,1,GPU-713d5b24-2a1e-fd4a-7685-c3d195ff9230,85.57,1410,1593,100,52,73511,40
2026/07/24 16:16:31.195,2026/07/24 16:16:31.181,2026/07/24 16:16:31.210,0,GPU-e2681f6e-8d94-2d66-484f-43ea602335f9,418.27,1410,1593,100,13,73511,73
2026/07/24 16:16:31.195,2026/07/24 16:16:31.181,2026/07/24 16:16:31.210,1,GPU-713d5b24-2a1e-fd4a-7685-c3d195ff9230,186.51,1410,1593,52,17,73511,42
2026/07/24 16:16:31.444,2026/07/24 16:16:31.431,2026/07/24 16:16:31.457,0,GPU-e2681f6e-8d94-2d66-484f-43ea602335f9,405.01,1410,1593,100,14,73511,73
2026/07/24 16:16:31.444,2026/07/24 16:16:31.431,2026/07/24 16:16:31.457,1,GPU-713d5b24-2a1e-fd4a-7685-c3d195ff9230,249.18,1410,1593,100,52,73511,43
2026/07/24 16:16:31.693,2026/07/24 16:16:31.681,2026/07/24 16:16:31.705,0,GPU-e2681f6e-8d94-2d66-484f-43ea602335f9,399.92,1410,1593,100,12,73511,73
2026/07/24 16:16:31.693,2026/07/24 16:16:31.681,2026/07/24 16:16:31.705,1,GPU-713d5b24-2a1e-fd4a-7685-c3d195ff9230,85.57,1410,1593,41,22,73511,39
2026/07/24 16:16:31.960,2026/07/24 16:16:31.931,2026/07/24 16:16:31.990,0,GPU-e2681f6e-8d94-2d66-484f-43ea602335f9,412.85,1410,1593,100,14,73511,73
2026/07/24 16:16:31.960,2026/07/24 16:16:31.931,2026/07/24 16:16:31.990,1,GPU-713d5b24-2a1e-fd4a-7685-c3d195ff9230,235.93,1410,1593,77,27,73511,40
2026/07/24 16:16:32.195,2026/07/24 16:16:32.181,2026/07/24 16:16:32.209,0,GPU-e2681f6e-8d94-2d66-484f-43ea602335f9,410.25,1410,1593,100,17,73511,73
2026/07/24 16:16:32.195,2026/07/24 16:16:32.181,2026/07/24 16:16:32.209,1,GPU-713d5b24-2a1e-fd4a-7685-c3d195ff9230,241.66,1410,1593,100,52,73511,44
2026/07/24 16:16:32.444,2026/07/24 16:16:32.431,2026/07/24 16:16:32.456,0,GPU-e2681f6e-8d94-2d66-484f-43ea602335f9,404.14,1410,1593,100,13,73511,73
2026/07/24 16:16:32.444,2026/07/24 16:16:32.431,2026/07/24 16:16:32.456,1,GPU-713d5b24-2a1e-fd4a-7685-c3d195ff9230,86.26,1410,1593,33,17,73511,40
2026/07/24 16:16:32.695,2026/07/24 16:16:32.681,2026/07/24 16:16:32.709,0,GPU-e2681f6e-8d94-2d66-484f-43ea602335f9,419.19,1410,1593,100,16,73511,73
2026/07/24 16:16:32.695,2026/07/24 16:16:32.681,2026/07/24 16:16:32.709,1,GPU-713d5b24-2a1e-fd4a-7685-c3d195ff9230,157.88,1410,1593,9,0,73511,39
2026/07/24 16:16:32.946,2026/07/24 16:16:32.931,2026/07/24 16:16:32.961,0,GPU-e2681f6e-8d94-2d66-484f-43ea602335f9,404.14,1410,1593,100,15,73511,73
2026/07/24 16:16:32.946,2026/07/24 16:16:32.931,2026/07/24 16:16:32.961,1,GPU-713d5b24-2a1e-fd4a-7685-c3d195ff9230,242.58,1410,1593,95,41,73511,43
2026/07/24 16:16:33.195,2026/07/24 16:16:33.181,2026/07/24 16:16:33.209,0,GPU-e2681f6e-8d94-2d66-484f-43ea602335f9,420.97,1410,1593,100,16,73511,74
2026/07/24 16:16:33.195,2026/07/24 16:16:33.181,2026/07/24 16:16:33.209,1,GPU-713d5b24-2a1e-fd4a-7685-c3d195ff9230,227.21,1410,1593,58,21,73511,41
2026/07/24 16:16:33.444,2026/07/24 16:16:33.432,2026/07/24 16:16:33.457,0,GPU-e2681f6e-8d94-2d66-484f-43ea602335f9,413.78,1410,1593,100,17,73511,73
2026/07/24 16:16:33.444,2026/07/24 16:16:33.432,2026/07/24 16:16:33.457,1,GPU-713d5b24-2a1e-fd4a-7685-c3d195ff9230,243.77,1410,1593,100,53,73511,44
2026/07/24 16:16:33.694,2026/07/24 16:16:33.682,2026/07/24 16:16:33.707,0,GPU-e2681f6e-8d94-2d66-484f-43ea602335f9,425.79,1410,1593,100,17,73511,73
2026/07/24 16:16:33.694,2026/07/24 16:16:33.682,2026/07/24 16:16:33.707,1,GPU-713d5b24-2a1e-fd4a-7685-c3d195ff9230,85.93,1410,1593,38,20,73511,40
2026/07/24 16:16:33.944,2026/07/24 16:16:33.932,2026/07/24 16:16:33.957,0,GPU-e2681f6e-8d94-2d66-484f-43ea602335f9,413.78,1410,1593,100,15,73511,73
2026/07/24 16:16:33.944,2026/07/24 16:16:33.932,2026/07/24 16:16:33.957,1,GPU-713d5b24-2a1e-fd4a-7685-c3d195ff9230,239.28,1410,1593,71,27,73511,44
2026/07/24 16:16:34.196,2026/07/24 16:16:34.182,2026/07/24 16:16:34.211,0,GPU-e2681f6e-8d94-2d66-484f-43ea602335f9,413.78,1410,1593,100,14,73511,73
2026/07/24 16:16:34.196,2026/07/24 16:16:34.182,2026/07/24 16:16:34.211,1,GPU-713d5b24-2a1e-fd4a-7685-c3d195ff9230,86.17,1410,1593,79,42,73511,40
2026/07/24 16:16:34.446,2026/07/24 16:16:34.432,2026/07/24 16:16:34.461,0,GPU-e2681f6e-8d94-2d66-484f-43ea602335f9,415.56,1410,1593,100,15,73511,74
2026/07/24 16:16:34.446,2026/07/24 16:16:34.432,2026/07/24 16:16:34.461,1,GPU-713d5b24-2a1e-fd4a-7685-c3d195ff9230,234.46,1410,1593,71,25,73511,42
2026/07/24 16:16:34.695,2026/07/24 16:16:34.682,2026/07/24 16:16:34.708,0,GPU-e2681f6e-8d94-2d66-484f-43ea602335f9,416.48,1410,1593,100,14,73511,73
2026/07/24 16:16:34.695,2026/07/24 16:16:34.682,2026/07/24 16:16:34.708,1,GPU-713d5b24-2a1e-fd4a-7685-c3d195ff9230,238.69,1410,1593,100,52,73511,44
2026/07/24 16:16:34.945,2026/07/24 16:16:34.932,2026/07/24 16:16:34.958,0,GPU-e2681f6e-8d94-2d66-484f-43ea602335f9,427.31,1410,1593,100,14,73511,74
2026/07/24 16:16:34.945,2026/07/24 16:16:34.932,2026/07/24 16:16:34.958,1,GPU-713d5b24-2a1e-fd4a-7685-c3d195ff9230,88.04,1410,1593,30,15,73511,40
2026/07/24 16:16:35.197,2026/07/24 16:16:35.182,2026/07/24 16:16:35.211,0,GPU-e2681f6e-8d94-2d66-484f-43ea602335f9,409.39,1410,1593,100,17,73511,74
2026/07/24 16:16:35.197,2026/07/24 16:16:35.182,2026/07/24 16:16:35.211,1,GPU-713d5b24-2a1e-fd4a-7685-c3d195ff9230,237.77,1410,1593,24,1,73511,43
2026/07/24 16:16:35.475,2026/07/24 16:16:35.432,2026/07/24 16:16:35.518,0,GPU-e2681f6e-8d94-2d66-484f-43ea602335f9,423.68,1410,1593,100,14,73511,74
2026/07/24 16:16:35.475,2026/07/24 16:16:35.432,2026/07/24 16:16:35.518,1,GPU-713d5b24-2a1e-fd4a-7685-c3d195ff9230,231.11,1410,1593,65,27,73511,43
2026/07/24 16:16:35.697,2026/07/24 16:16:35.682,2026/07/24 16:16:35.711,0,GPU-e2681f6e-8d94-2d66-484f-43ea602335f9,424.01,1410,1593,100,17,73511,74
2026/07/24 16:16:35.697,2026/07/24 16:16:35.682,2026/07/24 16:16:35.711,1,GPU-713d5b24-2a1e-fd4a-7685-c3d195ff9230,242.26,1410,1593,98,48,73511,44
2026/07/24 16:16:35.948,2026/07/24 16:16:35.932,2026/07/24 16:16:35.964,0,GPU-e2681f6e-8d94-2d66-484f-43ea602335f9,418.27,1410,1593,100,13,73511,74
2026/07/24 16:16:35.948,2026/07/24 16:16:35.932,2026/07/24 16:16:35.964,1,GPU-713d5b24-2a1e-fd4a-7685-c3d195ff9230,86.17,1410,1593,65,35,73511,40
2026/07/24 16:16:36.197,2026/07/24 16:16:36.182,2026/07/24 16:16:36.211,0,GPU-e2681f6e-8d94-2d66-484f-43ea602335f9,427.63,1410,1593,100,17,73511,74
2026/07/24 16:16:36.197,2026/07/24 16:16:36.182,2026/07/24 16:16:36.211,1,GPU-713d5b24-2a1e-fd4a-7685-c3d195ff9230,247.40,1410,1593,23,1,73511,43
2026/07/24 16:16:36.445,2026/07/24 16:16:36.432,2026/07/24 16:16:36.458,0,GPU-e2681f6e-8d94-2d66-484f-43ea602335f9,423.68,1410,1593,100,15,73511,74
2026/07/24 16:16:36.445,2026/07/24 16:16:36.432,2026/07/24 16:16:36.458,1,GPU-713d5b24-2a1e-fd4a-7685-c3d195ff9230,92.82,1410,1593,55,29,73511,41
2026/07/24 16:16:36.696,2026/07/24 16:16:36.682,2026/07/24 16:16:36.709,0,GPU-e2681f6e-8d94-2d66-484f-43ea602335f9,411.94,1410,1593,100,11,73511,74
2026/07/24 16:16:36.696,2026/07/24 16:16:36.682,2026/07/24 16:16:36.709,1,GPU-713d5b24-2a1e-fd4a-7685-c3d195ff9230,85.25,1410,1593,0,0,73511,39
2026/07/24 16:16:36.948,2026/07/24 16:16:36.933,2026/07/24 16:16:36.963,0,GPU-e2681f6e-8d94-2d66-484f-43ea602335f9,426.44,1410,1593,100,18,73511,75
2026/07/24 16:16:36.948,2026/07/24 16:16:36.933,2026/07/24 16:16:36.963,1,GPU-713d5b24-2a1e-fd4a-7685-c3d195ff9230,242.26,1410,1593,32,4,73511,42
2026/07/24 16:16:37.196,2026/07/24 16:16:37.183,2026/07/24 16:16:37.210,0,GPU-e2681f6e-8d94-2d66-484f-43ea602335f9,408.31,1410,1593,100,15,73511,74
2026/07/24 16:16:37.196,2026/07/24 16:16:37.183,2026/07/24 16:16:37.210,1,GPU-713d5b24-2a1e-fd4a-7685-c3d195ff9230,85.84,1410,1593,100,51,73511,41
2026/07/24 16:16:37.447,2026/07/24 16:16:37.433,2026/07/24 16:16:37.462,0,GPU-e2681f6e-8d94-2d66-484f-43ea602335f9,412.85,1410,1593,100,12,73511,74
2026/07/24 16:16:37.447,2026/07/24 16:16:37.433,2026/07/24 16:16:37.462,1,GPU-713d5b24-2a1e-fd4a-7685-c3d195ff9230,85.25,1410,1593,0,0,73511,39
2026/07/24 16:16:37.697,2026/07/24 16:16:37.683,2026/07/24 16:16:37.711,0,GPU-e2681f6e-8d94-2d66-484f-43ea602335f9,427.04,1410,1593,100,16,73511,75
2026/07/24 16:16:37.697,2026/07/24 16:16:37.683,2026/07/24 16:16:37.711,1,GPU-713d5b24-2a1e-fd4a-7685-c3d195ff9230,238.69,1410,1593,86,32,73511,43
2026/07/24 16:16:37.947,2026/07/24 16:16:37.933,2026/07/24 16:16:37.962,0,GPU-e2681f6e-8d94-2d66-484f-43ea602335f9,436.94,1410,1593,100,16,73511,75
2026/07/24 16:16:37.947,2026/07/24 16:16:37.933,2026/07/24 16:16:37.962,1,GPU-713d5b24-2a1e-fd4a-7685-c3d195ff9230,104.24,1410,1593,100,52,73511,43
2026/07/24 16:16:38.198,2026/07/24 16:16:38.183,2026/07/24 16:16:38.213,0,GPU-e2681f6e-8d94-2d66-484f-43ea602335f9,419.46,1410,1593,100,17,73511,75
2026/07/24 16:16:38.198,2026/07/24 16:16:38.183,2026/07/24 16:16:38.213,1,GPU-713d5b24-2a1e-fd4a-7685-c3d195ff9230,248.32,1410,1593,90,39,73511,44
2026/07/24 16:16:38.447,2026/07/24 16:16:38.433,2026/07/24 16:16:38.460,0,GPU-e2681f6e-8d94-2d66-484f-43ea602335f9,428.23,1410,1593,100,13,73511,74
2026/07/24 16:16:38.447,2026/07/24 16:16:38.433,2026/07/24 16:16:38.460,1,GPU-713d5b24-2a1e-fd4a-7685-c3d195ff9230,85.93,1410,1593,0,0,73511,40
2026/07/24 16:16:38.699,2026/07/24 16:16:38.683,2026/07/24 16:16:38.715,0,GPU-e2681f6e-8d94-2d66-484f-43ea602335f9,427.04,1410,1593,100,15,73511,75
2026/07/24 16:16:38.699,2026/07/24 16:16:38.683,2026/07/24 16:16:38.715,1,GPU-713d5b24-2a1e-fd4a-7685-c3d195ff9230,99.10,1410,1593,37,8,73511,42
2026/07/24 16:16:38.946,2026/07/24 16:16:38.933,2026/07/24 16:16:38.959,0,GPU-e2681f6e-8d94-2d66-484f-43ea602335f9,411.67,1410,1593,100,14,73511,75
2026/07/24 16:16:38.946,2026/07/24 16:16:38.933,2026/07/24 16:16:38.959,1,GPU-713d5b24-2a1e-fd4a-7685-c3d195ff9230,245.62,1410,1593,100,52,73511,43
2026/07/24 16:16:39.198,2026/07/24 16:16:39.183,2026/07/24 16:16:39.214,0,GPU-e2681f6e-8d94-2d66-484f-43ea602335f9,417.08,1410,1593,100,13,73511,75
2026/07/24 16:16:39.198,2026/07/24 16:16:39.183,2026/07/24 16:16:39.214,1,GPU-713d5b24-2a1e-fd4a-7685-c3d195ff9230,85.57,1410,1593,29,15,73511,40
2026/07/24 16:16:39.446,2026/07/24 16:16:39.434,2026/07/24 16:16:39.459,0,GPU-e2681f6e-8d94-2d66-484f-43ea602335f9,419.46,1410,1593,100,17,73511,75
2026/07/24 16:16:39.446,2026/07/24 16:16:39.434,2026/07/24 16:16:39.459,1,GPU-713d5b24-2a1e-fd4a-7685-c3d195ff9230,244.69,1410,1593,42,10,73511,43
2026/07/24 16:16:39.701,2026/07/24 16:16:39.684,2026/07/24 16:16:39.718,0,GPU-e2681f6e-8d94-2d66-484f-43ea602335f9,426.44,1410,1593,100,14,73511,75
2026/07/24 16:16:39.701,2026/07/24 16:16:39.684,2026/07/24 16:16:39.718,1,GPU-713d5b24-2a1e-fd4a-7685-c3d195ff9230,86.17,1410,1593,26,14,73511,40
2026/07/24 16:16:39.949,2026/07/24 16:16:39.934,2026/07/24 16:16:39.964,0,GPU-e2681f6e-8d94-2d66-484f-43ea602335f9,426.11,1410,1593,100,16,73511,75
2026/07/24 16:16:39.949,2026/07/24 16:16:39.934,2026/07/24 16:16:39.964,1,GPU-713d5b24-2a1e-fd4a-7685-c3d195ff9230,239.28,1410,1593,68,26,73511,43
2026/07/24 16:16:40.197,2026/07/24 16:16:40.184,2026/07/24 16:16:40.210,0,GPU-e2681f6e-8d94-2d66-484f-43ea602335f9,414.38,1410,1593,100,14,73511,75
2026/07/24 16:16:40.197,2026/07/24 16:16:40.184,2026/07/24 16:16:40.210,1,GPU-713d5b24-2a1e-fd4a-7685-c3d195ff9230,85.57,1410,1593,85,44,73511,40
2026/07/24 16:16:40.448,2026/07/24 16:16:40.434,2026/07/24 16:16:40.463,0,GPU-e2681f6e-8d94-2d66-484f-43ea602335f9,426.11,1410,1593,100,13,73511,75
2026/07/24 16:16:40.448,2026/07/24 16:16:40.434,2026/07/24 16:16:40.463,1,GPU-713d5b24-2a1e-fd4a-7685-c3d195ff9230,85.25,1410,1593,0,0,73511,39
2026/07/24 16:16:40.696,2026/07/24 16:16:40.684,2026/07/24 16:16:40.709,0,GPU-e2681f6e-8d94-2d66-484f-43ea602335f9,418.86,1410,1593,100,17,73511,75
2026/07/24 16:16:40.696,2026/07/24 16:16:40.684,2026/07/24 16:16:40.709,1,GPU-713d5b24-2a1e-fd4a-7685-c3d195ff9230,238.69,1410,1593,97,45,73511,43
2026/07/24 16:16:40.946,2026/07/24 16:16:40.934,2026/07/24 16:16:40.958,0,GPU-e2681f6e-8d94-2d66-484f-43ea602335f9,418.60,1410,1593,100,14,73511,75
2026/07/24 16:16:40.946,2026/07/24 16:16:40.934,2026/07/24 16:16:40.958,1,GPU-713d5b24-2a1e-fd4a-7685-c3d195ff9230,87.36,1410,1593,95,50,73511,40
2026/07/24 16:16:41.199,2026/07/24 16:16:41.184,2026/07/24 16:16:41.214,0,GPU-e2681f6e-8d94-2d66-484f-43ea602335f9,425.52,1410,1593,100,17,73511,75
2026/07/24 16:16:41.199,2026/07/24 16:16:41.184,2026/07/24 16:16:41.214,1,GPU-713d5b24-2a1e-fd4a-7685-c3d195ff9230,240.80,1410,1593,15,0,73511,42
2026/07/24 16:16:41.449,2026/07/24 16:16:41.434,2026/07/24 16:16:41.463,0,GPU-e2681f6e-8d94-2d66-484f-43ea602335f9,418.27,1410,1593,100,15,73511,75
2026/07/24 16:16:41.449,2026/07/24 16:16:41.434,2026/07/24 16:16:41.463,1,GPU-713d5b24-2a1e-fd4a-7685-c3d195ff9230,87.36,1410,1593,45,24,73511,40
2026/07/24 16:16:41.699,2026/07/24 16:16:41.684,2026/07/24 16:16:41.713,0,GPU-e2681f6e-8d94-2d66-484f-43ea602335f9,443.60,1410,1593,100,17,73511,75
2026/07/24 16:16:41.699,2026/07/24 16:16:41.684,2026/07/24 16:16:41.713,1,GPU-713d5b24-2a1e-fd4a-7685-c3d195ff9230,242.26,1410,1593,22,0,73511,41
2026/07/24 16:16:41.947,2026/07/24 16:16:41.935,2026/07/24 16:16:41.959,0,GPU-e2681f6e-8d94-2d66-484f-43ea602335f9,424.33,1410,1593,100,15,73511,75
2026/07/24 16:16:41.947,2026/07/24 16:16:41.935,2026/07/24 16:16:41.959,1,GPU-713d5b24-2a1e-fd4a-7685-c3d195ff9230,247.99,1410,1593,100,52,73511,44
2026/07/24 16:16:42.248,2026/07/24 16:16:42.185,2026/07/24 16:16:42.311,0,GPU-e2681f6e-8d94-2d66-484f-43ea602335f9,422.82,1410,1593,100,16,73511,75
2026/07/24 16:16:42.248,2026/07/24 16:16:42.185,2026/07/24 16:16:42.311,1,GPU-713d5b24-2a1e-fd4a-7685-c3d195ff9230,236.84,1410,1593,61,22,73511,44
2026/07/24 16:16:42.447,2026/07/24 16:16:42.435,2026/07/24 16:16:42.460,0,GPU-e2681f6e-8d94-2d66-484f-43ea602335f9,424.33,1410,1593,100,17,73511,75
2026/07/24 16:16:42.447,2026/07/24 16:16:42.435,2026/07/24 16:16:42.460,1,GPU-713d5b24-2a1e-fd4a-7685-c3d195ff9230,248.91,1410,1593,100,53,73511,44
2026/07/24 16:16:42.700,2026/07/24 16:16:42.685,2026/07/24 16:16:42.716,0,GPU-e2681f6e-8d94-2d66-484f-43ea602335f9,429.14,1410,1593,100,14,73511,75
2026/07/24 16:16:42.700,2026/07/24 16:16:42.685,2026/07/24 16:16:42.716,1,GPU-713d5b24-2a1e-fd4a-7685-c3d195ff9230,85.84,1410,1593,16,9,73511,41
2026/07/24 16:16:42.950,2026/07/24 16:16:42.935,2026/07/24 16:16:42.966,0,GPU-e2681f6e-8d94-2d66-484f-43ea602335f9,423.09,1410,1593,100,15,73511,75
2026/07/24 16:16:42.950,2026/07/24 16:16:42.935,2026/07/24 16:16:42.966,1,GPU-713d5b24-2a1e-fd4a-7685-c3d195ff9230,243.18,1410,1593,97,41,73511,44
2026/07/24 16:16:43.200,2026/07/24 16:16:43.185,2026/07/24 16:16:43.216,0,GPU-e2681f6e-8d94-2d66-484f-43ea602335f9,432.72,1410,1593,100,14,73511,75
2026/07/24 16:16:43.200,2026/07/24 16:16:43.185,2026/07/24 16:16:43.216,1,GPU-713d5b24-2a1e-fd4a-7685-c3d195ff9230,87.08,1410,1593,92,49,73511,40
2026/07/24 16:16:43.476,2026/07/24 16:16:43.435,2026/07/24 16:16:43.517,0,GPU-e2681f6e-8d94-2d66-484f-43ea602335f9,420.38,1410,1593,100,17,73511,75
2026/07/24 16:16:43.476,2026/07/24 16:16:43.435,2026/07/24 16:16:43.517,1,GPU-713d5b24-2a1e-fd4a-7685-c3d195ff9230,238.96,1410,1593,94,45,73511,44
2026/07/24 16:16:43.700,2026/07/24 16:16:43.685,2026/07/24 16:16:43.714,0,GPU-e2681f6e-8d94-2d66-484f-43ea602335f9,427.63,1410,1593,100,15,73511,76
2026/07/24 16:16:43.700,2026/07/24 16:16:43.685,2026/07/24 16:16:43.714,1,GPU-713d5b24-2a1e-fd4a-7685-c3d195ff9230,237.77,1410,1593,82,43,73511,43
2026/07/24 16:16:43.950,2026/07/24 16:16:43.935,2026/07/24 16:16:43.965,0,GPU-e2681f6e-8d94-2d66-484f-43ea602335f9,415.89,1410,1593,100,16,73511,75
2026/07/24 16:16:43.950,2026/07/24 16:16:43.935,2026/07/24 16:16:43.965,1,GPU-713d5b24-2a1e-fd4a-7685-c3d195ff9230,241.99,1410,1593,98,42,73511,44
2026/07/24 16:16:44.199,2026/07/24 16:16:44.185,2026/07/24 16:16:44.212,0,GPU-e2681f6e-8d94-2d66-484f-43ea602335f9,416.16,1410,1593,100,13,73511,75
2026/07/24 16:16:44.199,2026/07/24 16:16:44.185,2026/07/24 16:16:44.212,1,GPU-713d5b24-2a1e-fd4a-7685-c3d195ff9230,85.25,1410,1593,40,21,73511,40
2026/07/24 16:16:44.450,2026/07/24 16:16:44.435,2026/07/24 16:16:44.464,0,GPU-e2681f6e-8d94-2d66-484f-43ea602335f9,428.55,1410,1593,100,17,73511,75
2026/07/24 16:16:44.450,2026/07/24 16:16:44.435,2026/07/24 16:16:44.464,1,GPU-713d5b24-2a1e-fd4a-7685-c3d195ff9230,240.54,1410,1593,22,1,73511,43
2026/07/24 16:16:44.698,2026/07/24 16:16:44.685,2026/07/24 16:16:44.711,0,GPU-e2681f6e-8d94-2d66-484f-43ea602335f9,416.75,1410,1593,100,13,73511,75
2026/07/24 16:16:44.698,2026/07/24 16:16:44.685,2026/07/24 16:16:44.711,1,GPU-713d5b24-2a1e-fd4a-7685-c3d195ff9230,85.25,1410,1593,34,18,73511,41
2026/07/24 16:16:44.949,2026/07/24 16:16:44.936,2026/07/24 16:16:44.963,0,GPU-e2681f6e-8d94-2d66-484f-43ea602335f9,414.38,1410,1593,100,14,73511,75
2026/07/24 16:16:44.949,2026/07/24 16:16:44.936,2026/07/24 16:16:44.963,1,GPU-713d5b24-2a1e-fd4a-7685-c3d195ff9230,84.65,1410,1593,0,0,73511,39
2026/07/24 16:16:45.199,2026/07/24 16:16:45.186,2026/07/24 16:16:45.213,0,GPU-e2681f6e-8d94-2d66-484f-43ea602335f9,432.45,1410,1593,100,17,73511,75
2026/07/24 16:16:45.199,2026/07/24 16:16:45.186,2026/07/24 16:16:45.213,1,GPU-713d5b24-2a1e-fd4a-7685-c3d195ff9230,244.96,1410,1593,54,15,73511,42
2026/07/24 16:16:45.450,2026/07/24 16:16:45.436,2026/07/24 16:16:45.464,0,GPU-e2681f6e-8d94-2d66-484f-43ea602335f9,411.07,1410,1593,100,14,73511,75
2026/07/24 16:16:45.450,2026/07/24 16:16:45.436,2026/07/24 16:16:45.464,1,GPU-713d5b24-2a1e-fd4a-7685-c3d195ff9230,85.25,1410,1593,15,8,73511,40
2026/07/24 16:16:45.701,2026/07/24 16:16:45.686,2026/07/24 16:16:45.717,0,GPU-e2681f6e-8d94-2d66-484f-43ea602335f9,431.26,1410,1593,100,13,73511,75
2026/07/24 16:16:45.701,2026/07/24 16:16:45.686,2026/07/24 16:16:45.717,1,GPU-713d5b24-2a1e-fd4a-7685-c3d195ff9230,175.96,1410,1593,15,8,73511,39
2026/07/24 16:16:45.948,2026/07/24 16:16:45.936,2026/07/24 16:16:45.961,0,GPU-e2681f6e-8d94-2d66-484f-43ea602335f9,430.34,1410,1593,100,15,73511,75
2026/07/24 16:16:45.948,2026/07/24 16:16:45.936,2026/07/24 16:16:45.961,1,GPU-713d5b24-2a1e-fd4a-7685-c3d195ff9230,243.50,1410,1593,97,41,73511,43
2026/07/24 16:16:46.200,2026/07/24 16:16:46.186,2026/07/24 16:16:46.214,0,GPU-e2681f6e-8d94-2d66-484f-43ea602335f9,418.86,1410,1593,100,12,73511,75
2026/07/24 16:16:46.200,2026/07/24 16:16:46.186,2026/07/24 16:16:46.214,1,GPU-713d5b24-2a1e-fd4a-7685-c3d195ff9230,85.25,1410,1593,51,27,73511,39
2026/07/24 16:16:46.450,2026/07/24 16:16:46.436,2026/07/24 16:16:46.464,0,GPU-e2681f6e-8d94-2d66-484f-43ea602335f9,428.55,1410,1593,100,16,73511,75
2026/07/24 16:16:46.450,2026/07/24 16:16:46.436,2026/07/24 16:16:46.464,1,GPU-713d5b24-2a1e-fd4a-7685-c3d195ff9230,243.50,1410,1593,96,38,73511,41
2026/07/24 16:16:46.701,2026/07/24 16:16:46.686,2026/07/24 16:16:46.715,0,GPU-e2681f6e-8d94-2d66-484f-43ea602335f9,425.52,1410,1593,100,16,73511,75
2026/07/24 16:16:46.701,2026/07/24 16:16:46.686,2026/07/24 16:16:46.715,1,GPU-713d5b24-2a1e-fd4a-7685-c3d195ff9230,87.95,1410,1593,48,25,73511,40
2026/07/24 16:16:46.951,2026/07/24 16:16:46.936,2026/07/24 16:16:46.967,0,GPU-e2681f6e-8d94-2d66-484f-43ea602335f9,423.68,1410,1593,100,17,73511,75
2026/07/24 16:16:46.951,2026/07/24 16:16:46.936,2026/07/24 16:16:46.967,1,GPU-713d5b24-2a1e-fd4a-7685-c3d195ff9230,242.91,1410,1593,43,14,73511,42
2026/07/24 16:16:47.199,2026/07/24 16:16:47.186,2026/07/24 16:16:47.212,0,GPU-e2681f6e-8d94-2d66-484f-43ea602335f9,423.09,1410,1593,100,13,73511,75
2026/07/24 16:16:47.199,2026/07/24 16:16:47.186,2026/07/24 16:16:47.212,1,GPU-713d5b24-2a1e-fd4a-7685-c3d195ff9230,88.87,1410,1593,100,53,73511,40
2026/07/24 16:16:47.449,2026/07/24 16:16:47.436,2026/07/24 16:16:47.462,0,GPU-e2681f6e-8d94-2d66-484f-43ea602335f9,418.60,1410,1593,100,17,73511,76
2026/07/24 16:16:47.449,2026/07/24 16:16:47.436,2026/07/24 16:16:47.462,1,GPU-713d5b24-2a1e-fd4a-7685-c3d195ff9230,237.17,1410,1593,0,0,73511,41
2026/07/24 16:16:47.700,2026/07/24 16:16:47.686,2026/07/24 16:16:47.713,0,GPU-e2681f6e-8d94-2d66-484f-43ea602335f9,427.91,1410,1593,100,15,73511,75
2026/07/24 16:16:47.700,2026/07/24 16:16:47.686,2026/07/24 16:16:47.713,1,GPU-713d5b24-2a1e-fd4a-7685-c3d195ff9230,250.11,1410,1593,80,42,73511,41
2026/07/24 16:16:47.951,2026/07/24 16:16:47.936,2026/07/24 16:16:47.965,0,GPU-e2681f6e-8d94-2d66-484f-43ea602335f9,431.53,1410,1593,100,13,73511,76
2026/07/24 16:16:47.951,2026/07/24 16:16:47.936,2026/07/24 16:16:47.965,1,GPU-713d5b24-2a1e-fd4a-7685-c3d195ff9230,181.69,1410,1593,49,16,73511,43
2026/07/24 16:16:48.199,2026/07/24 16:16:48.186,2026/07/24 16:16:48.212,0,GPU-e2681f6e-8d94-2d66-484f-43ea602335f9,418.86,1410,1593,100,14,73511,75
2026/07/24 16:16:48.199,2026/07/24 16:16:48.186,2026/07/24 16:16:48.212,1,GPU-713d5b24-2a1e-fd4a-7685-c3d195ff9230,241.99,1410,1593,100,52,73511,44
2026/07/24 16:16:48.459,2026/07/24 16:16:48.437,2026/07/24 16:16:48.481,0,GPU-e2681f6e-8d94-2d66-484f-43ea602335f9,413.18,1410,1593,100,13,73511,75
2026/07/24 16:16:48.459,2026/07/24 16:16:48.437,2026/07/24 16:16:48.481,1,GPU-713d5b24-2a1e-fd4a-7685-c3d195ff9230,85.25,1410,1593,45,24,73511,39
2026/07/24 16:16:48.701,2026/07/24 16:16:48.687,2026/07/24 16:16:48.715,0,GPU-e2681f6e-8d94-2d66-484f-43ea602335f9,430.34,1410,1593,100,14,73511,76
2026/07/24 16:16:48.701,2026/07/24 16:16:48.687,2026/07/24 16:16:48.715,1,GPU-713d5b24-2a1e-fd4a-7685-c3d195ff9230,235.65,1410,1593,72,24,73511,42
2026/07/24 16:16:48.951,2026/07/24 16:16:48.937,2026/07/24 16:16:48.966,0,GPU-e2681f6e-8d94-2d66-484f-43ea602335f9,417.67,1410,1593,100,17,73511,76
2026/07/24 16:16:48.951,2026/07/24 16:16:48.937,2026/07/24 16:16:48.966,1,GPU-713d5b24-2a1e-fd4a-7685-c3d195ff9230,108.79,1410,1593,100,52,73511,43
2026/07/24 16:16:49.201,2026/07/24 16:16:49.187,2026/07/24 16:16:49.215,0,GPU-e2681f6e-8d94-2d66-484f-43ea602335f9,418.43,1410,1593,100,17,73511,76
2026/07/24 16:16:49.201,2026/07/24 16:16:49.187,2026/07/24 16:16:49.215,1,GPU-713d5b24-2a1e-fd4a-7685-c3d195ff9230,247.40,1410,1593,89,38,73511,44
2026/07/24 16:16:49.449,2026/07/24 16:16:49.437,2026/07/24 16:16:49.462,0,GPU-e2681f6e-8d94-2d66-484f-43ea602335f9,406.85,1410,1593,100,14,73511,75
2026/07/24 16:16:49.449,2026/07/24 16:16:49.437,2026/07/24 16:16:49.462,1,GPU-713d5b24-2a1e-fd4a-7685-c3d195ff9230,85.57,1410,1593,99,53,73511,40
2026/07/24 16:16:49.701,2026/07/24 16:16:49.687,2026/07/24 16:16:49.716,0,GPU-e2681f6e-8d94-2d66-484f-43ea602335f9,434.56,1410,1593,100,12,73511,75
2026/07/24 16:16:49.701,2026/07/24 16:16:49.687,2026/07/24 16:16:49.716,1,GPU-713d5b24-2a1e-fd4a-7685-c3d195ff9230,84.97,1410,1593,0,0,73511,39
2026/07/24 16:16:49.952,2026/07/24 16:16:49.937,2026/07/24 16:16:49.966,0,GPU-e2681f6e-8d94-2d66-484f-43ea602335f9,429.14,1410,1593,100,16,73511,76
2026/07/24 16:16:49.952,2026/07/24 16:16:49.937,2026/07/24 16:16:49.966,1,GPU-713d5b24-2a1e-fd4a-7685-c3d195ff9230,241.99,1410,1593,94,36,73511,43
2026/07/24 16:16:50.200,2026/07/24 16:16:50.187,2026/07/24 16:16:50.214,0,GPU-e2681f6e-8d94-2d66-484f-43ea602335f9,430.93,1410,1593,100,16,73511,75
2026/07/24 16:16:50.200,2026/07/24 16:16:50.187,2026/07/24 16:16:50.214,1,GPU-713d5b24-2a1e-fd4a-7685-c3d195ff9230,85.57,1410,1593,73,38,73511,40
2026/07/24 16:16:50.451,2026/07/24 16:16:50.437,2026/07/24 16:16:50.464,0,GPU-e2681f6e-8d94-2d66-484f-43ea602335f9,427.31,1410,1593,100,17,73511,75
2026/07/24 16:16:50.451,2026/07/24 16:16:50.437,2026/07/24 16:16:50.464,1,GPU-713d5b24-2a1e-fd4a-7685-c3d195ff9230,228.73,1410,1593,0,0,73511,39
2026/07/24 16:16:50.701,2026/07/24 16:16:50.687,2026/07/24 16:16:50.715,0,GPU-e2681f6e-8d94-2d66-484f-43ea602335f9,415.89,1410,1593,100,16,73511,76
2026/07/24 16:16:50.701,2026/07/24 16:16:50.687,2026/07/24 16:16:50.715,1,GPU-713d5b24-2a1e-fd4a-7685-c3d195ff9230,248.91,1410,1593,62,21,73511,41
2026/07/24 16:16:50.951,2026/07/24 16:16:50.937,2026/07/24 16:16:50.965,0,GPU-e2681f6e-8d94-2d66-484f-43ea602335f9,429.14,1410,1593,100,17,73511,76
2026/07/24 16:16:50.951,2026/07/24 16:16:50.937,2026/07/24 16:16:50.965,1,GPU-713d5b24-2a1e-fd4a-7685-c3d195ff9230,244.10,1410,1593,61,23,73511,43
2026/07/24 16:16:51.201,2026/07/24 16:16:51.187,2026/07/24 16:16:51.214,0,GPU-e2681f6e-8d94-2d66-484f-43ea602335f9,418.60,1410,1593,100,14,73511,75
2026/07/24 16:16:51.201,2026/07/24 16:16:51.187,2026/07/24 16:16:51.214,1,GPU-713d5b24-2a1e-fd4a-7685-c3d195ff9230,247.72,1410,1593,100,53,73511,42
2026/07/24 16:16:51.453,2026/07/24 16:16:51.437,2026/07/24 16:16:51.468,0,GPU-e2681f6e-8d94-2d66-484f-43ea602335f9,435.48,1410,1593,100,15,73511,76
2026/07/24 16:16:51.453,2026/07/24 16:16:51.437,2026/07/24 16:16:51.468,1,GPU-713d5b24-2a1e-fd4a-7685-c3d195ff9230,85.25,1410,1593,30,16,73511,42
2026/07/24 16:16:51.702,2026/07/24 16:16:51.687,2026/07/24 16:16:51.717,0,GPU-e2681f6e-8d94-2d66-484f-43ea602335f9,424.01,1410,1593,100,17,73511,76
2026/07/24 16:16:51.702,2026/07/24 16:16:51.687,2026/07/24 16:16:51.717,1,GPU-713d5b24-2a1e-fd4a-7685-c3d195ff9230,239.28,1410,1593,100,52,73511,44
2026/07/24 16:16:51.956,2026/07/24 16:16:51.938,2026/07/24 16:16:51.974,0,GPU-e2681f6e-8d94-2d66-484f-43ea602335f9,438.45,1410,1593,100,16,73511,76
2026/07/24 16:16:51.956,2026/07/24 16:16:51.938,2026/07/24 16:16:51.974,1,GPU-713d5b24-2a1e-fd4a-7685-c3d195ff9230,86.76,1410,1593,42,22,73511,41
2026/07/24 16:16:52.201,2026/07/24 16:16:52.188,2026/07/24 16:16:52.214,0,GPU-e2681f6e-8d94-2d66-484f-43ea602335f9,435.48,1410,1593,100,16,73511,76
2026/07/24 16:16:52.201,2026/07/24 16:16:52.188,2026/07/24 16:16:52.214,1,GPU-713d5b24-2a1e-fd4a-7685-c3d195ff9230,245.88,1410,1593,95,40,73511,44
2026/07/24 16:16:52.453,2026/07/24 16:16:52.438,2026/07/24 16:16:52.468,0,GPU-e2681f6e-8d94-2d66-484f-43ea602335f9,431.53,1410,1593,100,15,73511,76
2026/07/24 16:16:52.453,2026/07/24 16:16:52.438,2026/07/24 16:16:52.468,1,GPU-713d5b24-2a1e-fd4a-7685-c3d195ff9230,85.57,1410,1593,46,24,73511,40
2026/07/24 16:16:52.704,2026/07/24 16:16:52.688,2026/07/24 16:16:52.719,0,GPU-e2681f6e-8d94-2d66-484f-43ea602335f9,417.40,1410,1593,100,17,73511,76
2026/07/24 16:16:52.704,2026/07/24 16:16:52.688,2026/07/24 16:16:52.719,1,GPU-713d5b24-2a1e-fd4a-7685-c3d195ff9230,242.26,1410,1593,100,53,73511,43
2026/07/24 16:16:52.954,2026/07/24 16:16:52.938,2026/07/24 16:16:52.971,0,GPU-e2681f6e-8d94-2d66-484f-43ea602335f9,427.04,1410,1593,100,14,73511,76
2026/07/24 16:16:52.954,2026/07/24 16:16:52.938,2026/07/24 16:16:52.971,1,GPU-713d5b24-2a1e-fd4a-7685-c3d195ff9230,87.08,1410,1593,45,24,73511,40
2026/07/24 16:16:53.203,2026/07/24 16:16:53.188,2026/07/24 16:16:53.218,0,GPU-e2681f6e-8d94-2d66-484f-43ea602335f9,418.27,1410,1593,100,17,73511,76
2026/07/24 16:16:53.203,2026/07/24 16:16:53.188,2026/07/24 16:16:53.218,1,GPU-713d5b24-2a1e-fd4a-7685-c3d195ff9230,238.04,1410,1593,47,14,73511,43
2026/07/24 16:16:53.452,2026/07/24 16:16:53.438,2026/07/24 16:16:53.465,0,GPU-e2681f6e-8d94-2d66-484f-43ea602335f9,416.48,1410,1593,100,13,73511,75
2026/07/24 16:16:53.452,2026/07/24 16:16:53.438,2026/07/24 16:16:53.465,1,GPU-713d5b24-2a1e-fd4a-7685-c3d195ff9230,87.95,1410,1593,98,51,73511,40
2026/07/24 16:16:53.704,2026/07/24 16:16:53.688,2026/07/24 16:16:53.719,0,GPU-e2681f6e-8d94-2d66-484f-43ea602335f9,439.70,1410,1593,100,12,73511,76
2026/07/24 16:16:53.704,2026/07/24 16:16:53.688,2026/07/24 16:16:53.719,1,GPU-713d5b24-2a1e-fd4a-7685-c3d195ff9230,84.97,1410,1593,0,0,73511,39
2026/07/24 16:16:53.951,2026/07/24 16:16:53.938,2026/07/24 16:16:53.964,0,GPU-e2681f6e-8d94-2d66-484f-43ea602335f9,425.20,1410,1593,100,18,73511,76
2026/07/24 16:16:53.951,2026/07/24 16:16:53.938,2026/07/24 16:16:53.964,1,GPU-713d5b24-2a1e-fd4a-7685-c3d195ff9230,243.77,1410,1593,100,52,73511,43
2026/07/24 16:16:54.203,2026/07/24 16:16:54.188,2026/07/24 16:16:54.219,0,GPU-e2681f6e-8d94-2d66-484f-43ea602335f9,429.42,1410,1593,100,15,73511,76
2026/07/24 16:16:54.203,2026/07/24 16:16:54.188,2026/07/24 16:16:54.219,1,GPU-713d5b24-2a1e-fd4a-7685-c3d195ff9230,202.80,1410,1593,31,16,73511,42
2026/07/24 16:16:54.454,2026/07/24 16:16:54.438,2026/07/24 16:16:54.469,0,GPU-e2681f6e-8d94-2d66-484f-43ea602335f9,415.89,1410,1593,100,15,73511,75
2026/07/24 16:16:54.454,2026/07/24 16:16:54.438,2026/07/24 16:16:54.469,1,GPU-713d5b24-2a1e-fd4a-7685-c3d195ff9230,96.12,1410,1593,97,43,73511,44
2026/07/24 16:16:54.703,2026/07/24 16:16:54.689,2026/07/24 16:16:54.717,0,GPU-e2681f6e-8d94-2d66-484f-43ea602335f9,427.04,1410,1593,100,13,73511,76
2026/07/24 16:16:54.703,2026/07/24 16:16:54.689,2026/07/24 16:16:54.717,1,GPU-713d5b24-2a1e-fd4a-7685-c3d195ff9230,85.25,1410,1593,58,31,73511,40
2026/07/24 16:16:54.952,2026/07/24 16:16:54.939,2026/07/24 16:16:54.966,0,GPU-e2681f6e-8d94-2d66-484f-43ea602335f9,420.11,1410,1593,100,15,73511,76
2026/07/24 16:16:54.952,2026/07/24 16:16:54.939,2026/07/24 16:16:54.966,1,GPU-713d5b24-2a1e-fd4a-7685-c3d195ff9230,246.21,1410,1593,5,0,73511,43
2026/07/24 16:16:55.203,2026/07/24 16:16:55.189,2026/07/24 16:16:55.218,0,GPU-e2681f6e-8d94-2d66-484f-43ea602335f9,405.33,1410,1593,100,15,73511,76
2026/07/24 16:16:55.203,2026/07/24 16:16:55.189,2026/07/24 16:16:55.218,1,GPU-713d5b24-2a1e-fd4a-7685-c3d195ff9230,85.57,1410,1593,69,36,73511,40
2026/07/24 16:16:55.454,2026/07/24 16:16:55.439,2026/07/24 16:16:55.470,0,GPU-e2681f6e-8d94-2d66-484f-43ea602335f9,426.44,1410,1593,100,17,73511,76
2026/07/24 16:16:55.454,2026/07/24 16:16:55.439,2026/07/24 16:16:55.470,1,GPU-713d5b24-2a1e-fd4a-7685-c3d195ff9230,227.21,1410,1593,15,0,73511,42
2026/07/24 16:16:55.703,2026/07/24 16:16:55.689,2026/07/24 16:16:55.718,0,GPU-e2681f6e-8d94-2d66-484f-43ea602335f9,423.68,1410,1593,100,15,73511,75
2026/07/24 16:16:55.703,2026/07/24 16:16:55.689,2026/07/24 16:16:55.718,1,GPU-713d5b24-2a1e-fd4a-7685-c3d195ff9230,162.69,1410,1593,72,38,73511,44
2026/07/24 16:16:55.952,2026/07/24 16:16:55.939,2026/07/24 16:16:55.965,0,GPU-e2681f6e-8d94-2d66-484f-43ea602335f9,419.79,1410,1593,100,12,73511,76
2026/07/24 16:16:55.952,2026/07/24 16:16:55.939,2026/07/24 16:16:55.965,1,GPU-713d5b24-2a1e-fd4a-7685-c3d195ff9230,85.25,1410,1593,0,0,73511,39
2026/07/24 16:16:56.203,2026/07/24 16:16:56.189,2026/07/24 16:16:56.217,0,GPU-e2681f6e-8d94-2d66-484f-43ea602335f9,437.59,1410,1593,100,17,73511,76
2026/07/24 16:16:56.203,2026/07/24 16:16:56.189,2026/07/24 16:16:56.217,1,GPU-713d5b24-2a1e-fd4a-7685-c3d195ff9230,239.55,1410,1593,43,10,73511,42
2026/07/24 16:16:56.452,2026/07/24 16:16:56.439,2026/07/24 16:16:56.465,0,GPU-e2681f6e-8d94-2d66-484f-43ea602335f9,414.05,1410,1593,100,14,73511,76
2026/07/24 16:16:56.452,2026/07/24 16:16:56.439,2026/07/24 16:16:56.465,1,GPU-713d5b24-2a1e-fd4a-7685-c3d195ff9230,245.29,1410,1593,100,52,73511,43
2026/07/24 16:16:56.704,2026/07/24 16:16:56.689,2026/07/24 16:16:56.718,0,GPU-e2681f6e-8d94-2d66-484f-43ea602335f9,427.04,1410,1593,100,18,73511,76
2026/07/24 16:16:56.704,2026/07/24 16:16:56.689,2026/07/24 16:16:56.718,1,GPU-713d5b24-2a1e-fd4a-7685-c3d195ff9230,248.59,1410,1593,98,44,73511,44
2026/07/24 16:16:56.954,2026/07/24 16:16:56.939,2026/07/24 16:16:56.969,0,GPU-e2681f6e-8d94-2d66-484f-43ea602335f9,424.92,1410,1593,100,14,73511,76
2026/07/24 16:16:56.954,2026/07/24 16:16:56.939,2026/07/24 16:16:56.969,1,GPU-713d5b24-2a1e-fd4a-7685-c3d195ff9230,85.84,1410,1593,10,5,73511,40
2026/07/24 16:16:57.203,2026/07/24 16:16:57.190,2026/07/24 16:16:57.217,0,GPU-e2681f6e-8d94-2d66-484f-43ea602335f9,433.64,1410,1593,100,18,73511,76
2026/07/24 16:16:57.203,2026/07/24 16:16:57.190,2026/07/24 16:16:57.217,1,GPU-713d5b24-2a1e-fd4a-7685-c3d195ff9230,85.25,1410,1593,0,0,73511,39
2026/07/24 16:16:57.453,2026/07/24 16:16:57.440,2026/07/24 16:16:57.466,0,GPU-e2681f6e-8d94-2d66-484f-43ea602335f9,415.29,1410,1593,100,15,73511,76
2026/07/24 16:16:57.453,2026/07/24 16:16:57.440,2026/07/24 16:16:57.466,1,GPU-713d5b24-2a1e-fd4a-7685-c3d195ff9230,246.21,1410,1593,97,40,73511,44
2026/07/24 16:16:57.702,2026/07/24 16:16:57.690,2026/07/24 16:16:57.715,0,GPU-e2681f6e-8d94-2d66-484f-43ea602335f9,430.67,1410,1593,100,13,73511,76
2026/07/24 16:16:57.702,2026/07/24 16:16:57.690,2026/07/24 16:16:57.715,1,GPU-713d5b24-2a1e-fd4a-7685-c3d195ff9230,86.76,1410,1593,91,48,73511,40
2026/07/24 16:16:57.953,2026/07/24 16:16:57.940,2026/07/24 16:16:57.967,0,GPU-e2681f6e-8d94-2d66-484f-43ea602335f9,433.04,1410,1593,100,16,73511,76
2026/07/24 16:16:57.953,2026/07/24 16:16:57.940,2026/07/24 16:16:57.967,1,GPU-713d5b24-2a1e-fd4a-7685-c3d195ff9230,239.28,1410,1593,98,40,73511,43
2026/07/24 16:16:58.202,2026/07/24 16:16:58.190,2026/07/24 16:16:58.215,0,GPU-e2681f6e-8d94-2d66-484f-43ea602335f9,426.71,1410,1593,100,15,73511,76
2026/07/24 16:16:58.202,2026/07/24 16:16:58.190,2026/07/24 16:16:58.215,1,GPU-713d5b24-2a1e-fd4a-7685-c3d195ff9230,245.62,1410,1593,90,47,73511,41
2026/07/24 16:16:58.454,2026/07/24 16:16:58.440,2026/07/24 16:16:58.468,0,GPU-e2681f6e-8d94-2d66-484f-43ea602335f9,431.85,1410,1593,100,17,73511,76
2026/07/24 16:16:58.454,2026/07/24 16:16:58.440,2026/07/24 16:16:58.468,1,GPU-713d5b24-2a1e-fd4a-7685-c3d195ff9230,214.28,1410,1593,7,0,73511,42
2026/07/24 16:16:58.704,2026/07/24 16:16:58.690,2026/07/24 16:16:58.717,0,GPU-e2681f6e-8d94-2d66-484f-43ea602335f9,416.48,1410,1593,100,15,73511,76
2026/07/24 16:16:58.704,2026/07/24 16:16:58.690,2026/07/24 16:16:58.717,1,GPU-713d5b24-2a1e-fd4a-7685-c3d195ff9230,238.96,1410,1593,98,43,73511,42
2026/07/24 16:16:58.955,2026/07/24 16:16:58.940,2026/07/24 16:16:58.969,0,GPU-e2681f6e-8d94-2d66-484f-43ea602335f9,442.08,1410,1593,100,13,73511,76
2026/07/24 16:16:58.955,2026/07/24 16:16:58.940,2026/07/24 16:16:58.969,1,GPU-713d5b24-2a1e-fd4a-7685-c3d195ff9230,85.84,1410,1593,77,40,73511,40
2026/07/24 16:16:59.205,2026/07/24 16:16:59.190,2026/07/24 16:16:59.219,0,GPU-e2681f6e-8d94-2d66-484f-43ea602335f9,429.14,1410,1593,100,17,73511,76
2026/07/24 16:16:59.205,2026/07/24 16:16:59.190,2026/07/24 16:16:59.219,1,GPU-713d5b24-2a1e-fd4a-7685-c3d195ff9230,245.62,1410,1593,72,27,73511,43
2026/07/24 16:16:59.454,2026/07/24 16:16:59.440,2026/07/24 16:16:59.468,0,GPU-e2681f6e-8d94-2d66-484f-43ea602335f9,436.08,1410,1593,100,17,73511,76
2026/07/24 16:16:59.454,2026/07/24 16:16:59.440,2026/07/24 16:16:59.468,1,GPU-713d5b24-2a1e-fd4a-7685-c3d195ff9230,211.51,1410,1593,100,52,73511,43
2026/07/24 16:16:59.704,2026/07/24 16:16:59.690,2026/07/24 16:16:59.717,0,GPU-e2681f6e-8d94-2d66-484f-43ea602335f9,426.11,1410,1593,100,15,73511,76
2026/07/24 16:16:59.704,2026/07/24 16:16:59.690,2026/07/24 16:16:59.717,1,GPU-713d5b24-2a1e-fd4a-7685-c3d195ff9230,245.29,1410,1593,97,44,73511,44
2026/07/24 16:16:59.954,2026/07/24 16:16:59.940,2026/07/24 16:16:59.968,0,GPU-e2681f6e-8d94-2d66-484f-43ea602335f9,431.85,1410,1593,100,14,73511,76
2026/07/24 16:16:59.954,2026/07/24 16:16:59.940,2026/07/24 16:16:59.968,1,GPU-713d5b24-2a1e-fd4a-7685-c3d195ff9230,237.77,1410,1593,66,25,73511,44
2026/07/24 16:17:00.205,2026/07/24 16:17:00.191,2026/07/24 16:17:00.220,0,GPU-e2681f6e-8d94-2d66-484f-43ea602335f9,425.52,1410,1593,100,18,73511,76
2026/07/24 16:17:00.205,2026/07/24 16:17:00.191,2026/07/24 16:17:00.220,1,GPU-713d5b24-2a1e-fd4a-7685-c3d195ff9230,86.17,1410,1593,85,45,73511,43
2026/07/24 16:17:00.456,2026/07/24 16:17:00.441,2026/07/24 16:17:00.471,0,GPU-e2681f6e-8d94-2d66-484f-43ea602335f9,431.85,1410,1593,100,18,73511,76
2026/07/24 16:17:00.456,2026/07/24 16:17:00.441,2026/07/24 16:17:00.471,1,GPU-713d5b24-2a1e-fd4a-7685-c3d195ff9230,237.77,1410,1593,9,0,73511,43
2026/07/24 16:17:00.707,2026/07/24 16:17:00.691,2026/07/24 16:17:00.723,0,GPU-e2681f6e-8d94-2d66-484f-43ea602335f9,425.20,1410,1593,100,15,73511,76
2026/07/24 16:17:00.707,2026/07/24 16:17:00.691,2026/07/24 16:17:00.723,1,GPU-713d5b24-2a1e-fd4a-7685-c3d195ff9230,88.70,1410,1593,98,48,73511,42
2026/07/24 16:17:00.955,2026/07/24 16:17:00.941,2026/07/24 16:17:00.969,0,GPU-e2681f6e-8d94-2d66-484f-43ea602335f9,438.45,1410,1593,100,16,73511,76
2026/07/24 16:17:00.955,2026/07/24 16:17:00.941,2026/07/24 16:17:00.969,1,GPU-713d5b24-2a1e-fd4a-7685-c3d195ff9230,244.96,1410,1593,92,39,73511,44
2026/07/24 16:17:01.204,2026/07/24 16:17:01.191,2026/07/24 16:17:01.218,0,GPU-e2681f6e-8d94-2d66-484f-43ea602335f9,423.68,1410,1593,100,13,73511,76
2026/07/24 16:17:01.204,2026/07/24 16:17:01.191,2026/07/24 16:17:01.218,1,GPU-713d5b24-2a1e-fd4a-7685-c3d195ff9230,242.58,1410,1593,88,46,73511,42
2026/07/24 16:17:01.454,2026/07/24 16:17:01.441,2026/07/24 16:17:01.467,0,GPU-e2681f6e-8d94-2d66-484f-43ea602335f9,420.70,1410,1593,100,15,73511,76
2026/07/24 16:17:01.454,2026/07/24 16:17:01.441,2026/07/24 16:17:01.467,1,GPU-713d5b24-2a1e-fd4a-7685-c3d195ff9230,85.25,1410,1593,0,0,73511,40
2026/07/24 16:17:01.705,2026/07/24 16:17:01.691,2026/07/24 16:17:01.718,0,GPU-e2681f6e-8d94-2d66-484f-43ea602335f9,416.48,1410,1593,100,17,73511,76
2026/07/24 16:17:01.705,2026/07/24 16:17:01.691,2026/07/24 16:17:01.718,1,GPU-713d5b24-2a1e-fd4a-7685-c3d195ff9230,246.48,1410,1593,42,11,73511,43
2026/07/24 16:17:01.955,2026/07/24 16:17:01.941,2026/07/24 16:17:01.969,0,GPU-e2681f6e-8d94-2d66-484f-43ea602335f9,423.41,1410,1593,100,13,73511,76
2026/07/24 16:17:01.955,2026/07/24 16:17:01.941,2026/07/24 16:17:01.969,1,GPU-713d5b24-2a1e-fd4a-7685-c3d195ff9230,85.66,1410,1593,100,52,73511,41
2026/07/24 16:17:02.205,2026/07/24 16:17:02.191,2026/07/24 16:17:02.219,0,GPU-e2681f6e-8d94-2d66-484f-43ea602335f9,436.08,1410,1593,100,14,73511,76
2026/07/24 16:17:02.205,2026/07/24 16:17:02.191,2026/07/24 16:17:02.219,1,GPU-713d5b24-2a1e-fd4a-7685-c3d195ff9230,152.47,1410,1593,48,14,73511,43
2026/07/24 16:17:02.455,2026/07/24 16:17:02.441,2026/07/24 16:17:02.468,0,GPU-e2681f6e-8d94-2d66-484f-43ea602335f9,430.34,1410,1593,100,14,73511,76
2026/07/24 16:17:02.455,2026/07/24 16:17:02.441,2026/07/24 16:17:02.468,1,GPU-713d5b24-2a1e-fd4a-7685-c3d195ff9230,248.59,1410,1593,100,52,73511,44
2026/07/24 16:17:02.706,2026/07/24 16:17:02.692,2026/07/24 16:17:02.720,0,GPU-e2681f6e-8d94-2d66-484f-43ea602335f9,418.60,1410,1593,100,18,73511,76
2026/07/24 16:17:02.706,2026/07/24 16:17:02.692,2026/07/24 16:17:02.720,1,GPU-713d5b24-2a1e-fd4a-7685-c3d195ff9230,244.96,1410,1593,98,43,73511,45
2026/07/24 16:17:02.954,2026/07/24 16:17:02.942,2026/07/24 16:17:02.967,0,GPU-e2681f6e-8d94-2d66-484f-43ea602335f9,432.45,1410,1593,100,14,73511,76
2026/07/24 16:17:02.954,2026/07/24 16:17:02.942,2026/07/24 16:17:02.967,1,GPU-713d5b24-2a1e-fd4a-7685-c3d195ff9230,244.69,1410,1593,100,53,73511,42
2026/07/24 16:17:03.207,2026/07/24 16:17:03.192,2026/07/24 16:17:03.222,0,GPU-e2681f6e-8d94-2d66-484f-43ea602335f9,425.20,1410,1593,100,17,73511,76
2026/07/24 16:17:03.207,2026/07/24 16:17:03.192,2026/07/24 16:17:03.222,1,GPU-713d5b24-2a1e-fd4a-7685-c3d195ff9230,244.10,1410,1593,87,37,73511,44
2026/07/24 16:17:03.457,2026/07/24 16:17:03.442,2026/07/24 16:17:03.472,0,GPU-e2681f6e-8d94-2d66-484f-43ea602335f9,435.16,1410,1593,100,17,73511,76
2026/07/24 16:17:03.457,2026/07/24 16:17:03.442,2026/07/24 16:17:03.472,1,GPU-713d5b24-2a1e-fd4a-7685-c3d195ff9230,153.06,1410,1593,59,31,73511,43
2026/07/24 16:17:03.706,2026/07/24 16:17:03.692,2026/07/24 16:17:03.721,0,GPU-e2681f6e-8d94-2d66-484f-43ea602335f9,425.52,1410,1593,100,16,73511,76
2026/07/24 16:17:03.706,2026/07/24 16:17:03.692,2026/07/24 16:17:03.721,1,GPU-713d5b24-2a1e-fd4a-7685-c3d195ff9230,244.37,1410,1593,92,41,73511,45
2026/07/24 16:17:03.955,2026/07/24 16:17:03.942,2026/07/24 16:17:03.969,0,GPU-e2681f6e-8d94-2d66-484f-43ea602335f9,414.21,1410,1593,100,13,73511,76
2026/07/24 16:17:03.955,2026/07/24 16:17:03.942,2026/07/24 16:17:03.969,1,GPU-713d5b24-2a1e-fd4a-7685-c3d195ff9230,85.84,1410,1593,97,51,73511,40
2026/07/24 16:17:04.207,2026/07/24 16:17:04.192,2026/07/24 16:17:04.222,0,GPU-e2681f6e-8d94-2d66-484f-43ea602335f9,435.48,1410,1593,100,13,73511,76
2026/07/24 16:17:04.207,2026/07/24 16:17:04.192,2026/07/24 16:17:04.222,1,GPU-713d5b24-2a1e-fd4a-7685-c3d195ff9230,241.40,1410,1593,24,0,73511,40
2026/07/24 16:17:04.457,2026/07/24 16:17:04.442,2026/07/24 16:17:04.472,0,GPU-e2681f6e-8d94-2d66-484f-43ea602335f9,419.19,1410,1593,100,14,73511,76
2026/07/24 16:17:04.457,2026/07/24 16:17:04.442,2026/07/24 16:17:04.472,1,GPU-713d5b24-2a1e-fd4a-7685-c3d195ff9230,244.96,1410,1593,98,51,73511,44
2026/07/24 16:17:04.708,2026/07/24 16:17:04.692,2026/07/24 16:17:04.723,0,GPU-e2681f6e-8d94-2d66-484f-43ea602335f9,422.49,1410,1593,100,14,73511,76
2026/07/24 16:17:04.708,2026/07/24 16:17:04.692,2026/07/24 16:17:04.723,1,GPU-713d5b24-2a1e-fd4a-7685-c3d195ff9230,85.93,1410,1593,81,42,73511,40
2026/07/24 16:17:04.958,2026/07/24 16:17:04.942,2026/07/24 16:17:04.974,0,GPU-e2681f6e-8d94-2d66-484f-43ea602335f9,430.67,1410,1593,100,17,73511,76
2026/07/24 16:17:04.958,2026/07/24 16:17:04.942,2026/07/24 16:17:04.974,1,GPU-713d5b24-2a1e-fd4a-7685-c3d195ff9230,245.62,1410,1593,100,52,73511,44
2026/07/24 16:17:05.205,2026/07/24 16:17:05.193,2026/07/24 16:17:05.218,0,GPU-e2681f6e-8d94-2d66-484f-43ea602335f9,422.49,1410,1593,100,14,73511,76
2026/07/24 16:17:05.205,2026/07/24 16:17:05.193,2026/07/24 16:17:05.218,1,GPU-713d5b24-2a1e-fd4a-7685-c3d195ff9230,87.08,1410,1593,44,23,73511,41
2026/07/24 16:17:05.455,2026/07/24 16:17:05.443,2026/07/24 16:17:05.468,0,GPU-e2681f6e-8d94-2d66-484f-43ea602335f9,430.67,1410,1593,100,17,73511,76
2026/07/24 16:17:05.455,2026/07/24 16:17:05.443,2026/07/24 16:17:05.468,1,GPU-713d5b24-2a1e-fd4a-7685-c3d195ff9230,89.20,1410,1593,0,0,73511,40
2026/07/24 16:17:05.706,2026/07/24 16:17:05.693,2026/07/24 16:17:05.719,0,GPU-e2681f6e-8d94-2d66-484f-43ea602335f9,425.52,1410,1593,100,16,73511,76
2026/07/24 16:17:05.706,2026/07/24 16:17:05.693,2026/07/24 16:17:05.719,1,GPU-713d5b24-2a1e-fd4a-7685-c3d195ff9230,238.36,1410,1593,72,25,73511,44
2026/07/24 16:17:05.957,2026/07/24 16:17:05.943,2026/07/24 16:17:05.972,0,GPU-e2681f6e-8d94-2d66-484f-43ea602335f9,412.53,1410,1593,100,13,73511,76
2026/07/24 16:17:05.957,2026/07/24 16:17:05.943,2026/07/24 16:17:05.972,1,GPU-713d5b24-2a1e-fd4a-7685-c3d195ff9230,85.93,1410,1593,100,52,73511,41
2026/07/24 16:17:06.207,2026/07/24 16:17:06.193,2026/07/24 16:17:06.222,0,GPU-e2681f6e-8d94-2d66-484f-43ea602335f9,429.42,1410,1593,100,15,73511,76
2026/07/24 16:17:06.207,2026/07/24 16:17:06.193,2026/07/24 16:17:06.222,1,GPU-713d5b24-2a1e-fd4a-7685-c3d195ff9230,242.26,1410,1593,77,28,73511,43
2026/07/24 16:17:06.458,2026/07/24 16:17:06.443,2026/07/24 16:17:06.472,0,GPU-e2681f6e-8d94-2d66-484f-43ea602335f9,416.48,1410,1593,100,14,73511,76
2026/07/24 16:17:06.458,2026/07/24 16:17:06.443,2026/07/24 16:17:06.472,1,GPU-713d5b24-2a1e-fd4a-7685-c3d195ff9230,243.50,1410,1593,100,52,73511,43
2026/07/24 16:17:06.706,2026/07/24 16:17:06.693,2026/07/24 16:17:06.719,0,GPU-e2681f6e-8d94-2d66-484f-43ea602335f9,433.37,1410,1593,100,17,73511,76
2026/07/24 16:17:06.706,2026/07/24 16:17:06.693,2026/07/24 16:17:06.719,1,GPU-713d5b24-2a1e-fd4a-7685-c3d195ff9230,231.11,1410,1593,38,15,73511,44
2026/07/24 16:17:06.957,2026/07/24 16:17:06.943,2026/07/24 16:17:06.970,0,GPU-e2681f6e-8d94-2d66-484f-43ea602335f9,430.67,1410,1593,100,16,73511,76
2026/07/24 16:17:06.957,2026/07/24 16:17:06.943,2026/07/24 16:17:06.970,1,GPU-713d5b24-2a1e-fd4a-7685-c3d195ff9230,246.81,1410,1593,97,46,73511,41
2026/07/24 16:17:07.208,2026/07/24 16:17:07.193,2026/07/24 16:17:07.222,0,GPU-e2681f6e-8d94-2d66-484f-43ea602335f9,422.82,1410,1593,100,17,73511,76
2026/07/24 16:17:07.208,2026/07/24 16:17:07.193,2026/07/24 16:17:07.222,1,GPU-713d5b24-2a1e-fd4a-7685-c3d195ff9230,245.29,1410,1593,97,49,73511,44
2026/07/24 16:17:07.456,2026/07/24 16:17:07.443,2026/07/24 16:17:07.469,0,GPU-e2681f6e-8d94-2d66-484f-43ea602335f9,420.70,1410,1593,100,13,73511,76
2026/07/24 16:17:07.456,2026/07/24 16:17:07.443,2026/07/24 16:17:07.469,1,GPU-713d5b24-2a1e-fd4a-7685-c3d195ff9230,86.49,1410,1593,84,45,73511,41
2026/07/24 16:17:07.707,2026/07/24 16:17:07.694,2026/07/24 16:17:07.721,0,GPU-e2681f6e-8d94-2d66-484f-43ea602335f9,430.34,1410,1593,100,16,73511,76
2026/07/24 16:17:07.707,2026/07/24 16:17:07.694,2026/07/24 16:17:07.721,1,GPU-713d5b24-2a1e-fd4a-7685-c3d195ff9230,85.25,1410,1593,0,0,73511,40
2026/07/24 16:17:07.985,2026/07/24 16:17:07.944,2026/07/24 16:17:08.025,0,GPU-e2681f6e-8d94-2d66-484f-43ea602335f9,419.19,1410,1593,100,16,73511,76
2026/07/24 16:17:07.985,2026/07/24 16:17:07.944,2026/07/24 16:17:08.025,1,GPU-713d5b24-2a1e-fd4a-7685-c3d195ff9230,242.58,1410,1593,59,19,73511,44
2026/07/24 16:17:08.209,2026/07/24 16:17:08.194,2026/07/24 16:17:08.223,0,GPU-e2681f6e-8d94-2d66-484f-43ea602335f9,433.37,1410,1593,100,13,73511,76
2026/07/24 16:17:08.209,2026/07/24 16:17:08.194,2026/07/24 16:17:08.223,1,GPU-713d5b24-2a1e-fd4a-7685-c3d195ff9230,93.69,1410,1593,52,27,73511,41
2026/07/24 16:17:08.458,2026/07/24 16:17:08.444,2026/07/24 16:17:08.471,0,GPU-e2681f6e-8d94-2d66-484f-43ea602335f9,419.79,1410,1593,100,17,73511,76
2026/07/24 16:17:08.458,2026/07/24 16:17:08.444,2026/07/24 16:17:08.471,1,GPU-713d5b24-2a1e-fd4a-7685-c3d195ff9230,248.32,1410,1593,75,28,73511,44
2026/07/24 16:17:08.708,2026/07/24 16:17:08.694,2026/07/24 16:17:08.721,0,GPU-e2681f6e-8d94-2d66-484f-43ea602335f9,421.89,1410,1593,100,13,73511,76
2026/07/24 16:17:08.708,2026/07/24 16:17:08.694,2026/07/24 16:17:08.721,1,GPU-713d5b24-2a1e-fd4a-7685-c3d195ff9230,85.84,1410,1593,68,36,73511,40
2026/07/24 16:17:08.959,2026/07/24 16:17:08.944,2026/07/24 16:17:08.973,0,GPU-e2681f6e-8d94-2d66-484f-43ea602335f9,420.97,1410,1593,100,16,73511,76
2026/07/24 16:17:08.959,2026/07/24 16:17:08.944,2026/07/24 16:17:08.973,1,GPU-713d5b24-2a1e-fd4a-7685-c3d195ff9230,247.40,1410,1593,0,0,73511,42
2026/07/24 16:17:09.207,2026/07/24 16:17:09.194,2026/07/24 16:17:09.221,0,GPU-e2681f6e-8d94-2d66-484f-43ea602335f9,425.79,1410,1593,100,16,73511,76
2026/07/24 16:17:09.207,2026/07/24 16:17:09.194,2026/07/24 16:17:09.221,1,GPU-713d5b24-2a1e-fd4a-7685-c3d195ff9230,96.72,1410,1593,60,31,73511,41
2026/07/24 16:17:09.459,2026/07/24 16:17:09.444,2026/07/24 16:17:09.474,0,GPU-e2681f6e-8d94-2d66-484f-43ea602335f9,420.70,1410,1593,100,13,73511,76
2026/07/24 16:17:09.459,2026/07/24 16:17:09.444,2026/07/24 16:17:09.474,1,GPU-713d5b24-2a1e-fd4a-7685-c3d195ff9230,99.43,1410,1593,0,0,73511,40
2026/07/24 16:17:09.707,2026/07/24 16:17:09.694,2026/07/24 16:17:09.720,0,GPU-e2681f6e-8d94-2d66-484f-43ea602335f9,419.79,1410,1593,100,16,73511,76
2026/07/24 16:17:09.707,2026/07/24 16:17:09.694,2026/07/24 16:17:09.720,1,GPU-713d5b24-2a1e-fd4a-7685-c3d195ff9230,241.40,1410,1593,90,35,73511,43
2026/07/24 16:17:09.957,2026/07/24 16:17:09.944,2026/07/24 16:17:09.970,0,GPU-e2681f6e-8d94-2d66-484f-43ea602335f9,415.29,1410,1593,100,13,73511,76
2026/07/24 16:17:09.957,2026/07/24 16:17:09.944,2026/07/24 16:17:09.970,1,GPU-713d5b24-2a1e-fd4a-7685-c3d195ff9230,85.25,1410,1593,67,35,73511,40
2026/07/24 16:17:10.210,2026/07/24 16:17:10.194,2026/07/24 16:17:10.225,0,GPU-e2681f6e-8d94-2d66-484f-43ea602335f9,445.71,1410,1593,100,13,73511,76
2026/07/24 16:17:10.210,2026/07/24 16:17:10.194,2026/07/24 16:17:10.225,1,GPU-713d5b24-2a1e-fd4a-7685-c3d195ff9230,84.97,1410,1593,22,0,73511,40
2026/07/24 16:17:10.458,2026/07/24 16:17:10.445,2026/07/24 16:17:10.472,0,GPU-e2681f6e-8d94-2d66-484f-43ea602335f9,424.33,1410,1593,100,17,73511,76
2026/07/24 16:17:10.458,2026/07/24 16:17:10.445,2026/07/24 16:17:10.472,1,GPU-713d5b24-2a1e-fd4a-7685-c3d195ff9230,245.62,1410,1593,97,49,73511,43
2026/07/24 16:17:10.708,2026/07/24 16:17:10.695,2026/07/24 16:17:10.721,0,GPU-e2681f6e-8d94-2d66-484f-43ea602335f9,421.30,1410,1593,100,12,73511,76
2026/07/24 16:17:10.708,2026/07/24 16:17:10.695,2026/07/24 16:17:10.721,1,GPU-713d5b24-2a1e-fd4a-7685-c3d195ff9230,85.57,1410,1593,62,32,73511,40
2026/07/24 16:17:10.958,2026/07/24 16:17:10.945,2026/07/24 16:17:10.972,0,GPU-e2681f6e-8d94-2d66-484f-43ea602335f9,433.51,1410,1593,100,16,73511,76
2026/07/24 16:17:10.958,2026/07/24 16:17:10.945,2026/07/24 16:17:10.972,1,GPU-713d5b24-2a1e-fd4a-7685-c3d195ff9230,84.97,1410,1593,0,0,73511,41
2026/07/24 16:17:11.208,2026/07/24 16:17:11.195,2026/07/24 16:17:11.221,0,GPU-e2681f6e-8d94-2d66-484f-43ea602335f9,427.63,1410,1593,100,16,73511,76
2026/07/24 16:17:11.208,2026/07/24 16:17:11.195,2026/07/24 16:17:11.221,1,GPU-713d5b24-2a1e-fd4a-7685-c3d195ff9230,243.77,1410,1593,100,52,73511,43
2026/07/24 16:17:11.458,2026/07/24 16:17:11.445,2026/07/24 16:17:11.471,0,GPU-e2681f6e-8d94-2d66-484f-43ea602335f9,431.53,1410,1593,100,17,73511,76
2026/07/24 16:17:11.458,2026/07/24 16:17:11.445,2026/07/24 16:17:11.471,1,GPU-713d5b24-2a1e-fd4a-7685-c3d195ff9230,85.57,1410,1593,12,6,73511,42
2026/07/24 16:17:11.708,2026/07/24 16:17:11.695,2026/07/24 16:17:11.720,0,GPU-e2681f6e-8d94-2d66-484f-43ea602335f9,425.79,1410,1593,100,15,73511,76
2026/07/24 16:17:11.708,2026/07/24 16:17:11.695,2026/07/24 16:17:11.720,1,GPU-713d5b24-2a1e-fd4a-7685-c3d195ff9230,245.62,1410,1593,96,40,73511,44
2026/07/24 16:17:11.959,2026/07/24 16:17:11.945,2026/07/24 16:17:11.973,0,GPU-e2681f6e-8d94-2d66-484f-43ea602335f9,439.38,1410,1593,100,14,73511,76
2026/07/24 16:17:11.959,2026/07/24 16:17:11.945,2026/07/24 16:17:11.973,1,GPU-713d5b24-2a1e-fd4a-7685-c3d195ff9230,84.97,1410,1593,57,30,73511,40
2026/07/24 16:17:12.210,2026/07/24 16:17:12.195,2026/07/24 16:17:12.225,0,GPU-e2681f6e-8d94-2d66-484f-43ea602335f9,429.74,1410,1593,100,18,73511,76
2026/07/24 16:17:12.210,2026/07/24 16:17:12.195,2026/07/24 16:17:12.225,1,GPU-713d5b24-2a1e-fd4a-7685-c3d195ff9230,238.96,1410,1593,20,0,73511,43
2026/07/24 16:17:12.459,2026/07/24 16:17:12.445,2026/07/24 16:17:12.472,0,GPU-e2681f6e-8d94-2d66-484f-43ea602335f9,413.45,1410,1593,100,14,73511,76
2026/07/24 16:17:12.459,2026/07/24 16:17:12.445,2026/07/24 16:17:12.472,1,GPU-713d5b24-2a1e-fd4a-7685-c3d195ff9230,248.59,1410,1593,87,46,73511,41
2026/07/24 16:17:12.711,2026/07/24 16:17:12.695,2026/07/24 16:17:12.726,0,GPU-e2681f6e-8d94-2d66-484f-43ea602335f9,428.55,1410,1593,100,16,73511,76
2026/07/24 16:17:12.711,2026/07/24 16:17:12.695,2026/07/24 16:17:12.726,1,GPU-713d5b24-2a1e-fd4a-7685-c3d195ff9230,85.57,1410,1593,9,0,73511,42
2026/07/24 16:17:12.960,2026/07/24 16:17:12.946,2026/07/24 16:17:12.975,0,GPU-e2681f6e-8d94-2d66-484f-43ea602335f9,413.18,1410,1593,100,15,73511,76
2026/07/24 16:17:12.960,2026/07/24 16:17:12.946,2026/07/24 16:17:12.975,1,GPU-713d5b24-2a1e-fd4a-7685-c3d195ff9230,103.97,1410,1593,97,43,73511,44
2026/07/24 16:17:13.210,2026/07/24 16:17:13.196,2026/07/24 16:17:13.224,0,GPU-e2681f6e-8d94-2d66-484f-43ea602335f9,451.12,1410,1593,100,13,73511,76
2026/07/24 16:17:13.210,2026/07/24 16:17:13.196,2026/07/24 16:17:13.224,1,GPU-713d5b24-2a1e-fd4a-7685-c3d195ff9230,89.79,1410,1593,63,33,73511,41
2026/07/24 16:17:13.483,2026/07/24 16:17:13.446,2026/07/24 16:17:13.521,0,GPU-e2681f6e-8d94-2d66-484f-43ea602335f9,426.71,1410,1593,100,15,73511,76
2026/07/24 16:17:13.483,2026/07/24 16:17:13.446,2026/07/24 16:17:13.521,1,GPU-713d5b24-2a1e-fd4a-7685-c3d195ff9230,170.27,1410,1593,100,52,73511,42
2026/07/24 16:17:13.710,2026/07/24 16:17:13.696,2026/07/24 16:17:13.724,0,GPU-e2681f6e-8d94-2d66-484f-43ea602335f9,436.67,1410,1593,100,15,73511,76
2026/07/24 16:17:13.710,2026/07/24 16:17:13.696,2026/07/24 16:17:13.724,1,GPU-713d5b24-2a1e-fd4a-7685-c3d195ff9230,88.87,1410,1593,23,12,73511,40
2026/07/24 16:17:13.960,2026/07/24 16:17:13.946,2026/07/24 16:17:13.975,0,GPU-e2681f6e-8d94-2d66-484f-43ea602335f9,427.63,1410,1593,100,17,73511,76
2026/07/24 16:17:13.960,2026/07/24 16:17:13.946,2026/07/24 16:17:13.975,1,GPU-713d5b24-2a1e-fd4a-7685-c3d195ff9230,243.77,1410,1593,59,21,73511,44
2026/07/24 16:17:14.211,2026/07/24 16:17:14.196,2026/07/24 16:17:14.225,0,GPU-e2681f6e-8d94-2d66-484f-43ea602335f9,424.60,1410,1593,100,16,73511,76
2026/07/24 16:17:14.211,2026/07/24 16:17:14.196,2026/07/24 16:17:14.225,1,GPU-713d5b24-2a1e-fd4a-7685-c3d195ff9230,242.58,1410,1593,72,30,73511,44
2026/07/24 16:17:14.459,2026/07/24 16:17:14.446,2026/07/24 16:17:14.472,0,GPU-e2681f6e-8d94-2d66-484f-43ea602335f9,425.20,1410,1593,100,17,73511,76
2026/07/24 16:17:14.459,2026/07/24 16:17:14.446,2026/07/24 16:17:14.472,1,GPU-713d5b24-2a1e-fd4a-7685-c3d195ff9230,245.29,1410,1593,100,53,73511,44
2026/07/24 16:17:14.710,2026/07/24 16:17:14.696,2026/07/24 16:17:14.723,0,GPU-e2681f6e-8d94-2d66-484f-43ea602335f9,436.67,1410,1593,100,14,73511,76
2026/07/24 16:17:14.710,2026/07/24 16:17:14.696,2026/07/24 16:17:14.723,1,GPU-713d5b24-2a1e-fd4a-7685-c3d195ff9230,99.43,1410,1593,21,11,73511,40
2026/07/24 16:17:14.960,2026/07/24 16:17:14.946,2026/07/24 16:17:14.975,0,GPU-e2681f6e-8d94-2d66-484f-43ea602335f9,427.31,1410,1593,100,16,73511,76
2026/07/24 16:17:14.960,2026/07/24 16:17:14.946,2026/07/24 16:17:14.975,1,GPU-713d5b24-2a1e-fd4a-7685-c3d195ff9230,247.40,1410,1593,87,36,73511,43
2026/07/24 16:17:15.212,2026/07/24 16:17:15.196,2026/07/24 16:17:15.227,0,GPU-e2681f6e-8d94-2d66-484f-43ea602335f9,433.78,1410,1593,100,15,73511,76
2026/07/24 16:17:15.212,2026/07/24 16:17:15.196,2026/07/24 16:17:15.227,1,GPU-713d5b24-2a1e-fd4a-7685-c3d195ff9230,94.02,1410,1593,26,4,73511,40
2026/07/24 16:17:15.459,2026/07/24 16:17:15.447,2026/07/24 16:17:15.471,0,GPU-e2681f6e-8d94-2d66-484f-43ea602335f9,419.46,1410,1593,100,14,73511,76
2026/07/24 16:17:15.459,2026/07/24 16:17:15.447,2026/07/24 16:17:15.471,1,GPU-713d5b24-2a1e-fd4a-7685-c3d195ff9230,246.21,1410,1593,100,53,73511,44
2026/07/24 16:17:15.710,2026/07/24 16:17:15.697,2026/07/24 16:17:15.724,0,GPU-e2681f6e-8d94-2d66-484f-43ea602335f9,427.91,1410,1593,100,15,73511,76
2026/07/24 16:17:15.710,2026/07/24 16:17:15.697,2026/07/24 16:17:15.724,1,GPU-713d5b24-2a1e-fd4a-7685-c3d195ff9230,85.84,1410,1593,60,32,73511,41
2026/07/24 16:17:15.960,2026/07/24 16:17:15.947,2026/07/24 16:17:15.973,0,GPU-e2681f6e-8d94-2d66-484f-43ea602335f9,418.60,1410,1593,100,17,73511,76
2026/07/24 16:17:15.960,2026/07/24 16:17:15.947,2026/07/24 16:17:15.973,1,GPU-713d5b24-2a1e-fd4a-7685-c3d195ff9230,242.58,1410,1593,42,12,73511,44
2026/07/24 16:17:16.212,2026/07/24 16:17:16.197,2026/07/24 16:17:16.227,0,GPU-e2681f6e-8d94-2d66-484f-43ea602335f9,415.29,1410,1593,100,13,73511,76
2026/07/24 16:17:16.212,2026/07/24 16:17:16.197,2026/07/24 16:17:16.227,1,GPU-713d5b24-2a1e-fd4a-7685-c3d195ff9230,244.96,1410,1593,100,52,73511,42
2026/07/24 16:17:16.462,2026/07/24 16:17:16.447,2026/07/24 16:17:16.477,0,GPU-e2681f6e-8d94-2d66-484f-43ea602335f9,446.04,1410,1593,100,13,73511,76
2026/07/24 16:17:16.462,2026/07/24 16:17:16.447,2026/07/24 16:17:16.477,1,GPU-713d5b24-2a1e-fd4a-7685-c3d195ff9230,99.75,1410,1593,38,8,73511,41
2026/07/24 16:17:16.711,2026/07/24 16:17:16.697,2026/07/24 16:17:16.724,0,GPU-e2681f6e-8d94-2d66-484f-43ea602335f9,420.27,1410,1593,100,14,73511,76
2026/07/24 16:17:16.711,2026/07/24 16:17:16.697,2026/07/24 16:17:16.724,1,GPU-713d5b24-2a1e-fd4a-7685-c3d195ff9230,242.91,1410,1593,100,52,73511,43
2026/07/24 16:17:16.961,2026/07/24 16:17:16.947,2026/07/24 16:17:16.976,0,GPU-e2681f6e-8d94-2d66-484f-43ea602335f9,447.35,1410,1593,100,16,73511,76
2026/07/24 16:17:16.961,2026/07/24 16:17:16.947,2026/07/24 16:17:16.976,1,GPU-713d5b24-2a1e-fd4a-7685-c3d195ff9230,239.55,1410,1593,31,16,73511,40
2026/07/24 16:17:17.210,2026/07/24 16:17:17.197,2026/07/24 16:17:17.223,0,GPU-e2681f6e-8d94-2d66-484f-43ea602335f9,420.11,1410,1593,100,17,73511,76
2026/07/24 16:17:17.210,2026/07/24 16:17:17.197,2026/07/24 16:17:17.223,1,GPU-713d5b24-2a1e-fd4a-7685-c3d195ff9230,240.15,1410,1593,70,27,73511,44
2026/07/24 16:17:17.459,2026/07/24 16:17:17.447,2026/07/24 16:17:17.470,0,GPU-e2681f6e-8d94-2d66-484f-43ea602335f9,419.46,1410,1593,100,14,73511,76
2026/07/24 16:17:17.459,2026/07/24 16:17:17.447,2026/07/24 16:17:17.470,1,GPU-713d5b24-2a1e-fd4a-7685-c3d195ff9230,85.33,1410,1593,99,52,73511,40
2026/07/24 16:17:17.711,2026/07/24 16:17:17.697,2026/07/24 16:17:17.726,0,GPU-e2681f6e-8d94-2d66-484f-43ea602335f9,425.20,1410,1593,100,18,73511,76
2026/07/24 16:17:17.711,2026/07/24 16:17:17.697,2026/07/24 16:17:17.726,1,GPU-713d5b24-2a1e-fd4a-7685-c3d195ff9230,239.28,1410,1593,18,0,73511,42
2026/07/24 16:17:17.962,2026/07/24 16:17:17.948,2026/07/24 16:17:17.977,0,GPU-e2681f6e-8d94-2d66-484f-43ea602335f9,423.68,1410,1593,100,14,73511,76
2026/07/24 16:17:17.962,2026/07/24 16:17:17.948,2026/07/24 16:17:17.977,1,GPU-713d5b24-2a1e-fd4a-7685-c3d195ff9230,248.91,1410,1593,97,48,73511,44
2026/07/24 16:17:18.213,2026/07/24 16:17:18.198,2026/07/24 16:17:18.228,0,GPU-e2681f6e-8d94-2d66-484f-43ea602335f9,428.97,1410,1593,100,15,73511,76
2026/07/24 16:17:18.213,2026/07/24 16:17:18.198,2026/07/24 16:17:18.228,1,GPU-713d5b24-2a1e-fd4a-7685-c3d195ff9230,99.43,1410,1593,69,36,73511,42
2026/07/24 16:17:18.461,2026/07/24 16:17:18.448,2026/07/24 16:17:18.475,0,GPU-e2681f6e-8d94-2d66-484f-43ea602335f9,424.60,1410,1593,100,17,73511,76
2026/07/24 16:17:18.461,2026/07/24 16:17:18.448,2026/07/24 16:17:18.475,1,GPU-713d5b24-2a1e-fd4a-7685-c3d195ff9230,240.80,1410,1593,100,52,73511,44
2026/07/24 16:17:18.712,2026/07/24 16:17:18.698,2026/07/24 16:17:18.726,0,GPU-e2681f6e-8d94-2d66-484f-43ea602335f9,434.56,1410,1593,100,14,73511,76
2026/07/24 16:17:18.712,2026/07/24 16:17:18.698,2026/07/24 16:17:18.726,1,GPU-713d5b24-2a1e-fd4a-7685-c3d195ff9230,244.96,1410,1593,89,37,73511,43
2026/07/24 16:17:18.961,2026/07/24 16:17:18.948,2026/07/24 16:17:18.974,0,GPU-e2681f6e-8d94-2d66-484f-43ea602335f9,427.04,1410,1593,100,14,73511,76
2026/07/24 16:17:18.961,2026/07/24 16:17:18.948,2026/07/24 16:17:18.974,1,GPU-713d5b24-2a1e-fd4a-7685-c3d195ff9230,99.43,1410,1593,100,53,73511,41
2026/07/24 16:17:19.213,2026/07/24 16:17:19.198,2026/07/24 16:17:19.227,0,GPU-e2681f6e-8d94-2d66-484f-43ea602335f9,420.97,1410,1593,100,12,73511,76
2026/07/24 16:17:19.213,2026/07/24 16:17:19.198,2026/07/24 16:17:19.227,1,GPU-713d5b24-2a1e-fd4a-7685-c3d195ff9230,85.25,1410,1593,12,6,73511,40
2026/07/24 16:17:19.462,2026/07/24 16:17:19.448,2026/07/24 16:17:19.476,0,GPU-e2681f6e-8d94-2d66-484f-43ea602335f9,427.63,1410,1593,100,17,73511,76
2026/07/24 16:17:19.462,2026/07/24 16:17:19.448,2026/07/24 16:17:19.476,1,GPU-713d5b24-2a1e-fd4a-7685-c3d195ff9230,236.84,1410,1593,70,25,73511,43
2026/07/24 16:17:19.711,2026/07/24 16:17:19.698,2026/07/24 16:17:19.724,0,GPU-e2681f6e-8d94-2d66-484f-43ea602335f9,430.93,1410,1593,100,17,73511,76
2026/07/24 16:17:19.711,2026/07/24 16:17:19.698,2026/07/24 16:17:19.724,1,GPU-713d5b24-2a1e-fd4a-7685-c3d195ff9230,94.61,1410,1593,88,46,73511,41
2026/07/24 16:17:19.960,2026/07/24 16:17:19.948,2026/07/24 16:17:19.971,0,GPU-e2681f6e-8d94-2d66-484f-43ea602335f9,424.60,1410,1593,100,16,73511,76
2026/07/24 16:17:19.960,2026/07/24 16:17:19.948,2026/07/24 16:17:19.971,1,GPU-713d5b24-2a1e-fd4a-7685-c3d195ff9230,249.18,1410,1593,74,30,73511,44
2026/07/24 16:17:20.214,2026/07/24 16:17:20.198,2026/07/24 16:17:20.229,0,GPU-e2681f6e-8d94-2d66-484f-43ea602335f9,423.68,1410,1593,100,14,73511,76
2026/07/24 16:17:20.214,2026/07/24 16:17:20.198,2026/07/24 16:17:20.229,1,GPU-713d5b24-2a1e-fd4a-7685-c3d195ff9230,207.29,1410,1593,100,53,73511,41
2026/07/24 16:17:20.464,2026/07/24 16:17:20.449,2026/07/24 16:17:20.479,0,GPU-e2681f6e-8d94-2d66-484f-43ea602335f9,422.82,1410,1593,100,15,73511,76
2026/07/24 16:17:20.464,2026/07/24 16:17:20.449,2026/07/24 16:17:20.479,1,GPU-713d5b24-2a1e-fd4a-7685-c3d195ff9230,243.18,1410,1593,79,30,73511,43
2026/07/24 16:17:20.713,2026/07/24 16:17:20.699,2026/07/24 16:17:20.728,0,GPU-e2681f6e-8d94-2d66-484f-43ea602335f9,416.75,1410,1593,100,15,73511,76
2026/07/24 16:17:20.713,2026/07/24 16:17:20.699,2026/07/24 16:17:20.728,1,GPU-713d5b24-2a1e-fd4a-7685-c3d195ff9230,247.14,1410,1593,94,49,73511,42
2026/07/24 16:17:20.963,2026/07/24 16:17:20.949,2026/07/24 16:17:20.978,0,GPU-e2681f6e-8d94-2d66-484f-43ea602335f9,419.46,1410,1593,100,17,73511,76
2026/07/24 16:17:20.963,2026/07/24 16:17:20.949,2026/07/24 16:17:20.978,1,GPU-713d5b24-2a1e-fd4a-7685-c3d195ff9230,244.96,1410,1593,28,6,73511,43
2026/07/24 16:17:21.212,2026/07/24 16:17:21.199,2026/07/24 16:17:21.225,0,GPU-e2681f6e-8d94-2d66-484f-43ea602335f9,413.45,1410,1593,100,14,73511,76
2026/07/24 16:17:21.212,2026/07/24 16:17:21.199,2026/07/24 16:17:21.225,1,GPU-713d5b24-2a1e-fd4a-7685-c3d195ff9230,246.48,1410,1593,100,53,73511,41
2026/07/24 16:17:21.463,2026/07/24 16:17:21.449,2026/07/24 16:17:21.478,0,GPU-e2681f6e-8d94-2d66-484f-43ea602335f9,428.23,1410,1593,100,15,73511,76
2026/07/24 16:17:21.463,2026/07/24 16:17:21.449,2026/07/24 16:17:21.478,1,GPU-713d5b24-2a1e-fd4a-7685-c3d195ff9230,99.10,1410,1593,30,16,73511,41
2026/07/24 16:17:21.712,2026/07/24 16:17:21.699,2026/07/24 16:17:21.726,0,GPU-e2681f6e-8d94-2d66-484f-43ea602335f9,419.46,1410,1593,100,13,73511,76
2026/07/24 16:17:21.712,2026/07/24 16:17:21.699,2026/07/24 16:17:21.726,1,GPU-713d5b24-2a1e-fd4a-7685-c3d195ff9230,248.65,1410,1593,100,52,73511,42
2026/07/24 16:17:21.964,2026/07/24 16:17:21.949,2026/07/24 16:17:21.979,0,GPU-e2681f6e-8d94-2d66-484f-43ea602335f9,435.16,1410,1593,100,17,73511,76
2026/07/24 16:17:21.964,2026/07/24 16:17:21.949,2026/07/24 16:17:21.979,1,GPU-713d5b24-2a1e-fd4a-7685-c3d195ff9230,85.84,1410,1593,19,10,73511,40
2026/07/24 16:17:22.213,2026/07/24 16:17:22.199,2026/07/24 16:17:22.226,0,GPU-e2681f6e-8d94-2d66-484f-43ea602335f9,433.64,1410,1593,100,15,73511,76
2026/07/24 16:17:22.213,2026/07/24 16:17:22.199,2026/07/24 16:17:22.226,1,GPU-713d5b24-2a1e-fd4a-7685-c3d195ff9230,249.51,1410,1593,67,24,73511,43
2026/07/24 16:17:22.464,2026/07/24 16:17:22.449,2026/07/24 16:17:22.478,0,GPU-e2681f6e-8d94-2d66-484f-43ea602335f9,433.37,1410,1593,100,16,73511,76
2026/07/24 16:17:22.464,2026/07/24 16:17:22.449,2026/07/24 16:17:22.478,1,GPU-713d5b24-2a1e-fd4a-7685-c3d195ff9230,244.96,1410,1593,65,25,73511,43
2026/07/24 16:17:22.713,2026/07/24 16:17:22.699,2026/07/24 16:17:22.726,0,GPU-e2681f6e-8d94-2d66-484f-43ea602335f9,418.16,1410,1593,100,16,73511,76
2026/07/24 16:17:22.713,2026/07/24 16:17:22.699,2026/07/24 16:17:22.726,1,GPU-713d5b24-2a1e-fd4a-7685-c3d195ff9230,90.98,1410,1593,100,53,73511,44
2026/07/24 16:17:22.963,2026/07/24 16:17:22.950,2026/07/24 16:17:22.977,0,GPU-e2681f6e-8d94-2d66-484f-43ea602335f9,444.33,1410,1593,100,15,73511,77
2026/07/24 16:17:22.963,2026/07/24 16:17:22.950,2026/07/24 16:17:22.977,1,GPU-713d5b24-2a1e-fd4a-7685-c3d195ff9230,90.98,1410,1593,5,3,73511,41
2026/07/24 16:17:23.214,2026/07/24 16:17:23.200,2026/07/24 16:17:23.228,0,GPU-e2681f6e-8d94-2d66-484f-43ea602335f9,420.11,1410,1593,100,16,73511,76
2026/07/24 16:17:23.214,2026/07/24 16:17:23.200,2026/07/24 16:17:23.228,1,GPU-713d5b24-2a1e-fd4a-7685-c3d195ff9230,135.91,1410,1593,71,26,73511,44
2026/07/24 16:17:23.463,2026/07/24 16:17:23.450,2026/07/24 16:17:23.476,0,GPU-e2681f6e-8d94-2d66-484f-43ea602335f9,417.24,1410,1593,100,14,73511,76
2026/07/24 16:17:23.463,2026/07/24 16:17:23.450,2026/07/24 16:17:23.476,1,GPU-713d5b24-2a1e-fd4a-7685-c3d195ff9230,85.57,1410,1593,0,0,73511,39
2026/07/24 16:17:23.715,2026/07/24 16:17:23.700,2026/07/24 16:17:23.730,0,GPU-e2681f6e-8d94-2d66-484f-43ea602335f9,433.78,1410,1593,100,13,73511,76
2026/07/24 16:17:23.715,2026/07/24 16:17:23.700,2026/07/24 16:17:23.730,1,GPU-713d5b24-2a1e-fd4a-7685-c3d195ff9230,84.97,1410,1593,5,0,73511,39
2026/07/24 16:17:23.963,2026/07/24 16:17:23.950,2026/07/24 16:17:23.976,0,GPU-e2681f6e-8d94-2d66-484f-43ea602335f9,427.04,1410,1593,100,16,73511,76
2026/07/24 16:17:23.963,2026/07/24 16:17:23.950,2026/07/24 16:17:23.976,1,GPU-713d5b24-2a1e-fd4a-7685-c3d195ff9230,244.96,1410,1593,94,38,73511,43
2026/07/24 16:17:24.214,2026/07/24 16:17:24.200,2026/07/24 16:17:24.228,0,GPU-e2681f6e-8d94-2d66-484f-43ea602335f9,432.72,1410,1593,100,17,73511,76
2026/07/24 16:17:24.214,2026/07/24 16:17:24.200,2026/07/24 16:17:24.228,1,GPU-713d5b24-2a1e-fd4a-7685-c3d195ff9230,244.10,1410,1593,100,46,73511,44
2026/07/24 16:17:24.464,2026/07/24 16:17:24.450,2026/07/24 16:17:24.477,0,GPU-e2681f6e-8d94-2d66-484f-43ea602335f9,418.86,1410,1593,100,15,73511,76
2026/07/24 16:17:24.464,2026/07/24 16:17:24.450,2026/07/24 16:17:24.477,1,GPU-713d5b24-2a1e-fd4a-7685-c3d195ff9230,249.18,1410,1593,85,45,73511,45
2026/07/24 16:17:24.713,2026/07/24 16:17:24.700,2026/07/24 16:17:24.727,0,GPU-e2681f6e-8d94-2d66-484f-43ea602335f9,428.23,1410,1593,100,13,73511,76
2026/07/24 16:17:24.713,2026/07/24 16:17:24.700,2026/07/24 16:17:24.727,1,GPU-713d5b24-2a1e-fd4a-7685-c3d195ff9230,85.84,1410,1593,0,0,73511,40
2026/07/24 16:17:24.965,2026/07/24 16:17:24.950,2026/07/24 16:17:24.980,0,GPU-e2681f6e-8d94-2d66-484f-43ea602335f9,434.83,1410,1593,100,14,73511,76
2026/07/24 16:17:24.965,2026/07/24 16:17:24.950,2026/07/24 16:17:24.980,1,GPU-713d5b24-2a1e-fd4a-7685-c3d195ff9230,242.26,1410,1593,38,7,73511,42
2026/07/24 16:17:25.214,2026/07/24 16:17:25.200,2026/07/24 16:17:25.227,0,GPU-e2681f6e-8d94-2d66-484f-43ea602335f9,418.86,1410,1593,100,14,73511,76
2026/07/24 16:17:25.214,2026/07/24 16:17:25.200,2026/07/24 16:17:25.227,1,GPU-713d5b24-2a1e-fd4a-7685-c3d195ff9230,90.71,1410,1593,100,52,73511,40
2026/07/24 16:17:25.466,2026/07/24 16:17:25.451,2026/07/24 16:17:25.481,0,GPU-e2681f6e-8d94-2d66-484f-43ea602335f9,435.16,1410,1593,100,17,73511,76
2026/07/24 16:17:25.466,2026/07/24 16:17:25.451,2026/07/24 16:17:25.481,1,GPU-713d5b24-2a1e-fd4a-7685-c3d195ff9230,240.80,1410,1593,5,3,73511,42
2026/07/24 16:17:25.714,2026/07/24 16:17:25.701,2026/07/24 16:17:25.727,0,GPU-e2681f6e-8d94-2d66-484f-43ea602335f9,412.53,1410,1593,100,13,73511,76
2026/07/24 16:17:25.714,2026/07/24 16:17:25.701,2026/07/24 16:17:25.727,1,GPU-713d5b24-2a1e-fd4a-7685-c3d195ff9230,241.40,1410,1593,100,52,73511,42
2026/07/24 16:17:25.965,2026/07/24 16:17:25.951,2026/07/24 16:17:25.979,0,GPU-e2681f6e-8d94-2d66-484f-43ea602335f9,429.74,1410,1593,100,17,73511,77
2026/07/24 16:17:25.965,2026/07/24 16:17:25.951,2026/07/24 16:17:25.979,1,GPU-713d5b24-2a1e-fd4a-7685-c3d195ff9230,85.84,1410,1593,11,6,73511,41
2026/07/24 16:17:26.214,2026/07/24 16:17:26.201,2026/07/24 16:17:26.227,0,GPU-e2681f6e-8d94-2d66-484f-43ea602335f9,417.08,1410,1593,100,15,73511,76
2026/07/24 16:17:26.214,2026/07/24 16:17:26.201,2026/07/24 16:17:26.227,1,GPU-713d5b24-2a1e-fd4a-7685-c3d195ff9230,248.91,1410,1593,93,38,73511,44
2026/07/24 16:17:26.465,2026/07/24 16:17:26.451,2026/07/24 16:17:26.479,0,GPU-e2681f6e-8d94-2d66-484f-43ea602335f9,421.57,1410,1593,100,13,73511,76
2026/07/24 16:17:26.465,2026/07/24 16:17:26.451,2026/07/24 16:17:26.479,1,GPU-713d5b24-2a1e-fd4a-7685-c3d195ff9230,85.84,1410,1593,100,52,73511,40
2026/07/24 16:17:26.716,2026/07/24 16:17:26.701,2026/07/24 16:17:26.731,0,GPU-e2681f6e-8d94-2d66-484f-43ea602335f9,434.56,1410,1593,100,15,73511,76
2026/07/24 16:17:26.716,2026/07/24 16:17:26.701,2026/07/24 16:17:26.731,1,GPU-713d5b24-2a1e-fd4a-7685-c3d195ff9230,246.21,1410,1593,3,2,73511,43
2026/07/24 16:17:26.966,2026/07/24 16:17:26.951,2026/07/24 16:17:26.980,0,GPU-e2681f6e-8d94-2d66-484f-43ea602335f9,433.37,1410,1593,100,16,73511,77
2026/07/24 16:17:26.966,2026/07/24 16:17:26.951,2026/07/24 16:17:26.980,1,GPU-713d5b24-2a1e-fd4a-7685-c3d195ff9230,180.51,1410,1593,70,36,73511,43
2026/07/24 16:17:27.218,2026/07/24 16:17:27.201,2026/07/24 16:17:27.235,0,GPU-e2681f6e-8d94-2d66-484f-43ea602335f9,421.89,1410,1593,100,16,73511,76
2026/07/24 16:17:27.218,2026/07/24 16:17:27.201,2026/07/24 16:17:27.235,1,GPU-713d5b24-2a1e-fd4a-7685-c3d195ff9230,91.90,1410,1593,92,41,73511,44
2026/07/24 16:17:27.465,2026/07/24 16:17:27.451,2026/07/24 16:17:27.478,0,GPU-e2681f6e-8d94-2d66-484f-43ea602335f9,437.26,1410,1593,100,16,73511,76
2026/07/24 16:17:27.465,2026/07/24 16:17:27.451,2026/07/24 16:17:27.478,1,GPU-713d5b24-2a1e-fd4a-7685-c3d195ff9230,206.10,1410,1593,46,16,73511,42
2026/07/24 16:17:27.715,2026/07/24 16:17:27.701,2026/07/24 16:17:27.728,0,GPU-e2681f6e-8d94-2d66-484f-43ea602335f9,427.04,1410,1593,100,16,73511,76
2026/07/24 16:17:27.715,2026/07/24 16:17:27.701,2026/07/24 16:17:27.728,1,GPU-713d5b24-2a1e-fd4a-7685-c3d195ff9230,245.29,1410,1593,100,53,73511,44
2026/07/24 16:17:27.965,2026/07/24 16:17:27.952,2026/07/24 16:17:27.978,0,GPU-e2681f6e-8d94-2d66-484f-43ea602335f9,426.44,1410,1593,100,13,73511,76
2026/07/24 16:17:27.965,2026/07/24 16:17:27.952,2026/07/24 16:17:27.978,1,GPU-713d5b24-2a1e-fd4a-7685-c3d195ff9230,85.57,1410,1593,27,14,73511,41
2026/07/24 16:17:28.217,2026/07/24 16:17:28.202,2026/07/24 16:17:28.232,0,GPU-e2681f6e-8d94-2d66-484f-43ea602335f9,427.91,1410,1593,100,17,73511,77
2026/07/24 16:17:28.217,2026/07/24 16:17:28.202,2026/07/24 16:17:28.232,1,GPU-713d5b24-2a1e-fd4a-7685-c3d195ff9230,243.50,1410,1593,43,10,73511,43
2026/07/24 16:17:28.466,2026/07/24 16:17:28.452,2026/07/24 16:17:28.480,0,GPU-e2681f6e-8d94-2d66-484f-43ea602335f9,419.79,1410,1593,100,14,73511,76
2026/07/24 16:17:28.466,2026/07/24 16:17:28.452,2026/07/24 16:17:28.480,1,GPU-713d5b24-2a1e-fd4a-7685-c3d195ff9230,86.17,1410,1593,26,14,73511,41
2026/07/24 16:17:28.715,2026/07/24 16:17:28.702,2026/07/24 16:17:28.729,0,GPU-e2681f6e-8d94-2d66-484f-43ea602335f9,427.31,1410,1593,100,13,73511,76
2026/07/24 16:17:28.715,2026/07/24 16:17:28.702,2026/07/24 16:17:28.729,1,GPU-713d5b24-2a1e-fd4a-7685-c3d195ff9230,197.98,1410,1593,50,15,73511,43
2026/07/24 16:17:28.966,2026/07/24 16:17:28.952,2026/07/24 16:17:28.980,0,GPU-e2681f6e-8d94-2d66-484f-43ea602335f9,420.38,1410,1593,100,18,73511,76
2026/07/24 16:17:28.966,2026/07/24 16:17:28.952,2026/07/24 16:17:28.980,1,GPU-713d5b24-2a1e-fd4a-7685-c3d195ff9230,244.10,1410,1593,100,52,73511,44
2026/07/24 16:17:29.216,2026/07/24 16:17:29.202,2026/07/24 16:17:29.230,0,GPU-e2681f6e-8d94-2d66-484f-43ea602335f9,448.09,1410,1593,100,15,73511,76
2026/07/24 16:17:29.216,2026/07/24 16:17:29.202,2026/07/24 16:17:29.230,1,GPU-713d5b24-2a1e-fd4a-7685-c3d195ff9230,97.32,1410,1593,58,30,73511,43
2026/07/24 16:17:29.469,2026/07/24 16:17:29.452,2026/07/24 16:17:29.485,0,GPU-e2681f6e-8d94-2d66-484f-43ea602335f9,424.92,1410,1593,100,17,73511,76
2026/07/24 16:17:29.469,2026/07/24 16:17:29.452,2026/07/24 16:17:29.485,1,GPU-713d5b24-2a1e-fd4a-7685-c3d195ff9230,247.99,1410,1593,76,30,73511,44
2026/07/24 16:17:29.716,2026/07/24 16:17:29.702,2026/07/24 16:17:29.730,0,GPU-e2681f6e-8d94-2d66-484f-43ea602335f9,420.27,1410,1593,100,13,73511,76
2026/07/24 16:17:29.716,2026/07/24 16:17:29.702,2026/07/24 16:17:29.730,1,GPU-713d5b24-2a1e-fd4a-7685-c3d195ff9230,85.84,1410,1593,1,1,73511,40
2026/07/24 16:17:29.966,2026/07/24 16:17:29.952,2026/07/24 16:17:29.980,0,GPU-e2681f6e-8d94-2d66-484f-43ea602335f9,442.21,1410,1593,100,17,73511,76
2026/07/24 16:17:29.966,2026/07/24 16:17:29.952,2026/07/24 16:17:29.980,1,GPU-713d5b24-2a1e-fd4a-7685-c3d195ff9230,88.27,1410,1593,23,0,73511,41
2026/07/24 16:17:30.216,2026/07/24 16:17:30.202,2026/07/24 16:17:30.229,0,GPU-e2681f6e-8d94-2d66-484f-43ea602335f9,421.57,1410,1593,100,14,73511,76
2026/07/24 16:17:30.216,2026/07/24 16:17:30.202,2026/07/24 16:17:30.229,1,GPU-713d5b24-2a1e-fd4a-7685-c3d195ff9230,242.58,1410,1593,95,49,73511,44
2026/07/24 16:17:30.465,2026/07/24 16:17:30.453,2026/07/24 16:17:30.478,0,GPU-e2681f6e-8d94-2d66-484f-43ea602335f9,430.34,1410,1593,100,13,73511,76
2026/07/24 16:17:30.465,2026/07/24 16:17:30.453,2026/07/24 16:17:30.478,1,GPU-713d5b24-2a1e-fd4a-7685-c3d195ff9230,85.84,1410,1593,60,32,73511,40
2026/07/24 16:17:30.738,2026/07/24 16:17:30.703,2026/07/24 16:17:30.774,0,GPU-e2681f6e-8d94-2d66-484f-43ea602335f9,424.92,1410,1593,100,17,73511,76
2026/07/24 16:17:30.738,2026/07/24 16:17:30.703,2026/07/24 16:17:30.774,1,GPU-713d5b24-2a1e-fd4a-7685-c3d195ff9230,247.72,1410,1593,100,52,73511,42
2026/07/24 16:17:30.966,2026/07/24 16:17:30.953,2026/07/24 16:17:30.979,0,GPU-e2681f6e-8d94-2d66-484f-43ea602335f9,417.83,1410,1593,100,12,73511,76
2026/07/24 16:17:30.966,2026/07/24 16:17:30.953,2026/07/24 16:17:30.979,1,GPU-713d5b24-2a1e-fd4a-7685-c3d195ff9230,85.25,1410,1593,18,10,73511,40
2026/07/24 16:17:31.218,2026/07/24 16:17:31.203,2026/07/24 16:17:31.233,0,GPU-e2681f6e-8d94-2d66-484f-43ea602335f9,433.64,1410,1593,100,17,73511,77
2026/07/24 16:17:31.218,2026/07/24 16:17:31.203,2026/07/24 16:17:31.233,1,GPU-713d5b24-2a1e-fd4a-7685-c3d195ff9230,95.20,1410,1593,0,0,73511,39
2026/07/24 16:17:31.467,2026/07/24 16:17:31.453,2026/07/24 16:17:31.481,0,GPU-e2681f6e-8d94-2d66-484f-43ea602335f9,424.01,1410,1593,100,15,73511,76
2026/07/24 16:17:31.467,2026/07/24 16:17:31.453,2026/07/24 16:17:31.481,1,GPU-713d5b24-2a1e-fd4a-7685-c3d195ff9230,245.29,1410,1593,77,28,73511,44
2026/07/24 16:17:31.717,2026/07/24 16:17:31.703,2026/07/24 16:17:31.730,0,GPU-e2681f6e-8d94-2d66-484f-43ea602335f9,444.79,1410,1593,100,15,73511,77
2026/07/24 16:17:31.717,2026/07/24 16:17:31.703,2026/07/24 16:17:31.730,1,GPU-713d5b24-2a1e-fd4a-7685-c3d195ff9230,236.57,1410,1593,85,35,73511,44
2026/07/24 16:17:31.966,2026/07/24 16:17:31.953,2026/07/24 16:17:31.979,0,GPU-e2681f6e-8d94-2d66-484f-43ea602335f9,440.70,1410,1593,100,15,73511,76
2026/07/24 16:17:31.966,2026/07/24 16:17:31.953,2026/07/24 16:17:31.979,1,GPU-713d5b24-2a1e-fd4a-7685-c3d195ff9230,147.06,1410,1593,100,52,73511,44
2026/07/24 16:17:32.219,2026/07/24 16:17:32.203,2026/07/24 16:17:32.234,0,GPU-e2681f6e-8d94-2d66-484f-43ea602335f9,434.70,1410,1593,100,18,73511,76
2026/07/24 16:17:32.219,2026/07/24 16:17:32.203,2026/07/24 16:17:32.234,1,GPU-713d5b24-2a1e-fd4a-7685-c3d195ff9230,244.69,1410,1593,39,12,73511,43
2026/07/24 16:17:32.468,2026/07/24 16:17:32.453,2026/07/24 16:17:32.482,0,GPU-e2681f6e-8d94-2d66-484f-43ea602335f9,434.56,1410,1593,100,15,73511,76
2026/07/24 16:17:32.468,2026/07/24 16:17:32.453,2026/07/24 16:17:32.482,1,GPU-713d5b24-2a1e-fd4a-7685-c3d195ff9230,249.18,1410,1593,95,50,73511,44
2026/07/24 16:17:32.718,2026/07/24 16:17:32.703,2026/07/24 16:17:32.732,0,GPU-e2681f6e-8d94-2d66-484f-43ea602335f9,433.37,1410,1593,100,17,73511,76
2026/07/24 16:17:32.718,2026/07/24 16:17:32.703,2026/07/24 16:17:32.732,1,GPU-713d5b24-2a1e-fd4a-7685-c3d195ff9230,243.18,1410,1593,97,49,73511,45
2026/07/24 16:17:32.968,2026/07/24 16:17:32.953,2026/07/24 16:17:32.982,0,GPU-e2681f6e-8d94-2d66-484f-43ea602335f9,436.67,1410,1593,100,15,73511,77
2026/07/24 16:17:32.968,2026/07/24 16:17:32.953,2026/07/24 16:17:32.982,1,GPU-713d5b24-2a1e-fd4a-7685-c3d195ff9230,227.81,1410,1593,77,39,73511,43
2026/07/24 16:17:33.217,2026/07/24 16:17:33.204,2026/07/24 16:17:33.230,0,GPU-e2681f6e-8d94-2d66-484f-43ea602335f9,423.68,1410,1593,100,16,73511,76
2026/07/24 16:17:33.217,2026/07/24 16:17:33.204,2026/07/24 16:17:33.230,1,GPU-713d5b24-2a1e-fd4a-7685-c3d195ff9230,244.96,1410,1593,98,45,73511,45
2026/07/24 16:17:33.465,2026/07/24 16:17:33.454,2026/07/24 16:17:33.477,0,GPU-e2681f6e-8d94-2d66-484f-43ea602335f9,427.04,1410,1593,100,13,73511,76
2026/07/24 16:17:33.465,2026/07/24 16:17:33.454,2026/07/24 16:17:33.477,1,GPU-713d5b24-2a1e-fd4a-7685-c3d195ff9230,86.17,1410,1593,64,34,73511,41
2026/07/24 16:17:33.717,2026/07/24 16:17:33.704,2026/07/24 16:17:33.730,0,GPU-e2681f6e-8d94-2d66-484f-43ea602335f9,432.13,1410,1593,100,14,73511,77
2026/07/24 16:17:33.717,2026/07/24 16:17:33.704,2026/07/24 16:17:33.730,1,GPU-713d5b24-2a1e-fd4a-7685-c3d195ff9230,108.79,1410,1593,44,11,73511,40
2026/07/24 16:17:33.968,2026/07/24 16:17:33.954,2026/07/24 16:17:33.983,0,GPU-e2681f6e-8d94-2d66-484f-43ea602335f9,424.33,1410,1593,100,17,73511,76
2026/07/24 16:17:33.968,2026/07/24 16:17:33.954,2026/07/24 16:17:33.983,1,GPU-713d5b24-2a1e-fd4a-7685-c3d195ff9230,241.07,1410,1593,99,52,73511,42
2026/07/24 16:17:34.219,2026/07/24 16:17:34.204,2026/07/24 16:17:34.234,0,GPU-e2681f6e-8d94-2d66-484f-43ea602335f9,435.75,1410,1593,100,18,73511,77
2026/07/24 16:17:34.219,2026/07/24 16:17:34.204,2026/07/24 16:17:34.234,1,GPU-713d5b24-2a1e-fd4a-7685-c3d195ff9230,98.24,1410,1593,0,0,73511,40
2026/07/24 16:17:34.467,2026/07/24 16:17:34.454,2026/07/24 16:17:34.481,0,GPU-e2681f6e-8d94-2d66-484f-43ea602335f9,418.60,1410,1593,100,15,73511,76
2026/07/24 16:17:34.467,2026/07/24 16:17:34.454,2026/07/24 16:17:34.481,1,GPU-713d5b24-2a1e-fd4a-7685-c3d195ff9230,247.40,1410,1593,82,34,73511,43
2026/07/24 16:17:34.717,2026/07/24 16:17:34.704,2026/07/24 16:17:34.731,0,GPU-e2681f6e-8d94-2d66-484f-43ea602335f9,425.08,1410,1593,100,13,73511,76
2026/07/24 16:17:34.717,2026/07/24 16:17:34.704,2026/07/24 16:17:34.731,1,GPU-713d5b24-2a1e-fd4a-7685-c3d195ff9230,85.84,1410,1593,81,43,73511,40
2026/07/24 16:17:34.968,2026/07/24 16:17:34.954,2026/07/24 16:17:34.981,0,GPU-e2681f6e-8d94-2d66-484f-43ea602335f9,433.96,1410,1593,100,16,73511,76
2026/07/24 16:17:34.968,2026/07/24 16:17:34.954,2026/07/24 16:17:34.981,1,GPU-713d5b24-2a1e-fd4a-7685-c3d195ff9230,238.04,1410,1593,79,30,73511,43
2026/07/24 16:17:35.218,2026/07/24 16:17:35.204,2026/07/24 16:17:35.232,0,GPU-e2681f6e-8d94-2d66-484f-43ea602335f9,426.11,1410,1593,100,15,73511,76
2026/07/24 16:17:35.218,2026/07/24 16:17:35.204,2026/07/24 16:17:35.232,1,GPU-713d5b24-2a1e-fd4a-7685-c3d195ff9230,247.40,1410,1593,88,46,73511,41
2026/07/24 16:17:35.469,2026/07/24 16:17:35.454,2026/07/24 16:17:35.484,0,GPU-e2681f6e-8d94-2d66-484f-43ea602335f9,421.57,1410,1593,100,17,73511,76
2026/07/24 16:17:35.469,2026/07/24 16:17:35.454,2026/07/24 16:17:35.484,1,GPU-713d5b24-2a1e-fd4a-7685-c3d195ff9230,247.99,1410,1593,24,3,73511,43
2026/07/24 16:17:35.719,2026/07/24 16:17:35.705,2026/07/24 16:17:35.733,0,GPU-e2681f6e-8d94-2d66-484f-43ea602335f9,422.22,1410,1593,100,14,73511,76
2026/07/24 16:17:35.719,2026/07/24 16:17:35.705,2026/07/24 16:17:35.733,1,GPU-713d5b24-2a1e-fd4a-7685-c3d195ff9230,246.48,1410,1593,100,53,73511,43
2026/07/24 16:17:36.054,2026/07/24 16:17:35.955,2026/07/24 16:17:36.153,0,GPU-e2681f6e-8d94-2d66-484f-43ea602335f9,431.26,1410,1593,100,16,73511,76
2026/07/24 16:17:36.054,2026/07/24 16:17:35.955,2026/07/24 16:17:36.153,1,GPU-713d5b24-2a1e-fd4a-7685-c3d195ff9230,93.09,1410,1593,94,44,73511,41
2026/07/24 16:17:36.217,2026/07/24 16:17:36.205,2026/07/24 16:17:36.230,0,GPU-e2681f6e-8d94-2d66-484f-43ea602335f9,423.57,1410,1593,100,13,73511,76
2026/07/24 16:17:36.217,2026/07/24 16:17:36.205,2026/07/24 16:17:36.230,1,GPU-713d5b24-2a1e-fd4a-7685-c3d195ff9230,86.49,1410,1593,59,31,73511,40
2026/07/24 16:17:36.468,2026/07/24 16:17:36.455,2026/07/24 16:17:36.481,0,GPU-e2681f6e-8d94-2d66-484f-43ea602335f9,435.30,1410,1593,100,14,73511,77
2026/07/24 16:17:36.468,2026/07/24 16:17:36.455,2026/07/24 16:17:36.481,1,GPU-713d5b24-2a1e-fd4a-7685-c3d195ff9230,161.83,1410,1593,0,0,73511,39
2026/07/24 16:17:36.718,2026/07/24 16:17:36.705,2026/07/24 16:17:36.731,0,GPU-e2681f6e-8d94-2d66-484f-43ea602335f9,427.63,1410,1593,100,17,73511,76
2026/07/24 16:17:36.718,2026/07/24 16:17:36.705,2026/07/24 16:17:36.731,1,GPU-713d5b24-2a1e-fd4a-7685-c3d195ff9230,241.66,1410,1593,100,52,73511,44
2026/07/24 16:17:36.970,2026/07/24 16:17:36.955,2026/07/24 16:17:36.985,0,GPU-e2681f6e-8d94-2d66-484f-43ea602335f9,419.94,1410,1593,100,13,73511,76
2026/07/24 16:17:36.970,2026/07/24 16:17:36.955,2026/07/24 16:17:36.985,1,GPU-713d5b24-2a1e-fd4a-7685-c3d195ff9230,92.82,1410,1593,100,52,73511,41
2026/07/24 16:17:37.220,2026/07/24 16:17:37.205,2026/07/24 16:17:37.235,0,GPU-e2681f6e-8d94-2d66-484f-43ea602335f9,429.74,1410,1593,100,14,73511,77
2026/07/24 16:17:37.220,2026/07/24 16:17:37.205,2026/07/24 16:17:37.235,1,GPU-713d5b24-2a1e-fd4a-7685-c3d195ff9230,246.21,1410,1593,53,16,73511,44
2026/07/24 16:17:37.469,2026/07/24 16:17:37.455,2026/07/24 16:17:37.482,0,GPU-e2681f6e-8d94-2d66-484f-43ea602335f9,431.53,1410,1593,100,14,73511,76
2026/07/24 16:17:37.469,2026/07/24 16:17:37.455,2026/07/24 16:17:37.482,1,GPU-713d5b24-2a1e-fd4a-7685-c3d195ff9230,86.76,1410,1593,90,47,73511,40
2026/07/24 16:17:37.718,2026/07/24 16:17:37.705,2026/07/24 16:17:37.732,0,GPU-e2681f6e-8d94-2d66-484f-43ea602335f9,431.26,1410,1593,100,17,73511,76
2026/07/24 16:17:37.718,2026/07/24 16:17:37.705,2026/07/24 16:17:37.732,1,GPU-713d5b24-2a1e-fd4a-7685-c3d195ff9230,246.81,1410,1593,92,39,73511,42
2026/07/24 16:17:38.003,2026/07/24 16:17:37.955,2026/07/24 16:17:38.051,0,GPU-e2681f6e-8d94-2d66-484f-43ea602335f9,402.03,1410,1593,100,13,73511,76
2026/07/24 16:17:38.003,2026/07/24 16:17:37.955,2026/07/24 16:17:38.051,1,GPU-713d5b24-2a1e-fd4a-7685-c3d195ff9230,86.17,1410,1593,79,42,73511,40
2026/07/24 16:17:38.219,2026/07/24 16:17:38.206,2026/07/24 16:17:38.232,0,GPU-e2681f6e-8d94-2d66-484f-43ea602335f9,425.20,1410,1593,100,13,73511,76
2026/07/24 16:17:38.219,2026/07/24 16:17:38.206,2026/07/24 16:17:38.232,1,GPU-713d5b24-2a1e-fd4a-7685-c3d195ff9230,85.57,1410,1593,0,0,73511,40
2026/07/24 16:17:38.470,2026/07/24 16:17:38.456,2026/07/24 16:17:38.484,0,GPU-e2681f6e-8d94-2d66-484f-43ea602335f9,420.38,1410,1593,100,17,73511,76
2026/07/24 16:17:38.470,2026/07/24 16:17:38.456,2026/07/24 16:17:38.484,1,GPU-713d5b24-2a1e-fd4a-7685-c3d195ff9230,240.80,1410,1593,24,0,73511,43
2026/07/24 16:17:38.718,2026/07/24 16:17:38.706,2026/07/24 16:17:38.730,0,GPU-e2681f6e-8d94-2d66-484f-43ea602335f9,416.48,1410,1593,100,14,73511,76
2026/07/24 16:17:38.718,2026/07/24 16:17:38.706,2026/07/24 16:17:38.730,1,GPU-713d5b24-2a1e-fd4a-7685-c3d195ff9230,85.84,1410,1593,96,50,73511,40
2026/07/24 16:17:38.969,2026/07/24 16:17:38.956,2026/07/24 16:17:38.982,0,GPU-e2681f6e-8d94-2d66-484f-43ea602335f9,436.81,1410,1593,100,17,73511,77
2026/07/24 16:17:38.969,2026/07/24 16:17:38.956,2026/07/24 16:17:38.982,1,GPU-713d5b24-2a1e-fd4a-7685-c3d195ff9230,98.51,1410,1593,40,10,73511,42
2026/07/24 16:17:39.220,2026/07/24 16:17:39.206,2026/07/24 16:17:39.235,0,GPU-e2681f6e-8d94-2d66-484f-43ea602335f9,431.26,1410,1593,100,15,73511,77
2026/07/24 16:17:39.220,2026/07/24 16:17:39.206,2026/07/24 16:17:39.235,1,GPU-713d5b24-2a1e-fd4a-7685-c3d195ff9230,237.17,1410,1593,100,52,73511,44
2026/07/24 16:17:39.471,2026/07/24 16:17:39.456,2026/07/24 16:17:39.486,0,GPU-e2681f6e-8d94-2d66-484f-43ea602335f9,428.97,1410,1593,100,17,73511,77
2026/07/24 16:17:39.471,2026/07/24 16:17:39.456,2026/07/24 16:17:39.486,1,GPU-713d5b24-2a1e-fd4a-7685-c3d195ff9230,247.99,1410,1593,82,34,73511,44
2026/07/24 16:17:39.722,2026/07/24 16:17:39.706,2026/07/24 16:17:39.738,0,GPU-e2681f6e-8d94-2d66-484f-43ea602335f9,422.05,1410,1593,100,14,73511,77
2026/07/24 16:17:39.722,2026/07/24 16:17:39.706,2026/07/24 16:17:39.738,1,GPU-713d5b24-2a1e-fd4a-7685-c3d195ff9230,90.71,1410,1593,100,53,73511,41
2026/07/24 16:17:39.971,2026/07/24 16:17:39.956,2026/07/24 16:17:39.985,0,GPU-e2681f6e-8d94-2d66-484f-43ea602335f9,421.57,1410,1593,100,18,73511,76
2026/07/24 16:17:39.971,2026/07/24 16:17:39.956,2026/07/24 16:17:39.985,1,GPU-713d5b24-2a1e-fd4a-7685-c3d195ff9230,181.69,1410,1593,100,53,73511,44
2026/07/24 16:17:40.221,2026/07/24 16:17:40.206,2026/07/24 16:17:40.236,0,GPU-e2681f6e-8d94-2d66-484f-43ea602335f9,439.24,1410,1593,100,13,73511,77
2026/07/24 16:17:40.221,2026/07/24 16:17:40.206,2026/07/24 16:17:40.236,1,GPU-713d5b24-2a1e-fd4a-7685-c3d195ff9230,86.17,1410,1593,26,14,73511,40
2026/07/24 16:17:40.470,2026/07/24 16:17:40.456,2026/07/24 16:17:40.484,0,GPU-e2681f6e-8d94-2d66-484f-43ea602335f9,434.23,1410,1593,100,18,73511,76
2026/07/24 16:17:40.470,2026/07/24 16:17:40.456,2026/07/24 16:17:40.484,1,GPU-713d5b24-2a1e-fd4a-7685-c3d195ff9230,244.69,1410,1593,56,19,73511,43
2026/07/24 16:17:40.718,2026/07/24 16:17:40.707,2026/07/24 16:17:40.730,0,GPU-e2681f6e-8d94-2d66-484f-43ea602335f9,426.11,1410,1593,100,15,73511,76
2026/07/24 16:17:40.718,2026/07/24 16:17:40.707,2026/07/24 16:17:40.730,1,GPU-713d5b24-2a1e-fd4a-7685-c3d195ff9230,207.62,1410,1593,100,52,73511,41
2026/07/24 16:17:40.972,2026/07/24 16:17:40.957,2026/07/24 16:17:40.988,0,GPU-e2681f6e-8d94-2d66-484f-43ea602335f9,449.46,1410,1593,100,14,73511,77
2026/07/24 16:17:40.972,2026/07/24 16:17:40.957,2026/07/24 16:17:40.988,1,GPU-713d5b24-2a1e-fd4a-7685-c3d195ff9230,247.72,1410,1593,75,29,73511,43
2026/07/24 16:17:41.243,2026/07/24 16:17:41.207,2026/07/24 16:17:41.280,0,GPU-e2681f6e-8d94-2d66-484f-43ea602335f9,420.11,1410,1593,100,17,73511,76
2026/07/24 16:17:41.243,2026/07/24 16:17:41.207,2026/07/24 16:17:41.280,1,GPU-713d5b24-2a1e-fd4a-7685-c3d195ff9230,249.18,1410,1593,100,52,73511,42
2026/07/24 16:17:41.471,2026/07/24 16:17:41.457,2026/07/24 16:17:41.484,0,GPU-e2681f6e-8d94-2d66-484f-43ea602335f9,411.51,1410,1593,100,12,73511,76
2026/07/24 16:17:41.471,2026/07/24 16:17:41.457,2026/07/24 16:17:41.484,1,GPU-713d5b24-2a1e-fd4a-7685-c3d195ff9230,85.57,1410,1593,40,21,73511,40
2026/07/24 16:17:41.721,2026/07/24 16:17:41.707,2026/07/24 16:17:41.735,0,GPU-e2681f6e-8d94-2d66-484f-43ea602335f9,431.53,1410,1593,100,16,73511,77
2026/07/24 16:17:41.721,2026/07/24 16:17:41.707,2026/07/24 16:17:41.735,1,GPU-713d5b24-2a1e-fd4a-7685-c3d195ff9230,237.17,1410,1593,6,0,73511,42
2026/07/24 16:17:41.972,2026/07/24 16:17:41.957,2026/07/24 16:17:41.986,0,GPU-e2681f6e-8d94-2d66-484f-43ea602335f9,409.82,1410,1593,100,15,73511,76
2026/07/24 16:17:41.972,2026/07/24 16:17:41.957,2026/07/24 16:17:41.986,1,GPU-713d5b24-2a1e-fd4a-7685-c3d195ff9230,244.96,1410,1593,97,50,73511,42
2026/07/24 16:17:42.222,2026/07/24 16:17:42.207,2026/07/24 16:17:42.236,0,GPU-e2681f6e-8d94-2d66-484f-43ea602335f9,412.10,1410,1593,100,12,73511,76
2026/07/24 16:17:42.222,2026/07/24 16:17:42.207,2026/07/24 16:17:42.236,1,GPU-713d5b24-2a1e-fd4a-7685-c3d195ff9230,85.57,1410,1593,0,0,73511,40
2026/07/24 16:17:42.471,2026/07/24 16:17:42.457,2026/07/24 16:17:42.485,0,GPU-e2681f6e-8d94-2d66-484f-43ea602335f9,435.75,1410,1593,100,17,73511,76
2026/07/24 16:17:42.471,2026/07/24 16:17:42.457,2026/07/24 16:17:42.485,1,GPU-713d5b24-2a1e-fd4a-7685-c3d195ff9230,241.07,1410,1593,33,4,73511,43
2026/07/24 16:17:42.724,2026/07/24 16:17:42.707,2026/07/24 16:17:42.740,0,GPU-e2681f6e-8d94-2d66-484f-43ea602335f9,425.99,1410,1593,100,14,73511,77
2026/07/24 16:17:42.724,2026/07/24 16:17:42.707,2026/07/24 16:17:42.740,1,GPU-713d5b24-2a1e-fd4a-7685-c3d195ff9230,175.69,1410,1593,100,52,73511,41
2026/07/24 16:17:42.972,2026/07/24 16:17:42.958,2026/07/24 16:17:42.987,0,GPU-e2681f6e-8d94-2d66-484f-43ea602335f9,415.89,1410,1593,100,18,73511,76
2026/07/24 16:17:42.972,2026/07/24 16:17:42.958,2026/07/24 16:17:42.987,1,GPU-713d5b24-2a1e-fd4a-7685-c3d195ff9230,248.59,1410,1593,100,53,73511,44
2026/07/24 16:17:43.223,2026/07/24 16:17:43.208,2026/07/24 16:17:43.238,0,GPU-e2681f6e-8d94-2d66-484f-43ea602335f9,422.22,1410,1593,100,15,73511,77
2026/07/24 16:17:43.223,2026/07/24 16:17:43.208,2026/07/24 16:17:43.238,1,GPU-713d5b24-2a1e-fd4a-7685-c3d195ff9230,98.24,1410,1593,63,34,73511,41
2026/07/24 16:17:43.505,2026/07/24 16:17:43.458,2026/07/24 16:17:43.551,0,GPU-e2681f6e-8d94-2d66-484f-43ea602335f9,420.11,1410,1593,100,17,73511,76
2026/07/24 16:17:43.505,2026/07/24 16:17:43.458,2026/07/24 16:17:43.551,1,GPU-713d5b24-2a1e-fd4a-7685-c3d195ff9230,242.26,1410,1593,67,25,73511,44
2026/07/24 16:17:43.719,2026/07/24 16:17:43.708,2026/07/24 16:17:43.731,0,GPU-e2681f6e-8d94-2d66-484f-43ea602335f9,417.08,1410,1593,100,14,73511,76
2026/07/24 16:17:43.719,2026/07/24 16:17:43.708,2026/07/24 16:17:43.731,1,GPU-713d5b24-2a1e-fd4a-7685-c3d195ff9230,129.25,1410,1593,100,53,73511,41
2026/07/24 16:17:43.972,2026/07/24 16:17:43.958,2026/07/24 16:17:43.986,0,GPU-e2681f6e-8d94-2d66-484f-43ea602335f9,438.60,1410,1593,100,14,73511,76
2026/07/24 16:17:43.972,2026/07/24 16:17:43.958,2026/07/24 16:17:43.986,1,GPU-713d5b24-2a1e-fd4a-7685-c3d195ff9230,86.17,1410,1593,21,11,73511,40
2026/07/24 16:17:44.223,2026/07/24 16:17:44.208,2026/07/24 16:17:44.237,0,GPU-e2681f6e-8d94-2d66-484f-43ea602335f9,428.55,1410,1593,100,14,73511,76
2026/07/24 16:17:44.223,2026/07/24 16:17:44.208,2026/07/24 16:17:44.237,1,GPU-713d5b24-2a1e-fd4a-7685-c3d195ff9230,245.62,1410,1593,97,50,73511,42
2026/07/24 16:17:44.474,2026/07/24 16:17:44.458,2026/07/24 16:17:44.489,0,GPU-e2681f6e-8d94-2d66-484f-43ea602335f9,428.82,1410,1593,100,13,73511,76
2026/07/24 16:17:44.474,2026/07/24 16:17:44.458,2026/07/24 16:17:44.489,1,GPU-713d5b24-2a1e-fd4a-7685-c3d195ff9230,85.84,1410,1593,21,11,73511,40
2026/07/24 16:17:44.723,2026/07/24 16:17:44.708,2026/07/24 16:17:44.737,0,GPU-e2681f6e-8d94-2d66-484f-43ea602335f9,427.04,1410,1593,100,17,73511,76
2026/07/24 16:17:44.723,2026/07/24 16:17:44.708,2026/07/24 16:17:44.737,1,GPU-713d5b24-2a1e-fd4a-7685-c3d195ff9230,242.91,1410,1593,22,0,73511,43
2026/07/24 16:17:44.972,2026/07/24 16:17:44.958,2026/07/24 16:17:44.986,0,GPU-e2681f6e-8d94-2d66-484f-43ea602335f9,421.30,1410,1593,100,15,73511,76
2026/07/24 16:17:44.972,2026/07/24 16:17:44.958,2026/07/24 16:17:44.986,1,GPU-713d5b24-2a1e-fd4a-7685-c3d195ff9230,240.80,1410,1593,96,49,73511,44
2026/07/24 16:17:45.223,2026/07/24 16:17:45.208,2026/07/24 16:17:45.238,0,GPU-e2681f6e-8d94-2d66-484f-43ea602335f9,431.08,1410,1593,100,12,73511,76
2026/07/24 16:17:45.223,2026/07/24 16:17:45.208,2026/07/24 16:17:45.238,1,GPU-713d5b24-2a1e-fd4a-7685-c3d195ff9230,85.84,1410,1593,1,1,73511,40
2026/07/24 16:17:45.473,2026/07/24 16:17:45.459,2026/07/24 16:17:45.487,0,GPU-e2681f6e-8d94-2d66-484f-43ea602335f9,430.93,1410,1593,100,16,73511,76
2026/07/24 16:17:45.473,2026/07/24 16:17:45.459,2026/07/24 16:17:45.487,1,GPU-713d5b24-2a1e-fd4a-7685-c3d195ff9230,238.04,1410,1593,63,21,73511,43
2026/07/24 16:17:45.728,2026/07/24 16:17:45.709,2026/07/24 16:17:45.747,0,GPU-e2681f6e-8d94-2d66-484f-43ea602335f9,424.60,1410,1593,100,13,73511,76
2026/07/24 16:17:45.728,2026/07/24 16:17:45.709,2026/07/24 16:17:45.747,1,GPU-713d5b24-2a1e-fd4a-7685-c3d195ff9230,85.84,1410,1593,100,52,73511,41
2026/07/24 16:17:45.974,2026/07/24 16:17:45.959,2026/07/24 16:17:45.990,0,GPU-e2681f6e-8d94-2d66-484f-43ea602335f9,428.70,1410,1593,100,17,73511,76
2026/07/24 16:17:45.974,2026/07/24 16:17:45.959,2026/07/24 16:17:45.990,1,GPU-713d5b24-2a1e-fd4a-7685-c3d195ff9230,241.66,1410,1593,16,8,73511,43
2026/07/24 16:17:46.223,2026/07/24 16:17:46.209,2026/07/24 16:17:46.237,0,GPU-e2681f6e-8d94-2d66-484f-43ea602335f9,417.67,1410,1593,100,15,73511,76
2026/07/24 16:17:46.223,2026/07/24 16:17:46.209,2026/07/24 16:17:46.237,1,GPU-713d5b24-2a1e-fd4a-7685-c3d195ff9230,88.87,1410,1593,80,31,73511,44
2026/07/24 16:17:46.475,2026/07/24 16:17:46.459,2026/07/24 16:17:46.490,0,GPU-e2681f6e-8d94-2d66-484f-43ea602335f9,433.04,1410,1593,100,17,73511,76
2026/07/24 16:17:46.475,2026/07/24 16:17:46.459,2026/07/24 16:17:46.490,1,GPU-713d5b24-2a1e-fd4a-7685-c3d195ff9230,214.55,1410,1593,7,2,73511,42
2026/07/24 16:17:46.760,2026/07/24 16:17:46.709,2026/07/24 16:17:46.812,0,GPU-e2681f6e-8d94-2d66-484f-43ea602335f9,425.79,1410,1593,100,15,73511,76
2026/07/24 16:17:46.760,2026/07/24 16:17:46.709,2026/07/24 16:17:46.812,1,GPU-713d5b24-2a1e-fd4a-7685-c3d195ff9230,131.68,1410,1593,73,38,73511,41
2026/07/24 16:17:46.976,2026/07/24 16:17:46.959,2026/07/24 16:17:46.993,0,GPU-e2681f6e-8d94-2d66-484f-43ea602335f9,437.41,1410,1593,100,15,73511,77
2026/07/24 16:17:46.976,2026/07/24 16:17:46.959,2026/07/24 16:17:46.993,1,GPU-713d5b24-2a1e-fd4a-7685-c3d195ff9230,97.64,1410,1593,28,5,73511,40
2026/07/24 16:17:47.224,2026/07/24 16:17:47.209,2026/07/24 16:17:47.238,0,GPU-e2681f6e-8d94-2d66-484f-43ea602335f9,422.49,1410,1593,100,15,73511,76
2026/07/24 16:17:47.224,2026/07/24 16:17:47.209,2026/07/24 16:17:47.238,1,GPU-713d5b24-2a1e-fd4a-7685-c3d195ff9230,248.33,1410,1593,100,53,73511,44
2026/07/24 16:17:47.476,2026/07/24 16:17:47.459,2026/07/24 16:17:47.494,0,GPU-e2681f6e-8d94-2d66-484f-43ea602335f9,440.30,1410,1593,100,17,73511,76
2026/07/24 16:17:47.476,2026/07/24 16:17:47.459,2026/07/24 16:17:47.494,1,GPU-713d5b24-2a1e-fd4a-7685-c3d195ff9230,246.48,1410,1593,70,28,73511,43
2026/07/24 16:17:47.725,2026/07/24 16:17:47.709,2026/07/24 16:17:47.741,0,GPU-e2681f6e-8d94-2d66-484f-43ea602335f9,430.49,1410,1593,100,14,73511,76
2026/07/24 16:17:47.725,2026/07/24 16:17:47.709,2026/07/24 16:17:47.741,1,GPU-713d5b24-2a1e-fd4a-7685-c3d195ff9230,118.43,1410,1593,100,53,73511,41
2026/07/24 16:17:47.974,2026/07/24 16:17:47.959,2026/07/24 16:17:47.989,0,GPU-e2681f6e-8d94-2d66-484f-43ea602335f9,428.82,1410,1593,100,17,73511,76
2026/07/24 16:17:47.974,2026/07/24 16:17:47.959,2026/07/24 16:17:47.989,1,GPU-713d5b24-2a1e-fd4a-7685-c3d195ff9230,246.21,1410,1593,44,14,73511,44
2026/07/24 16:17:48.225,2026/07/24 16:17:48.210,2026/07/24 16:17:48.241,0,GPU-e2681f6e-8d94-2d66-484f-43ea602335f9,445.38,1410,1593,100,15,73511,77
2026/07/24 16:17:48.225,2026/07/24 16:17:48.210,2026/07/24 16:17:48.241,1,GPU-713d5b24-2a1e-fd4a-7685-c3d195ff9230,98.51,1410,1593,75,32,73511,44
2026/07/24 16:17:48.483,2026/07/24 16:17:48.460,2026/07/24 16:17:48.506,0,GPU-e2681f6e-8d94-2d66-484f-43ea602335f9,417.40,1410,1593,100,15,73511,76
2026/07/24 16:17:48.483,2026/07/24 16:17:48.460,2026/07/24 16:17:48.506,1,GPU-713d5b24-2a1e-fd4a-7685-c3d195ff9230,108.14,1410,1593,100,53,73511,43
2026/07/24 16:17:48.724,2026/07/24 16:17:48.710,2026/07/24 16:17:48.738,0,GPU-e2681f6e-8d94-2d66-484f-43ea602335f9,413.61,1410,1593,100,13,73511,76
2026/07/24 16:17:48.724,2026/07/24 16:17:48.710,2026/07/24 16:17:48.738,1,GPU-713d5b24-2a1e-fd4a-7685-c3d195ff9230,85.57,1410,1593,17,9,73511,40
2026/07/24 16:17:48.976,2026/07/24 16:17:48.960,2026/07/24 16:17:48.991,0,GPU-e2681f6e-8d94-2d66-484f-43ea602335f9,429.74,1410,1593,100,18,73511,76
2026/07/24 16:17:48.976,2026/07/24 16:17:48.960,2026/07/24 16:17:48.991,1,GPU-713d5b24-2a1e-fd4a-7685-c3d195ff9230,99.10,1410,1593,0,0,73511,42
2026/07/24 16:17:49.224,2026/07/24 16:17:49.210,2026/07/24 16:17:49.237,0,GPU-e2681f6e-8d94-2d66-484f-43ea602335f9,418.27,1410,1593,100,15,73511,76
2026/07/24 16:17:49.224,2026/07/24 16:17:49.210,2026/07/24 16:17:49.237,1,GPU-713d5b24-2a1e-fd4a-7685-c3d195ff9230,88.87,1410,1593,100,52,73511,44
2026/07/24 16:17:49.475,2026/07/24 16:17:49.460,2026/07/24 16:17:49.489,0,GPU-e2681f6e-8d94-2d66-484f-43ea602335f9,433.37,1410,1593,100,16,73511,76
2026/07/24 16:17:49.475,2026/07/24 16:17:49.460,2026/07/24 16:17:49.489,1,GPU-713d5b24-2a1e-fd4a-7685-c3d195ff9230,176.28,1410,1593,5,2,73511,42
2026/07/24 16:17:49.725,2026/07/24 16:17:49.710,2026/07/24 16:17:49.739,0,GPU-e2681f6e-8d94-2d66-484f-43ea602335f9,424.01,1410,1593,100,15,73511,76
2026/07/24 16:17:49.725,2026/07/24 16:17:49.710,2026/07/24 16:17:49.739,1,GPU-713d5b24-2a1e-fd4a-7685-c3d195ff9230,246.81,1410,1593,95,39,73511,44
2026/07/24 16:17:49.976,2026/07/24 16:17:49.960,2026/07/24 16:17:49.991,0,GPU-e2681f6e-8d94-2d66-484f-43ea602335f9,445.57,1410,1593,100,15,73511,76
2026/07/24 16:17:49.976,2026/07/24 16:17:49.960,2026/07/24 16:17:49.991,1,GPU-713d5b24-2a1e-fd4a-7685-c3d195ff9230,96.12,1410,1593,42,12,73511,41
2026/07/24 16:17:50.222,2026/07/24 16:17:50.210,2026/07/24 16:17:50.233,0,GPU-e2681f6e-8d94-2d66-484f-43ea602335f9,425.79,1410,1593,100,17,73511,76
2026/07/24 16:17:50.222,2026/07/24 16:17:50.210,2026/07/24 16:17:50.233,1,GPU-713d5b24-2a1e-fd4a-7685-c3d195ff9230,241.41,1410,1593,100,53,73511,44
2026/07/24 16:17:50.475,2026/07/24 16:17:50.460,2026/07/24 16:17:50.489,0,GPU-e2681f6e-8d94-2d66-484f-43ea602335f9,413.78,1410,1593,100,14,73511,76
2026/07/24 16:17:50.475,2026/07/24 16:17:50.460,2026/07/24 16:17:50.489,1,GPU-713d5b24-2a1e-fd4a-7685-c3d195ff9230,85.25,1410,1593,17,9,73511,40
2026/07/24 16:17:50.725,2026/07/24 16:17:50.711,2026/07/24 16:17:50.739,0,GPU-e2681f6e-8d94-2d66-484f-43ea602335f9,429.14,1410,1593,100,16,73511,77
2026/07/24 16:17:50.725,2026/07/24 16:17:50.711,2026/07/24 16:17:50.739,1,GPU-713d5b24-2a1e-fd4a-7685-c3d195ff9230,224.18,1410,1593,10,0,73511,42
2026/07/24 16:17:50.974,2026/07/24 16:17:50.961,2026/07/24 16:17:50.987,0,GPU-e2681f6e-8d94-2d66-484f-43ea602335f9,422.49,1410,1593,100,15,73511,76
2026/07/24 16:17:50.974,2026/07/24 16:17:50.961,2026/07/24 16:17:50.987,1,GPU-713d5b24-2a1e-fd4a-7685-c3d195ff9230,163.29,1410,1593,75,39,73511,44
2026/07/24 16:17:51.225,2026/07/24 16:17:51.211,2026/07/24 16:17:51.240,0,GPU-e2681f6e-8d94-2d66-484f-43ea602335f9,426.11,1410,1593,100,17,73511,76
2026/07/24 16:17:51.225,2026/07/24 16:17:51.211,2026/07/24 16:17:51.240,1,GPU-713d5b24-2a1e-fd4a-7685-c3d195ff9230,243.18,1410,1593,63,25,73511,43
2026/07/24 16:17:51.473,2026/07/24 16:17:51.461,2026/07/24 16:17:51.485,0,GPU-e2681f6e-8d94-2d66-484f-43ea602335f9,427.18,1410,1593,100,16,73511,76
2026/07/24 16:17:51.473,2026/07/24 16:17:51.461,2026/07/24 16:17:51.485,1,GPU-713d5b24-2a1e-fd4a-7685-c3d195ff9230,85.57,1410,1593,67,36,73511,41
2026/07/24 16:17:51.726,2026/07/24 16:17:51.711,2026/07/24 16:17:51.742,0,GPU-e2681f6e-8d94-2d66-484f-43ea602335f9,437.41,1410,1593,100,14,73511,76
2026/07/24 16:17:51.726,2026/07/24 16:17:51.711,2026/07/24 16:17:51.742,1,GPU-713d5b24-2a1e-fd4a-7685-c3d195ff9230,84.97,1410,1593,0,0,73511,40
2026/07/24 16:17:51.998,2026/07/24 16:17:51.961,2026/07/24 16:17:52.035,0,GPU-e2681f6e-8d94-2d66-484f-43ea602335f9,427.63,1410,1593,100,17,73511,76
2026/07/24 16:17:51.998,2026/07/24 16:17:51.961,2026/07/24 16:17:52.035,1,GPU-713d5b24-2a1e-fd4a-7685-c3d195ff9230,238.96,1410,1593,83,43,73511,41
2026/07/24 16:17:52.228,2026/07/24 16:17:52.211,2026/07/24 16:17:52.245,0,GPU-e2681f6e-8d94-2d66-484f-43ea602335f9,423.41,1410,1593,100,14,73511,77
2026/07/24 16:17:52.228,2026/07/24 16:17:52.211,2026/07/24 16:17:52.245,1,GPU-713d5b24-2a1e-fd4a-7685-c3d195ff9230,85.25,1410,1593,0,0,73511,39
2026/07/24 16:17:52.475,2026/07/24 16:17:52.461,2026/07/24 16:17:52.488,0,GPU-e2681f6e-8d94-2d66-484f-43ea602335f9,431.26,1410,1593,100,16,73511,76
2026/07/24 16:17:52.475,2026/07/24 16:17:52.461,2026/07/24 16:17:52.488,1,GPU-713d5b24-2a1e-fd4a-7685-c3d195ff9230,241.66,1410,1593,91,38,73511,43
2026/07/24 16:17:52.726,2026/07/24 16:17:52.711,2026/07/24 16:17:52.740,0,GPU-e2681f6e-8d94-2d66-484f-43ea602335f9,446.90,1410,1593,100,16,73511,77
2026/07/24 16:17:52.726,2026/07/24 16:17:52.711,2026/07/24 16:17:52.740,1,GPU-713d5b24-2a1e-fd4a-7685-c3d195ff9230,172.66,1410,1593,100,52,73511,43
2026/07/24 16:17:52.975,2026/07/24 16:17:52.961,2026/07/24 16:17:52.988,0,GPU-e2681f6e-8d94-2d66-484f-43ea602335f9,426.86,1410,1593,100,17,73511,77
2026/07/24 16:17:52.975,2026/07/24 16:17:52.961,2026/07/24 16:17:52.988,1,GPU-713d5b24-2a1e-fd4a-7685-c3d195ff9230,247.72,1410,1593,100,45,73511,45
2026/07/24 16:17:53.226,2026/07/24 16:17:53.212,2026/07/24 16:17:53.240,0,GPU-e2681f6e-8d94-2d66-484f-43ea602335f9,422.65,1410,1593,100,13,73511,76
2026/07/24 16:17:53.226,2026/07/24 16:17:53.212,2026/07/24 16:17:53.240,1,GPU-713d5b24-2a1e-fd4a-7685-c3d195ff9230,85.57,1410,1593,94,50,73511,41
2026/07/24 16:17:53.475,2026/07/24 16:17:53.462,2026/07/24 16:17:53.489,0,GPU-e2681f6e-8d94-2d66-484f-43ea602335f9,442.67,1410,1593,100,17,73511,76
2026/07/24 16:17:53.475,2026/07/24 16:17:53.462,2026/07/24 16:17:53.489,1,GPU-713d5b24-2a1e-fd4a-7685-c3d195ff9230,95.80,1410,1593,26,1,73511,42
2026/07/24 16:17:53.725,2026/07/24 16:17:53.712,2026/07/24 16:17:53.738,0,GPU-e2681f6e-8d94-2d66-484f-43ea602335f9,421.57,1410,1593,100,14,73511,76
2026/07/24 16:17:53.725,2026/07/24 16:17:53.712,2026/07/24 16:17:53.738,1,GPU-713d5b24-2a1e-fd4a-7685-c3d195ff9230,242.26,1410,1593,100,52,73511,44
2026/07/24 16:17:53.976,2026/07/24 16:17:53.962,2026/07/24 16:17:53.990,0,GPU-e2681f6e-8d94-2d66-484f-43ea602335f9,430.22,1410,1593,100,14,73511,77
2026/07/24 16:17:53.976,2026/07/24 16:17:53.962,2026/07/24 16:17:53.990,1,GPU-713d5b24-2a1e-fd4a-7685-c3d195ff9230,85.57,1410,1593,61,32,73511,42
2026/07/24 16:17:54.229,2026/07/24 16:17:54.212,2026/07/24 16:17:54.246,0,GPU-e2681f6e-8d94-2d66-484f-43ea602335f9,424.48,1410,1593,100,17,73511,76
2026/07/24 16:17:54.229,2026/07/24 16:17:54.212,2026/07/24 16:17:54.246,1,GPU-713d5b24-2a1e-fd4a-7685-c3d195ff9230,245.62,1410,1593,51,16,73511,44
2026/07/24 16:17:54.475,2026/07/24 16:17:54.462,2026/07/24 16:17:54.488,0,GPU-e2681f6e-8d94-2d66-484f-43ea602335f9,413.61,1410,1593,100,12,73511,76
2026/07/24 16:17:54.475,2026/07/24 16:17:54.462,2026/07/24 16:17:54.488,1,GPU-713d5b24-2a1e-fd4a-7685-c3d195ff9230,86.17,1410,1593,40,21,73511,41
2026/07/24 16:17:54.727,2026/07/24 16:17:54.712,2026/07/24 16:17:54.742,0,GPU-e2681f6e-8d94-2d66-484f-43ea602335f9,432.45,1410,1593,100,17,73511,77
2026/07/24 16:17:54.727,2026/07/24 16:17:54.712,2026/07/24 16:17:54.742,1,GPU-713d5b24-2a1e-fd4a-7685-c3d195ff9230,85.25,1410,1593,0,0,73511,39
2026/07/24 16:17:54.976,2026/07/24 16:17:54.962,2026/07/24 16:17:54.991,0,GPU-e2681f6e-8d94-2d66-484f-43ea602335f9,438.79,1410,1593,100,15,73511,76
2026/07/24 16:17:54.976,2026/07/24 16:17:54.962,2026/07/24 16:17:54.991,1,GPU-713d5b24-2a1e-fd4a-7685-c3d195ff9230,247.08,1410,1593,77,28,73511,43
2026/07/24 16:17:55.226,2026/07/24 16:17:55.212,2026/07/24 16:17:55.240,0,GPU-e2681f6e-8d94-2d66-484f-43ea602335f9,433.37,1410,1593,100,17,73511,77
2026/07/24 16:17:55.226,2026/07/24 16:17:55.212,2026/07/24 16:17:55.240,1,GPU-713d5b24-2a1e-fd4a-7685-c3d195ff9230,242.91,1410,1593,93,41,73511,44
2026/07/24 16:17:55.476,2026/07/24 16:17:55.462,2026/07/24 16:17:55.489,0,GPU-e2681f6e-8d94-2d66-484f-43ea602335f9,424.01,1410,1593,100,16,73511,76
2026/07/24 16:17:55.476,2026/07/24 16:17:55.462,2026/07/24 16:17:55.489,1,GPU-713d5b24-2a1e-fd4a-7685-c3d195ff9230,85.84,1410,1593,93,41,73511,41
2026/07/24 16:17:55.727,2026/07/24 16:17:55.713,2026/07/24 16:17:55.742,0,GPU-e2681f6e-8d94-2d66-484f-43ea602335f9,441.95,1410,1593,100,15,73511,76
2026/07/24 16:17:55.727,2026/07/24 16:17:55.713,2026/07/24 16:17:55.742,1,GPU-713d5b24-2a1e-fd4a-7685-c3d195ff9230,99.43,1410,1593,0,0,73511,42
2026/07/24 16:17:55.978,2026/07/24 16:17:55.963,2026/07/24 16:17:55.993,0,GPU-e2681f6e-8d94-2d66-484f-43ea602335f9,421.30,1410,1593,100,17,73511,76
2026/07/24 16:17:55.978,2026/07/24 16:17:55.963,2026/07/24 16:17:55.993,1,GPU-713d5b24-2a1e-fd4a-7685-c3d195ff9230,239.55,1410,1593,89,35,73511,44
2026/07/24 16:17:56.228,2026/07/24 16:17:56.213,2026/07/24 16:17:56.243,0,GPU-e2681f6e-8d94-2d66-484f-43ea602335f9,441.03,1410,1593,100,15,73511,77
2026/07/24 16:17:56.228,2026/07/24 16:17:56.213,2026/07/24 16:17:56.243,1,GPU-713d5b24-2a1e-fd4a-7685-c3d195ff9230,98.51,1410,1593,50,17,73511,42
2026/07/24 16:17:56.478,2026/07/24 16:17:56.463,2026/07/24 16:17:56.492,0,GPU-e2681f6e-8d94-2d66-484f-43ea602335f9,427.91,1410,1593,100,17,73511,76
2026/07/24 16:17:56.478,2026/07/24 16:17:56.463,2026/07/24 16:17:56.492,1,GPU-713d5b24-2a1e-fd4a-7685-c3d195ff9230,242.91,1410,1593,100,53,73511,44
2026/07/24 16:17:56.726,2026/07/24 16:17:56.713,2026/07/24 16:17:56.739,0,GPU-e2681f6e-8d94-2d66-484f-43ea602335f9,415.73,1410,1593,100,12,73511,76
2026/07/24 16:17:56.726,2026/07/24 16:17:56.713,2026/07/24 16:17:56.739,1,GPU-713d5b24-2a1e-fd4a-7685-c3d195ff9230,85.25,1410,1593,20,11,73511,40
2026/07/24 16:17:56.982,2026/07/24 16:17:56.963,2026/07/24 16:17:57.001,0,GPU-e2681f6e-8d94-2d66-484f-43ea602335f9,435.16,1410,1593,100,17,73511,76
2026/07/24 16:17:56.982,2026/07/24 16:17:56.963,2026/07/24 16:17:57.001,1,GPU-713d5b24-2a1e-fd4a-7685-c3d195ff9230,239.28,1410,1593,25,1,73511,43
2026/07/24 16:17:57.227,2026/07/24 16:17:57.213,2026/07/24 16:17:57.242,0,GPU-e2681f6e-8d94-2d66-484f-43ea602335f9,425.79,1410,1593,100,15,73511,76
2026/07/24 16:17:57.227,2026/07/24 16:17:57.213,2026/07/24 16:17:57.242,1,GPU-713d5b24-2a1e-fd4a-7685-c3d195ff9230,241.07,1410,1593,100,52,73511,44
2026/07/24 16:17:57.477,2026/07/24 16:17:57.463,2026/07/24 16:17:57.491,0,GPU-e2681f6e-8d94-2d66-484f-43ea602335f9,411.94,1410,1593,100,12,73511,76
2026/07/24 16:17:57.477,2026/07/24 16:17:57.463,2026/07/24 16:17:57.491,1,GPU-713d5b24-2a1e-fd4a-7685-c3d195ff9230,85.25,1410,1593,0,0,73511,40
2026/07/24 16:17:57.729,2026/07/24 16:17:57.713,2026/07/24 16:17:57.744,0,GPU-e2681f6e-8d94-2d66-484f-43ea602335f9,434.38,1410,1593,100,18,73511,76
2026/07/24 16:17:57.729,2026/07/24 16:17:57.713,2026/07/24 16:17:57.744,1,GPU-713d5b24-2a1e-fd4a-7685-c3d195ff9230,240.47,1410,1593,52,14,73511,43
2026/07/24 16:17:57.977,2026/07/24 16:17:57.963,2026/07/24 16:17:57.991,0,GPU-e2681f6e-8d94-2d66-484f-43ea602335f9,412.85,1410,1593,100,14,73511,76
2026/07/24 16:17:57.977,2026/07/24 16:17:57.963,2026/07/24 16:17:57.991,1,GPU-713d5b24-2a1e-fd4a-7685-c3d195ff9230,243.50,1410,1593,100,52,73511,42
2026/07/24 16:17:58.228,2026/07/24 16:17:58.213,2026/07/24 16:17:58.242,0,GPU-e2681f6e-8d94-2d66-484f-43ea602335f9,407.62,1410,1593,100,12,73511,76
2026/07/24 16:17:58.228,2026/07/24 16:17:58.213,2026/07/24 16:17:58.242,1,GPU-713d5b24-2a1e-fd4a-7685-c3d195ff9230,85.57,1410,1593,53,27,73511,40
2026/07/24 16:17:58.479,2026/07/24 16:17:58.464,2026/07/24 16:17:58.494,0,GPU-e2681f6e-8d94-2d66-484f-43ea602335f9,427.04,1410,1593,100,16,73511,76
2026/07/24 16:17:58.479,2026/07/24 16:17:58.464,2026/07/24 16:17:58.494,1,GPU-713d5b24-2a1e-fd4a-7685-c3d195ff9230,241.99,1410,1593,86,32,73511,42
2026/07/24 16:17:58.728,2026/07/24 16:17:58.714,2026/07/24 16:17:58.742,0,GPU-e2681f6e-8d94-2d66-484f-43ea602335f9,412.53,1410,1593,100,16,73511,77
2026/07/24 16:17:58.728,2026/07/24 16:17:58.714,2026/07/24 16:17:58.742,1,GPU-713d5b24-2a1e-fd4a-7685-c3d195ff9230,242.26,1410,1593,100,52,73511,43
2026/07/24 16:17:58.980,2026/07/24 16:17:58.964,2026/07/24 16:17:58.996,0,GPU-e2681f6e-8d94-2d66-484f-43ea602335f9,413.94,1410,1593,100,17,73511,76
2026/07/24 16:17:58.980,2026/07/24 16:17:58.964,2026/07/24 16:17:58.996,1,GPU-713d5b24-2a1e-fd4a-7685-c3d195ff9230,244.96,1410,1593,52,18,73511,43
2026/07/24 16:17:59.228,2026/07/24 16:17:59.214,2026/07/24 16:17:59.241,0,GPU-e2681f6e-8d94-2d66-484f-43ea602335f9,413.35,1410,1593,100,13,73511,76
2026/07/24 16:17:59.228,2026/07/24 16:17:59.214,2026/07/24 16:17:59.241,1,GPU-713d5b24-2a1e-fd4a-7685-c3d195ff9230,157.88,1410,1593,100,53,73511,40
2026/07/24 16:17:59.480,2026/07/24 16:17:59.464,2026/07/24 16:17:59.495,0,GPU-e2681f6e-8d94-2d66-484f-43ea602335f9,440.70,1410,1593,100,12,73511,77
2026/07/24 16:17:59.480,2026/07/24 16:17:59.464,2026/07/24 16:17:59.495,1,GPU-713d5b24-2a1e-fd4a-7685-c3d195ff9230,229.65,1410,1593,26,14,73511,40
2026/07/24 16:17:59.727,2026/07/24 16:17:59.714,2026/07/24 16:17:59.740,0,GPU-e2681f6e-8d94-2d66-484f-43ea602335f9,425.52,1410,1593,100,15,73511,76
2026/07/24 16:17:59.727,2026/07/24 16:17:59.714,2026/07/24 16:17:59.740,1,GPU-713d5b24-2a1e-fd4a-7685-c3d195ff9230,241.40,1410,1593,93,43,73511,44
2026/07/24 16:17:59.976,2026/07/24 16:17:59.964,2026/07/24 16:17:59.987,0,GPU-e2681f6e-8d94-2d66-484f-43ea602335f9,421.57,1410,1593,100,13,73511,76
2026/07/24 16:17:59.976,2026/07/24 16:17:59.964,2026/07/24 16:17:59.987,1,GPU-713d5b24-2a1e-fd4a-7685-c3d195ff9230,85.66,1410,1593,68,35,73511,40
2026/07/24 16:18:00.229,2026/07/24 16:18:00.214,2026/07/24 16:18:00.243,0,GPU-e2681f6e-8d94-2d66-484f-43ea602335f9,443.73,1410,1593,100,12,73511,76
2026/07/24 16:18:00.229,2026/07/24 16:18:00.214,2026/07/24 16:18:00.243,1,GPU-713d5b24-2a1e-fd4a-7685-c3d195ff9230,99.10,1410,1593,37,6,73511,39
2026/07/24 16:18:00.478,2026/07/24 16:18:00.464,2026/07/24 16:18:00.492,0,GPU-e2681f6e-8d94-2d66-484f-43ea602335f9,429.42,1410,1593,100,18,73511,76
2026/07/24 16:18:00.478,2026/07/24 16:18:00.464,2026/07/24 16:18:00.492,1,GPU-713d5b24-2a1e-fd4a-7685-c3d195ff9230,243.18,1410,1593,100,52,73511,43
2026/07/24 16:18:00.727,2026/07/24 16:18:00.714,2026/07/24 16:18:00.740,0,GPU-e2681f6e-8d94-2d66-484f-43ea602335f9,413.94,1410,1593,100,14,73511,76
2026/07/24 16:18:00.727,2026/07/24 16:18:00.714,2026/07/24 16:18:00.740,1,GPU-713d5b24-2a1e-fd4a-7685-c3d195ff9230,85.25,1410,1593,53,28,73511,41
2026/07/24 16:18:00.978,2026/07/24 16:18:00.965,2026/07/24 16:18:00.992,0,GPU-e2681f6e-8d94-2d66-484f-43ea602335f9,448.27,1410,1593,100,14,73511,76
2026/07/24 16:18:00.978,2026/07/24 16:18:00.965,2026/07/24 16:18:00.992,1,GPU-713d5b24-2a1e-fd4a-7685-c3d195ff9230,89.79,1410,1593,0,0,73511,40
2026/07/24 16:18:01.228,2026/07/24 16:18:01.215,2026/07/24 16:18:01.242,0,GPU-e2681f6e-8d94-2d66-484f-43ea602335f9,421.30,1410,1593,100,17,73511,76
2026/07/24 16:18:01.228,2026/07/24 16:18:01.215,2026/07/24 16:18:01.242,1,GPU-713d5b24-2a1e-fd4a-7685-c3d195ff9230,243.50,1410,1593,69,23,73511,43
2026/07/24 16:18:01.477,2026/07/24 16:18:01.465,2026/07/24 16:18:01.489,0,GPU-e2681f6e-8d94-2d66-484f-43ea602335f9,413.61,1410,1593,100,14,73511,76
2026/07/24 16:18:01.477,2026/07/24 16:18:01.465,2026/07/24 16:18:01.489,1,GPU-713d5b24-2a1e-fd4a-7685-c3d195ff9230,85.57,1410,1593,10,5,73511,40
2026/07/24 16:18:01.731,2026/07/24 16:18:01.715,2026/07/24 16:18:01.746,0,GPU-e2681f6e-8d94-2d66-484f-43ea602335f9,437.14,1410,1593,100,12,73511,76
2026/07/24 16:18:01.731,2026/07/24 16:18:01.715,2026/07/24 16:18:01.746,1,GPU-713d5b24-2a1e-fd4a-7685-c3d195ff9230,134.06,1410,1593,0,0,73511,39
2026/07/24 16:18:01.979,2026/07/24 16:18:01.965,2026/07/24 16:18:01.993,0,GPU-e2681f6e-8d94-2d66-484f-43ea602335f9,419.02,1410,1593,100,16,73511,76
2026/07/24 16:18:01.979,2026/07/24 16:18:01.965,2026/07/24 16:18:01.993,1,GPU-713d5b24-2a1e-fd4a-7685-c3d195ff9230,238.69,1410,1593,96,37,73511,43
2026/07/24 16:18:02.256,2026/07/24 16:18:02.215,2026/07/24 16:18:02.298,0,GPU-e2681f6e-8d94-2d66-484f-43ea602335f9,442.41,1410,1593,100,16,73511,76
2026/07/24 16:18:02.256,2026/07/24 16:18:02.215,2026/07/24 16:18:02.298,1,GPU-713d5b24-2a1e-fd4a-7685-c3d195ff9230,98.83,1410,1593,35,9,73511,40
2026/07/24 16:18:02.478,2026/07/24 16:18:02.465,2026/07/24 16:18:02.491,0,GPU-e2681f6e-8d94-2d66-484f-43ea602335f9,426.71,1410,1593,100,17,73511,76
2026/07/24 16:18:02.478,2026/07/24 16:18:02.465,2026/07/24 16:18:02.491,1,GPU-713d5b24-2a1e-fd4a-7685-c3d195ff9230,244.69,1410,1593,100,53,73511,43
2026/07/24 16:18:02.730,2026/07/24 16:18:02.715,2026/07/24 16:18:02.744,0,GPU-e2681f6e-8d94-2d66-484f-43ea602335f9,450.65,1410,1593,100,18,73511,77
2026/07/24 16:18:02.730,2026/07/24 16:18:02.715,2026/07/24 16:18:02.744,1,GPU-713d5b24-2a1e-fd4a-7685-c3d195ff9230,98.24,1410,1593,73,29,73511,43
2026/07/24 16:18:02.978,2026/07/24 16:18:02.965,2026/07/24 16:18:02.991,0,GPU-e2681f6e-8d94-2d66-484f-43ea602335f9,419.02,1410,1593,100,15,73511,76
2026/07/24 16:18:02.978,2026/07/24 16:18:02.965,2026/07/24 16:18:02.991,1,GPU-713d5b24-2a1e-fd4a-7685-c3d195ff9230,134.99,1410,1593,100,53,73511,43
2026/07/24 16:18:03.230,2026/07/24 16:18:03.215,2026/07/24 16:18:03.245,0,GPU-e2681f6e-8d94-2d66-484f-43ea602335f9,432.27,1410,1593,100,17,73511,77
2026/07/24 16:18:03.230,2026/07/24 16:18:03.215,2026/07/24 16:18:03.245,1,GPU-713d5b24-2a1e-fd4a-7685-c3d195ff9230,93.69,1410,1593,24,13,73511,43
2026/07/24 16:18:03.480,2026/07/24 16:18:03.466,2026/07/24 16:18:03.495,0,GPU-e2681f6e-8d94-2d66-484f-43ea602335f9,418.00,1410,1593,100,15,73511,76
2026/07/24 16:18:03.480,2026/07/24 16:18:03.466,2026/07/24 16:18:03.495,1,GPU-713d5b24-2a1e-fd4a-7685-c3d195ff9230,245.88,1410,1593,73,30,73511,44
2026/07/24 16:18:03.729,2026/07/24 16:18:03.716,2026/07/24 16:18:03.743,0,GPU-e2681f6e-8d94-2d66-484f-43ea602335f9,427.31,1410,1593,100,13,73511,76
2026/07/24 16:18:03.729,2026/07/24 16:18:03.716,2026/07/24 16:18:03.743,1,GPU-713d5b24-2a1e-fd4a-7685-c3d195ff9230,222.67,1410,1593,73,28,73511,44
2026/07/24 16:18:03.978,2026/07/24 16:18:03.966,2026/07/24 16:18:03.989,0,GPU-e2681f6e-8d94-2d66-484f-43ea602335f9,409.55,1410,1593,100,15,73511,76
2026/07/24 16:18:03.978,2026/07/24 16:18:03.966,2026/07/24 16:18:03.989,1,GPU-713d5b24-2a1e-fd4a-7685-c3d195ff9230,248.59,1410,1593,100,53,73511,42
2026/07/24 16:18:04.230,2026/07/24 16:18:04.216,2026/07/24 16:18:04.245,0,GPU-e2681f6e-8d94-2d66-484f-43ea602335f9,419.94,1410,1593,100,13,73511,76
2026/07/24 16:18:04.230,2026/07/24 16:18:04.216,2026/07/24 16:18:04.245,1,GPU-713d5b24-2a1e-fd4a-7685-c3d195ff9230,85.25,1410,1593,22,12,73511,40
2026/07/24 16:18:04.481,2026/07/24 16:18:04.466,2026/07/24 16:18:04.496,0,GPU-e2681f6e-8d94-2d66-484f-43ea602335f9,437.26,1410,1593,100,14,73511,76
2026/07/24 16:18:04.481,2026/07/24 16:18:04.466,2026/07/24 16:18:04.496,1,GPU-713d5b24-2a1e-fd4a-7685-c3d195ff9230,239.87,1410,1593,80,29,73511,42
2026/07/24 16:18:04.731,2026/07/24 16:18:04.716,2026/07/24 16:18:04.747,0,GPU-e2681f6e-8d94-2d66-484f-43ea602335f9,418.27,1410,1593,100,17,73511,76
2026/07/24 16:18:04.731,2026/07/24 16:18:04.716,2026/07/24 16:18:04.747,1,GPU-713d5b24-2a1e-fd4a-7685-c3d195ff9230,122.05,1410,1593,100,52,73511,44
2026/07/24 16:18:04.980,2026/07/24 16:18:04.966,2026/07/24 16:18:04.994,0,GPU-e2681f6e-8d94-2d66-484f-43ea602335f9,427.18,1410,1593,100,14,73511,76
2026/07/24 16:18:04.980,2026/07/24 16:18:04.966,2026/07/24 16:18:04.994,1,GPU-713d5b24-2a1e-fd4a-7685-c3d195ff9230,85.25,1410,1593,22,11,73511,39
2026/07/24 16:18:05.231,2026/07/24 16:18:05.216,2026/07/24 16:18:05.246,0,GPU-e2681f6e-8d94-2d66-484f-43ea602335f9,424.33,1410,1593,100,17,73511,76
2026/07/24 16:18:05.231,2026/07/24 16:18:05.216,2026/07/24 16:18:05.246,1,GPU-713d5b24-2a1e-fd4a-7685-c3d195ff9230,239.55,1410,1593,34,6,73511,43
2026/07/24 16:18:05.480,2026/07/24 16:18:05.466,2026/07/24 16:18:05.493,0,GPU-e2681f6e-8d94-2d66-484f-43ea602335f9,435.62,1410,1593,100,15,73511,77
2026/07/24 16:18:05.480,2026/07/24 16:18:05.466,2026/07/24 16:18:05.493,1,GPU-713d5b24-2a1e-fd4a-7685-c3d195ff9230,162.69,1410,1593,72,29,73511,43
2026/07/24 16:18:05.730,2026/07/24 16:18:05.716,2026/07/24 16:18:05.745,0,GPU-e2681f6e-8d94-2d66-484f-43ea602335f9,415.89,1410,1593,100,17,73511,76
2026/07/24 16:18:05.730,2026/07/24 16:18:05.716,2026/07/24 16:18:05.745,1,GPU-713d5b24-2a1e-fd4a-7685-c3d195ff9230,244.37,1410,1593,100,53,73511,44
2026/07/24 16:18:05.981,2026/07/24 16:18:05.967,2026/07/24 16:18:05.996,0,GPU-e2681f6e-8d94-2d66-484f-43ea602335f9,412.85,1410,1593,100,12,73511,76
2026/07/24 16:18:05.981,2026/07/24 16:18:05.967,2026/07/24 16:18:05.996,1,GPU-713d5b24-2a1e-fd4a-7685-c3d195ff9230,85.25,1410,1593,23,12,73511,40
2026/07/24 16:18:06.231,2026/07/24 16:18:06.217,2026/07/24 16:18:06.246,0,GPU-e2681f6e-8d94-2d66-484f-43ea602335f9,438.92,1410,1593,100,15,73511,76
2026/07/24 16:18:06.231,2026/07/24 16:18:06.217,2026/07/24 16:18:06.246,1,GPU-713d5b24-2a1e-fd4a-7685-c3d195ff9230,84.97,1410,1593,0,0,73511,41
2026/07/24 16:18:06.481,2026/07/24 16:18:06.467,2026/07/24 16:18:06.496,0,GPU-e2681f6e-8d94-2d66-484f-43ea602335f9,435.48,1410,1593,100,16,73511,76
2026/07/24 16:18:06.481,2026/07/24 16:18:06.467,2026/07/24 16:18:06.496,1,GPU-713d5b24-2a1e-fd4a-7685-c3d195ff9230,242.91,1410,1593,100,52,73511,43
2026/07/24 16:18:06.731,2026/07/24 16:18:06.717,2026/07/24 16:18:06.745,0,GPU-e2681f6e-8d94-2d66-484f-43ea602335f9,427.04,1410,1593,100,16,73511,77
2026/07/24 16:18:06.731,2026/07/24 16:18:06.717,2026/07/24 16:18:06.745,1,GPU-713d5b24-2a1e-fd4a-7685-c3d195ff9230,251.03,1410,1593,99,46,73511,44
2026/07/24 16:18:06.980,2026/07/24 16:18:06.967,2026/07/24 16:18:06.993,0,GPU-e2681f6e-8d94-2d66-484f-43ea602335f9,419.94,1410,1593,100,14,73511,76
2026/07/24 16:18:06.980,2026/07/24 16:18:06.967,2026/07/24 16:18:06.993,1,GPU-713d5b24-2a1e-fd4a-7685-c3d195ff9230,250.70,1410,1593,100,53,73511,45
2026/07/24 16:18:07.232,2026/07/24 16:18:07.217,2026/07/24 16:18:07.247,0,GPU-e2681f6e-8d94-2d66-484f-43ea602335f9,438.33,1410,1593,100,16,73511,77
2026/07/24 16:18:07.232,2026/07/24 16:18:07.217,2026/07/24 16:18:07.247,1,GPU-713d5b24-2a1e-fd4a-7685-c3d195ff9230,99.43,1410,1593,48,26,73511,43
2026/07/24 16:18:07.483,2026/07/24 16:18:07.467,2026/07/24 16:18:07.499,0,GPU-e2681f6e-8d94-2d66-484f-43ea602335f9,429.30,1410,1593,100,16,73511,76
2026/07/24 16:18:07.483,2026/07/24 16:18:07.467,2026/07/24 16:18:07.499,1,GPU-713d5b24-2a1e-fd4a-7685-c3d195ff9230,245.88,1410,1593,88,35,73511,44
2026/07/24 16:18:07.732,2026/07/24 16:18:07.717,2026/07/24 16:18:07.748,0,GPU-e2681f6e-8d94-2d66-484f-43ea602335f9,441.95,1410,1593,100,17,73511,77
2026/07/24 16:18:07.732,2026/07/24 16:18:07.717,2026/07/24 16:18:07.748,1,GPU-713d5b24-2a1e-fd4a-7685-c3d195ff9230,94.11,1410,1593,22,2,73511,43
2026/07/24 16:18:08.013,2026/07/24 16:18:07.967,2026/07/24 16:18:08.058,0,GPU-e2681f6e-8d94-2d66-484f-43ea602335f9,437.14,1410,1593,100,15,73511,76
2026/07/24 16:18:08.013,2026/07/24 16:18:07.967,2026/07/24 16:18:08.058,1,GPU-713d5b24-2a1e-fd4a-7685-c3d195ff9230,96.99,1410,1593,100,53,73511,41
2026/07/24 16:18:08.232,2026/07/24 16:18:08.217,2026/07/24 16:18:08.247,0,GPU-e2681f6e-8d94-2d66-484f-43ea602335f9,430.93,1410,1593,100,17,73511,77
2026/07/24 16:18:08.232,2026/07/24 16:18:08.217,2026/07/24 16:18:08.247,1,GPU-713d5b24-2a1e-fd4a-7685-c3d195ff9230,245.29,1410,1593,48,17,73511,43
2026/07/24 16:18:08.482,2026/07/24 16:18:08.467,2026/07/24 16:18:08.496,0,GPU-e2681f6e-8d94-2d66-484f-43ea602335f9,417.24,1410,1593,100,15,73511,77
2026/07/24 16:18:08.482,2026/07/24 16:18:08.467,2026/07/24 16:18:08.496,1,GPU-713d5b24-2a1e-fd4a-7685-c3d195ff9230,121.46,1410,1593,100,53,73511,43
2026/07/24 16:18:08.775,2026/07/24 16:18:08.717,2026/07/24 16:18:08.833,0,GPU-e2681f6e-8d94-2d66-484f-43ea602335f9,433.37,1410,1593,100,17,73511,76
2026/07/24 16:18:08.775,2026/07/24 16:18:08.717,2026/07/24 16:18:08.833,1,GPU-713d5b24-2a1e-fd4a-7685-c3d195ff9230,96.39,1410,1593,100,53,73511,42
2026/07/24 16:18:08.983,2026/07/24 16:18:08.968,2026/07/24 16:18:08.998,0,GPU-e2681f6e-8d94-2d66-484f-43ea602335f9,432.59,1410,1593,100,16,73511,76
2026/07/24 16:18:08.983,2026/07/24 16:18:08.968,2026/07/24 16:18:08.998,1,GPU-713d5b24-2a1e-fd4a-7685-c3d195ff9230,85.57,1410,1593,14,7,73511,40
2026/07/24 16:18:09.233,2026/07/24 16:18:09.218,2026/07/24 16:18:09.249,0,GPU-e2681f6e-8d94-2d66-484f-43ea602335f9,434.56,1410,1593,100,17,73511,76
2026/07/24 16:18:09.233,2026/07/24 16:18:09.218,2026/07/24 16:18:09.249,1,GPU-713d5b24-2a1e-fd4a-7685-c3d195ff9230,245.62,1410,1593,55,19,73511,44
2026/07/24 16:18:09.483,2026/07/24 16:18:09.468,2026/07/24 16:18:09.497,0,GPU-e2681f6e-8d94-2d66-484f-43ea602335f9,434.38,1410,1593,100,14,73511,76
2026/07/24 16:18:09.483,2026/07/24 16:18:09.468,2026/07/24 16:18:09.497,1,GPU-713d5b24-2a1e-fd4a-7685-c3d195ff9230,85.84,1410,1593,34,18,73511,41
2026/07/24 16:18:09.732,2026/07/24 16:18:09.718,2026/07/24 16:18:09.747,0,GPU-e2681f6e-8d94-2d66-484f-43ea602335f9,435.03,1410,1593,100,17,73511,76
2026/07/24 16:18:09.732,2026/07/24 16:18:09.718,2026/07/24 16:18:09.747,1,GPU-713d5b24-2a1e-fd4a-7685-c3d195ff9230,240.80,1410,1593,84,34,73511,44
2026/07/24 16:18:09.983,2026/07/24 16:18:09.968,2026/07/24 16:18:09.999,0,GPU-e2681f6e-8d94-2d66-484f-43ea602335f9,449.46,1410,1593,100,15,73511,76
2026/07/24 16:18:09.983,2026/07/24 16:18:09.968,2026/07/24 16:18:09.999,1,GPU-713d5b24-2a1e-fd4a-7685-c3d195ff9230,94.29,1410,1593,89,47,73511,42
2026/07/24 16:18:10.232,2026/07/24 16:18:10.218,2026/07/24 16:18:10.246,0,GPU-e2681f6e-8d94-2d66-484f-43ea602335f9,423.09,1410,1593,100,17,73511,76
2026/07/24 16:18:10.232,2026/07/24 16:18:10.218,2026/07/24 16:18:10.246,1,GPU-713d5b24-2a1e-fd4a-7685-c3d195ff9230,241.66,1410,1593,72,28,73511,44
2026/07/24 16:18:10.483,2026/07/24 16:18:10.468,2026/07/24 16:18:10.498,0,GPU-e2681f6e-8d94-2d66-484f-43ea602335f9,418.16,1410,1593,100,14,73511,76
2026/07/24 16:18:10.483,2026/07/24 16:18:10.468,2026/07/24 16:18:10.498,1,GPU-713d5b24-2a1e-fd4a-7685-c3d195ff9230,85.84,1410,1593,24,13,73511,42
2026/07/24 16:18:10.733,2026/07/24 16:18:10.718,2026/07/24 16:18:10.747,0,GPU-e2681f6e-8d94-2d66-484f-43ea602335f9,429.57,1410,1593,100,16,73511,76
2026/07/24 16:18:10.733,2026/07/24 16:18:10.718,2026/07/24 16:18:10.747,1,GPU-713d5b24-2a1e-fd4a-7685-c3d195ff9230,85.25,1410,1593,9,0,73511,41
2026/07/24 16:18:10.983,2026/07/24 16:18:10.968,2026/07/24 16:18:10.997,0,GPU-e2681f6e-8d94-2d66-484f-43ea602335f9,429.42,1410,1593,100,15,73511,76
2026/07/24 16:18:10.983,2026/07/24 16:18:10.968,2026/07/24 16:18:10.997,1,GPU-713d5b24-2a1e-fd4a-7685-c3d195ff9230,244.71,1410,1593,97,43,73511,44
2026/07/24 16:18:11.235,2026/07/24 16:18:11.219,2026/07/24 16:18:11.251,0,GPU-e2681f6e-8d94-2d66-484f-43ea602335f9,421.13,1410,1593,100,13,73511,76
2026/07/24 16:18:11.235,2026/07/24 16:18:11.219,2026/07/24 16:18:11.251,1,GPU-713d5b24-2a1e-fd4a-7685-c3d195ff9230,85.25,1410,1593,41,21,73511,39
2026/07/24 16:18:11.484,2026/07/24 16:18:11.469,2026/07/24 16:18:11.499,0,GPU-e2681f6e-8d94-2d66-484f-43ea602335f9,433.04,1410,1593,100,16,73511,76
2026/07/24 16:18:11.484,2026/07/24 16:18:11.469,2026/07/24 16:18:11.499,1,GPU-713d5b24-2a1e-fd4a-7685-c3d195ff9230,231.70,1410,1593,10,0,73511,43
2026/07/24 16:18:11.733,2026/07/24 16:18:11.719,2026/07/24 16:18:11.747,0,GPU-e2681f6e-8d94-2d66-484f-43ea602335f9,439.24,1410,1593,100,16,73511,76
2026/07/24 16:18:11.733,2026/07/24 16:18:11.719,2026/07/24 16:18:11.747,1,GPU-713d5b24-2a1e-fd4a-7685-c3d195ff9230,153.66,1410,1593,76,40,73511,44
2026/07/24 16:18:11.983,2026/07/24 16:18:11.969,2026/07/24 16:18:11.998,0,GPU-e2681f6e-8d94-2d66-484f-43ea602335f9,423.89,1410,1593,100,16,73511,76
2026/07/24 16:18:11.983,2026/07/24 16:18:11.969,2026/07/24 16:18:11.998,1,GPU-713d5b24-2a1e-fd4a-7685-c3d195ff9230,242.58,1410,1593,60,23,73511,43
2026/07/24 16:18:12.235,2026/07/24 16:18:12.219,2026/07/24 16:18:12.251,0,GPU-e2681f6e-8d94-2d66-484f-43ea602335f9,418.27,1410,1593,100,13,73511,76
2026/07/24 16:18:12.235,2026/07/24 16:18:12.219,2026/07/24 16:18:12.251,1,GPU-713d5b24-2a1e-fd4a-7685-c3d195ff9230,103.32,1410,1593,100,53,73511,42
2026/07/24 16:18:12.483,2026/07/24 16:18:12.469,2026/07/24 16:18:12.497,0,GPU-e2681f6e-8d94-2d66-484f-43ea602335f9,433.51,1410,1593,100,17,73511,77
2026/07/24 16:18:12.483,2026/07/24 16:18:12.469,2026/07/24 16:18:12.497,1,GPU-713d5b24-2a1e-fd4a-7685-c3d195ff9230,95.20,1410,1593,17,9,73511,43
2026/07/24 16:18:12.735,2026/07/24 16:18:12.719,2026/07/24 16:18:12.752,0,GPU-e2681f6e-8d94-2d66-484f-43ea602335f9,413.18,1410,1593,100,16,73511,76
2026/07/24 16:18:12.735,2026/07/24 16:18:12.719,2026/07/24 16:18:12.752,1,GPU-713d5b24-2a1e-fd4a-7685-c3d195ff9230,97.91,1410,1593,73,27,73511,41
2026/07/24 16:18:12.984,2026/07/24 16:18:12.969,2026/07/24 16:18:12.999,0,GPU-e2681f6e-8d94-2d66-484f-43ea602335f9,422.82,1410,1593,100,18,73511,76
2026/07/24 16:18:12.984,2026/07/24 16:18:12.969,2026/07/24 16:18:12.999,1,GPU-713d5b24-2a1e-fd4a-7685-c3d195ff9230,244.69,1410,1593,61,22,73511,44
2026/07/24 16:18:13.234,2026/07/24 16:18:13.219,2026/07/24 16:18:13.250,0,GPU-e2681f6e-8d94-2d66-484f-43ea602335f9,425.99,1410,1593,100,14,73511,76
2026/07/24 16:18:13.234,2026/07/24 16:18:13.219,2026/07/24 16:18:13.250,1,GPU-713d5b24-2a1e-fd4a-7685-c3d195ff9230,85.84,1410,1593,88,46,73511,41
2026/07/24 16:18:13.510,2026/07/24 16:18:13.469,2026/07/24 16:18:13.551,0,GPU-e2681f6e-8d94-2d66-484f-43ea602335f9,439.51,1410,1593,100,13,73511,76
2026/07/24 16:18:13.510,2026/07/24 16:18:13.469,2026/07/24 16:18:13.551,1,GPU-713d5b24-2a1e-fd4a-7685-c3d195ff9230,85.25,1410,1593,0,0,73511,39
2026/07/24 16:18:13.734,2026/07/24 16:18:13.720,2026/07/24 16:18:13.749,0,GPU-e2681f6e-8d94-2d66-484f-43ea602335f9,438.45,1410,1593,100,16,73511,76
2026/07/24 16:18:13.734,2026/07/24 16:18:13.720,2026/07/24 16:18:13.749,1,GPU-713d5b24-2a1e-fd4a-7685-c3d195ff9230,242.26,1410,1593,2,0,73511,43
2026/07/24 16:18:13.985,2026/07/24 16:18:13.970,2026/07/24 16:18:14.001,0,GPU-e2681f6e-8d94-2d66-484f-43ea602335f9,425.99,1410,1593,100,15,73511,76
2026/07/24 16:18:13.985,2026/07/24 16:18:13.970,2026/07/24 16:18:14.001,1,GPU-713d5b24-2a1e-fd4a-7685-c3d195ff9230,86.76,1410,1593,97,51,73511,44
2026/07/24 16:18:14.234,2026/07/24 16:18:14.220,2026/07/24 16:18:14.248,0,GPU-e2681f6e-8d94-2d66-484f-43ea602335f9,428.23,1410,1593,100,17,73511,77
2026/07/24 16:18:14.234,2026/07/24 16:18:14.220,2026/07/24 16:18:14.248,1,GPU-713d5b24-2a1e-fd4a-7685-c3d195ff9230,248.91,1410,1593,22,1,73511,43
2026/07/24 16:18:14.485,2026/07/24 16:18:14.470,2026/07/24 16:18:14.501,0,GPU-e2681f6e-8d94-2d66-484f-43ea602335f9,430.34,1410,1593,100,14,73511,76
2026/07/24 16:18:14.485,2026/07/24 16:18:14.470,2026/07/24 16:18:14.501,1,GPU-713d5b24-2a1e-fd4a-7685-c3d195ff9230,87.68,1410,1593,52,27,73511,44
2026/07/24 16:18:14.734,2026/07/24 16:18:14.720,2026/07/24 16:18:14.748,0,GPU-e2681f6e-8d94-2d66-484f-43ea602335f9,425.35,1410,1593,100,12,73511,76
2026/07/24 16:18:14.734,2026/07/24 16:18:14.720,2026/07/24 16:18:14.748,1,GPU-713d5b24-2a1e-fd4a-7685-c3d195ff9230,85.25,1410,1593,0,0,73511,39
2026/07/24 16:18:14.984,2026/07/24 16:18:14.970,2026/07/24 16:18:14.999,0,GPU-e2681f6e-8d94-2d66-484f-43ea602335f9,421.45,1410,1593,100,16,73511,76
2026/07/24 16:18:14.984,2026/07/24 16:18:14.970,2026/07/24 16:18:14.999,1,GPU-713d5b24-2a1e-fd4a-7685-c3d195ff9230,246.81,1410,1593,58,18,73511,42
2026/07/24 16:18:15.236,2026/07/24 16:18:15.220,2026/07/24 16:18:15.252,0,GPU-e2681f6e-8d94-2d66-484f-43ea602335f9,411.07,1410,1593,100,13,73511,76
2026/07/24 16:18:15.236,2026/07/24 16:18:15.220,2026/07/24 16:18:15.252,1,GPU-713d5b24-2a1e-fd4a-7685-c3d195ff9230,90.07,1410,1593,100,52,73511,40
2026/07/24 16:18:15.486,2026/07/24 16:18:15.470,2026/07/24 16:18:15.502,0,GPU-e2681f6e-8d94-2d66-484f-43ea602335f9,444.52,1410,1593,100,14,73511,76
2026/07/24 16:18:15.486,2026/07/24 16:18:15.470,2026/07/24 16:18:15.502,1,GPU-713d5b24-2a1e-fd4a-7685-c3d195ff9230,85.33,1410,1593,9,5,73511,41
2026/07/24 16:18:15.734,2026/07/24 16:18:15.720,2026/07/24 16:18:15.749,0,GPU-e2681f6e-8d94-2d66-484f-43ea602335f9,417.83,1410,1593,100,17,73511,76
2026/07/24 16:18:15.734,2026/07/24 16:18:15.720,2026/07/24 16:18:15.749,1,GPU-713d5b24-2a1e-fd4a-7685-c3d195ff9230,245.03,1410,1593,100,52,73511,43
2026/07/24 16:18:15.985,2026/07/24 16:18:15.970,2026/07/24 16:18:16.000,0,GPU-e2681f6e-8d94-2d66-484f-43ea602335f9,434.38,1410,1593,100,18,73511,77
2026/07/24 16:18:15.985,2026/07/24 16:18:15.970,2026/07/24 16:18:16.000,1,GPU-713d5b24-2a1e-fd4a-7685-c3d195ff9230,85.57,1410,1593,40,15,73511,41
2026/07/24 16:18:16.237,2026/07/24 16:18:16.220,2026/07/24 16:18:16.253,0,GPU-e2681f6e-8d94-2d66-484f-43ea602335f9,434.10,1410,1593,100,15,73511,76
2026/07/24 16:18:16.237,2026/07/24 16:18:16.220,2026/07/24 16:18:16.253,1,GPU-713d5b24-2a1e-fd4a-7685-c3d195ff9230,245.29,1410,1593,98,49,73511,44
2026/07/24 16:18:16.484,2026/07/24 16:18:16.470,2026/07/24 16:18:16.498,0,GPU-e2681f6e-8d94-2d66-484f-43ea602335f9,426.44,1410,1593,100,17,73511,76
2026/07/24 16:18:16.484,2026/07/24 16:18:16.470,2026/07/24 16:18:16.498,1,GPU-713d5b24-2a1e-fd4a-7685-c3d195ff9230,243.50,1410,1593,100,48,73511,44
2026/07/24 16:18:16.735,2026/07/24 16:18:16.721,2026/07/24 16:18:16.749,0,GPU-e2681f6e-8d94-2d66-484f-43ea602335f9,432.13,1410,1593,100,15,73511,76
2026/07/24 16:18:16.735,2026/07/24 16:18:16.721,2026/07/24 16:18:16.749,1,GPU-713d5b24-2a1e-fd4a-7685-c3d195ff9230,248.59,1410,1593,100,51,73511,45
2026/07/24 16:18:16.985,2026/07/24 16:18:16.971,2026/07/24 16:18:16.999,0,GPU-e2681f6e-8d94-2d66-484f-43ea602335f9,427.63,1410,1593,100,16,73511,77
2026/07/24 16:18:16.985,2026/07/24 16:18:16.971,2026/07/24 16:18:16.999,1,GPU-713d5b24-2a1e-fd4a-7685-c3d195ff9230,246.48,1410,1593,98,45,73511,45
2026/07/24 16:18:17.238,2026/07/24 16:18:17.221,2026/07/24 16:18:17.256,0,GPU-e2681f6e-8d94-2d66-484f-43ea602335f9,419.35,1410,1593,100,14,73511,76
2026/07/24 16:18:17.238,2026/07/24 16:18:17.221,2026/07/24 16:18:17.256,1,GPU-713d5b24-2a1e-fd4a-7685-c3d195ff9230,88.27,1410,1593,53,28,73511,41
2026/07/24 16:18:17.486,2026/07/24 16:18:17.471,2026/07/24 16:18:17.502,0,GPU-e2681f6e-8d94-2d66-484f-43ea602335f9,428.55,1410,1593,100,17,73511,77
2026/07/24 16:18:17.486,2026/07/24 16:18:17.471,2026/07/24 16:18:17.502,1,GPU-713d5b24-2a1e-fd4a-7685-c3d195ff9230,242.66,1410,1593,31,6,73511,43
2026/07/24 16:18:17.736,2026/07/24 16:18:17.721,2026/07/24 16:18:17.751,0,GPU-e2681f6e-8d94-2d66-484f-43ea602335f9,422.97,1410,1593,100,14,73511,76
2026/07/24 16:18:17.736,2026/07/24 16:18:17.721,2026/07/24 16:18:17.751,1,GPU-713d5b24-2a1e-fd4a-7685-c3d195ff9230,95.53,1410,1593,100,53,73511,40
2026/07/24 16:18:17.990,2026/07/24 16:18:17.971,2026/07/24 16:18:18.008,0,GPU-e2681f6e-8d94-2d66-484f-43ea602335f9,429.89,1410,1593,100,12,73511,76
2026/07/24 16:18:17.990,2026/07/24 16:18:17.971,2026/07/24 16:18:18.008,1,GPU-713d5b24-2a1e-fd4a-7685-c3d195ff9230,84.97,1410,1593,0,0,73511,39
2026/07/24 16:18:18.234,2026/07/24 16:18:18.221,2026/07/24 16:18:18.248,0,GPU-e2681f6e-8d94-2d66-484f-43ea602335f9,421.45,1410,1593,100,16,73511,76
2026/07/24 16:18:18.234,2026/07/24 16:18:18.221,2026/07/24 16:18:18.248,1,GPU-713d5b24-2a1e-fd4a-7685-c3d195ff9230,244.10,1410,1593,50,13,73511,43
2026/07/24 16:18:18.489,2026/07/24 16:18:18.471,2026/07/24 16:18:18.506,0,GPU-e2681f6e-8d94-2d66-484f-43ea602335f9,445.38,1410,1593,100,15,73511,77
2026/07/24 16:18:18.489,2026/07/24 16:18:18.471,2026/07/24 16:18:18.506,1,GPU-713d5b24-2a1e-fd4a-7685-c3d195ff9230,211.51,1410,1593,100,52,73511,42
2026/07/24 16:18:18.737,2026/07/24 16:18:18.721,2026/07/24 16:18:18.754,0,GPU-e2681f6e-8d94-2d66-484f-43ea602335f9,426.27,1410,1593,100,17,73511,76
2026/07/24 16:18:18.737,2026/07/24 16:18:18.721,2026/07/24 16:18:18.754,1,GPU-713d5b24-2a1e-fd4a-7685-c3d195ff9230,244.37,1410,1593,82,34,73511,42
2026/07/24 16:18:18.987,2026/07/24 16:18:18.971,2026/07/24 16:18:19.004,0,GPU-e2681f6e-8d94-2d66-484f-43ea602335f9,429.89,1410,1593,100,14,73511,77
2026/07/24 16:18:18.987,2026/07/24 16:18:18.971,2026/07/24 16:18:19.004,1,GPU-713d5b24-2a1e-fd4a-7685-c3d195ff9230,90.98,1410,1593,94,50,73511,40
2026/07/24 16:18:19.235,2026/07/24 16:18:19.221,2026/07/24 16:18:19.250,0,GPU-e2681f6e-8d94-2d66-484f-43ea602335f9,423.41,1410,1593,100,17,73511,76
2026/07/24 16:18:19.235,2026/07/24 16:18:19.221,2026/07/24 16:18:19.250,1,GPU-713d5b24-2a1e-fd4a-7685-c3d195ff9230,247.08,1410,1593,84,35,73511,44
2026/07/24 16:18:19.485,2026/07/24 16:18:19.471,2026/07/24 16:18:19.499,0,GPU-e2681f6e-8d94-2d66-484f-43ea602335f9,422.38,1410,1593,100,12,73511,76
2026/07/24 16:18:19.485,2026/07/24 16:18:19.471,2026/07/24 16:18:19.499,1,GPU-713d5b24-2a1e-fd4a-7685-c3d195ff9230,109.98,1410,1593,100,53,73511,41
2026/07/24 16:18:19.735,2026/07/24 16:18:19.721,2026/07/24 16:18:19.749,0,GPU-e2681f6e-8d94-2d66-484f-43ea602335f9,446.16,1410,1593,100,14,73511,76
2026/07/24 16:18:19.735,2026/07/24 16:18:19.721,2026/07/24 16:18:19.749,1,GPU-713d5b24-2a1e-fd4a-7685-c3d195ff9230,96.39,1410,1593,25,0,73511,40
2026/07/24 16:18:19.985,2026/07/24 16:18:19.971,2026/07/24 16:18:19.998,0,GPU-e2681f6e-8d94-2d66-484f-43ea602335f9,424.48,1410,1593,100,15,73511,76
2026/07/24 16:18:19.985,2026/07/24 16:18:19.971,2026/07/24 16:18:19.998,1,GPU-713d5b24-2a1e-fd4a-7685-c3d195ff9230,245.29,1410,1593,87,45,73511,43
2026/07/24 16:18:20.238,2026/07/24 16:18:20.221,2026/07/24 16:18:20.254,0,GPU-e2681f6e-8d94-2d66-484f-43ea602335f9,440.11,1410,1593,100,15,73511,76
2026/07/24 16:18:20.238,2026/07/24 16:18:20.221,2026/07/24 16:18:20.254,1,GPU-713d5b24-2a1e-fd4a-7685-c3d195ff9230,247.40,1410,1593,100,44,73511,44
2026/07/24 16:18:20.486,2026/07/24 16:18:20.472,2026/07/24 16:18:20.501,0,GPU-e2681f6e-8d94-2d66-484f-43ea602335f9,432.00,1410,1593,100,15,73511,76
2026/07/24 16:18:20.486,2026/07/24 16:18:20.472,2026/07/24 16:18:20.501,1,GPU-713d5b24-2a1e-fd4a-7685-c3d195ff9230,248.59,1410,1593,100,53,73511,43
2026/07/24 16:18:20.737,2026/07/24 16:18:20.722,2026/07/24 16:18:20.753,0,GPU-e2681f6e-8d94-2d66-484f-43ea602335f9,427.31,1410,1593,100,17,73511,76
2026/07/24 16:18:20.737,2026/07/24 16:18:20.722,2026/07/24 16:18:20.753,1,GPU-713d5b24-2a1e-fd4a-7685-c3d195ff9230,245.62,1410,1593,100,45,73511,45
2026/07/24 16:18:20.985,2026/07/24 16:18:20.972,2026/07/24 16:18:20.998,0,GPU-e2681f6e-8d94-2d66-484f-43ea602335f9,414.54,1410,1593,100,12,73511,76
2026/07/24 16:18:20.985,2026/07/24 16:18:20.972,2026/07/24 16:18:20.998,1,GPU-713d5b24-2a1e-fd4a-7685-c3d195ff9230,246.48,1410,1593,87,46,73511,42
2026/07/24 16:18:21.235,2026/07/24 16:18:21.222,2026/07/24 16:18:21.249,0,GPU-e2681f6e-8d94-2d66-484f-43ea602335f9,427.18,1410,1593,100,16,73511,76
2026/07/24 16:18:21.235,2026/07/24 16:18:21.222,2026/07/24 16:18:21.249,1,GPU-713d5b24-2a1e-fd4a-7685-c3d195ff9230,85.84,1410,1593,0,0,73511,40
2026/07/24 16:18:21.486,2026/07/24 16:18:21.472,2026/07/24 16:18:21.500,0,GPU-e2681f6e-8d94-2d66-484f-43ea602335f9,430.34,1410,1593,100,16,73511,76
2026/07/24 16:18:21.486,2026/07/24 16:18:21.472,2026/07/24 16:18:21.500,1,GPU-713d5b24-2a1e-fd4a-7685-c3d195ff9230,243.18,1410,1593,51,14,73511,43
2026/07/24 16:18:21.736,2026/07/24 16:18:21.722,2026/07/24 16:18:21.749,0,GPU-e2681f6e-8d94-2d66-484f-43ea602335f9,411.83,1410,1593,100,13,73511,76
2026/07/24 16:18:21.736,2026/07/24 16:18:21.722,2026/07/24 16:18:21.749,1,GPU-713d5b24-2a1e-fd4a-7685-c3d195ff9230,106.36,1410,1593,100,52,73511,40
2026/07/24 16:18:21.987,2026/07/24 16:18:21.972,2026/07/24 16:18:22.001,0,GPU-e2681f6e-8d94-2d66-484f-43ea602335f9,428.97,1410,1593,100,12,73511,76
2026/07/24 16:18:21.987,2026/07/24 16:18:21.972,2026/07/24 16:18:22.001,1,GPU-713d5b24-2a1e-fd4a-7685-c3d195ff9230,85.25,1410,1593,6,0,73511,39
2026/07/24 16:18:22.236,2026/07/24 16:18:22.222,2026/07/24 16:18:22.250,0,GPU-e2681f6e-8d94-2d66-484f-43ea602335f9,426.27,1410,1593,100,15,73511,76
2026/07/24 16:18:22.236,2026/07/24 16:18:22.222,2026/07/24 16:18:22.250,1,GPU-713d5b24-2a1e-fd4a-7685-c3d195ff9230,239.55,1410,1593,76,30,73511,43
2026/07/24 16:18:22.485,2026/07/24 16:18:22.472,2026/07/24 16:18:22.499,0,GPU-e2681f6e-8d94-2d66-484f-43ea602335f9,422.97,1410,1593,100,17,73511,76
2026/07/24 16:18:22.485,2026/07/24 16:18:22.472,2026/07/24 16:18:22.499,1,GPU-713d5b24-2a1e-fd4a-7685-c3d195ff9230,137.69,1410,1593,72,35,73511,42
2026/07/24 16:18:22.735,2026/07/24 16:18:22.722,2026/07/24 16:18:22.749,0,GPU-e2681f6e-8d94-2d66-484f-43ea602335f9,424.16,1410,1593,100,16,73511,76
2026/07/24 16:18:22.735,2026/07/24 16:18:22.722,2026/07/24 16:18:22.749,1,GPU-713d5b24-2a1e-fd4a-7685-c3d195ff9230,244.37,1410,1593,100,53,73511,44
2026/07/24 16:18:22.988,2026/07/24 16:18:22.972,2026/07/24 16:18:23.003,0,GPU-e2681f6e-8d94-2d66-484f-43ea602335f9,419.67,1410,1593,100,13,73511,76
2026/07/24 16:18:22.988,2026/07/24 16:18:22.972,2026/07/24 16:18:23.003,1,GPU-713d5b24-2a1e-fd4a-7685-c3d195ff9230,96.99,1410,1593,15,8,73511,40
2026/07/24 16:18:23.237,2026/07/24 16:18:23.222,2026/07/24 16:18:23.252,0,GPU-e2681f6e-8d94-2d66-484f-43ea602335f9,433.96,1410,1593,100,15,73511,76
2026/07/24 16:18:23.237,2026/07/24 16:18:23.222,2026/07/24 16:18:23.252,1,GPU-713d5b24-2a1e-fd4a-7685-c3d195ff9230,242.26,1410,1593,25,1,73511,40
2026/07/24 16:18:23.487,2026/07/24 16:18:23.472,2026/07/24 16:18:23.502,0,GPU-e2681f6e-8d94-2d66-484f-43ea602335f9,432.59,1410,1593,100,15,73511,76
2026/07/24 16:18:23.487,2026/07/24 16:18:23.472,2026/07/24 16:18:23.502,1,GPU-713d5b24-2a1e-fd4a-7685-c3d195ff9230,245.88,1410,1593,100,52,73511,42
2026/07/24 16:18:23.738,2026/07/24 16:18:23.722,2026/07/24 16:18:23.753,0,GPU-e2681f6e-8d94-2d66-484f-43ea602335f9,416.65,1410,1593,100,17,73511,76
2026/07/24 16:18:23.738,2026/07/24 16:18:23.722,2026/07/24 16:18:23.753,1,GPU-713d5b24-2a1e-fd4a-7685-c3d195ff9230,244.96,1410,1593,100,53,73511,44
2026/07/24 16:18:23.986,2026/07/24 16:18:23.972,2026/07/24 16:18:23.999,0,GPU-e2681f6e-8d94-2d66-484f-43ea602335f9,413.61,1410,1593,100,14,73511,76
2026/07/24 16:18:23.986,2026/07/24 16:18:23.972,2026/07/24 16:18:23.999,1,GPU-713d5b24-2a1e-fd4a-7685-c3d195ff9230,85.84,1410,1593,14,7,73511,40
2026/07/24 16:18:24.239,2026/07/24 16:18:24.223,2026/07/24 16:18:24.256,0,GPU-e2681f6e-8d94-2d66-484f-43ea602335f9,441.03,1410,1593,100,12,73511,76
2026/07/24 16:18:24.239,2026/07/24 16:18:24.223,2026/07/24 16:18:24.256,1,GPU-713d5b24-2a1e-fd4a-7685-c3d195ff9230,95.53,1410,1593,0,0,73511,39
2026/07/24 16:18:24.488,2026/07/24 16:18:24.473,2026/07/24 16:18:24.504,0,GPU-e2681f6e-8d94-2d66-484f-43ea602335f9,424.60,1410,1593,100,16,73511,76
2026/07/24 16:18:24.488,2026/07/24 16:18:24.473,2026/07/24 16:18:24.504,1,GPU-713d5b24-2a1e-fd4a-7685-c3d195ff9230,246.21,1410,1593,73,25,73511,43
2026/07/24 16:18:24.738,2026/07/24 16:18:24.723,2026/07/24 16:18:24.753,0,GPU-e2681f6e-8d94-2d66-484f-43ea602335f9,423.89,1410,1593,100,13,73511,76
2026/07/24 16:18:24.738,2026/07/24 16:18:24.723,2026/07/24 16:18:24.753,1,GPU-713d5b24-2a1e-fd4a-7685-c3d195ff9230,154.25,1410,1593,100,52,73511,41
2026/07/24 16:18:24.987,2026/07/24 16:18:24.973,2026/07/24 16:18:25.001,0,GPU-e2681f6e-8d94-2d66-484f-43ea602335f9,434.38,1410,1593,100,15,73511,76
2026/07/24 16:18:24.987,2026/07/24 16:18:24.973,2026/07/24 16:18:25.001,1,GPU-713d5b24-2a1e-fd4a-7685-c3d195ff9230,243.77,1410,1593,72,26,73511,43
2026/07/24 16:18:25.237,2026/07/24 16:18:25.223,2026/07/24 16:18:25.251,0,GPU-e2681f6e-8d94-2d66-484f-43ea602335f9,428.11,1410,1593,100,17,73511,76
2026/07/24 16:18:25.237,2026/07/24 16:18:25.223,2026/07/24 16:18:25.251,1,GPU-713d5b24-2a1e-fd4a-7685-c3d195ff9230,106.08,1410,1593,69,36,73511,40
2026/07/24 16:18:25.487,2026/07/24 16:18:25.473,2026/07/24 16:18:25.502,0,GPU-e2681f6e-8d94-2d66-484f-43ea602335f9,425.08,1410,1593,100,17,73511,76
2026/07/24 16:18:25.487,2026/07/24 16:18:25.473,2026/07/24 16:18:25.502,1,GPU-713d5b24-2a1e-fd4a-7685-c3d195ff9230,243.77,1410,1593,18,0,73511,42
2026/07/24 16:18:25.736,2026/07/24 16:18:25.723,2026/07/24 16:18:25.748,0,GPU-e2681f6e-8d94-2d66-484f-43ea602335f9,424.01,1410,1593,100,14,73511,76
2026/07/24 16:18:25.736,2026/07/24 16:18:25.723,2026/07/24 16:18:25.748,1,GPU-713d5b24-2a1e-fd4a-7685-c3d195ff9230,242.58,1410,1593,100,53,73511,41
2026/07/24 16:18:25.988,2026/07/24 16:18:25.973,2026/07/24 16:18:26.004,0,GPU-e2681f6e-8d94-2d66-484f-43ea602335f9,427.18,1410,1593,100,12,73511,76
2026/07/24 16:18:25.988,2026/07/24 16:18:25.973,2026/07/24 16:18:26.004,1,GPU-713d5b24-2a1e-fd4a-7685-c3d195ff9230,85.25,1410,1593,55,29,73511,40
2026/07/24 16:18:26.238,2026/07/24 16:18:26.223,2026/07/24 16:18:26.252,0,GPU-e2681f6e-8d94-2d66-484f-43ea602335f9,434.70,1410,1593,100,16,73511,76
2026/07/24 16:18:26.238,2026/07/24 16:18:26.223,2026/07/24 16:18:26.252,1,GPU-713d5b24-2a1e-fd4a-7685-c3d195ff9230,99.43,1410,1593,36,6,73511,42
2026/07/24 16:18:26.488,2026/07/24 16:18:26.473,2026/07/24 16:18:26.503,0,GPU-e2681f6e-8d94-2d66-484f-43ea602335f9,434.10,1410,1593,100,16,73511,76
2026/07/24 16:18:26.488,2026/07/24 16:18:26.473,2026/07/24 16:18:26.503,1,GPU-713d5b24-2a1e-fd4a-7685-c3d195ff9230,245.88,1410,1593,100,52,73511,43
2026/07/24 16:18:26.737,2026/07/24 16:18:26.723,2026/07/24 16:18:26.751,0,GPU-e2681f6e-8d94-2d66-484f-43ea602335f9,436.35,1410,1593,100,17,73511,76
2026/07/24 16:18:26.737,2026/07/24 16:18:26.723,2026/07/24 16:18:26.751,1,GPU-713d5b24-2a1e-fd4a-7685-c3d195ff9230,249.84,1410,1593,97,43,73511,44
2026/07/24 16:18:26.993,2026/07/24 16:18:26.973,2026/07/24 16:18:27.012,0,GPU-e2681f6e-8d94-2d66-484f-43ea602335f9,419.46,1410,1593,100,13,73511,76
2026/07/24 16:18:26.993,2026/07/24 16:18:26.973,2026/07/24 16:18:27.012,1,GPU-713d5b24-2a1e-fd4a-7685-c3d195ff9230,243.18,1410,1593,100,53,73511,42
2026/07/24 16:18:27.238,2026/07/24 16:18:27.223,2026/07/24 16:18:27.253,0,GPU-e2681f6e-8d94-2d66-484f-43ea602335f9,427.78,1410,1593,100,12,73511,76
2026/07/24 16:18:27.238,2026/07/24 16:18:27.223,2026/07/24 16:18:27.253,1,GPU-713d5b24-2a1e-fd4a-7685-c3d195ff9230,97.91,1410,1593,0,0,73511,40
2026/07/24 16:18:27.488,2026/07/24 16:18:27.474,2026/07/24 16:18:27.503,0,GPU-e2681f6e-8d94-2d66-484f-43ea602335f9,421.78,1410,1593,100,15,73511,76
2026/07/24 16:18:27.488,2026/07/24 16:18:27.474,2026/07/24 16:18:27.503,1,GPU-713d5b24-2a1e-fd4a-7685-c3d195ff9230,241.07,1410,1593,75,27,73511,43
2026/07/24 16:18:27.738,2026/07/24 16:18:27.724,2026/07/24 16:18:27.753,0,GPU-e2681f6e-8d94-2d66-484f-43ea602335f9,443.73,1410,1593,100,17,73511,77
2026/07/24 16:18:27.738,2026/07/24 16:18:27.724,2026/07/24 16:18:27.753,1,GPU-713d5b24-2a1e-fd4a-7685-c3d195ff9230,244.69,1410,1593,100,52,73511,43
2026/07/24 16:18:27.986,2026/07/24 16:18:27.974,2026/07/24 16:18:27.999,0,GPU-e2681f6e-8d94-2d66-484f-43ea602335f9,424.92,1410,1593,100,16,73511,76
2026/07/24 16:18:27.986,2026/07/24 16:18:27.974,2026/07/24 16:18:27.999,1,GPU-713d5b24-2a1e-fd4a-7685-c3d195ff9230,244.69,1410,1593,98,44,73511,43
2026/07/24 16:18:28.240,2026/07/24 16:18:28.224,2026/07/24 16:18:28.256,0,GPU-e2681f6e-8d94-2d66-484f-43ea602335f9,427.18,1410,1593,100,14,73511,76
2026/07/24 16:18:28.240,2026/07/24 16:18:28.224,2026/07/24 16:18:28.256,1,GPU-713d5b24-2a1e-fd4a-7685-c3d195ff9230,198.90,1410,1593,0,0,73511,40
2026/07/24 16:18:28.488,2026/07/24 16:18:28.474,2026/07/24 16:18:28.502,0,GPU-e2681f6e-8d94-2d66-484f-43ea602335f9,422.38,1410,1593,100,16,73511,76
2026/07/24 16:18:28.488,2026/07/24 16:18:28.474,2026/07/24 16:18:28.502,1,GPU-713d5b24-2a1e-fd4a-7685-c3d195ff9230,248.32,1410,1593,95,39,73511,44
2026/07/24 16:18:28.740,2026/07/24 16:18:28.724,2026/07/24 16:18:28.756,0,GPU-e2681f6e-8d94-2d66-484f-43ea602335f9,427.18,1410,1593,100,14,73511,76
2026/07/24 16:18:28.740,2026/07/24 16:18:28.724,2026/07/24 16:18:28.756,1,GPU-713d5b24-2a1e-fd4a-7685-c3d195ff9230,86.17,1410,1593,84,44,73511,40
2026/07/24 16:18:28.989,2026/07/24 16:18:28.974,2026/07/24 16:18:29.004,0,GPU-e2681f6e-8d94-2d66-484f-43ea602335f9,422.38,1410,1593,100,17,73511,76
2026/07/24 16:18:28.989,2026/07/24 16:18:28.974,2026/07/24 16:18:29.004,1,GPU-713d5b24-2a1e-fd4a-7685-c3d195ff9230,247.72,1410,1593,100,52,73511,44
2026/07/24 16:18:29.237,2026/07/24 16:18:29.224,2026/07/24 16:18:29.251,0,GPU-e2681f6e-8d94-2d66-484f-43ea602335f9,438.00,1410,1593,100,14,73511,77
2026/07/24 16:18:29.237,2026/07/24 16:18:29.224,2026/07/24 16:18:29.251,1,GPU-713d5b24-2a1e-fd4a-7685-c3d195ff9230,86.17,1410,1593,48,20,73511,42
2026/07/24 16:18:29.487,2026/07/24 16:18:29.474,2026/07/24 16:18:29.501,0,GPU-e2681f6e-8d94-2d66-484f-43ea602335f9,435.16,1410,1593,100,17,73511,76
2026/07/24 16:18:29.487,2026/07/24 16:18:29.474,2026/07/24 16:18:29.501,1,GPU-713d5b24-2a1e-fd4a-7685-c3d195ff9230,241.99,1410,1593,98,47,73511,44
2026/07/24 16:18:29.738,2026/07/24 16:18:29.724,2026/07/24 16:18:29.752,0,GPU-e2681f6e-8d94-2d66-484f-43ea602335f9,431.08,1410,1593,100,15,73511,77
2026/07/24 16:18:29.738,2026/07/24 16:18:29.724,2026/07/24 16:18:29.752,1,GPU-713d5b24-2a1e-fd4a-7685-c3d195ff9230,85.93,1410,1593,66,35,73511,41
2026/07/24 16:18:29.989,2026/07/24 16:18:29.974,2026/07/24 16:18:30.003,0,GPU-e2681f6e-8d94-2d66-484f-43ea602335f9,429.30,1410,1593,100,17,73511,76
2026/07/24 16:18:29.989,2026/07/24 16:18:29.974,2026/07/24 16:18:30.003,1,GPU-713d5b24-2a1e-fd4a-7685-c3d195ff9230,244.96,1410,1593,49,16,73511,44
2026/07/24 16:18:30.238,2026/07/24 16:18:30.224,2026/07/24 16:18:30.251,0,GPU-e2681f6e-8d94-2d66-484f-43ea602335f9,425.20,1410,1593,100,12,73511,76
2026/07/24 16:18:30.238,2026/07/24 16:18:30.224,2026/07/24 16:18:30.251,1,GPU-713d5b24-2a1e-fd4a-7685-c3d195ff9230,85.57,1410,1593,0,0,73511,40
2026/07/24 16:18:30.491,2026/07/24 16:18:30.474,2026/07/24 16:18:30.507,0,GPU-e2681f6e-8d94-2d66-484f-43ea602335f9,437.14,1410,1593,100,12,73511,77
2026/07/24 16:18:30.491,2026/07/24 16:18:30.474,2026/07/24 16:18:30.507,1,GPU-713d5b24-2a1e-fd4a-7685-c3d195ff9230,99.43,1410,1593,0,0,73511,39
2026/07/24 16:18:30.739,2026/07/24 16:18:30.724,2026/07/24 16:18:30.753,0,GPU-e2681f6e-8d94-2d66-484f-43ea602335f9,426.44,1410,1593,100,15,73511,76
2026/07/24 16:18:30.739,2026/07/24 16:18:30.724,2026/07/24 16:18:30.753,1,GPU-713d5b24-2a1e-fd4a-7685-c3d195ff9230,245.88,1410,1593,86,33,73511,43
2026/07/24 16:18:30.989,2026/07/24 16:18:30.974,2026/07/24 16:18:31.004,0,GPU-e2681f6e-8d94-2d66-484f-43ea602335f9,437.73,1410,1593,100,17,73511,76
2026/07/24 16:18:30.989,2026/07/24 16:18:30.974,2026/07/24 16:18:31.004,1,GPU-713d5b24-2a1e-fd4a-7685-c3d195ff9230,183.80,1410,1593,77,40,73511,43
2026/07/24 16:18:31.239,2026/07/24 16:18:31.225,2026/07/24 16:18:31.254,0,GPU-e2681f6e-8d94-2d66-484f-43ea602335f9,424.76,1410,1593,100,16,73511,76
2026/07/24 16:18:31.239,2026/07/24 16:18:31.225,2026/07/24 16:18:31.254,1,GPU-713d5b24-2a1e-fd4a-7685-c3d195ff9230,246.81,1410,1593,100,53,73511,44
2026/07/24 16:18:31.488,2026/07/24 16:18:31.475,2026/07/24 16:18:31.502,0,GPU-e2681f6e-8d94-2d66-484f-43ea602335f9,424.16,1410,1593,100,13,73511,76
2026/07/24 16:18:31.488,2026/07/24 16:18:31.475,2026/07/24 16:18:31.502,1,GPU-713d5b24-2a1e-fd4a-7685-c3d195ff9230,85.84,1410,1593,12,7,73511,40
2026/07/24 16:18:31.740,2026/07/24 16:18:31.725,2026/07/24 16:18:31.755,0,GPU-e2681f6e-8d94-2d66-484f-43ea602335f9,429.89,1410,1593,100,17,73511,76
2026/07/24 16:18:31.740,2026/07/24 16:18:31.725,2026/07/24 16:18:31.755,1,GPU-713d5b24-2a1e-fd4a-7685-c3d195ff9230,237.77,1410,1593,22,0,73511,42
2026/07/24 16:18:31.989,2026/07/24 16:18:31.975,2026/07/24 16:18:32.003,0,GPU-e2681f6e-8d94-2d66-484f-43ea602335f9,419.35,1410,1593,100,14,73511,76
2026/07/24 16:18:31.989,2026/07/24 16:18:31.975,2026/07/24 16:18:32.003,1,GPU-713d5b24-2a1e-fd4a-7685-c3d195ff9230,85.84,1410,1593,95,48,73511,40
2026/07/24 16:18:32.242,2026/07/24 16:18:32.225,2026/07/24 16:18:32.258,0,GPU-e2681f6e-8d94-2d66-484f-43ea602335f9,414.86,1410,1593,100,12,73511,77
2026/07/24 16:18:32.242,2026/07/24 16:18:32.225,2026/07/24 16:18:32.258,1,GPU-713d5b24-2a1e-fd4a-7685-c3d195ff9230,89.46,1410,1593,34,18,73511,39
2026/07/24 16:18:32.489,2026/07/24 16:18:32.475,2026/07/24 16:18:32.502,0,GPU-e2681f6e-8d94-2d66-484f-43ea602335f9,421.45,1410,1593,100,15,73511,76
2026/07/24 16:18:32.489,2026/07/24 16:18:32.475,2026/07/24 16:18:32.502,1,GPU-713d5b24-2a1e-fd4a-7685-c3d195ff9230,241.99,1410,1593,96,48,73511,43
2026/07/24 16:18:32.741,2026/07/24 16:18:32.725,2026/07/24 16:18:32.757,0,GPU-e2681f6e-8d94-2d66-484f-43ea602335f9,421.13,1410,1593,100,16,73511,77
2026/07/24 16:18:32.741,2026/07/24 16:18:32.725,2026/07/24 16:18:32.757,1,GPU-713d5b24-2a1e-fd4a-7685-c3d195ff9230,86.49,1410,1593,44,23,73511,40
2026/07/24 16:18:32.991,2026/07/24 16:18:32.975,2026/07/24 16:18:33.007,0,GPU-e2681f6e-8d94-2d66-484f-43ea602335f9,424.76,1410,1593,100,17,73511,76
2026/07/24 16:18:32.991,2026/07/24 16:18:32.975,2026/07/24 16:18:33.007,1,GPU-713d5b24-2a1e-fd4a-7685-c3d195ff9230,245.29,1410,1593,100,53,73511,43
2026/07/24 16:18:33.243,2026/07/24 16:18:33.225,2026/07/24 16:18:33.262,0,GPU-e2681f6e-8d94-2d66-484f-43ea602335f9,423.57,1410,1593,100,13,73511,76
2026/07/24 16:18:33.243,2026/07/24 16:18:33.225,2026/07/24 16:18:33.262,1,GPU-713d5b24-2a1e-fd4a-7685-c3d195ff9230,85.57,1410,1593,18,9,73511,40
2026/07/24 16:18:33.489,2026/07/24 16:18:33.475,2026/07/24 16:18:33.503,0,GPU-e2681f6e-8d94-2d66-484f-43ea602335f9,424.92,1410,1593,100,16,73511,76
2026/07/24 16:18:33.489,2026/07/24 16:18:33.475,2026/07/24 16:18:33.503,1,GPU-713d5b24-2a1e-fd4a-7685-c3d195ff9230,246.81,1410,1593,67,24,73511,42
2026/07/24 16:18:33.738,2026/07/24 16:18:33.725,2026/07/24 16:18:33.750,0,GPU-e2681f6e-8d94-2d66-484f-43ea602335f9,432.00,1410,1593,100,14,73511,76
2026/07/24 16:18:33.738,2026/07/24 16:18:33.725,2026/07/24 16:18:33.750,1,GPU-713d5b24-2a1e-fd4a-7685-c3d195ff9230,85.84,1410,1593,81,42,73511,40
2026/07/24 16:18:33.990,2026/07/24 16:18:33.975,2026/07/24 16:18:34.006,0,GPU-e2681f6e-8d94-2d66-484f-43ea602335f9,428.11,1410,1593,100,16,73511,76
2026/07/24 16:18:33.990,2026/07/24 16:18:33.975,2026/07/24 16:18:34.006,1,GPU-713d5b24-2a1e-fd4a-7685-c3d195ff9230,245.88,1410,1593,0,0,73511,42
2026/07/24 16:18:34.239,2026/07/24 16:18:34.226,2026/07/24 16:18:34.252,0,GPU-e2681f6e-8d94-2d66-484f-43ea602335f9,427.78,1410,1593,100,16,73511,76
2026/07/24 16:18:34.239,2026/07/24 16:18:34.226,2026/07/24 16:18:34.252,1,GPU-713d5b24-2a1e-fd4a-7685-c3d195ff9230,241.40,1410,1593,100,52,73511,43
2026/07/24 16:18:34.490,2026/07/24 16:18:34.476,2026/07/24 16:18:34.503,0,GPU-e2681f6e-8d94-2d66-484f-43ea602335f9,419.67,1410,1593,100,13,73511,76
2026/07/24 16:18:34.490,2026/07/24 16:18:34.476,2026/07/24 16:18:34.503,1,GPU-713d5b24-2a1e-fd4a-7685-c3d195ff9230,85.25,1410,1593,5,2,73511,40
2026/07/24 16:18:34.740,2026/07/24 16:18:34.726,2026/07/24 16:18:34.754,0,GPU-e2681f6e-8d94-2d66-484f-43ea602335f9,426.44,1410,1593,100,17,73511,76
2026/07/24 16:18:34.740,2026/07/24 16:18:34.726,2026/07/24 16:18:34.754,1,GPU-713d5b24-2a1e-fd4a-7685-c3d195ff9230,235.06,1410,1593,22,0,73511,42
2026/07/24 16:18:34.990,2026/07/24 16:18:34.976,2026/07/24 16:18:35.004,0,GPU-e2681f6e-8d94-2d66-484f-43ea602335f9,415.29,1410,1593,100,14,73511,76
2026/07/24 16:18:34.990,2026/07/24 16:18:34.976,2026/07/24 16:18:35.004,1,GPU-713d5b24-2a1e-fd4a-7685-c3d195ff9230,241.40,1410,1593,93,47,73511,41
2026/07/24 16:18:35.242,2026/07/24 16:18:35.226,2026/07/24 16:18:35.258,0,GPU-e2681f6e-8d94-2d66-484f-43ea602335f9,430.81,1410,1593,100,17,73511,77
2026/07/24 16:18:35.242,2026/07/24 16:18:35.226,2026/07/24 16:18:35.258,1,GPU-713d5b24-2a1e-fd4a-7685-c3d195ff9230,242.91,1410,1593,57,21,73511,41
2026/07/24 16:18:35.491,2026/07/24 16:18:35.476,2026/07/24 16:18:35.506,0,GPU-e2681f6e-8d94-2d66-484f-43ea602335f9,437.41,1410,1593,100,17,73511,76
2026/07/24 16:18:35.491,2026/07/24 16:18:35.476,2026/07/24 16:18:35.506,1,GPU-713d5b24-2a1e-fd4a-7685-c3d195ff9230,249.51,1410,1593,100,53,73511,44
2026/07/24 16:18:35.742,2026/07/24 16:18:35.726,2026/07/24 16:18:35.759,0,GPU-e2681f6e-8d94-2d66-484f-43ea602335f9,427.78,1410,1593,100,16,73511,76
2026/07/24 16:18:35.742,2026/07/24 16:18:35.726,2026/07/24 16:18:35.759,1,GPU-713d5b24-2a1e-fd4a-7685-c3d195ff9230,245.88,1410,1593,100,46,73511,44
2026/07/24 16:18:35.990,2026/07/24 16:18:35.976,2026/07/24 16:18:36.004,0,GPU-e2681f6e-8d94-2d66-484f-43ea602335f9,430.01,1410,1593,100,13,73511,76
2026/07/24 16:18:35.990,2026/07/24 16:18:35.976,2026/07/24 16:18:36.004,1,GPU-713d5b24-2a1e-fd4a-7685-c3d195ff9230,100.34,1410,1593,100,53,73511,41
2026/07/24 16:18:36.242,2026/07/24 16:18:36.226,2026/07/24 16:18:36.257,0,GPU-e2681f6e-8d94-2d66-484f-43ea602335f9,433.78,1410,1593,100,17,73511,76
2026/07/24 16:18:36.242,2026/07/24 16:18:36.226,2026/07/24 16:18:36.257,1,GPU-713d5b24-2a1e-fd4a-7685-c3d195ff9230,248.32,1410,1593,18,10,73511,43
2026/07/24 16:18:36.488,2026/07/24 16:18:36.476,2026/07/24 16:18:36.500,0,GPU-e2681f6e-8d94-2d66-484f-43ea602335f9,416.97,1410,1593,100,14,73511,76
2026/07/24 16:18:36.488,2026/07/24 16:18:36.476,2026/07/24 16:18:36.500,1,GPU-713d5b24-2a1e-fd4a-7685-c3d195ff9230,240.15,1410,1593,100,52,73511,43
2026/07/24 16:18:36.740,2026/07/24 16:18:36.726,2026/07/24 16:18:36.754,0,GPU-e2681f6e-8d94-2d66-484f-43ea602335f9,431.68,1410,1593,100,17,73511,76
2026/07/24 16:18:36.740,2026/07/24 16:18:36.726,2026/07/24 16:18:36.754,1,GPU-713d5b24-2a1e-fd4a-7685-c3d195ff9230,86.17,1410,1593,23,12,73511,42
2026/07/24 16:18:36.991,2026/07/24 16:18:36.976,2026/07/24 16:18:37.005,0,GPU-e2681f6e-8d94-2d66-484f-43ea602335f9,433.78,1410,1593,100,15,73511,76
2026/07/24 16:18:36.991,2026/07/24 16:18:36.976,2026/07/24 16:18:37.005,1,GPU-713d5b24-2a1e-fd4a-7685-c3d195ff9230,139.53,1410,1593,95,39,73511,44
2026/07/24 16:18:37.242,2026/07/24 16:18:37.227,2026/07/24 16:18:37.257,0,GPU-e2681f6e-8d94-2d66-484f-43ea602335f9,425.52,1410,1593,100,16,73511,76
2026/07/24 16:18:37.242,2026/07/24 16:18:37.227,2026/07/24 16:18:37.257,1,GPU-713d5b24-2a1e-fd4a-7685-c3d195ff9230,243.77,1410,1593,77,40,73511,44
2026/07/24 16:18:37.492,2026/07/24 16:18:37.477,2026/07/24 16:18:37.506,0,GPU-e2681f6e-8d94-2d66-484f-43ea602335f9,416.75,1410,1593,100,16,73511,76
2026/07/24 16:18:37.492,2026/07/24 16:18:37.477,2026/07/24 16:18:37.506,1,GPU-713d5b24-2a1e-fd4a-7685-c3d195ff9230,86.17,1410,1593,85,45,73511,43
2026/07/24 16:18:37.740,2026/07/24 16:18:37.727,2026/07/24 16:18:37.753,0,GPU-e2681f6e-8d94-2d66-484f-43ea602335f9,426.86,1410,1593,100,12,73511,76
2026/07/24 16:18:37.740,2026/07/24 16:18:37.727,2026/07/24 16:18:37.753,1,GPU-713d5b24-2a1e-fd4a-7685-c3d195ff9230,85.57,1410,1593,0,0,73511,39
2026/07/24 16:18:38.018,2026/07/24 16:18:37.977,2026/07/24 16:18:38.059,0,GPU-e2681f6e-8d94-2d66-484f-43ea602335f9,433.19,1410,1593,100,17,73511,76
2026/07/24 16:18:38.018,2026/07/24 16:18:37.977,2026/07/24 16:18:38.059,1,GPU-713d5b24-2a1e-fd4a-7685-c3d195ff9230,243.50,1410,1593,97,48,73511,43
2026/07/24 16:18:38.241,2026/07/24 16:18:38.227,2026/07/24 16:18:38.255,0,GPU-e2681f6e-8d94-2d66-484f-43ea602335f9,428.55,1410,1593,100,14,73511,76
2026/07/24 16:18:38.241,2026/07/24 16:18:38.227,2026/07/24 16:18:38.255,1,GPU-713d5b24-2a1e-fd4a-7685-c3d195ff9230,240.80,1410,1593,100,51,73511,43
2026/07/24 16:18:38.492,2026/07/24 16:18:38.477,2026/07/24 16:18:38.507,0,GPU-e2681f6e-8d94-2d66-484f-43ea602335f9,436.81,1410,1593,100,14,73511,76
2026/07/24 16:18:38.492,2026/07/24 16:18:38.477,2026/07/24 16:18:38.507,1,GPU-713d5b24-2a1e-fd4a-7685-c3d195ff9230,221.80,1410,1593,54,18,73511,43
2026/07/24 16:18:38.740,2026/07/24 16:18:38.727,2026/07/24 16:18:38.752,0,GPU-e2681f6e-8d94-2d66-484f-43ea602335f9,416.97,1410,1593,100,14,73511,76
2026/07/24 16:18:38.740,2026/07/24 16:18:38.727,2026/07/24 16:18:38.752,1,GPU-713d5b24-2a1e-fd4a-7685-c3d195ff9230,88.60,1410,1593,100,52,73511,42
2026/07/24 16:18:38.992,2026/07/24 16:18:38.977,2026/07/24 16:18:39.007,0,GPU-e2681f6e-8d94-2d66-484f-43ea602335f9,439.24,1410,1593,100,15,73511,77
2026/07/24 16:18:38.992,2026/07/24 16:18:38.977,2026/07/24 16:18:39.007,1,GPU-713d5b24-2a1e-fd4a-7685-c3d195ff9230,85.57,1410,1593,7,4,73511,40
2026/07/24 16:18:39.243,2026/07/24 16:18:39.227,2026/07/24 16:18:39.258,0,GPU-e2681f6e-8d94-2d66-484f-43ea602335f9,429.57,1410,1593,100,17,73511,76
2026/07/24 16:18:39.243,2026/07/24 16:18:39.227,2026/07/24 16:18:39.258,1,GPU-713d5b24-2a1e-fd4a-7685-c3d195ff9230,248.59,1410,1593,100,52,73511,44
2026/07/24 16:18:39.492,2026/07/24 16:18:39.477,2026/07/24 16:18:39.506,0,GPU-e2681f6e-8d94-2d66-484f-43ea602335f9,433.19,1410,1593,100,17,73511,77
2026/07/24 16:18:39.492,2026/07/24 16:18:39.477,2026/07/24 16:18:39.506,1,GPU-713d5b24-2a1e-fd4a-7685-c3d195ff9230,86.76,1410,1593,53,25,73511,42
2026/07/24 16:18:39.743,2026/07/24 16:18:39.728,2026/07/24 16:18:39.759,0,GPU-e2681f6e-8d94-2d66-484f-43ea602335f9,432.59,1410,1593,100,17,73511,76
2026/07/24 16:18:39.743,2026/07/24 16:18:39.728,2026/07/24 16:18:39.759,1,GPU-713d5b24-2a1e-fd4a-7685-c3d195ff9230,244.37,1410,1593,98,45,73511,44
2026/07/24 16:18:39.991,2026/07/24 16:18:39.978,2026/07/24 16:18:40.004,0,GPU-e2681f6e-8d94-2d66-484f-43ea602335f9,425.79,1410,1593,100,17,73511,76
2026/07/24 16:18:39.991,2026/07/24 16:18:39.978,2026/07/24 16:18:40.004,1,GPU-713d5b24-2a1e-fd4a-7685-c3d195ff9230,235.06,1410,1593,98,51,73511,44
2026/07/24 16:18:40.244,2026/07/24 16:18:40.228,2026/07/24 16:18:40.260,0,GPU-e2681f6e-8d94-2d66-484f-43ea602335f9,426.59,1410,1593,100,16,73511,76
2026/07/24 16:18:40.244,2026/07/24 16:18:40.228,2026/07/24 16:18:40.260,1,GPU-713d5b24-2a1e-fd4a-7685-c3d195ff9230,243.50,1410,1593,97,43,73511,45
2026/07/24 16:18:40.492,2026/07/24 16:18:40.478,2026/07/24 16:18:40.506,0,GPU-e2681f6e-8d94-2d66-484f-43ea602335f9,428.70,1410,1593,100,13,73511,76
2026/07/24 16:18:40.492,2026/07/24 16:18:40.478,2026/07/24 16:18:40.506,1,GPU-713d5b24-2a1e-fd4a-7685-c3d195ff9230,86.17,1410,1593,7,4,73511,41
2026/07/24 16:18:40.742,2026/07/24 16:18:40.728,2026/07/24 16:18:40.756,0,GPU-e2681f6e-8d94-2d66-484f-43ea602335f9,443.46,1410,1593,100,17,73511,76
2026/07/24 16:18:40.742,2026/07/24 16:18:40.728,2026/07/24 16:18:40.756,1,GPU-713d5b24-2a1e-fd4a-7685-c3d195ff9230,95.20,1410,1593,24,0,73511,42
2026/07/24 16:18:40.991,2026/07/24 16:18:40.978,2026/07/24 16:18:41.004,0,GPU-e2681f6e-8d94-2d66-484f-43ea602335f9,424.01,1410,1593,100,15,73511,76
2026/07/24 16:18:40.991,2026/07/24 16:18:40.978,2026/07/24 16:18:41.004,1,GPU-713d5b24-2a1e-fd4a-7685-c3d195ff9230,242.58,1410,1593,93,47,73511,44
2026/07/24 16:18:41.241,2026/07/24 16:18:41.228,2026/07/24 16:18:41.254,0,GPU-e2681f6e-8d94-2d66-484f-43ea602335f9,433.78,1410,1593,100,15,73511,76
2026/07/24 16:18:41.241,2026/07/24 16:18:41.228,2026/07/24 16:18:41.254,1,GPU-713d5b24-2a1e-fd4a-7685-c3d195ff9230,86.26,1410,1593,70,37,73511,42
2026/07/24 16:18:41.493,2026/07/24 16:18:41.478,2026/07/24 16:18:41.508,0,GPU-e2681f6e-8d94-2d66-484f-43ea602335f9,419.46,1410,1593,100,17,73511,76
2026/07/24 16:18:41.493,2026/07/24 16:18:41.478,2026/07/24 16:18:41.508,1,GPU-713d5b24-2a1e-fd4a-7685-c3d195ff9230,247.08,1410,1593,51,16,73511,44
2026/07/24 16:18:41.744,2026/07/24 16:18:41.728,2026/07/24 16:18:41.759,0,GPU-e2681f6e-8d94-2d66-484f-43ea602335f9,422.65,1410,1593,100,12,73511,76
2026/07/24 16:18:41.744,2026/07/24 16:18:41.728,2026/07/24 16:18:41.759,1,GPU-713d5b24-2a1e-fd4a-7685-c3d195ff9230,85.84,1410,1593,53,28,73511,40
2026/07/24 16:18:41.996,2026/07/24 16:18:41.978,2026/07/24 16:18:42.014,0,GPU-e2681f6e-8d94-2d66-484f-43ea602335f9,432.27,1410,1593,100,18,73511,76
2026/07/24 16:18:41.996,2026/07/24 16:18:41.978,2026/07/24 16:18:42.014,1,GPU-713d5b24-2a1e-fd4a-7685-c3d195ff9230,244.37,1410,1593,49,14,73511,43
2026/07/24 16:18:42.243,2026/07/24 16:18:42.229,2026/07/24 16:18:42.257,0,GPU-e2681f6e-8d94-2d66-484f-43ea602335f9,426.27,1410,1593,100,15,73511,76
2026/07/24 16:18:42.243,2026/07/24 16:18:42.229,2026/07/24 16:18:42.257,1,GPU-713d5b24-2a1e-fd4a-7685-c3d195ff9230,86.17,1410,1593,100,52,73511,41
2026/07/24 16:18:42.493,2026/07/24 16:18:42.479,2026/07/24 16:18:42.508,0,GPU-e2681f6e-8d94-2d66-484f-43ea602335f9,422.38,1410,1593,100,13,73511,76
2026/07/24 16:18:42.493,2026/07/24 16:18:42.479,2026/07/24 16:18:42.508,1,GPU-713d5b24-2a1e-fd4a-7685-c3d195ff9230,85.25,1410,1593,0,0,73511,39
2026/07/24 16:18:42.742,2026/07/24 16:18:42.729,2026/07/24 16:18:42.756,0,GPU-e2681f6e-8d94-2d66-484f-43ea602335f9,429.30,1410,1593,100,17,73511,77
2026/07/24 16:18:42.742,2026/07/24 16:18:42.729,2026/07/24 16:18:42.756,1,GPU-713d5b24-2a1e-fd4a-7685-c3d195ff9230,244.69,1410,1593,76,26,73511,42
2026/07/24 16:18:42.993,2026/07/24 16:18:42.979,2026/07/24 16:18:43.007,0,GPU-e2681f6e-8d94-2d66-484f-43ea602335f9,422.22,1410,1593,100,13,73511,76
2026/07/24 16:18:42.993,2026/07/24 16:18:42.979,2026/07/24 16:18:43.007,1,GPU-713d5b24-2a1e-fd4a-7685-c3d195ff9230,86.17,1410,1593,88,46,73511,40
2026/07/24 16:18:43.245,2026/07/24 16:18:43.229,2026/07/24 16:18:43.262,0,GPU-e2681f6e-8d94-2d66-484f-43ea602335f9,448.54,1410,1593,100,14,73511,76
2026/07/24 16:18:43.245,2026/07/24 16:18:43.229,2026/07/24 16:18:43.262,1,GPU-713d5b24-2a1e-fd4a-7685-c3d195ff9230,97.91,1410,1593,26,2,73511,39
2026/07/24 16:18:43.518,2026/07/24 16:18:43.479,2026/07/24 16:18:43.558,0,GPU-e2681f6e-8d94-2d66-484f-43ea602335f9,432.59,1410,1593,100,17,73511,76
2026/07/24 16:18:43.518,2026/07/24 16:18:43.479,2026/07/24 16:18:43.558,1,GPU-713d5b24-2a1e-fd4a-7685-c3d195ff9230,193.44,1410,1593,100,52,73511,43
2026/07/24 16:18:43.742,2026/07/24 16:18:43.729,2026/07/24 16:18:43.755,0,GPU-e2681f6e-8d94-2d66-484f-43ea602335f9,427.31,1410,1593,100,15,73511,76
2026/07/24 16:18:43.742,2026/07/24 16:18:43.729,2026/07/24 16:18:43.755,1,GPU-713d5b24-2a1e-fd4a-7685-c3d195ff9230,243.18,1410,1593,63,24,73511,43
2026/07/24 16:18:43.993,2026/07/24 16:18:43.979,2026/07/24 16:18:44.006,0,GPU-e2681f6e-8d94-2d66-484f-43ea602335f9,416.65,1410,1593,100,14,73511,76
2026/07/24 16:18:43.993,2026/07/24 16:18:43.979,2026/07/24 16:18:44.006,1,GPU-713d5b24-2a1e-fd4a-7685-c3d195ff9230,149.16,1410,1593,100,53,73511,41
2026/07/24 16:18:44.246,2026/07/24 16:18:44.229,2026/07/24 16:18:44.262,0,GPU-e2681f6e-8d94-2d66-484f-43ea602335f9,436.22,1410,1593,100,17,73511,76
2026/07/24 16:18:44.246,2026/07/24 16:18:44.229,2026/07/24 16:18:44.262,1,GPU-713d5b24-2a1e-fd4a-7685-c3d195ff9230,85.57,1410,1593,28,15,73511,42
2026/07/24 16:18:44.495,2026/07/24 16:18:44.480,2026/07/24 16:18:44.511,0,GPU-e2681f6e-8d94-2d66-484f-43ea602335f9,415.13,1410,1593,100,16,73511,76
2026/07/24 16:18:44.495,2026/07/24 16:18:44.480,2026/07/24 16:18:44.511,1,GPU-713d5b24-2a1e-fd4a-7685-c3d195ff9230,244.69,1410,1593,100,52,73511,44
2026/07/24 16:18:44.745,2026/07/24 16:18:44.730,2026/07/24 16:18:44.761,0,GPU-e2681f6e-8d94-2d66-484f-43ea602335f9,425.67,1410,1593,100,15,73511,76
2026/07/24 16:18:44.745,2026/07/24 16:18:44.730,2026/07/24 16:18:44.761,1,GPU-713d5b24-2a1e-fd4a-7685-c3d195ff9230,86.76,1410,1593,49,26,73511,40
2026/07/24 16:18:44.995,2026/07/24 16:18:44.980,2026/07/24 16:18:45.011,0,GPU-e2681f6e-8d94-2d66-484f-43ea602335f9,424.33,1410,1593,100,17,73511,76
2026/07/24 16:18:44.995,2026/07/24 16:18:44.980,2026/07/24 16:18:45.011,1,GPU-713d5b24-2a1e-fd4a-7685-c3d195ff9230,237.17,1410,1593,64,22,73511,43
2026/07/24 16:18:45.243,2026/07/24 16:18:45.230,2026/07/24 16:18:45.256,0,GPU-e2681f6e-8d94-2d66-484f-43ea602335f9,424.60,1410,1593,100,14,73511,76
2026/07/24 16:18:45.243,2026/07/24 16:18:45.230,2026/07/24 16:18:45.256,1,GPU-713d5b24-2a1e-fd4a-7685-c3d195ff9230,127.46,1410,1593,100,52,73511,41
2026/07/24 16:18:45.494,2026/07/24 16:18:45.480,2026/07/24 16:18:45.509,0,GPU-e2681f6e-8d94-2d66-484f-43ea602335f9,432.27,1410,1593,100,14,73511,76
2026/07/24 16:18:45.494,2026/07/24 16:18:45.480,2026/07/24 16:18:45.509,1,GPU-713d5b24-2a1e-fd4a-7685-c3d195ff9230,248.91,1410,1593,26,13,73511,43
2026/07/24 16:18:45.743,2026/07/24 16:18:45.730,2026/07/24 16:18:45.757,0,GPU-e2681f6e-8d94-2d66-484f-43ea602335f9,425.20,1410,1593,100,14,73511,76
2026/07/24 16:18:45.743,2026/07/24 16:18:45.730,2026/07/24 16:18:45.757,1,GPU-713d5b24-2a1e-fd4a-7685-c3d195ff9230,245.62,1410,1593,92,48,73511,41
2026/07/24 16:18:45.997,2026/07/24 16:18:45.980,2026/07/24 16:18:46.014,0,GPU-e2681f6e-8d94-2d66-484f-43ea602335f9,426.59,1410,1593,100,14,73511,76
2026/07/24 16:18:45.997,2026/07/24 16:18:45.980,2026/07/24 16:18:46.014,1,GPU-713d5b24-2a1e-fd4a-7685-c3d195ff9230,85.57,1410,1593,0,0,73511,39
2026/07/24 16:18:46.244,2026/07/24 16:18:46.230,2026/07/24 16:18:46.259,0,GPU-e2681f6e-8d94-2d66-484f-43ea602335f9,430.49,1410,1593,100,17,73511,76
2026/07/24 16:18:46.244,2026/07/24 16:18:46.230,2026/07/24 16:18:46.259,1,GPU-713d5b24-2a1e-fd4a-7685-c3d195ff9230,246.48,1410,1593,29,4,73511,43
2026/07/24 16:18:46.496,2026/07/24 16:18:46.480,2026/07/24 16:18:46.511,0,GPU-e2681f6e-8d94-2d66-484f-43ea602335f9,436.35,1410,1593,100,16,73511,77
2026/07/24 16:18:46.496,2026/07/24 16:18:46.480,2026/07/24 16:18:46.511,1,GPU-713d5b24-2a1e-fd4a-7685-c3d195ff9230,247.08,1410,1593,100,52,73511,43
2026/07/24 16:18:46.743,2026/07/24 16:18:46.730,2026/07/24 16:18:46.755,0,GPU-e2681f6e-8d94-2d66-484f-43ea602335f9,427.63,1410,1593,100,14,73511,76
2026/07/24 16:18:46.743,2026/07/24 16:18:46.730,2026/07/24 16:18:46.755,1,GPU-713d5b24-2a1e-fd4a-7685-c3d195ff9230,87.36,1410,1593,100,53,73511,44
2026/07/24 16:18:46.995,2026/07/24 16:18:46.980,2026/07/24 16:18:47.011,0,GPU-e2681f6e-8d94-2d66-484f-43ea602335f9,429.57,1410,1593,100,16,73511,76
2026/07/24 16:18:46.995,2026/07/24 16:18:46.980,2026/07/24 16:18:47.011,1,GPU-713d5b24-2a1e-fd4a-7685-c3d195ff9230,85.57,1410,1593,2,1,73511,40
2026/07/24 16:18:47.246,2026/07/24 16:18:47.230,2026/07/24 16:18:47.262,0,GPU-e2681f6e-8d94-2d66-484f-43ea602335f9,425.67,1410,1593,100,16,73511,76
2026/07/24 16:18:47.246,2026/07/24 16:18:47.230,2026/07/24 16:18:47.262,1,GPU-713d5b24-2a1e-fd4a-7685-c3d195ff9230,247.40,1410,1593,60,21,73511,43
2026/07/24 16:18:47.495,2026/07/24 16:18:47.480,2026/07/24 16:18:47.509,0,GPU-e2681f6e-8d94-2d66-484f-43ea602335f9,415.13,1410,1593,100,13,73511,76
2026/07/24 16:18:47.495,2026/07/24 16:18:47.480,2026/07/24 16:18:47.509,1,GPU-713d5b24-2a1e-fd4a-7685-c3d195ff9230,85.84,1410,1593,100,52,73511,40
2026/07/24 16:18:47.745,2026/07/24 16:18:47.731,2026/07/24 16:18:47.759,0,GPU-e2681f6e-8d94-2d66-484f-43ea602335f9,427.18,1410,1593,100,15,73511,76
2026/07/24 16:18:47.745,2026/07/24 16:18:47.731,2026/07/24 16:18:47.759,1,GPU-713d5b24-2a1e-fd4a-7685-c3d195ff9230,236.84,1410,1593,65,22,73511,43
2026/07/24 16:18:47.993,2026/07/24 16:18:47.981,2026/07/24 16:18:48.006,0,GPU-e2681f6e-8d94-2d66-484f-43ea602335f9,428.55,1410,1593,100,13,73511,76
2026/07/24 16:18:47.993,2026/07/24 16:18:47.981,2026/07/24 16:18:48.006,1,GPU-713d5b24-2a1e-fd4a-7685-c3d195ff9230,241.07,1410,1593,100,52,73511,42
2026/07/24 16:18:48.245,2026/07/24 16:18:48.231,2026/07/24 16:18:48.260,0,GPU-e2681f6e-8d94-2d66-484f-43ea602335f9,455.19,1410,1593,100,13,73511,77
2026/07/24 16:18:48.245,2026/07/24 16:18:48.231,2026/07/24 16:18:48.260,1,GPU-713d5b24-2a1e-fd4a-7685-c3d195ff9230,91.58,1410,1593,43,23,73511,41
2026/07/24 16:18:48.503,2026/07/24 16:18:48.481,2026/07/24 16:18:48.526,0,GPU-e2681f6e-8d94-2d66-484f-43ea602335f9,432.00,1410,1593,100,17,73511,76
2026/07/24 16:18:48.503,2026/07/24 16:18:48.481,2026/07/24 16:18:48.526,1,GPU-713d5b24-2a1e-fd4a-7685-c3d195ff9230,242.91,1410,1593,100,52,73511,43
2026/07/24 16:18:48.746,2026/07/24 16:18:48.731,2026/07/24 16:18:48.761,0,GPU-e2681f6e-8d94-2d66-484f-43ea602335f9,443.14,1410,1593,100,15,73511,77
2026/07/24 16:18:48.746,2026/07/24 16:18:48.731,2026/07/24 16:18:48.761,1,GPU-713d5b24-2a1e-fd4a-7685-c3d195ff9230,85.84,1410,1593,19,4,73511,41
2026/07/24 16:18:48.996,2026/07/24 16:18:48.981,2026/07/24 16:18:49.010,0,GPU-e2681f6e-8d94-2d66-484f-43ea602335f9,422.49,1410,1593,100,15,73511,76
2026/07/24 16:18:48.996,2026/07/24 16:18:48.981,2026/07/24 16:18:49.010,1,GPU-713d5b24-2a1e-fd4a-7685-c3d195ff9230,233.55,1410,1593,97,48,73511,44
2026/07/24 16:18:49.246,2026/07/24 16:18:49.231,2026/07/24 16:18:49.262,0,GPU-e2681f6e-8d94-2d66-484f-43ea602335f9,419.35,1410,1593,100,13,73511,76
2026/07/24 16:18:49.246,2026/07/24 16:18:49.231,2026/07/24 16:18:49.262,1,GPU-713d5b24-2a1e-fd4a-7685-c3d195ff9230,85.84,1410,1593,34,18,73511,39
2026/07/24 16:18:49.498,2026/07/24 16:18:49.481,2026/07/24 16:18:49.515,0,GPU-e2681f6e-8d94-2d66-484f-43ea602335f9,434.56,1410,1593,100,15,73511,77
2026/07/24 16:18:49.498,2026/07/24 16:18:49.481,2026/07/24 16:18:49.515,1,GPU-713d5b24-2a1e-fd4a-7685-c3d195ff9230,191.65,1410,1593,0,0,73511,39
2026/07/24 16:18:49.747,2026/07/24 16:18:49.731,2026/07/24 16:18:49.763,0,GPU-e2681f6e-8d94-2d66-484f-43ea602335f9,415.13,1410,1593,100,17,73511,76
2026/07/24 16:18:49.747,2026/07/24 16:18:49.731,2026/07/24 16:18:49.763,1,GPU-713d5b24-2a1e-fd4a-7685-c3d195ff9230,245.88,1410,1593,100,52,73511,43
2026/07/24 16:18:50.000,2026/07/24 16:18:49.981,2026/07/24 16:18:50.019,0,GPU-e2681f6e-8d94-2d66-484f-43ea602335f9,439.84,1410,1593,100,15,73511,76
2026/07/24 16:18:50.000,2026/07/24 16:18:49.981,2026/07/24 16:18:50.019,1,GPU-713d5b24-2a1e-fd4a-7685-c3d195ff9230,85.57,1410,1593,27,14,73511,40
2026/07/24 16:18:50.246,2026/07/24 16:18:50.231,2026/07/24 16:18:50.262,0,GPU-e2681f6e-8d94-2d66-484f-43ea602335f9,426.71,1410,1593,100,17,73511,76
2026/07/24 16:18:50.246,2026/07/24 16:18:50.231,2026/07/24 16:18:50.262,1,GPU-713d5b24-2a1e-fd4a-7685-c3d195ff9230,243.50,1410,1593,57,19,73511,43
2026/07/24 16:18:50.495,2026/07/24 16:18:50.481,2026/07/24 16:18:50.508,0,GPU-e2681f6e-8d94-2d66-484f-43ea602335f9,411.07,1410,1593,100,14,73511,76
2026/07/24 16:18:50.495,2026/07/24 16:18:50.481,2026/07/24 16:18:50.508,1,GPU-713d5b24-2a1e-fd4a-7685-c3d195ff9230,86.49,1410,1593,92,48,73511,40
2026/07/24 16:18:50.746,2026/07/24 16:18:50.732,2026/07/24 16:18:50.761,0,GPU-e2681f6e-8d94-2d66-484f-43ea602335f9,430.22,1410,1593,100,17,73511,76
2026/07/24 16:18:50.746,2026/07/24 16:18:50.732,2026/07/24 16:18:50.761,1,GPU-713d5b24-2a1e-fd4a-7685-c3d195ff9230,237.77,1410,1593,64,22,73511,42
2026/07/24 16:18:50.996,2026/07/24 16:18:50.982,2026/07/24 16:18:51.010,0,GPU-e2681f6e-8d94-2d66-484f-43ea602335f9,422.97,1410,1593,100,14,73511,76
2026/07/24 16:18:50.996,2026/07/24 16:18:50.982,2026/07/24 16:18:51.010,1,GPU-713d5b24-2a1e-fd4a-7685-c3d195ff9230,238.36,1410,1593,100,52,73511,41
2026/07/24 16:18:51.248,2026/07/24 16:18:51.232,2026/07/24 16:18:51.264,0,GPU-e2681f6e-8d94-2d66-484f-43ea602335f9,433.51,1410,1593,100,13,73511,76
2026/07/24 16:18:51.248,2026/07/24 16:18:51.232,2026/07/24 16:18:51.264,1,GPU-713d5b24-2a1e-fd4a-7685-c3d195ff9230,85.57,1410,1593,15,8,73511,39
2026/07/24 16:18:51.497,2026/07/24 16:18:51.482,2026/07/24 16:18:51.512,0,GPU-e2681f6e-8d94-2d66-484f-43ea602335f9,428.23,1410,1593,100,16,73511,76
2026/07/24 16:18:51.497,2026/07/24 16:18:51.482,2026/07/24 16:18:51.512,1,GPU-713d5b24-2a1e-fd4a-7685-c3d195ff9230,245.62,1410,1593,6,0,73511,43
2026/07/24 16:18:51.746,2026/07/24 16:18:51.732,2026/07/24 16:18:51.760,0,GPU-e2681f6e-8d94-2d66-484f-43ea602335f9,417.56,1410,1593,100,15,73511,76
2026/07/24 16:18:51.746,2026/07/24 16:18:51.732,2026/07/24 16:18:51.760,1,GPU-713d5b24-2a1e-fd4a-7685-c3d195ff9230,215.46,1410,1593,96,41,73511,42
2026/07/24 16:18:51.996,2026/07/24 16:18:51.982,2026/07/24 16:18:52.010,0,GPU-e2681f6e-8d94-2d66-484f-43ea602335f9,444.33,1410,1593,100,16,73511,76
2026/07/24 16:18:51.996,2026/07/24 16:18:51.982,2026/07/24 16:18:52.010,1,GPU-713d5b24-2a1e-fd4a-7685-c3d195ff9230,85.57,1410,1593,11,0,73511,42
2026/07/24 16:18:52.247,2026/07/24 16:18:52.232,2026/07/24 16:18:52.263,0,GPU-e2681f6e-8d94-2d66-484f-43ea602335f9,420.70,1410,1593,100,15,73511,76
2026/07/24 16:18:52.247,2026/07/24 16:18:52.232,2026/07/24 16:18:52.263,1,GPU-713d5b24-2a1e-fd4a-7685-c3d195ff9230,240.80,1410,1593,97,45,73511,44
2026/07/24 16:18:52.496,2026/07/24 16:18:52.482,2026/07/24 16:18:52.509,0,GPU-e2681f6e-8d94-2d66-484f-43ea602335f9,421.45,1410,1593,100,13,73511,76
2026/07/24 16:18:52.496,2026/07/24 16:18:52.482,2026/07/24 16:18:52.509,1,GPU-713d5b24-2a1e-fd4a-7685-c3d195ff9230,85.57,1410,1593,6,3,73511,41
2026/07/24 16:18:52.748,2026/07/24 16:18:52.732,2026/07/24 16:18:52.763,0,GPU-e2681f6e-8d94-2d66-484f-43ea602335f9,425.99,1410,1593,100,13,73511,76
2026/07/24 16:18:52.748,2026/07/24 16:18:52.732,2026/07/24 16:18:52.763,1,GPU-713d5b24-2a1e-fd4a-7685-c3d195ff9230,215.14,1410,1593,49,13,73511,42
2026/07/24 16:18:52.996,2026/07/24 16:18:52.982,2026/07/24 16:18:53.010,0,GPU-e2681f6e-8d94-2d66-484f-43ea602335f9,419.79,1410,1593,100,14,73511,76
2026/07/24 16:18:52.996,2026/07/24 16:18:52.982,2026/07/24 16:18:53.010,1,GPU-713d5b24-2a1e-fd4a-7685-c3d195ff9230,86.17,1410,1593,93,48,73511,42
2026/07/24 16:18:53.247,2026/07/24 16:18:53.233,2026/07/24 16:18:53.261,0,GPU-e2681f6e-8d94-2d66-484f-43ea602335f9,429.57,1410,1593,100,12,73511,76
2026/07/24 16:18:53.247,2026/07/24 16:18:53.233,2026/07/24 16:18:53.261,1,GPU-713d5b24-2a1e-fd4a-7685-c3d195ff9230,85.25,1410,1593,0,0,73511,39
2026/07/24 16:18:53.497,2026/07/24 16:18:53.483,2026/07/24 16:18:53.511,0,GPU-e2681f6e-8d94-2d66-484f-43ea602335f9,430.34,1410,1593,100,17,73511,76
2026/07/24 16:18:53.497,2026/07/24 16:18:53.483,2026/07/24 16:18:53.511,1,GPU-713d5b24-2a1e-fd4a-7685-c3d195ff9230,237.17,1410,1593,0,0,73511,42
2026/07/24 16:18:53.748,2026/07/24 16:18:53.733,2026/07/24 16:18:53.763,0,GPU-e2681f6e-8d94-2d66-484f-43ea602335f9,428.70,1410,1593,100,16,73511,76
2026/07/24 16:18:53.748,2026/07/24 16:18:53.733,2026/07/24 16:18:53.763,1,GPU-713d5b24-2a1e-fd4a-7685-c3d195ff9230,133.47,1410,1593,78,41,73511,41
2026/07/24 16:18:53.999,2026/07/24 16:18:53.983,2026/07/24 16:18:54.015,0,GPU-e2681f6e-8d94-2d66-484f-43ea602335f9,421.57,1410,1593,100,15,73511,76
2026/07/24 16:18:53.999,2026/07/24 16:18:53.983,2026/07/24 16:18:54.015,1,GPU-713d5b24-2a1e-fd4a-7685-c3d195ff9230,240.80,1410,1593,86,36,73511,44
2026/07/24 16:18:54.248,2026/07/24 16:18:54.233,2026/07/24 16:18:54.263,0,GPU-e2681f6e-8d94-2d66-484f-43ea602335f9,423.89,1410,1593,100,14,73511,76
2026/07/24 16:18:54.248,2026/07/24 16:18:54.233,2026/07/24 16:18:54.263,1,GPU-713d5b24-2a1e-fd4a-7685-c3d195ff9230,85.84,1410,1593,76,40,73511,40
2026/07/24 16:18:54.521,2026/07/24 16:18:54.483,2026/07/24 16:18:54.558,0,GPU-e2681f6e-8d94-2d66-484f-43ea602335f9,428.97,1410,1593,100,17,73511,77
2026/07/24 16:18:54.521,2026/07/24 16:18:54.483,2026/07/24 16:18:54.558,1,GPU-713d5b24-2a1e-fd4a-7685-c3d195ff9230,241.99,1410,1593,97,48,73511,43
2026/07/24 16:18:54.747,2026/07/24 16:18:54.733,2026/07/24 16:18:54.761,0,GPU-e2681f6e-8d94-2d66-484f-43ea602335f9,418.75,1410,1593,100,16,73511,76
2026/07/24 16:18:54.747,2026/07/24 16:18:54.733,2026/07/24 16:18:54.761,1,GPU-713d5b24-2a1e-fd4a-7685-c3d195ff9230,86.17,1410,1593,40,21,73511,41
2026/07/24 16:18:54.996,2026/07/24 16:18:54.983,2026/07/24 16:18:55.009,0,GPU-e2681f6e-8d94-2d66-484f-43ea602335f9,426.86,1410,1593,100,13,73511,76
2026/07/24 16:18:54.996,2026/07/24 16:18:54.983,2026/07/24 16:18:55.009,1,GPU-713d5b24-2a1e-fd4a-7685-c3d195ff9230,84.97,1410,1593,0,0,73511,39
2026/07/24 16:18:55.249,2026/07/24 16:18:55.233,2026/07/24 16:18:55.264,0,GPU-e2681f6e-8d94-2d66-484f-43ea602335f9,434.38,1410,1593,100,17,73511,76
2026/07/24 16:18:55.249,2026/07/24 16:18:55.233,2026/07/24 16:18:55.264,1,GPU-713d5b24-2a1e-fd4a-7685-c3d195ff9230,241.66,1410,1593,31,3,73511,41
2026/07/24 16:18:55.497,2026/07/24 16:18:55.483,2026/07/24 16:18:55.511,0,GPU-e2681f6e-8d94-2d66-484f-43ea602335f9,426.71,1410,1593,100,14,73511,76
2026/07/24 16:18:55.497,2026/07/24 16:18:55.483,2026/07/24 16:18:55.511,1,GPU-713d5b24-2a1e-fd4a-7685-c3d195ff9230,243.77,1410,1593,100,51,73511,43
2026/07/24 16:18:55.749,2026/07/24 16:18:55.734,2026/07/24 16:18:55.765,0,GPU-e2681f6e-8d94-2d66-484f-43ea602335f9,420.70,1410,1593,100,12,73511,76
2026/07/24 16:18:55.749,2026/07/24 16:18:55.734,2026/07/24 16:18:55.765,1,GPU-713d5b24-2a1e-fd4a-7685-c3d195ff9230,85.25,1410,1593,89,46,73511,39
2026/07/24 16:18:55.997,2026/07/24 16:18:55.984,2026/07/24 16:18:56.011,0,GPU-e2681f6e-8d94-2d66-484f-43ea602335f9,430.22,1410,1593,100,16,73511,76
2026/07/24 16:18:55.997,2026/07/24 16:18:55.984,2026/07/24 16:18:56.011,1,GPU-713d5b24-2a1e-fd4a-7685-c3d195ff9230,237.77,1410,1593,70,24,73511,43
2026/07/24 16:18:56.249,2026/07/24 16:18:56.234,2026/07/24 16:18:56.264,0,GPU-e2681f6e-8d94-2d66-484f-43ea602335f9,426.86,1410,1593,100,17,73511,77
2026/07/24 16:18:56.249,2026/07/24 16:18:56.234,2026/07/24 16:18:56.264,1,GPU-713d5b24-2a1e-fd4a-7685-c3d195ff9230,115.72,1410,1593,100,52,73511,43
2026/07/24 16:18:56.497,2026/07/24 16:18:56.484,2026/07/24 16:18:56.511,0,GPU-e2681f6e-8d94-2d66-484f-43ea602335f9,429.57,1410,1593,100,16,73511,76
2026/07/24 16:18:56.497,2026/07/24 16:18:56.484,2026/07/24 16:18:56.511,1,GPU-713d5b24-2a1e-fd4a-7685-c3d195ff9230,243.50,1410,1593,96,42,73511,44
2026/07/24 16:18:56.749,2026/07/24 16:18:56.734,2026/07/24 16:18:56.763,0,GPU-e2681f6e-8d94-2d66-484f-43ea602335f9,431.08,1410,1593,100,15,73511,77
2026/07/24 16:18:56.749,2026/07/24 16:18:56.734,2026/07/24 16:18:56.763,1,GPU-713d5b24-2a1e-fd4a-7685-c3d195ff9230,247.72,1410,1593,88,47,73511,44
2026/07/24 16:18:57.000,2026/07/24 16:18:56.984,2026/07/24 16:18:57.016,0,GPU-e2681f6e-8d94-2d66-484f-43ea602335f9,425.67,1410,1593,100,17,73511,76
2026/07/24 16:18:57.000,2026/07/24 16:18:56.984,2026/07/24 16:18:57.016,1,GPU-713d5b24-2a1e-fd4a-7685-c3d195ff9230,163.94,1410,1593,100,53,73511,44
2026/07/24 16:18:57.248,2026/07/24 16:18:57.234,2026/07/24 16:18:57.263,0,GPU-e2681f6e-8d94-2d66-484f-43ea602335f9,428.97,1410,1593,100,17,73511,76
2026/07/24 16:18:57.248,2026/07/24 16:18:57.234,2026/07/24 16:18:57.263,1,GPU-713d5b24-2a1e-fd4a-7685-c3d195ff9230,242.26,1410,1593,44,16,73511,43
2026/07/24 16:18:57.497,2026/07/24 16:18:57.484,2026/07/24 16:18:57.510,0,GPU-e2681f6e-8d94-2d66-484f-43ea602335f9,426.86,1410,1593,100,15,73511,76
2026/07/24 16:18:57.497,2026/07/24 16:18:57.484,2026/07/24 16:18:57.510,1,GPU-713d5b24-2a1e-fd4a-7685-c3d195ff9230,90.39,1410,1593,98,50,73511,44
2026/07/24 16:18:57.747,2026/07/24 16:18:57.734,2026/07/24 16:18:57.759,0,GPU-e2681f6e-8d94-2d66-484f-43ea602335f9,429.57,1410,1593,100,12,73511,76
2026/07/24 16:18:57.747,2026/07/24 16:18:57.734,2026/07/24 16:18:57.759,1,GPU-713d5b24-2a1e-fd4a-7685-c3d195ff9230,85.25,1410,1593,0,0,73511,39
2026/07/24 16:18:57.999,2026/07/24 16:18:57.984,2026/07/24 16:18:58.014,0,GPU-e2681f6e-8d94-2d66-484f-43ea602335f9,432.45,1410,1593,100,15,73511,76
2026/07/24 16:18:57.999,2026/07/24 16:18:57.984,2026/07/24 16:18:58.014,1,GPU-713d5b24-2a1e-fd4a-7685-c3d195ff9230,186.24,1410,1593,44,11,73511,42
2026/07/24 16:18:58.250,2026/07/24 16:18:58.235,2026/07/24 16:18:58.265,0,GPU-e2681f6e-8d94-2d66-484f-43ea602335f9,430.49,1410,1593,100,16,73511,76
2026/07/24 16:18:58.250,2026/07/24 16:18:58.235,2026/07/24 16:18:58.265,1,GPU-713d5b24-2a1e-fd4a-7685-c3d195ff9230,87.36,1410,1593,100,52,73511,43
2026/07/24 16:18:58.499,2026/07/24 16:18:58.485,2026/07/24 16:18:58.513,0,GPU-e2681f6e-8d94-2d66-484f-43ea602335f9,422.97,1410,1593,100,17,73511,76
2026/07/24 16:18:58.499,2026/07/24 16:18:58.485,2026/07/24 16:18:58.513,1,GPU-713d5b24-2a1e-fd4a-7685-c3d195ff9230,244.96,1410,1593,60,24,73511,44
2026/07/24 16:18:58.748,2026/07/24 16:18:58.735,2026/07/24 16:18:58.761,0,GPU-e2681f6e-8d94-2d66-484f-43ea602335f9,422.65,1410,1593,100,13,73511,76
2026/07/24 16:18:58.748,2026/07/24 16:18:58.735,2026/07/24 16:18:58.761,1,GPU-713d5b24-2a1e-fd4a-7685-c3d195ff9230,86.17,1410,1593,44,24,73511,42
2026/07/24 16:18:58.998,2026/07/24 16:18:58.985,2026/07/24 16:18:59.011,0,GPU-e2681f6e-8d94-2d66-484f-43ea602335f9,428.70,1410,1593,100,16,73511,76
2026/07/24 16:18:58.998,2026/07/24 16:18:58.985,2026/07/24 16:18:59.011,1,GPU-713d5b24-2a1e-fd4a-7685-c3d195ff9230,241.40,1410,1593,69,25,73511,43
2026/07/24 16:18:59.251,2026/07/24 16:18:59.235,2026/07/24 16:18:59.267,0,GPU-e2681f6e-8d94-2d66-484f-43ea602335f9,442.55,1410,1593,100,16,73511,76
2026/07/24 16:18:59.251,2026/07/24 16:18:59.235,2026/07/24 16:18:59.267,1,GPU-713d5b24-2a1e-fd4a-7685-c3d195ff9230,192.57,1410,1593,100,52,73511,44
2026/07/24 16:18:59.499,2026/07/24 16:18:59.485,2026/07/24 16:18:59.513,0,GPU-e2681f6e-8d94-2d66-484f-43ea602335f9,424.48,1410,1593,100,17,73511,76
2026/07/24 16:18:59.499,2026/07/24 16:18:59.485,2026/07/24 16:18:59.513,1,GPU-713d5b24-2a1e-fd4a-7685-c3d195ff9230,247.99,1410,1593,97,44,73511,44
2026/07/24 16:18:59.814,2026/07/24 16:18:59.735,2026/07/24 16:18:59.893,0,GPU-e2681f6e-8d94-2d66-484f-43ea602335f9,432.00,1410,1593,100,14,73511,76
2026/07/24 16:18:59.814,2026/07/24 16:18:59.735,2026/07/24 16:18:59.893,1,GPU-713d5b24-2a1e-fd4a-7685-c3d195ff9230,86.17,1410,1593,73,39,73511,40
2026/07/24 16:19:00.000,2026/07/24 16:18:59.985,2026/07/24 16:19:00.014,0,GPU-e2681f6e-8d94-2d66-484f-43ea602335f9,431.68,1410,1593,100,16,73511,77
2026/07/24 16:19:00.000,2026/07/24 16:18:59.985,2026/07/24 16:19:00.014,1,GPU-713d5b24-2a1e-fd4a-7685-c3d195ff9230,240.47,1410,1593,95,40,73511,44
2026/07/24 16:19:00.251,2026/07/24 16:19:00.235,2026/07/24 16:19:00.266,0,GPU-e2681f6e-8d94-2d66-484f-43ea602335f9,437.86,1410,1593,100,17,73511,77
2026/07/24 16:19:00.251,2026/07/24 16:19:00.235,2026/07/24 16:19:00.266,1,GPU-713d5b24-2a1e-fd4a-7685-c3d195ff9230,242.91,1410,1593,100,52,73511,44
2026/07/24 16:19:00.498,2026/07/24 16:19:00.485,2026/07/24 16:19:00.511,0,GPU-e2681f6e-8d94-2d66-484f-43ea602335f9,424.92,1410,1593,100,16,73511,76
2026/07/24 16:19:00.498,2026/07/24 16:19:00.485,2026/07/24 16:19:00.511,1,GPU-713d5b24-2a1e-fd4a-7685-c3d195ff9230,244.96,1410,1593,97,46,73511,45
2026/07/24 16:19:00.749,2026/07/24 16:19:00.735,2026/07/24 16:19:00.763,0,GPU-e2681f6e-8d94-2d66-484f-43ea602335f9,433.51,1410,1593,100,15,73511,77
2026/07/24 16:19:00.749,2026/07/24 16:19:00.735,2026/07/24 16:19:00.763,1,GPU-713d5b24-2a1e-fd4a-7685-c3d195ff9230,86.26,1410,1593,83,44,73511,42
2026/07/24 16:19:01.000,2026/07/24 16:19:00.986,2026/07/24 16:19:01.015,0,GPU-e2681f6e-8d94-2d66-484f-43ea602335f9,429.74,1410,1593,100,17,73511,76
2026/07/24 16:19:01.000,2026/07/24 16:19:00.986,2026/07/24 16:19:01.015,1,GPU-713d5b24-2a1e-fd4a-7685-c3d195ff9230,129.57,1410,1593,31,7,73511,44
2026/07/24 16:19:01.249,2026/07/24 16:19:01.236,2026/07/24 16:19:01.263,0,GPU-e2681f6e-8d94-2d66-484f-43ea602335f9,436.81,1410,1593,100,15,73511,76
2026/07/24 16:19:01.249,2026/07/24 16:19:01.236,2026/07/24 16:19:01.263,1,GPU-713d5b24-2a1e-fd4a-7685-c3d195ff9230,85.84,1410,1593,27,14,73511,40
2026/07/24 16:19:01.501,2026/07/24 16:19:01.486,2026/07/24 16:19:01.516,0,GPU-e2681f6e-8d94-2d66-484f-43ea602335f9,433.78,1410,1593,100,17,73511,77
2026/07/24 16:19:01.501,2026/07/24 16:19:01.486,2026/07/24 16:19:01.516,1,GPU-713d5b24-2a1e-fd4a-7685-c3d195ff9230,243.50,1410,1593,50,15,73511,44
2026/07/24 16:19:01.749,2026/07/24 16:19:01.736,2026/07/24 16:19:01.762,0,GPU-e2681f6e-8d94-2d66-484f-43ea602335f9,421.57,1410,1593,100,13,73511,76
2026/07/24 16:19:01.749,2026/07/24 16:19:01.736,2026/07/24 16:19:01.762,1,GPU-713d5b24-2a1e-fd4a-7685-c3d195ff9230,88.60,1410,1593,58,31,73511,41
2026/07/24 16:19:02.000,2026/07/24 16:19:01.986,2026/07/24 16:19:02.014,0,GPU-e2681f6e-8d94-2d66-484f-43ea602335f9,433.19,1410,1593,100,13,73511,76
2026/07/24 16:19:02.000,2026/07/24 16:19:01.986,2026/07/24 16:19:02.014,1,GPU-713d5b24-2a1e-fd4a-7685-c3d195ff9230,238.69,1410,1593,53,16,73511,43
2026/07/24 16:19:02.250,2026/07/24 16:19:02.236,2026/07/24 16:19:02.263,0,GPU-e2681f6e-8d94-2d66-484f-43ea602335f9,422.97,1410,1593,100,14,73511,76
2026/07/24 16:19:02.250,2026/07/24 16:19:02.236,2026/07/24 16:19:02.263,1,GPU-713d5b24-2a1e-fd4a-7685-c3d195ff9230,247.08,1410,1593,100,52,73511,44
2026/07/24 16:19:02.499,2026/07/24 16:19:02.486,2026/07/24 16:19:02.512,0,GPU-e2681f6e-8d94-2d66-484f-43ea602335f9,420.53,1410,1593,100,12,73511,76
2026/07/24 16:19:02.499,2026/07/24 16:19:02.486,2026/07/24 16:19:02.512,1,GPU-713d5b24-2a1e-fd4a-7685-c3d195ff9230,85.57,1410,1593,58,30,73511,40
2026/07/24 16:19:02.752,2026/07/24 16:19:02.736,2026/07/24 16:19:02.768,0,GPU-e2681f6e-8d94-2d66-484f-43ea602335f9,432.00,1410,1593,100,15,73511,76
2026/07/24 16:19:02.752,2026/07/24 16:19:02.736,2026/07/24 16:19:02.768,1,GPU-713d5b24-2a1e-fd4a-7685-c3d195ff9230,242.91,1410,1593,0,0,73511,41
2026/07/24 16:19:03.001,2026/07/24 16:19:02.986,2026/07/24 16:19:03.015,0,GPU-e2681f6e-8d94-2d66-484f-43ea602335f9,423.68,1410,1593,100,16,73511,76
2026/07/24 16:19:03.001,2026/07/24 16:19:02.986,2026/07/24 16:19:03.015,1,GPU-713d5b24-2a1e-fd4a-7685-c3d195ff9230,238.96,1410,1593,100,52,73511,44
2026/07/24 16:19:03.254,2026/07/24 16:19:03.236,2026/07/24 16:19:03.271,0,GPU-e2681f6e-8d94-2d66-484f-43ea602335f9,439.51,1410,1593,100,13,73511,76
2026/07/24 16:19:03.254,2026/07/24 16:19:03.236,2026/07/24 16:19:03.271,1,GPU-713d5b24-2a1e-fd4a-7685-c3d195ff9230,85.25,1410,1593,23,12,73511,40
2026/07/24 16:19:03.504,2026/07/24 16:19:03.487,2026/07/24 16:19:03.521,0,GPU-e2681f6e-8d94-2d66-484f-43ea602335f9,425.99,1410,1593,100,17,73511,76
2026/07/24 16:19:03.504,2026/07/24 16:19:03.487,2026/07/24 16:19:03.521,1,GPU-713d5b24-2a1e-fd4a-7685-c3d195ff9230,244.10,1410,1593,27,3,73511,43
2026/07/24 16:19:03.755,2026/07/24 16:19:03.737,2026/07/24 16:19:03.773,0,GPU-e2681f6e-8d94-2d66-484f-43ea602335f9,423.24,1410,1593,100,14,73511,76
2026/07/24 16:19:03.755,2026/07/24 16:19:03.737,2026/07/24 16:19:03.773,1,GPU-713d5b24-2a1e-fd4a-7685-c3d195ff9230,249.18,1410,1593,100,52,73511,41
2026/07/24 16:19:04.002,2026/07/24 16:19:03.987,2026/07/24 16:19:04.017,0,GPU-e2681f6e-8d94-2d66-484f-43ea602335f9,426.86,1410,1593,100,17,73511,77
2026/07/24 16:19:04.002,2026/07/24 16:19:03.987,2026/07/24 16:19:04.017,1,GPU-713d5b24-2a1e-fd4a-7685-c3d195ff9230,213.63,1410,1593,45,13,73511,41
2026/07/24 16:19:04.252,2026/07/24 16:19:04.237,2026/07/24 16:19:04.267,0,GPU-e2681f6e-8d94-2d66-484f-43ea602335f9,419.19,1410,1593,100,17,73511,76
2026/07/24 16:19:04.252,2026/07/24 16:19:04.237,2026/07/24 16:19:04.267,1,GPU-713d5b24-2a1e-fd4a-7685-c3d195ff9230,245.88,1410,1593,93,49,73511,41
2026/07/24 16:19:04.502,2026/07/24 16:19:04.487,2026/07/24 16:19:04.517,0,GPU-e2681f6e-8d94-2d66-484f-43ea602335f9,434.10,1410,1593,100,16,73511,76
2026/07/24 16:19:04.502,2026/07/24 16:19:04.487,2026/07/24 16:19:04.517,1,GPU-713d5b24-2a1e-fd4a-7685-c3d195ff9230,85.33,1410,1593,0,0,73511,39
2026/07/24 16:19:04.750,2026/07/24 16:19:04.737,2026/07/24 16:19:04.763,0,GPU-e2681f6e-8d94-2d66-484f-43ea602335f9,430.67,1410,1593,100,16,73511,76
2026/07/24 16:19:04.750,2026/07/24 16:19:04.737,2026/07/24 16:19:04.763,1,GPU-713d5b24-2a1e-fd4a-7685-c3d195ff9230,245.29,1410,1593,62,22,73511,44
2026/07/24 16:19:05.011,2026/07/24 16:19:04.987,2026/07/24 16:19:05.034,0,GPU-e2681f6e-8d94-2d66-484f-43ea602335f9,418.16,1410,1593,100,13,73511,76
2026/07/24 16:19:05.011,2026/07/24 16:19:04.987,2026/07/24 16:19:05.034,1,GPU-713d5b24-2a1e-fd4a-7685-c3d195ff9230,85.57,1410,1593,7,4,73511,40
2026/07/24 16:19:05.252,2026/07/24 16:19:05.237,2026/07/24 16:19:05.268,0,GPU-e2681f6e-8d94-2d66-484f-43ea602335f9,435.03,1410,1593,100,18,73511,76
2026/07/24 16:19:05.252,2026/07/24 16:19:05.237,2026/07/24 16:19:05.268,1,GPU-713d5b24-2a1e-fd4a-7685-c3d195ff9230,84.97,1410,1593,0,0,73511,41
2026/07/24 16:19:05.501,2026/07/24 16:19:05.487,2026/07/24 16:19:05.515,0,GPU-e2681f6e-8d94-2d66-484f-43ea602335f9,423.24,1410,1593,100,15,73511,76
2026/07/24 16:19:05.501,2026/07/24 16:19:05.487,2026/07/24 16:19:05.515,1,GPU-713d5b24-2a1e-fd4a-7685-c3d195ff9230,245.62,1410,1593,93,36,73511,43
2026/07/24 16:19:05.752,2026/07/24 16:19:05.737,2026/07/24 16:19:05.766,0,GPU-e2681f6e-8d94-2d66-484f-43ea602335f9,436.08,1410,1593,100,13,73511,76
2026/07/24 16:19:05.752,2026/07/24 16:19:05.737,2026/07/24 16:19:05.766,1,GPU-713d5b24-2a1e-fd4a-7685-c3d195ff9230,85.33,1410,1593,53,27,73511,39
2026/07/24 16:19:06.001,2026/07/24 16:19:05.988,2026/07/24 16:19:06.015,0,GPU-e2681f6e-8d94-2d66-484f-43ea602335f9,433.19,1410,1593,100,17,73511,76
2026/07/24 16:19:06.001,2026/07/24 16:19:05.988,2026/07/24 16:19:06.015,1,GPU-713d5b24-2a1e-fd4a-7685-c3d195ff9230,239.55,1410,1593,96,43,73511,43
2026/07/24 16:19:06.254,2026/07/24 16:19:06.238,2026/07/24 16:19:06.270,0,GPU-e2681f6e-8d94-2d66-484f-43ea602335f9,430.22,1410,1593,100,15,73511,76
2026/07/24 16:19:06.254,2026/07/24 16:19:06.238,2026/07/24 16:19:06.270,1,GPU-713d5b24-2a1e-fd4a-7685-c3d195ff9230,85.57,1410,1593,39,20,73511,40
2026/07/24 16:19:06.503,2026/07/24 16:19:06.488,2026/07/24 16:19:06.518,0,GPU-e2681f6e-8d94-2d66-484f-43ea602335f9,428.70,1410,1593,100,17,73511,76
2026/07/24 16:19:06.503,2026/07/24 16:19:06.488,2026/07/24 16:19:06.518,1,GPU-713d5b24-2a1e-fd4a-7685-c3d195ff9230,236.25,1410,1593,27,4,73511,42
2026/07/24 16:19:06.754,2026/07/24 16:19:06.738,2026/07/24 16:19:06.771,0,GPU-e2681f6e-8d94-2d66-484f-43ea602335f9,427.78,1410,1593,100,14,73511,76
2026/07/24 16:19:06.754,2026/07/24 16:19:06.738,2026/07/24 16:19:06.771,1,GPU-713d5b24-2a1e-fd4a-7685-c3d195ff9230,85.25,1410,1593,100,52,73511,41
2026/07/24 16:19:07.002,2026/07/24 16:19:06.988,2026/07/24 16:19:07.016,0,GPU-e2681f6e-8d94-2d66-484f-43ea602335f9,445.84,1410,1593,100,13,73511,77
2026/07/24 16:19:07.002,2026/07/24 16:19:06.988,2026/07/24 16:19:07.016,1,GPU-713d5b24-2a1e-fd4a-7685-c3d195ff9230,98.24,1410,1593,26,2,73511,40
2026/07/24 16:19:07.253,2026/07/24 16:19:07.238,2026/07/24 16:19:07.269,0,GPU-e2681f6e-8d94-2d66-484f-43ea602335f9,419.02,1410,1593,100,17,73511,76
2026/07/24 16:19:07.253,2026/07/24 16:19:07.238,2026/07/24 16:19:07.269,1,GPU-713d5b24-2a1e-fd4a-7685-c3d195ff9230,245.29,1410,1593,100,52,73511,43
2026/07/24 16:19:07.502,2026/07/24 16:19:07.488,2026/07/24 16:19:07.516,0,GPU-e2681f6e-8d94-2d66-484f-43ea602335f9,433.51,1410,1593,100,18,73511,77
2026/07/24 16:19:07.502,2026/07/24 16:19:07.488,2026/07/24 16:19:07.516,1,GPU-713d5b24-2a1e-fd4a-7685-c3d195ff9230,97.32,1410,1593,62,32,73511,42
2026/07/24 16:19:07.752,2026/07/24 16:19:07.738,2026/07/24 16:19:07.766,0,GPU-e2681f6e-8d94-2d66-484f-43ea602335f9,427.78,1410,1593,100,15,73511,76
2026/07/24 16:19:07.752,2026/07/24 16:19:07.738,2026/07/24 16:19:07.766,1,GPU-713d5b24-2a1e-fd4a-7685-c3d195ff9230,242.58,1410,1593,80,34,73511,44
2026/07/24 16:19:08.024,2026/07/24 16:19:07.988,2026/07/24 16:19:08.059,0,GPU-e2681f6e-8d94-2d66-484f-43ea602335f9,428.70,1410,1593,100,12,73511,77
2026/07/24 16:19:08.024,2026/07/24 16:19:07.988,2026/07/24 16:19:08.059,1,GPU-713d5b24-2a1e-fd4a-7685-c3d195ff9230,85.25,1410,1593,0,0,73511,40
2026/07/24 16:19:08.254,2026/07/24 16:19:08.238,2026/07/24 16:19:08.269,0,GPU-e2681f6e-8d94-2d66-484f-43ea602335f9,430.67,1410,1593,100,16,73511,76
2026/07/24 16:19:08.254,2026/07/24 16:19:08.238,2026/07/24 16:19:08.269,1,GPU-713d5b24-2a1e-fd4a-7685-c3d195ff9230,240.15,1410,1593,89,35,73511,43
2026/07/24 16:19:08.505,2026/07/24 16:19:08.489,2026/07/24 16:19:08.522,0,GPU-e2681f6e-8d94-2d66-484f-43ea602335f9,445.25,1410,1593,100,16,73511,77
2026/07/24 16:19:08.505,2026/07/24 16:19:08.489,2026/07/24 16:19:08.522,1,GPU-713d5b24-2a1e-fd4a-7685-c3d195ff9230,212.17,1410,1593,100,52,73511,43
2026/07/24 16:19:08.754,2026/07/24 16:19:08.739,2026/07/24 16:19:08.769,0,GPU-e2681f6e-8d94-2d66-484f-43ea602335f9,421.30,1410,1593,100,16,73511,77
2026/07/24 16:19:08.754,2026/07/24 16:19:08.739,2026/07/24 16:19:08.769,1,GPU-713d5b24-2a1e-fd4a-7685-c3d195ff9230,246.48,1410,1593,100,45,73511,45
2026/07/24 16:19:09.003,2026/07/24 16:19:08.989,2026/07/24 16:19:09.018,0,GPU-e2681f6e-8d94-2d66-484f-43ea602335f9,444.92,1410,1593,100,16,73511,77
2026/07/24 16:19:09.003,2026/07/24 16:19:08.989,2026/07/24 16:19:09.018,1,GPU-713d5b24-2a1e-fd4a-7685-c3d195ff9230,246.81,1410,1593,100,53,73511,44
2026/07/24 16:19:09.254,2026/07/24 16:19:09.239,2026/07/24 16:19:09.269,0,GPU-e2681f6e-8d94-2d66-484f-43ea602335f9,419.67,1410,1593,100,15,73511,76
2026/07/24 16:19:09.254,2026/07/24 16:19:09.239,2026/07/24 16:19:09.269,1,GPU-713d5b24-2a1e-fd4a-7685-c3d195ff9230,132.87,1410,1593,78,41,73511,41
2026/07/24 16:19:09.503,2026/07/24 16:19:09.489,2026/07/24 16:19:09.517,0,GPU-e2681f6e-8d94-2d66-484f-43ea602335f9,445.84,1410,1593,100,17,73511,77
2026/07/24 16:19:09.503,2026/07/24 16:19:09.489,2026/07/24 16:19:09.517,1,GPU-713d5b24-2a1e-fd4a-7685-c3d195ff9230,98.24,1410,1593,24,3,73511,43
2026/07/24 16:19:09.753,2026/07/24 16:19:09.739,2026/07/24 16:19:09.767,0,GPU-e2681f6e-8d94-2d66-484f-43ea602335f9,431.85,1410,1593,100,14,73511,76
2026/07/24 16:19:09.753,2026/07/24 16:19:09.739,2026/07/24 16:19:09.767,1,GPU-713d5b24-2a1e-fd4a-7685-c3d195ff9230,247.99,1410,1593,100,53,73511,44
2026/07/24 16:19:10.068,2026/07/24 16:19:09.989,2026/07/24 16:19:10.147,0,GPU-e2681f6e-8d94-2d66-484f-43ea602335f9,423.57,1410,1593,100,17,73511,77
2026/07/24 16:19:10.068,2026/07/24 16:19:09.989,2026/07/24 16:19:10.147,1,GPU-713d5b24-2a1e-fd4a-7685-c3d195ff9230,245.29,1410,1593,91,39,73511,45
2026/07/24 16:19:10.255,2026/07/24 16:19:10.239,2026/07/24 16:19:10.271,0,GPU-e2681f6e-8d94-2d66-484f-43ea602335f9,415.73,1410,1593,100,15,73511,76
2026/07/24 16:19:10.255,2026/07/24 16:19:10.239,2026/07/24 16:19:10.271,1,GPU-713d5b24-2a1e-fd4a-7685-c3d195ff9230,85.57,1410,1593,42,22,73511,41
2026/07/24 16:19:10.503,2026/07/24 16:19:10.489,2026/07/24 16:19:10.517,0,GPU-e2681f6e-8d94-2d66-484f-43ea602335f9,443.14,1410,1593,100,17,73511,77
2026/07/24 16:19:10.503,2026/07/24 16:19:10.489,2026/07/24 16:19:10.517,1,GPU-713d5b24-2a1e-fd4a-7685-c3d195ff9230,96.72,1410,1593,0,0,73511,40
2026/07/24 16:19:10.753,2026/07/24 16:19:10.739,2026/07/24 16:19:10.767,0,GPU-e2681f6e-8d94-2d66-484f-43ea602335f9,430.01,1410,1593,100,15,73511,76
2026/07/24 16:19:10.753,2026/07/24 16:19:10.739,2026/07/24 16:19:10.767,1,GPU-713d5b24-2a1e-fd4a-7685-c3d195ff9230,95.53,1410,1593,71,26,73511,44
2026/07/24 16:19:11.002,2026/07/24 16:19:10.989,2026/07/24 16:19:11.015,0,GPU-e2681f6e-8d94-2d66-484f-43ea602335f9,433.78,1410,1593,100,13,73511,77
2026/07/24 16:19:11.002,2026/07/24 16:19:10.989,2026/07/24 16:19:11.015,1,GPU-713d5b24-2a1e-fd4a-7685-c3d195ff9230,85.06,1410,1593,0,0,73511,39
2026/07/24 16:19:11.255,2026/07/24 16:19:11.239,2026/07/24 16:19:11.270,0,GPU-e2681f6e-8d94-2d66-484f-43ea602335f9,441.16,1410,1593,100,18,73511,77
2026/07/24 16:19:11.255,2026/07/24 16:19:11.239,2026/07/24 16:19:11.270,1,GPU-713d5b24-2a1e-fd4a-7685-c3d195ff9230,242.58,1410,1593,92,38,73511,43
2026/07/24 16:19:11.504,2026/07/24 16:19:11.489,2026/07/24 16:19:11.519,0,GPU-e2681f6e-8d94-2d66-484f-43ea602335f9,414.64,1410,1593,100,13,73511,76
2026/07/24 16:19:11.504,2026/07/24 16:19:11.489,2026/07/24 16:19:11.519,1,GPU-713d5b24-2a1e-fd4a-7685-c3d195ff9230,85.25,1410,1593,47,25,73511,40
2026/07/24 16:19:11.754,2026/07/24 16:19:11.740,2026/07/24 16:19:11.768,0,GPU-e2681f6e-8d94-2d66-484f-43ea602335f9,454.60,1410,1593,100,13,73511,77
2026/07/24 16:19:11.754,2026/07/24 16:19:11.740,2026/07/24 16:19:11.768,1,GPU-713d5b24-2a1e-fd4a-7685-c3d195ff9230,97.64,1410,1593,0,0,73511,39
2026/07/24 16:19:12.005,2026/07/24 16:19:11.990,2026/07/24 16:19:12.020,0,GPU-e2681f6e-8d94-2d66-484f-43ea602335f9,429.30,1410,1593,100,17,73511,76
2026/07/24 16:19:12.005,2026/07/24 16:19:11.990,2026/07/24 16:19:12.020,1,GPU-713d5b24-2a1e-fd4a-7685-c3d195ff9230,243.85,1410,1593,96,50,73511,43
2026/07/24 16:19:12.254,2026/07/24 16:19:12.240,2026/07/24 16:19:12.269,0,GPU-e2681f6e-8d94-2d66-484f-43ea602335f9,443.01,1410,1593,100,15,73511,77
2026/07/24 16:19:12.254,2026/07/24 16:19:12.240,2026/07/24 16:19:12.269,1,GPU-713d5b24-2a1e-fd4a-7685-c3d195ff9230,109.06,1410,1593,30,8,73511,42
2026/07/24 16:19:12.502,2026/07/24 16:19:12.490,2026/07/24 16:19:12.514,0,GPU-e2681f6e-8d94-2d66-484f-43ea602335f9,428.38,1410,1593,100,14,73511,76
2026/07/24 16:19:12.502,2026/07/24 16:19:12.490,2026/07/24 16:19:12.514,1,GPU-713d5b24-2a1e-fd4a-7685-c3d195ff9230,249.18,1410,1593,100,53,73511,44
2026/07/24 16:19:12.753,2026/07/24 16:19:12.740,2026/07/24 16:19:12.766,0,GPU-e2681f6e-8d94-2d66-484f-43ea602335f9,436.48,1410,1593,100,16,73511,77
2026/07/24 16:19:12.753,2026/07/24 16:19:12.740,2026/07/24 16:19:12.766,1,GPU-713d5b24-2a1e-fd4a-7685-c3d195ff9230,85.84,1410,1593,76,40,73511,41
2026/07/24 16:19:13.004,2026/07/24 16:19:12.990,2026/07/24 16:19:13.018,0,GPU-e2681f6e-8d94-2d66-484f-43ea602335f9,421.30,1410,1593,100,16,73511,76
2026/07/24 16:19:13.004,2026/07/24 16:19:12.990,2026/07/24 16:19:13.018,1,GPU-713d5b24-2a1e-fd4a-7685-c3d195ff9230,247.99,1410,1593,48,15,73511,44
2026/07/24 16:19:13.254,2026/07/24 16:19:13.240,2026/07/24 16:19:13.267,0,GPU-e2681f6e-8d94-2d66-484f-43ea602335f9,431.68,1410,1593,100,14,73511,76
2026/07/24 16:19:13.254,2026/07/24 16:19:13.240,2026/07/24 16:19:13.267,1,GPU-713d5b24-2a1e-fd4a-7685-c3d195ff9230,87.68,1410,1593,56,30,73511,41
2026/07/24 16:19:13.527,2026/07/24 16:19:13.490,2026/07/24 16:19:13.565,0,GPU-e2681f6e-8d94-2d66-484f-43ea602335f9,429.89,1410,1593,100,17,73511,77
2026/07/24 16:19:13.527,2026/07/24 16:19:13.490,2026/07/24 16:19:13.565,1,GPU-713d5b24-2a1e-fd4a-7685-c3d195ff9230,239.55,1410,1593,53,16,73511,43
2026/07/24 16:19:13.754,2026/07/24 16:19:13.740,2026/07/24 16:19:13.768,0,GPU-e2681f6e-8d94-2d66-484f-43ea602335f9,443.46,1410,1593,100,14,73511,77
2026/07/24 16:19:13.754,2026/07/24 16:19:13.740,2026/07/24 16:19:13.768,1,GPU-713d5b24-2a1e-fd4a-7685-c3d195ff9230,86.49,1410,1593,92,48,73511,41
2026/07/24 16:19:14.004,2026/07/24 16:19:13.990,2026/07/24 16:19:14.017,0,GPU-e2681f6e-8d94-2d66-484f-43ea602335f9,432.92,1410,1593,100,18,73511,77
2026/07/24 16:19:14.004,2026/07/24 16:19:13.990,2026/07/24 16:19:14.017,1,GPU-713d5b24-2a1e-fd4a-7685-c3d195ff9230,244.96,1410,1593,52,18,73511,44
2026/07/24 16:19:14.254,2026/07/24 16:19:14.240,2026/07/24 16:19:14.268,0,GPU-e2681f6e-8d94-2d66-484f-43ea602335f9,416.05,1410,1593,100,15,73511,76
2026/07/24 16:19:14.254,2026/07/24 16:19:14.240,2026/07/24 16:19:14.268,1,GPU-713d5b24-2a1e-fd4a-7685-c3d195ff9230,86.49,1410,1593,100,53,73511,41
2026/07/24 16:19:14.505,2026/07/24 16:19:14.490,2026/07/24 16:19:14.520,0,GPU-e2681f6e-8d94-2d66-484f-43ea602335f9,433.51,1410,1593,100,17,73511,76
2026/07/24 16:19:14.505,2026/07/24 16:19:14.490,2026/07/24 16:19:14.520,1,GPU-713d5b24-2a1e-fd4a-7685-c3d195ff9230,85.25,1410,1593,13,0,73511,42
2026/07/24 16:19:14.756,2026/07/24 16:19:14.741,2026/07/24 16:19:14.772,0,GPU-e2681f6e-8d94-2d66-484f-43ea602335f9,432.27,1410,1593,100,15,73511,76
2026/07/24 16:19:14.756,2026/07/24 16:19:14.741,2026/07/24 16:19:14.772,1,GPU-713d5b24-2a1e-fd4a-7685-c3d195ff9230,140.72,1410,1593,98,47,73511,42
2026/07/24 16:19:15.005,2026/07/24 16:19:14.991,2026/07/24 16:19:15.019,0,GPU-e2681f6e-8d94-2d66-484f-43ea602335f9,439.24,1410,1593,100,16,73511,77
2026/07/24 16:19:15.005,2026/07/24 16:19:14.991,2026/07/24 16:19:15.019,1,GPU-713d5b24-2a1e-fd4a-7685-c3d195ff9230,235.33,1410,1593,97,43,73511,43
2026/07/24 16:19:15.253,2026/07/24 16:19:15.241,2026/07/24 16:19:15.266,0,GPU-e2681f6e-8d94-2d66-484f-43ea602335f9,429.57,1410,1593,100,16,73511,76
2026/07/24 16:19:15.253,2026/07/24 16:19:15.241,2026/07/24 16:19:15.266,1,GPU-713d5b24-2a1e-fd4a-7685-c3d195ff9230,91.31,1410,1593,97,43,73511,41
2026/07/24 16:19:15.505,2026/07/24 16:19:15.491,2026/07/24 16:19:15.518,0,GPU-e2681f6e-8d94-2d66-484f-43ea602335f9,433.19,1410,1593,100,14,73511,76
2026/07/24 16:19:15.505,2026/07/24 16:19:15.491,2026/07/24 16:19:15.518,1,GPU-713d5b24-2a1e-fd4a-7685-c3d195ff9230,249.84,1410,1593,25,3,73511,41
2026/07/24 16:19:15.753,2026/07/24 16:19:15.741,2026/07/24 16:19:15.765,0,GPU-e2681f6e-8d94-2d66-484f-43ea602335f9,420.27,1410,1593,100,15,73511,76
2026/07/24 16:19:15.753,2026/07/24 16:19:15.741,2026/07/24 16:19:15.765,1,GPU-713d5b24-2a1e-fd4a-7685-c3d195ff9230,245.36,1410,1593,100,52,73511,43
2026/07/24 16:19:16.005,2026/07/24 16:19:15.991,2026/07/24 16:19:16.020,0,GPU-e2681f6e-8d94-2d66-484f-43ea602335f9,416.05,1410,1593,100,13,73511,77
2026/07/24 16:19:16.005,2026/07/24 16:19:15.991,2026/07/24 16:19:16.020,1,GPU-713d5b24-2a1e-fd4a-7685-c3d195ff9230,97.32,1410,1593,57,30,73511,40
2026/07/24 16:19:16.256,2026/07/24 16:19:16.241,2026/07/24 16:19:16.271,0,GPU-e2681f6e-8d94-2d66-484f-43ea602335f9,420.27,1410,1593,100,18,73511,77
2026/07/24 16:19:16.256,2026/07/24 16:19:16.241,2026/07/24 16:19:16.271,1,GPU-713d5b24-2a1e-fd4a-7685-c3d195ff9230,249.51,1410,1593,92,48,73511,44
2026/07/24 16:19:16.504,2026/07/24 16:19:16.491,2026/07/24 16:19:16.518,0,GPU-e2681f6e-8d94-2d66-484f-43ea602335f9,421.13,1410,1593,100,15,73511,76
2026/07/24 16:19:16.504,2026/07/24 16:19:16.491,2026/07/24 16:19:16.518,1,GPU-713d5b24-2a1e-fd4a-7685-c3d195ff9230,85.57,1410,1593,67,35,73511,41
2026/07/24 16:19:16.756,2026/07/24 16:19:16.741,2026/07/24 16:19:16.771,0,GPU-e2681f6e-8d94-2d66-484f-43ea602335f9,445.84,1410,1593,100,14,73511,76
2026/07/24 16:19:16.756,2026/07/24 16:19:16.741,2026/07/24 16:19:16.771,1,GPU-713d5b24-2a1e-fd4a-7685-c3d195ff9230,92.17,1410,1593,0,0,73511,39
2026/07/24 16:19:17.004,2026/07/24 16:19:16.991,2026/07/24 16:19:17.017,0,GPU-e2681f6e-8d94-2d66-484f-43ea602335f9,422.05,1410,1593,100,17,73511,76
2026/07/24 16:19:17.004,2026/07/24 16:19:16.991,2026/07/24 16:19:17.017,1,GPU-713d5b24-2a1e-fd4a-7685-c3d195ff9230,240.47,1410,1593,64,21,73511,43
2026/07/24 16:19:17.256,2026/07/24 16:19:17.241,2026/07/24 16:19:17.270,0,GPU-e2681f6e-8d94-2d66-484f-43ea602335f9,425.35,1410,1593,100,14,73511,76
2026/07/24 16:19:17.256,2026/07/24 16:19:17.241,2026/07/24 16:19:17.270,1,GPU-713d5b24-2a1e-fd4a-7685-c3d195ff9230,85.57,1410,1593,0,0,73511,40
2026/07/24 16:19:17.506,2026/07/24 16:19:17.491,2026/07/24 16:19:17.521,0,GPU-e2681f6e-8d94-2d66-484f-43ea602335f9,440.43,1410,1593,100,18,73511,77
2026/07/24 16:19:17.506,2026/07/24 16:19:17.491,2026/07/24 16:19:17.521,1,GPU-713d5b24-2a1e-fd4a-7685-c3d195ff9230,94.88,1410,1593,21,0,73511,41
2026/07/24 16:19:17.757,2026/07/24 16:19:17.741,2026/07/24 16:19:17.773,0,GPU-e2681f6e-8d94-2d66-484f-43ea602335f9,426.86,1410,1593,100,15,73511,77
2026/07/24 16:19:17.757,2026/07/24 16:19:17.741,2026/07/24 16:19:17.773,1,GPU-713d5b24-2a1e-fd4a-7685-c3d195ff9230,246.82,1410,1593,96,50,73511,43
2026/07/24 16:19:18.007,2026/07/24 16:19:17.991,2026/07/24 16:19:18.022,0,GPU-e2681f6e-8d94-2d66-484f-43ea602335f9,431.68,1410,1593,100,17,73511,77
2026/07/24 16:19:18.007,2026/07/24 16:19:17.991,2026/07/24 16:19:18.022,1,GPU-713d5b24-2a1e-fd4a-7685-c3d195ff9230,241.99,1410,1593,56,20,73511,44
2026/07/24 16:19:18.258,2026/07/24 16:19:18.242,2026/07/24 16:19:18.274,0,GPU-e2681f6e-8d94-2d66-484f-43ea602335f9,424.76,1410,1593,100,15,73511,76
2026/07/24 16:19:18.258,2026/07/24 16:19:18.242,2026/07/24 16:19:18.274,1,GPU-713d5b24-2a1e-fd4a-7685-c3d195ff9230,85.84,1410,1593,100,53,73511,41
2026/07/24 16:19:18.508,2026/07/24 16:19:18.492,2026/07/24 16:19:18.524,0,GPU-e2681f6e-8d94-2d66-484f-43ea602335f9,441.62,1410,1593,100,17,73511,77
2026/07/24 16:19:18.508,2026/07/24 16:19:18.492,2026/07/24 16:19:18.524,1,GPU-713d5b24-2a1e-fd4a-7685-c3d195ff9230,99.43,1410,1593,29,4,73511,42
2026/07/24 16:19:18.758,2026/07/24 16:19:18.742,2026/07/24 16:19:18.773,0,GPU-e2681f6e-8d94-2d66-484f-43ea602335f9,429.14,1410,1593,100,14,73511,77
2026/07/24 16:19:18.758,2026/07/24 16:19:18.742,2026/07/24 16:19:18.773,1,GPU-713d5b24-2a1e-fd4a-7685-c3d195ff9230,238.36,1410,1593,100,52,73511,44
2026/07/24 16:19:19.007,2026/07/24 16:19:18.992,2026/07/24 16:19:19.022,0,GPU-e2681f6e-8d94-2d66-484f-43ea602335f9,417.24,1410,1593,100,12,73511,76
2026/07/24 16:19:19.007,2026/07/24 16:19:18.992,2026/07/24 16:19:19.022,1,GPU-713d5b24-2a1e-fd4a-7685-c3d195ff9230,85.57,1410,1593,46,24,73511,39
2026/07/24 16:19:19.255,2026/07/24 16:19:19.242,2026/07/24 16:19:19.269,0,GPU-e2681f6e-8d94-2d66-484f-43ea602335f9,430.49,1410,1593,100,14,73511,77
2026/07/24 16:19:19.255,2026/07/24 16:19:19.242,2026/07/24 16:19:19.269,1,GPU-713d5b24-2a1e-fd4a-7685-c3d195ff9230,85.25,1410,1593,0,0,73511,40
2026/07/24 16:19:19.505,2026/07/24 16:19:19.492,2026/07/24 16:19:19.518,0,GPU-e2681f6e-8d94-2d66-484f-43ea602335f9,426.86,1410,1593,100,17,73511,76
2026/07/24 16:19:19.505,2026/07/24 16:19:19.492,2026/07/24 16:19:19.518,1,GPU-713d5b24-2a1e-fd4a-7685-c3d195ff9230,237.17,1410,1593,100,52,73511,43
2026/07/24 16:19:19.756,2026/07/24 16:19:19.742,2026/07/24 16:19:19.770,0,GPU-e2681f6e-8d94-2d66-484f-43ea602335f9,425.35,1410,1593,100,13,73511,76
2026/07/24 16:19:19.756,2026/07/24 16:19:19.742,2026/07/24 16:19:19.770,1,GPU-713d5b24-2a1e-fd4a-7685-c3d195ff9230,85.25,1410,1593,37,19,73511,40
2026/07/24 16:19:20.005,2026/07/24 16:19:19.992,2026/07/24 16:19:20.018,0,GPU-e2681f6e-8d94-2d66-484f-43ea602335f9,430.49,1410,1593,100,17,73511,77
2026/07/24 16:19:20.005,2026/07/24 16:19:19.992,2026/07/24 16:19:20.018,1,GPU-713d5b24-2a1e-fd4a-7685-c3d195ff9230,98.24,1410,1593,0,0,73511,41
2026/07/24 16:19:20.257,2026/07/24 16:19:20.242,2026/07/24 16:19:20.272,0,GPU-e2681f6e-8d94-2d66-484f-43ea602335f9,423.89,1410,1593,100,15,73511,77
2026/07/24 16:19:20.257,2026/07/24 16:19:20.242,2026/07/24 16:19:20.272,1,GPU-713d5b24-2a1e-fd4a-7685-c3d195ff9230,242.26,1410,1593,100,52,73511,44
2026/07/24 16:19:20.758,2026/07/24 16:19:20.744,2026/07/24 16:19:20.773,0,GPU-e2681f6e-8d94-2d66-484f-43ea602335f9,426.86,1410,1593,100,15,73511,77
2026/07/24 16:19:20.758,2026/07/24 16:19:20.744,2026/07/24 16:19:20.773,1,GPU-713d5b24-2a1e-fd4a-7685-c3d195ff9230,87.08,1410,1593,100,52,73511,41
2026/07/24 16:19:21.008,2026/07/24 16:19:20.994,2026/07/24 16:19:21.022,0,GPU-e2681f6e-8d94-2d66-484f-43ea602335f9,433.19,1410,1593,100,15,73511,77
2026/07/24 16:19:21.008,2026/07/24 16:19:20.994,2026/07/24 16:19:21.022,1,GPU-713d5b24-2a1e-fd4a-7685-c3d195ff9230,85.25,1410,1593,3,2,73511,40
2026/07/24 16:19:21.259,2026/07/24 16:19:21.244,2026/07/24 16:19:21.274,0,GPU-e2681f6e-8d94-2d66-484f-43ea602335f9,423.68,1410,1593,100,17,73511,76
2026/07/24 16:19:21.259,2026/07/24 16:19:21.244,2026/07/24 16:19:21.274,1,GPU-713d5b24-2a1e-fd4a-7685-c3d195ff9230,239.87,1410,1593,97,51,73511,43
2026/07/24 16:19:21.508,2026/07/24 16:19:21.494,2026/07/24 16:19:21.523,0,GPU-e2681f6e-8d94-2d66-484f-43ea602335f9,406.10,1410,1593,100,12,73511,76
2026/07/24 16:19:21.508,2026/07/24 16:19:21.494,2026/07/24 16:19:21.523,1,GPU-713d5b24-2a1e-fd4a-7685-c3d195ff9230,85.25,1410,1593,0,0,73511,39
2026/07/24 16:19:21.760,2026/07/24 16:19:21.744,2026/07/24 16:19:21.775,0,GPU-e2681f6e-8d94-2d66-484f-43ea602335f9,447.95,1410,1593,100,17,73511,77
2026/07/24 16:19:21.760,2026/07/24 16:19:21.744,2026/07/24 16:19:21.775,1,GPU-713d5b24-2a1e-fd4a-7685-c3d195ff9230,241.40,1410,1593,25,0,73511,41
2026/07/24 16:19:22.009,2026/07/24 16:19:21.994,2026/07/24 16:19:22.024,0,GPU-e2681f6e-8d94-2d66-484f-43ea602335f9,423.24,1410,1593,100,15,73511,76
2026/07/24 16:19:22.009,2026/07/24 16:19:21.994,2026/07/24 16:19:22.024,1,GPU-713d5b24-2a1e-fd4a-7685-c3d195ff9230,243.18,1410,1593,96,50,73511,44
2026/07/24 16:19:22.258,2026/07/24 16:19:22.244,2026/07/24 16:19:22.272,0,GPU-e2681f6e-8d94-2d66-484f-43ea602335f9,421.78,1410,1593,100,13,73511,76
2026/07/24 16:19:22.258,2026/07/24 16:19:22.244,2026/07/24 16:19:22.272,1,GPU-713d5b24-2a1e-fd4a-7685-c3d195ff9230,85.57,1410,1593,95,49,73511,40
2026/07/24 16:19:22.509,2026/07/24 16:19:22.494,2026/07/24 16:19:22.523,0,GPU-e2681f6e-8d94-2d66-484f-43ea602335f9,427.04,1410,1593,100,17,73511,77
2026/07/24 16:19:22.509,2026/07/24 16:19:22.494,2026/07/24 16:19:22.523,1,GPU-713d5b24-2a1e-fd4a-7685-c3d195ff9230,243.50,1410,1593,64,21,73511,43
2026/07/24 16:19:22.760,2026/07/24 16:19:22.745,2026/07/24 16:19:22.775,0,GPU-e2681f6e-8d94-2d66-484f-43ea602335f9,418.75,1410,1593,100,14,73511,76
2026/07/24 16:19:22.760,2026/07/24 16:19:22.745,2026/07/24 16:19:22.775,1,GPU-713d5b24-2a1e-fd4a-7685-c3d195ff9230,240.47,1410,1593,100,52,73511,43
2026/07/24 16:19:23.011,2026/07/24 16:19:22.995,2026/07/24 16:19:23.027,0,GPU-e2681f6e-8d94-2d66-484f-43ea602335f9,440.11,1410,1593,100,15,73511,77
2026/07/24 16:19:23.011,2026/07/24 16:19:22.995,2026/07/24 16:19:23.027,1,GPU-713d5b24-2a1e-fd4a-7685-c3d195ff9230,140.99,1410,1593,21,11,73511,40
2026/07/24 16:19:23.259,2026/07/24 16:19:23.245,2026/07/24 16:19:23.274,0,GPU-e2681f6e-8d94-2d66-484f-43ea602335f9,428.23,1410,1593,100,17,73511,76
2026/07/24 16:19:23.259,2026/07/24 16:19:23.245,2026/07/24 16:19:23.274,1,GPU-713d5b24-2a1e-fd4a-7685-c3d195ff9230,244.37,1410,1593,85,34,73511,44
2026/07/24 16:19:23.509,2026/07/24 16:19:23.495,2026/07/24 16:19:23.522,0,GPU-e2681f6e-8d94-2d66-484f-43ea602335f9,425.35,1410,1593,100,14,73511,77
2026/07/24 16:19:23.509,2026/07/24 16:19:23.495,2026/07/24 16:19:23.522,1,GPU-713d5b24-2a1e-fd4a-7685-c3d195ff9230,85.57,1410,1593,11,0,73511,40
2026/07/24 16:19:23.757,2026/07/24 16:19:23.745,2026/07/24 16:19:23.770,0,GPU-e2681f6e-8d94-2d66-484f-43ea602335f9,424.60,1410,1593,100,15,73511,77
2026/07/24 16:19:23.757,2026/07/24 16:19:23.745,2026/07/24 16:19:23.770,1,GPU-713d5b24-2a1e-fd4a-7685-c3d195ff9230,238.36,1410,1593,98,47,73511,44
2026/07/24 16:19:24.014,2026/07/24 16:19:23.995,2026/07/24 16:19:24.033,0,GPU-e2681f6e-8d94-2d66-484f-43ea602335f9,423.89,1410,1593,100,14,73511,77
2026/07/24 16:19:24.014,2026/07/24 16:19:23.995,2026/07/24 16:19:24.033,1,GPU-713d5b24-2a1e-fd4a-7685-c3d195ff9230,85.84,1410,1593,66,35,73511,40
2026/07/24 16:19:24.260,2026/07/24 16:19:24.245,2026/07/24 16:19:24.276,0,GPU-e2681f6e-8d94-2d66-484f-43ea602335f9,433.51,1410,1593,100,17,73511,77
2026/07/24 16:19:24.260,2026/07/24 16:19:24.245,2026/07/24 16:19:24.276,1,GPU-713d5b24-2a1e-fd4a-7685-c3d195ff9230,239.87,1410,1593,35,8,73511,44
2026/07/24 16:19:24.511,2026/07/24 16:19:24.495,2026/07/24 16:19:24.527,0,GPU-e2681f6e-8d94-2d66-484f-43ea602335f9,434.10,1410,1593,100,16,73511,77
2026/07/24 16:19:24.511,2026/07/24 16:19:24.495,2026/07/24 16:19:24.527,1,GPU-713d5b24-2a1e-fd4a-7685-c3d195ff9230,238.04,1410,1593,100,52,73511,44
2026/07/24 16:19:24.760,2026/07/24 16:19:24.745,2026/07/24 16:19:24.775,0,GPU-e2681f6e-8d94-2d66-484f-43ea602335f9,421.78,1410,1593,100,17,73511,76
2026/07/24 16:19:24.760,2026/07/24 16:19:24.745,2026/07/24 16:19:24.775,1,GPU-713d5b24-2a1e-fd4a-7685-c3d195ff9230,246.81,1410,1593,100,53,73511,42
2026/07/24 16:19:25.009,2026/07/24 16:19:24.995,2026/07/24 16:19:25.023,0,GPU-e2681f6e-8d94-2d66-484f-43ea602335f9,434.70,1410,1593,100,18,73511,77
2026/07/24 16:19:25.009,2026/07/24 16:19:24.995,2026/07/24 16:19:25.023,1,GPU-713d5b24-2a1e-fd4a-7685-c3d195ff9230,153.06,1410,1593,14,8,73511,42
2026/07/24 16:19:25.260,2026/07/24 16:19:25.245,2026/07/24 16:19:25.274,0,GPU-e2681f6e-8d94-2d66-484f-43ea602335f9,422.05,1410,1593,100,15,73511,76
2026/07/24 16:19:25.260,2026/07/24 16:19:25.245,2026/07/24 16:19:25.274,1,GPU-713d5b24-2a1e-fd4a-7685-c3d195ff9230,87.08,1410,1593,54,29,73511,42
2026/07/24 16:19:25.509,2026/07/24 16:19:25.495,2026/07/24 16:19:25.522,0,GPU-e2681f6e-8d94-2d66-484f-43ea602335f9,423.89,1410,1593,100,13,73511,77
2026/07/24 16:19:25.509,2026/07/24 16:19:25.495,2026/07/24 16:19:25.522,1,GPU-713d5b24-2a1e-fd4a-7685-c3d195ff9230,85.25,1410,1593,0,0,73511,39
2026/07/24 16:19:25.816,2026/07/24 16:19:25.745,2026/07/24 16:19:25.886,0,GPU-e2681f6e-8d94-2d66-484f-43ea602335f9,424.33,1410,1593,100,14,73511,77
2026/07/24 16:19:25.816,2026/07/24 16:19:25.745,2026/07/24 16:19:25.886,1,GPU-713d5b24-2a1e-fd4a-7685-c3d195ff9230,244.10,1410,1593,100,52,73511,43
2026/07/24 16:19:26.009,2026/07/24 16:19:25.995,2026/07/24 16:19:26.023,0,GPU-e2681f6e-8d94-2d66-484f-43ea602335f9,422.05,1410,1593,100,14,73511,76
2026/07/24 16:19:26.009,2026/07/24 16:19:25.995,2026/07/24 16:19:26.023,1,GPU-713d5b24-2a1e-fd4a-7685-c3d195ff9230,94.61,1410,1593,100,52,73511,41
2026/07/24 16:19:26.262,2026/07/24 16:19:26.246,2026/07/24 16:19:26.279,0,GPU-e2681f6e-8d94-2d66-484f-43ea602335f9,436.48,1410,1593,100,14,73511,77
2026/07/24 16:19:26.262,2026/07/24 16:19:26.246,2026/07/24 16:19:26.279,1,GPU-713d5b24-2a1e-fd4a-7685-c3d195ff9230,98.51,1410,1593,19,10,73511,39
2026/07/24 16:19:26.509,2026/07/24 16:19:26.496,2026/07/24 16:19:26.522,0,GPU-e2681f6e-8d94-2d66-484f-43ea602335f9,420.11,1410,1593,100,17,73511,76
2026/07/24 16:19:26.509,2026/07/24 16:19:26.496,2026/07/24 16:19:26.522,1,GPU-713d5b24-2a1e-fd4a-7685-c3d195ff9230,245.29,1410,1593,100,52,73511,43
2026/07/24 16:19:26.759,2026/07/24 16:19:26.746,2026/07/24 16:19:26.772,0,GPU-e2681f6e-8d94-2d66-484f-43ea602335f9,423.57,1410,1593,100,13,73511,76
2026/07/24 16:19:26.759,2026/07/24 16:19:26.746,2026/07/24 16:19:26.772,1,GPU-713d5b24-2a1e-fd4a-7685-c3d195ff9230,85.57,1410,1593,23,12,73511,40
2026/07/24 16:19:27.010,2026/07/24 16:19:26.996,2026/07/24 16:19:27.024,0,GPU-e2681f6e-8d94-2d66-484f-43ea602335f9,444.33,1410,1593,100,17,73511,77
2026/07/24 16:19:27.010,2026/07/24 16:19:26.996,2026/07/24 16:19:27.024,1,GPU-713d5b24-2a1e-fd4a-7685-c3d195ff9230,238.96,1410,1593,28,3,73511,41
2026/07/24 16:19:27.260,2026/07/24 16:19:27.246,2026/07/24 16:19:27.274,0,GPU-e2681f6e-8d94-2d66-484f-43ea602335f9,424.33,1410,1593,100,14,73511,77
2026/07/24 16:19:27.260,2026/07/24 16:19:27.246,2026/07/24 16:19:27.274,1,GPU-713d5b24-2a1e-fd4a-7685-c3d195ff9230,238.04,1410,1593,100,52,73511,41
2026/07/24 16:19:27.511,2026/07/24 16:19:27.496,2026/07/24 16:19:27.527,0,GPU-e2681f6e-8d94-2d66-484f-43ea602335f9,413.35,1410,1593,100,12,73511,77
2026/07/24 16:19:27.511,2026/07/24 16:19:27.496,2026/07/24 16:19:27.527,1,GPU-713d5b24-2a1e-fd4a-7685-c3d195ff9230,85.25,1410,1593,0,0,73511,40
2026/07/24 16:19:27.761,2026/07/24 16:19:27.746,2026/07/24 16:19:27.776,0,GPU-e2681f6e-8d94-2d66-484f-43ea602335f9,431.53,1410,1593,100,15,73511,77
2026/07/24 16:19:27.761,2026/07/24 16:19:27.746,2026/07/24 16:19:27.776,1,GPU-713d5b24-2a1e-fd4a-7685-c3d195ff9230,245.29,1410,1593,75,27,73511,43
2026/07/24 16:19:28.011,2026/07/24 16:19:27.996,2026/07/24 16:19:28.025,0,GPU-e2681f6e-8d94-2d66-484f-43ea602335f9,432.00,1410,1593,100,17,73511,77
2026/07/24 16:19:28.011,2026/07/24 16:19:27.996,2026/07/24 16:19:28.025,1,GPU-713d5b24-2a1e-fd4a-7685-c3d195ff9230,165.13,1410,1593,90,47,73511,42
2026/07/24 16:19:28.260,2026/07/24 16:19:28.246,2026/07/24 16:19:28.274,0,GPU-e2681f6e-8d94-2d66-484f-43ea602335f9,429.89,1410,1593,100,16,73511,76
2026/07/24 16:19:28.260,2026/07/24 16:19:28.246,2026/07/24 16:19:28.274,1,GPU-713d5b24-2a1e-fd4a-7685-c3d195ff9230,243.50,1410,1593,83,35,73511,44
2026/07/24 16:19:28.510,2026/07/24 16:19:28.496,2026/07/24 16:19:28.523,0,GPU-e2681f6e-8d94-2d66-484f-43ea602335f9,417.56,1410,1593,100,13,73511,76
2026/07/24 16:19:28.510,2026/07/24 16:19:28.496,2026/07/24 16:19:28.523,1,GPU-713d5b24-2a1e-fd4a-7685-c3d195ff9230,89.79,1410,1593,100,53,73511,40
2026/07/24 16:19:28.762,2026/07/24 16:19:28.746,2026/07/24 16:19:28.778,0,GPU-e2681f6e-8d94-2d66-484f-43ea602335f9,428.38,1410,1593,100,13,73511,77
2026/07/24 16:19:28.762,2026/07/24 16:19:28.746,2026/07/24 16:19:28.778,1,GPU-713d5b24-2a1e-fd4a-7685-c3d195ff9230,244.69,1410,1593,68,23,73511,42
2026/07/24 16:19:29.010,2026/07/24 16:19:28.996,2026/07/24 16:19:29.023,0,GPU-e2681f6e-8d94-2d66-484f-43ea602335f9,433.51,1410,1593,100,15,73511,77
2026/07/24 16:19:29.010,2026/07/24 16:19:28.996,2026/07/24 16:19:29.023,1,GPU-713d5b24-2a1e-fd4a-7685-c3d195ff9230,185.92,1410,1593,84,44,73511,40
2026/07/24 16:19:29.263,2026/07/24 16:19:29.247,2026/07/24 16:19:29.279,0,GPU-e2681f6e-8d94-2d66-484f-43ea602335f9,428.55,1410,1593,100,17,73511,77
2026/07/24 16:19:29.263,2026/07/24 16:19:29.247,2026/07/24 16:19:29.279,1,GPU-713d5b24-2a1e-fd4a-7685-c3d195ff9230,245.62,1410,1593,12,0,73511,43
2026/07/24 16:19:29.510,2026/07/24 16:19:29.497,2026/07/24 16:19:29.524,0,GPU-e2681f6e-8d94-2d66-484f-43ea602335f9,426.27,1410,1593,100,15,73511,77
2026/07/24 16:19:29.510,2026/07/24 16:19:29.497,2026/07/24 16:19:29.524,1,GPU-713d5b24-2a1e-fd4a-7685-c3d195ff9230,110.58,1410,1593,98,49,73511,41
2026/07/24 16:19:29.761,2026/07/24 16:19:29.747,2026/07/24 16:19:29.775,0,GPU-e2681f6e-8d94-2d66-484f-43ea602335f9,447.95,1410,1593,100,17,73511,77
2026/07/24 16:19:29.761,2026/07/24 16:19:29.747,2026/07/24 16:19:29.775,1,GPU-713d5b24-2a1e-fd4a-7685-c3d195ff9230,247.40,1410,1593,75,40,73511,42
2026/07/24 16:19:30.011,2026/07/24 16:19:29.997,2026/07/24 16:19:30.025,0,GPU-e2681f6e-8d94-2d66-484f-43ea602335f9,425.35,1410,1593,100,14,73511,77
2026/07/24 16:19:30.011,2026/07/24 16:19:29.997,2026/07/24 16:19:30.025,1,GPU-713d5b24-2a1e-fd4a-7685-c3d195ff9230,243.18,1410,1593,100,52,73511,44
2026/07/24 16:19:30.264,2026/07/24 16:19:30.247,2026/07/24 16:19:30.282,0,GPU-e2681f6e-8d94-2d66-484f-43ea602335f9,430.49,1410,1593,100,13,73511,77
2026/07/24 16:19:30.264,2026/07/24 16:19:30.247,2026/07/24 16:19:30.282,1,GPU-713d5b24-2a1e-fd4a-7685-c3d195ff9230,205.51,1410,1593,78,41,73511,40
2026/07/24 16:19:30.513,2026/07/24 16:19:30.497,2026/07/24 16:19:30.529,0,GPU-e2681f6e-8d94-2d66-484f-43ea602335f9,428.11,1410,1593,100,18,73511,77
2026/07/24 16:19:30.513,2026/07/24 16:19:30.497,2026/07/24 16:19:30.529,1,GPU-713d5b24-2a1e-fd4a-7685-c3d195ff9230,246.48,1410,1593,100,52,73511,44
2026/07/24 16:19:30.760,2026/07/24 16:19:30.747,2026/07/24 16:19:30.773,0,GPU-e2681f6e-8d94-2d66-484f-43ea602335f9,420.27,1410,1593,100,12,73511,76
2026/07/24 16:19:30.760,2026/07/24 16:19:30.747,2026/07/24 16:19:30.773,1,GPU-713d5b24-2a1e-fd4a-7685-c3d195ff9230,85.57,1410,1593,13,7,73511,40
2026/07/24 16:19:31.012,2026/07/24 16:19:30.997,2026/07/24 16:19:31.027,0,GPU-e2681f6e-8d94-2d66-484f-43ea602335f9,432.00,1410,1593,100,16,73511,77
2026/07/24 16:19:31.012,2026/07/24 16:19:30.997,2026/07/24 16:19:31.027,1,GPU-713d5b24-2a1e-fd4a-7685-c3d195ff9230,99.10,1410,1593,0,0,73511,39
2026/07/24 16:19:31.323,2026/07/24 16:19:31.247,2026/07/24 16:19:31.399,0,GPU-e2681f6e-8d94-2d66-484f-43ea602335f9,428.11,1410,1593,100,16,73511,77
2026/07/24 16:19:31.323,2026/07/24 16:19:31.247,2026/07/24 16:19:31.399,1,GPU-713d5b24-2a1e-fd4a-7685-c3d195ff9230,238.96,1410,1593,100,52,73511,44
2026/07/24 16:19:31.510,2026/07/24 16:19:31.497,2026/07/24 16:19:31.522,0,GPU-e2681f6e-8d94-2d66-484f-43ea602335f9,415.89,1410,1593,100,13,73511,76
2026/07/24 16:19:31.510,2026/07/24 16:19:31.497,2026/07/24 16:19:31.522,1,GPU-713d5b24-2a1e-fd4a-7685-c3d195ff9230,85.84,1410,1593,100,52,73511,40
2026/07/24 16:19:31.762,2026/07/24 16:19:31.747,2026/07/24 16:19:31.778,0,GPU-e2681f6e-8d94-2d66-484f-43ea602335f9,437.14,1410,1593,100,13,73511,77
2026/07/24 16:19:31.762,2026/07/24 16:19:31.747,2026/07/24 16:19:31.778,1,GPU-713d5b24-2a1e-fd4a-7685-c3d195ff9230,84.97,1410,1593,9,0,73511,40
2026/07/24 16:19:32.011,2026/07/24 16:19:31.998,2026/07/24 16:19:32.025,0,GPU-e2681f6e-8d94-2d66-484f-43ea602335f9,426.59,1410,1593,100,16,73511,77
2026/07/24 16:19:32.011,2026/07/24 16:19:31.998,2026/07/24 16:19:32.025,1,GPU-713d5b24-2a1e-fd4a-7685-c3d195ff9230,238.69,1410,1593,97,42,73511,43
2026/07/24 16:19:32.263,2026/07/24 16:19:32.248,2026/07/24 16:19:32.278,0,GPU-e2681f6e-8d94-2d66-484f-43ea602335f9,432.27,1410,1593,100,17,73511,77
2026/07/24 16:19:32.263,2026/07/24 16:19:32.248,2026/07/24 16:19:32.278,1,GPU-713d5b24-2a1e-fd4a-7685-c3d195ff9230,248.91,1410,1593,100,45,73511,44
2026/07/24 16:19:32.510,2026/07/24 16:19:32.498,2026/07/24 16:19:32.523,0,GPU-e2681f6e-8d94-2d66-484f-43ea602335f9,425.08,1410,1593,100,15,73511,76
2026/07/24 16:19:32.510,2026/07/24 16:19:32.498,2026/07/24 16:19:32.523,1,GPU-713d5b24-2a1e-fd4a-7685-c3d195ff9230,248.59,1410,1593,100,53,73511,42
2026/07/24 16:19:32.762,2026/07/24 16:19:32.748,2026/07/24 16:19:32.776,0,GPU-e2681f6e-8d94-2d66-484f-43ea602335f9,428.11,1410,1593,100,13,73511,77
2026/07/24 16:19:32.762,2026/07/24 16:19:32.748,2026/07/24 16:19:32.776,1,GPU-713d5b24-2a1e-fd4a-7685-c3d195ff9230,98.51,1410,1593,23,1,73511,40
2026/07/24 16:19:33.011,2026/07/24 16:19:32.998,2026/07/24 16:19:33.024,0,GPU-e2681f6e-8d94-2d66-484f-43ea602335f9,429.14,1410,1593,100,15,73511,77
2026/07/24 16:19:33.011,2026/07/24 16:19:32.998,2026/07/24 16:19:33.024,1,GPU-713d5b24-2a1e-fd4a-7685-c3d195ff9230,238.04,1410,1593,100,52,73511,43
2026/07/24 16:19:33.264,2026/07/24 16:19:33.248,2026/07/24 16:19:33.280,0,GPU-e2681f6e-8d94-2d66-484f-43ea602335f9,446.76,1410,1593,100,18,73511,77
2026/07/24 16:19:33.264,2026/07/24 16:19:33.248,2026/07/24 16:19:33.280,1,GPU-713d5b24-2a1e-fd4a-7685-c3d195ff9230,245.36,1410,1593,68,27,73511,44
2026/07/24 16:19:33.511,2026/07/24 16:19:33.498,2026/07/24 16:19:33.525,0,GPU-e2681f6e-8d94-2d66-484f-43ea602335f9,439.24,1410,1593,100,15,73511,77
2026/07/24 16:19:33.511,2026/07/24 16:19:33.498,2026/07/24 16:19:33.525,1,GPU-713d5b24-2a1e-fd4a-7685-c3d195ff9230,86.76,1410,1593,100,53,73511,41
2026/07/24 16:19:33.763,2026/07/24 16:19:33.748,2026/07/24 16:19:33.779,0,GPU-e2681f6e-8d94-2d66-484f-43ea602335f9,425.99,1410,1593,100,17,73511,77
2026/07/24 16:19:33.763,2026/07/24 16:19:33.748,2026/07/24 16:19:33.779,1,GPU-713d5b24-2a1e-fd4a-7685-c3d195ff9230,248.91,1410,1593,48,26,73511,44
2026/07/24 16:19:34.018,2026/07/24 16:19:33.998,2026/07/24 16:19:34.037,0,GPU-e2681f6e-8d94-2d66-484f-43ea602335f9,440.70,1410,1593,100,16,73511,77
2026/07/24 16:19:34.018,2026/07/24 16:19:33.998,2026/07/24 16:19:34.037,1,GPU-713d5b24-2a1e-fd4a-7685-c3d195ff9230,242.33,1410,1593,87,46,73511,41
2026/07/24 16:19:34.263,2026/07/24 16:19:34.248,2026/07/24 16:19:34.278,0,GPU-e2681f6e-8d94-2d66-484f-43ea602335f9,436.94,1410,1593,100,18,73511,77
2026/07/24 16:19:34.263,2026/07/24 16:19:34.248,2026/07/24 16:19:34.278,1,GPU-713d5b24-2a1e-fd4a-7685-c3d195ff9230,242.26,1410,1593,56,20,73511,44
2026/07/24 16:19:34.513,2026/07/24 16:19:34.499,2026/07/24 16:19:34.528,0,GPU-e2681f6e-8d94-2d66-484f-43ea602335f9,439.51,1410,1593,100,15,73511,77
2026/07/24 16:19:34.513,2026/07/24 16:19:34.499,2026/07/24 16:19:34.528,1,GPU-713d5b24-2a1e-fd4a-7685-c3d195ff9230,85.84,1410,1593,28,11,73511,42
2026/07/24 16:19:34.763,2026/07/24 16:19:34.749,2026/07/24 16:19:34.777,0,GPU-e2681f6e-8d94-2d66-484f-43ea602335f9,436.94,1410,1593,100,15,73511,77
2026/07/24 16:19:34.763,2026/07/24 16:19:34.749,2026/07/24 16:19:34.777,1,GPU-713d5b24-2a1e-fd4a-7685-c3d195ff9230,244.37,1410,1593,98,47,73511,44
2026/07/24 16:19:35.014,2026/07/24 16:19:34.999,2026/07/24 16:19:35.030,0,GPU-e2681f6e-8d94-2d66-484f-43ea602335f9,433.51,1410,1593,100,17,73511,77
2026/07/24 16:19:35.014,2026/07/24 16:19:34.999,2026/07/24 16:19:35.030,1,GPU-713d5b24-2a1e-fd4a-7685-c3d195ff9230,243.77,1410,1593,51,23,73511,42
2026/07/24 16:19:35.263,2026/07/24 16:19:35.249,2026/07/24 16:19:35.277,0,GPU-e2681f6e-8d94-2d66-484f-43ea602335f9,430.81,1410,1593,100,15,73511,77
2026/07/24 16:19:35.263,2026/07/24 16:19:35.249,2026/07/24 16:19:35.277,1,GPU-713d5b24-2a1e-fd4a-7685-c3d195ff9230,245.29,1410,1593,96,47,73511,45
2026/07/24 16:19:35.513,2026/07/24 16:19:35.499,2026/07/24 16:19:35.527,0,GPU-e2681f6e-8d94-2d66-484f-43ea602335f9,420.38,1410,1593,100,13,73511,77
2026/07/24 16:19:35.513,2026/07/24 16:19:35.499,2026/07/24 16:19:35.527,1,GPU-713d5b24-2a1e-fd4a-7685-c3d195ff9230,85.84,1410,1593,82,44,73511,41
2026/07/24 16:19:35.763,2026/07/24 16:19:35.749,2026/07/24 16:19:35.778,0,GPU-e2681f6e-8d94-2d66-484f-43ea602335f9,430.49,1410,1593,100,16,73511,77
2026/07/24 16:19:35.763,2026/07/24 16:19:35.749,2026/07/24 16:19:35.778,1,GPU-713d5b24-2a1e-fd4a-7685-c3d195ff9230,244.69,1410,1593,97,43,73511,44
2026/07/24 16:19:36.013,2026/07/24 16:19:35.999,2026/07/24 16:19:36.027,0,GPU-e2681f6e-8d94-2d66-484f-43ea602335f9,426.86,1410,1593,100,16,73511,77
2026/07/24 16:19:36.013,2026/07/24 16:19:35.999,2026/07/24 16:19:36.027,1,GPU-713d5b24-2a1e-fd4a-7685-c3d195ff9230,249.18,1410,1593,100,52,73511,43
2026/07/24 16:19:36.263,2026/07/24 16:19:36.249,2026/07/24 16:19:36.276,0,GPU-e2681f6e-8d94-2d66-484f-43ea602335f9,436.22,1410,1593,100,17,73511,77
2026/07/24 16:19:36.263,2026/07/24 16:19:36.249,2026/07/24 16:19:36.276,1,GPU-713d5b24-2a1e-fd4a-7685-c3d195ff9230,249.18,1410,1593,65,25,73511,44
2026/07/24 16:19:36.512,2026/07/24 16:19:36.499,2026/07/24 16:19:36.525,0,GPU-e2681f6e-8d94-2d66-484f-43ea602335f9,424.48,1410,1593,100,14,73511,77
2026/07/24 16:19:36.512,2026/07/24 16:19:36.499,2026/07/24 16:19:36.525,1,GPU-713d5b24-2a1e-fd4a-7685-c3d195ff9230,95.20,1410,1593,100,53,73511,41
2026/07/24 16:19:36.767,2026/07/24 16:19:36.749,2026/07/24 16:19:36.786,0,GPU-e2681f6e-8d94-2d66-484f-43ea602335f9,440.70,1410,1593,100,17,73511,77
2026/07/24 16:19:36.767,2026/07/24 16:19:36.749,2026/07/24 16:19:36.786,1,GPU-713d5b24-2a1e-fd4a-7685-c3d195ff9230,240.47,1410,1593,77,31,73511,43
2026/07/24 16:19:37.014,2026/07/24 16:19:36.999,2026/07/24 16:19:37.029,0,GPU-e2681f6e-8d94-2d66-484f-43ea602335f9,437.73,1410,1593,100,16,73511,77
2026/07/24 16:19:37.014,2026/07/24 16:19:36.999,2026/07/24 16:19:37.029,1,GPU-713d5b24-2a1e-fd4a-7685-c3d195ff9230,241.07,1410,1593,100,52,73511,43
2026/07/24 16:19:37.264,2026/07/24 16:19:37.249,2026/07/24 16:19:37.279,0,GPU-e2681f6e-8d94-2d66-484f-43ea602335f9,432.92,1410,1593,100,16,73511,77
2026/07/24 16:19:37.264,2026/07/24 16:19:37.249,2026/07/24 16:19:37.279,1,GPU-713d5b24-2a1e-fd4a-7685-c3d195ff9230,250.11,1410,1593,94,40,73511,45
2026/07/24 16:19:37.512,2026/07/24 16:19:37.499,2026/07/24 16:19:37.524,0,GPU-e2681f6e-8d94-2d66-484f-43ea602335f9,423.89,1410,1593,100,14,73511,76
2026/07/24 16:19:37.512,2026/07/24 16:19:37.499,2026/07/24 16:19:37.524,1,GPU-713d5b24-2a1e-fd4a-7685-c3d195ff9230,87.08,1410,1593,98,52,73511,41
2026/07/24 16:19:37.763,2026/07/24 16:19:37.750,2026/07/24 16:19:37.777,0,GPU-e2681f6e-8d94-2d66-484f-43ea602335f9,432.00,1410,1593,100,12,73511,77
2026/07/24 16:19:37.763,2026/07/24 16:19:37.750,2026/07/24 16:19:37.777,1,GPU-713d5b24-2a1e-fd4a-7685-c3d195ff9230,86.17,1410,1593,0,0,73511,40
2026/07/24 16:19:38.033,2026/07/24 16:19:38.000,2026/07/24 16:19:38.066,0,GPU-e2681f6e-8d94-2d66-484f-43ea602335f9,424.92,1410,1593,100,15,73511,77
2026/07/24 16:19:38.033,2026/07/24 16:19:38.000,2026/07/24 16:19:38.066,1,GPU-713d5b24-2a1e-fd4a-7685-c3d195ff9230,240.15,1410,1593,96,42,73511,44
2026/07/24 16:19:38.265,2026/07/24 16:19:38.250,2026/07/24 16:19:38.280,0,GPU-e2681f6e-8d94-2d66-484f-43ea602335f9,436.81,1410,1593,100,14,73511,77
2026/07/24 16:19:38.265,2026/07/24 16:19:38.250,2026/07/24 16:19:38.280,1,GPU-713d5b24-2a1e-fd4a-7685-c3d195ff9230,93.69,1410,1593,100,52,73511,42
2026/07/24 16:19:38.516,2026/07/24 16:19:38.500,2026/07/24 16:19:38.533,0,GPU-e2681f6e-8d94-2d66-484f-43ea602335f9,427.18,1410,1593,100,17,73511,77
2026/07/24 16:19:38.516,2026/07/24 16:19:38.500,2026/07/24 16:19:38.533,1,GPU-713d5b24-2a1e-fd4a-7685-c3d195ff9230,242.26,1410,1593,42,11,73511,44
2026/07/24 16:19:38.764,2026/07/24 16:19:38.750,2026/07/24 16:19:38.779,0,GPU-e2681f6e-8d94-2d66-484f-43ea602335f9,438.60,1410,1593,100,14,73511,77
2026/07/24 16:19:38.764,2026/07/24 16:19:38.750,2026/07/24 16:19:38.779,1,GPU-713d5b24-2a1e-fd4a-7685-c3d195ff9230,222.67,1410,1593,87,46,73511,42
2026/07/24 16:19:39.014,2026/07/24 16:19:39.000,2026/07/24 16:19:39.028,0,GPU-e2681f6e-8d94-2d66-484f-43ea602335f9,426.59,1410,1593,100,17,73511,77
2026/07/24 16:19:39.014,2026/07/24 16:19:39.000,2026/07/24 16:19:39.028,1,GPU-713d5b24-2a1e-fd4a-7685-c3d195ff9230,250.70,1410,1593,49,15,73511,44
2026/07/24 16:19:39.264,2026/07/24 16:19:39.250,2026/07/24 16:19:39.277,0,GPU-e2681f6e-8d94-2d66-484f-43ea602335f9,440.43,1410,1593,100,15,73511,77
2026/07/24 16:19:39.264,2026/07/24 16:19:39.250,2026/07/24 16:19:39.277,1,GPU-713d5b24-2a1e-fd4a-7685-c3d195ff9230,192.57,1410,1593,100,52,73511,43
2026/07/24 16:19:39.515,2026/07/24 16:19:39.500,2026/07/24 16:19:39.530,0,GPU-e2681f6e-8d94-2d66-484f-43ea602335f9,432.45,1410,1593,100,17,73511,77
2026/07/24 16:19:39.515,2026/07/24 16:19:39.500,2026/07/24 16:19:39.530,1,GPU-713d5b24-2a1e-fd4a-7685-c3d195ff9230,244.96,1410,1593,88,38,73511,45
2026/07/24 16:19:39.763,2026/07/24 16:19:39.750,2026/07/24 16:19:39.777,0,GPU-e2681f6e-8d94-2d66-484f-43ea602335f9,417.83,1410,1593,100,14,73511,77
2026/07/24 16:19:39.763,2026/07/24 16:19:39.750,2026/07/24 16:19:39.777,1,GPU-713d5b24-2a1e-fd4a-7685-c3d195ff9230,86.49,1410,1593,34,18,73511,43
2026/07/24 16:19:40.016,2026/07/24 16:19:40.000,2026/07/24 16:19:40.031,0,GPU-e2681f6e-8d94-2d66-484f-43ea602335f9,429.57,1410,1593,100,15,73511,77
2026/07/24 16:19:40.016,2026/07/24 16:19:40.000,2026/07/24 16:19:40.031,1,GPU-713d5b24-2a1e-fd4a-7685-c3d195ff9230,85.84,1410,1593,0,0,73511,40
2026/07/24 16:19:40.266,2026/07/24 16:19:40.250,2026/07/24 16:19:40.281,0,GPU-e2681f6e-8d94-2d66-484f-43ea602335f9,429.89,1410,1593,100,16,73511,77
2026/07/24 16:19:40.266,2026/07/24 16:19:40.250,2026/07/24 16:19:40.281,1,GPU-713d5b24-2a1e-fd4a-7685-c3d195ff9230,244.37,1410,1593,70,23,73511,43
2026/07/24 16:19:40.513,2026/07/24 16:19:40.501,2026/07/24 16:19:40.526,0,GPU-e2681f6e-8d94-2d66-484f-43ea602335f9,416.48,1410,1593,100,13,73511,77
2026/07/24 16:19:40.513,2026/07/24 16:19:40.501,2026/07/24 16:19:40.526,1,GPU-713d5b24-2a1e-fd4a-7685-c3d195ff9230,89.20,1410,1593,100,52,73511,41
2026/07/24 16:19:40.764,2026/07/24 16:19:40.751,2026/07/24 16:19:40.778,0,GPU-e2681f6e-8d94-2d66-484f-43ea602335f9,432.27,1410,1593,100,13,73511,77
2026/07/24 16:19:40.764,2026/07/24 16:19:40.751,2026/07/24 16:19:40.778,1,GPU-713d5b24-2a1e-fd4a-7685-c3d195ff9230,85.25,1410,1593,12,6,73511,40
2026/07/24 16:19:41.017,2026/07/24 16:19:41.001,2026/07/24 16:19:41.032,0,GPU-e2681f6e-8d94-2d66-484f-43ea602335f9,433.78,1410,1593,100,15,73511,77
2026/07/24 16:19:41.017,2026/07/24 16:19:41.001,2026/07/24 16:19:41.032,1,GPU-713d5b24-2a1e-fd4a-7685-c3d195ff9230,240.15,1410,1593,97,44,73511,44
2026/07/24 16:19:41.266,2026/07/24 16:19:41.251,2026/07/24 16:19:41.280,0,GPU-e2681f6e-8d94-2d66-484f-43ea602335f9,422.05,1410,1593,100,14,73511,77
2026/07/24 16:19:41.266,2026/07/24 16:19:41.251,2026/07/24 16:19:41.280,1,GPU-713d5b24-2a1e-fd4a-7685-c3d195ff9230,133.79,1410,1593,81,42,73511,41
2026/07/24 16:19:41.516,2026/07/24 16:19:41.501,2026/07/24 16:19:41.531,0,GPU-e2681f6e-8d94-2d66-484f-43ea602335f9,430.22,1410,1593,100,17,73511,77
2026/07/24 16:19:41.516,2026/07/24 16:19:41.501,2026/07/24 16:19:41.531,1,GPU-713d5b24-2a1e-fd4a-7685-c3d195ff9230,244.12,1410,1593,32,6,73511,44
2026/07/24 16:19:41.766,2026/07/24 16:19:41.751,2026/07/24 16:19:41.781,0,GPU-e2681f6e-8d94-2d66-484f-43ea602335f9,422.05,1410,1593,100,14,73511,77
2026/07/24 16:19:41.766,2026/07/24 16:19:41.751,2026/07/24 16:19:41.781,1,GPU-713d5b24-2a1e-fd4a-7685-c3d195ff9230,247.40,1410,1593,100,52,73511,43
2026/07/24 16:19:42.015,2026/07/24 16:19:42.001,2026/07/24 16:19:42.028,0,GPU-e2681f6e-8d94-2d66-484f-43ea602335f9,433.04,1410,1593,100,17,73511,77
2026/07/24 16:19:42.015,2026/07/24 16:19:42.001,2026/07/24 16:19:42.028,1,GPU-713d5b24-2a1e-fd4a-7685-c3d195ff9230,243.18,1410,1593,98,49,73511,45
2026/07/24 16:19:42.265,2026/07/24 16:19:42.251,2026/07/24 16:19:42.278,0,GPU-e2681f6e-8d94-2d66-484f-43ea602335f9,419.94,1410,1593,100,13,73511,76
2026/07/24 16:19:42.265,2026/07/24 16:19:42.251,2026/07/24 16:19:42.278,1,GPU-713d5b24-2a1e-fd4a-7685-c3d195ff9230,89.79,1410,1593,63,33,73511,41
2026/07/24 16:19:42.515,2026/07/24 16:19:42.501,2026/07/24 16:19:42.529,0,GPU-e2681f6e-8d94-2d66-484f-43ea602335f9,427.18,1410,1593,100,12,73511,77
2026/07/24 16:19:42.515,2026/07/24 16:19:42.501,2026/07/24 16:19:42.529,1,GPU-713d5b24-2a1e-fd4a-7685-c3d195ff9230,85.57,1410,1593,0,0,73511,40
2026/07/24 16:19:42.765,2026/07/24 16:19:42.752,2026/07/24 16:19:42.779,0,GPU-e2681f6e-8d94-2d66-484f-43ea602335f9,431.08,1410,1593,100,17,73511,77
2026/07/24 16:19:42.765,2026/07/24 16:19:42.752,2026/07/24 16:19:42.779,1,GPU-713d5b24-2a1e-fd4a-7685-c3d195ff9230,245.62,1410,1593,43,10,73511,44
2026/07/24 16:19:43.015,2026/07/24 16:19:43.002,2026/07/24 16:19:43.029,0,GPU-e2681f6e-8d94-2d66-484f-43ea602335f9,421.45,1410,1593,100,14,73511,77
2026/07/24 16:19:43.015,2026/07/24 16:19:43.002,2026/07/24 16:19:43.029,1,GPU-713d5b24-2a1e-fd4a-7685-c3d195ff9230,87.68,1410,1593,100,52,73511,41
2026/07/24 16:19:43.265,2026/07/24 16:19:43.252,2026/07/24 16:19:43.279,0,GPU-e2681f6e-8d94-2d66-484f-43ea602335f9,445.38,1410,1593,100,15,73511,77
2026/07/24 16:19:43.265,2026/07/24 16:19:43.252,2026/07/24 16:19:43.279,1,GPU-713d5b24-2a1e-fd4a-7685-c3d195ff9230,85.57,1410,1593,0,0,73511,40
2026/07/24 16:19:43.541,2026/07/24 16:19:43.502,2026/07/24 16:19:43.580,0,GPU-e2681f6e-8d94-2d66-484f-43ea602335f9,434.38,1410,1593,100,16,73511,77
2026/07/24 16:19:43.541,2026/07/24 16:19:43.502,2026/07/24 16:19:43.580,1,GPU-713d5b24-2a1e-fd4a-7685-c3d195ff9230,245.62,1410,1593,100,52,73511,44
2026/07/24 16:19:43.764,2026/07/24 16:19:43.752,2026/07/24 16:19:43.777,0,GPU-e2681f6e-8d94-2d66-484f-43ea602335f9,414.54,1410,1593,100,14,73511,77
2026/07/24 16:19:43.764,2026/07/24 16:19:43.752,2026/07/24 16:19:43.777,1,GPU-713d5b24-2a1e-fd4a-7685-c3d195ff9230,86.17,1410,1593,33,17,73511,41
2026/07/24 16:19:44.016,2026/07/24 16:19:44.002,2026/07/24 16:19:44.030,0,GPU-e2681f6e-8d94-2d66-484f-43ea602335f9,448.54,1410,1593,100,13,73511,77
2026/07/24 16:19:44.016,2026/07/24 16:19:44.002,2026/07/24 16:19:44.030,1,GPU-713d5b24-2a1e-fd4a-7685-c3d195ff9230,97.91,1410,1593,23,0,73511,42
2026/07/24 16:19:44.267,2026/07/24 16:19:44.252,2026/07/24 16:19:44.281,0,GPU-e2681f6e-8d94-2d66-484f-43ea602335f9,426.44,1410,1593,100,17,73511,77
2026/07/24 16:19:44.267,2026/07/24 16:19:44.252,2026/07/24 16:19:44.281,1,GPU-713d5b24-2a1e-fd4a-7685-c3d195ff9230,243.50,1410,1593,99,51,73511,44
2026/07/24 16:19:44.517,2026/07/24 16:19:44.502,2026/07/24 16:19:44.532,0,GPU-e2681f6e-8d94-2d66-484f-43ea602335f9,411.51,1410,1593,100,12,73511,76
2026/07/24 16:19:44.517,2026/07/24 16:19:44.502,2026/07/24 16:19:44.532,1,GPU-713d5b24-2a1e-fd4a-7685-c3d195ff9230,85.57,1410,1593,51,27,73511,40
2026/07/24 16:19:44.767,2026/07/24 16:19:44.752,2026/07/24 16:19:44.781,0,GPU-e2681f6e-8d94-2d66-484f-43ea602335f9,434.38,1410,1593,100,15,73511,77
2026/07/24 16:19:44.767,2026/07/24 16:19:44.752,2026/07/24 16:19:44.781,1,GPU-713d5b24-2a1e-fd4a-7685-c3d195ff9230,231.11,1410,1593,0,0,73511,41
2026/07/24 16:19:45.016,2026/07/24 16:19:45.002,2026/07/24 16:19:45.030,0,GPU-e2681f6e-8d94-2d66-484f-43ea602335f9,422.38,1410,1593,100,13,73511,77
2026/07/24 16:19:45.016,2026/07/24 16:19:45.002,2026/07/24 16:19:45.030,1,GPU-713d5b24-2a1e-fd4a-7685-c3d195ff9230,238.71,1410,1593,100,52,73511,44
2026/07/24 16:19:45.269,2026/07/24 16:19:45.253,2026/07/24 16:19:45.285,0,GPU-e2681f6e-8d94-2d66-484f-43ea602335f9,428.38,1410,1593,100,13,73511,77
2026/07/24 16:19:45.269,2026/07/24 16:19:45.253,2026/07/24 16:19:45.285,1,GPU-713d5b24-2a1e-fd4a-7685-c3d195ff9230,86.49,1410,1593,49,26,73511,40
2026/07/24 16:19:45.517,2026/07/24 16:19:45.503,2026/07/24 16:19:45.532,0,GPU-e2681f6e-8d94-2d66-484f-43ea602335f9,430.49,1410,1593,100,17,73511,77
2026/07/24 16:19:45.517,2026/07/24 16:19:45.503,2026/07/24 16:19:45.532,1,GPU-713d5b24-2a1e-fd4a-7685-c3d195ff9230,244.37,1410,1593,40,9,73511,43
2026/07/24 16:19:45.766,2026/07/24 16:19:45.753,2026/07/24 16:19:45.779,0,GPU-e2681f6e-8d94-2d66-484f-43ea602335f9,422.22,1410,1593,100,14,73511,77
2026/07/24 16:19:45.766,2026/07/24 16:19:45.753,2026/07/24 16:19:45.779,1,GPU-713d5b24-2a1e-fd4a-7685-c3d195ff9230,239.87,1410,1593,100,52,73511,44
2026/07/24 16:19:46.018,2026/07/24 16:19:46.003,2026/07/24 16:19:46.034,0,GPU-e2681f6e-8d94-2d66-484f-43ea602335f9,429.89,1410,1593,100,12,73511,77
2026/07/24 16:19:46.018,2026/07/24 16:19:46.003,2026/07/24 16:19:46.034,1,GPU-713d5b24-2a1e-fd4a-7685-c3d195ff9230,85.84,1410,1593,0,0,73511,40
2026/07/24 16:19:46.267,2026/07/24 16:19:46.253,2026/07/24 16:19:46.281,0,GPU-e2681f6e-8d94-2d66-484f-43ea602335f9,432.27,1410,1593,100,15,73511,77
2026/07/24 16:19:46.267,2026/07/24 16:19:46.253,2026/07/24 16:19:46.281,1,GPU-713d5b24-2a1e-fd4a-7685-c3d195ff9230,242.93,1410,1593,89,34,73511,44
2026/07/24 16:19:46.516,2026/07/24 16:19:46.503,2026/07/24 16:19:46.529,0,GPU-e2681f6e-8d94-2d66-484f-43ea602335f9,419.67,1410,1593,100,14,73511,77
2026/07/24 16:19:46.516,2026/07/24 16:19:46.503,2026/07/24 16:19:46.529,1,GPU-713d5b24-2a1e-fd4a-7685-c3d195ff9230,85.84,1410,1593,65,34,73511,40
2026/07/24 16:19:46.767,2026/07/24 16:19:46.753,2026/07/24 16:19:46.780,0,GPU-e2681f6e-8d94-2d66-484f-43ea602335f9,440.70,1410,1593,100,14,73511,77
2026/07/24 16:19:46.767,2026/07/24 16:19:46.753,2026/07/24 16:19:46.780,1,GPU-713d5b24-2a1e-fd4a-7685-c3d195ff9230,97.91,1410,1593,0,0,73511,43
2026/07/24 16:19:47.018,2026/07/24 16:19:47.003,2026/07/24 16:19:47.034,0,GPU-e2681f6e-8d94-2d66-484f-43ea602335f9,428.97,1410,1593,100,17,73511,77
2026/07/24 16:19:47.018,2026/07/24 16:19:47.003,2026/07/24 16:19:47.034,1,GPU-713d5b24-2a1e-fd4a-7685-c3d195ff9230,237.44,1410,1593,82,31,73511,44
2026/07/24 16:19:47.268,2026/07/24 16:19:47.253,2026/07/24 16:19:47.282,0,GPU-e2681f6e-8d94-2d66-484f-43ea602335f9,447.23,1410,1593,100,17,73511,77
2026/07/24 16:19:47.268,2026/07/24 16:19:47.253,2026/07/24 16:19:47.282,1,GPU-713d5b24-2a1e-fd4a-7685-c3d195ff9230,242.93,1410,1593,65,25,73511,42
2026/07/24 16:19:47.518,2026/07/24 16:19:47.504,2026/07/24 16:19:47.533,0,GPU-e2681f6e-8d94-2d66-484f-43ea602335f9,430.49,1410,1593,100,15,73511,77
2026/07/24 16:19:47.518,2026/07/24 16:19:47.504,2026/07/24 16:19:47.533,1,GPU-713d5b24-2a1e-fd4a-7685-c3d195ff9230,243.25,1410,1593,97,51,73511,41
2026/07/24 16:19:47.775,2026/07/24 16:19:47.754,2026/07/24 16:19:47.796,0,GPU-e2681f6e-8d94-2d66-484f-43ea602335f9,435.62,1410,1593,100,17,73511,77
2026/07/24 16:19:47.775,2026/07/24 16:19:47.754,2026/07/24 16:19:47.796,1,GPU-713d5b24-2a1e-fd4a-7685-c3d195ff9230,244.10,1410,1593,29,6,73511,43
2026/07/24 16:19:48.016,2026/07/24 16:19:48.004,2026/07/24 16:19:48.029,0,GPU-e2681f6e-8d94-2d66-484f-43ea602335f9,422.65,1410,1593,100,14,73511,77
2026/07/24 16:19:48.016,2026/07/24 16:19:48.004,2026/07/24 16:19:48.029,1,GPU-713d5b24-2a1e-fd4a-7685-c3d195ff9230,85.84,1410,1593,100,53,73511,40
2026/07/24 16:19:48.270,2026/07/24 16:19:48.254,2026/07/24 16:19:48.286,0,GPU-e2681f6e-8d94-2d66-484f-43ea602335f9,424.16,1410,1593,100,16,73511,77
2026/07/24 16:19:48.270,2026/07/24 16:19:48.254,2026/07/24 16:19:48.286,1,GPU-713d5b24-2a1e-fd4a-7685-c3d195ff9230,244.37,1410,1593,61,22,73511,43
2026/07/24 16:19:48.529,2026/07/24 16:19:48.504,2026/07/24 16:19:48.554,0,GPU-e2681f6e-8d94-2d66-484f-43ea602335f9,435.30,1410,1593,100,17,73511,77
2026/07/24 16:19:48.529,2026/07/24 16:19:48.504,2026/07/24 16:19:48.554,1,GPU-713d5b24-2a1e-fd4a-7685-c3d195ff9230,113.28,1410,1593,100,52,73511,43
2026/07/24 16:19:48.769,2026/07/24 16:19:48.754,2026/07/24 16:19:48.783,0,GPU-e2681f6e-8d94-2d66-484f-43ea602335f9,427.46,1410,1593,100,16,73511,77
2026/07/24 16:19:48.769,2026/07/24 16:19:48.754,2026/07/24 16:19:48.783,1,GPU-713d5b24-2a1e-fd4a-7685-c3d195ff9230,245.88,1410,1593,91,40,73511,45
2026/07/24 16:19:49.021,2026/07/24 16:19:49.004,2026/07/24 16:19:49.037,0,GPU-e2681f6e-8d94-2d66-484f-43ea602335f9,424.16,1410,1593,100,13,73511,77
2026/07/24 16:19:49.021,2026/07/24 16:19:49.004,2026/07/24 16:19:49.037,1,GPU-713d5b24-2a1e-fd4a-7685-c3d195ff9230,85.84,1410,1593,0,0,73511,40
2026/07/24 16:19:49.273,2026/07/24 16:19:49.254,2026/07/24 16:19:49.292,0,GPU-e2681f6e-8d94-2d66-484f-43ea602335f9,433.78,1410,1593,100,17,73511,77
2026/07/24 16:19:49.273,2026/07/24 16:19:49.254,2026/07/24 16:19:49.292,1,GPU-713d5b24-2a1e-fd4a-7685-c3d195ff9230,248.91,1410,1593,67,24,73511,43
2026/07/24 16:19:49.520,2026/07/24 16:19:49.504,2026/07/24 16:19:49.535,0,GPU-e2681f6e-8d94-2d66-484f-43ea602335f9,411.51,1410,1593,100,14,73511,77
2026/07/24 16:19:49.520,2026/07/24 16:19:49.504,2026/07/24 16:19:49.535,1,GPU-713d5b24-2a1e-fd4a-7685-c3d195ff9230,158.20,1410,1593,100,52,73511,44
2026/07/24 16:19:49.771,2026/07/24 16:19:49.754,2026/07/24 16:19:49.789,0,GPU-e2681f6e-8d94-2d66-484f-43ea602335f9,445.57,1410,1593,100,14,73511,77
2026/07/24 16:19:49.771,2026/07/24 16:19:49.754,2026/07/24 16:19:49.789,1,GPU-713d5b24-2a1e-fd4a-7685-c3d195ff9230,99.43,1410,1593,34,18,73511,43
2026/07/24 16:19:50.020,2026/07/24 16:19:50.004,2026/07/24 16:19:50.036,0,GPU-e2681f6e-8d94-2d66-484f-43ea602335f9,423.57,1410,1593,100,17,73511,77
2026/07/24 16:19:50.020,2026/07/24 16:19:50.004,2026/07/24 16:19:50.036,1,GPU-713d5b24-2a1e-fd4a-7685-c3d195ff9230,111.49,1410,1593,77,40,73511,44
2026/07/24 16:19:50.270,2026/07/24 16:19:50.254,2026/07/24 16:19:50.286,0,GPU-e2681f6e-8d94-2d66-484f-43ea602335f9,439.24,1410,1593,100,17,73511,77
2026/07/24 16:19:50.270,2026/07/24 16:19:50.254,2026/07/24 16:19:50.286,1,GPU-713d5b24-2a1e-fd4a-7685-c3d195ff9230,95.20,1410,1593,26,5,73511,43
2026/07/24 16:19:50.525,2026/07/24 16:19:50.504,2026/07/24 16:19:50.545,0,GPU-e2681f6e-8d94-2d66-484f-43ea602335f9,430.81,1410,1593,100,15,73511,77
2026/07/24 16:19:50.525,2026/07/24 16:19:50.504,2026/07/24 16:19:50.545,1,GPU-713d5b24-2a1e-fd4a-7685-c3d195ff9230,87.36,1410,1593,100,53,73511,42
2026/07/24 16:19:50.772,2026/07/24 16:19:50.755,2026/07/24 16:19:50.790,0,GPU-e2681f6e-8d94-2d66-484f-43ea602335f9,426.59,1410,1593,100,17,73511,77
2026/07/24 16:19:50.772,2026/07/24 16:19:50.755,2026/07/24 16:19:50.790,1,GPU-713d5b24-2a1e-fd4a-7685-c3d195ff9230,243.77,1410,1593,31,8,73511,44
2026/07/24 16:19:51.021,2026/07/24 16:19:51.005,2026/07/24 16:19:51.037,0,GPU-e2681f6e-8d94-2d66-484f-43ea602335f9,418.75,1410,1593,100,15,73511,77
2026/07/24 16:19:51.021,2026/07/24 16:19:51.005,2026/07/24 16:19:51.037,1,GPU-713d5b24-2a1e-fd4a-7685-c3d195ff9230,102.14,1410,1593,100,53,73511,41
2026/07/24 16:19:51.269,2026/07/24 16:19:51.255,2026/07/24 16:19:51.283,0,GPU-e2681f6e-8d94-2d66-484f-43ea602335f9,422.65,1410,1593,100,13,73511,77
2026/07/24 16:19:51.269,2026/07/24 16:19:51.255,2026/07/24 16:19:51.283,1,GPU-713d5b24-2a1e-fd4a-7685-c3d195ff9230,85.57,1410,1593,0,0,73511,40
2026/07/24 16:19:51.521,2026/07/24 16:19:51.505,2026/07/24 16:19:51.537,0,GPU-e2681f6e-8d94-2d66-484f-43ea602335f9,431.40,1410,1593,100,17,73511,77
2026/07/24 16:19:51.521,2026/07/24 16:19:51.505,2026/07/24 16:19:51.537,1,GPU-713d5b24-2a1e-fd4a-7685-c3d195ff9230,213.63,1410,1593,46,11,73511,43
2026/07/24 16:19:51.770,2026/07/24 16:19:51.755,2026/07/24 16:19:51.785,0,GPU-e2681f6e-8d94-2d66-484f-43ea602335f9,429.57,1410,1593,100,14,73511,77
2026/07/24 16:19:51.770,2026/07/24 16:19:51.755,2026/07/24 16:19:51.785,1,GPU-713d5b24-2a1e-fd4a-7685-c3d195ff9230,86.49,1410,1593,100,51,73511,41
2026/07/24 16:19:52.018,2026/07/24 16:19:52.005,2026/07/24 16:19:52.030,0,GPU-e2681f6e-8d94-2d66-484f-43ea602335f9,419.67,1410,1593,100,12,73511,77
2026/07/24 16:19:52.018,2026/07/24 16:19:52.005,2026/07/24 16:19:52.030,1,GPU-713d5b24-2a1e-fd4a-7685-c3d195ff9230,85.25,1410,1593,2,1,73511,39
2026/07/24 16:19:52.273,2026/07/24 16:19:52.255,2026/07/24 16:19:52.291,0,GPU-e2681f6e-8d94-2d66-484f-43ea602335f9,424.48,1410,1593,100,15,73511,77
2026/07/24 16:19:52.273,2026/07/24 16:19:52.255,2026/07/24 16:19:52.291,1,GPU-713d5b24-2a1e-fd4a-7685-c3d195ff9230,243.18,1410,1593,73,25,73511,42
2026/07/24 16:19:52.521,2026/07/24 16:19:52.505,2026/07/24 16:19:52.536,0,GPU-e2681f6e-8d94-2d66-484f-43ea602335f9,418.75,1410,1593,100,14,73511,77
2026/07/24 16:19:52.521,2026/07/24 16:19:52.505,2026/07/24 16:19:52.536,1,GPU-713d5b24-2a1e-fd4a-7685-c3d195ff9230,85.57,1410,1593,75,39,73511,40
2026/07/24 16:19:52.772,2026/07/24 16:19:52.755,2026/07/24 16:19:52.789,0,GPU-e2681f6e-8d94-2d66-484f-43ea602335f9,431.08,1410,1593,100,16,73511,77
2026/07/24 16:19:52.772,2026/07/24 16:19:52.755,2026/07/24 16:19:52.789,1,GPU-713d5b24-2a1e-fd4a-7685-c3d195ff9230,231.43,1410,1593,2,0,73511,42
2026/07/24 16:19:53.018,2026/07/24 16:19:53.005,2026/07/24 16:19:53.031,0,GPU-e2681f6e-8d94-2d66-484f-43ea602335f9,430.81,1410,1593,100,16,73511,77
2026/07/24 16:19:53.018,2026/07/24 16:19:53.005,2026/07/24 16:19:53.031,1,GPU-713d5b24-2a1e-fd4a-7685-c3d195ff9230,86.76,1410,1593,55,29,73511,41
2026/07/24 16:19:53.270,2026/07/24 16:19:53.255,2026/07/24 16:19:53.285,0,GPU-e2681f6e-8d94-2d66-484f-43ea602335f9,434.70,1410,1593,100,15,73511,77
2026/07/24 16:19:53.270,2026/07/24 16:19:53.255,2026/07/24 16:19:53.285,1,GPU-713d5b24-2a1e-fd4a-7685-c3d195ff9230,207.29,1410,1593,37,10,73511,42
2026/07/24 16:19:53.519,2026/07/24 16:19:53.505,2026/07/24 16:19:53.533,0,GPU-e2681f6e-8d94-2d66-484f-43ea602335f9,430.49,1410,1593,100,14,73511,77
2026/07/24 16:19:53.519,2026/07/24 16:19:53.505,2026/07/24 16:19:53.533,1,GPU-713d5b24-2a1e-fd4a-7685-c3d195ff9230,244.96,1410,1593,100,53,73511,44
2026/07/24 16:19:53.771,2026/07/24 16:19:53.756,2026/07/24 16:19:53.787,0,GPU-e2681f6e-8d94-2d66-484f-43ea602335f9,432.72,1410,1593,100,17,73511,77
2026/07/24 16:19:53.771,2026/07/24 16:19:53.756,2026/07/24 16:19:53.787,1,GPU-713d5b24-2a1e-fd4a-7685-c3d195ff9230,244.37,1410,1593,81,33,73511,44
2026/07/24 16:19:54.021,2026/07/24 16:19:54.006,2026/07/24 16:19:54.037,0,GPU-e2681f6e-8d94-2d66-484f-43ea602335f9,422.38,1410,1593,100,15,73511,77
2026/07/24 16:19:54.021,2026/07/24 16:19:54.006,2026/07/24 16:19:54.037,1,GPU-713d5b24-2a1e-fd4a-7685-c3d195ff9230,86.49,1410,1593,41,22,73511,42
2026/07/24 16:19:54.270,2026/07/24 16:19:54.256,2026/07/24 16:19:54.284,0,GPU-e2681f6e-8d94-2d66-484f-43ea602335f9,443.46,1410,1593,100,13,73511,77
2026/07/24 16:19:54.270,2026/07/24 16:19:54.256,2026/07/24 16:19:54.284,1,GPU-713d5b24-2a1e-fd4a-7685-c3d195ff9230,166.65,1410,1593,36,8,73511,43
2026/07/24 16:19:54.520,2026/07/24 16:19:54.506,2026/07/24 16:19:54.535,0,GPU-e2681f6e-8d94-2d66-484f-43ea602335f9,427.04,1410,1593,100,15,73511,77
2026/07/24 16:19:54.520,2026/07/24 16:19:54.506,2026/07/24 16:19:54.535,1,GPU-713d5b24-2a1e-fd4a-7685-c3d195ff9230,238.69,1410,1593,100,52,73511,44
2026/07/24 16:19:54.771,2026/07/24 16:19:54.756,2026/07/24 16:19:54.786,0,GPU-e2681f6e-8d94-2d66-484f-43ea602335f9,446.16,1410,1593,100,17,73511,77
2026/07/24 16:19:54.771,2026/07/24 16:19:54.756,2026/07/24 16:19:54.786,1,GPU-713d5b24-2a1e-fd4a-7685-c3d195ff9230,99.75,1410,1593,69,36,73511,43
2026/07/24 16:19:55.022,2026/07/24 16:19:55.006,2026/07/24 16:19:55.037,0,GPU-e2681f6e-8d94-2d66-484f-43ea602335f9,432.00,1410,1593,100,16,73511,77
2026/07/24 16:19:55.022,2026/07/24 16:19:55.006,2026/07/24 16:19:55.037,1,GPU-713d5b24-2a1e-fd4a-7685-c3d195ff9230,246.21,1410,1593,75,30,73511,44
2026/07/24 16:19:55.271,2026/07/24 16:19:55.256,2026/07/24 16:19:55.286,0,GPU-e2681f6e-8d94-2d66-484f-43ea602335f9,435.62,1410,1593,100,18,73511,77
2026/07/24 16:19:55.271,2026/07/24 16:19:55.256,2026/07/24 16:19:55.286,1,GPU-713d5b24-2a1e-fd4a-7685-c3d195ff9230,86.49,1410,1593,45,19,73511,42
2026/07/24 16:19:55.520,2026/07/24 16:19:55.506,2026/07/24 16:19:55.535,0,GPU-e2681f6e-8d94-2d66-484f-43ea602335f9,434.56,1410,1593,100,15,73511,77
2026/07/24 16:19:55.520,2026/07/24 16:19:55.506,2026/07/24 16:19:55.535,1,GPU-713d5b24-2a1e-fd4a-7685-c3d195ff9230,243.18,1410,1593,96,46,73511,44
2026/07/24 16:19:55.771,2026/07/24 16:19:55.756,2026/07/24 16:19:55.785,0,GPU-e2681f6e-8d94-2d66-484f-43ea602335f9,432.92,1410,1593,100,17,73511,77
2026/07/24 16:19:55.771,2026/07/24 16:19:55.756,2026/07/24 16:19:55.785,1,GPU-713d5b24-2a1e-fd4a-7685-c3d195ff9230,242.91,1410,1593,78,39,73511,43
2026/07/24 16:19:56.021,2026/07/24 16:19:56.006,2026/07/24 16:19:56.035,0,GPU-e2681f6e-8d94-2d66-484f-43ea602335f9,421.13,1410,1593,100,16,73511,77
2026/07/24 16:19:56.021,2026/07/24 16:19:56.006,2026/07/24 16:19:56.035,1,GPU-713d5b24-2a1e-fd4a-7685-c3d195ff9230,243.77,1410,1593,95,43,73511,43
2026/07/24 16:19:56.274,2026/07/24 16:19:56.256,2026/07/24 16:19:56.291,0,GPU-e2681f6e-8d94-2d66-484f-43ea602335f9,439.84,1410,1593,100,13,73511,77
2026/07/24 16:19:56.274,2026/07/24 16:19:56.256,2026/07/24 16:19:56.291,1,GPU-713d5b24-2a1e-fd4a-7685-c3d195ff9230,85.93,1410,1593,71,38,73511,40
2026/07/24 16:19:56.522,2026/07/24 16:19:56.507,2026/07/24 16:19:56.537,0,GPU-e2681f6e-8d94-2d66-484f-43ea602335f9,432.00,1410,1593,100,16,73511,77
2026/07/24 16:19:56.522,2026/07/24 16:19:56.507,2026/07/24 16:19:56.537,1,GPU-713d5b24-2a1e-fd4a-7685-c3d195ff9230,238.96,1410,1593,95,43,73511,44
2026/07/24 16:19:56.772,2026/07/24 16:19:56.757,2026/07/24 16:19:56.788,0,GPU-e2681f6e-8d94-2d66-484f-43ea602335f9,425.08,1410,1593,100,13,73511,77
2026/07/24 16:19:56.772,2026/07/24 16:19:56.757,2026/07/24 16:19:56.788,1,GPU-713d5b24-2a1e-fd4a-7685-c3d195ff9230,86.17,1410,1593,43,23,73511,40
2026/07/24 16:19:57.021,2026/07/24 16:19:57.007,2026/07/24 16:19:57.035,0,GPU-e2681f6e-8d94-2d66-484f-43ea602335f9,438.60,1410,1593,100,14,73511,77
2026/07/24 16:19:57.021,2026/07/24 16:19:57.007,2026/07/24 16:19:57.035,1,GPU-713d5b24-2a1e-fd4a-7685-c3d195ff9230,85.25,1410,1593,54,16,73511,42
2026/07/24 16:19:57.270,2026/07/24 16:19:57.257,2026/07/24 16:19:57.284,0,GPU-e2681f6e-8d94-2d66-484f-43ea602335f9,433.51,1410,1593,100,17,73511,77
2026/07/24 16:19:57.270,2026/07/24 16:19:57.257,2026/07/24 16:19:57.284,1,GPU-713d5b24-2a1e-fd4a-7685-c3d195ff9230,246.48,1410,1593,54,16,73511,44
2026/07/24 16:19:57.521,2026/07/24 16:19:57.507,2026/07/24 16:19:57.536,0,GPU-e2681f6e-8d94-2d66-484f-43ea602335f9,433.64,1410,1593,100,17,73511,77
2026/07/24 16:19:57.521,2026/07/24 16:19:57.507,2026/07/24 16:19:57.536,1,GPU-713d5b24-2a1e-fd4a-7685-c3d195ff9230,185.64,1410,1593,7,4,73511,40
2026/07/24 16:19:57.771,2026/07/24 16:19:57.757,2026/07/24 16:19:57.785,0,GPU-e2681f6e-8d94-2d66-484f-43ea602335f9,422.82,1410,1593,100,15,73511,77
2026/07/24 16:19:57.771,2026/07/24 16:19:57.757,2026/07/24 16:19:57.785,1,GPU-713d5b24-2a1e-fd4a-7685-c3d195ff9230,246.21,1410,1593,85,35,73511,44
2026/07/24 16:19:58.023,2026/07/24 16:19:58.007,2026/07/24 16:19:58.039,0,GPU-e2681f6e-8d94-2d66-484f-43ea602335f9,441.03,1410,1593,100,15,73511,77
2026/07/24 16:19:58.023,2026/07/24 16:19:58.007,2026/07/24 16:19:58.039,1,GPU-713d5b24-2a1e-fd4a-7685-c3d195ff9230,243.18,1410,1593,69,27,73511,42
2026/07/24 16:19:58.271,2026/07/24 16:19:58.257,2026/07/24 16:19:58.285,0,GPU-e2681f6e-8d94-2d66-484f-43ea602335f9,427.46,1410,1593,100,17,73511,77
2026/07/24 16:19:58.271,2026/07/24 16:19:58.257,2026/07/24 16:19:58.285,1,GPU-713d5b24-2a1e-fd4a-7685-c3d195ff9230,89.79,1410,1593,65,34,73511,41
2026/07/24 16:19:58.523,2026/07/24 16:19:58.507,2026/07/24 16:19:58.538,0,GPU-e2681f6e-8d94-2d66-484f-43ea602335f9,444.65,1410,1593,100,14,73511,77
2026/07/24 16:19:58.523,2026/07/24 16:19:58.507,2026/07/24 16:19:58.538,1,GPU-713d5b24-2a1e-fd4a-7685-c3d195ff9230,183.54,1410,1593,0,0,73511,40
2026/07/24 16:19:58.771,2026/07/24 16:19:58.757,2026/07/24 16:19:58.785,0,GPU-e2681f6e-8d94-2d66-484f-43ea602335f9,427.46,1410,1593,100,17,73511,77
2026/07/24 16:19:58.771,2026/07/24 16:19:58.757,2026/07/24 16:19:58.785,1,GPU-713d5b24-2a1e-fd4a-7685-c3d195ff9230,249.18,1410,1593,86,34,73511,44
2026/07/24 16:19:59.023,2026/07/24 16:19:59.007,2026/07/24 16:19:59.038,0,GPU-e2681f6e-8d94-2d66-484f-43ea602335f9,422.05,1410,1593,100,13,73511,77
2026/07/24 16:19:59.023,2026/07/24 16:19:59.007,2026/07/24 16:19:59.038,1,GPU-713d5b24-2a1e-fd4a-7685-c3d195ff9230,86.76,1410,1593,100,52,73511,41
2026/07/24 16:19:59.273,2026/07/24 16:19:59.257,2026/07/24 16:19:59.289,0,GPU-e2681f6e-8d94-2d66-484f-43ea602335f9,446.44,1410,1593,100,13,73511,77
2026/07/24 16:19:59.273,2026/07/24 16:19:59.257,2026/07/24 16:19:59.289,1,GPU-713d5b24-2a1e-fd4a-7685-c3d195ff9230,98.24,1410,1593,24,0,73511,40
2026/07/24 16:19:59.524,2026/07/24 16:19:59.508,2026/07/24 16:19:59.540,0,GPU-e2681f6e-8d94-2d66-484f-43ea602335f9,425.99,1410,1593,100,17,73511,77
2026/07/24 16:19:59.524,2026/07/24 16:19:59.508,2026/07/24 16:19:59.540,1,GPU-713d5b24-2a1e-fd4a-7685-c3d195ff9230,239.55,1410,1593,95,49,73511,44
2026/07/24 16:19:59.771,2026/07/24 16:19:59.758,2026/07/24 16:19:59.785,0,GPU-e2681f6e-8d94-2d66-484f-43ea602335f9,438.92,1410,1593,100,14,73511,77
2026/07/24 16:19:59.771,2026/07/24 16:19:59.758,2026/07/24 16:19:59.785,1,GPU-713d5b24-2a1e-fd4a-7685-c3d195ff9230,87.08,1410,1593,100,52,73511,42
2026/07/24 16:20:00.024,2026/07/24 16:20:00.008,2026/07/24 16:20:00.041,0,GPU-e2681f6e-8d94-2d66-484f-43ea602335f9,432.92,1410,1593,100,18,73511,77
2026/07/24 16:20:00.024,2026/07/24 16:20:00.008,2026/07/24 16:20:00.041,1,GPU-713d5b24-2a1e-fd4a-7685-c3d195ff9230,242.58,1410,1593,42,12,73511,44
2026/07/24 16:20:00.275,2026/07/24 16:20:00.258,2026/07/24 16:20:00.292,0,GPU-e2681f6e-8d94-2d66-484f-43ea602335f9,413.35,1410,1593,100,14,73511,77
2026/07/24 16:20:00.275,2026/07/24 16:20:00.258,2026/07/24 16:20:00.292,1,GPU-713d5b24-2a1e-fd4a-7685-c3d195ff9230,86.17,1410,1593,100,52,73511,41
2026/07/24 16:20:00.523,2026/07/24 16:20:00.508,2026/07/24 16:20:00.538,0,GPU-e2681f6e-8d94-2d66-484f-43ea602335f9,428.97,1410,1593,100,17,73511,77
2026/07/24 16:20:00.523,2026/07/24 16:20:00.508,2026/07/24 16:20:00.538,1,GPU-713d5b24-2a1e-fd4a-7685-c3d195ff9230,85.57,1410,1593,0,0,73511,39
2026/07/24 16:20:00.776,2026/07/24 16:20:00.758,2026/07/24 16:20:00.794,0,GPU-e2681f6e-8d94-2d66-484f-43ea602335f9,434.10,1410,1593,100,15,73511,77
2026/07/24 16:20:00.776,2026/07/24 16:20:00.758,2026/07/24 16:20:00.794,1,GPU-713d5b24-2a1e-fd4a-7685-c3d195ff9230,240.47,1410,1593,84,32,73511,43
2026/07/24 16:20:01.024,2026/07/24 16:20:01.008,2026/07/24 16:20:01.039,0,GPU-e2681f6e-8d94-2d66-484f-43ea602335f9,442.55,1410,1593,100,16,73511,77
2026/07/24 16:20:01.024,2026/07/24 16:20:01.008,2026/07/24 16:20:01.039,1,GPU-713d5b24-2a1e-fd4a-7685-c3d195ff9230,167.51,1410,1593,100,52,73511,44
2026/07/24 16:20:01.276,2026/07/24 16:20:01.258,2026/07/24 16:20:01.294,0,GPU-e2681f6e-8d94-2d66-484f-43ea602335f9,425.52,1410,1593,100,17,73511,77
2026/07/24 16:20:01.276,2026/07/24 16:20:01.258,2026/07/24 16:20:01.294,1,GPU-713d5b24-2a1e-fd4a-7685-c3d195ff9230,249.18,1410,1593,89,38,73511,45
2026/07/24 16:20:01.523,2026/07/24 16:20:01.508,2026/07/24 16:20:01.539,0,GPU-e2681f6e-8d94-2d66-484f-43ea602335f9,428.11,1410,1593,100,13,73511,77
2026/07/24 16:20:01.523,2026/07/24 16:20:01.508,2026/07/24 16:20:01.539,1,GPU-713d5b24-2a1e-fd4a-7685-c3d195ff9230,86.17,1410,1593,10,6,73511,41
2026/07/24 16:20:01.773,2026/07/24 16:20:01.758,2026/07/24 16:20:01.787,0,GPU-e2681f6e-8d94-2d66-484f-43ea602335f9,446.76,1410,1593,100,17,73511,77
2026/07/24 16:20:01.773,2026/07/24 16:20:01.758,2026/07/24 16:20:01.787,1,GPU-713d5b24-2a1e-fd4a-7685-c3d195ff9230,99.10,1410,1593,23,0,73511,43
2026/07/24 16:20:02.025,2026/07/24 16:20:02.008,2026/07/24 16:20:02.042,0,GPU-e2681f6e-8d94-2d66-484f-43ea602335f9,427.46,1410,1593,100,15,73511,77
2026/07/24 16:20:02.025,2026/07/24 16:20:02.008,2026/07/24 16:20:02.042,1,GPU-713d5b24-2a1e-fd4a-7685-c3d195ff9230,98.24,1410,1593,99,51,73511,42
2026/07/24 16:20:02.275,2026/07/24 16:20:02.258,2026/07/24 16:20:02.292,0,GPU-e2681f6e-8d94-2d66-484f-43ea602335f9,433.64,1410,1593,100,17,73511,77
2026/07/24 16:20:02.275,2026/07/24 16:20:02.258,2026/07/24 16:20:02.292,1,GPU-713d5b24-2a1e-fd4a-7685-c3d195ff9230,246.81,1410,1593,44,14,73511,44
2026/07/24 16:20:02.523,2026/07/24 16:20:02.508,2026/07/24 16:20:02.537,0,GPU-e2681f6e-8d94-2d66-484f-43ea602335f9,414.54,1410,1593,100,15,73511,77
2026/07/24 16:20:02.523,2026/07/24 16:20:02.508,2026/07/24 16:20:02.537,1,GPU-713d5b24-2a1e-fd4a-7685-c3d195ff9230,85.84,1410,1593,100,53,73511,40
2026/07/24 16:20:02.774,2026/07/24 16:20:02.759,2026/07/24 16:20:02.790,0,GPU-e2681f6e-8d94-2d66-484f-43ea602335f9,435.89,1410,1593,100,13,73511,77
2026/07/24 16:20:02.774,2026/07/24 16:20:02.759,2026/07/24 16:20:02.790,1,GPU-713d5b24-2a1e-fd4a-7685-c3d195ff9230,84.97,1410,1593,0,0,73511,39
2026/07/24 16:20:03.028,2026/07/24 16:20:03.009,2026/07/24 16:20:03.047,0,GPU-e2681f6e-8d94-2d66-484f-43ea602335f9,432.59,1410,1593,100,17,73511,77
2026/07/24 16:20:03.028,2026/07/24 16:20:03.009,2026/07/24 16:20:03.047,1,GPU-713d5b24-2a1e-fd4a-7685-c3d195ff9230,244.44,1410,1593,38,7,73511,43
2026/07/24 16:20:03.274,2026/07/24 16:20:03.259,2026/07/24 16:20:03.290,0,GPU-e2681f6e-8d94-2d66-484f-43ea602335f9,433.19,1410,1593,100,14,73511,77
2026/07/24 16:20:03.274,2026/07/24 16:20:03.259,2026/07/24 16:20:03.290,1,GPU-713d5b24-2a1e-fd4a-7685-c3d195ff9230,85.57,1410,1593,34,18,73511,42
2026/07/24 16:20:03.526,2026/07/24 16:20:03.509,2026/07/24 16:20:03.544,0,GPU-e2681f6e-8d94-2d66-484f-43ea602335f9,434.23,1410,1593,100,18,73511,77
2026/07/24 16:20:03.526,2026/07/24 16:20:03.509,2026/07/24 16:20:03.544,1,GPU-713d5b24-2a1e-fd4a-7685-c3d195ff9230,242.91,1410,1593,86,36,73511,43
2026/07/24 16:20:03.775,2026/07/24 16:20:03.759,2026/07/24 16:20:03.791,0,GPU-e2681f6e-8d94-2d66-484f-43ea602335f9,416.65,1410,1593,100,13,73511,77
2026/07/24 16:20:03.775,2026/07/24 16:20:03.759,2026/07/24 16:20:03.791,1,GPU-713d5b24-2a1e-fd4a-7685-c3d195ff9230,89.20,1410,1593,100,53,73511,44
2026/07/24 16:20:04.025,2026/07/24 16:20:04.009,2026/07/24 16:20:04.041,0,GPU-e2681f6e-8d94-2d66-484f-43ea602335f9,436.48,1410,1593,100,12,73511,77
2026/07/24 16:20:04.025,2026/07/24 16:20:04.009,2026/07/24 16:20:04.041,1,GPU-713d5b24-2a1e-fd4a-7685-c3d195ff9230,85.25,1410,1593,14,8,73511,40
2026/07/24 16:20:04.278,2026/07/24 16:20:04.259,2026/07/24 16:20:04.297,0,GPU-e2681f6e-8d94-2d66-484f-43ea602335f9,425.67,1410,1593,100,18,73511,77
2026/07/24 16:20:04.278,2026/07/24 16:20:04.259,2026/07/24 16:20:04.297,1,GPU-713d5b24-2a1e-fd4a-7685-c3d195ff9230,245.29,1410,1593,17,0,73511,43
2026/07/24 16:20:04.528,2026/07/24 16:20:04.509,2026/07/24 16:20:04.546,0,GPU-e2681f6e-8d94-2d66-484f-43ea602335f9,411.51,1410,1593,100,12,73511,77
2026/07/24 16:20:04.528,2026/07/24 16:20:04.509,2026/07/24 16:20:04.546,1,GPU-713d5b24-2a1e-fd4a-7685-c3d195ff9230,242.91,1410,1593,100,52,73511,42
2026/07/24 16:20:04.774,2026/07/24 16:20:04.759,2026/07/24 16:20:04.789,0,GPU-e2681f6e-8d94-2d66-484f-43ea602335f9,424.48,1410,1593,100,12,73511,77
2026/07/24 16:20:04.774,2026/07/24 16:20:04.759,2026/07/24 16:20:04.789,1,GPU-713d5b24-2a1e-fd4a-7685-c3d195ff9230,85.25,1410,1593,6,3,73511,40
2026/07/24 16:20:05.025,2026/07/24 16:20:05.009,2026/07/24 16:20:05.041,0,GPU-e2681f6e-8d94-2d66-484f-43ea602335f9,427.04,1410,1593,100,17,73511,77
2026/07/24 16:20:05.025,2026/07/24 16:20:05.009,2026/07/24 16:20:05.041,1,GPU-713d5b24-2a1e-fd4a-7685-c3d195ff9230,241.66,1410,1593,28,2,73511,43
2026/07/24 16:20:05.277,2026/07/24 16:20:05.259,2026/07/24 16:20:05.295,0,GPU-e2681f6e-8d94-2d66-484f-43ea602335f9,431.68,1410,1593,100,14,73511,77
2026/07/24 16:20:05.277,2026/07/24 16:20:05.259,2026/07/24 16:20:05.295,1,GPU-713d5b24-2a1e-fd4a-7685-c3d195ff9230,91.58,1410,1593,100,52,73511,40
2026/07/24 16:20:05.523,2026/07/24 16:20:05.509,2026/07/24 16:20:05.537,0,GPU-e2681f6e-8d94-2d66-484f-43ea602335f9,427.18,1410,1593,100,15,73511,77
2026/07/24 16:20:05.523,2026/07/24 16:20:05.509,2026/07/24 16:20:05.537,1,GPU-713d5b24-2a1e-fd4a-7685-c3d195ff9230,246.48,1410,1593,100,52,73511,44
2026/07/24 16:20:05.774,2026/07/24 16:20:05.759,2026/07/24 16:20:05.788,0,GPU-e2681f6e-8d94-2d66-484f-43ea602335f9,444.92,1410,1593,100,18,73511,77
2026/07/24 16:20:05.774,2026/07/24 16:20:05.759,2026/07/24 16:20:05.788,1,GPU-713d5b24-2a1e-fd4a-7685-c3d195ff9230,163.62,1410,1593,78,33,73511,44
2026/07/24 16:20:06.025,2026/07/24 16:20:06.010,2026/07/24 16:20:06.041,0,GPU-e2681f6e-8d94-2d66-484f-43ea602335f9,430.81,1410,1593,100,15,73511,77
2026/07/24 16:20:06.025,2026/07/24 16:20:06.010,2026/07/24 16:20:06.041,1,GPU-713d5b24-2a1e-fd4a-7685-c3d195ff9230,245.29,1410,1593,100,53,73511,44
2026/07/24 16:20:06.274,2026/07/24 16:20:06.260,2026/07/24 16:20:06.289,0,GPU-e2681f6e-8d94-2d66-484f-43ea602335f9,444.06,1410,1593,100,16,73511,77
2026/07/24 16:20:06.274,2026/07/24 16:20:06.260,2026/07/24 16:20:06.289,1,GPU-713d5b24-2a1e-fd4a-7685-c3d195ff9230,96.12,1410,1593,44,23,73511,43
2026/07/24 16:20:06.526,2026/07/24 16:20:06.510,2026/07/24 16:20:06.543,0,GPU-e2681f6e-8d94-2d66-484f-43ea602335f9,426.11,1410,1593,100,16,73511,77
2026/07/24 16:20:06.526,2026/07/24 16:20:06.510,2026/07/24 16:20:06.543,1,GPU-713d5b24-2a1e-fd4a-7685-c3d195ff9230,245.88,1410,1593,65,25,73511,44
2026/07/24 16:20:06.775,2026/07/24 16:20:06.760,2026/07/24 16:20:06.790,0,GPU-e2681f6e-8d94-2d66-484f-43ea602335f9,436.81,1410,1593,100,18,73511,77
2026/07/24 16:20:06.775,2026/07/24 16:20:06.760,2026/07/24 16:20:06.790,1,GPU-713d5b24-2a1e-fd4a-7685-c3d195ff9230,242.58,1410,1593,64,24,73511,44
2026/07/24 16:20:07.024,2026/07/24 16:20:07.010,2026/07/24 16:20:07.039,0,GPU-e2681f6e-8d94-2d66-484f-43ea602335f9,430.49,1410,1593,100,15,73511,77
2026/07/24 16:20:07.024,2026/07/24 16:20:07.010,2026/07/24 16:20:07.039,1,GPU-713d5b24-2a1e-fd4a-7685-c3d195ff9230,247.99,1410,1593,100,53,73511,42
2026/07/24 16:20:07.275,2026/07/24 16:20:07.260,2026/07/24 16:20:07.290,0,GPU-e2681f6e-8d94-2d66-484f-43ea602335f9,424.76,1410,1593,100,12,73511,77
2026/07/24 16:20:07.275,2026/07/24 16:20:07.260,2026/07/24 16:20:07.290,1,GPU-713d5b24-2a1e-fd4a-7685-c3d195ff9230,85.57,1410,1593,0,0,73511,40
2026/07/24 16:20:07.526,2026/07/24 16:20:07.510,2026/07/24 16:20:07.543,0,GPU-e2681f6e-8d94-2d66-484f-43ea602335f9,436.22,1410,1593,100,14,73511,77
2026/07/24 16:20:07.526,2026/07/24 16:20:07.510,2026/07/24 16:20:07.543,1,GPU-713d5b24-2a1e-fd4a-7685-c3d195ff9230,240.15,1410,1593,81,29,73511,43
2026/07/24 16:20:07.775,2026/07/24 16:20:07.760,2026/07/24 16:20:07.789,0,GPU-e2681f6e-8d94-2d66-484f-43ea602335f9,425.67,1410,1593,100,14,73511,77
2026/07/24 16:20:07.775,2026/07/24 16:20:07.760,2026/07/24 16:20:07.789,1,GPU-713d5b24-2a1e-fd4a-7685-c3d195ff9230,85.57,1410,1593,75,39,73511,41
2026/07/24 16:20:08.038,2026/07/24 16:20:08.010,2026/07/24 16:20:08.066,0,GPU-e2681f6e-8d94-2d66-484f-43ea602335f9,419.67,1410,1593,100,13,73511,77
2026/07/24 16:20:08.038,2026/07/24 16:20:08.010,2026/07/24 16:20:08.066,1,GPU-713d5b24-2a1e-fd4a-7685-c3d195ff9230,84.97,1410,1593,0,0,73511,39
2026/07/24 16:20:08.275,2026/07/24 16:20:08.260,2026/07/24 16:20:08.290,0,GPU-e2681f6e-8d94-2d66-484f-43ea602335f9,423.09,1410,1593,100,17,73511,77
2026/07/24 16:20:08.275,2026/07/24 16:20:08.260,2026/07/24 16:20:08.290,1,GPU-713d5b24-2a1e-fd4a-7685-c3d195ff9230,241.07,1410,1593,25,1,73511,43
2026/07/24 16:20:08.525,2026/07/24 16:20:08.510,2026/07/24 16:20:08.540,0,GPU-e2681f6e-8d94-2d66-484f-43ea602335f9,446.76,1410,1593,100,15,73511,77
2026/07/24 16:20:08.525,2026/07/24 16:20:08.510,2026/07/24 16:20:08.540,1,GPU-713d5b24-2a1e-fd4a-7685-c3d195ff9230,167.84,1410,1593,52,19,73511,43
2026/07/24 16:20:08.774,2026/07/24 16:20:08.760,2026/07/24 16:20:08.788,0,GPU-e2681f6e-8d94-2d66-484f-43ea602335f9,419.94,1410,1593,100,17,73511,77
2026/07/24 16:20:08.774,2026/07/24 16:20:08.760,2026/07/24 16:20:08.788,1,GPU-713d5b24-2a1e-fd4a-7685-c3d195ff9230,247.08,1410,1593,100,53,73511,44
2026/07/24 16:20:09.029,2026/07/24 16:20:09.010,2026/07/24 16:20:09.049,0,GPU-e2681f6e-8d94-2d66-484f-43ea602335f9,435.62,1410,1593,100,15,73511,77
2026/07/24 16:20:09.029,2026/07/24 16:20:09.010,2026/07/24 16:20:09.049,1,GPU-713d5b24-2a1e-fd4a-7685-c3d195ff9230,91.31,1410,1593,65,34,73511,41
2026/07/24 16:20:09.279,2026/07/24 16:20:09.261,2026/07/24 16:20:09.298,0,GPU-e2681f6e-8d94-2d66-484f-43ea602335f9,432.92,1410,1593,100,17,73511,77
2026/07/24 16:20:09.279,2026/07/24 16:20:09.261,2026/07/24 16:20:09.298,1,GPU-713d5b24-2a1e-fd4a-7685-c3d195ff9230,241.07,1410,1593,60,22,73511,44
2026/07/24 16:20:09.528,2026/07/24 16:20:09.511,2026/07/24 16:20:09.545,0,GPU-e2681f6e-8d94-2d66-484f-43ea602335f9,433.96,1410,1593,100,16,73511,77
2026/07/24 16:20:09.528,2026/07/24 16:20:09.511,2026/07/24 16:20:09.545,1,GPU-713d5b24-2a1e-fd4a-7685-c3d195ff9230,243.77,1410,1593,88,38,73511,44
2026/07/24 16:20:09.776,2026/07/24 16:20:09.761,2026/07/24 16:20:09.791,0,GPU-e2681f6e-8d94-2d66-484f-43ea602335f9,419.35,1410,1593,100,14,73511,77
2026/07/24 16:20:09.776,2026/07/24 16:20:09.761,2026/07/24 16:20:09.791,1,GPU-713d5b24-2a1e-fd4a-7685-c3d195ff9230,247.08,1410,1593,97,52,73511,42
2026/07/24 16:20:10.028,2026/07/24 16:20:10.011,2026/07/24 16:20:10.044,0,GPU-e2681f6e-8d94-2d66-484f-43ea602335f9,434.70,1410,1593,100,17,73511,77
2026/07/24 16:20:10.028,2026/07/24 16:20:10.011,2026/07/24 16:20:10.044,1,GPU-713d5b24-2a1e-fd4a-7685-c3d195ff9230,234.22,1410,1593,0,0,73511,43
2026/07/24 16:20:10.276,2026/07/24 16:20:10.261,2026/07/24 16:20:10.291,0,GPU-e2681f6e-8d94-2d66-484f-43ea602335f9,435.03,1410,1593,100,16,73511,77
2026/07/24 16:20:10.276,2026/07/24 16:20:10.261,2026/07/24 16:20:10.291,1,GPU-713d5b24-2a1e-fd4a-7685-c3d195ff9230,248.32,1410,1593,96,41,73511,41
2026/07/24 16:20:10.526,2026/07/24 16:20:10.511,2026/07/24 16:20:10.541,0,GPU-e2681f6e-8d94-2d66-484f-43ea602335f9,423.89,1410,1593,100,17,73511,77
2026/07/24 16:20:10.526,2026/07/24 16:20:10.511,2026/07/24 16:20:10.541,1,GPU-713d5b24-2a1e-fd4a-7685-c3d195ff9230,239.55,1410,1593,55,29,73511,44
2026/07/24 16:20:10.776,2026/07/24 16:20:10.761,2026/07/24 16:20:10.792,0,GPU-e2681f6e-8d94-2d66-484f-43ea602335f9,423.24,1410,1593,100,15,73511,77
2026/07/24 16:20:10.776,2026/07/24 16:20:10.761,2026/07/24 16:20:10.792,1,GPU-713d5b24-2a1e-fd4a-7685-c3d195ff9230,249.18,1410,1593,100,53,73511,45
2026/07/24 16:20:11.028,2026/07/24 16:20:11.011,2026/07/24 16:20:11.044,0,GPU-e2681f6e-8d94-2d66-484f-43ea602335f9,441.95,1410,1593,100,17,73511,77
2026/07/24 16:20:11.028,2026/07/24 16:20:11.011,2026/07/24 16:20:11.044,1,GPU-713d5b24-2a1e-fd4a-7685-c3d195ff9230,155.18,1410,1593,33,8,73511,44
2026/07/24 16:20:11.276,2026/07/24 16:20:11.261,2026/07/24 16:20:11.291,0,GPU-e2681f6e-8d94-2d66-484f-43ea602335f9,427.18,1410,1593,100,14,73511,77
2026/07/24 16:20:11.276,2026/07/24 16:20:11.261,2026/07/24 16:20:11.291,1,GPU-713d5b24-2a1e-fd4a-7685-c3d195ff9230,245.88,1410,1593,100,53,73511,43
2026/07/24 16:20:11.525,2026/07/24 16:20:11.511,2026/07/24 16:20:11.539,0,GPU-e2681f6e-8d94-2d66-484f-43ea602335f9,422.65,1410,1593,100,12,73511,77
2026/07/24 16:20:11.525,2026/07/24 16:20:11.511,2026/07/24 16:20:11.539,1,GPU-713d5b24-2a1e-fd4a-7685-c3d195ff9230,97.91,1410,1593,42,22,73511,41
2026/07/24 16:20:11.775,2026/07/24 16:20:11.761,2026/07/24 16:20:11.790,0,GPU-e2681f6e-8d94-2d66-484f-43ea602335f9,433.37,1410,1593,100,15,73511,77
2026/07/24 16:20:11.775,2026/07/24 16:20:11.761,2026/07/24 16:20:11.790,1,GPU-713d5b24-2a1e-fd4a-7685-c3d195ff9230,241.40,1410,1593,21,0,73511,44
2026/07/24 16:20:12.025,2026/07/24 16:20:12.011,2026/07/24 16:20:12.038,0,GPU-e2681f6e-8d94-2d66-484f-43ea602335f9,418.16,1410,1593,100,13,73511,77
2026/07/24 16:20:12.025,2026/07/24 16:20:12.011,2026/07/24 16:20:12.038,1,GPU-713d5b24-2a1e-fd4a-7685-c3d195ff9230,85.84,1410,1593,83,43,73511,41
2026/07/24 16:20:12.280,2026/07/24 16:20:12.261,2026/07/24 16:20:12.299,0,GPU-e2681f6e-8d94-2d66-484f-43ea602335f9,429.89,1410,1593,100,18,73511,77
2026/07/24 16:20:12.280,2026/07/24 16:20:12.261,2026/07/24 16:20:12.299,1,GPU-713d5b24-2a1e-fd4a-7685-c3d195ff9230,242.26,1410,1593,45,13,73511,44
2026/07/24 16:20:12.530,2026/07/24 16:20:12.512,2026/07/24 16:20:12.549,0,GPU-e2681f6e-8d94-2d66-484f-43ea602335f9,425.35,1410,1593,100,14,73511,77
2026/07/24 16:20:12.530,2026/07/24 16:20:12.512,2026/07/24 16:20:12.549,1,GPU-713d5b24-2a1e-fd4a-7685-c3d195ff9230,85.57,1410,1593,3,2,73511,40
2026/07/24 16:20:12.779,2026/07/24 16:20:12.762,2026/07/24 16:20:12.796,0,GPU-e2681f6e-8d94-2d66-484f-43ea602335f9,433.51,1410,1593,100,15,73511,77
2026/07/24 16:20:12.779,2026/07/24 16:20:12.762,2026/07/24 16:20:12.796,1,GPU-713d5b24-2a1e-fd4a-7685-c3d195ff9230,247.72,1410,1593,68,25,73511,43
2026/07/24 16:20:13.028,2026/07/24 16:20:13.012,2026/07/24 16:20:13.044,0,GPU-e2681f6e-8d94-2d66-484f-43ea602335f9,427.31,1410,1593,100,14,73511,77
2026/07/24 16:20:13.028,2026/07/24 16:20:13.012,2026/07/24 16:20:13.044,1,GPU-713d5b24-2a1e-fd4a-7685-c3d195ff9230,88.87,1410,1593,100,52,73511,44
2026/07/24 16:20:13.277,2026/07/24 16:20:13.262,2026/07/24 16:20:13.293,0,GPU-e2681f6e-8d94-2d66-484f-43ea602335f9,431.68,1410,1593,100,13,73511,77
2026/07/24 16:20:13.277,2026/07/24 16:20:13.262,2026/07/24 16:20:13.293,1,GPU-713d5b24-2a1e-fd4a-7685-c3d195ff9230,85.57,1410,1593,15,8,73511,40
2026/07/24 16:20:13.554,2026/07/24 16:20:13.512,2026/07/24 16:20:13.595,0,GPU-e2681f6e-8d94-2d66-484f-43ea602335f9,437.73,1410,1593,100,16,73511,77
2026/07/24 16:20:13.554,2026/07/24 16:20:13.512,2026/07/24 16:20:13.595,1,GPU-713d5b24-2a1e-fd4a-7685-c3d195ff9230,240.80,1410,1593,96,42,73511,44
2026/07/24 16:20:13.779,2026/07/24 16:20:13.762,2026/07/24 16:20:13.796,0,GPU-e2681f6e-8d94-2d66-484f-43ea602335f9,438.33,1410,1593,100,16,73511,77
2026/07/24 16:20:13.779,2026/07/24 16:20:13.762,2026/07/24 16:20:13.796,1,GPU-713d5b24-2a1e-fd4a-7685-c3d195ff9230,115.99,1410,1593,86,42,73511,43
2026/07/24 16:20:14.029,2026/07/24 16:20:14.012,2026/07/24 16:20:14.047,0,GPU-e2681f6e-8d94-2d66-484f-43ea602335f9,428.23,1410,1593,100,16,73511,77
2026/07/24 16:20:14.029,2026/07/24 16:20:14.012,2026/07/24 16:20:14.047,1,GPU-713d5b24-2a1e-fd4a-7685-c3d195ff9230,249.51,1410,1593,98,46,73511,45
2026/07/24 16:20:14.277,2026/07/24 16:20:14.262,2026/07/24 16:20:14.293,0,GPU-e2681f6e-8d94-2d66-484f-43ea602335f9,439.84,1410,1593,100,15,73511,77
2026/07/24 16:20:14.277,2026/07/24 16:20:14.262,2026/07/24 16:20:14.293,1,GPU-713d5b24-2a1e-fd4a-7685-c3d195ff9230,86.85,1410,1593,100,53,73511,42
2026/07/24 16:20:14.525,2026/07/24 16:20:14.512,2026/07/24 16:20:14.538,0,GPU-e2681f6e-8d94-2d66-484f-43ea602335f9,430.81,1410,1593,100,17,73511,77
2026/07/24 16:20:14.525,2026/07/24 16:20:14.512,2026/07/24 16:20:14.538,1,GPU-713d5b24-2a1e-fd4a-7685-c3d195ff9230,242.91,1410,1593,49,16,73511,45
2026/07/24 16:20:14.776,2026/07/24 16:20:14.762,2026/07/24 16:20:14.789,0,GPU-e2681f6e-8d94-2d66-484f-43ea602335f9,438.33,1410,1593,100,17,73511,77
2026/07/24 16:20:14.776,2026/07/24 16:20:14.762,2026/07/24 16:20:14.789,1,GPU-713d5b24-2a1e-fd4a-7685-c3d195ff9230,86.17,1410,1593,40,21,73511,42
2026/07/24 16:20:15.029,2026/07/24 16:20:15.012,2026/07/24 16:20:15.045,0,GPU-e2681f6e-8d94-2d66-484f-43ea602335f9,429.30,1410,1593,100,16,73511,77
2026/07/24 16:20:15.029,2026/07/24 16:20:15.012,2026/07/24 16:20:15.045,1,GPU-713d5b24-2a1e-fd4a-7685-c3d195ff9230,239.30,1410,1593,71,27,73511,44
2026/07/24 16:20:15.278,2026/07/24 16:20:15.262,2026/07/24 16:20:15.293,0,GPU-e2681f6e-8d94-2d66-484f-43ea602335f9,421.78,1410,1593,100,13,73511,77
2026/07/24 16:20:15.278,2026/07/24 16:20:15.262,2026/07/24 16:20:15.293,1,GPU-713d5b24-2a1e-fd4a-7685-c3d195ff9230,86.17,1410,1593,86,45,73511,41
2026/07/24 16:20:15.527,2026/07/24 16:20:15.512,2026/07/24 16:20:15.542,0,GPU-e2681f6e-8d94-2d66-484f-43ea602335f9,440.11,1410,1593,100,13,73511,77
2026/07/24 16:20:15.527,2026/07/24 16:20:15.512,2026/07/24 16:20:15.542,1,GPU-713d5b24-2a1e-fd4a-7685-c3d195ff9230,85.84,1410,1593,0,0,73511,42
2026/07/24 16:20:15.777,2026/07/24 16:20:15.762,2026/07/24 16:20:15.791,0,GPU-e2681f6e-8d94-2d66-484f-43ea602335f9,430.49,1410,1593,100,14,73511,77
2026/07/24 16:20:15.777,2026/07/24 16:20:15.762,2026/07/24 16:20:15.791,1,GPU-713d5b24-2a1e-fd4a-7685-c3d195ff9230,238.96,1410,1593,56,17,73511,44
2026/07/24 16:20:16.026,2026/07/24 16:20:16.013,2026/07/24 16:20:16.040,0,GPU-e2681f6e-8d94-2d66-484f-43ea602335f9,430.81,1410,1593,100,16,73511,77
2026/07/24 16:20:16.026,2026/07/24 16:20:16.013,2026/07/24 16:20:16.040,1,GPU-713d5b24-2a1e-fd4a-7685-c3d195ff9230,85.57,1410,1593,0,0,73511,42
2026/07/24 16:20:16.276,2026/07/24 16:20:16.263,2026/07/24 16:20:16.289,0,GPU-e2681f6e-8d94-2d66-484f-43ea602335f9,429.30,1410,1593,100,16,73511,77
2026/07/24 16:20:16.276,2026/07/24 16:20:16.263,2026/07/24 16:20:16.289,1,GPU-713d5b24-2a1e-fd4a-7685-c3d195ff9230,245.36,1410,1593,91,38,73511,44
2026/07/24 16:20:16.527,2026/07/24 16:20:16.513,2026/07/24 16:20:16.542,0,GPU-e2681f6e-8d94-2d66-484f-43ea602335f9,424.16,1410,1593,100,13,73511,77
2026/07/24 16:20:16.527,2026/07/24 16:20:16.513,2026/07/24 16:20:16.542,1,GPU-713d5b24-2a1e-fd4a-7685-c3d195ff9230,85.25,1410,1593,73,39,73511,41
2026/07/24 16:20:16.779,2026/07/24 16:20:16.763,2026/07/24 16:20:16.795,0,GPU-e2681f6e-8d94-2d66-484f-43ea602335f9,428.11,1410,1593,100,13,73511,77
2026/07/24 16:20:16.779,2026/07/24 16:20:16.763,2026/07/24 16:20:16.795,1,GPU-713d5b24-2a1e-fd4a-7685-c3d195ff9230,85.25,1410,1593,21,0,73511,40
2026/07/24 16:20:17.029,2026/07/24 16:20:17.013,2026/07/24 16:20:17.045,0,GPU-e2681f6e-8d94-2d66-484f-43ea602335f9,430.49,1410,1593,100,15,73511,77
2026/07/24 16:20:17.029,2026/07/24 16:20:17.013,2026/07/24 16:20:17.045,1,GPU-713d5b24-2a1e-fd4a-7685-c3d195ff9230,244.10,1410,1593,97,49,73511,43
2026/07/24 16:20:17.278,2026/07/24 16:20:17.263,2026/07/24 16:20:17.294,0,GPU-e2681f6e-8d94-2d66-484f-43ea602335f9,450.06,1410,1593,100,17,73511,77
2026/07/24 16:20:17.278,2026/07/24 16:20:17.263,2026/07/24 16:20:17.294,1,GPU-713d5b24-2a1e-fd4a-7685-c3d195ff9230,242.91,1410,1593,88,37,73511,44
2026/07/24 16:20:17.527,2026/07/24 16:20:17.513,2026/07/24 16:20:17.541,0,GPU-e2681f6e-8d94-2d66-484f-43ea602335f9,425.08,1410,1593,100,15,73511,77
2026/07/24 16:20:17.527,2026/07/24 16:20:17.513,2026/07/24 16:20:17.541,1,GPU-713d5b24-2a1e-fd4a-7685-c3d195ff9230,86.49,1410,1593,100,53,73511,42
2026/07/24 16:20:17.778,2026/07/24 16:20:17.763,2026/07/24 16:20:17.794,0,GPU-e2681f6e-8d94-2d66-484f-43ea602335f9,425.67,1410,1593,100,12,73511,77
2026/07/24 16:20:17.778,2026/07/24 16:20:17.763,2026/07/24 16:20:17.794,1,GPU-713d5b24-2a1e-fd4a-7685-c3d195ff9230,85.57,1410,1593,0,0,73511,40
2026/07/24 16:20:18.029,2026/07/24 16:20:18.013,2026/07/24 16:20:18.045,0,GPU-e2681f6e-8d94-2d66-484f-43ea602335f9,433.64,1410,1593,100,16,73511,77
2026/07/24 16:20:18.029,2026/07/24 16:20:18.013,2026/07/24 16:20:18.045,1,GPU-713d5b24-2a1e-fd4a-7685-c3d195ff9230,242.58,1410,1593,66,23,73511,43
2026/07/24 16:20:18.278,2026/07/24 16:20:18.263,2026/07/24 16:20:18.293,0,GPU-e2681f6e-8d94-2d66-484f-43ea602335f9,420.70,1410,1593,100,13,73511,77
2026/07/24 16:20:18.278,2026/07/24 16:20:18.263,2026/07/24 16:20:18.293,1,GPU-713d5b24-2a1e-fd4a-7685-c3d195ff9230,85.57,1410,1593,85,44,73511,41
2026/07/24 16:20:18.531,2026/07/24 16:20:18.513,2026/07/24 16:20:18.548,0,GPU-e2681f6e-8d94-2d66-484f-43ea602335f9,431.08,1410,1593,100,17,73511,77
2026/07/24 16:20:18.531,2026/07/24 16:20:18.513,2026/07/24 16:20:18.548,1,GPU-713d5b24-2a1e-fd4a-7685-c3d195ff9230,146.13,1410,1593,0,0,73511,42
2026/07/24 16:20:18.779,2026/07/24 16:20:18.763,2026/07/24 16:20:18.795,0,GPU-e2681f6e-8d94-2d66-484f-43ea602335f9,420.86,1410,1593,100,15,73511,77
2026/07/24 16:20:18.779,2026/07/24 16:20:18.763,2026/07/24 16:20:18.795,1,GPU-713d5b24-2a1e-fd4a-7685-c3d195ff9230,247.40,1410,1593,100,52,73511,44
2026/07/24 16:20:19.030,2026/07/24 16:20:19.013,2026/07/24 16:20:19.047,0,GPU-e2681f6e-8d94-2d66-484f-43ea602335f9,425.35,1410,1593,100,14,73511,77
2026/07/24 16:20:19.030,2026/07/24 16:20:19.013,2026/07/24 16:20:19.047,1,GPU-713d5b24-2a1e-fd4a-7685-c3d195ff9230,96.72,1410,1593,35,9,73511,43
2026/07/24 16:20:19.277,2026/07/24 16:20:19.264,2026/07/24 16:20:19.290,0,GPU-e2681f6e-8d94-2d66-484f-43ea602335f9,413.45,1410,1593,100,14,73511,77
2026/07/24 16:20:19.277,2026/07/24 16:20:19.264,2026/07/24 16:20:19.290,1,GPU-713d5b24-2a1e-fd4a-7685-c3d195ff9230,241.66,1410,1593,95,50,73511,44
2026/07/24 16:20:19.599,2026/07/24 16:20:19.514,2026/07/24 16:20:19.685,0,GPU-e2681f6e-8d94-2d66-484f-43ea602335f9,431.68,1410,1593,100,14,73511,77
2026/07/24 16:20:19.599,2026/07/24 16:20:19.514,2026/07/24 16:20:19.685,1,GPU-713d5b24-2a1e-fd4a-7685-c3d195ff9230,184.40,1410,1593,34,7,73511,43
2026/07/24 16:20:19.777,2026/07/24 16:20:19.764,2026/07/24 16:20:19.791,0,GPU-e2681f6e-8d94-2d66-484f-43ea602335f9,419.67,1410,1593,100,17,73511,77
2026/07/24 16:20:19.777,2026/07/24 16:20:19.764,2026/07/24 16:20:19.791,1,GPU-713d5b24-2a1e-fd4a-7685-c3d195ff9230,239.62,1410,1593,34,7,73511,44
2026/07/24 16:20:20.028,2026/07/24 16:20:20.014,2026/07/24 16:20:20.042,0,GPU-e2681f6e-8d94-2d66-484f-43ea602335f9,438.92,1410,1593,100,17,73511,77
2026/07/24 16:20:20.028,2026/07/24 16:20:20.014,2026/07/24 16:20:20.042,1,GPU-713d5b24-2a1e-fd4a-7685-c3d195ff9230,177.80,1410,1593,75,30,73511,44
2026/07/24 16:20:20.279,2026/07/24 16:20:20.264,2026/07/24 16:20:20.294,0,GPU-e2681f6e-8d94-2d66-484f-43ea602335f9,428.11,1410,1593,100,15,73511,77
2026/07/24 16:20:20.279,2026/07/24 16:20:20.264,2026/07/24 16:20:20.294,1,GPU-713d5b24-2a1e-fd4a-7685-c3d195ff9230,245.95,1410,1593,100,53,73511,45
2026/07/24 16:20:20.528,2026/07/24 16:20:20.514,2026/07/24 16:20:20.541,0,GPU-e2681f6e-8d94-2d66-484f-43ea602335f9,432.13,1410,1593,100,17,73511,77
2026/07/24 16:20:20.528,2026/07/24 16:20:20.514,2026/07/24 16:20:20.541,1,GPU-713d5b24-2a1e-fd4a-7685-c3d195ff9230,245.88,1410,1593,98,44,73511,45
2026/07/24 16:20:20.777,2026/07/24 16:20:20.764,2026/07/24 16:20:20.789,0,GPU-e2681f6e-8d94-2d66-484f-43ea602335f9,428.11,1410,1593,100,15,73511,77
2026/07/24 16:20:20.777,2026/07/24 16:20:20.764,2026/07/24 16:20:20.789,1,GPU-713d5b24-2a1e-fd4a-7685-c3d195ff9230,85.84,1410,1593,100,53,73511,41
2026/07/24 16:20:21.028,2026/07/24 16:20:21.014,2026/07/24 16:20:21.042,0,GPU-e2681f6e-8d94-2d66-484f-43ea602335f9,420.86,1410,1593,100,17,73511,77
2026/07/24 16:20:21.028,2026/07/24 16:20:21.014,2026/07/24 16:20:21.042,1,GPU-713d5b24-2a1e-fd4a-7685-c3d195ff9230,245.36,1410,1593,18,9,73511,44
2026/07/24 16:20:21.279,2026/07/24 16:20:21.264,2026/07/24 16:20:21.294,0,GPU-e2681f6e-8d94-2d66-484f-43ea602335f9,446.44,1410,1593,100,16,73511,77
2026/07/24 16:20:21.279,2026/07/24 16:20:21.264,2026/07/24 16:20:21.294,1,GPU-713d5b24-2a1e-fd4a-7685-c3d195ff9230,244.69,1410,1593,100,53,73511,44
2026/07/24 16:20:21.529,2026/07/24 16:20:21.514,2026/07/24 16:20:21.544,0,GPU-e2681f6e-8d94-2d66-484f-43ea602335f9,422.05,1410,1593,100,17,73511,77
2026/07/24 16:20:21.529,2026/07/24 16:20:21.514,2026/07/24 16:20:21.544,1,GPU-713d5b24-2a1e-fd4a-7685-c3d195ff9230,179.91,1410,1593,90,38,73511,45
2026/07/24 16:20:21.778,2026/07/24 16:20:21.764,2026/07/24 16:20:21.792,0,GPU-e2681f6e-8d94-2d66-484f-43ea602335f9,415.73,1410,1593,100,14,73511,77
2026/07/24 16:20:21.778,2026/07/24 16:20:21.764,2026/07/24 16:20:21.792,1,GPU-713d5b24-2a1e-fd4a-7685-c3d195ff9230,85.84,1410,1593,0,0,73511,41
2026/07/24 16:20:22.028,2026/07/24 16:20:22.014,2026/07/24 16:20:22.042,0,GPU-e2681f6e-8d94-2d66-484f-43ea602335f9,433.19,1410,1593,100,13,73511,77
2026/07/24 16:20:22.028,2026/07/24 16:20:22.014,2026/07/24 16:20:22.042,1,GPU-713d5b24-2a1e-fd4a-7685-c3d195ff9230,85.25,1410,1593,0,0,73511,40
2026/07/24 16:20:22.279,2026/07/24 16:20:22.264,2026/07/24 16:20:22.294,0,GPU-e2681f6e-8d94-2d66-484f-43ea602335f9,431.08,1410,1593,100,16,73511,77
2026/07/24 16:20:22.279,2026/07/24 16:20:22.264,2026/07/24 16:20:22.294,1,GPU-713d5b24-2a1e-fd4a-7685-c3d195ff9230,242.33,1410,1593,94,36,73511,44
2026/07/24 16:20:22.531,2026/07/24 16:20:22.514,2026/07/24 16:20:22.547,0,GPU-e2681f6e-8d94-2d66-484f-43ea602335f9,428.97,1410,1593,100,16,73511,77
2026/07/24 16:20:22.531,2026/07/24 16:20:22.514,2026/07/24 16:20:22.547,1,GPU-713d5b24-2a1e-fd4a-7685-c3d195ff9230,239.28,1410,1593,62,32,73511,44
2026/07/24 16:20:22.781,2026/07/24 16:20:22.765,2026/07/24 16:20:22.797,0,GPU-e2681f6e-8d94-2d66-484f-43ea602335f9,429.89,1410,1593,100,16,73511,77
2026/07/24 16:20:22.781,2026/07/24 16:20:22.765,2026/07/24 16:20:22.797,1,GPU-713d5b24-2a1e-fd4a-7685-c3d195ff9230,115.99,1410,1593,81,43,73511,45
2026/07/24 16:20:23.029,2026/07/24 16:20:23.015,2026/07/24 16:20:23.043,0,GPU-e2681f6e-8d94-2d66-484f-43ea602335f9,446.16,1410,1593,100,17,73511,77
2026/07/24 16:20:23.029,2026/07/24 16:20:23.015,2026/07/24 16:20:23.043,1,GPU-713d5b24-2a1e-fd4a-7685-c3d195ff9230,104.24,1410,1593,27,4,73511,43
2026/07/24 16:20:23.278,2026/07/24 16:20:23.265,2026/07/24 16:20:23.291,0,GPU-e2681f6e-8d94-2d66-484f-43ea602335f9,425.35,1410,1593,100,14,73511,77
2026/07/24 16:20:23.278,2026/07/24 16:20:23.265,2026/07/24 16:20:23.291,1,GPU-713d5b24-2a1e-fd4a-7685-c3d195ff9230,243.18,1410,1593,100,53,73511,45
2026/07/24 16:20:23.530,2026/07/24 16:20:23.515,2026/07/24 16:20:23.545,0,GPU-e2681f6e-8d94-2d66-484f-43ea602335f9,419.67,1410,1593,100,12,73511,77
2026/07/24 16:20:23.530,2026/07/24 16:20:23.515,2026/07/24 16:20:23.545,1,GPU-713d5b24-2a1e-fd4a-7685-c3d195ff9230,85.84,1410,1593,60,32,73511,40
2026/07/24 16:20:23.781,2026/07/24 16:20:23.765,2026/07/24 16:20:23.798,0,GPU-e2681f6e-8d94-2d66-484f-43ea602335f9,428.70,1410,1593,100,15,73511,77
2026/07/24 16:20:23.781,2026/07/24 16:20:23.765,2026/07/24 16:20:23.798,1,GPU-713d5b24-2a1e-fd4a-7685-c3d195ff9230,85.25,1410,1593,0,0,73511,42
2026/07/24 16:20:24.030,2026/07/24 16:20:24.015,2026/07/24 16:20:24.045,0,GPU-e2681f6e-8d94-2d66-484f-43ea602335f9,418.86,1410,1593,100,13,73511,77
2026/07/24 16:20:24.030,2026/07/24 16:20:24.015,2026/07/24 16:20:24.045,1,GPU-713d5b24-2a1e-fd4a-7685-c3d195ff9230,241.07,1410,1593,100,52,73511,44
2026/07/24 16:20:24.281,2026/07/24 16:20:24.265,2026/07/24 16:20:24.296,0,GPU-e2681f6e-8d94-2d66-484f-43ea602335f9,420.86,1410,1593,100,14,73511,77
2026/07/24 16:20:24.281,2026/07/24 16:20:24.265,2026/07/24 16:20:24.296,1,GPU-713d5b24-2a1e-fd4a-7685-c3d195ff9230,85.84,1410,1593,17,9,73511,40
2026/07/24 16:20:24.529,2026/07/24 16:20:24.515,2026/07/24 16:20:24.543,0,GPU-e2681f6e-8d94-2d66-484f-43ea602335f9,426.44,1410,1593,100,17,73511,77
2026/07/24 16:20:24.529,2026/07/24 16:20:24.515,2026/07/24 16:20:24.543,1,GPU-713d5b24-2a1e-fd4a-7685-c3d195ff9230,244.10,1410,1593,61,20,73511,43
2026/07/24 16:20:24.780,2026/07/24 16:20:24.765,2026/07/24 16:20:24.796,0,GPU-e2681f6e-8d94-2d66-484f-43ea602335f9,440.43,1410,1593,100,14,73511,77
2026/07/24 16:20:24.780,2026/07/24 16:20:24.765,2026/07/24 16:20:24.796,1,GPU-713d5b24-2a1e-fd4a-7685-c3d195ff9230,248.59,1410,1593,100,52,73511,41
2026/07/24 16:20:25.030,2026/07/24 16:20:25.015,2026/07/24 16:20:25.045,0,GPU-e2681f6e-8d94-2d66-484f-43ea602335f9,426.86,1410,1593,100,18,73511,77
2026/07/24 16:20:25.030,2026/07/24 16:20:25.015,2026/07/24 16:20:25.045,1,GPU-713d5b24-2a1e-fd4a-7685-c3d195ff9230,250.70,1410,1593,57,28,73511,44
2026/07/24 16:20:25.364,2026/07/24 16:20:25.265,2026/07/24 16:20:25.462,0,GPU-e2681f6e-8d94-2d66-484f-43ea602335f9,438.60,1410,1593,100,17,73511,77
2026/07/24 16:20:25.364,2026/07/24 16:20:25.265,2026/07/24 16:20:25.462,1,GPU-713d5b24-2a1e-fd4a-7685-c3d195ff9230,85.57,1410,1593,0,0,73511,40
2026/07/24 16:20:25.532,2026/07/24 16:20:25.515,2026/07/24 16:20:25.549,0,GPU-e2681f6e-8d94-2d66-484f-43ea602335f9,270.62,1410,1593,100,17,73511,73
2026/07/24 16:20:25.532,2026/07/24 16:20:25.515,2026/07/24 16:20:25.549,1,GPU-713d5b24-2a1e-fd4a-7685-c3d195ff9230,85.57,1410,1593,0,0,73511,40
2026/07/24 16:20:25.784,2026/07/24 16:20:25.766,2026/07/24 16:20:25.802,0,GPU-e2681f6e-8d94-2d66-484f-43ea602335f9,430.81,1410,1593,80,12,73511,77
2026/07/24 16:20:25.784,2026/07/24 16:20:25.766,2026/07/24 16:20:25.802,1,GPU-713d5b24-2a1e-fd4a-7685-c3d195ff9230,237.17,1410,1593,100,52,73511,44
2026/07/24 16:20:26.030,2026/07/24 16:20:26.016,2026/07/24 16:20:26.045,0,GPU-e2681f6e-8d94-2d66-484f-43ea602335f9,439.38,1410,1593,100,16,73511,77
2026/07/24 16:20:26.030,2026/07/24 16:20:26.016,2026/07/24 16:20:26.045,1,GPU-713d5b24-2a1e-fd4a-7685-c3d195ff9230,238.96,1410,1593,97,43,73511,44
2026/07/24 16:20:26.281,2026/07/24 16:20:26.266,2026/07/24 16:20:26.296,0,GPU-e2681f6e-8d94-2d66-484f-43ea602335f9,419.35,1410,1593,100,13,73511,77
2026/07/24 16:20:26.281,2026/07/24 16:20:26.266,2026/07/24 16:20:26.296,1,GPU-713d5b24-2a1e-fd4a-7685-c3d195ff9230,85.57,1410,1593,54,29,73511,41
2026/07/24 16:20:26.532,2026/07/24 16:20:26.516,2026/07/24 16:20:26.549,0,GPU-e2681f6e-8d94-2d66-484f-43ea602335f9,445.84,1410,1593,100,16,73511,77
2026/07/24 16:20:26.532,2026/07/24 16:20:26.516,2026/07/24 16:20:26.549,1,GPU-713d5b24-2a1e-fd4a-7685-c3d195ff9230,237.17,1410,1593,14,0,73511,43
2026/07/24 16:20:26.782,2026/07/24 16:20:26.766,2026/07/24 16:20:26.798,0,GPU-e2681f6e-8d94-2d66-484f-43ea602335f9,432.59,1410,1593,100,16,73511,77
2026/07/24 16:20:26.782,2026/07/24 16:20:26.766,2026/07/24 16:20:26.798,1,GPU-713d5b24-2a1e-fd4a-7685-c3d195ff9230,85.84,1410,1593,97,47,73511,42
2026/07/24 16:20:27.031,2026/07/24 16:20:27.016,2026/07/24 16:20:27.047,0,GPU-e2681f6e-8d94-2d66-484f-43ea602335f9,427.18,1410,1593,100,12,73511,77
2026/07/24 16:20:27.031,2026/07/24 16:20:27.016,2026/07/24 16:20:27.047,1,GPU-713d5b24-2a1e-fd4a-7685-c3d195ff9230,85.25,1410,1593,0,0,73511,39
2026/07/24 16:20:27.283,2026/07/24 16:20:27.266,2026/07/24 16:20:27.300,0,GPU-e2681f6e-8d94-2d66-484f-43ea602335f9,424.33,1410,1593,100,16,73511,77
2026/07/24 16:20:27.283,2026/07/24 16:20:27.266,2026/07/24 16:20:27.300,1,GPU-713d5b24-2a1e-fd4a-7685-c3d195ff9230,247.72,1410,1593,57,18,73511,42
2026/07/24 16:20:27.531,2026/07/24 16:20:27.516,2026/07/24 16:20:27.546,0,GPU-e2681f6e-8d94-2d66-484f-43ea602335f9,443.73,1410,1593,100,16,73511,77
2026/07/24 16:20:27.531,2026/07/24 16:20:27.516,2026/07/24 16:20:27.546,1,GPU-713d5b24-2a1e-fd4a-7685-c3d195ff9230,100.34,1410,1593,100,52,73511,43
2026/07/24 16:20:27.782,2026/07/24 16:20:27.766,2026/07/24 16:20:27.797,0,GPU-e2681f6e-8d94-2d66-484f-43ea602335f9,419.02,1410,1593,100,17,73511,77
2026/07/24 16:20:27.782,2026/07/24 16:20:27.766,2026/07/24 16:20:27.797,1,GPU-713d5b24-2a1e-fd4a-7685-c3d195ff9230,247.72,1410,1593,82,34,73511,44
2026/07/24 16:20:28.032,2026/07/24 16:20:28.016,2026/07/24 16:20:28.048,0,GPU-e2681f6e-8d94-2d66-484f-43ea602335f9,416.05,1410,1593,100,14,73511,77
2026/07/24 16:20:28.032,2026/07/24 16:20:28.016,2026/07/24 16:20:28.048,1,GPU-713d5b24-2a1e-fd4a-7685-c3d195ff9230,86.49,1410,1593,46,25,73511,43
2026/07/24 16:20:28.283,2026/07/24 16:20:28.266,2026/07/24 16:20:28.300,0,GPU-e2681f6e-8d94-2d66-484f-43ea602335f9,431.68,1410,1593,100,11,73511,77
2026/07/24 16:20:28.283,2026/07/24 16:20:28.266,2026/07/24 16:20:28.300,1,GPU-713d5b24-2a1e-fd4a-7685-c3d195ff9230,85.57,1410,1593,0,0,73511,40
2026/07/24 16:20:28.533,2026/07/24 16:20:28.516,2026/07/24 16:20:28.549,0,GPU-e2681f6e-8d94-2d66-484f-43ea602335f9,426.86,1410,1593,100,15,73511,77
2026/07/24 16:20:28.533,2026/07/24 16:20:28.516,2026/07/24 16:20:28.549,1,GPU-713d5b24-2a1e-fd4a-7685-c3d195ff9230,240.47,1410,1593,83,30,73511,43
2026/07/24 16:20:28.782,2026/07/24 16:20:28.766,2026/07/24 16:20:28.798,0,GPU-e2681f6e-8d94-2d66-484f-43ea602335f9,424.16,1410,1593,100,13,73511,77
2026/07/24 16:20:28.782,2026/07/24 16:20:28.766,2026/07/24 16:20:28.798,1,GPU-713d5b24-2a1e-fd4a-7685-c3d195ff9230,90.07,1410,1593,100,52,73511,41
2026/07/24 16:20:29.033,2026/07/24 16:20:29.017,2026/07/24 16:20:29.049,0,GPU-e2681f6e-8d94-2d66-484f-43ea602335f9,444.65,1410,1593,100,17,73511,77
2026/07/24 16:20:29.033,2026/07/24 16:20:29.017,2026/07/24 16:20:29.049,1,GPU-713d5b24-2a1e-fd4a-7685-c3d195ff9230,90.98,1410,1593,19,10,73511,40
2026/07/24 16:20:29.284,2026/07/24 16:20:29.267,2026/07/24 16:20:29.301,0,GPU-e2681f6e-8d94-2d66-484f-43ea602335f9,427.78,1410,1593,100,15,73511,77
2026/07/24 16:20:29.284,2026/07/24 16:20:29.267,2026/07/24 16:20:29.301,1,GPU-713d5b24-2a1e-fd4a-7685-c3d195ff9230,239.87,1410,1593,97,43,73511,44
2026/07/24 16:20:29.534,2026/07/24 16:20:29.517,2026/07/24 16:20:29.552,0,GPU-e2681f6e-8d94-2d66-484f-43ea602335f9,433.78,1410,1593,100,14,73511,77
2026/07/24 16:20:29.534,2026/07/24 16:20:29.517,2026/07/24 16:20:29.552,1,GPU-713d5b24-2a1e-fd4a-7685-c3d195ff9230,92.17,1410,1593,71,37,73511,40
2026/07/24 16:20:29.782,2026/07/24 16:20:29.767,2026/07/24 16:20:29.797,0,GPU-e2681f6e-8d94-2d66-484f-43ea602335f9,432.00,1410,1593,100,17,73511,77
2026/07/24 16:20:29.782,2026/07/24 16:20:29.767,2026/07/24 16:20:29.797,1,GPU-713d5b24-2a1e-fd4a-7685-c3d195ff9230,238.96,1410,1593,34,7,73511,44
2026/07/24 16:20:30.031,2026/07/24 16:20:30.017,2026/07/24 16:20:30.045,0,GPU-e2681f6e-8d94-2d66-484f-43ea602335f9,423.89,1410,1593,100,14,73511,77
2026/07/24 16:20:30.031,2026/07/24 16:20:30.017,2026/07/24 16:20:30.045,1,GPU-713d5b24-2a1e-fd4a-7685-c3d195ff9230,249.58,1410,1593,74,39,73511,42
2026/07/24 16:20:30.281,2026/07/24 16:20:30.267,2026/07/24 16:20:30.296,0,GPU-e2681f6e-8d94-2d66-484f-43ea602335f9,447.03,1410,1593,100,17,73511,77
2026/07/24 16:20:30.281,2026/07/24 16:20:30.267,2026/07/24 16:20:30.296,1,GPU-713d5b24-2a1e-fd4a-7685-c3d195ff9230,142.84,1410,1593,33,5,73511,42
2026/07/24 16:20:30.554,2026/07/24 16:20:30.517,2026/07/24 16:20:30.590,0,GPU-e2681f6e-8d94-2d66-484f-43ea602335f9,425.35,1410,1593,100,15,73511,77
2026/07/24 16:20:30.554,2026/07/24 16:20:30.517,2026/07/24 16:20:30.590,1,GPU-713d5b24-2a1e-fd4a-7685-c3d195ff9230,243.50,1410,1593,100,52,73511,45
2026/07/24 16:20:30.781,2026/07/24 16:20:30.767,2026/07/24 16:20:30.796,0,GPU-e2681f6e-8d94-2d66-484f-43ea602335f9,437.14,1410,1593,100,18,73511,77
2026/07/24 16:20:30.781,2026/07/24 16:20:30.767,2026/07/24 16:20:30.796,1,GPU-713d5b24-2a1e-fd4a-7685-c3d195ff9230,244.96,1410,1593,70,37,73511,43
2026/07/24 16:20:31.029,2026/07/24 16:20:31.017,2026/07/24 16:20:31.041,0,GPU-e2681f6e-8d94-2d66-484f-43ea602335f9,423.89,1410,1593,100,15,73511,77
2026/07/24 16:20:31.029,2026/07/24 16:20:31.017,2026/07/24 16:20:31.041,1,GPU-713d5b24-2a1e-fd4a-7685-c3d195ff9230,86.49,1410,1593,52,28,73511,41
2026/07/24 16:20:31.283,2026/07/24 16:20:31.267,2026/07/24 16:20:31.298,0,GPU-e2681f6e-8d94-2d66-484f-43ea602335f9,426.27,1410,1593,100,12,73511,77
2026/07/24 16:20:31.283,2026/07/24 16:20:31.267,2026/07/24 16:20:31.298,1,GPU-713d5b24-2a1e-fd4a-7685-c3d195ff9230,85.57,1410,1593,0,0,73511,40
2026/07/24 16:20:31.532,2026/07/24 16:20:31.517,2026/07/24 16:20:31.547,0,GPU-e2681f6e-8d94-2d66-484f-43ea602335f9,420.86,1410,1593,100,16,73511,77
2026/07/24 16:20:31.532,2026/07/24 16:20:31.517,2026/07/24 16:20:31.547,1,GPU-713d5b24-2a1e-fd4a-7685-c3d195ff9230,241.14,1410,1593,85,33,73511,43
2026/07/24 16:20:31.781,2026/07/24 16:20:31.767,2026/07/24 16:20:31.796,0,GPU-e2681f6e-8d94-2d66-484f-43ea602335f9,426.27,1410,1593,100,14,73511,77
2026/07/24 16:20:31.781,2026/07/24 16:20:31.767,2026/07/24 16:20:31.796,1,GPU-713d5b24-2a1e-fd4a-7685-c3d195ff9230,85.57,1410,1593,55,29,73511,40
2026/07/24 16:20:32.031,2026/07/24 16:20:32.017,2026/07/24 16:20:32.045,0,GPU-e2681f6e-8d94-2d66-484f-43ea602335f9,440.70,1410,1593,100,13,73511,77
2026/07/24 16:20:32.031,2026/07/24 16:20:32.017,2026/07/24 16:20:32.045,1,GPU-713d5b24-2a1e-fd4a-7685-c3d195ff9230,99.10,1410,1593,24,0,73511,39
2026/07/24 16:20:32.281,2026/07/24 16:20:32.267,2026/07/24 16:20:32.295,0,GPU-e2681f6e-8d94-2d66-484f-43ea602335f9,414.54,1410,1593,100,17,73511,77
2026/07/24 16:20:32.281,2026/07/24 16:20:32.267,2026/07/24 16:20:32.295,1,GPU-713d5b24-2a1e-fd4a-7685-c3d195ff9230,240.80,1410,1593,97,51,73511,44
2026/07/24 16:20:32.532,2026/07/24 16:20:32.518,2026/07/24 16:20:32.547,0,GPU-e2681f6e-8d94-2d66-484f-43ea602335f9,423.24,1410,1593,100,13,73511,77
2026/07/24 16:20:32.532,2026/07/24 16:20:32.518,2026/07/24 16:20:32.547,1,GPU-713d5b24-2a1e-fd4a-7685-c3d195ff9230,85.84,1410,1593,86,45,73511,41
2026/07/24 16:20:32.782,2026/07/24 16:20:32.768,2026/07/24 16:20:32.796,0,GPU-e2681f6e-8d94-2d66-484f-43ea602335f9,428.38,1410,1593,100,17,73511,77
2026/07/24 16:20:32.782,2026/07/24 16:20:32.768,2026/07/24 16:20:32.796,1,GPU-713d5b24-2a1e-fd4a-7685-c3d195ff9230,243.77,1410,1593,29,4,73511,44
2026/07/24 16:20:33.032,2026/07/24 16:20:33.018,2026/07/24 16:20:33.046,0,GPU-e2681f6e-8d94-2d66-484f-43ea602335f9,426.59,1410,1593,100,14,73511,77
2026/07/24 16:20:33.032,2026/07/24 16:20:33.018,2026/07/24 16:20:33.046,1,GPU-713d5b24-2a1e-fd4a-7685-c3d195ff9230,87.36,1410,1593,100,52,73511,42
2026/07/24 16:20:33.281,2026/07/24 16:20:33.268,2026/07/24 16:20:33.295,0,GPU-e2681f6e-8d94-2d66-484f-43ea602335f9,422.65,1410,1593,100,15,73511,77
2026/07/24 16:20:33.281,2026/07/24 16:20:33.268,2026/07/24 16:20:33.295,1,GPU-713d5b24-2a1e-fd4a-7685-c3d195ff9230,85.57,1410,1593,0,0,73511,40
2026/07/24 16:20:33.538,2026/07/24 16:20:33.518,2026/07/24 16:20:33.558,0,GPU-e2681f6e-8d94-2d66-484f-43ea602335f9,426.11,1410,1593,100,16,73511,77
2026/07/24 16:20:33.538,2026/07/24 16:20:33.518,2026/07/24 16:20:33.558,1,GPU-713d5b24-2a1e-fd4a-7685-c3d195ff9230,243.50,1410,1593,62,20,73511,43
2026/07/24 16:20:33.784,2026/07/24 16:20:33.768,2026/07/24 16:20:33.800,0,GPU-e2681f6e-8d94-2d66-484f-43ea602335f9,444.65,1410,1593,100,14,73511,77
2026/07/24 16:20:33.784,2026/07/24 16:20:33.768,2026/07/24 16:20:33.800,1,GPU-713d5b24-2a1e-fd4a-7685-c3d195ff9230,89.46,1410,1593,93,48,73511,41
2026/07/24 16:20:34.033,2026/07/24 16:20:34.018,2026/07/24 16:20:34.048,0,GPU-e2681f6e-8d94-2d66-484f-43ea602335f9,437.14,1410,1593,100,18,73511,77
2026/07/24 16:20:34.033,2026/07/24 16:20:34.018,2026/07/24 16:20:34.048,1,GPU-713d5b24-2a1e-fd4a-7685-c3d195ff9230,249.18,1410,1593,57,21,73511,44
2026/07/24 16:20:34.284,2026/07/24 16:20:34.268,2026/07/24 16:20:34.299,0,GPU-e2681f6e-8d94-2d66-484f-43ea602335f9,429.30,1410,1593,100,13,73511,77
2026/07/24 16:20:34.284,2026/07/24 16:20:34.268,2026/07/24 16:20:34.299,1,GPU-713d5b24-2a1e-fd4a-7685-c3d195ff9230,85.84,1410,1593,34,18,73511,41
2026/07/24 16:20:34.533,2026/07/24 16:20:34.518,2026/07/24 16:20:34.547,0,GPU-e2681f6e-8d94-2d66-484f-43ea602335f9,435.89,1410,1593,100,17,73511,77
2026/07/24 16:20:34.533,2026/07/24 16:20:34.518,2026/07/24 16:20:34.547,1,GPU-713d5b24-2a1e-fd4a-7685-c3d195ff9230,86.17,1410,1593,8,0,73511,42
2026/07/24 16:20:34.781,2026/07/24 16:20:34.768,2026/07/24 16:20:34.794,0,GPU-e2681f6e-8d94-2d66-484f-43ea602335f9,419.35,1410,1593,100,15,73511,77
2026/07/24 16:20:34.781,2026/07/24 16:20:34.768,2026/07/24 16:20:34.794,1,GPU-713d5b24-2a1e-fd4a-7685-c3d195ff9230,238.36,1410,1593,97,43,73511,44
2026/07/24 16:20:35.032,2026/07/24 16:20:35.018,2026/07/24 16:20:35.045,0,GPU-e2681f6e-8d94-2d66-484f-43ea602335f9,428.11,1410,1593,100,13,73511,77
2026/07/24 16:20:35.032,2026/07/24 16:20:35.018,2026/07/24 16:20:35.045,1,GPU-713d5b24-2a1e-fd4a-7685-c3d195ff9230,85.84,1410,1593,11,0,73511,40
2026/07/24 16:20:35.283,2026/07/24 16:20:35.268,2026/07/24 16:20:35.297,0,GPU-e2681f6e-8d94-2d66-484f-43ea602335f9,434.10,1410,1593,100,16,73511,77
2026/07/24 16:20:35.283,2026/07/24 16:20:35.268,2026/07/24 16:20:35.297,1,GPU-713d5b24-2a1e-fd4a-7685-c3d195ff9230,238.04,1410,1593,11,0,73511,44
2026/07/24 16:20:35.533,2026/07/24 16:20:35.518,2026/07/24 16:20:35.548,0,GPU-e2681f6e-8d94-2d66-484f-43ea602335f9,418.75,1410,1593,100,14,73511,77
2026/07/24 16:20:35.533,2026/07/24 16:20:35.518,2026/07/24 16:20:35.548,1,GPU-713d5b24-2a1e-fd4a-7685-c3d195ff9230,86.17,1410,1593,45,24,73511,40
2026/07/24 16:20:35.784,2026/07/24 16:20:35.768,2026/07/24 16:20:35.800,0,GPU-e2681f6e-8d94-2d66-484f-43ea602335f9,444.65,1410,1593,100,17,73511,77
2026/07/24 16:20:35.784,2026/07/24 16:20:35.768,2026/07/24 16:20:35.800,1,GPU-713d5b24-2a1e-fd4a-7685-c3d195ff9230,238.96,1410,1593,29,5,73511,43
2026/07/24 16:20:36.032,2026/07/24 16:20:36.018,2026/07/24 16:20:36.046,0,GPU-e2681f6e-8d94-2d66-484f-43ea602335f9,428.97,1410,1593,100,15,73511,77
2026/07/24 16:20:36.032,2026/07/24 16:20:36.018,2026/07/24 16:20:36.046,1,GPU-713d5b24-2a1e-fd4a-7685-c3d195ff9230,142.51,1410,1593,86,45,73511,44
2026/07/24 16:20:36.282,2026/07/24 16:20:36.269,2026/07/24 16:20:36.295,0,GPU-e2681f6e-8d94-2d66-484f-43ea602335f9,424.16,1410,1593,100,12,73511,77
2026/07/24 16:20:36.282,2026/07/24 16:20:36.269,2026/07/24 16:20:36.295,1,GPU-713d5b24-2a1e-fd4a-7685-c3d195ff9230,85.57,1410,1593,0,0,73511,40
2026/07/24 16:20:36.533,2026/07/24 16:20:36.519,2026/07/24 16:20:36.547,0,GPU-e2681f6e-8d94-2d66-484f-43ea602335f9,422.05,1410,1593,100,16,73511,77
2026/07/24 16:20:36.533,2026/07/24 16:20:36.519,2026/07/24 16:20:36.547,1,GPU-713d5b24-2a1e-fd4a-7685-c3d195ff9230,240.15,1410,1593,78,29,73511,43
2026/07/24 16:20:36.783,2026/07/24 16:20:36.769,2026/07/24 16:20:36.798,0,GPU-e2681f6e-8d94-2d66-484f-43ea602335f9,446.76,1410,1593,100,14,73511,78
2026/07/24 16:20:36.783,2026/07/24 16:20:36.769,2026/07/24 16:20:36.798,1,GPU-713d5b24-2a1e-fd4a-7685-c3d195ff9230,98.83,1410,1593,100,52,73511,43
2026/07/24 16:20:37.035,2026/07/24 16:20:37.019,2026/07/24 16:20:37.050,0,GPU-e2681f6e-8d94-2d66-484f-43ea602335f9,429.89,1410,1593,100,18,73511,77
2026/07/24 16:20:37.035,2026/07/24 16:20:37.019,2026/07/24 16:20:37.050,1,GPU-713d5b24-2a1e-fd4a-7685-c3d195ff9230,243.50,1410,1593,71,28,73511,45
2026/07/24 16:20:37.283,2026/07/24 16:20:37.269,2026/07/24 16:20:37.297,0,GPU-e2681f6e-8d94-2d66-484f-43ea602335f9,418.16,1410,1593,100,12,73511,77
2026/07/24 16:20:37.283,2026/07/24 16:20:37.269,2026/07/24 16:20:37.297,1,GPU-713d5b24-2a1e-fd4a-7685-c3d195ff9230,85.84,1410,1593,0,0,73511,40
2026/07/24 16:20:37.535,2026/07/24 16:20:37.519,2026/07/24 16:20:37.551,0,GPU-e2681f6e-8d94-2d66-484f-43ea602335f9,438.33,1410,1593,100,16,73511,77
2026/07/24 16:20:37.535,2026/07/24 16:20:37.519,2026/07/24 16:20:37.551,1,GPU-713d5b24-2a1e-fd4a-7685-c3d195ff9230,86.76,1410,1593,8,0,73511,41
2026/07/24 16:20:37.784,2026/07/24 16:20:37.769,2026/07/24 16:20:37.799,0,GPU-e2681f6e-8d94-2d66-484f-43ea602335f9,424.48,1410,1593,100,16,73511,77
2026/07/24 16:20:37.784,2026/07/24 16:20:37.769,2026/07/24 16:20:37.799,1,GPU-713d5b24-2a1e-fd4a-7685-c3d195ff9230,244.69,1410,1593,97,42,73511,43
2026/07/24 16:20:38.042,2026/07/24 16:20:38.019,2026/07/24 16:20:38.065,0,GPU-e2681f6e-8d94-2d66-484f-43ea602335f9,429.89,1410,1593,100,14,73511,77
2026/07/24 16:20:38.042,2026/07/24 16:20:38.019,2026/07/24 16:20:38.065,1,GPU-713d5b24-2a1e-fd4a-7685-c3d195ff9230,85.57,1410,1593,59,31,73511,40
2026/07/24 16:20:38.284,2026/07/24 16:20:38.269,2026/07/24 16:20:38.299,0,GPU-e2681f6e-8d94-2d66-484f-43ea602335f9,420.97,1410,1593,100,17,73511,77
2026/07/24 16:20:38.284,2026/07/24 16:20:38.269,2026/07/24 16:20:38.299,1,GPU-713d5b24-2a1e-fd4a-7685-c3d195ff9230,249.84,1410,1593,33,7,73511,44
2026/07/24 16:20:38.535,2026/07/24 16:20:38.519,2026/07/24 16:20:38.550,0,GPU-e2681f6e-8d94-2d66-484f-43ea602335f9,434.70,1410,1593,100,15,73511,77
2026/07/24 16:20:38.535,2026/07/24 16:20:38.519,2026/07/24 16:20:38.550,1,GPU-713d5b24-2a1e-fd4a-7685-c3d195ff9230,101.54,1410,1593,78,41,73511,41
2026/07/24 16:20:38.786,2026/07/24 16:20:38.769,2026/07/24 16:20:38.802,0,GPU-e2681f6e-8d94-2d66-484f-43ea602335f9,422.97,1410,1593,100,17,73511,77
2026/07/24 16:20:38.786,2026/07/24 16:20:38.769,2026/07/24 16:20:38.802,1,GPU-713d5b24-2a1e-fd4a-7685-c3d195ff9230,241.07,1410,1593,53,17,73511,44
2026/07/24 16:20:39.034,2026/07/24 16:20:39.019,2026/07/24 16:20:39.049,0,GPU-e2681f6e-8d94-2d66-484f-43ea602335f9,425.67,1410,1593,100,13,73511,77
2026/07/24 16:20:39.034,2026/07/24 16:20:39.019,2026/07/24 16:20:39.049,1,GPU-713d5b24-2a1e-fd4a-7685-c3d195ff9230,247.40,1410,1593,100,52,73511,42
2026/07/24 16:20:39.288,2026/07/24 16:20:39.269,2026/07/24 16:20:39.307,0,GPU-e2681f6e-8d94-2d66-484f-43ea602335f9,448.86,1410,1593,100,16,73511,77
2026/07/24 16:20:39.288,2026/07/24 16:20:39.269,2026/07/24 16:20:39.307,1,GPU-713d5b24-2a1e-fd4a-7685-c3d195ff9230,99.75,1410,1593,56,29,73511,44
2026/07/24 16:20:39.535,2026/07/24 16:20:39.519,2026/07/24 16:20:39.550,0,GPU-e2681f6e-8d94-2d66-484f-43ea602335f9,429.57,1410,1593,100,14,73511,77
2026/07/24 16:20:39.535,2026/07/24 16:20:39.519,2026/07/24 16:20:39.550,1,GPU-713d5b24-2a1e-fd4a-7685-c3d195ff9230,155.50,1410,1593,87,46,73511,43
2026/07/24 16:20:39.786,2026/07/24 16:20:39.770,2026/07/24 16:20:39.802,0,GPU-e2681f6e-8d94-2d66-484f-43ea602335f9,438.33,1410,1593,100,15,73511,77
2026/07/24 16:20:39.786,2026/07/24 16:20:39.770,2026/07/24 16:20:39.802,1,GPU-713d5b24-2a1e-fd4a-7685-c3d195ff9230,85.57,1410,1593,0,0,73511,42
2026/07/24 16:20:40.036,2026/07/24 16:20:40.020,2026/07/24 16:20:40.052,0,GPU-e2681f6e-8d94-2d66-484f-43ea602335f9,424.76,1410,1593,100,17,73511,77
2026/07/24 16:20:40.036,2026/07/24 16:20:40.020,2026/07/24 16:20:40.052,1,GPU-713d5b24-2a1e-fd4a-7685-c3d195ff9230,245.62,1410,1593,100,52,73511,44
2026/07/24 16:20:40.285,2026/07/24 16:20:40.270,2026/07/24 16:20:40.300,0,GPU-e2681f6e-8d94-2d66-484f-43ea602335f9,435.30,1410,1593,100,13,73511,77
2026/07/24 16:20:40.285,2026/07/24 16:20:40.270,2026/07/24 16:20:40.300,1,GPU-713d5b24-2a1e-fd4a-7685-c3d195ff9230,109.65,1410,1593,30,16,73511,41
2026/07/24 16:20:40.534,2026/07/24 16:20:40.520,2026/07/24 16:20:40.548,0,GPU-e2681f6e-8d94-2d66-484f-43ea602335f9,444.65,1410,1593,100,14,73511,77
2026/07/24 16:20:40.534,2026/07/24 16:20:40.520,2026/07/24 16:20:40.548,1,GPU-713d5b24-2a1e-fd4a-7685-c3d195ff9230,243.25,1410,1593,33,5,73511,43
2026/07/24 16:20:40.784,2026/07/24 16:20:40.770,2026/07/24 16:20:40.797,0,GPU-e2681f6e-8d94-2d66-484f-43ea602335f9,427.04,1410,1593,100,14,73511,77
2026/07/24 16:20:40.784,2026/07/24 16:20:40.770,2026/07/24 16:20:40.797,1,GPU-713d5b24-2a1e-fd4a-7685-c3d195ff9230,233.82,1410,1593,100,52,73511,42
2026/07/24 16:20:41.036,2026/07/24 16:20:41.020,2026/07/24 16:20:41.052,0,GPU-e2681f6e-8d94-2d66-484f-43ea602335f9,422.65,1410,1593,100,13,73511,77
2026/07/24 16:20:41.036,2026/07/24 16:20:41.020,2026/07/24 16:20:41.052,1,GPU-713d5b24-2a1e-fd4a-7685-c3d195ff9230,85.57,1410,1593,42,22,73511,40
2026/07/24 16:20:41.285,2026/07/24 16:20:41.270,2026/07/24 16:20:41.300,0,GPU-e2681f6e-8d94-2d66-484f-43ea602335f9,421.13,1410,1593,100,17,73511,77
2026/07/24 16:20:41.285,2026/07/24 16:20:41.270,2026/07/24 16:20:41.300,1,GPU-713d5b24-2a1e-fd4a-7685-c3d195ff9230,239.28,1410,1593,100,52,73511,43
2026/07/24 16:20:41.534,2026/07/24 16:20:41.520,2026/07/24 16:20:41.548,0,GPU-e2681f6e-8d94-2d66-484f-43ea602335f9,428.38,1410,1593,100,12,73511,77
2026/07/24 16:20:41.534,2026/07/24 16:20:41.520,2026/07/24 16:20:41.548,1,GPU-713d5b24-2a1e-fd4a-7685-c3d195ff9230,91.31,1410,1593,71,37,73511,41
2026/07/24 16:20:41.785,2026/07/24 16:20:41.770,2026/07/24 16:20:41.800,0,GPU-e2681f6e-8d94-2d66-484f-43ea602335f9,440.70,1410,1593,100,14,73511,77
2026/07/24 16:20:41.785,2026/07/24 16:20:41.770,2026/07/24 16:20:41.800,1,GPU-713d5b24-2a1e-fd4a-7685-c3d195ff9230,94.29,1410,1593,0,0,73511,40
2026/07/24 16:20:42.036,2026/07/24 16:20:42.020,2026/07/24 16:20:42.052,0,GPU-e2681f6e-8d94-2d66-484f-43ea602335f9,419.35,1410,1593,100,17,73511,77
2026/07/24 16:20:42.036,2026/07/24 16:20:42.020,2026/07/24 16:20:42.052,1,GPU-713d5b24-2a1e-fd4a-7685-c3d195ff9230,247.08,1410,1593,61,19,73511,44
2026/07/24 16:20:42.286,2026/07/24 16:20:42.270,2026/07/24 16:20:42.301,0,GPU-e2681f6e-8d94-2d66-484f-43ea602335f9,428.70,1410,1593,100,14,73511,77
2026/07/24 16:20:42.286,2026/07/24 16:20:42.270,2026/07/24 16:20:42.301,1,GPU-713d5b24-2a1e-fd4a-7685-c3d195ff9230,87.68,1410,1593,100,52,73511,43
2026/07/24 16:20:42.536,2026/07/24 16:20:42.520,2026/07/24 16:20:42.551,0,GPU-e2681f6e-8d94-2d66-484f-43ea602335f9,430.81,1410,1593,100,16,73511,77
2026/07/24 16:20:42.536,2026/07/24 16:20:42.520,2026/07/24 16:20:42.551,1,GPU-713d5b24-2a1e-fd4a-7685-c3d195ff9230,244.96,1410,1593,82,32,73511,44
2026/07/24 16:20:42.787,2026/07/24 16:20:42.770,2026/07/24 16:20:42.804,0,GPU-e2681f6e-8d94-2d66-484f-43ea602335f9,433.51,1410,1593,100,17,73511,77
2026/07/24 16:20:42.787,2026/07/24 16:20:42.770,2026/07/24 16:20:42.804,1,GPU-713d5b24-2a1e-fd4a-7685-c3d195ff9230,244.37,1410,1593,100,52,73511,44
2026/07/24 16:20:43.035,2026/07/24 16:20:43.020,2026/07/24 16:20:43.049,0,GPU-e2681f6e-8d94-2d66-484f-43ea602335f9,422.05,1410,1593,100,17,73511,77
2026/07/24 16:20:43.035,2026/07/24 16:20:43.020,2026/07/24 16:20:43.049,1,GPU-713d5b24-2a1e-fd4a-7685-c3d195ff9230,247.72,1410,1593,100,46,73511,45
2026/07/24 16:20:43.288,2026/07/24 16:20:43.271,2026/07/24 16:20:43.306,0,GPU-e2681f6e-8d94-2d66-484f-43ea602335f9,421.45,1410,1593,100,13,73511,77
2026/07/24 16:20:43.288,2026/07/24 16:20:43.271,2026/07/24 16:20:43.306,1,GPU-713d5b24-2a1e-fd4a-7685-c3d195ff9230,86.49,1410,1593,65,35,73511,40
2026/07/24 16:20:43.561,2026/07/24 16:20:43.521,2026/07/24 16:20:43.602,0,GPU-e2681f6e-8d94-2d66-484f-43ea602335f9,439.51,1410,1593,100,17,73511,77
2026/07/24 16:20:43.561,2026/07/24 16:20:43.521,2026/07/24 16:20:43.602,1,GPU-713d5b24-2a1e-fd4a-7685-c3d195ff9230,96.72,1410,1593,15,0,73511,42
2026/07/24 16:20:43.785,2026/07/24 16:20:43.771,2026/07/24 16:20:43.800,0,GPU-e2681f6e-8d94-2d66-484f-43ea602335f9,425.99,1410,1593,100,14,73511,77
2026/07/24 16:20:43.785,2026/07/24 16:20:43.771,2026/07/24 16:20:43.800,1,GPU-713d5b24-2a1e-fd4a-7685-c3d195ff9230,243.50,1410,1593,96,45,73511,42
2026/07/24 16:20:44.035,2026/07/24 16:20:44.021,2026/07/24 16:20:44.050,0,GPU-e2681f6e-8d94-2d66-484f-43ea602335f9,420.27,1410,1593,100,12,73511,77
2026/07/24 16:20:44.035,2026/07/24 16:20:44.021,2026/07/24 16:20:44.050,1,GPU-713d5b24-2a1e-fd4a-7685-c3d195ff9230,85.57,1410,1593,36,19,73511,40
2026/07/24 16:20:44.285,2026/07/24 16:20:44.271,2026/07/24 16:20:44.300,0,GPU-e2681f6e-8d94-2d66-484f-43ea602335f9,440.70,1410,1593,100,14,73511,77
2026/07/24 16:20:44.285,2026/07/24 16:20:44.271,2026/07/24 16:20:44.300,1,GPU-713d5b24-2a1e-fd4a-7685-c3d195ff9230,215.52,1410,1593,0,0,73511,41
2026/07/24 16:20:44.538,2026/07/24 16:20:44.521,2026/07/24 16:20:44.556,0,GPU-e2681f6e-8d94-2d66-484f-43ea602335f9,427.78,1410,1593,100,17,73511,77
2026/07/24 16:20:44.538,2026/07/24 16:20:44.521,2026/07/24 16:20:44.556,1,GPU-713d5b24-2a1e-fd4a-7685-c3d195ff9230,240.15,1410,1593,100,52,73511,44
2026/07/24 16:20:44.786,2026/07/24 16:20:44.771,2026/07/24 16:20:44.800,0,GPU-e2681f6e-8d94-2d66-484f-43ea602335f9,425.67,1410,1593,100,12,73511,77
2026/07/24 16:20:44.786,2026/07/24 16:20:44.771,2026/07/24 16:20:44.800,1,GPU-713d5b24-2a1e-fd4a-7685-c3d195ff9230,85.84,1410,1593,43,23,73511,40
2026/07/24 16:20:45.035,2026/07/24 16:20:45.021,2026/07/24 16:20:45.050,0,GPU-e2681f6e-8d94-2d66-484f-43ea602335f9,446.44,1410,1593,100,17,73511,77
2026/07/24 16:20:45.035,2026/07/24 16:20:45.021,2026/07/24 16:20:45.050,1,GPU-713d5b24-2a1e-fd4a-7685-c3d195ff9230,97.91,1410,1593,0,0,73511,41
2026/07/24 16:20:45.286,2026/07/24 16:20:45.271,2026/07/24 16:20:45.301,0,GPU-e2681f6e-8d94-2d66-484f-43ea602335f9,439.38,1410,1593,100,15,73511,77
2026/07/24 16:20:45.286,2026/07/24 16:20:45.271,2026/07/24 16:20:45.301,1,GPU-713d5b24-2a1e-fd4a-7685-c3d195ff9230,240.80,1410,1593,100,51,73511,44
2026/07/24 16:20:45.536,2026/07/24 16:20:45.521,2026/07/24 16:20:45.551,0,GPU-e2681f6e-8d94-2d66-484f-43ea602335f9,426.59,1410,1593,100,15,73511,77
2026/07/24 16:20:45.536,2026/07/24 16:20:45.521,2026/07/24 16:20:45.551,1,GPU-713d5b24-2a1e-fd4a-7685-c3d195ff9230,243.77,1410,1593,93,41,73511,44
2026/07/24 16:20:45.787,2026/07/24 16:20:45.771,2026/07/24 16:20:45.802,0,GPU-e2681f6e-8d94-2d66-484f-43ea602335f9,433.51,1410,1593,100,15,73511,77
2026/07/24 16:20:45.787,2026/07/24 16:20:45.771,2026/07/24 16:20:45.802,1,GPU-713d5b24-2a1e-fd4a-7685-c3d195ff9230,85.84,1410,1593,44,23,73511,41
2026/07/24 16:20:46.037,2026/07/24 16:20:46.021,2026/07/24 16:20:46.052,0,GPU-e2681f6e-8d94-2d66-484f-43ea602335f9,431.08,1410,1593,100,17,73511,77
2026/07/24 16:20:46.037,2026/07/24 16:20:46.021,2026/07/24 16:20:46.052,1,GPU-713d5b24-2a1e-fd4a-7685-c3d195ff9230,241.99,1410,1593,20,0,73511,43
2026/07/24 16:20:46.287,2026/07/24 16:20:46.271,2026/07/24 16:20:46.303,0,GPU-e2681f6e-8d94-2d66-484f-43ea602335f9,417.83,1410,1593,100,14,73511,77
2026/07/24 16:20:46.287,2026/07/24 16:20:46.271,2026/07/24 16:20:46.303,1,GPU-713d5b24-2a1e-fd4a-7685-c3d195ff9230,88.87,1410,1593,100,52,73511,42
2026/07/24 16:20:46.536,2026/07/24 16:20:46.522,2026/07/24 16:20:46.550,0,GPU-e2681f6e-8d94-2d66-484f-43ea602335f9,443.46,1410,1593,100,13,73511,77
2026/07/24 16:20:46.536,2026/07/24 16:20:46.522,2026/07/24 16:20:46.550,1,GPU-713d5b24-2a1e-fd4a-7685-c3d195ff9230,96.99,1410,1593,17,0,73511,42
2026/07/24 16:20:46.787,2026/07/24 16:20:46.772,2026/07/24 16:20:46.802,0,GPU-e2681f6e-8d94-2d66-484f-43ea602335f9,427.91,1410,1593,100,15,73511,77
2026/07/24 16:20:46.787,2026/07/24 16:20:46.772,2026/07/24 16:20:46.802,1,GPU-713d5b24-2a1e-fd4a-7685-c3d195ff9230,239.55,1410,1593,97,47,73511,44
2026/07/24 16:20:47.040,2026/07/24 16:20:47.022,2026/07/24 16:20:47.058,0,GPU-e2681f6e-8d94-2d66-484f-43ea602335f9,419.35,1410,1593,100,13,73511,77
2026/07/24 16:20:47.040,2026/07/24 16:20:47.022,2026/07/24 16:20:47.058,1,GPU-713d5b24-2a1e-fd4a-7685-c3d195ff9230,86.49,1410,1593,99,51,73511,42
2026/07/24 16:20:47.287,2026/07/24 16:20:47.272,2026/07/24 16:20:47.303,0,GPU-e2681f6e-8d94-2d66-484f-43ea602335f9,437.41,1410,1593,100,14,73511,77
2026/07/24 16:20:47.287,2026/07/24 16:20:47.272,2026/07/24 16:20:47.303,1,GPU-713d5b24-2a1e-fd4a-7685-c3d195ff9230,85.57,1410,1593,0,0,73511,42
2026/07/24 16:20:47.536,2026/07/24 16:20:47.522,2026/07/24 16:20:47.551,0,GPU-e2681f6e-8d94-2d66-484f-43ea602335f9,420.38,1410,1593,100,14,73511,77
2026/07/24 16:20:47.536,2026/07/24 16:20:47.522,2026/07/24 16:20:47.551,1,GPU-713d5b24-2a1e-fd4a-7685-c3d195ff9230,243.18,1410,1593,54,16,73511,44
2026/07/24 16:20:47.787,2026/07/24 16:20:47.772,2026/07/24 16:20:47.803,0,GPU-e2681f6e-8d94-2d66-484f-43ea602335f9,434.38,1410,1593,100,17,73511,77
2026/07/24 16:20:47.787,2026/07/24 16:20:47.772,2026/07/24 16:20:47.803,1,GPU-713d5b24-2a1e-fd4a-7685-c3d195ff9230,86.17,1410,1593,43,23,73511,42
2026/07/24 16:20:48.085,2026/07/24 16:20:48.022,2026/07/24 16:20:48.147,0,GPU-e2681f6e-8d94-2d66-484f-43ea602335f9,424.48,1410,1593,100,16,73511,77
2026/07/24 16:20:48.085,2026/07/24 16:20:48.022,2026/07/24 16:20:48.147,1,GPU-713d5b24-2a1e-fd4a-7685-c3d195ff9230,250.43,1410,1593,80,32,73511,44
2026/07/24 16:20:48.287,2026/07/24 16:20:48.272,2026/07/24 16:20:48.302,0,GPU-e2681f6e-8d94-2d66-484f-43ea602335f9,445.84,1410,1593,100,15,73511,77
2026/07/24 16:20:48.287,2026/07/24 16:20:48.272,2026/07/24 16:20:48.302,1,GPU-713d5b24-2a1e-fd4a-7685-c3d195ff9230,86.76,1410,1593,99,52,73511,43
2026/07/24 16:20:48.547,2026/07/24 16:20:48.522,2026/07/24 16:20:48.571,0,GPU-e2681f6e-8d94-2d66-484f-43ea602335f9,430.81,1410,1593,100,17,73511,77
2026/07/24 16:20:48.547,2026/07/24 16:20:48.522,2026/07/24 16:20:48.571,1,GPU-713d5b24-2a1e-fd4a-7685-c3d195ff9230,248.32,1410,1593,95,50,73511,45
2026/07/24 16:20:48.788,2026/07/24 16:20:48.772,2026/07/24 16:20:48.803,0,GPU-e2681f6e-8d94-2d66-484f-43ea602335f9,419.02,1410,1593,100,12,73511,77
2026/07/24 16:20:48.788,2026/07/24 16:20:48.772,2026/07/24 16:20:48.803,1,GPU-713d5b24-2a1e-fd4a-7685-c3d195ff9230,86.17,1410,1593,0,0,73511,40
2026/07/24 16:20:49.038,2026/07/24 16:20:49.022,2026/07/24 16:20:49.054,0,GPU-e2681f6e-8d94-2d66-484f-43ea602335f9,444.33,1410,1593,100,15,73511,77
2026/07/24 16:20:49.038,2026/07/24 16:20:49.022,2026/07/24 16:20:49.054,1,GPU-713d5b24-2a1e-fd4a-7685-c3d195ff9230,85.25,1410,1593,2,0,73511,41
2026/07/24 16:20:49.289,2026/07/24 16:20:49.272,2026/07/24 16:20:49.305,0,GPU-e2681f6e-8d94-2d66-484f-43ea602335f9,421.30,1410,1593,100,16,73511,77
2026/07/24 16:20:49.289,2026/07/24 16:20:49.272,2026/07/24 16:20:49.305,1,GPU-713d5b24-2a1e-fd4a-7685-c3d195ff9230,238.69,1410,1593,100,52,73511,44
2026/07/24 16:20:49.538,2026/07/24 16:20:49.522,2026/07/24 16:20:49.553,0,GPU-e2681f6e-8d94-2d66-484f-43ea602335f9,439.24,1410,1593,100,16,73511,77
2026/07/24 16:20:49.538,2026/07/24 16:20:49.522,2026/07/24 16:20:49.553,1,GPU-713d5b24-2a1e-fd4a-7685-c3d195ff9230,235.65,1410,1593,56,20,73511,43
2026/07/24 16:20:49.787,2026/07/24 16:20:49.773,2026/07/24 16:20:49.801,0,GPU-e2681f6e-8d94-2d66-484f-43ea602335f9,438.92,1410,1593,100,17,73511,77
2026/07/24 16:20:49.787,2026/07/24 16:20:49.773,2026/07/24 16:20:49.801,1,GPU-713d5b24-2a1e-fd4a-7685-c3d195ff9230,86.49,1410,1593,97,52,73511,42
2026/07/24 16:20:50.052,2026/07/24 16:20:50.023,2026/07/24 16:20:50.081,0,GPU-e2681f6e-8d94-2d66-484f-43ea602335f9,430.93,1410,1593,100,17,73511,77
2026/07/24 16:20:50.052,2026/07/24 16:20:50.023,2026/07/24 16:20:50.081,1,GPU-713d5b24-2a1e-fd4a-7685-c3d195ff9230,242.91,1410,1593,46,15,73511,44
2026/07/24 16:20:50.288,2026/07/24 16:20:50.273,2026/07/24 16:20:50.304,0,GPU-e2681f6e-8d94-2d66-484f-43ea602335f9,428.70,1410,1593,100,14,73511,77
2026/07/24 16:20:50.288,2026/07/24 16:20:50.273,2026/07/24 16:20:50.304,1,GPU-713d5b24-2a1e-fd4a-7685-c3d195ff9230,250.11,1410,1593,100,53,73511,43
2026/07/24 16:20:50.539,2026/07/24 16:20:50.523,2026/07/24 16:20:50.555,0,GPU-e2681f6e-8d94-2d66-484f-43ea602335f9,428.82,1410,1593,100,15,73511,77
2026/07/24 16:20:50.539,2026/07/24 16:20:50.523,2026/07/24 16:20:50.555,1,GPU-713d5b24-2a1e-fd4a-7685-c3d195ff9230,249.84,1410,1593,75,30,73511,43
2026/07/24 16:20:50.788,2026/07/24 16:20:50.773,2026/07/24 16:20:50.804,0,GPU-e2681f6e-8d94-2d66-484f-43ea602335f9,438.00,1410,1593,100,15,73511,77
2026/07/24 16:20:50.788,2026/07/24 16:20:50.773,2026/07/24 16:20:50.804,1,GPU-713d5b24-2a1e-fd4a-7685-c3d195ff9230,245.62,1410,1593,100,53,73511,45
2026/07/24 16:20:51.037,2026/07/24 16:20:51.023,2026/07/24 16:20:51.051,0,GPU-e2681f6e-8d94-2d66-484f-43ea602335f9,424.33,1410,1593,100,17,73511,77
2026/07/24 16:20:51.037,2026/07/24 16:20:51.023,2026/07/24 16:20:51.051,1,GPU-713d5b24-2a1e-fd4a-7685-c3d195ff9230,245.88,1410,1593,90,38,73511,45
2026/07/24 16:20:51.289,2026/07/24 16:20:51.273,2026/07/24 16:20:51.306,0,GPU-e2681f6e-8d94-2d66-484f-43ea602335f9,430.81,1410,1593,100,13,73511,77
2026/07/24 16:20:51.289,2026/07/24 16:20:51.273,2026/07/24 16:20:51.306,1,GPU-713d5b24-2a1e-fd4a-7685-c3d195ff9230,87.36,1410,1593,100,53,73511,41
2026/07/24 16:20:51.538,2026/07/24 16:20:51.523,2026/07/24 16:20:51.553,0,GPU-e2681f6e-8d94-2d66-484f-43ea602335f9,435.03,1410,1593,100,18,73511,77
2026/07/24 16:20:51.538,2026/07/24 16:20:51.523,2026/07/24 16:20:51.553,1,GPU-713d5b24-2a1e-fd4a-7685-c3d195ff9230,244.10,1410,1593,11,5,73511,44
2026/07/24 16:20:51.787,2026/07/24 16:20:51.773,2026/07/24 16:20:51.800,0,GPU-e2681f6e-8d94-2d66-484f-43ea602335f9,421.13,1410,1593,100,13,73511,77
2026/07/24 16:20:51.787,2026/07/24 16:20:51.773,2026/07/24 16:20:51.800,1,GPU-713d5b24-2a1e-fd4a-7685-c3d195ff9230,90.98,1410,1593,71,37,73511,41
2026/07/24 16:20:52.039,2026/07/24 16:20:52.023,2026/07/24 16:20:52.054,0,GPU-e2681f6e-8d94-2d66-484f-43ea602335f9,429.30,1410,1593,100,16,73511,77
2026/07/24 16:20:52.039,2026/07/24 16:20:52.023,2026/07/24 16:20:52.054,1,GPU-713d5b24-2a1e-fd4a-7685-c3d195ff9230,94.88,1410,1593,14,0,73511,42
2026/07/24 16:20:52.287,2026/07/24 16:20:52.273,2026/07/24 16:20:52.301,0,GPU-e2681f6e-8d94-2d66-484f-43ea602335f9,423.89,1410,1593,100,16,73511,77
2026/07/24 16:20:52.287,2026/07/24 16:20:52.273,2026/07/24 16:20:52.301,1,GPU-713d5b24-2a1e-fd4a-7685-c3d195ff9230,237.17,1410,1593,93,44,73511,44
2026/07/24 16:20:52.538,2026/07/24 16:20:52.523,2026/07/24 16:20:52.553,0,GPU-e2681f6e-8d94-2d66-484f-43ea602335f9,424.16,1410,1593,100,13,73511,77
2026/07/24 16:20:52.538,2026/07/24 16:20:52.523,2026/07/24 16:20:52.553,1,GPU-713d5b24-2a1e-fd4a-7685-c3d195ff9230,86.17,1410,1593,76,40,73511,40
2026/07/24 16:20:52.786,2026/07/24 16:20:52.773,2026/07/24 16:20:52.799,0,GPU-e2681f6e-8d94-2d66-484f-43ea602335f9,419.02,1410,1593,100,16,73511,77
2026/07/24 16:20:52.786,2026/07/24 16:20:52.773,2026/07/24 16:20:52.799,1,GPU-713d5b24-2a1e-fd4a-7685-c3d195ff9230,245.95,1410,1593,96,49,73511,44
2026/07/24 16:20:53.038,2026/07/24 16:20:53.023,2026/07/24 16:20:53.053,0,GPU-e2681f6e-8d94-2d66-484f-43ea602335f9,436.08,1410,1593,100,15,73511,77
2026/07/24 16:20:53.038,2026/07/24 16:20:53.023,2026/07/24 16:20:53.053,1,GPU-713d5b24-2a1e-fd4a-7685-c3d195ff9230,240.15,1410,1593,100,52,73511,42
2026/07/24 16:20:53.332,2026/07/24 16:20:53.274,2026/07/24 16:20:53.391,0,GPU-e2681f6e-8d94-2d66-484f-43ea602335f9,419.02,1410,1593,100,15,73511,77
2026/07/24 16:20:53.332,2026/07/24 16:20:53.274,2026/07/24 16:20:53.391,1,GPU-713d5b24-2a1e-fd4a-7685-c3d195ff9230,247.72,1410,1593,62,24,73511,45
2026/07/24 16:20:53.538,2026/07/24 16:20:53.524,2026/07/24 16:20:53.553,0,GPU-e2681f6e-8d94-2d66-484f-43ea602335f9,427.46,1410,1593,100,14,73511,77
2026/07/24 16:20:53.538,2026/07/24 16:20:53.524,2026/07/24 16:20:53.553,1,GPU-713d5b24-2a1e-fd4a-7685-c3d195ff9230,86.49,1410,1593,100,53,73511,41
2026/07/24 16:20:53.790,2026/07/24 16:20:53.774,2026/07/24 16:20:53.807,0,GPU-e2681f6e-8d94-2d66-484f-43ea602335f9,428.70,1410,1593,100,17,73511,77
2026/07/24 16:20:53.790,2026/07/24 16:20:53.774,2026/07/24 16:20:53.807,1,GPU-713d5b24-2a1e-fd4a-7685-c3d195ff9230,247.72,1410,1593,39,21,73511,44
2026/07/24 16:20:54.038,2026/07/24 16:20:54.024,2026/07/24 16:20:54.052,0,GPU-e2681f6e-8d94-2d66-484f-43ea602335f9,426.86,1410,1593,100,14,73511,77
2026/07/24 16:20:54.038,2026/07/24 16:20:54.024,2026/07/24 16:20:54.052,1,GPU-713d5b24-2a1e-fd4a-7685-c3d195ff9230,242.33,1410,1593,99,52,73511,42
2026/07/24 16:20:54.290,2026/07/24 16:20:54.274,2026/07/24 16:20:54.305,0,GPU-e2681f6e-8d94-2d66-484f-43ea602335f9,451.85,1410,1593,100,12,73511,77
2026/07/24 16:20:54.290,2026/07/24 16:20:54.274,2026/07/24 16:20:54.305,1,GPU-713d5b24-2a1e-fd4a-7685-c3d195ff9230,95.53,1410,1593,0,0,73511,41
2026/07/24 16:20:54.538,2026/07/24 16:20:54.524,2026/07/24 16:20:54.552,0,GPU-e2681f6e-8d94-2d66-484f-43ea602335f9,425.99,1410,1593,100,18,73511,77
2026/07/24 16:20:54.538,2026/07/24 16:20:54.524,2026/07/24 16:20:54.552,1,GPU-713d5b24-2a1e-fd4a-7685-c3d195ff9230,169.03,1410,1593,90,47,73511,44
2026/07/24 16:20:54.790,2026/07/24 16:20:54.774,2026/07/24 16:20:54.806,0,GPU-e2681f6e-8d94-2d66-484f-43ea602335f9,443.46,1410,1593,100,15,73511,78
2026/07/24 16:20:54.790,2026/07/24 16:20:54.774,2026/07/24 16:20:54.806,1,GPU-713d5b24-2a1e-fd4a-7685-c3d195ff9230,96.99,1410,1593,16,0,73511,42
2026/07/24 16:20:55.040,2026/07/24 16:20:55.024,2026/07/24 16:20:55.056,0,GPU-e2681f6e-8d94-2d66-484f-43ea602335f9,427.78,1410,1593,100,16,73511,77
2026/07/24 16:20:55.040,2026/07/24 16:20:55.024,2026/07/24 16:20:55.056,1,GPU-713d5b24-2a1e-fd4a-7685-c3d195ff9230,246.21,1410,1593,94,49,73511,44
2026/07/24 16:20:55.290,2026/07/24 16:20:55.274,2026/07/24 16:20:55.305,0,GPU-e2681f6e-8d94-2d66-484f-43ea602335f9,430.22,1410,1593,100,17,73511,77
2026/07/24 16:20:55.290,2026/07/24 16:20:55.274,2026/07/24 16:20:55.305,1,GPU-713d5b24-2a1e-fd4a-7685-c3d195ff9230,244.96,1410,1593,83,35,73511,45
2026/07/24 16:20:55.539,2026/07/24 16:20:55.524,2026/07/24 16:20:55.553,0,GPU-e2681f6e-8d94-2d66-484f-43ea602335f9,426.86,1410,1593,100,16,73511,77
2026/07/24 16:20:55.539,2026/07/24 16:20:55.524,2026/07/24 16:20:55.553,1,GPU-713d5b24-2a1e-fd4a-7685-c3d195ff9230,86.49,1410,1593,100,53,73511,42
2026/07/24 16:20:55.788,2026/07/24 16:20:55.774,2026/07/24 16:20:55.802,0,GPU-e2681f6e-8d94-2d66-484f-43ea602335f9,457.31,1410,1593,100,16,73511,77
2026/07/24 16:20:55.788,2026/07/24 16:20:55.774,2026/07/24 16:20:55.802,1,GPU-713d5b24-2a1e-fd4a-7685-c3d195ff9230,99.75,1410,1593,23,1,73511,42
2026/07/24 16:20:56.038,2026/07/24 16:20:56.024,2026/07/24 16:20:56.051,0,GPU-e2681f6e-8d94-2d66-484f-43ea602335f9,426.71,1410,1593,100,16,73511,77
2026/07/24 16:20:56.038,2026/07/24 16:20:56.024,2026/07/24 16:20:56.051,1,GPU-713d5b24-2a1e-fd4a-7685-c3d195ff9230,242.58,1410,1593,100,52,73511,44
2026/07/24 16:20:56.288,2026/07/24 16:20:56.274,2026/07/24 16:20:56.303,0,GPU-e2681f6e-8d94-2d66-484f-43ea602335f9,435.62,1410,1593,100,13,73511,77
2026/07/24 16:20:56.288,2026/07/24 16:20:56.274,2026/07/24 16:20:56.303,1,GPU-713d5b24-2a1e-fd4a-7685-c3d195ff9230,86.49,1410,1593,93,48,73511,42
2026/07/24 16:20:56.541,2026/07/24 16:20:56.524,2026/07/24 16:20:56.557,0,GPU-e2681f6e-8d94-2d66-484f-43ea602335f9,441.95,1410,1593,100,16,73511,77
2026/07/24 16:20:56.541,2026/07/24 16:20:56.524,2026/07/24 16:20:56.557,1,GPU-713d5b24-2a1e-fd4a-7685-c3d195ff9230,119.02,1410,1593,0,0,73511,43
2026/07/24 16:20:56.789,2026/07/24 16:20:56.774,2026/07/24 16:20:56.803,0,GPU-e2681f6e-8d94-2d66-484f-43ea602335f9,414.21,1410,1593,100,13,73511,77
2026/07/24 16:20:56.789,2026/07/24 16:20:56.774,2026/07/24 16:20:56.803,1,GPU-713d5b24-2a1e-fd4a-7685-c3d195ff9230,243.77,1410,1593,100,52,73511,44
2026/07/24 16:20:57.039,2026/07/24 16:20:57.025,2026/07/24 16:20:57.053,0,GPU-e2681f6e-8d94-2d66-484f-43ea602335f9,435.89,1410,1593,100,18,73511,77
2026/07/24 16:20:57.039,2026/07/24 16:20:57.025,2026/07/24 16:20:57.053,1,GPU-713d5b24-2a1e-fd4a-7685-c3d195ff9230,89.20,1410,1593,13,3,73511,43
2026/07/24 16:20:57.288,2026/07/24 16:20:57.275,2026/07/24 16:20:57.302,0,GPU-e2681f6e-8d94-2d66-484f-43ea602335f9,431.40,1410,1593,100,15,73511,77
2026/07/24 16:20:57.288,2026/07/24 16:20:57.275,2026/07/24 16:20:57.302,1,GPU-713d5b24-2a1e-fd4a-7685-c3d195ff9230,238.96,1410,1593,98,45,73511,44
2026/07/24 16:20:57.538,2026/07/24 16:20:57.525,2026/07/24 16:20:57.552,0,GPU-e2681f6e-8d94-2d66-484f-43ea602335f9,439.51,1410,1593,100,16,73511,77
2026/07/24 16:20:57.538,2026/07/24 16:20:57.525,2026/07/24 16:20:57.552,1,GPU-713d5b24-2a1e-fd4a-7685-c3d195ff9230,240.47,1410,1593,60,31,73511,44
2026/07/24 16:20:57.789,2026/07/24 16:20:57.775,2026/07/24 16:20:57.803,0,GPU-e2681f6e-8d94-2d66-484f-43ea602335f9,418.75,1410,1593,100,17,73511,77
2026/07/24 16:20:57.789,2026/07/24 16:20:57.775,2026/07/24 16:20:57.803,1,GPU-713d5b24-2a1e-fd4a-7685-c3d195ff9230,251.03,1410,1593,100,53,73511,45
2026/07/24 16:20:58.039,2026/07/24 16:20:58.025,2026/07/24 16:20:58.054,0,GPU-e2681f6e-8d94-2d66-484f-43ea602335f9,424.76,1410,1593,100,13,73511,77
2026/07/24 16:20:58.039,2026/07/24 16:20:58.025,2026/07/24 16:20:58.054,1,GPU-713d5b24-2a1e-fd4a-7685-c3d195ff9230,86.49,1410,1593,4,2,73511,41
2026/07/24 16:20:58.289,2026/07/24 16:20:58.275,2026/07/24 16:20:58.303,0,GPU-e2681f6e-8d94-2d66-484f-43ea602335f9,433.51,1410,1593,100,17,73511,77
2026/07/24 16:20:58.289,2026/07/24 16:20:58.275,2026/07/24 16:20:58.303,1,GPU-713d5b24-2a1e-fd4a-7685-c3d195ff9230,241.66,1410,1593,29,3,73511,43
2026/07/24 16:20:58.539,2026/07/24 16:20:58.525,2026/07/24 16:20:58.552,0,GPU-e2681f6e-8d94-2d66-484f-43ea602335f9,431.08,1410,1593,100,15,73511,78
2026/07/24 16:20:58.539,2026/07/24 16:20:58.525,2026/07/24 16:20:58.552,1,GPU-713d5b24-2a1e-fd4a-7685-c3d195ff9230,216.33,1410,1593,100,52,73511,43
2026/07/24 16:20:58.788,2026/07/24 16:20:58.775,2026/07/24 16:20:58.801,0,GPU-e2681f6e-8d94-2d66-484f-43ea602335f9,432.27,1410,1593,100,17,73511,77
2026/07/24 16:20:58.788,2026/07/24 16:20:58.775,2026/07/24 16:20:58.801,1,GPU-713d5b24-2a1e-fd4a-7685-c3d195ff9230,244.96,1410,1593,100,53,73511,45
2026/07/24 16:20:59.039,2026/07/24 16:20:59.025,2026/07/24 16:20:59.054,0,GPU-e2681f6e-8d94-2d66-484f-43ea602335f9,419.02,1410,1593,100,12,73511,77
2026/07/24 16:20:59.039,2026/07/24 16:20:59.025,2026/07/24 16:20:59.054,1,GPU-713d5b24-2a1e-fd4a-7685-c3d195ff9230,86.17,1410,1593,69,37,73511,42
2026/07/24 16:20:59.291,2026/07/24 16:20:59.275,2026/07/24 16:20:59.306,0,GPU-e2681f6e-8d94-2d66-484f-43ea602335f9,422.38,1410,1593,100,13,73511,77
2026/07/24 16:20:59.291,2026/07/24 16:20:59.275,2026/07/24 16:20:59.306,1,GPU-713d5b24-2a1e-fd4a-7685-c3d195ff9230,85.57,1410,1593,0,0,73511,40
2026/07/24 16:20:59.541,2026/07/24 16:20:59.525,2026/07/24 16:20:59.557,0,GPU-e2681f6e-8d94-2d66-484f-43ea602335f9,434.10,1410,1593,100,18,73511,77
2026/07/24 16:20:59.541,2026/07/24 16:20:59.525,2026/07/24 16:20:59.557,1,GPU-713d5b24-2a1e-fd4a-7685-c3d195ff9230,241.07,1410,1593,46,11,73511,44
2026/07/24 16:20:59.789,2026/07/24 16:20:59.775,2026/07/24 16:20:59.802,0,GPU-e2681f6e-8d94-2d66-484f-43ea602335f9,418.00,1410,1593,100,14,73511,77
2026/07/24 16:20:59.789,2026/07/24 16:20:59.775,2026/07/24 16:20:59.802,1,GPU-713d5b24-2a1e-fd4a-7685-c3d195ff9230,86.17,1410,1593,39,20,73511,41
2026/07/24 16:21:00.090,2026/07/24 16:21:00.025,2026/07/24 16:21:00.155,0,GPU-e2681f6e-8d94-2d66-484f-43ea602335f9,435.03,1410,1593,100,13,73511,77
2026/07/24 16:21:00.090,2026/07/24 16:21:00.025,2026/07/24 16:21:00.155,1,GPU-713d5b24-2a1e-fd4a-7685-c3d195ff9230,242.26,1410,1593,63,22,73511,44
2026/07/24 16:21:00.289,2026/07/24 16:21:00.275,2026/07/24 16:21:00.303,0,GPU-e2681f6e-8d94-2d66-484f-43ea602335f9,428.11,1410,1593,100,15,73511,77
2026/07/24 16:21:00.289,2026/07/24 16:21:00.275,2026/07/24 16:21:00.303,1,GPU-713d5b24-2a1e-fd4a-7685-c3d195ff9230,86.17,1410,1593,78,41,73511,41
2026/07/24 16:21:00.541,2026/07/24 16:21:00.525,2026/07/24 16:21:00.557,0,GPU-e2681f6e-8d94-2d66-484f-43ea602335f9,426.86,1410,1593,100,13,73511,77
2026/07/24 16:21:00.541,2026/07/24 16:21:00.525,2026/07/24 16:21:00.557,1,GPU-713d5b24-2a1e-fd4a-7685-c3d195ff9230,85.57,1410,1593,0,0,73511,39
2026/07/24 16:21:00.791,2026/07/24 16:21:00.776,2026/07/24 16:21:00.806,0,GPU-e2681f6e-8d94-2d66-484f-43ea602335f9,428.55,1410,1593,100,16,73511,77
2026/07/24 16:21:00.791,2026/07/24 16:21:00.776,2026/07/24 16:21:00.806,1,GPU-713d5b24-2a1e-fd4a-7685-c3d195ff9230,244.10,1410,1593,18,0,73511,43
2026/07/24 16:21:01.040,2026/07/24 16:21:01.026,2026/07/24 16:21:01.054,0,GPU-e2681f6e-8d94-2d66-484f-43ea602335f9,445.84,1410,1593,100,17,73511,77
2026/07/24 16:21:01.040,2026/07/24 16:21:01.026,2026/07/24 16:21:01.054,1,GPU-713d5b24-2a1e-fd4a-7685-c3d195ff9230,180.78,1410,1593,100,45,73511,44
2026/07/24 16:21:01.290,2026/07/24 16:21:01.276,2026/07/24 16:21:01.304,0,GPU-e2681f6e-8d94-2d66-484f-43ea602335f9,428.11,1410,1593,100,15,73511,77
2026/07/24 16:21:01.290,2026/07/24 16:21:01.276,2026/07/24 16:21:01.304,1,GPU-713d5b24-2a1e-fd4a-7685-c3d195ff9230,250.70,1410,1593,100,53,73511,45
2026/07/24 16:21:01.539,2026/07/24 16:21:01.526,2026/07/24 16:21:01.552,0,GPU-e2681f6e-8d94-2d66-484f-43ea602335f9,423.57,1410,1593,100,13,73511,77
2026/07/24 16:21:01.539,2026/07/24 16:21:01.526,2026/07/24 16:21:01.552,1,GPU-713d5b24-2a1e-fd4a-7685-c3d195ff9230,86.17,1410,1593,52,28,73511,41
2026/07/24 16:21:01.792,2026/07/24 16:21:01.776,2026/07/24 16:21:01.809,0,GPU-e2681f6e-8d94-2d66-484f-43ea602335f9,434.38,1410,1593,100,17,73511,77
2026/07/24 16:21:01.792,2026/07/24 16:21:01.776,2026/07/24 16:21:01.809,1,GPU-713d5b24-2a1e-fd4a-7685-c3d195ff9230,246.21,1410,1593,34,7,73511,44
2026/07/24 16:21:02.039,2026/07/24 16:21:02.026,2026/07/24 16:21:02.053,0,GPU-e2681f6e-8d94-2d66-484f-43ea602335f9,426.27,1410,1593,100,13,73511,77
2026/07/24 16:21:02.039,2026/07/24 16:21:02.026,2026/07/24 16:21:02.053,1,GPU-713d5b24-2a1e-fd4a-7685-c3d195ff9230,90.98,1410,1593,71,37,73511,43
2026/07/24 16:21:02.292,2026/07/24 16:21:02.276,2026/07/24 16:21:02.307,0,GPU-e2681f6e-8d94-2d66-484f-43ea602335f9,426.59,1410,1593,100,17,73511,77
2026/07/24 16:21:02.292,2026/07/24 16:21:02.276,2026/07/24 16:21:02.307,1,GPU-713d5b24-2a1e-fd4a-7685-c3d195ff9230,85.84,1410,1593,0,0,73511,40
2026/07/24 16:21:02.541,2026/07/24 16:21:02.526,2026/07/24 16:21:02.555,0,GPU-e2681f6e-8d94-2d66-484f-43ea602335f9,414.21,1410,1593,100,15,73511,77
2026/07/24 16:21:02.541,2026/07/24 16:21:02.526,2026/07/24 16:21:02.555,1,GPU-713d5b24-2a1e-fd4a-7685-c3d195ff9230,249.51,1410,1593,80,30,73511,44
2026/07/24 16:21:02.790,2026/07/24 16:21:02.776,2026/07/24 16:21:02.803,0,GPU-e2681f6e-8d94-2d66-484f-43ea602335f9,415.73,1410,1593,100,13,73511,77
2026/07/24 16:21:02.790,2026/07/24 16:21:02.776,2026/07/24 16:21:02.803,1,GPU-713d5b24-2a1e-fd4a-7685-c3d195ff9230,89.46,1410,1593,100,52,73511,41
2026/07/24 16:21:03.039,2026/07/24 16:21:03.026,2026/07/24 16:21:03.053,0,GPU-e2681f6e-8d94-2d66-484f-43ea602335f9,429.89,1410,1593,100,12,73511,77
2026/07/24 16:21:03.039,2026/07/24 16:21:03.026,2026/07/24 16:21:03.053,1,GPU-713d5b24-2a1e-fd4a-7685-c3d195ff9230,237.52,1410,1593,19,10,73511,43
2026/07/24 16:21:03.289,2026/07/24 16:21:03.276,2026/07/24 16:21:03.302,0,GPU-e2681f6e-8d94-2d66-484f-43ea602335f9,420.53,1410,1593,100,14,73511,77
2026/07/24 16:21:03.289,2026/07/24 16:21:03.276,2026/07/24 16:21:03.302,1,GPU-713d5b24-2a1e-fd4a-7685-c3d195ff9230,86.76,1410,1593,100,52,73511,41
2026/07/24 16:21:03.541,2026/07/24 16:21:03.526,2026/07/24 16:21:03.556,0,GPU-e2681f6e-8d94-2d66-484f-43ea602335f9,424.76,1410,1593,100,13,73511,77
2026/07/24 16:21:03.541,2026/07/24 16:21:03.526,2026/07/24 16:21:03.556,1,GPU-713d5b24-2a1e-fd4a-7685-c3d195ff9230,86.17,1410,1593,8,4,73511,40
2026/07/24 16:21:03.790,2026/07/24 16:21:03.776,2026/07/24 16:21:03.804,0,GPU-e2681f6e-8d94-2d66-484f-43ea602335f9,432.27,1410,1593,100,16,73511,77
2026/07/24 16:21:03.790,2026/07/24 16:21:03.776,2026/07/24 16:21:03.804,1,GPU-713d5b24-2a1e-fd4a-7685-c3d195ff9230,238.69,1410,1593,96,45,73511,43
2026/07/24 16:21:04.040,2026/07/24 16:21:04.026,2026/07/24 16:21:04.054,0,GPU-e2681f6e-8d94-2d66-484f-43ea602335f9,420.27,1410,1593,100,16,73511,77
2026/07/24 16:21:04.040,2026/07/24 16:21:04.026,2026/07/24 16:21:04.054,1,GPU-713d5b24-2a1e-fd4a-7685-c3d195ff9230,86.17,1410,1593,42,22,73511,41
2026/07/24 16:21:04.291,2026/07/24 16:21:04.276,2026/07/24 16:21:04.306,0,GPU-e2681f6e-8d94-2d66-484f-43ea602335f9,433.51,1410,1593,100,17,73511,77
2026/07/24 16:21:04.291,2026/07/24 16:21:04.276,2026/07/24 16:21:04.306,1,GPU-713d5b24-2a1e-fd4a-7685-c3d195ff9230,245.29,1410,1593,45,14,73511,43
2026/07/24 16:21:04.542,2026/07/24 16:21:04.526,2026/07/24 16:21:04.558,0,GPU-e2681f6e-8d94-2d66-484f-43ea602335f9,428.38,1410,1593,100,14,73511,77
2026/07/24 16:21:04.542,2026/07/24 16:21:04.526,2026/07/24 16:21:04.558,1,GPU-713d5b24-2a1e-fd4a-7685-c3d195ff9230,91.31,1410,1593,100,52,73511,41
2026/07/24 16:21:04.791,2026/07/24 16:21:04.777,2026/07/24 16:21:04.805,0,GPU-e2681f6e-8d94-2d66-484f-43ea602335f9,425.99,1410,1593,100,15,73511,77
2026/07/24 16:21:04.791,2026/07/24 16:21:04.777,2026/07/24 16:21:04.805,1,GPU-713d5b24-2a1e-fd4a-7685-c3d195ff9230,246.48,1410,1593,23,12,73511,42
2026/07/24 16:21:05.042,2026/07/24 16:21:05.027,2026/07/24 16:21:05.057,0,GPU-e2681f6e-8d94-2d66-484f-43ea602335f9,416.97,1410,1593,100,17,73511,77
2026/07/24 16:21:05.042,2026/07/24 16:21:05.027,2026/07/24 16:21:05.057,1,GPU-713d5b24-2a1e-fd4a-7685-c3d195ff9230,237.44,1410,1593,100,52,73511,42
2026/07/24 16:21:05.294,2026/07/24 16:21:05.277,2026/07/24 16:21:05.310,0,GPU-e2681f6e-8d94-2d66-484f-43ea602335f9,439.24,1410,1593,100,13,73511,77
2026/07/24 16:21:05.294,2026/07/24 16:21:05.277,2026/07/24 16:21:05.310,1,GPU-713d5b24-2a1e-fd4a-7685-c3d195ff9230,95.80,1410,1593,5,3,73511,40
2026/07/24 16:21:05.541,2026/07/24 16:21:05.527,2026/07/24 16:21:05.556,0,GPU-e2681f6e-8d94-2d66-484f-43ea602335f9,428.97,1410,1593,100,16,73511,77
2026/07/24 16:21:05.541,2026/07/24 16:21:05.527,2026/07/24 16:21:05.556,1,GPU-713d5b24-2a1e-fd4a-7685-c3d195ff9230,247.08,1410,1593,74,28,73511,44
2026/07/24 16:21:05.791,2026/07/24 16:21:05.777,2026/07/24 16:21:05.805,0,GPU-e2681f6e-8d94-2d66-484f-43ea602335f9,428.11,1410,1593,100,14,73511,77
2026/07/24 16:21:05.791,2026/07/24 16:21:05.777,2026/07/24 16:21:05.805,1,GPU-713d5b24-2a1e-fd4a-7685-c3d195ff9230,100.34,1410,1593,100,52,73511,41
2026/07/24 16:21:06.041,2026/07/24 16:21:06.027,2026/07/24 16:21:06.056,0,GPU-e2681f6e-8d94-2d66-484f-43ea602335f9,434.23,1410,1593,100,17,73511,77
2026/07/24 16:21:06.041,2026/07/24 16:21:06.027,2026/07/24 16:21:06.056,1,GPU-713d5b24-2a1e-fd4a-7685-c3d195ff9230,244.96,1410,1593,89,35,73511,43
2026/07/24 16:21:06.291,2026/07/24 16:21:06.277,2026/07/24 16:21:06.304,0,GPU-e2681f6e-8d94-2d66-484f-43ea602335f9,436.48,1410,1593,100,16,73511,78
2026/07/24 16:21:06.291,2026/07/24 16:21:06.277,2026/07/24 16:21:06.304,1,GPU-713d5b24-2a1e-fd4a-7685-c3d195ff9230,112.36,1410,1593,84,44,73511,43
2026/07/24 16:21:06.542,2026/07/24 16:21:06.527,2026/07/24 16:21:06.556,0,GPU-e2681f6e-8d94-2d66-484f-43ea602335f9,424.16,1410,1593,100,17,73511,77
2026/07/24 16:21:06.542,2026/07/24 16:21:06.527,2026/07/24 16:21:06.556,1,GPU-713d5b24-2a1e-fd4a-7685-c3d195ff9230,247.72,1410,1593,90,39,73511,45
2026/07/24 16:21:06.791,2026/07/24 16:21:06.777,2026/07/24 16:21:06.805,0,GPU-e2681f6e-8d94-2d66-484f-43ea602335f9,414.86,1410,1593,100,13,73511,77
2026/07/24 16:21:06.791,2026/07/24 16:21:06.777,2026/07/24 16:21:06.805,1,GPU-713d5b24-2a1e-fd4a-7685-c3d195ff9230,86.17,1410,1593,71,38,73511,40
2026/07/24 16:21:07.055,2026/07/24 16:21:07.027,2026/07/24 16:21:07.084,0,GPU-e2681f6e-8d94-2d66-484f-43ea602335f9,434.70,1410,1593,100,16,73511,77
2026/07/24 16:21:07.055,2026/07/24 16:21:07.027,2026/07/24 16:21:07.084,1,GPU-713d5b24-2a1e-fd4a-7685-c3d195ff9230,238.36,1410,1593,14,0,73511,44
2026/07/24 16:21:07.289,2026/07/24 16:21:07.277,2026/07/24 16:21:07.301,0,GPU-e2681f6e-8d94-2d66-484f-43ea602335f9,416.97,1410,1593,100,13,73511,77
2026/07/24 16:21:07.289,2026/07/24 16:21:07.277,2026/07/24 16:21:07.301,1,GPU-713d5b24-2a1e-fd4a-7685-c3d195ff9230,86.49,1410,1593,36,19,73511,40
2026/07/24 16:21:07.543,2026/07/24 16:21:07.527,2026/07/24 16:21:07.558,0,GPU-e2681f6e-8d94-2d66-484f-43ea602335f9,427.78,1410,1593,100,13,73511,77
2026/07/24 16:21:07.543,2026/07/24 16:21:07.527,2026/07/24 16:21:07.558,1,GPU-713d5b24-2a1e-fd4a-7685-c3d195ff9230,85.84,1410,1593,0,0,73511,39
2026/07/24 16:21:07.793,2026/07/24 16:21:07.777,2026/07/24 16:21:07.808,0,GPU-e2681f6e-8d94-2d66-484f-43ea602335f9,426.27,1410,1593,100,17,73511,77
2026/07/24 16:21:07.793,2026/07/24 16:21:07.777,2026/07/24 16:21:07.808,1,GPU-713d5b24-2a1e-fd4a-7685-c3d195ff9230,241.14,1410,1593,100,52,73511,43
2026/07/24 16:21:08.046,2026/07/24 16:21:08.027,2026/07/24 16:21:08.064,0,GPU-e2681f6e-8d94-2d66-484f-43ea602335f9,423.24,1410,1593,100,14,73511,77
2026/07/24 16:21:08.046,2026/07/24 16:21:08.027,2026/07/24 16:21:08.064,1,GPU-713d5b24-2a1e-fd4a-7685-c3d195ff9230,239.55,1410,1593,48,25,73511,41
2026/07/24 16:21:08.292,2026/07/24 16:21:08.277,2026/07/24 16:21:08.306,0,GPU-e2681f6e-8d94-2d66-484f-43ea602335f9,427.46,1410,1593,100,18,73511,77
2026/07/24 16:21:08.292,2026/07/24 16:21:08.277,2026/07/24 16:21:08.306,1,GPU-713d5b24-2a1e-fd4a-7685-c3d195ff9230,248.91,1410,1593,62,21,73511,43
2026/07/24 16:21:08.541,2026/07/24 16:21:08.527,2026/07/24 16:21:08.554,0,GPU-e2681f6e-8d94-2d66-484f-43ea602335f9,436.94,1410,1593,100,14,73511,77
2026/07/24 16:21:08.541,2026/07/24 16:21:08.527,2026/07/24 16:21:08.554,1,GPU-713d5b24-2a1e-fd4a-7685-c3d195ff9230,87.36,1410,1593,100,52,73511,41
2026/07/24 16:21:08.791,2026/07/24 16:21:08.778,2026/07/24 16:21:08.804,0,GPU-e2681f6e-8d94-2d66-484f-43ea602335f9,445.38,1410,1593,100,14,73511,77
2026/07/24 16:21:08.791,2026/07/24 16:21:08.778,2026/07/24 16:21:08.804,1,GPU-713d5b24-2a1e-fd4a-7685-c3d195ff9230,238.04,1410,1593,14,7,73511,42
2026/07/24 16:21:09.040,2026/07/24 16:21:09.028,2026/07/24 16:21:09.053,0,GPU-e2681f6e-8d94-2d66-484f-43ea602335f9,425.52,1410,1593,100,17,73511,77
2026/07/24 16:21:09.040,2026/07/24 16:21:09.028,2026/07/24 16:21:09.053,1,GPU-713d5b24-2a1e-fd4a-7685-c3d195ff9230,251.03,1410,1593,100,52,73511,45
2026/07/24 16:21:09.292,2026/07/24 16:21:09.278,2026/07/24 16:21:09.307,0,GPU-e2681f6e-8d94-2d66-484f-43ea602335f9,432.72,1410,1593,100,14,73511,78
2026/07/24 16:21:09.292,2026/07/24 16:21:09.278,2026/07/24 16:21:09.307,1,GPU-713d5b24-2a1e-fd4a-7685-c3d195ff9230,95.53,1410,1593,36,13,73511,43
2026/07/24 16:21:09.540,2026/07/24 16:21:09.528,2026/07/24 16:21:09.553,0,GPU-e2681f6e-8d94-2d66-484f-43ea602335f9,427.78,1410,1593,100,16,73511,77
2026/07/24 16:21:09.540,2026/07/24 16:21:09.528,2026/07/24 16:21:09.553,1,GPU-713d5b24-2a1e-fd4a-7685-c3d195ff9230,248.91,1410,1593,97,47,73511,44
2026/07/24 16:21:09.792,2026/07/24 16:21:09.778,2026/07/24 16:21:09.805,0,GPU-e2681f6e-8d94-2d66-484f-43ea602335f9,426.27,1410,1593,100,13,73511,77
2026/07/24 16:21:09.792,2026/07/24 16:21:09.778,2026/07/24 16:21:09.805,1,GPU-713d5b24-2a1e-fd4a-7685-c3d195ff9230,85.57,1410,1593,61,32,73511,40
2026/07/24 16:21:10.041,2026/07/24 16:21:10.028,2026/07/24 16:21:10.055,0,GPU-e2681f6e-8d94-2d66-484f-43ea602335f9,438.60,1410,1593,100,17,73511,77
2026/07/24 16:21:10.041,2026/07/24 16:21:10.028,2026/07/24 16:21:10.055,1,GPU-713d5b24-2a1e-fd4a-7685-c3d195ff9230,211.51,1410,1593,38,8,73511,40
2026/07/24 16:21:10.292,2026/07/24 16:21:10.278,2026/07/24 16:21:10.305,0,GPU-e2681f6e-8d94-2d66-484f-43ea602335f9,424.48,1410,1593,100,15,73511,77
2026/07/24 16:21:10.292,2026/07/24 16:21:10.278,2026/07/24 16:21:10.305,1,GPU-713d5b24-2a1e-fd4a-7685-c3d195ff9230,245.88,1410,1593,100,52,73511,44
2026/07/24 16:21:10.544,2026/07/24 16:21:10.528,2026/07/24 16:21:10.560,0,GPU-e2681f6e-8d94-2d66-484f-43ea602335f9,432.00,1410,1593,100,18,73511,77
2026/07/24 16:21:10.544,2026/07/24 16:21:10.528,2026/07/24 16:21:10.560,1,GPU-713d5b24-2a1e-fd4a-7685-c3d195ff9230,242.91,1410,1593,100,45,73511,45
2026/07/24 16:21:10.793,2026/07/24 16:21:10.778,2026/07/24 16:21:10.809,0,GPU-e2681f6e-8d94-2d66-484f-43ea602335f9,421.78,1410,1593,100,15,73511,77
2026/07/24 16:21:10.793,2026/07/24 16:21:10.778,2026/07/24 16:21:10.809,1,GPU-713d5b24-2a1e-fd4a-7685-c3d195ff9230,89.46,1410,1593,100,53,73511,41
2026/07/24 16:21:11.045,2026/07/24 16:21:11.028,2026/07/24 16:21:11.062,0,GPU-e2681f6e-8d94-2d66-484f-43ea602335f9,425.99,1410,1593,100,12,73511,77
2026/07/24 16:21:11.045,2026/07/24 16:21:11.028,2026/07/24 16:21:11.062,1,GPU-713d5b24-2a1e-fd4a-7685-c3d195ff9230,85.57,1410,1593,20,11,73511,40
2026/07/24 16:21:11.293,2026/07/24 16:21:11.278,2026/07/24 16:21:11.308,0,GPU-e2681f6e-8d94-2d66-484f-43ea602335f9,433.51,1410,1593,100,16,73511,77
2026/07/24 16:21:11.293,2026/07/24 16:21:11.278,2026/07/24 16:21:11.308,1,GPU-713d5b24-2a1e-fd4a-7685-c3d195ff9230,237.44,1410,1593,80,29,73511,43
2026/07/24 16:21:11.545,2026/07/24 16:21:11.528,2026/07/24 16:21:11.562,0,GPU-e2681f6e-8d94-2d66-484f-43ea602335f9,444.92,1410,1593,100,16,73511,78
2026/07/24 16:21:11.545,2026/07/24 16:21:11.528,2026/07/24 16:21:11.562,1,GPU-713d5b24-2a1e-fd4a-7685-c3d195ff9230,246.21,1410,1593,100,52,73511,43
2026/07/24 16:21:11.793,2026/07/24 16:21:11.778,2026/07/24 16:21:11.807,0,GPU-e2681f6e-8d94-2d66-484f-43ea602335f9,428.82,1410,1593,100,17,73511,77
2026/07/24 16:21:11.793,2026/07/24 16:21:11.778,2026/07/24 16:21:11.807,1,GPU-713d5b24-2a1e-fd4a-7685-c3d195ff9230,244.69,1410,1593,100,46,73511,45
2026/07/24 16:21:12.042,2026/07/24 16:21:12.028,2026/07/24 16:21:12.055,0,GPU-e2681f6e-8d94-2d66-484f-43ea602335f9,434.70,1410,1593,100,15,73511,77
2026/07/24 16:21:12.042,2026/07/24 16:21:12.028,2026/07/24 16:21:12.055,1,GPU-713d5b24-2a1e-fd4a-7685-c3d195ff9230,93.69,1410,1593,100,53,73511,42
2026/07/24 16:21:12.296,2026/07/24 16:21:12.278,2026/07/24 16:21:12.313,0,GPU-e2681f6e-8d94-2d66-484f-43ea602335f9,422.38,1410,1593,100,15,73511,77
2026/07/24 16:21:12.296,2026/07/24 16:21:12.278,2026/07/24 16:21:12.313,1,GPU-713d5b24-2a1e-fd4a-7685-c3d195ff9230,245.36,1410,1593,100,52,73511,45
2026/07/24 16:21:12.545,2026/07/24 16:21:12.528,2026/07/24 16:21:12.561,0,GPU-e2681f6e-8d94-2d66-484f-43ea602335f9,431.08,1410,1593,100,15,73511,77
2026/07/24 16:21:12.545,2026/07/24 16:21:12.528,2026/07/24 16:21:12.561,1,GPU-713d5b24-2a1e-fd4a-7685-c3d195ff9230,85.57,1410,1593,65,35,73511,41
2026/07/24 16:21:12.796,2026/07/24 16:21:12.779,2026/07/24 16:21:12.813,0,GPU-e2681f6e-8d94-2d66-484f-43ea602335f9,432.00,1410,1593,100,17,73511,77
2026/07/24 16:21:12.796,2026/07/24 16:21:12.779,2026/07/24 16:21:12.813,1,GPU-713d5b24-2a1e-fd4a-7685-c3d195ff9230,246.48,1410,1593,49,16,73511,44
2026/07/24 16:21:13.044,2026/07/24 16:21:13.029,2026/07/24 16:21:13.059,0,GPU-e2681f6e-8d94-2d66-484f-43ea602335f9,425.67,1410,1593,100,13,73511,77
2026/07/24 16:21:13.044,2026/07/24 16:21:13.029,2026/07/24 16:21:13.059,1,GPU-713d5b24-2a1e-fd4a-7685-c3d195ff9230,115.99,1410,1593,34,18,73511,41
2026/07/24 16:21:13.294,2026/07/24 16:21:13.279,2026/07/24 16:21:13.310,0,GPU-e2681f6e-8d94-2d66-484f-43ea602335f9,451.25,1410,1593,100,12,73511,77
2026/07/24 16:21:13.294,2026/07/24 16:21:13.279,2026/07/24 16:21:13.310,1,GPU-713d5b24-2a1e-fd4a-7685-c3d195ff9230,103.97,1410,1593,29,2,73511,42
2026/07/24 16:21:13.569,2026/07/24 16:21:13.529,2026/07/24 16:21:13.609,0,GPU-e2681f6e-8d94-2d66-484f-43ea602335f9,428.97,1410,1593,100,15,73511,77
2026/07/24 16:21:13.569,2026/07/24 16:21:13.529,2026/07/24 16:21:13.609,1,GPU-713d5b24-2a1e-fd4a-7685-c3d195ff9230,92.82,1410,1593,100,52,73511,41
2026/07/24 16:21:13.795,2026/07/24 16:21:13.779,2026/07/24 16:21:13.811,0,GPU-e2681f6e-8d94-2d66-484f-43ea602335f9,429.57,1410,1593,100,12,73511,77
2026/07/24 16:21:13.795,2026/07/24 16:21:13.779,2026/07/24 16:21:13.811,1,GPU-713d5b24-2a1e-fd4a-7685-c3d195ff9230,85.25,1410,1593,20,10,73511,40
2026/07/24 16:21:14.047,2026/07/24 16:21:14.029,2026/07/24 16:21:14.066,0,GPU-e2681f6e-8d94-2d66-484f-43ea602335f9,440.11,1410,1593,100,17,73511,77
2026/07/24 16:21:14.047,2026/07/24 16:21:14.029,2026/07/24 16:21:14.066,1,GPU-713d5b24-2a1e-fd4a-7685-c3d195ff9230,240.47,1410,1593,89,35,73511,42
2026/07/24 16:21:14.294,2026/07/24 16:21:14.279,2026/07/24 16:21:14.310,0,GPU-e2681f6e-8d94-2d66-484f-43ea602335f9,421.78,1410,1593,100,13,73511,77
2026/07/24 16:21:14.294,2026/07/24 16:21:14.279,2026/07/24 16:21:14.310,1,GPU-713d5b24-2a1e-fd4a-7685-c3d195ff9230,238.96,1410,1593,100,52,73511,43
2026/07/24 16:21:14.543,2026/07/24 16:21:14.529,2026/07/24 16:21:14.558,0,GPU-e2681f6e-8d94-2d66-484f-43ea602335f9,436.22,1410,1593,100,13,73511,77
2026/07/24 16:21:14.543,2026/07/24 16:21:14.529,2026/07/24 16:21:14.558,1,GPU-713d5b24-2a1e-fd4a-7685-c3d195ff9230,85.25,1410,1593,12,6,73511,40
2026/07/24 16:21:14.793,2026/07/24 16:21:14.779,2026/07/24 16:21:14.806,0,GPU-e2681f6e-8d94-2d66-484f-43ea602335f9,432.27,1410,1593,100,17,73511,77
2026/07/24 16:21:14.793,2026/07/24 16:21:14.779,2026/07/24 16:21:14.806,1,GPU-713d5b24-2a1e-fd4a-7685-c3d195ff9230,241.07,1410,1593,19,0,73511,43
2026/07/24 16:21:15.043,2026/07/24 16:21:15.029,2026/07/24 16:21:15.057,0,GPU-e2681f6e-8d94-2d66-484f-43ea602335f9,448.54,1410,1593,100,15,73511,77
2026/07/24 16:21:15.043,2026/07/24 16:21:15.029,2026/07/24 16:21:15.057,1,GPU-713d5b24-2a1e-fd4a-7685-c3d195ff9230,97.32,1410,1593,95,47,73511,41
2026/07/24 16:21:15.295,2026/07/24 16:21:15.279,2026/07/24 16:21:15.311,0,GPU-e2681f6e-8d94-2d66-484f-43ea602335f9,422.97,1410,1593,100,15,73511,77
2026/07/24 16:21:15.295,2026/07/24 16:21:15.279,2026/07/24 16:21:15.311,1,GPU-713d5b24-2a1e-fd4a-7685-c3d195ff9230,246.21,1410,1593,100,53,73511,44
2026/07/24 16:21:15.546,2026/07/24 16:21:15.530,2026/07/24 16:21:15.562,0,GPU-e2681f6e-8d94-2d66-484f-43ea602335f9,442.21,1410,1593,100,16,73511,77
2026/07/24 16:21:15.546,2026/07/24 16:21:15.530,2026/07/24 16:21:15.562,1,GPU-713d5b24-2a1e-fd4a-7685-c3d195ff9230,122.32,1410,1593,86,45,73511,41
2026/07/24 16:21:15.796,2026/07/24 16:21:15.780,2026/07/24 16:21:15.812,0,GPU-e2681f6e-8d94-2d66-484f-43ea602335f9,432.27,1410,1593,100,17,73511,77
2026/07/24 16:21:15.796,2026/07/24 16:21:15.780,2026/07/24 16:21:15.812,1,GPU-713d5b24-2a1e-fd4a-7685-c3d195ff9230,242.00,1410,1593,55,20,73511,44
2026/07/24 16:21:16.044,2026/07/24 16:21:16.030,2026/07/24 16:21:16.058,0,GPU-e2681f6e-8d94-2d66-484f-43ea602335f9,441.35,1410,1593,100,16,73511,78
2026/07/24 16:21:16.044,2026/07/24 16:21:16.030,2026/07/24 16:21:16.058,1,GPU-713d5b24-2a1e-fd4a-7685-c3d195ff9230,94.88,1410,1593,92,49,73511,44
2026/07/24 16:21:16.295,2026/07/24 16:21:16.280,2026/07/24 16:21:16.310,0,GPU-e2681f6e-8d94-2d66-484f-43ea602335f9,429.30,1410,1593,100,14,73511,77
2026/07/24 16:21:16.295,2026/07/24 16:21:16.280,2026/07/24 16:21:16.310,1,GPU-713d5b24-2a1e-fd4a-7685-c3d195ff9230,245.29,1410,1593,59,23,73511,45
2026/07/24 16:21:16.545,2026/07/24 16:21:16.530,2026/07/24 16:21:16.559,0,GPU-e2681f6e-8d94-2d66-484f-43ea602335f9,433.78,1410,1593,100,16,73511,77
2026/07/24 16:21:16.545,2026/07/24 16:21:16.530,2026/07/24 16:21:16.559,1,GPU-713d5b24-2a1e-fd4a-7685-c3d195ff9230,85.84,1410,1593,14,8,73511,41
2026/07/24 16:21:16.795,2026/07/24 16:21:16.780,2026/07/24 16:21:16.810,0,GPU-e2681f6e-8d94-2d66-484f-43ea602335f9,422.49,1410,1593,100,16,73511,77
2026/07/24 16:21:16.795,2026/07/24 16:21:16.780,2026/07/24 16:21:16.810,1,GPU-713d5b24-2a1e-fd4a-7685-c3d195ff9230,246.48,1410,1593,74,28,73511,44
2026/07/24 16:21:17.046,2026/07/24 16:21:17.030,2026/07/24 16:21:17.061,0,GPU-e2681f6e-8d94-2d66-484f-43ea602335f9,429.89,1410,1593,100,13,73511,77
2026/07/24 16:21:17.046,2026/07/24 16:21:17.030,2026/07/24 16:21:17.061,1,GPU-713d5b24-2a1e-fd4a-7685-c3d195ff9230,88.27,1410,1593,18,10,73511,42
2026/07/24 16:21:17.295,2026/07/24 16:21:17.280,2026/07/24 16:21:17.310,0,GPU-e2681f6e-8d94-2d66-484f-43ea602335f9,431.40,1410,1593,100,13,73511,77
2026/07/24 16:21:17.295,2026/07/24 16:21:17.280,2026/07/24 16:21:17.310,1,GPU-713d5b24-2a1e-fd4a-7685-c3d195ff9230,99.10,1410,1593,68,23,73511,43
2026/07/24 16:21:17.546,2026/07/24 16:21:17.530,2026/07/24 16:21:17.561,0,GPU-e2681f6e-8d94-2d66-484f-43ea602335f9,427.18,1410,1593,100,14,73511,77
2026/07/24 16:21:17.546,2026/07/24 16:21:17.530,2026/07/24 16:21:17.561,1,GPU-713d5b24-2a1e-fd4a-7685-c3d195ff9230,118.10,1410,1593,100,52,73511,44
2026/07/24 16:21:17.795,2026/07/24 16:21:17.780,2026/07/24 16:21:17.810,0,GPU-e2681f6e-8d94-2d66-484f-43ea602335f9,427.04,1410,1593,100,13,73511,77
2026/07/24 16:21:17.795,2026/07/24 16:21:17.780,2026/07/24 16:21:17.810,1,GPU-713d5b24-2a1e-fd4a-7685-c3d195ff9230,85.57,1410,1593,36,19,73511,40
2026/07/24 16:21:18.045,2026/07/24 16:21:18.030,2026/07/24 16:21:18.059,0,GPU-e2681f6e-8d94-2d66-484f-43ea602335f9,428.70,1410,1593,100,18,73511,77
2026/07/24 16:21:18.045,2026/07/24 16:21:18.030,2026/07/24 16:21:18.059,1,GPU-713d5b24-2a1e-fd4a-7685-c3d195ff9230,238.69,1410,1593,22,0,73511,43
2026/07/24 16:21:18.297,2026/07/24 16:21:18.280,2026/07/24 16:21:18.313,0,GPU-e2681f6e-8d94-2d66-484f-43ea602335f9,434.38,1410,1593,100,15,73511,78
2026/07/24 16:21:18.297,2026/07/24 16:21:18.280,2026/07/24 16:21:18.313,1,GPU-713d5b24-2a1e-fd4a-7685-c3d195ff9230,216.33,1410,1593,79,33,73511,44
2026/07/24 16:21:18.546,2026/07/24 16:21:18.531,2026/07/24 16:21:18.562,0,GPU-e2681f6e-8d94-2d66-484f-43ea602335f9,428.70,1410,1593,100,15,73511,77
2026/07/24 16:21:18.546,2026/07/24 16:21:18.531,2026/07/24 16:21:18.562,1,GPU-713d5b24-2a1e-fd4a-7685-c3d195ff9230,97.32,1410,1593,100,53,73511,45
2026/07/24 16:21:18.796,2026/07/24 16:21:18.781,2026/07/24 16:21:18.812,0,GPU-e2681f6e-8d94-2d66-484f-43ea602335f9,438.00,1410,1593,100,17,73511,77
2026/07/24 16:21:18.796,2026/07/24 16:21:18.781,2026/07/24 16:21:18.812,1,GPU-713d5b24-2a1e-fd4a-7685-c3d195ff9230,245.29,1410,1593,55,20,73511,44
2026/07/24 16:21:19.046,2026/07/24 16:21:19.031,2026/07/24 16:21:19.062,0,GPU-e2681f6e-8d94-2d66-484f-43ea602335f9,447.03,1410,1593,100,15,73511,77
2026/07/24 16:21:19.046,2026/07/24 16:21:19.031,2026/07/24 16:21:19.062,1,GPU-713d5b24-2a1e-fd4a-7685-c3d195ff9230,243.77,1410,1593,100,53,73511,43
2026/07/24 16:21:19.295,2026/07/24 16:21:19.281,2026/07/24 16:21:19.310,0,GPU-e2681f6e-8d94-2d66-484f-43ea602335f9,421.45,1410,1593,100,17,73511,77
2026/07/24 16:21:19.295,2026/07/24 16:21:19.281,2026/07/24 16:21:19.310,1,GPU-713d5b24-2a1e-fd4a-7685-c3d195ff9230,245.29,1410,1593,100,53,73511,45
2026/07/24 16:21:19.546,2026/07/24 16:21:19.531,2026/07/24 16:21:19.561,0,GPU-e2681f6e-8d94-2d66-484f-43ea602335f9,426.59,1410,1593,100,15,73511,77
2026/07/24 16:21:19.546,2026/07/24 16:21:19.531,2026/07/24 16:21:19.561,1,GPU-713d5b24-2a1e-fd4a-7685-c3d195ff9230,93.69,1410,1593,75,40,73511,42
2026/07/24 16:21:19.795,2026/07/24 16:21:19.781,2026/07/24 16:21:19.809,0,GPU-e2681f6e-8d94-2d66-484f-43ea602335f9,434.70,1410,1593,100,12,73511,77
2026/07/24 16:21:19.795,2026/07/24 16:21:19.781,2026/07/24 16:21:19.809,1,GPU-713d5b24-2a1e-fd4a-7685-c3d195ff9230,85.84,1410,1593,0,0,73511,40
2026/07/24 16:21:20.046,2026/07/24 16:21:20.031,2026/07/24 16:21:20.060,0,GPU-e2681f6e-8d94-2d66-484f-43ea602335f9,429.89,1410,1593,100,18,73511,77
2026/07/24 16:21:20.046,2026/07/24 16:21:20.031,2026/07/24 16:21:20.060,1,GPU-713d5b24-2a1e-fd4a-7685-c3d195ff9230,241.07,1410,1593,50,13,73511,44
2026/07/24 16:21:20.295,2026/07/24 16:21:20.281,2026/07/24 16:21:20.310,0,GPU-e2681f6e-8d94-2d66-484f-43ea602335f9,426.71,1410,1593,100,13,73511,77
2026/07/24 16:21:20.295,2026/07/24 16:21:20.281,2026/07/24 16:21:20.310,1,GPU-713d5b24-2a1e-fd4a-7685-c3d195ff9230,240.47,1410,1593,100,52,73511,42
2026/07/24 16:21:20.547,2026/07/24 16:21:20.531,2026/07/24 16:21:20.563,0,GPU-e2681f6e-8d94-2d66-484f-43ea602335f9,432.72,1410,1593,100,18,73511,77
2026/07/24 16:21:20.547,2026/07/24 16:21:20.531,2026/07/24 16:21:20.563,1,GPU-713d5b24-2a1e-fd4a-7685-c3d195ff9230,244.10,1410,1593,66,23,73511,44
2026/07/24 16:21:20.795,2026/07/24 16:21:20.781,2026/07/24 16:21:20.809,0,GPU-e2681f6e-8d94-2d66-484f-43ea602335f9,418.16,1410,1593,100,14,73511,77
2026/07/24 16:21:20.795,2026/07/24 16:21:20.781,2026/07/24 16:21:20.809,1,GPU-713d5b24-2a1e-fd4a-7685-c3d195ff9230,237.77,1410,1593,100,52,73511,42
2026/07/24 16:21:21.045,2026/07/24 16:21:21.031,2026/07/24 16:21:21.059,0,GPU-e2681f6e-8d94-2d66-484f-43ea602335f9,428.11,1410,1593,100,13,73511,77
2026/07/24 16:21:21.045,2026/07/24 16:21:21.031,2026/07/24 16:21:21.059,1,GPU-713d5b24-2a1e-fd4a-7685-c3d195ff9230,85.57,1410,1593,19,10,73511,40
2026/07/24 16:21:21.296,2026/07/24 16:21:21.281,2026/07/24 16:21:21.310,0,GPU-e2681f6e-8d94-2d66-484f-43ea602335f9,429.30,1410,1593,100,15,73511,77
2026/07/24 16:21:21.296,2026/07/24 16:21:21.281,2026/07/24 16:21:21.310,1,GPU-713d5b24-2a1e-fd4a-7685-c3d195ff9230,233.82,1410,1593,96,37,73511,43
2026/07/24 16:21:21.546,2026/07/24 16:21:21.531,2026/07/24 16:21:21.561,0,GPU-e2681f6e-8d94-2d66-484f-43ea602335f9,417.67,1410,1593,100,13,73511,77
2026/07/24 16:21:21.546,2026/07/24 16:21:21.531,2026/07/24 16:21:21.561,1,GPU-713d5b24-2a1e-fd4a-7685-c3d195ff9230,242.58,1410,1593,100,52,73511,45
2026/07/24 16:21:21.798,2026/07/24 16:21:21.781,2026/07/24 16:21:21.814,0,GPU-e2681f6e-8d94-2d66-484f-43ea602335f9,418.16,1410,1593,100,12,73511,77
2026/07/24 16:21:21.798,2026/07/24 16:21:21.781,2026/07/24 16:21:21.814,1,GPU-713d5b24-2a1e-fd4a-7685-c3d195ff9230,85.25,1410,1593,9,5,73511,40
2026/07/24 16:21:22.047,2026/07/24 16:21:22.032,2026/07/24 16:21:22.063,0,GPU-e2681f6e-8d94-2d66-484f-43ea602335f9,428.11,1410,1593,100,17,73511,77
2026/07/24 16:21:22.047,2026/07/24 16:21:22.032,2026/07/24 16:21:22.063,1,GPU-713d5b24-2a1e-fd4a-7685-c3d195ff9230,242.58,1410,1593,27,1,73511,43
2026/07/24 16:21:22.298,2026/07/24 16:21:22.282,2026/07/24 16:21:22.315,0,GPU-e2681f6e-8d94-2d66-484f-43ea602335f9,416.32,1410,1593,100,15,73511,77
2026/07/24 16:21:22.298,2026/07/24 16:21:22.282,2026/07/24 16:21:22.315,1,GPU-713d5b24-2a1e-fd4a-7685-c3d195ff9230,149.16,1410,1593,90,46,73511,43
2026/07/24 16:21:22.547,2026/07/24 16:21:22.532,2026/07/24 16:21:22.561,0,GPU-e2681f6e-8d94-2d66-484f-43ea602335f9,422.38,1410,1593,100,13,73511,77
2026/07/24 16:21:22.547,2026/07/24 16:21:22.532,2026/07/24 16:21:22.561,1,GPU-713d5b24-2a1e-fd4a-7685-c3d195ff9230,85.57,1410,1593,0,0,73511,40
2026/07/24 16:21:22.796,2026/07/24 16:21:22.782,2026/07/24 16:21:22.810,0,GPU-e2681f6e-8d94-2d66-484f-43ea602335f9,428.38,1410,1593,100,17,73511,77
2026/07/24 16:21:22.796,2026/07/24 16:21:22.782,2026/07/24 16:21:22.810,1,GPU-713d5b24-2a1e-fd4a-7685-c3d195ff9230,240.47,1410,1593,54,15,73511,43
2026/07/24 16:21:23.047,2026/07/24 16:21:23.032,2026/07/24 16:21:23.061,0,GPU-e2681f6e-8d94-2d66-484f-43ea602335f9,432.27,1410,1593,100,14,73511,77
2026/07/24 16:21:23.047,2026/07/24 16:21:23.032,2026/07/24 16:21:23.061,1,GPU-713d5b24-2a1e-fd4a-7685-c3d195ff9230,245.29,1410,1593,100,52,73511,42
2026/07/24 16:21:23.299,2026/07/24 16:21:23.282,2026/07/24 16:21:23.316,0,GPU-e2681f6e-8d94-2d66-484f-43ea602335f9,428.38,1410,1593,100,16,73511,77
2026/07/24 16:21:23.299,2026/07/24 16:21:23.282,2026/07/24 16:21:23.316,1,GPU-713d5b24-2a1e-fd4a-7685-c3d195ff9230,244.12,1410,1593,86,35,73511,43
2026/07/24 16:21:23.548,2026/07/24 16:21:23.532,2026/07/24 16:21:23.564,0,GPU-e2681f6e-8d94-2d66-484f-43ea602335f9,419.94,1410,1593,100,16,73511,77
2026/07/24 16:21:23.548,2026/07/24 16:21:23.532,2026/07/24 16:21:23.564,1,GPU-713d5b24-2a1e-fd4a-7685-c3d195ff9230,91.31,1410,1593,74,39,73511,42
2026/07/24 16:21:23.796,2026/07/24 16:21:23.782,2026/07/24 16:21:23.810,0,GPU-e2681f6e-8d94-2d66-484f-43ea602335f9,429.30,1410,1593,100,17,73511,77
2026/07/24 16:21:23.796,2026/07/24 16:21:23.782,2026/07/24 16:21:23.810,1,GPU-713d5b24-2a1e-fd4a-7685-c3d195ff9230,245.62,1410,1593,84,36,73511,45
2026/07/24 16:21:24.047,2026/07/24 16:21:24.032,2026/07/24 16:21:24.063,0,GPU-e2681f6e-8d94-2d66-484f-43ea602335f9,426.59,1410,1593,100,14,73511,77
2026/07/24 16:21:24.047,2026/07/24 16:21:24.032,2026/07/24 16:21:24.063,1,GPU-713d5b24-2a1e-fd4a-7685-c3d195ff9230,86.49,1410,1593,95,51,73511,41
2026/07/24 16:21:24.297,2026/07/24 16:21:24.282,2026/07/24 16:21:24.312,0,GPU-e2681f6e-8d94-2d66-484f-43ea602335f9,443.14,1410,1593,100,12,73511,77
2026/07/24 16:21:24.297,2026/07/24 16:21:24.282,2026/07/24 16:21:24.312,1,GPU-713d5b24-2a1e-fd4a-7685-c3d195ff9230,85.25,1410,1593,0,0,73511,40
2026/07/24 16:21:24.547,2026/07/24 16:21:24.532,2026/07/24 16:21:24.562,0,GPU-e2681f6e-8d94-2d66-484f-43ea602335f9,431.40,1410,1593,100,16,73511,77
2026/07/24 16:21:24.547,2026/07/24 16:21:24.532,2026/07/24 16:21:24.562,1,GPU-713d5b24-2a1e-fd4a-7685-c3d195ff9230,238.36,1410,1593,97,42,73511,43
2026/07/24 16:21:24.797,2026/07/24 16:21:24.782,2026/07/24 16:21:24.812,0,GPU-e2681f6e-8d94-2d66-484f-43ea602335f9,419.94,1410,1593,100,13,73511,77
2026/07/24 16:21:24.797,2026/07/24 16:21:24.782,2026/07/24 16:21:24.812,1,GPU-713d5b24-2a1e-fd4a-7685-c3d195ff9230,101.86,1410,1593,81,42,73511,41
2026/07/24 16:21:25.047,2026/07/24 16:21:25.032,2026/07/24 16:21:25.062,0,GPU-e2681f6e-8d94-2d66-484f-43ea602335f9,438.92,1410,1593,100,14,73511,77
2026/07/24 16:21:25.047,2026/07/24 16:21:25.032,2026/07/24 16:21:25.062,1,GPU-713d5b24-2a1e-fd4a-7685-c3d195ff9230,85.25,1410,1593,0,0,73511,40
2026/07/24 16:21:25.297,2026/07/24 16:21:25.282,2026/07/24 16:21:25.311,0,GPU-e2681f6e-8d94-2d66-484f-43ea602335f9,423.57,1410,1593,100,17,73511,77
2026/07/24 16:21:25.297,2026/07/24 16:21:25.282,2026/07/24 16:21:25.311,1,GPU-713d5b24-2a1e-fd4a-7685-c3d195ff9230,245.29,1410,1593,44,11,73511,44
2026/07/24 16:21:25.548,2026/07/24 16:21:25.533,2026/07/24 16:21:25.563,0,GPU-e2681f6e-8d94-2d66-484f-43ea602335f9,417.24,1410,1593,100,13,73511,77
2026/07/24 16:21:25.548,2026/07/24 16:21:25.533,2026/07/24 16:21:25.563,1,GPU-713d5b24-2a1e-fd4a-7685-c3d195ff9230,85.57,1410,1593,98,51,73511,40
2026/07/24 16:21:25.799,2026/07/24 16:21:25.783,2026/07/24 16:21:25.815,0,GPU-e2681f6e-8d94-2d66-484f-43ea602335f9,430.81,1410,1593,100,18,73511,77
2026/07/24 16:21:25.799,2026/07/24 16:21:25.783,2026/07/24 16:21:25.815,1,GPU-713d5b24-2a1e-fd4a-7685-c3d195ff9230,236.60,1410,1593,56,17,73511,43
2026/07/24 16:21:26.050,2026/07/24 16:21:26.033,2026/07/24 16:21:26.068,0,GPU-e2681f6e-8d94-2d66-484f-43ea602335f9,447.62,1410,1593,100,14,73511,77
2026/07/24 16:21:26.050,2026/07/24 16:21:26.033,2026/07/24 16:21:26.068,1,GPU-713d5b24-2a1e-fd4a-7685-c3d195ff9230,97.91,1410,1593,87,45,73511,42
2026/07/24 16:21:26.298,2026/07/24 16:21:26.283,2026/07/24 16:21:26.314,0,GPU-e2681f6e-8d94-2d66-484f-43ea602335f9,424.76,1410,1593,100,19,73511,77
2026/07/24 16:21:26.298,2026/07/24 16:21:26.283,2026/07/24 16:21:26.314,1,GPU-713d5b24-2a1e-fd4a-7685-c3d195ff9230,245.29,1410,1593,100,53,73511,45
2026/07/24 16:21:26.547,2026/07/24 16:21:26.533,2026/07/24 16:21:26.561,0,GPU-e2681f6e-8d94-2d66-484f-43ea602335f9,418.16,1410,1593,100,13,73511,77
2026/07/24 16:21:26.547,2026/07/24 16:21:26.533,2026/07/24 16:21:26.561,1,GPU-713d5b24-2a1e-fd4a-7685-c3d195ff9230,88.60,1410,1593,19,10,73511,41
2026/07/24 16:21:26.798,2026/07/24 16:21:26.783,2026/07/24 16:21:26.813,0,GPU-e2681f6e-8d94-2d66-484f-43ea602335f9,442.55,1410,1593,100,17,73511,77
2026/07/24 16:21:26.798,2026/07/24 16:21:26.783,2026/07/24 16:21:26.813,1,GPU-713d5b24-2a1e-fd4a-7685-c3d195ff9230,247.40,1410,1593,19,0,73511,40
2026/07/24 16:21:27.047,2026/07/24 16:21:27.033,2026/07/24 16:21:27.062,0,GPU-e2681f6e-8d94-2d66-484f-43ea602335f9,428.38,1410,1593,100,15,73511,77
2026/07/24 16:21:27.047,2026/07/24 16:21:27.033,2026/07/24 16:21:27.062,1,GPU-713d5b24-2a1e-fd4a-7685-c3d195ff9230,244.37,1410,1593,98,50,73511,44
2026/07/24 16:21:27.301,2026/07/24 16:21:27.283,2026/07/24 16:21:27.319,0,GPU-e2681f6e-8d94-2d66-484f-43ea602335f9,428.11,1410,1593,100,13,73511,77
2026/07/24 16:21:27.301,2026/07/24 16:21:27.283,2026/07/24 16:21:27.319,1,GPU-713d5b24-2a1e-fd4a-7685-c3d195ff9230,96.72,1410,1593,76,40,73511,40
2026/07/24 16:21:27.552,2026/07/24 16:21:27.533,2026/07/24 16:21:27.570,0,GPU-e2681f6e-8d94-2d66-484f-43ea602335f9,420.86,1410,1593,100,17,73511,77
2026/07/24 16:21:27.552,2026/07/24 16:21:27.533,2026/07/24 16:21:27.570,1,GPU-713d5b24-2a1e-fd4a-7685-c3d195ff9230,247.40,1410,1593,100,52,73511,44
2026/07/24 16:21:27.799,2026/07/24 16:21:27.783,2026/07/24 16:21:27.815,0,GPU-e2681f6e-8d94-2d66-484f-43ea602335f9,424.16,1410,1593,100,14,73511,77
2026/07/24 16:21:27.799,2026/07/24 16:21:27.783,2026/07/24 16:21:27.815,1,GPU-713d5b24-2a1e-fd4a-7685-c3d195ff9230,85.84,1410,1593,84,44,73511,42
2026/07/24 16:21:28.048,2026/07/24 16:21:28.033,2026/07/24 16:21:28.062,0,GPU-e2681f6e-8d94-2d66-484f-43ea602335f9,425.99,1410,1593,100,17,73511,77
2026/07/24 16:21:28.048,2026/07/24 16:21:28.033,2026/07/24 16:21:28.062,1,GPU-713d5b24-2a1e-fd4a-7685-c3d195ff9230,242.91,1410,1593,42,11,73511,44
2026/07/24 16:21:28.298,2026/07/24 16:21:28.283,2026/07/24 16:21:28.312,0,GPU-e2681f6e-8d94-2d66-484f-43ea602335f9,435.03,1410,1593,100,15,73511,77
2026/07/24 16:21:28.298,2026/07/24 16:21:28.283,2026/07/24 16:21:28.312,1,GPU-713d5b24-2a1e-fd4a-7685-c3d195ff9230,86.76,1410,1593,98,51,73511,43
2026/07/24 16:21:28.548,2026/07/24 16:21:28.533,2026/07/24 16:21:28.562,0,GPU-e2681f6e-8d94-2d66-484f-43ea602335f9,428.70,1410,1593,100,18,73511,77
2026/07/24 16:21:28.548,2026/07/24 16:21:28.533,2026/07/24 16:21:28.562,1,GPU-713d5b24-2a1e-fd4a-7685-c3d195ff9230,245.62,1410,1593,100,53,73511,44
2026/07/24 16:21:28.799,2026/07/24 16:21:28.783,2026/07/24 16:21:28.815,0,GPU-e2681f6e-8d94-2d66-484f-43ea602335f9,435.89,1410,1593,100,14,73511,77
2026/07/24 16:21:28.799,2026/07/24 16:21:28.783,2026/07/24 16:21:28.815,1,GPU-713d5b24-2a1e-fd4a-7685-c3d195ff9230,85.84,1410,1593,28,15,73511,42
2026/07/24 16:21:29.049,2026/07/24 16:21:29.033,2026/07/24 16:21:29.065,0,GPU-e2681f6e-8d94-2d66-484f-43ea602335f9,422.65,1410,1593,100,15,73511,77
2026/07/24 16:21:29.049,2026/07/24 16:21:29.033,2026/07/24 16:21:29.065,1,GPU-713d5b24-2a1e-fd4a-7685-c3d195ff9230,184.40,1410,1593,93,40,73511,44
2026/07/24 16:21:29.299,2026/07/24 16:21:29.284,2026/07/24 16:21:29.314,0,GPU-e2681f6e-8d94-2d66-484f-43ea602335f9,438.33,1410,1593,100,13,73511,77
2026/07/24 16:21:29.299,2026/07/24 16:21:29.284,2026/07/24 16:21:29.314,1,GPU-713d5b24-2a1e-fd4a-7685-c3d195ff9230,85.66,1410,1593,43,23,73511,40
2026/07/24 16:21:29.547,2026/07/24 16:21:29.534,2026/07/24 16:21:29.561,0,GPU-e2681f6e-8d94-2d66-484f-43ea602335f9,432.27,1410,1593,100,16,73511,77
2026/07/24 16:21:29.547,2026/07/24 16:21:29.534,2026/07/24 16:21:29.561,1,GPU-713d5b24-2a1e-fd4a-7685-c3d195ff9230,238.69,1410,1593,0,0,73511,43
2026/07/24 16:21:29.798,2026/07/24 16:21:29.784,2026/07/24 16:21:29.812,0,GPU-e2681f6e-8d94-2d66-484f-43ea602335f9,411.83,1410,1593,100,16,73511,77
2026/07/24 16:21:29.798,2026/07/24 16:21:29.784,2026/07/24 16:21:29.812,1,GPU-713d5b24-2a1e-fd4a-7685-c3d195ff9230,240.15,1410,1593,100,52,73511,43
2026/07/24 16:21:30.050,2026/07/24 16:21:30.034,2026/07/24 16:21:30.065,0,GPU-e2681f6e-8d94-2d66-484f-43ea602335f9,438.33,1410,1593,100,15,73511,77
2026/07/24 16:21:30.050,2026/07/24 16:21:30.034,2026/07/24 16:21:30.065,1,GPU-713d5b24-2a1e-fd4a-7685-c3d195ff9230,85.84,1410,1593,22,11,73511,42
2026/07/24 16:21:30.299,2026/07/24 16:21:30.284,2026/07/24 16:21:30.315,0,GPU-e2681f6e-8d94-2d66-484f-43ea602335f9,425.67,1410,1593,100,17,73511,77
2026/07/24 16:21:30.299,2026/07/24 16:21:30.284,2026/07/24 16:21:30.315,1,GPU-713d5b24-2a1e-fd4a-7685-c3d195ff9230,246.48,1410,1593,96,39,73511,44
2026/07/24 16:21:30.550,2026/07/24 16:21:30.534,2026/07/24 16:21:30.566,0,GPU-e2681f6e-8d94-2d66-484f-43ea602335f9,435.75,1410,1593,100,17,73511,77
2026/07/24 16:21:30.550,2026/07/24 16:21:30.534,2026/07/24 16:21:30.566,1,GPU-713d5b24-2a1e-fd4a-7685-c3d195ff9230,87.95,1410,1593,52,19,73511,43
2026/07/24 16:21:30.799,2026/07/24 16:21:30.784,2026/07/24 16:21:30.813,0,GPU-e2681f6e-8d94-2d66-484f-43ea602335f9,429.89,1410,1593,100,14,73511,77
2026/07/24 16:21:30.799,2026/07/24 16:21:30.784,2026/07/24 16:21:30.813,1,GPU-713d5b24-2a1e-fd4a-7685-c3d195ff9230,244.10,1410,1593,100,53,73511,44
2026/07/24 16:21:31.048,2026/07/24 16:21:31.034,2026/07/24 16:21:31.062,0,GPU-e2681f6e-8d94-2d66-484f-43ea602335f9,438.33,1410,1593,100,17,73511,77
2026/07/24 16:21:31.048,2026/07/24 16:21:31.034,2026/07/24 16:21:31.062,1,GPU-713d5b24-2a1e-fd4a-7685-c3d195ff9230,244.96,1410,1593,69,27,73511,44
2026/07/24 16:21:31.299,2026/07/24 16:21:31.284,2026/07/24 16:21:31.314,0,GPU-e2681f6e-8d94-2d66-484f-43ea602335f9,427.18,1410,1593,100,15,73511,77
2026/07/24 16:21:31.299,2026/07/24 16:21:31.284,2026/07/24 16:21:31.314,1,GPU-713d5b24-2a1e-fd4a-7685-c3d195ff9230,163.94,1410,1593,100,52,73511,43
2026/07/24 16:21:31.550,2026/07/24 16:21:31.534,2026/07/24 16:21:31.565,0,GPU-e2681f6e-8d94-2d66-484f-43ea602335f9,447.35,1410,1593,100,14,73511,77
2026/07/24 16:21:31.550,2026/07/24 16:21:31.534,2026/07/24 16:21:31.565,1,GPU-713d5b24-2a1e-fd4a-7685-c3d195ff9230,96.39,1410,1593,59,21,73511,43
2026/07/24 16:21:31.799,2026/07/24 16:21:31.784,2026/07/24 16:21:31.813,0,GPU-e2681f6e-8d94-2d66-484f-43ea602335f9,431.40,1410,1593,100,14,73511,77
2026/07/24 16:21:31.799,2026/07/24 16:21:31.784,2026/07/24 16:21:31.813,1,GPU-713d5b24-2a1e-fd4a-7685-c3d195ff9230,240.80,1410,1593,100,52,73511,45
2026/07/24 16:21:32.049,2026/07/24 16:21:32.034,2026/07/24 16:21:32.063,0,GPU-e2681f6e-8d94-2d66-484f-43ea602335f9,429.57,1410,1593,100,13,73511,77
2026/07/24 16:21:32.049,2026/07/24 16:21:32.034,2026/07/24 16:21:32.063,1,GPU-713d5b24-2a1e-fd4a-7685-c3d195ff9230,85.57,1410,1593,38,20,73511,40
2026/07/24 16:21:32.298,2026/07/24 16:21:32.284,2026/07/24 16:21:32.313,0,GPU-e2681f6e-8d94-2d66-484f-43ea602335f9,434.38,1410,1593,100,18,73511,77
2026/07/24 16:21:32.298,2026/07/24 16:21:32.284,2026/07/24 16:21:32.313,1,GPU-713d5b24-2a1e-fd4a-7685-c3d195ff9230,243.77,1410,1593,12,0,73511,43
2026/07/24 16:21:32.549,2026/07/24 16:21:32.534,2026/07/24 16:21:32.565,0,GPU-e2681f6e-8d94-2d66-484f-43ea602335f9,415.13,1410,1593,100,15,73511,77
2026/07/24 16:21:32.549,2026/07/24 16:21:32.534,2026/07/24 16:21:32.565,1,GPU-713d5b24-2a1e-fd4a-7685-c3d195ff9230,87.95,1410,1593,67,35,73511,44
2026/07/24 16:21:32.799,2026/07/24 16:21:32.785,2026/07/24 16:21:32.814,0,GPU-e2681f6e-8d94-2d66-484f-43ea602335f9,444.06,1410,1593,100,13,73511,77
2026/07/24 16:21:32.799,2026/07/24 16:21:32.785,2026/07/24 16:21:32.814,1,GPU-713d5b24-2a1e-fd4a-7685-c3d195ff9230,94.88,1410,1593,10,0,73511,42
2026/07/24 16:21:33.051,2026/07/24 16:21:33.035,2026/07/24 16:21:33.068,0,GPU-e2681f6e-8d94-2d66-484f-43ea602335f9,421.13,1410,1593,100,16,73511,77
2026/07/24 16:21:33.051,2026/07/24 16:21:33.035,2026/07/24 16:21:33.068,1,GPU-713d5b24-2a1e-fd4a-7685-c3d195ff9230,239.03,1410,1593,96,43,73511,44
2026/07/24 16:21:33.301,2026/07/24 16:21:33.285,2026/07/24 16:21:33.317,0,GPU-e2681f6e-8d94-2d66-484f-43ea602335f9,433.51,1410,1593,100,14,73511,77
2026/07/24 16:21:33.301,2026/07/24 16:21:33.285,2026/07/24 16:21:33.317,1,GPU-713d5b24-2a1e-fd4a-7685-c3d195ff9230,86.17,1410,1593,100,52,73511,42
2026/07/24 16:21:33.551,2026/07/24 16:21:33.535,2026/07/24 16:21:33.567,0,GPU-e2681f6e-8d94-2d66-484f-43ea602335f9,430.22,1410,1593,100,17,73511,77
2026/07/24 16:21:33.551,2026/07/24 16:21:33.535,2026/07/24 16:21:33.567,1,GPU-713d5b24-2a1e-fd4a-7685-c3d195ff9230,246.21,1410,1593,46,15,73511,45
2026/07/24 16:21:33.800,2026/07/24 16:21:33.785,2026/07/24 16:21:33.815,0,GPU-e2681f6e-8d94-2d66-484f-43ea602335f9,437.73,1410,1593,100,14,73511,77
2026/07/24 16:21:33.800,2026/07/24 16:21:33.785,2026/07/24 16:21:33.815,1,GPU-713d5b24-2a1e-fd4a-7685-c3d195ff9230,86.17,1410,1593,41,22,73511,41
2026/07/24 16:21:34.049,2026/07/24 16:21:34.035,2026/07/24 16:21:34.063,0,GPU-e2681f6e-8d94-2d66-484f-43ea602335f9,426.27,1410,1593,100,16,73511,77
2026/07/24 16:21:34.049,2026/07/24 16:21:34.035,2026/07/24 16:21:34.063,1,GPU-713d5b24-2a1e-fd4a-7685-c3d195ff9230,242.58,1410,1593,72,28,73511,44
2026/07/24 16:21:34.299,2026/07/24 16:21:34.285,2026/07/24 16:21:34.313,0,GPU-e2681f6e-8d94-2d66-484f-43ea602335f9,433.19,1410,1593,100,13,73511,77
2026/07/24 16:21:34.299,2026/07/24 16:21:34.285,2026/07/24 16:21:34.313,1,GPU-713d5b24-2a1e-fd4a-7685-c3d195ff9230,85.84,1410,1593,66,35,73511,41
2026/07/24 16:21:34.551,2026/07/24 16:21:34.535,2026/07/24 16:21:34.566,0,GPU-e2681f6e-8d94-2d66-484f-43ea602335f9,427.46,1410,1593,100,17,73511,77
2026/07/24 16:21:34.551,2026/07/24 16:21:34.535,2026/07/24 16:21:34.566,1,GPU-713d5b24-2a1e-fd4a-7685-c3d195ff9230,226.29,1410,1593,0,0,73511,43
2026/07/24 16:21:34.801,2026/07/24 16:21:34.785,2026/07/24 16:21:34.818,0,GPU-e2681f6e-8d94-2d66-484f-43ea602335f9,425.67,1410,1593,100,15,73511,77
2026/07/24 16:21:34.801,2026/07/24 16:21:34.785,2026/07/24 16:21:34.818,1,GPU-713d5b24-2a1e-fd4a-7685-c3d195ff9230,90.07,1410,1593,87,35,73511,43
2026/07/24 16:21:35.052,2026/07/24 16:21:35.035,2026/07/24 16:21:35.068,0,GPU-e2681f6e-8d94-2d66-484f-43ea602335f9,431.68,1410,1593,100,17,73511,77
2026/07/24 16:21:35.052,2026/07/24 16:21:35.035,2026/07/24 16:21:35.068,1,GPU-713d5b24-2a1e-fd4a-7685-c3d195ff9230,248.59,1410,1593,79,32,73511,44
2026/07/24 16:21:35.300,2026/07/24 16:21:35.285,2026/07/24 16:21:35.315,0,GPU-e2681f6e-8d94-2d66-484f-43ea602335f9,426.27,1410,1593,100,14,73511,77
2026/07/24 16:21:35.300,2026/07/24 16:21:35.285,2026/07/24 16:21:35.315,1,GPU-713d5b24-2a1e-fd4a-7685-c3d195ff9230,86.17,1410,1593,95,50,73511,42
2026/07/24 16:21:35.550,2026/07/24 16:21:35.535,2026/07/24 16:21:35.565,0,GPU-e2681f6e-8d94-2d66-484f-43ea602335f9,426.86,1410,1593,100,13,73511,77
2026/07/24 16:21:35.550,2026/07/24 16:21:35.535,2026/07/24 16:21:35.565,1,GPU-713d5b24-2a1e-fd4a-7685-c3d195ff9230,85.84,1410,1593,15,0,73511,40
2026/07/24 16:21:35.799,2026/07/24 16:21:35.785,2026/07/24 16:21:35.812,0,GPU-e2681f6e-8d94-2d66-484f-43ea602335f9,423.68,1410,1593,100,16,73511,77
2026/07/24 16:21:35.799,2026/07/24 16:21:35.785,2026/07/24 16:21:35.812,1,GPU-713d5b24-2a1e-fd4a-7685-c3d195ff9230,239.55,1410,1593,97,46,73511,44
2026/07/24 16:21:36.052,2026/07/24 16:21:36.035,2026/07/24 16:21:36.069,0,GPU-e2681f6e-8d94-2d66-484f-43ea602335f9,447.35,1410,1593,100,16,73511,77
2026/07/24 16:21:36.052,2026/07/24 16:21:36.035,2026/07/24 16:21:36.069,1,GPU-713d5b24-2a1e-fd4a-7685-c3d195ff9230,247.46,1410,1593,73,30,73511,42
2026/07/24 16:21:36.300,2026/07/24 16:21:36.286,2026/07/24 16:21:36.314,0,GPU-e2681f6e-8d94-2d66-484f-43ea602335f9,428.97,1410,1593,100,16,73511,77
2026/07/24 16:21:36.300,2026/07/24 16:21:36.286,2026/07/24 16:21:36.314,1,GPU-713d5b24-2a1e-fd4a-7685-c3d195ff9230,245.88,1410,1593,97,51,73511,42
2026/07/24 16:21:36.551,2026/07/24 16:21:36.536,2026/07/24 16:21:36.566,0,GPU-e2681f6e-8d94-2d66-484f-43ea602335f9,438.00,1410,1593,100,14,73511,77
2026/07/24 16:21:36.551,2026/07/24 16:21:36.536,2026/07/24 16:21:36.566,1,GPU-713d5b24-2a1e-fd4a-7685-c3d195ff9230,240.15,1410,1593,48,16,73511,40
2026/07/24 16:21:36.799,2026/07/24 16:21:36.786,2026/07/24 16:21:36.813,0,GPU-e2681f6e-8d94-2d66-484f-43ea602335f9,431.40,1410,1593,100,17,73511,77
2026/07/24 16:21:36.799,2026/07/24 16:21:36.786,2026/07/24 16:21:36.813,1,GPU-713d5b24-2a1e-fd4a-7685-c3d195ff9230,173.57,1410,1593,93,49,73511,42
2026/07/24 16:21:37.055,2026/07/24 16:21:37.036,2026/07/24 16:21:37.075,0,GPU-e2681f6e-8d94-2d66-484f-43ea602335f9,437.86,1410,1593,100,18,73511,77
2026/07/24 16:21:37.055,2026/07/24 16:21:37.036,2026/07/24 16:21:37.075,1,GPU-713d5b24-2a1e-fd4a-7685-c3d195ff9230,242.26,1410,1593,44,14,73511,43
2026/07/24 16:21:37.302,2026/07/24 16:21:37.286,2026/07/24 16:21:37.318,0,GPU-e2681f6e-8d94-2d66-484f-43ea602335f9,412.75,1410,1593,100,15,73511,77
2026/07/24 16:21:37.302,2026/07/24 16:21:37.286,2026/07/24 16:21:37.318,1,GPU-713d5b24-2a1e-fd4a-7685-c3d195ff9230,116.31,1410,1593,100,53,73511,42
2026/07/24 16:21:37.551,2026/07/24 16:21:37.536,2026/07/24 16:21:37.566,0,GPU-e2681f6e-8d94-2d66-484f-43ea602335f9,422.97,1410,1593,100,13,73511,77
2026/07/24 16:21:37.551,2026/07/24 16:21:37.536,2026/07/24 16:21:37.566,1,GPU-713d5b24-2a1e-fd4a-7685-c3d195ff9230,85.57,1410,1593,36,19,73511,40
2026/07/24 16:21:37.802,2026/07/24 16:21:37.786,2026/07/24 16:21:37.819,0,GPU-e2681f6e-8d94-2d66-484f-43ea602335f9,446.76,1410,1593,100,12,73511,77
2026/07/24 16:21:37.802,2026/07/24 16:21:37.786,2026/07/24 16:21:37.819,1,GPU-713d5b24-2a1e-fd4a-7685-c3d195ff9230,237.77,1410,1593,64,20,73511,43
2026/07/24 16:21:38.051,2026/07/24 16:21:38.036,2026/07/24 16:21:38.066,0,GPU-e2681f6e-8d94-2d66-484f-43ea602335f9,433.19,1410,1593,100,14,73511,77
2026/07/24 16:21:38.051,2026/07/24 16:21:38.036,2026/07/24 16:21:38.066,1,GPU-713d5b24-2a1e-fd4a-7685-c3d195ff9230,241.99,1410,1593,100,52,73511,44
2026/07/24 16:21:38.302,2026/07/24 16:21:38.286,2026/07/24 16:21:38.318,0,GPU-e2681f6e-8d94-2d66-484f-43ea602335f9,431.08,1410,1593,100,13,73511,77
2026/07/24 16:21:38.302,2026/07/24 16:21:38.286,2026/07/24 16:21:38.318,1,GPU-713d5b24-2a1e-fd4a-7685-c3d195ff9230,85.57,1410,1593,28,15,73511,40
2026/07/24 16:21:38.550,2026/07/24 16:21:38.536,2026/07/24 16:21:38.565,0,GPU-e2681f6e-8d94-2d66-484f-43ea602335f9,417.83,1410,1593,100,17,73511,77
2026/07/24 16:21:38.550,2026/07/24 16:21:38.536,2026/07/24 16:21:38.565,1,GPU-713d5b24-2a1e-fd4a-7685-c3d195ff9230,247.08,1410,1593,26,2,73511,44
2026/07/24 16:21:38.802,2026/07/24 16:21:38.786,2026/07/24 16:21:38.818,0,GPU-e2681f6e-8d94-2d66-484f-43ea602335f9,422.38,1410,1593,100,15,73511,77
2026/07/24 16:21:38.802,2026/07/24 16:21:38.786,2026/07/24 16:21:38.818,1,GPU-713d5b24-2a1e-fd4a-7685-c3d195ff9230,85.57,1410,1593,100,52,73511,40
2026/07/24 16:21:39.054,2026/07/24 16:21:39.036,2026/07/24 16:21:39.071,0,GPU-e2681f6e-8d94-2d66-484f-43ea602335f9,437.73,1410,1593,100,12,73511,77
2026/07/24 16:21:39.054,2026/07/24 16:21:39.036,2026/07/24 16:21:39.071,1,GPU-713d5b24-2a1e-fd4a-7685-c3d195ff9230,99.10,1410,1593,20,0,73511,42
2026/07/24 16:21:39.303,2026/07/24 16:21:39.287,2026/07/24 16:21:39.319,0,GPU-e2681f6e-8d94-2d66-484f-43ea602335f9,429.89,1410,1593,100,16,73511,77
2026/07/24 16:21:39.303,2026/07/24 16:21:39.287,2026/07/24 16:21:39.319,1,GPU-713d5b24-2a1e-fd4a-7685-c3d195ff9230,242.58,1410,1593,97,48,73511,44
2026/07/24 16:21:39.553,2026/07/24 16:21:39.537,2026/07/24 16:21:39.570,0,GPU-e2681f6e-8d94-2d66-484f-43ea602335f9,441.35,1410,1593,100,13,73511,77
2026/07/24 16:21:39.553,2026/07/24 16:21:39.537,2026/07/24 16:21:39.570,1,GPU-713d5b24-2a1e-fd4a-7685-c3d195ff9230,85.57,1410,1593,75,39,73511,41
2026/07/24 16:21:39.802,2026/07/24 16:21:39.787,2026/07/24 16:21:39.816,0,GPU-e2681f6e-8d94-2d66-484f-43ea602335f9,432.27,1410,1593,100,17,73511,77
2026/07/24 16:21:39.802,2026/07/24 16:21:39.787,2026/07/24 16:21:39.816,1,GPU-713d5b24-2a1e-fd4a-7685-c3d195ff9230,247.99,1410,1593,100,52,73511,44
2026/07/24 16:21:40.051,2026/07/24 16:21:40.037,2026/07/24 16:21:40.066,0,GPU-e2681f6e-8d94-2d66-484f-43ea602335f9,426.86,1410,1593,100,14,73511,77
2026/07/24 16:21:40.051,2026/07/24 16:21:40.037,2026/07/24 16:21:40.066,1,GPU-713d5b24-2a1e-fd4a-7685-c3d195ff9230,85.57,1410,1593,11,6,73511,40
2026/07/24 16:21:40.305,2026/07/24 16:21:40.287,2026/07/24 16:21:40.323,0,GPU-e2681f6e-8d94-2d66-484f-43ea602335f9,431.40,1410,1593,100,18,73511,77
2026/07/24 16:21:40.305,2026/07/24 16:21:40.287,2026/07/24 16:21:40.323,1,GPU-713d5b24-2a1e-fd4a-7685-c3d195ff9230,248.65,1410,1593,66,24,73511,44
2026/07/24 16:21:40.555,2026/07/24 16:21:40.537,2026/07/24 16:21:40.572,0,GPU-e2681f6e-8d94-2d66-484f-43ea602335f9,448.27,1410,1593,100,15,73511,77
2026/07/24 16:21:40.555,2026/07/24 16:21:40.537,2026/07/24 16:21:40.572,1,GPU-713d5b24-2a1e-fd4a-7685-c3d195ff9230,246.81,1410,1593,100,52,73511,42
2026/07/24 16:21:40.803,2026/07/24 16:21:40.787,2026/07/24 16:21:40.818,0,GPU-e2681f6e-8d94-2d66-484f-43ea602335f9,432.45,1410,1593,100,18,73511,77
2026/07/24 16:21:40.803,2026/07/24 16:21:40.787,2026/07/24 16:21:40.818,1,GPU-713d5b24-2a1e-fd4a-7685-c3d195ff9230,246.48,1410,1593,100,53,73511,43
2026/07/24 16:21:41.051,2026/07/24 16:21:41.037,2026/07/24 16:21:41.066,0,GPU-e2681f6e-8d94-2d66-484f-43ea602335f9,440.70,1410,1593,100,17,73511,77
2026/07/24 16:21:41.051,2026/07/24 16:21:41.037,2026/07/24 16:21:41.066,1,GPU-713d5b24-2a1e-fd4a-7685-c3d195ff9230,96.99,1410,1593,12,0,73511,42
2026/07/24 16:21:41.302,2026/07/24 16:21:41.287,2026/07/24 16:21:41.316,0,GPU-e2681f6e-8d94-2d66-484f-43ea602335f9,425.08,1410,1593,100,15,73511,77
2026/07/24 16:21:41.302,2026/07/24 16:21:41.287,2026/07/24 16:21:41.316,1,GPU-713d5b24-2a1e-fd4a-7685-c3d195ff9230,106.68,1410,1593,98,49,73511,42
2026/07/24 16:21:41.552,2026/07/24 16:21:41.537,2026/07/24 16:21:41.567,0,GPU-e2681f6e-8d94-2d66-484f-43ea602335f9,433.78,1410,1593,100,16,73511,77
2026/07/24 16:21:41.552,2026/07/24 16:21:41.537,2026/07/24 16:21:41.567,1,GPU-713d5b24-2a1e-fd4a-7685-c3d195ff9230,243.18,1410,1593,40,18,73511,43
2026/07/24 16:21:41.804,2026/07/24 16:21:41.787,2026/07/24 16:21:41.821,0,GPU-e2681f6e-8d94-2d66-484f-43ea602335f9,428.70,1410,1593,100,17,73511,77
2026/07/24 16:21:41.804,2026/07/24 16:21:41.787,2026/07/24 16:21:41.821,1,GPU-713d5b24-2a1e-fd4a-7685-c3d195ff9230,244.96,1410,1593,100,53,73511,45
2026/07/24 16:21:42.054,2026/07/24 16:21:42.037,2026/07/24 16:21:42.070,0,GPU-e2681f6e-8d94-2d66-484f-43ea602335f9,448.27,1410,1593,100,16,73511,77
2026/07/24 16:21:42.054,2026/07/24 16:21:42.037,2026/07/24 16:21:42.070,1,GPU-713d5b24-2a1e-fd4a-7685-c3d195ff9230,100.34,1410,1593,28,4,73511,43
2026/07/24 16:21:42.304,2026/07/24 16:21:42.287,2026/07/24 16:21:42.320,0,GPU-e2681f6e-8d94-2d66-484f-43ea602335f9,429.30,1410,1593,100,16,73511,77
2026/07/24 16:21:42.304,2026/07/24 16:21:42.287,2026/07/24 16:21:42.320,1,GPU-713d5b24-2a1e-fd4a-7685-c3d195ff9230,249.84,1410,1593,99,52,73511,44
2026/07/24 16:21:42.553,2026/07/24 16:21:42.538,2026/07/24 16:21:42.568,0,GPU-e2681f6e-8d94-2d66-484f-43ea602335f9,421.45,1410,1593,100,13,73511,77
2026/07/24 16:21:42.553,2026/07/24 16:21:42.538,2026/07/24 16:21:42.568,1,GPU-713d5b24-2a1e-fd4a-7685-c3d195ff9230,85.84,1410,1593,71,37,73511,41
2026/07/24 16:21:42.803,2026/07/24 16:21:42.788,2026/07/24 16:21:42.817,0,GPU-e2681f6e-8d94-2d66-484f-43ea602335f9,439.51,1410,1593,100,12,73511,77
2026/07/24 16:21:42.803,2026/07/24 16:21:42.788,2026/07/24 16:21:42.817,1,GPU-713d5b24-2a1e-fd4a-7685-c3d195ff9230,229.92,1410,1593,0,0,73511,40
2026/07/24 16:21:43.053,2026/07/24 16:21:43.038,2026/07/24 16:21:43.069,0,GPU-e2681f6e-8d94-2d66-484f-43ea602335f9,421.45,1410,1593,100,18,73511,77
2026/07/24 16:21:43.053,2026/07/24 16:21:43.038,2026/07/24 16:21:43.069,1,GPU-713d5b24-2a1e-fd4a-7685-c3d195ff9230,241.99,1410,1593,100,52,73511,42
2026/07/24 16:21:43.303,2026/07/24 16:21:43.288,2026/07/24 16:21:43.318,0,GPU-e2681f6e-8d94-2d66-484f-43ea602335f9,430.49,1410,1593,100,12,73511,77
2026/07/24 16:21:43.303,2026/07/24 16:21:43.288,2026/07/24 16:21:43.318,1,GPU-713d5b24-2a1e-fd4a-7685-c3d195ff9230,85.57,1410,1593,10,5,73511,40
2026/07/24 16:21:43.574,2026/07/24 16:21:43.538,2026/07/24 16:21:43.610,0,GPU-e2681f6e-8d94-2d66-484f-43ea602335f9,426.44,1410,1593,100,18,73511,77
2026/07/24 16:21:43.574,2026/07/24 16:21:43.538,2026/07/24 16:21:43.610,1,GPU-713d5b24-2a1e-fd4a-7685-c3d195ff9230,235.65,1410,1593,9,0,73511,43
2026/07/24 16:21:43.805,2026/07/24 16:21:43.788,2026/07/24 16:21:43.821,0,GPU-e2681f6e-8d94-2d66-484f-43ea602335f9,433.51,1410,1593,100,15,73511,77
2026/07/24 16:21:43.805,2026/07/24 16:21:43.788,2026/07/24 16:21:43.821,1,GPU-713d5b24-2a1e-fd4a-7685-c3d195ff9230,246.81,1410,1593,96,44,73511,41
2026/07/24 16:21:44.054,2026/07/24 16:21:44.038,2026/07/24 16:21:44.071,0,GPU-e2681f6e-8d94-2d66-484f-43ea602335f9,432.59,1410,1593,100,16,73511,77
2026/07/24 16:21:44.054,2026/07/24 16:21:44.038,2026/07/24 16:21:44.071,1,GPU-713d5b24-2a1e-fd4a-7685-c3d195ff9230,248.91,1410,1593,97,47,73511,44
2026/07/24 16:21:44.303,2026/07/24 16:21:44.288,2026/07/24 16:21:44.319,0,GPU-e2681f6e-8d94-2d66-484f-43ea602335f9,432.59,1410,1593,100,16,73511,77
2026/07/24 16:21:44.303,2026/07/24 16:21:44.288,2026/07/24 16:21:44.319,1,GPU-713d5b24-2a1e-fd4a-7685-c3d195ff9230,171.46,1410,1593,100,49,73511,44
2026/07/24 16:21:44.553,2026/07/24 16:21:44.538,2026/07/24 16:21:44.567,0,GPU-e2681f6e-8d94-2d66-484f-43ea602335f9,424.16,1410,1593,100,16,73511,77
2026/07/24 16:21:44.553,2026/07/24 16:21:44.538,2026/07/24 16:21:44.567,1,GPU-713d5b24-2a1e-fd4a-7685-c3d195ff9230,248.59,1410,1593,97,47,73511,45
2026/07/24 16:21:44.803,2026/07/24 16:21:44.788,2026/07/24 16:21:44.818,0,GPU-e2681f6e-8d94-2d66-484f-43ea602335f9,446.16,1410,1593,100,14,73511,77
2026/07/24 16:21:44.803,2026/07/24 16:21:44.788,2026/07/24 16:21:44.818,1,GPU-713d5b24-2a1e-fd4a-7685-c3d195ff9230,86.17,1410,1593,21,0,73511,40
2026/07/24 16:21:45.055,2026/07/24 16:21:45.038,2026/07/24 16:21:45.071,0,GPU-e2681f6e-8d94-2d66-484f-43ea602335f9,429.57,1410,1593,100,16,73511,77
2026/07/24 16:21:45.055,2026/07/24 16:21:45.038,2026/07/24 16:21:45.071,1,GPU-713d5b24-2a1e-fd4a-7685-c3d195ff9230,248.32,1410,1593,99,52,73511,44
2026/07/24 16:21:45.305,2026/07/24 16:21:45.288,2026/07/24 16:21:45.322,0,GPU-e2681f6e-8d94-2d66-484f-43ea602335f9,428.70,1410,1593,100,13,73511,77
2026/07/24 16:21:45.305,2026/07/24 16:21:45.288,2026/07/24 16:21:45.322,1,GPU-713d5b24-2a1e-fd4a-7685-c3d195ff9230,114.20,1410,1593,86,45,73511,43
2026/07/24 16:21:45.554,2026/07/24 16:21:45.539,2026/07/24 16:21:45.570,0,GPU-e2681f6e-8d94-2d66-484f-43ea602335f9,435.62,1410,1593,100,15,73511,77
2026/07/24 16:21:45.554,2026/07/24 16:21:45.539,2026/07/24 16:21:45.570,1,GPU-713d5b24-2a1e-fd4a-7685-c3d195ff9230,85.57,1410,1593,0,0,73511,40
2026/07/24 16:21:45.804,2026/07/24 16:21:45.789,2026/07/24 16:21:45.819,0,GPU-e2681f6e-8d94-2d66-484f-43ea602335f9,427.18,1410,1593,100,16,73511,77
2026/07/24 16:21:45.804,2026/07/24 16:21:45.789,2026/07/24 16:21:45.819,1,GPU-713d5b24-2a1e-fd4a-7685-c3d195ff9230,248.91,1410,1593,100,52,73511,44
2026/07/24 16:21:46.054,2026/07/24 16:21:46.039,2026/07/24 16:21:46.069,0,GPU-e2681f6e-8d94-2d66-484f-43ea602335f9,426.59,1410,1593,100,15,73511,77
2026/07/24 16:21:46.054,2026/07/24 16:21:46.039,2026/07/24 16:21:46.069,1,GPU-713d5b24-2a1e-fd4a-7685-c3d195ff9230,86.49,1410,1593,52,27,73511,41
2026/07/24 16:21:46.305,2026/07/24 16:21:46.289,2026/07/24 16:21:46.321,0,GPU-e2681f6e-8d94-2d66-484f-43ea602335f9,430.81,1410,1593,100,16,73511,77
2026/07/24 16:21:46.305,2026/07/24 16:21:46.289,2026/07/24 16:21:46.321,1,GPU-713d5b24-2a1e-fd4a-7685-c3d195ff9230,238.69,1410,1593,79,30,73511,44
2026/07/24 16:21:46.556,2026/07/24 16:21:46.539,2026/07/24 16:21:46.572,0,GPU-e2681f6e-8d94-2d66-484f-43ea602335f9,427.18,1410,1593,100,14,73511,77
2026/07/24 16:21:46.556,2026/07/24 16:21:46.539,2026/07/24 16:21:46.572,1,GPU-713d5b24-2a1e-fd4a-7685-c3d195ff9230,86.17,1410,1593,86,45,73511,41
2026/07/24 16:21:46.805,2026/07/24 16:21:46.789,2026/07/24 16:21:46.821,0,GPU-e2681f6e-8d94-2d66-484f-43ea602335f9,429.89,1410,1593,100,16,73511,77
2026/07/24 16:21:46.805,2026/07/24 16:21:46.789,2026/07/24 16:21:46.821,1,GPU-713d5b24-2a1e-fd4a-7685-c3d195ff9230,242.26,1410,1593,2,0,73511,44
2026/07/24 16:21:47.055,2026/07/24 16:21:47.039,2026/07/24 16:21:47.072,0,GPU-e2681f6e-8d94-2d66-484f-43ea602335f9,417.56,1410,1593,100,16,73511,77
2026/07/24 16:21:47.055,2026/07/24 16:21:47.039,2026/07/24 16:21:47.072,1,GPU-713d5b24-2a1e-fd4a-7685-c3d195ff9230,238.96,1410,1593,100,52,73511,43
2026/07/24 16:21:47.304,2026/07/24 16:21:47.289,2026/07/24 16:21:47.320,0,GPU-e2681f6e-8d94-2d66-484f-43ea602335f9,441.03,1410,1593,100,15,73511,77
2026/07/24 16:21:47.304,2026/07/24 16:21:47.289,2026/07/24 16:21:47.320,1,GPU-713d5b24-2a1e-fd4a-7685-c3d195ff9230,94.88,1410,1593,12,2,73511,43
2026/07/24 16:21:47.553,2026/07/24 16:21:47.539,2026/07/24 16:21:47.567,0,GPU-e2681f6e-8d94-2d66-484f-43ea602335f9,430.22,1410,1593,100,16,73511,77
2026/07/24 16:21:47.553,2026/07/24 16:21:47.539,2026/07/24 16:21:47.567,1,GPU-713d5b24-2a1e-fd4a-7685-c3d195ff9230,240.15,1410,1593,97,44,73511,44
2026/07/24 16:21:47.805,2026/07/24 16:21:47.789,2026/07/24 16:21:47.820,0,GPU-e2681f6e-8d94-2d66-484f-43ea602335f9,425.08,1410,1593,100,17,73511,77
2026/07/24 16:21:47.805,2026/07/24 16:21:47.789,2026/07/24 16:21:47.820,1,GPU-713d5b24-2a1e-fd4a-7685-c3d195ff9230,97.32,1410,1593,50,26,73511,43
2026/07/24 16:21:48.056,2026/07/24 16:21:48.039,2026/07/24 16:21:48.073,0,GPU-e2681f6e-8d94-2d66-484f-43ea602335f9,435.30,1410,1593,100,15,73511,77
2026/07/24 16:21:48.056,2026/07/24 16:21:48.039,2026/07/24 16:21:48.073,1,GPU-713d5b24-2a1e-fd4a-7685-c3d195ff9230,105.76,1410,1593,57,22,73511,44
2026/07/24 16:21:48.307,2026/07/24 16:21:48.289,2026/07/24 16:21:48.324,0,GPU-e2681f6e-8d94-2d66-484f-43ea602335f9,431.40,1410,1593,100,15,73511,77
2026/07/24 16:21:48.307,2026/07/24 16:21:48.289,2026/07/24 16:21:48.324,1,GPU-713d5b24-2a1e-fd4a-7685-c3d195ff9230,246.48,1410,1593,58,21,73511,44
2026/07/24 16:21:48.563,2026/07/24 16:21:48.539,2026/07/24 16:21:48.587,0,GPU-e2681f6e-8d94-2d66-484f-43ea602335f9,424.48,1410,1593,100,14,73511,77
2026/07/24 16:21:48.563,2026/07/24 16:21:48.539,2026/07/24 16:21:48.587,1,GPU-713d5b24-2a1e-fd4a-7685-c3d195ff9230,86.17,1410,1593,96,51,73511,41
2026/07/24 16:21:48.806,2026/07/24 16:21:48.790,2026/07/24 16:21:48.823,0,GPU-e2681f6e-8d94-2d66-484f-43ea602335f9,449.73,1410,1593,100,15,73511,77
2026/07/24 16:21:48.806,2026/07/24 16:21:48.790,2026/07/24 16:21:48.823,1,GPU-713d5b24-2a1e-fd4a-7685-c3d195ff9230,117.83,1410,1593,0,0,73511,43
2026/07/24 16:21:49.054,2026/07/24 16:21:49.040,2026/07/24 16:21:49.069,0,GPU-e2681f6e-8d94-2d66-484f-43ea602335f9,427.46,1410,1593,100,14,73511,77
2026/07/24 16:21:49.054,2026/07/24 16:21:49.040,2026/07/24 16:21:49.069,1,GPU-713d5b24-2a1e-fd4a-7685-c3d195ff9230,245.88,1410,1593,100,52,73511,44
2026/07/24 16:21:49.306,2026/07/24 16:21:49.290,2026/07/24 16:21:49.322,0,GPU-e2681f6e-8d94-2d66-484f-43ea602335f9,429.30,1410,1593,100,15,73511,77
2026/07/24 16:21:49.306,2026/07/24 16:21:49.290,2026/07/24 16:21:49.322,1,GPU-713d5b24-2a1e-fd4a-7685-c3d195ff9230,85.84,1410,1593,23,12,73511,41
2026/07/24 16:21:49.556,2026/07/24 16:21:49.540,2026/07/24 16:21:49.572,0,GPU-e2681f6e-8d94-2d66-484f-43ea602335f9,425.08,1410,1593,100,17,73511,77
2026/07/24 16:21:49.556,2026/07/24 16:21:49.540,2026/07/24 16:21:49.572,1,GPU-713d5b24-2a1e-fd4a-7685-c3d195ff9230,247.99,1410,1593,87,35,73511,44
2026/07/24 16:21:49.806,2026/07/24 16:21:49.790,2026/07/24 16:21:49.823,0,GPU-e2681f6e-8d94-2d66-484f-43ea602335f9,416.65,1410,1593,100,14,73511,77
2026/07/24 16:21:49.806,2026/07/24 16:21:49.790,2026/07/24 16:21:49.823,1,GPU-713d5b24-2a1e-fd4a-7685-c3d195ff9230,86.17,1410,1593,80,42,73511,41
2026/07/24 16:21:50.055,2026/07/24 16:21:50.040,2026/07/24 16:21:50.070,0,GPU-e2681f6e-8d94-2d66-484f-43ea602335f9,423.68,1410,1593,100,16,73511,77
2026/07/24 16:21:50.055,2026/07/24 16:21:50.040,2026/07/24 16:21:50.070,1,GPU-713d5b24-2a1e-fd4a-7685-c3d195ff9230,239.28,1410,1593,98,45,73511,44
2026/07/24 16:21:50.306,2026/07/24 16:21:50.290,2026/07/24 16:21:50.323,0,GPU-e2681f6e-8d94-2d66-484f-43ea602335f9,425.08,1410,1593,100,14,73511,77
2026/07/24 16:21:50.306,2026/07/24 16:21:50.290,2026/07/24 16:21:50.323,1,GPU-713d5b24-2a1e-fd4a-7685-c3d195ff9230,87.36,1410,1593,64,34,73511,41
2026/07/24 16:21:50.556,2026/07/24 16:21:50.540,2026/07/24 16:21:50.572,0,GPU-e2681f6e-8d94-2d66-484f-43ea602335f9,435.03,1410,1593,100,17,73511,77
2026/07/24 16:21:50.556,2026/07/24 16:21:50.540,2026/07/24 16:21:50.572,1,GPU-713d5b24-2a1e-fd4a-7685-c3d195ff9230,226.89,1410,1593,37,9,73511,44
2026/07/24 16:21:50.806,2026/07/24 16:21:50.790,2026/07/24 16:21:50.822,0,GPU-e2681f6e-8d94-2d66-484f-43ea602335f9,429.30,1410,1593,100,15,73511,77
2026/07/24 16:21:50.806,2026/07/24 16:21:50.790,2026/07/24 16:21:50.822,1,GPU-713d5b24-2a1e-fd4a-7685-c3d195ff9230,107.87,1410,1593,100,52,73511,42
2026/07/24 16:21:51.057,2026/07/24 16:21:51.040,2026/07/24 16:21:51.073,0,GPU-e2681f6e-8d94-2d66-484f-43ea602335f9,441.95,1410,1593,100,15,73511,77
2026/07/24 16:21:51.057,2026/07/24 16:21:51.040,2026/07/24 16:21:51.073,1,GPU-713d5b24-2a1e-fd4a-7685-c3d195ff9230,249.84,1410,1593,69,26,73511,43
2026/07/24 16:21:51.306,2026/07/24 16:21:51.290,2026/07/24 16:21:51.321,0,GPU-e2681f6e-8d94-2d66-484f-43ea602335f9,421.13,1410,1593,96,13,73511,76
2026/07/24 16:21:51.306,2026/07/24 16:21:51.290,2026/07/24 16:21:51.321,1,GPU-713d5b24-2a1e-fd4a-7685-c3d195ff9230,90.98,1410,1593,75,40,73511,41
2026/07/24 16:21:51.555,2026/07/24 16:21:51.540,2026/07/24 16:21:51.569,0,GPU-e2681f6e-8d94-2d66-484f-43ea602335f9,106.79,1410,1593,0,0,73511,62
2026/07/24 16:21:51.555,2026/07/24 16:21:51.540,2026/07/24 16:21:51.569,1,GPU-713d5b24-2a1e-fd4a-7685-c3d195ff9230,243.50,1410,1593,75,31,73511,44
2026/07/24 16:21:51.805,2026/07/24 16:21:51.791,2026/07/24 16:21:51.819,0,GPU-e2681f6e-8d94-2d66-484f-43ea602335f9,104.67,1410,1593,0,0,73511,60
2026/07/24 16:21:51.805,2026/07/24 16:21:51.791,2026/07/24 16:21:51.819,1,GPU-713d5b24-2a1e-fd4a-7685-c3d195ff9230,86.76,1410,1593,100,53,73511,41
2026/07/24 16:21:52.054,2026/07/24 16:21:52.041,2026/07/24 16:21:52.068,0,GPU-e2681f6e-8d94-2d66-484f-43ea602335f9,101.64,1410,1593,0,0,73511,58
2026/07/24 16:21:52.054,2026/07/24 16:21:52.041,2026/07/24 16:21:52.068,1,GPU-713d5b24-2a1e-fd4a-7685-c3d195ff9230,85.57,1410,1593,10,5,73511,40
2026/07/24 16:21:52.305,2026/07/24 16:21:52.291,2026/07/24 16:21:52.319,0,GPU-e2681f6e-8d94-2d66-484f-43ea602335f9,100.61,1410,1593,0,0,73511,57
2026/07/24 16:21:52.305,2026/07/24 16:21:52.291,2026/07/24 16:21:52.319,1,GPU-713d5b24-2a1e-fd4a-7685-c3d195ff9230,85.25,1410,1593,0,0,73511,39
2026/07/24 16:21:52.556,2026/07/24 16:21:52.541,2026/07/24 16:21:52.571,0,GPU-e2681f6e-8d94-2d66-484f-43ea602335f9,100.12,1410,1593,0,0,73511,56
2026/07/24 16:21:52.556,2026/07/24 16:21:52.541,2026/07/24 16:21:52.571,1,GPU-713d5b24-2a1e-fd4a-7685-c3d195ff9230,84.97,1410,1593,0,0,73511,39
2026/07/24 16:21:52.805,2026/07/24 16:21:52.791,2026/07/24 16:21:52.818,0,GPU-e2681f6e-8d94-2d66-484f-43ea602335f9,99.53,1410,1593,0,0,73511,56
2026/07/24 16:21:52.805,2026/07/24 16:21:52.791,2026/07/24 16:21:52.818,1,GPU-713d5b24-2a1e-fd4a-7685-c3d195ff9230,84.97,1410,1593,0,0,73511,38
2026/07/24 16:21:53.082,2026/07/24 16:21:53.041,2026/07/24 16:21:53.123,0,GPU-e2681f6e-8d94-2d66-484f-43ea602335f9,99.75,1410,1593,0,0,73511,55
2026/07/24 16:21:53.082,2026/07/24 16:21:53.041,2026/07/24 16:21:53.123,1,GPU-713d5b24-2a1e-fd4a-7685-c3d195ff9230,84.65,1410,1593,0,0,73511,38
2026/07/24 16:21:53.307,2026/07/24 16:21:53.291,2026/07/24 16:21:53.323,0,GPU-e2681f6e-8d94-2d66-484f-43ea602335f9,98.83,1410,1593,0,0,73511,55
2026/07/24 16:21:53.307,2026/07/24 16:21:53.291,2026/07/24 16:21:53.323,1,GPU-713d5b24-2a1e-fd4a-7685-c3d195ff9230,84.65,1410,1593,0,0,73511,38
2026/07/24 16:21:53.556,2026/07/24 16:21:53.541,2026/07/24 16:21:53.571,0,GPU-e2681f6e-8d94-2d66-484f-43ea602335f9,98.34,1410,1593,0,0,73511,54
2026/07/24 16:21:53.556,2026/07/24 16:21:53.541,2026/07/24 16:21:53.571,1,GPU-713d5b24-2a1e-fd4a-7685-c3d195ff9230,84.65,1410,1593,0,0,73511,38
2026/07/24 16:21:53.805,2026/07/24 16:21:53.791,2026/07/24 16:21:53.820,0,GPU-e2681f6e-8d94-2d66-484f-43ea602335f9,98.34,1410,1593,0,0,73511,54
2026/07/24 16:21:53.805,2026/07/24 16:21:53.791,2026/07/24 16:21:53.820,1,GPU-713d5b24-2a1e-fd4a-7685-c3d195ff9230,84.65,1410,1593,0,0,73511,38
2026/07/24 16:21:54.054,2026/07/24 16:21:54.041,2026/07/24 16:21:54.067,0,GPU-e2681f6e-8d94-2d66-484f-43ea602335f9,97.09,1410,1593,0,0,73511,54
2026/07/24 16:21:54.054,2026/07/24 16:21:54.041,2026/07/24 16:21:54.067,1,GPU-713d5b24-2a1e-fd4a-7685-c3d195ff9230,85.06,1410,1593,0,0,73511,38
2026/07/24 16:21:54.306,2026/07/24 16:21:54.291,2026/07/24 16:21:54.320,0,GPU-e2681f6e-8d94-2d66-484f-43ea602335f9,97.09,1410,1593,0,0,73511,53
2026/07/24 16:21:54.306,2026/07/24 16:21:54.291,2026/07/24 16:21:54.320,1,GPU-713d5b24-2a1e-fd4a-7685-c3d195ff9230,84.38,1410,1593,0,0,73511,38
2026/07/24 16:21:54.556,2026/07/24 16:21:54.541,2026/07/24 16:21:54.571,0,GPU-e2681f6e-8d94-2d66-484f-43ea602335f9,96.82,1410,1593,0,0,73511,53
2026/07/24 16:21:54.556,2026/07/24 16:21:54.541,2026/07/24 16:21:54.571,1,GPU-713d5b24-2a1e-fd4a-7685-c3d195ff9230,84.38,1410,1593,0,0,73511,38
2026/07/24 16:21:54.805,2026/07/24 16:21:54.792,2026/07/24 16:21:54.818,0,GPU-e2681f6e-8d94-2d66-484f-43ea602335f9,96.49,1410,1593,0,0,73511,53
2026/07/24 16:21:54.805,2026/07/24 16:21:54.792,2026/07/24 16:21:54.818,1,GPU-713d5b24-2a1e-fd4a-7685-c3d195ff9230,84.38,1410,1593,0,0,73511,37
2026/07/24 16:21:55.056,2026/07/24 16:21:55.042,2026/07/24 16:21:55.069,0,GPU-e2681f6e-8d94-2d66-484f-43ea602335f9,96.22,1410,1593,0,0,73511,53
2026/07/24 16:21:55.056,2026/07/24 16:21:55.042,2026/07/24 16:21:55.069,1,GPU-713d5b24-2a1e-fd4a-7685-c3d195ff9230,84.38,1410,1593,0,0,73511,37
2026/07/24 16:21:55.306,2026/07/24 16:21:55.292,2026/07/24 16:21:55.320,0,GPU-e2681f6e-8d94-2d66-484f-43ea602335f9,96.22,1410,1593,0,0,73511,52
2026/07/24 16:21:55.306,2026/07/24 16:21:55.292,2026/07/24 16:21:55.320,1,GPU-713d5b24-2a1e-fd4a-7685-c3d195ff9230,84.46,1410,1593,0,0,73511,37
2026/07/24 16:21:55.556,2026/07/24 16:21:55.542,2026/07/24 16:21:55.571,0,GPU-e2681f6e-8d94-2d66-484f-43ea602335f9,95.90,1410,1593,0,0,73511,52
2026/07/24 16:21:55.556,2026/07/24 16:21:55.542,2026/07/24 16:21:55.571,1,GPU-713d5b24-2a1e-fd4a-7685-c3d195ff9230,84.38,1410,1593,0,0,73511,37
2026/07/24 16:21:55.805,2026/07/24 16:21:55.792,2026/07/24 16:21:55.819,0,GPU-e2681f6e-8d94-2d66-484f-43ea602335f9,95.90,1410,1593,0,0,73511,52
2026/07/24 16:21:55.805,2026/07/24 16:21:55.792,2026/07/24 16:21:55.819,1,GPU-713d5b24-2a1e-fd4a-7685-c3d195ff9230,84.38,1410,1593,0,0,73511,37
2026/07/24 16:21:56.055,2026/07/24 16:21:56.042,2026/07/24 16:21:56.068,0,GPU-e2681f6e-8d94-2d66-484f-43ea602335f9,95.63,1410,1593,0,0,73511,52
2026/07/24 16:21:56.055,2026/07/24 16:21:56.042,2026/07/24 16:21:56.068,1,GPU-713d5b24-2a1e-fd4a-7685-c3d195ff9230,84.38,1410,1593,0,0,73511,37
2026/07/24 16:21:56.306,2026/07/24 16:21:56.292,2026/07/24 16:21:56.321,0,GPU-e2681f6e-8d94-2d66-484f-43ea602335f9,95.30,1410,1593,0,0,73511,52
2026/07/24 16:21:56.306,2026/07/24 16:21:56.292,2026/07/24 16:21:56.321,1,GPU-713d5b24-2a1e-fd4a-7685-c3d195ff9230,84.38,1410,1593,0,0,73511,37
2026/07/24 16:21:56.555,2026/07/24 16:21:56.542,2026/07/24 16:21:56.568,0,GPU-e2681f6e-8d94-2d66-484f-43ea602335f9,95.30,1410,1593,0,0,73511,51
2026/07/24 16:21:56.555,2026/07/24 16:21:56.542,2026/07/24 16:21:56.568,1,GPU-713d5b24-2a1e-fd4a-7685-c3d195ff9230,84.46,1410,1593,0,0,73511,37
2026/07/24 16:21:56.805,2026/07/24 16:21:56.792,2026/07/24 16:21:56.818,0,GPU-e2681f6e-8d94-2d66-484f-43ea602335f9,95.63,1410,1593,0,0,73511,51
2026/07/24 16:21:56.805,2026/07/24 16:21:56.792,2026/07/24 16:21:56.818,1,GPU-713d5b24-2a1e-fd4a-7685-c3d195ff9230,84.05,1410,1593,0,0,73511,37
2026/07/24 16:21:57.055,2026/07/24 16:21:57.042,2026/07/24 16:21:57.068,0,GPU-e2681f6e-8d94-2d66-484f-43ea602335f9,95.20,1410,1593,0,0,73511,51
2026/07/24 16:21:57.055,2026/07/24 16:21:57.042,2026/07/24 16:21:57.068,1,GPU-713d5b24-2a1e-fd4a-7685-c3d195ff9230,84.38,1410,1593,0,0,73511,37
2026/07/24 16:21:57.308,2026/07/24 16:21:57.292,2026/07/24 16:21:57.323,0,GPU-e2681f6e-8d94-2d66-484f-43ea602335f9,94.98,1410,1593,0,0,73511,51
2026/07/24 16:21:57.308,2026/07/24 16:21:57.292,2026/07/24 16:21:57.323,1,GPU-713d5b24-2a1e-fd4a-7685-c3d195ff9230,84.05,1410,1593,0,0,73511,37
2026/07/24 16:21:57.555,2026/07/24 16:21:57.542,2026/07/24 16:21:57.569,0,GPU-e2681f6e-8d94-2d66-484f-43ea602335f9,94.98,1410,1593,0,0,73511,51
2026/07/24 16:21:57.555,2026/07/24 16:21:57.542,2026/07/24 16:21:57.569,1,GPU-713d5b24-2a1e-fd4a-7685-c3d195ff9230,84.38,1410,1593,0,0,73511,37
2026/07/24 16:21:57.807,2026/07/24 16:21:57.792,2026/07/24 16:21:57.821,0,GPU-e2681f6e-8d94-2d66-484f-43ea602335f9,94.71,1410,1593,0,0,73511,50
2026/07/24 16:21:57.807,2026/07/24 16:21:57.792,2026/07/24 16:21:57.821,1,GPU-713d5b24-2a1e-fd4a-7685-c3d195ff9230,84.05,1410,1593,0,0,73511,37
2026/07/24 16:21:58.056,2026/07/24 16:21:58.042,2026/07/24 16:21:58.069,0,GPU-e2681f6e-8d94-2d66-484f-43ea602335f9,94.71,1410,1593,0,0,73511,50
2026/07/24 16:21:58.056,2026/07/24 16:21:58.042,2026/07/24 16:21:58.069,1,GPU-713d5b24-2a1e-fd4a-7685-c3d195ff9230,84.05,1410,1593,0,0,73511,37
2026/07/24 16:21:58.307,2026/07/24 16:21:58.293,2026/07/24 16:21:58.321,0,GPU-e2681f6e-8d94-2d66-484f-43ea602335f9,94.71,1410,1593,0,0,73511,50
2026/07/24 16:21:58.307,2026/07/24 16:21:58.293,2026/07/24 16:21:58.321,1,GPU-713d5b24-2a1e-fd4a-7685-c3d195ff9230,84.38,1410,1593,0,0,73511,37
2026/07/24 16:21:58.556,2026/07/24 16:21:58.543,2026/07/24 16:21:58.569,0,GPU-e2681f6e-8d94-2d66-484f-43ea602335f9,94.38,1410,1593,0,0,73511,50
2026/07/24 16:21:58.556,2026/07/24 16:21:58.543,2026/07/24 16:21:58.569,1,GPU-713d5b24-2a1e-fd4a-7685-c3d195ff9230,84.05,1410,1593,0,0,73511,37
2026/07/24 16:21:58.805,2026/07/24 16:21:58.793,2026/07/24 16:21:58.818,0,GPU-e2681f6e-8d94-2d66-484f-43ea602335f9,94.71,1410,1593,0,0,73511,50
2026/07/24 16:21:58.805,2026/07/24 16:21:58.793,2026/07/24 16:21:58.818,1,GPU-713d5b24-2a1e-fd4a-7685-c3d195ff9230,84.38,1410,1593,0,0,73511,37
2026/07/24 16:21:59.056,2026/07/24 16:21:59.043,2026/07/24 16:21:59.068,0,GPU-e2681f6e-8d94-2d66-484f-43ea602335f9,94.11,1410,1593,0,0,73511,50
2026/07/24 16:21:59.056,2026/07/24 16:21:59.043,2026/07/24 16:21:59.068,1,GPU-713d5b24-2a1e-fd4a-7685-c3d195ff9230,84.14,1410,1593,0,0,73511,37
2026/07/24 16:21:59.307,2026/07/24 16:21:59.293,2026/07/24 16:21:59.320,0,GPU-e2681f6e-8d94-2d66-484f-43ea602335f9,94.11,1410,1593,0,0,73511,50
2026/07/24 16:21:59.307,2026/07/24 16:21:59.293,2026/07/24 16:21:59.320,1,GPU-713d5b24-2a1e-fd4a-7685-c3d195ff9230,84.38,1410,1593,0,0,73511,37
2026/07/24 16:21:59.556,2026/07/24 16:21:59.543,2026/07/24 16:21:59.569,0,GPU-e2681f6e-8d94-2d66-484f-43ea602335f9,93.69,1410,1593,0,0,73511,50
2026/07/24 16:21:59.556,2026/07/24 16:21:59.543,2026/07/24 16:21:59.569,1,GPU-713d5b24-2a1e-fd4a-7685-c3d195ff9230,84.05,1410,1593,0,0,73511,37
2026/07/24 16:21:59.806,2026/07/24 16:21:59.793,2026/07/24 16:21:59.819,0,GPU-e2681f6e-8d94-2d66-484f-43ea602335f9,94.11,1410,1593,0,0,73511,49
2026/07/24 16:21:59.806,2026/07/24 16:21:59.793,2026/07/24 16:21:59.819,1,GPU-713d5b24-2a1e-fd4a-7685-c3d195ff9230,84.05,1410,1593,0,0,73511,36
2026/07/24 16:22:00.056,2026/07/24 16:22:00.043,2026/07/24 16:22:00.069,0,GPU-e2681f6e-8d94-2d66-484f-43ea602335f9,94.11,1410,1593,0,0,73511,49
2026/07/24 16:22:00.056,2026/07/24 16:22:00.043,2026/07/24 16:22:00.069,1,GPU-713d5b24-2a1e-fd4a-7685-c3d195ff9230,84.05,1410,1593,0,0,73511,36
2026/07/24 16:22:00.308,2026/07/24 16:22:00.293,2026/07/24 16:22:00.322,0,GPU-e2681f6e-8d94-2d66-484f-43ea602335f9,93.51,1410,1593,0,0,73511,49
2026/07/24 16:22:00.308,2026/07/24 16:22:00.293,2026/07/24 16:22:00.322,1,GPU-713d5b24-2a1e-fd4a-7685-c3d195ff9230,84.05,1410,1593,0,0,73511,36
2026/07/24 16:22:00.556,2026/07/24 16:22:00.543,2026/07/24 16:22:00.570,0,GPU-e2681f6e-8d94-2d66-484f-43ea602335f9,93.51,1410,1593,0,0,73511,49
2026/07/24 16:22:00.556,2026/07/24 16:22:00.543,2026/07/24 16:22:00.570,1,GPU-713d5b24-2a1e-fd4a-7685-c3d195ff9230,84.14,1410,1593,0,0,73511,36
2026/07/24 16:22:00.807,2026/07/24 16:22:00.793,2026/07/24 16:22:00.822,0,GPU-e2681f6e-8d94-2d66-484f-43ea602335f9,93.78,1410,1593,0,0,73511,49
2026/07/24 16:22:00.807,2026/07/24 16:22:00.793,2026/07/24 16:22:00.822,1,GPU-713d5b24-2a1e-fd4a-7685-c3d195ff9230,84.05,1410,1593,0,0,73511,36
2026/07/24 16:22:01.057,2026/07/24 16:22:01.043,2026/07/24 16:22:01.070,0,GPU-e2681f6e-8d94-2d66-484f-43ea602335f9,93.51,1410,1593,0,0,73511,49
2026/07/24 16:22:01.057,2026/07/24 16:22:01.043,2026/07/24 16:22:01.070,1,GPU-713d5b24-2a1e-fd4a-7685-c3d195ff9230,84.05,1410,1593,0,0,73511,36
2026/07/24 16:22:01.307,2026/07/24 16:22:01.293,2026/07/24 16:22:01.321,0,GPU-e2681f6e-8d94-2d66-484f-43ea602335f9,93.51,1410,1593,0,0,73511,49
2026/07/24 16:22:01.307,2026/07/24 16:22:01.293,2026/07/24 16:22:01.321,1,GPU-713d5b24-2a1e-fd4a-7685-c3d195ff9230,84.05,1410,1593,0,0,73511,36
2026/07/24 16:22:01.557,2026/07/24 16:22:01.543,2026/07/24 16:22:01.570,0,GPU-e2681f6e-8d94-2d66-484f-43ea602335f9,93.51,1410,1593,0,0,73511,49
2026/07/24 16:22:01.557,2026/07/24 16:22:01.543,2026/07/24 16:22:01.570,1,GPU-713d5b24-2a1e-fd4a-7685-c3d195ff9230,84.05,1410,1593,0,0,73511,36
2026/07/24 16:22:01.808,2026/07/24 16:22:01.794,2026/07/24 16:22:01.822,0,GPU-e2681f6e-8d94-2d66-484f-43ea602335f9,93.19,1410,1593,0,0,73511,49
2026/07/24 16:22:01.808,2026/07/24 16:22:01.794,2026/07/24 16:22:01.822,1,GPU-713d5b24-2a1e-fd4a-7685-c3d195ff9230,84.05,1410,1593,0,0,73511,36
2026/07/24 16:22:02.056,2026/07/24 16:22:02.044,2026/07/24 16:22:02.069,0,GPU-e2681f6e-8d94-2d66-484f-43ea602335f9,93.42,1410,1593,0,0,73511,48
2026/07/24 16:22:02.056,2026/07/24 16:22:02.044,2026/07/24 16:22:02.069,1,GPU-713d5b24-2a1e-fd4a-7685-c3d195ff9230,84.05,1410,1593,0,0,73511,36
2026/07/24 16:22:02.307,2026/07/24 16:22:02.294,2026/07/24 16:22:02.320,0,GPU-e2681f6e-8d94-2d66-484f-43ea602335f9,93.19,1410,1593,0,0,73511,48
2026/07/24 16:22:02.307,2026/07/24 16:22:02.294,2026/07/24 16:22:02.320,1,GPU-713d5b24-2a1e-fd4a-7685-c3d195ff9230,84.05,1410,1593,0,0,73511,36
2026/07/24 16:22:02.556,2026/07/24 16:22:02.544,2026/07/24 16:22:02.567,0,GPU-e2681f6e-8d94-2d66-484f-43ea602335f9,93.19,1410,1593,0,0,73511,48
2026/07/24 16:22:02.556,2026/07/24 16:22:02.544,2026/07/24 16:22:02.567,1,GPU-713d5b24-2a1e-fd4a-7685-c3d195ff9230,84.05,1410,1593,0,0,73511,36
2026/07/24 16:22:02.807,2026/07/24 16:22:02.794,2026/07/24 16:22:02.820,0,GPU-e2681f6e-8d94-2d66-484f-43ea602335f9,93.19,1410,1593,0,0,73511,48
2026/07/24 16:22:02.807,2026/07/24 16:22:02.794,2026/07/24 16:22:02.820,1,GPU-713d5b24-2a1e-fd4a-7685-c3d195ff9230,84.05,1410,1593,0,0,73511,36
2026/07/24 16:22:03.057,2026/07/24 16:22:03.044,2026/07/24 16:22:03.071,0,GPU-e2681f6e-8d94-2d66-484f-43ea602335f9,92.92,1410,1593,0,0,73511,48
2026/07/24 16:22:03.057,2026/07/24 16:22:03.044,2026/07/24 16:22:03.071,1,GPU-713d5b24-2a1e-fd4a-7685-c3d195ff9230,84.05,1410,1593,0,0,73511,36
2026/07/24 16:22:03.307,2026/07/24 16:22:03.294,2026/07/24 16:22:03.319,0,GPU-e2681f6e-8d94-2d66-484f-43ea602335f9,92.92,1410,1593,0,0,73511,48
2026/07/24 16:22:03.307,2026/07/24 16:22:03.294,2026/07/24 16:22:03.319,1,GPU-713d5b24-2a1e-fd4a-7685-c3d195ff9230,84.05,1410,1593,0,0,73511,36
2026/07/24 16:22:03.556,2026/07/24 16:22:03.544,2026/07/24 16:22:03.568,0,GPU-e2681f6e-8d94-2d66-484f-43ea602335f9,93.19,1410,1593,0,0,73511,48
2026/07/24 16:22:03.556,2026/07/24 16:22:03.544,2026/07/24 16:22:03.568,1,GPU-713d5b24-2a1e-fd4a-7685-c3d195ff9230,83.73,1410,1593,0,0,73511,36
2026/07/24 16:22:03.807,2026/07/24 16:22:03.794,2026/07/24 16:22:03.820,0,GPU-e2681f6e-8d94-2d66-484f-43ea602335f9,92.92,1410,1593,0,0,73511,48
2026/07/24 16:22:03.807,2026/07/24 16:22:03.794,2026/07/24 16:22:03.820,1,GPU-713d5b24-2a1e-fd4a-7685-c3d195ff9230,84.05,1410,1593,0,0,73511,36
2026/07/24 16:22:04.058,2026/07/24 16:22:04.044,2026/07/24 16:22:04.072,0,GPU-e2681f6e-8d94-2d66-484f-43ea602335f9,92.59,1410,1593,0,0,73511,48
2026/07/24 16:22:04.058,2026/07/24 16:22:04.044,2026/07/24 16:22:04.072,1,GPU-713d5b24-2a1e-fd4a-7685-c3d195ff9230,84.05,1410,1593,0,0,73511,36
2026/07/24 16:22:04.307,2026/07/24 16:22:04.294,2026/07/24 16:22:04.320,0,GPU-e2681f6e-8d94-2d66-484f-43ea602335f9,92.49,1410,1593,0,0,73511,48
2026/07/24 16:22:04.307,2026/07/24 16:22:04.294,2026/07/24 16:22:04.320,1,GPU-713d5b24-2a1e-fd4a-7685-c3d195ff9230,84.05,1410,1593,0,0,73511,36
2026/07/24 16:22:04.556,2026/07/24 16:22:04.544,2026/07/24 16:22:04.568,0,GPU-e2681f6e-8d94-2d66-484f-43ea602335f9,92.59,1410,1593,0,0,73511,48
2026/07/24 16:22:04.556,2026/07/24 16:22:04.544,2026/07/24 16:22:04.568,1,GPU-713d5b24-2a1e-fd4a-7685-c3d195ff9230,83.73,1410,1593,0,0,73511,36
2026/07/24 16:22:04.809,2026/07/24 16:22:04.794,2026/07/24 16:22:04.823,0,GPU-e2681f6e-8d94-2d66-484f-43ea602335f9,92.92,1410,1593,0,0,73511,47
2026/07/24 16:22:04.809,2026/07/24 16:22:04.794,2026/07/24 16:22:04.823,1,GPU-713d5b24-2a1e-fd4a-7685-c3d195ff9230,84.05,1410,1593,0,0,73511,36
2026/07/24 16:22:05.059,2026/07/24 16:22:05.044,2026/07/24 16:22:05.073,0,GPU-e2681f6e-8d94-2d66-484f-43ea602335f9,92.59,1410,1593,0,0,73511,47
2026/07/24 16:22:05.059,2026/07/24 16:22:05.044,2026/07/24 16:22:05.073,1,GPU-713d5b24-2a1e-fd4a-7685-c3d195ff9230,84.05,1410,1593,0,0,73511,36
2026/07/24 16:22:05.308,2026/07/24 16:22:05.295,2026/07/24 16:22:05.321,0,GPU-e2681f6e-8d94-2d66-484f-43ea602335f9,92.59,1410,1593,0,0,73511,47
2026/07/24 16:22:05.308,2026/07/24 16:22:05.295,2026/07/24 16:22:05.321,1,GPU-713d5b24-2a1e-fd4a-7685-c3d195ff9230,84.05,1410,1593,0,0,73511,36
2026/07/24 16:22:05.556,2026/07/24 16:22:05.545,2026/07/24 16:22:05.568,0,GPU-e2681f6e-8d94-2d66-484f-43ea602335f9,92.27,1410,1593,0,0,73511,47
2026/07/24 16:22:05.556,2026/07/24 16:22:05.545,2026/07/24 16:22:05.568,1,GPU-713d5b24-2a1e-fd4a-7685-c3d195ff9230,84.05,1410,1593,0,0,73511,36
2026/07/24 16:22:05.808,2026/07/24 16:22:05.795,2026/07/24 16:22:05.820,0,GPU-e2681f6e-8d94-2d66-484f-43ea602335f9,92.59,1410,1593,0,0,73511,47
2026/07/24 16:22:05.808,2026/07/24 16:22:05.795,2026/07/24 16:22:05.820,1,GPU-713d5b24-2a1e-fd4a-7685-c3d195ff9230,83.73,1410,1593,0,0,73511,36
2026/07/24 16:22:06.058,2026/07/24 16:22:06.045,2026/07/24 16:22:06.071,0,GPU-e2681f6e-8d94-2d66-484f-43ea602335f9,92.27,1410,1593,0,0,73511,47
2026/07/24 16:22:06.058,2026/07/24 16:22:06.045,2026/07/24 16:22:06.071,1,GPU-713d5b24-2a1e-fd4a-7685-c3d195ff9230,83.73,1410,1593,0,0,73511,36
2026/07/24 16:22:06.308,2026/07/24 16:22:06.295,2026/07/24 16:22:06.321,0,GPU-e2681f6e-8d94-2d66-484f-43ea602335f9,92.27,1410,1593,0,0,73511,47
2026/07/24 16:22:06.308,2026/07/24 16:22:06.295,2026/07/24 16:22:06.321,1,GPU-713d5b24-2a1e-fd4a-7685-c3d195ff9230,84.05,1410,1593,0,0,73511,36
2026/07/24 16:22:06.557,2026/07/24 16:22:06.545,2026/07/24 16:22:06.569,0,GPU-e2681f6e-8d94-2d66-484f-43ea602335f9,92.27,1410,1593,0,0,73511,47
2026/07/24 16:22:06.557,2026/07/24 16:22:06.545,2026/07/24 16:22:06.569,1,GPU-713d5b24-2a1e-fd4a-7685-c3d195ff9230,84.05,1410,1593,0,0,73511,36
2026/07/24 16:22:06.809,2026/07/24 16:22:06.795,2026/07/24 16:22:06.822,0,GPU-e2681f6e-8d94-2d66-484f-43ea602335f9,92.00,1410,1593,0,0,73511,47
2026/07/24 16:22:06.809,2026/07/24 16:22:06.795,2026/07/24 16:22:06.822,1,GPU-713d5b24-2a1e-fd4a-7685-c3d195ff9230,83.73,1410,1593,0,0,73511,36
2026/07/24 16:22:07.061,2026/07/24 16:22:07.045,2026/07/24 16:22:07.078,0,GPU-e2681f6e-8d94-2d66-484f-43ea602335f9,92.27,1410,1593,0,0,73511,47
2026/07/24 16:22:07.061,2026/07/24 16:22:07.045,2026/07/24 16:22:07.078,1,GPU-713d5b24-2a1e-fd4a-7685-c3d195ff9230,83.73,1410,1593,0,0,73511,36
2026/07/24 16:22:07.309,2026/07/24 16:22:07.295,2026/07/24 16:22:07.322,0,GPU-e2681f6e-8d94-2d66-484f-43ea602335f9,92.27,1410,1593,0,0,73511,47
2026/07/24 16:22:07.309,2026/07/24 16:22:07.295,2026/07/24 16:22:07.322,1,GPU-713d5b24-2a1e-fd4a-7685-c3d195ff9230,83.73,1410,1593,0,0,73511,36
2026/07/24 16:22:07.557,2026/07/24 16:22:07.545,2026/07/24 16:22:07.569,0,GPU-e2681f6e-8d94-2d66-484f-43ea602335f9,92.00,1410,1593,0,0,73511,47
2026/07/24 16:22:07.557,2026/07/24 16:22:07.545,2026/07/24 16:22:07.569,1,GPU-713d5b24-2a1e-fd4a-7685-c3d195ff9230,83.73,1410,1593,0,0,73511,36
2026/07/24 16:22:07.808,2026/07/24 16:22:07.795,2026/07/24 16:22:07.820,0,GPU-e2681f6e-8d94-2d66-484f-43ea602335f9,92.00,1410,1593,0,0,73511,47
2026/07/24 16:22:07.808,2026/07/24 16:22:07.795,2026/07/24 16:22:07.820,1,GPU-713d5b24-2a1e-fd4a-7685-c3d195ff9230,83.73,1410,1593,0,0,73511,36
2026/07/24 16:22:08.061,2026/07/24 16:22:08.045,2026/07/24 16:22:08.077,0,GPU-e2681f6e-8d94-2d66-484f-43ea602335f9,92.00,1410,1593,0,0,73511,47
2026/07/24 16:22:08.061,2026/07/24 16:22:08.045,2026/07/24 16:22:08.077,1,GPU-713d5b24-2a1e-fd4a-7685-c3d195ff9230,84.05,1410,1593,0,0,73511,36
2026/07/24 16:22:08.310,2026/07/24 16:22:08.295,2026/07/24 16:22:08.324,0,GPU-e2681f6e-8d94-2d66-484f-43ea602335f9,92.00,1410,1593,0,0,73511,47
2026/07/24 16:22:08.310,2026/07/24 16:22:08.295,2026/07/24 16:22:08.324,1,GPU-713d5b24-2a1e-fd4a-7685-c3d195ff9230,83.73,1410,1593,0,0,73511,36
2026/07/24 16:22:08.557,2026/07/24 16:22:08.545,2026/07/24 16:22:08.569,0,GPU-e2681f6e-8d94-2d66-484f-43ea602335f9,91.68,1410,1593,0,0,73511,46
2026/07/24 16:22:08.557,2026/07/24 16:22:08.545,2026/07/24 16:22:08.569,1,GPU-713d5b24-2a1e-fd4a-7685-c3d195ff9230,83.73,1410,1593,0,0,73511,36
2026/07/24 16:22:08.808,2026/07/24 16:22:08.796,2026/07/24 16:22:08.821,0,GPU-e2681f6e-8d94-2d66-484f-43ea602335f9,92.00,1410,1593,0,0,73511,46
2026/07/24 16:22:08.808,2026/07/24 16:22:08.796,2026/07/24 16:22:08.821,1,GPU-713d5b24-2a1e-fd4a-7685-c3d195ff9230,83.73,1410,1593,0,0,73511,36
2026/07/24 16:22:09.060,2026/07/24 16:22:09.046,2026/07/24 16:22:09.074,0,GPU-e2681f6e-8d94-2d66-484f-43ea602335f9,92.00,1410,1593,0,0,73511,46
2026/07/24 16:22:09.060,2026/07/24 16:22:09.046,2026/07/24 16:22:09.074,1,GPU-713d5b24-2a1e-fd4a-7685-c3d195ff9230,84.05,1410,1593,0,0,73511,36
2026/07/24 16:22:09.309,2026/07/24 16:22:09.296,2026/07/24 16:22:09.322,0,GPU-e2681f6e-8d94-2d66-484f-43ea602335f9,92.00,1410,1593,0,0,73511,46
2026/07/24 16:22:09.309,2026/07/24 16:22:09.296,2026/07/24 16:22:09.322,1,GPU-713d5b24-2a1e-fd4a-7685-c3d195ff9230,83.73,1410,1593,0,0,73511,36
2026/07/24 16:22:09.558,2026/07/24 16:22:09.546,2026/07/24 16:22:09.569,0,GPU-e2681f6e-8d94-2d66-484f-43ea602335f9,91.68,1410,1593,0,0,73511,46
2026/07/24 16:22:09.558,2026/07/24 16:22:09.546,2026/07/24 16:22:09.569,1,GPU-713d5b24-2a1e-fd4a-7685-c3d195ff9230,83.82,1410,1593,0,0,73511,36
2026/07/24 16:22:09.810,2026/07/24 16:22:09.796,2026/07/24 16:22:09.824,0,GPU-e2681f6e-8d94-2d66-484f-43ea602335f9,91.68,1410,1593,0,0,73511,46
2026/07/24 16:22:09.810,2026/07/24 16:22:09.796,2026/07/24 16:22:09.824,1,GPU-713d5b24-2a1e-fd4a-7685-c3d195ff9230,83.73,1410,1593,0,0,73511,36
2026/07/24 16:22:10.059,2026/07/24 16:22:10.046,2026/07/24 16:22:10.072,0,GPU-e2681f6e-8d94-2d66-484f-43ea602335f9,92.00,1410,1593,0,0,73511,46
2026/07/24 16:22:10.059,2026/07/24 16:22:10.046,2026/07/24 16:22:10.072,1,GPU-713d5b24-2a1e-fd4a-7685-c3d195ff9230,83.73,1410,1593,0,0,73511,36
2026/07/24 16:22:10.309,2026/07/24 16:22:10.296,2026/07/24 16:22:10.323,0,GPU-e2681f6e-8d94-2d66-484f-43ea602335f9,91.68,1410,1593,0,0,73511,46
2026/07/24 16:22:10.309,2026/07/24 16:22:10.296,2026/07/24 16:22:10.323,1,GPU-713d5b24-2a1e-fd4a-7685-c3d195ff9230,83.73,1410,1593,0,0,73511,36
2026/07/24 16:22:10.561,2026/07/24 16:22:10.546,2026/07/24 16:22:10.576,0,GPU-e2681f6e-8d94-2d66-484f-43ea602335f9,91.68,1410,1593,0,0,73511,46
2026/07/24 16:22:10.561,2026/07/24 16:22:10.546,2026/07/24 16:22:10.576,1,GPU-713d5b24-2a1e-fd4a-7685-c3d195ff9230,83.73,1410,1593,0,0,73511,36
2026/07/24 16:22:10.811,2026/07/24 16:22:10.796,2026/07/24 16:22:10.825,0,GPU-e2681f6e-8d94-2d66-484f-43ea602335f9,91.68,1410,1593,0,0,73511,46
2026/07/24 16:22:10.811,2026/07/24 16:22:10.796,2026/07/24 16:22:10.825,1,GPU-713d5b24-2a1e-fd4a-7685-c3d195ff9230,83.82,1410,1593,0,0,73511,36
2026/07/24 16:22:11.062,2026/07/24 16:22:11.046,2026/07/24 16:22:11.077,0,GPU-e2681f6e-8d94-2d66-484f-43ea602335f9,91.40,1410,1593,0,0,73511,46
2026/07/24 16:22:11.062,2026/07/24 16:22:11.046,2026/07/24 16:22:11.077,1,GPU-713d5b24-2a1e-fd4a-7685-c3d195ff9230,83.73,1410,1593,0,0,73511,36
2026/07/24 16:22:11.311,2026/07/24 16:22:11.296,2026/07/24 16:22:11.325,0,GPU-e2681f6e-8d94-2d66-484f-43ea602335f9,91.40,1410,1593,0,0,73511,46
2026/07/24 16:22:11.311,2026/07/24 16:22:11.296,2026/07/24 16:22:11.325,1,GPU-713d5b24-2a1e-fd4a-7685-c3d195ff9230,83.82,1410,1593,0,0,73511,36
2026/07/24 16:22:11.561,2026/07/24 16:22:11.546,2026/07/24 16:22:11.575,0,GPU-e2681f6e-8d94-2d66-484f-43ea602335f9,91.68,1410,1593,0,0,73511,46
2026/07/24 16:22:11.561,2026/07/24 16:22:11.546,2026/07/24 16:22:11.575,1,GPU-713d5b24-2a1e-fd4a-7685-c3d195ff9230,83.73,1410,1593,0,0,73511,36
2026/07/24 16:22:11.811,2026/07/24 16:22:11.797,2026/07/24 16:22:11.826,0,GPU-e2681f6e-8d94-2d66-484f-43ea602335f9,91.40,1410,1593,0,0,73511,46
2026/07/24 16:22:11.811,2026/07/24 16:22:11.797,2026/07/24 16:22:11.826,1,GPU-713d5b24-2a1e-fd4a-7685-c3d195ff9230,84.05,1410,1593,0,0,73511,36
2026/07/24 16:22:12.062,2026/07/24 16:22:12.047,2026/07/24 16:22:12.077,0,GPU-e2681f6e-8d94-2d66-484f-43ea602335f9,91.40,1410,1593,0,0,73511,46
2026/07/24 16:22:12.062,2026/07/24 16:22:12.047,2026/07/24 16:22:12.077,1,GPU-713d5b24-2a1e-fd4a-7685-c3d195ff9230,84.14,1410,1593,0,0,73511,35
2026/07/24 16:22:12.312,2026/07/24 16:22:12.297,2026/07/24 16:22:12.327,0,GPU-e2681f6e-8d94-2d66-484f-43ea602335f9,91.40,1410,1593,0,0,73511,46
2026/07/24 16:22:12.312,2026/07/24 16:22:12.297,2026/07/24 16:22:12.327,1,GPU-713d5b24-2a1e-fd4a-7685-c3d195ff9230,83.73,1410,1593,0,0,73511,35
2026/07/24 16:22:12.561,2026/07/24 16:22:12.547,2026/07/24 16:22:12.575,0,GPU-e2681f6e-8d94-2d66-484f-43ea602335f9,91.40,1410,1593,0,0,73511,46
2026/07/24 16:22:12.561,2026/07/24 16:22:12.547,2026/07/24 16:22:12.575,1,GPU-713d5b24-2a1e-fd4a-7685-c3d195ff9230,83.73,1410,1593,0,0,73511,35
2026/07/24 16:22:12.812,2026/07/24 16:22:12.797,2026/07/24 16:22:12.827,0,GPU-e2681f6e-8d94-2d66-484f-43ea602335f9,91.68,1410,1593,0,0,73511,46
2026/07/24 16:22:12.812,2026/07/24 16:22:12.797,2026/07/24 16:22:12.827,1,GPU-713d5b24-2a1e-fd4a-7685-c3d195ff9230,83.73,1410,1593,0,0,73511,35
2026/07/24 16:22:13.063,2026/07/24 16:22:13.047,2026/07/24 16:22:13.078,0,GPU-e2681f6e-8d94-2d66-484f-43ea602335f9,91.07,1410,1593,0,0,73511,46
2026/07/24 16:22:13.063,2026/07/24 16:22:13.047,2026/07/24 16:22:13.078,1,GPU-713d5b24-2a1e-fd4a-7685-c3d195ff9230,83.73,1410,1593,0,0,73511,35
2026/07/24 16:22:13.311,2026/07/24 16:22:13.297,2026/07/24 16:22:13.326,0,GPU-e2681f6e-8d94-2d66-484f-43ea602335f9,91.40,1410,1593,0,0,73511,45
2026/07/24 16:22:13.311,2026/07/24 16:22:13.297,2026/07/24 16:22:13.326,1,GPU-713d5b24-2a1e-fd4a-7685-c3d195ff9230,83.73,1410,1593,0,0,73511,35
2026/07/24 16:22:13.579,2026/07/24 16:22:13.547,2026/07/24 16:22:13.610,0,GPU-e2681f6e-8d94-2d66-484f-43ea602335f9,94.71,1410,1593,0,0,73511,46
2026/07/24 16:22:13.579,2026/07/24 16:22:13.547,2026/07/24 16:22:13.610,1,GPU-713d5b24-2a1e-fd4a-7685-c3d195ff9230,86.17,1410,1593,0,0,73511,36
2026/07/24 16:22:13.812,2026/07/24 16:22:13.797,2026/07/24 16:22:13.827,0,GPU-e2681f6e-8d94-2d66-484f-43ea602335f9,91.40,1410,1593,0,0,73511,45
2026/07/24 16:22:13.812,2026/07/24 16:22:13.797,2026/07/24 16:22:13.827,1,GPU-713d5b24-2a1e-fd4a-7685-c3d195ff9230,83.46,1410,1593,0,0,73511,35
2026/07/24 16:22:14.063,2026/07/24 16:22:14.047,2026/07/24 16:22:14.078,0,GPU-e2681f6e-8d94-2d66-484f-43ea602335f9,91.07,1410,1593,0,0,73511,45
2026/07/24 16:22:14.063,2026/07/24 16:22:14.047,2026/07/24 16:22:14.078,1,GPU-713d5b24-2a1e-fd4a-7685-c3d195ff9230,83.73,1410,1593,0,0,73511,35
2026/07/24 16:22:14.312,2026/07/24 16:22:14.297,2026/07/24 16:22:14.327,0,GPU-e2681f6e-8d94-2d66-484f-43ea602335f9,91.07,1410,1593,0,0,73511,45
2026/07/24 16:22:14.312,2026/07/24 16:22:14.297,2026/07/24 16:22:14.327,1,GPU-713d5b24-2a1e-fd4a-7685-c3d195ff9230,83.73,1410,1593,0,0,73511,35
2026/07/24 16:22:14.562,2026/07/24 16:22:14.547,2026/07/24 16:22:14.576,0,GPU-e2681f6e-8d94-2d66-484f-43ea602335f9,91.07,1410,1593,0,0,73511,45
2026/07/24 16:22:14.562,2026/07/24 16:22:14.547,2026/07/24 16:22:14.576,1,GPU-713d5b24-2a1e-fd4a-7685-c3d195ff9230,83.46,1410,1593,0,0,73511,35
2026/07/24 16:22:14.812,2026/07/24 16:22:14.798,2026/07/24 16:22:14.826,0,GPU-e2681f6e-8d94-2d66-484f-43ea602335f9,91.07,1410,1593,0,0,73511,45
2026/07/24 16:22:14.812,2026/07/24 16:22:14.798,2026/07/24 16:22:14.826,1,GPU-713d5b24-2a1e-fd4a-7685-c3d195ff9230,83.73,1410,1593,0,0,73511,35
2026/07/24 16:22:15.063,2026/07/24 16:22:15.048,2026/07/24 16:22:15.079,0,GPU-e2681f6e-8d94-2d66-484f-43ea602335f9,91.07,1410,1593,0,0,73511,45
2026/07/24 16:22:15.063,2026/07/24 16:22:15.048,2026/07/24 16:22:15.079,1,GPU-713d5b24-2a1e-fd4a-7685-c3d195ff9230,83.73,1410,1593,0,0,73511,35
2026/07/24 16:22:15.313,2026/07/24 16:22:15.298,2026/07/24 16:22:15.328,0,GPU-e2681f6e-8d94-2d66-484f-43ea602335f9,91.40,1410,1593,0,0,73511,45
2026/07/24 16:22:15.313,2026/07/24 16:22:15.298,2026/07/24 16:22:15.328,1,GPU-713d5b24-2a1e-fd4a-7685-c3d195ff9230,83.82,1410,1593,0,0,73511,35
2026/07/24 16:22:15.561,2026/07/24 16:22:15.548,2026/07/24 16:22:15.575,0,GPU-e2681f6e-8d94-2d66-484f-43ea602335f9,91.07,1410,1593,0,0,73511,45
2026/07/24 16:22:15.561,2026/07/24 16:22:15.548,2026/07/24 16:22:15.575,1,GPU-713d5b24-2a1e-fd4a-7685-c3d195ff9230,83.73,1410,1593,0,0,73511,35
2026/07/24 16:22:15.812,2026/07/24 16:22:15.798,2026/07/24 16:22:15.827,0,GPU-e2681f6e-8d94-2d66-484f-43ea602335f9,91.40,1410,1593,0,0,73511,45
2026/07/24 16:22:15.812,2026/07/24 16:22:15.798,2026/07/24 16:22:15.827,1,GPU-713d5b24-2a1e-fd4a-7685-c3d195ff9230,83.73,1410,1593,0,0,73511,35
2026/07/24 16:22:16.063,2026/07/24 16:22:16.048,2026/07/24 16:22:16.077,0,GPU-e2681f6e-8d94-2d66-484f-43ea602335f9,91.07,1410,1593,0,0,73511,45
2026/07/24 16:22:16.063,2026/07/24 16:22:16.048,2026/07/24 16:22:16.077,1,GPU-713d5b24-2a1e-fd4a-7685-c3d195ff9230,83.22,1410,1593,0,0,73511,35
2026/07/24 16:22:16.314,2026/07/24 16:22:16.298,2026/07/24 16:22:16.329,0,GPU-e2681f6e-8d94-2d66-484f-43ea602335f9,91.07,1410,1593,0,0,73511,45
2026/07/24 16:22:16.314,2026/07/24 16:22:16.298,2026/07/24 16:22:16.329,1,GPU-713d5b24-2a1e-fd4a-7685-c3d195ff9230,83.14,1410,1593,0,0,73511,35
2026/07/24 16:22:16.562,2026/07/24 16:22:16.548,2026/07/24 16:22:16.575,0,GPU-e2681f6e-8d94-2d66-484f-43ea602335f9,91.40,1410,1593,0,0,73511,45
2026/07/24 16:22:16.562,2026/07/24 16:22:16.548,2026/07/24 16:22:16.575,1,GPU-713d5b24-2a1e-fd4a-7685-c3d195ff9230,83.14,1410,1593,0,0,73511,35
2026/07/24 16:22:16.813,2026/07/24 16:22:16.798,2026/07/24 16:22:16.827,0,GPU-e2681f6e-8d94-2d66-484f-43ea602335f9,91.07,1410,1593,0,0,73511,45
2026/07/24 16:22:16.813,2026/07/24 16:22:16.798,2026/07/24 16:22:16.827,1,GPU-713d5b24-2a1e-fd4a-7685-c3d195ff9230,83.14,1410,1593,0,0,73511,35
2026/07/24 16:22:17.063,2026/07/24 16:22:17.048,2026/07/24 16:22:17.077,0,GPU-e2681f6e-8d94-2d66-484f-43ea602335f9,91.07,1410,1593,0,0,73511,45
2026/07/24 16:22:17.063,2026/07/24 16:22:17.048,2026/07/24 16:22:17.077,1,GPU-713d5b24-2a1e-fd4a-7685-c3d195ff9230,83.14,1410,1593,0,0,73511,35
2026/07/24 16:22:17.313,2026/07/24 16:22:17.298,2026/07/24 16:22:17.327,0,GPU-e2681f6e-8d94-2d66-484f-43ea602335f9,91.40,1410,1593,0,0,73511,45
2026/07/24 16:22:17.313,2026/07/24 16:22:17.298,2026/07/24 16:22:17.327,1,GPU-713d5b24-2a1e-fd4a-7685-c3d195ff9230,83.46,1410,1593,0,0,73511,35
2026/07/24 16:22:17.562,2026/07/24 16:22:17.548,2026/07/24 16:22:17.577,0,GPU-e2681f6e-8d94-2d66-484f-43ea602335f9,91.40,1410,1593,0,0,73511,45
2026/07/24 16:22:17.562,2026/07/24 16:22:17.548,2026/07/24 16:22:17.577,1,GPU-713d5b24-2a1e-fd4a-7685-c3d195ff9230,83.14,1410,1593,0,0,73511,35
2026/07/24 16:22:17.813,2026/07/24 16:22:17.798,2026/07/24 16:22:17.827,0,GPU-e2681f6e-8d94-2d66-484f-43ea602335f9,90.81,1410,1593,0,0,73511,45
2026/07/24 16:22:17.813,2026/07/24 16:22:17.798,2026/07/24 16:22:17.827,1,GPU-713d5b24-2a1e-fd4a-7685-c3d195ff9230,83.46,1410,1593,0,0,73511,35
2026/07/24 16:22:18.062,2026/07/24 16:22:18.048,2026/07/24 16:22:18.075,0,GPU-e2681f6e-8d94-2d66-484f-43ea602335f9,91.07,1410,1593,0,0,73511,45
2026/07/24 16:22:18.062,2026/07/24 16:22:18.048,2026/07/24 16:22:18.075,1,GPU-713d5b24-2a1e-fd4a-7685-c3d195ff9230,83.46,1410,1593,0,0,73511,35
2026/07/24 16:22:18.314,2026/07/24 16:22:18.298,2026/07/24 16:22:18.329,0,GPU-e2681f6e-8d94-2d66-484f-43ea602335f9,90.81,1410,1593,0,0,73511,45
2026/07/24 16:22:18.314,2026/07/24 16:22:18.298,2026/07/24 16:22:18.329,1,GPU-713d5b24-2a1e-fd4a-7685-c3d195ff9230,83.46,1410,1593,0,0,73511,35
2026/07/24 16:22:18.564,2026/07/24 16:22:18.549,2026/07/24 16:22:18.580,0,GPU-e2681f6e-8d94-2d66-484f-43ea602335f9,90.81,1410,1593,0,0,73511,45
2026/07/24 16:22:18.564,2026/07/24 16:22:18.549,2026/07/24 16:22:18.580,1,GPU-713d5b24-2a1e-fd4a-7685-c3d195ff9230,83.22,1410,1593,0,0,73511,35
2026/07/24 16:22:18.813,2026/07/24 16:22:18.799,2026/07/24 16:22:18.827,0,GPU-e2681f6e-8d94-2d66-484f-43ea602335f9,90.81,1410,1593,0,0,73511,45
2026/07/24 16:22:18.813,2026/07/24 16:22:18.799,2026/07/24 16:22:18.827,1,GPU-713d5b24-2a1e-fd4a-7685-c3d195ff9230,83.14,1410,1593,0,0,73511,35
2026/07/24 16:22:19.063,2026/07/24 16:22:19.049,2026/07/24 16:22:19.077,0,GPU-e2681f6e-8d94-2d66-484f-43ea602335f9,90.81,1410,1593,0,0,73511,45
2026/07/24 16:22:19.063,2026/07/24 16:22:19.049,2026/07/24 16:22:19.077,1,GPU-713d5b24-2a1e-fd4a-7685-c3d195ff9230,83.46,1410,1593,0,0,73511,35
2026/07/24 16:22:19.314,2026/07/24 16:22:19.299,2026/07/24 16:22:19.328,0,GPU-e2681f6e-8d94-2d66-484f-43ea602335f9,90.81,1410,1593,0,0,73511,45
2026/07/24 16:22:19.314,2026/07/24 16:22:19.299,2026/07/24 16:22:19.328,1,GPU-713d5b24-2a1e-fd4a-7685-c3d195ff9230,83.14,1410,1593,0,0,73511,35
2026/07/24 16:22:19.564,2026/07/24 16:22:19.549,2026/07/24 16:22:19.578,0,GPU-e2681f6e-8d94-2d66-484f-43ea602335f9,90.81,1410,1593,0,0,73511,45
2026/07/24 16:22:19.564,2026/07/24 16:22:19.549,2026/07/24 16:22:19.578,1,GPU-713d5b24-2a1e-fd4a-7685-c3d195ff9230,83.14,1410,1593,0,0,73511,35
2026/07/24 16:22:19.812,2026/07/24 16:22:19.799,2026/07/24 16:22:19.826,0,GPU-e2681f6e-8d94-2d66-484f-43ea602335f9,91.07,1410,1593,0,0,73511,45
2026/07/24 16:22:19.812,2026/07/24 16:22:19.799,2026/07/24 16:22:19.826,1,GPU-713d5b24-2a1e-fd4a-7685-c3d195ff9230,83.14,1410,1593,0,0,73511,35
2026/07/24 16:22:20.063,2026/07/24 16:22:20.049,2026/07/24 16:22:20.077,0,GPU-e2681f6e-8d94-2d66-484f-43ea602335f9,90.81,1410,1593,0,0,73511,45
2026/07/24 16:22:20.063,2026/07/24 16:22:20.049,2026/07/24 16:22:20.077,1,GPU-713d5b24-2a1e-fd4a-7685-c3d195ff9230,83.14,1410,1593,0,0,73511,35
2026/07/24 16:22:20.313,2026/07/24 16:22:20.299,2026/07/24 16:22:20.327,0,GPU-e2681f6e-8d94-2d66-484f-43ea602335f9,90.48,1410,1593,0,0,73511,45
2026/07/24 16:22:20.313,2026/07/24 16:22:20.299,2026/07/24 16:22:20.327,1,GPU-713d5b24-2a1e-fd4a-7685-c3d195ff9230,83.14,1410,1593,0,0,73511,35
2026/07/24 16:22:20.564,2026/07/24 16:22:20.549,2026/07/24 16:22:20.578,0,GPU-e2681f6e-8d94-2d66-484f-43ea602335f9,90.81,1410,1593,0,0,73511,44
2026/07/24 16:22:20.564,2026/07/24 16:22:20.549,2026/07/24 16:22:20.578,1,GPU-713d5b24-2a1e-fd4a-7685-c3d195ff9230,83.14,1410,1593,0,0,73511,35
2026/07/24 16:22:20.815,2026/07/24 16:22:20.799,2026/07/24 16:22:20.830,0,GPU-e2681f6e-8d94-2d66-484f-43ea602335f9,91.07,1410,1593,0,0,73511,44
2026/07/24 16:22:20.815,2026/07/24 16:22:20.799,2026/07/24 16:22:20.830,1,GPU-713d5b24-2a1e-fd4a-7685-c3d195ff9230,83.14,1410,1593,0,0,73511,35
2026/07/24 16:22:21.063,2026/07/24 16:22:21.049,2026/07/24 16:22:21.077,0,GPU-e2681f6e-8d94-2d66-484f-43ea602335f9,90.81,1410,1593,0,0,73511,44
2026/07/24 16:22:21.063,2026/07/24 16:22:21.049,2026/07/24 16:22:21.077,1,GPU-713d5b24-2a1e-fd4a-7685-c3d195ff9230,83.14,1410,1593,0,0,73511,35
2026/07/24 16:22:21.315,2026/07/24 16:22:21.299,2026/07/24 16:22:21.330,0,GPU-e2681f6e-8d94-2d66-484f-43ea602335f9,90.81,1410,1593,0,0,73511,44
2026/07/24 16:22:21.315,2026/07/24 16:22:21.299,2026/07/24 16:22:21.330,1,GPU-713d5b24-2a1e-fd4a-7685-c3d195ff9230,83.14,1410,1593,0,0,73511,35
2026/07/24 16:22:21.563,2026/07/24 16:22:21.549,2026/07/24 16:22:21.577,0,GPU-e2681f6e-8d94-2d66-484f-43ea602335f9,90.48,1410,1593,0,0,73511,44
2026/07/24 16:22:21.563,2026/07/24 16:22:21.549,2026/07/24 16:22:21.577,1,GPU-713d5b24-2a1e-fd4a-7685-c3d195ff9230,83.14,1410,1593,0,0,73511,35
2026/07/24 16:22:21.814,2026/07/24 16:22:21.799,2026/07/24 16:22:21.828,0,GPU-e2681f6e-8d94-2d66-484f-43ea602335f9,90.81,1410,1593,0,0,73511,44
2026/07/24 16:22:21.814,2026/07/24 16:22:21.799,2026/07/24 16:22:21.828,1,GPU-713d5b24-2a1e-fd4a-7685-c3d195ff9230,83.46,1410,1593,0,0,73511,35
2026/07/24 16:22:22.063,2026/07/24 16:22:22.050,2026/07/24 16:22:22.077,0,GPU-e2681f6e-8d94-2d66-484f-43ea602335f9,90.81,1410,1593,0,0,73511,44
2026/07/24 16:22:22.063,2026/07/24 16:22:22.050,2026/07/24 16:22:22.077,1,GPU-713d5b24-2a1e-fd4a-7685-c3d195ff9230,83.46,1410,1593,0,0,73511,35
2026/07/24 16:22:22.314,2026/07/24 16:22:22.300,2026/07/24 16:22:22.329,0,GPU-e2681f6e-8d94-2d66-484f-43ea602335f9,90.81,1410,1593,0,0,73511,44
2026/07/24 16:22:22.314,2026/07/24 16:22:22.300,2026/07/24 16:22:22.329,1,GPU-713d5b24-2a1e-fd4a-7685-c3d195ff9230,83.46,1410,1593,0,0,73511,35
2026/07/24 16:22:22.565,2026/07/24 16:22:22.550,2026/07/24 16:22:22.580,0,GPU-e2681f6e-8d94-2d66-484f-43ea602335f9,90.48,1410,1593,0,0,73511,44
2026/07/24 16:22:22.565,2026/07/24 16:22:22.550,2026/07/24 16:22:22.580,1,GPU-713d5b24-2a1e-fd4a-7685-c3d195ff9230,83.22,1410,1593,0,0,73511,35
2026/07/24 16:22:22.814,2026/07/24 16:22:22.800,2026/07/24 16:22:22.828,0,GPU-e2681f6e-8d94-2d66-484f-43ea602335f9,90.48,1410,1593,0,0,73511,44
2026/07/24 16:22:22.814,2026/07/24 16:22:22.800,2026/07/24 16:22:22.828,1,GPU-713d5b24-2a1e-fd4a-7685-c3d195ff9230,83.14,1410,1593,0,0,73511,35
2026/07/24 16:22:23.064,2026/07/24 16:22:23.050,2026/07/24 16:22:23.078,0,GPU-e2681f6e-8d94-2d66-484f-43ea602335f9,90.81,1410,1593,0,0,73511,44
2026/07/24 16:22:23.064,2026/07/24 16:22:23.050,2026/07/24 16:22:23.078,1,GPU-713d5b24-2a1e-fd4a-7685-c3d195ff9230,83.46,1410,1593,0,0,73511,35
2026/07/24 16:22:23.314,2026/07/24 16:22:23.300,2026/07/24 16:22:23.328,0,GPU-e2681f6e-8d94-2d66-484f-43ea602335f9,90.48,1410,1593,0,0,73511,44
2026/07/24 16:22:23.314,2026/07/24 16:22:23.300,2026/07/24 16:22:23.328,1,GPU-713d5b24-2a1e-fd4a-7685-c3d195ff9230,83.14,1410,1593,0,0,73511,35
2026/07/24 16:22:23.564,2026/07/24 16:22:23.550,2026/07/24 16:22:23.578,0,GPU-e2681f6e-8d94-2d66-484f-43ea602335f9,91.07,1410,1593,0,0,73511,44
2026/07/24 16:22:23.564,2026/07/24 16:22:23.550,2026/07/24 16:22:23.578,1,GPU-713d5b24-2a1e-fd4a-7685-c3d195ff9230,83.14,1410,1593,0,0,73511,35
2026/07/24 16:22:23.814,2026/07/24 16:22:23.800,2026/07/24 16:22:23.827,0,GPU-e2681f6e-8d94-2d66-484f-43ea602335f9,90.48,1410,1593,0,0,73511,44
2026/07/24 16:22:23.814,2026/07/24 16:22:23.800,2026/07/24 16:22:23.827,1,GPU-713d5b24-2a1e-fd4a-7685-c3d195ff9230,83.14,1410,1593,0,0,73511,35
2026/07/24 16:22:24.066,2026/07/24 16:22:24.050,2026/07/24 16:22:24.082,0,GPU-e2681f6e-8d94-2d66-484f-43ea602335f9,90.48,1410,1593,0,0,73511,44
2026/07/24 16:22:24.066,2026/07/24 16:22:24.050,2026/07/24 16:22:24.082,1,GPU-713d5b24-2a1e-fd4a-7685-c3d195ff9230,83.46,1410,1593,0,0,73511,35
2026/07/24 16:22:24.315,2026/07/24 16:22:24.300,2026/07/24 16:22:24.329,0,GPU-e2681f6e-8d94-2d66-484f-43ea602335f9,90.81,1410,1593,0,0,73511,44
2026/07/24 16:22:24.315,2026/07/24 16:22:24.300,2026/07/24 16:22:24.329,1,GPU-713d5b24-2a1e-fd4a-7685-c3d195ff9230,83.14,1410,1593,0,0,73511,35
2026/07/24 16:22:24.563,2026/07/24 16:22:24.550,2026/07/24 16:22:24.576,0,GPU-e2681f6e-8d94-2d66-484f-43ea602335f9,90.81,1410,1593,0,0,73511,44
2026/07/24 16:22:24.563,2026/07/24 16:22:24.550,2026/07/24 16:22:24.576,1,GPU-713d5b24-2a1e-fd4a-7685-c3d195ff9230,83.46,1410,1593,0,0,73511,35
2026/07/24 16:22:24.814,2026/07/24 16:22:24.800,2026/07/24 16:22:24.828,0,GPU-e2681f6e-8d94-2d66-484f-43ea602335f9,90.48,1410,1593,0,0,73511,44
2026/07/24 16:22:24.814,2026/07/24 16:22:24.800,2026/07/24 16:22:24.828,1,GPU-713d5b24-2a1e-fd4a-7685-c3d195ff9230,83.46,1410,1593,0,0,73511,35
