{
  "config_id": "gpt-oss-120b_A100_tp8",
  "gmm_means": [
    517.2218458162963,
    598.871197274417,
    638.1667208374786,
    695.3136684538028,
    858.9947609604925,
    1066.4243786125905,
    1067.936597301762,
    1153.3449309026935,
    1164.067994922878,
    1208.962411473772,
    1220.3886958031605,
    1264.1877628984673,
    1330.44411516664,
    1388.6234639422717,
    1448.715678762669,
    1516.9293574145313,
    1602.0013376676163,
    1693.698908456483
  ],
  "min_run_length": 5,
  "num_ar1_states": 12,
  "num_iid_states": 6,
  "phi": [
    0.8925041936036939,
    0.794968102657774,
    0.8289174675284086,
    0.0,
    0.0,
    0.0,
    0.5976320634298299,
    0.5650250019038883,
    0.6169291836269806,
    0.4004540469619787,
    0.4303301221712012,
    0.2997992689323792,
    0.22899672976037413,
    0.0,
    0.3522880428648385,
    0.30801984806014415,
    0.3579597303576964,
    0.619802027560382
  ],
  "phi_above_threshold": [
    true,
    true,
    true,
    false,
    false,
    false,
    true,
    true,
    true,
    true,
    true,
    false,
    false,
    false,
    true,
    true,
    true,
    true
  ],
  "phi_threshold": 0.3,
  "sigma_innov": [
    0.656849572376579,
    27.568580645573334,
    2.1735681152832025,
    67.2546647720058,
    52.97242790198909,
    87.28159581549664,
    5.153619960989414,
    5.314834747245834,
    6.601435209466525,
    14.228444767112064,
    5.394897064697532,
    11.65736581628455,
    17.79842980869262,
    15.928567885091956,
    21.058512888152535,
    28.27228311892386,
    37.397990989226976,
    64.36507876937637
  ],
  "sigma_marginal": [
    1.456302970140791,
    45.44387161632716,
    3.885736667976974,
    67.2546647720058,
    52.97242790198909,
    87.28159581549664,
    6.42779951716893,
    6.441647834919873,
    8.387901691907288,
    15.527865584912409,
    5.976589015274089,
    12.21943149676993,
    18.284294869101544,
    15.928567885091956,
    22.5010164770063,
    29.717132132247748,
    40.05195252710218,
    82.0189939132327
  ]
}