{
  "config_id": "gpt-oss-20b_A100_tp2",
  "gmm_means": [
    115.42766178716556,
    128.9263650383188,
    136.3784139641117,
    145.81966128333013,
    168.00711362075805,
    196.11850886560896,
    265.9465972786169,
    299.68426783258707,
    331.3655381899723,
    369.8804857563233,
    396.3542143416997,
    415.1321555545672,
    436.09672753735515,
    446.73287734648824,
    464.9800968983597,
    483.8230694428035,
    506.270614197967,
    526.6969197024652,
    548.6915360673206,
    574.6888061954733
  ],
  "min_run_length": 5,
  "num_ar1_states": 8,
  "num_iid_states": 12,
  "phi": [
    0.0,
    0.0,
    0.8912066893131854,
    0.8379485937102059,
    0.8868455666919499,
    0.0,
    0.0,
    0.0,
    0.0,
    0.6411389270641531,
    0.0,
    0.6846034401787816,
    0.0,
    0.04802245261540551,
    0.46242518495920953,
    0.0,
    0.1340958803888297,
    0.28487209484867443,
    0.4474222345143523,
    0.6602198062285316
  ],
  "phi_above_threshold": [
    false,
    false,
    true,
    true,
    true,
    false,
    false,
    false,
    false,
    true,
    false,
    true,
    false,
    false,
    true,
    false,
    false,
    false,
    true,
    true
  ],
  "phi_threshold": 0.3,
  "sigma_innov": [
    1.3763323552770792,
    0.2973032958717723,
    0.25767095588072336,
    3.120027937216715,
    0.7832829061391421,
    22.942854701327803,
    13.7960789512788,
    9.86696652602941,
    14.867869098677858,
    4.404938948379726,
    8.14968278392573,
    3.3778870431427874,
    4.379150110942854,
    5.607073457873127,
    5.6123662716586455,
    7.123413929524204,
    7.436824700272625,
    7.9825002904378835,
    9.35079036820742,
    14.014013811160602
  ],
  "sigma_marginal": [
    1.3763323552770792,
    0.2973032958717723,
    0.5680608697624889,
    5.716963250784529,
    1.6951755664817434,
    22.942854701327803,
    13.7960789512788,
    9.86696652602941,
    14.867869098677858,
    5.739896276306639,
    8.14968278392573,
    4.6341256491760925,
    4.379150110942854,
    5.613550054983718,
    6.329796095519183,
    7.123413929524204,
    7.504603561543527,
    8.327547756116688,
    10.455721288527313,
    18.658671384947905
  ]
}