{
  "config_id": "gpt-oss-20b_A100_tp1",
  "gmm_means": [
    56.00441347817738,
    57.514465139753035,
    61.3047627906774,
    67.89736186353099,
    81.24304230924218,
    83.19383931500758,
    134.90578822704498,
    166.13095983923998,
    220.31899804095914,
    235.96813714497372,
    241.17858764585398,
    266.2074790392028,
    271.157700247262,
    286.6202684218042,
    294.27987872933835,
    304.21190837827737,
    315.9862572400903,
    324.36140691459667,
    334.63700915207056,
    347.3755274413384
  ],
  "min_run_length": 5,
  "num_ar1_states": 10,
  "num_iid_states": 10,
  "phi": [
    0.0,
    0.0,
    0.0,
    0.8694332848747915,
    0.99,
    0.8230098491288453,
    0.0,
    0.0,
    0.0,
    0.4198814594485063,
    0.42616970123855263,
    0.447834692260939,
    0.5428429830726799,
    0.08237827233634852,
    0.0,
    0.5540517724551594,
    0.34639399212167044,
    0.18774282583933427,
    0.5084389684479385,
    0.0
  ],
  "phi_above_threshold": [
    false,
    false,
    false,
    true,
    true,
    true,
    false,
    false,
    false,
    true,
    true,
    true,
    true,
    false,
    false,
    true,
    true,
    false,
    true,
    false
  ],
  "phi_threshold": 0.3,
  "sigma_innov": [
    0.13146585245949807,
    0.36249091706555975,
    0.646678102258309,
    0.1738125469494447,
    1.6396010321428547,
    0.5380563799212447,
    16.44609870094472,
    2.399836337543071,
    26.51345601179442,
    1.953828131816275,
    2.1398326076215803,
    3.5459242950736494,
    3.410558320630733,
    3.6059158644098623,
    3.8332954487399293,
    3.4650270777098595,
    3.5907784395833966,
    3.467780800819038,
    3.532706698996398,
    10.857522718254772
  ],
  "sigma_marginal": [
    0.13146585245949807,
    0.36249091706555975,
    0.646678102258309,
    0.35181139265255884,
    11.622823553983373,
    0.9472371623377546,
    16.44609870094472,
    2.399836337543071,
    26.51345601179442,
    2.152791358278692,
    2.365388388218239,
    3.9658420338588,
    4.06099000378863,
    3.6182136879730824,
    3.8332954487399293,
    4.162283622887383,
    3.8277583147502665,
    3.5305604506658943,
    4.102560429196997,
    10.857522718254772
  ]
}