{
  "aic": 560564.8214162578,
  "bic": 560821.8748061351,
  "config_id": "deepseek-r1-distill-8b_H100_tp2",
  "covariance_type": "full",
  "k": 10,
  "label_map": [
    9,
    0,
    5,
    3,
    6,
    7,
    4,
    1,
    8,
    2
  ],
  "means": [
    237.5230942656289,
    276.76813756906785,
    352.8687519360905,
    411.37904440829965,
    472.38017106511734,
    544.2399209865372,
    615.5735773277931,
    695.4999256541109,
    762.5310538387691,
    777.1665078433678
  ],
  "order": [
    1,
    7,
    9,
    3,
    6,
    2,
    4,
    5,
    8,
    0
  ],
  "seed": 42,
  "variances": [
    21.866607236147424,
    1506.4910879733586,
    549.9989520724642,
    511.48069664617907,
    605.8430327739622,
    686.2336366447234,
    788.5518892120264,
    1186.410035929072,
    95.07649364367153,
    119.94931580616483
  ],
  "weights": [
    0.3065542857012303,
    0.0712060397156198,
    0.025669142546271353,
    0.026428715791750972,
    0.03455568491444041,
    0.036415110075035756,
    0.039495766201591946,
    0.055856252716753464,
    0.17483360328890474,
    0.2289853990484013
  ]
}