{
  "aic": 337617.66606810316,
  "bic": 337858.87977892626,
  "config_id": "deepseek-r1-distill-70b_A100_tp8",
  "covariance_type": "full",
  "k": 10,
  "label_map": [
    7,
    1,
    9,
    5,
    4,
    0,
    8,
    6,
    3,
    2
  ],
  "means": [
    562.5577818841473,
    705.8945638535829,
    735.4284261734975,
    1299.049403922115,
    1800.9934400352936,
    2025.0547397936646,
    2066.0963796037786,
    2094.9158405361477,
    2277.259544250489,
    2717.0638953546472
  ],
  "order": [
    5,
    1,
    9,
    8,
    4,
    3,
    7,
    0,
    6,
    2
  ],
  "seed": 42,
  "variances": [
    67.73995761179697,
    188.16282571779553,
    23610.50087303437,
    29546.380952989577,
    42152.61128784028,
    329.4455650474894,
    279.26605314378645,
    384.4418107369618,
    22583.480853378762,
    26806.67232040269
  ],
  "weights": [
    0.16879616857579413,
    0.049653053658771436,
    0.012994957254149465,
    0.003746242118553581,
    0.012770679231311567,
    0.238911652679639,
    0.33914641444273624,
    0.14123094919817528,
    0.02415491525531404,
    0.008594967585555117
  ]
}