{
  "aic": 552369.0637222186,
  "bic": 552625.932277529,
  "config_id": "deepseek-r1-distill-8b_H100_tp2",
  "covariance_type": "full",
  "k": 10,
  "label_map": [
    0,
    9,
    5,
    2,
    7,
    3,
    8,
    4,
    1,
    6
  ],
  "means": [
    238.45830835725653,
    286.4671735576616,
    355.9630995721163,
    421.7113719898732,
    485.8154780141911,
    547.5413618934701,
    601.8721827542038,
    654.8509079413674,
    710.6545318828425,
    771.4575071009072
  ],
  "order": [
    0,
    8,
    3,
    5,
    7,
    2,
    9,
    4,
    6,
    1
  ],
  "seed": 42,
  "variances": [
    21.609740693401946,
    590.2856753104284,
    514.0866311443923,
    578.9628632198705,
    540.7393344157815,
    436.63212979991886,
    397.7015694732738,
    410.4904564762494,
    390.88755348258445,
    167.45431911710588
  ],
  "weights": [
    0.26706126230067995,
    0.04927394278421008,
    0.029708261899666178,
    0.027760904313789646,
    0.030329709970562255,
    0.029139845959380538,
    0.02764616187650565,
    0.03286900956984922,
    0.03296025059984541,
    0.47325065072551104
  ]
}