{
  "aic": 253686.74224027657,
  "bic": 253927.49620657467,
  "config_id": "deepseek-r1-distill-8b_A100_tp2",
  "covariance_type": "full",
  "k": 10,
  "label_map": [
    7,
    1,
    3,
    9,
    6,
    4,
    2,
    0,
    8,
    5
  ],
  "means": [
    139.3698730859187,
    155.2117892915958,
    175.34748673247077,
    227.36762516446234,
    371.8759492095976,
    469.99490837261203,
    520.7091459469767,
    528.2658845658519,
    560.3683664714925,
    661.9945188985739
  ],
  "order": [
    7,
    1,
    6,
    2,
    5,
    9,
    4,
    0,
    8,
    3
  ],
  "seed": 42,
  "variances": [
    2.1496692677931217,
    8.61360371868914,
    14.326487010812308,
    2455.029887475644,
    977.1062381052855,
    1536.0962741783194,
    32.40147230042254,
    50.571732791970234,
    1321.571023910076,
    2851.050236373812
  ],
  "weights": [
    0.1619629393709947,
    0.02660718518313995,
    0.11579769821479012,
    0.010782249914715936,
    0.01258026448483109,
    0.011437607243309379,
    0.41335364225770854,
    0.22137947168492042,
    0.019514213105592308,
    0.006584728539997441
  ]
}