{
  "aic": 638488.8103312241,
  "bic": 638746.0501422147,
  "config_id": "deepseek-r1-distill-70b_H100_tp4",
  "covariance_type": "full",
  "k": 10,
  "label_map": [
    7,
    0,
    3,
    9,
    5,
    6,
    2,
    4,
    8,
    1
  ],
  "means": [
    483.83095299190256,
    608.4491285060436,
    867.850374568345,
    1158.8990984147993,
    1512.2266139489668,
    1761.3658578345585,
    1819.393956088758,
    1861.2726714831344,
    1927.4124546537025,
    2001.171201061114
  ],
  "order": [
    1,
    9,
    6,
    2,
    7,
    4,
    5,
    0,
    8,
    3
  ],
  "seed": 42,
  "variances": [
    159.41353605781484,
    5698.914657939955,
    10176.801828115998,
    12643.968340154452,
    19488.578509467025,
    518.6634990198569,
    376.8167591986168,
    360.8000850554632,
    831.7731733208437,
    2733.823301691114
  ],
  "weights": [
    0.1410676870323714,
    0.014389926376163526,
    0.011721187368320944,
    0.014094682190102927,
    0.019176492077714925,
    0.1158094503052365,
    0.19773192778904553,
    0.2836789728631513,
    0.14014227600360954,
    0.06218739799428335
  ]
}