{
  "aic": 324979.44916405284,
  "bic": 325222.8093365788,
  "config_id": "deepseek-r1-distill-8b_A100_tp4",
  "covariance_type": "full",
  "k": 10,
  "label_map": [
    7,
    1,
    5,
    9,
    3,
    0,
    2,
    8,
    4,
    6
  ],
  "means": [
    276.5449362090974,
    288.8361274540214,
    344.92681601987465,
    410.24597071782097,
    575.5661074064805,
    685.9953609960069,
    753.177722230838,
    836.4495704133859,
    858.1637126370873,
    868.6788059757654
  ],
  "order": [
    5,
    1,
    6,
    4,
    8,
    2,
    9,
    0,
    7,
    3
  ],
  "seed": 42,
  "variances": [
    3.14895391282902,
    114.08646329622297,
    49.43495190495985,
    5101.253718825632,
    2376.8886043175175,
    1028.442225922328,
    1064.6395160722755,
    171.86884810696483,
    171.3225148525752,
    2606.3300012454
  ],
  "weights": [
    0.19149352039565057,
    0.06273074562967502,
    0.12115389059201458,
    0.01700913666590589,
    0.006671450490123331,
    0.014667372341815763,
    0.007756295355008159,
    0.21641603347779675,
    0.3256052016907753,
    0.03649635336123468
  ]
}