{
  "aic": 298925.5583787048,
  "bic": 299166.2255696763,
  "config_id": "deepseek-r1-distill-8b_A100_tp4",
  "covariance_type": "full",
  "k": 10,
  "label_map": [
    8,
    1,
    5,
    0,
    2,
    7,
    9,
    3,
    6,
    4
  ],
  "means": [
    276.56472834540534,
    290.45649157207686,
    345.9054900122241,
    409.41178388744305,
    559.2155718161885,
    665.3154520967857,
    786.7388705225064,
    831.3434501880756,
    850.9784365709085,
    867.668745772348
  ],
  "order": [
    3,
    1,
    4,
    7,
    9,
    2,
    8,
    5,
    0,
    6
  ],
  "seed": 42,
  "variances": [
    3.8555578472997456,
    80.70669069932188,
    46.586099184677316,
    4830.127104397254,
    1852.5202192024847,
    977.8921267879937,
    7883.429318312418,
    134.2364074906661,
    119.60053187611913,
    133.8417228789373
  ],
  "weights": [
    0.1681078922477834,
    0.050111807987413146,
    0.14963271107247567,
    0.020193819716496808,
    0.006059730715662452,
    0.007847390401407113,
    0.027200808563465097,
    0.18413243068367513,
    0.20591633103294044,
    0.18079707757868071
  ]
}