{
  "aic": 275270.988985242,
  "bic": 275514.36339220696,
  "config_id": "deepseek-r1-distill-8b_A100_tp2",
  "covariance_type": "full",
  "k": 10,
  "label_map": [
    7,
    1,
    4,
    9,
    5,
    2,
    8,
    0,
    3,
    6
  ],
  "means": [
    138.81504221428503,
    154.1576189847667,
    174.49569305676152,
    180.11883846982633,
    327.1397514150849,
    401.7002094922832,
    516.7324108719139,
    523.2516397253409,
    532.3973883519478,
    583.6374853170321
  ],
  "order": [
    7,
    1,
    5,
    8,
    2,
    4,
    9,
    0,
    6,
    3
  ],
  "seed": 42,
  "variances": [
    1.7649979358250703,
    4.241460296332247,
    16.061500226820158,
    2130.2025076904224,
    20.001444966224934,
    2169.3753336008326,
    35.98574951575761,
    21.88289848746252,
    54.67267643179633,
    5378.309090565713
  ],
  "weights": [
    0.2265373524401123,
    0.03021308640354938,
    0.10103753288512717,
    0.020190341182815354,
    0.0059840194674283505,
    0.01815049922249074,
    0.10200483099649849,
    0.3715031120153386,
    0.1007165965816839,
    0.02366262880495586
  ]
}