{
  "aic": 637064.316154422,
  "bic": 637321.1813584872,
  "config_id": "deepseek-r1-distill-8b_H100_tp8",
  "covariance_type": "full",
  "k": 10,
  "label_map": [
    8,
    0,
    4,
    2,
    6,
    3,
    5,
    9,
    7,
    1
  ],
  "means": [
    946.959323728755,
    1030.5967756026848,
    1202.1999819014613,
    1356.984973866264,
    1509.5343905835855,
    1667.418294895299,
    1801.0763691911586,
    1943.976075873358,
    2050.750921333596,
    2083.176770378144
  ],
  "order": [
    1,
    9,
    3,
    5,
    2,
    6,
    4,
    8,
    0,
    7
  ],
  "seed": 42,
  "variances": [
    33.41059381696005,
    2833.089789010011,
    3446.4309059068632,
    3592.9672168202146,
    3563.249952856088,
    3087.8718610932115,
    2773.590391724065,
    3011.092059925798,
    222.12765380313792,
    224.8869531922489
  ],
  "weights": [
    0.30112502034031036,
    0.08285602011121579,
    0.047353447048911854,
    0.045368186743051014,
    0.05553729209661098,
    0.05200212420483081,
    0.049410184018948054,
    0.06421443048894797,
    0.15352921399796374,
    0.1486040809492096
  ]
}