{
  "aic": 350469.2832816432,
  "bic": 350713.08413442137,
  "config_id": "deepseek-r1-distill-70b_A100_tp4",
  "covariance_type": "full",
  "k": 10,
  "label_map": [
    4,
    0,
    8,
    5,
    2,
    7,
    3,
    1,
    6,
    9
  ],
  "means": [
    286.12008728250606,
    359.16808919023794,
    524.6355858482805,
    1031.322647499966,
    1201.7600002171314,
    1224.0676059128027,
    1290.3799371740781,
    1405.5684739425772,
    1518.6154975166394,
    1615.472068981297
  ],
  "order": [
    1,
    7,
    4,
    6,
    0,
    3,
    8,
    5,
    2,
    9
  ],
  "seed": 42,
  "variances": [
    51.7209180898603,
    168.1780804490441,
    25486.03242938309,
    7849.211553284484,
    244.03323477996946,
    176.76836278540563,
    1371.3236762024976,
    1535.8266753530258,
    1328.148178922364,
    1061.0387498753278
  ],
  "weights": [
    0.1369632209290284,
    0.03813674262058279,
    0.004245531278735747,
    0.01880561372743194,
    0.2962475744461184,
    0.40874639514392147,
    0.04223241102514687,
    0.021369337541641137,
    0.016778852628393952,
    0.01647432065899925
  ]
}