{
  "aic": 635750.6256321066,
  "bic": 636007.8030673915,
  "config_id": "deepseek-r1-distill-70b_H100_tp8",
  "covariance_type": "full",
  "k": 10,
  "label_map": [
    7,
    1,
    4,
    5,
    9,
    2,
    3,
    8,
    0,
    6
  ],
  "means": [
    945.4805138868651,
    966.1181237320604,
    1184.5492950066523,
    1606.3654343691012,
    1995.979978242498,
    2343.6172924882553,
    2776.7985257799555,
    2944.459336755698,
    3013.183794590837,
    3077.8518286948306
  ],
  "order": [
    8,
    1,
    5,
    6,
    2,
    3,
    9,
    0,
    7,
    4
  ],
  "seed": 42,
  "variances": [
    25.105454307550634,
    203.45052553052255,
    20959.878243335097,
    17046.63533578549,
    19247.792734716033,
    21429.571085118943,
    44561.15431423951,
    837.6953825996028,
    352.7298190796256,
    4222.659156950419
  ],
  "weights": [
    0.20948443443165227,
    0.04212456738101521,
    0.03363235673580516,
    0.02197653631144432,
    0.021918353615859854,
    0.020640970576978508,
    0.03381948080142412,
    0.3440440194734734,
    0.198385749576907,
    0.07397353109544014
  ]
}