{
  "aic": 350469.28328164294,
  "bic": 350713.08413442114,
  "config_id": "deepseek-r1-distill-70b_A100_tp4",
  "covariance_type": "full",
  "k": 10,
  "label_map": [
    4,
    0,
    8,
    5,
    2,
    7,
    3,
    1,
    6,
    9
  ],
  "means": [
    286.120087282505,
    359.1680891902357,
    524.6355858482856,
    1031.3226474999494,
    1201.760000217129,
    1224.067605912797,
    1290.3799371740681,
    1405.5684739425733,
    1518.6154975166369,
    1615.4720689812962
  ],
  "order": [
    1,
    7,
    4,
    6,
    0,
    3,
    8,
    5,
    2,
    9
  ],
  "seed": 42,
  "variances": [
    51.72091808986031,
    168.17808044904748,
    25486.032429383104,
    7849.211553284342,
    244.03323477999953,
    176.7683627854173,
    1371.3236762027084,
    1535.8266753530577,
    1328.1481789224006,
    1061.0387498753307
  ],
  "weights": [
    0.1369632209290284,
    0.038136742620582906,
    0.004245531278735601,
    0.018805613727431347,
    0.2962475744461275,
    0.4087463951439113,
    0.04223241102514758,
    0.021369337541641907,
    0.01677885262839387,
    0.01647432065899949
  ]
}