{
  "aic": 336158.49788619665,
  "bic": 336399.575207539,
  "config_id": "deepseek-r1-distill-70b_A100_tp8",
  "covariance_type": "full",
  "k": 10,
  "label_map": [
    5,
    0,
    8,
    3,
    9,
    6,
    4,
    2,
    1,
    7
  ],
  "means": [
    561.9607662819086,
    705.4003013962657,
    809.8279558374186,
    1829.9733951328635,
    2019.696808858758,
    2060.995725048392,
    2090.930330868766,
    2207.2241960946744,
    2490.2101619752943,
    2787.65797777036
  ],
  "order": [
    1,
    8,
    7,
    3,
    6,
    0,
    5,
    9,
    2,
    4
  ],
  "seed": 42,
  "variances": [
    79.49570191748751,
    269.10115512895703,
    49134.78283448545,
    63255.94190310467,
    257.7807132699439,
    248.08980738075905,
    378.9558735366581,
    10013.280939051165,
    10622.560188850955,
    21311.040671979103
  ],
  "weights": [
    0.11815375017579366,
    0.03988268224273601,
    0.009593842522249079,
    0.013939914080003361,
    0.2770605309559321,
    0.3006311497811277,
    0.20101749654063994,
    0.021556882022869667,
    0.009657827307113776,
    0.00850592437153486
  ]
}