{
  "aic": 312340.68845552125,
  "bic": 312582.0321942557,
  "config_id": "deepseek-r1-distill-70b_A100_tp4",
  "covariance_type": "full",
  "k": 10,
  "label_map": [
    0,
    5,
    8,
    7,
    3,
    4,
    9,
    1,
    6,
    2
  ],
  "means": [
    287.48056399603496,
    362.4697052972033,
    466.19538924273917,
    1049.2340608947247,
    1204.2805788214584,
    1225.7464329985794,
    1291.958891866476,
    1410.7134223794728,
    1523.2647852148236,
    1616.6969722333129
  ],
  "order": [
    0,
    7,
    9,
    4,
    5,
    1,
    8,
    3,
    2,
    6
  ],
  "seed": 42,
  "variances": [
    54.30302048237191,
    123.33559037166893,
    20148.0366195658,
    19544.075223445794,
    254.83870014121385,
    165.46729604011463,
    1470.3861510270233,
    1652.6776226392851,
    1342.1563183390192,
    1013.8043829634961
  ],
  "weights": [
    0.07939145178322318,
    0.024945728988996715,
    0.002831129802217581,
    0.00742744719252505,
    0.30217730599023557,
    0.4756028760061898,
    0.04703859687104864,
    0.02482333299828261,
    0.017743826010550398,
    0.018018304356730477
  ]
}