{
  "aic": 316083.6103959743,
  "bic": 316324.26489013666,
  "config_id": "deepseek-r1-distill-8b_A100_tp8",
  "covariance_type": "full",
  "k": 10,
  "label_map": [
    3,
    7,
    0,
    5,
    9,
    4,
    6,
    2,
    8,
    1
  ],
  "means": [
    552.8607126413779,
    565.0246996427694,
    664.6479900228164,
    688.127067388415,
    894.3926814913556,
    1084.955193671785,
    1281.8710331617779,
    1332.4095317770702,
    1363.4307901313045,
    1376.7928720531734
  ],
  "order": [
    2,
    9,
    7,
    0,
    5,
    3,
    6,
    1,
    8,
    4
  ],
  "seed": 42,
  "variances": [
    7.517368900204499,
    50.587862095184434,
    3281.978418500539,
    51.33552030825188,
    5082.993002636317,
    2298.4863568224955,
    9838.016098961272,
    138.7266125562511,
    204.18079231409263,
    213.21329684563776
  ],
  "weights": [
    0.16398116181122924,
    0.051574056140602814,
    0.04076787372164409,
    0.13850033532341527,
    0.016195876587256193,
    0.011112017791432045,
    0.03332894480266971,
    0.2701412348050523,
    0.17245383453699473,
    0.10194466447970371
  ]
}