{
  "aic": 278524.9216612303,
  "bic": 278772.1202979573,
  "config_id": "deepseek-r1-distill-8b_A100_tp1",
  "covariance_type": "full",
  "k": 10,
  "label_map": [
    6,
    1,
    9,
    3,
    2,
    7,
    8,
    4,
    0,
    5
  ],
  "means": [
    70.55012452065108,
    72.91450778414716,
    88.5305602935462,
    189.99547552911156,
    277.0179052803257,
    282.42463598901185,
    287.59873643395196,
    294.50910241415687,
    322.35816369240183,
    406.96057637609596
  ],
  "order": [
    8,
    1,
    4,
    3,
    7,
    9,
    0,
    5,
    6,
    2
  ],
  "seed": 42,
  "variances": [
    0.3618822484292574,
    0.4234399715214699,
    4.708260990411636,
    5890.521794154861,
    24.171256072536522,
    8.090374456340685,
    8.37855246709538,
    19.272563347437757,
    758.6996947068852,
    354.27291308259095
  ],
  "weights": [
    0.10780495190060099,
    0.08377608771135593,
    0.12605756432541973,
    0.02113809126085546,
    0.019411776543680464,
    0.23838947666363536,
    0.2938387031914185,
    0.09238454937717025,
    0.010181293548602343,
    0.007017505477260928
  ]
}