{
  "aic": 497820.96394692693,
  "bic": 498077.90836010483,
  "config_id": "deepseek-r1-distill-8b_H100_tp1",
  "covariance_type": "full",
  "k": 10,
  "label_map": [
    0,
    8,
    5,
    3,
    9,
    6,
    2,
    4,
    1,
    7
  ],
  "means": [
    119.73317624845026,
    148.82959817925448,
    195.29198824452246,
    240.3803498681311,
    289.8316109773525,
    341.37119237506226,
    399.5634957567422,
    438.53621024428355,
    452.48837822688495,
    469.27805691276484
  ],
  "order": [
    0,
    8,
    6,
    3,
    7,
    2,
    5,
    9,
    1,
    4
  ],
  "seed": 42,
  "variances": [
    2.690020050606588,
    311.383942281737,
    323.7133410330159,
    354.0339814168165,
    371.76585505462197,
    378.8343892756639,
    430.92345933925367,
    26.63413240643904,
    40.998208895813256,
    85.28940397483218
  ],
  "weights": [
    0.22817269515999686,
    0.04084228190627033,
    0.025810880162189385,
    0.02421785057662969,
    0.02939869390017018,
    0.032489307784140616,
    0.04279545925705753,
    0.2687927107065697,
    0.1774133766245689,
    0.13006674392240686
  ]
}