{
  "aic": 568466.728573985,
  "bic": 568722.1485168961,
  "config_id": "deepseek-r1-distill-8b_H100_tp4",
  "covariance_type": "full",
  "k": 10,
  "label_map": [
    3,
    8,
    1,
    5,
    6,
    2,
    9,
    0,
    4,
    7
  ],
  "means": [
    473.3336378699806,
    517.5054409279862,
    627.6402475982677,
    738.6168926228898,
    846.187412285195,
    945.015659496905,
    1058.2711874035533,
    1170.4517126902558,
    1261.8997219211285,
    1293.1776937759084
  ],
  "order": [
    7,
    2,
    5,
    0,
    8,
    3,
    4,
    9,
    1,
    6
  ],
  "seed": 42,
  "variances": [
    7.187641550007194,
    1057.361786365238,
    1538.3419484321466,
    1702.6664183648547,
    1782.7280352787946,
    1759.3103609053835,
    1713.1357886940327,
    1865.9860488195745,
    233.00742132936773,
    260.5694883899905
  ],
  "weights": [
    0.2867989409816319,
    0.08149344617542467,
    0.04376528308094644,
    0.04326716171178803,
    0.04456778324695097,
    0.04806995402529342,
    0.052203633374058124,
    0.06339135650567664,
    0.1502685285430767,
    0.1861739123551529
  ]
}