{
  "aic": 631637.1121027378,
  "bic": 631894.215396071,
  "config_id": "deepseek-r1-distill-70b_H100_tp8",
  "covariance_type": "full",
  "k": 10,
  "label_map": [
    9,
    1,
    7,
    3,
    0,
    5,
    8,
    6,
    2,
    4
  ],
  "means": [
    945.1845584400659,
    965.8803299628487,
    1221.083697448487,
    1663.0911945470311,
    2016.8998113094015,
    2325.801143941979,
    2788.7190214132547,
    2953.1762015565328,
    3018.891325756255,
    3069.4974088803415
  ],
  "order": [
    4,
    1,
    8,
    3,
    9,
    5,
    7,
    2,
    6,
    0
  ],
  "seed": 42,
  "variances": [
    27.853591612584346,
    195.80388997886405,
    31407.119964057336,
    16586.38040623825,
    17114.32186281467,
    24389.458576610574,
    57780.91250115825,
    1000.8998085383129,
    154.01307928146366,
    4355.41438249969
  ],
  "weights": [
    0.15222799713329985,
    0.03205730284199746,
    0.030269058253764598,
    0.015271829786449663,
    0.015272812327175622,
    0.016326820284833152,
    0.03432106104872127,
    0.41214302744554615,
    0.17954089051913918,
    0.11256920035907313
  ]
}