{
  "aic": 308031.2876055023,
  "bic": 308270.05419645505,
  "config_id": "gpt-oss-20b_H100_tp1",
  "covariance_type": "full",
  "k": 10,
  "label_map": [
    0,
    7,
    2,
    9,
    4,
    1,
    8,
    6,
    5,
    3
  ],
  "means": [
    116.04721557892177,
    245.35088758423893,
    334.9963032179475,
    359.44629309251053,
    410.14793205714477,
    457.3713756014616,
    501.94989619082537,
    534.8428715793805,
    572.9800721897565,
    601.0863088687838
  ],
  "order": [
    0,
    5,
    2,
    9,
    4,
    8,
    7,
    1,
    6,
    3
  ],
  "seed": 42,
  "variances": [
    0.996059577224847,
    7123.509639413865,
    8.263046199050578,
    94.0635793802256,
    87.66037463258637,
    62.96565762521706,
    182.1980855316854,
    129.1883063024627,
    137.05051982229105,
    198.1850621192758
  ],
  "weights": [
    0.1236670907558337,
    0.07480940283188633,
    0.08429661620445496,
    0.04596368439910867,
    0.0556677463099516,
    0.045418672754116096,
    0.07404485703892036,
    0.1963022536043499,
    0.08428264898104904,
    0.21554702712032936
  ]
}