{
  "aic": 416821.21794480545,
  "bic": 417078.33176234347,
  "config_id": "gpt-oss-20b_A100_tp1",
  "covariance_type": "full",
  "k": 10,
  "label_map": [
    7,
    1,
    4,
    9,
    3,
    6,
    0,
    8,
    2,
    5
  ],
  "means": [
    67.8734352743723,
    69.44886919963847,
    83.21075065338168,
    163.26382530501357,
    236.4159215109524,
    239.2843892106614,
    268.46039113275594,
    291.4165380181897,
    315.9831400735472,
    328.6217155173177
  ],
  "order": [
    6,
    1,
    8,
    4,
    2,
    9,
    5,
    0,
    7,
    3
  ],
  "seed": 42,
  "variances": [
    0.10210851428857455,
    1.9033204924908582,
    0.9653575117904485,
    3223.251420897263,
    7.285495734827942,
    12.494476954024979,
    20.550779953729908,
    50.29218282498784,
    70.5504837790294,
    77.54005020834089
  ],
  "weights": [
    0.2513602255613645,
    0.013613940919037294,
    0.17555227201798143,
    0.03506287101319338,
    0.06802641755690242,
    0.11313341437963545,
    0.09966468907667769,
    0.10779343770690882,
    0.0669640008664787,
    0.06882873090182032
  ]
}