{
  "aic": 492654.9768198528,
  "bic": 492912.05184510525,
  "config_id": "gpt-oss-20b_A100_tp2",
  "covariance_type": "full",
  "k": 10,
  "label_map": [
    0,
    6,
    4,
    8,
    5,
    2,
    7,
    3,
    9,
    1
  ],
  "means": [
    136.39793308912857,
    162.30730062621308,
    167.99098884525188,
    299.63403550967683,
    370.16379647017925,
    414.75869402143115,
    452.8350395792898,
    490.2423199394567,
    520.7204729924881,
    554.7388688910897
  ],
  "order": [
    0,
    9,
    5,
    7,
    2,
    4,
    1,
    6,
    3,
    8
  ],
  "seed": 42,
  "variances": [
    0.3528538300749562,
    334.50784458761035,
    2.647279497472371,
    2782.0595424503804,
    33.41802975070178,
    21.031838206912617,
    359.15516370707485,
    283.8667776184026,
    254.20364271152624,
    547.5891548280312
  ],
  "weights": [
    0.23297114266359542,
    0.036256778760790205,
    0.18799065664692113,
    0.04598702418203346,
    0.06008491012338087,
    0.13307496637048716,
    0.13440107998281348,
    0.07639180557909128,
    0.061869714171164436,
    0.03097192151972247
  ]
}