{
  "aic": 339030.69535568054,
  "bic": 339269.4546474944,
  "config_id": "gpt-oss-20b_H100_tp2",
  "covariance_type": "full",
  "k": 10,
  "label_map": [
    4,
    8,
    0,
    2,
    9,
    6,
    1,
    3,
    5,
    7
  ],
  "means": [
    236.65270248395274,
    445.49148135310264,
    575.1594439199766,
    643.9359561273978,
    710.2290418307591,
    794.1327233507927,
    880.0124634840821,
    925.1398175752884,
    1010.5431104566441,
    1089.9243661857226
  ],
  "order": [
    2,
    6,
    3,
    7,
    0,
    8,
    5,
    9,
    1,
    4
  ],
  "seed": 42,
  "variances": [
    2.487826947843222,
    17880.39076347704,
    19.992883873502873,
    452.4883112286428,
    304.57091441505236,
    520.8020917625008,
    254.9702303048346,
    434.86813851297336,
    239.46534360949798,
    929.2946429740553
  ],
  "weights": [
    0.13523885985052178,
    0.061292896201726815,
    0.08710050022085482,
    0.07670025236468878,
    0.06517489084924151,
    0.036451285608861815,
    0.0761109286752872,
    0.06680888932182,
    0.1807397576549584,
    0.21438173925203882
  ]
}