{
  "aic": 600172.850276359,
  "bic": 600429.9646476967,
  "config_id": "gpt-oss-120b_A100_tp8",
  "covariance_type": "full",
  "k": 10,
  "label_map": [
    0,
    5,
    7,
    1,
    9,
    2,
    3,
    4,
    6,
    8
  ],
  "means": [
    517.2139796860096,
    624.8739969149794,
    638.1012034626525,
    987.6878019222326,
    1068.040731267152,
    1156.5085839499413,
    1223.9924522274516,
    1341.3145529987212,
    1479.3405271845525,
    1579.7367910022338
  ],
  "order": [
    0,
    3,
    5,
    6,
    7,
    1,
    8,
    2,
    9,
    4
  ],
  "seed": 42,
  "variances": [
    2.084026022953361,
    4228.560345447836,
    14.906612007412297,
    17800.17246256646,
    42.7043308974412,
    66.74806668743209,
    1122.1592097673108,
    1621.919375745815,
    3421.8643495246,
    9672.881327091063
  ],
  "weights": [
    0.2057529364946267,
    0.04870428404144656,
    0.14491962805987388,
    0.05453690909461366,
    0.06368078855687306,
    0.15863743214950266,
    0.15386380723312332,
    0.09238086575036486,
    0.0540318602051473,
    0.023491488414428018
  ]
}