{
  "aic": 580112.4739732225,
  "bic": 580369.5672927322,
  "config_id": "gpt-oss-120b_A100_tp4",
  "covariance_type": "full",
  "k": 10,
  "label_map": [
    7,
    1,
    5,
    9,
    3,
    8,
    6,
    0,
    4,
    2
  ],
  "means": [
    263.49693584193255,
    297.8509109501023,
    324.70003123607955,
    430.40342302214725,
    589.7364391187506,
    680.7805800450526,
    735.917525646841,
    841.9819278256422,
    966.8069830284604,
    1055.552175104048
  ],
  "order": [
    7,
    1,
    9,
    4,
    8,
    2,
    6,
    0,
    5,
    3
  ],
  "seed": 42,
  "variances": [
    6.2655852315365195,
    219.58365144862114,
    6.892100117447817,
    6080.789027867024,
    3037.0084873178844,
    51.18495738003214,
    151.5528900857447,
    998.1539794805562,
    1321.12937986087,
    3891.495218347005
  ],
  "weights": [
    0.21334877526353183,
    0.01791228687834426,
    0.15477770013451467,
    0.030526975717530536,
    0.021788767145609716,
    0.1854954686916244,
    0.12497117921256984,
    0.1434112102158458,
    0.07008927621312928,
    0.0376783605272997
  ]
}