{
  "aic": 293679.31551369897,
  "bic": 293920.3658654632,
  "config_id": "gpt-oss-20b_A100_tp1",
  "covariance_type": "full",
  "k": 10,
  "label_map": [
    6,
    0,
    8,
    3,
    7,
    5,
    4,
    9,
    2,
    1
  ],
  "means": [
    69.77878111984478,
    86.38314629527035,
    155.5230501851288,
    238.66445708960828,
    269.0229006008316,
    295.17647691628804,
    318.9797436422076,
    348.43709925880586,
    373.53076913920285,
    382.6014667023335
  ],
  "order": [
    1,
    9,
    8,
    3,
    6,
    5,
    0,
    4,
    2,
    7
  ],
  "seed": 42,
  "variances": [
    0.498788484386152,
    1.6999003751231268,
    2334.463970224313,
    31.14213709810467,
    26.029549407620728,
    57.905379325997586,
    64.89790387732137,
    60.584560829488865,
    42.16828759628974,
    64.27775336257636
  ],
  "weights": [
    0.13188263877807407,
    0.03899867774004368,
    0.006663046424235501,
    0.09219214499282713,
    0.03557780942961245,
    0.09609010970275927,
    0.1103122033534765,
    0.17501077748612376,
    0.16532596594280527,
    0.1479466261500423
  ]
}