{
  "aic": 840718.4567075181,
  "bic": 840987.9978068902,
  "config_id": "llama-3-8b_A100_tp2",
  "covariance_type": "full",
  "k": 10,
  "label_map": [
    2,
    3,
    0,
    8,
    6,
    5,
    4,
    7,
    9,
    1
  ],
  "means": [
    136.21669427467532,
    161.43714503740244,
    373.9403664919445,
    511.00384900101915,
    556.2517835674976,
    592.6223039880327,
    651.3807125252569,
    707.6518259426925,
    762.8122163478969,
    795.3784304762886
  ],
  "order": [
    2,
    9,
    0,
    1,
    6,
    5,
    4,
    7,
    3,
    8
  ],
  "seed": 42,
  "variances": [
    6.416775040555038,
    69.67368645119166,
    8199.159592981801,
    53.519498560171414,
    60.096216558190754,
    292.07836090563165,
    402.77396209854413,
    521.1166795204938,
    269.45004874233115,
    362.0165032442161
  ],
  "weights": [
    0.23302930422921256,
    0.12610404916430193,
    0.031064498000849018,
    0.33952669262976276,
    0.06390611214001031,
    0.04393449663332089,
    0.0402955685156926,
    0.02378126288158663,
    0.048451702924861284,
    0.04990631288040218
  ]
}