{
  "aic": 1032939.9094836004,
  "bic": 1033213.0435755488,
  "config_id": "llama-3-70b_A100_tp4",
  "covariance_type": "full",
  "k": 10,
  "label_map": [
    8,
    0,
    4,
    6,
    7,
    3,
    2,
    1,
    9,
    5
  ],
  "means": [
    287.49765680659635,
    352.13213825962,
    1052.1225228983799,
    1198.1293558765333,
    1227.5236598440165,
    1265.541374375578,
    1350.6314586445635,
    1433.5782182693624,
    1529.6826298644798,
    1594.68372042916
  ],
  "order": [
    1,
    7,
    6,
    5,
    2,
    9,
    3,
    4,
    0,
    8
  ],
  "seed": 42,
  "variances": [
    48.00330612970412,
    361.66099844179,
    47706.75423880131,
    194.37100245531914,
    124.10609930474605,
    751.9659644354798,
    1205.7981638992871,
    1251.7072864064337,
    732.065102829693,
    736.7040089573065
  ],
  "weights": [
    0.07872698951834972,
    0.025540052827622672,
    0.01546534409876845,
    0.1646198107966813,
    0.4199353984637423,
    0.0598691859500494,
    0.05813561331548021,
    0.04223955582584696,
    0.05410585941112012,
    0.08136218979233888
  ]
}