{
  "aic": 601285.4686912227,
  "bic": 601542.3288676939,
  "config_id": "llama-3-8b_H100_tp4",
  "covariance_type": "full",
  "k": 10,
  "label_map": [
    3,
    9,
    0,
    6,
    7,
    4,
    2,
    5,
    8,
    1
  ],
  "means": [
    483.81453106225155,
    532.4461151162454,
    644.7942144714324,
    760.3516402966379,
    860.1857754408236,
    963.3088072811555,
    1069.9873158454122,
    1188.6275304939309,
    1285.4409115879862,
    1316.9947609850876
  ],
  "order": [
    2,
    9,
    6,
    0,
    5,
    7,
    3,
    4,
    8,
    1
  ],
  "seed": 42,
  "variances": [
    7.123506433753505,
    1308.4370489197388,
    1562.1473959098041,
    1766.7026445782715,
    1727.3599447471508,
    1711.063961345282,
    1778.5172155141904,
    2165.635811463015,
    263.4055689831895,
    266.57318395998186
  ],
  "weights": [
    0.26829167013959443,
    0.08348265060821264,
    0.0418199723577893,
    0.041468312719424236,
    0.03932536684275575,
    0.0463064653760973,
    0.04972287697980846,
    0.0694440137796213,
    0.154127298418851,
    0.2060113727778457
  ]
}