{
  "aic": 648671.7039891643,
  "bic": 648928.5546666904,
  "config_id": "llama-3-8b_H100_tp8",
  "covariance_type": "full",
  "k": 10,
  "label_map": [
    0,
    8,
    4,
    6,
    2,
    5,
    7,
    9,
    1,
    3
  ],
  "means": [
    959.6313156610754,
    1046.8522926534374,
    1207.7552282495126,
    1349.6182099844868,
    1506.2413973882008,
    1659.1742153632642,
    1794.352860456942,
    1941.33788909314,
    2057.2101598086447,
    2090.3226288298138
  ],
  "order": [
    0,
    8,
    4,
    9,
    2,
    5,
    3,
    6,
    1,
    7
  ],
  "seed": 42,
  "variances": [
    63.735482381600335,
    2500.0899739737392,
    3301.6134703061625,
    3301.6280358431736,
    3286.3227221668267,
    3069.9901503104948,
    2717.0170206967987,
    2978.127737182254,
    318.1601318043082,
    338.3151217347138
  ],
  "weights": [
    0.3003327413648764,
    0.07934273100747771,
    0.0448536006418495,
    0.043106204784419414,
    0.056344209701418776,
    0.05162956795860685,
    0.05243778898316626,
    0.06289265713265671,
    0.14640127636503614,
    0.16265922206049235
  ]
}