{
  "aic": 642474.6855300879,
  "bic": 642731.7755242272,
  "config_id": "llama-3-70b_H100_tp8",
  "covariance_type": "full",
  "k": 10,
  "label_map": [
    5,
    0,
    3,
    8,
    1,
    4,
    7,
    9,
    2,
    6
  ],
  "means": [
    960.5618864987059,
    1175.4042375473748,
    1616.4975370033344,
    1990.8289307142852,
    2346.780287309684,
    2751.278972216235,
    2953.493440132644,
    3016.3558460118325,
    3073.7159412375745,
    3157.588715278161
  ],
  "order": [
    1,
    4,
    8,
    2,
    5,
    0,
    9,
    6,
    3,
    7
  ],
  "seed": 42,
  "variances": [
    119.53381805179552,
    24572.888632291175,
    17116.284927676123,
    17259.314380613057,
    17447.23045184846,
    24049.99626650788,
    640.881040434578,
    469.55234899466353,
    1220.305282943945,
    4087.9375881554174
  ],
  "weights": [
    0.18552297169014167,
    0.03322783348599537,
    0.017703042932063796,
    0.018674730873724836,
    0.01862177885488795,
    0.024443627856457015,
    0.3463104489966922,
    0.24609690131546402,
    0.07667045857789301,
    0.03272820541668024
  ]
}