{
  "aic": 500142.42552405543,
  "bic": 500398.2402450932,
  "config_id": "llama-3-8b_A100_tp4",
  "covariance_type": "full",
  "k": 10,
  "label_map": [
    6,
    2,
    0,
    3,
    1,
    5,
    8,
    4,
    7,
    9
  ],
  "means": [
    277.8210619314127,
    291.1135272031185,
    341.74160601210554,
    445.3658032324708,
    722.9712738988302,
    824.8327150105682,
    835.7889695922122,
    855.9964637395668,
    869.4781672520497,
    892.9268209257727
  ],
  "order": [
    2,
    4,
    1,
    3,
    7,
    5,
    0,
    8,
    6,
    9
  ],
  "seed": 42,
  "variances": [
    3.5085318829014165,
    139.17891248656633,
    36.566618766788146,
    7398.656116152558,
    5513.274034165265,
    61.101427774996374,
    57.20363505824537,
    56.96911815430679,
    121.85353222259751,
    6135.751697413467
  ],
  "weights": [
    0.16692789319173415,
    0.06215187395977839,
    0.131088000445767,
    0.02103697584080975,
    0.040153318363819704,
    0.09458702443465153,
    0.21693384065845642,
    0.18288323127209194,
    0.07876790492803463,
    0.005469936904856433
  ]
}