{
  "aic": 515959.0813164607,
  "bic": 516216.01124273223,
  "config_id": "llama-3-8b_H100_tp1",
  "covariance_type": "full",
  "k": 10,
  "label_map": [
    8,
    0,
    5,
    3,
    7,
    6,
    4,
    1,
    9,
    2
  ],
  "means": [
    119.09127993184265,
    152.4262188877821,
    199.13191457174528,
    242.9936279377383,
    294.1522225783833,
    347.91884015939496,
    400.2959697711995,
    434.55198059903535,
    448.8345297027007,
    468.17797361080204
  ],
  "order": [
    1,
    7,
    9,
    3,
    6,
    2,
    5,
    4,
    0,
    8
  ],
  "seed": 42,
  "variances": [
    5.207215851530307,
    307.9243588305995,
    306.28240340886975,
    334.70109608813345,
    375.7703499991682,
    353.2614852291285,
    208.0014025809031,
    46.5979321194072,
    50.66052888254963,
    77.00045627396332
  ],
  "weights": [
    0.22607524553521166,
    0.03796966784092454,
    0.02535383681099585,
    0.024330373819810243,
    0.030618397962365373,
    0.03478885045362451,
    0.05155164607218066,
    0.233697387017284,
    0.18807359333487028,
    0.14754100115273294
  ]
}