{
  "aic": 610287.111033474,
  "bic": 610542.8927225852,
  "config_id": "llama-3-70b_H100_tp4",
  "covariance_type": "full",
  "k": 10,
  "label_map": [
    6,
    0,
    2,
    8,
    3,
    4,
    1,
    9,
    7,
    5
  ],
  "means": [
    488.9457640074176,
    695.4540302574055,
    1096.5871290511864,
    1517.1014844597705,
    1777.9797659694088,
    1825.2858324700608,
    1863.9312727243498,
    1899.7089030248903,
    1947.04250162961,
    2011.7266608138095
  ],
  "order": [
    1,
    6,
    2,
    4,
    5,
    9,
    0,
    8,
    3,
    7
  ],
  "seed": 42,
  "variances": [
    259.5187040331386,
    16728.80079447193,
    17241.21323509929,
    29880.978737997004,
    375.3005367200238,
    255.95397299993107,
    228.35926370589212,
    335.40576383190523,
    649.1885450807184,
    2527.1262450973236
  ],
  "weights": [
    0.1576650559993821,
    0.025633133844418798,
    0.01759401382388336,
    0.026920843592481574,
    0.07771344881487788,
    0.15163892740915708,
    0.19963193247454158,
    0.1828632377118896,
    0.10826107084564494,
    0.05207833548372311
  ]
}