{
  "aic": 903642.3061618007,
  "bic": 903910.7123137342,
  "config_id": "llama-3-8b_H100_tp2",
  "covariance_type": "full",
  "k": 10,
  "label_map": [
    5,
    0,
    6,
    2,
    9,
    4,
    7,
    3,
    8,
    1
  ],
  "means": [
    239.33648146513838,
    310.95925650741873,
    497.3865846803678,
    654.7265487558063,
    773.5791076669896,
    803.3456161664326,
    974.4457721075548,
    1082.8090295650356,
    1250.7214070854786,
    1380.196122611584
  ],
  "order": [
    1,
    9,
    3,
    7,
    5,
    0,
    2,
    6,
    8,
    4
  ],
  "seed": 42,
  "variances": [
    5.396328306423386,
    4003.215362107568,
    3077.0279786439523,
    3186.313498694321,
    324.49529725686057,
    581.0328193746295,
    2118.058115537055,
    1382.2020329704583,
    557.3256584222339,
    155.8272330164515
  ],
  "weights": [
    0.2511289136881304,
    0.07452208700689834,
    0.05018038323183031,
    0.06323654490388023,
    0.2550193726299747,
    0.14284970437801786,
    0.06237027294859758,
    0.06845290331862036,
    0.027134561072601808,
    0.005105256821448376
  ]
}