{
  "aic": 539192.4951535062,
  "bic": 539450.0677500907,
  "config_id": "llama-3-70b_A100_tp4",
  "covariance_type": "full",
  "k": 10,
  "label_map": [
    9,
    5,
    0,
    7,
    3,
    1,
    8,
    4,
    6,
    2
  ],
  "means": [
    291.2655821301827,
    360.7460883561522,
    442.2597162747955,
    1087.977077014668,
    1203.665183664439,
    1223.7239968092986,
    1242.676326466509,
    1318.2579901722902,
    1463.9880064097133,
    1599.56869181607
  ],
  "order": [
    2,
    5,
    9,
    4,
    7,
    1,
    8,
    3,
    6,
    0
  ],
  "seed": 42,
  "variances": [
    41.31956618104862,
    60.52665556117748,
    21959.143663373045,
    18022.825857836946,
    237.37262015023032,
    102.69394228319979,
    191.4567630911684,
    2103.2768445095576,
    2752.4645584688956,
    1855.3443868635147
  ],
  "weights": [
    0.0904203491776661,
    0.028283815680390643,
    0.004519992315832138,
    0.009734971151924218,
    0.18637728028471962,
    0.49176705832114853,
    0.09787240595327738,
    0.040553798351680784,
    0.027500592793561544,
    0.022969735969799173
  ]
}