{
  "aic": 729105.0931259183,
  "bic": 729362.8894437937,
  "config_id": "llama-3-405b_H100_tp8",
  "covariance_type": "full",
  "k": 10,
  "label_map": [
    1,
    4,
    8,
    7,
    3,
    9,
    0,
    2,
    6,
    5
  ],
  "means": [
    1010.6145351244983,
    1439.9215248441217,
    2187.297683170263,
    2972.8396354945967,
    3548.4617466182963,
    3642.432474286998,
    3818.3667517023146,
    3985.0336702540976,
    4173.30567213387,
    4417.963222455305
  ],
  "order": [
    6,
    0,
    7,
    4,
    1,
    9,
    8,
    3,
    2,
    5
  ],
  "seed": 42,
  "variances": [
    344.7898340839606,
    71911.48859934726,
    59674.07730519287,
    109140.99771047758,
    1557.5683000744693,
    1758.155447089769,
    3938.0618995869822,
    4825.902637105916,
    7569.740537796987,
    27486.905322492443
  ],
  "weights": [
    0.08789449607183403,
    0.011018385164093657,
    0.007793828689080968,
    0.012007872723698316,
    0.33417766468755417,
    0.24051778677305582,
    0.10776507733422332,
    0.09451463204874147,
    0.07167257874143845,
    0.03263767776627986
  ]
}