{
  "aic": 1063246.312589517,
  "bic": 1063514.5037150464,
  "config_id": "llama-3-70b_H100_tp8",
  "covariance_type": "full",
  "k": 10,
  "label_map": [
    5,
    0,
    9,
    2,
    3,
    6,
    1,
    8,
    7,
    4
  ],
  "means": [
    970.5073212859813,
    1429.321156194745,
    2478.696656557615,
    2951.651978610068,
    3017.564760698739,
    3115.9089862809287,
    3408.83594088045,
    3723.503046918605,
    4542.577327620385,
    5016.382503716705
  ],
  "order": [
    1,
    6,
    3,
    4,
    9,
    0,
    5,
    8,
    7,
    2
  ],
  "seed": 42,
  "variances": [
    236.82100936035636,
    90234.51641435058,
    153456.37562039465,
    672.3175704327704,
    556.3926352830107,
    787.4271861150223,
    22374.07217251322,
    10877.60938137775,
    86979.46574775249,
    9701.056860140661
  ],
  "weights": [
    0.16723991504344107,
    0.045989945072923866,
    0.061142379841614546,
    0.23268477767419693,
    0.1664756026580369,
    0.14818120866788184,
    0.10375657924471637,
    0.038952293681211676,
    0.008763681982436156,
    0.02681361613354065
  ]
}