{
  "aic": 519868.1993534544,
  "bic": 520123.6234058851,
  "config_id": "llama-3-8b_H100_tp2",
  "covariance_type": "full",
  "k": 10,
  "label_map": [
    7,
    0,
    3,
    5,
    8,
    2,
    6,
    4,
    9,
    1
  ],
  "means": [
    238.83583530790577,
    286.80716299298024,
    374.25319822741744,
    456.6879897446372,
    532.2037652126983,
    605.9203778086215,
    686.5830055897814,
    755.3368923839031,
    776.0996032152613,
    795.1017599058861
  ],
  "order": [
    1,
    9,
    5,
    2,
    7,
    3,
    6,
    0,
    4,
    8
  ],
  "seed": 42,
  "variances": [
    3.7496726864748613,
    907.749531212964,
    991.9444402563718,
    929.8612864851884,
    819.3351418701761,
    839.5600202927587,
    1211.7197288551001,
    75.30985618550372,
    74.14372901121094,
    133.38005005787576
  ],
  "weights": [
    0.2675232200584866,
    0.06571342327475377,
    0.038808331511505596,
    0.03668689369010822,
    0.03750366847454581,
    0.038278330778580116,
    0.0618598402526589,
    0.14339267169349965,
    0.20854570977442063,
    0.10168791049144059
  ]
}