{
  "aic": 627027.0207903709,
  "bic": 627284.2661148792,
  "config_id": "llama-3-70b_A100_tp8",
  "covariance_type": "full",
  "k": 10,
  "label_map": [
    5,
    0,
    9,
    7,
    2,
    8,
    3,
    6,
    1,
    4
  ],
  "means": [
    554.0822889886455,
    676.4105659031172,
    1006.0610732045116,
    1710.9433347716017,
    1925.8002254258763,
    1971.7972054490774,
    2019.188408478877,
    2082.550847364056,
    2269.2497138401086,
    2678.7007457198342
  ],
  "order": [
    1,
    8,
    4,
    6,
    9,
    0,
    7,
    3,
    5,
    2
  ],
  "seed": 42,
  "variances": [
    260.7363850533041,
    714.6272596486665,
    43799.76981542366,
    33871.754031495584,
    228.1379056292627,
    259.1387672385241,
    452.5856197226426,
    590.6127206075132,
    15259.025052902667,
    35100.10819347728
  ],
  "weights": [
    0.13046192079968494,
    0.04607089144326409,
    0.005414432254842543,
    0.010085631100819135,
    0.25694364811132875,
    0.25983301897591426,
    0.1360400091375026,
    0.12675830707075417,
    0.01978355084914863,
    0.00860859025674097
  ]
}