{
  "aic": 793021.1939836853,
  "bic": 793291.788340215,
  "config_id": "llama-3-8b_A100_tp1",
  "covariance_type": "full",
  "k": 10,
  "label_map": [
    8,
    1,
    4,
    3,
    6,
    2,
    7,
    0,
    5,
    9
  ],
  "means": [
    69.45977677433532,
    84.36748769687254,
    190.86821307799667,
    285.22991211844123,
    296.45347047701824,
    319.0033659529247,
    344.3081227293078,
    373.70266379533325,
    398.71080131042356,
    421.9930461865008
  ],
  "order": [
    7,
    1,
    5,
    3,
    2,
    8,
    4,
    6,
    0,
    9
  ],
  "seed": 42,
  "variances": [
    2.955460126876917,
    7.955669447248564,
    9494.243213020385,
    19.46859983826979,
    32.23319892168396,
    28.147890635870255,
    138.85217676322068,
    115.8828386470939,
    39.61549470548283,
    176.87890887247318
  ],
  "weights": [
    0.1532705263267642,
    0.08524189822544646,
    0.023637440448047945,
    0.3172872633476046,
    0.08364575372798905,
    0.09559596753127377,
    0.04390026265183159,
    0.047273482987314645,
    0.13805012077143933,
    0.01209728398228833
  ]
}