{"val_balanced_acc":0.40581416508516494,"_timestamp":1.761610344197724e+09,"val_transition_mae":113.10110869422502,"lr":0,"val_f1":0.3771567044568936,"val_ece":0.2060206639373539,"train_loss":1.4429519176483154,"_wandb":{"runtime":51},"val_tolerance_power_acc":0.5762132604237867,"_step":499,"epoch":500,"val_autocorr_r2":0.8524965455766064,"val_boundary_f1":0.04215456628876373,"_runtime":51,"val_loss":1.398935079574585,"val_acc":0.5762132604237867}