{
  "active_mean": 1.8852217655358567,
  "active_std": 2.275788070976733,
  "config_id": "deepseek-r1-distill-8b_A100_tp4",
  "dt": 0.25,
  "hidden_dim": 64,
  "lambda_mu": 0.1,
  "n_mix": 1,
  "num_layers": 1,
  "power_max": 1143.3600000000001,
  "power_mean": 631.6083002576529,
  "power_min": 248.23,
  "power_std": 265.8297414602606,
  "seed": 42,
  "source_norm_path": "results/experimental_continuous_v1/norm_params/deepseek-r1-distill-8b_A100_tp4.json",
  "t_arrive_log_mean": 1.2558234758794191,
  "t_arrive_log_std": 2.250761974099763
}