{
  "active_mean": 0.7025282085319495,
  "active_std": 1.1300027897400047,
  "config_id": "deepseek-r1-distill-8b_H100_tp4",
  "dt": 0.25,
  "hidden_dim": 64,
  "lambda_mu": 0.1,
  "n_mix": 1,
  "num_layers": 1,
  "power_max": 1362.8700000000001,
  "power_mean": 794.3036359339488,
  "power_min": 423.19,
  "power_std": 342.67381779034247,
  "seed": 42,
  "source_norm_path": "results/experimental_continuous_v1/norm_params/deepseek-r1-distill-8b_H100_tp4.json",
  "t_arrive_log_mean": 0.7644622697575661,
  "t_arrive_log_std": 1.8274315955714846
}