{
  "active_mean": 1.562640796453746,
  "active_std": 1.9073882514479548,
  "config_id": "deepseek-r1-distill-8b_A100_tp8",
  "dt": 0.25,
  "hidden_dim": 64,
  "lambda_mu": 0.1,
  "n_mix": 1,
  "num_layers": 1,
  "power_max": 1619.63,
  "power_mean": 1057.811826538769,
  "power_min": 549.1000000000001,
  "power_std": 357.5721050046899,
  "seed": 42,
  "source_norm_path": "results/experimental_continuous_v1/norm_params/deepseek-r1-distill-8b_A100_tp8.json",
  "t_arrive_log_mean": 1.1800369116205127,
  "t_arrive_log_std": 2.1875741868608696
}