{"epoch":500,"_runtime":50,"lr":0,"val_f1":0.3145457817966513,"_step":499,"val_loss":1.5224635601043701,"val_tolerance_power_acc":0.3585099111414901,"_timestamp":1.761611944916188e+09,"val_ece":0.08992047234605782,"val_transition_mae":89.10343857441487,"val_balanced_acc":0.37002759661497836,"_wandb":{"runtime":50},"val_boundary_f1":0.05830903754615849,"val_acc":0.3585099111414901,"val_autocorr_r2":0.9059237489253292,"train_loss":1.5057169795036316}