{"_runtime":52,"val_autocorr_r2":0.903473667469855,"_step":499,"val_balanced_acc":0.38580604071868224,"val_transition_mae":194.40711778704497,"epoch":500,"_timestamp":1.761610680679839e+09,"_wandb":{"runtime":52},"val_acc":0.4231135066582118,"val_f1":0.32395925407183035,"val_loss":1.6647379398345947,"train_loss":1.3053598701953888,"val_tolerance_power_acc":0.4231135066582118,"lr":0,"val_boundary_f1":0.17217217168236104,"val_ece":0.06356617966141213}