{"val_tolerance_power_acc":0.3143459915611814,"val_transition_mae":388.4507237891525,"train_loss":1.273113489151001,"_timestamp":1.7616105478354127e+09,"val_f1":0.26513859594297023,"_step":499,"val_autocorr_r2":0.5227384987836355,"_runtime":51,"epoch":500,"lr":0,"val_ece":0.10267267337412103,"val_boundary_f1":0.09599999964465632,"val_loss":1.6950771808624268,"val_balanced_acc":0.32225795928875944,"_wandb":{"runtime":51},"val_acc":0.3143459915611814}