{"_step":499,"val_balanced_acc":0.40795586052314753,"train_loss":1.3206466734409332,"_timestamp":1.7616120791552706e+09,"lr":0,"val_ece":0.05649835551316641,"val_f1":0.401311448963602,"val_boundary_f1":0.07423580741589834,"_wandb":{"runtime":52},"val_autocorr_r2":0.9621676478554032,"val_acc":0.49683744465528146,"val_transition_mae":37.4043734822346,"val_tolerance_power_acc":0.5825426944971537,"epoch":500,"_runtime":52,"val_loss":1.343159794807434}