timestamp,query.start,query.end,index,uuid,power.draw [W],clocks.sm [MHz],clocks.mem [MHz],utilization.gpu [%],utilization.memory [%],memory.used [MiB],temperature.gpu
2026/07/24 16:36:17.160,2026/07/24 16:36:17.147,2026/07/24 16:36:17.174,0,GPU-e2681f6e-8d94-2d66-484f-43ea602335f9,90.16,1410,1593,0,0,73511,44
2026/07/24 16:36:17.160,2026/07/24 16:36:17.147,2026/07/24 16:36:17.174,1,GPU-713d5b24-2a1e-fd4a-7685-c3d195ff9230,83.46,1410,1593,0,0,73511,36
2026/07/24 16:36:17.409,2026/07/24 16:36:17.397,2026/07/24 16:36:17.421,0,GPU-e2681f6e-8d94-2d66-484f-43ea602335f9,90.16,1410,1593,0,0,73511,44
2026/07/24 16:36:17.409,2026/07/24 16:36:17.397,2026/07/24 16:36:17.421,1,GPU-713d5b24-2a1e-fd4a-7685-c3d195ff9230,83.55,1410,1593,0,0,73511,36
2026/07/24 16:36:17.659,2026/07/24 16:36:17.647,2026/07/24 16:36:17.672,0,GPU-e2681f6e-8d94-2d66-484f-43ea602335f9,90.16,1410,1593,0,0,73511,44
2026/07/24 16:36:17.659,2026/07/24 16:36:17.647,2026/07/24 16:36:17.672,1,GPU-713d5b24-2a1e-fd4a-7685-c3d195ff9230,83.73,1410,1593,0,0,73511,36
2026/07/24 16:36:17.909,2026/07/24 16:36:17.897,2026/07/24 16:36:17.921,0,GPU-e2681f6e-8d94-2d66-484f-43ea602335f9,90.16,1410,1593,0,0,73511,44
2026/07/24 16:36:17.909,2026/07/24 16:36:17.897,2026/07/24 16:36:17.921,1,GPU-713d5b24-2a1e-fd4a-7685-c3d195ff9230,83.73,1410,1593,0,0,73511,36
2026/07/24 16:36:18.159,2026/07/24 16:36:18.147,2026/07/24 16:36:18.172,0,GPU-e2681f6e-8d94-2d66-484f-43ea602335f9,90.16,1410,1593,0,0,73511,44
2026/07/24 16:36:18.159,2026/07/24 16:36:18.147,2026/07/24 16:36:18.172,1,GPU-713d5b24-2a1e-fd4a-7685-c3d195ff9230,83.73,1410,1593,0,0,73511,36
2026/07/24 16:36:18.409,2026/07/24 16:36:18.397,2026/07/24 16:36:18.420,0,GPU-e2681f6e-8d94-2d66-484f-43ea602335f9,90.16,1410,1593,0,0,73511,44
2026/07/24 16:36:18.409,2026/07/24 16:36:18.397,2026/07/24 16:36:18.420,1,GPU-713d5b24-2a1e-fd4a-7685-c3d195ff9230,83.73,1410,1593,0,0,73511,36
2026/07/24 16:36:18.660,2026/07/24 16:36:18.647,2026/07/24 16:36:18.672,0,GPU-e2681f6e-8d94-2d66-484f-43ea602335f9,89.88,1410,1593,0,0,73511,44
2026/07/24 16:36:18.660,2026/07/24 16:36:18.647,2026/07/24 16:36:18.672,1,GPU-713d5b24-2a1e-fd4a-7685-c3d195ff9230,83.73,1410,1593,0,0,73511,36
2026/07/24 16:36:18.912,2026/07/24 16:36:18.897,2026/07/24 16:36:18.926,0,GPU-e2681f6e-8d94-2d66-484f-43ea602335f9,89.88,1410,1593,0,0,73511,44
2026/07/24 16:36:18.912,2026/07/24 16:36:18.897,2026/07/24 16:36:18.926,1,GPU-713d5b24-2a1e-fd4a-7685-c3d195ff9230,83.73,1410,1593,0,0,73511,36
2026/07/24 16:36:19.160,2026/07/24 16:36:19.147,2026/07/24 16:36:19.172,0,GPU-e2681f6e-8d94-2d66-484f-43ea602335f9,90.16,1410,1593,0,0,73511,44
2026/07/24 16:36:19.160,2026/07/24 16:36:19.147,2026/07/24 16:36:19.172,1,GPU-713d5b24-2a1e-fd4a-7685-c3d195ff9230,83.73,1410,1593,0,0,73511,36
2026/07/24 16:36:19.412,2026/07/24 16:36:19.397,2026/07/24 16:36:19.426,0,GPU-e2681f6e-8d94-2d66-484f-43ea602335f9,90.16,1410,1593,0,0,73511,44
2026/07/24 16:36:19.412,2026/07/24 16:36:19.397,2026/07/24 16:36:19.426,1,GPU-713d5b24-2a1e-fd4a-7685-c3d195ff9230,83.73,1410,1593,0,0,73511,36
2026/07/24 16:36:19.660,2026/07/24 16:36:19.648,2026/07/24 16:36:19.672,0,GPU-e2681f6e-8d94-2d66-484f-43ea602335f9,89.88,1410,1593,0,0,73511,44
2026/07/24 16:36:19.660,2026/07/24 16:36:19.648,2026/07/24 16:36:19.672,1,GPU-713d5b24-2a1e-fd4a-7685-c3d195ff9230,84.05,1410,1593,0,0,73511,36
2026/07/24 16:36:19.910,2026/07/24 16:36:19.898,2026/07/24 16:36:19.922,0,GPU-e2681f6e-8d94-2d66-484f-43ea602335f9,89.88,1410,1593,0,0,73511,44
2026/07/24 16:36:19.910,2026/07/24 16:36:19.898,2026/07/24 16:36:19.922,1,GPU-713d5b24-2a1e-fd4a-7685-c3d195ff9230,83.82,1410,1593,0,0,73511,36
2026/07/24 16:36:20.161,2026/07/24 16:36:20.148,2026/07/24 16:36:20.174,0,GPU-e2681f6e-8d94-2d66-484f-43ea602335f9,89.88,1410,1593,0,0,73511,44
2026/07/24 16:36:20.161,2026/07/24 16:36:20.148,2026/07/24 16:36:20.174,1,GPU-713d5b24-2a1e-fd4a-7685-c3d195ff9230,83.73,1410,1593,0,0,73511,36
2026/07/24 16:36:20.409,2026/07/24 16:36:20.398,2026/07/24 16:36:20.421,0,GPU-e2681f6e-8d94-2d66-484f-43ea602335f9,89.88,1410,1593,0,0,73511,44
2026/07/24 16:36:20.409,2026/07/24 16:36:20.398,2026/07/24 16:36:20.421,1,GPU-713d5b24-2a1e-fd4a-7685-c3d195ff9230,83.55,1410,1593,0,0,73511,36
2026/07/24 16:36:20.661,2026/07/24 16:36:20.648,2026/07/24 16:36:20.674,0,GPU-e2681f6e-8d94-2d66-484f-43ea602335f9,89.88,1410,1593,0,0,73511,44
2026/07/24 16:36:20.661,2026/07/24 16:36:20.648,2026/07/24 16:36:20.674,1,GPU-713d5b24-2a1e-fd4a-7685-c3d195ff9230,84.05,1410,1593,0,0,73511,36
2026/07/24 16:36:20.910,2026/07/24 16:36:20.898,2026/07/24 16:36:20.921,0,GPU-e2681f6e-8d94-2d66-484f-43ea602335f9,89.88,1410,1593,0,0,73511,44
2026/07/24 16:36:20.910,2026/07/24 16:36:20.898,2026/07/24 16:36:20.921,1,GPU-713d5b24-2a1e-fd4a-7685-c3d195ff9230,83.46,1410,1593,0,0,73511,36
2026/07/24 16:36:21.162,2026/07/24 16:36:21.148,2026/07/24 16:36:21.176,0,GPU-e2681f6e-8d94-2d66-484f-43ea602335f9,89.88,1410,1593,0,0,73511,44
2026/07/24 16:36:21.162,2026/07/24 16:36:21.148,2026/07/24 16:36:21.176,1,GPU-713d5b24-2a1e-fd4a-7685-c3d195ff9230,83.46,1410,1593,0,0,73511,36
2026/07/24 16:36:21.410,2026/07/24 16:36:21.398,2026/07/24 16:36:21.423,0,GPU-e2681f6e-8d94-2d66-484f-43ea602335f9,89.88,1410,1593,0,0,73511,44
2026/07/24 16:36:21.410,2026/07/24 16:36:21.398,2026/07/24 16:36:21.423,1,GPU-713d5b24-2a1e-fd4a-7685-c3d195ff9230,83.46,1410,1593,0,0,73511,36
2026/07/24 16:36:21.662,2026/07/24 16:36:21.648,2026/07/24 16:36:21.676,0,GPU-e2681f6e-8d94-2d66-484f-43ea602335f9,89.88,1410,1593,0,0,73511,44
2026/07/24 16:36:21.662,2026/07/24 16:36:21.648,2026/07/24 16:36:21.676,1,GPU-713d5b24-2a1e-fd4a-7685-c3d195ff9230,83.73,1410,1593,0,0,73511,36
2026/07/24 16:36:21.911,2026/07/24 16:36:21.898,2026/07/24 16:36:21.923,0,GPU-e2681f6e-8d94-2d66-484f-43ea602335f9,89.88,1410,1593,0,0,73511,44
2026/07/24 16:36:21.911,2026/07/24 16:36:21.898,2026/07/24 16:36:21.923,1,GPU-713d5b24-2a1e-fd4a-7685-c3d195ff9230,83.46,1410,1593,0,0,73511,36
2026/07/24 16:36:22.160,2026/07/24 16:36:22.148,2026/07/24 16:36:22.172,0,GPU-e2681f6e-8d94-2d66-484f-43ea602335f9,90.16,1410,1593,0,0,73511,44
2026/07/24 16:36:22.160,2026/07/24 16:36:22.148,2026/07/24 16:36:22.172,1,GPU-713d5b24-2a1e-fd4a-7685-c3d195ff9230,83.46,1410,1593,0,0,73511,36
2026/07/24 16:36:22.410,2026/07/24 16:36:22.399,2026/07/24 16:36:22.422,0,GPU-e2681f6e-8d94-2d66-484f-43ea602335f9,90.16,1410,1593,0,0,73511,44
2026/07/24 16:36:22.410,2026/07/24 16:36:22.399,2026/07/24 16:36:22.422,1,GPU-713d5b24-2a1e-fd4a-7685-c3d195ff9230,83.82,1410,1593,0,0,73511,36
2026/07/24 16:36:22.661,2026/07/24 16:36:22.649,2026/07/24 16:36:22.673,0,GPU-e2681f6e-8d94-2d66-484f-43ea602335f9,89.88,1410,1593,0,0,73511,44
2026/07/24 16:36:22.661,2026/07/24 16:36:22.649,2026/07/24 16:36:22.673,1,GPU-713d5b24-2a1e-fd4a-7685-c3d195ff9230,83.46,1410,1593,0,0,73511,36
2026/07/24 16:36:22.910,2026/07/24 16:36:22.899,2026/07/24 16:36:22.922,0,GPU-e2681f6e-8d94-2d66-484f-43ea602335f9,89.29,1410,1593,0,0,73511,44
2026/07/24 16:36:22.910,2026/07/24 16:36:22.899,2026/07/24 16:36:22.922,1,GPU-713d5b24-2a1e-fd4a-7685-c3d195ff9230,83.46,1410,1593,0,0,73511,36
2026/07/24 16:36:23.161,2026/07/24 16:36:23.149,2026/07/24 16:36:23.173,0,GPU-e2681f6e-8d94-2d66-484f-43ea602335f9,89.29,1410,1593,0,0,73511,44
2026/07/24 16:36:23.161,2026/07/24 16:36:23.149,2026/07/24 16:36:23.173,1,GPU-713d5b24-2a1e-fd4a-7685-c3d195ff9230,83.46,1410,1593,0,0,73511,36
2026/07/24 16:36:23.410,2026/07/24 16:36:23.399,2026/07/24 16:36:23.422,0,GPU-e2681f6e-8d94-2d66-484f-43ea602335f9,89.29,1410,1593,0,0,73511,44
2026/07/24 16:36:23.410,2026/07/24 16:36:23.399,2026/07/24 16:36:23.422,1,GPU-713d5b24-2a1e-fd4a-7685-c3d195ff9230,83.82,1410,1593,0,0,73511,36
2026/07/24 16:36:23.661,2026/07/24 16:36:23.649,2026/07/24 16:36:23.672,0,GPU-e2681f6e-8d94-2d66-484f-43ea602335f9,89.88,1410,1593,0,0,73511,44
2026/07/24 16:36:23.661,2026/07/24 16:36:23.649,2026/07/24 16:36:23.672,1,GPU-713d5b24-2a1e-fd4a-7685-c3d195ff9230,83.46,1410,1593,0,0,73511,36
2026/07/24 16:36:23.911,2026/07/24 16:36:23.899,2026/07/24 16:36:23.923,0,GPU-e2681f6e-8d94-2d66-484f-43ea602335f9,89.88,1410,1593,0,0,73511,44
2026/07/24 16:36:23.911,2026/07/24 16:36:23.899,2026/07/24 16:36:23.923,1,GPU-713d5b24-2a1e-fd4a-7685-c3d195ff9230,83.73,1410,1593,0,0,73511,36
2026/07/24 16:36:24.161,2026/07/24 16:36:24.149,2026/07/24 16:36:24.173,0,GPU-e2681f6e-8d94-2d66-484f-43ea602335f9,89.88,1410,1593,0,0,73511,44
2026/07/24 16:36:24.161,2026/07/24 16:36:24.149,2026/07/24 16:36:24.173,1,GPU-713d5b24-2a1e-fd4a-7685-c3d195ff9230,83.46,1410,1593,0,0,73511,36
2026/07/24 16:36:24.411,2026/07/24 16:36:24.399,2026/07/24 16:36:24.423,0,GPU-e2681f6e-8d94-2d66-484f-43ea602335f9,89.88,1410,1593,0,0,73511,44
2026/07/24 16:36:24.411,2026/07/24 16:36:24.399,2026/07/24 16:36:24.423,1,GPU-713d5b24-2a1e-fd4a-7685-c3d195ff9230,83.73,1410,1593,0,0,73511,36
2026/07/24 16:36:24.662,2026/07/24 16:36:24.649,2026/07/24 16:36:24.674,0,GPU-e2681f6e-8d94-2d66-484f-43ea602335f9,90.16,1410,1593,0,0,73511,44
2026/07/24 16:36:24.662,2026/07/24 16:36:24.649,2026/07/24 16:36:24.674,1,GPU-713d5b24-2a1e-fd4a-7685-c3d195ff9230,83.46,1410,1593,0,0,73511,36
2026/07/24 16:36:24.911,2026/07/24 16:36:24.900,2026/07/24 16:36:24.923,0,GPU-e2681f6e-8d94-2d66-484f-43ea602335f9,90.16,1410,1593,0,0,73511,44
2026/07/24 16:36:24.911,2026/07/24 16:36:24.900,2026/07/24 16:36:24.923,1,GPU-713d5b24-2a1e-fd4a-7685-c3d195ff9230,83.73,1410,1593,0,0,73511,36
2026/07/24 16:36:25.162,2026/07/24 16:36:25.150,2026/07/24 16:36:25.175,0,GPU-e2681f6e-8d94-2d66-484f-43ea602335f9,89.88,1410,1593,0,0,73511,44
2026/07/24 16:36:25.162,2026/07/24 16:36:25.150,2026/07/24 16:36:25.175,1,GPU-713d5b24-2a1e-fd4a-7685-c3d195ff9230,83.73,1410,1593,0,0,73511,36
2026/07/24 16:36:25.411,2026/07/24 16:36:25.400,2026/07/24 16:36:25.423,0,GPU-e2681f6e-8d94-2d66-484f-43ea602335f9,89.88,1410,1593,0,0,73511,43
2026/07/24 16:36:25.411,2026/07/24 16:36:25.400,2026/07/24 16:36:25.423,1,GPU-713d5b24-2a1e-fd4a-7685-c3d195ff9230,83.73,1410,1593,0,0,73511,36
2026/07/24 16:36:25.663,2026/07/24 16:36:25.650,2026/07/24 16:36:25.677,0,GPU-e2681f6e-8d94-2d66-484f-43ea602335f9,89.88,1410,1593,0,0,73511,43
2026/07/24 16:36:25.663,2026/07/24 16:36:25.650,2026/07/24 16:36:25.677,1,GPU-713d5b24-2a1e-fd4a-7685-c3d195ff9230,83.73,1410,1593,0,0,73511,36
2026/07/24 16:36:25.912,2026/07/24 16:36:25.900,2026/07/24 16:36:25.923,0,GPU-e2681f6e-8d94-2d66-484f-43ea602335f9,89.88,1410,1593,0,0,73511,43
2026/07/24 16:36:25.912,2026/07/24 16:36:25.900,2026/07/24 16:36:25.923,1,GPU-713d5b24-2a1e-fd4a-7685-c3d195ff9230,83.55,1410,1593,0,0,73511,36
2026/07/24 16:36:26.163,2026/07/24 16:36:26.150,2026/07/24 16:36:26.175,0,GPU-e2681f6e-8d94-2d66-484f-43ea602335f9,89.88,1410,1593,0,0,73511,43
2026/07/24 16:36:26.163,2026/07/24 16:36:26.150,2026/07/24 16:36:26.175,1,GPU-713d5b24-2a1e-fd4a-7685-c3d195ff9230,83.73,1410,1593,0,0,73511,36
2026/07/24 16:36:26.412,2026/07/24 16:36:26.400,2026/07/24 16:36:26.423,0,GPU-e2681f6e-8d94-2d66-484f-43ea602335f9,89.56,1410,1593,0,0,73511,43
2026/07/24 16:36:26.412,2026/07/24 16:36:26.400,2026/07/24 16:36:26.423,1,GPU-713d5b24-2a1e-fd4a-7685-c3d195ff9230,83.82,1410,1593,0,0,73511,36
2026/07/24 16:36:26.664,2026/07/24 16:36:26.650,2026/07/24 16:36:26.677,0,GPU-e2681f6e-8d94-2d66-484f-43ea602335f9,89.56,1410,1593,0,0,73511,43
2026/07/24 16:36:26.664,2026/07/24 16:36:26.650,2026/07/24 16:36:26.677,1,GPU-713d5b24-2a1e-fd4a-7685-c3d195ff9230,83.73,1410,1593,0,0,73511,36
2026/07/24 16:36:26.912,2026/07/24 16:36:26.900,2026/07/24 16:36:26.924,0,GPU-e2681f6e-8d94-2d66-484f-43ea602335f9,89.88,1410,1593,0,0,73511,43
2026/07/24 16:36:26.912,2026/07/24 16:36:26.900,2026/07/24 16:36:26.924,1,GPU-713d5b24-2a1e-fd4a-7685-c3d195ff9230,83.73,1410,1593,0,0,73511,36
2026/07/24 16:36:27.163,2026/07/24 16:36:27.150,2026/07/24 16:36:27.176,0,GPU-e2681f6e-8d94-2d66-484f-43ea602335f9,89.56,1410,1593,0,0,73511,43
2026/07/24 16:36:27.163,2026/07/24 16:36:27.150,2026/07/24 16:36:27.176,1,GPU-713d5b24-2a1e-fd4a-7685-c3d195ff9230,83.46,1410,1593,0,0,73511,36
2026/07/24 16:36:27.412,2026/07/24 16:36:27.401,2026/07/24 16:36:27.423,0,GPU-e2681f6e-8d94-2d66-484f-43ea602335f9,89.88,1410,1593,0,0,73511,43
2026/07/24 16:36:27.412,2026/07/24 16:36:27.401,2026/07/24 16:36:27.423,1,GPU-713d5b24-2a1e-fd4a-7685-c3d195ff9230,83.46,1410,1593,0,0,73511,36
2026/07/24 16:36:27.663,2026/07/24 16:36:27.651,2026/07/24 16:36:27.675,0,GPU-e2681f6e-8d94-2d66-484f-43ea602335f9,89.88,1410,1593,0,0,73511,43
2026/07/24 16:36:27.663,2026/07/24 16:36:27.651,2026/07/24 16:36:27.675,1,GPU-713d5b24-2a1e-fd4a-7685-c3d195ff9230,83.73,1410,1593,0,0,73511,36
2026/07/24 16:36:27.912,2026/07/24 16:36:27.901,2026/07/24 16:36:27.924,0,GPU-e2681f6e-8d94-2d66-484f-43ea602335f9,89.88,1410,1593,0,0,73511,43
2026/07/24 16:36:27.912,2026/07/24 16:36:27.901,2026/07/24 16:36:27.924,1,GPU-713d5b24-2a1e-fd4a-7685-c3d195ff9230,83.46,1410,1593,0,0,73511,35
2026/07/24 16:36:28.163,2026/07/24 16:36:28.151,2026/07/24 16:36:28.175,0,GPU-e2681f6e-8d94-2d66-484f-43ea602335f9,89.56,1410,1593,0,0,73511,43
2026/07/24 16:36:28.163,2026/07/24 16:36:28.151,2026/07/24 16:36:28.175,1,GPU-713d5b24-2a1e-fd4a-7685-c3d195ff9230,83.73,1410,1593,0,0,73511,35
2026/07/24 16:36:28.412,2026/07/24 16:36:28.401,2026/07/24 16:36:28.424,0,GPU-e2681f6e-8d94-2d66-484f-43ea602335f9,89.88,1410,1593,0,0,73511,43
2026/07/24 16:36:28.412,2026/07/24 16:36:28.401,2026/07/24 16:36:28.424,1,GPU-713d5b24-2a1e-fd4a-7685-c3d195ff9230,83.46,1410,1593,0,0,73511,35
2026/07/24 16:36:28.663,2026/07/24 16:36:28.651,2026/07/24 16:36:28.675,0,GPU-e2681f6e-8d94-2d66-484f-43ea602335f9,89.88,1410,1593,0,0,73511,43
2026/07/24 16:36:28.663,2026/07/24 16:36:28.651,2026/07/24 16:36:28.675,1,GPU-713d5b24-2a1e-fd4a-7685-c3d195ff9230,83.73,1410,1593,0,0,73511,35
2026/07/24 16:36:28.914,2026/07/24 16:36:28.901,2026/07/24 16:36:28.926,0,GPU-e2681f6e-8d94-2d66-484f-43ea602335f9,89.56,1410,1593,0,0,73511,43
2026/07/24 16:36:28.914,2026/07/24 16:36:28.901,2026/07/24 16:36:28.926,1,GPU-713d5b24-2a1e-fd4a-7685-c3d195ff9230,83.55,1410,1593,0,0,73511,35
2026/07/24 16:36:29.163,2026/07/24 16:36:29.151,2026/07/24 16:36:29.176,0,GPU-e2681f6e-8d94-2d66-484f-43ea602335f9,89.56,1410,1593,0,0,73511,43
2026/07/24 16:36:29.163,2026/07/24 16:36:29.151,2026/07/24 16:36:29.176,1,GPU-713d5b24-2a1e-fd4a-7685-c3d195ff9230,83.46,1410,1593,0,0,73511,35
2026/07/24 16:36:29.413,2026/07/24 16:36:29.401,2026/07/24 16:36:29.425,0,GPU-e2681f6e-8d94-2d66-484f-43ea602335f9,89.88,1410,1593,0,0,73511,43
2026/07/24 16:36:29.413,2026/07/24 16:36:29.401,2026/07/24 16:36:29.425,1,GPU-713d5b24-2a1e-fd4a-7685-c3d195ff9230,83.73,1410,1593,0,0,73511,35
2026/07/24 16:36:29.664,2026/07/24 16:36:29.651,2026/07/24 16:36:29.676,0,GPU-e2681f6e-8d94-2d66-484f-43ea602335f9,89.88,1410,1593,0,0,73511,43
2026/07/24 16:36:29.664,2026/07/24 16:36:29.651,2026/07/24 16:36:29.676,1,GPU-713d5b24-2a1e-fd4a-7685-c3d195ff9230,83.46,1410,1593,0,0,73511,35
2026/07/24 16:36:29.925,2026/07/24 16:36:29.902,2026/07/24 16:36:29.949,0,GPU-e2681f6e-8d94-2d66-484f-43ea602335f9,89.88,1410,1593,0,0,73511,43
2026/07/24 16:36:29.925,2026/07/24 16:36:29.902,2026/07/24 16:36:29.949,1,GPU-713d5b24-2a1e-fd4a-7685-c3d195ff9230,83.46,1410,1593,0,0,73511,35
2026/07/24 16:36:30.163,2026/07/24 16:36:30.152,2026/07/24 16:36:30.175,0,GPU-e2681f6e-8d94-2d66-484f-43ea602335f9,89.56,1410,1593,0,0,73511,43
2026/07/24 16:36:30.163,2026/07/24 16:36:30.152,2026/07/24 16:36:30.175,1,GPU-713d5b24-2a1e-fd4a-7685-c3d195ff9230,83.82,1410,1593,0,0,73511,35
2026/07/24 16:36:30.413,2026/07/24 16:36:30.402,2026/07/24 16:36:30.425,0,GPU-e2681f6e-8d94-2d66-484f-43ea602335f9,89.56,1410,1593,0,0,73511,43
2026/07/24 16:36:30.413,2026/07/24 16:36:30.402,2026/07/24 16:36:30.425,1,GPU-713d5b24-2a1e-fd4a-7685-c3d195ff9230,83.73,1410,1593,0,0,73511,35
2026/07/24 16:36:30.665,2026/07/24 16:36:30.652,2026/07/24 16:36:30.679,0,GPU-e2681f6e-8d94-2d66-484f-43ea602335f9,89.56,1410,1593,0,0,73511,43
2026/07/24 16:36:30.665,2026/07/24 16:36:30.652,2026/07/24 16:36:30.679,1,GPU-713d5b24-2a1e-fd4a-7685-c3d195ff9230,83.73,1410,1593,0,0,73511,35
2026/07/24 16:36:30.913,2026/07/24 16:36:30.902,2026/07/24 16:36:30.924,0,GPU-e2681f6e-8d94-2d66-484f-43ea602335f9,89.56,1410,1593,0,0,73511,43
2026/07/24 16:36:30.913,2026/07/24 16:36:30.902,2026/07/24 16:36:30.924,1,GPU-713d5b24-2a1e-fd4a-7685-c3d195ff9230,83.46,1410,1593,0,0,73511,35
2026/07/24 16:36:31.163,2026/07/24 16:36:31.152,2026/07/24 16:36:31.175,0,GPU-e2681f6e-8d94-2d66-484f-43ea602335f9,89.88,1410,1593,0,0,73511,43
2026/07/24 16:36:31.163,2026/07/24 16:36:31.152,2026/07/24 16:36:31.175,1,GPU-713d5b24-2a1e-fd4a-7685-c3d195ff9230,83.73,1410,1593,0,0,73511,35
2026/07/24 16:36:31.414,2026/07/24 16:36:31.402,2026/07/24 16:36:31.425,0,GPU-e2681f6e-8d94-2d66-484f-43ea602335f9,89.56,1410,1593,0,0,73511,43
2026/07/24 16:36:31.414,2026/07/24 16:36:31.402,2026/07/24 16:36:31.425,1,GPU-713d5b24-2a1e-fd4a-7685-c3d195ff9230,83.82,1410,1593,0,0,73511,35
2026/07/24 16:36:31.666,2026/07/24 16:36:31.652,2026/07/24 16:36:31.679,0,GPU-e2681f6e-8d94-2d66-484f-43ea602335f9,89.56,1410,1593,0,0,73511,43
2026/07/24 16:36:31.666,2026/07/24 16:36:31.652,2026/07/24 16:36:31.679,1,GPU-713d5b24-2a1e-fd4a-7685-c3d195ff9230,83.73,1410,1593,0,0,73511,35
2026/07/24 16:36:31.914,2026/07/24 16:36:31.902,2026/07/24 16:36:31.925,0,GPU-e2681f6e-8d94-2d66-484f-43ea602335f9,89.56,1410,1593,0,0,73511,43
2026/07/24 16:36:31.914,2026/07/24 16:36:31.902,2026/07/24 16:36:31.925,1,GPU-713d5b24-2a1e-fd4a-7685-c3d195ff9230,83.73,1410,1593,0,0,73511,35
2026/07/24 16:36:32.164,2026/07/24 16:36:32.152,2026/07/24 16:36:32.176,0,GPU-e2681f6e-8d94-2d66-484f-43ea602335f9,89.56,1410,1593,0,0,73511,43
2026/07/24 16:36:32.164,2026/07/24 16:36:32.152,2026/07/24 16:36:32.176,1,GPU-713d5b24-2a1e-fd4a-7685-c3d195ff9230,83.82,1410,1593,0,0,73511,35
2026/07/24 16:36:32.414,2026/07/24 16:36:32.403,2026/07/24 16:36:32.426,0,GPU-e2681f6e-8d94-2d66-484f-43ea602335f9,89.56,1410,1593,0,0,73511,43
2026/07/24 16:36:32.414,2026/07/24 16:36:32.403,2026/07/24 16:36:32.426,1,GPU-713d5b24-2a1e-fd4a-7685-c3d195ff9230,84.05,1410,1593,0,0,73511,35
2026/07/24 16:36:32.665,2026/07/24 16:36:32.653,2026/07/24 16:36:32.678,0,GPU-e2681f6e-8d94-2d66-484f-43ea602335f9,89.56,1410,1593,0,0,73511,43
2026/07/24 16:36:32.665,2026/07/24 16:36:32.653,2026/07/24 16:36:32.678,1,GPU-713d5b24-2a1e-fd4a-7685-c3d195ff9230,83.73,1410,1593,0,0,73511,35
2026/07/24 16:36:32.915,2026/07/24 16:36:32.903,2026/07/24 16:36:32.927,0,GPU-e2681f6e-8d94-2d66-484f-43ea602335f9,89.56,1410,1593,0,0,73511,43
2026/07/24 16:36:32.915,2026/07/24 16:36:32.903,2026/07/24 16:36:32.927,1,GPU-713d5b24-2a1e-fd4a-7685-c3d195ff9230,83.73,1410,1593,0,0,73511,35
2026/07/24 16:36:33.164,2026/07/24 16:36:33.153,2026/07/24 16:36:33.176,0,GPU-e2681f6e-8d94-2d66-484f-43ea602335f9,89.56,1410,1593,0,0,73511,43
2026/07/24 16:36:33.164,2026/07/24 16:36:33.153,2026/07/24 16:36:33.176,1,GPU-713d5b24-2a1e-fd4a-7685-c3d195ff9230,83.46,1410,1593,0,0,73511,35
2026/07/24 16:36:33.414,2026/07/24 16:36:33.403,2026/07/24 16:36:33.426,0,GPU-e2681f6e-8d94-2d66-484f-43ea602335f9,89.56,1410,1593,0,0,73511,43
2026/07/24 16:36:33.414,2026/07/24 16:36:33.403,2026/07/24 16:36:33.426,1,GPU-713d5b24-2a1e-fd4a-7685-c3d195ff9230,83.73,1410,1593,0,0,73511,35
2026/07/24 16:36:33.665,2026/07/24 16:36:33.653,2026/07/24 16:36:33.678,0,GPU-e2681f6e-8d94-2d66-484f-43ea602335f9,89.56,1410,1593,0,0,73511,43
2026/07/24 16:36:33.665,2026/07/24 16:36:33.653,2026/07/24 16:36:33.678,1,GPU-713d5b24-2a1e-fd4a-7685-c3d195ff9230,83.73,1410,1593,0,0,73511,35
2026/07/24 16:36:33.915,2026/07/24 16:36:33.903,2026/07/24 16:36:33.926,0,GPU-e2681f6e-8d94-2d66-484f-43ea602335f9,89.56,1410,1593,0,0,73511,43
2026/07/24 16:36:33.915,2026/07/24 16:36:33.903,2026/07/24 16:36:33.926,1,GPU-713d5b24-2a1e-fd4a-7685-c3d195ff9230,83.73,1410,1593,0,0,73511,35
2026/07/24 16:36:34.164,2026/07/24 16:36:34.153,2026/07/24 16:36:34.175,0,GPU-e2681f6e-8d94-2d66-484f-43ea602335f9,89.56,1410,1593,0,0,73511,43
2026/07/24 16:36:34.164,2026/07/24 16:36:34.153,2026/07/24 16:36:34.175,1,GPU-713d5b24-2a1e-fd4a-7685-c3d195ff9230,83.46,1410,1593,0,0,73511,35
2026/07/24 16:36:34.416,2026/07/24 16:36:34.403,2026/07/24 16:36:34.428,0,GPU-e2681f6e-8d94-2d66-484f-43ea602335f9,89.56,1410,1593,0,0,73511,43
2026/07/24 16:36:34.416,2026/07/24 16:36:34.403,2026/07/24 16:36:34.428,1,GPU-713d5b24-2a1e-fd4a-7685-c3d195ff9230,83.73,1410,1593,0,0,73511,35
2026/07/24 16:36:34.666,2026/07/24 16:36:34.653,2026/07/24 16:36:34.679,0,GPU-e2681f6e-8d94-2d66-484f-43ea602335f9,89.56,1410,1593,0,0,73511,43
2026/07/24 16:36:34.666,2026/07/24 16:36:34.653,2026/07/24 16:36:34.679,1,GPU-713d5b24-2a1e-fd4a-7685-c3d195ff9230,83.73,1410,1593,0,0,73511,35
2026/07/24 16:36:34.915,2026/07/24 16:36:34.903,2026/07/24 16:36:34.927,0,GPU-e2681f6e-8d94-2d66-484f-43ea602335f9,89.56,1410,1593,0,0,73511,43
2026/07/24 16:36:34.915,2026/07/24 16:36:34.903,2026/07/24 16:36:34.927,1,GPU-713d5b24-2a1e-fd4a-7685-c3d195ff9230,83.73,1410,1593,0,0,73511,35
2026/07/24 16:36:35.165,2026/07/24 16:36:35.154,2026/07/24 16:36:35.176,0,GPU-e2681f6e-8d94-2d66-484f-43ea602335f9,89.56,1410,1593,0,0,73511,43
2026/07/24 16:36:35.165,2026/07/24 16:36:35.154,2026/07/24 16:36:35.176,1,GPU-713d5b24-2a1e-fd4a-7685-c3d195ff9230,83.73,1410,1593,0,0,73511,35
2026/07/24 16:36:35.415,2026/07/24 16:36:35.404,2026/07/24 16:36:35.427,0,GPU-e2681f6e-8d94-2d66-484f-43ea602335f9,89.56,1410,1593,0,0,73511,43
2026/07/24 16:36:35.415,2026/07/24 16:36:35.404,2026/07/24 16:36:35.427,1,GPU-713d5b24-2a1e-fd4a-7685-c3d195ff9230,83.73,1410,1593,0,0,73511,35
2026/07/24 16:36:35.668,2026/07/24 16:36:35.654,2026/07/24 16:36:35.682,0,GPU-e2681f6e-8d94-2d66-484f-43ea602335f9,89.56,1410,1593,0,0,73511,43
2026/07/24 16:36:35.668,2026/07/24 16:36:35.654,2026/07/24 16:36:35.682,1,GPU-713d5b24-2a1e-fd4a-7685-c3d195ff9230,83.73,1410,1593,0,0,73511,35
2026/07/24 16:36:35.916,2026/07/24 16:36:35.904,2026/07/24 16:36:35.927,0,GPU-e2681f6e-8d94-2d66-484f-43ea602335f9,89.56,1410,1593,0,0,73511,43
2026/07/24 16:36:35.916,2026/07/24 16:36:35.904,2026/07/24 16:36:35.927,1,GPU-713d5b24-2a1e-fd4a-7685-c3d195ff9230,83.82,1410,1593,0,0,73511,35
2026/07/24 16:36:36.165,2026/07/24 16:36:36.154,2026/07/24 16:36:36.176,0,GPU-e2681f6e-8d94-2d66-484f-43ea602335f9,89.56,1410,1593,0,0,73511,43
2026/07/24 16:36:36.165,2026/07/24 16:36:36.154,2026/07/24 16:36:36.176,1,GPU-713d5b24-2a1e-fd4a-7685-c3d195ff9230,83.73,1410,1593,0,0,73511,35
2026/07/24 16:36:36.416,2026/07/24 16:36:36.404,2026/07/24 16:36:36.428,0,GPU-e2681f6e-8d94-2d66-484f-43ea602335f9,89.56,1410,1593,0,0,73511,43
2026/07/24 16:36:36.416,2026/07/24 16:36:36.404,2026/07/24 16:36:36.428,1,GPU-713d5b24-2a1e-fd4a-7685-c3d195ff9230,83.73,1410,1593,0,0,73511,35
2026/07/24 16:36:36.667,2026/07/24 16:36:36.654,2026/07/24 16:36:36.680,0,GPU-e2681f6e-8d94-2d66-484f-43ea602335f9,89.56,1410,1593,0,0,73511,43
2026/07/24 16:36:36.667,2026/07/24 16:36:36.654,2026/07/24 16:36:36.680,1,GPU-713d5b24-2a1e-fd4a-7685-c3d195ff9230,83.82,1410,1593,0,0,73511,35
2026/07/24 16:36:36.917,2026/07/24 16:36:36.904,2026/07/24 16:36:36.930,0,GPU-e2681f6e-8d94-2d66-484f-43ea602335f9,89.56,1410,1593,0,0,73511,43
2026/07/24 16:36:36.917,2026/07/24 16:36:36.904,2026/07/24 16:36:36.930,1,GPU-713d5b24-2a1e-fd4a-7685-c3d195ff9230,83.73,1410,1593,0,0,73511,35
2026/07/24 16:36:37.165,2026/07/24 16:36:37.154,2026/07/24 16:36:37.176,0,GPU-e2681f6e-8d94-2d66-484f-43ea602335f9,89.56,1410,1593,0,0,73511,43
2026/07/24 16:36:37.165,2026/07/24 16:36:37.154,2026/07/24 16:36:37.176,1,GPU-713d5b24-2a1e-fd4a-7685-c3d195ff9230,83.73,1410,1593,0,0,73511,35
2026/07/24 16:36:37.416,2026/07/24 16:36:37.404,2026/07/24 16:36:37.428,0,GPU-e2681f6e-8d94-2d66-484f-43ea602335f9,89.88,1410,1593,0,0,73511,43
2026/07/24 16:36:37.416,2026/07/24 16:36:37.404,2026/07/24 16:36:37.428,1,GPU-713d5b24-2a1e-fd4a-7685-c3d195ff9230,83.73,1410,1593,0,0,73511,35
2026/07/24 16:36:37.667,2026/07/24 16:36:37.655,2026/07/24 16:36:37.679,0,GPU-e2681f6e-8d94-2d66-484f-43ea602335f9,89.56,1410,1593,0,0,73511,43
2026/07/24 16:36:37.667,2026/07/24 16:36:37.655,2026/07/24 16:36:37.679,1,GPU-713d5b24-2a1e-fd4a-7685-c3d195ff9230,83.73,1410,1593,0,0,73511,35
2026/07/24 16:36:37.918,2026/07/24 16:36:37.905,2026/07/24 16:36:37.931,0,GPU-e2681f6e-8d94-2d66-484f-43ea602335f9,89.38,1410,1593,0,0,73511,43
2026/07/24 16:36:37.918,2026/07/24 16:36:37.905,2026/07/24 16:36:37.931,1,GPU-713d5b24-2a1e-fd4a-7685-c3d195ff9230,83.82,1410,1593,0,0,73511,35
2026/07/24 16:36:38.166,2026/07/24 16:36:38.155,2026/07/24 16:36:38.177,0,GPU-e2681f6e-8d94-2d66-484f-43ea602335f9,89.29,1410,1593,0,0,73511,43
2026/07/24 16:36:38.166,2026/07/24 16:36:38.155,2026/07/24 16:36:38.177,1,GPU-713d5b24-2a1e-fd4a-7685-c3d195ff9230,83.82,1410,1593,0,0,73511,35
2026/07/24 16:36:38.417,2026/07/24 16:36:38.405,2026/07/24 16:36:38.429,0,GPU-e2681f6e-8d94-2d66-484f-43ea602335f9,89.56,1410,1593,0,0,73511,43
2026/07/24 16:36:38.417,2026/07/24 16:36:38.405,2026/07/24 16:36:38.429,1,GPU-713d5b24-2a1e-fd4a-7685-c3d195ff9230,83.73,1410,1593,0,0,73511,35
2026/07/24 16:36:38.669,2026/07/24 16:36:38.655,2026/07/24 16:36:38.684,0,GPU-e2681f6e-8d94-2d66-484f-43ea602335f9,89.56,1410,1593,0,0,73511,43
2026/07/24 16:36:38.669,2026/07/24 16:36:38.655,2026/07/24 16:36:38.684,1,GPU-713d5b24-2a1e-fd4a-7685-c3d195ff9230,84.05,1410,1593,0,0,73511,35
2026/07/24 16:36:38.918,2026/07/24 16:36:38.905,2026/07/24 16:36:38.931,0,GPU-e2681f6e-8d94-2d66-484f-43ea602335f9,89.56,1410,1593,0,0,73511,43
2026/07/24 16:36:38.918,2026/07/24 16:36:38.905,2026/07/24 16:36:38.931,1,GPU-713d5b24-2a1e-fd4a-7685-c3d195ff9230,84.05,1410,1593,0,0,73511,35
2026/07/24 16:36:39.166,2026/07/24 16:36:39.155,2026/07/24 16:36:39.177,0,GPU-e2681f6e-8d94-2d66-484f-43ea602335f9,89.38,1410,1593,0,0,73511,43
2026/07/24 16:36:39.166,2026/07/24 16:36:39.155,2026/07/24 16:36:39.177,1,GPU-713d5b24-2a1e-fd4a-7685-c3d195ff9230,83.82,1410,1593,0,0,73511,35
2026/07/24 16:36:39.418,2026/07/24 16:36:39.405,2026/07/24 16:36:39.430,0,GPU-e2681f6e-8d94-2d66-484f-43ea602335f9,89.56,1410,1593,0,0,73511,43
2026/07/24 16:36:39.418,2026/07/24 16:36:39.405,2026/07/24 16:36:39.430,1,GPU-713d5b24-2a1e-fd4a-7685-c3d195ff9230,83.46,1410,1593,0,0,73511,35
2026/07/24 16:36:39.668,2026/07/24 16:36:39.655,2026/07/24 16:36:39.681,0,GPU-e2681f6e-8d94-2d66-484f-43ea602335f9,89.56,1410,1593,0,0,73511,43
2026/07/24 16:36:39.668,2026/07/24 16:36:39.655,2026/07/24 16:36:39.681,1,GPU-713d5b24-2a1e-fd4a-7685-c3d195ff9230,83.73,1410,1593,0,0,73511,35
2026/07/24 16:36:39.918,2026/07/24 16:36:39.905,2026/07/24 16:36:39.930,0,GPU-e2681f6e-8d94-2d66-484f-43ea602335f9,89.29,1410,1593,0,0,73511,43
2026/07/24 16:36:39.918,2026/07/24 16:36:39.905,2026/07/24 16:36:39.930,1,GPU-713d5b24-2a1e-fd4a-7685-c3d195ff9230,83.73,1410,1593,0,0,73511,35
2026/07/24 16:36:40.167,2026/07/24 16:36:40.156,2026/07/24 16:36:40.178,0,GPU-e2681f6e-8d94-2d66-484f-43ea602335f9,89.29,1410,1593,0,0,73511,43
2026/07/24 16:36:40.167,2026/07/24 16:36:40.156,2026/07/24 16:36:40.178,1,GPU-713d5b24-2a1e-fd4a-7685-c3d195ff9230,83.46,1410,1593,0,0,73511,35
2026/07/24 16:36:40.418,2026/07/24 16:36:40.406,2026/07/24 16:36:40.429,0,GPU-e2681f6e-8d94-2d66-484f-43ea602335f9,89.56,1410,1593,0,0,73511,43
2026/07/24 16:36:40.418,2026/07/24 16:36:40.406,2026/07/24 16:36:40.429,1,GPU-713d5b24-2a1e-fd4a-7685-c3d195ff9230,83.73,1410,1593,0,0,73511,35
2026/07/24 16:36:40.669,2026/07/24 16:36:40.656,2026/07/24 16:36:40.682,0,GPU-e2681f6e-8d94-2d66-484f-43ea602335f9,89.29,1410,1593,0,0,73511,43
2026/07/24 16:36:40.669,2026/07/24 16:36:40.656,2026/07/24 16:36:40.682,1,GPU-713d5b24-2a1e-fd4a-7685-c3d195ff9230,83.73,1410,1593,0,0,73511,35
2026/07/24 16:36:40.918,2026/07/24 16:36:40.906,2026/07/24 16:36:40.930,0,GPU-e2681f6e-8d94-2d66-484f-43ea602335f9,89.29,1410,1593,0,0,73511,43
2026/07/24 16:36:40.918,2026/07/24 16:36:40.906,2026/07/24 16:36:40.930,1,GPU-713d5b24-2a1e-fd4a-7685-c3d195ff9230,83.73,1410,1593,0,0,73511,35
2026/07/24 16:36:41.168,2026/07/24 16:36:41.156,2026/07/24 16:36:41.179,0,GPU-e2681f6e-8d94-2d66-484f-43ea602335f9,89.56,1410,1593,0,0,73511,43
2026/07/24 16:36:41.168,2026/07/24 16:36:41.156,2026/07/24 16:36:41.179,1,GPU-713d5b24-2a1e-fd4a-7685-c3d195ff9230,83.73,1410,1593,0,0,73511,35
2026/07/24 16:36:41.417,2026/07/24 16:36:41.406,2026/07/24 16:36:41.429,0,GPU-e2681f6e-8d94-2d66-484f-43ea602335f9,89.56,1410,1593,0,0,73511,43
2026/07/24 16:36:41.417,2026/07/24 16:36:41.406,2026/07/24 16:36:41.429,1,GPU-713d5b24-2a1e-fd4a-7685-c3d195ff9230,83.82,1410,1593,0,0,73511,35
2026/07/24 16:36:41.669,2026/07/24 16:36:41.656,2026/07/24 16:36:41.681,0,GPU-e2681f6e-8d94-2d66-484f-43ea602335f9,89.29,1410,1593,0,0,73511,43
2026/07/24 16:36:41.669,2026/07/24 16:36:41.656,2026/07/24 16:36:41.681,1,GPU-713d5b24-2a1e-fd4a-7685-c3d195ff9230,83.73,1410,1593,0,0,73511,35
2026/07/24 16:36:41.919,2026/07/24 16:36:41.906,2026/07/24 16:36:41.932,0,GPU-e2681f6e-8d94-2d66-484f-43ea602335f9,89.29,1410,1593,0,0,73511,43
2026/07/24 16:36:41.919,2026/07/24 16:36:41.906,2026/07/24 16:36:41.932,1,GPU-713d5b24-2a1e-fd4a-7685-c3d195ff9230,83.82,1410,1593,0,0,73511,35
2026/07/24 16:36:42.168,2026/07/24 16:36:42.156,2026/07/24 16:36:42.180,0,GPU-e2681f6e-8d94-2d66-484f-43ea602335f9,89.56,1410,1593,0,0,73511,43
2026/07/24 16:36:42.168,2026/07/24 16:36:42.156,2026/07/24 16:36:42.180,1,GPU-713d5b24-2a1e-fd4a-7685-c3d195ff9230,83.46,1410,1593,0,0,73511,35
2026/07/24 16:36:42.418,2026/07/24 16:36:42.406,2026/07/24 16:36:42.429,0,GPU-e2681f6e-8d94-2d66-484f-43ea602335f9,89.56,1410,1593,0,0,73511,43
2026/07/24 16:36:42.418,2026/07/24 16:36:42.406,2026/07/24 16:36:42.429,1,GPU-713d5b24-2a1e-fd4a-7685-c3d195ff9230,83.73,1410,1593,0,0,73511,35
2026/07/24 16:36:42.668,2026/07/24 16:36:42.657,2026/07/24 16:36:42.680,0,GPU-e2681f6e-8d94-2d66-484f-43ea602335f9,89.56,1410,1593,0,0,73511,43
2026/07/24 16:36:42.668,2026/07/24 16:36:42.657,2026/07/24 16:36:42.680,1,GPU-713d5b24-2a1e-fd4a-7685-c3d195ff9230,83.82,1410,1593,0,0,73511,35
2026/07/24 16:36:42.920,2026/07/24 16:36:42.907,2026/07/24 16:36:42.934,0,GPU-e2681f6e-8d94-2d66-484f-43ea602335f9,89.29,1410,1593,0,0,73511,43
2026/07/24 16:36:42.920,2026/07/24 16:36:42.907,2026/07/24 16:36:42.934,1,GPU-713d5b24-2a1e-fd4a-7685-c3d195ff9230,83.73,1410,1593,0,0,73511,35
2026/07/24 16:36:43.168,2026/07/24 16:36:43.157,2026/07/24 16:36:43.180,0,GPU-e2681f6e-8d94-2d66-484f-43ea602335f9,89.29,1410,1593,0,0,73511,43
2026/07/24 16:36:43.168,2026/07/24 16:36:43.157,2026/07/24 16:36:43.180,1,GPU-713d5b24-2a1e-fd4a-7685-c3d195ff9230,83.82,1410,1593,0,0,73511,35
2026/07/24 16:36:43.441,2026/07/24 16:36:43.407,2026/07/24 16:36:43.474,0,GPU-e2681f6e-8d94-2d66-484f-43ea602335f9,89.56,1410,1593,0,0,73511,43
2026/07/24 16:36:43.441,2026/07/24 16:36:43.407,2026/07/24 16:36:43.474,1,GPU-713d5b24-2a1e-fd4a-7685-c3d195ff9230,83.73,1410,1593,0,0,73511,35
2026/07/24 16:36:43.670,2026/07/24 16:36:43.657,2026/07/24 16:36:43.683,0,GPU-e2681f6e-8d94-2d66-484f-43ea602335f9,93.51,1410,1593,0,0,73511,43
2026/07/24 16:36:43.670,2026/07/24 16:36:43.657,2026/07/24 16:36:43.683,1,GPU-713d5b24-2a1e-fd4a-7685-c3d195ff9230,87.17,1410,1593,0,0,73511,35
2026/07/24 16:36:43.920,2026/07/24 16:36:43.907,2026/07/24 16:36:43.932,0,GPU-e2681f6e-8d94-2d66-484f-43ea602335f9,89.56,1410,1593,0,0,73511,43
2026/07/24 16:36:43.920,2026/07/24 16:36:43.907,2026/07/24 16:36:43.932,1,GPU-713d5b24-2a1e-fd4a-7685-c3d195ff9230,83.73,1410,1593,0,0,73511,35
2026/07/24 16:36:44.173,2026/07/24 16:36:44.157,2026/07/24 16:36:44.189,0,GPU-e2681f6e-8d94-2d66-484f-43ea602335f9,89.29,1410,1593,0,0,73511,43
2026/07/24 16:36:44.173,2026/07/24 16:36:44.157,2026/07/24 16:36:44.189,1,GPU-713d5b24-2a1e-fd4a-7685-c3d195ff9230,83.73,1410,1593,0,0,73511,35
2026/07/24 16:36:44.419,2026/07/24 16:36:44.407,2026/07/24 16:36:44.430,0,GPU-e2681f6e-8d94-2d66-484f-43ea602335f9,89.56,1410,1593,0,0,73511,43
2026/07/24 16:36:44.419,2026/07/24 16:36:44.407,2026/07/24 16:36:44.430,1,GPU-713d5b24-2a1e-fd4a-7685-c3d195ff9230,83.73,1410,1593,0,0,73511,35
2026/07/24 16:36:44.672,2026/07/24 16:36:44.657,2026/07/24 16:36:44.687,0,GPU-e2681f6e-8d94-2d66-484f-43ea602335f9,89.29,1410,1593,0,0,73511,43
2026/07/24 16:36:44.672,2026/07/24 16:36:44.657,2026/07/24 16:36:44.687,1,GPU-713d5b24-2a1e-fd4a-7685-c3d195ff9230,83.73,1410,1593,0,0,73511,35
2026/07/24 16:36:44.921,2026/07/24 16:36:44.907,2026/07/24 16:36:44.934,0,GPU-e2681f6e-8d94-2d66-484f-43ea602335f9,89.29,1410,1593,0,0,73511,43
2026/07/24 16:36:44.921,2026/07/24 16:36:44.907,2026/07/24 16:36:44.934,1,GPU-713d5b24-2a1e-fd4a-7685-c3d195ff9230,83.73,1410,1593,0,0,73511,35
2026/07/24 16:36:45.170,2026/07/24 16:36:45.158,2026/07/24 16:36:45.182,0,GPU-e2681f6e-8d94-2d66-484f-43ea602335f9,89.29,1410,1593,0,0,73511,43
2026/07/24 16:36:45.170,2026/07/24 16:36:45.158,2026/07/24 16:36:45.182,1,GPU-713d5b24-2a1e-fd4a-7685-c3d195ff9230,83.73,1410,1593,0,0,73511,35
2026/07/24 16:36:45.420,2026/07/24 16:36:45.408,2026/07/24 16:36:45.432,0,GPU-e2681f6e-8d94-2d66-484f-43ea602335f9,89.29,1410,1593,0,0,73511,43
2026/07/24 16:36:45.420,2026/07/24 16:36:45.408,2026/07/24 16:36:45.432,1,GPU-713d5b24-2a1e-fd4a-7685-c3d195ff9230,84.05,1410,1593,0,0,73511,35
2026/07/24 16:36:45.670,2026/07/24 16:36:45.658,2026/07/24 16:36:45.682,0,GPU-e2681f6e-8d94-2d66-484f-43ea602335f9,89.29,1410,1593,0,0,73511,43
2026/07/24 16:36:45.670,2026/07/24 16:36:45.658,2026/07/24 16:36:45.682,1,GPU-713d5b24-2a1e-fd4a-7685-c3d195ff9230,84.38,1410,1593,0,0,73511,35
2026/07/24 16:36:45.920,2026/07/24 16:36:45.908,2026/07/24 16:36:45.933,0,GPU-e2681f6e-8d94-2d66-484f-43ea602335f9,89.29,1410,1593,0,0,73511,43
2026/07/24 16:36:45.920,2026/07/24 16:36:45.908,2026/07/24 16:36:45.933,1,GPU-713d5b24-2a1e-fd4a-7685-c3d195ff9230,83.73,1410,1593,0,0,73511,35
2026/07/24 16:36:46.170,2026/07/24 16:36:46.158,2026/07/24 16:36:46.182,0,GPU-e2681f6e-8d94-2d66-484f-43ea602335f9,89.29,1410,1593,0,0,73511,43
2026/07/24 16:36:46.170,2026/07/24 16:36:46.158,2026/07/24 16:36:46.182,1,GPU-713d5b24-2a1e-fd4a-7685-c3d195ff9230,83.73,1410,1593,0,0,73511,35
2026/07/24 16:36:46.419,2026/07/24 16:36:46.408,2026/07/24 16:36:46.430,0,GPU-e2681f6e-8d94-2d66-484f-43ea602335f9,89.29,1410,1593,0,0,73511,43
2026/07/24 16:36:46.419,2026/07/24 16:36:46.408,2026/07/24 16:36:46.430,1,GPU-713d5b24-2a1e-fd4a-7685-c3d195ff9230,83.73,1410,1593,0,0,73511,35
2026/07/24 16:36:46.670,2026/07/24 16:36:46.658,2026/07/24 16:36:46.682,0,GPU-e2681f6e-8d94-2d66-484f-43ea602335f9,89.29,1410,1593,0,0,73511,43
2026/07/24 16:36:46.670,2026/07/24 16:36:46.658,2026/07/24 16:36:46.682,1,GPU-713d5b24-2a1e-fd4a-7685-c3d195ff9230,83.73,1410,1593,0,0,73511,35
2026/07/24 16:36:46.921,2026/07/24 16:36:46.908,2026/07/24 16:36:46.934,0,GPU-e2681f6e-8d94-2d66-484f-43ea602335f9,89.29,1410,1593,0,0,73511,43
2026/07/24 16:36:46.921,2026/07/24 16:36:46.908,2026/07/24 16:36:46.934,1,GPU-713d5b24-2a1e-fd4a-7685-c3d195ff9230,83.82,1410,1593,0,0,73511,35
2026/07/24 16:36:47.170,2026/07/24 16:36:47.158,2026/07/24 16:36:47.182,0,GPU-e2681f6e-8d94-2d66-484f-43ea602335f9,89.29,1410,1593,0,0,73511,43
2026/07/24 16:36:47.170,2026/07/24 16:36:47.158,2026/07/24 16:36:47.182,1,GPU-713d5b24-2a1e-fd4a-7685-c3d195ff9230,83.73,1410,1593,0,0,73511,35
2026/07/24 16:36:47.423,2026/07/24 16:36:47.408,2026/07/24 16:36:47.438,0,GPU-e2681f6e-8d94-2d66-484f-43ea602335f9,89.29,1410,1593,0,0,73511,43
2026/07/24 16:36:47.423,2026/07/24 16:36:47.408,2026/07/24 16:36:47.438,1,GPU-713d5b24-2a1e-fd4a-7685-c3d195ff9230,83.73,1410,1593,0,0,73511,35
2026/07/24 16:36:47.672,2026/07/24 16:36:47.658,2026/07/24 16:36:47.686,0,GPU-e2681f6e-8d94-2d66-484f-43ea602335f9,89.29,1410,1593,0,0,73511,43
2026/07/24 16:36:47.672,2026/07/24 16:36:47.658,2026/07/24 16:36:47.686,1,GPU-713d5b24-2a1e-fd4a-7685-c3d195ff9230,83.73,1410,1593,0,0,73511,35
2026/07/24 16:36:47.922,2026/07/24 16:36:47.908,2026/07/24 16:36:47.936,0,GPU-e2681f6e-8d94-2d66-484f-43ea602335f9,89.29,1410,1593,0,0,73511,43
2026/07/24 16:36:47.922,2026/07/24 16:36:47.908,2026/07/24 16:36:47.936,1,GPU-713d5b24-2a1e-fd4a-7685-c3d195ff9230,83.14,1410,1593,0,0,73511,35
2026/07/24 16:36:48.177,2026/07/24 16:36:48.158,2026/07/24 16:36:48.196,0,GPU-e2681f6e-8d94-2d66-484f-43ea602335f9,89.56,1410,1593,0,0,73511,43
2026/07/24 16:36:48.177,2026/07/24 16:36:48.158,2026/07/24 16:36:48.196,1,GPU-713d5b24-2a1e-fd4a-7685-c3d195ff9230,83.46,1410,1593,0,0,73511,35
2026/07/24 16:36:48.424,2026/07/24 16:36:48.408,2026/07/24 16:36:48.440,0,GPU-e2681f6e-8d94-2d66-484f-43ea602335f9,89.29,1410,1593,0,0,73511,43
2026/07/24 16:36:48.424,2026/07/24 16:36:48.408,2026/07/24 16:36:48.440,1,GPU-713d5b24-2a1e-fd4a-7685-c3d195ff9230,83.14,1410,1593,0,0,73511,35
2026/07/24 16:36:48.674,2026/07/24 16:36:48.659,2026/07/24 16:36:48.689,0,GPU-e2681f6e-8d94-2d66-484f-43ea602335f9,89.29,1410,1593,0,0,73511,43
2026/07/24 16:36:48.674,2026/07/24 16:36:48.659,2026/07/24 16:36:48.689,1,GPU-713d5b24-2a1e-fd4a-7685-c3d195ff9230,83.14,1410,1593,0,0,73511,35
2026/07/24 16:36:48.930,2026/07/24 16:36:48.909,2026/07/24 16:36:48.952,0,GPU-e2681f6e-8d94-2d66-484f-43ea602335f9,89.29,1410,1593,0,0,73511,43
2026/07/24 16:36:48.930,2026/07/24 16:36:48.909,2026/07/24 16:36:48.952,1,GPU-713d5b24-2a1e-fd4a-7685-c3d195ff9230,83.46,1410,1593,0,0,73511,35
2026/07/24 16:36:49.173,2026/07/24 16:36:49.159,2026/07/24 16:36:49.188,0,GPU-e2681f6e-8d94-2d66-484f-43ea602335f9,89.56,1410,1593,0,0,73511,43
2026/07/24 16:36:49.173,2026/07/24 16:36:49.159,2026/07/24 16:36:49.188,1,GPU-713d5b24-2a1e-fd4a-7685-c3d195ff9230,83.14,1410,1593,0,0,73511,35
2026/07/24 16:36:49.426,2026/07/24 16:36:49.409,2026/07/24 16:36:49.444,0,GPU-e2681f6e-8d94-2d66-484f-43ea602335f9,89.29,1410,1593,0,0,73511,43
2026/07/24 16:36:49.426,2026/07/24 16:36:49.409,2026/07/24 16:36:49.444,1,GPU-713d5b24-2a1e-fd4a-7685-c3d195ff9230,83.14,1410,1593,0,0,73511,35
2026/07/24 16:36:49.674,2026/07/24 16:36:49.659,2026/07/24 16:36:49.688,0,GPU-e2681f6e-8d94-2d66-484f-43ea602335f9,89.29,1410,1593,0,0,73511,43
2026/07/24 16:36:49.674,2026/07/24 16:36:49.659,2026/07/24 16:36:49.688,1,GPU-713d5b24-2a1e-fd4a-7685-c3d195ff9230,83.22,1410,1593,0,0,73511,35
2026/07/24 16:36:49.923,2026/07/24 16:36:49.909,2026/07/24 16:36:49.937,0,GPU-e2681f6e-8d94-2d66-484f-43ea602335f9,89.56,1410,1593,0,0,73511,43
2026/07/24 16:36:49.923,2026/07/24 16:36:49.909,2026/07/24 16:36:49.937,1,GPU-713d5b24-2a1e-fd4a-7685-c3d195ff9230,83.14,1410,1593,0,0,73511,35
2026/07/24 16:36:50.174,2026/07/24 16:36:50.159,2026/07/24 16:36:50.188,0,GPU-e2681f6e-8d94-2d66-484f-43ea602335f9,89.29,1410,1593,0,0,73511,43
2026/07/24 16:36:50.174,2026/07/24 16:36:50.159,2026/07/24 16:36:50.188,1,GPU-713d5b24-2a1e-fd4a-7685-c3d195ff9230,83.14,1410,1593,0,0,73511,35
2026/07/24 16:36:50.422,2026/07/24 16:36:50.409,2026/07/24 16:36:50.436,0,GPU-e2681f6e-8d94-2d66-484f-43ea602335f9,89.56,1410,1593,0,0,73511,43
2026/07/24 16:36:50.422,2026/07/24 16:36:50.409,2026/07/24 16:36:50.436,1,GPU-713d5b24-2a1e-fd4a-7685-c3d195ff9230,83.14,1410,1593,0,0,73511,35
2026/07/24 16:36:50.674,2026/07/24 16:36:50.659,2026/07/24 16:36:50.689,0,GPU-e2681f6e-8d94-2d66-484f-43ea602335f9,89.29,1410,1593,0,0,73511,43
2026/07/24 16:36:50.674,2026/07/24 16:36:50.659,2026/07/24 16:36:50.689,1,GPU-713d5b24-2a1e-fd4a-7685-c3d195ff9230,83.14,1410,1593,0,0,73511,35
2026/07/24 16:36:50.923,2026/07/24 16:36:50.909,2026/07/24 16:36:50.937,0,GPU-e2681f6e-8d94-2d66-484f-43ea602335f9,89.29,1410,1593,0,0,73511,43
2026/07/24 16:36:50.923,2026/07/24 16:36:50.909,2026/07/24 16:36:50.937,1,GPU-713d5b24-2a1e-fd4a-7685-c3d195ff9230,83.22,1410,1593,0,0,73511,35
2026/07/24 16:36:51.174,2026/07/24 16:36:51.159,2026/07/24 16:36:51.188,0,GPU-e2681f6e-8d94-2d66-484f-43ea602335f9,89.29,1410,1593,0,0,73511,43
2026/07/24 16:36:51.174,2026/07/24 16:36:51.159,2026/07/24 16:36:51.188,1,GPU-713d5b24-2a1e-fd4a-7685-c3d195ff9230,83.46,1410,1593,0,0,73511,35
2026/07/24 16:36:51.423,2026/07/24 16:36:51.409,2026/07/24 16:36:51.436,0,GPU-e2681f6e-8d94-2d66-484f-43ea602335f9,89.29,1410,1593,0,0,73511,43
2026/07/24 16:36:51.423,2026/07/24 16:36:51.409,2026/07/24 16:36:51.436,1,GPU-713d5b24-2a1e-fd4a-7685-c3d195ff9230,83.14,1410,1593,0,0,73511,35
2026/07/24 16:36:51.674,2026/07/24 16:36:51.659,2026/07/24 16:36:51.688,0,GPU-e2681f6e-8d94-2d66-484f-43ea602335f9,89.29,1410,1593,0,0,73511,43
2026/07/24 16:36:51.674,2026/07/24 16:36:51.659,2026/07/24 16:36:51.688,1,GPU-713d5b24-2a1e-fd4a-7685-c3d195ff9230,83.46,1410,1593,0,0,73511,35
2026/07/24 16:36:51.923,2026/07/24 16:36:51.909,2026/07/24 16:36:51.937,0,GPU-e2681f6e-8d94-2d66-484f-43ea602335f9,89.29,1410,1593,0,0,73511,43
2026/07/24 16:36:51.923,2026/07/24 16:36:51.909,2026/07/24 16:36:51.937,1,GPU-713d5b24-2a1e-fd4a-7685-c3d195ff9230,83.14,1410,1593,0,0,73511,35
2026/07/24 16:36:52.173,2026/07/24 16:36:52.159,2026/07/24 16:36:52.186,0,GPU-e2681f6e-8d94-2d66-484f-43ea602335f9,89.29,1410,1593,0,0,73511,43
2026/07/24 16:36:52.173,2026/07/24 16:36:52.159,2026/07/24 16:36:52.186,1,GPU-713d5b24-2a1e-fd4a-7685-c3d195ff9230,83.46,1410,1593,0,0,73511,35
2026/07/24 16:36:52.422,2026/07/24 16:36:52.410,2026/07/24 16:36:52.434,0,GPU-e2681f6e-8d94-2d66-484f-43ea602335f9,89.29,1410,1593,0,0,73511,43
2026/07/24 16:36:52.422,2026/07/24 16:36:52.410,2026/07/24 16:36:52.434,1,GPU-713d5b24-2a1e-fd4a-7685-c3d195ff9230,83.14,1410,1593,0,0,73511,35
2026/07/24 16:36:52.673,2026/07/24 16:36:52.660,2026/07/24 16:36:52.685,0,GPU-e2681f6e-8d94-2d66-484f-43ea602335f9,89.56,1410,1593,0,0,73511,43
2026/07/24 16:36:52.673,2026/07/24 16:36:52.660,2026/07/24 16:36:52.685,1,GPU-713d5b24-2a1e-fd4a-7685-c3d195ff9230,83.46,1410,1593,0,0,73511,35
2026/07/24 16:36:52.924,2026/07/24 16:36:52.910,2026/07/24 16:36:52.939,0,GPU-e2681f6e-8d94-2d66-484f-43ea602335f9,89.29,1410,1593,0,0,73511,43
2026/07/24 16:36:52.924,2026/07/24 16:36:52.910,2026/07/24 16:36:52.939,1,GPU-713d5b24-2a1e-fd4a-7685-c3d195ff9230,83.14,1410,1593,0,0,73511,35
2026/07/24 16:36:53.174,2026/07/24 16:36:53.160,2026/07/24 16:36:53.188,0,GPU-e2681f6e-8d94-2d66-484f-43ea602335f9,89.29,1410,1593,0,0,73511,43
2026/07/24 16:36:53.174,2026/07/24 16:36:53.160,2026/07/24 16:36:53.188,1,GPU-713d5b24-2a1e-fd4a-7685-c3d195ff9230,83.14,1410,1593,0,0,73511,35
2026/07/24 16:36:53.425,2026/07/24 16:36:53.410,2026/07/24 16:36:53.440,0,GPU-e2681f6e-8d94-2d66-484f-43ea602335f9,89.38,1410,1593,0,0,73511,43
2026/07/24 16:36:53.425,2026/07/24 16:36:53.410,2026/07/24 16:36:53.440,1,GPU-713d5b24-2a1e-fd4a-7685-c3d195ff9230,83.14,1410,1593,0,0,73511,35
2026/07/24 16:36:53.674,2026/07/24 16:36:53.660,2026/07/24 16:36:53.688,0,GPU-e2681f6e-8d94-2d66-484f-43ea602335f9,89.29,1410,1593,0,0,73511,43
2026/07/24 16:36:53.674,2026/07/24 16:36:53.660,2026/07/24 16:36:53.688,1,GPU-713d5b24-2a1e-fd4a-7685-c3d195ff9230,83.14,1410,1593,0,0,73511,35
2026/07/24 16:36:53.924,2026/07/24 16:36:53.910,2026/07/24 16:36:53.939,0,GPU-e2681f6e-8d94-2d66-484f-43ea602335f9,89.29,1410,1593,0,0,73511,43
2026/07/24 16:36:53.924,2026/07/24 16:36:53.910,2026/07/24 16:36:53.939,1,GPU-713d5b24-2a1e-fd4a-7685-c3d195ff9230,83.22,1410,1593,0,0,73511,35
2026/07/24 16:36:54.174,2026/07/24 16:36:54.160,2026/07/24 16:36:54.189,0,GPU-e2681f6e-8d94-2d66-484f-43ea602335f9,89.29,1410,1593,0,0,73511,43
2026/07/24 16:36:54.174,2026/07/24 16:36:54.160,2026/07/24 16:36:54.189,1,GPU-713d5b24-2a1e-fd4a-7685-c3d195ff9230,83.46,1410,1593,0,0,73511,35
2026/07/24 16:36:54.423,2026/07/24 16:36:54.410,2026/07/24 16:36:54.435,0,GPU-e2681f6e-8d94-2d66-484f-43ea602335f9,89.29,1410,1593,0,0,73511,43
2026/07/24 16:36:54.423,2026/07/24 16:36:54.410,2026/07/24 16:36:54.435,1,GPU-713d5b24-2a1e-fd4a-7685-c3d195ff9230,83.46,1410,1593,0,0,73511,35
2026/07/24 16:36:54.673,2026/07/24 16:36:54.660,2026/07/24 16:36:54.686,0,GPU-e2681f6e-8d94-2d66-484f-43ea602335f9,89.29,1410,1593,0,0,73511,43
2026/07/24 16:36:54.673,2026/07/24 16:36:54.660,2026/07/24 16:36:54.686,1,GPU-713d5b24-2a1e-fd4a-7685-c3d195ff9230,83.46,1410,1593,0,0,73511,35
2026/07/24 16:36:54.924,2026/07/24 16:36:54.911,2026/07/24 16:36:54.937,0,GPU-e2681f6e-8d94-2d66-484f-43ea602335f9,89.56,1410,1593,0,0,73511,43
2026/07/24 16:36:54.924,2026/07/24 16:36:54.911,2026/07/24 16:36:54.937,1,GPU-713d5b24-2a1e-fd4a-7685-c3d195ff9230,83.14,1410,1593,0,0,73511,35
2026/07/24 16:36:55.175,2026/07/24 16:36:55.161,2026/07/24 16:36:55.189,0,GPU-e2681f6e-8d94-2d66-484f-43ea602335f9,89.29,1410,1593,0,0,73511,43
2026/07/24 16:36:55.175,2026/07/24 16:36:55.161,2026/07/24 16:36:55.189,1,GPU-713d5b24-2a1e-fd4a-7685-c3d195ff9230,83.14,1410,1593,0,0,73511,35
2026/07/24 16:36:55.424,2026/07/24 16:36:55.411,2026/07/24 16:36:55.438,0,GPU-e2681f6e-8d94-2d66-484f-43ea602335f9,89.29,1410,1593,0,0,73511,43
2026/07/24 16:36:55.424,2026/07/24 16:36:55.411,2026/07/24 16:36:55.438,1,GPU-713d5b24-2a1e-fd4a-7685-c3d195ff9230,83.14,1410,1593,0,0,73511,35
2026/07/24 16:36:55.675,2026/07/24 16:36:55.661,2026/07/24 16:36:55.689,0,GPU-e2681f6e-8d94-2d66-484f-43ea602335f9,89.29,1410,1593,0,0,73511,43
2026/07/24 16:36:55.675,2026/07/24 16:36:55.661,2026/07/24 16:36:55.689,1,GPU-713d5b24-2a1e-fd4a-7685-c3d195ff9230,83.46,1410,1593,0,0,73511,35
2026/07/24 16:36:55.925,2026/07/24 16:36:55.911,2026/07/24 16:36:55.940,0,GPU-e2681f6e-8d94-2d66-484f-43ea602335f9,89.29,1410,1593,0,0,73511,43
2026/07/24 16:36:55.925,2026/07/24 16:36:55.911,2026/07/24 16:36:55.940,1,GPU-713d5b24-2a1e-fd4a-7685-c3d195ff9230,83.46,1410,1593,0,0,73511,35
2026/07/24 16:36:56.175,2026/07/24 16:36:56.161,2026/07/24 16:36:56.189,0,GPU-e2681f6e-8d94-2d66-484f-43ea602335f9,89.29,1410,1593,0,0,73511,43
2026/07/24 16:36:56.175,2026/07/24 16:36:56.161,2026/07/24 16:36:56.189,1,GPU-713d5b24-2a1e-fd4a-7685-c3d195ff9230,83.14,1410,1593,0,0,73511,35
2026/07/24 16:36:56.423,2026/07/24 16:36:56.411,2026/07/24 16:36:56.436,0,GPU-e2681f6e-8d94-2d66-484f-43ea602335f9,89.56,1410,1593,0,0,73511,43
2026/07/24 16:36:56.423,2026/07/24 16:36:56.411,2026/07/24 16:36:56.436,1,GPU-713d5b24-2a1e-fd4a-7685-c3d195ff9230,83.14,1410,1593,0,0,73511,35
2026/07/24 16:36:56.674,2026/07/24 16:36:56.661,2026/07/24 16:36:56.687,0,GPU-e2681f6e-8d94-2d66-484f-43ea602335f9,89.56,1410,1593,0,0,73511,43
2026/07/24 16:36:56.674,2026/07/24 16:36:56.661,2026/07/24 16:36:56.687,1,GPU-713d5b24-2a1e-fd4a-7685-c3d195ff9230,83.14,1410,1593,0,0,73511,35
2026/07/24 16:36:56.924,2026/07/24 16:36:56.911,2026/07/24 16:36:56.938,0,GPU-e2681f6e-8d94-2d66-484f-43ea602335f9,89.56,1410,1593,0,0,73511,43
2026/07/24 16:36:56.924,2026/07/24 16:36:56.911,2026/07/24 16:36:56.938,1,GPU-713d5b24-2a1e-fd4a-7685-c3d195ff9230,83.14,1410,1593,0,0,73511,35
2026/07/24 16:36:57.179,2026/07/24 16:36:57.161,2026/07/24 16:36:57.196,0,GPU-e2681f6e-8d94-2d66-484f-43ea602335f9,89.29,1410,1593,0,0,73511,43
2026/07/24 16:36:57.179,2026/07/24 16:36:57.161,2026/07/24 16:36:57.196,1,GPU-713d5b24-2a1e-fd4a-7685-c3d195ff9230,83.46,1410,1593,0,0,73511,35
2026/07/24 16:36:57.424,2026/07/24 16:36:57.411,2026/07/24 16:36:57.436,0,GPU-e2681f6e-8d94-2d66-484f-43ea602335f9,89.29,1410,1593,0,0,73511,43
2026/07/24 16:36:57.424,2026/07/24 16:36:57.411,2026/07/24 16:36:57.436,1,GPU-713d5b24-2a1e-fd4a-7685-c3d195ff9230,83.46,1410,1593,0,0,73511,35
2026/07/24 16:36:57.676,2026/07/24 16:36:57.661,2026/07/24 16:36:57.690,0,GPU-e2681f6e-8d94-2d66-484f-43ea602335f9,89.29,1410,1593,0,0,73511,43
2026/07/24 16:36:57.676,2026/07/24 16:36:57.661,2026/07/24 16:36:57.690,1,GPU-713d5b24-2a1e-fd4a-7685-c3d195ff9230,83.14,1410,1593,0,0,73511,35
2026/07/24 16:36:57.926,2026/07/24 16:36:57.912,2026/07/24 16:36:57.941,0,GPU-e2681f6e-8d94-2d66-484f-43ea602335f9,89.29,1410,1593,0,0,73511,43
2026/07/24 16:36:57.926,2026/07/24 16:36:57.912,2026/07/24 16:36:57.941,1,GPU-713d5b24-2a1e-fd4a-7685-c3d195ff9230,83.46,1410,1593,0,0,73511,35
2026/07/24 16:36:58.175,2026/07/24 16:36:58.162,2026/07/24 16:36:58.187,0,GPU-e2681f6e-8d94-2d66-484f-43ea602335f9,89.29,1410,1593,0,0,73511,43
2026/07/24 16:36:58.175,2026/07/24 16:36:58.162,2026/07/24 16:36:58.187,1,GPU-713d5b24-2a1e-fd4a-7685-c3d195ff9230,83.46,1410,1593,0,0,73511,35
2026/07/24 16:36:58.426,2026/07/24 16:36:58.412,2026/07/24 16:36:58.440,0,GPU-e2681f6e-8d94-2d66-484f-43ea602335f9,89.29,1410,1593,0,0,73511,43
2026/07/24 16:36:58.426,2026/07/24 16:36:58.412,2026/07/24 16:36:58.440,1,GPU-713d5b24-2a1e-fd4a-7685-c3d195ff9230,83.46,1410,1593,0,0,73511,35
2026/07/24 16:36:58.675,2026/07/24 16:36:58.662,2026/07/24 16:36:58.689,0,GPU-e2681f6e-8d94-2d66-484f-43ea602335f9,89.29,1410,1593,0,0,73511,43
2026/07/24 16:36:58.675,2026/07/24 16:36:58.662,2026/07/24 16:36:58.689,1,GPU-713d5b24-2a1e-fd4a-7685-c3d195ff9230,83.22,1410,1593,0,0,73511,35
2026/07/24 16:36:58.953,2026/07/24 16:36:58.912,2026/07/24 16:36:58.994,0,GPU-e2681f6e-8d94-2d66-484f-43ea602335f9,89.29,1410,1593,0,0,73511,43
2026/07/24 16:36:58.953,2026/07/24 16:36:58.912,2026/07/24 16:36:58.994,1,GPU-713d5b24-2a1e-fd4a-7685-c3d195ff9230,83.14,1410,1593,0,0,73511,35
2026/07/24 16:36:59.175,2026/07/24 16:36:59.162,2026/07/24 16:36:59.188,0,GPU-e2681f6e-8d94-2d66-484f-43ea602335f9,89.88,1410,1593,0,0,73511,43
2026/07/24 16:36:59.175,2026/07/24 16:36:59.162,2026/07/24 16:36:59.188,1,GPU-713d5b24-2a1e-fd4a-7685-c3d195ff9230,83.46,1410,1593,0,0,73511,35
2026/07/24 16:36:59.425,2026/07/24 16:36:59.412,2026/07/24 16:36:59.437,0,GPU-e2681f6e-8d94-2d66-484f-43ea602335f9,89.29,1410,1593,0,0,73511,43
2026/07/24 16:36:59.425,2026/07/24 16:36:59.412,2026/07/24 16:36:59.437,1,GPU-713d5b24-2a1e-fd4a-7685-c3d195ff9230,83.14,1410,1593,0,0,73511,35
2026/07/24 16:36:59.674,2026/07/24 16:36:59.662,2026/07/24 16:36:59.686,0,GPU-e2681f6e-8d94-2d66-484f-43ea602335f9,89.29,1410,1593,0,0,73511,43
2026/07/24 16:36:59.674,2026/07/24 16:36:59.662,2026/07/24 16:36:59.686,1,GPU-713d5b24-2a1e-fd4a-7685-c3d195ff9230,83.14,1410,1593,0,0,73511,35
2026/07/24 16:36:59.925,2026/07/24 16:36:59.912,2026/07/24 16:36:59.938,0,GPU-e2681f6e-8d94-2d66-484f-43ea602335f9,89.29,1410,1593,0,0,73511,43
2026/07/24 16:36:59.925,2026/07/24 16:36:59.912,2026/07/24 16:36:59.938,1,GPU-713d5b24-2a1e-fd4a-7685-c3d195ff9230,83.22,1410,1593,0,0,73511,35
2026/07/24 16:37:00.176,2026/07/24 16:37:00.162,2026/07/24 16:37:00.190,0,GPU-e2681f6e-8d94-2d66-484f-43ea602335f9,89.56,1410,1593,0,0,73511,43
2026/07/24 16:37:00.176,2026/07/24 16:37:00.162,2026/07/24 16:37:00.190,1,GPU-713d5b24-2a1e-fd4a-7685-c3d195ff9230,83.14,1410,1593,0,0,73511,35
2026/07/24 16:37:00.425,2026/07/24 16:37:00.412,2026/07/24 16:37:00.438,0,GPU-e2681f6e-8d94-2d66-484f-43ea602335f9,89.56,1410,1593,0,0,73511,43
2026/07/24 16:37:00.425,2026/07/24 16:37:00.412,2026/07/24 16:37:00.438,1,GPU-713d5b24-2a1e-fd4a-7685-c3d195ff9230,83.14,1410,1593,0,0,73511,35
2026/07/24 16:37:00.674,2026/07/24 16:37:00.662,2026/07/24 16:37:00.686,0,GPU-e2681f6e-8d94-2d66-484f-43ea602335f9,89.29,1410,1593,0,0,73511,43
2026/07/24 16:37:00.674,2026/07/24 16:37:00.662,2026/07/24 16:37:00.686,1,GPU-713d5b24-2a1e-fd4a-7685-c3d195ff9230,83.14,1410,1593,0,0,73511,35
2026/07/24 16:37:00.925,2026/07/24 16:37:00.913,2026/07/24 16:37:00.938,0,GPU-e2681f6e-8d94-2d66-484f-43ea602335f9,89.29,1410,1593,0,0,73511,43
2026/07/24 16:37:00.925,2026/07/24 16:37:00.913,2026/07/24 16:37:00.938,1,GPU-713d5b24-2a1e-fd4a-7685-c3d195ff9230,83.14,1410,1593,0,0,73511,35
2026/07/24 16:37:01.176,2026/07/24 16:37:01.163,2026/07/24 16:37:01.189,0,GPU-e2681f6e-8d94-2d66-484f-43ea602335f9,89.29,1410,1593,0,0,73511,43
2026/07/24 16:37:01.176,2026/07/24 16:37:01.163,2026/07/24 16:37:01.189,1,GPU-713d5b24-2a1e-fd4a-7685-c3d195ff9230,83.22,1410,1593,0,0,73511,35
2026/07/24 16:37:01.426,2026/07/24 16:37:01.413,2026/07/24 16:37:01.439,0,GPU-e2681f6e-8d94-2d66-484f-43ea602335f9,89.38,1410,1593,0,0,73511,43
2026/07/24 16:37:01.426,2026/07/24 16:37:01.413,2026/07/24 16:37:01.439,1,GPU-713d5b24-2a1e-fd4a-7685-c3d195ff9230,83.14,1410,1593,0,0,73511,35
2026/07/24 16:37:01.674,2026/07/24 16:37:01.663,2026/07/24 16:37:01.685,0,GPU-e2681f6e-8d94-2d66-484f-43ea602335f9,89.29,1410,1593,0,0,73511,43
2026/07/24 16:37:01.674,2026/07/24 16:37:01.663,2026/07/24 16:37:01.685,1,GPU-713d5b24-2a1e-fd4a-7685-c3d195ff9230,83.46,1410,1593,0,0,73511,35
2026/07/24 16:37:01.926,2026/07/24 16:37:01.913,2026/07/24 16:37:01.939,0,GPU-e2681f6e-8d94-2d66-484f-43ea602335f9,89.29,1410,1593,0,0,73511,43
2026/07/24 16:37:01.926,2026/07/24 16:37:01.913,2026/07/24 16:37:01.939,1,GPU-713d5b24-2a1e-fd4a-7685-c3d195ff9230,83.46,1410,1593,0,0,73511,35
2026/07/24 16:37:02.175,2026/07/24 16:37:02.163,2026/07/24 16:37:02.187,0,GPU-e2681f6e-8d94-2d66-484f-43ea602335f9,89.29,1410,1593,0,0,73511,43
2026/07/24 16:37:02.175,2026/07/24 16:37:02.163,2026/07/24 16:37:02.187,1,GPU-713d5b24-2a1e-fd4a-7685-c3d195ff9230,83.14,1410,1593,0,0,73511,35
2026/07/24 16:37:02.426,2026/07/24 16:37:02.413,2026/07/24 16:37:02.438,0,GPU-e2681f6e-8d94-2d66-484f-43ea602335f9,89.38,1410,1593,0,0,73511,42
2026/07/24 16:37:02.426,2026/07/24 16:37:02.413,2026/07/24 16:37:02.438,1,GPU-713d5b24-2a1e-fd4a-7685-c3d195ff9230,83.22,1410,1593,0,0,73511,35
2026/07/24 16:37:02.675,2026/07/24 16:37:02.663,2026/07/24 16:37:02.687,0,GPU-e2681f6e-8d94-2d66-484f-43ea602335f9,89.29,1410,1593,0,0,73511,42
2026/07/24 16:37:02.675,2026/07/24 16:37:02.663,2026/07/24 16:37:02.687,1,GPU-713d5b24-2a1e-fd4a-7685-c3d195ff9230,83.14,1410,1593,0,0,73511,35
2026/07/24 16:37:02.926,2026/07/24 16:37:02.913,2026/07/24 16:37:02.939,0,GPU-e2681f6e-8d94-2d66-484f-43ea602335f9,89.29,1410,1593,0,0,73511,42
2026/07/24 16:37:02.926,2026/07/24 16:37:02.913,2026/07/24 16:37:02.939,1,GPU-713d5b24-2a1e-fd4a-7685-c3d195ff9230,83.14,1410,1593,0,0,73511,35
2026/07/24 16:37:03.177,2026/07/24 16:37:03.163,2026/07/24 16:37:03.190,0,GPU-e2681f6e-8d94-2d66-484f-43ea602335f9,89.29,1410,1593,0,0,73511,42
2026/07/24 16:37:03.177,2026/07/24 16:37:03.163,2026/07/24 16:37:03.190,1,GPU-713d5b24-2a1e-fd4a-7685-c3d195ff9230,83.14,1410,1593,0,0,73511,35
2026/07/24 16:37:03.426,2026/07/24 16:37:03.413,2026/07/24 16:37:03.438,0,GPU-e2681f6e-8d94-2d66-484f-43ea602335f9,89.29,1410,1593,0,0,73511,42
2026/07/24 16:37:03.426,2026/07/24 16:37:03.413,2026/07/24 16:37:03.438,1,GPU-713d5b24-2a1e-fd4a-7685-c3d195ff9230,83.14,1410,1593,0,0,73511,35
2026/07/24 16:37:03.675,2026/07/24 16:37:03.664,2026/07/24 16:37:03.687,0,GPU-e2681f6e-8d94-2d66-484f-43ea602335f9,89.29,1410,1593,0,0,73511,42
2026/07/24 16:37:03.675,2026/07/24 16:37:03.664,2026/07/24 16:37:03.687,1,GPU-713d5b24-2a1e-fd4a-7685-c3d195ff9230,83.46,1410,1593,0,0,73511,35
2026/07/24 16:37:03.926,2026/07/24 16:37:03.914,2026/07/24 16:37:03.938,0,GPU-e2681f6e-8d94-2d66-484f-43ea602335f9,89.29,1410,1593,0,0,73511,42
2026/07/24 16:37:03.926,2026/07/24 16:37:03.914,2026/07/24 16:37:03.938,1,GPU-713d5b24-2a1e-fd4a-7685-c3d195ff9230,83.14,1410,1593,0,0,73511,35
2026/07/24 16:37:04.177,2026/07/24 16:37:04.164,2026/07/24 16:37:04.190,0,GPU-e2681f6e-8d94-2d66-484f-43ea602335f9,89.29,1410,1593,0,0,73511,42
2026/07/24 16:37:04.177,2026/07/24 16:37:04.164,2026/07/24 16:37:04.190,1,GPU-713d5b24-2a1e-fd4a-7685-c3d195ff9230,83.46,1410,1593,0,0,73511,35
2026/07/24 16:37:04.426,2026/07/24 16:37:04.414,2026/07/24 16:37:04.439,0,GPU-e2681f6e-8d94-2d66-484f-43ea602335f9,89.29,1410,1593,0,0,73511,42
2026/07/24 16:37:04.426,2026/07/24 16:37:04.414,2026/07/24 16:37:04.439,1,GPU-713d5b24-2a1e-fd4a-7685-c3d195ff9230,83.46,1410,1593,0,0,73511,35
2026/07/24 16:37:04.675,2026/07/24 16:37:04.664,2026/07/24 16:37:04.685,0,GPU-e2681f6e-8d94-2d66-484f-43ea602335f9,89.38,1410,1593,0,0,73511,42
2026/07/24 16:37:04.675,2026/07/24 16:37:04.664,2026/07/24 16:37:04.685,1,GPU-713d5b24-2a1e-fd4a-7685-c3d195ff9230,83.55,1410,1593,0,0,73511,35
2026/07/24 16:37:04.925,2026/07/24 16:37:04.914,2026/07/24 16:37:04.936,0,GPU-e2681f6e-8d94-2d66-484f-43ea602335f9,89.38,1410,1593,0,0,73511,42
2026/07/24 16:37:04.925,2026/07/24 16:37:04.914,2026/07/24 16:37:04.936,1,GPU-713d5b24-2a1e-fd4a-7685-c3d195ff9230,83.73,1410,1593,0,0,73511,35
2026/07/24 16:37:05.176,2026/07/24 16:37:05.164,2026/07/24 16:37:05.189,0,GPU-e2681f6e-8d94-2d66-484f-43ea602335f9,89.29,1410,1593,0,0,73511,42
2026/07/24 16:37:05.176,2026/07/24 16:37:05.164,2026/07/24 16:37:05.189,1,GPU-713d5b24-2a1e-fd4a-7685-c3d195ff9230,83.55,1410,1593,0,0,73511,35
2026/07/24 16:37:05.427,2026/07/24 16:37:05.414,2026/07/24 16:37:05.439,0,GPU-e2681f6e-8d94-2d66-484f-43ea602335f9,89.29,1410,1593,0,0,73511,42
2026/07/24 16:37:05.427,2026/07/24 16:37:05.414,2026/07/24 16:37:05.439,1,GPU-713d5b24-2a1e-fd4a-7685-c3d195ff9230,83.14,1410,1593,0,0,73511,35
2026/07/24 16:37:05.675,2026/07/24 16:37:05.664,2026/07/24 16:37:05.686,0,GPU-e2681f6e-8d94-2d66-484f-43ea602335f9,89.56,1410,1593,0,0,73511,42
2026/07/24 16:37:05.675,2026/07/24 16:37:05.664,2026/07/24 16:37:05.686,1,GPU-713d5b24-2a1e-fd4a-7685-c3d195ff9230,83.22,1410,1593,0,0,73511,35
2026/07/24 16:37:05.925,2026/07/24 16:37:05.914,2026/07/24 16:37:05.936,0,GPU-e2681f6e-8d94-2d66-484f-43ea602335f9,89.29,1410,1593,0,0,73511,42
2026/07/24 16:37:05.925,2026/07/24 16:37:05.914,2026/07/24 16:37:05.936,1,GPU-713d5b24-2a1e-fd4a-7685-c3d195ff9230,83.14,1410,1593,0,0,73511,35
2026/07/24 16:37:06.176,2026/07/24 16:37:06.165,2026/07/24 16:37:06.188,0,GPU-e2681f6e-8d94-2d66-484f-43ea602335f9,89.29,1410,1593,0,0,73511,42
2026/07/24 16:37:06.176,2026/07/24 16:37:06.165,2026/07/24 16:37:06.188,1,GPU-713d5b24-2a1e-fd4a-7685-c3d195ff9230,83.14,1410,1593,0,0,73511,35
2026/07/24 16:37:06.428,2026/07/24 16:37:06.415,2026/07/24 16:37:06.441,0,GPU-e2681f6e-8d94-2d66-484f-43ea602335f9,89.38,1410,1593,0,0,73511,42
2026/07/24 16:37:06.428,2026/07/24 16:37:06.415,2026/07/24 16:37:06.441,1,GPU-713d5b24-2a1e-fd4a-7685-c3d195ff9230,83.46,1410,1593,0,0,73511,35
2026/07/24 16:37:06.675,2026/07/24 16:37:06.665,2026/07/24 16:37:06.686,0,GPU-e2681f6e-8d94-2d66-484f-43ea602335f9,89.29,1410,1593,0,0,73511,42
2026/07/24 16:37:06.675,2026/07/24 16:37:06.665,2026/07/24 16:37:06.686,1,GPU-713d5b24-2a1e-fd4a-7685-c3d195ff9230,83.14,1410,1593,0,0,73511,35
2026/07/24 16:37:06.925,2026/07/24 16:37:06.915,2026/07/24 16:37:06.936,0,GPU-e2681f6e-8d94-2d66-484f-43ea602335f9,89.56,1410,1593,0,0,73511,42
2026/07/24 16:37:06.925,2026/07/24 16:37:06.915,2026/07/24 16:37:06.936,1,GPU-713d5b24-2a1e-fd4a-7685-c3d195ff9230,83.14,1410,1593,0,0,73511,35
2026/07/24 16:37:07.177,2026/07/24 16:37:07.165,2026/07/24 16:37:07.188,0,GPU-e2681f6e-8d94-2d66-484f-43ea602335f9,89.38,1410,1593,0,0,73511,42
2026/07/24 16:37:07.177,2026/07/24 16:37:07.165,2026/07/24 16:37:07.188,1,GPU-713d5b24-2a1e-fd4a-7685-c3d195ff9230,83.46,1410,1593,0,0,73511,35
2026/07/24 16:37:07.429,2026/07/24 16:37:07.415,2026/07/24 16:37:07.442,0,GPU-e2681f6e-8d94-2d66-484f-43ea602335f9,369.78,1410,1593,69,13,73511,53
2026/07/24 16:37:07.429,2026/07/24 16:37:07.415,2026/07/24 16:37:07.442,1,GPU-713d5b24-2a1e-fd4a-7685-c3d195ff9230,83.46,1410,1593,0,0,73511,35
2026/07/24 16:37:07.676,2026/07/24 16:37:07.665,2026/07/24 16:37:07.687,0,GPU-e2681f6e-8d94-2d66-484f-43ea602335f9,388.77,1410,1593,100,15,73511,56
2026/07/24 16:37:07.676,2026/07/24 16:37:07.665,2026/07/24 16:37:07.687,1,GPU-713d5b24-2a1e-fd4a-7685-c3d195ff9230,83.14,1410,1593,0,0,73511,35
2026/07/24 16:37:07.927,2026/07/24 16:37:07.915,2026/07/24 16:37:07.939,0,GPU-e2681f6e-8d94-2d66-484f-43ea602335f9,298.66,1410,1593,100,12,73511,54
2026/07/24 16:37:07.927,2026/07/24 16:37:07.915,2026/07/24 16:37:07.939,1,GPU-713d5b24-2a1e-fd4a-7685-c3d195ff9230,83.14,1410,1593,0,0,73511,35
2026/07/24 16:37:08.201,2026/07/24 16:37:08.165,2026/07/24 16:37:08.236,0,GPU-e2681f6e-8d94-2d66-484f-43ea602335f9,92.59,1410,1593,49,7,73511,47
2026/07/24 16:37:08.201,2026/07/24 16:37:08.165,2026/07/24 16:37:08.236,1,GPU-713d5b24-2a1e-fd4a-7685-c3d195ff9230,240.47,1410,1593,83,32,73511,39
2026/07/24 16:37:08.431,2026/07/24 16:37:08.415,2026/07/24 16:37:08.447,0,GPU-e2681f6e-8d94-2d66-484f-43ea602335f9,92.36,1410,1593,0,0,73511,45
2026/07/24 16:37:08.431,2026/07/24 16:37:08.415,2026/07/24 16:37:08.447,1,GPU-713d5b24-2a1e-fd4a-7685-c3d195ff9230,89.20,1410,1593,93,49,73511,38
2026/07/24 16:37:08.678,2026/07/24 16:37:08.665,2026/07/24 16:37:08.691,0,GPU-e2681f6e-8d94-2d66-484f-43ea602335f9,381.19,1410,1593,47,9,73511,55
2026/07/24 16:37:08.678,2026/07/24 16:37:08.665,2026/07/24 16:37:08.691,1,GPU-713d5b24-2a1e-fd4a-7685-c3d195ff9230,83.73,1410,1593,0,0,73511,36
2026/07/24 16:37:08.933,2026/07/24 16:37:08.915,2026/07/24 16:37:08.950,0,GPU-e2681f6e-8d94-2d66-484f-43ea602335f9,377.30,1410,1593,100,16,73511,59
2026/07/24 16:37:08.933,2026/07/24 16:37:08.915,2026/07/24 16:37:08.950,1,GPU-713d5b24-2a1e-fd4a-7685-c3d195ff9230,83.73,1410,1593,0,0,73511,36
2026/07/24 16:37:09.180,2026/07/24 16:37:09.165,2026/07/24 16:37:09.195,0,GPU-e2681f6e-8d94-2d66-484f-43ea602335f9,374.00,1410,1593,100,13,73511,60
2026/07/24 16:37:09.180,2026/07/24 16:37:09.165,2026/07/24 16:37:09.195,1,GPU-713d5b24-2a1e-fd4a-7685-c3d195ff9230,83.46,1410,1593,0,0,73511,36
2026/07/24 16:37:09.430,2026/07/24 16:37:09.415,2026/07/24 16:37:09.444,0,GPU-e2681f6e-8d94-2d66-484f-43ea602335f9,394.19,1410,1593,100,17,73511,61
2026/07/24 16:37:09.430,2026/07/24 16:37:09.415,2026/07/24 16:37:09.444,1,GPU-713d5b24-2a1e-fd4a-7685-c3d195ff9230,98.24,1410,1593,6,0,73511,39
2026/07/24 16:37:09.690,2026/07/24 16:37:09.666,2026/07/24 16:37:09.715,0,GPU-e2681f6e-8d94-2d66-484f-43ea602335f9,386.34,1410,1593,100,15,73511,62
2026/07/24 16:37:09.690,2026/07/24 16:37:09.666,2026/07/24 16:37:09.715,1,GPU-713d5b24-2a1e-fd4a-7685-c3d195ff9230,239.55,1410,1593,97,40,73511,41
2026/07/24 16:37:09.929,2026/07/24 16:37:09.916,2026/07/24 16:37:09.943,0,GPU-e2681f6e-8d94-2d66-484f-43ea602335f9,397.16,1410,1593,100,12,73511,63
2026/07/24 16:37:09.929,2026/07/24 16:37:09.916,2026/07/24 16:37:09.943,1,GPU-713d5b24-2a1e-fd4a-7685-c3d195ff9230,84.38,1410,1593,0,0,73511,37
2026/07/24 16:37:10.179,2026/07/24 16:37:10.166,2026/07/24 16:37:10.193,0,GPU-e2681f6e-8d94-2d66-484f-43ea602335f9,388.12,1410,1593,100,17,73511,63
2026/07/24 16:37:10.179,2026/07/24 16:37:10.166,2026/07/24 16:37:10.193,1,GPU-713d5b24-2a1e-fd4a-7685-c3d195ff9230,202.80,1410,1593,63,21,73511,40
2026/07/24 16:37:10.429,2026/07/24 16:37:10.416,2026/07/24 16:37:10.443,0,GPU-e2681f6e-8d94-2d66-484f-43ea602335f9,108.25,1410,1593,100,15,73511,61
2026/07/24 16:37:10.429,2026/07/24 16:37:10.416,2026/07/24 16:37:10.443,1,GPU-713d5b24-2a1e-fd4a-7685-c3d195ff9230,103.05,1410,1593,100,52,73511,41
2026/07/24 16:37:10.679,2026/07/24 16:37:10.666,2026/07/24 16:37:10.693,0,GPU-e2681f6e-8d94-2d66-484f-43ea602335f9,96.00,1410,1593,78,10,73511,52
2026/07/24 16:37:10.679,2026/07/24 16:37:10.666,2026/07/24 16:37:10.693,1,GPU-713d5b24-2a1e-fd4a-7685-c3d195ff9230,244.96,1410,1593,93,39,73511,42
2026/07/24 16:37:10.929,2026/07/24 16:37:10.916,2026/07/24 16:37:10.941,0,GPU-e2681f6e-8d94-2d66-484f-43ea602335f9,93.29,1410,1593,0,0,73511,48
2026/07/24 16:37:10.929,2026/07/24 16:37:10.916,2026/07/24 16:37:10.941,1,GPU-713d5b24-2a1e-fd4a-7685-c3d195ff9230,90.48,1410,1593,100,52,73511,40
2026/07/24 16:37:11.179,2026/07/24 16:37:11.166,2026/07/24 16:37:11.193,0,GPU-e2681f6e-8d94-2d66-484f-43ea602335f9,92.92,1410,1593,0,0,73511,47
2026/07/24 16:37:11.179,2026/07/24 16:37:11.166,2026/07/24 16:37:11.193,1,GPU-713d5b24-2a1e-fd4a-7685-c3d195ff9230,84.65,1410,1593,0,0,73511,37
2026/07/24 16:37:11.431,2026/07/24 16:37:11.416,2026/07/24 16:37:11.445,0,GPU-e2681f6e-8d94-2d66-484f-43ea602335f9,92.69,1410,1593,0,0,73511,46
2026/07/24 16:37:11.431,2026/07/24 16:37:11.416,2026/07/24 16:37:11.445,1,GPU-713d5b24-2a1e-fd4a-7685-c3d195ff9230,84.05,1410,1593,0,0,73511,37
2026/07/24 16:37:11.679,2026/07/24 16:37:11.666,2026/07/24 16:37:11.692,0,GPU-e2681f6e-8d94-2d66-484f-43ea602335f9,381.52,1410,1593,60,12,73511,54
2026/07/24 16:37:11.679,2026/07/24 16:37:11.666,2026/07/24 16:37:11.692,1,GPU-713d5b24-2a1e-fd4a-7685-c3d195ff9230,84.05,1410,1593,0,0,73511,36
2026/07/24 16:37:11.928,2026/07/24 16:37:11.916,2026/07/24 16:37:11.940,0,GPU-e2681f6e-8d94-2d66-484f-43ea602335f9,378.49,1410,1593,100,15,73511,60
2026/07/24 16:37:11.928,2026/07/24 16:37:11.916,2026/07/24 16:37:11.940,1,GPU-713d5b24-2a1e-fd4a-7685-c3d195ff9230,83.73,1410,1593,0,0,73511,36
2026/07/24 16:37:12.178,2026/07/24 16:37:12.166,2026/07/24 16:37:12.190,0,GPU-e2681f6e-8d94-2d66-484f-43ea602335f9,383.31,1410,1593,100,13,73511,61
2026/07/24 16:37:12.178,2026/07/24 16:37:12.166,2026/07/24 16:37:12.190,1,GPU-713d5b24-2a1e-fd4a-7685-c3d195ff9230,83.73,1410,1593,0,0,73511,36
2026/07/24 16:37:12.431,2026/07/24 16:37:12.416,2026/07/24 16:37:12.446,0,GPU-e2681f6e-8d94-2d66-484f-43ea602335f9,99.53,1410,1593,0,0,73511,52
2026/07/24 16:37:12.431,2026/07/24 16:37:12.416,2026/07/24 16:37:12.446,1,GPU-713d5b24-2a1e-fd4a-7685-c3d195ff9230,235.65,1410,1593,27,2,73511,40
2026/07/24 16:37:12.680,2026/07/24 16:37:12.667,2026/07/24 16:37:12.693,0,GPU-e2681f6e-8d94-2d66-484f-43ea602335f9,94.48,1410,1593,0,0,73511,48
2026/07/24 16:37:12.680,2026/07/24 16:37:12.667,2026/07/24 16:37:12.693,1,GPU-713d5b24-2a1e-fd4a-7685-c3d195ff9230,85.93,1410,1593,100,52,73511,39
2026/07/24 16:37:12.971,2026/07/24 16:37:12.917,2026/07/24 16:37:13.026,0,GPU-e2681f6e-8d94-2d66-484f-43ea602335f9,92.59,1410,1593,0,0,73511,47
2026/07/24 16:37:12.971,2026/07/24 16:37:12.917,2026/07/24 16:37:13.026,1,GPU-713d5b24-2a1e-fd4a-7685-c3d195ff9230,84.05,1410,1593,35,19,73511,37
2026/07/24 16:37:13.178,2026/07/24 16:37:13.167,2026/07/24 16:37:13.190,0,GPU-e2681f6e-8d94-2d66-484f-43ea602335f9,100.12,1410,1593,0,0,73511,47
2026/07/24 16:37:13.178,2026/07/24 16:37:13.167,2026/07/24 16:37:13.190,1,GPU-713d5b24-2a1e-fd4a-7685-c3d195ff9230,84.05,1410,1593,0,0,73511,37
2026/07/24 16:37:13.467,2026/07/24 16:37:13.417,2026/07/24 16:37:13.518,0,GPU-e2681f6e-8d94-2d66-484f-43ea602335f9,92.59,1410,1593,0,0,73511,46
2026/07/24 16:37:13.467,2026/07/24 16:37:13.417,2026/07/24 16:37:13.518,1,GPU-713d5b24-2a1e-fd4a-7685-c3d195ff9230,85.57,1410,1593,0,0,73511,36
2026/07/24 16:37:13.680,2026/07/24 16:37:13.667,2026/07/24 16:37:13.694,0,GPU-e2681f6e-8d94-2d66-484f-43ea602335f9,341.14,1410,1593,62,12,73511,56
2026/07/24 16:37:13.680,2026/07/24 16:37:13.667,2026/07/24 16:37:13.694,1,GPU-713d5b24-2a1e-fd4a-7685-c3d195ff9230,87.08,1410,1593,0,0,73511,36
2026/07/24 16:37:13.930,2026/07/24 16:37:13.917,2026/07/24 16:37:13.943,0,GPU-e2681f6e-8d94-2d66-484f-43ea602335f9,390.56,1410,1593,100,16,73511,60
2026/07/24 16:37:13.930,2026/07/24 16:37:13.917,2026/07/24 16:37:13.943,1,GPU-713d5b24-2a1e-fd4a-7685-c3d195ff9230,83.73,1410,1593,0,0,73511,36
2026/07/24 16:37:14.184,2026/07/24 16:37:14.167,2026/07/24 16:37:14.200,0,GPU-e2681f6e-8d94-2d66-484f-43ea602335f9,94.48,1410,1593,60,10,73511,50
2026/07/24 16:37:14.184,2026/07/24 16:37:14.167,2026/07/24 16:37:14.200,1,GPU-713d5b24-2a1e-fd4a-7685-c3d195ff9230,212.17,1410,1593,60,23,73511,40
2026/07/24 16:37:14.432,2026/07/24 16:37:14.417,2026/07/24 16:37:14.447,0,GPU-e2681f6e-8d94-2d66-484f-43ea602335f9,93.61,1410,1593,0,0,73511,48
2026/07/24 16:37:14.432,2026/07/24 16:37:14.417,2026/07/24 16:37:14.447,1,GPU-713d5b24-2a1e-fd4a-7685-c3d195ff9230,246.48,1410,1593,100,53,73511,41
2026/07/24 16:37:14.682,2026/07/24 16:37:14.667,2026/07/24 16:37:14.696,0,GPU-e2681f6e-8d94-2d66-484f-43ea602335f9,92.92,1410,1593,0,0,73511,47
2026/07/24 16:37:14.682,2026/07/24 16:37:14.667,2026/07/24 16:37:14.696,1,GPU-713d5b24-2a1e-fd4a-7685-c3d195ff9230,84.65,1410,1593,47,25,73511,38
2026/07/24 16:37:14.932,2026/07/24 16:37:14.918,2026/07/24 16:37:14.947,0,GPU-e2681f6e-8d94-2d66-484f-43ea602335f9,92.27,1410,1593,0,0,73511,46
2026/07/24 16:37:14.932,2026/07/24 16:37:14.918,2026/07/24 16:37:14.947,1,GPU-713d5b24-2a1e-fd4a-7685-c3d195ff9230,84.38,1410,1593,0,0,73511,37
2026/07/24 16:37:15.181,2026/07/24 16:37:15.168,2026/07/24 16:37:15.195,0,GPU-e2681f6e-8d94-2d66-484f-43ea602335f9,92.00,1410,1593,0,0,73511,46
2026/07/24 16:37:15.181,2026/07/24 16:37:15.168,2026/07/24 16:37:15.195,1,GPU-713d5b24-2a1e-fd4a-7685-c3d195ff9230,83.73,1410,1593,0,0,73511,37
2026/07/24 16:37:15.434,2026/07/24 16:37:15.418,2026/07/24 16:37:15.450,0,GPU-e2681f6e-8d94-2d66-484f-43ea602335f9,92.09,1410,1593,0,0,73511,46
2026/07/24 16:37:15.434,2026/07/24 16:37:15.418,2026/07/24 16:37:15.450,1,GPU-713d5b24-2a1e-fd4a-7685-c3d195ff9230,84.14,1410,1593,0,0,73511,36
2026/07/24 16:37:15.682,2026/07/24 16:37:15.668,2026/07/24 16:37:15.697,0,GPU-e2681f6e-8d94-2d66-484f-43ea602335f9,91.68,1410,1593,0,0,73511,45
2026/07/24 16:37:15.682,2026/07/24 16:37:15.668,2026/07/24 16:37:15.697,1,GPU-713d5b24-2a1e-fd4a-7685-c3d195ff9230,83.73,1410,1593,0,0,73511,36
2026/07/24 16:37:15.932,2026/07/24 16:37:15.918,2026/07/24 16:37:15.946,0,GPU-e2681f6e-8d94-2d66-484f-43ea602335f9,91.68,1410,1593,0,0,73511,45
2026/07/24 16:37:15.932,2026/07/24 16:37:15.918,2026/07/24 16:37:15.946,1,GPU-713d5b24-2a1e-fd4a-7685-c3d195ff9230,84.05,1410,1593,0,0,73511,36
2026/07/24 16:37:16.181,2026/07/24 16:37:16.168,2026/07/24 16:37:16.195,0,GPU-e2681f6e-8d94-2d66-484f-43ea602335f9,91.40,1410,1593,0,0,73511,45
2026/07/24 16:37:16.181,2026/07/24 16:37:16.168,2026/07/24 16:37:16.195,1,GPU-713d5b24-2a1e-fd4a-7685-c3d195ff9230,84.05,1410,1593,0,0,73511,36
2026/07/24 16:37:16.433,2026/07/24 16:37:16.418,2026/07/24 16:37:16.449,0,GPU-e2681f6e-8d94-2d66-484f-43ea602335f9,91.40,1410,1593,0,0,73511,45
2026/07/24 16:37:16.433,2026/07/24 16:37:16.418,2026/07/24 16:37:16.449,1,GPU-713d5b24-2a1e-fd4a-7685-c3d195ff9230,83.73,1410,1593,0,0,73511,36
2026/07/24 16:37:16.682,2026/07/24 16:37:16.668,2026/07/24 16:37:16.697,0,GPU-e2681f6e-8d94-2d66-484f-43ea602335f9,91.07,1410,1593,0,0,73511,45
2026/07/24 16:37:16.682,2026/07/24 16:37:16.668,2026/07/24 16:37:16.697,1,GPU-713d5b24-2a1e-fd4a-7685-c3d195ff9230,83.55,1410,1593,0,0,73511,36
2026/07/24 16:37:16.932,2026/07/24 16:37:16.918,2026/07/24 16:37:16.946,0,GPU-e2681f6e-8d94-2d66-484f-43ea602335f9,91.40,1410,1593,0,0,73511,45
2026/07/24 16:37:16.932,2026/07/24 16:37:16.918,2026/07/24 16:37:16.946,1,GPU-713d5b24-2a1e-fd4a-7685-c3d195ff9230,83.73,1410,1593,0,0,73511,36
2026/07/24 16:37:17.182,2026/07/24 16:37:17.168,2026/07/24 16:37:17.195,0,GPU-e2681f6e-8d94-2d66-484f-43ea602335f9,91.40,1410,1593,0,0,73511,45
2026/07/24 16:37:17.182,2026/07/24 16:37:17.168,2026/07/24 16:37:17.195,1,GPU-713d5b24-2a1e-fd4a-7685-c3d195ff9230,83.73,1410,1593,0,0,73511,36
2026/07/24 16:37:17.433,2026/07/24 16:37:17.418,2026/07/24 16:37:17.447,0,GPU-e2681f6e-8d94-2d66-484f-43ea602335f9,91.07,1410,1593,0,0,73511,45
2026/07/24 16:37:17.433,2026/07/24 16:37:17.418,2026/07/24 16:37:17.447,1,GPU-713d5b24-2a1e-fd4a-7685-c3d195ff9230,83.46,1410,1593,0,0,73511,36
2026/07/24 16:37:17.683,2026/07/24 16:37:17.668,2026/07/24 16:37:17.698,0,GPU-e2681f6e-8d94-2d66-484f-43ea602335f9,91.07,1410,1593,0,0,73511,45
2026/07/24 16:37:17.683,2026/07/24 16:37:17.668,2026/07/24 16:37:17.698,1,GPU-713d5b24-2a1e-fd4a-7685-c3d195ff9230,83.73,1410,1593,0,0,73511,36
2026/07/24 16:37:17.932,2026/07/24 16:37:17.918,2026/07/24 16:37:17.946,0,GPU-e2681f6e-8d94-2d66-484f-43ea602335f9,91.07,1410,1593,0,0,73511,44
2026/07/24 16:37:17.932,2026/07/24 16:37:17.918,2026/07/24 16:37:17.946,1,GPU-713d5b24-2a1e-fd4a-7685-c3d195ff9230,83.82,1410,1593,0,0,73511,36
2026/07/24 16:37:18.182,2026/07/24 16:37:18.168,2026/07/24 16:37:18.195,0,GPU-e2681f6e-8d94-2d66-484f-43ea602335f9,389.04,1410,1593,21,4,73511,54
2026/07/24 16:37:18.182,2026/07/24 16:37:18.168,2026/07/24 16:37:18.195,1,GPU-713d5b24-2a1e-fd4a-7685-c3d195ff9230,83.46,1410,1593,0,0,73511,36
2026/07/24 16:37:18.432,2026/07/24 16:37:18.419,2026/07/24 16:37:18.446,0,GPU-e2681f6e-8d94-2d66-484f-43ea602335f9,380.92,1410,1593,100,18,73511,58
2026/07/24 16:37:18.432,2026/07/24 16:37:18.419,2026/07/24 16:37:18.446,1,GPU-713d5b24-2a1e-fd4a-7685-c3d195ff9230,83.46,1410,1593,0,0,73511,36
2026/07/24 16:37:18.690,2026/07/24 16:37:18.669,2026/07/24 16:37:18.711,0,GPU-e2681f6e-8d94-2d66-484f-43ea602335f9,386.34,1410,1593,100,13,73511,57
2026/07/24 16:37:18.690,2026/07/24 16:37:18.669,2026/07/24 16:37:18.711,1,GPU-713d5b24-2a1e-fd4a-7685-c3d195ff9230,83.46,1410,1593,0,0,73511,36
2026/07/24 16:37:18.934,2026/07/24 16:37:18.919,2026/07/24 16:37:18.948,0,GPU-e2681f6e-8d94-2d66-484f-43ea602335f9,94.81,1410,1593,2,1,73511,50
2026/07/24 16:37:18.934,2026/07/24 16:37:18.919,2026/07/24 16:37:18.948,1,GPU-713d5b24-2a1e-fd4a-7685-c3d195ff9230,241.66,1410,1593,19,0,73511,39
2026/07/24 16:37:19.183,2026/07/24 16:37:19.169,2026/07/24 16:37:19.198,0,GPU-e2681f6e-8d94-2d66-484f-43ea602335f9,93.02,1410,1593,0,0,73511,48
2026/07/24 16:37:19.183,2026/07/24 16:37:19.169,2026/07/24 16:37:19.198,1,GPU-713d5b24-2a1e-fd4a-7685-c3d195ff9230,244.10,1410,1593,100,52,73511,41
2026/07/24 16:37:19.434,2026/07/24 16:37:19.419,2026/07/24 16:37:19.449,0,GPU-e2681f6e-8d94-2d66-484f-43ea602335f9,385.15,1410,1593,48,9,73511,58
2026/07/24 16:37:19.434,2026/07/24 16:37:19.419,2026/07/24 16:37:19.449,1,GPU-713d5b24-2a1e-fd4a-7685-c3d195ff9230,84.38,1410,1593,2,1,73511,38
2026/07/24 16:37:19.681,2026/07/24 16:37:19.669,2026/07/24 16:37:19.694,0,GPU-e2681f6e-8d94-2d66-484f-43ea602335f9,387.85,1410,1593,100,13,73511,61
2026/07/24 16:37:19.681,2026/07/24 16:37:19.669,2026/07/24 16:37:19.694,1,GPU-713d5b24-2a1e-fd4a-7685-c3d195ff9230,84.05,1410,1593,0,0,73511,37
2026/07/24 16:37:19.934,2026/07/24 16:37:19.919,2026/07/24 16:37:19.949,0,GPU-e2681f6e-8d94-2d66-484f-43ea602335f9,389.64,1410,1593,100,15,73511,63
2026/07/24 16:37:19.934,2026/07/24 16:37:19.919,2026/07/24 16:37:19.949,1,GPU-713d5b24-2a1e-fd4a-7685-c3d195ff9230,84.05,1410,1593,0,0,73511,36
2026/07/24 16:37:20.184,2026/07/24 16:37:20.169,2026/07/24 16:37:20.200,0,GPU-e2681f6e-8d94-2d66-484f-43ea602335f9,391.48,1410,1593,100,17,73511,64
2026/07/24 16:37:20.184,2026/07/24 16:37:20.169,2026/07/24 16:37:20.200,1,GPU-713d5b24-2a1e-fd4a-7685-c3d195ff9230,236.84,1410,1593,98,51,73511,41
2026/07/24 16:37:20.433,2026/07/24 16:37:20.419,2026/07/24 16:37:20.448,0,GPU-e2681f6e-8d94-2d66-484f-43ea602335f9,381.79,1410,1593,100,13,73511,64
2026/07/24 16:37:20.433,2026/07/24 16:37:20.419,2026/07/24 16:37:20.448,1,GPU-713d5b24-2a1e-fd4a-7685-c3d195ff9230,86.49,1410,1593,86,45,73511,39
2026/07/24 16:37:20.684,2026/07/24 16:37:20.669,2026/07/24 16:37:20.699,0,GPU-e2681f6e-8d94-2d66-484f-43ea602335f9,400.78,1410,1593,95,12,73511,63
2026/07/24 16:37:20.684,2026/07/24 16:37:20.669,2026/07/24 16:37:20.699,1,GPU-713d5b24-2a1e-fd4a-7685-c3d195ff9230,226.29,1410,1593,23,0,73511,41
2026/07/24 16:37:20.932,2026/07/24 16:37:20.919,2026/07/24 16:37:20.944,0,GPU-e2681f6e-8d94-2d66-484f-43ea602335f9,397.81,1410,1593,78,15,73511,64
2026/07/24 16:37:20.932,2026/07/24 16:37:20.919,2026/07/24 16:37:20.944,1,GPU-713d5b24-2a1e-fd4a-7685-c3d195ff9230,242.26,1410,1593,98,51,73511,39
2026/07/24 16:37:21.181,2026/07/24 16:37:21.169,2026/07/24 16:37:21.193,0,GPU-e2681f6e-8d94-2d66-484f-43ea602335f9,401.38,1410,1593,100,13,73511,65
2026/07/24 16:37:21.181,2026/07/24 16:37:21.169,2026/07/24 16:37:21.193,1,GPU-713d5b24-2a1e-fd4a-7685-c3d195ff9230,84.38,1410,1593,0,0,73511,38
2026/07/24 16:37:21.435,2026/07/24 16:37:21.419,2026/07/24 16:37:21.450,0,GPU-e2681f6e-8d94-2d66-484f-43ea602335f9,418.86,1410,1593,100,16,73511,66
2026/07/24 16:37:21.435,2026/07/24 16:37:21.419,2026/07/24 16:37:21.450,1,GPU-713d5b24-2a1e-fd4a-7685-c3d195ff9230,96.99,1410,1593,42,10,73511,40
2026/07/24 16:37:21.688,2026/07/24 16:37:21.669,2026/07/24 16:37:21.707,0,GPU-e2681f6e-8d94-2d66-484f-43ea602335f9,385.15,1410,1593,56,9,73511,57
2026/07/24 16:37:21.688,2026/07/24 16:37:21.669,2026/07/24 16:37:21.707,1,GPU-713d5b24-2a1e-fd4a-7685-c3d195ff9230,233.82,1410,1593,100,52,73511,42
2026/07/24 16:37:21.932,2026/07/24 16:37:21.919,2026/07/24 16:37:21.944,0,GPU-e2681f6e-8d94-2d66-484f-43ea602335f9,98.44,1410,1593,0,0,73511,52
2026/07/24 16:37:21.932,2026/07/24 16:37:21.919,2026/07/24 16:37:21.944,1,GPU-713d5b24-2a1e-fd4a-7685-c3d195ff9230,247.08,1410,1593,94,41,73511,43
2026/07/24 16:37:22.182,2026/07/24 16:37:22.169,2026/07/24 16:37:22.195,0,GPU-e2681f6e-8d94-2d66-484f-43ea602335f9,94.71,1410,1593,0,0,73511,50
2026/07/24 16:37:22.182,2026/07/24 16:37:22.169,2026/07/24 16:37:22.195,1,GPU-713d5b24-2a1e-fd4a-7685-c3d195ff9230,85.57,1410,1593,100,53,73511,39
2026/07/24 16:37:22.432,2026/07/24 16:37:22.420,2026/07/24 16:37:22.445,0,GPU-e2681f6e-8d94-2d66-484f-43ea602335f9,380.60,1410,1593,16,3,73511,59
2026/07/24 16:37:22.432,2026/07/24 16:37:22.420,2026/07/24 16:37:22.445,1,GPU-713d5b24-2a1e-fd4a-7685-c3d195ff9230,84.65,1410,1593,0,0,73511,38
2026/07/24 16:37:22.681,2026/07/24 16:37:22.670,2026/07/24 16:37:22.693,0,GPU-e2681f6e-8d94-2d66-484f-43ea602335f9,395.05,1410,1593,100,17,73511,63
2026/07/24 16:37:22.681,2026/07/24 16:37:22.670,2026/07/24 16:37:22.693,1,GPU-713d5b24-2a1e-fd4a-7685-c3d195ff9230,84.38,1410,1593,0,0,73511,37
2026/07/24 16:37:22.936,2026/07/24 16:37:22.920,2026/07/24 16:37:22.953,0,GPU-e2681f6e-8d94-2d66-484f-43ea602335f9,385.74,1410,1593,100,14,73511,64
2026/07/24 16:37:22.936,2026/07/24 16:37:22.920,2026/07/24 16:37:22.953,1,GPU-713d5b24-2a1e-fd4a-7685-c3d195ff9230,84.38,1410,1593,0,0,73511,37
2026/07/24 16:37:23.185,2026/07/24 16:37:23.170,2026/07/24 16:37:23.200,0,GPU-e2681f6e-8d94-2d66-484f-43ea602335f9,385.42,1410,1593,58,7,73511,57
2026/07/24 16:37:23.185,2026/07/24 16:37:23.170,2026/07/24 16:37:23.200,1,GPU-713d5b24-2a1e-fd4a-7685-c3d195ff9230,97.32,1410,1593,0,0,73511,39
2026/07/24 16:37:23.433,2026/07/24 16:37:23.420,2026/07/24 16:37:23.447,0,GPU-e2681f6e-8d94-2d66-484f-43ea602335f9,400.19,1410,1593,100,18,73511,65
2026/07/24 16:37:23.433,2026/07/24 16:37:23.420,2026/07/24 16:37:23.447,1,GPU-713d5b24-2a1e-fd4a-7685-c3d195ff9230,97.32,1410,1593,100,52,73511,42
2026/07/24 16:37:23.690,2026/07/24 16:37:23.670,2026/07/24 16:37:23.711,0,GPU-e2681f6e-8d94-2d66-484f-43ea602335f9,394.46,1410,1593,100,14,73511,65
2026/07/24 16:37:23.690,2026/07/24 16:37:23.670,2026/07/24 16:37:23.711,1,GPU-713d5b24-2a1e-fd4a-7685-c3d195ff9230,84.65,1410,1593,1,1,73511,38
2026/07/24 16:37:23.936,2026/07/24 16:37:23.920,2026/07/24 16:37:23.952,0,GPU-e2681f6e-8d94-2d66-484f-43ea602335f9,404.73,1410,1593,100,18,73511,67
2026/07/24 16:37:23.936,2026/07/24 16:37:23.920,2026/07/24 16:37:23.952,1,GPU-713d5b24-2a1e-fd4a-7685-c3d195ff9230,235.65,1410,1593,0,0,73511,39
2026/07/24 16:37:24.186,2026/07/24 16:37:24.170,2026/07/24 16:37:24.202,0,GPU-e2681f6e-8d94-2d66-484f-43ea602335f9,405.93,1410,1593,100,15,73511,67
2026/07/24 16:37:24.186,2026/07/24 16:37:24.170,2026/07/24 16:37:24.202,1,GPU-713d5b24-2a1e-fd4a-7685-c3d195ff9230,239.87,1410,1593,87,34,73511,42
2026/07/24 16:37:24.459,2026/07/24 16:37:24.420,2026/07/24 16:37:24.498,0,GPU-e2681f6e-8d94-2d66-484f-43ea602335f9,399.27,1410,1593,100,13,73511,67
2026/07/24 16:37:24.459,2026/07/24 16:37:24.420,2026/07/24 16:37:24.498,1,GPU-713d5b24-2a1e-fd4a-7685-c3d195ff9230,84.97,1410,1593,15,8,73511,38
2026/07/24 16:37:24.713,2026/07/24 16:37:24.670,2026/07/24 16:37:24.755,0,GPU-e2681f6e-8d94-2d66-484f-43ea602335f9,102.57,1410,1593,90,11,73511,56
2026/07/24 16:37:24.713,2026/07/24 16:37:24.670,2026/07/24 16:37:24.755,1,GPU-713d5b24-2a1e-fd4a-7685-c3d195ff9230,188.02,1410,1593,20,0,73511,41
2026/07/24 16:37:24.934,2026/07/24 16:37:24.920,2026/07/24 16:37:24.949,0,GPU-e2681f6e-8d94-2d66-484f-43ea602335f9,97.09,1410,1593,0,0,73511,53
2026/07/24 16:37:24.934,2026/07/24 16:37:24.920,2026/07/24 16:37:24.949,1,GPU-713d5b24-2a1e-fd4a-7685-c3d195ff9230,245.29,1410,1593,93,46,73511,43
2026/07/24 16:37:25.184,2026/07/24 16:37:25.170,2026/07/24 16:37:25.198,0,GPU-e2681f6e-8d94-2d66-484f-43ea602335f9,398.68,1410,1593,0,0,73511,61
2026/07/24 16:37:25.184,2026/07/24 16:37:25.170,2026/07/24 16:37:25.198,1,GPU-713d5b24-2a1e-fd4a-7685-c3d195ff9230,85.25,1410,1593,6,3,73511,40
2026/07/24 16:37:25.434,2026/07/24 16:37:25.420,2026/07/24 16:37:25.447,0,GPU-e2681f6e-8d94-2d66-484f-43ea602335f9,392.67,1410,1593,100,15,73511,65
2026/07/24 16:37:25.434,2026/07/24 16:37:25.420,2026/07/24 16:37:25.447,1,GPU-713d5b24-2a1e-fd4a-7685-c3d195ff9230,84.97,1410,1593,0,0,73511,38
2026/07/24 16:37:25.685,2026/07/24 16:37:25.671,2026/07/24 16:37:25.699,0,GPU-e2681f6e-8d94-2d66-484f-43ea602335f9,396.89,1410,1593,100,12,73511,66
2026/07/24 16:37:25.685,2026/07/24 16:37:25.671,2026/07/24 16:37:25.699,1,GPU-713d5b24-2a1e-fd4a-7685-c3d195ff9230,84.38,1410,1593,0,0,73511,37
2026/07/24 16:37:25.935,2026/07/24 16:37:25.921,2026/07/24 16:37:25.949,0,GPU-e2681f6e-8d94-2d66-484f-43ea602335f9,101.75,1410,1593,0,0,73511,56
2026/07/24 16:37:25.935,2026/07/24 16:37:25.921,2026/07/24 16:37:25.949,1,GPU-713d5b24-2a1e-fd4a-7685-c3d195ff9230,190.46,1410,1593,17,0,73511,41
2026/07/24 16:37:26.183,2026/07/24 16:37:26.171,2026/07/24 16:37:26.195,0,GPU-e2681f6e-8d94-2d66-484f-43ea602335f9,96.32,1410,1593,0,0,73511,52
2026/07/24 16:37:26.183,2026/07/24 16:37:26.171,2026/07/24 16:37:26.195,1,GPU-713d5b24-2a1e-fd4a-7685-c3d195ff9230,239.55,1410,1593,96,46,73511,42
2026/07/24 16:37:26.433,2026/07/24 16:37:26.421,2026/07/24 16:37:26.445,0,GPU-e2681f6e-8d94-2d66-484f-43ea602335f9,95.63,1410,1593,0,0,73511,51
2026/07/24 16:37:26.433,2026/07/24 16:37:26.421,2026/07/24 16:37:26.445,1,GPU-713d5b24-2a1e-fd4a-7685-c3d195ff9230,85.25,1410,1593,0,0,73511,38
2026/07/24 16:37:26.685,2026/07/24 16:37:26.671,2026/07/24 16:37:26.699,0,GPU-e2681f6e-8d94-2d66-484f-43ea602335f9,393.26,1410,1593,14,3,73511,61
2026/07/24 16:37:26.685,2026/07/24 16:37:26.671,2026/07/24 16:37:26.699,1,GPU-713d5b24-2a1e-fd4a-7685-c3d195ff9230,84.97,1410,1593,0,0,73511,38
2026/07/24 16:37:26.935,2026/07/24 16:37:26.921,2026/07/24 16:37:26.949,0,GPU-e2681f6e-8d94-2d66-484f-43ea602335f9,394.78,1410,1593,100,16,73511,64
2026/07/24 16:37:26.935,2026/07/24 16:37:26.921,2026/07/24 16:37:26.949,1,GPU-713d5b24-2a1e-fd4a-7685-c3d195ff9230,84.38,1410,1593,0,0,73511,37
2026/07/24 16:37:27.190,2026/07/24 16:37:27.171,2026/07/24 16:37:27.209,0,GPU-e2681f6e-8d94-2d66-484f-43ea602335f9,100.23,1410,1593,100,16,73511,59
2026/07/24 16:37:27.190,2026/07/24 16:37:27.171,2026/07/24 16:37:27.209,1,GPU-713d5b24-2a1e-fd4a-7685-c3d195ff9230,203.72,1410,1593,10,0,73511,41
2026/07/24 16:37:27.436,2026/07/24 16:37:27.421,2026/07/24 16:37:27.452,0,GPU-e2681f6e-8d94-2d66-484f-43ea602335f9,395.37,1410,1593,100,18,73511,64
2026/07/24 16:37:27.436,2026/07/24 16:37:27.421,2026/07/24 16:37:27.452,1,GPU-713d5b24-2a1e-fd4a-7685-c3d195ff9230,245.29,1410,1593,76,40,73511,41
2026/07/24 16:37:27.686,2026/07/24 16:37:27.671,2026/07/24 16:37:27.701,0,GPU-e2681f6e-8d94-2d66-484f-43ea602335f9,389.04,1410,1593,100,14,73511,62
2026/07/24 16:37:27.686,2026/07/24 16:37:27.671,2026/07/24 16:37:27.701,1,GPU-713d5b24-2a1e-fd4a-7685-c3d195ff9230,84.65,1410,1593,0,0,73511,38
2026/07/24 16:37:27.941,2026/07/24 16:37:27.921,2026/07/24 16:37:27.960,0,GPU-e2681f6e-8d94-2d66-484f-43ea602335f9,98.44,1410,1593,47,6,73511,54
2026/07/24 16:37:27.941,2026/07/24 16:37:27.921,2026/07/24 16:37:27.960,1,GPU-713d5b24-2a1e-fd4a-7685-c3d195ff9230,238.96,1410,1593,61,22,73511,42
2026/07/24 16:37:28.185,2026/07/24 16:37:28.171,2026/07/24 16:37:28.198,0,GPU-e2681f6e-8d94-2d66-484f-43ea602335f9,95.90,1410,1593,0,0,73511,51
2026/07/24 16:37:28.185,2026/07/24 16:37:28.171,2026/07/24 16:37:28.198,1,GPU-713d5b24-2a1e-fd4a-7685-c3d195ff9230,96.99,1410,1593,100,52,73511,40
2026/07/24 16:37:28.434,2026/07/24 16:37:28.421,2026/07/24 16:37:28.446,0,GPU-e2681f6e-8d94-2d66-484f-43ea602335f9,95.07,1410,1593,0,0,73511,50
2026/07/24 16:37:28.434,2026/07/24 16:37:28.421,2026/07/24 16:37:28.446,1,GPU-713d5b24-2a1e-fd4a-7685-c3d195ff9230,84.97,1410,1593,51,27,73511,38
2026/07/24 16:37:28.684,2026/07/24 16:37:28.672,2026/07/24 16:37:28.697,0,GPU-e2681f6e-8d94-2d66-484f-43ea602335f9,94.38,1410,1593,0,0,73511,50
2026/07/24 16:37:28.684,2026/07/24 16:37:28.672,2026/07/24 16:37:28.697,1,GPU-713d5b24-2a1e-fd4a-7685-c3d195ff9230,84.65,1410,1593,0,0,73511,38
2026/07/24 16:37:28.935,2026/07/24 16:37:28.922,2026/07/24 16:37:28.949,0,GPU-e2681f6e-8d94-2d66-484f-43ea602335f9,93.51,1410,1593,0,0,73511,49
2026/07/24 16:37:28.935,2026/07/24 16:37:28.922,2026/07/24 16:37:28.949,1,GPU-713d5b24-2a1e-fd4a-7685-c3d195ff9230,84.38,1410,1593,0,0,73511,37
2026/07/24 16:37:29.186,2026/07/24 16:37:29.172,2026/07/24 16:37:29.200,0,GPU-e2681f6e-8d94-2d66-484f-43ea602335f9,93.19,1410,1593,0,0,73511,49
2026/07/24 16:37:29.186,2026/07/24 16:37:29.172,2026/07/24 16:37:29.200,1,GPU-713d5b24-2a1e-fd4a-7685-c3d195ff9230,84.38,1410,1593,0,0,73511,37
2026/07/24 16:37:29.434,2026/07/24 16:37:29.422,2026/07/24 16:37:29.447,0,GPU-e2681f6e-8d94-2d66-484f-43ea602335f9,93.51,1410,1593,0,0,73511,48
2026/07/24 16:37:29.434,2026/07/24 16:37:29.422,2026/07/24 16:37:29.447,1,GPU-713d5b24-2a1e-fd4a-7685-c3d195ff9230,84.38,1410,1593,0,0,73511,37
2026/07/24 16:37:29.685,2026/07/24 16:37:29.672,2026/07/24 16:37:29.699,0,GPU-e2681f6e-8d94-2d66-484f-43ea602335f9,93.02,1410,1593,0,0,73511,48
2026/07/24 16:37:29.685,2026/07/24 16:37:29.672,2026/07/24 16:37:29.699,1,GPU-713d5b24-2a1e-fd4a-7685-c3d195ff9230,84.46,1410,1593,0,0,73511,37
2026/07/24 16:37:29.937,2026/07/24 16:37:29.922,2026/07/24 16:37:29.951,0,GPU-e2681f6e-8d94-2d66-484f-43ea602335f9,92.92,1410,1593,0,0,73511,48
2026/07/24 16:37:29.937,2026/07/24 16:37:29.922,2026/07/24 16:37:29.951,1,GPU-713d5b24-2a1e-fd4a-7685-c3d195ff9230,84.05,1410,1593,0,0,73511,37
2026/07/24 16:37:30.187,2026/07/24 16:37:30.172,2026/07/24 16:37:30.201,0,GPU-e2681f6e-8d94-2d66-484f-43ea602335f9,92.92,1410,1593,0,0,73511,48
2026/07/24 16:37:30.187,2026/07/24 16:37:30.172,2026/07/24 16:37:30.201,1,GPU-713d5b24-2a1e-fd4a-7685-c3d195ff9230,84.05,1410,1593,0,0,73511,37
2026/07/24 16:37:30.435,2026/07/24 16:37:30.422,2026/07/24 16:37:30.449,0,GPU-e2681f6e-8d94-2d66-484f-43ea602335f9,92.59,1410,1593,0,0,73511,47
2026/07/24 16:37:30.435,2026/07/24 16:37:30.422,2026/07/24 16:37:30.449,1,GPU-713d5b24-2a1e-fd4a-7685-c3d195ff9230,84.05,1410,1593,0,0,73511,37
2026/07/24 16:37:30.686,2026/07/24 16:37:30.672,2026/07/24 16:37:30.701,0,GPU-e2681f6e-8d94-2d66-484f-43ea602335f9,92.59,1410,1593,0,0,73511,47
2026/07/24 16:37:30.686,2026/07/24 16:37:30.672,2026/07/24 16:37:30.701,1,GPU-713d5b24-2a1e-fd4a-7685-c3d195ff9230,84.14,1410,1593,0,0,73511,37
2026/07/24 16:37:30.936,2026/07/24 16:37:30.922,2026/07/24 16:37:30.951,0,GPU-e2681f6e-8d94-2d66-484f-43ea602335f9,92.27,1410,1593,0,0,73511,47
2026/07/24 16:37:30.936,2026/07/24 16:37:30.922,2026/07/24 16:37:30.951,1,GPU-713d5b24-2a1e-fd4a-7685-c3d195ff9230,84.05,1410,1593,0,0,73511,37
2026/07/24 16:37:31.196,2026/07/24 16:37:31.172,2026/07/24 16:37:31.219,0,GPU-e2681f6e-8d94-2d66-484f-43ea602335f9,388.12,1410,1593,4,1,73511,58
2026/07/24 16:37:31.196,2026/07/24 16:37:31.172,2026/07/24 16:37:31.219,1,GPU-713d5b24-2a1e-fd4a-7685-c3d195ff9230,84.05,1410,1593,0,0,73511,37
2026/07/24 16:37:31.436,2026/07/24 16:37:31.423,2026/07/24 16:37:31.449,0,GPU-e2681f6e-8d94-2d66-484f-43ea602335f9,386.34,1410,1593,100,18,73511,62
2026/07/24 16:37:31.436,2026/07/24 16:37:31.423,2026/07/24 16:37:31.449,1,GPU-713d5b24-2a1e-fd4a-7685-c3d195ff9230,84.05,1410,1593,0,0,73511,36
2026/07/24 16:37:31.686,2026/07/24 16:37:31.673,2026/07/24 16:37:31.699,0,GPU-e2681f6e-8d94-2d66-484f-43ea602335f9,379.08,1410,1593,100,12,73511,64
2026/07/24 16:37:31.686,2026/07/24 16:37:31.673,2026/07/24 16:37:31.699,1,GPU-713d5b24-2a1e-fd4a-7685-c3d195ff9230,84.05,1410,1593,0,0,73511,36
2026/07/24 16:37:31.938,2026/07/24 16:37:31.923,2026/07/24 16:37:31.954,0,GPU-e2681f6e-8d94-2d66-484f-43ea602335f9,106.47,1410,1593,69,7,73511,53
2026/07/24 16:37:31.938,2026/07/24 16:37:31.923,2026/07/24 16:37:31.954,1,GPU-713d5b24-2a1e-fd4a-7685-c3d195ff9230,233.82,1410,1593,28,2,73511,39
2026/07/24 16:37:32.186,2026/07/24 16:37:32.173,2026/07/24 16:37:32.200,0,GPU-e2681f6e-8d94-2d66-484f-43ea602335f9,94.21,1410,1593,0,0,73511,51
2026/07/24 16:37:32.186,2026/07/24 16:37:32.173,2026/07/24 16:37:32.200,1,GPU-713d5b24-2a1e-fd4a-7685-c3d195ff9230,237.44,1410,1593,100,51,73511,42
2026/07/24 16:37:32.436,2026/07/24 16:37:32.423,2026/07/24 16:37:32.449,0,GPU-e2681f6e-8d94-2d66-484f-43ea602335f9,93.51,1410,1593,0,0,73511,49
2026/07/24 16:37:32.436,2026/07/24 16:37:32.423,2026/07/24 16:37:32.449,1,GPU-713d5b24-2a1e-fd4a-7685-c3d195ff9230,84.65,1410,1593,84,44,73511,38
2026/07/24 16:37:32.687,2026/07/24 16:37:32.673,2026/07/24 16:37:32.701,0,GPU-e2681f6e-8d94-2d66-484f-43ea602335f9,286.86,1410,1593,0,0,73511,48
2026/07/24 16:37:32.687,2026/07/24 16:37:32.673,2026/07/24 16:37:32.701,1,GPU-713d5b24-2a1e-fd4a-7685-c3d195ff9230,84.38,1410,1593,0,0,73511,37
2026/07/24 16:37:32.937,2026/07/24 16:37:32.923,2026/07/24 16:37:32.951,0,GPU-e2681f6e-8d94-2d66-484f-43ea602335f9,392.94,1410,1593,54,11,73511,60
2026/07/24 16:37:32.937,2026/07/24 16:37:32.923,2026/07/24 16:37:32.951,1,GPU-713d5b24-2a1e-fd4a-7685-c3d195ff9230,84.05,1410,1593,0,0,73511,37
2026/07/24 16:37:33.187,2026/07/24 16:37:33.173,2026/07/24 16:37:33.201,0,GPU-e2681f6e-8d94-2d66-484f-43ea602335f9,373.67,1410,1593,100,13,73511,62
2026/07/24 16:37:33.187,2026/07/24 16:37:33.173,2026/07/24 16:37:33.201,1,GPU-713d5b24-2a1e-fd4a-7685-c3d195ff9230,84.05,1410,1593,0,0,73511,37
2026/07/24 16:37:33.436,2026/07/24 16:37:33.423,2026/07/24 16:37:33.449,0,GPU-e2681f6e-8d94-2d66-484f-43ea602335f9,96.59,1410,1593,1,1,73511,52
2026/07/24 16:37:33.436,2026/07/24 16:37:33.423,2026/07/24 16:37:33.449,1,GPU-713d5b24-2a1e-fd4a-7685-c3d195ff9230,244.37,1410,1593,3,0,73511,40
2026/07/24 16:37:33.686,2026/07/24 16:37:33.673,2026/07/24 16:37:33.698,0,GPU-e2681f6e-8d94-2d66-484f-43ea602335f9,94.11,1410,1593,0,0,73511,50
2026/07/24 16:37:33.686,2026/07/24 16:37:33.673,2026/07/24 16:37:33.698,1,GPU-713d5b24-2a1e-fd4a-7685-c3d195ff9230,87.68,1410,1593,91,48,73511,41
2026/07/24 16:37:33.936,2026/07/24 16:37:33.924,2026/07/24 16:37:33.949,0,GPU-e2681f6e-8d94-2d66-484f-43ea602335f9,93.51,1410,1593,0,0,73511,49
2026/07/24 16:37:33.936,2026/07/24 16:37:33.924,2026/07/24 16:37:33.949,1,GPU-713d5b24-2a1e-fd4a-7685-c3d195ff9230,84.65,1410,1593,0,0,73511,38
2026/07/24 16:37:34.187,2026/07/24 16:37:34.174,2026/07/24 16:37:34.200,0,GPU-e2681f6e-8d94-2d66-484f-43ea602335f9,93.19,1410,1593,0,0,73511,48
2026/07/24 16:37:34.187,2026/07/24 16:37:34.174,2026/07/24 16:37:34.200,1,GPU-713d5b24-2a1e-fd4a-7685-c3d195ff9230,84.38,1410,1593,0,0,73511,37
2026/07/24 16:37:34.437,2026/07/24 16:37:34.424,2026/07/24 16:37:34.450,0,GPU-e2681f6e-8d94-2d66-484f-43ea602335f9,92.92,1410,1593,0,0,73511,48
2026/07/24 16:37:34.437,2026/07/24 16:37:34.424,2026/07/24 16:37:34.450,1,GPU-713d5b24-2a1e-fd4a-7685-c3d195ff9230,84.38,1410,1593,0,0,73511,37
2026/07/24 16:37:34.686,2026/07/24 16:37:34.674,2026/07/24 16:37:34.699,0,GPU-e2681f6e-8d94-2d66-484f-43ea602335f9,92.00,1410,1593,0,0,73511,48
2026/07/24 16:37:34.686,2026/07/24 16:37:34.674,2026/07/24 16:37:34.699,1,GPU-713d5b24-2a1e-fd4a-7685-c3d195ff9230,84.05,1410,1593,0,0,73511,37
2026/07/24 16:37:34.937,2026/07/24 16:37:34.924,2026/07/24 16:37:34.951,0,GPU-e2681f6e-8d94-2d66-484f-43ea602335f9,92.00,1410,1593,0,0,73511,47
2026/07/24 16:37:34.937,2026/07/24 16:37:34.924,2026/07/24 16:37:34.951,1,GPU-713d5b24-2a1e-fd4a-7685-c3d195ff9230,84.05,1410,1593,0,0,73511,37
2026/07/24 16:37:35.219,2026/07/24 16:37:35.174,2026/07/24 16:37:35.264,0,GPU-e2681f6e-8d94-2d66-484f-43ea602335f9,380.92,1410,1593,31,6,73511,59
2026/07/24 16:37:35.219,2026/07/24 16:37:35.174,2026/07/24 16:37:35.264,1,GPU-713d5b24-2a1e-fd4a-7685-c3d195ff9230,84.05,1410,1593,0,0,73511,37
2026/07/24 16:37:35.438,2026/07/24 16:37:35.424,2026/07/24 16:37:35.452,0,GPU-e2681f6e-8d94-2d66-484f-43ea602335f9,388.12,1410,1593,100,17,73511,62
2026/07/24 16:37:35.438,2026/07/24 16:37:35.424,2026/07/24 16:37:35.452,1,GPU-713d5b24-2a1e-fd4a-7685-c3d195ff9230,84.05,1410,1593,0,0,73511,36
2026/07/24 16:37:35.691,2026/07/24 16:37:35.674,2026/07/24 16:37:35.707,0,GPU-e2681f6e-8d94-2d66-484f-43ea602335f9,396.56,1410,1593,100,17,73511,64
2026/07/24 16:37:35.691,2026/07/24 16:37:35.674,2026/07/24 16:37:35.707,1,GPU-713d5b24-2a1e-fd4a-7685-c3d195ff9230,211.84,1410,1593,0,0,73511,40
2026/07/24 16:37:35.938,2026/07/24 16:37:35.924,2026/07/24 16:37:35.952,0,GPU-e2681f6e-8d94-2d66-484f-43ea602335f9,392.34,1410,1593,100,15,73511,65
2026/07/24 16:37:35.938,2026/07/24 16:37:35.924,2026/07/24 16:37:35.952,1,GPU-713d5b24-2a1e-fd4a-7685-c3d195ff9230,246.48,1410,1593,100,52,73511,42
2026/07/24 16:37:36.190,2026/07/24 16:37:36.175,2026/07/24 16:37:36.205,0,GPU-e2681f6e-8d94-2d66-484f-43ea602335f9,385.15,1410,1593,100,12,73511,65
2026/07/24 16:37:36.190,2026/07/24 16:37:36.175,2026/07/24 16:37:36.205,1,GPU-713d5b24-2a1e-fd4a-7685-c3d195ff9230,85.06,1410,1593,37,20,73511,38
2026/07/24 16:37:36.442,2026/07/24 16:37:36.425,2026/07/24 16:37:36.458,0,GPU-e2681f6e-8d94-2d66-484f-43ea602335f9,99.31,1410,1593,0,0,73511,53
2026/07/24 16:37:36.442,2026/07/24 16:37:36.425,2026/07/24 16:37:36.458,1,GPU-713d5b24-2a1e-fd4a-7685-c3d195ff9230,243.18,1410,1593,97,48,73511,41
2026/07/24 16:37:36.689,2026/07/24 16:37:36.675,2026/07/24 16:37:36.704,0,GPU-e2681f6e-8d94-2d66-484f-43ea602335f9,95.07,1410,1593,0,0,73511,53
2026/07/24 16:37:36.689,2026/07/24 16:37:36.675,2026/07/24 16:37:36.704,1,GPU-713d5b24-2a1e-fd4a-7685-c3d195ff9230,243.50,1410,1593,95,49,73511,40
2026/07/24 16:37:36.937,2026/07/24 16:37:36.925,2026/07/24 16:37:36.950,0,GPU-e2681f6e-8d94-2d66-484f-43ea602335f9,399.00,1410,1593,85,16,73511,62
2026/07/24 16:37:36.937,2026/07/24 16:37:36.925,2026/07/24 16:37:36.950,1,GPU-713d5b24-2a1e-fd4a-7685-c3d195ff9230,84.97,1410,1593,0,0,73511,38
2026/07/24 16:37:37.221,2026/07/24 16:37:37.175,2026/07/24 16:37:37.267,0,GPU-e2681f6e-8d94-2d66-484f-43ea602335f9,405.93,1410,1593,100,15,73511,65
2026/07/24 16:37:37.221,2026/07/24 16:37:37.175,2026/07/24 16:37:37.267,1,GPU-713d5b24-2a1e-fd4a-7685-c3d195ff9230,84.65,1410,1593,0,0,73511,38
2026/07/24 16:37:37.449,2026/07/24 16:37:37.425,2026/07/24 16:37:37.473,0,GPU-e2681f6e-8d94-2d66-484f-43ea602335f9,402.72,1410,1593,100,15,73511,66
2026/07/24 16:37:37.449,2026/07/24 16:37:37.425,2026/07/24 16:37:37.473,1,GPU-713d5b24-2a1e-fd4a-7685-c3d195ff9230,241.99,1410,1593,31,8,73511,42
2026/07/24 16:37:37.689,2026/07/24 16:37:37.675,2026/07/24 16:37:37.703,0,GPU-e2681f6e-8d94-2d66-484f-43ea602335f9,399.00,1410,1593,100,13,73511,66
2026/07/24 16:37:37.689,2026/07/24 16:37:37.675,2026/07/24 16:37:37.703,1,GPU-713d5b24-2a1e-fd4a-7685-c3d195ff9230,244.37,1410,1593,72,38,73511,41
2026/07/24 16:37:37.940,2026/07/24 16:37:37.925,2026/07/24 16:37:37.955,0,GPU-e2681f6e-8d94-2d66-484f-43ea602335f9,100.55,1410,1593,29,4,73511,56
2026/07/24 16:37:37.940,2026/07/24 16:37:37.925,2026/07/24 16:37:37.955,1,GPU-713d5b24-2a1e-fd4a-7685-c3d195ff9230,198.58,1410,1593,61,20,73511,42
2026/07/24 16:37:38.440,2026/07/24 16:37:38.426,2026/07/24 16:37:38.455,0,GPU-e2681f6e-8d94-2d66-484f-43ea602335f9,96.22,1410,1593,0,0,73511,51
2026/07/24 16:37:38.440,2026/07/24 16:37:38.426,2026/07/24 16:37:38.455,1,GPU-713d5b24-2a1e-fd4a-7685-c3d195ff9230,84.97,1410,1593,57,30,73511,39
2026/07/24 16:37:38.690,2026/07/24 16:37:38.676,2026/07/24 16:37:38.704,0,GPU-e2681f6e-8d94-2d66-484f-43ea602335f9,94.11,1410,1593,0,0,73511,49
2026/07/24 16:37:38.690,2026/07/24 16:37:38.676,2026/07/24 16:37:38.704,1,GPU-713d5b24-2a1e-fd4a-7685-c3d195ff9230,84.65,1410,1593,0,0,73511,38
2026/07/24 16:37:38.941,2026/07/24 16:37:38.926,2026/07/24 16:37:38.956,0,GPU-e2681f6e-8d94-2d66-484f-43ea602335f9,93.78,1410,1593,0,0,73511,49
2026/07/24 16:37:38.941,2026/07/24 16:37:38.926,2026/07/24 16:37:38.956,1,GPU-713d5b24-2a1e-fd4a-7685-c3d195ff9230,84.65,1410,1593,0,0,73511,38
2026/07/24 16:37:39.191,2026/07/24 16:37:39.176,2026/07/24 16:37:39.206,0,GPU-e2681f6e-8d94-2d66-484f-43ea602335f9,392.07,1410,1593,34,7,73511,59
2026/07/24 16:37:39.191,2026/07/24 16:37:39.176,2026/07/24 16:37:39.206,1,GPU-713d5b24-2a1e-fd4a-7685-c3d195ff9230,84.38,1410,1593,0,0,73511,37
2026/07/24 16:37:39.439,2026/07/24 16:37:39.426,2026/07/24 16:37:39.452,0,GPU-e2681f6e-8d94-2d66-484f-43ea602335f9,394.19,1410,1593,100,13,73511,63
2026/07/24 16:37:39.439,2026/07/24 16:37:39.426,2026/07/24 16:37:39.452,1,GPU-713d5b24-2a1e-fd4a-7685-c3d195ff9230,84.38,1410,1593,0,0,73511,37
2026/07/24 16:37:39.692,2026/07/24 16:37:39.676,2026/07/24 16:37:39.709,0,GPU-e2681f6e-8d94-2d66-484f-43ea602335f9,391.15,1410,1593,100,12,73511,65
2026/07/24 16:37:39.692,2026/07/24 16:37:39.676,2026/07/24 16:37:39.709,1,GPU-713d5b24-2a1e-fd4a-7685-c3d195ff9230,84.38,1410,1593,0,0,73511,37
2026/07/24 16:37:39.944,2026/07/24 16:37:39.926,2026/07/24 16:37:39.961,0,GPU-e2681f6e-8d94-2d66-484f-43ea602335f9,408.31,1410,1593,100,17,73511,66
2026/07/24 16:37:39.944,2026/07/24 16:37:39.926,2026/07/24 16:37:39.961,1,GPU-713d5b24-2a1e-fd4a-7685-c3d195ff9230,236.25,1410,1593,43,9,73511,39
2026/07/24 16:37:40.192,2026/07/24 16:37:40.176,2026/07/24 16:37:40.208,0,GPU-e2681f6e-8d94-2d66-484f-43ea602335f9,402.90,1410,1593,100,15,73511,67
2026/07/24 16:37:40.192,2026/07/24 16:37:40.176,2026/07/24 16:37:40.208,1,GPU-713d5b24-2a1e-fd4a-7685-c3d195ff9230,163.02,1410,1593,100,52,73511,39
2026/07/24 16:37:40.442,2026/07/24 16:37:40.426,2026/07/24 16:37:40.458,0,GPU-e2681f6e-8d94-2d66-484f-43ea602335f9,102.83,1410,1593,99,13,73511,57
2026/07/24 16:37:40.442,2026/07/24 16:37:40.426,2026/07/24 16:37:40.458,1,GPU-713d5b24-2a1e-fd4a-7685-c3d195ff9230,243.50,1410,1593,14,8,73511,40
2026/07/24 16:37:40.691,2026/07/24 16:37:40.676,2026/07/24 16:37:40.706,0,GPU-e2681f6e-8d94-2d66-484f-43ea602335f9,405.33,1410,1593,100,17,73511,66
2026/07/24 16:37:40.691,2026/07/24 16:37:40.676,2026/07/24 16:37:40.706,1,GPU-713d5b24-2a1e-fd4a-7685-c3d195ff9230,239.87,1410,1593,69,36,73511,39
2026/07/24 16:37:40.940,2026/07/24 16:37:40.926,2026/07/24 16:37:40.953,0,GPU-e2681f6e-8d94-2d66-484f-43ea602335f9,406.20,1410,1593,100,14,73511,67
2026/07/24 16:37:40.940,2026/07/24 16:37:40.926,2026/07/24 16:37:40.953,1,GPU-713d5b24-2a1e-fd4a-7685-c3d195ff9230,84.97,1410,1593,0,0,73511,38
2026/07/24 16:37:41.190,2026/07/24 16:37:41.176,2026/07/24 16:37:41.203,0,GPU-e2681f6e-8d94-2d66-484f-43ea602335f9,421.89,1410,1593,100,12,73511,68
2026/07/24 16:37:41.190,2026/07/24 16:37:41.176,2026/07/24 16:37:41.203,1,GPU-713d5b24-2a1e-fd4a-7685-c3d195ff9230,84.65,1410,1593,0,0,73511,38
2026/07/24 16:37:41.442,2026/07/24 16:37:41.426,2026/07/24 16:37:41.458,0,GPU-e2681f6e-8d94-2d66-484f-43ea602335f9,406.53,1410,1593,100,18,73511,68
2026/07/24 16:37:41.442,2026/07/24 16:37:41.426,2026/07/24 16:37:41.458,1,GPU-713d5b24-2a1e-fd4a-7685-c3d195ff9230,238.69,1410,1593,57,17,73511,42
2026/07/24 16:37:41.698,2026/07/24 16:37:41.677,2026/07/24 16:37:41.720,0,GPU-e2681f6e-8d94-2d66-484f-43ea602335f9,398.41,1410,1593,100,15,73511,68
2026/07/24 16:37:41.698,2026/07/24 16:37:41.677,2026/07/24 16:37:41.720,1,GPU-713d5b24-2a1e-fd4a-7685-c3d195ff9230,149.44,1410,1593,63,33,73511,40
2026/07/24 16:37:41.941,2026/07/24 16:37:41.927,2026/07/24 16:37:41.955,0,GPU-e2681f6e-8d94-2d66-484f-43ea602335f9,423.09,1410,1593,100,15,73511,69
2026/07/24 16:37:41.941,2026/07/24 16:37:41.927,2026/07/24 16:37:41.955,1,GPU-713d5b24-2a1e-fd4a-7685-c3d195ff9230,85.25,1410,1593,0,0,73511,39
2026/07/24 16:37:42.189,2026/07/24 16:37:42.177,2026/07/24 16:37:42.202,0,GPU-e2681f6e-8d94-2d66-484f-43ea602335f9,406.53,1410,1593,100,16,73511,69
2026/07/24 16:37:42.189,2026/07/24 16:37:42.177,2026/07/24 16:37:42.202,1,GPU-713d5b24-2a1e-fd4a-7685-c3d195ff9230,244.37,1410,1593,96,38,73511,42
2026/07/24 16:37:42.443,2026/07/24 16:37:42.427,2026/07/24 16:37:42.459,0,GPU-e2681f6e-8d94-2d66-484f-43ea602335f9,396.56,1410,1593,100,14,73511,69
2026/07/24 16:37:42.443,2026/07/24 16:37:42.427,2026/07/24 16:37:42.459,1,GPU-713d5b24-2a1e-fd4a-7685-c3d195ff9230,85.57,1410,1593,61,32,73511,39
2026/07/24 16:37:42.690,2026/07/24 16:37:42.677,2026/07/24 16:37:42.704,0,GPU-e2681f6e-8d94-2d66-484f-43ea602335f9,414.05,1410,1593,100,13,73511,69
2026/07/24 16:37:42.690,2026/07/24 16:37:42.677,2026/07/24 16:37:42.704,1,GPU-713d5b24-2a1e-fd4a-7685-c3d195ff9230,98.83,1410,1593,0,0,73511,40
2026/07/24 16:37:42.942,2026/07/24 16:37:42.927,2026/07/24 16:37:42.957,0,GPU-e2681f6e-8d94-2d66-484f-43ea602335f9,406.85,1410,1593,100,14,73511,69
2026/07/24 16:37:42.942,2026/07/24 16:37:42.927,2026/07/24 16:37:42.957,1,GPU-713d5b24-2a1e-fd4a-7685-c3d195ff9230,172.98,1410,1593,100,52,73511,41
2026/07/24 16:37:43.191,2026/07/24 16:37:43.177,2026/07/24 16:37:43.206,0,GPU-e2681f6e-8d94-2d66-484f-43ea602335f9,411.34,1410,1593,100,12,73511,70
2026/07/24 16:37:43.191,2026/07/24 16:37:43.177,2026/07/24 16:37:43.206,1,GPU-713d5b24-2a1e-fd4a-7685-c3d195ff9230,84.97,1410,1593,16,8,73511,39
2026/07/24 16:37:43.466,2026/07/24 16:37:43.427,2026/07/24 16:37:43.505,0,GPU-e2681f6e-8d94-2d66-484f-43ea602335f9,417.67,1410,1593,100,16,73511,70
2026/07/24 16:37:43.466,2026/07/24 16:37:43.427,2026/07/24 16:37:43.505,1,GPU-713d5b24-2a1e-fd4a-7685-c3d195ff9230,237.17,1410,1593,32,4,73511,42
2026/07/24 16:37:43.693,2026/07/24 16:37:43.677,2026/07/24 16:37:43.708,0,GPU-e2681f6e-8d94-2d66-484f-43ea602335f9,405.01,1410,1593,100,13,73511,70
2026/07/24 16:37:43.693,2026/07/24 16:37:43.677,2026/07/24 16:37:43.708,1,GPU-713d5b24-2a1e-fd4a-7685-c3d195ff9230,118.10,1410,1593,100,52,73511,40
2026/07/24 16:37:43.942,2026/07/24 16:37:43.927,2026/07/24 16:37:43.958,0,GPU-e2681f6e-8d94-2d66-484f-43ea602335f9,423.09,1410,1593,100,14,73511,70
2026/07/24 16:37:43.942,2026/07/24 16:37:43.927,2026/07/24 16:37:43.958,1,GPU-713d5b24-2a1e-fd4a-7685-c3d195ff9230,99.10,1410,1593,1,0,73511,39
2026/07/24 16:37:44.193,2026/07/24 16:37:44.177,2026/07/24 16:37:44.208,0,GPU-e2681f6e-8d94-2d66-484f-43ea602335f9,417.08,1410,1593,100,17,73511,70
2026/07/24 16:37:44.193,2026/07/24 16:37:44.177,2026/07/24 16:37:44.208,1,GPU-713d5b24-2a1e-fd4a-7685-c3d195ff9230,244.37,1410,1593,97,39,73511,43
2026/07/24 16:37:44.442,2026/07/24 16:37:44.427,2026/07/24 16:37:44.456,0,GPU-e2681f6e-8d94-2d66-484f-43ea602335f9,399.60,1410,1593,100,14,73511,70
2026/07/24 16:37:44.442,2026/07/24 16:37:44.427,2026/07/24 16:37:44.456,1,GPU-713d5b24-2a1e-fd4a-7685-c3d195ff9230,85.25,1410,1593,83,43,73511,40
2026/07/24 16:37:44.693,2026/07/24 16:37:44.678,2026/07/24 16:37:44.709,0,GPU-e2681f6e-8d94-2d66-484f-43ea602335f9,430.67,1410,1593,100,12,73511,70
2026/07/24 16:37:44.693,2026/07/24 16:37:44.678,2026/07/24 16:37:44.709,1,GPU-713d5b24-2a1e-fd4a-7685-c3d195ff9230,84.97,1410,1593,0,0,73511,39
2026/07/24 16:37:44.943,2026/07/24 16:37:44.928,2026/07/24 16:37:44.958,0,GPU-e2681f6e-8d94-2d66-484f-43ea602335f9,401.71,1410,1593,100,16,73511,71
2026/07/24 16:37:44.943,2026/07/24 16:37:44.928,2026/07/24 16:37:44.958,1,GPU-713d5b24-2a1e-fd4a-7685-c3d195ff9230,240.15,1410,1593,25,0,73511,43
2026/07/24 16:37:45.191,2026/07/24 16:37:45.178,2026/07/24 16:37:45.205,0,GPU-e2681f6e-8d94-2d66-484f-43ea602335f9,411.34,1410,1593,100,13,73511,71
2026/07/24 16:37:45.191,2026/07/24 16:37:45.178,2026/07/24 16:37:45.205,1,GPU-713d5b24-2a1e-fd4a-7685-c3d195ff9230,85.84,1410,1593,71,37,73511,39
2026/07/24 16:37:45.442,2026/07/24 16:37:45.428,2026/07/24 16:37:45.456,0,GPU-e2681f6e-8d94-2d66-484f-43ea602335f9,424.01,1410,1593,100,14,73511,71
2026/07/24 16:37:45.442,2026/07/24 16:37:45.428,2026/07/24 16:37:45.456,1,GPU-713d5b24-2a1e-fd4a-7685-c3d195ff9230,84.97,1410,1593,0,0,73511,39
2026/07/24 16:37:45.693,2026/07/24 16:37:45.678,2026/07/24 16:37:45.708,0,GPU-e2681f6e-8d94-2d66-484f-43ea602335f9,394.78,1410,1593,100,13,73511,71
2026/07/24 16:37:45.693,2026/07/24 16:37:45.678,2026/07/24 16:37:45.708,1,GPU-713d5b24-2a1e-fd4a-7685-c3d195ff9230,238.36,1410,1593,88,46,73511,43
2026/07/24 16:37:45.944,2026/07/24 16:37:45.928,2026/07/24 16:37:45.959,0,GPU-e2681f6e-8d94-2d66-484f-43ea602335f9,426.44,1410,1593,100,17,73511,71
2026/07/24 16:37:45.944,2026/07/24 16:37:45.928,2026/07/24 16:37:45.959,1,GPU-713d5b24-2a1e-fd4a-7685-c3d195ff9230,85.57,1410,1593,9,0,73511,40
2026/07/24 16:37:46.194,2026/07/24 16:37:46.178,2026/07/24 16:37:46.210,0,GPU-e2681f6e-8d94-2d66-484f-43ea602335f9,411.94,1410,1593,100,17,73511,71
2026/07/24 16:37:46.194,2026/07/24 16:37:46.178,2026/07/24 16:37:46.210,1,GPU-713d5b24-2a1e-fd4a-7685-c3d195ff9230,249.18,1410,1593,98,46,73511,43
2026/07/24 16:37:46.442,2026/07/24 16:37:46.428,2026/07/24 16:37:46.456,0,GPU-e2681f6e-8d94-2d66-484f-43ea602335f9,413.18,1410,1593,100,15,73511,72
2026/07/24 16:37:46.442,2026/07/24 16:37:46.428,2026/07/24 16:37:46.456,1,GPU-713d5b24-2a1e-fd4a-7685-c3d195ff9230,132.28,1410,1593,96,49,73511,44
2026/07/24 16:37:46.694,2026/07/24 16:37:46.678,2026/07/24 16:37:46.710,0,GPU-e2681f6e-8d94-2d66-484f-43ea602335f9,405.60,1410,1593,100,17,73511,72
2026/07/24 16:37:46.694,2026/07/24 16:37:46.678,2026/07/24 16:37:46.710,1,GPU-713d5b24-2a1e-fd4a-7685-c3d195ff9230,247.40,1410,1593,98,43,73511,42
2026/07/24 16:37:46.942,2026/07/24 16:37:46.928,2026/07/24 16:37:46.956,0,GPU-e2681f6e-8d94-2d66-484f-43ea602335f9,426.71,1410,1593,100,15,73511,72
2026/07/24 16:37:46.942,2026/07/24 16:37:46.928,2026/07/24 16:37:46.956,1,GPU-713d5b24-2a1e-fd4a-7685-c3d195ff9230,227.53,1410,1593,71,38,73511,40
2026/07/24 16:37:47.192,2026/07/24 16:37:47.179,2026/07/24 16:37:47.206,0,GPU-e2681f6e-8d94-2d66-484f-43ea602335f9,415.29,1410,1593,100,17,73511,72
2026/07/24 16:37:47.192,2026/07/24 16:37:47.179,2026/07/24 16:37:47.206,1,GPU-713d5b24-2a1e-fd4a-7685-c3d195ff9230,244.37,1410,1593,98,49,73511,44
2026/07/24 16:37:47.444,2026/07/24 16:37:47.429,2026/07/24 16:37:47.459,0,GPU-e2681f6e-8d94-2d66-484f-43ea602335f9,401.29,1410,1593,100,13,73511,72
2026/07/24 16:37:47.444,2026/07/24 16:37:47.429,2026/07/24 16:37:47.459,1,GPU-713d5b24-2a1e-fd4a-7685-c3d195ff9230,85.84,1410,1593,47,25,73511,40
2026/07/24 16:37:47.693,2026/07/24 16:37:47.679,2026/07/24 16:37:47.708,0,GPU-e2681f6e-8d94-2d66-484f-43ea602335f9,422.49,1410,1593,100,12,73511,72
2026/07/24 16:37:47.693,2026/07/24 16:37:47.679,2026/07/24 16:37:47.708,1,GPU-713d5b24-2a1e-fd4a-7685-c3d195ff9230,97.32,1410,1593,0,0,73511,39
2026/07/24 16:37:47.944,2026/07/24 16:37:47.929,2026/07/24 16:37:47.959,0,GPU-e2681f6e-8d94-2d66-484f-43ea602335f9,410.42,1410,1593,100,15,73511,72
2026/07/24 16:37:47.944,2026/07/24 16:37:47.929,2026/07/24 16:37:47.959,1,GPU-713d5b24-2a1e-fd4a-7685-c3d195ff9230,240.80,1410,1593,100,52,73511,43
2026/07/24 16:37:48.193,2026/07/24 16:37:48.179,2026/07/24 16:37:48.207,0,GPU-e2681f6e-8d94-2d66-484f-43ea602335f9,412.85,1410,1593,100,14,73511,72
2026/07/24 16:37:48.193,2026/07/24 16:37:48.179,2026/07/24 16:37:48.207,1,GPU-713d5b24-2a1e-fd4a-7685-c3d195ff9230,86.76,1410,1593,83,43,73511,42
2026/07/24 16:37:48.442,2026/07/24 16:37:48.429,2026/07/24 16:37:48.455,0,GPU-e2681f6e-8d94-2d66-484f-43ea602335f9,410.15,1410,1593,100,17,73511,72
2026/07/24 16:37:48.442,2026/07/24 16:37:48.429,2026/07/24 16:37:48.455,1,GPU-713d5b24-2a1e-fd4a-7685-c3d195ff9230,249.18,1410,1593,64,23,73511,44
2026/07/24 16:37:48.695,2026/07/24 16:37:48.679,2026/07/24 16:37:48.711,0,GPU-e2681f6e-8d94-2d66-484f-43ea602335f9,432.13,1410,1593,100,15,73511,73
2026/07/24 16:37:48.695,2026/07/24 16:37:48.679,2026/07/24 16:37:48.711,1,GPU-713d5b24-2a1e-fd4a-7685-c3d195ff9230,239.87,1410,1593,100,52,73511,42
2026/07/24 16:37:48.950,2026/07/24 16:37:48.929,2026/07/24 16:37:48.970,0,GPU-e2681f6e-8d94-2d66-484f-43ea602335f9,408.63,1410,1593,100,18,73511,73
2026/07/24 16:37:48.950,2026/07/24 16:37:48.929,2026/07/24 16:37:48.970,1,GPU-713d5b24-2a1e-fd4a-7685-c3d195ff9230,244.69,1410,1593,83,44,73511,41
2026/07/24 16:37:49.195,2026/07/24 16:37:49.179,2026/07/24 16:37:49.211,0,GPU-e2681f6e-8d94-2d66-484f-43ea602335f9,418.00,1410,1593,100,13,73511,73
2026/07/24 16:37:49.195,2026/07/24 16:37:49.179,2026/07/24 16:37:49.211,1,GPU-713d5b24-2a1e-fd4a-7685-c3d195ff9230,85.84,1410,1593,0,0,73511,40
2026/07/24 16:37:49.446,2026/07/24 16:37:49.430,2026/07/24 16:37:49.462,0,GPU-e2681f6e-8d94-2d66-484f-43ea602335f9,429.74,1410,1593,100,17,73511,73
2026/07/24 16:37:49.446,2026/07/24 16:37:49.430,2026/07/24 16:37:49.462,1,GPU-713d5b24-2a1e-fd4a-7685-c3d195ff9230,231.70,1410,1593,19,0,73511,43
2026/07/24 16:37:49.694,2026/07/24 16:37:49.680,2026/07/24 16:37:49.709,0,GPU-e2681f6e-8d94-2d66-484f-43ea602335f9,408.96,1410,1593,100,13,73511,73
2026/07/24 16:37:49.694,2026/07/24 16:37:49.680,2026/07/24 16:37:49.709,1,GPU-713d5b24-2a1e-fd4a-7685-c3d195ff9230,242.91,1410,1593,97,49,73511,43
2026/07/24 16:37:49.944,2026/07/24 16:37:49.930,2026/07/24 16:37:49.959,0,GPU-e2681f6e-8d94-2d66-484f-43ea602335f9,409.55,1410,1593,100,14,73511,73
2026/07/24 16:37:49.944,2026/07/24 16:37:49.930,2026/07/24 16:37:49.959,1,GPU-713d5b24-2a1e-fd4a-7685-c3d195ff9230,203.99,1410,1593,15,0,73511,40
2026/07/24 16:37:50.193,2026/07/24 16:37:50.180,2026/07/24 16:37:50.207,0,GPU-e2681f6e-8d94-2d66-484f-43ea602335f9,412.26,1410,1593,100,17,73511,73
2026/07/24 16:37:50.193,2026/07/24 16:37:50.180,2026/07/24 16:37:50.207,1,GPU-713d5b24-2a1e-fd4a-7685-c3d195ff9230,244.96,1410,1593,97,46,73511,44
2026/07/24 16:37:50.444,2026/07/24 16:37:50.430,2026/07/24 16:37:50.458,0,GPU-e2681f6e-8d94-2d66-484f-43ea602335f9,427.31,1410,1593,100,16,73511,73
2026/07/24 16:37:50.444,2026/07/24 16:37:50.430,2026/07/24 16:37:50.458,1,GPU-713d5b24-2a1e-fd4a-7685-c3d195ff9230,86.76,1410,1593,84,44,73511,41
2026/07/24 16:37:50.695,2026/07/24 16:37:50.680,2026/07/24 16:37:50.711,0,GPU-e2681f6e-8d94-2d66-484f-43ea602335f9,408.63,1410,1593,100,17,73511,73
2026/07/24 16:37:50.695,2026/07/24 16:37:50.680,2026/07/24 16:37:50.711,1,GPU-713d5b24-2a1e-fd4a-7685-c3d195ff9230,249.18,1410,1593,70,29,73511,43
2026/07/24 16:37:50.945,2026/07/24 16:37:50.930,2026/07/24 16:37:50.961,0,GPU-e2681f6e-8d94-2d66-484f-43ea602335f9,420.97,1410,1593,100,16,73511,73
2026/07/24 16:37:50.945,2026/07/24 16:37:50.930,2026/07/24 16:37:50.961,1,GPU-713d5b24-2a1e-fd4a-7685-c3d195ff9230,96.72,1410,1593,72,38,73511,40
2026/07/24 16:37:51.195,2026/07/24 16:37:51.180,2026/07/24 16:37:51.210,0,GPU-e2681f6e-8d94-2d66-484f-43ea602335f9,414.97,1410,1593,100,16,73511,73
2026/07/24 16:37:51.195,2026/07/24 16:37:51.180,2026/07/24 16:37:51.210,1,GPU-713d5b24-2a1e-fd4a-7685-c3d195ff9230,246.21,1410,1593,87,35,73511,44
2026/07/24 16:37:51.443,2026/07/24 16:37:51.430,2026/07/24 16:37:51.456,0,GPU-e2681f6e-8d94-2d66-484f-43ea602335f9,413.45,1410,1593,100,13,73511,73
2026/07/24 16:37:51.443,2026/07/24 16:37:51.430,2026/07/24 16:37:51.456,1,GPU-713d5b24-2a1e-fd4a-7685-c3d195ff9230,86.17,1410,1593,72,38,73511,40
2026/07/24 16:37:51.694,2026/07/24 16:37:51.680,2026/07/24 16:37:51.708,0,GPU-e2681f6e-8d94-2d66-484f-43ea602335f9,428.23,1410,1593,100,14,73511,73
2026/07/24 16:37:51.694,2026/07/24 16:37:51.680,2026/07/24 16:37:51.708,1,GPU-713d5b24-2a1e-fd4a-7685-c3d195ff9230,236.57,1410,1593,0,0,73511,41
2026/07/24 16:37:51.944,2026/07/24 16:37:51.931,2026/07/24 16:37:51.958,0,GPU-e2681f6e-8d94-2d66-484f-43ea602335f9,402.90,1410,1593,100,14,73511,73
2026/07/24 16:37:51.944,2026/07/24 16:37:51.931,2026/07/24 16:37:51.958,1,GPU-713d5b24-2a1e-fd4a-7685-c3d195ff9230,237.17,1410,1593,100,52,73511,44
2026/07/24 16:37:52.196,2026/07/24 16:37:52.181,2026/07/24 16:37:52.211,0,GPU-e2681f6e-8d94-2d66-484f-43ea602335f9,430.49,1410,1593,100,17,73511,74
2026/07/24 16:37:52.196,2026/07/24 16:37:52.181,2026/07/24 16:37:52.211,1,GPU-713d5b24-2a1e-fd4a-7685-c3d195ff9230,238.36,1410,1593,40,11,73511,42
2026/07/24 16:37:52.445,2026/07/24 16:37:52.431,2026/07/24 16:37:52.460,0,GPU-e2681f6e-8d94-2d66-484f-43ea602335f9,421.57,1410,1593,100,17,73511,74
2026/07/24 16:37:52.445,2026/07/24 16:37:52.431,2026/07/24 16:37:52.460,1,GPU-713d5b24-2a1e-fd4a-7685-c3d195ff9230,244.37,1410,1593,100,52,73511,45
2026/07/24 16:37:52.697,2026/07/24 16:37:52.681,2026/07/24 16:37:52.713,0,GPU-e2681f6e-8d94-2d66-484f-43ea602335f9,420.97,1410,1593,100,16,73511,74
2026/07/24 16:37:52.697,2026/07/24 16:37:52.681,2026/07/24 16:37:52.713,1,GPU-713d5b24-2a1e-fd4a-7685-c3d195ff9230,248.59,1410,1593,77,41,73511,43
2026/07/24 16:37:52.945,2026/07/24 16:37:52.931,2026/07/24 16:37:52.960,0,GPU-e2681f6e-8d94-2d66-484f-43ea602335f9,407.44,1410,1593,100,17,73511,74
2026/07/24 16:37:52.945,2026/07/24 16:37:52.931,2026/07/24 16:37:52.960,1,GPU-713d5b24-2a1e-fd4a-7685-c3d195ff9230,247.40,1410,1593,91,48,73511,43
2026/07/24 16:37:53.194,2026/07/24 16:37:53.181,2026/07/24 16:37:53.206,0,GPU-e2681f6e-8d94-2d66-484f-43ea602335f9,414.97,1410,1593,100,12,73511,74
2026/07/24 16:37:53.194,2026/07/24 16:37:53.181,2026/07/24 16:37:53.206,1,GPU-713d5b24-2a1e-fd4a-7685-c3d195ff9230,86.17,1410,1593,0,0,73511,40
2026/07/24 16:37:53.447,2026/07/24 16:37:53.431,2026/07/24 16:37:53.463,0,GPU-e2681f6e-8d94-2d66-484f-43ea602335f9,416.75,1410,1593,100,18,73511,74
2026/07/24 16:37:53.447,2026/07/24 16:37:53.431,2026/07/24 16:37:53.463,1,GPU-713d5b24-2a1e-fd4a-7685-c3d195ff9230,247.72,1410,1593,72,25,73511,43
2026/07/24 16:37:53.696,2026/07/24 16:37:53.681,2026/07/24 16:37:53.710,0,GPU-e2681f6e-8d94-2d66-484f-43ea602335f9,405.33,1410,1593,100,14,73511,74
2026/07/24 16:37:53.696,2026/07/24 16:37:53.681,2026/07/24 16:37:53.710,1,GPU-713d5b24-2a1e-fd4a-7685-c3d195ff9230,244.69,1410,1593,100,52,73511,43
2026/07/24 16:37:53.945,2026/07/24 16:37:53.931,2026/07/24 16:37:53.959,0,GPU-e2681f6e-8d94-2d66-484f-43ea602335f9,416.48,1410,1593,100,13,73511,74
2026/07/24 16:37:53.945,2026/07/24 16:37:53.931,2026/07/24 16:37:53.959,1,GPU-713d5b24-2a1e-fd4a-7685-c3d195ff9230,85.57,1410,1593,3,0,73511,40
2026/07/24 16:37:54.197,2026/07/24 16:37:54.181,2026/07/24 16:37:54.212,0,GPU-e2681f6e-8d94-2d66-484f-43ea602335f9,414.38,1410,1593,100,16,73511,74
2026/07/24 16:37:54.197,2026/07/24 16:37:54.181,2026/07/24 16:37:54.212,1,GPU-713d5b24-2a1e-fd4a-7685-c3d195ff9230,244.10,1410,1593,97,39,73511,44
2026/07/24 16:37:54.445,2026/07/24 16:37:54.431,2026/07/24 16:37:54.458,0,GPU-e2681f6e-8d94-2d66-484f-43ea602335f9,414.64,1410,1593,100,14,73511,74
2026/07/24 16:37:54.445,2026/07/24 16:37:54.431,2026/07/24 16:37:54.458,1,GPU-713d5b24-2a1e-fd4a-7685-c3d195ff9230,86.49,1410,1593,66,34,73511,41
2026/07/24 16:37:54.695,2026/07/24 16:37:54.681,2026/07/24 16:37:54.709,0,GPU-e2681f6e-8d94-2d66-484f-43ea602335f9,424.01,1410,1593,100,15,73511,74
2026/07/24 16:37:54.695,2026/07/24 16:37:54.681,2026/07/24 16:37:54.709,1,GPU-713d5b24-2a1e-fd4a-7685-c3d195ff9230,245.62,1410,1593,21,0,73511,44
2026/07/24 16:37:54.946,2026/07/24 16:37:54.932,2026/07/24 16:37:54.961,0,GPU-e2681f6e-8d94-2d66-484f-43ea602335f9,409.23,1410,1593,100,17,73511,74
2026/07/24 16:37:54.946,2026/07/24 16:37:54.932,2026/07/24 16:37:54.961,1,GPU-713d5b24-2a1e-fd4a-7685-c3d195ff9230,85.84,1410,1593,99,52,73511,41
2026/07/24 16:37:55.197,2026/07/24 16:37:55.182,2026/07/24 16:37:55.212,0,GPU-e2681f6e-8d94-2d66-484f-43ea602335f9,423.68,1410,1593,100,17,73511,74
2026/07/24 16:37:55.197,2026/07/24 16:37:55.182,2026/07/24 16:37:55.212,1,GPU-713d5b24-2a1e-fd4a-7685-c3d195ff9230,198.26,1410,1593,56,20,73511,43
2026/07/24 16:37:55.445,2026/07/24 16:37:55.432,2026/07/24 16:37:55.459,0,GPU-e2681f6e-8d94-2d66-484f-43ea602335f9,410.42,1410,1593,100,15,73511,74
2026/07/24 16:37:55.445,2026/07/24 16:37:55.432,2026/07/24 16:37:55.459,1,GPU-713d5b24-2a1e-fd4a-7685-c3d195ff9230,240.80,1410,1593,80,42,73511,41
2026/07/24 16:37:55.695,2026/07/24 16:37:55.682,2026/07/24 16:37:55.708,0,GPU-e2681f6e-8d94-2d66-484f-43ea602335f9,103.53,1410,1593,23,4,73511,60
2026/07/24 16:37:55.695,2026/07/24 16:37:55.682,2026/07/24 16:37:55.708,1,GPU-713d5b24-2a1e-fd4a-7685-c3d195ff9230,245.62,1410,1593,63,25,73511,44
2026/07/24 16:37:55.964,2026/07/24 16:37:55.932,2026/07/24 16:37:55.996,0,GPU-e2681f6e-8d94-2d66-484f-43ea602335f9,413.45,1410,1593,7,2,73511,70
2026/07/24 16:37:55.964,2026/07/24 16:37:55.932,2026/07/24 16:37:55.996,1,GPU-713d5b24-2a1e-fd4a-7685-c3d195ff9230,85.25,1410,1593,100,53,73511,41
2026/07/24 16:37:56.196,2026/07/24 16:37:56.182,2026/07/24 16:37:56.210,0,GPU-e2681f6e-8d94-2d66-484f-43ea602335f9,417.67,1410,1593,100,15,73511,72
2026/07/24 16:37:56.196,2026/07/24 16:37:56.182,2026/07/24 16:37:56.210,1,GPU-713d5b24-2a1e-fd4a-7685-c3d195ff9230,84.97,1410,1593,9,5,73511,39
2026/07/24 16:37:56.446,2026/07/24 16:37:56.432,2026/07/24 16:37:56.461,0,GPU-e2681f6e-8d94-2d66-484f-43ea602335f9,419.46,1410,1593,100,19,73511,73
2026/07/24 16:37:56.446,2026/07/24 16:37:56.432,2026/07/24 16:37:56.461,1,GPU-713d5b24-2a1e-fd4a-7685-c3d195ff9230,245.62,1410,1593,74,30,73511,44
2026/07/24 16:37:56.695,2026/07/24 16:37:56.682,2026/07/24 16:37:56.709,0,GPU-e2681f6e-8d94-2d66-484f-43ea602335f9,413.45,1410,1593,100,15,73511,73
2026/07/24 16:37:56.695,2026/07/24 16:37:56.682,2026/07/24 16:37:56.709,1,GPU-713d5b24-2a1e-fd4a-7685-c3d195ff9230,179.91,1410,1593,100,53,73511,42
2026/07/24 16:37:56.972,2026/07/24 16:37:56.932,2026/07/24 16:37:57.013,0,GPU-e2681f6e-8d94-2d66-484f-43ea602335f9,111.88,1410,1593,100,13,73511,65
2026/07/24 16:37:56.972,2026/07/24 16:37:56.932,2026/07/24 16:37:57.013,1,GPU-713d5b24-2a1e-fd4a-7685-c3d195ff9230,96.12,1410,1593,36,7,73511,41
2026/07/24 16:37:57.196,2026/07/24 16:37:57.182,2026/07/24 16:37:57.211,0,GPU-e2681f6e-8d94-2d66-484f-43ea602335f9,104.08,1410,1593,43,5,73511,59
2026/07/24 16:37:57.196,2026/07/24 16:37:57.182,2026/07/24 16:37:57.211,1,GPU-713d5b24-2a1e-fd4a-7685-c3d195ff9230,244.96,1410,1593,36,7,73511,44
2026/07/24 16:37:57.446,2026/07/24 16:37:57.432,2026/07/24 16:37:57.460,0,GPU-e2681f6e-8d94-2d66-484f-43ea602335f9,413.18,1410,1593,15,3,73511,63
2026/07/24 16:37:57.446,2026/07/24 16:37:57.432,2026/07/24 16:37:57.460,1,GPU-713d5b24-2a1e-fd4a-7685-c3d195ff9230,85.84,1410,1593,66,35,73511,42
2026/07/24 16:37:57.696,2026/07/24 16:37:57.682,2026/07/24 16:37:57.709,0,GPU-e2681f6e-8d94-2d66-484f-43ea602335f9,408.81,1410,1593,100,17,73511,70
2026/07/24 16:37:57.696,2026/07/24 16:37:57.682,2026/07/24 16:37:57.709,1,GPU-713d5b24-2a1e-fd4a-7685-c3d195ff9230,85.25,1410,1593,0,0,73511,39
2026/07/24 16:37:57.946,2026/07/24 16:37:57.932,2026/07/24 16:37:57.960,0,GPU-e2681f6e-8d94-2d66-484f-43ea602335f9,405.33,1410,1593,100,14,73511,71
2026/07/24 16:37:57.946,2026/07/24 16:37:57.932,2026/07/24 16:37:57.960,1,GPU-713d5b24-2a1e-fd4a-7685-c3d195ff9230,84.97,1410,1593,0,0,73511,39
2026/07/24 16:37:58.202,2026/07/24 16:37:58.183,2026/07/24 16:37:58.221,0,GPU-e2681f6e-8d94-2d66-484f-43ea602335f9,417.40,1410,1593,92,13,73511,61
2026/07/24 16:37:58.202,2026/07/24 16:37:58.183,2026/07/24 16:37:58.221,1,GPU-713d5b24-2a1e-fd4a-7685-c3d195ff9230,246.81,1410,1593,85,34,73511,43
2026/07/24 16:37:58.448,2026/07/24 16:37:58.433,2026/07/24 16:37:58.463,0,GPU-e2681f6e-8d94-2d66-484f-43ea602335f9,408.96,1410,1593,100,17,73511,70
2026/07/24 16:37:58.448,2026/07/24 16:37:58.433,2026/07/24 16:37:58.463,1,GPU-713d5b24-2a1e-fd4a-7685-c3d195ff9230,85.57,1410,1593,58,30,73511,40
2026/07/24 16:37:58.697,2026/07/24 16:37:58.683,2026/07/24 16:37:58.712,0,GPU-e2681f6e-8d94-2d66-484f-43ea602335f9,399.92,1410,1593,100,14,73511,72
2026/07/24 16:37:58.697,2026/07/24 16:37:58.683,2026/07/24 16:37:58.712,1,GPU-713d5b24-2a1e-fd4a-7685-c3d195ff9230,84.97,1410,1593,0,0,73511,39
2026/07/24 16:37:58.949,2026/07/24 16:37:58.933,2026/07/24 16:37:58.966,0,GPU-e2681f6e-8d94-2d66-484f-43ea602335f9,417.67,1410,1593,99,15,73511,73
2026/07/24 16:37:58.949,2026/07/24 16:37:58.933,2026/07/24 16:37:58.966,1,GPU-713d5b24-2a1e-fd4a-7685-c3d195ff9230,247.99,1410,1593,17,0,73511,43
2026/07/24 16:37:59.197,2026/07/24 16:37:59.183,2026/07/24 16:37:59.211,0,GPU-e2681f6e-8d94-2d66-484f-43ea602335f9,402.63,1410,1593,100,13,73511,73
2026/07/24 16:37:59.197,2026/07/24 16:37:59.183,2026/07/24 16:37:59.211,1,GPU-713d5b24-2a1e-fd4a-7685-c3d195ff9230,87.95,1410,1593,43,22,73511,40
2026/07/24 16:37:59.446,2026/07/24 16:37:59.433,2026/07/24 16:37:59.460,0,GPU-e2681f6e-8d94-2d66-484f-43ea602335f9,403.82,1410,1593,100,12,73511,73
2026/07/24 16:37:59.446,2026/07/24 16:37:59.433,2026/07/24 16:37:59.460,1,GPU-713d5b24-2a1e-fd4a-7685-c3d195ff9230,85.25,1410,1593,0,0,73511,39
2026/07/24 16:37:59.699,2026/07/24 16:37:59.683,2026/07/24 16:37:59.714,0,GPU-e2681f6e-8d94-2d66-484f-43ea602335f9,414.05,1410,1593,100,16,73511,74
2026/07/24 16:37:59.699,2026/07/24 16:37:59.683,2026/07/24 16:37:59.714,1,GPU-713d5b24-2a1e-fd4a-7685-c3d195ff9230,239.28,1410,1593,34,5,73511,42
2026/07/24 16:37:59.948,2026/07/24 16:37:59.933,2026/07/24 16:37:59.963,0,GPU-e2681f6e-8d94-2d66-484f-43ea602335f9,409.23,1410,1593,100,15,73511,73
2026/07/24 16:37:59.948,2026/07/24 16:37:59.933,2026/07/24 16:37:59.963,1,GPU-713d5b24-2a1e-fd4a-7685-c3d195ff9230,163.02,1410,1593,100,52,73511,40
2026/07/24 16:38:00.209,2026/07/24 16:38:00.183,2026/07/24 16:38:00.235,0,GPU-e2681f6e-8d94-2d66-484f-43ea602335f9,105.65,1410,1593,76,11,73511,61
2026/07/24 16:38:00.209,2026/07/24 16:38:00.183,2026/07/24 16:38:00.235,1,GPU-713d5b24-2a1e-fd4a-7685-c3d195ff9230,243.18,1410,1593,97,43,73511,43
2026/07/24 16:38:00.447,2026/07/24 16:38:00.433,2026/07/24 16:38:00.460,0,GPU-e2681f6e-8d94-2d66-484f-43ea602335f9,101.05,1410,1593,0,0,73511,58
2026/07/24 16:38:00.447,2026/07/24 16:38:00.433,2026/07/24 16:38:00.460,1,GPU-713d5b24-2a1e-fd4a-7685-c3d195ff9230,245.88,1410,1593,76,40,73511,41
2026/07/24 16:38:00.697,2026/07/24 16:38:00.683,2026/07/24 16:38:00.711,0,GPU-e2681f6e-8d94-2d66-484f-43ea602335f9,100.23,1410,1593,0,0,73511,56
2026/07/24 16:38:00.697,2026/07/24 16:38:00.683,2026/07/24 16:38:00.711,1,GPU-713d5b24-2a1e-fd4a-7685-c3d195ff9230,84.97,1410,1593,0,0,73511,40
2026/07/24 16:38:00.948,2026/07/24 16:38:00.933,2026/07/24 16:38:00.962,0,GPU-e2681f6e-8d94-2d66-484f-43ea602335f9,99.20,1410,1593,0,0,73511,55
2026/07/24 16:38:00.948,2026/07/24 16:38:00.933,2026/07/24 16:38:00.962,1,GPU-713d5b24-2a1e-fd4a-7685-c3d195ff9230,84.65,1410,1593,0,0,73511,39
2026/07/24 16:38:01.195,2026/07/24 16:38:01.183,2026/07/24 16:38:01.207,0,GPU-e2681f6e-8d94-2d66-484f-43ea602335f9,98.01,1410,1593,0,0,73511,54
2026/07/24 16:38:01.195,2026/07/24 16:38:01.183,2026/07/24 16:38:01.207,1,GPU-713d5b24-2a1e-fd4a-7685-c3d195ff9230,84.65,1410,1593,0,0,73511,38
2026/07/24 16:38:01.447,2026/07/24 16:38:01.433,2026/07/24 16:38:01.461,0,GPU-e2681f6e-8d94-2d66-484f-43ea602335f9,281.77,1410,1593,52,10,73511,64
2026/07/24 16:38:01.447,2026/07/24 16:38:01.433,2026/07/24 16:38:01.461,1,GPU-713d5b24-2a1e-fd4a-7685-c3d195ff9230,84.74,1410,1593,0,0,73511,38
2026/07/24 16:38:01.698,2026/07/24 16:38:01.684,2026/07/24 16:38:01.712,0,GPU-e2681f6e-8d94-2d66-484f-43ea602335f9,396.29,1410,1593,100,16,73511,68
2026/07/24 16:38:01.698,2026/07/24 16:38:01.684,2026/07/24 16:38:01.712,1,GPU-713d5b24-2a1e-fd4a-7685-c3d195ff9230,84.38,1410,1593,0,0,73511,38
2026/07/24 16:38:01.948,2026/07/24 16:38:01.934,2026/07/24 16:38:01.962,0,GPU-e2681f6e-8d94-2d66-484f-43ea602335f9,363.44,1410,1593,100,13,73511,69
2026/07/24 16:38:01.948,2026/07/24 16:38:01.934,2026/07/24 16:38:01.962,1,GPU-713d5b24-2a1e-fd4a-7685-c3d195ff9230,84.46,1410,1593,0,0,73511,38
2026/07/24 16:38:02.198,2026/07/24 16:38:02.184,2026/07/24 16:38:02.213,0,GPU-e2681f6e-8d94-2d66-484f-43ea602335f9,101.75,1410,1593,0,0,73511,57
2026/07/24 16:38:02.198,2026/07/24 16:38:02.184,2026/07/24 16:38:02.213,1,GPU-713d5b24-2a1e-fd4a-7685-c3d195ff9230,239.55,1410,1593,95,47,73511,42
2026/07/24 16:38:02.446,2026/07/24 16:38:02.434,2026/07/24 16:38:02.459,0,GPU-e2681f6e-8d94-2d66-484f-43ea602335f9,99.53,1410,1593,0,0,73511,55
2026/07/24 16:38:02.446,2026/07/24 16:38:02.434,2026/07/24 16:38:02.459,1,GPU-713d5b24-2a1e-fd4a-7685-c3d195ff9230,244.69,1410,1593,80,42,73511,41
2026/07/24 16:38:02.697,2026/07/24 16:38:02.684,2026/07/24 16:38:02.711,0,GPU-e2681f6e-8d94-2d66-484f-43ea602335f9,97.74,1410,1593,0,0,73511,54
2026/07/24 16:38:02.697,2026/07/24 16:38:02.684,2026/07/24 16:38:02.711,1,GPU-713d5b24-2a1e-fd4a-7685-c3d195ff9230,84.97,1410,1593,0,0,73511,39
2026/07/24 16:38:02.949,2026/07/24 16:38:02.934,2026/07/24 16:38:02.965,0,GPU-e2681f6e-8d94-2d66-484f-43ea602335f9,400.78,1410,1593,65,13,73511,66
2026/07/24 16:38:02.949,2026/07/24 16:38:02.934,2026/07/24 16:38:02.965,1,GPU-713d5b24-2a1e-fd4a-7685-c3d195ff9230,84.65,1410,1593,0,0,73511,38
2026/07/24 16:38:03.225,2026/07/24 16:38:03.184,2026/07/24 16:38:03.266,0,GPU-e2681f6e-8d94-2d66-484f-43ea602335f9,395.05,1410,1593,100,15,73511,69
2026/07/24 16:38:03.225,2026/07/24 16:38:03.184,2026/07/24 16:38:03.266,1,GPU-713d5b24-2a1e-fd4a-7685-c3d195ff9230,84.38,1410,1593,0,0,73511,38
2026/07/24 16:38:03.453,2026/07/24 16:38:03.434,2026/07/24 16:38:03.472,0,GPU-e2681f6e-8d94-2d66-484f-43ea602335f9,192.77,1410,1593,100,13,73511,60
2026/07/24 16:38:03.453,2026/07/24 16:38:03.434,2026/07/24 16:38:03.472,1,GPU-713d5b24-2a1e-fd4a-7685-c3d195ff9230,84.65,1410,1593,19,0,73511,39
2026/07/24 16:38:03.698,2026/07/24 16:38:03.684,2026/07/24 16:38:03.711,0,GPU-e2681f6e-8d94-2d66-484f-43ea602335f9,100.12,1410,1593,0,0,73511,56
2026/07/24 16:38:03.698,2026/07/24 16:38:03.684,2026/07/24 16:38:03.711,1,GPU-713d5b24-2a1e-fd4a-7685-c3d195ff9230,238.04,1410,1593,97,49,73511,42
2026/07/24 16:38:03.948,2026/07/24 16:38:03.934,2026/07/24 16:38:03.961,0,GPU-e2681f6e-8d94-2d66-484f-43ea602335f9,98.93,1410,1593,0,0,73511,54
2026/07/24 16:38:03.948,2026/07/24 16:38:03.934,2026/07/24 16:38:03.961,1,GPU-713d5b24-2a1e-fd4a-7685-c3d195ff9230,84.97,1410,1593,35,18,73511,39
2026/07/24 16:38:04.199,2026/07/24 16:38:04.184,2026/07/24 16:38:04.214,0,GPU-e2681f6e-8d94-2d66-484f-43ea602335f9,97.42,1410,1593,0,0,73511,53
2026/07/24 16:38:04.199,2026/07/24 16:38:04.184,2026/07/24 16:38:04.214,1,GPU-713d5b24-2a1e-fd4a-7685-c3d195ff9230,84.38,1410,1593,0,0,73511,38
2026/07/24 16:38:04.450,2026/07/24 16:38:04.434,2026/07/24 16:38:04.465,0,GPU-e2681f6e-8d94-2d66-484f-43ea602335f9,96.32,1410,1593,0,0,73511,53
2026/07/24 16:38:04.450,2026/07/24 16:38:04.434,2026/07/24 16:38:04.465,1,GPU-713d5b24-2a1e-fd4a-7685-c3d195ff9230,84.38,1410,1593,0,0,73511,38
2026/07/24 16:38:04.698,2026/07/24 16:38:04.685,2026/07/24 16:38:04.712,0,GPU-e2681f6e-8d94-2d66-484f-43ea602335f9,397.48,1410,1593,89,16,73511,64
2026/07/24 16:38:04.698,2026/07/24 16:38:04.685,2026/07/24 16:38:04.712,1,GPU-713d5b24-2a1e-fd4a-7685-c3d195ff9230,84.38,1410,1593,0,0,73511,38
2026/07/24 16:38:04.948,2026/07/24 16:38:04.935,2026/07/24 16:38:04.962,0,GPU-e2681f6e-8d94-2d66-484f-43ea602335f9,387.25,1410,1593,100,15,73511,65
2026/07/24 16:38:04.948,2026/07/24 16:38:04.935,2026/07/24 16:38:04.962,1,GPU-713d5b24-2a1e-fd4a-7685-c3d195ff9230,84.38,1410,1593,0,0,73511,37
2026/07/24 16:38:05.200,2026/07/24 16:38:05.185,2026/07/24 16:38:05.215,0,GPU-e2681f6e-8d94-2d66-484f-43ea602335f9,99.86,1410,1593,41,7,73511,56
2026/07/24 16:38:05.200,2026/07/24 16:38:05.185,2026/07/24 16:38:05.215,1,GPU-713d5b24-2a1e-fd4a-7685-c3d195ff9230,247.40,1410,1593,21,2,73511,42
2026/07/24 16:38:05.449,2026/07/24 16:38:05.435,2026/07/24 16:38:05.463,0,GPU-e2681f6e-8d94-2d66-484f-43ea602335f9,97.84,1410,1593,0,0,73511,54
2026/07/24 16:38:05.449,2026/07/24 16:38:05.435,2026/07/24 16:38:05.463,1,GPU-713d5b24-2a1e-fd4a-7685-c3d195ff9230,86.49,1410,1593,100,53,73511,43
2026/07/24 16:38:05.698,2026/07/24 16:38:05.685,2026/07/24 16:38:05.711,0,GPU-e2681f6e-8d94-2d66-484f-43ea602335f9,96.82,1410,1593,0,0,73511,53
2026/07/24 16:38:05.698,2026/07/24 16:38:05.685,2026/07/24 16:38:05.711,1,GPU-713d5b24-2a1e-fd4a-7685-c3d195ff9230,84.65,1410,1593,0,0,73511,39
2026/07/24 16:38:05.947,2026/07/24 16:38:05.935,2026/07/24 16:38:05.959,0,GPU-e2681f6e-8d94-2d66-484f-43ea602335f9,96.49,1410,1593,0,0,73511,52
2026/07/24 16:38:05.947,2026/07/24 16:38:05.935,2026/07/24 16:38:05.959,1,GPU-713d5b24-2a1e-fd4a-7685-c3d195ff9230,84.38,1410,1593,0,0,73511,38
2026/07/24 16:38:06.197,2026/07/24 16:38:06.185,2026/07/24 16:38:06.208,0,GPU-e2681f6e-8d94-2d66-484f-43ea602335f9,96.22,1410,1593,0,0,73511,52
2026/07/24 16:38:06.197,2026/07/24 16:38:06.185,2026/07/24 16:38:06.208,1,GPU-713d5b24-2a1e-fd4a-7685-c3d195ff9230,84.38,1410,1593,0,0,73511,38
2026/07/24 16:38:06.448,2026/07/24 16:38:06.435,2026/07/24 16:38:06.462,0,GPU-e2681f6e-8d94-2d66-484f-43ea602335f9,95.90,1410,1593,0,0,73511,51
2026/07/24 16:38:06.448,2026/07/24 16:38:06.435,2026/07/24 16:38:06.462,1,GPU-713d5b24-2a1e-fd4a-7685-c3d195ff9230,84.38,1410,1593,0,0,73511,38
2026/07/24 16:38:06.698,2026/07/24 16:38:06.685,2026/07/24 16:38:06.711,0,GPU-e2681f6e-8d94-2d66-484f-43ea602335f9,95.30,1410,1593,0,0,73511,51
2026/07/24 16:38:06.698,2026/07/24 16:38:06.685,2026/07/24 16:38:06.711,1,GPU-713d5b24-2a1e-fd4a-7685-c3d195ff9230,84.05,1410,1593,0,0,73511,37
2026/07/24 16:38:06.950,2026/07/24 16:38:06.935,2026/07/24 16:38:06.964,0,GPU-e2681f6e-8d94-2d66-484f-43ea602335f9,94.98,1410,1593,0,0,73511,51
2026/07/24 16:38:06.950,2026/07/24 16:38:06.935,2026/07/24 16:38:06.964,1,GPU-713d5b24-2a1e-fd4a-7685-c3d195ff9230,84.38,1410,1593,0,0,73511,37
2026/07/24 16:38:07.197,2026/07/24 16:38:07.185,2026/07/24 16:38:07.209,0,GPU-e2681f6e-8d94-2d66-484f-43ea602335f9,95.07,1410,1593,0,0,73511,50
2026/07/24 16:38:07.197,2026/07/24 16:38:07.185,2026/07/24 16:38:07.209,1,GPU-713d5b24-2a1e-fd4a-7685-c3d195ff9230,84.14,1410,1593,0,0,73511,37
2026/07/24 16:38:07.449,2026/07/24 16:38:07.436,2026/07/24 16:38:07.462,0,GPU-e2681f6e-8d94-2d66-484f-43ea602335f9,94.98,1410,1593,0,0,73511,50
2026/07/24 16:38:07.449,2026/07/24 16:38:07.436,2026/07/24 16:38:07.462,1,GPU-713d5b24-2a1e-fd4a-7685-c3d195ff9230,84.05,1410,1593,0,0,73511,37
2026/07/24 16:38:07.699,2026/07/24 16:38:07.686,2026/07/24 16:38:07.712,0,GPU-e2681f6e-8d94-2d66-484f-43ea602335f9,94.71,1410,1593,0,0,73511,50
2026/07/24 16:38:07.699,2026/07/24 16:38:07.686,2026/07/24 16:38:07.712,1,GPU-713d5b24-2a1e-fd4a-7685-c3d195ff9230,84.05,1410,1593,0,0,73511,37
2026/07/24 16:38:07.954,2026/07/24 16:38:07.936,2026/07/24 16:38:07.972,0,GPU-e2681f6e-8d94-2d66-484f-43ea602335f9,94.71,1410,1593,0,0,73511,50
2026/07/24 16:38:07.954,2026/07/24 16:38:07.936,2026/07/24 16:38:07.972,1,GPU-713d5b24-2a1e-fd4a-7685-c3d195ff9230,84.05,1410,1593,0,0,73511,37
2026/07/24 16:38:08.201,2026/07/24 16:38:08.186,2026/07/24 16:38:08.216,0,GPU-e2681f6e-8d94-2d66-484f-43ea602335f9,94.71,1410,1593,0,0,73511,50
2026/07/24 16:38:08.201,2026/07/24 16:38:08.186,2026/07/24 16:38:08.216,1,GPU-713d5b24-2a1e-fd4a-7685-c3d195ff9230,84.05,1410,1593,0,0,73511,37
2026/07/24 16:38:08.449,2026/07/24 16:38:08.436,2026/07/24 16:38:08.461,0,GPU-e2681f6e-8d94-2d66-484f-43ea602335f9,94.38,1410,1593,0,0,73511,50
2026/07/24 16:38:08.449,2026/07/24 16:38:08.436,2026/07/24 16:38:08.461,1,GPU-713d5b24-2a1e-fd4a-7685-c3d195ff9230,84.05,1410,1593,0,0,73511,37
2026/07/24 16:38:08.699,2026/07/24 16:38:08.686,2026/07/24 16:38:08.712,0,GPU-e2681f6e-8d94-2d66-484f-43ea602335f9,94.38,1410,1593,0,0,73511,49
2026/07/24 16:38:08.699,2026/07/24 16:38:08.686,2026/07/24 16:38:08.712,1,GPU-713d5b24-2a1e-fd4a-7685-c3d195ff9230,84.05,1410,1593,0,0,73511,37
2026/07/24 16:38:08.951,2026/07/24 16:38:08.936,2026/07/24 16:38:08.967,0,GPU-e2681f6e-8d94-2d66-484f-43ea602335f9,401.71,1410,1593,40,8,73511,59
2026/07/24 16:38:08.951,2026/07/24 16:38:08.936,2026/07/24 16:38:08.967,1,GPU-713d5b24-2a1e-fd4a-7685-c3d195ff9230,84.05,1410,1593,0,0,73511,37
2026/07/24 16:38:09.203,2026/07/24 16:38:09.186,2026/07/24 16:38:09.220,0,GPU-e2681f6e-8d94-2d66-484f-43ea602335f9,389.64,1410,1593,100,17,73511,63
2026/07/24 16:38:09.203,2026/07/24 16:38:09.186,2026/07/24 16:38:09.220,1,GPU-713d5b24-2a1e-fd4a-7685-c3d195ff9230,84.05,1410,1593,0,0,73511,37
2026/07/24 16:38:09.474,2026/07/24 16:38:09.436,2026/07/24 16:38:09.513,0,GPU-e2681f6e-8d94-2d66-484f-43ea602335f9,99.20,1410,1593,93,14,73511,56
2026/07/24 16:38:09.474,2026/07/24 16:38:09.436,2026/07/24 16:38:09.513,1,GPU-713d5b24-2a1e-fd4a-7685-c3d195ff9230,233.22,1410,1593,64,25,73511,41
2026/07/24 16:38:09.702,2026/07/24 16:38:09.686,2026/07/24 16:38:09.717,0,GPU-e2681f6e-8d94-2d66-484f-43ea602335f9,392.94,1410,1593,100,18,73511,64
2026/07/24 16:38:09.702,2026/07/24 16:38:09.686,2026/07/24 16:38:09.717,1,GPU-713d5b24-2a1e-fd4a-7685-c3d195ff9230,244.37,1410,1593,100,53,73511,42
2026/07/24 16:38:09.952,2026/07/24 16:38:09.936,2026/07/24 16:38:09.967,0,GPU-e2681f6e-8d94-2d66-484f-43ea602335f9,390.56,1410,1593,100,15,73511,66
2026/07/24 16:38:09.952,2026/07/24 16:38:09.936,2026/07/24 16:38:09.967,1,GPU-713d5b24-2a1e-fd4a-7685-c3d195ff9230,84.38,1410,1593,18,10,73511,38
2026/07/24 16:38:10.200,2026/07/24 16:38:10.187,2026/07/24 16:38:10.214,0,GPU-e2681f6e-8d94-2d66-484f-43ea602335f9,401.11,1410,1593,100,13,73511,67
2026/07/24 16:38:10.200,2026/07/24 16:38:10.187,2026/07/24 16:38:10.214,1,GPU-713d5b24-2a1e-fd4a-7685-c3d195ff9230,84.38,1410,1593,0,0,73511,37
2026/07/24 16:38:10.450,2026/07/24 16:38:10.437,2026/07/24 16:38:10.464,0,GPU-e2681f6e-8d94-2d66-484f-43ea602335f9,403.22,1410,1593,100,16,73511,68
2026/07/24 16:38:10.450,2026/07/24 16:38:10.437,2026/07/24 16:38:10.464,1,GPU-713d5b24-2a1e-fd4a-7685-c3d195ff9230,242.58,1410,1593,6,0,73511,41
2026/07/24 16:38:10.702,2026/07/24 16:38:10.687,2026/07/24 16:38:10.717,0,GPU-e2681f6e-8d94-2d66-484f-43ea602335f9,101.64,1410,1593,44,6,73511,58
2026/07/24 16:38:10.702,2026/07/24 16:38:10.687,2026/07/24 16:38:10.717,1,GPU-713d5b24-2a1e-fd4a-7685-c3d195ff9230,241.07,1410,1593,92,40,73511,42
2026/07/24 16:38:10.953,2026/07/24 16:38:10.937,2026/07/24 16:38:10.969,0,GPU-e2681f6e-8d94-2d66-484f-43ea602335f9,98.44,1410,1593,0,0,73511,54
2026/07/24 16:38:10.953,2026/07/24 16:38:10.937,2026/07/24 16:38:10.969,1,GPU-713d5b24-2a1e-fd4a-7685-c3d195ff9230,245.29,1410,1593,100,53,73511,42
2026/07/24 16:38:11.202,2026/07/24 16:38:11.187,2026/07/24 16:38:11.217,0,GPU-e2681f6e-8d94-2d66-484f-43ea602335f9,397.16,1410,1593,0,0,73511,55
2026/07/24 16:38:11.202,2026/07/24 16:38:11.187,2026/07/24 16:38:11.217,1,GPU-713d5b24-2a1e-fd4a-7685-c3d195ff9230,84.65,1410,1593,38,20,73511,39
2026/07/24 16:38:11.458,2026/07/24 16:38:11.437,2026/07/24 16:38:11.479,0,GPU-e2681f6e-8d94-2d66-484f-43ea602335f9,401.71,1410,1593,76,15,73511,65
2026/07/24 16:38:11.458,2026/07/24 16:38:11.437,2026/07/24 16:38:11.479,1,GPU-713d5b24-2a1e-fd4a-7685-c3d195ff9230,84.38,1410,1593,0,0,73511,38
2026/07/24 16:38:11.701,2026/07/24 16:38:11.687,2026/07/24 16:38:11.714,0,GPU-e2681f6e-8d94-2d66-484f-43ea602335f9,391.75,1410,1593,100,12,73511,67
2026/07/24 16:38:11.701,2026/07/24 16:38:11.687,2026/07/24 16:38:11.714,1,GPU-713d5b24-2a1e-fd4a-7685-c3d195ff9230,84.38,1410,1593,0,0,73511,38
2026/07/24 16:38:11.952,2026/07/24 16:38:11.937,2026/07/24 16:38:11.966,0,GPU-e2681f6e-8d94-2d66-484f-43ea602335f9,397.16,1410,1593,100,16,73511,68
2026/07/24 16:38:11.952,2026/07/24 16:38:11.937,2026/07/24 16:38:11.966,1,GPU-713d5b24-2a1e-fd4a-7685-c3d195ff9230,84.38,1410,1593,0,0,73511,38
2026/07/24 16:38:12.203,2026/07/24 16:38:12.187,2026/07/24 16:38:12.219,0,GPU-e2681f6e-8d94-2d66-484f-43ea602335f9,404.41,1410,1593,100,16,73511,69
2026/07/24 16:38:12.203,2026/07/24 16:38:12.187,2026/07/24 16:38:12.219,1,GPU-713d5b24-2a1e-fd4a-7685-c3d195ff9230,239.87,1410,1593,72,26,73511,42
2026/07/24 16:38:12.451,2026/07/24 16:38:12.437,2026/07/24 16:38:12.465,0,GPU-e2681f6e-8d94-2d66-484f-43ea602335f9,410.15,1410,1593,100,15,73511,70
2026/07/24 16:38:12.451,2026/07/24 16:38:12.437,2026/07/24 16:38:12.465,1,GPU-713d5b24-2a1e-fd4a-7685-c3d195ff9230,84.65,1410,1593,77,40,73511,38
2026/07/24 16:38:12.701,2026/07/24 16:38:12.687,2026/07/24 16:38:12.715,0,GPU-e2681f6e-8d94-2d66-484f-43ea602335f9,410.42,1410,1593,100,17,73511,70
2026/07/24 16:38:12.701,2026/07/24 16:38:12.687,2026/07/24 16:38:12.715,1,GPU-713d5b24-2a1e-fd4a-7685-c3d195ff9230,245.29,1410,1593,97,48,73511,42
2026/07/24 16:38:12.951,2026/07/24 16:38:12.937,2026/07/24 16:38:12.965,0,GPU-e2681f6e-8d94-2d66-484f-43ea602335f9,397.16,1410,1593,100,15,73511,70
2026/07/24 16:38:12.951,2026/07/24 16:38:12.937,2026/07/24 16:38:12.965,1,GPU-713d5b24-2a1e-fd4a-7685-c3d195ff9230,84.97,1410,1593,49,26,73511,39
2026/07/24 16:38:13.201,2026/07/24 16:38:13.187,2026/07/24 16:38:13.214,0,GPU-e2681f6e-8d94-2d66-484f-43ea602335f9,102.83,1410,1593,27,3,73511,57
2026/07/24 16:38:13.201,2026/07/24 16:38:13.187,2026/07/24 16:38:13.214,1,GPU-713d5b24-2a1e-fd4a-7685-c3d195ff9230,243.18,1410,1593,25,2,73511,42
2026/07/24 16:38:13.483,2026/07/24 16:38:13.438,2026/07/24 16:38:13.528,0,GPU-e2681f6e-8d94-2d66-484f-43ea602335f9,98.93,1410,1593,0,0,73511,54
2026/07/24 16:38:13.483,2026/07/24 16:38:13.438,2026/07/24 16:38:13.528,1,GPU-713d5b24-2a1e-fd4a-7685-c3d195ff9230,243.18,1410,1593,73,38,73511,40
2026/07/24 16:38:13.702,2026/07/24 16:38:13.688,2026/07/24 16:38:13.717,0,GPU-e2681f6e-8d94-2d66-484f-43ea602335f9,101.15,1410,1593,0,0,73511,53
2026/07/24 16:38:13.702,2026/07/24 16:38:13.688,2026/07/24 16:38:13.717,1,GPU-713d5b24-2a1e-fd4a-7685-c3d195ff9230,88.36,1410,1593,0,0,73511,39
2026/07/24 16:38:13.952,2026/07/24 16:38:13.938,2026/07/24 16:38:13.965,0,GPU-e2681f6e-8d94-2d66-484f-43ea602335f9,95.90,1410,1593,0,0,73511,52
2026/07/24 16:38:13.952,2026/07/24 16:38:13.938,2026/07/24 16:38:13.965,1,GPU-713d5b24-2a1e-fd4a-7685-c3d195ff9230,84.65,1410,1593,0,0,73511,38
2026/07/24 16:38:14.202,2026/07/24 16:38:14.188,2026/07/24 16:38:14.216,0,GPU-e2681f6e-8d94-2d66-484f-43ea602335f9,95.63,1410,1593,0,0,73511,51
2026/07/24 16:38:14.202,2026/07/24 16:38:14.188,2026/07/24 16:38:14.216,1,GPU-713d5b24-2a1e-fd4a-7685-c3d195ff9230,84.38,1410,1593,0,0,73511,38
2026/07/24 16:38:14.452,2026/07/24 16:38:14.438,2026/07/24 16:38:14.466,0,GPU-e2681f6e-8d94-2d66-484f-43ea602335f9,95.30,1410,1593,0,0,73511,51
2026/07/24 16:38:14.452,2026/07/24 16:38:14.438,2026/07/24 16:38:14.466,1,GPU-713d5b24-2a1e-fd4a-7685-c3d195ff9230,84.65,1410,1593,0,0,73511,37
2026/07/24 16:38:14.703,2026/07/24 16:38:14.688,2026/07/24 16:38:14.719,0,GPU-e2681f6e-8d94-2d66-484f-43ea602335f9,95.30,1410,1593,0,0,73511,51
2026/07/24 16:38:14.703,2026/07/24 16:38:14.688,2026/07/24 16:38:14.719,1,GPU-713d5b24-2a1e-fd4a-7685-c3d195ff9230,84.14,1410,1593,0,0,73511,37
2026/07/24 16:38:14.954,2026/07/24 16:38:14.938,2026/07/24 16:38:14.971,0,GPU-e2681f6e-8d94-2d66-484f-43ea602335f9,95.07,1410,1593,0,0,73511,50
2026/07/24 16:38:14.954,2026/07/24 16:38:14.938,2026/07/24 16:38:14.971,1,GPU-713d5b24-2a1e-fd4a-7685-c3d195ff9230,84.14,1410,1593,0,0,73511,37
2026/07/24 16:38:15.202,2026/07/24 16:38:15.188,2026/07/24 16:38:15.216,0,GPU-e2681f6e-8d94-2d66-484f-43ea602335f9,94.71,1410,1593,0,0,73511,50
2026/07/24 16:38:15.202,2026/07/24 16:38:15.188,2026/07/24 16:38:15.216,1,GPU-713d5b24-2a1e-fd4a-7685-c3d195ff9230,84.05,1410,1593,0,0,73511,37
2026/07/24 16:38:15.452,2026/07/24 16:38:15.438,2026/07/24 16:38:15.466,0,GPU-e2681f6e-8d94-2d66-484f-43ea602335f9,94.71,1410,1593,0,0,73511,50
2026/07/24 16:38:15.452,2026/07/24 16:38:15.438,2026/07/24 16:38:15.466,1,GPU-713d5b24-2a1e-fd4a-7685-c3d195ff9230,84.05,1410,1593,0,0,73511,37
2026/07/24 16:38:15.703,2026/07/24 16:38:15.688,2026/07/24 16:38:15.718,0,GPU-e2681f6e-8d94-2d66-484f-43ea602335f9,94.38,1410,1593,11,2,73511,50
2026/07/24 16:38:15.703,2026/07/24 16:38:15.688,2026/07/24 16:38:15.718,1,GPU-713d5b24-2a1e-fd4a-7685-c3d195ff9230,84.05,1410,1593,0,0,73511,37
2026/07/24 16:38:15.956,2026/07/24 16:38:15.938,2026/07/24 16:38:15.974,0,GPU-e2681f6e-8d94-2d66-484f-43ea602335f9,395.97,1410,1593,100,18,73511,61
2026/07/24 16:38:15.956,2026/07/24 16:38:15.938,2026/07/24 16:38:15.974,1,GPU-713d5b24-2a1e-fd4a-7685-c3d195ff9230,83.73,1410,1593,0,0,73511,37
2026/07/24 16:38:16.204,2026/07/24 16:38:16.188,2026/07/24 16:38:16.219,0,GPU-e2681f6e-8d94-2d66-484f-43ea602335f9,238.28,1410,1593,100,16,73511,64
2026/07/24 16:38:16.204,2026/07/24 16:38:16.188,2026/07/24 16:38:16.219,1,GPU-713d5b24-2a1e-fd4a-7685-c3d195ff9230,175.96,1410,1593,0,0,73511,37
2026/07/24 16:38:16.452,2026/07/24 16:38:16.439,2026/07/24 16:38:16.465,0,GPU-e2681f6e-8d94-2d66-484f-43ea602335f9,404.41,1410,1593,77,15,73511,66
2026/07/24 16:38:16.452,2026/07/24 16:38:16.439,2026/07/24 16:38:16.465,1,GPU-713d5b24-2a1e-fd4a-7685-c3d195ff9230,244.69,1410,1593,49,18,73511,42
2026/07/24 16:38:16.704,2026/07/24 16:38:16.689,2026/07/24 16:38:16.720,0,GPU-e2681f6e-8d94-2d66-484f-43ea602335f9,394.78,1410,1593,100,15,73511,67
2026/07/24 16:38:16.704,2026/07/24 16:38:16.689,2026/07/24 16:38:16.720,1,GPU-713d5b24-2a1e-fd4a-7685-c3d195ff9230,84.97,1410,1593,33,18,73511,39
2026/07/24 16:38:16.971,2026/07/24 16:38:16.939,2026/07/24 16:38:17.003,0,GPU-e2681f6e-8d94-2d66-484f-43ea602335f9,362.25,1410,1593,55,8,73511,59
2026/07/24 16:38:16.971,2026/07/24 16:38:16.939,2026/07/24 16:38:17.003,1,GPU-713d5b24-2a1e-fd4a-7685-c3d195ff9230,98.24,1410,1593,0,0,73511,39
2026/07/24 16:38:17.204,2026/07/24 16:38:17.189,2026/07/24 16:38:17.220,0,GPU-e2681f6e-8d94-2d66-484f-43ea602335f9,408.63,1410,1593,100,18,73511,66
2026/07/24 16:38:17.204,2026/07/24 16:38:17.189,2026/07/24 16:38:17.220,1,GPU-713d5b24-2a1e-fd4a-7685-c3d195ff9230,243.50,1410,1593,90,35,73511,42
2026/07/24 16:38:17.455,2026/07/24 16:38:17.439,2026/07/24 16:38:17.470,0,GPU-e2681f6e-8d94-2d66-484f-43ea602335f9,398.41,1410,1593,100,15,73511,68
2026/07/24 16:38:17.455,2026/07/24 16:38:17.439,2026/07/24 16:38:17.470,1,GPU-713d5b24-2a1e-fd4a-7685-c3d195ff9230,85.57,1410,1593,28,14,73511,39
2026/07/24 16:38:17.705,2026/07/24 16:38:17.689,2026/07/24 16:38:17.722,0,GPU-e2681f6e-8d94-2d66-484f-43ea602335f9,411.07,1410,1593,100,13,73511,69
2026/07/24 16:38:17.705,2026/07/24 16:38:17.689,2026/07/24 16:38:17.722,1,GPU-713d5b24-2a1e-fd4a-7685-c3d195ff9230,84.65,1410,1593,0,0,73511,38
2026/07/24 16:38:17.955,2026/07/24 16:38:17.939,2026/07/24 16:38:17.971,0,GPU-e2681f6e-8d94-2d66-484f-43ea602335f9,414.97,1410,1593,100,16,73511,69
2026/07/24 16:38:17.955,2026/07/24 16:38:17.939,2026/07/24 16:38:17.971,1,GPU-713d5b24-2a1e-fd4a-7685-c3d195ff9230,245.88,1410,1593,85,33,73511,42
2026/07/24 16:38:18.203,2026/07/24 16:38:18.189,2026/07/24 16:38:18.216,0,GPU-e2681f6e-8d94-2d66-484f-43ea602335f9,397.16,1410,1593,100,13,73511,70
2026/07/24 16:38:18.203,2026/07/24 16:38:18.189,2026/07/24 16:38:18.216,1,GPU-713d5b24-2a1e-fd4a-7685-c3d195ff9230,85.25,1410,1593,73,38,73511,39
2026/07/24 16:38:18.454,2026/07/24 16:38:18.439,2026/07/24 16:38:18.468,0,GPU-e2681f6e-8d94-2d66-484f-43ea602335f9,103.43,1410,1593,41,5,73511,57
2026/07/24 16:38:18.454,2026/07/24 16:38:18.439,2026/07/24 16:38:18.468,1,GPU-713d5b24-2a1e-fd4a-7685-c3d195ff9230,244.10,1410,1593,0,0,73511,41
2026/07/24 16:38:18.705,2026/07/24 16:38:18.689,2026/07/24 16:38:18.721,0,GPU-e2681f6e-8d94-2d66-484f-43ea602335f9,98.34,1410,1593,0,0,73511,54
2026/07/24 16:38:18.705,2026/07/24 16:38:18.689,2026/07/24 16:38:18.721,1,GPU-713d5b24-2a1e-fd4a-7685-c3d195ff9230,245.88,1410,1593,100,52,73511,43
2026/07/24 16:38:18.972,2026/07/24 16:38:18.939,2026/07/24 16:38:19.005,0,GPU-e2681f6e-8d94-2d66-484f-43ea602335f9,396.29,1410,1593,8,2,73511,63
2026/07/24 16:38:18.972,2026/07/24 16:38:18.939,2026/07/24 16:38:19.005,1,GPU-713d5b24-2a1e-fd4a-7685-c3d195ff9230,85.25,1410,1593,26,13,73511,39
2026/07/24 16:38:19.204,2026/07/24 16:38:19.190,2026/07/24 16:38:19.218,0,GPU-e2681f6e-8d94-2d66-484f-43ea602335f9,397.99,1410,1593,100,14,73511,67
2026/07/24 16:38:19.204,2026/07/24 16:38:19.190,2026/07/24 16:38:19.218,1,GPU-713d5b24-2a1e-fd4a-7685-c3d195ff9230,84.65,1410,1593,0,0,73511,38
2026/07/24 16:38:19.457,2026/07/24 16:38:19.440,2026/07/24 16:38:19.475,0,GPU-e2681f6e-8d94-2d66-484f-43ea602335f9,408.96,1410,1593,100,13,73511,69
2026/07/24 16:38:19.457,2026/07/24 16:38:19.440,2026/07/24 16:38:19.475,1,GPU-713d5b24-2a1e-fd4a-7685-c3d195ff9230,84.65,1410,1593,0,0,73511,38
2026/07/24 16:38:19.706,2026/07/24 16:38:19.690,2026/07/24 16:38:19.722,0,GPU-e2681f6e-8d94-2d66-484f-43ea602335f9,405.93,1410,1593,100,17,73511,70
2026/07/24 16:38:19.706,2026/07/24 16:38:19.690,2026/07/24 16:38:19.722,1,GPU-713d5b24-2a1e-fd4a-7685-c3d195ff9230,237.17,1410,1593,94,38,73511,41
2026/07/24 16:38:19.958,2026/07/24 16:38:19.940,2026/07/24 16:38:19.977,0,GPU-e2681f6e-8d94-2d66-484f-43ea602335f9,414.97,1410,1593,100,17,73511,70
2026/07/24 16:38:19.958,2026/07/24 16:38:19.940,2026/07/24 16:38:19.977,1,GPU-713d5b24-2a1e-fd4a-7685-c3d195ff9230,236.84,1410,1593,85,43,73511,41
2026/07/24 16:38:20.204,2026/07/24 16:38:20.190,2026/07/24 16:38:20.219,0,GPU-e2681f6e-8d94-2d66-484f-43ea602335f9,414.05,1410,1593,100,15,73511,70
2026/07/24 16:38:20.204,2026/07/24 16:38:20.190,2026/07/24 16:38:20.219,1,GPU-713d5b24-2a1e-fd4a-7685-c3d195ff9230,232.95,1410,1593,98,44,73511,43
2026/07/24 16:38:20.454,2026/07/24 16:38:20.440,2026/07/24 16:38:20.468,0,GPU-e2681f6e-8d94-2d66-484f-43ea602335f9,408.96,1410,1593,100,13,73511,70
2026/07/24 16:38:20.454,2026/07/24 16:38:20.440,2026/07/24 16:38:20.468,1,GPU-713d5b24-2a1e-fd4a-7685-c3d195ff9230,85.25,1410,1593,71,38,73511,39
2026/07/24 16:38:20.704,2026/07/24 16:38:20.690,2026/07/24 16:38:20.718,0,GPU-e2681f6e-8d94-2d66-484f-43ea602335f9,430.01,1410,1593,100,14,73511,71
2026/07/24 16:38:20.704,2026/07/24 16:38:20.690,2026/07/24 16:38:20.718,1,GPU-713d5b24-2a1e-fd4a-7685-c3d195ff9230,241.07,1410,1593,0,0,73511,39
2026/07/24 16:38:20.956,2026/07/24 16:38:20.940,2026/07/24 16:38:20.973,0,GPU-e2681f6e-8d94-2d66-484f-43ea602335f9,401.11,1410,1593,100,17,73511,71
2026/07/24 16:38:20.956,2026/07/24 16:38:20.940,2026/07/24 16:38:20.973,1,GPU-713d5b24-2a1e-fd4a-7685-c3d195ff9230,240.15,1410,1593,100,52,73511,43
2026/07/24 16:38:21.206,2026/07/24 16:38:21.190,2026/07/24 16:38:21.222,0,GPU-e2681f6e-8d94-2d66-484f-43ea602335f9,411.94,1410,1593,100,12,73511,71
2026/07/24 16:38:21.206,2026/07/24 16:38:21.190,2026/07/24 16:38:21.222,1,GPU-713d5b24-2a1e-fd4a-7685-c3d195ff9230,85.25,1410,1593,43,23,73511,39
2026/07/24 16:38:21.457,2026/07/24 16:38:21.440,2026/07/24 16:38:21.473,0,GPU-e2681f6e-8d94-2d66-484f-43ea602335f9,418.60,1410,1593,100,19,73511,71
2026/07/24 16:38:21.457,2026/07/24 16:38:21.440,2026/07/24 16:38:21.473,1,GPU-713d5b24-2a1e-fd4a-7685-c3d195ff9230,239.55,1410,1593,30,4,73511,43
2026/07/24 16:38:21.706,2026/07/24 16:38:21.690,2026/07/24 16:38:21.722,0,GPU-e2681f6e-8d94-2d66-484f-43ea602335f9,410.15,1410,1593,100,15,73511,71
2026/07/24 16:38:21.706,2026/07/24 16:38:21.690,2026/07/24 16:38:21.722,1,GPU-713d5b24-2a1e-fd4a-7685-c3d195ff9230,238.04,1410,1593,100,52,73511,41
2026/07/24 16:38:21.955,2026/07/24 16:38:21.940,2026/07/24 16:38:21.970,0,GPU-e2681f6e-8d94-2d66-484f-43ea602335f9,417.67,1410,1593,100,16,73511,72
2026/07/24 16:38:21.955,2026/07/24 16:38:21.940,2026/07/24 16:38:21.970,1,GPU-713d5b24-2a1e-fd4a-7685-c3d195ff9230,244.69,1410,1593,71,27,73511,43
2026/07/24 16:38:22.206,2026/07/24 16:38:22.191,2026/07/24 16:38:22.221,0,GPU-e2681f6e-8d94-2d66-484f-43ea602335f9,418.86,1410,1593,100,16,73511,72
2026/07/24 16:38:22.206,2026/07/24 16:38:22.191,2026/07/24 16:38:22.221,1,GPU-713d5b24-2a1e-fd4a-7685-c3d195ff9230,85.84,1410,1593,78,41,73511,40
2026/07/24 16:38:22.456,2026/07/24 16:38:22.441,2026/07/24 16:38:22.472,0,GPU-e2681f6e-8d94-2d66-484f-43ea602335f9,412.53,1410,1593,100,17,73511,72
2026/07/24 16:38:22.456,2026/07/24 16:38:22.441,2026/07/24 16:38:22.472,1,GPU-713d5b24-2a1e-fd4a-7685-c3d195ff9230,244.96,1410,1593,11,0,73511,42
2026/07/24 16:38:22.706,2026/07/24 16:38:22.691,2026/07/24 16:38:22.721,0,GPU-e2681f6e-8d94-2d66-484f-43ea602335f9,398.08,1410,1593,100,14,73511,72
2026/07/24 16:38:22.706,2026/07/24 16:38:22.691,2026/07/24 16:38:22.721,1,GPU-713d5b24-2a1e-fd4a-7685-c3d195ff9230,135.31,1410,1593,64,34,73511,41
2026/07/24 16:38:22.957,2026/07/24 16:38:22.941,2026/07/24 16:38:22.974,0,GPU-e2681f6e-8d94-2d66-484f-43ea602335f9,104.35,1410,1593,73,11,73511,60
2026/07/24 16:38:22.957,2026/07/24 16:38:22.941,2026/07/24 16:38:22.974,1,GPU-713d5b24-2a1e-fd4a-7685-c3d195ff9230,244.37,1410,1593,63,23,73511,43
2026/07/24 16:38:23.207,2026/07/24 16:38:23.191,2026/07/24 16:38:23.223,0,GPU-e2681f6e-8d94-2d66-484f-43ea602335f9,387.53,1410,1593,59,12,73511,67
2026/07/24 16:38:23.207,2026/07/24 16:38:23.191,2026/07/24 16:38:23.223,1,GPU-713d5b24-2a1e-fd4a-7685-c3d195ff9230,241.40,1410,1593,100,52,73511,44
2026/07/24 16:38:23.456,2026/07/24 16:38:23.441,2026/07/24 16:38:23.471,0,GPU-e2681f6e-8d94-2d66-484f-43ea602335f9,399.27,1410,1593,100,15,73511,69
2026/07/24 16:38:23.456,2026/07/24 16:38:23.441,2026/07/24 16:38:23.471,1,GPU-713d5b24-2a1e-fd4a-7685-c3d195ff9230,85.57,1410,1593,49,26,73511,40
2026/07/24 16:38:23.718,2026/07/24 16:38:23.691,2026/07/24 16:38:23.746,0,GPU-e2681f6e-8d94-2d66-484f-43ea602335f9,399.27,1410,1593,100,13,73511,70
2026/07/24 16:38:23.718,2026/07/24 16:38:23.691,2026/07/24 16:38:23.746,1,GPU-713d5b24-2a1e-fd4a-7685-c3d195ff9230,90.07,1410,1593,0,0,73511,39
2026/07/24 16:38:23.984,2026/07/24 16:38:23.941,2026/07/24 16:38:24.027,0,GPU-e2681f6e-8d94-2d66-484f-43ea602335f9,105.38,1410,1593,92,11,73511,59
2026/07/24 16:38:23.984,2026/07/24 16:38:23.941,2026/07/24 16:38:24.027,1,GPU-713d5b24-2a1e-fd4a-7685-c3d195ff9230,241.99,1410,1593,38,8,73511,39
2026/07/24 16:38:24.208,2026/07/24 16:38:24.191,2026/07/24 16:38:24.225,0,GPU-e2681f6e-8d94-2d66-484f-43ea602335f9,100.82,1410,1593,0,0,73511,56
2026/07/24 16:38:24.208,2026/07/24 16:38:24.191,2026/07/24 16:38:24.225,1,GPU-713d5b24-2a1e-fd4a-7685-c3d195ff9230,178.98,1410,1593,100,52,73511,41
2026/07/24 16:38:24.456,2026/07/24 16:38:24.441,2026/07/24 16:38:24.471,0,GPU-e2681f6e-8d94-2d66-484f-43ea602335f9,98.93,1410,1593,0,0,73511,55
2026/07/24 16:38:24.456,2026/07/24 16:38:24.441,2026/07/24 16:38:24.471,1,GPU-713d5b24-2a1e-fd4a-7685-c3d195ff9230,85.06,1410,1593,19,10,73511,39
2026/07/24 16:38:24.705,2026/07/24 16:38:24.691,2026/07/24 16:38:24.719,0,GPU-e2681f6e-8d94-2d66-484f-43ea602335f9,98.01,1410,1593,0,0,73511,53
2026/07/24 16:38:24.705,2026/07/24 16:38:24.691,2026/07/24 16:38:24.719,1,GPU-713d5b24-2a1e-fd4a-7685-c3d195ff9230,84.97,1410,1593,0,0,73511,38
2026/07/24 16:38:24.955,2026/07/24 16:38:24.942,2026/07/24 16:38:24.969,0,GPU-e2681f6e-8d94-2d66-484f-43ea602335f9,97.42,1410,1593,0,0,73511,53
2026/07/24 16:38:24.955,2026/07/24 16:38:24.942,2026/07/24 16:38:24.969,1,GPU-713d5b24-2a1e-fd4a-7685-c3d195ff9230,84.65,1410,1593,0,0,73511,38
2026/07/24 16:38:25.206,2026/07/24 16:38:25.192,2026/07/24 16:38:25.220,0,GPU-e2681f6e-8d94-2d66-484f-43ea602335f9,96.82,1410,1593,0,0,73511,52
2026/07/24 16:38:25.206,2026/07/24 16:38:25.192,2026/07/24 16:38:25.220,1,GPU-713d5b24-2a1e-fd4a-7685-c3d195ff9230,84.65,1410,1593,0,0,73511,38
2026/07/24 16:38:25.457,2026/07/24 16:38:25.442,2026/07/24 16:38:25.471,0,GPU-e2681f6e-8d94-2d66-484f-43ea602335f9,96.49,1410,1593,7,1,73511,57
2026/07/24 16:38:25.457,2026/07/24 16:38:25.442,2026/07/24 16:38:25.471,1,GPU-713d5b24-2a1e-fd4a-7685-c3d195ff9230,84.38,1410,1593,0,0,73511,38
2026/07/24 16:38:25.707,2026/07/24 16:38:25.692,2026/07/24 16:38:25.722,0,GPU-e2681f6e-8d94-2d66-484f-43ea602335f9,404.73,1410,1593,100,18,73511,64
2026/07/24 16:38:25.707,2026/07/24 16:38:25.692,2026/07/24 16:38:25.722,1,GPU-713d5b24-2a1e-fd4a-7685-c3d195ff9230,84.38,1410,1593,0,0,73511,37
2026/07/24 16:38:25.956,2026/07/24 16:38:25.942,2026/07/24 16:38:25.971,0,GPU-e2681f6e-8d94-2d66-484f-43ea602335f9,383.03,1410,1593,100,14,73511,61
2026/07/24 16:38:25.956,2026/07/24 16:38:25.942,2026/07/24 16:38:25.971,1,GPU-713d5b24-2a1e-fd4a-7685-c3d195ff9230,84.38,1410,1593,0,0,73511,37
2026/07/24 16:38:26.227,2026/07/24 16:38:26.192,2026/07/24 16:38:26.263,0,GPU-e2681f6e-8d94-2d66-484f-43ea602335f9,99.86,1410,1593,48,6,73511,55
2026/07/24 16:38:26.227,2026/07/24 16:38:26.192,2026/07/24 16:38:26.263,1,GPU-713d5b24-2a1e-fd4a-7685-c3d195ff9230,242.26,1410,1593,83,34,73511,41
2026/07/24 16:38:26.456,2026/07/24 16:38:26.442,2026/07/24 16:38:26.471,0,GPU-e2681f6e-8d94-2d66-484f-43ea602335f9,98.34,1410,1593,0,0,73511,53
2026/07/24 16:38:26.456,2026/07/24 16:38:26.442,2026/07/24 16:38:26.471,1,GPU-713d5b24-2a1e-fd4a-7685-c3d195ff9230,85.25,1410,1593,63,33,73511,39
2026/07/24 16:38:26.707,2026/07/24 16:38:26.692,2026/07/24 16:38:26.722,0,GPU-e2681f6e-8d94-2d66-484f-43ea602335f9,96.82,1410,1593,0,0,73511,52
2026/07/24 16:38:26.707,2026/07/24 16:38:26.692,2026/07/24 16:38:26.722,1,GPU-713d5b24-2a1e-fd4a-7685-c3d195ff9230,84.65,1410,1593,0,0,73511,38
2026/07/24 16:38:26.956,2026/07/24 16:38:26.942,2026/07/24 16:38:26.970,0,GPU-e2681f6e-8d94-2d66-484f-43ea602335f9,96.49,1410,1593,0,0,73511,52
2026/07/24 16:38:26.956,2026/07/24 16:38:26.942,2026/07/24 16:38:26.970,1,GPU-713d5b24-2a1e-fd4a-7685-c3d195ff9230,84.38,1410,1593,0,0,73511,37
2026/07/24 16:38:27.206,2026/07/24 16:38:27.192,2026/07/24 16:38:27.219,0,GPU-e2681f6e-8d94-2d66-484f-43ea602335f9,95.63,1410,1593,0,0,73511,51
2026/07/24 16:38:27.206,2026/07/24 16:38:27.192,2026/07/24 16:38:27.219,1,GPU-713d5b24-2a1e-fd4a-7685-c3d195ff9230,84.38,1410,1593,0,0,73511,37
2026/07/24 16:38:27.457,2026/07/24 16:38:27.442,2026/07/24 16:38:27.472,0,GPU-e2681f6e-8d94-2d66-484f-43ea602335f9,95.30,1410,1593,0,0,73511,51
2026/07/24 16:38:27.457,2026/07/24 16:38:27.442,2026/07/24 16:38:27.472,1,GPU-713d5b24-2a1e-fd4a-7685-c3d195ff9230,84.38,1410,1593,0,0,73511,37
2026/07/24 16:38:27.709,2026/07/24 16:38:27.693,2026/07/24 16:38:27.725,0,GPU-e2681f6e-8d94-2d66-484f-43ea602335f9,94.98,1410,1593,0,0,73511,51
2026/07/24 16:38:27.709,2026/07/24 16:38:27.693,2026/07/24 16:38:27.725,1,GPU-713d5b24-2a1e-fd4a-7685-c3d195ff9230,84.38,1410,1593,0,0,73511,37
2026/07/24 16:38:27.962,2026/07/24 16:38:27.948,2026/07/24 16:38:27.976,0,GPU-e2681f6e-8d94-2d66-484f-43ea602335f9,94.98,1410,1593,0,0,73511,50
2026/07/24 16:38:27.962,2026/07/24 16:38:27.948,2026/07/24 16:38:27.976,1,GPU-713d5b24-2a1e-fd4a-7685-c3d195ff9230,84.46,1410,1593,0,0,73511,37
2026/07/24 16:38:28.235,2026/07/24 16:38:28.198,2026/07/24 16:38:28.273,0,GPU-e2681f6e-8d94-2d66-484f-43ea602335f9,382.44,1410,1593,11,2,73511,61
2026/07/24 16:38:28.235,2026/07/24 16:38:28.198,2026/07/24 16:38:28.273,1,GPU-713d5b24-2a1e-fd4a-7685-c3d195ff9230,84.05,1410,1593,0,0,73511,37
2026/07/24 16:38:28.463,2026/07/24 16:38:28.448,2026/07/24 16:38:28.478,0,GPU-e2681f6e-8d94-2d66-484f-43ea602335f9,386.34,1410,1593,100,18,73511,65
2026/07/24 16:38:28.463,2026/07/24 16:38:28.448,2026/07/24 16:38:28.478,1,GPU-713d5b24-2a1e-fd4a-7685-c3d195ff9230,84.05,1410,1593,0,0,73511,37
2026/07/24 16:38:28.713,2026/07/24 16:38:28.698,2026/07/24 16:38:28.728,0,GPU-e2681f6e-8d94-2d66-484f-43ea602335f9,418.86,1410,1593,99,15,73511,67
2026/07/24 16:38:28.713,2026/07/24 16:38:28.698,2026/07/24 16:38:28.728,1,GPU-713d5b24-2a1e-fd4a-7685-c3d195ff9230,224.18,1410,1593,0,0,73511,40
2026/07/24 16:38:28.963,2026/07/24 16:38:28.948,2026/07/24 16:38:28.978,0,GPU-e2681f6e-8d94-2d66-484f-43ea602335f9,389.96,1410,1593,100,17,73511,68
2026/07/24 16:38:28.963,2026/07/24 16:38:28.948,2026/07/24 16:38:28.978,1,GPU-713d5b24-2a1e-fd4a-7685-c3d195ff9230,96.12,1410,1593,100,52,73511,42
2026/07/24 16:38:29.214,2026/07/24 16:38:29.198,2026/07/24 16:38:29.229,0,GPU-e2681f6e-8d94-2d66-484f-43ea602335f9,413.78,1410,1593,100,16,73511,69
2026/07/24 16:38:29.214,2026/07/24 16:38:29.198,2026/07/24 16:38:29.229,1,GPU-713d5b24-2a1e-fd4a-7685-c3d195ff9230,242.91,1410,1593,22,3,73511,41
2026/07/24 16:38:29.463,2026/07/24 16:38:29.448,2026/07/24 16:38:29.477,0,GPU-e2681f6e-8d94-2d66-484f-43ea602335f9,424.33,1410,1593,100,16,73511,70
2026/07/24 16:38:29.463,2026/07/24 16:38:29.448,2026/07/24 16:38:29.477,1,GPU-713d5b24-2a1e-fd4a-7685-c3d195ff9230,166.05,1410,1593,98,52,73511,40
2026/07/24 16:38:29.712,2026/07/24 16:38:29.698,2026/07/24 16:38:29.726,0,GPU-e2681f6e-8d94-2d66-484f-43ea602335f9,405.33,1410,1593,100,17,73511,70
2026/07/24 16:38:29.712,2026/07/24 16:38:29.698,2026/07/24 16:38:29.726,1,GPU-713d5b24-2a1e-fd4a-7685-c3d195ff9230,242.26,1410,1593,75,31,73511,43
2026/07/24 16:38:29.964,2026/07/24 16:38:29.948,2026/07/24 16:38:29.980,0,GPU-e2681f6e-8d94-2d66-484f-43ea602335f9,428.82,1410,1593,100,16,73511,67
2026/07/24 16:38:29.964,2026/07/24 16:38:29.948,2026/07/24 16:38:29.980,1,GPU-713d5b24-2a1e-fd4a-7685-c3d195ff9230,100.02,1410,1593,82,35,73511,41
2026/07/24 16:38:30.213,2026/07/24 16:38:30.198,2026/07/24 16:38:30.227,0,GPU-e2681f6e-8d94-2d66-484f-43ea602335f9,405.60,1410,1593,87,16,73511,70
2026/07/24 16:38:30.213,2026/07/24 16:38:30.198,2026/07/24 16:38:30.227,1,GPU-713d5b24-2a1e-fd4a-7685-c3d195ff9230,247.08,1410,1593,100,53,73511,44
2026/07/24 16:38:30.471,2026/07/24 16:38:30.449,2026/07/24 16:38:30.493,0,GPU-e2681f6e-8d94-2d66-484f-43ea602335f9,394.78,1410,1593,100,15,73511,65
2026/07/24 16:38:30.471,2026/07/24 16:38:30.449,2026/07/24 16:38:30.493,1,GPU-713d5b24-2a1e-fd4a-7685-c3d195ff9230,85.66,1410,1593,60,32,73511,40
2026/07/24 16:38:30.712,2026/07/24 16:38:30.699,2026/07/24 16:38:30.725,0,GPU-e2681f6e-8d94-2d66-484f-43ea602335f9,100.12,1410,1593,0,0,73511,57
2026/07/24 16:38:30.712,2026/07/24 16:38:30.699,2026/07/24 16:38:30.725,1,GPU-713d5b24-2a1e-fd4a-7685-c3d195ff9230,246.48,1410,1593,93,49,73511,43
2026/07/24 16:38:30.962,2026/07/24 16:38:30.949,2026/07/24 16:38:30.976,0,GPU-e2681f6e-8d94-2d66-484f-43ea602335f9,98.93,1410,1593,0,0,73511,54
2026/07/24 16:38:30.962,2026/07/24 16:38:30.949,2026/07/24 16:38:30.976,1,GPU-713d5b24-2a1e-fd4a-7685-c3d195ff9230,85.25,1410,1593,0,0,73511,39
2026/07/24 16:38:31.229,2026/07/24 16:38:31.199,2026/07/24 16:38:31.260,0,GPU-e2681f6e-8d94-2d66-484f-43ea602335f9,97.42,1410,1593,0,0,73511,53
2026/07/24 16:38:31.229,2026/07/24 16:38:31.199,2026/07/24 16:38:31.260,1,GPU-713d5b24-2a1e-fd4a-7685-c3d195ff9230,84.97,1410,1593,0,0,73511,38
2026/07/24 16:38:31.467,2026/07/24 16:38:31.449,2026/07/24 16:38:31.486,0,GPU-e2681f6e-8d94-2d66-484f-43ea602335f9,95.90,1410,1593,0,0,73511,52
2026/07/24 16:38:31.467,2026/07/24 16:38:31.449,2026/07/24 16:38:31.486,1,GPU-713d5b24-2a1e-fd4a-7685-c3d195ff9230,84.65,1410,1593,0,0,73511,38
2026/07/24 16:38:31.714,2026/07/24 16:38:31.699,2026/07/24 16:38:31.728,0,GPU-e2681f6e-8d94-2d66-484f-43ea602335f9,96.32,1410,1593,0,0,73511,51
2026/07/24 16:38:31.714,2026/07/24 16:38:31.699,2026/07/24 16:38:31.728,1,GPU-713d5b24-2a1e-fd4a-7685-c3d195ff9230,84.74,1410,1593,0,0,73511,38
2026/07/24 16:38:31.963,2026/07/24 16:38:31.949,2026/07/24 16:38:31.977,0,GPU-e2681f6e-8d94-2d66-484f-43ea602335f9,95.63,1410,1593,0,0,73511,51
2026/07/24 16:38:31.963,2026/07/24 16:38:31.949,2026/07/24 16:38:31.977,1,GPU-713d5b24-2a1e-fd4a-7685-c3d195ff9230,84.38,1410,1593,0,0,73511,37
2026/07/24 16:38:32.212,2026/07/24 16:38:32.199,2026/07/24 16:38:32.226,0,GPU-e2681f6e-8d94-2d66-484f-43ea602335f9,95.30,1410,1593,0,0,73511,51
2026/07/24 16:38:32.212,2026/07/24 16:38:32.199,2026/07/24 16:38:32.226,1,GPU-713d5b24-2a1e-fd4a-7685-c3d195ff9230,84.38,1410,1593,0,0,73511,37
2026/07/24 16:38:32.463,2026/07/24 16:38:32.449,2026/07/24 16:38:32.477,0,GPU-e2681f6e-8d94-2d66-484f-43ea602335f9,94.98,1410,1593,0,0,73511,50
2026/07/24 16:38:32.463,2026/07/24 16:38:32.449,2026/07/24 16:38:32.477,1,GPU-713d5b24-2a1e-fd4a-7685-c3d195ff9230,84.38,1410,1593,0,0,73511,37
2026/07/24 16:38:32.713,2026/07/24 16:38:32.700,2026/07/24 16:38:32.727,0,GPU-e2681f6e-8d94-2d66-484f-43ea602335f9,94.98,1410,1593,0,0,73511,50
2026/07/24 16:38:32.713,2026/07/24 16:38:32.700,2026/07/24 16:38:32.727,1,GPU-713d5b24-2a1e-fd4a-7685-c3d195ff9230,84.38,1410,1593,0,0,73511,37
2026/07/24 16:38:32.964,2026/07/24 16:38:32.950,2026/07/24 16:38:32.978,0,GPU-e2681f6e-8d94-2d66-484f-43ea602335f9,94.71,1410,1593,0,0,73511,50
2026/07/24 16:38:32.964,2026/07/24 16:38:32.950,2026/07/24 16:38:32.978,1,GPU-713d5b24-2a1e-fd4a-7685-c3d195ff9230,84.38,1410,1593,0,0,73511,37
2026/07/24 16:38:33.213,2026/07/24 16:38:33.200,2026/07/24 16:38:33.226,0,GPU-e2681f6e-8d94-2d66-484f-43ea602335f9,94.71,1410,1593,0,0,73511,50
2026/07/24 16:38:33.213,2026/07/24 16:38:33.200,2026/07/24 16:38:33.226,1,GPU-713d5b24-2a1e-fd4a-7685-c3d195ff9230,84.05,1410,1593,0,0,73511,37
2026/07/24 16:38:33.464,2026/07/24 16:38:33.450,2026/07/24 16:38:33.478,0,GPU-e2681f6e-8d94-2d66-484f-43ea602335f9,94.71,1410,1593,0,0,73511,50
2026/07/24 16:38:33.464,2026/07/24 16:38:33.450,2026/07/24 16:38:33.478,1,GPU-713d5b24-2a1e-fd4a-7685-c3d195ff9230,84.38,1410,1593,0,0,73511,37
2026/07/24 16:38:33.713,2026/07/24 16:38:33.700,2026/07/24 16:38:33.727,0,GPU-e2681f6e-8d94-2d66-484f-43ea602335f9,94.38,1410,1593,0,0,73511,49
2026/07/24 16:38:33.713,2026/07/24 16:38:33.700,2026/07/24 16:38:33.727,1,GPU-713d5b24-2a1e-fd4a-7685-c3d195ff9230,84.05,1410,1593,0,0,73511,37
2026/07/24 16:38:33.964,2026/07/24 16:38:33.950,2026/07/24 16:38:33.977,0,GPU-e2681f6e-8d94-2d66-484f-43ea602335f9,94.38,1410,1593,0,0,73511,49
2026/07/24 16:38:33.964,2026/07/24 16:38:33.950,2026/07/24 16:38:33.977,1,GPU-713d5b24-2a1e-fd4a-7685-c3d195ff9230,84.05,1410,1593,0,0,73511,37
2026/07/24 16:38:34.215,2026/07/24 16:38:34.200,2026/07/24 16:38:34.230,0,GPU-e2681f6e-8d94-2d66-484f-43ea602335f9,396.56,1410,1593,0,0,73511,55
2026/07/24 16:38:34.215,2026/07/24 16:38:34.200,2026/07/24 16:38:34.230,1,GPU-713d5b24-2a1e-fd4a-7685-c3d195ff9230,84.05,1410,1593,0,0,73511,37
2026/07/24 16:38:34.476,2026/07/24 16:38:34.450,2026/07/24 16:38:34.501,0,GPU-e2681f6e-8d94-2d66-484f-43ea602335f9,383.90,1410,1593,100,15,73511,63
2026/07/24 16:38:34.476,2026/07/24 16:38:34.450,2026/07/24 16:38:34.501,1,GPU-713d5b24-2a1e-fd4a-7685-c3d195ff9230,84.05,1410,1593,0,0,73511,37
2026/07/24 16:38:34.715,2026/07/24 16:38:34.700,2026/07/24 16:38:34.731,0,GPU-e2681f6e-8d94-2d66-484f-43ea602335f9,388.77,1410,1593,100,13,73511,65
2026/07/24 16:38:34.715,2026/07/24 16:38:34.700,2026/07/24 16:38:34.731,1,GPU-713d5b24-2a1e-fd4a-7685-c3d195ff9230,84.05,1410,1593,0,0,73511,37
2026/07/24 16:38:34.965,2026/07/24 16:38:34.951,2026/07/24 16:38:34.979,0,GPU-e2681f6e-8d94-2d66-484f-43ea602335f9,100.23,1410,1593,40,6,73511,56
2026/07/24 16:38:34.965,2026/07/24 16:38:34.951,2026/07/24 16:38:34.979,1,GPU-713d5b24-2a1e-fd4a-7685-c3d195ff9230,245.88,1410,1593,0,0,73511,40
2026/07/24 16:38:35.215,2026/07/24 16:38:35.201,2026/07/24 16:38:35.230,0,GPU-e2681f6e-8d94-2d66-484f-43ea602335f9,258.22,1410,1593,0,0,73511,58
2026/07/24 16:38:35.215,2026/07/24 16:38:35.201,2026/07/24 16:38:35.230,1,GPU-713d5b24-2a1e-fd4a-7685-c3d195ff9230,203.72,1410,1593,100,52,73511,42
2026/07/24 16:38:35.491,2026/07/24 16:38:35.451,2026/07/24 16:38:35.532,0,GPU-e2681f6e-8d94-2d66-484f-43ea602335f9,396.56,1410,1593,47,9,73511,64
2026/07/24 16:38:35.491,2026/07/24 16:38:35.451,2026/07/24 16:38:35.532,1,GPU-713d5b24-2a1e-fd4a-7685-c3d195ff9230,84.46,1410,1593,21,11,73511,38
2026/07/24 16:38:35.717,2026/07/24 16:38:35.701,2026/07/24 16:38:35.732,0,GPU-e2681f6e-8d94-2d66-484f-43ea602335f9,392.94,1410,1593,100,13,73511,66
2026/07/24 16:38:35.717,2026/07/24 16:38:35.701,2026/07/24 16:38:35.732,1,GPU-713d5b24-2a1e-fd4a-7685-c3d195ff9230,84.38,1410,1593,0,0,73511,37
2026/07/24 16:38:35.967,2026/07/24 16:38:35.951,2026/07/24 16:38:35.982,0,GPU-e2681f6e-8d94-2d66-484f-43ea602335f9,110.09,1410,1593,71,10,73511,59
2026/07/24 16:38:35.967,2026/07/24 16:38:35.951,2026/07/24 16:38:35.982,1,GPU-713d5b24-2a1e-fd4a-7685-c3d195ff9230,98.51,1410,1593,0,0,73511,40
2026/07/24 16:38:36.215,2026/07/24 16:38:36.201,2026/07/24 16:38:36.230,0,GPU-e2681f6e-8d94-2d66-484f-43ea602335f9,98.11,1410,1593,0,0,73511,53
2026/07/24 16:38:36.215,2026/07/24 16:38:36.201,2026/07/24 16:38:36.230,1,GPU-713d5b24-2a1e-fd4a-7685-c3d195ff9230,97.64,1410,1593,45,12,73511,42
2026/07/24 16:38:36.466,2026/07/24 16:38:36.451,2026/07/24 16:38:36.481,0,GPU-e2681f6e-8d94-2d66-484f-43ea602335f9,95.63,1410,1593,0,0,73511,52
2026/07/24 16:38:36.466,2026/07/24 16:38:36.451,2026/07/24 16:38:36.481,1,GPU-713d5b24-2a1e-fd4a-7685-c3d195ff9230,84.65,1410,1593,7,4,73511,38
2026/07/24 16:38:36.722,2026/07/24 16:38:36.701,2026/07/24 16:38:36.742,0,GPU-e2681f6e-8d94-2d66-484f-43ea602335f9,397.16,1410,1593,95,17,73511,63
2026/07/24 16:38:36.722,2026/07/24 16:38:36.701,2026/07/24 16:38:36.742,1,GPU-713d5b24-2a1e-fd4a-7685-c3d195ff9230,84.65,1410,1593,0,0,73511,37
2026/07/24 16:38:36.966,2026/07/24 16:38:36.951,2026/07/24 16:38:36.981,0,GPU-e2681f6e-8d94-2d66-484f-43ea602335f9,391.15,1410,1593,100,15,73511,65
2026/07/24 16:38:36.966,2026/07/24 16:38:36.951,2026/07/24 16:38:36.981,1,GPU-713d5b24-2a1e-fd4a-7685-c3d195ff9230,84.38,1410,1593,0,0,73511,37
2026/07/24 16:38:37.216,2026/07/24 16:38:37.202,2026/07/24 16:38:37.231,0,GPU-e2681f6e-8d94-2d66-484f-43ea602335f9,100.12,1410,1593,34,6,73511,54
2026/07/24 16:38:37.216,2026/07/24 16:38:37.202,2026/07/24 16:38:37.231,1,GPU-713d5b24-2a1e-fd4a-7685-c3d195ff9230,238.96,1410,1593,86,36,73511,41
2026/07/24 16:38:37.467,2026/07/24 16:38:37.452,2026/07/24 16:38:37.482,0,GPU-e2681f6e-8d94-2d66-484f-43ea602335f9,98.11,1410,1593,0,0,73511,52
2026/07/24 16:38:37.467,2026/07/24 16:38:37.452,2026/07/24 16:38:37.482,1,GPU-713d5b24-2a1e-fd4a-7685-c3d195ff9230,85.25,1410,1593,74,39,73511,40
2026/07/24 16:38:37.728,2026/07/24 16:38:37.702,2026/07/24 16:38:37.755,0,GPU-e2681f6e-8d94-2d66-484f-43ea602335f9,387.53,1410,1593,0,0,73511,60
2026/07/24 16:38:37.728,2026/07/24 16:38:37.702,2026/07/24 16:38:37.755,1,GPU-713d5b24-2a1e-fd4a-7685-c3d195ff9230,84.65,1410,1593,0,0,73511,38
2026/07/24 16:38:38.004,2026/07/24 16:38:37.952,2026/07/24 16:38:38.057,0,GPU-e2681f6e-8d94-2d66-484f-43ea602335f9,398.68,1410,1593,100,15,73511,65
2026/07/24 16:38:38.004,2026/07/24 16:38:37.952,2026/07/24 16:38:38.057,1,GPU-713d5b24-2a1e-fd4a-7685-c3d195ff9230,84.38,1410,1593,0,0,73511,37
2026/07/24 16:38:38.220,2026/07/24 16:38:38.202,2026/07/24 16:38:38.237,0,GPU-e2681f6e-8d94-2d66-484f-43ea602335f9,109.18,1410,1593,75,11,73511,55
2026/07/24 16:38:38.220,2026/07/24 16:38:38.202,2026/07/24 16:38:38.237,1,GPU-713d5b24-2a1e-fd4a-7685-c3d195ff9230,97.91,1410,1593,41,13,73511,40
2026/07/24 16:38:38.470,2026/07/24 16:38:38.452,2026/07/24 16:38:38.488,0,GPU-e2681f6e-8d94-2d66-484f-43ea602335f9,96.22,1410,1593,0,0,73511,53
2026/07/24 16:38:38.470,2026/07/24 16:38:38.452,2026/07/24 16:38:38.488,1,GPU-713d5b24-2a1e-fd4a-7685-c3d195ff9230,244.37,1410,1593,100,53,73511,42
2026/07/24 16:38:38.719,2026/07/24 16:38:38.702,2026/07/24 16:38:38.735,0,GPU-e2681f6e-8d94-2d66-484f-43ea602335f9,329.99,1410,1593,52,10,73511,54
2026/07/24 16:38:38.719,2026/07/24 16:38:38.702,2026/07/24 16:38:38.735,1,GPU-713d5b24-2a1e-fd4a-7685-c3d195ff9230,85.57,1410,1593,61,32,73511,38
2026/07/24 16:38:38.967,2026/07/24 16:38:38.952,2026/07/24 16:38:38.982,0,GPU-e2681f6e-8d94-2d66-484f-43ea602335f9,397.16,1410,1593,100,16,73511,65
2026/07/24 16:38:38.967,2026/07/24 16:38:38.952,2026/07/24 16:38:38.982,1,GPU-713d5b24-2a1e-fd4a-7685-c3d195ff9230,84.97,1410,1593,0,0,73511,38
2026/07/24 16:38:39.219,2026/07/24 16:38:39.202,2026/07/24 16:38:39.236,0,GPU-e2681f6e-8d94-2d66-484f-43ea602335f9,411.67,1410,1593,100,14,73511,67
2026/07/24 16:38:39.219,2026/07/24 16:38:39.202,2026/07/24 16:38:39.236,1,GPU-713d5b24-2a1e-fd4a-7685-c3d195ff9230,237.44,1410,1593,21,1,73511,37
2026/07/24 16:38:39.469,2026/07/24 16:38:39.452,2026/07/24 16:38:39.485,0,GPU-e2681f6e-8d94-2d66-484f-43ea602335f9,411.07,1410,1593,100,18,73511,68
2026/07/24 16:38:39.469,2026/07/24 16:38:39.452,2026/07/24 16:38:39.485,1,GPU-713d5b24-2a1e-fd4a-7685-c3d195ff9230,244.69,1410,1593,100,53,73511,40
2026/07/24 16:38:39.718,2026/07/24 16:38:39.703,2026/07/24 16:38:39.733,0,GPU-e2681f6e-8d94-2d66-484f-43ea602335f9,400.51,1410,1593,100,13,73511,68
2026/07/24 16:38:39.718,2026/07/24 16:38:39.703,2026/07/24 16:38:39.733,1,GPU-713d5b24-2a1e-fd4a-7685-c3d195ff9230,84.97,1410,1593,14,7,73511,38
2026/07/24 16:38:39.967,2026/07/24 16:38:39.953,2026/07/24 16:38:39.981,0,GPU-e2681f6e-8d94-2d66-484f-43ea602335f9,417.67,1410,1593,100,16,73511,69
2026/07/24 16:38:39.967,2026/07/24 16:38:39.953,2026/07/24 16:38:39.981,1,GPU-713d5b24-2a1e-fd4a-7685-c3d195ff9230,213.95,1410,1593,0,0,73511,40
2026/07/24 16:38:40.218,2026/07/24 16:38:40.203,2026/07/24 16:38:40.232,0,GPU-e2681f6e-8d94-2d66-484f-43ea602335f9,401.71,1410,1593,100,15,73511,69
2026/07/24 16:38:40.218,2026/07/24 16:38:40.203,2026/07/24 16:38:40.232,1,GPU-713d5b24-2a1e-fd4a-7685-c3d195ff9230,86.17,1410,1593,59,19,73511,42
2026/07/24 16:38:40.469,2026/07/24 16:38:40.453,2026/07/24 16:38:40.486,0,GPU-e2681f6e-8d94-2d66-484f-43ea602335f9,392.94,1410,1593,100,13,73511,61
2026/07/24 16:38:40.469,2026/07/24 16:38:40.453,2026/07/24 16:38:40.486,1,GPU-713d5b24-2a1e-fd4a-7685-c3d195ff9230,115.12,1410,1593,2,0,73511,40
2026/07/24 16:38:40.719,2026/07/24 16:38:40.703,2026/07/24 16:38:40.735,0,GPU-e2681f6e-8d94-2d66-484f-43ea602335f9,403.22,1410,1593,50,9,73511,68
2026/07/24 16:38:40.719,2026/07/24 16:38:40.703,2026/07/24 16:38:40.735,1,GPU-713d5b24-2a1e-fd4a-7685-c3d195ff9230,246.81,1410,1593,95,40,73511,42
2026/07/24 16:38:40.968,2026/07/24 16:38:40.953,2026/07/24 16:38:40.982,0,GPU-e2681f6e-8d94-2d66-484f-43ea602335f9,399.60,1410,1593,100,13,73511,69
2026/07/24 16:38:40.968,2026/07/24 16:38:40.953,2026/07/24 16:38:40.982,1,GPU-713d5b24-2a1e-fd4a-7685-c3d195ff9230,84.97,1410,1593,0,0,73511,39
2026/07/24 16:38:41.219,2026/07/24 16:38:41.203,2026/07/24 16:38:41.234,0,GPU-e2681f6e-8d94-2d66-484f-43ea602335f9,418.00,1410,1593,100,15,73511,70
2026/07/24 16:38:41.219,2026/07/24 16:38:41.203,2026/07/24 16:38:41.234,1,GPU-713d5b24-2a1e-fd4a-7685-c3d195ff9230,84.38,1410,1593,8,0,73511,38
2026/07/24 16:38:41.466,2026/07/24 16:38:41.453,2026/07/24 16:38:41.480,0,GPU-e2681f6e-8d94-2d66-484f-43ea602335f9,408.31,1410,1593,100,17,73511,70
2026/07/24 16:38:41.466,2026/07/24 16:38:41.453,2026/07/24 16:38:41.480,1,GPU-713d5b24-2a1e-fd4a-7685-c3d195ff9230,237.44,1410,1593,95,43,73511,42
2026/07/24 16:38:41.718,2026/07/24 16:38:41.703,2026/07/24 16:38:41.733,0,GPU-e2681f6e-8d94-2d66-484f-43ea602335f9,414.05,1410,1593,100,13,73511,70
2026/07/24 16:38:41.718,2026/07/24 16:38:41.703,2026/07/24 16:38:41.733,1,GPU-713d5b24-2a1e-fd4a-7685-c3d195ff9230,84.97,1410,1593,52,27,73511,39
2026/07/24 16:38:41.969,2026/07/24 16:38:41.953,2026/07/24 16:38:41.985,0,GPU-e2681f6e-8d94-2d66-484f-43ea602335f9,411.94,1410,1593,100,16,73511,70
2026/07/24 16:38:41.969,2026/07/24 16:38:41.953,2026/07/24 16:38:41.985,1,GPU-713d5b24-2a1e-fd4a-7685-c3d195ff9230,248.59,1410,1593,21,0,73511,42
2026/07/24 16:38:42.221,2026/07/24 16:38:42.203,2026/07/24 16:38:42.238,0,GPU-e2681f6e-8d94-2d66-484f-43ea602335f9,423.09,1410,1593,100,17,73511,71
2026/07/24 16:38:42.221,2026/07/24 16:38:42.203,2026/07/24 16:38:42.238,1,GPU-713d5b24-2a1e-fd4a-7685-c3d195ff9230,93.42,1410,1593,52,19,73511,42
2026/07/24 16:38:42.470,2026/07/24 16:38:42.453,2026/07/24 16:38:42.487,0,GPU-e2681f6e-8d94-2d66-484f-43ea602335f9,411.67,1410,1593,100,16,73511,71
2026/07/24 16:38:42.470,2026/07/24 16:38:42.453,2026/07/24 16:38:42.487,1,GPU-713d5b24-2a1e-fd4a-7685-c3d195ff9230,90.07,1410,1593,100,53,73511,41
2026/07/24 16:38:42.717,2026/07/24 16:38:42.703,2026/07/24 16:38:42.731,0,GPU-e2681f6e-8d94-2d66-484f-43ea602335f9,398.08,1410,1593,100,13,73511,71
2026/07/24 16:38:42.717,2026/07/24 16:38:42.703,2026/07/24 16:38:42.731,1,GPU-713d5b24-2a1e-fd4a-7685-c3d195ff9230,84.97,1410,1593,1,0,73511,38
2026/07/24 16:38:42.968,2026/07/24 16:38:42.953,2026/07/24 16:38:42.983,0,GPU-e2681f6e-8d94-2d66-484f-43ea602335f9,415.56,1410,1593,100,17,73511,71
2026/07/24 16:38:42.968,2026/07/24 16:38:42.953,2026/07/24 16:38:42.983,1,GPU-713d5b24-2a1e-fd4a-7685-c3d195ff9230,84.65,1410,1593,0,0,73511,39
2026/07/24 16:38:43.218,2026/07/24 16:38:43.204,2026/07/24 16:38:43.232,0,GPU-e2681f6e-8d94-2d66-484f-43ea602335f9,409.82,1410,1593,100,15,73511,71
2026/07/24 16:38:43.218,2026/07/24 16:38:43.204,2026/07/24 16:38:43.232,1,GPU-713d5b24-2a1e-fd4a-7685-c3d195ff9230,245.29,1410,1593,100,52,73511,42
2026/07/24 16:38:43.506,2026/07/24 16:38:43.454,2026/07/24 16:38:43.558,0,GPU-e2681f6e-8d94-2d66-484f-43ea602335f9,403.49,1410,1593,64,13,73511,64
2026/07/24 16:38:43.506,2026/07/24 16:38:43.454,2026/07/24 16:38:43.558,1,GPU-713d5b24-2a1e-fd4a-7685-c3d195ff9230,249.51,1410,1593,100,45,73511,43
2026/07/24 16:38:43.719,2026/07/24 16:38:43.704,2026/07/24 16:38:43.735,0,GPU-e2681f6e-8d94-2d66-484f-43ea602335f9,400.78,1410,1593,64,13,73511,69
2026/07/24 16:38:43.719,2026/07/24 16:38:43.704,2026/07/24 16:38:43.735,1,GPU-713d5b24-2a1e-fd4a-7685-c3d195ff9230,98.83,1410,1593,100,53,73511,41
2026/07/24 16:38:43.968,2026/07/24 16:38:43.954,2026/07/24 16:38:43.982,0,GPU-e2681f6e-8d94-2d66-484f-43ea602335f9,396.48,1410,1593,100,13,73511,70
2026/07/24 16:38:43.968,2026/07/24 16:38:43.954,2026/07/24 16:38:43.982,1,GPU-713d5b24-2a1e-fd4a-7685-c3d195ff9230,85.25,1410,1593,8,4,73511,39
2026/07/24 16:38:44.219,2026/07/24 16:38:44.204,2026/07/24 16:38:44.234,0,GPU-e2681f6e-8d94-2d66-484f-43ea602335f9,113.40,1410,1593,72,9,73511,67
2026/07/24 16:38:44.219,2026/07/24 16:38:44.204,2026/07/24 16:38:44.234,1,GPU-713d5b24-2a1e-fd4a-7685-c3d195ff9230,95.20,1410,1593,31,5,73511,40
2026/07/24 16:38:44.468,2026/07/24 16:38:44.454,2026/07/24 16:38:44.482,0,GPU-e2681f6e-8d94-2d66-484f-43ea602335f9,101.75,1410,1593,0,0,73511,56
2026/07/24 16:38:44.468,2026/07/24 16:38:44.454,2026/07/24 16:38:44.482,1,GPU-713d5b24-2a1e-fd4a-7685-c3d195ff9230,242.91,1410,1593,100,52,73511,43
2026/07/24 16:38:44.725,2026/07/24 16:38:44.704,2026/07/24 16:38:44.747,0,GPU-e2681f6e-8d94-2d66-484f-43ea602335f9,98.34,1410,1593,0,0,73511,55
2026/07/24 16:38:44.725,2026/07/24 16:38:44.704,2026/07/24 16:38:44.747,1,GPU-713d5b24-2a1e-fd4a-7685-c3d195ff9230,85.25,1410,1593,44,23,73511,39
2026/07/24 16:38:44.973,2026/07/24 16:38:44.954,2026/07/24 16:38:44.993,0,GPU-e2681f6e-8d94-2d66-484f-43ea602335f9,402.63,1410,1593,59,12,73511,60
2026/07/24 16:38:44.973,2026/07/24 16:38:44.954,2026/07/24 16:38:44.993,1,GPU-713d5b24-2a1e-fd4a-7685-c3d195ff9230,84.97,1410,1593,0,0,73511,38
2026/07/24 16:38:45.220,2026/07/24 16:38:45.204,2026/07/24 16:38:45.235,0,GPU-e2681f6e-8d94-2d66-484f-43ea602335f9,396.56,1410,1593,100,15,73511,66
2026/07/24 16:38:45.220,2026/07/24 16:38:45.204,2026/07/24 16:38:45.235,1,GPU-713d5b24-2a1e-fd4a-7685-c3d195ff9230,84.65,1410,1593,0,0,73511,38
2026/07/24 16:38:45.469,2026/07/24 16:38:45.454,2026/07/24 16:38:45.483,0,GPU-e2681f6e-8d94-2d66-484f-43ea602335f9,398.41,1410,1593,100,13,73511,68
2026/07/24 16:38:45.469,2026/07/24 16:38:45.454,2026/07/24 16:38:45.483,1,GPU-713d5b24-2a1e-fd4a-7685-c3d195ff9230,84.38,1410,1593,0,0,73511,37
2026/07/24 16:38:45.721,2026/07/24 16:38:45.704,2026/07/24 16:38:45.737,0,GPU-e2681f6e-8d94-2d66-484f-43ea602335f9,409.82,1410,1593,100,14,73511,70
2026/07/24 16:38:45.721,2026/07/24 16:38:45.704,2026/07/24 16:38:45.737,1,GPU-713d5b24-2a1e-fd4a-7685-c3d195ff9230,236.57,1410,1593,23,0,73511,40
2026/07/24 16:38:45.968,2026/07/24 16:38:45.954,2026/07/24 16:38:45.981,0,GPU-e2681f6e-8d94-2d66-484f-43ea602335f9,414.38,1410,1593,100,14,73511,70
2026/07/24 16:38:45.968,2026/07/24 16:38:45.954,2026/07/24 16:38:45.981,1,GPU-713d5b24-2a1e-fd4a-7685-c3d195ff9230,241.99,1410,1593,97,50,73511,40
2026/07/24 16:38:46.219,2026/07/24 16:38:46.205,2026/07/24 16:38:46.233,0,GPU-e2681f6e-8d94-2d66-484f-43ea602335f9,404.73,1410,1593,100,12,73511,70
2026/07/24 16:38:46.219,2026/07/24 16:38:46.205,2026/07/24 16:38:46.233,1,GPU-713d5b24-2a1e-fd4a-7685-c3d195ff9230,85.25,1410,1593,52,27,73511,39
2026/07/24 16:38:46.471,2026/07/24 16:38:46.455,2026/07/24 16:38:46.487,0,GPU-e2681f6e-8d94-2d66-484f-43ea602335f9,415.29,1410,1593,99,17,73511,71
2026/07/24 16:38:46.471,2026/07/24 16:38:46.455,2026/07/24 16:38:46.487,1,GPU-713d5b24-2a1e-fd4a-7685-c3d195ff9230,234.74,1410,1593,68,23,73511,42
2026/07/24 16:38:46.719,2026/07/24 16:38:46.705,2026/07/24 16:38:46.734,0,GPU-e2681f6e-8d94-2d66-484f-43ea602335f9,415.29,1410,1593,100,15,73511,71
2026/07/24 16:38:46.719,2026/07/24 16:38:46.705,2026/07/24 16:38:46.734,1,GPU-713d5b24-2a1e-fd4a-7685-c3d195ff9230,245.88,1410,1593,94,49,73511,40
2026/07/24 16:38:46.973,2026/07/24 16:38:46.955,2026/07/24 16:38:46.991,0,GPU-e2681f6e-8d94-2d66-484f-43ea602335f9,422.49,1410,1593,100,18,73511,72
2026/07/24 16:38:46.973,2026/07/24 16:38:46.955,2026/07/24 16:38:46.991,1,GPU-713d5b24-2a1e-fd4a-7685-c3d195ff9230,215.74,1410,1593,9,0,73511,42
2026/07/24 16:38:47.218,2026/07/24 16:38:47.205,2026/07/24 16:38:47.232,0,GPU-e2681f6e-8d94-2d66-484f-43ea602335f9,409.55,1410,1593,100,15,73511,72
2026/07/24 16:38:47.218,2026/07/24 16:38:47.205,2026/07/24 16:38:47.232,1,GPU-713d5b24-2a1e-fd4a-7685-c3d195ff9230,242.58,1410,1593,97,46,73511,43
2026/07/24 16:38:47.468,2026/07/24 16:38:47.455,2026/07/24 16:38:47.482,0,GPU-e2681f6e-8d94-2d66-484f-43ea602335f9,164.11,1410,1593,98,14,73511,63
2026/07/24 16:38:47.468,2026/07/24 16:38:47.455,2026/07/24 16:38:47.482,1,GPU-713d5b24-2a1e-fd4a-7685-c3d195ff9230,208.21,1410,1593,10,1,73511,40
2026/07/24 16:38:47.720,2026/07/24 16:38:47.705,2026/07/24 16:38:47.736,0,GPU-e2681f6e-8d94-2d66-484f-43ea602335f9,100.72,1410,1593,0,0,73511,58
2026/07/24 16:38:47.720,2026/07/24 16:38:47.705,2026/07/24 16:38:47.736,1,GPU-713d5b24-2a1e-fd4a-7685-c3d195ff9230,240.80,1410,1593,97,44,73511,43
2026/07/24 16:38:47.984,2026/07/24 16:38:47.955,2026/07/24 16:38:48.013,0,GPU-e2681f6e-8d94-2d66-484f-43ea602335f9,99.20,1410,1593,0,0,73511,55
2026/07/24 16:38:47.984,2026/07/24 16:38:47.955,2026/07/24 16:38:48.013,1,GPU-713d5b24-2a1e-fd4a-7685-c3d195ff9230,84.97,1410,1593,35,18,73511,39
2026/07/24 16:38:48.219,2026/07/24 16:38:48.205,2026/07/24 16:38:48.233,0,GPU-e2681f6e-8d94-2d66-484f-43ea602335f9,98.34,1410,1593,0,0,73511,54
2026/07/24 16:38:48.219,2026/07/24 16:38:48.205,2026/07/24 16:38:48.233,1,GPU-713d5b24-2a1e-fd4a-7685-c3d195ff9230,84.97,1410,1593,0,0,73511,38
2026/07/24 16:38:48.469,2026/07/24 16:38:48.455,2026/07/24 16:38:48.483,0,GPU-e2681f6e-8d94-2d66-484f-43ea602335f9,96.92,1410,1593,0,0,73511,53
2026/07/24 16:38:48.469,2026/07/24 16:38:48.455,2026/07/24 16:38:48.483,1,GPU-713d5b24-2a1e-fd4a-7685-c3d195ff9230,84.65,1410,1593,0,0,73511,38
2026/07/24 16:38:48.718,2026/07/24 16:38:48.705,2026/07/24 16:38:48.731,0,GPU-e2681f6e-8d94-2d66-484f-43ea602335f9,96.22,1410,1593,0,0,73511,52
2026/07/24 16:38:48.718,2026/07/24 16:38:48.705,2026/07/24 16:38:48.731,1,GPU-713d5b24-2a1e-fd4a-7685-c3d195ff9230,84.65,1410,1593,0,0,73511,38
2026/07/24 16:38:48.977,2026/07/24 16:38:48.956,2026/07/24 16:38:48.999,0,GPU-e2681f6e-8d94-2d66-484f-43ea602335f9,95.90,1410,1593,0,0,73511,52
2026/07/24 16:38:48.977,2026/07/24 16:38:48.956,2026/07/24 16:38:48.999,1,GPU-713d5b24-2a1e-fd4a-7685-c3d195ff9230,84.38,1410,1593,0,0,73511,37
2026/07/24 16:38:49.222,2026/07/24 16:38:49.206,2026/07/24 16:38:49.238,0,GPU-e2681f6e-8d94-2d66-484f-43ea602335f9,396.56,1410,1593,0,0,73511,58
2026/07/24 16:38:49.222,2026/07/24 16:38:49.206,2026/07/24 16:38:49.238,1,GPU-713d5b24-2a1e-fd4a-7685-c3d195ff9230,84.38,1410,1593,0,0,73511,37
2026/07/24 16:38:49.473,2026/07/24 16:38:49.456,2026/07/24 16:38:49.490,0,GPU-e2681f6e-8d94-2d66-484f-43ea602335f9,392.67,1410,1593,100,15,73511,66
2026/07/24 16:38:49.473,2026/07/24 16:38:49.456,2026/07/24 16:38:49.490,1,GPU-713d5b24-2a1e-fd4a-7685-c3d195ff9230,84.38,1410,1593,0,0,73511,37
2026/07/24 16:38:49.720,2026/07/24 16:38:49.706,2026/07/24 16:38:49.734,0,GPU-e2681f6e-8d94-2d66-484f-43ea602335f9,393.86,1410,1593,100,13,73511,68
2026/07/24 16:38:49.720,2026/07/24 16:38:49.706,2026/07/24 16:38:49.734,1,GPU-713d5b24-2a1e-fd4a-7685-c3d195ff9230,84.46,1410,1593,0,0,73511,37
2026/07/24 16:38:49.974,2026/07/24 16:38:49.956,2026/07/24 16:38:49.993,0,GPU-e2681f6e-8d94-2d66-484f-43ea602335f9,430.01,1410,1593,100,11,73511,69
2026/07/24 16:38:49.974,2026/07/24 16:38:49.956,2026/07/24 16:38:49.993,1,GPU-713d5b24-2a1e-fd4a-7685-c3d195ff9230,96.72,1410,1593,0,0,73511,40
2026/07/24 16:38:50.222,2026/07/24 16:38:50.206,2026/07/24 16:38:50.237,0,GPU-e2681f6e-8d94-2d66-484f-43ea602335f9,404.73,1410,1593,100,15,73511,70
2026/07/24 16:38:50.222,2026/07/24 16:38:50.206,2026/07/24 16:38:50.237,1,GPU-713d5b24-2a1e-fd4a-7685-c3d195ff9230,237.44,1410,1593,85,31,73511,42
2026/07/24 16:38:50.471,2026/07/24 16:38:50.456,2026/07/24 16:38:50.485,0,GPU-e2681f6e-8d94-2d66-484f-43ea602335f9,396.29,1410,1593,100,13,73511,70
2026/07/24 16:38:50.471,2026/07/24 16:38:50.456,2026/07/24 16:38:50.485,1,GPU-713d5b24-2a1e-fd4a-7685-c3d195ff9230,85.25,1410,1593,15,8,73511,38
2026/07/24 16:38:50.722,2026/07/24 16:38:50.706,2026/07/24 16:38:50.738,0,GPU-e2681f6e-8d94-2d66-484f-43ea602335f9,426.27,1410,1593,100,14,73511,71
2026/07/24 16:38:50.722,2026/07/24 16:38:50.706,2026/07/24 16:38:50.738,1,GPU-713d5b24-2a1e-fd4a-7685-c3d195ff9230,234.14,1410,1593,24,0,73511,40
2026/07/24 16:38:50.970,2026/07/24 16:38:50.956,2026/07/24 16:38:50.985,0,GPU-e2681f6e-8d94-2d66-484f-43ea602335f9,407.44,1410,1593,100,17,73511,71
2026/07/24 16:38:50.970,2026/07/24 16:38:50.956,2026/07/24 16:38:50.985,1,GPU-713d5b24-2a1e-fd4a-7685-c3d195ff9230,245.88,1410,1593,97,50,73511,40
2026/07/24 16:38:51.224,2026/07/24 16:38:51.206,2026/07/24 16:38:51.241,0,GPU-e2681f6e-8d94-2d66-484f-43ea602335f9,425.52,1410,1593,100,17,73511,71
2026/07/24 16:38:51.224,2026/07/24 16:38:51.206,2026/07/24 16:38:51.241,1,GPU-713d5b24-2a1e-fd4a-7685-c3d195ff9230,85.25,1410,1593,37,19,73511,41
2026/07/24 16:38:51.473,2026/07/24 16:38:51.456,2026/07/24 16:38:51.490,0,GPU-e2681f6e-8d94-2d66-484f-43ea602335f9,414.38,1410,1593,100,15,73511,71
2026/07/24 16:38:51.473,2026/07/24 16:38:51.456,2026/07/24 16:38:51.490,1,GPU-713d5b24-2a1e-fd4a-7685-c3d195ff9230,245.62,1410,1593,93,49,73511,43
2026/07/24 16:38:51.722,2026/07/24 16:38:51.706,2026/07/24 16:38:51.738,0,GPU-e2681f6e-8d94-2d66-484f-43ea602335f9,420.97,1410,1593,100,17,73511,72
2026/07/24 16:38:51.722,2026/07/24 16:38:51.706,2026/07/24 16:38:51.738,1,GPU-713d5b24-2a1e-fd4a-7685-c3d195ff9230,242.91,1410,1593,69,28,73511,43
2026/07/24 16:38:51.971,2026/07/24 16:38:51.956,2026/07/24 16:38:51.986,0,GPU-e2681f6e-8d94-2d66-484f-43ea602335f9,420.97,1410,1593,100,15,73511,72
2026/07/24 16:38:51.971,2026/07/24 16:38:51.956,2026/07/24 16:38:51.986,1,GPU-713d5b24-2a1e-fd4a-7685-c3d195ff9230,85.84,1410,1593,67,35,73511,40
2026/07/24 16:38:52.221,2026/07/24 16:38:52.207,2026/07/24 16:38:52.235,0,GPU-e2681f6e-8d94-2d66-484f-43ea602335f9,404.14,1410,1593,100,17,73511,72
2026/07/24 16:38:52.221,2026/07/24 16:38:52.207,2026/07/24 16:38:52.235,1,GPU-713d5b24-2a1e-fd4a-7685-c3d195ff9230,207.29,1410,1593,65,25,73511,41
2026/07/24 16:38:52.746,2026/07/24 16:38:52.734,2026/07/24 16:38:52.758,0,GPU-e2681f6e-8d94-2d66-484f-43ea602335f9,435.75,1410,1593,100,18,73511,72
2026/07/24 16:38:52.746,2026/07/24 16:38:52.734,2026/07/24 16:38:52.758,1,GPU-713d5b24-2a1e-fd4a-7685-c3d195ff9230,224.18,1410,1593,99,52,73511,41
2026/07/24 16:38:53.023,2026/07/24 16:38:52.984,2026/07/24 16:38:53.062,0,GPU-e2681f6e-8d94-2d66-484f-43ea602335f9,121.58,1410,1593,100,14,73511,71
2026/07/24 16:38:53.023,2026/07/24 16:38:52.984,2026/07/24 16:38:53.062,1,GPU-713d5b24-2a1e-fd4a-7685-c3d195ff9230,87.95,1410,1593,23,12,73511,39
2026/07/24 16:38:53.249,2026/07/24 16:38:53.234,2026/07/24 16:38:53.265,0,GPU-e2681f6e-8d94-2d66-484f-43ea602335f9,294.42,1410,1593,69,11,73511,68
2026/07/24 16:38:53.249,2026/07/24 16:38:53.234,2026/07/24 16:38:53.265,1,GPU-713d5b24-2a1e-fd4a-7685-c3d195ff9230,243.18,1410,1593,23,1,73511,43
2026/07/24 16:38:53.498,2026/07/24 16:38:53.484,2026/07/24 16:38:53.511,0,GPU-e2681f6e-8d94-2d66-484f-43ea602335f9,408.63,1410,1593,100,16,73511,70
2026/07/24 16:38:53.498,2026/07/24 16:38:53.484,2026/07/24 16:38:53.511,1,GPU-713d5b24-2a1e-fd4a-7685-c3d195ff9230,86.76,1410,1593,100,52,73511,42
2026/07/24 16:38:53.748,2026/07/24 16:38:53.734,2026/07/24 16:38:53.762,0,GPU-e2681f6e-8d94-2d66-484f-43ea602335f9,402.90,1410,1593,100,13,73511,71
2026/07/24 16:38:53.748,2026/07/24 16:38:53.734,2026/07/24 16:38:53.762,1,GPU-713d5b24-2a1e-fd4a-7685-c3d195ff9230,85.25,1410,1593,0,0,73511,39
2026/07/24 16:38:54.011,2026/07/24 16:38:53.984,2026/07/24 16:38:54.037,0,GPU-e2681f6e-8d94-2d66-484f-43ea602335f9,419.67,1410,1593,100,18,73511,72
2026/07/24 16:38:54.011,2026/07/24 16:38:53.984,2026/07/24 16:38:54.037,1,GPU-713d5b24-2a1e-fd4a-7685-c3d195ff9230,239.87,1410,1593,4,0,73511,41
2026/07/24 16:38:54.250,2026/07/24 16:38:54.234,2026/07/24 16:38:54.266,0,GPU-e2681f6e-8d94-2d66-484f-43ea602335f9,417.08,1410,1593,100,15,73511,72
2026/07/24 16:38:54.250,2026/07/24 16:38:54.234,2026/07/24 16:38:54.266,1,GPU-713d5b24-2a1e-fd4a-7685-c3d195ff9230,129.25,1410,1593,96,40,73511,40
2026/07/24 16:38:54.498,2026/07/24 16:38:54.484,2026/07/24 16:38:54.511,0,GPU-e2681f6e-8d94-2d66-484f-43ea602335f9,399.60,1410,1593,100,12,73511,72
2026/07/24 16:38:54.498,2026/07/24 16:38:54.484,2026/07/24 16:38:54.511,1,GPU-713d5b24-2a1e-fd4a-7685-c3d195ff9230,85.25,1410,1593,0,0,73511,39
2026/07/24 16:38:54.749,2026/07/24 16:38:54.734,2026/07/24 16:38:54.764,0,GPU-e2681f6e-8d94-2d66-484f-43ea602335f9,108.25,1410,1593,52,6,73511,62
2026/07/24 16:38:54.749,2026/07/24 16:38:54.734,2026/07/24 16:38:54.764,1,GPU-713d5b24-2a1e-fd4a-7685-c3d195ff9230,242.58,1410,1593,40,8,73511,41
2026/07/24 16:38:54.999,2026/07/24 16:38:54.985,2026/07/24 16:38:55.013,0,GPU-e2681f6e-8d94-2d66-484f-43ea602335f9,415.29,1410,1593,40,8,73511,70
2026/07/24 16:38:54.999,2026/07/24 16:38:54.985,2026/07/24 16:38:55.013,1,GPU-713d5b24-2a1e-fd4a-7685-c3d195ff9230,241.66,1410,1593,100,52,73511,43
2026/07/24 16:38:55.248,2026/07/24 16:38:55.235,2026/07/24 16:38:55.261,0,GPU-e2681f6e-8d94-2d66-484f-43ea602335f9,406.20,1410,1593,100,13,73511,71
2026/07/24 16:38:55.248,2026/07/24 16:38:55.235,2026/07/24 16:38:55.261,1,GPU-713d5b24-2a1e-fd4a-7685-c3d195ff9230,85.25,1410,1593,60,31,73511,39
2026/07/24 16:38:55.499,2026/07/24 16:38:55.485,2026/07/24 16:38:55.514,0,GPU-e2681f6e-8d94-2d66-484f-43ea602335f9,408.31,1410,1593,100,14,73511,72
2026/07/24 16:38:55.499,2026/07/24 16:38:55.485,2026/07/24 16:38:55.514,1,GPU-713d5b24-2a1e-fd4a-7685-c3d195ff9230,84.97,1410,1593,0,0,73511,38
2026/07/24 16:38:55.752,2026/07/24 16:38:55.735,2026/07/24 16:38:55.769,0,GPU-e2681f6e-8d94-2d66-484f-43ea602335f9,407.44,1410,1593,100,17,73511,72
2026/07/24 16:38:55.752,2026/07/24 16:38:55.735,2026/07/24 16:38:55.769,1,GPU-713d5b24-2a1e-fd4a-7685-c3d195ff9230,241.66,1410,1593,77,28,73511,42
2026/07/24 16:38:55.998,2026/07/24 16:38:55.985,2026/07/24 16:38:56.012,0,GPU-e2681f6e-8d94-2d66-484f-43ea602335f9,409.23,1410,1593,100,14,73511,72
2026/07/24 16:38:55.998,2026/07/24 16:38:55.985,2026/07/24 16:38:56.012,1,GPU-713d5b24-2a1e-fd4a-7685-c3d195ff9230,105.16,1410,1593,100,52,73511,40
2026/07/24 16:38:56.250,2026/07/24 16:38:56.235,2026/07/24 16:38:56.265,0,GPU-e2681f6e-8d94-2d66-484f-43ea602335f9,419.79,1410,1593,100,14,73511,73
2026/07/24 16:38:56.250,2026/07/24 16:38:56.235,2026/07/24 16:38:56.265,1,GPU-713d5b24-2a1e-fd4a-7685-c3d195ff9230,99.10,1410,1593,11,6,73511,42
2026/07/24 16:38:56.499,2026/07/24 16:38:56.485,2026/07/24 16:38:56.513,0,GPU-e2681f6e-8d94-2d66-484f-43ea602335f9,364.63,1410,1593,100,14,73511,66
2026/07/24 16:38:56.499,2026/07/24 16:38:56.485,2026/07/24 16:38:56.513,1,GPU-713d5b24-2a1e-fd4a-7685-c3d195ff9230,247.99,1410,1593,86,45,73511,44
2026/07/24 16:38:56.748,2026/07/24 16:38:56.735,2026/07/24 16:38:56.762,0,GPU-e2681f6e-8d94-2d66-484f-43ea602335f9,104.19,1410,1593,8,3,73511,59
2026/07/24 16:38:56.748,2026/07/24 16:38:56.735,2026/07/24 16:38:56.762,1,GPU-713d5b24-2a1e-fd4a-7685-c3d195ff9230,247.40,1410,1593,83,35,73511,44
2026/07/24 16:38:57.000,2026/07/24 16:38:56.985,2026/07/24 16:38:57.014,0,GPU-e2681f6e-8d94-2d66-484f-43ea602335f9,101.05,1410,1593,0,0,73511,56
2026/07/24 16:38:57.000,2026/07/24 16:38:56.985,2026/07/24 16:38:57.014,1,GPU-713d5b24-2a1e-fd4a-7685-c3d195ff9230,85.84,1410,1593,81,43,73511,41
2026/07/24 16:38:57.250,2026/07/24 16:38:57.235,2026/07/24 16:38:57.264,0,GPU-e2681f6e-8d94-2d66-484f-43ea602335f9,382.44,1410,1593,59,12,73511,62
2026/07/24 16:38:57.250,2026/07/24 16:38:57.235,2026/07/24 16:38:57.264,1,GPU-713d5b24-2a1e-fd4a-7685-c3d195ff9230,85.25,1410,1593,0,0,73511,39
2026/07/24 16:38:57.498,2026/07/24 16:38:57.485,2026/07/24 16:38:57.511,0,GPU-e2681f6e-8d94-2d66-484f-43ea602335f9,405.01,1410,1593,100,15,73511,68
2026/07/24 16:38:57.498,2026/07/24 16:38:57.485,2026/07/24 16:38:57.511,1,GPU-713d5b24-2a1e-fd4a-7685-c3d195ff9230,85.06,1410,1593,0,0,73511,38
2026/07/24 16:38:57.749,2026/07/24 16:38:57.735,2026/07/24 16:38:57.763,0,GPU-e2681f6e-8d94-2d66-484f-43ea602335f9,405.60,1410,1593,100,13,73511,70
2026/07/24 16:38:57.749,2026/07/24 16:38:57.735,2026/07/24 16:38:57.763,1,GPU-713d5b24-2a1e-fd4a-7685-c3d195ff9230,84.65,1410,1593,0,0,73511,38
2026/07/24 16:38:58.001,2026/07/24 16:38:57.986,2026/07/24 16:38:58.016,0,GPU-e2681f6e-8d94-2d66-484f-43ea602335f9,103.76,1410,1593,81,10,73511,59
2026/07/24 16:38:58.001,2026/07/24 16:38:57.986,2026/07/24 16:38:58.016,1,GPU-713d5b24-2a1e-fd4a-7685-c3d195ff9230,125.62,1410,1593,1,0,73511,40
2026/07/24 16:38:58.248,2026/07/24 16:38:58.236,2026/07/24 16:38:58.261,0,GPU-e2681f6e-8d94-2d66-484f-43ea602335f9,100.23,1410,1593,0,0,73511,56
2026/07/24 16:38:58.248,2026/07/24 16:38:58.236,2026/07/24 16:38:58.261,1,GPU-713d5b24-2a1e-fd4a-7685-c3d195ff9230,244.37,1410,1593,97,39,73511,43
2026/07/24 16:38:58.503,2026/07/24 16:38:58.486,2026/07/24 16:38:58.521,0,GPU-e2681f6e-8d94-2d66-484f-43ea602335f9,99.20,1410,1593,0,0,73511,55
2026/07/24 16:38:58.503,2026/07/24 16:38:58.486,2026/07/24 16:38:58.521,1,GPU-713d5b24-2a1e-fd4a-7685-c3d195ff9230,85.57,1410,1593,13,7,73511,40
2026/07/24 16:38:58.772,2026/07/24 16:38:58.736,2026/07/24 16:38:58.808,0,GPU-e2681f6e-8d94-2d66-484f-43ea602335f9,104.67,1410,1593,0,0,73511,54
2026/07/24 16:38:58.772,2026/07/24 16:38:58.736,2026/07/24 16:38:58.808,1,GPU-713d5b24-2a1e-fd4a-7685-c3d195ff9230,85.06,1410,1593,0,0,73511,38
2026/07/24 16:38:59.000,2026/07/24 16:38:58.986,2026/07/24 16:38:59.014,0,GPU-e2681f6e-8d94-2d66-484f-43ea602335f9,98.01,1410,1593,0,0,73511,53
2026/07/24 16:38:59.000,2026/07/24 16:38:58.986,2026/07/24 16:38:59.014,1,GPU-713d5b24-2a1e-fd4a-7685-c3d195ff9230,84.74,1410,1593,0,0,73511,38
2026/07/24 16:38:59.251,2026/07/24 16:38:59.236,2026/07/24 16:38:59.266,0,GPU-e2681f6e-8d94-2d66-484f-43ea602335f9,338.43,1410,1593,0,0,73511,53
2026/07/24 16:38:59.251,2026/07/24 16:38:59.236,2026/07/24 16:38:59.266,1,GPU-713d5b24-2a1e-fd4a-7685-c3d195ff9230,84.65,1410,1593,0,0,73511,38
2026/07/24 16:38:59.500,2026/07/24 16:38:59.486,2026/07/24 16:38:59.513,0,GPU-e2681f6e-8d94-2d66-484f-43ea602335f9,401.38,1410,1593,100,16,73511,66
2026/07/24 16:38:59.500,2026/07/24 16:38:59.486,2026/07/24 16:38:59.513,1,GPU-713d5b24-2a1e-fd4a-7685-c3d195ff9230,84.65,1410,1593,0,0,73511,37
2026/07/24 16:38:59.751,2026/07/24 16:38:59.736,2026/07/24 16:38:59.765,0,GPU-e2681f6e-8d94-2d66-484f-43ea602335f9,398.41,1410,1593,100,13,73511,68
2026/07/24 16:38:59.751,2026/07/24 16:38:59.736,2026/07/24 16:38:59.765,1,GPU-713d5b24-2a1e-fd4a-7685-c3d195ff9230,84.38,1410,1593,0,0,73511,37
2026/07/24 16:39:00.001,2026/07/24 16:38:59.986,2026/07/24 16:39:00.017,0,GPU-e2681f6e-8d94-2d66-484f-43ea602335f9,341.74,1410,1593,100,12,73511,70
2026/07/24 16:39:00.001,2026/07/24 16:38:59.986,2026/07/24 16:39:00.017,1,GPU-713d5b24-2a1e-fd4a-7685-c3d195ff9230,87.17,1410,1593,0,0,73511,38
2026/07/24 16:39:00.253,2026/07/24 16:39:00.236,2026/07/24 16:39:00.269,0,GPU-e2681f6e-8d94-2d66-484f-43ea602335f9,414.38,1410,1593,97,18,73511,70
2026/07/24 16:39:00.253,2026/07/24 16:39:00.236,2026/07/24 16:39:00.269,1,GPU-713d5b24-2a1e-fd4a-7685-c3d195ff9230,244.96,1410,1593,72,25,73511,42
2026/07/24 16:39:00.501,2026/07/24 16:39:00.486,2026/07/24 16:39:00.515,0,GPU-e2681f6e-8d94-2d66-484f-43ea602335f9,414.38,1410,1593,100,12,73511,70
2026/07/24 16:39:00.501,2026/07/24 16:39:00.486,2026/07/24 16:39:00.515,1,GPU-713d5b24-2a1e-fd4a-7685-c3d195ff9230,85.25,1410,1593,13,7,73511,39
2026/07/24 16:39:00.751,2026/07/24 16:39:00.736,2026/07/24 16:39:00.766,0,GPU-e2681f6e-8d94-2d66-484f-43ea602335f9,105.27,1410,1593,51,6,73511,61
2026/07/24 16:39:00.751,2026/07/24 16:39:00.736,2026/07/24 16:39:00.766,1,GPU-713d5b24-2a1e-fd4a-7685-c3d195ff9230,95.20,1410,1593,29,3,73511,40
2026/07/24 16:39:01.000,2026/07/24 16:39:00.986,2026/07/24 16:39:01.014,0,GPU-e2681f6e-8d94-2d66-484f-43ea602335f9,100.45,1410,1593,0,0,73511,56
2026/07/24 16:39:01.000,2026/07/24 16:39:00.986,2026/07/24 16:39:01.014,1,GPU-713d5b24-2a1e-fd4a-7685-c3d195ff9230,231.43,1410,1593,100,52,73511,43
2026/07/24 16:39:01.251,2026/07/24 16:39:01.237,2026/07/24 16:39:01.265,0,GPU-e2681f6e-8d94-2d66-484f-43ea602335f9,98.93,1410,1593,0,0,73511,54
2026/07/24 16:39:01.251,2026/07/24 16:39:01.237,2026/07/24 16:39:01.265,1,GPU-713d5b24-2a1e-fd4a-7685-c3d195ff9230,85.25,1410,1593,25,13,73511,38
2026/07/24 16:39:01.502,2026/07/24 16:39:01.487,2026/07/24 16:39:01.517,0,GPU-e2681f6e-8d94-2d66-484f-43ea602335f9,98.01,1410,1593,0,0,73511,53
2026/07/24 16:39:01.502,2026/07/24 16:39:01.487,2026/07/24 16:39:01.517,1,GPU-713d5b24-2a1e-fd4a-7685-c3d195ff9230,84.65,1410,1593,0,0,73511,38
2026/07/24 16:39:01.750,2026/07/24 16:39:01.737,2026/07/24 16:39:01.764,0,GPU-e2681f6e-8d94-2d66-484f-43ea602335f9,97.42,1410,1593,4,1,73511,60
2026/07/24 16:39:01.750,2026/07/24 16:39:01.737,2026/07/24 16:39:01.764,1,GPU-713d5b24-2a1e-fd4a-7685-c3d195ff9230,84.65,1410,1593,0,0,73511,38
2026/07/24 16:39:01.999,2026/07/24 16:39:01.987,2026/07/24 16:39:02.010,0,GPU-e2681f6e-8d94-2d66-484f-43ea602335f9,396.29,1410,1593,100,18,73511,66
2026/07/24 16:39:01.999,2026/07/24 16:39:01.987,2026/07/24 16:39:02.010,1,GPU-713d5b24-2a1e-fd4a-7685-c3d195ff9230,84.38,1410,1593,0,0,73511,37
2026/07/24 16:39:02.249,2026/07/24 16:39:02.237,2026/07/24 16:39:02.260,0,GPU-e2681f6e-8d94-2d66-484f-43ea602335f9,395.05,1410,1593,100,14,73511,68
2026/07/24 16:39:02.249,2026/07/24 16:39:02.237,2026/07/24 16:39:02.260,1,GPU-713d5b24-2a1e-fd4a-7685-c3d195ff9230,84.38,1410,1593,0,0,73511,37
2026/07/24 16:39:02.504,2026/07/24 16:39:02.487,2026/07/24 16:39:02.521,0,GPU-e2681f6e-8d94-2d66-484f-43ea602335f9,395.05,1410,1593,97,15,73511,68
2026/07/24 16:39:02.504,2026/07/24 16:39:02.487,2026/07/24 16:39:02.521,1,GPU-713d5b24-2a1e-fd4a-7685-c3d195ff9230,84.38,1410,1593,0,0,73511,37
2026/07/24 16:39:02.753,2026/07/24 16:39:02.737,2026/07/24 16:39:02.768,0,GPU-e2681f6e-8d94-2d66-484f-43ea602335f9,413.45,1410,1593,100,16,73511,70
2026/07/24 16:39:02.753,2026/07/24 16:39:02.737,2026/07/24 16:39:02.768,1,GPU-713d5b24-2a1e-fd4a-7685-c3d195ff9230,240.47,1410,1593,100,52,73511,42
2026/07/24 16:39:03.000,2026/07/24 16:39:02.987,2026/07/24 16:39:03.013,0,GPU-e2681f6e-8d94-2d66-484f-43ea602335f9,405.01,1410,1593,100,13,73511,71
2026/07/24 16:39:03.000,2026/07/24 16:39:02.987,2026/07/24 16:39:03.013,1,GPU-713d5b24-2a1e-fd4a-7685-c3d195ff9230,100.94,1410,1593,60,31,73511,39
2026/07/24 16:39:03.251,2026/07/24 16:39:03.237,2026/07/24 16:39:03.265,0,GPU-e2681f6e-8d94-2d66-484f-43ea602335f9,108.90,1410,1593,61,9,73511,60
2026/07/24 16:39:03.251,2026/07/24 16:39:03.237,2026/07/24 16:39:03.265,1,GPU-713d5b24-2a1e-fd4a-7685-c3d195ff9230,242.91,1410,1593,16,0,73511,41
2026/07/24 16:39:03.506,2026/07/24 16:39:03.487,2026/07/24 16:39:03.524,0,GPU-e2681f6e-8d94-2d66-484f-43ea602335f9,411.94,1410,1593,100,18,73511,66
2026/07/24 16:39:03.506,2026/07/24 16:39:03.487,2026/07/24 16:39:03.524,1,GPU-713d5b24-2a1e-fd4a-7685-c3d195ff9230,85.25,1410,1593,98,48,73511,39
2026/07/24 16:39:03.749,2026/07/24 16:39:03.737,2026/07/24 16:39:03.760,0,GPU-e2681f6e-8d94-2d66-484f-43ea602335f9,404.31,1410,1593,100,15,73511,69
2026/07/24 16:39:03.749,2026/07/24 16:39:03.737,2026/07/24 16:39:03.760,1,GPU-713d5b24-2a1e-fd4a-7685-c3d195ff9230,84.65,1410,1593,30,16,73511,38
2026/07/24 16:39:04.001,2026/07/24 16:39:03.987,2026/07/24 16:39:04.014,0,GPU-e2681f6e-8d94-2d66-484f-43ea602335f9,390.88,1410,1593,100,12,73511,70
2026/07/24 16:39:04.001,2026/07/24 16:39:03.987,2026/07/24 16:39:04.014,1,GPU-713d5b24-2a1e-fd4a-7685-c3d195ff9230,84.14,1410,1593,0,0,73511,38
2026/07/24 16:39:04.253,2026/07/24 16:39:04.237,2026/07/24 16:39:04.269,0,GPU-e2681f6e-8d94-2d66-484f-43ea602335f9,109.50,1410,1593,58,7,73511,59
2026/07/24 16:39:04.253,2026/07/24 16:39:04.237,2026/07/24 16:39:04.269,1,GPU-713d5b24-2a1e-fd4a-7685-c3d195ff9230,244.37,1410,1593,15,0,73511,41
2026/07/24 16:39:04.503,2026/07/24 16:39:04.487,2026/07/24 16:39:04.518,0,GPU-e2681f6e-8d94-2d66-484f-43ea602335f9,412.26,1410,1593,1,0,73511,66
2026/07/24 16:39:04.503,2026/07/24 16:39:04.487,2026/07/24 16:39:04.518,1,GPU-713d5b24-2a1e-fd4a-7685-c3d195ff9230,239.55,1410,1593,100,52,73511,43
2026/07/24 16:39:04.752,2026/07/24 16:39:04.737,2026/07/24 16:39:04.766,0,GPU-e2681f6e-8d94-2d66-484f-43ea602335f9,411.34,1410,1593,100,15,73511,69
2026/07/24 16:39:04.752,2026/07/24 16:39:04.737,2026/07/24 16:39:04.766,1,GPU-713d5b24-2a1e-fd4a-7685-c3d195ff9230,84.97,1410,1593,100,52,73511,39
2026/07/24 16:39:05.004,2026/07/24 16:39:04.988,2026/07/24 16:39:05.021,0,GPU-e2681f6e-8d94-2d66-484f-43ea602335f9,114.92,1410,1593,34,6,73511,59
2026/07/24 16:39:05.004,2026/07/24 16:39:04.988,2026/07/24 16:39:05.021,1,GPU-713d5b24-2a1e-fd4a-7685-c3d195ff9230,242.58,1410,1593,35,9,73511,41
2026/07/24 16:39:05.253,2026/07/24 16:39:05.238,2026/07/24 16:39:05.268,0,GPU-e2681f6e-8d94-2d66-484f-43ea602335f9,99.96,1410,1593,0,0,73511,56
2026/07/24 16:39:05.253,2026/07/24 16:39:05.238,2026/07/24 16:39:05.268,1,GPU-713d5b24-2a1e-fd4a-7685-c3d195ff9230,214.28,1410,1593,100,53,73511,40
2026/07/24 16:39:05.535,2026/07/24 16:39:05.488,2026/07/24 16:39:05.582,0,GPU-e2681f6e-8d94-2d66-484f-43ea602335f9,411.67,1410,1593,44,9,73511,67
2026/07/24 16:39:05.535,2026/07/24 16:39:05.488,2026/07/24 16:39:05.582,1,GPU-713d5b24-2a1e-fd4a-7685-c3d195ff9230,84.65,1410,1593,0,0,73511,39
2026/07/24 16:39:05.752,2026/07/24 16:39:05.738,2026/07/24 16:39:05.765,0,GPU-e2681f6e-8d94-2d66-484f-43ea602335f9,397.81,1410,1593,100,17,73511,69
2026/07/24 16:39:05.752,2026/07/24 16:39:05.738,2026/07/24 16:39:05.765,1,GPU-713d5b24-2a1e-fd4a-7685-c3d195ff9230,84.38,1410,1593,0,0,73511,38
2026/07/24 16:39:06.003,2026/07/24 16:39:05.988,2026/07/24 16:39:06.018,0,GPU-e2681f6e-8d94-2d66-484f-43ea602335f9,403.49,1410,1593,100,18,73511,70
2026/07/24 16:39:06.003,2026/07/24 16:39:05.988,2026/07/24 16:39:06.018,1,GPU-713d5b24-2a1e-fd4a-7685-c3d195ff9230,248.32,1410,1593,98,43,73511,42
2026/07/24 16:39:06.252,2026/07/24 16:39:06.238,2026/07/24 16:39:06.267,0,GPU-e2681f6e-8d94-2d66-484f-43ea602335f9,415.29,1410,1593,100,13,73511,71
2026/07/24 16:39:06.252,2026/07/24 16:39:06.238,2026/07/24 16:39:06.267,1,GPU-713d5b24-2a1e-fd4a-7685-c3d195ff9230,84.97,1410,1593,45,24,73511,39
2026/07/24 16:39:06.505,2026/07/24 16:39:06.488,2026/07/24 16:39:06.523,0,GPU-e2681f6e-8d94-2d66-484f-43ea602335f9,393.26,1410,1593,100,12,73511,62
2026/07/24 16:39:06.505,2026/07/24 16:39:06.488,2026/07/24 16:39:06.523,1,GPU-713d5b24-2a1e-fd4a-7685-c3d195ff9230,84.65,1410,1593,0,0,73511,38
2026/07/24 16:39:06.753,2026/07/24 16:39:06.738,2026/07/24 16:39:06.768,0,GPU-e2681f6e-8d94-2d66-484f-43ea602335f9,100.23,1410,1593,0,0,73511,58
2026/07/24 16:39:06.753,2026/07/24 16:39:06.738,2026/07/24 16:39:06.768,1,GPU-713d5b24-2a1e-fd4a-7685-c3d195ff9230,237.77,1410,1593,100,52,73511,42
2026/07/24 16:39:07.001,2026/07/24 16:39:06.988,2026/07/24 16:39:07.015,0,GPU-e2681f6e-8d94-2d66-484f-43ea602335f9,99.20,1410,1593,0,0,73511,55
2026/07/24 16:39:07.001,2026/07/24 16:39:06.988,2026/07/24 16:39:07.015,1,GPU-713d5b24-2a1e-fd4a-7685-c3d195ff9230,85.25,1410,1593,21,11,73511,39
2026/07/24 16:39:07.251,2026/07/24 16:39:07.238,2026/07/24 16:39:07.264,0,GPU-e2681f6e-8d94-2d66-484f-43ea602335f9,97.09,1410,1593,0,0,73511,54
2026/07/24 16:39:07.251,2026/07/24 16:39:07.238,2026/07/24 16:39:07.264,1,GPU-713d5b24-2a1e-fd4a-7685-c3d195ff9230,84.38,1410,1593,0,0,73511,38
2026/07/24 16:39:07.502,2026/07/24 16:39:07.488,2026/07/24 16:39:07.516,0,GPU-e2681f6e-8d94-2d66-484f-43ea602335f9,96.49,1410,1593,0,0,73511,53
2026/07/24 16:39:07.502,2026/07/24 16:39:07.488,2026/07/24 16:39:07.516,1,GPU-713d5b24-2a1e-fd4a-7685-c3d195ff9230,84.38,1410,1593,0,0,73511,38
2026/07/24 16:39:07.751,2026/07/24 16:39:07.738,2026/07/24 16:39:07.764,0,GPU-e2681f6e-8d94-2d66-484f-43ea602335f9,96.49,1410,1593,0,0,73511,52
2026/07/24 16:39:07.751,2026/07/24 16:39:07.738,2026/07/24 16:39:07.764,1,GPU-713d5b24-2a1e-fd4a-7685-c3d195ff9230,84.05,1410,1593,0,0,73511,37
2026/07/24 16:39:08.026,2026/07/24 16:39:07.988,2026/07/24 16:39:08.063,0,GPU-e2681f6e-8d94-2d66-484f-43ea602335f9,95.90,1410,1593,0,0,73511,55
2026/07/24 16:39:08.026,2026/07/24 16:39:07.988,2026/07/24 16:39:08.063,1,GPU-713d5b24-2a1e-fd4a-7685-c3d195ff9230,84.05,1410,1593,0,0,73511,37
2026/07/24 16:39:08.252,2026/07/24 16:39:08.238,2026/07/24 16:39:08.266,0,GPU-e2681f6e-8d94-2d66-484f-43ea602335f9,390.88,1410,1593,94,17,73511,65
2026/07/24 16:39:08.252,2026/07/24 16:39:08.238,2026/07/24 16:39:08.266,1,GPU-713d5b24-2a1e-fd4a-7685-c3d195ff9230,84.05,1410,1593,0,0,73511,37
2026/07/24 16:39:08.502,2026/07/24 16:39:08.488,2026/07/24 16:39:08.516,0,GPU-e2681f6e-8d94-2d66-484f-43ea602335f9,391.75,1410,1593,100,15,73511,67
2026/07/24 16:39:08.502,2026/07/24 16:39:08.488,2026/07/24 16:39:08.516,1,GPU-713d5b24-2a1e-fd4a-7685-c3d195ff9230,84.05,1410,1593,0,0,73511,37
2026/07/24 16:39:08.758,2026/07/24 16:39:08.739,2026/07/24 16:39:08.778,0,GPU-e2681f6e-8d94-2d66-484f-43ea602335f9,416.16,1410,1593,100,17,73511,69
2026/07/24 16:39:08.758,2026/07/24 16:39:08.739,2026/07/24 16:39:08.778,1,GPU-713d5b24-2a1e-fd4a-7685-c3d195ff9230,237.17,1410,1593,0,0,73511,37
2026/07/24 16:39:09.008,2026/07/24 16:39:08.989,2026/07/24 16:39:09.028,0,GPU-e2681f6e-8d94-2d66-484f-43ea602335f9,403.22,1410,1593,100,15,73511,70
2026/07/24 16:39:09.008,2026/07/24 16:39:08.989,2026/07/24 16:39:09.028,1,GPU-713d5b24-2a1e-fd4a-7685-c3d195ff9230,239.55,1410,1593,99,51,73511,41
2026/07/24 16:39:09.254,2026/07/24 16:39:09.239,2026/07/24 16:39:09.270,0,GPU-e2681f6e-8d94-2d66-484f-43ea602335f9,409.82,1410,1593,100,13,73511,70
2026/07/24 16:39:09.254,2026/07/24 16:39:09.239,2026/07/24 16:39:09.270,1,GPU-713d5b24-2a1e-fd4a-7685-c3d195ff9230,84.65,1410,1593,39,20,73511,38
2026/07/24 16:39:09.505,2026/07/24 16:39:09.489,2026/07/24 16:39:09.521,0,GPU-e2681f6e-8d94-2d66-484f-43ea602335f9,104.19,1410,1593,41,7,73511,58
2026/07/24 16:39:09.505,2026/07/24 16:39:09.489,2026/07/24 16:39:09.521,1,GPU-713d5b24-2a1e-fd4a-7685-c3d195ff9230,238.36,1410,1593,18,0,73511,41
2026/07/24 16:39:09.755,2026/07/24 16:39:09.739,2026/07/24 16:39:09.772,0,GPU-e2681f6e-8d94-2d66-484f-43ea602335f9,98.93,1410,1593,0,0,73511,55
2026/07/24 16:39:09.755,2026/07/24 16:39:09.739,2026/07/24 16:39:09.772,1,GPU-713d5b24-2a1e-fd4a-7685-c3d195ff9230,108.57,1410,1593,63,33,73511,40
2026/07/24 16:39:10.004,2026/07/24 16:39:09.989,2026/07/24 16:39:10.020,0,GPU-e2681f6e-8d94-2d66-484f-43ea602335f9,97.42,1410,1593,0,0,73511,53
2026/07/24 16:39:10.004,2026/07/24 16:39:09.989,2026/07/24 16:39:10.020,1,GPU-713d5b24-2a1e-fd4a-7685-c3d195ff9230,84.74,1410,1593,0,0,73511,38
2026/07/24 16:39:10.253,2026/07/24 16:39:10.239,2026/07/24 16:39:10.267,0,GPU-e2681f6e-8d94-2d66-484f-43ea602335f9,96.49,1410,1593,0,0,73511,52
2026/07/24 16:39:10.253,2026/07/24 16:39:10.239,2026/07/24 16:39:10.267,1,GPU-713d5b24-2a1e-fd4a-7685-c3d195ff9230,84.38,1410,1593,0,0,73511,38
2026/07/24 16:39:10.504,2026/07/24 16:39:10.489,2026/07/24 16:39:10.519,0,GPU-e2681f6e-8d94-2d66-484f-43ea602335f9,396.29,1410,1593,29,6,73511,63
2026/07/24 16:39:10.504,2026/07/24 16:39:10.489,2026/07/24 16:39:10.519,1,GPU-713d5b24-2a1e-fd4a-7685-c3d195ff9230,84.38,1410,1593,0,0,73511,37
2026/07/24 16:39:10.753,2026/07/24 16:39:10.739,2026/07/24 16:39:10.767,0,GPU-e2681f6e-8d94-2d66-484f-43ea602335f9,407.12,1410,1593,100,17,73511,65
2026/07/24 16:39:10.753,2026/07/24 16:39:10.739,2026/07/24 16:39:10.767,1,GPU-713d5b24-2a1e-fd4a-7685-c3d195ff9230,84.05,1410,1593,0,0,73511,37
2026/07/24 16:39:11.019,2026/07/24 16:39:10.989,2026/07/24 16:39:11.048,0,GPU-e2681f6e-8d94-2d66-484f-43ea602335f9,101.64,1410,1593,0,0,73511,56
2026/07/24 16:39:11.019,2026/07/24 16:39:10.989,2026/07/24 16:39:11.048,1,GPU-713d5b24-2a1e-fd4a-7685-c3d195ff9230,242.58,1410,1593,66,26,73511,41
2026/07/24 16:39:11.293,2026/07/24 16:39:11.239,2026/07/24 16:39:11.347,0,GPU-e2681f6e-8d94-2d66-484f-43ea602335f9,235.90,1410,1593,44,9,73511,65
2026/07/24 16:39:11.293,2026/07/24 16:39:11.239,2026/07/24 16:39:11.347,1,GPU-713d5b24-2a1e-fd4a-7685-c3d195ff9230,85.57,1410,1593,100,53,73511,40
2026/07/24 16:39:11.504,2026/07/24 16:39:11.489,2026/07/24 16:39:11.519,0,GPU-e2681f6e-8d94-2d66-484f-43ea602335f9,403.49,1410,1593,100,17,73511,67
2026/07/24 16:39:11.504,2026/07/24 16:39:11.489,2026/07/24 16:39:11.519,1,GPU-713d5b24-2a1e-fd4a-7685-c3d195ff9230,84.97,1410,1593,34,18,73511,38
2026/07/24 16:39:11.757,2026/07/24 16:39:11.739,2026/07/24 16:39:11.774,0,GPU-e2681f6e-8d94-2d66-484f-43ea602335f9,405.01,1410,1593,100,13,73511,62
2026/07/24 16:39:11.757,2026/07/24 16:39:11.739,2026/07/24 16:39:11.774,1,GPU-713d5b24-2a1e-fd4a-7685-c3d195ff9230,84.46,1410,1593,3,0,73511,38
2026/07/24 16:39:12.006,2026/07/24 16:39:11.990,2026/07/24 16:39:12.022,0,GPU-e2681f6e-8d94-2d66-484f-43ea602335f9,99.53,1410,1593,0,0,73511,55
2026/07/24 16:39:12.006,2026/07/24 16:39:11.990,2026/07/24 16:39:12.022,1,GPU-713d5b24-2a1e-fd4a-7685-c3d195ff9230,239.28,1410,1593,96,41,73511,42
2026/07/24 16:39:12.258,2026/07/24 16:39:12.240,2026/07/24 16:39:12.276,0,GPU-e2681f6e-8d94-2d66-484f-43ea602335f9,409.23,1410,1593,95,17,73511,66
2026/07/24 16:39:12.258,2026/07/24 16:39:12.240,2026/07/24 16:39:12.276,1,GPU-713d5b24-2a1e-fd4a-7685-c3d195ff9230,93.42,1410,1593,100,52,73511,41
2026/07/24 16:39:12.504,2026/07/24 16:39:12.490,2026/07/24 16:39:12.517,0,GPU-e2681f6e-8d94-2d66-484f-43ea602335f9,391.75,1410,1593,100,15,73511,68
2026/07/24 16:39:12.504,2026/07/24 16:39:12.490,2026/07/24 16:39:12.517,1,GPU-713d5b24-2a1e-fd4a-7685-c3d195ff9230,84.65,1410,1593,6,3,73511,38
2026/07/24 16:39:12.755,2026/07/24 16:39:12.740,2026/07/24 16:39:12.770,0,GPU-e2681f6e-8d94-2d66-484f-43ea602335f9,99.86,1410,1593,46,7,73511,57
2026/07/24 16:39:12.755,2026/07/24 16:39:12.740,2026/07/24 16:39:12.770,1,GPU-713d5b24-2a1e-fd4a-7685-c3d195ff9230,248.59,1410,1593,7,0,73511,41
2026/07/24 16:39:13.008,2026/07/24 16:39:12.990,2026/07/24 16:39:13.026,0,GPU-e2681f6e-8d94-2d66-484f-43ea602335f9,98.34,1410,1593,0,0,73511,54
2026/07/24 16:39:13.008,2026/07/24 16:39:12.990,2026/07/24 16:39:13.026,1,GPU-713d5b24-2a1e-fd4a-7685-c3d195ff9230,244.69,1410,1593,81,43,73511,40
2026/07/24 16:39:13.255,2026/07/24 16:39:13.240,2026/07/24 16:39:13.270,0,GPU-e2681f6e-8d94-2d66-484f-43ea602335f9,96.82,1410,1593,0,0,73511,53
2026/07/24 16:39:13.255,2026/07/24 16:39:13.240,2026/07/24 16:39:13.270,1,GPU-713d5b24-2a1e-fd4a-7685-c3d195ff9230,84.74,1410,1593,0,0,73511,38
2026/07/24 16:39:13.531,2026/07/24 16:39:13.490,2026/07/24 16:39:13.573,0,GPU-e2681f6e-8d94-2d66-484f-43ea602335f9,98.01,1410,1593,0,0,73511,52
2026/07/24 16:39:13.531,2026/07/24 16:39:13.490,2026/07/24 16:39:13.573,1,GPU-713d5b24-2a1e-fd4a-7685-c3d195ff9230,84.38,1410,1593,0,0,73511,38
2026/07/24 16:39:13.755,2026/07/24 16:39:13.740,2026/07/24 16:39:13.771,0,GPU-e2681f6e-8d94-2d66-484f-43ea602335f9,97.42,1410,1593,0,0,73511,51
2026/07/24 16:39:13.755,2026/07/24 16:39:13.740,2026/07/24 16:39:13.771,1,GPU-713d5b24-2a1e-fd4a-7685-c3d195ff9230,87.95,1410,1593,0,0,73511,37
2026/07/24 16:39:14.006,2026/07/24 16:39:13.990,2026/07/24 16:39:14.021,0,GPU-e2681f6e-8d94-2d66-484f-43ea602335f9,95.30,1410,1593,0,0,73511,51
2026/07/24 16:39:14.006,2026/07/24 16:39:13.990,2026/07/24 16:39:14.021,1,GPU-713d5b24-2a1e-fd4a-7685-c3d195ff9230,84.05,1410,1593,0,0,73511,37
2026/07/24 16:39:14.260,2026/07/24 16:39:14.240,2026/07/24 16:39:14.279,0,GPU-e2681f6e-8d94-2d66-484f-43ea602335f9,393.26,1410,1593,100,17,73511,64
2026/07/24 16:39:14.260,2026/07/24 16:39:14.240,2026/07/24 16:39:14.279,1,GPU-713d5b24-2a1e-fd4a-7685-c3d195ff9230,84.05,1410,1593,0,0,73511,37
2026/07/24 16:39:14.507,2026/07/24 16:39:14.490,2026/07/24 16:39:14.524,0,GPU-e2681f6e-8d94-2d66-484f-43ea602335f9,386.01,1410,1593,100,13,73511,66
2026/07/24 16:39:14.507,2026/07/24 16:39:14.490,2026/07/24 16:39:14.524,1,GPU-713d5b24-2a1e-fd4a-7685-c3d195ff9230,84.05,1410,1593,0,0,73511,37
2026/07/24 16:39:14.754,2026/07/24 16:39:14.740,2026/07/24 16:39:14.768,0,GPU-e2681f6e-8d94-2d66-484f-43ea602335f9,394.78,1410,1593,100,11,73511,60
2026/07/24 16:39:14.754,2026/07/24 16:39:14.740,2026/07/24 16:39:14.768,1,GPU-713d5b24-2a1e-fd4a-7685-c3d195ff9230,84.05,1410,1593,8,0,73511,37
2026/07/24 16:39:15.037,2026/07/24 16:39:14.990,2026/07/24 16:39:15.084,0,GPU-e2681f6e-8d94-2d66-484f-43ea602335f9,105.27,1410,1593,35,4,73511,55
2026/07/24 16:39:15.037,2026/07/24 16:39:14.990,2026/07/24 16:39:15.084,1,GPU-713d5b24-2a1e-fd4a-7685-c3d195ff9230,238.36,1410,1593,97,42,73511,42
2026/07/24 16:39:15.255,2026/07/24 16:39:15.241,2026/07/24 16:39:15.269,0,GPU-e2681f6e-8d94-2d66-484f-43ea602335f9,97.09,1410,1593,0,0,73511,53
2026/07/24 16:39:15.255,2026/07/24 16:39:15.241,2026/07/24 16:39:15.269,1,GPU-713d5b24-2a1e-fd4a-7685-c3d195ff9230,85.84,1410,1593,92,47,73511,39
2026/07/24 16:39:15.505,2026/07/24 16:39:15.491,2026/07/24 16:39:15.519,0,GPU-e2681f6e-8d94-2d66-484f-43ea602335f9,95.90,1410,1593,0,0,73511,52
2026/07/24 16:39:15.505,2026/07/24 16:39:15.491,2026/07/24 16:39:15.519,1,GPU-713d5b24-2a1e-fd4a-7685-c3d195ff9230,84.38,1410,1593,0,0,73511,38
2026/07/24 16:39:15.755,2026/07/24 16:39:15.741,2026/07/24 16:39:15.770,0,GPU-e2681f6e-8d94-2d66-484f-43ea602335f9,95.63,1410,1593,0,0,73511,51
2026/07/24 16:39:15.755,2026/07/24 16:39:15.741,2026/07/24 16:39:15.770,1,GPU-713d5b24-2a1e-fd4a-7685-c3d195ff9230,84.38,1410,1593,0,0,73511,37
2026/07/24 16:39:16.009,2026/07/24 16:39:15.991,2026/07/24 16:39:16.027,0,GPU-e2681f6e-8d94-2d66-484f-43ea602335f9,392.94,1410,1593,10,2,73511,60
2026/07/24 16:39:16.009,2026/07/24 16:39:15.991,2026/07/24 16:39:16.027,1,GPU-713d5b24-2a1e-fd4a-7685-c3d195ff9230,84.38,1410,1593,0,0,73511,37
2026/07/24 16:39:16.255,2026/07/24 16:39:16.241,2026/07/24 16:39:16.269,0,GPU-e2681f6e-8d94-2d66-484f-43ea602335f9,397.16,1410,1593,100,15,73511,65
2026/07/24 16:39:16.255,2026/07/24 16:39:16.241,2026/07/24 16:39:16.269,1,GPU-713d5b24-2a1e-fd4a-7685-c3d195ff9230,84.05,1410,1593,0,0,73511,37
2026/07/24 16:39:16.506,2026/07/24 16:39:16.491,2026/07/24 16:39:16.521,0,GPU-e2681f6e-8d94-2d66-484f-43ea602335f9,109.77,1410,1593,29,4,73511,55
2026/07/24 16:39:16.506,2026/07/24 16:39:16.491,2026/07/24 16:39:16.521,1,GPU-713d5b24-2a1e-fd4a-7685-c3d195ff9230,239.55,1410,1593,16,0,73511,41
2026/07/24 16:39:16.756,2026/07/24 16:39:16.741,2026/07/24 16:39:16.771,0,GPU-e2681f6e-8d94-2d66-484f-43ea602335f9,96.22,1410,1593,0,0,73511,53
2026/07/24 16:39:16.756,2026/07/24 16:39:16.741,2026/07/24 16:39:16.771,1,GPU-713d5b24-2a1e-fd4a-7685-c3d195ff9230,85.25,1410,1593,95,49,73511,39
2026/07/24 16:39:17.005,2026/07/24 16:39:16.991,2026/07/24 16:39:17.019,0,GPU-e2681f6e-8d94-2d66-484f-43ea602335f9,359.22,1410,1593,0,0,73511,59
2026/07/24 16:39:17.005,2026/07/24 16:39:16.991,2026/07/24 16:39:17.019,1,GPU-713d5b24-2a1e-fd4a-7685-c3d195ff9230,84.46,1410,1593,0,0,73511,38
2026/07/24 16:39:17.274,2026/07/24 16:39:17.241,2026/07/24 16:39:17.306,0,GPU-e2681f6e-8d94-2d66-484f-43ea602335f9,396.29,1410,1593,53,11,73511,64
2026/07/24 16:39:17.274,2026/07/24 16:39:17.241,2026/07/24 16:39:17.306,1,GPU-713d5b24-2a1e-fd4a-7685-c3d195ff9230,84.05,1410,1593,0,0,73511,37
2026/07/24 16:39:17.507,2026/07/24 16:39:17.491,2026/07/24 16:39:17.523,0,GPU-e2681f6e-8d94-2d66-484f-43ea602335f9,406.20,1410,1593,100,16,73511,66
2026/07/24 16:39:17.507,2026/07/24 16:39:17.491,2026/07/24 16:39:17.523,1,GPU-713d5b24-2a1e-fd4a-7685-c3d195ff9230,84.05,1410,1593,0,0,73511,37
2026/07/24 16:39:17.757,2026/07/24 16:39:17.741,2026/07/24 16:39:17.773,0,GPU-e2681f6e-8d94-2d66-484f-43ea602335f9,410.42,1410,1593,100,16,73511,67
2026/07/24 16:39:17.757,2026/07/24 16:39:17.741,2026/07/24 16:39:17.773,1,GPU-713d5b24-2a1e-fd4a-7685-c3d195ff9230,244.96,1410,1593,44,14,73511,42
2026/07/24 16:39:18.008,2026/07/24 16:39:17.992,2026/07/24 16:39:18.024,0,GPU-e2681f6e-8d94-2d66-484f-43ea602335f9,390.56,1410,1593,100,13,73511,68
2026/07/24 16:39:18.008,2026/07/24 16:39:17.992,2026/07/24 16:39:18.024,1,GPU-713d5b24-2a1e-fd4a-7685-c3d195ff9230,84.97,1410,1593,21,11,73511,39
2026/07/24 16:39:18.258,2026/07/24 16:39:18.242,2026/07/24 16:39:18.274,0,GPU-e2681f6e-8d94-2d66-484f-43ea602335f9,404.73,1410,1593,100,18,73511,69
2026/07/24 16:39:18.258,2026/07/24 16:39:18.242,2026/07/24 16:39:18.274,1,GPU-713d5b24-2a1e-fd4a-7685-c3d195ff9230,239.87,1410,1593,69,26,73511,42
2026/07/24 16:39:18.509,2026/07/24 16:39:18.492,2026/07/24 16:39:18.526,0,GPU-e2681f6e-8d94-2d66-484f-43ea602335f9,105.54,1410,1593,100,15,73511,63
2026/07/24 16:39:18.509,2026/07/24 16:39:18.492,2026/07/24 16:39:18.526,1,GPU-713d5b24-2a1e-fd4a-7685-c3d195ff9230,241.99,1410,1593,93,49,73511,40
2026/07/24 16:39:18.758,2026/07/24 16:39:18.742,2026/07/24 16:39:18.774,0,GPU-e2681f6e-8d94-2d66-484f-43ea602335f9,408.04,1410,1593,80,15,73511,67
2026/07/24 16:39:18.758,2026/07/24 16:39:18.742,2026/07/24 16:39:18.774,1,GPU-713d5b24-2a1e-fd4a-7685-c3d195ff9230,242.91,1410,1593,77,31,73511,43
2026/07/24 16:39:19.007,2026/07/24 16:39:18.992,2026/07/24 16:39:19.022,0,GPU-e2681f6e-8d94-2d66-484f-43ea602335f9,390.47,1410,1593,100,15,73511,69
2026/07/24 16:39:19.007,2026/07/24 16:39:18.992,2026/07/24 16:39:19.022,1,GPU-713d5b24-2a1e-fd4a-7685-c3d195ff9230,84.97,1410,1593,94,50,73511,39
2026/07/24 16:39:19.264,2026/07/24 16:39:19.242,2026/07/24 16:39:19.286,0,GPU-e2681f6e-8d94-2d66-484f-43ea602335f9,408.31,1410,1593,100,17,73511,69
2026/07/24 16:39:19.264,2026/07/24 16:39:19.242,2026/07/24 16:39:19.286,1,GPU-713d5b24-2a1e-fd4a-7685-c3d195ff9230,84.65,1410,1593,0,0,73511,38
2026/07/24 16:39:19.512,2026/07/24 16:39:19.492,2026/07/24 16:39:19.532,0,GPU-e2681f6e-8d94-2d66-484f-43ea602335f9,405.01,1410,1593,100,15,73511,70
2026/07/24 16:39:19.512,2026/07/24 16:39:19.492,2026/07/24 16:39:19.532,1,GPU-713d5b24-2a1e-fd4a-7685-c3d195ff9230,243.50,1410,1593,74,28,73511,42
2026/07/24 16:39:19.759,2026/07/24 16:39:19.742,2026/07/24 16:39:19.775,0,GPU-e2681f6e-8d94-2d66-484f-43ea602335f9,400.19,1410,1593,94,14,73511,65
2026/07/24 16:39:19.759,2026/07/24 16:39:19.742,2026/07/24 16:39:19.775,1,GPU-713d5b24-2a1e-fd4a-7685-c3d195ff9230,99.43,1410,1593,94,49,73511,40
2026/07/24 16:39:20.008,2026/07/24 16:39:19.992,2026/07/24 16:39:20.024,0,GPU-e2681f6e-8d94-2d66-484f-43ea602335f9,420.70,1410,1593,82,16,73511,70
2026/07/24 16:39:20.008,2026/07/24 16:39:19.992,2026/07/24 16:39:20.024,1,GPU-713d5b24-2a1e-fd4a-7685-c3d195ff9230,246.21,1410,1593,100,52,73511,43
2026/07/24 16:39:20.287,2026/07/24 16:39:20.243,2026/07/24 16:39:20.331,0,GPU-e2681f6e-8d94-2d66-484f-43ea602335f9,182.21,1410,1593,100,15,73511,63
2026/07/24 16:39:20.287,2026/07/24 16:39:20.243,2026/07/24 16:39:20.331,1,GPU-713d5b24-2a1e-fd4a-7685-c3d195ff9230,98.51,1410,1593,53,28,73511,42
2026/07/24 16:39:20.512,2026/07/24 16:39:20.493,2026/07/24 16:39:20.531,0,GPU-e2681f6e-8d94-2d66-484f-43ea602335f9,101.32,1410,1593,0,0,73511,57
2026/07/24 16:39:20.512,2026/07/24 16:39:20.493,2026/07/24 16:39:20.531,1,GPU-713d5b24-2a1e-fd4a-7685-c3d195ff9230,242.91,1410,1593,85,36,73511,43
2026/07/24 16:39:20.757,2026/07/24 16:39:20.743,2026/07/24 16:39:20.771,0,GPU-e2681f6e-8d94-2d66-484f-43ea602335f9,98.61,1410,1593,0,0,73511,55
2026/07/24 16:39:20.757,2026/07/24 16:39:20.743,2026/07/24 16:39:20.771,1,GPU-713d5b24-2a1e-fd4a-7685-c3d195ff9230,85.57,1410,1593,100,53,73511,40
2026/07/24 16:39:21.006,2026/07/24 16:39:20.993,2026/07/24 16:39:21.019,0,GPU-e2681f6e-8d94-2d66-484f-43ea602335f9,97.09,1410,1593,0,0,73511,53
2026/07/24 16:39:21.006,2026/07/24 16:39:20.993,2026/07/24 16:39:21.019,1,GPU-713d5b24-2a1e-fd4a-7685-c3d195ff9230,84.97,1410,1593,0,0,73511,39
2026/07/24 16:39:21.255,2026/07/24 16:39:21.243,2026/07/24 16:39:21.267,0,GPU-e2681f6e-8d94-2d66-484f-43ea602335f9,96.49,1410,1593,0,0,73511,52
2026/07/24 16:39:21.255,2026/07/24 16:39:21.243,2026/07/24 16:39:21.267,1,GPU-713d5b24-2a1e-fd4a-7685-c3d195ff9230,84.65,1410,1593,0,0,73511,38
2026/07/24 16:39:21.505,2026/07/24 16:39:21.493,2026/07/24 16:39:21.517,0,GPU-e2681f6e-8d94-2d66-484f-43ea602335f9,96.22,1410,1593,0,0,73511,51
2026/07/24 16:39:21.505,2026/07/24 16:39:21.493,2026/07/24 16:39:21.517,1,GPU-713d5b24-2a1e-fd4a-7685-c3d195ff9230,84.38,1410,1593,0,0,73511,38
2026/07/24 16:39:21.755,2026/07/24 16:39:21.743,2026/07/24 16:39:21.768,0,GPU-e2681f6e-8d94-2d66-484f-43ea602335f9,95.63,1410,1593,0,0,73511,51
2026/07/24 16:39:21.755,2026/07/24 16:39:21.743,2026/07/24 16:39:21.768,1,GPU-713d5b24-2a1e-fd4a-7685-c3d195ff9230,84.38,1410,1593,0,0,73511,37
2026/07/24 16:39:22.005,2026/07/24 16:39:21.993,2026/07/24 16:39:22.017,0,GPU-e2681f6e-8d94-2d66-484f-43ea602335f9,95.30,1410,1593,0,0,73511,51
2026/07/24 16:39:22.005,2026/07/24 16:39:21.993,2026/07/24 16:39:22.017,1,GPU-713d5b24-2a1e-fd4a-7685-c3d195ff9230,84.38,1410,1593,0,0,73511,37
2026/07/24 16:39:22.258,2026/07/24 16:39:22.243,2026/07/24 16:39:22.273,0,GPU-e2681f6e-8d94-2d66-484f-43ea602335f9,94.98,1410,1593,0,0,73511,50
2026/07/24 16:39:22.258,2026/07/24 16:39:22.243,2026/07/24 16:39:22.273,1,GPU-713d5b24-2a1e-fd4a-7685-c3d195ff9230,84.05,1410,1593,0,0,73511,37
2026/07/24 16:39:22.506,2026/07/24 16:39:22.494,2026/07/24 16:39:22.519,0,GPU-e2681f6e-8d94-2d66-484f-43ea602335f9,95.63,1410,1593,0,0,73511,50
2026/07/24 16:39:22.506,2026/07/24 16:39:22.494,2026/07/24 16:39:22.519,1,GPU-713d5b24-2a1e-fd4a-7685-c3d195ff9230,84.38,1410,1593,0,0,73511,37
2026/07/24 16:39:22.756,2026/07/24 16:39:22.744,2026/07/24 16:39:22.768,0,GPU-e2681f6e-8d94-2d66-484f-43ea602335f9,94.71,1410,1593,0,0,73511,50
2026/07/24 16:39:22.756,2026/07/24 16:39:22.744,2026/07/24 16:39:22.768,1,GPU-713d5b24-2a1e-fd4a-7685-c3d195ff9230,84.38,1410,1593,0,0,73511,37
2026/07/24 16:39:23.005,2026/07/24 16:39:22.994,2026/07/24 16:39:23.017,0,GPU-e2681f6e-8d94-2d66-484f-43ea602335f9,94.98,1410,1593,0,0,73511,50
2026/07/24 16:39:23.005,2026/07/24 16:39:22.994,2026/07/24 16:39:23.017,1,GPU-713d5b24-2a1e-fd4a-7685-c3d195ff9230,84.05,1410,1593,0,0,73511,37
2026/07/24 16:39:23.256,2026/07/24 16:39:23.244,2026/07/24 16:39:23.269,0,GPU-e2681f6e-8d94-2d66-484f-43ea602335f9,94.38,1410,1593,0,0,73511,49
2026/07/24 16:39:23.256,2026/07/24 16:39:23.244,2026/07/24 16:39:23.269,1,GPU-713d5b24-2a1e-fd4a-7685-c3d195ff9230,84.05,1410,1593,0,0,73511,37
2026/07/24 16:39:23.507,2026/07/24 16:39:23.494,2026/07/24 16:39:23.520,0,GPU-e2681f6e-8d94-2d66-484f-43ea602335f9,94.11,1410,1593,0,0,73511,49
2026/07/24 16:39:23.507,2026/07/24 16:39:23.494,2026/07/24 16:39:23.520,1,GPU-713d5b24-2a1e-fd4a-7685-c3d195ff9230,84.05,1410,1593,0,0,73511,37
2026/07/24 16:39:23.756,2026/07/24 16:39:23.744,2026/07/24 16:39:23.767,0,GPU-e2681f6e-8d94-2d66-484f-43ea602335f9,94.11,1410,1593,0,0,73511,49
2026/07/24 16:39:23.756,2026/07/24 16:39:23.744,2026/07/24 16:39:23.767,1,GPU-713d5b24-2a1e-fd4a-7685-c3d195ff9230,84.05,1410,1593,0,0,73511,37
2026/07/24 16:39:24.005,2026/07/24 16:39:23.994,2026/07/24 16:39:24.017,0,GPU-e2681f6e-8d94-2d66-484f-43ea602335f9,94.11,1410,1593,0,0,73511,49
2026/07/24 16:39:24.005,2026/07/24 16:39:23.994,2026/07/24 16:39:24.017,1,GPU-713d5b24-2a1e-fd4a-7685-c3d195ff9230,84.05,1410,1593,0,0,73511,37
2026/07/24 16:39:24.257,2026/07/24 16:39:24.244,2026/07/24 16:39:24.269,0,GPU-e2681f6e-8d94-2d66-484f-43ea602335f9,93.78,1410,1593,0,0,73511,49
2026/07/24 16:39:24.257,2026/07/24 16:39:24.244,2026/07/24 16:39:24.269,1,GPU-713d5b24-2a1e-fd4a-7685-c3d195ff9230,84.05,1410,1593,0,0,73511,37
2026/07/24 16:39:24.509,2026/07/24 16:39:24.494,2026/07/24 16:39:24.523,0,GPU-e2681f6e-8d94-2d66-484f-43ea602335f9,93.78,1410,1593,0,0,73511,49
2026/07/24 16:39:24.509,2026/07/24 16:39:24.494,2026/07/24 16:39:24.523,1,GPU-713d5b24-2a1e-fd4a-7685-c3d195ff9230,83.73,1410,1593,0,0,73511,36
2026/07/24 16:39:24.756,2026/07/24 16:39:24.745,2026/07/24 16:39:24.768,0,GPU-e2681f6e-8d94-2d66-484f-43ea602335f9,93.78,1410,1593,0,0,73511,48
2026/07/24 16:39:24.756,2026/07/24 16:39:24.745,2026/07/24 16:39:24.768,1,GPU-713d5b24-2a1e-fd4a-7685-c3d195ff9230,83.82,1410,1593,0,0,73511,36
2026/07/24 16:39:25.007,2026/07/24 16:39:24.995,2026/07/24 16:39:25.019,0,GPU-e2681f6e-8d94-2d66-484f-43ea602335f9,93.51,1410,1593,0,0,73511,48
2026/07/24 16:39:25.007,2026/07/24 16:39:24.995,2026/07/24 16:39:25.019,1,GPU-713d5b24-2a1e-fd4a-7685-c3d195ff9230,83.73,1410,1593,0,0,73511,36
2026/07/24 16:39:25.257,2026/07/24 16:39:25.245,2026/07/24 16:39:25.270,0,GPU-e2681f6e-8d94-2d66-484f-43ea602335f9,93.51,1410,1593,0,0,73511,48
2026/07/24 16:39:25.257,2026/07/24 16:39:25.245,2026/07/24 16:39:25.270,1,GPU-713d5b24-2a1e-fd4a-7685-c3d195ff9230,83.73,1410,1593,0,0,73511,36
2026/07/24 16:39:25.507,2026/07/24 16:39:25.495,2026/07/24 16:39:25.519,0,GPU-e2681f6e-8d94-2d66-484f-43ea602335f9,93.51,1410,1593,0,0,73511,48
2026/07/24 16:39:25.507,2026/07/24 16:39:25.495,2026/07/24 16:39:25.519,1,GPU-713d5b24-2a1e-fd4a-7685-c3d195ff9230,83.73,1410,1593,0,0,73511,36
2026/07/24 16:39:25.757,2026/07/24 16:39:25.745,2026/07/24 16:39:25.769,0,GPU-e2681f6e-8d94-2d66-484f-43ea602335f9,93.19,1410,1593,0,0,73511,48
2026/07/24 16:39:25.757,2026/07/24 16:39:25.745,2026/07/24 16:39:25.769,1,GPU-713d5b24-2a1e-fd4a-7685-c3d195ff9230,83.73,1410,1593,0,0,73511,36
2026/07/24 16:39:26.008,2026/07/24 16:39:25.995,2026/07/24 16:39:26.022,0,GPU-e2681f6e-8d94-2d66-484f-43ea602335f9,93.19,1410,1593,0,0,73511,48
2026/07/24 16:39:26.008,2026/07/24 16:39:25.995,2026/07/24 16:39:26.022,1,GPU-713d5b24-2a1e-fd4a-7685-c3d195ff9230,83.82,1410,1593,0,0,73511,36
2026/07/24 16:39:26.259,2026/07/24 16:39:26.245,2026/07/24 16:39:26.272,0,GPU-e2681f6e-8d94-2d66-484f-43ea602335f9,93.19,1410,1593,0,0,73511,48
2026/07/24 16:39:26.259,2026/07/24 16:39:26.245,2026/07/24 16:39:26.272,1,GPU-713d5b24-2a1e-fd4a-7685-c3d195ff9230,83.73,1410,1593,0,0,73511,36
2026/07/24 16:39:26.509,2026/07/24 16:39:26.495,2026/07/24 16:39:26.522,0,GPU-e2681f6e-8d94-2d66-484f-43ea602335f9,93.19,1410,1593,0,0,73511,48
2026/07/24 16:39:26.509,2026/07/24 16:39:26.495,2026/07/24 16:39:26.522,1,GPU-713d5b24-2a1e-fd4a-7685-c3d195ff9230,83.73,1410,1593,0,0,73511,36
2026/07/24 16:39:26.761,2026/07/24 16:39:26.745,2026/07/24 16:39:26.776,0,GPU-e2681f6e-8d94-2d66-484f-43ea602335f9,394.46,1410,1593,0,0,73511,59
2026/07/24 16:39:26.761,2026/07/24 16:39:26.745,2026/07/24 16:39:26.776,1,GPU-713d5b24-2a1e-fd4a-7685-c3d195ff9230,83.73,1410,1593,0,0,73511,36
2026/07/24 16:39:27.010,2026/07/24 16:39:26.996,2026/07/24 16:39:27.024,0,GPU-e2681f6e-8d94-2d66-484f-43ea602335f9,379.68,1410,1593,100,15,73511,62
2026/07/24 16:39:27.010,2026/07/24 16:39:26.996,2026/07/24 16:39:27.024,1,GPU-713d5b24-2a1e-fd4a-7685-c3d195ff9230,83.73,1410,1593,0,0,73511,36
2026/07/24 16:39:27.260,2026/07/24 16:39:27.246,2026/07/24 16:39:27.273,0,GPU-e2681f6e-8d94-2d66-484f-43ea602335f9,386.66,1410,1593,100,13,73511,65
2026/07/24 16:39:27.260,2026/07/24 16:39:27.246,2026/07/24 16:39:27.273,1,GPU-713d5b24-2a1e-fd4a-7685-c3d195ff9230,83.73,1410,1593,0,0,73511,36
2026/07/24 16:39:27.534,2026/07/24 16:39:27.496,2026/07/24 16:39:27.573,0,GPU-e2681f6e-8d94-2d66-484f-43ea602335f9,395.37,1410,1593,100,14,73511,66
2026/07/24 16:39:27.534,2026/07/24 16:39:27.496,2026/07/24 16:39:27.573,1,GPU-713d5b24-2a1e-fd4a-7685-c3d195ff9230,240.80,1410,1593,55,16,73511,41
2026/07/24 16:39:27.761,2026/07/24 16:39:27.746,2026/07/24 16:39:27.776,0,GPU-e2681f6e-8d94-2d66-484f-43ea602335f9,414.64,1410,1593,100,17,73511,67
2026/07/24 16:39:27.761,2026/07/24 16:39:27.746,2026/07/24 16:39:27.776,1,GPU-713d5b24-2a1e-fd4a-7685-c3d195ff9230,237.77,1410,1593,100,52,73511,41
2026/07/24 16:39:28.010,2026/07/24 16:39:27.996,2026/07/24 16:39:28.023,0,GPU-e2681f6e-8d94-2d66-484f-43ea602335f9,394.46,1410,1593,100,17,73511,67
2026/07/24 16:39:28.010,2026/07/24 16:39:27.996,2026/07/24 16:39:28.023,1,GPU-713d5b24-2a1e-fd4a-7685-c3d195ff9230,245.88,1410,1593,100,46,73511,42
2026/07/24 16:39:28.261,2026/07/24 16:39:28.246,2026/07/24 16:39:28.276,0,GPU-e2681f6e-8d94-2d66-484f-43ea602335f9,387.53,1410,1593,100,14,73511,67
2026/07/24 16:39:28.261,2026/07/24 16:39:28.246,2026/07/24 16:39:28.276,1,GPU-713d5b24-2a1e-fd4a-7685-c3d195ff9230,84.97,1410,1593,1,1,73511,38
2026/07/24 16:39:28.512,2026/07/24 16:39:28.496,2026/07/24 16:39:28.529,0,GPU-e2681f6e-8d94-2d66-484f-43ea602335f9,418.27,1410,1593,93,17,73511,67
2026/07/24 16:39:28.512,2026/07/24 16:39:28.496,2026/07/24 16:39:28.529,1,GPU-713d5b24-2a1e-fd4a-7685-c3d195ff9230,87.08,1410,1593,23,0,73511,40
2026/07/24 16:39:28.764,2026/07/24 16:39:28.746,2026/07/24 16:39:28.781,0,GPU-e2681f6e-8d94-2d66-484f-43ea602335f9,395.97,1410,1593,93,17,73511,68
2026/07/24 16:39:28.764,2026/07/24 16:39:28.746,2026/07/24 16:39:28.781,1,GPU-713d5b24-2a1e-fd4a-7685-c3d195ff9230,241.99,1410,1593,97,50,73511,42
2026/07/24 16:39:29.013,2026/07/24 16:39:28.996,2026/07/24 16:39:29.029,0,GPU-e2681f6e-8d94-2d66-484f-43ea602335f9,406.20,1410,1593,100,17,73511,68
2026/07/24 16:39:29.013,2026/07/24 16:39:28.996,2026/07/24 16:39:29.029,1,GPU-713d5b24-2a1e-fd4a-7685-c3d195ff9230,98.83,1410,1593,98,51,73511,42
2026/07/24 16:39:29.263,2026/07/24 16:39:29.247,2026/07/24 16:39:29.280,0,GPU-e2681f6e-8d94-2d66-484f-43ea602335f9,406.53,1410,1593,100,16,73511,68
2026/07/24 16:39:29.263,2026/07/24 16:39:29.247,2026/07/24 16:39:29.280,1,GPU-713d5b24-2a1e-fd4a-7685-c3d195ff9230,244.37,1410,1593,100,53,73511,43
2026/07/24 16:39:29.526,2026/07/24 16:39:29.497,2026/07/24 16:39:29.556,0,GPU-e2681f6e-8d94-2d66-484f-43ea602335f9,416.16,1410,1593,100,18,73511,69
2026/07/24 16:39:29.526,2026/07/24 16:39:29.497,2026/07/24 16:39:29.556,1,GPU-713d5b24-2a1e-fd4a-7685-c3d195ff9230,239.55,1410,1593,23,5,73511,42
2026/07/24 16:39:29.764,2026/07/24 16:39:29.747,2026/07/24 16:39:29.782,0,GPU-e2681f6e-8d94-2d66-484f-43ea602335f9,408.63,1410,1593,100,14,73511,69
2026/07/24 16:39:29.764,2026/07/24 16:39:29.747,2026/07/24 16:39:29.782,1,GPU-713d5b24-2a1e-fd4a-7685-c3d195ff9230,241.40,1410,1593,98,49,73511,43
2026/07/24 16:39:30.016,2026/07/24 16:39:29.997,2026/07/24 16:39:30.035,0,GPU-e2681f6e-8d94-2d66-484f-43ea602335f9,419.79,1410,1593,100,17,73511,69
2026/07/24 16:39:30.016,2026/07/24 16:39:29.997,2026/07/24 16:39:30.035,1,GPU-713d5b24-2a1e-fd4a-7685-c3d195ff9230,221.21,1410,1593,80,42,73511,42
2026/07/24 16:39:30.263,2026/07/24 16:39:30.247,2026/07/24 16:39:30.279,0,GPU-e2681f6e-8d94-2d66-484f-43ea602335f9,408.96,1410,1593,100,16,73511,69
2026/07/24 16:39:30.263,2026/07/24 16:39:30.247,2026/07/24 16:39:30.279,1,GPU-713d5b24-2a1e-fd4a-7685-c3d195ff9230,245.88,1410,1593,52,18,73511,42
2026/07/24 16:39:30.513,2026/07/24 16:39:30.497,2026/07/24 16:39:30.528,0,GPU-e2681f6e-8d94-2d66-484f-43ea602335f9,404.14,1410,1593,100,13,73511,70
2026/07/24 16:39:30.513,2026/07/24 16:39:30.497,2026/07/24 16:39:30.528,1,GPU-713d5b24-2a1e-fd4a-7685-c3d195ff9230,84.97,1410,1593,0,0,73511,39
2026/07/24 16:39:30.771,2026/07/24 16:39:30.747,2026/07/24 16:39:30.794,0,GPU-e2681f6e-8d94-2d66-484f-43ea602335f9,402.90,1410,1593,100,16,73511,70
2026/07/24 16:39:30.771,2026/07/24 16:39:30.747,2026/07/24 16:39:30.794,1,GPU-713d5b24-2a1e-fd4a-7685-c3d195ff9230,246.81,1410,1593,55,17,73511,42
2026/07/24 16:39:31.014,2026/07/24 16:39:30.997,2026/07/24 16:39:31.030,0,GPU-e2681f6e-8d94-2d66-484f-43ea602335f9,409.55,1410,1593,100,13,73511,70
2026/07/24 16:39:31.014,2026/07/24 16:39:30.997,2026/07/24 16:39:31.030,1,GPU-713d5b24-2a1e-fd4a-7685-c3d195ff9230,85.93,1410,1593,100,52,73511,41
2026/07/24 16:39:31.265,2026/07/24 16:39:31.247,2026/07/24 16:39:31.282,0,GPU-e2681f6e-8d94-2d66-484f-43ea602335f9,416.16,1410,1593,100,16,73511,70
2026/07/24 16:39:31.265,2026/07/24 16:39:31.247,2026/07/24 16:39:31.282,1,GPU-713d5b24-2a1e-fd4a-7685-c3d195ff9230,237.77,1410,1593,77,29,73511,42
2026/07/24 16:39:31.513,2026/07/24 16:39:31.498,2026/07/24 16:39:31.527,0,GPU-e2681f6e-8d94-2d66-484f-43ea602335f9,402.63,1410,1593,100,15,73511,70
2026/07/24 16:39:31.513,2026/07/24 16:39:31.498,2026/07/24 16:39:31.527,1,GPU-713d5b24-2a1e-fd4a-7685-c3d195ff9230,87.36,1410,1593,97,51,73511,43
2026/07/24 16:39:31.774,2026/07/24 16:39:31.748,2026/07/24 16:39:31.800,0,GPU-e2681f6e-8d94-2d66-484f-43ea602335f9,253.40,1410,1593,100,12,73511,60
2026/07/24 16:39:31.774,2026/07/24 16:39:31.748,2026/07/24 16:39:31.800,1,GPU-713d5b24-2a1e-fd4a-7685-c3d195ff9230,84.97,1410,1593,0,0,73511,39
2026/07/24 16:39:32.014,2026/07/24 16:39:31.998,2026/07/24 16:39:32.030,0,GPU-e2681f6e-8d94-2d66-484f-43ea602335f9,99.20,1410,1593,0,0,73511,56
2026/07/24 16:39:32.014,2026/07/24 16:39:31.998,2026/07/24 16:39:32.030,1,GPU-713d5b24-2a1e-fd4a-7685-c3d195ff9230,239.55,1410,1593,69,24,73511,43
2026/07/24 16:39:32.263,2026/07/24 16:39:32.248,2026/07/24 16:39:32.278,0,GPU-e2681f6e-8d94-2d66-484f-43ea602335f9,98.01,1410,1593,0,0,73511,54
2026/07/24 16:39:32.263,2026/07/24 16:39:32.248,2026/07/24 16:39:32.278,1,GPU-713d5b24-2a1e-fd4a-7685-c3d195ff9230,85.57,1410,1593,21,11,73511,39
2026/07/24 16:39:32.514,2026/07/24 16:39:32.498,2026/07/24 16:39:32.530,0,GPU-e2681f6e-8d94-2d66-484f-43ea602335f9,96.82,1410,1593,0,0,73511,53
2026/07/24 16:39:32.514,2026/07/24 16:39:32.498,2026/07/24 16:39:32.530,1,GPU-713d5b24-2a1e-fd4a-7685-c3d195ff9230,84.97,1410,1593,0,0,73511,38
2026/07/24 16:39:32.769,2026/07/24 16:39:32.748,2026/07/24 16:39:32.790,0,GPU-e2681f6e-8d94-2d66-484f-43ea602335f9,96.22,1410,1593,0,0,73511,52
2026/07/24 16:39:32.769,2026/07/24 16:39:32.748,2026/07/24 16:39:32.790,1,GPU-713d5b24-2a1e-fd4a-7685-c3d195ff9230,84.65,1410,1593,0,0,73511,38
2026/07/24 16:39:33.015,2026/07/24 16:39:32.998,2026/07/24 16:39:33.033,0,GPU-e2681f6e-8d94-2d66-484f-43ea602335f9,95.63,1410,1593,0,0,73511,51
2026/07/24 16:39:33.015,2026/07/24 16:39:32.998,2026/07/24 16:39:33.033,1,GPU-713d5b24-2a1e-fd4a-7685-c3d195ff9230,84.46,1410,1593,0,0,73511,37
2026/07/24 16:39:33.264,2026/07/24 16:39:33.248,2026/07/24 16:39:33.279,0,GPU-e2681f6e-8d94-2d66-484f-43ea602335f9,394.46,1410,1593,79,15,73511,62
2026/07/24 16:39:33.264,2026/07/24 16:39:33.248,2026/07/24 16:39:33.279,1,GPU-713d5b24-2a1e-fd4a-7685-c3d195ff9230,84.38,1410,1593,0,0,73511,37
2026/07/24 16:39:33.514,2026/07/24 16:39:33.498,2026/07/24 16:39:33.530,0,GPU-e2681f6e-8d94-2d66-484f-43ea602335f9,391.15,1410,1593,100,15,73511,66
2026/07/24 16:39:33.514,2026/07/24 16:39:33.498,2026/07/24 16:39:33.530,1,GPU-713d5b24-2a1e-fd4a-7685-c3d195ff9230,84.38,1410,1593,0,0,73511,37
2026/07/24 16:39:33.764,2026/07/24 16:39:33.749,2026/07/24 16:39:33.779,0,GPU-e2681f6e-8d94-2d66-484f-43ea602335f9,390.88,1410,1593,77,9,73511,62
2026/07/24 16:39:33.764,2026/07/24 16:39:33.749,2026/07/24 16:39:33.779,1,GPU-713d5b24-2a1e-fd4a-7685-c3d195ff9230,84.46,1410,1593,0,0,73511,37
2026/07/24 16:39:34.014,2026/07/24 16:39:33.999,2026/07/24 16:39:34.030,0,GPU-e2681f6e-8d94-2d66-484f-43ea602335f9,100.72,1410,1593,0,0,73511,55
2026/07/24 16:39:34.014,2026/07/24 16:39:33.999,2026/07/24 16:39:34.030,1,GPU-713d5b24-2a1e-fd4a-7685-c3d195ff9230,239.87,1410,1593,42,9,73511,42
2026/07/24 16:39:34.262,2026/07/24 16:39:34.249,2026/07/24 16:39:34.276,0,GPU-e2681f6e-8d94-2d66-484f-43ea602335f9,96.49,1410,1593,0,0,73511,53
2026/07/24 16:39:34.262,2026/07/24 16:39:34.249,2026/07/24 16:39:34.276,1,GPU-713d5b24-2a1e-fd4a-7685-c3d195ff9230,85.25,1410,1593,100,52,73511,39
2026/07/24 16:39:34.515,2026/07/24 16:39:34.499,2026/07/24 16:39:34.530,0,GPU-e2681f6e-8d94-2d66-484f-43ea602335f9,96.22,1410,1593,0,0,73511,52
2026/07/24 16:39:34.515,2026/07/24 16:39:34.499,2026/07/24 16:39:34.530,1,GPU-713d5b24-2a1e-fd4a-7685-c3d195ff9230,84.65,1410,1593,0,0,73511,38
2026/07/24 16:39:34.780,2026/07/24 16:39:34.749,2026/07/24 16:39:34.811,0,GPU-e2681f6e-8d94-2d66-484f-43ea602335f9,401.38,1410,1593,94,17,73511,60
2026/07/24 16:39:34.780,2026/07/24 16:39:34.749,2026/07/24 16:39:34.811,1,GPU-713d5b24-2a1e-fd4a-7685-c3d195ff9230,84.38,1410,1593,0,0,73511,37
2026/07/24 16:39:35.014,2026/07/24 16:39:34.999,2026/07/24 16:39:35.030,0,GPU-e2681f6e-8d94-2d66-484f-43ea602335f9,389.96,1410,1593,100,15,73511,63
2026/07/24 16:39:35.014,2026/07/24 16:39:34.999,2026/07/24 16:39:35.030,1,GPU-713d5b24-2a1e-fd4a-7685-c3d195ff9230,84.38,1410,1593,0,0,73511,37
2026/07/24 16:39:35.265,2026/07/24 16:39:35.249,2026/07/24 16:39:35.282,0,GPU-e2681f6e-8d94-2d66-484f-43ea602335f9,410.75,1410,1593,66,14,73511,65
2026/07/24 16:39:35.265,2026/07/24 16:39:35.249,2026/07/24 16:39:35.282,1,GPU-713d5b24-2a1e-fd4a-7685-c3d195ff9230,237.44,1410,1593,12,0,73511,41
2026/07/24 16:39:35.515,2026/07/24 16:39:35.499,2026/07/24 16:39:35.530,0,GPU-e2681f6e-8d94-2d66-484f-43ea602335f9,401.11,1410,1593,100,16,73511,67
2026/07/24 16:39:35.515,2026/07/24 16:39:35.499,2026/07/24 16:39:35.530,1,GPU-713d5b24-2a1e-fd4a-7685-c3d195ff9230,100.94,1410,1593,63,33,73511,40
2026/07/24 16:39:35.766,2026/07/24 16:39:35.749,2026/07/24 16:39:35.783,0,GPU-e2681f6e-8d94-2d66-484f-43ea602335f9,417.40,1410,1593,100,16,73511,68
2026/07/24 16:39:35.766,2026/07/24 16:39:35.749,2026/07/24 16:39:35.783,1,GPU-713d5b24-2a1e-fd4a-7685-c3d195ff9230,84.38,1410,1593,0,0,73511,38
2026/07/24 16:39:36.016,2026/07/24 16:39:35.999,2026/07/24 16:39:36.032,0,GPU-e2681f6e-8d94-2d66-484f-43ea602335f9,407.72,1410,1593,100,16,73511,69
2026/07/24 16:39:36.016,2026/07/24 16:39:35.999,2026/07/24 16:39:36.032,1,GPU-713d5b24-2a1e-fd4a-7685-c3d195ff9230,242.26,1410,1593,34,7,73511,41
2026/07/24 16:39:36.264,2026/07/24 16:39:36.249,2026/07/24 16:39:36.279,0,GPU-e2681f6e-8d94-2d66-484f-43ea602335f9,396.56,1410,1593,100,13,73511,69
2026/07/24 16:39:36.264,2026/07/24 16:39:36.249,2026/07/24 16:39:36.279,1,GPU-713d5b24-2a1e-fd4a-7685-c3d195ff9230,85.33,1410,1593,100,52,73511,39
2026/07/24 16:39:36.514,2026/07/24 16:39:36.500,2026/07/24 16:39:36.529,0,GPU-e2681f6e-8d94-2d66-484f-43ea602335f9,420.11,1410,1593,100,13,73511,70
2026/07/24 16:39:36.514,2026/07/24 16:39:36.500,2026/07/24 16:39:36.529,1,GPU-713d5b24-2a1e-fd4a-7685-c3d195ff9230,240.47,1410,1593,21,11,73511,39
2026/07/24 16:39:36.763,2026/07/24 16:39:36.750,2026/07/24 16:39:36.776,0,GPU-e2681f6e-8d94-2d66-484f-43ea602335f9,410.15,1410,1593,100,17,73511,70
2026/07/24 16:39:36.763,2026/07/24 16:39:36.750,2026/07/24 16:39:36.776,1,GPU-713d5b24-2a1e-fd4a-7685-c3d195ff9230,244.10,1410,1593,100,52,73511,43
2026/07/24 16:39:37.014,2026/07/24 16:39:37.000,2026/07/24 16:39:37.029,0,GPU-e2681f6e-8d94-2d66-484f-43ea602335f9,405.33,1410,1593,100,14,73511,70
2026/07/24 16:39:37.014,2026/07/24 16:39:37.000,2026/07/24 16:39:37.029,1,GPU-713d5b24-2a1e-fd4a-7685-c3d195ff9230,85.25,1410,1593,74,38,73511,39
2026/07/24 16:39:37.265,2026/07/24 16:39:37.250,2026/07/24 16:39:37.279,0,GPU-e2681f6e-8d94-2d66-484f-43ea602335f9,426.71,1410,1593,100,15,73511,70
2026/07/24 16:39:37.265,2026/07/24 16:39:37.250,2026/07/24 16:39:37.279,1,GPU-713d5b24-2a1e-fd4a-7685-c3d195ff9230,200.10,1410,1593,55,16,73511,41
2026/07/24 16:39:37.514,2026/07/24 16:39:37.500,2026/07/24 16:39:37.528,0,GPU-e2681f6e-8d94-2d66-484f-43ea602335f9,408.31,1410,1593,100,16,73511,71
2026/07/24 16:39:37.514,2026/07/24 16:39:37.500,2026/07/24 16:39:37.528,1,GPU-713d5b24-2a1e-fd4a-7685-c3d195ff9230,243.77,1410,1593,100,52,73511,43
2026/07/24 16:39:37.765,2026/07/24 16:39:37.750,2026/07/24 16:39:37.779,0,GPU-e2681f6e-8d94-2d66-484f-43ea602335f9,421.78,1410,1593,100,14,73511,71
2026/07/24 16:39:37.765,2026/07/24 16:39:37.750,2026/07/24 16:39:37.779,1,GPU-713d5b24-2a1e-fd4a-7685-c3d195ff9230,98.83,1410,1593,54,28,73511,40
2026/07/24 16:39:38.032,2026/07/24 16:39:38.000,2026/07/24 16:39:38.063,0,GPU-e2681f6e-8d94-2d66-484f-43ea602335f9,409.82,1410,1593,100,14,73511,71
2026/07/24 16:39:38.032,2026/07/24 16:39:38.000,2026/07/24 16:39:38.063,1,GPU-713d5b24-2a1e-fd4a-7685-c3d195ff9230,158.80,1410,1593,85,34,73511,43
2026/07/24 16:39:38.265,2026/07/24 16:39:38.250,2026/07/24 16:39:38.281,0,GPU-e2681f6e-8d94-2d66-484f-43ea602335f9,404.59,1410,1593,100,12,73511,71
2026/07/24 16:39:38.265,2026/07/24 16:39:38.250,2026/07/24 16:39:38.281,1,GPU-713d5b24-2a1e-fd4a-7685-c3d195ff9230,84.97,1410,1593,73,38,73511,39
2026/07/24 16:39:38.515,2026/07/24 16:39:38.500,2026/07/24 16:39:38.531,0,GPU-e2681f6e-8d94-2d66-484f-43ea602335f9,423.41,1410,1593,100,17,73511,71
2026/07/24 16:39:38.515,2026/07/24 16:39:38.500,2026/07/24 16:39:38.531,1,GPU-713d5b24-2a1e-fd4a-7685-c3d195ff9230,93.42,1410,1593,24,0,73511,41
2026/07/24 16:39:38.767,2026/07/24 16:39:38.750,2026/07/24 16:39:38.784,0,GPU-e2681f6e-8d94-2d66-484f-43ea602335f9,408.63,1410,1593,100,16,73511,71
2026/07/24 16:39:38.767,2026/07/24 16:39:38.750,2026/07/24 16:39:38.784,1,GPU-713d5b24-2a1e-fd4a-7685-c3d195ff9230,192.25,1410,1593,100,52,73511,43
2026/07/24 16:39:39.015,2026/07/24 16:39:39.000,2026/07/24 16:39:39.029,0,GPU-e2681f6e-8d94-2d66-484f-43ea602335f9,415.56,1410,1593,100,15,73511,71
2026/07/24 16:39:39.015,2026/07/24 16:39:39.000,2026/07/24 16:39:39.029,1,GPU-713d5b24-2a1e-fd4a-7685-c3d195ff9230,84.97,1410,1593,25,13,73511,39
2026/07/24 16:39:39.265,2026/07/24 16:39:39.250,2026/07/24 16:39:39.279,0,GPU-e2681f6e-8d94-2d66-484f-43ea602335f9,418.86,1410,1593,100,16,73511,72
2026/07/24 16:39:39.265,2026/07/24 16:39:39.250,2026/07/24 16:39:39.279,1,GPU-713d5b24-2a1e-fd4a-7685-c3d195ff9230,240.15,1410,1593,35,7,73511,42
2026/07/24 16:39:39.516,2026/07/24 16:39:39.500,2026/07/24 16:39:39.531,0,GPU-e2681f6e-8d94-2d66-484f-43ea602335f9,413.35,1410,1593,100,14,73511,72
2026/07/24 16:39:39.516,2026/07/24 16:39:39.500,2026/07/24 16:39:39.531,1,GPU-713d5b24-2a1e-fd4a-7685-c3d195ff9230,85.84,1410,1593,33,17,73511,40
2026/07/24 16:39:39.765,2026/07/24 16:39:39.750,2026/07/24 16:39:39.779,0,GPU-e2681f6e-8d94-2d66-484f-43ea602335f9,420.38,1410,1593,100,17,73511,72
2026/07/24 16:39:39.765,2026/07/24 16:39:39.750,2026/07/24 16:39:39.779,1,GPU-713d5b24-2a1e-fd4a-7685-c3d195ff9230,235.65,1410,1593,60,21,73511,42
2026/07/24 16:39:40.015,2026/07/24 16:39:40.001,2026/07/24 16:39:40.030,0,GPU-e2681f6e-8d94-2d66-484f-43ea602335f9,424.33,1410,1593,100,16,73511,72
2026/07/24 16:39:40.015,2026/07/24 16:39:40.001,2026/07/24 16:39:40.030,1,GPU-713d5b24-2a1e-fd4a-7685-c3d195ff9230,246.21,1410,1593,100,52,73511,43
2026/07/24 16:39:40.294,2026/07/24 16:39:40.251,2026/07/24 16:39:40.337,0,GPU-e2681f6e-8d94-2d66-484f-43ea602335f9,403.22,1410,1593,100,16,73511,72
2026/07/24 16:39:40.294,2026/07/24 16:39:40.251,2026/07/24 16:39:40.337,1,GPU-713d5b24-2a1e-fd4a-7685-c3d195ff9230,249.51,1410,1593,100,46,73511,44
2026/07/24 16:39:40.515,2026/07/24 16:39:40.501,2026/07/24 16:39:40.530,0,GPU-e2681f6e-8d94-2d66-484f-43ea602335f9,410.32,1410,1593,100,14,73511,72
2026/07/24 16:39:40.515,2026/07/24 16:39:40.501,2026/07/24 16:39:40.530,1,GPU-713d5b24-2a1e-fd4a-7685-c3d195ff9230,86.49,1410,1593,38,21,73511,41
2026/07/24 16:39:40.797,2026/07/24 16:39:40.751,2026/07/24 16:39:40.843,0,GPU-e2681f6e-8d94-2d66-484f-43ea602335f9,420.70,1410,1593,100,17,73511,72
2026/07/24 16:39:40.797,2026/07/24 16:39:40.751,2026/07/24 16:39:40.843,1,GPU-713d5b24-2a1e-fd4a-7685-c3d195ff9230,240.80,1410,1593,84,34,73511,44
2026/07/24 16:39:41.016,2026/07/24 16:39:41.001,2026/07/24 16:39:41.030,0,GPU-e2681f6e-8d94-2d66-484f-43ea602335f9,421.57,1410,1593,100,15,73511,72
2026/07/24 16:39:41.016,2026/07/24 16:39:41.001,2026/07/24 16:39:41.030,1,GPU-713d5b24-2a1e-fd4a-7685-c3d195ff9230,125.02,1410,1593,100,52,73511,41
2026/07/24 16:39:41.265,2026/07/24 16:39:41.251,2026/07/24 16:39:41.278,0,GPU-e2681f6e-8d94-2d66-484f-43ea602335f9,416.75,1410,1593,100,16,73511,72
2026/07/24 16:39:41.265,2026/07/24 16:39:41.251,2026/07/24 16:39:41.278,1,GPU-713d5b24-2a1e-fd4a-7685-c3d195ff9230,243.18,1410,1593,37,10,73511,43
2026/07/24 16:39:41.515,2026/07/24 16:39:41.501,2026/07/24 16:39:41.529,0,GPU-e2681f6e-8d94-2d66-484f-43ea602335f9,408.96,1410,1593,100,13,73511,72
2026/07/24 16:39:41.515,2026/07/24 16:39:41.501,2026/07/24 16:39:41.529,1,GPU-713d5b24-2a1e-fd4a-7685-c3d195ff9230,86.49,1410,1593,39,21,73511,40
2026/07/24 16:39:41.767,2026/07/24 16:39:41.751,2026/07/24 16:39:41.783,0,GPU-e2681f6e-8d94-2d66-484f-43ea602335f9,419.79,1410,1593,100,15,73511,73
2026/07/24 16:39:41.767,2026/07/24 16:39:41.751,2026/07/24 16:39:41.783,1,GPU-713d5b24-2a1e-fd4a-7685-c3d195ff9230,96.39,1410,1593,26,3,73511,42
2026/07/24 16:39:42.016,2026/07/24 16:39:42.001,2026/07/24 16:39:42.032,0,GPU-e2681f6e-8d94-2d66-484f-43ea602335f9,417.67,1410,1593,100,14,73511,73
2026/07/24 16:39:42.016,2026/07/24 16:39:42.001,2026/07/24 16:39:42.032,1,GPU-713d5b24-2a1e-fd4a-7685-c3d195ff9230,242.26,1410,1593,100,52,73511,44
2026/07/24 16:39:42.266,2026/07/24 16:39:42.251,2026/07/24 16:39:42.281,0,GPU-e2681f6e-8d94-2d66-484f-43ea602335f9,428.23,1410,1593,100,18,73511,73
2026/07/24 16:39:42.266,2026/07/24 16:39:42.251,2026/07/24 16:39:42.281,1,GPU-713d5b24-2a1e-fd4a-7685-c3d195ff9230,85.84,1410,1593,72,38,73511,42
2026/07/24 16:39:42.516,2026/07/24 16:39:42.501,2026/07/24 16:39:42.531,0,GPU-e2681f6e-8d94-2d66-484f-43ea602335f9,424.33,1410,1593,100,15,73511,73
2026/07/24 16:39:42.516,2026/07/24 16:39:42.501,2026/07/24 16:39:42.531,1,GPU-713d5b24-2a1e-fd4a-7685-c3d195ff9230,247.08,1410,1593,100,53,73511,44
2026/07/24 16:39:42.767,2026/07/24 16:39:42.751,2026/07/24 16:39:42.782,0,GPU-e2681f6e-8d94-2d66-484f-43ea602335f9,435.48,1410,1593,100,16,73511,73
2026/07/24 16:39:42.767,2026/07/24 16:39:42.751,2026/07/24 16:39:42.782,1,GPU-713d5b24-2a1e-fd4a-7685-c3d195ff9230,234.14,1410,1593,84,35,73511,44
2026/07/24 16:39:43.017,2026/07/24 16:39:43.001,2026/07/24 16:39:43.032,0,GPU-e2681f6e-8d94-2d66-484f-43ea602335f9,418.27,1410,1593,100,16,73511,73
2026/07/24 16:39:43.017,2026/07/24 16:39:43.001,2026/07/24 16:39:43.032,1,GPU-713d5b24-2a1e-fd4a-7685-c3d195ff9230,248.92,1410,1593,100,53,73511,44
2026/07/24 16:39:43.266,2026/07/24 16:39:43.251,2026/07/24 16:39:43.280,0,GPU-e2681f6e-8d94-2d66-484f-43ea602335f9,421.89,1410,1593,100,16,73511,73
2026/07/24 16:39:43.266,2026/07/24 16:39:43.251,2026/07/24 16:39:43.280,1,GPU-713d5b24-2a1e-fd4a-7685-c3d195ff9230,246.48,1410,1593,97,44,73511,45
2026/07/24 16:39:43.544,2026/07/24 16:39:43.502,2026/07/24 16:39:43.586,0,GPU-e2681f6e-8d94-2d66-484f-43ea602335f9,409.23,1410,1593,100,13,73511,73
2026/07/24 16:39:43.544,2026/07/24 16:39:43.502,2026/07/24 16:39:43.586,1,GPU-713d5b24-2a1e-fd4a-7685-c3d195ff9230,88.87,1410,1593,19,10,73511,41
2026/07/24 16:39:43.766,2026/07/24 16:39:43.752,2026/07/24 16:39:43.781,0,GPU-e2681f6e-8d94-2d66-484f-43ea602335f9,432.59,1410,1593,100,12,73511,74
2026/07/24 16:39:43.766,2026/07/24 16:39:43.752,2026/07/24 16:39:43.781,1,GPU-713d5b24-2a1e-fd4a-7685-c3d195ff9230,86.17,1410,1593,0,0,73511,40
2026/07/24 16:39:44.020,2026/07/24 16:39:44.002,2026/07/24 16:39:44.038,0,GPU-e2681f6e-8d94-2d66-484f-43ea602335f9,415.56,1410,1593,100,16,73511,74
2026/07/24 16:39:44.020,2026/07/24 16:39:44.002,2026/07/24 16:39:44.038,1,GPU-713d5b24-2a1e-fd4a-7685-c3d195ff9230,239.55,1410,1593,76,27,73511,43
2026/07/24 16:39:44.268,2026/07/24 16:39:44.252,2026/07/24 16:39:44.284,0,GPU-e2681f6e-8d94-2d66-484f-43ea602335f9,411.83,1410,1593,100,13,73511,74
2026/07/24 16:39:44.268,2026/07/24 16:39:44.252,2026/07/24 16:39:44.284,1,GPU-713d5b24-2a1e-fd4a-7685-c3d195ff9230,87.68,1410,1593,100,52,73511,44
2026/07/24 16:39:44.517,2026/07/24 16:39:44.502,2026/07/24 16:39:44.531,0,GPU-e2681f6e-8d94-2d66-484f-43ea602335f9,434.83,1410,1593,100,18,73511,74
2026/07/24 16:39:44.517,2026/07/24 16:39:44.502,2026/07/24 16:39:44.531,1,GPU-713d5b24-2a1e-fd4a-7685-c3d195ff9230,238.96,1410,1593,48,25,73511,44
2026/07/24 16:39:44.767,2026/07/24 16:39:44.752,2026/07/24 16:39:44.782,0,GPU-e2681f6e-8d94-2d66-484f-43ea602335f9,422.38,1410,1593,100,15,73511,74
2026/07/24 16:39:44.767,2026/07/24 16:39:44.752,2026/07/24 16:39:44.782,1,GPU-713d5b24-2a1e-fd4a-7685-c3d195ff9230,85.84,1410,1593,56,29,73511,41
2026/07/24 16:39:45.017,2026/07/24 16:39:45.002,2026/07/24 16:39:45.032,0,GPU-e2681f6e-8d94-2d66-484f-43ea602335f9,413.78,1410,1593,100,13,73511,74
2026/07/24 16:39:45.017,2026/07/24 16:39:45.002,2026/07/24 16:39:45.032,1,GPU-713d5b24-2a1e-fd4a-7685-c3d195ff9230,85.25,1410,1593,0,0,73511,39
2026/07/24 16:39:45.269,2026/07/24 16:39:45.252,2026/07/24 16:39:45.285,0,GPU-e2681f6e-8d94-2d66-484f-43ea602335f9,423.68,1410,1593,100,13,73511,74
2026/07/24 16:39:45.269,2026/07/24 16:39:45.252,2026/07/24 16:39:45.285,1,GPU-713d5b24-2a1e-fd4a-7685-c3d195ff9230,240.15,1410,1593,24,0,73511,43
2026/07/24 16:39:45.516,2026/07/24 16:39:45.502,2026/07/24 16:39:45.530,0,GPU-e2681f6e-8d94-2d66-484f-43ea602335f9,412.53,1410,1593,100,14,73511,74
2026/07/24 16:39:45.516,2026/07/24 16:39:45.502,2026/07/24 16:39:45.530,1,GPU-713d5b24-2a1e-fd4a-7685-c3d195ff9230,114.20,1410,1593,67,35,73511,44
2026/07/24 16:39:45.767,2026/07/24 16:39:45.752,2026/07/24 16:39:45.783,0,GPU-e2681f6e-8d94-2d66-484f-43ea602335f9,424.01,1410,1593,100,13,73511,74
2026/07/24 16:39:45.767,2026/07/24 16:39:45.752,2026/07/24 16:39:45.783,1,GPU-713d5b24-2a1e-fd4a-7685-c3d195ff9230,85.57,1410,1593,0,0,73511,40
2026/07/24 16:39:46.054,2026/07/24 16:39:46.002,2026/07/24 16:39:46.106,0,GPU-e2681f6e-8d94-2d66-484f-43ea602335f9,414.64,1410,1593,100,16,73511,74
2026/07/24 16:39:46.054,2026/07/24 16:39:46.002,2026/07/24 16:39:46.106,1,GPU-713d5b24-2a1e-fd4a-7685-c3d195ff9230,238.36,1410,1593,62,20,73511,43
2026/07/24 16:39:46.266,2026/07/24 16:39:46.252,2026/07/24 16:39:46.279,0,GPU-e2681f6e-8d94-2d66-484f-43ea602335f9,412.53,1410,1593,100,15,73511,66
2026/07/24 16:39:46.266,2026/07/24 16:39:46.252,2026/07/24 16:39:46.279,1,GPU-713d5b24-2a1e-fd4a-7685-c3d195ff9230,246.81,1410,1593,100,52,73511,42
2026/07/24 16:39:46.518,2026/07/24 16:39:46.502,2026/07/24 16:39:46.534,0,GPU-e2681f6e-8d94-2d66-484f-43ea602335f9,407.72,1410,1593,83,13,73511,67
2026/07/24 16:39:46.518,2026/07/24 16:39:46.502,2026/07/24 16:39:46.534,1,GPU-713d5b24-2a1e-fd4a-7685-c3d195ff9230,241.40,1410,1593,83,34,73511,44
2026/07/24 16:39:46.766,2026/07/24 16:39:46.752,2026/07/24 16:39:46.780,0,GPU-e2681f6e-8d94-2d66-484f-43ea602335f9,410.64,1410,1593,100,18,73511,72
2026/07/24 16:39:46.766,2026/07/24 16:39:46.752,2026/07/24 16:39:46.780,1,GPU-713d5b24-2a1e-fd4a-7685-c3d195ff9230,85.84,1410,1593,0,0,73511,40
2026/07/24 16:39:47.018,2026/07/24 16:39:47.003,2026/07/24 16:39:47.033,0,GPU-e2681f6e-8d94-2d66-484f-43ea602335f9,400.96,1410,1593,100,14,73511,72
2026/07/24 16:39:47.018,2026/07/24 16:39:47.003,2026/07/24 16:39:47.033,1,GPU-713d5b24-2a1e-fd4a-7685-c3d195ff9230,85.25,1410,1593,0,0,73511,39
2026/07/24 16:39:47.282,2026/07/24 16:39:47.253,2026/07/24 16:39:47.311,0,GPU-e2681f6e-8d94-2d66-484f-43ea602335f9,104.35,1410,1593,83,12,73511,61
2026/07/24 16:39:47.282,2026/07/24 16:39:47.253,2026/07/24 16:39:47.311,1,GPU-713d5b24-2a1e-fd4a-7685-c3d195ff9230,241.07,1410,1593,33,7,73511,43
2026/07/24 16:39:47.517,2026/07/24 16:39:47.503,2026/07/24 16:39:47.531,0,GPU-e2681f6e-8d94-2d66-484f-43ea602335f9,100.45,1410,1593,0,0,73511,57
2026/07/24 16:39:47.517,2026/07/24 16:39:47.503,2026/07/24 16:39:47.531,1,GPU-713d5b24-2a1e-fd4a-7685-c3d195ff9230,248.59,1410,1593,100,52,73511,41
2026/07/24 16:39:47.767,2026/07/24 16:39:47.753,2026/07/24 16:39:47.781,0,GPU-e2681f6e-8d94-2d66-484f-43ea602335f9,99.53,1410,1593,0,0,73511,56
2026/07/24 16:39:47.767,2026/07/24 16:39:47.753,2026/07/24 16:39:47.781,1,GPU-713d5b24-2a1e-fd4a-7685-c3d195ff9230,85.57,1410,1593,0,0,73511,39
2026/07/24 16:39:48.018,2026/07/24 16:39:48.003,2026/07/24 16:39:48.034,0,GPU-e2681f6e-8d94-2d66-484f-43ea602335f9,99.86,1410,1593,0,0,73511,55
2026/07/24 16:39:48.018,2026/07/24 16:39:48.003,2026/07/24 16:39:48.034,1,GPU-713d5b24-2a1e-fd4a-7685-c3d195ff9230,86.17,1410,1593,0,0,73511,39
2026/07/24 16:39:48.267,2026/07/24 16:39:48.253,2026/07/24 16:39:48.280,0,GPU-e2681f6e-8d94-2d66-484f-43ea602335f9,401.11,1410,1593,100,17,73511,65
2026/07/24 16:39:48.267,2026/07/24 16:39:48.253,2026/07/24 16:39:48.280,1,GPU-713d5b24-2a1e-fd4a-7685-c3d195ff9230,84.65,1410,1593,0,0,73511,38
2026/07/24 16:39:48.516,2026/07/24 16:39:48.503,2026/07/24 16:39:48.530,0,GPU-e2681f6e-8d94-2d66-484f-43ea602335f9,401.11,1410,1593,100,14,73511,70
2026/07/24 16:39:48.516,2026/07/24 16:39:48.503,2026/07/24 16:39:48.530,1,GPU-713d5b24-2a1e-fd4a-7685-c3d195ff9230,84.65,1410,1593,0,0,73511,38
2026/07/24 16:39:48.767,2026/07/24 16:39:48.753,2026/07/24 16:39:48.780,0,GPU-e2681f6e-8d94-2d66-484f-43ea602335f9,402.63,1410,1593,100,12,73511,70
2026/07/24 16:39:48.767,2026/07/24 16:39:48.753,2026/07/24 16:39:48.780,1,GPU-713d5b24-2a1e-fd4a-7685-c3d195ff9230,84.65,1410,1593,0,0,73511,38
2026/07/24 16:39:49.036,2026/07/24 16:39:49.003,2026/07/24 16:39:49.068,0,GPU-e2681f6e-8d94-2d66-484f-43ea602335f9,105.27,1410,1593,47,5,73511,59
2026/07/24 16:39:49.036,2026/07/24 16:39:49.003,2026/07/24 16:39:49.068,1,GPU-713d5b24-2a1e-fd4a-7685-c3d195ff9230,242.91,1410,1593,63,20,73511,41
2026/07/24 16:39:49.267,2026/07/24 16:39:49.253,2026/07/24 16:39:49.281,0,GPU-e2681f6e-8d94-2d66-484f-43ea602335f9,99.86,1410,1593,0,0,73511,56
2026/07/24 16:39:49.267,2026/07/24 16:39:49.253,2026/07/24 16:39:49.281,1,GPU-713d5b24-2a1e-fd4a-7685-c3d195ff9230,95.53,1410,1593,100,52,73511,40
2026/07/24 16:39:49.521,2026/07/24 16:39:49.503,2026/07/24 16:39:49.538,0,GPU-e2681f6e-8d94-2d66-484f-43ea602335f9,98.61,1410,1593,3,1,73511,59
2026/07/24 16:39:49.521,2026/07/24 16:39:49.503,2026/07/24 16:39:49.538,1,GPU-713d5b24-2a1e-fd4a-7685-c3d195ff9230,84.97,1410,1593,11,6,73511,39
2026/07/24 16:39:49.767,2026/07/24 16:39:49.753,2026/07/24 16:39:49.781,0,GPU-e2681f6e-8d94-2d66-484f-43ea602335f9,398.68,1410,1593,100,18,73511,68
2026/07/24 16:39:49.767,2026/07/24 16:39:49.753,2026/07/24 16:39:49.781,1,GPU-713d5b24-2a1e-fd4a-7685-c3d195ff9230,84.65,1410,1593,0,0,73511,38
2026/07/24 16:39:50.018,2026/07/24 16:39:50.003,2026/07/24 16:39:50.032,0,GPU-e2681f6e-8d94-2d66-484f-43ea602335f9,414.64,1410,1593,100,14,73511,70
2026/07/24 16:39:50.018,2026/07/24 16:39:50.003,2026/07/24 16:39:50.032,1,GPU-713d5b24-2a1e-fd4a-7685-c3d195ff9230,84.65,1410,1593,0,0,73511,38
2026/07/24 16:39:50.274,2026/07/24 16:39:50.253,2026/07/24 16:39:50.294,0,GPU-e2681f6e-8d94-2d66-484f-43ea602335f9,425.99,1410,1593,99,17,73511,70
2026/07/24 16:39:50.274,2026/07/24 16:39:50.253,2026/07/24 16:39:50.294,1,GPU-713d5b24-2a1e-fd4a-7685-c3d195ff9230,90.39,1410,1593,0,0,73511,40
2026/07/24 16:39:50.518,2026/07/24 16:39:50.504,2026/07/24 16:39:50.533,0,GPU-e2681f6e-8d94-2d66-484f-43ea602335f9,418.00,1410,1593,100,16,73511,72
2026/07/24 16:39:50.518,2026/07/24 16:39:50.504,2026/07/24 16:39:50.533,1,GPU-713d5b24-2a1e-fd4a-7685-c3d195ff9230,238.36,1410,1593,72,25,73511,42
2026/07/24 16:39:50.769,2026/07/24 16:39:50.754,2026/07/24 16:39:50.784,0,GPU-e2681f6e-8d94-2d66-484f-43ea602335f9,432.92,1410,1593,99,16,73511,72
2026/07/24 16:39:50.769,2026/07/24 16:39:50.754,2026/07/24 16:39:50.784,1,GPU-713d5b24-2a1e-fd4a-7685-c3d195ff9230,98.83,1410,1593,35,9,73511,39
2026/07/24 16:39:51.016,2026/07/24 16:39:51.004,2026/07/24 16:39:51.028,0,GPU-e2681f6e-8d94-2d66-484f-43ea602335f9,405.60,1410,1593,100,17,73511,72
2026/07/24 16:39:51.016,2026/07/24 16:39:51.004,2026/07/24 16:39:51.028,1,GPU-713d5b24-2a1e-fd4a-7685-c3d195ff9230,242.91,1410,1593,100,53,73511,43
2026/07/24 16:39:51.307,2026/07/24 16:39:51.254,2026/07/24 16:39:51.359,0,GPU-e2681f6e-8d94-2d66-484f-43ea602335f9,409.23,1410,1593,100,14,73511,66
2026/07/24 16:39:51.307,2026/07/24 16:39:51.254,2026/07/24 16:39:51.359,1,GPU-713d5b24-2a1e-fd4a-7685-c3d195ff9230,85.57,1410,1593,37,20,73511,39
2026/07/24 16:39:51.525,2026/07/24 16:39:51.504,2026/07/24 16:39:51.546,0,GPU-e2681f6e-8d94-2d66-484f-43ea602335f9,150.19,1410,1593,99,14,73511,62
2026/07/24 16:39:51.525,2026/07/24 16:39:51.504,2026/07/24 16:39:51.546,1,GPU-713d5b24-2a1e-fd4a-7685-c3d195ff9230,229.65,1410,1593,11,0,73511,42
2026/07/24 16:39:51.769,2026/07/24 16:39:51.754,2026/07/24 16:39:51.783,0,GPU-e2681f6e-8d94-2d66-484f-43ea602335f9,100.12,1410,1593,0,0,73511,57
2026/07/24 16:39:51.769,2026/07/24 16:39:51.754,2026/07/24 16:39:51.783,1,GPU-713d5b24-2a1e-fd4a-7685-c3d195ff9230,245.29,1410,1593,97,45,73511,40
2026/07/24 16:39:52.016,2026/07/24 16:39:52.004,2026/07/24 16:39:52.029,0,GPU-e2681f6e-8d94-2d66-484f-43ea602335f9,99.86,1410,1593,0,0,73511,55
2026/07/24 16:39:52.016,2026/07/24 16:39:52.004,2026/07/24 16:39:52.029,1,GPU-713d5b24-2a1e-fd4a-7685-c3d195ff9230,85.25,1410,1593,0,0,73511,39
2026/07/24 16:39:52.267,2026/07/24 16:39:52.254,2026/07/24 16:39:52.280,0,GPU-e2681f6e-8d94-2d66-484f-43ea602335f9,97.42,1410,1593,0,0,73511,54
2026/07/24 16:39:52.267,2026/07/24 16:39:52.254,2026/07/24 16:39:52.280,1,GPU-713d5b24-2a1e-fd4a-7685-c3d195ff9230,84.97,1410,1593,0,0,73511,38
2026/07/24 16:39:52.516,2026/07/24 16:39:52.504,2026/07/24 16:39:52.527,0,GPU-e2681f6e-8d94-2d66-484f-43ea602335f9,97.09,1410,1593,0,0,73511,53
2026/07/24 16:39:52.516,2026/07/24 16:39:52.504,2026/07/24 16:39:52.527,1,GPU-713d5b24-2a1e-fd4a-7685-c3d195ff9230,84.65,1410,1593,0,0,73511,38
2026/07/24 16:39:52.767,2026/07/24 16:39:52.754,2026/07/24 16:39:52.781,0,GPU-e2681f6e-8d94-2d66-484f-43ea602335f9,96.82,1410,1593,0,0,73511,53
2026/07/24 16:39:52.767,2026/07/24 16:39:52.754,2026/07/24 16:39:52.781,1,GPU-713d5b24-2a1e-fd4a-7685-c3d195ff9230,84.65,1410,1593,0,0,73511,38
2026/07/24 16:39:53.018,2026/07/24 16:39:53.004,2026/07/24 16:39:53.032,0,GPU-e2681f6e-8d94-2d66-484f-43ea602335f9,96.22,1410,1593,0,0,73511,53
2026/07/24 16:39:53.018,2026/07/24 16:39:53.004,2026/07/24 16:39:53.032,1,GPU-713d5b24-2a1e-fd4a-7685-c3d195ff9230,84.46,1410,1593,0,0,73511,37
2026/07/24 16:39:53.267,2026/07/24 16:39:53.254,2026/07/24 16:39:53.280,0,GPU-e2681f6e-8d94-2d66-484f-43ea602335f9,96.22,1410,1593,0,0,73511,52
2026/07/24 16:39:53.267,2026/07/24 16:39:53.254,2026/07/24 16:39:53.280,1,GPU-713d5b24-2a1e-fd4a-7685-c3d195ff9230,84.38,1410,1593,0,0,73511,37
2026/07/24 16:39:53.517,2026/07/24 16:39:53.504,2026/07/24 16:39:53.529,0,GPU-e2681f6e-8d94-2d66-484f-43ea602335f9,95.63,1410,1593,0,0,73511,52
2026/07/24 16:39:53.517,2026/07/24 16:39:53.504,2026/07/24 16:39:53.529,1,GPU-713d5b24-2a1e-fd4a-7685-c3d195ff9230,84.38,1410,1593,0,0,73511,37
2026/07/24 16:39:53.768,2026/07/24 16:39:53.754,2026/07/24 16:39:53.781,0,GPU-e2681f6e-8d94-2d66-484f-43ea602335f9,96.82,1410,1593,0,0,73511,52
2026/07/24 16:39:53.768,2026/07/24 16:39:53.754,2026/07/24 16:39:53.781,1,GPU-713d5b24-2a1e-fd4a-7685-c3d195ff9230,84.65,1410,1593,0,0,73511,37
2026/07/24 16:39:54.018,2026/07/24 16:39:54.004,2026/07/24 16:39:54.031,0,GPU-e2681f6e-8d94-2d66-484f-43ea602335f9,95.30,1410,1593,0,0,73511,51
2026/07/24 16:39:54.018,2026/07/24 16:39:54.004,2026/07/24 16:39:54.031,1,GPU-713d5b24-2a1e-fd4a-7685-c3d195ff9230,84.38,1410,1593,0,0,73511,37
2026/07/24 16:39:54.267,2026/07/24 16:39:54.254,2026/07/24 16:39:54.280,0,GPU-e2681f6e-8d94-2d66-484f-43ea602335f9,95.30,1410,1593,0,0,73511,51
2026/07/24 16:39:54.267,2026/07/24 16:39:54.254,2026/07/24 16:39:54.280,1,GPU-713d5b24-2a1e-fd4a-7685-c3d195ff9230,84.38,1410,1593,0,0,73511,37
2026/07/24 16:39:54.517,2026/07/24 16:39:54.505,2026/07/24 16:39:54.529,0,GPU-e2681f6e-8d94-2d66-484f-43ea602335f9,94.98,1410,1593,0,0,73511,51
2026/07/24 16:39:54.517,2026/07/24 16:39:54.505,2026/07/24 16:39:54.529,1,GPU-713d5b24-2a1e-fd4a-7685-c3d195ff9230,84.38,1410,1593,0,0,73511,37
2026/07/24 16:39:54.768,2026/07/24 16:39:54.755,2026/07/24 16:39:54.782,0,GPU-e2681f6e-8d94-2d66-484f-43ea602335f9,94.98,1410,1593,0,0,73511,51
2026/07/24 16:39:54.768,2026/07/24 16:39:54.755,2026/07/24 16:39:54.782,1,GPU-713d5b24-2a1e-fd4a-7685-c3d195ff9230,84.38,1410,1593,0,0,73511,37
2026/07/24 16:39:55.018,2026/07/24 16:39:55.005,2026/07/24 16:39:55.031,0,GPU-e2681f6e-8d94-2d66-484f-43ea602335f9,400.10,1410,1593,94,17,73511,62
2026/07/24 16:39:55.018,2026/07/24 16:39:55.005,2026/07/24 16:39:55.031,1,GPU-713d5b24-2a1e-fd4a-7685-c3d195ff9230,84.38,1410,1593,0,0,73511,37
2026/07/24 16:39:55.268,2026/07/24 16:39:55.255,2026/07/24 16:39:55.281,0,GPU-e2681f6e-8d94-2d66-484f-43ea602335f9,398.68,1410,1593,100,15,73511,66
2026/07/24 16:39:55.268,2026/07/24 16:39:55.255,2026/07/24 16:39:55.281,1,GPU-713d5b24-2a1e-fd4a-7685-c3d195ff9230,84.38,1410,1593,0,0,73511,37
2026/07/24 16:39:55.524,2026/07/24 16:39:55.505,2026/07/24 16:39:55.544,0,GPU-e2681f6e-8d94-2d66-484f-43ea602335f9,404.73,1410,1593,100,18,73511,68
2026/07/24 16:39:55.524,2026/07/24 16:39:55.505,2026/07/24 16:39:55.544,1,GPU-713d5b24-2a1e-fd4a-7685-c3d195ff9230,238.36,1410,1593,23,2,73511,41
2026/07/24 16:39:55.768,2026/07/24 16:39:55.755,2026/07/24 16:39:55.782,0,GPU-e2681f6e-8d94-2d66-484f-43ea602335f9,402.90,1410,1593,100,14,73511,69
2026/07/24 16:39:55.768,2026/07/24 16:39:55.755,2026/07/24 16:39:55.782,1,GPU-713d5b24-2a1e-fd4a-7685-c3d195ff9230,85.25,1410,1593,100,52,73511,39
2026/07/24 16:39:56.019,2026/07/24 16:39:56.005,2026/07/24 16:39:56.032,0,GPU-e2681f6e-8d94-2d66-484f-43ea602335f9,392.34,1410,1593,100,12,73511,69
2026/07/24 16:39:56.019,2026/07/24 16:39:56.005,2026/07/24 16:39:56.032,1,GPU-713d5b24-2a1e-fd4a-7685-c3d195ff9230,84.65,1410,1593,0,0,73511,38
2026/07/24 16:39:56.269,2026/07/24 16:39:56.255,2026/07/24 16:39:56.283,0,GPU-e2681f6e-8d94-2d66-484f-43ea602335f9,102.57,1410,1593,20,3,73511,56
2026/07/24 16:39:56.269,2026/07/24 16:39:56.255,2026/07/24 16:39:56.283,1,GPU-713d5b24-2a1e-fd4a-7685-c3d195ff9230,239.87,1410,1593,80,30,73511,42
2026/07/24 16:39:56.525,2026/07/24 16:39:56.505,2026/07/24 16:39:56.545,0,GPU-e2681f6e-8d94-2d66-484f-43ea602335f9,97.42,1410,1593,0,0,73511,54
2026/07/24 16:39:56.525,2026/07/24 16:39:56.505,2026/07/24 16:39:56.545,1,GPU-713d5b24-2a1e-fd4a-7685-c3d195ff9230,149.44,1410,1593,100,52,73511,40
2026/07/24 16:39:56.770,2026/07/24 16:39:56.755,2026/07/24 16:39:56.785,0,GPU-e2681f6e-8d94-2d66-484f-43ea602335f9,96.82,1410,1593,0,0,73511,53
2026/07/24 16:39:56.770,2026/07/24 16:39:56.755,2026/07/24 16:39:56.785,1,GPU-713d5b24-2a1e-fd4a-7685-c3d195ff9230,85.25,1410,1593,23,12,73511,38
2026/07/24 16:39:57.018,2026/07/24 16:39:57.005,2026/07/24 16:39:57.031,0,GPU-e2681f6e-8d94-2d66-484f-43ea602335f9,95.90,1410,1593,0,0,73511,52
2026/07/24 16:39:57.018,2026/07/24 16:39:57.005,2026/07/24 16:39:57.031,1,GPU-713d5b24-2a1e-fd4a-7685-c3d195ff9230,84.65,1410,1593,0,0,73511,38
2026/07/24 16:39:57.268,2026/07/24 16:39:57.255,2026/07/24 16:39:57.281,0,GPU-e2681f6e-8d94-2d66-484f-43ea602335f9,95.63,1410,1593,0,0,73511,51
2026/07/24 16:39:57.268,2026/07/24 16:39:57.255,2026/07/24 16:39:57.281,1,GPU-713d5b24-2a1e-fd4a-7685-c3d195ff9230,84.65,1410,1593,0,0,73511,37
2026/07/24 16:39:57.519,2026/07/24 16:39:57.505,2026/07/24 16:39:57.533,0,GPU-e2681f6e-8d94-2d66-484f-43ea602335f9,95.30,1410,1593,0,0,73511,51
2026/07/24 16:39:57.519,2026/07/24 16:39:57.505,2026/07/24 16:39:57.533,1,GPU-713d5b24-2a1e-fd4a-7685-c3d195ff9230,84.38,1410,1593,0,0,73511,37
2026/07/24 16:39:57.767,2026/07/24 16:39:57.755,2026/07/24 16:39:57.779,0,GPU-e2681f6e-8d94-2d66-484f-43ea602335f9,95.30,1410,1593,0,0,73511,51
2026/07/24 16:39:57.767,2026/07/24 16:39:57.755,2026/07/24 16:39:57.779,1,GPU-713d5b24-2a1e-fd4a-7685-c3d195ff9230,84.65,1410,1593,0,0,73511,37
2026/07/24 16:39:58.018,2026/07/24 16:39:58.006,2026/07/24 16:39:58.031,0,GPU-e2681f6e-8d94-2d66-484f-43ea602335f9,94.98,1410,1593,0,0,73511,50
2026/07/24 16:39:58.018,2026/07/24 16:39:58.006,2026/07/24 16:39:58.031,1,GPU-713d5b24-2a1e-fd4a-7685-c3d195ff9230,84.38,1410,1593,0,0,73511,37
2026/07/24 16:39:58.269,2026/07/24 16:39:58.256,2026/07/24 16:39:58.282,0,GPU-e2681f6e-8d94-2d66-484f-43ea602335f9,94.71,1410,1593,0,0,73511,50
2026/07/24 16:39:58.269,2026/07/24 16:39:58.256,2026/07/24 16:39:58.282,1,GPU-713d5b24-2a1e-fd4a-7685-c3d195ff9230,84.05,1410,1593,0,0,73511,37
2026/07/24 16:39:58.519,2026/07/24 16:39:58.506,2026/07/24 16:39:58.532,0,GPU-e2681f6e-8d94-2d66-484f-43ea602335f9,94.38,1410,1593,0,0,73511,50
2026/07/24 16:39:58.519,2026/07/24 16:39:58.506,2026/07/24 16:39:58.532,1,GPU-713d5b24-2a1e-fd4a-7685-c3d195ff9230,84.38,1410,1593,0,0,73511,37
2026/07/24 16:39:58.767,2026/07/24 16:39:58.756,2026/07/24 16:39:58.779,0,GPU-e2681f6e-8d94-2d66-484f-43ea602335f9,93.51,1410,1593,0,0,73511,50
2026/07/24 16:39:58.767,2026/07/24 16:39:58.756,2026/07/24 16:39:58.779,1,GPU-713d5b24-2a1e-fd4a-7685-c3d195ff9230,84.05,1410,1593,0,0,73511,37
2026/07/24 16:39:59.018,2026/07/24 16:39:59.006,2026/07/24 16:39:59.031,0,GPU-e2681f6e-8d94-2d66-484f-43ea602335f9,94.11,1410,1593,0,0,73511,49
2026/07/24 16:39:59.018,2026/07/24 16:39:59.006,2026/07/24 16:39:59.031,1,GPU-713d5b24-2a1e-fd4a-7685-c3d195ff9230,84.05,1410,1593,0,0,73511,37
2026/07/24 16:39:59.269,2026/07/24 16:39:59.256,2026/07/24 16:39:59.282,0,GPU-e2681f6e-8d94-2d66-484f-43ea602335f9,388.77,1410,1593,48,9,73511,60
2026/07/24 16:39:59.269,2026/07/24 16:39:59.256,2026/07/24 16:39:59.282,1,GPU-713d5b24-2a1e-fd4a-7685-c3d195ff9230,84.05,1410,1593,0,0,73511,37
2026/07/24 16:39:59.519,2026/07/24 16:39:59.506,2026/07/24 16:39:59.532,0,GPU-e2681f6e-8d94-2d66-484f-43ea602335f9,385.15,1410,1593,100,16,73511,64
2026/07/24 16:39:59.519,2026/07/24 16:39:59.506,2026/07/24 16:39:59.532,1,GPU-713d5b24-2a1e-fd4a-7685-c3d195ff9230,84.14,1410,1593,0,0,73511,37
2026/07/24 16:39:59.781,2026/07/24 16:39:59.756,2026/07/24 16:39:59.806,0,GPU-e2681f6e-8d94-2d66-484f-43ea602335f9,380.33,1410,1593,96,12,73511,62
2026/07/24 16:39:59.781,2026/07/24 16:39:59.756,2026/07/24 16:39:59.806,1,GPU-713d5b24-2a1e-fd4a-7685-c3d195ff9230,84.05,1410,1593,0,0,73511,36
2026/07/24 16:40:00.019,2026/07/24 16:40:00.006,2026/07/24 16:40:00.033,0,GPU-e2681f6e-8d94-2d66-484f-43ea602335f9,98.01,1410,1593,0,0,73511,55
2026/07/24 16:40:00.019,2026/07/24 16:40:00.006,2026/07/24 16:40:00.033,1,GPU-713d5b24-2a1e-fd4a-7685-c3d195ff9230,236.25,1410,1593,97,38,73511,41
2026/07/24 16:40:00.271,2026/07/24 16:40:00.256,2026/07/24 16:40:00.287,0,GPU-e2681f6e-8d94-2d66-484f-43ea602335f9,95.90,1410,1593,0,0,73511,52
2026/07/24 16:40:00.271,2026/07/24 16:40:00.256,2026/07/24 16:40:00.287,1,GPU-713d5b24-2a1e-fd4a-7685-c3d195ff9230,157.61,1410,1593,100,52,73511,42
2026/07/24 16:40:00.521,2026/07/24 16:40:00.506,2026/07/24 16:40:00.536,0,GPU-e2681f6e-8d94-2d66-484f-43ea602335f9,94.98,1410,1593,0,0,73511,51
2026/07/24 16:40:00.521,2026/07/24 16:40:00.506,2026/07/24 16:40:00.536,1,GPU-713d5b24-2a1e-fd4a-7685-c3d195ff9230,84.97,1410,1593,24,13,73511,38
2026/07/24 16:40:00.771,2026/07/24 16:40:00.756,2026/07/24 16:40:00.786,0,GPU-e2681f6e-8d94-2d66-484f-43ea602335f9,94.71,1410,1593,1,0,73511,55
2026/07/24 16:40:00.771,2026/07/24 16:40:00.756,2026/07/24 16:40:00.786,1,GPU-713d5b24-2a1e-fd4a-7685-c3d195ff9230,84.65,1410,1593,0,0,73511,37
2026/07/24 16:40:01.021,2026/07/24 16:40:01.006,2026/07/24 16:40:01.037,0,GPU-e2681f6e-8d94-2d66-484f-43ea602335f9,392.07,1410,1593,100,18,73511,62
2026/07/24 16:40:01.021,2026/07/24 16:40:01.006,2026/07/24 16:40:01.037,1,GPU-713d5b24-2a1e-fd4a-7685-c3d195ff9230,84.38,1410,1593,0,0,73511,37
2026/07/24 16:40:01.270,2026/07/24 16:40:01.256,2026/07/24 16:40:01.284,0,GPU-e2681f6e-8d94-2d66-484f-43ea602335f9,382.71,1410,1593,100,15,73511,65
2026/07/24 16:40:01.270,2026/07/24 16:40:01.256,2026/07/24 16:40:01.284,1,GPU-713d5b24-2a1e-fd4a-7685-c3d195ff9230,84.38,1410,1593,0,0,73511,37
2026/07/24 16:40:01.521,2026/07/24 16:40:01.507,2026/07/24 16:40:01.535,0,GPU-e2681f6e-8d94-2d66-484f-43ea602335f9,408.31,1410,1593,100,18,73511,67
2026/07/24 16:40:01.521,2026/07/24 16:40:01.507,2026/07/24 16:40:01.535,1,GPU-713d5b24-2a1e-fd4a-7685-c3d195ff9230,240.47,1410,1593,66,26,73511,41
2026/07/24 16:40:01.770,2026/07/24 16:40:01.757,2026/07/24 16:40:01.783,0,GPU-e2681f6e-8d94-2d66-484f-43ea602335f9,398.68,1410,1593,100,12,73511,68
2026/07/24 16:40:01.770,2026/07/24 16:40:01.757,2026/07/24 16:40:01.783,1,GPU-713d5b24-2a1e-fd4a-7685-c3d195ff9230,92.17,1410,1593,100,53,73511,39
2026/07/24 16:40:02.022,2026/07/24 16:40:02.007,2026/07/24 16:40:02.037,0,GPU-e2681f6e-8d94-2d66-484f-43ea602335f9,331.51,1410,1593,62,9,73511,59
2026/07/24 16:40:02.022,2026/07/24 16:40:02.007,2026/07/24 16:40:02.037,1,GPU-713d5b24-2a1e-fd4a-7685-c3d195ff9230,97.91,1410,1593,31,4,73511,38
2026/07/24 16:40:02.270,2026/07/24 16:40:02.257,2026/07/24 16:40:02.284,0,GPU-e2681f6e-8d94-2d66-484f-43ea602335f9,98.01,1410,1593,0,0,73511,55
2026/07/24 16:40:02.270,2026/07/24 16:40:02.257,2026/07/24 16:40:02.284,1,GPU-713d5b24-2a1e-fd4a-7685-c3d195ff9230,241.99,1410,1593,100,52,73511,40
2026/07/24 16:40:02.521,2026/07/24 16:40:02.507,2026/07/24 16:40:02.535,0,GPU-e2681f6e-8d94-2d66-484f-43ea602335f9,96.49,1410,1593,0,0,73511,52
2026/07/24 16:40:02.521,2026/07/24 16:40:02.507,2026/07/24 16:40:02.535,1,GPU-713d5b24-2a1e-fd4a-7685-c3d195ff9230,85.25,1410,1593,15,8,73511,38
2026/07/24 16:40:02.772,2026/07/24 16:40:02.757,2026/07/24 16:40:02.786,0,GPU-e2681f6e-8d94-2d66-484f-43ea602335f9,95.30,1410,1593,0,0,73511,51
2026/07/24 16:40:02.772,2026/07/24 16:40:02.757,2026/07/24 16:40:02.786,1,GPU-713d5b24-2a1e-fd4a-7685-c3d195ff9230,84.65,1410,1593,0,0,73511,37
2026/07/24 16:40:03.022,2026/07/24 16:40:03.007,2026/07/24 16:40:03.037,0,GPU-e2681f6e-8d94-2d66-484f-43ea602335f9,94.98,1410,1593,0,0,73511,50
2026/07/24 16:40:03.022,2026/07/24 16:40:03.007,2026/07/24 16:40:03.037,1,GPU-713d5b24-2a1e-fd4a-7685-c3d195ff9230,84.65,1410,1593,0,0,73511,37
2026/07/24 16:40:03.273,2026/07/24 16:40:03.257,2026/07/24 16:40:03.289,0,GPU-e2681f6e-8d94-2d66-484f-43ea602335f9,403.49,1410,1593,38,7,73511,59
2026/07/24 16:40:03.273,2026/07/24 16:40:03.257,2026/07/24 16:40:03.289,1,GPU-713d5b24-2a1e-fd4a-7685-c3d195ff9230,84.38,1410,1593,0,0,73511,37
2026/07/24 16:40:03.522,2026/07/24 16:40:03.507,2026/07/24 16:40:03.536,0,GPU-e2681f6e-8d94-2d66-484f-43ea602335f9,398.68,1410,1593,100,17,73511,64
2026/07/24 16:40:03.522,2026/07/24 16:40:03.507,2026/07/24 16:40:03.536,1,GPU-713d5b24-2a1e-fd4a-7685-c3d195ff9230,84.38,1410,1593,0,0,73511,37
2026/07/24 16:40:03.792,2026/07/24 16:40:03.757,2026/07/24 16:40:03.826,0,GPU-e2681f6e-8d94-2d66-484f-43ea602335f9,408.63,1410,1593,100,13,73511,66
2026/07/24 16:40:03.792,2026/07/24 16:40:03.757,2026/07/24 16:40:03.826,1,GPU-713d5b24-2a1e-fd4a-7685-c3d195ff9230,84.38,1410,1593,0,0,73511,37
2026/07/24 16:40:04.027,2026/07/24 16:40:04.007,2026/07/24 16:40:04.046,0,GPU-e2681f6e-8d94-2d66-484f-43ea602335f9,406.20,1410,1593,100,17,73511,68
2026/07/24 16:40:04.027,2026/07/24 16:40:04.007,2026/07/24 16:40:04.046,1,GPU-713d5b24-2a1e-fd4a-7685-c3d195ff9230,243.18,1410,1593,0,0,73511,41
2026/07/24 16:40:04.274,2026/07/24 16:40:04.257,2026/07/24 16:40:04.291,0,GPU-e2681f6e-8d94-2d66-484f-43ea602335f9,400.51,1410,1593,100,14,73511,68
2026/07/24 16:40:04.274,2026/07/24 16:40:04.257,2026/07/24 16:40:04.291,1,GPU-713d5b24-2a1e-fd4a-7685-c3d195ff9230,118.69,1410,1593,100,52,73511,42
2026/07/24 16:40:04.526,2026/07/24 16:40:04.508,2026/07/24 16:40:04.544,0,GPU-e2681f6e-8d94-2d66-484f-43ea602335f9,418.60,1410,1593,100,18,73511,69
2026/07/24 16:40:04.526,2026/07/24 16:40:04.508,2026/07/24 16:40:04.544,1,GPU-713d5b24-2a1e-fd4a-7685-c3d195ff9230,238.04,1410,1593,39,11,73511,42
2026/07/24 16:40:04.774,2026/07/24 16:40:04.758,2026/07/24 16:40:04.790,0,GPU-e2681f6e-8d94-2d66-484f-43ea602335f9,409.55,1410,1593,100,15,73511,69
2026/07/24 16:40:04.774,2026/07/24 16:40:04.758,2026/07/24 16:40:04.790,1,GPU-713d5b24-2a1e-fd4a-7685-c3d195ff9230,149.16,1410,1593,100,52,73511,43
2026/07/24 16:40:05.029,2026/07/24 16:40:05.008,2026/07/24 16:40:05.051,0,GPU-e2681f6e-8d94-2d66-484f-43ea602335f9,103.76,1410,1593,10,3,73511,57
2026/07/24 16:40:05.029,2026/07/24 16:40:05.008,2026/07/24 16:40:05.051,1,GPU-713d5b24-2a1e-fd4a-7685-c3d195ff9230,240.80,1410,1593,83,33,73511,43
2026/07/24 16:40:05.273,2026/07/24 16:40:05.258,2026/07/24 16:40:05.289,0,GPU-e2681f6e-8d94-2d66-484f-43ea602335f9,403.82,1410,1593,41,8,73511,64
2026/07/24 16:40:05.273,2026/07/24 16:40:05.258,2026/07/24 16:40:05.289,1,GPU-713d5b24-2a1e-fd4a-7685-c3d195ff9230,88.87,1410,1593,54,28,73511,40
2026/07/24 16:40:05.524,2026/07/24 16:40:05.508,2026/07/24 16:40:05.539,0,GPU-e2681f6e-8d94-2d66-484f-43ea602335f9,399.27,1410,1593,100,17,73511,67
2026/07/24 16:40:05.524,2026/07/24 16:40:05.508,2026/07/24 16:40:05.539,1,GPU-713d5b24-2a1e-fd4a-7685-c3d195ff9230,84.97,1410,1593,0,0,73511,38
2026/07/24 16:40:05.775,2026/07/24 16:40:05.758,2026/07/24 16:40:05.792,0,GPU-e2681f6e-8d94-2d66-484f-43ea602335f9,426.44,1410,1593,100,15,73511,69
2026/07/24 16:40:05.775,2026/07/24 16:40:05.758,2026/07/24 16:40:05.792,1,GPU-713d5b24-2a1e-fd4a-7685-c3d195ff9230,93.42,1410,1593,0,0,73511,40
2026/07/24 16:40:06.024,2026/07/24 16:40:06.008,2026/07/24 16:40:06.041,0,GPU-e2681f6e-8d94-2d66-484f-43ea602335f9,402.63,1410,1593,100,17,73511,69
2026/07/24 16:40:06.024,2026/07/24 16:40:06.008,2026/07/24 16:40:06.041,1,GPU-713d5b24-2a1e-fd4a-7685-c3d195ff9230,248.32,1410,1593,100,53,73511,42
2026/07/24 16:40:06.275,2026/07/24 16:40:06.258,2026/07/24 16:40:06.291,0,GPU-e2681f6e-8d94-2d66-484f-43ea602335f9,266.67,1410,1593,89,12,73511,68
2026/07/24 16:40:06.275,2026/07/24 16:40:06.258,2026/07/24 16:40:06.291,1,GPU-713d5b24-2a1e-fd4a-7685-c3d195ff9230,85.57,1410,1593,26,11,73511,40
2026/07/24 16:40:06.525,2026/07/24 16:40:06.508,2026/07/24 16:40:06.543,0,GPU-e2681f6e-8d94-2d66-484f-43ea602335f9,414.38,1410,1593,91,17,73511,69
2026/07/24 16:40:06.525,2026/07/24 16:40:06.508,2026/07/24 16:40:06.543,1,GPU-713d5b24-2a1e-fd4a-7685-c3d195ff9230,249.84,1410,1593,98,43,73511,43
2026/07/24 16:40:06.775,2026/07/24 16:40:06.758,2026/07/24 16:40:06.792,0,GPU-e2681f6e-8d94-2d66-484f-43ea602335f9,399.27,1410,1593,100,14,73511,70
2026/07/24 16:40:06.775,2026/07/24 16:40:06.758,2026/07/24 16:40:06.792,1,GPU-713d5b24-2a1e-fd4a-7685-c3d195ff9230,85.57,1410,1593,38,20,73511,39
2026/07/24 16:40:07.028,2026/07/24 16:40:07.008,2026/07/24 16:40:07.047,0,GPU-e2681f6e-8d94-2d66-484f-43ea602335f9,102.35,1410,1593,0,0,73511,58
2026/07/24 16:40:07.028,2026/07/24 16:40:07.008,2026/07/24 16:40:07.047,1,GPU-713d5b24-2a1e-fd4a-7685-c3d195ff9230,244.69,1410,1593,16,0,73511,42
2026/07/24 16:40:07.273,2026/07/24 16:40:07.258,2026/07/24 16:40:07.288,0,GPU-e2681f6e-8d94-2d66-484f-43ea602335f9,99.04,1410,1593,0,0,73511,54
2026/07/24 16:40:07.273,2026/07/24 16:40:07.258,2026/07/24 16:40:07.288,1,GPU-713d5b24-2a1e-fd4a-7685-c3d195ff9230,85.93,1410,1593,38,20,73511,39
2026/07/24 16:40:07.523,2026/07/24 16:40:07.509,2026/07/24 16:40:07.538,0,GPU-e2681f6e-8d94-2d66-484f-43ea602335f9,399.60,1410,1593,49,9,73511,65
2026/07/24 16:40:07.523,2026/07/24 16:40:07.509,2026/07/24 16:40:07.538,1,GPU-713d5b24-2a1e-fd4a-7685-c3d195ff9230,85.25,1410,1593,0,0,73511,38
2026/07/24 16:40:07.774,2026/07/24 16:40:07.759,2026/07/24 16:40:07.789,0,GPU-e2681f6e-8d94-2d66-484f-43ea602335f9,401.11,1410,1593,100,16,73511,67
2026/07/24 16:40:07.774,2026/07/24 16:40:07.759,2026/07/24 16:40:07.789,1,GPU-713d5b24-2a1e-fd4a-7685-c3d195ff9230,84.97,1410,1593,0,0,73511,38
2026/07/24 16:40:08.036,2026/07/24 16:40:08.009,2026/07/24 16:40:08.064,0,GPU-e2681f6e-8d94-2d66-484f-43ea602335f9,101.64,1410,1593,0,0,73511,56
2026/07/24 16:40:08.036,2026/07/24 16:40:08.009,2026/07/24 16:40:08.064,1,GPU-713d5b24-2a1e-fd4a-7685-c3d195ff9230,205.83,1410,1593,0,0,73511,41
2026/07/24 16:40:08.274,2026/07/24 16:40:08.259,2026/07/24 16:40:08.289,0,GPU-e2681f6e-8d94-2d66-484f-43ea602335f9,97.74,1410,1593,0,0,73511,54
2026/07/24 16:40:08.274,2026/07/24 16:40:08.259,2026/07/24 16:40:08.289,1,GPU-713d5b24-2a1e-fd4a-7685-c3d195ff9230,242.26,1410,1593,94,41,73511,43
2026/07/24 16:40:08.523,2026/07/24 16:40:08.509,2026/07/24 16:40:08.537,0,GPU-e2681f6e-8d94-2d66-484f-43ea602335f9,96.22,1410,1593,0,0,73511,52
2026/07/24 16:40:08.523,2026/07/24 16:40:08.509,2026/07/24 16:40:08.537,1,GPU-713d5b24-2a1e-fd4a-7685-c3d195ff9230,84.97,1410,1593,0,0,73511,39
2026/07/24 16:40:08.777,2026/07/24 16:40:08.759,2026/07/24 16:40:08.794,0,GPU-e2681f6e-8d94-2d66-484f-43ea602335f9,389.64,1410,1593,0,0,73511,52
2026/07/24 16:40:08.777,2026/07/24 16:40:08.759,2026/07/24 16:40:08.794,1,GPU-713d5b24-2a1e-fd4a-7685-c3d195ff9230,84.97,1410,1593,0,0,73511,38
2026/07/24 16:40:09.027,2026/07/24 16:40:09.009,2026/07/24 16:40:09.045,0,GPU-e2681f6e-8d94-2d66-484f-43ea602335f9,396.29,1410,1593,100,15,73511,65
2026/07/24 16:40:09.027,2026/07/24 16:40:09.009,2026/07/24 16:40:09.045,1,GPU-713d5b24-2a1e-fd4a-7685-c3d195ff9230,84.05,1410,1593,0,0,73511,38
2026/07/24 16:40:09.277,2026/07/24 16:40:09.259,2026/07/24 16:40:09.294,0,GPU-e2681f6e-8d94-2d66-484f-43ea602335f9,389.96,1410,1593,100,13,73511,67
2026/07/24 16:40:09.277,2026/07/24 16:40:09.259,2026/07/24 16:40:09.294,1,GPU-713d5b24-2a1e-fd4a-7685-c3d195ff9230,84.97,1410,1593,0,0,73511,37
2026/07/24 16:40:09.528,2026/07/24 16:40:09.509,2026/07/24 16:40:09.548,0,GPU-e2681f6e-8d94-2d66-484f-43ea602335f9,389.64,1410,1593,34,7,73511,61
2026/07/24 16:40:09.528,2026/07/24 16:40:09.509,2026/07/24 16:40:09.548,1,GPU-713d5b24-2a1e-fd4a-7685-c3d195ff9230,238.04,1410,1593,45,13,73511,41
2026/07/24 16:40:09.776,2026/07/24 16:40:09.759,2026/07/24 16:40:09.793,0,GPU-e2681f6e-8d94-2d66-484f-43ea602335f9,399.00,1410,1593,100,18,73511,68
2026/07/24 16:40:09.776,2026/07/24 16:40:09.759,2026/07/24 16:40:09.793,1,GPU-713d5b24-2a1e-fd4a-7685-c3d195ff9230,246.21,1410,1593,100,52,73511,40
2026/07/24 16:40:10.028,2026/07/24 16:40:10.009,2026/07/24 16:40:10.047,0,GPU-e2681f6e-8d94-2d66-484f-43ea602335f9,404.73,1410,1593,100,15,73511,69
2026/07/24 16:40:10.028,2026/07/24 16:40:10.009,2026/07/24 16:40:10.047,1,GPU-713d5b24-2a1e-fd4a-7685-c3d195ff9230,87.68,1410,1593,32,17,73511,39
2026/07/24 16:40:10.282,2026/07/24 16:40:10.260,2026/07/24 16:40:10.304,0,GPU-e2681f6e-8d94-2d66-484f-43ea602335f9,413.45,1410,1593,100,17,73511,69
2026/07/24 16:40:10.282,2026/07/24 16:40:10.260,2026/07/24 16:40:10.304,1,GPU-713d5b24-2a1e-fd4a-7685-c3d195ff9230,243.50,1410,1593,100,53,73511,42
2026/07/24 16:40:10.527,2026/07/24 16:40:10.510,2026/07/24 16:40:10.544,0,GPU-e2681f6e-8d94-2d66-484f-43ea602335f9,419.79,1410,1593,100,16,73511,70
2026/07/24 16:40:10.527,2026/07/24 16:40:10.510,2026/07/24 16:40:10.544,1,GPU-713d5b24-2a1e-fd4a-7685-c3d195ff9230,243.50,1410,1593,97,44,73511,43
2026/07/24 16:40:10.776,2026/07/24 16:40:10.760,2026/07/24 16:40:10.792,0,GPU-e2681f6e-8d94-2d66-484f-43ea602335f9,403.49,1410,1593,100,16,73511,70
2026/07/24 16:40:10.776,2026/07/24 16:40:10.760,2026/07/24 16:40:10.792,1,GPU-713d5b24-2a1e-fd4a-7685-c3d195ff9230,246.81,1410,1593,100,53,73511,44
2026/07/24 16:40:11.025,2026/07/24 16:40:11.010,2026/07/24 16:40:11.039,0,GPU-e2681f6e-8d94-2d66-484f-43ea602335f9,408.96,1410,1593,100,13,73511,70
2026/07/24 16:40:11.025,2026/07/24 16:40:11.010,2026/07/24 16:40:11.039,1,GPU-713d5b24-2a1e-fd4a-7685-c3d195ff9230,85.25,1410,1593,72,38,73511,40
2026/07/24 16:40:11.275,2026/07/24 16:40:11.260,2026/07/24 16:40:11.289,0,GPU-e2681f6e-8d94-2d66-484f-43ea602335f9,427.31,1410,1593,100,12,73511,71
2026/07/24 16:40:11.275,2026/07/24 16:40:11.260,2026/07/24 16:40:11.289,1,GPU-713d5b24-2a1e-fd4a-7685-c3d195ff9230,97.91,1410,1593,44,10,73511,41
2026/07/24 16:40:11.527,2026/07/24 16:40:11.510,2026/07/24 16:40:11.544,0,GPU-e2681f6e-8d94-2d66-484f-43ea602335f9,408.96,1410,1593,100,15,73511,71
2026/07/24 16:40:11.527,2026/07/24 16:40:11.510,2026/07/24 16:40:11.544,1,GPU-713d5b24-2a1e-fd4a-7685-c3d195ff9230,240.80,1410,1593,100,52,73511,43
2026/07/24 16:40:11.776,2026/07/24 16:40:11.760,2026/07/24 16:40:11.792,0,GPU-e2681f6e-8d94-2d66-484f-43ea602335f9,419.46,1410,1593,100,16,73511,71
2026/07/24 16:40:11.776,2026/07/24 16:40:11.760,2026/07/24 16:40:11.792,1,GPU-713d5b24-2a1e-fd4a-7685-c3d195ff9230,148.57,1410,1593,28,14,73511,40
2026/07/24 16:40:12.026,2026/07/24 16:40:12.010,2026/07/24 16:40:12.042,0,GPU-e2681f6e-8d94-2d66-484f-43ea602335f9,406.53,1410,1593,100,16,73511,71
2026/07/24 16:40:12.026,2026/07/24 16:40:12.010,2026/07/24 16:40:12.042,1,GPU-713d5b24-2a1e-fd4a-7685-c3d195ff9230,242.26,1410,1593,90,38,73511,44
2026/07/24 16:40:12.276,2026/07/24 16:40:12.260,2026/07/24 16:40:12.291,0,GPU-e2681f6e-8d94-2d66-484f-43ea602335f9,397.48,1410,1593,100,14,73511,71
2026/07/24 16:40:12.276,2026/07/24 16:40:12.260,2026/07/24 16:40:12.291,1,GPU-713d5b24-2a1e-fd4a-7685-c3d195ff9230,85.25,1410,1593,1,0,73511,40
2026/07/24 16:40:12.525,2026/07/24 16:40:12.510,2026/07/24 16:40:12.539,0,GPU-e2681f6e-8d94-2d66-484f-43ea602335f9,414.05,1410,1593,100,18,73511,71
2026/07/24 16:40:12.525,2026/07/24 16:40:12.510,2026/07/24 16:40:12.539,1,GPU-713d5b24-2a1e-fd4a-7685-c3d195ff9230,244.69,1410,1593,97,39,73511,43
2026/07/24 16:40:12.776,2026/07/24 16:40:12.760,2026/07/24 16:40:12.791,0,GPU-e2681f6e-8d94-2d66-484f-43ea602335f9,395.97,1410,1593,100,14,73511,71
2026/07/24 16:40:12.776,2026/07/24 16:40:12.760,2026/07/24 16:40:12.791,1,GPU-713d5b24-2a1e-fd4a-7685-c3d195ff9230,95.20,1410,1593,100,52,73511,42
2026/07/24 16:40:13.055,2026/07/24 16:40:13.011,2026/07/24 16:40:13.099,0,GPU-e2681f6e-8d94-2d66-484f-43ea602335f9,103.76,1410,1593,86,13,73511,59
2026/07/24 16:40:13.055,2026/07/24 16:40:13.011,2026/07/24 16:40:13.099,1,GPU-713d5b24-2a1e-fd4a-7685-c3d195ff9230,112.68,1410,1593,12,6,73511,43
2026/07/24 16:40:13.282,2026/07/24 16:40:13.261,2026/07/24 16:40:13.303,0,GPU-e2681f6e-8d94-2d66-484f-43ea602335f9,99.53,1410,1593,0,0,73511,56
2026/07/24 16:40:13.282,2026/07/24 16:40:13.261,2026/07/24 16:40:13.303,1,GPU-713d5b24-2a1e-fd4a-7685-c3d195ff9230,246.81,1410,1593,91,37,73511,43
2026/07/24 16:40:13.552,2026/07/24 16:40:13.511,2026/07/24 16:40:13.594,0,GPU-e2681f6e-8d94-2d66-484f-43ea602335f9,103.76,1410,1593,0,0,73511,54
2026/07/24 16:40:13.552,2026/07/24 16:40:13.511,2026/07/24 16:40:13.594,1,GPU-713d5b24-2a1e-fd4a-7685-c3d195ff9230,86.76,1410,1593,0,0,73511,39
2026/07/24 16:40:13.776,2026/07/24 16:40:13.761,2026/07/24 16:40:13.792,0,GPU-e2681f6e-8d94-2d66-484f-43ea602335f9,98.61,1410,1593,0,0,73511,60
2026/07/24 16:40:13.776,2026/07/24 16:40:13.761,2026/07/24 16:40:13.792,1,GPU-713d5b24-2a1e-fd4a-7685-c3d195ff9230,84.65,1410,1593,0,0,73511,39
2026/07/24 16:40:14.025,2026/07/24 16:40:14.011,2026/07/24 16:40:14.040,0,GPU-e2681f6e-8d94-2d66-484f-43ea602335f9,396.29,1410,1593,71,14,73511,66
2026/07/24 16:40:14.025,2026/07/24 16:40:14.011,2026/07/24 16:40:14.040,1,GPU-713d5b24-2a1e-fd4a-7685-c3d195ff9230,84.97,1410,1593,0,0,73511,38
2026/07/24 16:40:14.278,2026/07/24 16:40:14.261,2026/07/24 16:40:14.294,0,GPU-e2681f6e-8d94-2d66-484f-43ea602335f9,401.11,1410,1593,100,16,73511,68
2026/07/24 16:40:14.278,2026/07/24 16:40:14.261,2026/07/24 16:40:14.294,1,GPU-713d5b24-2a1e-fd4a-7685-c3d195ff9230,84.38,1410,1593,0,0,73511,38
2026/07/24 16:40:14.527,2026/07/24 16:40:14.511,2026/07/24 16:40:14.542,0,GPU-e2681f6e-8d94-2d66-484f-43ea602335f9,412.26,1410,1593,100,16,73511,70
2026/07/24 16:40:14.527,2026/07/24 16:40:14.511,2026/07/24 16:40:14.542,1,GPU-713d5b24-2a1e-fd4a-7685-c3d195ff9230,243.50,1410,1593,89,38,73511,42
2026/07/24 16:40:14.776,2026/07/24 16:40:14.761,2026/07/24 16:40:14.790,0,GPU-e2681f6e-8d94-2d66-484f-43ea602335f9,420.97,1410,1593,100,14,73511,71
2026/07/24 16:40:14.776,2026/07/24 16:40:14.761,2026/07/24 16:40:14.790,1,GPU-713d5b24-2a1e-fd4a-7685-c3d195ff9230,85.57,1410,1593,89,47,73511,40
2026/07/24 16:40:15.027,2026/07/24 16:40:15.011,2026/07/24 16:40:15.042,0,GPU-e2681f6e-8d94-2d66-484f-43ea602335f9,413.78,1410,1593,100,18,73511,71
2026/07/24 16:40:15.027,2026/07/24 16:40:15.011,2026/07/24 16:40:15.042,1,GPU-713d5b24-2a1e-fd4a-7685-c3d195ff9230,242.26,1410,1593,27,5,73511,43
2026/07/24 16:40:15.278,2026/07/24 16:40:15.261,2026/07/24 16:40:15.294,0,GPU-e2681f6e-8d94-2d66-484f-43ea602335f9,404.31,1410,1593,100,15,73511,71
2026/07/24 16:40:15.278,2026/07/24 16:40:15.261,2026/07/24 16:40:15.294,1,GPU-713d5b24-2a1e-fd4a-7685-c3d195ff9230,87.68,1410,1593,100,53,73511,41
2026/07/24 16:40:15.527,2026/07/24 16:40:15.511,2026/07/24 16:40:15.543,0,GPU-e2681f6e-8d94-2d66-484f-43ea602335f9,410.15,1410,1593,92,14,73511,59
2026/07/24 16:40:15.527,2026/07/24 16:40:15.511,2026/07/24 16:40:15.543,1,GPU-713d5b24-2a1e-fd4a-7685-c3d195ff9230,237.44,1410,1593,84,34,73511,43
2026/07/24 16:40:15.777,2026/07/24 16:40:15.761,2026/07/24 16:40:15.792,0,GPU-e2681f6e-8d94-2d66-484f-43ea602335f9,400.19,1410,1593,100,18,73511,69
2026/07/24 16:40:15.777,2026/07/24 16:40:15.761,2026/07/24 16:40:15.792,1,GPU-713d5b24-2a1e-fd4a-7685-c3d195ff9230,180.51,1410,1593,77,40,73511,40
2026/07/24 16:40:16.026,2026/07/24 16:40:16.012,2026/07/24 16:40:16.041,0,GPU-e2681f6e-8d94-2d66-484f-43ea602335f9,395.29,1410,1593,100,15,73511,65
2026/07/24 16:40:16.026,2026/07/24 16:40:16.012,2026/07/24 16:40:16.041,1,GPU-713d5b24-2a1e-fd4a-7685-c3d195ff9230,84.97,1410,1593,0,0,73511,39
2026/07/24 16:40:16.285,2026/07/24 16:40:16.262,2026/07/24 16:40:16.308,0,GPU-e2681f6e-8d94-2d66-484f-43ea602335f9,101.05,1410,1593,0,0,73511,58
2026/07/24 16:40:16.285,2026/07/24 16:40:16.262,2026/07/24 16:40:16.308,1,GPU-713d5b24-2a1e-fd4a-7685-c3d195ff9230,244.96,1410,1593,38,11,73511,43
2026/07/24 16:40:16.527,2026/07/24 16:40:16.512,2026/07/24 16:40:16.542,0,GPU-e2681f6e-8d94-2d66-484f-43ea602335f9,99.53,1410,1593,0,0,73511,55
2026/07/24 16:40:16.527,2026/07/24 16:40:16.512,2026/07/24 16:40:16.542,1,GPU-713d5b24-2a1e-fd4a-7685-c3d195ff9230,86.76,1410,1593,46,25,73511,41
2026/07/24 16:40:16.773,2026/07/24 16:40:16.762,2026/07/24 16:40:16.785,0,GPU-e2681f6e-8d94-2d66-484f-43ea602335f9,97.42,1410,1593,0,0,73511,53
2026/07/24 16:40:16.773,2026/07/24 16:40:16.762,2026/07/24 16:40:16.785,1,GPU-713d5b24-2a1e-fd4a-7685-c3d195ff9230,84.97,1410,1593,0,0,73511,39
2026/07/24 16:40:17.025,2026/07/24 16:40:17.012,2026/07/24 16:40:17.039,0,GPU-e2681f6e-8d94-2d66-484f-43ea602335f9,96.82,1410,1593,0,0,73511,53
2026/07/24 16:40:17.025,2026/07/24 16:40:17.012,2026/07/24 16:40:17.039,1,GPU-713d5b24-2a1e-fd4a-7685-c3d195ff9230,84.65,1410,1593,0,0,73511,38
2026/07/24 16:40:17.274,2026/07/24 16:40:17.262,2026/07/24 16:40:17.287,0,GPU-e2681f6e-8d94-2d66-484f-43ea602335f9,96.22,1410,1593,0,0,73511,52
2026/07/24 16:40:17.274,2026/07/24 16:40:17.262,2026/07/24 16:40:17.287,1,GPU-713d5b24-2a1e-fd4a-7685-c3d195ff9230,84.38,1410,1593,0,0,73511,38
2026/07/24 16:40:17.524,2026/07/24 16:40:17.512,2026/07/24 16:40:17.537,0,GPU-e2681f6e-8d94-2d66-484f-43ea602335f9,96.22,1410,1593,0,0,73511,52
2026/07/24 16:40:17.524,2026/07/24 16:40:17.512,2026/07/24 16:40:17.537,1,GPU-713d5b24-2a1e-fd4a-7685-c3d195ff9230,84.46,1410,1593,0,0,73511,38
2026/07/24 16:40:17.775,2026/07/24 16:40:17.762,2026/07/24 16:40:17.787,0,GPU-e2681f6e-8d94-2d66-484f-43ea602335f9,95.63,1410,1593,0,0,73511,51
2026/07/24 16:40:17.775,2026/07/24 16:40:17.762,2026/07/24 16:40:17.787,1,GPU-713d5b24-2a1e-fd4a-7685-c3d195ff9230,84.38,1410,1593,0,0,73511,38
2026/07/24 16:40:18.025,2026/07/24 16:40:18.013,2026/07/24 16:40:18.037,0,GPU-e2681f6e-8d94-2d66-484f-43ea602335f9,95.63,1410,1593,0,0,73511,51
2026/07/24 16:40:18.025,2026/07/24 16:40:18.013,2026/07/24 16:40:18.037,1,GPU-713d5b24-2a1e-fd4a-7685-c3d195ff9230,84.38,1410,1593,0,0,73511,38
2026/07/24 16:40:18.282,2026/07/24 16:40:18.263,2026/07/24 16:40:18.302,0,GPU-e2681f6e-8d94-2d66-484f-43ea602335f9,396.89,1410,1593,0,0,73511,58
2026/07/24 16:40:18.282,2026/07/24 16:40:18.263,2026/07/24 16:40:18.302,1,GPU-713d5b24-2a1e-fd4a-7685-c3d195ff9230,84.05,1410,1593,0,0,73511,37
2026/07/24 16:40:18.528,2026/07/24 16:40:18.513,2026/07/24 16:40:18.544,0,GPU-e2681f6e-8d94-2d66-484f-43ea602335f9,390.56,1410,1593,100,15,73511,64
2026/07/24 16:40:18.528,2026/07/24 16:40:18.513,2026/07/24 16:40:18.544,1,GPU-713d5b24-2a1e-fd4a-7685-c3d195ff9230,84.05,1410,1593,0,0,73511,37
2026/07/24 16:40:18.778,2026/07/24 16:40:18.763,2026/07/24 16:40:18.792,0,GPU-e2681f6e-8d94-2d66-484f-43ea602335f9,402.30,1410,1593,100,19,73511,67
2026/07/24 16:40:18.778,2026/07/24 16:40:18.763,2026/07/24 16:40:18.792,1,GPU-713d5b24-2a1e-fd4a-7685-c3d195ff9230,240.80,1410,1593,26,5,73511,39
2026/07/24 16:40:19.028,2026/07/24 16:40:19.013,2026/07/24 16:40:19.043,0,GPU-e2681f6e-8d94-2d66-484f-43ea602335f9,410.42,1410,1593,100,16,73511,68
2026/07/24 16:40:19.028,2026/07/24 16:40:19.013,2026/07/24 16:40:19.043,1,GPU-713d5b24-2a1e-fd4a-7685-c3d195ff9230,128.97,1410,1593,100,53,73511,40
2026/07/24 16:40:19.278,2026/07/24 16:40:19.263,2026/07/24 16:40:19.293,0,GPU-e2681f6e-8d94-2d66-484f-43ea602335f9,99.86,1410,1593,58,10,73511,57
2026/07/24 16:40:19.278,2026/07/24 16:40:19.263,2026/07/24 16:40:19.293,1,GPU-713d5b24-2a1e-fd4a-7685-c3d195ff9230,244.37,1410,1593,98,52,73511,42
2026/07/24 16:40:19.528,2026/07/24 16:40:19.513,2026/07/24 16:40:19.543,0,GPU-e2681f6e-8d94-2d66-484f-43ea602335f9,97.74,1410,1593,0,0,73511,53
2026/07/24 16:40:19.528,2026/07/24 16:40:19.513,2026/07/24 16:40:19.543,1,GPU-713d5b24-2a1e-fd4a-7685-c3d195ff9230,85.84,1410,1593,44,24,73511,40
2026/07/24 16:40:19.776,2026/07/24 16:40:19.763,2026/07/24 16:40:19.789,0,GPU-e2681f6e-8d94-2d66-484f-43ea602335f9,96.82,1410,1593,0,0,73511,52
2026/07/24 16:40:19.776,2026/07/24 16:40:19.763,2026/07/24 16:40:19.789,1,GPU-713d5b24-2a1e-fd4a-7685-c3d195ff9230,84.65,1410,1593,0,0,73511,39
2026/07/24 16:40:20.025,2026/07/24 16:40:20.013,2026/07/24 16:40:20.036,0,GPU-e2681f6e-8d94-2d66-484f-43ea602335f9,95.90,1410,1593,0,0,73511,52
2026/07/24 16:40:20.025,2026/07/24 16:40:20.013,2026/07/24 16:40:20.036,1,GPU-713d5b24-2a1e-fd4a-7685-c3d195ff9230,84.38,1410,1593,0,0,73511,38
2026/07/24 16:40:20.276,2026/07/24 16:40:20.264,2026/07/24 16:40:20.289,0,GPU-e2681f6e-8d94-2d66-484f-43ea602335f9,95.63,1410,1593,0,0,73511,51
2026/07/24 16:40:20.276,2026/07/24 16:40:20.264,2026/07/24 16:40:20.289,1,GPU-713d5b24-2a1e-fd4a-7685-c3d195ff9230,84.38,1410,1593,0,0,73511,38
2026/07/24 16:40:20.528,2026/07/24 16:40:20.514,2026/07/24 16:40:20.543,0,GPU-e2681f6e-8d94-2d66-484f-43ea602335f9,95.30,1410,1593,0,0,73511,51
2026/07/24 16:40:20.528,2026/07/24 16:40:20.514,2026/07/24 16:40:20.543,1,GPU-713d5b24-2a1e-fd4a-7685-c3d195ff9230,84.38,1410,1593,0,0,73511,37
2026/07/24 16:40:20.775,2026/07/24 16:40:20.764,2026/07/24 16:40:20.787,0,GPU-e2681f6e-8d94-2d66-484f-43ea602335f9,95.30,1410,1593,0,0,73511,50
2026/07/24 16:40:20.775,2026/07/24 16:40:20.764,2026/07/24 16:40:20.787,1,GPU-713d5b24-2a1e-fd4a-7685-c3d195ff9230,84.38,1410,1593,0,0,73511,37
2026/07/24 16:40:21.025,2026/07/24 16:40:21.014,2026/07/24 16:40:21.037,0,GPU-e2681f6e-8d94-2d66-484f-43ea602335f9,95.63,1410,1593,0,0,73511,50
2026/07/24 16:40:21.025,2026/07/24 16:40:21.014,2026/07/24 16:40:21.037,1,GPU-713d5b24-2a1e-fd4a-7685-c3d195ff9230,84.05,1410,1593,0,0,73511,37
2026/07/24 16:40:21.278,2026/07/24 16:40:21.264,2026/07/24 16:40:21.291,0,GPU-e2681f6e-8d94-2d66-484f-43ea602335f9,94.71,1410,1593,0,0,73511,50
2026/07/24 16:40:21.278,2026/07/24 16:40:21.264,2026/07/24 16:40:21.291,1,GPU-713d5b24-2a1e-fd4a-7685-c3d195ff9230,84.38,1410,1593,0,0,73511,37
2026/07/24 16:40:21.528,2026/07/24 16:40:21.514,2026/07/24 16:40:21.542,0,GPU-e2681f6e-8d94-2d66-484f-43ea602335f9,94.38,1410,1593,0,0,73511,50
2026/07/24 16:40:21.528,2026/07/24 16:40:21.514,2026/07/24 16:40:21.542,1,GPU-713d5b24-2a1e-fd4a-7685-c3d195ff9230,84.05,1410,1593,0,0,73511,37
2026/07/24 16:40:21.777,2026/07/24 16:40:21.764,2026/07/24 16:40:21.790,0,GPU-e2681f6e-8d94-2d66-484f-43ea602335f9,94.38,1410,1593,0,0,73511,49
2026/07/24 16:40:21.777,2026/07/24 16:40:21.764,2026/07/24 16:40:21.790,1,GPU-713d5b24-2a1e-fd4a-7685-c3d195ff9230,84.05,1410,1593,0,0,73511,37
2026/07/24 16:40:22.026,2026/07/24 16:40:22.014,2026/07/24 16:40:22.038,0,GPU-e2681f6e-8d94-2d66-484f-43ea602335f9,94.11,1410,1593,0,0,73511,49
2026/07/24 16:40:22.026,2026/07/24 16:40:22.014,2026/07/24 16:40:22.038,1,GPU-713d5b24-2a1e-fd4a-7685-c3d195ff9230,84.05,1410,1593,0,0,73511,37
2026/07/24 16:40:22.279,2026/07/24 16:40:22.264,2026/07/24 16:40:22.293,0,GPU-e2681f6e-8d94-2d66-484f-43ea602335f9,94.11,1410,1593,0,0,73511,49
2026/07/24 16:40:22.279,2026/07/24 16:40:22.264,2026/07/24 16:40:22.293,1,GPU-713d5b24-2a1e-fd4a-7685-c3d195ff9230,84.38,1410,1593,0,0,73511,37
2026/07/24 16:40:22.532,2026/07/24 16:40:22.514,2026/07/24 16:40:22.550,0,GPU-e2681f6e-8d94-2d66-484f-43ea602335f9,397.16,1410,1593,100,18,73511,61
2026/07/24 16:40:22.532,2026/07/24 16:40:22.514,2026/07/24 16:40:22.550,1,GPU-713d5b24-2a1e-fd4a-7685-c3d195ff9230,84.38,1410,1593,0,0,73511,37
2026/07/24 16:40:22.779,2026/07/24 16:40:22.765,2026/07/24 16:40:22.794,0,GPU-e2681f6e-8d94-2d66-484f-43ea602335f9,391.48,1410,1593,100,18,73511,63
2026/07/24 16:40:22.779,2026/07/24 16:40:22.765,2026/07/24 16:40:22.794,1,GPU-713d5b24-2a1e-fd4a-7685-c3d195ff9230,83.73,1410,1593,0,0,73511,37
2026/07/24 16:40:23.029,2026/07/24 16:40:23.015,2026/07/24 16:40:23.043,0,GPU-e2681f6e-8d94-2d66-484f-43ea602335f9,101.32,1410,1593,17,3,73511,54
2026/07/24 16:40:23.029,2026/07/24 16:40:23.015,2026/07/24 16:40:23.043,1,GPU-713d5b24-2a1e-fd4a-7685-c3d195ff9230,221.80,1410,1593,49,17,73511,41
2026/07/24 16:40:23.279,2026/07/24 16:40:23.265,2026/07/24 16:40:23.293,0,GPU-e2681f6e-8d94-2d66-484f-43ea602335f9,96.00,1410,1593,0,0,73511,51
2026/07/24 16:40:23.279,2026/07/24 16:40:23.265,2026/07/24 16:40:23.293,1,GPU-713d5b24-2a1e-fd4a-7685-c3d195ff9230,85.84,1410,1593,100,53,73511,42
2026/07/24 16:40:23.529,2026/07/24 16:40:23.515,2026/07/24 16:40:23.544,0,GPU-e2681f6e-8d94-2d66-484f-43ea602335f9,94.98,1410,1593,0,0,73511,50
2026/07/24 16:40:23.529,2026/07/24 16:40:23.515,2026/07/24 16:40:23.544,1,GPU-713d5b24-2a1e-fd4a-7685-c3d195ff9230,84.65,1410,1593,45,24,73511,38
2026/07/24 16:40:23.785,2026/07/24 16:40:23.765,2026/07/24 16:40:23.804,0,GPU-e2681f6e-8d94-2d66-484f-43ea602335f9,392.07,1410,1593,24,5,73511,62
2026/07/24 16:40:23.785,2026/07/24 16:40:23.765,2026/07/24 16:40:23.804,1,GPU-713d5b24-2a1e-fd4a-7685-c3d195ff9230,84.05,1410,1593,0,0,73511,38
2026/07/24 16:40:24.029,2026/07/24 16:40:24.015,2026/07/24 16:40:24.044,0,GPU-e2681f6e-8d94-2d66-484f-43ea602335f9,391.48,1410,1593,100,14,73511,65
2026/07/24 16:40:24.029,2026/07/24 16:40:24.015,2026/07/24 16:40:24.044,1,GPU-713d5b24-2a1e-fd4a-7685-c3d195ff9230,84.05,1410,1593,0,0,73511,37
2026/07/24 16:40:24.278,2026/07/24 16:40:24.265,2026/07/24 16:40:24.291,0,GPU-e2681f6e-8d94-2d66-484f-43ea602335f9,182.88,1410,1593,100,12,73511,57
2026/07/24 16:40:24.278,2026/07/24 16:40:24.265,2026/07/24 16:40:24.291,1,GPU-713d5b24-2a1e-fd4a-7685-c3d195ff9230,203.07,1410,1593,0,0,73511,37
2026/07/24 16:40:24.529,2026/07/24 16:40:24.515,2026/07/24 16:40:24.542,0,GPU-e2681f6e-8d94-2d66-484f-43ea602335f9,96.92,1410,1593,7,1,73511,53
2026/07/24 16:40:24.529,2026/07/24 16:40:24.515,2026/07/24 16:40:24.542,1,GPU-713d5b24-2a1e-fd4a-7685-c3d195ff9230,240.47,1410,1593,100,52,73511,42
2026/07/24 16:40:24.782,2026/07/24 16:40:24.765,2026/07/24 16:40:24.798,0,GPU-e2681f6e-8d94-2d66-484f-43ea602335f9,95.63,1410,1593,0,0,73511,51
2026/07/24 16:40:24.782,2026/07/24 16:40:24.765,2026/07/24 16:40:24.798,1,GPU-713d5b24-2a1e-fd4a-7685-c3d195ff9230,84.97,1410,1593,21,11,73511,38
2026/07/24 16:40:25.030,2026/07/24 16:40:25.015,2026/07/24 16:40:25.045,0,GPU-e2681f6e-8d94-2d66-484f-43ea602335f9,95.30,1410,1593,0,0,73511,50
2026/07/24 16:40:25.030,2026/07/24 16:40:25.015,2026/07/24 16:40:25.045,1,GPU-713d5b24-2a1e-fd4a-7685-c3d195ff9230,84.38,1410,1593,0,0,73511,38
2026/07/24 16:40:25.281,2026/07/24 16:40:25.265,2026/07/24 16:40:25.296,0,GPU-e2681f6e-8d94-2d66-484f-43ea602335f9,94.98,1410,1593,0,0,73511,50
2026/07/24 16:40:25.281,2026/07/24 16:40:25.265,2026/07/24 16:40:25.296,1,GPU-713d5b24-2a1e-fd4a-7685-c3d195ff9230,84.38,1410,1593,0,0,73511,37
2026/07/24 16:40:25.529,2026/07/24 16:40:25.516,2026/07/24 16:40:25.542,0,GPU-e2681f6e-8d94-2d66-484f-43ea602335f9,94.71,1410,1593,0,0,73511,49
2026/07/24 16:40:25.529,2026/07/24 16:40:25.516,2026/07/24 16:40:25.542,1,GPU-713d5b24-2a1e-fd4a-7685-c3d195ff9230,84.05,1410,1593,0,0,73511,37
2026/07/24 16:40:25.781,2026/07/24 16:40:25.766,2026/07/24 16:40:25.796,0,GPU-e2681f6e-8d94-2d66-484f-43ea602335f9,93.78,1410,1593,0,0,73511,49
2026/07/24 16:40:25.781,2026/07/24 16:40:25.766,2026/07/24 16:40:25.796,1,GPU-713d5b24-2a1e-fd4a-7685-c3d195ff9230,84.05,1410,1593,0,0,73511,37
2026/07/24 16:40:26.033,2026/07/24 16:40:26.016,2026/07/24 16:40:26.050,0,GPU-e2681f6e-8d94-2d66-484f-43ea602335f9,381.79,1410,1593,52,10,73511,56
2026/07/24 16:40:26.033,2026/07/24 16:40:26.016,2026/07/24 16:40:26.050,1,GPU-713d5b24-2a1e-fd4a-7685-c3d195ff9230,84.05,1410,1593,0,0,73511,37
2026/07/24 16:40:26.280,2026/07/24 16:40:26.266,2026/07/24 16:40:26.295,0,GPU-e2681f6e-8d94-2d66-484f-43ea602335f9,396.89,1410,1593,100,16,73511,64
2026/07/24 16:40:26.280,2026/07/24 16:40:26.266,2026/07/24 16:40:26.295,1,GPU-713d5b24-2a1e-fd4a-7685-c3d195ff9230,84.05,1410,1593,0,0,73511,37
2026/07/24 16:40:26.530,2026/07/24 16:40:26.516,2026/07/24 16:40:26.544,0,GPU-e2681f6e-8d94-2d66-484f-43ea602335f9,156.25,1410,1593,100,13,73511,62
2026/07/24 16:40:26.530,2026/07/24 16:40:26.516,2026/07/24 16:40:26.544,1,GPU-713d5b24-2a1e-fd4a-7685-c3d195ff9230,84.14,1410,1593,0,0,73511,37
2026/07/24 16:40:26.780,2026/07/24 16:40:26.766,2026/07/24 16:40:26.795,0,GPU-e2681f6e-8d94-2d66-484f-43ea602335f9,98.01,1410,1593,0,0,73511,54
2026/07/24 16:40:26.780,2026/07/24 16:40:26.766,2026/07/24 16:40:26.795,1,GPU-713d5b24-2a1e-fd4a-7685-c3d195ff9230,244.69,1410,1593,96,41,73511,41
2026/07/24 16:40:27.032,2026/07/24 16:40:27.016,2026/07/24 16:40:27.048,0,GPU-e2681f6e-8d94-2d66-484f-43ea602335f9,96.82,1410,1593,0,0,73511,52
2026/07/24 16:40:27.032,2026/07/24 16:40:27.016,2026/07/24 16:40:27.048,1,GPU-713d5b24-2a1e-fd4a-7685-c3d195ff9230,245.29,1410,1593,96,50,73511,39
2026/07/24 16:40:27.281,2026/07/24 16:40:27.266,2026/07/24 16:40:27.296,0,GPU-e2681f6e-8d94-2d66-484f-43ea602335f9,94.71,1410,1593,0,0,73511,50
2026/07/24 16:40:27.281,2026/07/24 16:40:27.266,2026/07/24 16:40:27.296,1,GPU-713d5b24-2a1e-fd4a-7685-c3d195ff9230,84.65,1410,1593,0,0,73511,38
2026/07/24 16:40:27.531,2026/07/24 16:40:27.516,2026/07/24 16:40:27.546,0,GPU-e2681f6e-8d94-2d66-484f-43ea602335f9,94.38,1410,1593,0,0,73511,49
2026/07/24 16:40:27.531,2026/07/24 16:40:27.516,2026/07/24 16:40:27.546,1,GPU-713d5b24-2a1e-fd4a-7685-c3d195ff9230,84.38,1410,1593,0,0,73511,37
2026/07/24 16:40:27.782,2026/07/24 16:40:27.766,2026/07/24 16:40:27.797,0,GPU-e2681f6e-8d94-2d66-484f-43ea602335f9,387.85,1410,1593,100,17,73511,62
2026/07/24 16:40:27.782,2026/07/24 16:40:27.766,2026/07/24 16:40:27.797,1,GPU-713d5b24-2a1e-fd4a-7685-c3d195ff9230,84.38,1410,1593,0,0,73511,37
2026/07/24 16:40:28.032,2026/07/24 16:40:28.016,2026/07/24 16:40:28.048,0,GPU-e2681f6e-8d94-2d66-484f-43ea602335f9,392.67,1410,1593,100,13,73511,64
2026/07/24 16:40:28.032,2026/07/24 16:40:28.016,2026/07/24 16:40:28.048,1,GPU-713d5b24-2a1e-fd4a-7685-c3d195ff9230,84.05,1410,1593,0,0,73511,37
2026/07/24 16:40:28.283,2026/07/24 16:40:28.266,2026/07/24 16:40:28.300,0,GPU-e2681f6e-8d94-2d66-484f-43ea602335f9,407.72,1410,1593,100,12,73511,65
2026/07/24 16:40:28.283,2026/07/24 16:40:28.266,2026/07/24 16:40:28.300,1,GPU-713d5b24-2a1e-fd4a-7685-c3d195ff9230,194.36,1410,1593,0,0,73511,37
2026/07/24 16:40:28.532,2026/07/24 16:40:28.516,2026/07/24 16:40:28.547,0,GPU-e2681f6e-8d94-2d66-484f-43ea602335f9,409.23,1410,1593,100,18,73511,67
2026/07/24 16:40:28.532,2026/07/24 16:40:28.516,2026/07/24 16:40:28.547,1,GPU-713d5b24-2a1e-fd4a-7685-c3d195ff9230,241.99,1410,1593,49,13,73511,42
2026/07/24 16:40:28.781,2026/07/24 16:40:28.767,2026/07/24 16:40:28.796,0,GPU-e2681f6e-8d94-2d66-484f-43ea602335f9,403.49,1410,1593,100,14,73511,64
2026/07/24 16:40:28.781,2026/07/24 16:40:28.767,2026/07/24 16:40:28.796,1,GPU-713d5b24-2a1e-fd4a-7685-c3d195ff9230,87.68,1410,1593,100,52,73511,39
2026/07/24 16:40:29.035,2026/07/24 16:40:29.017,2026/07/24 16:40:29.053,0,GPU-e2681f6e-8d94-2d66-484f-43ea602335f9,266.35,1410,1593,85,12,73511,64
2026/07/24 16:40:29.035,2026/07/24 16:40:29.017,2026/07/24 16:40:29.053,1,GPU-713d5b24-2a1e-fd4a-7685-c3d195ff9230,244.69,1410,1593,68,25,73511,42
2026/07/24 16:40:29.284,2026/07/24 16:40:29.267,2026/07/24 16:40:29.302,0,GPU-e2681f6e-8d94-2d66-484f-43ea602335f9,403.82,1410,1593,100,17,73511,67
2026/07/24 16:40:29.284,2026/07/24 16:40:29.267,2026/07/24 16:40:29.302,1,GPU-713d5b24-2a1e-fd4a-7685-c3d195ff9230,85.25,1410,1593,83,44,73511,39
2026/07/24 16:40:29.533,2026/07/24 16:40:29.517,2026/07/24 16:40:29.549,0,GPU-e2681f6e-8d94-2d66-484f-43ea602335f9,398.08,1410,1593,100,13,73511,68
2026/07/24 16:40:29.533,2026/07/24 16:40:29.517,2026/07/24 16:40:29.549,1,GPU-713d5b24-2a1e-fd4a-7685-c3d195ff9230,84.38,1410,1593,0,0,73511,38
2026/07/24 16:40:29.791,2026/07/24 16:40:29.767,2026/07/24 16:40:29.816,0,GPU-e2681f6e-8d94-2d66-484f-43ea602335f9,425.20,1410,1593,100,17,73511,68
2026/07/24 16:40:29.791,2026/07/24 16:40:29.767,2026/07/24 16:40:29.816,1,GPU-713d5b24-2a1e-fd4a-7685-c3d195ff9230,84.38,1410,1593,18,0,73511,38
2026/07/24 16:40:30.032,2026/07/24 16:40:30.017,2026/07/24 16:40:30.048,0,GPU-e2681f6e-8d94-2d66-484f-43ea602335f9,408.63,1410,1593,100,15,73511,69
2026/07/24 16:40:30.032,2026/07/24 16:40:30.017,2026/07/24 16:40:30.048,1,GPU-713d5b24-2a1e-fd4a-7685-c3d195ff9230,242.26,1410,1593,95,46,73511,42
2026/07/24 16:40:30.282,2026/07/24 16:40:30.267,2026/07/24 16:40:30.297,0,GPU-e2681f6e-8d94-2d66-484f-43ea602335f9,400.78,1410,1593,100,13,73511,69
2026/07/24 16:40:30.282,2026/07/24 16:40:30.267,2026/07/24 16:40:30.297,1,GPU-713d5b24-2a1e-fd4a-7685-c3d195ff9230,84.97,1410,1593,41,21,73511,38
2026/07/24 16:40:30.532,2026/07/24 16:40:30.517,2026/07/24 16:40:30.546,0,GPU-e2681f6e-8d94-2d66-484f-43ea602335f9,429.14,1410,1593,99,14,73511,69
2026/07/24 16:40:30.532,2026/07/24 16:40:30.517,2026/07/24 16:40:30.546,1,GPU-713d5b24-2a1e-fd4a-7685-c3d195ff9230,238.96,1410,1593,0,0,73511,40
2026/07/24 16:40:30.783,2026/07/24 16:40:30.767,2026/07/24 16:40:30.799,0,GPU-e2681f6e-8d94-2d66-484f-43ea602335f9,411.34,1410,1593,100,17,73511,69
2026/07/24 16:40:30.783,2026/07/24 16:40:30.767,2026/07/24 16:40:30.799,1,GPU-713d5b24-2a1e-fd4a-7685-c3d195ff9230,239.87,1410,1593,100,52,73511,43
2026/07/24 16:40:31.042,2026/07/24 16:40:31.017,2026/07/24 16:40:31.066,0,GPU-e2681f6e-8d94-2d66-484f-43ea602335f9,101.96,1410,1593,99,15,73511,58
2026/07/24 16:40:31.042,2026/07/24 16:40:31.017,2026/07/24 16:40:31.066,1,GPU-713d5b24-2a1e-fd4a-7685-c3d195ff9230,246.81,1410,1593,90,39,73511,43
2026/07/24 16:40:31.283,2026/07/24 16:40:31.267,2026/07/24 16:40:31.299,0,GPU-e2681f6e-8d94-2d66-484f-43ea602335f9,98.01,1410,1593,0,0,73511,55
2026/07/24 16:40:31.283,2026/07/24 16:40:31.267,2026/07/24 16:40:31.299,1,GPU-713d5b24-2a1e-fd4a-7685-c3d195ff9230,243.77,1410,1593,96,51,73511,41
2026/07/24 16:40:31.542,2026/07/24 16:40:31.518,2026/07/24 16:40:31.566,0,GPU-e2681f6e-8d94-2d66-484f-43ea602335f9,97.42,1410,1593,0,0,73511,57
2026/07/24 16:40:31.542,2026/07/24 16:40:31.518,2026/07/24 16:40:31.566,1,GPU-713d5b24-2a1e-fd4a-7685-c3d195ff9230,84.97,1410,1593,0,0,73511,38
2026/07/24 16:40:31.784,2026/07/24 16:40:31.768,2026/07/24 16:40:31.799,0,GPU-e2681f6e-8d94-2d66-484f-43ea602335f9,400.51,1410,1593,50,10,73511,64
2026/07/24 16:40:31.784,2026/07/24 16:40:31.768,2026/07/24 16:40:31.799,1,GPU-713d5b24-2a1e-fd4a-7685-c3d195ff9230,84.74,1410,1593,0,0,73511,38
2026/07/24 16:40:32.033,2026/07/24 16:40:32.018,2026/07/24 16:40:32.048,0,GPU-e2681f6e-8d94-2d66-484f-43ea602335f9,404.14,1410,1593,100,13,73511,67
2026/07/24 16:40:32.033,2026/07/24 16:40:32.018,2026/07/24 16:40:32.048,1,GPU-713d5b24-2a1e-fd4a-7685-c3d195ff9230,84.38,1410,1593,0,0,73511,38
2026/07/24 16:40:32.282,2026/07/24 16:40:32.268,2026/07/24 16:40:32.296,0,GPU-e2681f6e-8d94-2d66-484f-43ea602335f9,402.48,1410,1593,100,12,73511,68
2026/07/24 16:40:32.282,2026/07/24 16:40:32.268,2026/07/24 16:40:32.296,1,GPU-713d5b24-2a1e-fd4a-7685-c3d195ff9230,84.14,1410,1593,0,0,73511,37
2026/07/24 16:40:32.534,2026/07/24 16:40:32.518,2026/07/24 16:40:32.551,0,GPU-e2681f6e-8d94-2d66-484f-43ea602335f9,416.16,1410,1593,100,18,73511,69
2026/07/24 16:40:32.534,2026/07/24 16:40:32.518,2026/07/24 16:40:32.551,1,GPU-713d5b24-2a1e-fd4a-7685-c3d195ff9230,244.69,1410,1593,30,3,73511,41
2026/07/24 16:40:32.784,2026/07/24 16:40:32.768,2026/07/24 16:40:32.800,0,GPU-e2681f6e-8d94-2d66-484f-43ea602335f9,411.07,1410,1593,100,15,73511,69
2026/07/24 16:40:32.784,2026/07/24 16:40:32.768,2026/07/24 16:40:32.800,1,GPU-713d5b24-2a1e-fd4a-7685-c3d195ff9230,84.97,1410,1593,22,11,73511,39
2026/07/24 16:40:33.046,2026/07/24 16:40:33.018,2026/07/24 16:40:33.074,0,GPU-e2681f6e-8d94-2d66-484f-43ea602335f9,111.88,1410,1593,24,4,73511,58
2026/07/24 16:40:33.046,2026/07/24 16:40:33.018,2026/07/24 16:40:33.074,1,GPU-713d5b24-2a1e-fd4a-7685-c3d195ff9230,93.42,1410,1593,21,0,73511,40
2026/07/24 16:40:33.283,2026/07/24 16:40:33.268,2026/07/24 16:40:33.299,0,GPU-e2681f6e-8d94-2d66-484f-43ea602335f9,99.86,1410,1593,0,0,73511,55
2026/07/24 16:40:33.283,2026/07/24 16:40:33.268,2026/07/24 16:40:33.299,1,GPU-713d5b24-2a1e-fd4a-7685-c3d195ff9230,241.07,1410,1593,99,52,73511,42
2026/07/24 16:40:33.534,2026/07/24 16:40:33.518,2026/07/24 16:40:33.549,0,GPU-e2681f6e-8d94-2d66-484f-43ea602335f9,97.42,1410,1593,0,0,73511,53
2026/07/24 16:40:33.534,2026/07/24 16:40:33.518,2026/07/24 16:40:33.549,1,GPU-713d5b24-2a1e-fd4a-7685-c3d195ff9230,84.97,1410,1593,33,17,73511,38
2026/07/24 16:40:33.784,2026/07/24 16:40:33.769,2026/07/24 16:40:33.800,0,GPU-e2681f6e-8d94-2d66-484f-43ea602335f9,96.49,1410,1593,0,0,73511,52
2026/07/24 16:40:33.784,2026/07/24 16:40:33.769,2026/07/24 16:40:33.800,1,GPU-713d5b24-2a1e-fd4a-7685-c3d195ff9230,84.65,1410,1593,0,0,73511,38
2026/07/24 16:40:34.032,2026/07/24 16:40:34.019,2026/07/24 16:40:34.046,0,GPU-e2681f6e-8d94-2d66-484f-43ea602335f9,95.90,1410,1593,0,0,73511,51
2026/07/24 16:40:34.032,2026/07/24 16:40:34.019,2026/07/24 16:40:34.046,1,GPU-713d5b24-2a1e-fd4a-7685-c3d195ff9230,84.38,1410,1593,0,0,73511,37
2026/07/24 16:40:34.282,2026/07/24 16:40:34.269,2026/07/24 16:40:34.296,0,GPU-e2681f6e-8d94-2d66-484f-43ea602335f9,95.30,1410,1593,0,0,73511,51
2026/07/24 16:40:34.282,2026/07/24 16:40:34.269,2026/07/24 16:40:34.296,1,GPU-713d5b24-2a1e-fd4a-7685-c3d195ff9230,84.46,1410,1593,0,0,73511,37
2026/07/24 16:40:34.533,2026/07/24 16:40:34.519,2026/07/24 16:40:34.547,0,GPU-e2681f6e-8d94-2d66-484f-43ea602335f9,95.30,1410,1593,0,0,73511,50
2026/07/24 16:40:34.533,2026/07/24 16:40:34.519,2026/07/24 16:40:34.547,1,GPU-713d5b24-2a1e-fd4a-7685-c3d195ff9230,84.38,1410,1593,0,0,73511,37
2026/07/24 16:40:34.784,2026/07/24 16:40:34.769,2026/07/24 16:40:34.800,0,GPU-e2681f6e-8d94-2d66-484f-43ea602335f9,94.98,1410,1593,0,0,73511,50
2026/07/24 16:40:34.784,2026/07/24 16:40:34.769,2026/07/24 16:40:34.800,1,GPU-713d5b24-2a1e-fd4a-7685-c3d195ff9230,84.38,1410,1593,0,0,73511,37
2026/07/24 16:40:35.035,2026/07/24 16:40:35.019,2026/07/24 16:40:35.050,0,GPU-e2681f6e-8d94-2d66-484f-43ea602335f9,94.98,1410,1593,0,0,73511,54
2026/07/24 16:40:35.035,2026/07/24 16:40:35.019,2026/07/24 16:40:35.050,1,GPU-713d5b24-2a1e-fd4a-7685-c3d195ff9230,84.38,1410,1593,0,0,73511,37
2026/07/24 16:40:35.283,2026/07/24 16:40:35.269,2026/07/24 16:40:35.297,0,GPU-e2681f6e-8d94-2d66-484f-43ea602335f9,388.44,1410,1593,41,8,73511,62
2026/07/24 16:40:35.283,2026/07/24 16:40:35.269,2026/07/24 16:40:35.297,1,GPU-713d5b24-2a1e-fd4a-7685-c3d195ff9230,84.38,1410,1593,0,0,73511,37
2026/07/24 16:40:35.535,2026/07/24 16:40:35.519,2026/07/24 16:40:35.550,0,GPU-e2681f6e-8d94-2d66-484f-43ea602335f9,378.81,1410,1593,100,13,73511,65
2026/07/24 16:40:35.535,2026/07/24 16:40:35.519,2026/07/24 16:40:35.550,1,GPU-713d5b24-2a1e-fd4a-7685-c3d195ff9230,96.99,1410,1593,0,0,73511,37
2026/07/24 16:40:35.784,2026/07/24 16:40:35.770,2026/07/24 16:40:35.799,0,GPU-e2681f6e-8d94-2d66-484f-43ea602335f9,403.49,1410,1593,98,18,73511,67
2026/07/24 16:40:35.784,2026/07/24 16:40:35.770,2026/07/24 16:40:35.799,1,GPU-713d5b24-2a1e-fd4a-7685-c3d195ff9230,244.96,1410,1593,29,5,73511,41
2026/07/24 16:40:36.042,2026/07/24 16:40:36.020,2026/07/24 16:40:36.064,0,GPU-e2681f6e-8d94-2d66-484f-43ea602335f9,388.12,1410,1593,100,13,73511,67
2026/07/24 16:40:36.042,2026/07/24 16:40:36.020,2026/07/24 16:40:36.064,1,GPU-713d5b24-2a1e-fd4a-7685-c3d195ff9230,84.65,1410,1593,57,30,73511,40
2026/07/24 16:40:36.284,2026/07/24 16:40:36.270,2026/07/24 16:40:36.299,0,GPU-e2681f6e-8d94-2d66-484f-43ea602335f9,401.71,1410,1593,90,11,73511,67
2026/07/24 16:40:36.284,2026/07/24 16:40:36.270,2026/07/24 16:40:36.299,1,GPU-713d5b24-2a1e-fd4a-7685-c3d195ff9230,84.65,1410,1593,0,0,73511,38
2026/07/24 16:40:36.533,2026/07/24 16:40:36.520,2026/07/24 16:40:36.547,0,GPU-e2681f6e-8d94-2d66-484f-43ea602335f9,411.94,1410,1593,100,18,73511,69
2026/07/24 16:40:36.533,2026/07/24 16:40:36.520,2026/07/24 16:40:36.547,1,GPU-713d5b24-2a1e-fd4a-7685-c3d195ff9230,243.77,1410,1593,56,16,73511,42
2026/07/24 16:40:36.786,2026/07/24 16:40:36.770,2026/07/24 16:40:36.803,0,GPU-e2681f6e-8d94-2d66-484f-43ea602335f9,395.70,1410,1593,100,14,73511,69
2026/07/24 16:40:36.786,2026/07/24 16:40:36.770,2026/07/24 16:40:36.803,1,GPU-713d5b24-2a1e-fd4a-7685-c3d195ff9230,84.65,1410,1593,91,47,73511,38
2026/07/24 16:40:37.035,2026/07/24 16:40:37.020,2026/07/24 16:40:37.051,0,GPU-e2681f6e-8d94-2d66-484f-43ea602335f9,408.31,1410,1593,100,12,73511,69
2026/07/24 16:40:37.035,2026/07/24 16:40:37.020,2026/07/24 16:40:37.051,1,GPU-713d5b24-2a1e-fd4a-7685-c3d195ff9230,84.65,1410,1593,0,0,73511,38
2026/07/24 16:40:37.291,2026/07/24 16:40:37.270,2026/07/24 16:40:37.312,0,GPU-e2681f6e-8d94-2d66-484f-43ea602335f9,399.27,1410,1593,100,13,73511,70
2026/07/24 16:40:37.291,2026/07/24 16:40:37.270,2026/07/24 16:40:37.312,1,GPU-713d5b24-2a1e-fd4a-7685-c3d195ff9230,241.40,1410,1593,69,23,73511,42
2026/07/24 16:40:37.536,2026/07/24 16:40:37.520,2026/07/24 16:40:37.551,0,GPU-e2681f6e-8d94-2d66-484f-43ea602335f9,402.03,1410,1593,100,14,73511,70
2026/07/24 16:40:37.536,2026/07/24 16:40:37.520,2026/07/24 16:40:37.551,1,GPU-713d5b24-2a1e-fd4a-7685-c3d195ff9230,89.46,1410,1593,100,51,73511,39
2026/07/24 16:40:37.785,2026/07/24 16:40:37.770,2026/07/24 16:40:37.799,0,GPU-e2681f6e-8d94-2d66-484f-43ea602335f9,405.60,1410,1593,100,12,73511,70
2026/07/24 16:40:37.785,2026/07/24 16:40:37.770,2026/07/24 16:40:37.799,1,GPU-713d5b24-2a1e-fd4a-7685-c3d195ff9230,84.65,1410,1593,8,0,73511,38
2026/07/24 16:40:38.042,2026/07/24 16:40:38.021,2026/07/24 16:40:38.064,0,GPU-e2681f6e-8d94-2d66-484f-43ea602335f9,405.93,1410,1593,100,15,73511,70
2026/07/24 16:40:38.042,2026/07/24 16:40:38.021,2026/07/24 16:40:38.064,1,GPU-713d5b24-2a1e-fd4a-7685-c3d195ff9230,242.58,1410,1593,97,42,73511,42
2026/07/24 16:40:38.287,2026/07/24 16:40:38.271,2026/07/24 16:40:38.303,0,GPU-e2681f6e-8d94-2d66-484f-43ea602335f9,434.23,1410,1593,100,18,73511,71
2026/07/24 16:40:38.287,2026/07/24 16:40:38.271,2026/07/24 16:40:38.303,1,GPU-713d5b24-2a1e-fd4a-7685-c3d195ff9230,250.70,1410,1593,100,45,73511,43
2026/07/24 16:40:38.538,2026/07/24 16:40:38.521,2026/07/24 16:40:38.555,0,GPU-e2681f6e-8d94-2d66-484f-43ea602335f9,408.04,1410,1593,100,15,73511,71
2026/07/24 16:40:38.538,2026/07/24 16:40:38.521,2026/07/24 16:40:38.555,1,GPU-713d5b24-2a1e-fd4a-7685-c3d195ff9230,245.88,1410,1593,100,54,73511,41
2026/07/24 16:40:38.787,2026/07/24 16:40:38.771,2026/07/24 16:40:38.804,0,GPU-e2681f6e-8d94-2d66-484f-43ea602335f9,104.08,1410,1593,50,9,73511,58
2026/07/24 16:40:38.787,2026/07/24 16:40:38.771,2026/07/24 16:40:38.804,1,GPU-713d5b24-2a1e-fd4a-7685-c3d195ff9230,243.77,1410,1593,50,27,73511,43
2026/07/24 16:40:39.035,2026/07/24 16:40:39.021,2026/07/24 16:40:39.049,0,GPU-e2681f6e-8d94-2d66-484f-43ea602335f9,98.61,1410,1593,0,0,73511,55
2026/07/24 16:40:39.035,2026/07/24 16:40:39.021,2026/07/24 16:40:39.049,1,GPU-713d5b24-2a1e-fd4a-7685-c3d195ff9230,246.81,1410,1593,93,41,73511,44
2026/07/24 16:40:39.285,2026/07/24 16:40:39.271,2026/07/24 16:40:39.299,0,GPU-e2681f6e-8d94-2d66-484f-43ea602335f9,97.42,1410,1593,0,0,73511,53
2026/07/24 16:40:39.285,2026/07/24 16:40:39.271,2026/07/24 16:40:39.299,1,GPU-713d5b24-2a1e-fd4a-7685-c3d195ff9230,84.97,1410,1593,4,2,73511,39
2026/07/24 16:40:39.536,2026/07/24 16:40:39.521,2026/07/24 16:40:39.550,0,GPU-e2681f6e-8d94-2d66-484f-43ea602335f9,96.82,1410,1593,0,0,73511,53
2026/07/24 16:40:39.536,2026/07/24 16:40:39.521,2026/07/24 16:40:39.550,1,GPU-713d5b24-2a1e-fd4a-7685-c3d195ff9230,85.33,1410,1593,0,0,73511,38
2026/07/24 16:40:39.786,2026/07/24 16:40:39.771,2026/07/24 16:40:39.800,0,GPU-e2681f6e-8d94-2d66-484f-43ea602335f9,96.22,1410,1593,0,0,73511,52
2026/07/24 16:40:39.786,2026/07/24 16:40:39.771,2026/07/24 16:40:39.800,1,GPU-713d5b24-2a1e-fd4a-7685-c3d195ff9230,84.65,1410,1593,0,0,73511,38
2026/07/24 16:40:40.035,2026/07/24 16:40:40.021,2026/07/24 16:40:40.049,0,GPU-e2681f6e-8d94-2d66-484f-43ea602335f9,96.49,1410,1593,0,0,73511,51
2026/07/24 16:40:40.035,2026/07/24 16:40:40.021,2026/07/24 16:40:40.049,1,GPU-713d5b24-2a1e-fd4a-7685-c3d195ff9230,84.38,1410,1593,0,0,73511,38
2026/07/24 16:40:40.286,2026/07/24 16:40:40.271,2026/07/24 16:40:40.301,0,GPU-e2681f6e-8d94-2d66-484f-43ea602335f9,95.63,1410,1593,0,0,73511,51
2026/07/24 16:40:40.286,2026/07/24 16:40:40.271,2026/07/24 16:40:40.301,1,GPU-713d5b24-2a1e-fd4a-7685-c3d195ff9230,84.38,1410,1593,0,0,73511,37
2026/07/24 16:40:40.535,2026/07/24 16:40:40.521,2026/07/24 16:40:40.549,0,GPU-e2681f6e-8d94-2d66-484f-43ea602335f9,95.63,1410,1593,0,0,73511,51
2026/07/24 16:40:40.535,2026/07/24 16:40:40.521,2026/07/24 16:40:40.549,1,GPU-713d5b24-2a1e-fd4a-7685-c3d195ff9230,84.46,1410,1593,0,0,73511,37
2026/07/24 16:40:40.786,2026/07/24 16:40:40.771,2026/07/24 16:40:40.801,0,GPU-e2681f6e-8d94-2d66-484f-43ea602335f9,94.98,1410,1593,0,0,73511,50
2026/07/24 16:40:40.786,2026/07/24 16:40:40.771,2026/07/24 16:40:40.801,1,GPU-713d5b24-2a1e-fd4a-7685-c3d195ff9230,84.46,1410,1593,0,0,73511,37
2026/07/24 16:40:41.035,2026/07/24 16:40:41.022,2026/07/24 16:40:41.049,0,GPU-e2681f6e-8d94-2d66-484f-43ea602335f9,94.98,1410,1593,0,0,73511,50
2026/07/24 16:40:41.035,2026/07/24 16:40:41.022,2026/07/24 16:40:41.049,1,GPU-713d5b24-2a1e-fd4a-7685-c3d195ff9230,84.38,1410,1593,0,0,73511,37
2026/07/24 16:40:41.287,2026/07/24 16:40:41.272,2026/07/24 16:40:41.302,0,GPU-e2681f6e-8d94-2d66-484f-43ea602335f9,94.71,1410,1593,0,0,73511,50
2026/07/24 16:40:41.287,2026/07/24 16:40:41.272,2026/07/24 16:40:41.302,1,GPU-713d5b24-2a1e-fd4a-7685-c3d195ff9230,84.38,1410,1593,0,0,73511,37
2026/07/24 16:40:41.535,2026/07/24 16:40:41.522,2026/07/24 16:40:41.549,0,GPU-e2681f6e-8d94-2d66-484f-43ea602335f9,94.38,1410,1593,0,0,73511,50
2026/07/24 16:40:41.535,2026/07/24 16:40:41.522,2026/07/24 16:40:41.549,1,GPU-713d5b24-2a1e-fd4a-7685-c3d195ff9230,84.05,1410,1593,0,0,73511,37
2026/07/24 16:40:41.787,2026/07/24 16:40:41.772,2026/07/24 16:40:41.801,0,GPU-e2681f6e-8d94-2d66-484f-43ea602335f9,386.34,1410,1593,38,7,73511,60
2026/07/24 16:40:41.787,2026/07/24 16:40:41.772,2026/07/24 16:40:41.801,1,GPU-713d5b24-2a1e-fd4a-7685-c3d195ff9230,84.05,1410,1593,0,0,73511,37
2026/07/24 16:40:42.036,2026/07/24 16:40:42.022,2026/07/24 16:40:42.050,0,GPU-e2681f6e-8d94-2d66-484f-43ea602335f9,404.14,1410,1593,100,17,73511,64
2026/07/24 16:40:42.036,2026/07/24 16:40:42.022,2026/07/24 16:40:42.050,1,GPU-713d5b24-2a1e-fd4a-7685-c3d195ff9230,84.05,1410,1593,0,0,73511,37
2026/07/24 16:40:42.292,2026/07/24 16:40:42.272,2026/07/24 16:40:42.312,0,GPU-e2681f6e-8d94-2d66-484f-43ea602335f9,99.86,1410,1593,0,0,73511,55
2026/07/24 16:40:42.292,2026/07/24 16:40:42.272,2026/07/24 16:40:42.312,1,GPU-713d5b24-2a1e-fd4a-7685-c3d195ff9230,235.33,1410,1593,53,19,73511,41
2026/07/24 16:40:42.538,2026/07/24 16:40:42.522,2026/07/24 16:40:42.554,0,GPU-e2681f6e-8d94-2d66-484f-43ea602335f9,96.49,1410,1593,13,3,73511,60
2026/07/24 16:40:42.538,2026/07/24 16:40:42.522,2026/07/24 16:40:42.554,1,GPU-713d5b24-2a1e-fd4a-7685-c3d195ff9230,85.33,1410,1593,93,49,73511,39
2026/07/24 16:40:42.785,2026/07/24 16:40:42.772,2026/07/24 16:40:42.799,0,GPU-e2681f6e-8d94-2d66-484f-43ea602335f9,392.67,1410,1593,100,18,73511,64
2026/07/24 16:40:42.785,2026/07/24 16:40:42.772,2026/07/24 16:40:42.799,1,GPU-713d5b24-2a1e-fd4a-7685-c3d195ff9230,84.38,1410,1593,0,0,73511,38
2026/07/24 16:40:43.036,2026/07/24 16:40:43.022,2026/07/24 16:40:43.050,0,GPU-e2681f6e-8d94-2d66-484f-43ea602335f9,383.63,1410,1593,100,15,73511,62
2026/07/24 16:40:43.036,2026/07/24 16:40:43.022,2026/07/24 16:40:43.050,1,GPU-713d5b24-2a1e-fd4a-7685-c3d195ff9230,84.38,1410,1593,0,0,73511,37
2026/07/24 16:40:43.295,2026/07/24 16:40:43.272,2026/07/24 16:40:43.318,0,GPU-e2681f6e-8d94-2d66-484f-43ea602335f9,98.34,1410,1593,0,0,73511,54
2026/07/24 16:40:43.295,2026/07/24 16:40:43.272,2026/07/24 16:40:43.318,1,GPU-713d5b24-2a1e-fd4a-7685-c3d195ff9230,247.72,1410,1593,98,43,73511,42
2026/07/24 16:40:43.564,2026/07/24 16:40:43.523,2026/07/24 16:40:43.605,0,GPU-e2681f6e-8d94-2d66-484f-43ea602335f9,101.05,1410,1593,0,0,73511,52
2026/07/24 16:40:43.564,2026/07/24 16:40:43.523,2026/07/24 16:40:43.605,1,GPU-713d5b24-2a1e-fd4a-7685-c3d195ff9230,88.60,1410,1593,60,32,73511,38
2026/07/24 16:40:43.787,2026/07/24 16:40:43.773,2026/07/24 16:40:43.801,0,GPU-e2681f6e-8d94-2d66-484f-43ea602335f9,96.22,1410,1593,0,0,73511,51
2026/07/24 16:40:43.787,2026/07/24 16:40:43.773,2026/07/24 16:40:43.801,1,GPU-713d5b24-2a1e-fd4a-7685-c3d195ff9230,84.38,1410,1593,0,0,73511,38
2026/07/24 16:40:44.037,2026/07/24 16:40:44.023,2026/07/24 16:40:44.051,0,GPU-e2681f6e-8d94-2d66-484f-43ea602335f9,95.30,1410,1593,0,0,73511,50
2026/07/24 16:40:44.037,2026/07/24 16:40:44.023,2026/07/24 16:40:44.051,1,GPU-713d5b24-2a1e-fd4a-7685-c3d195ff9230,84.38,1410,1593,0,0,73511,37
2026/07/24 16:40:44.287,2026/07/24 16:40:44.273,2026/07/24 16:40:44.301,0,GPU-e2681f6e-8d94-2d66-484f-43ea602335f9,94.71,1410,1593,0,0,73511,50
2026/07/24 16:40:44.287,2026/07/24 16:40:44.273,2026/07/24 16:40:44.301,1,GPU-713d5b24-2a1e-fd4a-7685-c3d195ff9230,84.05,1410,1593,0,0,73511,37
2026/07/24 16:40:44.536,2026/07/24 16:40:44.523,2026/07/24 16:40:44.548,0,GPU-e2681f6e-8d94-2d66-484f-43ea602335f9,94.38,1410,1593,0,0,73511,49
2026/07/24 16:40:44.536,2026/07/24 16:40:44.523,2026/07/24 16:40:44.548,1,GPU-713d5b24-2a1e-fd4a-7685-c3d195ff9230,84.05,1410,1593,0,0,73511,37
2026/07/24 16:40:44.787,2026/07/24 16:40:44.773,2026/07/24 16:40:44.802,0,GPU-e2681f6e-8d94-2d66-484f-43ea602335f9,94.38,1410,1593,0,0,73511,49
2026/07/24 16:40:44.787,2026/07/24 16:40:44.773,2026/07/24 16:40:44.802,1,GPU-713d5b24-2a1e-fd4a-7685-c3d195ff9230,84.05,1410,1593,0,0,73511,37
2026/07/24 16:40:45.037,2026/07/24 16:40:45.023,2026/07/24 16:40:45.050,0,GPU-e2681f6e-8d94-2d66-484f-43ea602335f9,94.11,1410,1593,0,0,73511,49
2026/07/24 16:40:45.037,2026/07/24 16:40:45.023,2026/07/24 16:40:45.050,1,GPU-713d5b24-2a1e-fd4a-7685-c3d195ff9230,84.14,1410,1593,0,0,73511,37
2026/07/24 16:40:45.287,2026/07/24 16:40:45.273,2026/07/24 16:40:45.301,0,GPU-e2681f6e-8d94-2d66-484f-43ea602335f9,94.38,1410,1593,0,0,73511,49
2026/07/24 16:40:45.287,2026/07/24 16:40:45.273,2026/07/24 16:40:45.301,1,GPU-713d5b24-2a1e-fd4a-7685-c3d195ff9230,84.05,1410,1593,0,0,73511,37
2026/07/24 16:40:45.537,2026/07/24 16:40:45.523,2026/07/24 16:40:45.551,0,GPU-e2681f6e-8d94-2d66-484f-43ea602335f9,93.78,1410,1593,0,0,73511,49
2026/07/24 16:40:45.537,2026/07/24 16:40:45.523,2026/07/24 16:40:45.551,1,GPU-713d5b24-2a1e-fd4a-7685-c3d195ff9230,84.05,1410,1593,0,0,73511,37
2026/07/24 16:40:45.788,2026/07/24 16:40:45.774,2026/07/24 16:40:45.802,0,GPU-e2681f6e-8d94-2d66-484f-43ea602335f9,93.78,1410,1593,0,0,73511,48
2026/07/24 16:40:45.788,2026/07/24 16:40:45.774,2026/07/24 16:40:45.802,1,GPU-713d5b24-2a1e-fd4a-7685-c3d195ff9230,84.05,1410,1593,0,0,73511,37
2026/07/24 16:40:46.037,2026/07/24 16:40:46.024,2026/07/24 16:40:46.051,0,GPU-e2681f6e-8d94-2d66-484f-43ea602335f9,93.51,1410,1593,0,0,73511,48
2026/07/24 16:40:46.037,2026/07/24 16:40:46.024,2026/07/24 16:40:46.051,1,GPU-713d5b24-2a1e-fd4a-7685-c3d195ff9230,84.05,1410,1593,0,0,73511,37
2026/07/24 16:40:46.287,2026/07/24 16:40:46.274,2026/07/24 16:40:46.301,0,GPU-e2681f6e-8d94-2d66-484f-43ea602335f9,93.51,1410,1593,0,0,73511,48
2026/07/24 16:40:46.287,2026/07/24 16:40:46.274,2026/07/24 16:40:46.301,1,GPU-713d5b24-2a1e-fd4a-7685-c3d195ff9230,84.05,1410,1593,0,0,73511,37
2026/07/24 16:40:46.538,2026/07/24 16:40:46.524,2026/07/24 16:40:46.552,0,GPU-e2681f6e-8d94-2d66-484f-43ea602335f9,94.11,1410,1593,0,0,73511,48
2026/07/24 16:40:46.538,2026/07/24 16:40:46.524,2026/07/24 16:40:46.552,1,GPU-713d5b24-2a1e-fd4a-7685-c3d195ff9230,84.05,1410,1593,0,0,73511,37
2026/07/24 16:40:46.787,2026/07/24 16:40:46.774,2026/07/24 16:40:46.799,0,GPU-e2681f6e-8d94-2d66-484f-43ea602335f9,93.51,1410,1593,0,0,73511,48
2026/07/24 16:40:46.787,2026/07/24 16:40:46.774,2026/07/24 16:40:46.799,1,GPU-713d5b24-2a1e-fd4a-7685-c3d195ff9230,84.05,1410,1593,0,0,73511,36
2026/07/24 16:40:47.040,2026/07/24 16:40:47.024,2026/07/24 16:40:47.055,0,GPU-e2681f6e-8d94-2d66-484f-43ea602335f9,373.40,1410,1593,0,0,73511,57
2026/07/24 16:40:47.040,2026/07/24 16:40:47.024,2026/07/24 16:40:47.055,1,GPU-713d5b24-2a1e-fd4a-7685-c3d195ff9230,84.05,1410,1593,0,0,73511,36
2026/07/24 16:40:47.288,2026/07/24 16:40:47.274,2026/07/24 16:40:47.302,0,GPU-e2681f6e-8d94-2d66-484f-43ea602335f9,390.88,1410,1593,99,18,73511,61
2026/07/24 16:40:47.288,2026/07/24 16:40:47.274,2026/07/24 16:40:47.302,1,GPU-713d5b24-2a1e-fd4a-7685-c3d195ff9230,83.73,1410,1593,0,0,73511,36
2026/07/24 16:40:47.539,2026/07/24 16:40:47.524,2026/07/24 16:40:47.554,0,GPU-e2681f6e-8d94-2d66-484f-43ea602335f9,298.00,1410,1593,70,9,73511,58
2026/07/24 16:40:47.539,2026/07/24 16:40:47.524,2026/07/24 16:40:47.554,1,GPU-713d5b24-2a1e-fd4a-7685-c3d195ff9230,85.57,1410,1593,0,0,73511,36
2026/07/24 16:40:47.789,2026/07/24 16:40:47.774,2026/07/24 16:40:47.805,0,GPU-e2681f6e-8d94-2d66-484f-43ea602335f9,406.53,1410,1593,100,18,73511,64
2026/07/24 16:40:47.789,2026/07/24 16:40:47.774,2026/07/24 16:40:47.805,1,GPU-713d5b24-2a1e-fd4a-7685-c3d195ff9230,238.36,1410,1593,65,24,73511,41
2026/07/24 16:40:48.040,2026/07/24 16:40:48.024,2026/07/24 16:40:48.055,0,GPU-e2681f6e-8d94-2d66-484f-43ea602335f9,383.03,1410,1593,100,15,73511,65
2026/07/24 16:40:48.040,2026/07/24 16:40:48.024,2026/07/24 16:40:48.055,1,GPU-713d5b24-2a1e-fd4a-7685-c3d195ff9230,120.53,1410,1593,100,52,73511,39
2026/07/24 16:40:48.290,2026/07/24 16:40:48.275,2026/07/24 16:40:48.306,0,GPU-e2681f6e-8d94-2d66-484f-43ea602335f9,380.00,1410,1593,100,13,73511,67
2026/07/24 16:40:48.290,2026/07/24 16:40:48.275,2026/07/24 16:40:48.306,1,GPU-713d5b24-2a1e-fd4a-7685-c3d195ff9230,84.38,1410,1593,1,0,73511,38
2026/07/24 16:40:48.541,2026/07/24 16:40:48.525,2026/07/24 16:40:48.557,0,GPU-e2681f6e-8d94-2d66-484f-43ea602335f9,407.44,1410,1593,100,17,73511,67
2026/07/24 16:40:48.541,2026/07/24 16:40:48.525,2026/07/24 16:40:48.557,1,GPU-713d5b24-2a1e-fd4a-7685-c3d195ff9230,242.58,1410,1593,97,39,73511,42
2026/07/24 16:40:48.791,2026/07/24 16:40:48.775,2026/07/24 16:40:48.808,0,GPU-e2681f6e-8d94-2d66-484f-43ea602335f9,418.00,1410,1593,100,15,73511,68
2026/07/24 16:40:48.791,2026/07/24 16:40:48.775,2026/07/24 16:40:48.808,1,GPU-713d5b24-2a1e-fd4a-7685-c3d195ff9230,93.09,1410,1593,100,52,73511,40
2026/07/24 16:40:49.048,2026/07/24 16:40:49.025,2026/07/24 16:40:49.071,0,GPU-e2681f6e-8d94-2d66-484f-43ea602335f9,402.03,1410,1593,100,15,73511,68
2026/07/24 16:40:49.048,2026/07/24 16:40:49.025,2026/07/24 16:40:49.071,1,GPU-713d5b24-2a1e-fd4a-7685-c3d195ff9230,249.18,1410,1593,68,27,73511,43
2026/07/24 16:40:49.291,2026/07/24 16:40:49.275,2026/07/24 16:40:49.308,0,GPU-e2681f6e-8d94-2d66-484f-43ea602335f9,421.89,1410,1593,100,13,73511,69
2026/07/24 16:40:49.291,2026/07/24 16:40:49.275,2026/07/24 16:40:49.308,1,GPU-713d5b24-2a1e-fd4a-7685-c3d195ff9230,99.10,1410,1593,99,53,73511,40
2026/07/24 16:40:49.544,2026/07/24 16:40:49.525,2026/07/24 16:40:49.562,0,GPU-e2681f6e-8d94-2d66-484f-43ea602335f9,406.20,1410,1593,100,15,73511,69
2026/07/24 16:40:49.544,2026/07/24 16:40:49.525,2026/07/24 16:40:49.562,1,GPU-713d5b24-2a1e-fd4a-7685-c3d195ff9230,240.15,1410,1593,100,53,73511,43
2026/07/24 16:40:49.791,2026/07/24 16:40:49.775,2026/07/24 16:40:49.806,0,GPU-e2681f6e-8d94-2d66-484f-43ea602335f9,422.22,1410,1593,87,16,73511,68
2026/07/24 16:40:49.791,2026/07/24 16:40:49.775,2026/07/24 16:40:49.806,1,GPU-713d5b24-2a1e-fd4a-7685-c3d195ff9230,129.25,1410,1593,79,39,73511,43
2026/07/24 16:40:50.039,2026/07/24 16:40:50.025,2026/07/24 16:40:50.053,0,GPU-e2681f6e-8d94-2d66-484f-43ea602335f9,409.55,1410,1593,100,16,73511,69
2026/07/24 16:40:50.039,2026/07/24 16:40:50.025,2026/07/24 16:40:50.053,1,GPU-713d5b24-2a1e-fd4a-7685-c3d195ff9230,89.46,1410,1593,59,31,73511,41
2026/07/24 16:40:50.289,2026/07/24 16:40:50.275,2026/07/24 16:40:50.303,0,GPU-e2681f6e-8d94-2d66-484f-43ea602335f9,247.98,1410,1593,100,13,73511,59
2026/07/24 16:40:50.289,2026/07/24 16:40:50.275,2026/07/24 16:40:50.303,1,GPU-713d5b24-2a1e-fd4a-7685-c3d195ff9230,92.82,1410,1593,20,1,73511,39
2026/07/24 16:40:50.559,2026/07/24 16:40:50.525,2026/07/24 16:40:50.592,0,GPU-e2681f6e-8d94-2d66-484f-43ea602335f9,99.20,1410,1593,13,2,73511,55
2026/07/24 16:40:50.559,2026/07/24 16:40:50.525,2026/07/24 16:40:50.592,1,GPU-713d5b24-2a1e-fd4a-7685-c3d195ff9230,246.81,1410,1593,100,52,73511,43
2026/07/24 16:40:50.790,2026/07/24 16:40:50.775,2026/07/24 16:40:50.804,0,GPU-e2681f6e-8d94-2d66-484f-43ea602335f9,97.42,1410,1593,0,0,73511,53
2026/07/24 16:40:50.790,2026/07/24 16:40:50.775,2026/07/24 16:40:50.804,1,GPU-713d5b24-2a1e-fd4a-7685-c3d195ff9230,85.25,1410,1593,53,28,73511,39
2026/07/24 16:40:51.039,2026/07/24 16:40:51.025,2026/07/24 16:40:51.053,0,GPU-e2681f6e-8d94-2d66-484f-43ea602335f9,95.63,1410,1593,0,0,73511,52
2026/07/24 16:40:51.039,2026/07/24 16:40:51.025,2026/07/24 16:40:51.053,1,GPU-713d5b24-2a1e-fd4a-7685-c3d195ff9230,85.06,1410,1593,0,0,73511,38
2026/07/24 16:40:51.288,2026/07/24 16:40:51.276,2026/07/24 16:40:51.300,0,GPU-e2681f6e-8d94-2d66-484f-43ea602335f9,95.30,1410,1593,0,0,73511,51
2026/07/24 16:40:51.288,2026/07/24 16:40:51.276,2026/07/24 16:40:51.300,1,GPU-713d5b24-2a1e-fd4a-7685-c3d195ff9230,84.65,1410,1593,0,0,73511,38
2026/07/24 16:40:51.540,2026/07/24 16:40:51.526,2026/07/24 16:40:51.555,0,GPU-e2681f6e-8d94-2d66-484f-43ea602335f9,94.71,1410,1593,0,0,73511,50
2026/07/24 16:40:51.540,2026/07/24 16:40:51.526,2026/07/24 16:40:51.555,1,GPU-713d5b24-2a1e-fd4a-7685-c3d195ff9230,84.38,1410,1593,0,0,73511,38
2026/07/24 16:40:51.791,2026/07/24 16:40:51.776,2026/07/24 16:40:51.806,0,GPU-e2681f6e-8d94-2d66-484f-43ea602335f9,94.71,1410,1593,0,0,73511,50
2026/07/24 16:40:51.791,2026/07/24 16:40:51.776,2026/07/24 16:40:51.806,1,GPU-713d5b24-2a1e-fd4a-7685-c3d195ff9230,84.38,1410,1593,0,0,73511,37
2026/07/24 16:40:52.039,2026/07/24 16:40:52.026,2026/07/24 16:40:52.053,0,GPU-e2681f6e-8d94-2d66-484f-43ea602335f9,94.38,1410,1593,0,0,73511,50
2026/07/24 16:40:52.039,2026/07/24 16:40:52.026,2026/07/24 16:40:52.053,1,GPU-713d5b24-2a1e-fd4a-7685-c3d195ff9230,84.38,1410,1593,0,0,73511,37
2026/07/24 16:40:52.290,2026/07/24 16:40:52.276,2026/07/24 16:40:52.304,0,GPU-e2681f6e-8d94-2d66-484f-43ea602335f9,94.11,1410,1593,0,0,73511,49
2026/07/24 16:40:52.290,2026/07/24 16:40:52.276,2026/07/24 16:40:52.304,1,GPU-713d5b24-2a1e-fd4a-7685-c3d195ff9230,84.46,1410,1593,0,0,73511,37
2026/07/24 16:40:52.575,2026/07/24 16:40:52.526,2026/07/24 16:40:52.624,0,GPU-e2681f6e-8d94-2d66-484f-43ea602335f9,383.63,1410,1593,12,2,73511,60
2026/07/24 16:40:52.575,2026/07/24 16:40:52.526,2026/07/24 16:40:52.624,1,GPU-713d5b24-2a1e-fd4a-7685-c3d195ff9230,84.38,1410,1593,0,0,73511,37
2026/07/24 16:40:52.792,2026/07/24 16:40:52.776,2026/07/24 16:40:52.807,0,GPU-e2681f6e-8d94-2d66-484f-43ea602335f9,393.26,1410,1593,100,18,73511,64
2026/07/24 16:40:52.792,2026/07/24 16:40:52.776,2026/07/24 16:40:52.807,1,GPU-713d5b24-2a1e-fd4a-7685-c3d195ff9230,84.38,1410,1593,0,0,73511,37
2026/07/24 16:40:53.042,2026/07/24 16:40:53.026,2026/07/24 16:40:53.058,0,GPU-e2681f6e-8d94-2d66-484f-43ea602335f9,406.20,1410,1593,100,14,73511,66
2026/07/24 16:40:53.042,2026/07/24 16:40:53.026,2026/07/24 16:40:53.058,1,GPU-713d5b24-2a1e-fd4a-7685-c3d195ff9230,84.38,1410,1593,0,0,73511,37
2026/07/24 16:40:53.293,2026/07/24 16:40:53.276,2026/07/24 16:40:53.309,0,GPU-e2681f6e-8d94-2d66-484f-43ea602335f9,399.00,1410,1593,100,17,73511,67
2026/07/24 16:40:53.293,2026/07/24 16:40:53.276,2026/07/24 16:40:53.309,1,GPU-713d5b24-2a1e-fd4a-7685-c3d195ff9230,241.99,1410,1593,98,43,73511,40
2026/07/24 16:40:53.542,2026/07/24 16:40:53.526,2026/07/24 16:40:53.557,0,GPU-e2681f6e-8d94-2d66-484f-43ea602335f9,419.46,1410,1593,100,16,73511,68
2026/07/24 16:40:53.542,2026/07/24 16:40:53.526,2026/07/24 16:40:53.557,1,GPU-713d5b24-2a1e-fd4a-7685-c3d195ff9230,241.99,1410,1593,100,48,73511,42
2026/07/24 16:40:53.793,2026/07/24 16:40:53.776,2026/07/24 16:40:53.810,0,GPU-e2681f6e-8d94-2d66-484f-43ea602335f9,404.14,1410,1593,100,13,73511,68
2026/07/24 16:40:53.793,2026/07/24 16:40:53.776,2026/07/24 16:40:53.810,1,GPU-713d5b24-2a1e-fd4a-7685-c3d195ff9230,244.96,1410,1593,98,49,73511,43
2026/07/24 16:40:54.042,2026/07/24 16:40:54.026,2026/07/24 16:40:54.058,0,GPU-e2681f6e-8d94-2d66-484f-43ea602335f9,412.42,1410,1593,100,14,73511,69
2026/07/24 16:40:54.042,2026/07/24 16:40:54.026,2026/07/24 16:40:54.058,1,GPU-713d5b24-2a1e-fd4a-7685-c3d195ff9230,85.57,1410,1593,64,34,73511,39
2026/07/24 16:40:54.292,2026/07/24 16:40:54.277,2026/07/24 16:40:54.308,0,GPU-e2681f6e-8d94-2d66-484f-43ea602335f9,410.15,1410,1593,100,17,73511,69
2026/07/24 16:40:54.292,2026/07/24 16:40:54.277,2026/07/24 16:40:54.308,1,GPU-713d5b24-2a1e-fd4a-7685-c3d195ff9230,236.57,1410,1593,21,0,73511,43
2026/07/24 16:40:54.572,2026/07/24 16:40:54.527,2026/07/24 16:40:54.618,0,GPU-e2681f6e-8d94-2d66-484f-43ea602335f9,153.22,1410,1593,100,14,73511,59
2026/07/24 16:40:54.572,2026/07/24 16:40:54.527,2026/07/24 16:40:54.618,1,GPU-713d5b24-2a1e-fd4a-7685-c3d195ff9230,117.23,1410,1593,94,41,73511,42
2026/07/24 16:40:54.810,2026/07/24 16:40:54.777,2026/07/24 16:40:54.843,0,GPU-e2681f6e-8d94-2d66-484f-43ea602335f9,98.71,1410,1593,6,1,73511,55
2026/07/24 16:40:54.810,2026/07/24 16:40:54.777,2026/07/24 16:40:54.843,1,GPU-713d5b24-2a1e-fd4a-7685-c3d195ff9230,86.26,1410,1593,100,53,73511,44
2026/07/24 16:40:55.042,2026/07/24 16:40:55.027,2026/07/24 16:40:55.056,0,GPU-e2681f6e-8d94-2d66-484f-43ea602335f9,97.42,1410,1593,0,0,73511,53
2026/07/24 16:40:55.042,2026/07/24 16:40:55.027,2026/07/24 16:40:55.056,1,GPU-713d5b24-2a1e-fd4a-7685-c3d195ff9230,85.25,1410,1593,44,23,73511,40
2026/07/24 16:40:55.291,2026/07/24 16:40:55.277,2026/07/24 16:40:55.305,0,GPU-e2681f6e-8d94-2d66-484f-43ea602335f9,408.31,1410,1593,22,4,73511,62
2026/07/24 16:40:55.291,2026/07/24 16:40:55.277,2026/07/24 16:40:55.305,1,GPU-713d5b24-2a1e-fd4a-7685-c3d195ff9230,84.97,1410,1593,0,0,73511,38
2026/07/24 16:40:55.543,2026/07/24 16:40:55.527,2026/07/24 16:40:55.560,0,GPU-e2681f6e-8d94-2d66-484f-43ea602335f9,389.04,1410,1593,100,17,73511,65
2026/07/24 16:40:55.543,2026/07/24 16:40:55.527,2026/07/24 16:40:55.560,1,GPU-713d5b24-2a1e-fd4a-7685-c3d195ff9230,84.65,1410,1593,0,0,73511,38
2026/07/24 16:40:55.813,2026/07/24 16:40:55.777,2026/07/24 16:40:55.849,0,GPU-e2681f6e-8d94-2d66-484f-43ea602335f9,405.33,1410,1593,100,14,73511,67
2026/07/24 16:40:55.813,2026/07/24 16:40:55.777,2026/07/24 16:40:55.849,1,GPU-713d5b24-2a1e-fd4a-7685-c3d195ff9230,87.36,1410,1593,0,0,73511,38
2026/07/24 16:40:56.043,2026/07/24 16:40:56.027,2026/07/24 16:40:56.058,0,GPU-e2681f6e-8d94-2d66-484f-43ea602335f9,404.73,1410,1593,100,16,73511,68
2026/07/24 16:40:56.043,2026/07/24 16:40:56.027,2026/07/24 16:40:56.058,1,GPU-713d5b24-2a1e-fd4a-7685-c3d195ff9230,137.69,1410,1593,65,23,73511,42
2026/07/24 16:40:56.292,2026/07/24 16:40:56.277,2026/07/24 16:40:56.307,0,GPU-e2681f6e-8d94-2d66-484f-43ea602335f9,112.48,1410,1593,92,13,73511,59
2026/07/24 16:40:56.292,2026/07/24 16:40:56.277,2026/07/24 16:40:56.307,1,GPU-713d5b24-2a1e-fd4a-7685-c3d195ff9230,97.64,1410,1593,33,8,73511,41
2026/07/24 16:40:56.545,2026/07/24 16:40:56.527,2026/07/24 16:40:56.563,0,GPU-e2681f6e-8d94-2d66-484f-43ea602335f9,99.53,1410,1593,0,0,73511,54
2026/07/24 16:40:56.545,2026/07/24 16:40:56.527,2026/07/24 16:40:56.563,1,GPU-713d5b24-2a1e-fd4a-7685-c3d195ff9230,241.66,1410,1593,100,53,73511,43
2026/07/24 16:40:56.796,2026/07/24 16:40:56.777,2026/07/24 16:40:56.815,0,GPU-e2681f6e-8d94-2d66-484f-43ea602335f9,398.41,1410,1593,100,17,73511,65
2026/07/24 16:40:56.796,2026/07/24 16:40:56.777,2026/07/24 16:40:56.815,1,GPU-713d5b24-2a1e-fd4a-7685-c3d195ff9230,85.25,1410,1593,50,26,73511,39
2026/07/24 16:40:57.043,2026/07/24 16:40:57.027,2026/07/24 16:40:57.058,0,GPU-e2681f6e-8d94-2d66-484f-43ea602335f9,389.37,1410,1593,100,17,73511,68
2026/07/24 16:40:57.043,2026/07/24 16:40:57.027,2026/07/24 16:40:57.058,1,GPU-713d5b24-2a1e-fd4a-7685-c3d195ff9230,84.97,1410,1593,0,0,73511,38
2026/07/24 16:40:57.292,2026/07/24 16:40:57.278,2026/07/24 16:40:57.306,0,GPU-e2681f6e-8d94-2d66-484f-43ea602335f9,408.63,1410,1593,100,18,73511,69
2026/07/24 16:40:57.292,2026/07/24 16:40:57.278,2026/07/24 16:40:57.306,1,GPU-713d5b24-2a1e-fd4a-7685-c3d195ff9230,245.88,1410,1593,100,53,73511,42
2026/07/24 16:40:57.542,2026/07/24 16:40:57.528,2026/07/24 16:40:57.556,0,GPU-e2681f6e-8d94-2d66-484f-43ea602335f9,410.42,1410,1593,100,14,73511,65
2026/07/24 16:40:57.542,2026/07/24 16:40:57.528,2026/07/24 16:40:57.556,1,GPU-713d5b24-2a1e-fd4a-7685-c3d195ff9230,85.84,1410,1593,35,19,73511,40
2026/07/24 16:40:57.822,2026/07/24 16:40:57.778,2026/07/24 16:40:57.865,0,GPU-e2681f6e-8d94-2d66-484f-43ea602335f9,100.82,1410,1593,57,7,73511,56
2026/07/24 16:40:57.822,2026/07/24 16:40:57.778,2026/07/24 16:40:57.865,1,GPU-713d5b24-2a1e-fd4a-7685-c3d195ff9230,246.21,1410,1593,60,21,73511,43
2026/07/24 16:40:58.044,2026/07/24 16:40:58.028,2026/07/24 16:40:58.060,0,GPU-e2681f6e-8d94-2d66-484f-43ea602335f9,97.42,1410,1593,0,0,73511,54
2026/07/24 16:40:58.044,2026/07/24 16:40:58.028,2026/07/24 16:40:58.060,1,GPU-713d5b24-2a1e-fd4a-7685-c3d195ff9230,92.17,1410,1593,100,52,73511,40
2026/07/24 16:40:58.292,2026/07/24 16:40:58.278,2026/07/24 16:40:58.306,0,GPU-e2681f6e-8d94-2d66-484f-43ea602335f9,96.22,1410,1593,0,0,73511,52
2026/07/24 16:40:58.292,2026/07/24 16:40:58.278,2026/07/24 16:40:58.306,1,GPU-713d5b24-2a1e-fd4a-7685-c3d195ff9230,85.57,1410,1593,13,7,73511,39
2026/07/24 16:40:58.542,2026/07/24 16:40:58.528,2026/07/24 16:40:58.557,0,GPU-e2681f6e-8d94-2d66-484f-43ea602335f9,95.63,1410,1593,0,0,73511,51
2026/07/24 16:40:58.542,2026/07/24 16:40:58.528,2026/07/24 16:40:58.557,1,GPU-713d5b24-2a1e-fd4a-7685-c3d195ff9230,84.97,1410,1593,0,0,73511,38
2026/07/24 16:40:58.792,2026/07/24 16:40:58.778,2026/07/24 16:40:58.805,0,GPU-e2681f6e-8d94-2d66-484f-43ea602335f9,94.98,1410,1593,0,0,73511,51
2026/07/24 16:40:58.792,2026/07/24 16:40:58.778,2026/07/24 16:40:58.805,1,GPU-713d5b24-2a1e-fd4a-7685-c3d195ff9230,84.65,1410,1593,0,0,73511,38
2026/07/24 16:40:59.050,2026/07/24 16:40:59.028,2026/07/24 16:40:59.072,0,GPU-e2681f6e-8d94-2d66-484f-43ea602335f9,397.48,1410,1593,0,0,73511,60
2026/07/24 16:40:59.050,2026/07/24 16:40:59.028,2026/07/24 16:40:59.072,1,GPU-713d5b24-2a1e-fd4a-7685-c3d195ff9230,84.65,1410,1593,0,0,73511,38
2026/07/24 16:40:59.294,2026/07/24 16:40:59.278,2026/07/24 16:40:59.309,0,GPU-e2681f6e-8d94-2d66-484f-43ea602335f9,387.85,1410,1593,85,16,73511,65
2026/07/24 16:40:59.294,2026/07/24 16:40:59.278,2026/07/24 16:40:59.309,1,GPU-713d5b24-2a1e-fd4a-7685-c3d195ff9230,84.65,1410,1593,0,0,73511,37
2026/07/24 16:40:59.543,2026/07/24 16:40:59.528,2026/07/24 16:40:59.558,0,GPU-e2681f6e-8d94-2d66-484f-43ea602335f9,173.16,1410,1593,100,14,73511,58
2026/07/24 16:40:59.543,2026/07/24 16:40:59.528,2026/07/24 16:40:59.558,1,GPU-713d5b24-2a1e-fd4a-7685-c3d195ff9230,84.65,1410,1593,0,0,73511,37
2026/07/24 16:40:59.808,2026/07/24 16:40:59.778,2026/07/24 16:40:59.837,0,GPU-e2681f6e-8d94-2d66-484f-43ea602335f9,98.93,1410,1593,9,2,73511,54
2026/07/24 16:40:59.808,2026/07/24 16:40:59.778,2026/07/24 16:40:59.837,1,GPU-713d5b24-2a1e-fd4a-7685-c3d195ff9230,245.62,1410,1593,98,45,73511,42
2026/07/24 16:41:00.043,2026/07/24 16:41:00.028,2026/07/24 16:41:00.057,0,GPU-e2681f6e-8d94-2d66-484f-43ea602335f9,395.05,1410,1593,100,17,73511,65
2026/07/24 16:41:00.043,2026/07/24 16:41:00.028,2026/07/24 16:41:00.057,1,GPU-713d5b24-2a1e-fd4a-7685-c3d195ff9230,85.66,1410,1593,74,39,73511,39
2026/07/24 16:41:00.293,2026/07/24 16:41:00.279,2026/07/24 16:41:00.306,0,GPU-e2681f6e-8d94-2d66-484f-43ea602335f9,399.92,1410,1593,100,13,73511,67
2026/07/24 16:41:00.293,2026/07/24 16:41:00.279,2026/07/24 16:41:00.306,1,GPU-713d5b24-2a1e-fd4a-7685-c3d195ff9230,84.97,1410,1593,0,0,73511,38
2026/07/24 16:41:00.544,2026/07/24 16:41:00.529,2026/07/24 16:41:00.559,0,GPU-e2681f6e-8d94-2d66-484f-43ea602335f9,111.01,1410,1593,71,10,73511,63
2026/07/24 16:41:00.544,2026/07/24 16:41:00.529,2026/07/24 16:41:00.559,1,GPU-713d5b24-2a1e-fd4a-7685-c3d195ff9230,84.65,1410,1593,38,8,73511,40
2026/07/24 16:41:00.794,2026/07/24 16:41:00.779,2026/07/24 16:41:00.809,0,GPU-e2681f6e-8d94-2d66-484f-43ea602335f9,413.45,1410,1593,77,15,73511,67
2026/07/24 16:41:00.794,2026/07/24 16:41:00.779,2026/07/24 16:41:00.809,1,GPU-713d5b24-2a1e-fd4a-7685-c3d195ff9230,245.88,1410,1593,100,52,73511,43
2026/07/24 16:41:01.043,2026/07/24 16:41:01.029,2026/07/24 16:41:01.057,0,GPU-e2681f6e-8d94-2d66-484f-43ea602335f9,113.40,1410,1593,41,8,73511,65
2026/07/24 16:41:01.043,2026/07/24 16:41:01.029,2026/07/24 16:41:01.057,1,GPU-713d5b24-2a1e-fd4a-7685-c3d195ff9230,96.39,1410,1593,80,42,73511,41
2026/07/24 16:41:01.293,2026/07/24 16:41:01.279,2026/07/24 16:41:01.307,0,GPU-e2681f6e-8d94-2d66-484f-43ea602335f9,99.20,1410,1593,0,0,73511,55
2026/07/24 16:41:01.293,2026/07/24 16:41:01.279,2026/07/24 16:41:01.307,1,GPU-713d5b24-2a1e-fd4a-7685-c3d195ff9230,196.80,1410,1593,81,43,73511,43
2026/07/24 16:41:01.542,2026/07/24 16:41:01.529,2026/07/24 16:41:01.556,0,GPU-e2681f6e-8d94-2d66-484f-43ea602335f9,97.42,1410,1593,0,0,73511,53
2026/07/24 16:41:01.542,2026/07/24 16:41:01.529,2026/07/24 16:41:01.556,1,GPU-713d5b24-2a1e-fd4a-7685-c3d195ff9230,85.25,1410,1593,0,0,73511,39
2026/07/24 16:41:01.795,2026/07/24 16:41:01.779,2026/07/24 16:41:01.811,0,GPU-e2681f6e-8d94-2d66-484f-43ea602335f9,384.22,1410,1593,0,0,73511,52
2026/07/24 16:41:01.795,2026/07/24 16:41:01.779,2026/07/24 16:41:01.811,1,GPU-713d5b24-2a1e-fd4a-7685-c3d195ff9230,84.97,1410,1593,0,0,73511,38
2026/07/24 16:41:02.044,2026/07/24 16:41:02.029,2026/07/24 16:41:02.059,0,GPU-e2681f6e-8d94-2d66-484f-43ea602335f9,402.03,1410,1593,52,10,73511,63
2026/07/24 16:41:02.044,2026/07/24 16:41:02.029,2026/07/24 16:41:02.059,1,GPU-713d5b24-2a1e-fd4a-7685-c3d195ff9230,84.97,1410,1593,0,0,73511,38
2026/07/24 16:41:02.294,2026/07/24 16:41:02.279,2026/07/24 16:41:02.309,0,GPU-e2681f6e-8d94-2d66-484f-43ea602335f9,389.37,1410,1593,100,13,73511,66
2026/07/24 16:41:02.294,2026/07/24 16:41:02.279,2026/07/24 16:41:02.309,1,GPU-713d5b24-2a1e-fd4a-7685-c3d195ff9230,84.65,1410,1593,0,0,73511,38
2026/07/24 16:41:02.543,2026/07/24 16:41:02.529,2026/07/24 16:41:02.557,0,GPU-e2681f6e-8d94-2d66-484f-43ea602335f9,108.90,1410,1593,91,11,73511,63
2026/07/24 16:41:02.543,2026/07/24 16:41:02.529,2026/07/24 16:41:02.557,1,GPU-713d5b24-2a1e-fd4a-7685-c3d195ff9230,84.65,1410,1593,15,0,73511,39
2026/07/24 16:41:02.793,2026/07/24 16:41:02.779,2026/07/24 16:41:02.806,0,GPU-e2681f6e-8d94-2d66-484f-43ea602335f9,420.11,1410,1593,33,7,73511,66
2026/07/24 16:41:02.793,2026/07/24 16:41:02.779,2026/07/24 16:41:02.806,1,GPU-713d5b24-2a1e-fd4a-7685-c3d195ff9230,241.07,1410,1593,97,46,73511,42
2026/07/24 16:41:03.046,2026/07/24 16:41:03.029,2026/07/24 16:41:03.062,0,GPU-e2681f6e-8d94-2d66-484f-43ea602335f9,391.75,1410,1593,100,17,73511,68
2026/07/24 16:41:03.046,2026/07/24 16:41:03.029,2026/07/24 16:41:03.062,1,GPU-713d5b24-2a1e-fd4a-7685-c3d195ff9230,86.17,1410,1593,94,49,73511,41
2026/07/24 16:41:03.296,2026/07/24 16:41:03.279,2026/07/24 16:41:03.314,0,GPU-e2681f6e-8d94-2d66-484f-43ea602335f9,99.86,1410,1593,83,13,73511,57
2026/07/24 16:41:03.296,2026/07/24 16:41:03.279,2026/07/24 16:41:03.314,1,GPU-713d5b24-2a1e-fd4a-7685-c3d195ff9230,243.18,1410,1593,28,6,73511,43
2026/07/24 16:41:03.542,2026/07/24 16:41:03.529,2026/07/24 16:41:03.555,0,GPU-e2681f6e-8d94-2d66-484f-43ea602335f9,96.82,1410,1593,0,0,73511,53
2026/07/24 16:41:03.542,2026/07/24 16:41:03.529,2026/07/24 16:41:03.555,1,GPU-713d5b24-2a1e-fd4a-7685-c3d195ff9230,87.68,1410,1593,100,53,73511,41
2026/07/24 16:41:03.794,2026/07/24 16:41:03.779,2026/07/24 16:41:03.808,0,GPU-e2681f6e-8d94-2d66-484f-43ea602335f9,95.90,1410,1593,0,0,73511,52
2026/07/24 16:41:03.794,2026/07/24 16:41:03.779,2026/07/24 16:41:03.808,1,GPU-713d5b24-2a1e-fd4a-7685-c3d195ff9230,85.25,1410,1593,0,0,73511,39
2026/07/24 16:41:04.048,2026/07/24 16:41:04.029,2026/07/24 16:41:04.066,0,GPU-e2681f6e-8d94-2d66-484f-43ea602335f9,394.46,1410,1593,51,10,73511,64
2026/07/24 16:41:04.048,2026/07/24 16:41:04.029,2026/07/24 16:41:04.066,1,GPU-713d5b24-2a1e-fd4a-7685-c3d195ff9230,84.97,1410,1593,0,0,73511,38
2026/07/24 16:41:04.293,2026/07/24 16:41:04.280,2026/07/24 16:41:04.306,0,GPU-e2681f6e-8d94-2d66-484f-43ea602335f9,391.67,1410,1593,100,13,73511,67
2026/07/24 16:41:04.293,2026/07/24 16:41:04.280,2026/07/24 16:41:04.306,1,GPU-713d5b24-2a1e-fd4a-7685-c3d195ff9230,84.65,1410,1593,0,0,73511,38
2026/07/24 16:41:04.545,2026/07/24 16:41:04.530,2026/07/24 16:41:04.561,0,GPU-e2681f6e-8d94-2d66-484f-43ea602335f9,430.93,1410,1593,99,15,73511,68
2026/07/24 16:41:04.545,2026/07/24 16:41:04.530,2026/07/24 16:41:04.561,1,GPU-713d5b24-2a1e-fd4a-7685-c3d195ff9230,97.32,1410,1593,0,0,73511,38
2026/07/24 16:41:04.792,2026/07/24 16:41:04.780,2026/07/24 16:41:04.804,0,GPU-e2681f6e-8d94-2d66-484f-43ea602335f9,404.14,1410,1593,100,17,73511,69
2026/07/24 16:41:04.792,2026/07/24 16:41:04.780,2026/07/24 16:41:04.804,1,GPU-713d5b24-2a1e-fd4a-7685-c3d195ff9230,246.21,1410,1593,100,52,73511,43
2026/07/24 16:41:05.047,2026/07/24 16:41:05.030,2026/07/24 16:41:05.063,0,GPU-e2681f6e-8d94-2d66-484f-43ea602335f9,396.89,1410,1593,100,14,73511,65
2026/07/24 16:41:05.047,2026/07/24 16:41:05.030,2026/07/24 16:41:05.063,1,GPU-713d5b24-2a1e-fd4a-7685-c3d195ff9230,178.07,1410,1593,81,42,73511,40
2026/07/24 16:41:05.293,2026/07/24 16:41:05.280,2026/07/24 16:41:05.307,0,GPU-e2681f6e-8d94-2d66-484f-43ea602335f9,100.23,1410,1593,0,0,73511,57
2026/07/24 16:41:05.293,2026/07/24 16:41:05.280,2026/07/24 16:41:05.307,1,GPU-713d5b24-2a1e-fd4a-7685-c3d195ff9230,247.33,1410,1593,43,12,73511,43
2026/07/24 16:41:05.544,2026/07/24 16:41:05.530,2026/07/24 16:41:05.558,0,GPU-e2681f6e-8d94-2d66-484f-43ea602335f9,97.74,1410,1593,0,0,73511,53
2026/07/24 16:41:05.544,2026/07/24 16:41:05.530,2026/07/24 16:41:05.558,1,GPU-713d5b24-2a1e-fd4a-7685-c3d195ff9230,86.76,1410,1593,100,52,73511,40
2026/07/24 16:41:05.795,2026/07/24 16:41:05.780,2026/07/24 16:41:05.809,0,GPU-e2681f6e-8d94-2d66-484f-43ea602335f9,96.22,1410,1593,0,0,73511,52
2026/07/24 16:41:05.795,2026/07/24 16:41:05.780,2026/07/24 16:41:05.809,1,GPU-713d5b24-2a1e-fd4a-7685-c3d195ff9230,85.25,1410,1593,0,0,73511,39
2026/07/24 16:41:06.043,2026/07/24 16:41:06.030,2026/07/24 16:41:06.056,0,GPU-e2681f6e-8d94-2d66-484f-43ea602335f9,398.41,1410,1593,31,6,73511,64
2026/07/24 16:41:06.043,2026/07/24 16:41:06.030,2026/07/24 16:41:06.056,1,GPU-713d5b24-2a1e-fd4a-7685-c3d195ff9230,84.97,1410,1593,0,0,73511,38
2026/07/24 16:41:06.293,2026/07/24 16:41:06.280,2026/07/24 16:41:06.306,0,GPU-e2681f6e-8d94-2d66-484f-43ea602335f9,397.48,1410,1593,100,17,73511,66
2026/07/24 16:41:06.293,2026/07/24 16:41:06.280,2026/07/24 16:41:06.306,1,GPU-713d5b24-2a1e-fd4a-7685-c3d195ff9230,84.65,1410,1593,0,0,73511,38
2026/07/24 16:41:06.544,2026/07/24 16:41:06.530,2026/07/24 16:41:06.559,0,GPU-e2681f6e-8d94-2d66-484f-43ea602335f9,393.59,1410,1593,100,13,73511,67
2026/07/24 16:41:06.544,2026/07/24 16:41:06.530,2026/07/24 16:41:06.559,1,GPU-713d5b24-2a1e-fd4a-7685-c3d195ff9230,84.65,1410,1593,0,0,73511,38
2026/07/24 16:41:06.796,2026/07/24 16:41:06.780,2026/07/24 16:41:06.812,0,GPU-e2681f6e-8d94-2d66-484f-43ea602335f9,410.75,1410,1593,100,17,73511,69
2026/07/24 16:41:06.796,2026/07/24 16:41:06.780,2026/07/24 16:41:06.812,1,GPU-713d5b24-2a1e-fd4a-7685-c3d195ff9230,239.28,1410,1593,66,22,73511,41
2026/07/24 16:41:07.050,2026/07/24 16:41:07.030,2026/07/24 16:41:07.070,0,GPU-e2681f6e-8d94-2d66-484f-43ea602335f9,402.03,1410,1593,100,15,73511,69
2026/07/24 16:41:07.050,2026/07/24 16:41:07.030,2026/07/24 16:41:07.070,1,GPU-713d5b24-2a1e-fd4a-7685-c3d195ff9230,244.10,1410,1593,100,52,73511,43
2026/07/24 16:41:07.294,2026/07/24 16:41:07.280,2026/07/24 16:41:07.308,0,GPU-e2681f6e-8d94-2d66-484f-43ea602335f9,403.82,1410,1593,100,14,73511,70
2026/07/24 16:41:07.294,2026/07/24 16:41:07.280,2026/07/24 16:41:07.308,1,GPU-713d5b24-2a1e-fd4a-7685-c3d195ff9230,85.25,1410,1593,35,18,73511,39
2026/07/24 16:41:07.543,2026/07/24 16:41:07.530,2026/07/24 16:41:07.556,0,GPU-e2681f6e-8d94-2d66-484f-43ea602335f9,406.85,1410,1593,100,17,73511,70
2026/07/24 16:41:07.543,2026/07/24 16:41:07.530,2026/07/24 16:41:07.556,1,GPU-713d5b24-2a1e-fd4a-7685-c3d195ff9230,242.91,1410,1593,97,40,73511,41
2026/07/24 16:41:07.793,2026/07/24 16:41:07.781,2026/07/24 16:41:07.805,0,GPU-e2681f6e-8d94-2d66-484f-43ea602335f9,414.05,1410,1593,100,13,73511,70
2026/07/24 16:41:07.793,2026/07/24 16:41:07.781,2026/07/24 16:41:07.805,1,GPU-713d5b24-2a1e-fd4a-7685-c3d195ff9230,90.39,1410,1593,61,32,73511,40
2026/07/24 16:41:08.047,2026/07/24 16:41:08.031,2026/07/24 16:41:08.063,0,GPU-e2681f6e-8d94-2d66-484f-43ea602335f9,421.30,1410,1593,100,17,73511,71
2026/07/24 16:41:08.047,2026/07/24 16:41:08.031,2026/07/24 16:41:08.063,1,GPU-713d5b24-2a1e-fd4a-7685-c3d195ff9230,245.62,1410,1593,38,10,73511,42
2026/07/24 16:41:08.296,2026/07/24 16:41:08.281,2026/07/24 16:41:08.311,0,GPU-e2681f6e-8d94-2d66-484f-43ea602335f9,406.20,1410,1593,100,16,73511,70
2026/07/24 16:41:08.296,2026/07/24 16:41:08.281,2026/07/24 16:41:08.311,1,GPU-713d5b24-2a1e-fd4a-7685-c3d195ff9230,248.91,1410,1593,100,53,73511,41
2026/07/24 16:41:08.546,2026/07/24 16:41:08.531,2026/07/24 16:41:08.561,0,GPU-e2681f6e-8d94-2d66-484f-43ea602335f9,414.64,1410,1593,100,14,73511,71
2026/07/24 16:41:08.546,2026/07/24 16:41:08.531,2026/07/24 16:41:08.561,1,GPU-713d5b24-2a1e-fd4a-7685-c3d195ff9230,244.37,1410,1593,41,21,73511,42
2026/07/24 16:41:08.796,2026/07/24 16:41:08.781,2026/07/24 16:41:08.811,0,GPU-e2681f6e-8d94-2d66-484f-43ea602335f9,412.85,1410,1593,100,14,73511,71
2026/07/24 16:41:08.796,2026/07/24 16:41:08.781,2026/07/24 16:41:08.811,1,GPU-713d5b24-2a1e-fd4a-7685-c3d195ff9230,241.40,1410,1593,85,45,73511,41
2026/07/24 16:41:09.044,2026/07/24 16:41:09.031,2026/07/24 16:41:09.058,0,GPU-e2681f6e-8d94-2d66-484f-43ea602335f9,413.45,1410,1593,100,17,73511,71
2026/07/24 16:41:09.044,2026/07/24 16:41:09.031,2026/07/24 16:41:09.058,1,GPU-713d5b24-2a1e-fd4a-7685-c3d195ff9230,239.28,1410,1593,61,22,73511,43
2026/07/24 16:41:09.295,2026/07/24 16:41:09.281,2026/07/24 16:41:09.310,0,GPU-e2681f6e-8d94-2d66-484f-43ea602335f9,401.11,1410,1593,100,12,73511,71
2026/07/24 16:41:09.295,2026/07/24 16:41:09.281,2026/07/24 16:41:09.310,1,GPU-713d5b24-2a1e-fd4a-7685-c3d195ff9230,246.21,1410,1593,100,53,73511,42
2026/07/24 16:41:09.547,2026/07/24 16:41:09.531,2026/07/24 16:41:09.563,0,GPU-e2681f6e-8d94-2d66-484f-43ea602335f9,405.93,1410,1593,100,13,73511,71
2026/07/24 16:41:09.547,2026/07/24 16:41:09.531,2026/07/24 16:41:09.563,1,GPU-713d5b24-2a1e-fd4a-7685-c3d195ff9230,85.57,1410,1593,39,21,73511,40
2026/07/24 16:41:09.798,2026/07/24 16:41:09.781,2026/07/24 16:41:09.815,0,GPU-e2681f6e-8d94-2d66-484f-43ea602335f9,407.44,1410,1593,100,17,73511,72
2026/07/24 16:41:09.798,2026/07/24 16:41:09.781,2026/07/24 16:41:09.815,1,GPU-713d5b24-2a1e-fd4a-7685-c3d195ff9230,244.10,1410,1593,80,29,73511,43
2026/07/24 16:41:10.047,2026/07/24 16:41:10.031,2026/07/24 16:41:10.064,0,GPU-e2681f6e-8d94-2d66-484f-43ea602335f9,370.05,1410,1593,100,14,73511,72
2026/07/24 16:41:10.047,2026/07/24 16:41:10.031,2026/07/24 16:41:10.064,1,GPU-713d5b24-2a1e-fd4a-7685-c3d195ff9230,222.40,1410,1593,100,52,73511,44
2026/07/24 16:41:10.297,2026/07/24 16:41:10.281,2026/07/24 16:41:10.313,0,GPU-e2681f6e-8d94-2d66-484f-43ea602335f9,414.05,1410,1593,100,15,73511,72
2026/07/24 16:41:10.297,2026/07/24 16:41:10.281,2026/07/24 16:41:10.313,1,GPU-713d5b24-2a1e-fd4a-7685-c3d195ff9230,245.88,1410,1593,100,46,73511,45
2026/07/24 16:41:10.545,2026/07/24 16:41:10.531,2026/07/24 16:41:10.558,0,GPU-e2681f6e-8d94-2d66-484f-43ea602335f9,417.83,1410,1593,100,17,73511,72
2026/07/24 16:41:10.545,2026/07/24 16:41:10.531,2026/07/24 16:41:10.558,1,GPU-713d5b24-2a1e-fd4a-7685-c3d195ff9230,100.02,1410,1593,100,53,73511,41
2026/07/24 16:41:10.794,2026/07/24 16:41:10.781,2026/07/24 16:41:10.807,0,GPU-e2681f6e-8d94-2d66-484f-43ea602335f9,415.56,1410,1593,100,16,73511,72
2026/07/24 16:41:10.794,2026/07/24 16:41:10.781,2026/07/24 16:41:10.807,1,GPU-713d5b24-2a1e-fd4a-7685-c3d195ff9230,246.21,1410,1593,100,53,73511,45
2026/07/24 16:41:11.045,2026/07/24 16:41:11.032,2026/07/24 16:41:11.059,0,GPU-e2681f6e-8d94-2d66-484f-43ea602335f9,434.83,1410,1593,100,15,73511,72
2026/07/24 16:41:11.045,2026/07/24 16:41:11.032,2026/07/24 16:41:11.059,1,GPU-713d5b24-2a1e-fd4a-7685-c3d195ff9230,98.83,1410,1593,62,24,73511,44
2026/07/24 16:41:11.296,2026/07/24 16:41:11.282,2026/07/24 16:41:11.311,0,GPU-e2681f6e-8d94-2d66-484f-43ea602335f9,408.96,1410,1593,100,17,73511,72
2026/07/24 16:41:11.296,2026/07/24 16:41:11.282,2026/07/24 16:41:11.311,1,GPU-713d5b24-2a1e-fd4a-7685-c3d195ff9230,249.51,1410,1593,100,53,73511,45
2026/07/24 16:41:11.547,2026/07/24 16:41:11.532,2026/07/24 16:41:11.562,0,GPU-e2681f6e-8d94-2d66-484f-43ea602335f9,408.63,1410,1593,100,14,73511,72
2026/07/24 16:41:11.547,2026/07/24 16:41:11.532,2026/07/24 16:41:11.562,1,GPU-713d5b24-2a1e-fd4a-7685-c3d195ff9230,86.17,1410,1593,52,27,73511,40
2026/07/24 16:41:11.797,2026/07/24 16:41:11.782,2026/07/24 16:41:11.812,0,GPU-e2681f6e-8d94-2d66-484f-43ea602335f9,423.09,1410,1593,100,17,73511,73
2026/07/24 16:41:11.797,2026/07/24 16:41:11.782,2026/07/24 16:41:11.812,1,GPU-713d5b24-2a1e-fd4a-7685-c3d195ff9230,236.57,1410,1593,81,31,73511,43
2026/07/24 16:41:12.045,2026/07/24 16:41:12.032,2026/07/24 16:41:12.059,0,GPU-e2681f6e-8d94-2d66-484f-43ea602335f9,414.38,1410,1593,100,13,73511,72
2026/07/24 16:41:12.045,2026/07/24 16:41:12.032,2026/07/24 16:41:12.059,1,GPU-713d5b24-2a1e-fd4a-7685-c3d195ff9230,130.50,1410,1593,77,40,73511,41
2026/07/24 16:41:12.296,2026/07/24 16:41:12.282,2026/07/24 16:41:12.310,0,GPU-e2681f6e-8d94-2d66-484f-43ea602335f9,433.37,1410,1593,100,12,73511,73
2026/07/24 16:41:12.296,2026/07/24 16:41:12.282,2026/07/24 16:41:12.310,1,GPU-713d5b24-2a1e-fd4a-7685-c3d195ff9230,94.29,1410,1593,0,0,73511,40
2026/07/24 16:41:12.548,2026/07/24 16:41:12.532,2026/07/24 16:41:12.564,0,GPU-e2681f6e-8d94-2d66-484f-43ea602335f9,417.08,1410,1593,100,17,73511,73
2026/07/24 16:41:12.548,2026/07/24 16:41:12.532,2026/07/24 16:41:12.564,1,GPU-713d5b24-2a1e-fd4a-7685-c3d195ff9230,244.96,1410,1593,68,23,73511,44
2026/07/24 16:41:12.798,2026/07/24 16:41:12.782,2026/07/24 16:41:12.813,0,GPU-e2681f6e-8d94-2d66-484f-43ea602335f9,423.09,1410,1593,100,15,73511,73
2026/07/24 16:41:12.798,2026/07/24 16:41:12.782,2026/07/24 16:41:12.813,1,GPU-713d5b24-2a1e-fd4a-7685-c3d195ff9230,241.07,1410,1593,100,52,73511,41
2026/07/24 16:41:13.047,2026/07/24 16:41:13.032,2026/07/24 16:41:13.062,0,GPU-e2681f6e-8d94-2d66-484f-43ea602335f9,422.49,1410,1593,100,17,73511,73
2026/07/24 16:41:13.047,2026/07/24 16:41:13.032,2026/07/24 16:41:13.062,1,GPU-713d5b24-2a1e-fd4a-7685-c3d195ff9230,247.72,1410,1593,98,43,73511,44
2026/07/24 16:41:13.296,2026/07/24 16:41:13.282,2026/07/24 16:41:13.310,0,GPU-e2681f6e-8d94-2d66-484f-43ea602335f9,411.34,1410,1593,100,14,73511,73
2026/07/24 16:41:13.296,2026/07/24 16:41:13.282,2026/07/24 16:41:13.310,1,GPU-713d5b24-2a1e-fd4a-7685-c3d195ff9230,86.49,1410,1593,38,20,73511,40
2026/07/24 16:41:13.579,2026/07/24 16:41:13.532,2026/07/24 16:41:13.625,0,GPU-e2681f6e-8d94-2d66-484f-43ea602335f9,414.05,1410,1593,100,16,73511,73
2026/07/24 16:41:13.579,2026/07/24 16:41:13.532,2026/07/24 16:41:13.625,1,GPU-713d5b24-2a1e-fd4a-7685-c3d195ff9230,244.69,1410,1593,22,1,73511,44
2026/07/24 16:41:13.798,2026/07/24 16:41:13.782,2026/07/24 16:41:13.814,0,GPU-e2681f6e-8d94-2d66-484f-43ea602335f9,420.70,1410,1593,100,14,73511,73
2026/07/24 16:41:13.798,2026/07/24 16:41:13.782,2026/07/24 16:41:13.814,1,GPU-713d5b24-2a1e-fd4a-7685-c3d195ff9230,246.48,1410,1593,100,52,73511,42
2026/07/24 16:41:14.047,2026/07/24 16:41:14.032,2026/07/24 16:41:14.061,0,GPU-e2681f6e-8d94-2d66-484f-43ea602335f9,413.78,1410,1593,100,17,73511,73
2026/07/24 16:41:14.047,2026/07/24 16:41:14.032,2026/07/24 16:41:14.061,1,GPU-713d5b24-2a1e-fd4a-7685-c3d195ff9230,240.80,1410,1593,55,19,73511,44
2026/07/24 16:41:14.298,2026/07/24 16:41:14.282,2026/07/24 16:41:14.313,0,GPU-e2681f6e-8d94-2d66-484f-43ea602335f9,434.56,1410,1593,100,16,73511,73
2026/07/24 16:41:14.298,2026/07/24 16:41:14.282,2026/07/24 16:41:14.313,1,GPU-713d5b24-2a1e-fd4a-7685-c3d195ff9230,243.50,1410,1593,100,52,73511,44
2026/07/24 16:41:14.547,2026/07/24 16:41:14.533,2026/07/24 16:41:14.561,0,GPU-e2681f6e-8d94-2d66-484f-43ea602335f9,421.89,1410,1593,100,17,73511,73
2026/07/24 16:41:14.547,2026/07/24 16:41:14.533,2026/07/24 16:41:14.561,1,GPU-713d5b24-2a1e-fd4a-7685-c3d195ff9230,247.08,1410,1593,100,46,73511,45
2026/07/24 16:41:14.799,2026/07/24 16:41:14.783,2026/07/24 16:41:14.815,0,GPU-e2681f6e-8d94-2d66-484f-43ea602335f9,108.57,1410,1593,100,15,73511,69
2026/07/24 16:41:14.799,2026/07/24 16:41:14.783,2026/07/24 16:41:14.815,1,GPU-713d5b24-2a1e-fd4a-7685-c3d195ff9230,249.18,1410,1593,100,47,73511,45
2026/07/24 16:41:15.048,2026/07/24 16:41:15.033,2026/07/24 16:41:15.063,0,GPU-e2681f6e-8d94-2d66-484f-43ea602335f9,417.40,1410,1593,100,18,73511,72
2026/07/24 16:41:15.048,2026/07/24 16:41:15.033,2026/07/24 16:41:15.063,1,GPU-713d5b24-2a1e-fd4a-7685-c3d195ff9230,248.33,1410,1593,100,53,73511,46
2026/07/24 16:41:15.298,2026/07/24 16:41:15.283,2026/07/24 16:41:15.313,0,GPU-e2681f6e-8d94-2d66-484f-43ea602335f9,411.94,1410,1593,100,14,73511,73
2026/07/24 16:41:15.298,2026/07/24 16:41:15.283,2026/07/24 16:41:15.313,1,GPU-713d5b24-2a1e-fd4a-7685-c3d195ff9230,86.17,1410,1593,17,9,73511,41
2026/07/24 16:41:15.549,2026/07/24 16:41:15.533,2026/07/24 16:41:15.565,0,GPU-e2681f6e-8d94-2d66-484f-43ea602335f9,432.72,1410,1593,100,17,73511,73
2026/07/24 16:41:15.549,2026/07/24 16:41:15.533,2026/07/24 16:41:15.565,1,GPU-713d5b24-2a1e-fd4a-7685-c3d195ff9230,237.44,1410,1593,0,0,73511,40
2026/07/24 16:41:15.799,2026/07/24 16:41:15.783,2026/07/24 16:41:15.815,0,GPU-e2681f6e-8d94-2d66-484f-43ea602335f9,410.75,1410,1593,100,15,73511,73
2026/07/24 16:41:15.799,2026/07/24 16:41:15.783,2026/07/24 16:41:15.815,1,GPU-713d5b24-2a1e-fd4a-7685-c3d195ff9230,247.72,1410,1593,100,52,73511,45
2026/07/24 16:41:16.048,2026/07/24 16:41:16.033,2026/07/24 16:41:16.064,0,GPU-e2681f6e-8d94-2d66-484f-43ea602335f9,418.27,1410,1593,100,16,73511,74
2026/07/24 16:41:16.048,2026/07/24 16:41:16.033,2026/07/24 16:41:16.064,1,GPU-713d5b24-2a1e-fd4a-7685-c3d195ff9230,86.17,1410,1593,16,6,73511,41
2026/07/24 16:41:16.297,2026/07/24 16:41:16.283,2026/07/24 16:41:16.311,0,GPU-e2681f6e-8d94-2d66-484f-43ea602335f9,419.79,1410,1593,100,16,73511,74
2026/07/24 16:41:16.297,2026/07/24 16:41:16.283,2026/07/24 16:41:16.311,1,GPU-713d5b24-2a1e-fd4a-7685-c3d195ff9230,244.96,1410,1593,96,44,73511,44
2026/07/24 16:41:16.549,2026/07/24 16:41:16.533,2026/07/24 16:41:16.565,0,GPU-e2681f6e-8d94-2d66-484f-43ea602335f9,424.01,1410,1593,100,14,73511,74
2026/07/24 16:41:16.549,2026/07/24 16:41:16.533,2026/07/24 16:41:16.565,1,GPU-713d5b24-2a1e-fd4a-7685-c3d195ff9230,210.05,1410,1593,51,27,73511,44
2026/07/24 16:41:16.798,2026/07/24 16:41:16.783,2026/07/24 16:41:16.812,0,GPU-e2681f6e-8d94-2d66-484f-43ea602335f9,421.30,1410,1593,100,14,73511,74
2026/07/24 16:41:16.798,2026/07/24 16:41:16.783,2026/07/24 16:41:16.812,1,GPU-713d5b24-2a1e-fd4a-7685-c3d195ff9230,94.02,1410,1593,92,39,73511,44
2026/07/24 16:41:17.050,2026/07/24 16:41:17.033,2026/07/24 16:41:17.067,0,GPU-e2681f6e-8d94-2d66-484f-43ea602335f9,407.72,1410,1593,100,13,73511,74
2026/07/24 16:41:17.050,2026/07/24 16:41:17.033,2026/07/24 16:41:17.067,1,GPU-713d5b24-2a1e-fd4a-7685-c3d195ff9230,85.57,1410,1593,5,0,73511,42
2026/07/24 16:41:17.298,2026/07/24 16:41:17.284,2026/07/24 16:41:17.312,0,GPU-e2681f6e-8d94-2d66-484f-43ea602335f9,415.89,1410,1593,100,18,73511,74
2026/07/24 16:41:17.298,2026/07/24 16:41:17.284,2026/07/24 16:41:17.312,1,GPU-713d5b24-2a1e-fd4a-7685-c3d195ff9230,246.21,1410,1593,97,42,73511,44
2026/07/24 16:41:17.546,2026/07/24 16:41:17.534,2026/07/24 16:41:17.559,0,GPU-e2681f6e-8d94-2d66-484f-43ea602335f9,417.83,1410,1593,100,12,73511,74
2026/07/24 16:41:17.546,2026/07/24 16:41:17.534,2026/07/24 16:41:17.559,1,GPU-713d5b24-2a1e-fd4a-7685-c3d195ff9230,85.84,1410,1593,59,31,73511,40
2026/07/24 16:41:17.801,2026/07/24 16:41:17.784,2026/07/24 16:41:17.819,0,GPU-e2681f6e-8d94-2d66-484f-43ea602335f9,409.55,1410,1593,100,14,73511,75
2026/07/24 16:41:17.801,2026/07/24 16:41:17.784,2026/07/24 16:41:17.819,1,GPU-713d5b24-2a1e-fd4a-7685-c3d195ff9230,85.57,1410,1593,0,0,73511,40
2026/07/24 16:41:18.049,2026/07/24 16:41:18.034,2026/07/24 16:41:18.064,0,GPU-e2681f6e-8d94-2d66-484f-43ea602335f9,418.27,1410,1593,100,17,73511,74
2026/07/24 16:41:18.049,2026/07/24 16:41:18.034,2026/07/24 16:41:18.064,1,GPU-713d5b24-2a1e-fd4a-7685-c3d195ff9230,245.88,1410,1593,99,51,73511,43
2026/07/24 16:41:18.299,2026/07/24 16:41:18.284,2026/07/24 16:41:18.313,0,GPU-e2681f6e-8d94-2d66-484f-43ea602335f9,408.31,1410,1593,100,14,73511,75
2026/07/24 16:41:18.299,2026/07/24 16:41:18.284,2026/07/24 16:41:18.313,1,GPU-713d5b24-2a1e-fd4a-7685-c3d195ff9230,239.87,1410,1593,93,48,73511,42
2026/07/24 16:41:18.551,2026/07/24 16:41:18.534,2026/07/24 16:41:18.567,0,GPU-e2681f6e-8d94-2d66-484f-43ea602335f9,438.92,1410,1593,100,12,73511,75
2026/07/24 16:41:18.551,2026/07/24 16:41:18.534,2026/07/24 16:41:18.567,1,GPU-713d5b24-2a1e-fd4a-7685-c3d195ff9230,85.25,1410,1593,0,0,73511,40
2026/07/24 16:41:18.799,2026/07/24 16:41:18.784,2026/07/24 16:41:18.814,0,GPU-e2681f6e-8d94-2d66-484f-43ea602335f9,420.70,1410,1593,100,15,73511,75
2026/07/24 16:41:18.799,2026/07/24 16:41:18.784,2026/07/24 16:41:18.814,1,GPU-713d5b24-2a1e-fd4a-7685-c3d195ff9230,246.48,1410,1593,59,18,73511,44
2026/07/24 16:41:19.047,2026/07/24 16:41:19.034,2026/07/24 16:41:19.061,0,GPU-e2681f6e-8d94-2d66-484f-43ea602335f9,410.00,1410,1593,100,13,73511,69
2026/07/24 16:41:19.047,2026/07/24 16:41:19.034,2026/07/24 16:41:19.061,1,GPU-713d5b24-2a1e-fd4a-7685-c3d195ff9230,85.57,1410,1593,97,51,73511,40
2026/07/24 16:41:19.298,2026/07/24 16:41:19.284,2026/07/24 16:41:19.312,0,GPU-e2681f6e-8d94-2d66-484f-43ea602335f9,394.46,1410,1593,0,0,73511,70
2026/07/24 16:41:19.298,2026/07/24 16:41:19.284,2026/07/24 16:41:19.312,1,GPU-713d5b24-2a1e-fd4a-7685-c3d195ff9230,246.48,1410,1593,95,40,73511,44
2026/07/24 16:41:19.553,2026/07/24 16:41:19.534,2026/07/24 16:41:19.571,0,GPU-e2681f6e-8d94-2d66-484f-43ea602335f9,411.51,1410,1593,96,18,73511,72
2026/07/24 16:41:19.553,2026/07/24 16:41:19.534,2026/07/24 16:41:19.571,1,GPU-713d5b24-2a1e-fd4a-7685-c3d195ff9230,86.49,1410,1593,92,48,73511,41
2026/07/24 16:41:19.799,2026/07/24 16:41:19.785,2026/07/24 16:41:19.814,0,GPU-e2681f6e-8d94-2d66-484f-43ea602335f9,401.61,1410,1593,71,9,73511,64
2026/07/24 16:41:19.799,2026/07/24 16:41:19.785,2026/07/24 16:41:19.814,1,GPU-713d5b24-2a1e-fd4a-7685-c3d195ff9230,98.24,1410,1593,24,3,73511,40
2026/07/24 16:41:20.050,2026/07/24 16:41:20.035,2026/07/24 16:41:20.065,0,GPU-e2681f6e-8d94-2d66-484f-43ea602335f9,104.67,1410,1593,0,0,73511,62
2026/07/24 16:41:20.050,2026/07/24 16:41:20.035,2026/07/24 16:41:20.065,1,GPU-713d5b24-2a1e-fd4a-7685-c3d195ff9230,241.07,1410,1593,100,52,73511,44
2026/07/24 16:41:20.298,2026/07/24 16:41:20.285,2026/07/24 16:41:20.312,0,GPU-e2681f6e-8d94-2d66-484f-43ea602335f9,101.05,1410,1593,0,0,73511,57
2026/07/24 16:41:20.298,2026/07/24 16:41:20.285,2026/07/24 16:41:20.312,1,GPU-713d5b24-2a1e-fd4a-7685-c3d195ff9230,85.57,1410,1593,41,21,73511,41
2026/07/24 16:41:20.548,2026/07/24 16:41:20.535,2026/07/24 16:41:20.561,0,GPU-e2681f6e-8d94-2d66-484f-43ea602335f9,419.19,1410,1593,0,0,73511,64
2026/07/24 16:41:20.548,2026/07/24 16:41:20.535,2026/07/24 16:41:20.561,1,GPU-713d5b24-2a1e-fd4a-7685-c3d195ff9230,85.25,1410,1593,0,0,73511,39
2026/07/24 16:41:20.805,2026/07/24 16:41:20.785,2026/07/24 16:41:20.826,0,GPU-e2681f6e-8d94-2d66-484f-43ea602335f9,400.19,1410,1593,100,15,73511,70
2026/07/24 16:41:20.805,2026/07/24 16:41:20.785,2026/07/24 16:41:20.826,1,GPU-713d5b24-2a1e-fd4a-7685-c3d195ff9230,84.97,1410,1593,0,0,73511,39
2026/07/24 16:41:21.051,2026/07/24 16:41:21.035,2026/07/24 16:41:21.067,0,GPU-e2681f6e-8d94-2d66-484f-43ea602335f9,115.84,1410,1593,41,8,73511,61
2026/07/24 16:41:21.051,2026/07/24 16:41:21.035,2026/07/24 16:41:21.067,1,GPU-713d5b24-2a1e-fd4a-7685-c3d195ff9230,237.77,1410,1593,54,20,73511,42
2026/07/24 16:41:21.300,2026/07/24 16:41:21.285,2026/07/24 16:41:21.314,0,GPU-e2681f6e-8d94-2d66-484f-43ea602335f9,101.42,1410,1593,0,0,73511,57
2026/07/24 16:41:21.300,2026/07/24 16:41:21.285,2026/07/24 16:41:21.314,1,GPU-713d5b24-2a1e-fd4a-7685-c3d195ff9230,88.27,1410,1593,100,53,73511,42
2026/07/24 16:41:21.584,2026/07/24 16:41:21.535,2026/07/24 16:41:21.633,0,GPU-e2681f6e-8d94-2d66-484f-43ea602335f9,409.23,1410,1593,35,7,73511,68
2026/07/24 16:41:21.584,2026/07/24 16:41:21.535,2026/07/24 16:41:21.633,1,GPU-713d5b24-2a1e-fd4a-7685-c3d195ff9230,85.25,1410,1593,8,5,73511,40
2026/07/24 16:41:21.827,2026/07/24 16:41:21.785,2026/07/24 16:41:21.869,0,GPU-e2681f6e-8d94-2d66-484f-43ea602335f9,401.11,1410,1593,100,17,73511,70
2026/07/24 16:41:21.827,2026/07/24 16:41:21.785,2026/07/24 16:41:21.869,1,GPU-713d5b24-2a1e-fd4a-7685-c3d195ff9230,84.97,1410,1593,0,0,73511,39
2026/07/24 16:41:22.050,2026/07/24 16:41:22.036,2026/07/24 16:41:22.064,0,GPU-e2681f6e-8d94-2d66-484f-43ea602335f9,114.59,1410,1593,100,13,73511,66
2026/07/24 16:41:22.050,2026/07/24 16:41:22.036,2026/07/24 16:41:22.064,1,GPU-713d5b24-2a1e-fd4a-7685-c3d195ff9230,85.06,1410,1593,0,0,73511,39
2026/07/24 16:41:22.301,2026/07/24 16:41:22.286,2026/07/24 16:41:22.316,0,GPU-e2681f6e-8d94-2d66-484f-43ea602335f9,102.83,1410,1593,0,0,73511,58
2026/07/24 16:41:22.301,2026/07/24 16:41:22.286,2026/07/24 16:41:22.316,1,GPU-713d5b24-2a1e-fd4a-7685-c3d195ff9230,247.72,1410,1593,98,46,73511,44
2026/07/24 16:41:22.548,2026/07/24 16:41:22.536,2026/07/24 16:41:22.561,0,GPU-e2681f6e-8d94-2d66-484f-43ea602335f9,100.45,1410,1593,0,0,73511,56
2026/07/24 16:41:22.548,2026/07/24 16:41:22.536,2026/07/24 16:41:22.561,1,GPU-713d5b24-2a1e-fd4a-7685-c3d195ff9230,126.27,1410,1593,76,40,73511,40
2026/07/24 16:41:22.801,2026/07/24 16:41:22.786,2026/07/24 16:41:22.816,0,GPU-e2681f6e-8d94-2d66-484f-43ea602335f9,98.93,1410,1593,0,0,73511,55
2026/07/24 16:41:22.801,2026/07/24 16:41:22.786,2026/07/24 16:41:22.816,1,GPU-713d5b24-2a1e-fd4a-7685-c3d195ff9230,85.25,1410,1593,0,0,73511,39
2026/07/24 16:41:23.048,2026/07/24 16:41:23.036,2026/07/24 16:41:23.060,0,GPU-e2681f6e-8d94-2d66-484f-43ea602335f9,98.34,1410,1593,0,0,73511,54
2026/07/24 16:41:23.048,2026/07/24 16:41:23.036,2026/07/24 16:41:23.060,1,GPU-713d5b24-2a1e-fd4a-7685-c3d195ff9230,84.97,1410,1593,0,0,73511,39
2026/07/24 16:41:23.300,2026/07/24 16:41:23.286,2026/07/24 16:41:23.314,0,GPU-e2681f6e-8d94-2d66-484f-43ea602335f9,97.09,1410,1593,0,0,73511,53
2026/07/24 16:41:23.300,2026/07/24 16:41:23.286,2026/07/24 16:41:23.314,1,GPU-713d5b24-2a1e-fd4a-7685-c3d195ff9230,84.65,1410,1593,0,0,73511,38
2026/07/24 16:41:23.571,2026/07/24 16:41:23.536,2026/07/24 16:41:23.607,0,GPU-e2681f6e-8d94-2d66-484f-43ea602335f9,96.82,1410,1593,0,0,73511,53
2026/07/24 16:41:23.571,2026/07/24 16:41:23.536,2026/07/24 16:41:23.607,1,GPU-713d5b24-2a1e-fd4a-7685-c3d195ff9230,84.65,1410,1593,0,0,73511,38
2026/07/24 16:41:23.801,2026/07/24 16:41:23.786,2026/07/24 16:41:23.815,0,GPU-e2681f6e-8d94-2d66-484f-43ea602335f9,96.82,1410,1593,0,0,73511,53
2026/07/24 16:41:23.801,2026/07/24 16:41:23.786,2026/07/24 16:41:23.815,1,GPU-713d5b24-2a1e-fd4a-7685-c3d195ff9230,84.65,1410,1593,0,0,73511,38
2026/07/24 16:41:24.052,2026/07/24 16:41:24.036,2026/07/24 16:41:24.067,0,GPU-e2681f6e-8d94-2d66-484f-43ea602335f9,96.49,1410,1593,0,0,73511,52
2026/07/24 16:41:24.052,2026/07/24 16:41:24.036,2026/07/24 16:41:24.067,1,GPU-713d5b24-2a1e-fd4a-7685-c3d195ff9230,84.38,1410,1593,0,0,73511,38
2026/07/24 16:41:24.302,2026/07/24 16:41:24.286,2026/07/24 16:41:24.317,0,GPU-e2681f6e-8d94-2d66-484f-43ea602335f9,96.22,1410,1593,0,0,73511,52
2026/07/24 16:41:24.302,2026/07/24 16:41:24.286,2026/07/24 16:41:24.317,1,GPU-713d5b24-2a1e-fd4a-7685-c3d195ff9230,84.38,1410,1593,0,0,73511,38
2026/07/24 16:41:24.551,2026/07/24 16:41:24.537,2026/07/24 16:41:24.565,0,GPU-e2681f6e-8d94-2d66-484f-43ea602335f9,95.90,1410,1593,0,0,73511,52
2026/07/24 16:41:24.551,2026/07/24 16:41:24.537,2026/07/24 16:41:24.565,1,GPU-713d5b24-2a1e-fd4a-7685-c3d195ff9230,84.38,1410,1593,0,0,73511,38
2026/07/24 16:41:24.808,2026/07/24 16:41:24.787,2026/07/24 16:41:24.829,0,GPU-e2681f6e-8d94-2d66-484f-43ea602335f9,395.37,1410,1593,100,18,73511,62
2026/07/24 16:41:24.808,2026/07/24 16:41:24.787,2026/07/24 16:41:24.829,1,GPU-713d5b24-2a1e-fd4a-7685-c3d195ff9230,84.38,1410,1593,0,0,73511,38
2026/07/24 16:41:25.051,2026/07/24 16:41:25.037,2026/07/24 16:41:25.065,0,GPU-e2681f6e-8d94-2d66-484f-43ea602335f9,400.19,1410,1593,100,15,73511,67
2026/07/24 16:41:25.051,2026/07/24 16:41:25.037,2026/07/24 16:41:25.065,1,GPU-713d5b24-2a1e-fd4a-7685-c3d195ff9230,84.46,1410,1593,0,0,73511,38
2026/07/24 16:41:25.303,2026/07/24 16:41:25.287,2026/07/24 16:41:25.318,0,GPU-e2681f6e-8d94-2d66-484f-43ea602335f9,419.46,1410,1593,100,17,73511,69
2026/07/24 16:41:25.303,2026/07/24 16:41:25.287,2026/07/24 16:41:25.318,1,GPU-713d5b24-2a1e-fd4a-7685-c3d195ff9230,215.74,1410,1593,43,13,73511,41
2026/07/24 16:41:25.551,2026/07/24 16:41:25.537,2026/07/24 16:41:25.566,0,GPU-e2681f6e-8d94-2d66-484f-43ea602335f9,397.81,1410,1593,100,16,73511,70
2026/07/24 16:41:25.551,2026/07/24 16:41:25.537,2026/07/24 16:41:25.566,1,GPU-713d5b24-2a1e-fd4a-7685-c3d195ff9230,91.58,1410,1593,100,53,73511,43
2026/07/24 16:41:25.801,2026/07/24 16:41:25.787,2026/07/24 16:41:25.814,0,GPU-e2681f6e-8d94-2d66-484f-43ea602335f9,420.70,1410,1593,100,17,73511,70
2026/07/24 16:41:25.801,2026/07/24 16:41:25.787,2026/07/24 16:41:25.814,1,GPU-713d5b24-2a1e-fd4a-7685-c3d195ff9230,245.88,1410,1593,60,23,73511,43
2026/07/24 16:41:26.053,2026/07/24 16:41:26.037,2026/07/24 16:41:26.068,0,GPU-e2681f6e-8d94-2d66-484f-43ea602335f9,411.07,1410,1593,100,13,73511,71
2026/07/24 16:41:26.053,2026/07/24 16:41:26.037,2026/07/24 16:41:26.068,1,GPU-713d5b24-2a1e-fd4a-7685-c3d195ff9230,85.25,1410,1593,100,53,73511,40
2026/07/24 16:41:26.300,2026/07/24 16:41:26.287,2026/07/24 16:41:26.314,0,GPU-e2681f6e-8d94-2d66-484f-43ea602335f9,436.08,1410,1593,100,17,73511,71
2026/07/24 16:41:26.300,2026/07/24 16:41:26.287,2026/07/24 16:41:26.314,1,GPU-713d5b24-2a1e-fd4a-7685-c3d195ff9230,239.28,1410,1593,54,17,73511,43
2026/07/24 16:41:26.553,2026/07/24 16:41:26.537,2026/07/24 16:41:26.569,0,GPU-e2681f6e-8d94-2d66-484f-43ea602335f9,403.82,1410,1593,100,15,73511,71
2026/07/24 16:41:26.553,2026/07/24 16:41:26.537,2026/07/24 16:41:26.569,1,GPU-713d5b24-2a1e-fd4a-7685-c3d195ff9230,240.15,1410,1593,100,52,73511,43
2026/07/24 16:41:26.835,2026/07/24 16:41:26.788,2026/07/24 16:41:26.883,0,GPU-e2681f6e-8d94-2d66-484f-43ea602335f9,190.66,1410,1593,100,13,73511,65
2026/07/24 16:41:26.835,2026/07/24 16:41:26.788,2026/07/24 16:41:26.883,1,GPU-713d5b24-2a1e-fd4a-7685-c3d195ff9230,96.72,1410,1593,31,16,73511,39
2026/07/24 16:41:27.060,2026/07/24 16:41:27.038,2026/07/24 16:41:27.082,0,GPU-e2681f6e-8d94-2d66-484f-43ea602335f9,102.83,1410,1593,21,4,73511,66
2026/07/24 16:41:27.060,2026/07/24 16:41:27.038,2026/07/24 16:41:27.082,1,GPU-713d5b24-2a1e-fd4a-7685-c3d195ff9230,245.29,1410,1593,23,0,73511,43
2026/07/24 16:41:27.305,2026/07/24 16:41:27.288,2026/07/24 16:41:27.321,0,GPU-e2681f6e-8d94-2d66-484f-43ea602335f9,393.26,1410,1593,100,18,73511,69
2026/07/24 16:41:27.305,2026/07/24 16:41:27.288,2026/07/24 16:41:27.321,1,GPU-713d5b24-2a1e-fd4a-7685-c3d195ff9230,86.76,1410,1593,52,27,73511,41
2026/07/24 16:41:27.552,2026/07/24 16:41:27.538,2026/07/24 16:41:27.566,0,GPU-e2681f6e-8d94-2d66-484f-43ea602335f9,399.27,1410,1593,100,14,73511,71
2026/07/24 16:41:27.552,2026/07/24 16:41:27.538,2026/07/24 16:41:27.566,1,GPU-713d5b24-2a1e-fd4a-7685-c3d195ff9230,84.97,1410,1593,0,0,73511,39
2026/07/24 16:41:27.835,2026/07/24 16:41:27.788,2026/07/24 16:41:27.882,0,GPU-e2681f6e-8d94-2d66-484f-43ea602335f9,107.06,1410,1593,65,10,73511,59
2026/07/24 16:41:27.835,2026/07/24 16:41:27.788,2026/07/24 16:41:27.882,1,GPU-713d5b24-2a1e-fd4a-7685-c3d195ff9230,246.81,1410,1593,19,0,73511,42
2026/07/24 16:41:28.054,2026/07/24 16:41:28.038,2026/07/24 16:41:28.070,0,GPU-e2681f6e-8d94-2d66-484f-43ea602335f9,99.86,1410,1593,0,0,73511,56
2026/07/24 16:41:28.054,2026/07/24 16:41:28.038,2026/07/24 16:41:28.070,1,GPU-713d5b24-2a1e-fd4a-7685-c3d195ff9230,242.58,1410,1593,38,20,73511,40
2026/07/24 16:41:28.304,2026/07/24 16:41:28.288,2026/07/24 16:41:28.319,0,GPU-e2681f6e-8d94-2d66-484f-43ea602335f9,98.34,1410,1593,0,0,73511,54
2026/07/24 16:41:28.304,2026/07/24 16:41:28.288,2026/07/24 16:41:28.319,1,GPU-713d5b24-2a1e-fd4a-7685-c3d195ff9230,84.97,1410,1593,38,20,73511,39
2026/07/24 16:41:28.552,2026/07/24 16:41:28.538,2026/07/24 16:41:28.566,0,GPU-e2681f6e-8d94-2d66-484f-43ea602335f9,97.74,1410,1593,0,0,73511,53
2026/07/24 16:41:28.552,2026/07/24 16:41:28.538,2026/07/24 16:41:28.566,1,GPU-713d5b24-2a1e-fd4a-7685-c3d195ff9230,84.65,1410,1593,0,0,73511,38
2026/07/24 16:41:28.806,2026/07/24 16:41:28.788,2026/07/24 16:41:28.824,0,GPU-e2681f6e-8d94-2d66-484f-43ea602335f9,98.01,1410,1593,0,0,73511,53
2026/07/24 16:41:28.806,2026/07/24 16:41:28.788,2026/07/24 16:41:28.824,1,GPU-713d5b24-2a1e-fd4a-7685-c3d195ff9230,84.65,1410,1593,0,0,73511,38
2026/07/24 16:41:29.053,2026/07/24 16:41:29.038,2026/07/24 16:41:29.068,0,GPU-e2681f6e-8d94-2d66-484f-43ea602335f9,96.49,1410,1593,0,0,73511,52
2026/07/24 16:41:29.053,2026/07/24 16:41:29.038,2026/07/24 16:41:29.068,1,GPU-713d5b24-2a1e-fd4a-7685-c3d195ff9230,84.38,1410,1593,0,0,73511,38
2026/07/24 16:41:29.303,2026/07/24 16:41:29.289,2026/07/24 16:41:29.317,0,GPU-e2681f6e-8d94-2d66-484f-43ea602335f9,96.22,1410,1593,0,0,73511,52
2026/07/24 16:41:29.303,2026/07/24 16:41:29.289,2026/07/24 16:41:29.317,1,GPU-713d5b24-2a1e-fd4a-7685-c3d195ff9230,84.46,1410,1593,0,0,73511,38
2026/07/24 16:41:29.553,2026/07/24 16:41:29.539,2026/07/24 16:41:29.568,0,GPU-e2681f6e-8d94-2d66-484f-43ea602335f9,397.81,1410,1593,32,6,73511,62
2026/07/24 16:41:29.553,2026/07/24 16:41:29.539,2026/07/24 16:41:29.568,1,GPU-713d5b24-2a1e-fd4a-7685-c3d195ff9230,84.38,1410,1593,0,0,73511,38
2026/07/24 16:41:29.805,2026/07/24 16:41:29.789,2026/07/24 16:41:29.822,0,GPU-e2681f6e-8d94-2d66-484f-43ea602335f9,389.96,1410,1593,100,17,73511,66
2026/07/24 16:41:29.805,2026/07/24 16:41:29.789,2026/07/24 16:41:29.822,1,GPU-713d5b24-2a1e-fd4a-7685-c3d195ff9230,84.38,1410,1593,0,0,73511,38
2026/07/24 16:41:30.054,2026/07/24 16:41:30.039,2026/07/24 16:41:30.069,0,GPU-e2681f6e-8d94-2d66-484f-43ea602335f9,389.64,1410,1593,87,12,73511,68
2026/07/24 16:41:30.054,2026/07/24 16:41:30.039,2026/07/24 16:41:30.069,1,GPU-713d5b24-2a1e-fd4a-7685-c3d195ff9230,84.05,1410,1593,0,0,73511,38
2026/07/24 16:41:30.304,2026/07/24 16:41:30.289,2026/07/24 16:41:30.318,0,GPU-e2681f6e-8d94-2d66-484f-43ea602335f9,101.32,1410,1593,0,0,73511,56
2026/07/24 16:41:30.304,2026/07/24 16:41:30.289,2026/07/24 16:41:30.318,1,GPU-713d5b24-2a1e-fd4a-7685-c3d195ff9230,243.77,1410,1593,88,35,73511,42
2026/07/24 16:41:30.556,2026/07/24 16:41:30.539,2026/07/24 16:41:30.573,0,GPU-e2681f6e-8d94-2d66-484f-43ea602335f9,97.42,1410,1593,0,0,73511,54
2026/07/24 16:41:30.556,2026/07/24 16:41:30.539,2026/07/24 16:41:30.573,1,GPU-713d5b24-2a1e-fd4a-7685-c3d195ff9230,84.97,1410,1593,51,27,73511,39
2026/07/24 16:41:30.805,2026/07/24 16:41:30.789,2026/07/24 16:41:30.820,0,GPU-e2681f6e-8d94-2d66-484f-43ea602335f9,388.44,1410,1593,0,0,73511,63
2026/07/24 16:41:30.805,2026/07/24 16:41:30.789,2026/07/24 16:41:30.820,1,GPU-713d5b24-2a1e-fd4a-7685-c3d195ff9230,84.65,1410,1593,0,0,73511,38
2026/07/24 16:41:31.054,2026/07/24 16:41:31.039,2026/07/24 16:41:31.070,0,GPU-e2681f6e-8d94-2d66-484f-43ea602335f9,407.72,1410,1593,99,18,73511,67
2026/07/24 16:41:31.054,2026/07/24 16:41:31.039,2026/07/24 16:41:31.070,1,GPU-713d5b24-2a1e-fd4a-7685-c3d195ff9230,84.46,1410,1593,0,0,73511,38
2026/07/24 16:41:31.308,2026/07/24 16:41:31.289,2026/07/24 16:41:31.326,0,GPU-e2681f6e-8d94-2d66-484f-43ea602335f9,388.64,1410,1593,100,15,73511,68
2026/07/24 16:41:31.308,2026/07/24 16:41:31.289,2026/07/24 16:41:31.326,1,GPU-713d5b24-2a1e-fd4a-7685-c3d195ff9230,84.38,1410,1593,0,0,73511,38
2026/07/24 16:41:31.554,2026/07/24 16:41:31.540,2026/07/24 16:41:31.569,0,GPU-e2681f6e-8d94-2d66-484f-43ea602335f9,424.48,1410,1593,100,14,73511,69
2026/07/24 16:41:31.554,2026/07/24 16:41:31.540,2026/07/24 16:41:31.569,1,GPU-713d5b24-2a1e-fd4a-7685-c3d195ff9230,84.38,1410,1593,7,0,73511,39
2026/07/24 16:41:31.804,2026/07/24 16:41:31.790,2026/07/24 16:41:31.818,0,GPU-e2681f6e-8d94-2d66-484f-43ea602335f9,405.60,1410,1593,100,17,73511,70
2026/07/24 16:41:31.804,2026/07/24 16:41:31.790,2026/07/24 16:41:31.818,1,GPU-713d5b24-2a1e-fd4a-7685-c3d195ff9230,242.91,1410,1593,96,41,73511,42
2026/07/24 16:41:32.053,2026/07/24 16:41:32.040,2026/07/24 16:41:32.066,0,GPU-e2681f6e-8d94-2d66-484f-43ea602335f9,395.70,1410,1593,100,13,73511,70
2026/07/24 16:41:32.053,2026/07/24 16:41:32.040,2026/07/24 16:41:32.066,1,GPU-713d5b24-2a1e-fd4a-7685-c3d195ff9230,100.02,1410,1593,100,52,73511,40
2026/07/24 16:41:32.312,2026/07/24 16:41:32.290,2026/07/24 16:41:32.334,0,GPU-e2681f6e-8d94-2d66-484f-43ea602335f9,411.67,1410,1593,100,14,73511,71
2026/07/24 16:41:32.312,2026/07/24 16:41:32.290,2026/07/24 16:41:32.334,1,GPU-713d5b24-2a1e-fd4a-7685-c3d195ff9230,241.07,1410,1593,58,18,73511,41
2026/07/24 16:41:32.557,2026/07/24 16:41:32.540,2026/07/24 16:41:32.574,0,GPU-e2681f6e-8d94-2d66-484f-43ea602335f9,399.18,1410,1593,100,14,73511,71
2026/07/24 16:41:32.557,2026/07/24 16:41:32.540,2026/07/24 16:41:32.574,1,GPU-713d5b24-2a1e-fd4a-7685-c3d195ff9230,244.10,1410,1593,100,52,73511,41
2026/07/24 16:41:32.806,2026/07/24 16:41:32.790,2026/07/24 16:41:32.821,0,GPU-e2681f6e-8d94-2d66-484f-43ea602335f9,419.79,1410,1593,100,18,73511,71
2026/07/24 16:41:32.806,2026/07/24 16:41:32.790,2026/07/24 16:41:32.821,1,GPU-713d5b24-2a1e-fd4a-7685-c3d195ff9230,233.55,1410,1593,61,22,73511,43
2026/07/24 16:41:33.055,2026/07/24 16:41:33.040,2026/07/24 16:41:33.069,0,GPU-e2681f6e-8d94-2d66-484f-43ea602335f9,419.67,1410,1593,100,15,73511,72
2026/07/24 16:41:33.055,2026/07/24 16:41:33.040,2026/07/24 16:41:33.069,1,GPU-713d5b24-2a1e-fd4a-7685-c3d195ff9230,247.08,1410,1593,100,53,73511,41
2026/07/24 16:41:33.307,2026/07/24 16:41:33.290,2026/07/24 16:41:33.323,0,GPU-e2681f6e-8d94-2d66-484f-43ea602335f9,418.60,1410,1593,100,16,73511,72
2026/07/24 16:41:33.307,2026/07/24 16:41:33.290,2026/07/24 16:41:33.323,1,GPU-713d5b24-2a1e-fd4a-7685-c3d195ff9230,237.44,1410,1593,96,43,73511,44
2026/07/24 16:41:33.556,2026/07/24 16:41:33.540,2026/07/24 16:41:33.572,0,GPU-e2681f6e-8d94-2d66-484f-43ea602335f9,400.78,1410,1593,100,13,73511,72
2026/07/24 16:41:33.556,2026/07/24 16:41:33.540,2026/07/24 16:41:33.572,1,GPU-713d5b24-2a1e-fd4a-7685-c3d195ff9230,85.57,1410,1593,72,38,73511,42
2026/07/24 16:41:33.807,2026/07/24 16:41:33.790,2026/07/24 16:41:33.823,0,GPU-e2681f6e-8d94-2d66-484f-43ea602335f9,425.99,1410,1593,100,17,73511,72
2026/07/24 16:41:33.807,2026/07/24 16:41:33.790,2026/07/24 16:41:33.823,1,GPU-713d5b24-2a1e-fd4a-7685-c3d195ff9230,227.53,1410,1593,0,0,73511,42
2026/07/24 16:41:34.062,2026/07/24 16:41:34.041,2026/07/24 16:41:34.084,0,GPU-e2681f6e-8d94-2d66-484f-43ea602335f9,411.34,1410,1593,100,16,73511,72
2026/07/24 16:41:34.062,2026/07/24 16:41:34.041,2026/07/24 16:41:34.084,1,GPU-713d5b24-2a1e-fd4a-7685-c3d195ff9230,239.55,1410,1593,98,40,73511,44
2026/07/24 16:41:34.305,2026/07/24 16:41:34.291,2026/07/24 16:41:34.320,0,GPU-e2681f6e-8d94-2d66-484f-43ea602335f9,398.26,1410,1593,100,12,73511,72
2026/07/24 16:41:34.305,2026/07/24 16:41:34.291,2026/07/24 16:41:34.320,1,GPU-713d5b24-2a1e-fd4a-7685-c3d195ff9230,85.66,1410,1593,0,0,73511,40
2026/07/24 16:41:34.557,2026/07/24 16:41:34.541,2026/07/24 16:41:34.574,0,GPU-e2681f6e-8d94-2d66-484f-43ea602335f9,104.35,1410,1593,100,12,73511,61
2026/07/24 16:41:34.557,2026/07/24 16:41:34.541,2026/07/24 16:41:34.574,1,GPU-713d5b24-2a1e-fd4a-7685-c3d195ff9230,242.91,1410,1593,64,21,73511,43
2026/07/24 16:41:34.806,2026/07/24 16:41:34.791,2026/07/24 16:41:34.820,0,GPU-e2681f6e-8d94-2d66-484f-43ea602335f9,408.96,1410,1593,65,13,73511,69
2026/07/24 16:41:34.806,2026/07/24 16:41:34.791,2026/07/24 16:41:34.820,1,GPU-713d5b24-2a1e-fd4a-7685-c3d195ff9230,241.07,1410,1593,100,52,73511,44
2026/07/24 16:41:35.070,2026/07/24 16:41:35.041,2026/07/24 16:41:35.098,0,GPU-e2681f6e-8d94-2d66-484f-43ea602335f9,407.62,1410,1593,100,15,73511,71
2026/07/24 16:41:35.070,2026/07/24 16:41:35.041,2026/07/24 16:41:35.098,1,GPU-713d5b24-2a1e-fd4a-7685-c3d195ff9230,85.57,1410,1593,60,31,73511,40
2026/07/24 16:41:35.324,2026/07/24 16:41:35.291,2026/07/24 16:41:35.358,0,GPU-e2681f6e-8d94-2d66-484f-43ea602335f9,421.13,1410,1593,100,13,73511,64
2026/07/24 16:41:35.324,2026/07/24 16:41:35.291,2026/07/24 16:41:35.358,1,GPU-713d5b24-2a1e-fd4a-7685-c3d195ff9230,243.50,1410,1593,67,25,73511,43
2026/07/24 16:41:35.556,2026/07/24 16:41:35.541,2026/07/24 16:41:35.570,0,GPU-e2681f6e-8d94-2d66-484f-43ea602335f9,412.53,1410,1593,36,7,73511,70
2026/07/24 16:41:35.556,2026/07/24 16:41:35.541,2026/07/24 16:41:35.570,1,GPU-713d5b24-2a1e-fd4a-7685-c3d195ff9230,100.61,1410,1593,71,37,73511,40
2026/07/24 16:41:35.809,2026/07/24 16:41:35.791,2026/07/24 16:41:35.826,0,GPU-e2681f6e-8d94-2d66-484f-43ea602335f9,411.24,1410,1593,100,14,73511,71
2026/07/24 16:41:35.809,2026/07/24 16:41:35.791,2026/07/24 16:41:35.826,1,GPU-713d5b24-2a1e-fd4a-7685-c3d195ff9230,84.97,1410,1593,0,0,73511,39
2026/07/24 16:41:36.058,2026/07/24 16:41:36.041,2026/07/24 16:41:36.074,0,GPU-e2681f6e-8d94-2d66-484f-43ea602335f9,428.82,1410,1593,99,14,73511,72
2026/07/24 16:41:36.058,2026/07/24 16:41:36.041,2026/07/24 16:41:36.074,1,GPU-713d5b24-2a1e-fd4a-7685-c3d195ff9230,97.32,1410,1593,0,0,73511,39
2026/07/24 16:41:36.307,2026/07/24 16:41:36.292,2026/07/24 16:41:36.322,0,GPU-e2681f6e-8d94-2d66-484f-43ea602335f9,424.92,1410,1593,100,14,73511,73
2026/07/24 16:41:36.307,2026/07/24 16:41:36.292,2026/07/24 16:41:36.322,1,GPU-713d5b24-2a1e-fd4a-7685-c3d195ff9230,241.07,1410,1593,85,33,73511,42
2026/07/24 16:41:36.561,2026/07/24 16:41:36.542,2026/07/24 16:41:36.581,0,GPU-e2681f6e-8d94-2d66-484f-43ea602335f9,424.92,1410,1593,100,14,73511,72
2026/07/24 16:41:36.561,2026/07/24 16:41:36.542,2026/07/24 16:41:36.581,1,GPU-713d5b24-2a1e-fd4a-7685-c3d195ff9230,246.21,1410,1593,18,0,73511,40
2026/07/24 16:41:36.806,2026/07/24 16:41:36.792,2026/07/24 16:41:36.820,0,GPU-e2681f6e-8d94-2d66-484f-43ea602335f9,102.67,1410,1593,0,0,73511,58
2026/07/24 16:41:36.806,2026/07/24 16:41:36.792,2026/07/24 16:41:36.820,1,GPU-713d5b24-2a1e-fd4a-7685-c3d195ff9230,190.73,1410,1593,96,50,73511,42
2026/07/24 16:41:37.062,2026/07/24 16:41:37.042,2026/07/24 16:41:37.081,0,GPU-e2681f6e-8d94-2d66-484f-43ea602335f9,99.53,1410,1593,0,0,73511,56
2026/07/24 16:41:37.062,2026/07/24 16:41:37.042,2026/07/24 16:41:37.081,1,GPU-713d5b24-2a1e-fd4a-7685-c3d195ff9230,85.25,1410,1593,34,18,73511,40
2026/07/24 16:41:37.324,2026/07/24 16:41:37.292,2026/07/24 16:41:37.356,0,GPU-e2681f6e-8d94-2d66-484f-43ea602335f9,404.59,1410,1593,0,0,73511,65
2026/07/24 16:41:37.324,2026/07/24 16:41:37.292,2026/07/24 16:41:37.356,1,GPU-713d5b24-2a1e-fd4a-7685-c3d195ff9230,84.97,1410,1593,0,0,73511,39
2026/07/24 16:41:37.557,2026/07/24 16:41:37.542,2026/07/24 16:41:37.571,0,GPU-e2681f6e-8d94-2d66-484f-43ea602335f9,411.34,1410,1593,100,15,73511,69
2026/07/24 16:41:37.557,2026/07/24 16:41:37.542,2026/07/24 16:41:37.571,1,GPU-713d5b24-2a1e-fd4a-7685-c3d195ff9230,84.65,1410,1593,0,0,73511,38
2026/07/24 16:41:37.808,2026/07/24 16:41:37.792,2026/07/24 16:41:37.823,0,GPU-e2681f6e-8d94-2d66-484f-43ea602335f9,398.08,1410,1593,99,13,73511,63
2026/07/24 16:41:37.808,2026/07/24 16:41:37.792,2026/07/24 16:41:37.823,1,GPU-713d5b24-2a1e-fd4a-7685-c3d195ff9230,96.72,1410,1593,0,0,73511,40
2026/07/24 16:41:38.057,2026/07/24 16:41:38.042,2026/07/24 16:41:38.073,0,GPU-e2681f6e-8d94-2d66-484f-43ea602335f9,235.30,1410,1593,0,0,73511,57
2026/07/24 16:41:38.057,2026/07/24 16:41:38.042,2026/07/24 16:41:38.073,1,GPU-713d5b24-2a1e-fd4a-7685-c3d195ff9230,242.91,1410,1593,72,28,73511,43
2026/07/24 16:41:38.317,2026/07/24 16:41:38.292,2026/07/24 16:41:38.342,0,GPU-e2681f6e-8d94-2d66-484f-43ea602335f9,413.78,1410,1593,100,17,73511,68
2026/07/24 16:41:38.317,2026/07/24 16:41:38.292,2026/07/24 16:41:38.342,1,GPU-713d5b24-2a1e-fd4a-7685-c3d195ff9230,85.25,1410,1593,0,0,73511,39
2026/07/24 16:41:38.556,2026/07/24 16:41:38.542,2026/07/24 16:41:38.570,0,GPU-e2681f6e-8d94-2d66-484f-43ea602335f9,395.97,1410,1593,100,13,73511,70
2026/07/24 16:41:38.556,2026/07/24 16:41:38.542,2026/07/24 16:41:38.570,1,GPU-713d5b24-2a1e-fd4a-7685-c3d195ff9230,84.65,1410,1593,0,0,73511,39
2026/07/24 16:41:38.807,2026/07/24 16:41:38.792,2026/07/24 16:41:38.822,0,GPU-e2681f6e-8d94-2d66-484f-43ea602335f9,111.88,1410,1593,41,5,73511,60
2026/07/24 16:41:38.807,2026/07/24 16:41:38.792,2026/07/24 16:41:38.822,1,GPU-713d5b24-2a1e-fd4a-7685-c3d195ff9230,244.69,1410,1593,23,2,73511,41
2026/07/24 16:41:39.057,2026/07/24 16:41:39.043,2026/07/24 16:41:39.072,0,GPU-e2681f6e-8d94-2d66-484f-43ea602335f9,101.05,1410,1593,0,0,73511,56
2026/07/24 16:41:39.057,2026/07/24 16:41:39.043,2026/07/24 16:41:39.072,1,GPU-713d5b24-2a1e-fd4a-7685-c3d195ff9230,95.20,1410,1593,100,52,73511,40
2026/07/24 16:41:39.306,2026/07/24 16:41:39.293,2026/07/24 16:41:39.320,0,GPU-e2681f6e-8d94-2d66-484f-43ea602335f9,98.01,1410,1593,0,0,73511,54
2026/07/24 16:41:39.306,2026/07/24 16:41:39.293,2026/07/24 16:41:39.320,1,GPU-713d5b24-2a1e-fd4a-7685-c3d195ff9230,85.06,1410,1593,19,10,73511,39
2026/07/24 16:41:39.561,2026/07/24 16:41:39.543,2026/07/24 16:41:39.579,0,GPU-e2681f6e-8d94-2d66-484f-43ea602335f9,406.53,1410,1593,62,12,73511,60
2026/07/24 16:41:39.561,2026/07/24 16:41:39.543,2026/07/24 16:41:39.579,1,GPU-713d5b24-2a1e-fd4a-7685-c3d195ff9230,84.97,1410,1593,0,0,73511,38
2026/07/24 16:41:39.808,2026/07/24 16:41:39.793,2026/07/24 16:41:39.823,0,GPU-e2681f6e-8d94-2d66-484f-43ea602335f9,402.03,1410,1593,100,16,73511,66
2026/07/24 16:41:39.808,2026/07/24 16:41:39.793,2026/07/24 16:41:39.823,1,GPU-713d5b24-2a1e-fd4a-7685-c3d195ff9230,84.97,1410,1593,0,0,73511,38
2026/07/24 16:41:40.057,2026/07/24 16:41:40.043,2026/07/24 16:41:40.071,0,GPU-e2681f6e-8d94-2d66-484f-43ea602335f9,384.22,1410,1593,100,13,73511,69
2026/07/24 16:41:40.057,2026/07/24 16:41:40.043,2026/07/24 16:41:40.071,1,GPU-713d5b24-2a1e-fd4a-7685-c3d195ff9230,84.46,1410,1593,0,0,73511,38
2026/07/24 16:41:40.309,2026/07/24 16:41:40.293,2026/07/24 16:41:40.325,0,GPU-e2681f6e-8d94-2d66-484f-43ea602335f9,418.00,1410,1593,100,12,73511,71
2026/07/24 16:41:40.309,2026/07/24 16:41:40.293,2026/07/24 16:41:40.325,1,GPU-713d5b24-2a1e-fd4a-7685-c3d195ff9230,89.46,1410,1593,0,0,73511,39
2026/07/24 16:41:40.556,2026/07/24 16:41:40.543,2026/07/24 16:41:40.569,0,GPU-e2681f6e-8d94-2d66-484f-43ea602335f9,411.07,1410,1593,100,15,73511,71
2026/07/24 16:41:40.556,2026/07/24 16:41:40.543,2026/07/24 16:41:40.569,1,GPU-713d5b24-2a1e-fd4a-7685-c3d195ff9230,239.87,1410,1593,100,52,73511,42
2026/07/24 16:41:40.810,2026/07/24 16:41:40.793,2026/07/24 16:41:40.827,0,GPU-e2681f6e-8d94-2d66-484f-43ea602335f9,133.93,1410,1593,55,7,73511,61
2026/07/24 16:41:40.810,2026/07/24 16:41:40.793,2026/07/24 16:41:40.827,1,GPU-713d5b24-2a1e-fd4a-7685-c3d195ff9230,85.25,1410,1593,13,1,73511,41
2026/07/24 16:41:41.058,2026/07/24 16:41:41.043,2026/07/24 16:41:41.073,0,GPU-e2681f6e-8d94-2d66-484f-43ea602335f9,101.64,1410,1593,0,0,73511,57
2026/07/24 16:41:41.058,2026/07/24 16:41:41.043,2026/07/24 16:41:41.073,1,GPU-713d5b24-2a1e-fd4a-7685-c3d195ff9230,242.91,1410,1593,98,47,73511,43
2026/07/24 16:41:41.306,2026/07/24 16:41:41.293,2026/07/24 16:41:41.319,0,GPU-e2681f6e-8d94-2d66-484f-43ea602335f9,98.93,1410,1593,0,0,73511,54
2026/07/24 16:41:41.306,2026/07/24 16:41:41.293,2026/07/24 16:41:41.319,1,GPU-713d5b24-2a1e-fd4a-7685-c3d195ff9230,85.57,1410,1593,68,36,73511,39
2026/07/24 16:41:41.559,2026/07/24 16:41:41.543,2026/07/24 16:41:41.574,0,GPU-e2681f6e-8d94-2d66-484f-43ea602335f9,98.01,1410,1593,0,0,73511,54
2026/07/24 16:41:41.559,2026/07/24 16:41:41.543,2026/07/24 16:41:41.574,1,GPU-713d5b24-2a1e-fd4a-7685-c3d195ff9230,84.97,1410,1593,0,0,73511,39
2026/07/24 16:41:41.807,2026/07/24 16:41:41.793,2026/07/24 16:41:41.821,0,GPU-e2681f6e-8d94-2d66-484f-43ea602335f9,402.63,1410,1593,18,4,73511,65
2026/07/24 16:41:41.807,2026/07/24 16:41:41.793,2026/07/24 16:41:41.821,1,GPU-713d5b24-2a1e-fd4a-7685-c3d195ff9230,84.97,1410,1593,0,0,73511,38
2026/07/24 16:41:42.058,2026/07/24 16:41:42.044,2026/07/24 16:41:42.073,0,GPU-e2681f6e-8d94-2d66-484f-43ea602335f9,407.44,1410,1593,100,14,73511,69
2026/07/24 16:41:42.058,2026/07/24 16:41:42.044,2026/07/24 16:41:42.073,1,GPU-713d5b24-2a1e-fd4a-7685-c3d195ff9230,84.65,1410,1593,0,0,73511,38
2026/07/24 16:41:42.310,2026/07/24 16:41:42.294,2026/07/24 16:41:42.326,0,GPU-e2681f6e-8d94-2d66-484f-43ea602335f9,398.08,1410,1593,100,12,73511,70
2026/07/24 16:41:42.310,2026/07/24 16:41:42.294,2026/07/24 16:41:42.326,1,GPU-713d5b24-2a1e-fd4a-7685-c3d195ff9230,84.38,1410,1593,28,2,73511,39
2026/07/24 16:41:42.561,2026/07/24 16:41:42.544,2026/07/24 16:41:42.579,0,GPU-e2681f6e-8d94-2d66-484f-43ea602335f9,404.73,1410,1593,100,15,73511,71
2026/07/24 16:41:42.561,2026/07/24 16:41:42.544,2026/07/24 16:41:42.579,1,GPU-713d5b24-2a1e-fd4a-7685-c3d195ff9230,236.57,1410,1593,100,52,73511,42
2026/07/24 16:41:42.859,2026/07/24 16:41:42.794,2026/07/24 16:41:42.924,0,GPU-e2681f6e-8d94-2d66-484f-43ea602335f9,397.81,1410,1593,100,12,73511,71
2026/07/24 16:41:42.859,2026/07/24 16:41:42.794,2026/07/24 16:41:42.924,1,GPU-713d5b24-2a1e-fd4a-7685-c3d195ff9230,84.97,1410,1593,84,44,73511,40
2026/07/24 16:41:43.059,2026/07/24 16:41:43.044,2026/07/24 16:41:43.073,0,GPU-e2681f6e-8d94-2d66-484f-43ea602335f9,416.32,1410,1593,100,18,73511,72
2026/07/24 16:41:43.059,2026/07/24 16:41:43.044,2026/07/24 16:41:43.073,1,GPU-713d5b24-2a1e-fd4a-7685-c3d195ff9230,177.80,1410,1593,4,0,73511,41
2026/07/24 16:41:43.307,2026/07/24 16:41:43.294,2026/07/24 16:41:43.320,0,GPU-e2681f6e-8d94-2d66-484f-43ea602335f9,405.01,1410,1593,100,15,73511,72
2026/07/24 16:41:43.307,2026/07/24 16:41:43.294,2026/07/24 16:41:43.320,1,GPU-713d5b24-2a1e-fd4a-7685-c3d195ff9230,241.07,1410,1593,85,35,73511,43
2026/07/24 16:41:43.583,2026/07/24 16:41:43.544,2026/07/24 16:41:43.623,0,GPU-e2681f6e-8d94-2d66-484f-43ea602335f9,418.60,1410,1593,100,13,73511,72
2026/07/24 16:41:43.583,2026/07/24 16:41:43.544,2026/07/24 16:41:43.623,1,GPU-713d5b24-2a1e-fd4a-7685-c3d195ff9230,88.60,1410,1593,0,0,73511,40
2026/07/24 16:41:43.812,2026/07/24 16:41:43.794,2026/07/24 16:41:43.830,0,GPU-e2681f6e-8d94-2d66-484f-43ea602335f9,425.79,1410,1593,100,15,73511,72
2026/07/24 16:41:43.812,2026/07/24 16:41:43.794,2026/07/24 16:41:43.830,1,GPU-713d5b24-2a1e-fd4a-7685-c3d195ff9230,238.36,1410,1593,70,24,73511,43
2026/07/24 16:41:44.059,2026/07/24 16:41:44.044,2026/07/24 16:41:44.073,0,GPU-e2681f6e-8d94-2d66-484f-43ea602335f9,418.60,1410,1593,100,15,73511,72
2026/07/24 16:41:44.059,2026/07/24 16:41:44.044,2026/07/24 16:41:44.073,1,GPU-713d5b24-2a1e-fd4a-7685-c3d195ff9230,245.88,1410,1593,100,52,73511,42
2026/07/24 16:41:44.308,2026/07/24 16:41:44.294,2026/07/24 16:41:44.322,0,GPU-e2681f6e-8d94-2d66-484f-43ea602335f9,417.08,1410,1593,100,17,73511,73
2026/07/24 16:41:44.308,2026/07/24 16:41:44.294,2026/07/24 16:41:44.322,1,GPU-713d5b24-2a1e-fd4a-7685-c3d195ff9230,241.99,1410,1593,69,26,73511,44
2026/07/24 16:41:44.557,2026/07/24 16:41:44.544,2026/07/24 16:41:44.569,0,GPU-e2681f6e-8d94-2d66-484f-43ea602335f9,417.40,1410,1593,100,14,73511,72
2026/07/24 16:41:44.557,2026/07/24 16:41:44.544,2026/07/24 16:41:44.569,1,GPU-713d5b24-2a1e-fd4a-7685-c3d195ff9230,86.49,1410,1593,45,24,73511,42
2026/07/24 16:41:44.809,2026/07/24 16:41:44.794,2026/07/24 16:41:44.823,0,GPU-e2681f6e-8d94-2d66-484f-43ea602335f9,431.85,1410,1593,100,17,73511,73
2026/07/24 16:41:44.809,2026/07/24 16:41:44.794,2026/07/24 16:41:44.823,1,GPU-713d5b24-2a1e-fd4a-7685-c3d195ff9230,97.64,1410,1593,23,0,73511,41
2026/07/24 16:41:45.060,2026/07/24 16:41:45.044,2026/07/24 16:41:45.075,0,GPU-e2681f6e-8d94-2d66-484f-43ea602335f9,407.72,1410,1593,100,15,73511,73
2026/07/24 16:41:45.060,2026/07/24 16:41:45.044,2026/07/24 16:41:45.075,1,GPU-713d5b24-2a1e-fd4a-7685-c3d195ff9230,178.66,1410,1593,92,48,73511,44
2026/07/24 16:41:45.309,2026/07/24 16:41:45.294,2026/07/24 16:41:45.324,0,GPU-e2681f6e-8d94-2d66-484f-43ea602335f9,127.86,1410,1593,100,13,73511,63
2026/07/24 16:41:45.309,2026/07/24 16:41:45.294,2026/07/24 16:41:45.324,1,GPU-713d5b24-2a1e-fd4a-7685-c3d195ff9230,85.57,1410,1593,34,18,73511,40
2026/07/24 16:41:45.560,2026/07/24 16:41:45.545,2026/07/24 16:41:45.575,0,GPU-e2681f6e-8d94-2d66-484f-43ea602335f9,102.83,1410,1593,3,1,73511,58
2026/07/24 16:41:45.560,2026/07/24 16:41:45.545,2026/07/24 16:41:45.575,1,GPU-713d5b24-2a1e-fd4a-7685-c3d195ff9230,244.69,1410,1593,32,6,73511,44
2026/07/24 16:41:45.816,2026/07/24 16:41:45.795,2026/07/24 16:41:45.838,0,GPU-e2681f6e-8d94-2d66-484f-43ea602335f9,101.05,1410,1593,0,0,73511,56
2026/07/24 16:41:45.816,2026/07/24 16:41:45.795,2026/07/24 16:41:45.838,1,GPU-713d5b24-2a1e-fd4a-7685-c3d195ff9230,86.76,1410,1593,53,28,73511,40
2026/07/24 16:41:46.058,2026/07/24 16:41:46.045,2026/07/24 16:41:46.072,0,GPU-e2681f6e-8d94-2d66-484f-43ea602335f9,99.20,1410,1593,0,0,73511,55
2026/07/24 16:41:46.058,2026/07/24 16:41:46.045,2026/07/24 16:41:46.072,1,GPU-713d5b24-2a1e-fd4a-7685-c3d195ff9230,85.25,1410,1593,0,0,73511,39
2026/07/24 16:41:46.307,2026/07/24 16:41:46.295,2026/07/24 16:41:46.320,0,GPU-e2681f6e-8d94-2d66-484f-43ea602335f9,97.42,1410,1593,0,0,73511,54
2026/07/24 16:41:46.307,2026/07/24 16:41:46.295,2026/07/24 16:41:46.320,1,GPU-713d5b24-2a1e-fd4a-7685-c3d195ff9230,84.65,1410,1593,0,0,73511,39
2026/07/24 16:41:46.556,2026/07/24 16:41:46.545,2026/07/24 16:41:46.568,0,GPU-e2681f6e-8d94-2d66-484f-43ea602335f9,97.42,1410,1593,0,0,73511,53
2026/07/24 16:41:46.556,2026/07/24 16:41:46.545,2026/07/24 16:41:46.568,1,GPU-713d5b24-2a1e-fd4a-7685-c3d195ff9230,84.65,1410,1593,0,0,73511,38
2026/07/24 16:41:46.807,2026/07/24 16:41:46.795,2026/07/24 16:41:46.819,0,GPU-e2681f6e-8d94-2d66-484f-43ea602335f9,97.09,1410,1593,0,0,73511,53
2026/07/24 16:41:46.807,2026/07/24 16:41:46.795,2026/07/24 16:41:46.819,1,GPU-713d5b24-2a1e-fd4a-7685-c3d195ff9230,84.65,1410,1593,0,0,73511,38
2026/07/24 16:41:47.059,2026/07/24 16:41:47.045,2026/07/24 16:41:47.073,0,GPU-e2681f6e-8d94-2d66-484f-43ea602335f9,96.82,1410,1593,0,0,73511,52
2026/07/24 16:41:47.059,2026/07/24 16:41:47.045,2026/07/24 16:41:47.073,1,GPU-713d5b24-2a1e-fd4a-7685-c3d195ff9230,84.65,1410,1593,0,0,73511,38
2026/07/24 16:41:47.309,2026/07/24 16:41:47.295,2026/07/24 16:41:47.322,0,GPU-e2681f6e-8d94-2d66-484f-43ea602335f9,96.49,1410,1593,0,0,73511,52
2026/07/24 16:41:47.309,2026/07/24 16:41:47.295,2026/07/24 16:41:47.322,1,GPU-713d5b24-2a1e-fd4a-7685-c3d195ff9230,84.65,1410,1593,0,0,73511,38
2026/07/24 16:41:47.557,2026/07/24 16:41:47.545,2026/07/24 16:41:47.569,0,GPU-e2681f6e-8d94-2d66-484f-43ea602335f9,96.22,1410,1593,0,0,73511,52
2026/07/24 16:41:47.557,2026/07/24 16:41:47.545,2026/07/24 16:41:47.569,1,GPU-713d5b24-2a1e-fd4a-7685-c3d195ff9230,84.38,1410,1593,0,0,73511,38
2026/07/24 16:41:47.808,2026/07/24 16:41:47.795,2026/07/24 16:41:47.821,0,GPU-e2681f6e-8d94-2d66-484f-43ea602335f9,96.22,1410,1593,0,0,73511,52
2026/07/24 16:41:47.808,2026/07/24 16:41:47.795,2026/07/24 16:41:47.821,1,GPU-713d5b24-2a1e-fd4a-7685-c3d195ff9230,84.38,1410,1593,0,0,73511,38
2026/07/24 16:41:48.060,2026/07/24 16:41:48.045,2026/07/24 16:41:48.074,0,GPU-e2681f6e-8d94-2d66-484f-43ea602335f9,95.63,1410,1593,0,0,73511,51
2026/07/24 16:41:48.060,2026/07/24 16:41:48.045,2026/07/24 16:41:48.074,1,GPU-713d5b24-2a1e-fd4a-7685-c3d195ff9230,84.38,1410,1593,0,0,73511,38
2026/07/24 16:41:48.309,2026/07/24 16:41:48.295,2026/07/24 16:41:48.323,0,GPU-e2681f6e-8d94-2d66-484f-43ea602335f9,396.29,1410,1593,77,15,73511,63
2026/07/24 16:41:48.309,2026/07/24 16:41:48.295,2026/07/24 16:41:48.323,1,GPU-713d5b24-2a1e-fd4a-7685-c3d195ff9230,84.38,1410,1593,0,0,73511,37
2026/07/24 16:41:48.561,2026/07/24 16:41:48.545,2026/07/24 16:41:48.576,0,GPU-e2681f6e-8d94-2d66-484f-43ea602335f9,395.05,1410,1593,77,15,73511,65
2026/07/24 16:41:48.561,2026/07/24 16:41:48.545,2026/07/24 16:41:48.576,1,GPU-713d5b24-2a1e-fd4a-7685-c3d195ff9230,84.38,1410,1593,0,0,73511,37
2026/07/24 16:41:48.829,2026/07/24 16:41:48.795,2026/07/24 16:41:48.863,0,GPU-e2681f6e-8d94-2d66-484f-43ea602335f9,415.56,1410,1593,100,13,73511,68
2026/07/24 16:41:48.829,2026/07/24 16:41:48.795,2026/07/24 16:41:48.863,1,GPU-713d5b24-2a1e-fd4a-7685-c3d195ff9230,84.38,1410,1593,8,0,73511,38
2026/07/24 16:41:49.068,2026/07/24 16:41:49.045,2026/07/24 16:41:49.091,0,GPU-e2681f6e-8d94-2d66-484f-43ea602335f9,410.15,1410,1593,100,16,73511,69
2026/07/24 16:41:49.068,2026/07/24 16:41:49.045,2026/07/24 16:41:49.091,1,GPU-713d5b24-2a1e-fd4a-7685-c3d195ff9230,243.77,1410,1593,75,31,73511,42
2026/07/24 16:41:49.308,2026/07/24 16:41:49.296,2026/07/24 16:41:49.321,0,GPU-e2681f6e-8d94-2d66-484f-43ea602335f9,400.78,1410,1593,100,13,73511,70
2026/07/24 16:41:49.308,2026/07/24 16:41:49.296,2026/07/24 16:41:49.321,1,GPU-713d5b24-2a1e-fd4a-7685-c3d195ff9230,85.25,1410,1593,85,45,73511,40
2026/07/24 16:41:49.561,2026/07/24 16:41:49.546,2026/07/24 16:41:49.577,0,GPU-e2681f6e-8d94-2d66-484f-43ea602335f9,402.03,1410,1593,100,18,73511,70
2026/07/24 16:41:49.561,2026/07/24 16:41:49.546,2026/07/24 16:41:49.577,1,GPU-713d5b24-2a1e-fd4a-7685-c3d195ff9230,96.39,1410,1593,0,0,73511,40
2026/07/24 16:41:49.809,2026/07/24 16:41:49.796,2026/07/24 16:41:49.822,0,GPU-e2681f6e-8d94-2d66-484f-43ea602335f9,403.22,1410,1593,100,15,73511,71
2026/07/24 16:41:49.809,2026/07/24 16:41:49.796,2026/07/24 16:41:49.822,1,GPU-713d5b24-2a1e-fd4a-7685-c3d195ff9230,239.55,1410,1593,100,52,73511,43
2026/07/24 16:41:50.061,2026/07/24 16:41:50.046,2026/07/24 16:41:50.077,0,GPU-e2681f6e-8d94-2d66-484f-43ea602335f9,196.08,1410,1593,100,12,73511,61
2026/07/24 16:41:50.061,2026/07/24 16:41:50.046,2026/07/24 16:41:50.077,1,GPU-713d5b24-2a1e-fd4a-7685-c3d195ff9230,85.25,1410,1593,10,5,73511,39
2026/07/24 16:41:50.309,2026/07/24 16:41:50.296,2026/07/24 16:41:50.322,0,GPU-e2681f6e-8d94-2d66-484f-43ea602335f9,100.82,1410,1593,0,0,73511,57
2026/07/24 16:41:50.309,2026/07/24 16:41:50.296,2026/07/24 16:41:50.322,1,GPU-713d5b24-2a1e-fd4a-7685-c3d195ff9230,242.26,1410,1593,72,25,73511,43
2026/07/24 16:41:50.558,2026/07/24 16:41:50.546,2026/07/24 16:41:50.570,0,GPU-e2681f6e-8d94-2d66-484f-43ea602335f9,98.93,1410,1593,0,0,73511,54
2026/07/24 16:41:50.558,2026/07/24 16:41:50.546,2026/07/24 16:41:50.570,1,GPU-713d5b24-2a1e-fd4a-7685-c3d195ff9230,85.84,1410,1593,82,43,73511,39
2026/07/24 16:41:50.834,2026/07/24 16:41:50.796,2026/07/24 16:41:50.872,0,GPU-e2681f6e-8d94-2d66-484f-43ea602335f9,104.67,1410,1593,0,0,73511,53
2026/07/24 16:41:50.834,2026/07/24 16:41:50.796,2026/07/24 16:41:50.872,1,GPU-713d5b24-2a1e-fd4a-7685-c3d195ff9230,84.65,1410,1593,0,0,73511,38
2026/07/24 16:41:51.061,2026/07/24 16:41:51.046,2026/07/24 16:41:51.076,0,GPU-e2681f6e-8d94-2d66-484f-43ea602335f9,97.74,1410,1593,0,0,73511,53
2026/07/24 16:41:51.061,2026/07/24 16:41:51.046,2026/07/24 16:41:51.076,1,GPU-713d5b24-2a1e-fd4a-7685-c3d195ff9230,84.65,1410,1593,0,0,73511,38
2026/07/24 16:41:51.311,2026/07/24 16:41:51.296,2026/07/24 16:41:51.327,0,GPU-e2681f6e-8d94-2d66-484f-43ea602335f9,96.22,1410,1593,0,0,73511,52
2026/07/24 16:41:51.311,2026/07/24 16:41:51.296,2026/07/24 16:41:51.327,1,GPU-713d5b24-2a1e-fd4a-7685-c3d195ff9230,84.65,1410,1593,0,0,73511,38
2026/07/24 16:41:51.561,2026/07/24 16:41:51.546,2026/07/24 16:41:51.575,0,GPU-e2681f6e-8d94-2d66-484f-43ea602335f9,95.63,1410,1593,0,0,73511,51
2026/07/24 16:41:51.561,2026/07/24 16:41:51.546,2026/07/24 16:41:51.575,1,GPU-713d5b24-2a1e-fd4a-7685-c3d195ff9230,84.38,1410,1593,0,0,73511,38
2026/07/24 16:41:51.812,2026/07/24 16:41:51.796,2026/07/24 16:41:51.827,0,GPU-e2681f6e-8d94-2d66-484f-43ea602335f9,95.90,1410,1593,0,0,73511,51
2026/07/24 16:41:51.812,2026/07/24 16:41:51.796,2026/07/24 16:41:51.827,1,GPU-713d5b24-2a1e-fd4a-7685-c3d195ff9230,84.38,1410,1593,0,0,73511,37
2026/07/24 16:41:52.063,2026/07/24 16:41:52.046,2026/07/24 16:41:52.080,0,GPU-e2681f6e-8d94-2d66-484f-43ea602335f9,95.30,1410,1593,27,5,73511,59
2026/07/24 16:41:52.063,2026/07/24 16:41:52.046,2026/07/24 16:41:52.080,1,GPU-713d5b24-2a1e-fd4a-7685-c3d195ff9230,84.38,1410,1593,0,0,73511,37
2026/07/24 16:41:52.311,2026/07/24 16:41:52.296,2026/07/24 16:41:52.325,0,GPU-e2681f6e-8d94-2d66-484f-43ea602335f9,391.75,1410,1593,100,17,73511,63
2026/07/24 16:41:52.311,2026/07/24 16:41:52.296,2026/07/24 16:41:52.325,1,GPU-713d5b24-2a1e-fd4a-7685-c3d195ff9230,84.38,1410,1593,0,0,73511,37
2026/07/24 16:41:52.562,2026/07/24 16:41:52.547,2026/07/24 16:41:52.577,0,GPU-e2681f6e-8d94-2d66-484f-43ea602335f9,110.37,1410,1593,90,14,73511,56
2026/07/24 16:41:52.562,2026/07/24 16:41:52.547,2026/07/24 16:41:52.577,1,GPU-713d5b24-2a1e-fd4a-7685-c3d195ff9230,236.57,1410,1593,0,0,73511,38
2026/07/24 16:41:52.812,2026/07/24 16:41:52.797,2026/07/24 16:41:52.827,0,GPU-e2681f6e-8d94-2d66-484f-43ea602335f9,97.42,1410,1593,0,0,73511,53
2026/07/24 16:41:52.812,2026/07/24 16:41:52.797,2026/07/24 16:41:52.827,1,GPU-713d5b24-2a1e-fd4a-7685-c3d195ff9230,246.48,1410,1593,100,53,73511,43
2026/07/24 16:41:53.062,2026/07/24 16:41:53.047,2026/07/24 16:41:53.078,0,GPU-e2681f6e-8d94-2d66-484f-43ea602335f9,96.49,1410,1593,0,0,73511,52
2026/07/24 16:41:53.062,2026/07/24 16:41:53.047,2026/07/24 16:41:53.078,1,GPU-713d5b24-2a1e-fd4a-7685-c3d195ff9230,85.25,1410,1593,27,15,73511,39
2026/07/24 16:41:53.312,2026/07/24 16:41:53.297,2026/07/24 16:41:53.327,0,GPU-e2681f6e-8d94-2d66-484f-43ea602335f9,389.96,1410,1593,4,1,73511,51
2026/07/24 16:41:53.312,2026/07/24 16:41:53.297,2026/07/24 16:41:53.327,1,GPU-713d5b24-2a1e-fd4a-7685-c3d195ff9230,84.65,1410,1593,0,0,73511,38
2026/07/24 16:41:53.563,2026/07/24 16:41:53.547,2026/07/24 16:41:53.579,0,GPU-e2681f6e-8d94-2d66-484f-43ea602335f9,381.79,1410,1593,100,18,73511,65
2026/07/24 16:41:53.563,2026/07/24 16:41:53.547,2026/07/24 16:41:53.579,1,GPU-713d5b24-2a1e-fd4a-7685-c3d195ff9230,84.65,1410,1593,0,0,73511,38
2026/07/24 16:41:53.820,2026/07/24 16:41:53.797,2026/07/24 16:41:53.844,0,GPU-e2681f6e-8d94-2d66-484f-43ea602335f9,389.96,1410,1593,100,15,73511,66
2026/07/24 16:41:53.820,2026/07/24 16:41:53.797,2026/07/24 16:41:53.844,1,GPU-713d5b24-2a1e-fd4a-7685-c3d195ff9230,84.38,1410,1593,0,0,73511,37
2026/07/24 16:41:54.065,2026/07/24 16:41:54.047,2026/07/24 16:41:54.084,0,GPU-e2681f6e-8d94-2d66-484f-43ea602335f9,414.97,1410,1593,100,16,73511,68
2026/07/24 16:41:54.065,2026/07/24 16:41:54.047,2026/07/24 16:41:54.084,1,GPU-713d5b24-2a1e-fd4a-7685-c3d195ff9230,84.38,1410,1593,8,0,73511,38
2026/07/24 16:41:54.315,2026/07/24 16:41:54.297,2026/07/24 16:41:54.333,0,GPU-e2681f6e-8d94-2d66-484f-43ea602335f9,411.07,1410,1593,100,15,73511,69
2026/07/24 16:41:54.315,2026/07/24 16:41:54.297,2026/07/24 16:41:54.333,1,GPU-713d5b24-2a1e-fd4a-7685-c3d195ff9230,246.21,1410,1593,79,33,73511,42
2026/07/24 16:41:54.564,2026/07/24 16:41:54.547,2026/07/24 16:41:54.581,0,GPU-e2681f6e-8d94-2d66-484f-43ea602335f9,101.32,1410,1593,22,3,73511,57
2026/07/24 16:41:54.564,2026/07/24 16:41:54.547,2026/07/24 16:41:54.581,1,GPU-713d5b24-2a1e-fd4a-7685-c3d195ff9230,246.21,1410,1593,100,46,73511,43
2026/07/24 16:41:54.812,2026/07/24 16:41:54.797,2026/07/24 16:41:54.826,0,GPU-e2681f6e-8d94-2d66-484f-43ea602335f9,100.12,1410,1593,0,0,73511,53
2026/07/24 16:41:54.812,2026/07/24 16:41:54.797,2026/07/24 16:41:54.826,1,GPU-713d5b24-2a1e-fd4a-7685-c3d195ff9230,85.25,1410,1593,100,53,73511,40
2026/07/24 16:41:55.061,2026/07/24 16:41:55.047,2026/07/24 16:41:55.075,0,GPU-e2681f6e-8d94-2d66-484f-43ea602335f9,96.82,1410,1593,0,0,73511,52
2026/07/24 16:41:55.061,2026/07/24 16:41:55.047,2026/07/24 16:41:55.075,1,GPU-713d5b24-2a1e-fd4a-7685-c3d195ff9230,84.97,1410,1593,0,0,73511,38
2026/07/24 16:41:55.311,2026/07/24 16:41:55.297,2026/07/24 16:41:55.324,0,GPU-e2681f6e-8d94-2d66-484f-43ea602335f9,96.22,1410,1593,0,0,73511,51
2026/07/24 16:41:55.311,2026/07/24 16:41:55.297,2026/07/24 16:41:55.324,1,GPU-713d5b24-2a1e-fd4a-7685-c3d195ff9230,84.65,1410,1593,0,0,73511,38
2026/07/24 16:41:55.561,2026/07/24 16:41:55.547,2026/07/24 16:41:55.575,0,GPU-e2681f6e-8d94-2d66-484f-43ea602335f9,386.01,1410,1593,0,0,73511,57
2026/07/24 16:41:55.561,2026/07/24 16:41:55.547,2026/07/24 16:41:55.575,1,GPU-713d5b24-2a1e-fd4a-7685-c3d195ff9230,84.38,1410,1593,0,0,73511,38
2026/07/24 16:41:55.814,2026/07/24 16:41:55.798,2026/07/24 16:41:55.830,0,GPU-e2681f6e-8d94-2d66-484f-43ea602335f9,384.82,1410,1593,100,18,73511,64
2026/07/24 16:41:55.814,2026/07/24 16:41:55.798,2026/07/24 16:41:55.830,1,GPU-713d5b24-2a1e-fd4a-7685-c3d195ff9230,84.65,1410,1593,0,0,73511,37
2026/07/24 16:41:56.063,2026/07/24 16:41:56.048,2026/07/24 16:41:56.079,0,GPU-e2681f6e-8d94-2d66-484f-43ea602335f9,409.23,1410,1593,100,17,73511,67
2026/07/24 16:41:56.063,2026/07/24 16:41:56.048,2026/07/24 16:41:56.079,1,GPU-713d5b24-2a1e-fd4a-7685-c3d195ff9230,84.38,1410,1593,3,0,73511,37
2026/07/24 16:41:56.312,2026/07/24 16:41:56.298,2026/07/24 16:41:56.326,0,GPU-e2681f6e-8d94-2d66-484f-43ea602335f9,411.07,1410,1593,100,15,73511,68
2026/07/24 16:41:56.312,2026/07/24 16:41:56.298,2026/07/24 16:41:56.326,1,GPU-713d5b24-2a1e-fd4a-7685-c3d195ff9230,243.18,1410,1593,98,45,73511,42
2026/07/24 16:41:56.563,2026/07/24 16:41:56.548,2026/07/24 16:41:56.579,0,GPU-e2681f6e-8d94-2d66-484f-43ea602335f9,408.04,1410,1593,100,12,73511,69
2026/07/24 16:41:56.563,2026/07/24 16:41:56.548,2026/07/24 16:41:56.579,1,GPU-713d5b24-2a1e-fd4a-7685-c3d195ff9230,84.97,1410,1593,53,28,73511,39
2026/07/24 16:41:56.814,2026/07/24 16:41:56.798,2026/07/24 16:41:56.829,0,GPU-e2681f6e-8d94-2d66-484f-43ea602335f9,409.23,1410,1593,100,15,73511,70
2026/07/24 16:41:56.814,2026/07/24 16:41:56.798,2026/07/24 16:41:56.829,1,GPU-713d5b24-2a1e-fd4a-7685-c3d195ff9230,120.07,1410,1593,86,33,73511,42
2026/07/24 16:41:57.066,2026/07/24 16:41:57.048,2026/07/24 16:41:57.083,0,GPU-e2681f6e-8d94-2d66-484f-43ea602335f9,402.63,1410,1593,100,16,73511,70
2026/07/24 16:41:57.066,2026/07/24 16:41:57.048,2026/07/24 16:41:57.083,1,GPU-713d5b24-2a1e-fd4a-7685-c3d195ff9230,85.57,1410,1593,86,33,73511,41
2026/07/24 16:41:57.311,2026/07/24 16:41:57.298,2026/07/24 16:41:57.325,0,GPU-e2681f6e-8d94-2d66-484f-43ea602335f9,393.26,1410,1593,100,12,73511,70
2026/07/24 16:41:57.311,2026/07/24 16:41:57.298,2026/07/24 16:41:57.325,1,GPU-713d5b24-2a1e-fd4a-7685-c3d195ff9230,84.97,1410,1593,0,0,73511,38
2026/07/24 16:41:57.562,2026/07/24 16:41:57.548,2026/07/24 16:41:57.575,0,GPU-e2681f6e-8d94-2d66-484f-43ea602335f9,101.42,1410,1593,13,2,73511,60
2026/07/24 16:41:57.562,2026/07/24 16:41:57.548,2026/07/24 16:41:57.575,1,GPU-713d5b24-2a1e-fd4a-7685-c3d195ff9230,238.96,1410,1593,27,1,73511,41
2026/07/24 16:41:57.813,2026/07/24 16:41:57.798,2026/07/24 16:41:57.827,0,GPU-e2681f6e-8d94-2d66-484f-43ea602335f9,99.53,1410,1593,0,0,73511,54
2026/07/24 16:41:57.813,2026/07/24 16:41:57.798,2026/07/24 16:41:57.827,1,GPU-713d5b24-2a1e-fd4a-7685-c3d195ff9230,85.25,1410,1593,30,15,73511,40
2026/07/24 16:41:58.066,2026/07/24 16:41:58.048,2026/07/24 16:41:58.084,0,GPU-e2681f6e-8d94-2d66-484f-43ea602335f9,97.09,1410,1593,0,0,73511,53
2026/07/24 16:41:58.066,2026/07/24 16:41:58.048,2026/07/24 16:41:58.084,1,GPU-713d5b24-2a1e-fd4a-7685-c3d195ff9230,85.06,1410,1593,0,0,73511,38
2026/07/24 16:41:58.314,2026/07/24 16:41:58.298,2026/07/24 16:41:58.329,0,GPU-e2681f6e-8d94-2d66-484f-43ea602335f9,96.22,1410,1593,0,0,73511,52
2026/07/24 16:41:58.314,2026/07/24 16:41:58.298,2026/07/24 16:41:58.329,1,GPU-713d5b24-2a1e-fd4a-7685-c3d195ff9230,84.65,1410,1593,0,0,73511,38
2026/07/24 16:41:58.565,2026/07/24 16:41:58.548,2026/07/24 16:41:58.581,0,GPU-e2681f6e-8d94-2d66-484f-43ea602335f9,332.11,1410,1593,38,7,73511,61
2026/07/24 16:41:58.565,2026/07/24 16:41:58.548,2026/07/24 16:41:58.581,1,GPU-713d5b24-2a1e-fd4a-7685-c3d195ff9230,84.65,1410,1593,0,0,73511,38
2026/07/24 16:41:58.813,2026/07/24 16:41:58.798,2026/07/24 16:41:58.828,0,GPU-e2681f6e-8d94-2d66-484f-43ea602335f9,397.16,1410,1593,100,17,73511,65
2026/07/24 16:41:58.813,2026/07/24 16:41:58.798,2026/07/24 16:41:58.828,1,GPU-713d5b24-2a1e-fd4a-7685-c3d195ff9230,84.38,1410,1593,0,0,73511,37
2026/07/24 16:41:59.061,2026/07/24 16:41:59.048,2026/07/24 16:41:59.073,0,GPU-e2681f6e-8d94-2d66-484f-43ea602335f9,421.57,1410,1593,100,13,73511,67
2026/07/24 16:41:59.061,2026/07/24 16:41:59.048,2026/07/24 16:41:59.073,1,GPU-713d5b24-2a1e-fd4a-7685-c3d195ff9230,84.38,1410,1593,0,0,73511,37
2026/07/24 16:41:59.314,2026/07/24 16:41:59.299,2026/07/24 16:41:59.329,0,GPU-e2681f6e-8d94-2d66-484f-43ea602335f9,410.15,1410,1593,100,16,73511,69
2026/07/24 16:41:59.314,2026/07/24 16:41:59.299,2026/07/24 16:41:59.329,1,GPU-713d5b24-2a1e-fd4a-7685-c3d195ff9230,228.40,1410,1593,46,14,73511,41
2026/07/24 16:41:59.564,2026/07/24 16:41:59.549,2026/07/24 16:41:59.580,0,GPU-e2681f6e-8d94-2d66-484f-43ea602335f9,401.11,1410,1593,78,11,73511,61
2026/07/24 16:41:59.564,2026/07/24 16:41:59.549,2026/07/24 16:41:59.580,1,GPU-713d5b24-2a1e-fd4a-7685-c3d195ff9230,178.39,1410,1593,100,52,73511,43
2026/07/24 16:41:59.812,2026/07/24 16:41:59.799,2026/07/24 16:41:59.825,0,GPU-e2681f6e-8d94-2d66-484f-43ea602335f9,99.96,1410,1593,0,0,73511,56
2026/07/24 16:41:59.812,2026/07/24 16:41:59.799,2026/07/24 16:41:59.825,1,GPU-713d5b24-2a1e-fd4a-7685-c3d195ff9230,243.77,1410,1593,100,47,73511,44
2026/07/24 16:42:00.062,2026/07/24 16:42:00.049,2026/07/24 16:42:00.075,0,GPU-e2681f6e-8d94-2d66-484f-43ea602335f9,97.74,1410,1593,0,0,73511,53
2026/07/24 16:42:00.062,2026/07/24 16:42:00.049,2026/07/24 16:42:00.075,1,GPU-713d5b24-2a1e-fd4a-7685-c3d195ff9230,85.57,1410,1593,3,1,73511,40
2026/07/24 16:42:00.312,2026/07/24 16:42:00.299,2026/07/24 16:42:00.324,0,GPU-e2681f6e-8d94-2d66-484f-43ea602335f9,310.40,1410,1593,36,7,73511,55
2026/07/24 16:42:00.312,2026/07/24 16:42:00.299,2026/07/24 16:42:00.324,1,GPU-713d5b24-2a1e-fd4a-7685-c3d195ff9230,84.97,1410,1593,0,0,73511,38
2026/07/24 16:42:00.562,2026/07/24 16:42:00.549,2026/07/24 16:42:00.575,0,GPU-e2681f6e-8d94-2d66-484f-43ea602335f9,389.96,1410,1593,36,7,73511,64
2026/07/24 16:42:00.562,2026/07/24 16:42:00.549,2026/07/24 16:42:00.575,1,GPU-713d5b24-2a1e-fd4a-7685-c3d195ff9230,84.65,1410,1593,0,0,73511,38
2026/07/24 16:42:00.811,2026/07/24 16:42:00.799,2026/07/24 16:42:00.823,0,GPU-e2681f6e-8d94-2d66-484f-43ea602335f9,404.14,1410,1593,100,14,73511,67
2026/07/24 16:42:00.811,2026/07/24 16:42:00.799,2026/07/24 16:42:00.823,1,GPU-713d5b24-2a1e-fd4a-7685-c3d195ff9230,84.65,1410,1593,0,0,73511,38
2026/07/24 16:42:01.064,2026/07/24 16:42:01.049,2026/07/24 16:42:01.080,0,GPU-e2681f6e-8d94-2d66-484f-43ea602335f9,196.08,1410,1593,89,12,73511,66
2026/07/24 16:42:01.064,2026/07/24 16:42:01.049,2026/07/24 16:42:01.080,1,GPU-713d5b24-2a1e-fd4a-7685-c3d195ff9230,224.77,1410,1593,0,0,73511,40
2026/07/24 16:42:01.312,2026/07/24 16:42:01.299,2026/07/24 16:42:01.325,0,GPU-e2681f6e-8d94-2d66-484f-43ea602335f9,411.34,1410,1593,100,15,73511,68
2026/07/24 16:42:01.312,2026/07/24 16:42:01.299,2026/07/24 16:42:01.325,1,GPU-713d5b24-2a1e-fd4a-7685-c3d195ff9230,245.29,1410,1593,100,52,73511,40
2026/07/24 16:42:01.563,2026/07/24 16:42:01.549,2026/07/24 16:42:01.577,0,GPU-e2681f6e-8d94-2d66-484f-43ea602335f9,410.91,1410,1593,98,13,73511,65
2026/07/24 16:42:01.563,2026/07/24 16:42:01.549,2026/07/24 16:42:01.577,1,GPU-713d5b24-2a1e-fd4a-7685-c3d195ff9230,84.97,1410,1593,6,3,73511,38
2026/07/24 16:42:01.814,2026/07/24 16:42:01.799,2026/07/24 16:42:01.829,0,GPU-e2681f6e-8d94-2d66-484f-43ea602335f9,102.24,1410,1593,0,0,73511,57
2026/07/24 16:42:01.814,2026/07/24 16:42:01.799,2026/07/24 16:42:01.829,1,GPU-713d5b24-2a1e-fd4a-7685-c3d195ff9230,244.37,1410,1593,39,10,73511,42
2026/07/24 16:42:02.063,2026/07/24 16:42:02.049,2026/07/24 16:42:02.077,0,GPU-e2681f6e-8d94-2d66-484f-43ea602335f9,98.34,1410,1593,0,0,73511,54
2026/07/24 16:42:02.063,2026/07/24 16:42:02.049,2026/07/24 16:42:02.077,1,GPU-713d5b24-2a1e-fd4a-7685-c3d195ff9230,241.99,1410,1593,56,29,73511,40
2026/07/24 16:42:02.317,2026/07/24 16:42:02.299,2026/07/24 16:42:02.335,0,GPU-e2681f6e-8d94-2d66-484f-43ea602335f9,97.09,1410,1593,0,0,73511,53
2026/07/24 16:42:02.317,2026/07/24 16:42:02.299,2026/07/24 16:42:02.335,1,GPU-713d5b24-2a1e-fd4a-7685-c3d195ff9230,84.97,1410,1593,0,0,73511,39
2026/07/24 16:42:02.561,2026/07/24 16:42:02.550,2026/07/24 16:42:02.573,0,GPU-e2681f6e-8d94-2d66-484f-43ea602335f9,95.90,1410,1593,0,0,73511,52
2026/07/24 16:42:02.561,2026/07/24 16:42:02.550,2026/07/24 16:42:02.573,1,GPU-713d5b24-2a1e-fd4a-7685-c3d195ff9230,84.65,1410,1593,0,0,73511,38
2026/07/24 16:42:02.814,2026/07/24 16:42:02.800,2026/07/24 16:42:02.829,0,GPU-e2681f6e-8d94-2d66-484f-43ea602335f9,95.30,1410,1593,0,0,73511,51
2026/07/24 16:42:02.814,2026/07/24 16:42:02.800,2026/07/24 16:42:02.829,1,GPU-713d5b24-2a1e-fd4a-7685-c3d195ff9230,84.65,1410,1593,0,0,73511,38
2026/07/24 16:42:03.062,2026/07/24 16:42:03.050,2026/07/24 16:42:03.075,0,GPU-e2681f6e-8d94-2d66-484f-43ea602335f9,394.46,1410,1593,38,7,73511,63
2026/07/24 16:42:03.062,2026/07/24 16:42:03.050,2026/07/24 16:42:03.075,1,GPU-713d5b24-2a1e-fd4a-7685-c3d195ff9230,84.38,1410,1593,0,0,73511,38
2026/07/24 16:42:03.313,2026/07/24 16:42:03.300,2026/07/24 16:42:03.326,0,GPU-e2681f6e-8d94-2d66-484f-43ea602335f9,387.85,1410,1593,100,17,73511,65
2026/07/24 16:42:03.313,2026/07/24 16:42:03.300,2026/07/24 16:42:03.326,1,GPU-713d5b24-2a1e-fd4a-7685-c3d195ff9230,84.65,1410,1593,0,0,73511,37
2026/07/24 16:42:03.564,2026/07/24 16:42:03.550,2026/07/24 16:42:03.579,0,GPU-e2681f6e-8d94-2d66-484f-43ea602335f9,101.96,1410,1593,17,3,73511,55
2026/07/24 16:42:03.564,2026/07/24 16:42:03.550,2026/07/24 16:42:03.579,1,GPU-713d5b24-2a1e-fd4a-7685-c3d195ff9230,239.87,1410,1593,18,0,73511,41
2026/07/24 16:42:03.813,2026/07/24 16:42:03.800,2026/07/24 16:42:03.826,0,GPU-e2681f6e-8d94-2d66-484f-43ea602335f9,97.52,1410,1593,0,0,73511,53
2026/07/24 16:42:03.813,2026/07/24 16:42:03.800,2026/07/24 16:42:03.826,1,GPU-713d5b24-2a1e-fd4a-7685-c3d195ff9230,243.18,1410,1593,99,52,73511,40
2026/07/24 16:42:04.061,2026/07/24 16:42:04.050,2026/07/24 16:42:04.073,0,GPU-e2681f6e-8d94-2d66-484f-43ea602335f9,95.90,1410,1593,0,0,73511,52
2026/07/24 16:42:04.061,2026/07/24 16:42:04.050,2026/07/24 16:42:04.073,1,GPU-713d5b24-2a1e-fd4a-7685-c3d195ff9230,84.65,1410,1593,0,0,73511,38
2026/07/24 16:42:04.321,2026/07/24 16:42:04.300,2026/07/24 16:42:04.341,0,GPU-e2681f6e-8d94-2d66-484f-43ea602335f9,95.30,1410,1593,0,0,73511,51
2026/07/24 16:42:04.321,2026/07/24 16:42:04.300,2026/07/24 16:42:04.341,1,GPU-713d5b24-2a1e-fd4a-7685-c3d195ff9230,84.65,1410,1593,0,0,73511,38
2026/07/24 16:42:04.563,2026/07/24 16:42:04.550,2026/07/24 16:42:04.577,0,GPU-e2681f6e-8d94-2d66-484f-43ea602335f9,94.98,1410,1593,0,0,73511,50
2026/07/24 16:42:04.563,2026/07/24 16:42:04.550,2026/07/24 16:42:04.577,1,GPU-713d5b24-2a1e-fd4a-7685-c3d195ff9230,84.38,1410,1593,0,0,73511,37
2026/07/24 16:42:04.814,2026/07/24 16:42:04.800,2026/07/24 16:42:04.828,0,GPU-e2681f6e-8d94-2d66-484f-43ea602335f9,94.71,1410,1593,0,0,73511,50
2026/07/24 16:42:04.814,2026/07/24 16:42:04.800,2026/07/24 16:42:04.828,1,GPU-713d5b24-2a1e-fd4a-7685-c3d195ff9230,84.38,1410,1593,0,0,73511,37
2026/07/24 16:42:05.062,2026/07/24 16:42:05.050,2026/07/24 16:42:05.074,0,GPU-e2681f6e-8d94-2d66-484f-43ea602335f9,94.38,1410,1593,0,0,73511,50
2026/07/24 16:42:05.062,2026/07/24 16:42:05.050,2026/07/24 16:42:05.074,1,GPU-713d5b24-2a1e-fd4a-7685-c3d195ff9230,84.38,1410,1593,0,0,73511,37
2026/07/24 16:42:05.313,2026/07/24 16:42:05.300,2026/07/24 16:42:05.326,0,GPU-e2681f6e-8d94-2d66-484f-43ea602335f9,94.38,1410,1593,0,0,73511,50
2026/07/24 16:42:05.313,2026/07/24 16:42:05.300,2026/07/24 16:42:05.326,1,GPU-713d5b24-2a1e-fd4a-7685-c3d195ff9230,84.38,1410,1593,0,0,73511,37
2026/07/24 16:42:05.564,2026/07/24 16:42:05.550,2026/07/24 16:42:05.577,0,GPU-e2681f6e-8d94-2d66-484f-43ea602335f9,94.11,1410,1593,0,0,73511,49
2026/07/24 16:42:05.564,2026/07/24 16:42:05.550,2026/07/24 16:42:05.577,1,GPU-713d5b24-2a1e-fd4a-7685-c3d195ff9230,84.38,1410,1593,0,0,73511,37
2026/07/24 16:42:05.813,2026/07/24 16:42:05.800,2026/07/24 16:42:05.827,0,GPU-e2681f6e-8d94-2d66-484f-43ea602335f9,94.11,1410,1593,0,0,73511,49
2026/07/24 16:42:05.813,2026/07/24 16:42:05.800,2026/07/24 16:42:05.827,1,GPU-713d5b24-2a1e-fd4a-7685-c3d195ff9230,84.38,1410,1593,0,0,73511,37
2026/07/24 16:42:06.062,2026/07/24 16:42:06.051,2026/07/24 16:42:06.074,0,GPU-e2681f6e-8d94-2d66-484f-43ea602335f9,93.78,1410,1593,0,0,73511,49
2026/07/24 16:42:06.062,2026/07/24 16:42:06.051,2026/07/24 16:42:06.074,1,GPU-713d5b24-2a1e-fd4a-7685-c3d195ff9230,84.38,1410,1593,0,0,73511,37
2026/07/24 16:42:06.313,2026/07/24 16:42:06.301,2026/07/24 16:42:06.325,0,GPU-e2681f6e-8d94-2d66-484f-43ea602335f9,93.51,1410,1593,0,0,73511,49
2026/07/24 16:42:06.313,2026/07/24 16:42:06.301,2026/07/24 16:42:06.325,1,GPU-713d5b24-2a1e-fd4a-7685-c3d195ff9230,84.05,1410,1593,0,0,73511,37
2026/07/24 16:42:06.564,2026/07/24 16:42:06.551,2026/07/24 16:42:06.577,0,GPU-e2681f6e-8d94-2d66-484f-43ea602335f9,93.51,1410,1593,0,0,73511,49
2026/07/24 16:42:06.564,2026/07/24 16:42:06.551,2026/07/24 16:42:06.577,1,GPU-713d5b24-2a1e-fd4a-7685-c3d195ff9230,84.38,1410,1593,0,0,73511,37
2026/07/24 16:42:06.813,2026/07/24 16:42:06.801,2026/07/24 16:42:06.826,0,GPU-e2681f6e-8d94-2d66-484f-43ea602335f9,93.51,1410,1593,0,0,73511,48
2026/07/24 16:42:06.813,2026/07/24 16:42:06.801,2026/07/24 16:42:06.826,1,GPU-713d5b24-2a1e-fd4a-7685-c3d195ff9230,84.38,1410,1593,0,0,73511,37
2026/07/24 16:42:07.063,2026/07/24 16:42:07.051,2026/07/24 16:42:07.076,0,GPU-e2681f6e-8d94-2d66-484f-43ea602335f9,93.78,1410,1593,0,0,73511,48
2026/07/24 16:42:07.063,2026/07/24 16:42:07.051,2026/07/24 16:42:07.076,1,GPU-713d5b24-2a1e-fd4a-7685-c3d195ff9230,84.46,1410,1593,0,0,73511,37
2026/07/24 16:42:07.313,2026/07/24 16:42:07.301,2026/07/24 16:42:07.326,0,GPU-e2681f6e-8d94-2d66-484f-43ea602335f9,93.78,1410,1593,0,0,73511,48
2026/07/24 16:42:07.313,2026/07/24 16:42:07.301,2026/07/24 16:42:07.326,1,GPU-713d5b24-2a1e-fd4a-7685-c3d195ff9230,84.05,1410,1593,0,0,73511,37
2026/07/24 16:42:07.564,2026/07/24 16:42:07.551,2026/07/24 16:42:07.577,0,GPU-e2681f6e-8d94-2d66-484f-43ea602335f9,93.19,1410,1593,0,0,73511,48
2026/07/24 16:42:07.564,2026/07/24 16:42:07.551,2026/07/24 16:42:07.577,1,GPU-713d5b24-2a1e-fd4a-7685-c3d195ff9230,84.05,1410,1593,0,0,73511,37
2026/07/24 16:42:07.814,2026/07/24 16:42:07.801,2026/07/24 16:42:07.826,0,GPU-e2681f6e-8d94-2d66-484f-43ea602335f9,93.19,1410,1593,0,0,73511,48
2026/07/24 16:42:07.814,2026/07/24 16:42:07.801,2026/07/24 16:42:07.826,1,GPU-713d5b24-2a1e-fd4a-7685-c3d195ff9230,84.05,1410,1593,0,0,73511,37
2026/07/24 16:42:08.062,2026/07/24 16:42:08.051,2026/07/24 16:42:08.073,0,GPU-e2681f6e-8d94-2d66-484f-43ea602335f9,92.92,1410,1593,0,0,73511,48
2026/07/24 16:42:08.062,2026/07/24 16:42:08.051,2026/07/24 16:42:08.073,1,GPU-713d5b24-2a1e-fd4a-7685-c3d195ff9230,84.14,1410,1593,0,0,73511,37
2026/07/24 16:42:08.314,2026/07/24 16:42:08.301,2026/07/24 16:42:08.328,0,GPU-e2681f6e-8d94-2d66-484f-43ea602335f9,385.15,1410,1593,0,0,73511,48
2026/07/24 16:42:08.314,2026/07/24 16:42:08.301,2026/07/24 16:42:08.328,1,GPU-713d5b24-2a1e-fd4a-7685-c3d195ff9230,84.05,1410,1593,0,0,73511,37
2026/07/24 16:42:08.566,2026/07/24 16:42:08.551,2026/07/24 16:42:08.580,0,GPU-e2681f6e-8d94-2d66-484f-43ea602335f9,392.94,1410,1593,100,16,73511,61
2026/07/24 16:42:08.566,2026/07/24 16:42:08.551,2026/07/24 16:42:08.580,1,GPU-713d5b24-2a1e-fd4a-7685-c3d195ff9230,84.05,1410,1593,0,0,73511,36
2026/07/24 16:42:08.813,2026/07/24 16:42:08.801,2026/07/24 16:42:08.826,0,GPU-e2681f6e-8d94-2d66-484f-43ea602335f9,376.70,1410,1593,100,13,73511,63
2026/07/24 16:42:08.813,2026/07/24 16:42:08.801,2026/07/24 16:42:08.826,1,GPU-713d5b24-2a1e-fd4a-7685-c3d195ff9230,84.05,1410,1593,0,0,73511,36
2026/07/24 16:42:09.065,2026/07/24 16:42:09.051,2026/07/24 16:42:09.079,0,GPU-e2681f6e-8d94-2d66-484f-43ea602335f9,98.93,1410,1593,61,9,73511,56
2026/07/24 16:42:09.065,2026/07/24 16:42:09.051,2026/07/24 16:42:09.079,1,GPU-713d5b24-2a1e-fd4a-7685-c3d195ff9230,238.96,1410,1593,66,23,73511,38
2026/07/24 16:42:09.314,2026/07/24 16:42:09.301,2026/07/24 16:42:09.326,0,GPU-e2681f6e-8d94-2d66-484f-43ea602335f9,95.90,1410,1593,0,0,73511,51
2026/07/24 16:42:09.314,2026/07/24 16:42:09.301,2026/07/24 16:42:09.326,1,GPU-713d5b24-2a1e-fd4a-7685-c3d195ff9230,98.83,1410,1593,73,38,73511,39
2026/07/24 16:42:09.566,2026/07/24 16:42:09.551,2026/07/24 16:42:09.580,0,GPU-e2681f6e-8d94-2d66-484f-43ea602335f9,94.38,1410,1593,0,0,73511,50
2026/07/24 16:42:09.566,2026/07/24 16:42:09.551,2026/07/24 16:42:09.580,1,GPU-713d5b24-2a1e-fd4a-7685-c3d195ff9230,84.38,1410,1593,0,0,73511,37
2026/07/24 16:42:09.813,2026/07/24 16:42:09.801,2026/07/24 16:42:09.825,0,GPU-e2681f6e-8d94-2d66-484f-43ea602335f9,94.11,1410,1593,0,0,73511,49
2026/07/24 16:42:09.813,2026/07/24 16:42:09.801,2026/07/24 16:42:09.825,1,GPU-713d5b24-2a1e-fd4a-7685-c3d195ff9230,84.38,1410,1593,0,0,73511,37
2026/07/24 16:42:10.064,2026/07/24 16:42:10.052,2026/07/24 16:42:10.076,0,GPU-e2681f6e-8d94-2d66-484f-43ea602335f9,93.78,1410,1593,0,0,73511,48
2026/07/24 16:42:10.064,2026/07/24 16:42:10.052,2026/07/24 16:42:10.076,1,GPU-713d5b24-2a1e-fd4a-7685-c3d195ff9230,84.38,1410,1593,0,0,73511,37
2026/07/24 16:42:10.312,2026/07/24 16:42:10.302,2026/07/24 16:42:10.323,0,GPU-e2681f6e-8d94-2d66-484f-43ea602335f9,93.19,1410,1593,0,0,73511,48
2026/07/24 16:42:10.312,2026/07/24 16:42:10.302,2026/07/24 16:42:10.323,1,GPU-713d5b24-2a1e-fd4a-7685-c3d195ff9230,84.38,1410,1593,0,0,73511,37
2026/07/24 16:42:10.563,2026/07/24 16:42:10.552,2026/07/24 16:42:10.574,0,GPU-e2681f6e-8d94-2d66-484f-43ea602335f9,93.19,1410,1593,0,0,73511,48
2026/07/24 16:42:10.563,2026/07/24 16:42:10.552,2026/07/24 16:42:10.574,1,GPU-713d5b24-2a1e-fd4a-7685-c3d195ff9230,84.05,1410,1593,0,0,73511,37
2026/07/24 16:42:10.816,2026/07/24 16:42:10.802,2026/07/24 16:42:10.830,0,GPU-e2681f6e-8d94-2d66-484f-43ea602335f9,92.92,1410,1593,0,0,73511,48
2026/07/24 16:42:10.816,2026/07/24 16:42:10.802,2026/07/24 16:42:10.830,1,GPU-713d5b24-2a1e-fd4a-7685-c3d195ff9230,84.05,1410,1593,0,0,73511,36
2026/07/24 16:42:11.065,2026/07/24 16:42:11.052,2026/07/24 16:42:11.079,0,GPU-e2681f6e-8d94-2d66-484f-43ea602335f9,389.04,1410,1593,0,0,73511,56
2026/07/24 16:42:11.065,2026/07/24 16:42:11.052,2026/07/24 16:42:11.079,1,GPU-713d5b24-2a1e-fd4a-7685-c3d195ff9230,84.05,1410,1593,0,0,73511,36
2026/07/24 16:42:11.314,2026/07/24 16:42:11.302,2026/07/24 16:42:11.327,0,GPU-e2681f6e-8d94-2d66-484f-43ea602335f9,383.90,1410,1593,100,16,73511,63
2026/07/24 16:42:11.314,2026/07/24 16:42:11.302,2026/07/24 16:42:11.327,1,GPU-713d5b24-2a1e-fd4a-7685-c3d195ff9230,84.05,1410,1593,0,0,73511,36
2026/07/24 16:42:11.564,2026/07/24 16:42:11.552,2026/07/24 16:42:11.576,0,GPU-e2681f6e-8d94-2d66-484f-43ea602335f9,386.93,1410,1593,100,13,73511,64
2026/07/24 16:42:11.564,2026/07/24 16:42:11.552,2026/07/24 16:42:11.576,1,GPU-713d5b24-2a1e-fd4a-7685-c3d195ff9230,84.05,1410,1593,0,0,73511,36
2026/07/24 16:42:11.820,2026/07/24 16:42:11.802,2026/07/24 16:42:11.837,0,GPU-e2681f6e-8d94-2d66-484f-43ea602335f9,102.24,1410,1593,20,2,73511,57
2026/07/24 16:42:11.820,2026/07/24 16:42:11.802,2026/07/24 16:42:11.837,1,GPU-713d5b24-2a1e-fd4a-7685-c3d195ff9230,231.70,1410,1593,6,0,73511,38
2026/07/24 16:42:12.067,2026/07/24 16:42:12.052,2026/07/24 16:42:12.081,0,GPU-e2681f6e-8d94-2d66-484f-43ea602335f9,95.90,1410,1593,0,0,73511,51
2026/07/24 16:42:12.067,2026/07/24 16:42:12.052,2026/07/24 16:42:12.081,1,GPU-713d5b24-2a1e-fd4a-7685-c3d195ff9230,240.15,1410,1593,97,41,73511,39
2026/07/24 16:42:12.316,2026/07/24 16:42:12.302,2026/07/24 16:42:12.330,0,GPU-e2681f6e-8d94-2d66-484f-43ea602335f9,94.98,1410,1593,0,0,73511,50
2026/07/24 16:42:12.316,2026/07/24 16:42:12.302,2026/07/24 16:42:12.330,1,GPU-713d5b24-2a1e-fd4a-7685-c3d195ff9230,84.97,1410,1593,69,36,73511,38
2026/07/24 16:42:12.565,2026/07/24 16:42:12.552,2026/07/24 16:42:12.579,0,GPU-e2681f6e-8d94-2d66-484f-43ea602335f9,93.78,1410,1593,0,0,73511,49
2026/07/24 16:42:12.565,2026/07/24 16:42:12.552,2026/07/24 16:42:12.579,1,GPU-713d5b24-2a1e-fd4a-7685-c3d195ff9230,84.65,1410,1593,0,0,73511,37
2026/07/24 16:42:12.815,2026/07/24 16:42:12.802,2026/07/24 16:42:12.827,0,GPU-e2681f6e-8d94-2d66-484f-43ea602335f9,93.51,1410,1593,0,0,73511,48
2026/07/24 16:42:12.815,2026/07/24 16:42:12.802,2026/07/24 16:42:12.827,1,GPU-713d5b24-2a1e-fd4a-7685-c3d195ff9230,84.65,1410,1593,0,0,73511,37
2026/07/24 16:42:13.066,2026/07/24 16:42:13.052,2026/07/24 16:42:13.080,0,GPU-e2681f6e-8d94-2d66-484f-43ea602335f9,93.19,1410,1593,0,0,73511,48
2026/07/24 16:42:13.066,2026/07/24 16:42:13.052,2026/07/24 16:42:13.080,1,GPU-713d5b24-2a1e-fd4a-7685-c3d195ff9230,84.05,1410,1593,0,0,73511,37
2026/07/24 16:42:13.316,2026/07/24 16:42:13.303,2026/07/24 16:42:13.329,0,GPU-e2681f6e-8d94-2d66-484f-43ea602335f9,92.92,1410,1593,0,0,73511,48
2026/07/24 16:42:13.316,2026/07/24 16:42:13.303,2026/07/24 16:42:13.329,1,GPU-713d5b24-2a1e-fd4a-7685-c3d195ff9230,84.05,1410,1593,0,0,73511,36
2026/07/24 16:42:13.579,2026/07/24 16:42:13.553,2026/07/24 16:42:13.605,0,GPU-e2681f6e-8d94-2d66-484f-43ea602335f9,96.22,1410,1593,0,0,73511,48
2026/07/24 16:42:13.579,2026/07/24 16:42:13.553,2026/07/24 16:42:13.605,1,GPU-713d5b24-2a1e-fd4a-7685-c3d195ff9230,87.08,1410,1593,0,0,73511,37
2026/07/24 16:42:13.817,2026/07/24 16:42:13.803,2026/07/24 16:42:13.831,0,GPU-e2681f6e-8d94-2d66-484f-43ea602335f9,92.92,1410,1593,0,0,73511,47
2026/07/24 16:42:13.817,2026/07/24 16:42:13.803,2026/07/24 16:42:13.831,1,GPU-713d5b24-2a1e-fd4a-7685-c3d195ff9230,84.05,1410,1593,0,0,73511,36
2026/07/24 16:42:14.067,2026/07/24 16:42:14.053,2026/07/24 16:42:14.081,0,GPU-e2681f6e-8d94-2d66-484f-43ea602335f9,92.59,1410,1593,0,0,73511,47
2026/07/24 16:42:14.067,2026/07/24 16:42:14.053,2026/07/24 16:42:14.081,1,GPU-713d5b24-2a1e-fd4a-7685-c3d195ff9230,84.05,1410,1593,0,0,73511,36
2026/07/24 16:42:14.316,2026/07/24 16:42:14.303,2026/07/24 16:42:14.330,0,GPU-e2681f6e-8d94-2d66-484f-43ea602335f9,92.59,1410,1593,0,0,73511,47
2026/07/24 16:42:14.316,2026/07/24 16:42:14.303,2026/07/24 16:42:14.330,1,GPU-713d5b24-2a1e-fd4a-7685-c3d195ff9230,84.05,1410,1593,0,0,73511,36
2026/07/24 16:42:14.567,2026/07/24 16:42:14.553,2026/07/24 16:42:14.581,0,GPU-e2681f6e-8d94-2d66-484f-43ea602335f9,92.59,1410,1593,0,0,73511,47
2026/07/24 16:42:14.567,2026/07/24 16:42:14.553,2026/07/24 16:42:14.581,1,GPU-713d5b24-2a1e-fd4a-7685-c3d195ff9230,84.05,1410,1593,0,0,73511,36
2026/07/24 16:42:14.817,2026/07/24 16:42:14.803,2026/07/24 16:42:14.832,0,GPU-e2681f6e-8d94-2d66-484f-43ea602335f9,92.27,1410,1593,0,0,73511,47
2026/07/24 16:42:14.817,2026/07/24 16:42:14.803,2026/07/24 16:42:14.832,1,GPU-713d5b24-2a1e-fd4a-7685-c3d195ff9230,84.14,1410,1593,0,0,73511,36
2026/07/24 16:42:15.067,2026/07/24 16:42:15.053,2026/07/24 16:42:15.081,0,GPU-e2681f6e-8d94-2d66-484f-43ea602335f9,92.59,1410,1593,0,0,73511,47
2026/07/24 16:42:15.067,2026/07/24 16:42:15.053,2026/07/24 16:42:15.081,1,GPU-713d5b24-2a1e-fd4a-7685-c3d195ff9230,84.05,1410,1593,0,0,73511,36
2026/07/24 16:42:15.318,2026/07/24 16:42:15.303,2026/07/24 16:42:15.332,0,GPU-e2681f6e-8d94-2d66-484f-43ea602335f9,92.27,1410,1593,0,0,73511,47
2026/07/24 16:42:15.318,2026/07/24 16:42:15.303,2026/07/24 16:42:15.332,1,GPU-713d5b24-2a1e-fd4a-7685-c3d195ff9230,84.05,1410,1593,0,0,73511,36
2026/07/24 16:42:15.568,2026/07/24 16:42:15.553,2026/07/24 16:42:15.582,0,GPU-e2681f6e-8d94-2d66-484f-43ea602335f9,92.27,1410,1593,0,0,73511,47
2026/07/24 16:42:15.568,2026/07/24 16:42:15.553,2026/07/24 16:42:15.582,1,GPU-713d5b24-2a1e-fd4a-7685-c3d195ff9230,84.05,1410,1593,0,0,73511,36
2026/07/24 16:42:15.817,2026/07/24 16:42:15.804,2026/07/24 16:42:15.831,0,GPU-e2681f6e-8d94-2d66-484f-43ea602335f9,92.00,1410,1593,0,0,73511,46
2026/07/24 16:42:15.817,2026/07/24 16:42:15.804,2026/07/24 16:42:15.831,1,GPU-713d5b24-2a1e-fd4a-7685-c3d195ff9230,84.05,1410,1593,0,0,73511,36
2026/07/24 16:42:16.109,2026/07/24 16:42:16.054,2026/07/24 16:42:16.165,0,GPU-e2681f6e-8d94-2d66-484f-43ea602335f9,92.00,1410,1593,0,0,73511,46
2026/07/24 16:42:16.109,2026/07/24 16:42:16.054,2026/07/24 16:42:16.165,1,GPU-713d5b24-2a1e-fd4a-7685-c3d195ff9230,84.14,1410,1593,0,0,73511,36
2026/07/24 16:42:16.317,2026/07/24 16:42:16.304,2026/07/24 16:42:16.330,0,GPU-e2681f6e-8d94-2d66-484f-43ea602335f9,100.12,1410,1593,0,0,73511,46
2026/07/24 16:42:16.317,2026/07/24 16:42:16.304,2026/07/24 16:42:16.330,1,GPU-713d5b24-2a1e-fd4a-7685-c3d195ff9230,84.05,1410,1593,0,0,73511,36
2026/07/24 16:42:16.568,2026/07/24 16:42:16.554,2026/07/24 16:42:16.583,0,GPU-e2681f6e-8d94-2d66-484f-43ea602335f9,92.00,1410,1593,0,0,73511,46
2026/07/24 16:42:16.568,2026/07/24 16:42:16.554,2026/07/24 16:42:16.583,1,GPU-713d5b24-2a1e-fd4a-7685-c3d195ff9230,84.05,1410,1593,0,0,73511,36
2026/07/24 16:42:16.819,2026/07/24 16:42:16.804,2026/07/24 16:42:16.835,0,GPU-e2681f6e-8d94-2d66-484f-43ea602335f9,92.00,1410,1593,0,0,73511,46
2026/07/24 16:42:16.819,2026/07/24 16:42:16.804,2026/07/24 16:42:16.835,1,GPU-713d5b24-2a1e-fd4a-7685-c3d195ff9230,84.05,1410,1593,0,0,73511,36
2026/07/24 16:42:17.067,2026/07/24 16:42:17.054,2026/07/24 16:42:17.081,0,GPU-e2681f6e-8d94-2d66-484f-43ea602335f9,92.00,1410,1593,0,0,73511,46
2026/07/24 16:42:17.067,2026/07/24 16:42:17.054,2026/07/24 16:42:17.081,1,GPU-713d5b24-2a1e-fd4a-7685-c3d195ff9230,84.05,1410,1593,0,0,73511,36
2026/07/24 16:42:17.316,2026/07/24 16:42:17.304,2026/07/24 16:42:17.329,0,GPU-e2681f6e-8d94-2d66-484f-43ea602335f9,92.00,1410,1593,0,0,73511,46
2026/07/24 16:42:17.316,2026/07/24 16:42:17.304,2026/07/24 16:42:17.329,1,GPU-713d5b24-2a1e-fd4a-7685-c3d195ff9230,84.05,1410,1593,0,0,73511,36
2026/07/24 16:42:17.568,2026/07/24 16:42:17.554,2026/07/24 16:42:17.583,0,GPU-e2681f6e-8d94-2d66-484f-43ea602335f9,91.68,1410,1593,0,0,73511,46
2026/07/24 16:42:17.568,2026/07/24 16:42:17.554,2026/07/24 16:42:17.583,1,GPU-713d5b24-2a1e-fd4a-7685-c3d195ff9230,84.05,1410,1593,0,0,73511,36
2026/07/24 16:42:17.818,2026/07/24 16:42:17.804,2026/07/24 16:42:17.832,0,GPU-e2681f6e-8d94-2d66-484f-43ea602335f9,91.68,1410,1593,0,0,73511,46
2026/07/24 16:42:17.818,2026/07/24 16:42:17.804,2026/07/24 16:42:17.832,1,GPU-713d5b24-2a1e-fd4a-7685-c3d195ff9230,84.05,1410,1593,0,0,73511,36
2026/07/24 16:42:18.068,2026/07/24 16:42:18.054,2026/07/24 16:42:18.081,0,GPU-e2681f6e-8d94-2d66-484f-43ea602335f9,91.68,1410,1593,0,0,73511,46
2026/07/24 16:42:18.068,2026/07/24 16:42:18.054,2026/07/24 16:42:18.081,1,GPU-713d5b24-2a1e-fd4a-7685-c3d195ff9230,83.73,1410,1593,0,0,73511,36
2026/07/24 16:42:18.317,2026/07/24 16:42:18.305,2026/07/24 16:42:18.329,0,GPU-e2681f6e-8d94-2d66-484f-43ea602335f9,91.68,1410,1593,0,0,73511,46
2026/07/24 16:42:18.317,2026/07/24 16:42:18.305,2026/07/24 16:42:18.329,1,GPU-713d5b24-2a1e-fd4a-7685-c3d195ff9230,83.73,1410,1593,0,0,73511,36
2026/07/24 16:42:18.568,2026/07/24 16:42:18.555,2026/07/24 16:42:18.582,0,GPU-e2681f6e-8d94-2d66-484f-43ea602335f9,91.68,1410,1593,0,0,73511,46
2026/07/24 16:42:18.568,2026/07/24 16:42:18.555,2026/07/24 16:42:18.582,1,GPU-713d5b24-2a1e-fd4a-7685-c3d195ff9230,84.38,1410,1593,0,0,73511,36
2026/07/24 16:42:18.818,2026/07/24 16:42:18.805,2026/07/24 16:42:18.831,0,GPU-e2681f6e-8d94-2d66-484f-43ea602335f9,91.68,1410,1593,0,0,73511,46
2026/07/24 16:42:18.818,2026/07/24 16:42:18.805,2026/07/24 16:42:18.831,1,GPU-713d5b24-2a1e-fd4a-7685-c3d195ff9230,84.14,1410,1593,0,0,73511,36
2026/07/24 16:42:19.067,2026/07/24 16:42:19.055,2026/07/24 16:42:19.080,0,GPU-e2681f6e-8d94-2d66-484f-43ea602335f9,91.68,1410,1593,0,0,73511,45
2026/07/24 16:42:19.067,2026/07/24 16:42:19.055,2026/07/24 16:42:19.080,1,GPU-713d5b24-2a1e-fd4a-7685-c3d195ff9230,84.05,1410,1593,0,0,73511,36
2026/07/24 16:42:19.317,2026/07/24 16:42:19.305,2026/07/24 16:42:19.329,0,GPU-e2681f6e-8d94-2d66-484f-43ea602335f9,91.40,1410,1593,0,0,73511,45
2026/07/24 16:42:19.317,2026/07/24 16:42:19.305,2026/07/24 16:42:19.329,1,GPU-713d5b24-2a1e-fd4a-7685-c3d195ff9230,83.73,1410,1593,0,0,73511,36
2026/07/24 16:42:19.572,2026/07/24 16:42:19.555,2026/07/24 16:42:19.589,0,GPU-e2681f6e-8d94-2d66-484f-43ea602335f9,91.40,1410,1593,0,0,73511,45
2026/07/24 16:42:19.572,2026/07/24 16:42:19.555,2026/07/24 16:42:19.589,1,GPU-713d5b24-2a1e-fd4a-7685-c3d195ff9230,83.73,1410,1593,0,0,73511,36
2026/07/24 16:42:19.819,2026/07/24 16:42:19.805,2026/07/24 16:42:19.833,0,GPU-e2681f6e-8d94-2d66-484f-43ea602335f9,91.68,1410,1593,0,0,73511,45
2026/07/24 16:42:19.819,2026/07/24 16:42:19.805,2026/07/24 16:42:19.833,1,GPU-713d5b24-2a1e-fd4a-7685-c3d195ff9230,83.73,1410,1593,0,0,73511,36
2026/07/24 16:42:20.068,2026/07/24 16:42:20.055,2026/07/24 16:42:20.081,0,GPU-e2681f6e-8d94-2d66-484f-43ea602335f9,91.40,1410,1593,0,0,73511,45
2026/07/24 16:42:20.068,2026/07/24 16:42:20.055,2026/07/24 16:42:20.081,1,GPU-713d5b24-2a1e-fd4a-7685-c3d195ff9230,83.73,1410,1593,0,0,73511,36
2026/07/24 16:42:20.317,2026/07/24 16:42:20.305,2026/07/24 16:42:20.329,0,GPU-e2681f6e-8d94-2d66-484f-43ea602335f9,91.40,1410,1593,0,0,73511,45
2026/07/24 16:42:20.317,2026/07/24 16:42:20.305,2026/07/24 16:42:20.329,1,GPU-713d5b24-2a1e-fd4a-7685-c3d195ff9230,83.82,1410,1593,0,0,73511,36
2026/07/24 16:42:20.568,2026/07/24 16:42:20.555,2026/07/24 16:42:20.580,0,GPU-e2681f6e-8d94-2d66-484f-43ea602335f9,91.40,1410,1593,0,0,73511,45
2026/07/24 16:42:20.568,2026/07/24 16:42:20.555,2026/07/24 16:42:20.580,1,GPU-713d5b24-2a1e-fd4a-7685-c3d195ff9230,83.73,1410,1593,0,0,73511,36
2026/07/24 16:42:20.820,2026/07/24 16:42:20.806,2026/07/24 16:42:20.835,0,GPU-e2681f6e-8d94-2d66-484f-43ea602335f9,91.40,1410,1593,0,0,73511,45
2026/07/24 16:42:20.820,2026/07/24 16:42:20.806,2026/07/24 16:42:20.835,1,GPU-713d5b24-2a1e-fd4a-7685-c3d195ff9230,83.73,1410,1593,0,0,73511,36
2026/07/24 16:42:21.069,2026/07/24 16:42:21.056,2026/07/24 16:42:21.083,0,GPU-e2681f6e-8d94-2d66-484f-43ea602335f9,91.07,1410,1593,0,0,73511,45
2026/07/24 16:42:21.069,2026/07/24 16:42:21.056,2026/07/24 16:42:21.083,1,GPU-713d5b24-2a1e-fd4a-7685-c3d195ff9230,83.82,1410,1593,0,0,73511,36
2026/07/24 16:42:21.318,2026/07/24 16:42:21.306,2026/07/24 16:42:21.330,0,GPU-e2681f6e-8d94-2d66-484f-43ea602335f9,91.07,1410,1593,0,0,73511,45
2026/07/24 16:42:21.318,2026/07/24 16:42:21.306,2026/07/24 16:42:21.330,1,GPU-713d5b24-2a1e-fd4a-7685-c3d195ff9230,83.73,1410,1593,0,0,73511,36
2026/07/24 16:42:21.568,2026/07/24 16:42:21.556,2026/07/24 16:42:21.581,0,GPU-e2681f6e-8d94-2d66-484f-43ea602335f9,91.07,1410,1593,0,0,73511,45
2026/07/24 16:42:21.568,2026/07/24 16:42:21.556,2026/07/24 16:42:21.581,1,GPU-713d5b24-2a1e-fd4a-7685-c3d195ff9230,84.05,1410,1593,0,0,73511,36
2026/07/24 16:42:21.822,2026/07/24 16:42:21.806,2026/07/24 16:42:21.838,0,GPU-e2681f6e-8d94-2d66-484f-43ea602335f9,91.40,1410,1593,0,0,73511,45
2026/07/24 16:42:21.822,2026/07/24 16:42:21.806,2026/07/24 16:42:21.838,1,GPU-713d5b24-2a1e-fd4a-7685-c3d195ff9230,83.73,1410,1593,0,0,73511,36
2026/07/24 16:42:22.071,2026/07/24 16:42:22.056,2026/07/24 16:42:22.086,0,GPU-e2681f6e-8d94-2d66-484f-43ea602335f9,91.07,1410,1593,0,0,73511,45
2026/07/24 16:42:22.071,2026/07/24 16:42:22.056,2026/07/24 16:42:22.086,1,GPU-713d5b24-2a1e-fd4a-7685-c3d195ff9230,83.73,1410,1593,0,0,73511,36
2026/07/24 16:42:22.321,2026/07/24 16:42:22.306,2026/07/24 16:42:22.335,0,GPU-e2681f6e-8d94-2d66-484f-43ea602335f9,91.07,1410,1593,0,0,73511,45
2026/07/24 16:42:22.321,2026/07/24 16:42:22.306,2026/07/24 16:42:22.335,1,GPU-713d5b24-2a1e-fd4a-7685-c3d195ff9230,83.73,1410,1593,0,0,73511,36
2026/07/24 16:42:22.572,2026/07/24 16:42:22.556,2026/07/24 16:42:22.587,0,GPU-e2681f6e-8d94-2d66-484f-43ea602335f9,91.07,1410,1593,0,0,73511,45
2026/07/24 16:42:22.572,2026/07/24 16:42:22.556,2026/07/24 16:42:22.587,1,GPU-713d5b24-2a1e-fd4a-7685-c3d195ff9230,83.73,1410,1593,0,0,73511,36
2026/07/24 16:42:22.822,2026/07/24 16:42:22.806,2026/07/24 16:42:22.837,0,GPU-e2681f6e-8d94-2d66-484f-43ea602335f9,91.07,1410,1593,0,0,73511,45
2026/07/24 16:42:22.822,2026/07/24 16:42:22.806,2026/07/24 16:42:22.837,1,GPU-713d5b24-2a1e-fd4a-7685-c3d195ff9230,83.73,1410,1593,0,0,73511,36
2026/07/24 16:42:23.072,2026/07/24 16:42:23.056,2026/07/24 16:42:23.088,0,GPU-e2681f6e-8d94-2d66-484f-43ea602335f9,91.07,1410,1593,0,0,73511,45
2026/07/24 16:42:23.072,2026/07/24 16:42:23.056,2026/07/24 16:42:23.088,1,GPU-713d5b24-2a1e-fd4a-7685-c3d195ff9230,83.73,1410,1593,0,0,73511,36
2026/07/24 16:42:23.321,2026/07/24 16:42:23.307,2026/07/24 16:42:23.335,0,GPU-e2681f6e-8d94-2d66-484f-43ea602335f9,91.07,1410,1593,0,0,73511,45
2026/07/24 16:42:23.321,2026/07/24 16:42:23.307,2026/07/24 16:42:23.335,1,GPU-713d5b24-2a1e-fd4a-7685-c3d195ff9230,83.46,1410,1593,0,0,73511,36
2026/07/24 16:42:23.572,2026/07/24 16:42:23.557,2026/07/24 16:42:23.587,0,GPU-e2681f6e-8d94-2d66-484f-43ea602335f9,90.81,1410,1593,0,0,73511,45
2026/07/24 16:42:23.572,2026/07/24 16:42:23.557,2026/07/24 16:42:23.587,1,GPU-713d5b24-2a1e-fd4a-7685-c3d195ff9230,83.46,1410,1593,0,0,73511,36
2026/07/24 16:42:23.822,2026/07/24 16:42:23.807,2026/07/24 16:42:23.838,0,GPU-e2681f6e-8d94-2d66-484f-43ea602335f9,90.81,1410,1593,0,0,73511,45
2026/07/24 16:42:23.822,2026/07/24 16:42:23.807,2026/07/24 16:42:23.838,1,GPU-713d5b24-2a1e-fd4a-7685-c3d195ff9230,83.46,1410,1593,0,0,73511,36
2026/07/24 16:42:24.073,2026/07/24 16:42:24.057,2026/07/24 16:42:24.088,0,GPU-e2681f6e-8d94-2d66-484f-43ea602335f9,91.07,1410,1593,0,0,73511,44
2026/07/24 16:42:24.073,2026/07/24 16:42:24.057,2026/07/24 16:42:24.088,1,GPU-713d5b24-2a1e-fd4a-7685-c3d195ff9230,83.46,1410,1593,0,0,73511,36
2026/07/24 16:42:24.321,2026/07/24 16:42:24.307,2026/07/24 16:42:24.336,0,GPU-e2681f6e-8d94-2d66-484f-43ea602335f9,90.81,1410,1593,0,0,73511,44
2026/07/24 16:42:24.321,2026/07/24 16:42:24.307,2026/07/24 16:42:24.336,1,GPU-713d5b24-2a1e-fd4a-7685-c3d195ff9230,83.73,1410,1593,0,0,73511,36
2026/07/24 16:42:24.572,2026/07/24 16:42:24.557,2026/07/24 16:42:24.586,0,GPU-e2681f6e-8d94-2d66-484f-43ea602335f9,91.07,1410,1593,0,0,73511,44
2026/07/24 16:42:24.572,2026/07/24 16:42:24.557,2026/07/24 16:42:24.586,1,GPU-713d5b24-2a1e-fd4a-7685-c3d195ff9230,83.46,1410,1593,0,0,73511,36
2026/07/24 16:42:24.824,2026/07/24 16:42:24.807,2026/07/24 16:42:24.840,0,GPU-e2681f6e-8d94-2d66-484f-43ea602335f9,90.81,1410,1593,0,0,73511,44
2026/07/24 16:42:24.824,2026/07/24 16:42:24.807,2026/07/24 16:42:24.840,1,GPU-713d5b24-2a1e-fd4a-7685-c3d195ff9230,83.73,1410,1593,0,0,73511,36
2026/07/24 16:42:25.088,2026/07/24 16:42:25.057,2026/07/24 16:42:25.119,0,GPU-e2681f6e-8d94-2d66-484f-43ea602335f9,91.07,1410,1593,0,0,73511,44
2026/07/24 16:42:25.088,2026/07/24 16:42:25.057,2026/07/24 16:42:25.119,1,GPU-713d5b24-2a1e-fd4a-7685-c3d195ff9230,83.46,1410,1593,0,0,73511,36
2026/07/24 16:42:25.322,2026/07/24 16:42:25.307,2026/07/24 16:42:25.337,0,GPU-e2681f6e-8d94-2d66-484f-43ea602335f9,90.16,1410,1593,0,0,73511,44
2026/07/24 16:42:25.322,2026/07/24 16:42:25.307,2026/07/24 16:42:25.337,1,GPU-713d5b24-2a1e-fd4a-7685-c3d195ff9230,83.46,1410,1593,0,0,73511,36
2026/07/24 16:42:25.572,2026/07/24 16:42:25.557,2026/07/24 16:42:25.587,0,GPU-e2681f6e-8d94-2d66-484f-43ea602335f9,90.48,1410,1593,0,0,73511,44
2026/07/24 16:42:25.572,2026/07/24 16:42:25.557,2026/07/24 16:42:25.587,1,GPU-713d5b24-2a1e-fd4a-7685-c3d195ff9230,83.14,1410,1593,0,0,73511,36
2026/07/24 16:42:25.822,2026/07/24 16:42:25.808,2026/07/24 16:42:25.837,0,GPU-e2681f6e-8d94-2d66-484f-43ea602335f9,90.16,1410,1593,0,0,73511,44
2026/07/24 16:42:25.822,2026/07/24 16:42:25.808,2026/07/24 16:42:25.837,1,GPU-713d5b24-2a1e-fd4a-7685-c3d195ff9230,83.46,1410,1593,0,0,73511,36
2026/07/24 16:42:26.073,2026/07/24 16:42:26.058,2026/07/24 16:42:26.088,0,GPU-e2681f6e-8d94-2d66-484f-43ea602335f9,90.16,1410,1593,0,0,73511,44
2026/07/24 16:42:26.073,2026/07/24 16:42:26.058,2026/07/24 16:42:26.088,1,GPU-713d5b24-2a1e-fd4a-7685-c3d195ff9230,83.14,1410,1593,0,0,73511,35
2026/07/24 16:42:26.324,2026/07/24 16:42:26.308,2026/07/24 16:42:26.341,0,GPU-e2681f6e-8d94-2d66-484f-43ea602335f9,90.16,1410,1593,0,0,73511,44
2026/07/24 16:42:26.324,2026/07/24 16:42:26.308,2026/07/24 16:42:26.341,1,GPU-713d5b24-2a1e-fd4a-7685-c3d195ff9230,83.22,1410,1593,0,0,73511,36
2026/07/24 16:42:26.573,2026/07/24 16:42:26.558,2026/07/24 16:42:26.588,0,GPU-e2681f6e-8d94-2d66-484f-43ea602335f9,90.16,1410,1593,0,0,73511,44
2026/07/24 16:42:26.573,2026/07/24 16:42:26.558,2026/07/24 16:42:26.588,1,GPU-713d5b24-2a1e-fd4a-7685-c3d195ff9230,83.46,1410,1593,0,0,73511,35
2026/07/24 16:42:26.822,2026/07/24 16:42:26.808,2026/07/24 16:42:26.836,0,GPU-e2681f6e-8d94-2d66-484f-43ea602335f9,90.16,1410,1593,0,0,73511,44
2026/07/24 16:42:26.822,2026/07/24 16:42:26.808,2026/07/24 16:42:26.836,1,GPU-713d5b24-2a1e-fd4a-7685-c3d195ff9230,83.55,1410,1593,0,0,73511,35
2026/07/24 16:42:27.073,2026/07/24 16:42:27.058,2026/07/24 16:42:27.088,0,GPU-e2681f6e-8d94-2d66-484f-43ea602335f9,90.16,1410,1593,0,0,73511,44
2026/07/24 16:42:27.073,2026/07/24 16:42:27.058,2026/07/24 16:42:27.088,1,GPU-713d5b24-2a1e-fd4a-7685-c3d195ff9230,83.46,1410,1593,0,0,73511,35
2026/07/24 16:42:27.323,2026/07/24 16:42:27.308,2026/07/24 16:42:27.339,0,GPU-e2681f6e-8d94-2d66-484f-43ea602335f9,90.16,1410,1593,0,0,73511,44
2026/07/24 16:42:27.323,2026/07/24 16:42:27.308,2026/07/24 16:42:27.339,1,GPU-713d5b24-2a1e-fd4a-7685-c3d195ff9230,83.46,1410,1593,0,0,73511,35
2026/07/24 16:42:27.573,2026/07/24 16:42:27.558,2026/07/24 16:42:27.588,0,GPU-e2681f6e-8d94-2d66-484f-43ea602335f9,90.16,1410,1593,0,0,73511,44
2026/07/24 16:42:27.573,2026/07/24 16:42:27.558,2026/07/24 16:42:27.588,1,GPU-713d5b24-2a1e-fd4a-7685-c3d195ff9230,83.46,1410,1593,0,0,73511,35
2026/07/24 16:42:27.822,2026/07/24 16:42:27.808,2026/07/24 16:42:27.836,0,GPU-e2681f6e-8d94-2d66-484f-43ea602335f9,90.16,1410,1593,0,0,73511,44
2026/07/24 16:42:27.822,2026/07/24 16:42:27.808,2026/07/24 16:42:27.836,1,GPU-713d5b24-2a1e-fd4a-7685-c3d195ff9230,83.46,1410,1593,0,0,73511,35
2026/07/24 16:42:28.074,2026/07/24 16:42:28.058,2026/07/24 16:42:28.089,0,GPU-e2681f6e-8d94-2d66-484f-43ea602335f9,90.16,1410,1593,0,0,73511,44
2026/07/24 16:42:28.074,2026/07/24 16:42:28.058,2026/07/24 16:42:28.089,1,GPU-713d5b24-2a1e-fd4a-7685-c3d195ff9230,83.55,1410,1593,0,0,73511,35
2026/07/24 16:42:28.324,2026/07/24 16:42:28.309,2026/07/24 16:42:28.339,0,GPU-e2681f6e-8d94-2d66-484f-43ea602335f9,90.48,1410,1593,0,0,73511,44
2026/07/24 16:42:28.324,2026/07/24 16:42:28.309,2026/07/24 16:42:28.339,1,GPU-713d5b24-2a1e-fd4a-7685-c3d195ff9230,83.46,1410,1593,0,0,73511,35
2026/07/24 16:42:28.574,2026/07/24 16:42:28.559,2026/07/24 16:42:28.588,0,GPU-e2681f6e-8d94-2d66-484f-43ea602335f9,90.16,1410,1593,0,0,73511,44
2026/07/24 16:42:28.574,2026/07/24 16:42:28.559,2026/07/24 16:42:28.588,1,GPU-713d5b24-2a1e-fd4a-7685-c3d195ff9230,83.46,1410,1593,0,0,73511,35
2026/07/24 16:42:28.824,2026/07/24 16:42:28.809,2026/07/24 16:42:28.838,0,GPU-e2681f6e-8d94-2d66-484f-43ea602335f9,89.97,1410,1593,0,0,73511,44
2026/07/24 16:42:28.824,2026/07/24 16:42:28.809,2026/07/24 16:42:28.838,1,GPU-713d5b24-2a1e-fd4a-7685-c3d195ff9230,83.46,1410,1593,0,0,73511,35
2026/07/24 16:42:29.073,2026/07/24 16:42:29.059,2026/07/24 16:42:29.087,0,GPU-e2681f6e-8d94-2d66-484f-43ea602335f9,89.88,1410,1593,0,0,73511,44
2026/07/24 16:42:29.073,2026/07/24 16:42:29.059,2026/07/24 16:42:29.087,1,GPU-713d5b24-2a1e-fd4a-7685-c3d195ff9230,83.22,1410,1593,0,0,73511,35
2026/07/24 16:42:29.321,2026/07/24 16:42:29.309,2026/07/24 16:42:29.334,0,GPU-e2681f6e-8d94-2d66-484f-43ea602335f9,89.88,1410,1593,0,0,73511,44
2026/07/24 16:42:29.321,2026/07/24 16:42:29.309,2026/07/24 16:42:29.334,1,GPU-713d5b24-2a1e-fd4a-7685-c3d195ff9230,83.46,1410,1593,0,0,73511,35
2026/07/24 16:42:29.574,2026/07/24 16:42:29.559,2026/07/24 16:42:29.588,0,GPU-e2681f6e-8d94-2d66-484f-43ea602335f9,89.88,1410,1593,0,0,73511,44
2026/07/24 16:42:29.574,2026/07/24 16:42:29.559,2026/07/24 16:42:29.588,1,GPU-713d5b24-2a1e-fd4a-7685-c3d195ff9230,83.46,1410,1593,0,0,73511,35
2026/07/24 16:42:29.824,2026/07/24 16:42:29.809,2026/07/24 16:42:29.839,0,GPU-e2681f6e-8d94-2d66-484f-43ea602335f9,89.88,1410,1593,0,0,73511,44
2026/07/24 16:42:29.824,2026/07/24 16:42:29.809,2026/07/24 16:42:29.839,1,GPU-713d5b24-2a1e-fd4a-7685-c3d195ff9230,83.46,1410,1593,0,0,73511,35
2026/07/24 16:42:30.073,2026/07/24 16:42:30.059,2026/07/24 16:42:30.087,0,GPU-e2681f6e-8d94-2d66-484f-43ea602335f9,89.88,1410,1593,0,0,73511,44
2026/07/24 16:42:30.073,2026/07/24 16:42:30.059,2026/07/24 16:42:30.087,1,GPU-713d5b24-2a1e-fd4a-7685-c3d195ff9230,83.14,1410,1593,0,0,73511,35
2026/07/24 16:42:30.324,2026/07/24 16:42:30.309,2026/07/24 16:42:30.339,0,GPU-e2681f6e-8d94-2d66-484f-43ea602335f9,89.97,1410,1593,0,0,73511,44
2026/07/24 16:42:30.324,2026/07/24 16:42:30.309,2026/07/24 16:42:30.339,1,GPU-713d5b24-2a1e-fd4a-7685-c3d195ff9230,83.55,1410,1593,0,0,73511,35
2026/07/24 16:42:30.574,2026/07/24 16:42:30.559,2026/07/24 16:42:30.589,0,GPU-e2681f6e-8d94-2d66-484f-43ea602335f9,89.88,1410,1593,0,0,73511,44
2026/07/24 16:42:30.574,2026/07/24 16:42:30.559,2026/07/24 16:42:30.589,1,GPU-713d5b24-2a1e-fd4a-7685-c3d195ff9230,83.46,1410,1593,0,0,73511,35
2026/07/24 16:42:30.824,2026/07/24 16:42:30.810,2026/07/24 16:42:30.838,0,GPU-e2681f6e-8d94-2d66-484f-43ea602335f9,89.88,1410,1593,0,0,73511,43
2026/07/24 16:42:30.824,2026/07/24 16:42:30.810,2026/07/24 16:42:30.838,1,GPU-713d5b24-2a1e-fd4a-7685-c3d195ff9230,83.46,1410,1593,0,0,73511,35
2026/07/24 16:42:31.073,2026/07/24 16:42:31.060,2026/07/24 16:42:31.087,0,GPU-e2681f6e-8d94-2d66-484f-43ea602335f9,89.88,1410,1593,0,0,73511,43
2026/07/24 16:42:31.073,2026/07/24 16:42:31.060,2026/07/24 16:42:31.087,1,GPU-713d5b24-2a1e-fd4a-7685-c3d195ff9230,83.73,1410,1593,0,0,73511,35
2026/07/24 16:42:31.322,2026/07/24 16:42:31.310,2026/07/24 16:42:31.335,0,GPU-e2681f6e-8d94-2d66-484f-43ea602335f9,89.56,1410,1593,0,0,73511,43
2026/07/24 16:42:31.322,2026/07/24 16:42:31.310,2026/07/24 16:42:31.335,1,GPU-713d5b24-2a1e-fd4a-7685-c3d195ff9230,83.14,1410,1593,0,0,73511,35
2026/07/24 16:42:31.574,2026/07/24 16:42:31.560,2026/07/24 16:42:31.588,0,GPU-e2681f6e-8d94-2d66-484f-43ea602335f9,89.97,1410,1593,0,0,73511,43
2026/07/24 16:42:31.574,2026/07/24 16:42:31.560,2026/07/24 16:42:31.588,1,GPU-713d5b24-2a1e-fd4a-7685-c3d195ff9230,83.14,1410,1593,0,0,73511,35
2026/07/24 16:42:31.825,2026/07/24 16:42:31.810,2026/07/24 16:42:31.839,0,GPU-e2681f6e-8d94-2d66-484f-43ea602335f9,89.56,1410,1593,0,0,73511,43
2026/07/24 16:42:31.825,2026/07/24 16:42:31.810,2026/07/24 16:42:31.839,1,GPU-713d5b24-2a1e-fd4a-7685-c3d195ff9230,83.14,1410,1593,0,0,73511,35
2026/07/24 16:42:32.074,2026/07/24 16:42:32.060,2026/07/24 16:42:32.088,0,GPU-e2681f6e-8d94-2d66-484f-43ea602335f9,89.88,1410,1593,0,0,73511,43
2026/07/24 16:42:32.074,2026/07/24 16:42:32.060,2026/07/24 16:42:32.088,1,GPU-713d5b24-2a1e-fd4a-7685-c3d195ff9230,83.14,1410,1593,0,0,73511,35
2026/07/24 16:42:32.323,2026/07/24 16:42:32.310,2026/07/24 16:42:32.335,0,GPU-e2681f6e-8d94-2d66-484f-43ea602335f9,89.88,1410,1593,0,0,73511,43
2026/07/24 16:42:32.323,2026/07/24 16:42:32.310,2026/07/24 16:42:32.335,1,GPU-713d5b24-2a1e-fd4a-7685-c3d195ff9230,83.14,1410,1593,0,0,73511,35
2026/07/24 16:42:32.575,2026/07/24 16:42:32.560,2026/07/24 16:42:32.589,0,GPU-e2681f6e-8d94-2d66-484f-43ea602335f9,89.56,1410,1593,0,0,73511,43
2026/07/24 16:42:32.575,2026/07/24 16:42:32.560,2026/07/24 16:42:32.589,1,GPU-713d5b24-2a1e-fd4a-7685-c3d195ff9230,83.14,1410,1593,0,0,73511,35
2026/07/24 16:42:32.825,2026/07/24 16:42:32.810,2026/07/24 16:42:32.840,0,GPU-e2681f6e-8d94-2d66-484f-43ea602335f9,89.65,1410,1593,0,0,73511,43
2026/07/24 16:42:32.825,2026/07/24 16:42:32.810,2026/07/24 16:42:32.840,1,GPU-713d5b24-2a1e-fd4a-7685-c3d195ff9230,83.22,1410,1593,0,0,73511,35
2026/07/24 16:42:33.074,2026/07/24 16:42:33.060,2026/07/24 16:42:33.088,0,GPU-e2681f6e-8d94-2d66-484f-43ea602335f9,89.56,1410,1593,0,0,73511,43
2026/07/24 16:42:33.074,2026/07/24 16:42:33.060,2026/07/24 16:42:33.088,1,GPU-713d5b24-2a1e-fd4a-7685-c3d195ff9230,83.14,1410,1593,0,0,73511,35
2026/07/24 16:42:33.324,2026/07/24 16:42:33.311,2026/07/24 16:42:33.337,0,GPU-e2681f6e-8d94-2d66-484f-43ea602335f9,89.88,1410,1593,0,0,73511,43
2026/07/24 16:42:33.324,2026/07/24 16:42:33.311,2026/07/24 16:42:33.337,1,GPU-713d5b24-2a1e-fd4a-7685-c3d195ff9230,83.14,1410,1593,0,0,73511,35
2026/07/24 16:42:33.576,2026/07/24 16:42:33.561,2026/07/24 16:42:33.591,0,GPU-e2681f6e-8d94-2d66-484f-43ea602335f9,89.56,1410,1593,0,0,73511,43
2026/07/24 16:42:33.576,2026/07/24 16:42:33.561,2026/07/24 16:42:33.591,1,GPU-713d5b24-2a1e-fd4a-7685-c3d195ff9230,83.14,1410,1593,0,0,73511,35
2026/07/24 16:42:33.824,2026/07/24 16:42:33.811,2026/07/24 16:42:33.837,0,GPU-e2681f6e-8d94-2d66-484f-43ea602335f9,89.56,1410,1593,0,0,73511,43
2026/07/24 16:42:33.824,2026/07/24 16:42:33.811,2026/07/24 16:42:33.837,1,GPU-713d5b24-2a1e-fd4a-7685-c3d195ff9230,83.22,1410,1593,0,0,73511,35
2026/07/24 16:42:34.074,2026/07/24 16:42:34.061,2026/07/24 16:42:34.087,0,GPU-e2681f6e-8d94-2d66-484f-43ea602335f9,89.56,1410,1593,0,0,73511,43
2026/07/24 16:42:34.074,2026/07/24 16:42:34.061,2026/07/24 16:42:34.087,1,GPU-713d5b24-2a1e-fd4a-7685-c3d195ff9230,83.22,1410,1593,0,0,73511,35
2026/07/24 16:42:34.324,2026/07/24 16:42:34.311,2026/07/24 16:42:34.337,0,GPU-e2681f6e-8d94-2d66-484f-43ea602335f9,89.88,1410,1593,0,0,73511,43
2026/07/24 16:42:34.324,2026/07/24 16:42:34.311,2026/07/24 16:42:34.337,1,GPU-713d5b24-2a1e-fd4a-7685-c3d195ff9230,83.14,1410,1593,0,0,73511,35
2026/07/24 16:42:34.575,2026/07/24 16:42:34.561,2026/07/24 16:42:34.589,0,GPU-e2681f6e-8d94-2d66-484f-43ea602335f9,89.88,1410,1593,0,0,73511,43
2026/07/24 16:42:34.575,2026/07/24 16:42:34.561,2026/07/24 16:42:34.589,1,GPU-713d5b24-2a1e-fd4a-7685-c3d195ff9230,83.14,1410,1593,0,0,73511,35
2026/07/24 16:42:34.826,2026/07/24 16:42:34.811,2026/07/24 16:42:34.842,0,GPU-e2681f6e-8d94-2d66-484f-43ea602335f9,89.56,1410,1593,0,0,73511,43
2026/07/24 16:42:34.826,2026/07/24 16:42:34.811,2026/07/24 16:42:34.842,1,GPU-713d5b24-2a1e-fd4a-7685-c3d195ff9230,83.46,1410,1593,0,0,73511,35
2026/07/24 16:42:35.076,2026/07/24 16:42:35.061,2026/07/24 16:42:35.090,0,GPU-e2681f6e-8d94-2d66-484f-43ea602335f9,89.56,1410,1593,0,0,73511,43
2026/07/24 16:42:35.076,2026/07/24 16:42:35.061,2026/07/24 16:42:35.090,1,GPU-713d5b24-2a1e-fd4a-7685-c3d195ff9230,83.46,1410,1593,0,0,73511,35
2026/07/24 16:42:35.325,2026/07/24 16:42:35.311,2026/07/24 16:42:35.339,0,GPU-e2681f6e-8d94-2d66-484f-43ea602335f9,89.56,1410,1593,0,0,73511,43
2026/07/24 16:42:35.325,2026/07/24 16:42:35.311,2026/07/24 16:42:35.339,1,GPU-713d5b24-2a1e-fd4a-7685-c3d195ff9230,83.14,1410,1593,0,0,73511,35
2026/07/24 16:42:35.575,2026/07/24 16:42:35.561,2026/07/24 16:42:35.588,0,GPU-e2681f6e-8d94-2d66-484f-43ea602335f9,89.56,1410,1593,0,0,73511,43
2026/07/24 16:42:35.575,2026/07/24 16:42:35.561,2026/07/24 16:42:35.588,1,GPU-713d5b24-2a1e-fd4a-7685-c3d195ff9230,83.46,1410,1593,0,0,73511,35
2026/07/24 16:42:35.826,2026/07/24 16:42:35.812,2026/07/24 16:42:35.841,0,GPU-e2681f6e-8d94-2d66-484f-43ea602335f9,89.56,1410,1593,0,0,73511,43
2026/07/24 16:42:35.826,2026/07/24 16:42:35.812,2026/07/24 16:42:35.841,1,GPU-713d5b24-2a1e-fd4a-7685-c3d195ff9230,83.73,1410,1593,0,0,73511,35
2026/07/24 16:42:36.075,2026/07/24 16:42:36.062,2026/07/24 16:42:36.089,0,GPU-e2681f6e-8d94-2d66-484f-43ea602335f9,89.56,1410,1593,0,0,73511,43
2026/07/24 16:42:36.075,2026/07/24 16:42:36.062,2026/07/24 16:42:36.089,1,GPU-713d5b24-2a1e-fd4a-7685-c3d195ff9230,83.46,1410,1593,0,0,73511,35
2026/07/24 16:42:36.325,2026/07/24 16:42:36.312,2026/07/24 16:42:36.337,0,GPU-e2681f6e-8d94-2d66-484f-43ea602335f9,89.56,1410,1593,0,0,73511,43
2026/07/24 16:42:36.325,2026/07/24 16:42:36.312,2026/07/24 16:42:36.337,1,GPU-713d5b24-2a1e-fd4a-7685-c3d195ff9230,83.14,1410,1593,0,0,73511,35
2026/07/24 16:42:36.575,2026/07/24 16:42:36.562,2026/07/24 16:42:36.589,0,GPU-e2681f6e-8d94-2d66-484f-43ea602335f9,89.56,1410,1593,0,0,73511,43
2026/07/24 16:42:36.575,2026/07/24 16:42:36.562,2026/07/24 16:42:36.589,1,GPU-713d5b24-2a1e-fd4a-7685-c3d195ff9230,83.14,1410,1593,0,0,73511,35
2026/07/24 16:42:36.826,2026/07/24 16:42:36.812,2026/07/24 16:42:36.840,0,GPU-e2681f6e-8d94-2d66-484f-43ea602335f9,89.56,1410,1593,0,0,73511,43
2026/07/24 16:42:36.826,2026/07/24 16:42:36.812,2026/07/24 16:42:36.840,1,GPU-713d5b24-2a1e-fd4a-7685-c3d195ff9230,83.55,1410,1593,0,0,73511,35
2026/07/24 16:42:37.079,2026/07/24 16:42:37.062,2026/07/24 16:42:37.095,0,GPU-e2681f6e-8d94-2d66-484f-43ea602335f9,89.56,1410,1593,0,0,73511,43
2026/07/24 16:42:37.079,2026/07/24 16:42:37.062,2026/07/24 16:42:37.095,1,GPU-713d5b24-2a1e-fd4a-7685-c3d195ff9230,83.46,1410,1593,0,0,73511,35
2026/07/24 16:42:37.325,2026/07/24 16:42:37.312,2026/07/24 16:42:37.338,0,GPU-e2681f6e-8d94-2d66-484f-43ea602335f9,89.29,1410,1593,0,0,73511,43
2026/07/24 16:42:37.325,2026/07/24 16:42:37.312,2026/07/24 16:42:37.338,1,GPU-713d5b24-2a1e-fd4a-7685-c3d195ff9230,83.46,1410,1593,0,0,73511,35
2026/07/24 16:42:37.576,2026/07/24 16:42:37.562,2026/07/24 16:42:37.589,0,GPU-e2681f6e-8d94-2d66-484f-43ea602335f9,89.56,1410,1593,0,0,73511,43
2026/07/24 16:42:37.576,2026/07/24 16:42:37.562,2026/07/24 16:42:37.589,1,GPU-713d5b24-2a1e-fd4a-7685-c3d195ff9230,83.14,1410,1593,0,0,73511,35
2026/07/24 16:42:37.826,2026/07/24 16:42:37.812,2026/07/24 16:42:37.840,0,GPU-e2681f6e-8d94-2d66-484f-43ea602335f9,89.56,1410,1593,0,0,73511,43
2026/07/24 16:42:37.826,2026/07/24 16:42:37.812,2026/07/24 16:42:37.840,1,GPU-713d5b24-2a1e-fd4a-7685-c3d195ff9230,83.14,1410,1593,0,0,73511,35
2026/07/24 16:42:38.078,2026/07/24 16:42:38.062,2026/07/24 16:42:38.094,0,GPU-e2681f6e-8d94-2d66-484f-43ea602335f9,89.56,1410,1593,0,0,73511,43
2026/07/24 16:42:38.078,2026/07/24 16:42:38.062,2026/07/24 16:42:38.094,1,GPU-713d5b24-2a1e-fd4a-7685-c3d195ff9230,83.46,1410,1593,0,0,73511,35
2026/07/24 16:42:38.325,2026/07/24 16:42:38.313,2026/07/24 16:42:38.338,0,GPU-e2681f6e-8d94-2d66-484f-43ea602335f9,89.56,1410,1593,0,0,73511,43
2026/07/24 16:42:38.325,2026/07/24 16:42:38.313,2026/07/24 16:42:38.338,1,GPU-713d5b24-2a1e-fd4a-7685-c3d195ff9230,83.14,1410,1593,0,0,73511,35
2026/07/24 16:42:38.575,2026/07/24 16:42:38.563,2026/07/24 16:42:38.588,0,GPU-e2681f6e-8d94-2d66-484f-43ea602335f9,89.65,1410,1593,0,0,73511,43
2026/07/24 16:42:38.575,2026/07/24 16:42:38.563,2026/07/24 16:42:38.588,1,GPU-713d5b24-2a1e-fd4a-7685-c3d195ff9230,83.14,1410,1593,0,0,73511,35
2026/07/24 16:42:38.828,2026/07/24 16:42:38.813,2026/07/24 16:42:38.843,0,GPU-e2681f6e-8d94-2d66-484f-43ea602335f9,89.29,1410,1593,0,0,73511,43
2026/07/24 16:42:38.828,2026/07/24 16:42:38.813,2026/07/24 16:42:38.843,1,GPU-713d5b24-2a1e-fd4a-7685-c3d195ff9230,83.14,1410,1593,0,0,73511,35
2026/07/24 16:42:39.077,2026/07/24 16:42:39.063,2026/07/24 16:42:39.091,0,GPU-e2681f6e-8d94-2d66-484f-43ea602335f9,89.56,1410,1593,0,0,73511,43
2026/07/24 16:42:39.077,2026/07/24 16:42:39.063,2026/07/24 16:42:39.091,1,GPU-713d5b24-2a1e-fd4a-7685-c3d195ff9230,83.14,1410,1593,0,0,73511,35
2026/07/24 16:42:39.326,2026/07/24 16:42:39.313,2026/07/24 16:42:39.340,0,GPU-e2681f6e-8d94-2d66-484f-43ea602335f9,89.29,1410,1593,0,0,73511,43
2026/07/24 16:42:39.326,2026/07/24 16:42:39.313,2026/07/24 16:42:39.340,1,GPU-713d5b24-2a1e-fd4a-7685-c3d195ff9230,83.14,1410,1593,0,0,73511,35
2026/07/24 16:42:39.575,2026/07/24 16:42:39.563,2026/07/24 16:42:39.588,0,GPU-e2681f6e-8d94-2d66-484f-43ea602335f9,89.56,1410,1593,0,0,73511,43
2026/07/24 16:42:39.575,2026/07/24 16:42:39.563,2026/07/24 16:42:39.588,1,GPU-713d5b24-2a1e-fd4a-7685-c3d195ff9230,83.46,1410,1593,0,0,73511,35
2026/07/24 16:42:39.828,2026/07/24 16:42:39.813,2026/07/24 16:42:39.843,0,GPU-e2681f6e-8d94-2d66-484f-43ea602335f9,89.56,1410,1593,0,0,73511,43
2026/07/24 16:42:39.828,2026/07/24 16:42:39.813,2026/07/24 16:42:39.843,1,GPU-713d5b24-2a1e-fd4a-7685-c3d195ff9230,83.14,1410,1593,0,0,73511,35
2026/07/24 16:42:40.077,2026/07/24 16:42:40.063,2026/07/24 16:42:40.091,0,GPU-e2681f6e-8d94-2d66-484f-43ea602335f9,89.56,1410,1593,0,0,73511,43
2026/07/24 16:42:40.077,2026/07/24 16:42:40.063,2026/07/24 16:42:40.091,1,GPU-713d5b24-2a1e-fd4a-7685-c3d195ff9230,83.46,1410,1593,0,0,73511,35
2026/07/24 16:42:40.327,2026/07/24 16:42:40.313,2026/07/24 16:42:40.340,0,GPU-e2681f6e-8d94-2d66-484f-43ea602335f9,89.56,1410,1593,0,0,73511,43
2026/07/24 16:42:40.327,2026/07/24 16:42:40.313,2026/07/24 16:42:40.340,1,GPU-713d5b24-2a1e-fd4a-7685-c3d195ff9230,83.46,1410,1593,0,0,73511,35
2026/07/24 16:42:40.576,2026/07/24 16:42:40.563,2026/07/24 16:42:40.589,0,GPU-e2681f6e-8d94-2d66-484f-43ea602335f9,89.38,1410,1593,0,0,73511,43
2026/07/24 16:42:40.576,2026/07/24 16:42:40.563,2026/07/24 16:42:40.589,1,GPU-713d5b24-2a1e-fd4a-7685-c3d195ff9230,83.14,1410,1593,0,0,73511,35
2026/07/24 16:42:40.827,2026/07/24 16:42:40.814,2026/07/24 16:42:40.840,0,GPU-e2681f6e-8d94-2d66-484f-43ea602335f9,89.56,1410,1593,0,0,73511,43
2026/07/24 16:42:40.827,2026/07/24 16:42:40.814,2026/07/24 16:42:40.840,1,GPU-713d5b24-2a1e-fd4a-7685-c3d195ff9230,83.14,1410,1593,0,0,73511,35
2026/07/24 16:42:41.077,2026/07/24 16:42:41.064,2026/07/24 16:42:41.091,0,GPU-e2681f6e-8d94-2d66-484f-43ea602335f9,89.56,1410,1593,0,0,73511,43
2026/07/24 16:42:41.077,2026/07/24 16:42:41.064,2026/07/24 16:42:41.091,1,GPU-713d5b24-2a1e-fd4a-7685-c3d195ff9230,83.14,1410,1593,0,0,73511,35
2026/07/24 16:42:41.327,2026/07/24 16:42:41.314,2026/07/24 16:42:41.340,0,GPU-e2681f6e-8d94-2d66-484f-43ea602335f9,89.29,1410,1593,0,0,73511,43
2026/07/24 16:42:41.327,2026/07/24 16:42:41.314,2026/07/24 16:42:41.340,1,GPU-713d5b24-2a1e-fd4a-7685-c3d195ff9230,83.14,1410,1593,0,0,73511,35
2026/07/24 16:42:41.577,2026/07/24 16:42:41.564,2026/07/24 16:42:41.589,0,GPU-e2681f6e-8d94-2d66-484f-43ea602335f9,89.29,1410,1593,0,0,73511,43
2026/07/24 16:42:41.577,2026/07/24 16:42:41.564,2026/07/24 16:42:41.589,1,GPU-713d5b24-2a1e-fd4a-7685-c3d195ff9230,83.14,1410,1593,0,0,73511,35
2026/07/24 16:42:41.852,2026/07/24 16:42:41.814,2026/07/24 16:42:41.891,0,GPU-e2681f6e-8d94-2d66-484f-43ea602335f9,89.29,1410,1593,0,0,73511,43
2026/07/24 16:42:41.852,2026/07/24 16:42:41.814,2026/07/24 16:42:41.891,1,GPU-713d5b24-2a1e-fd4a-7685-c3d195ff9230,83.22,1410,1593,0,0,73511,35
2026/07/24 16:42:42.077,2026/07/24 16:42:42.064,2026/07/24 16:42:42.089,0,GPU-e2681f6e-8d94-2d66-484f-43ea602335f9,89.29,1410,1593,0,0,73511,43
2026/07/24 16:42:42.077,2026/07/24 16:42:42.064,2026/07/24 16:42:42.089,1,GPU-713d5b24-2a1e-fd4a-7685-c3d195ff9230,84.05,1410,1593,0,0,73511,35
2026/07/24 16:42:42.326,2026/07/24 16:42:42.314,2026/07/24 16:42:42.339,0,GPU-e2681f6e-8d94-2d66-484f-43ea602335f9,89.29,1410,1593,0,0,73511,43
2026/07/24 16:42:42.326,2026/07/24 16:42:42.314,2026/07/24 16:42:42.339,1,GPU-713d5b24-2a1e-fd4a-7685-c3d195ff9230,83.22,1410,1593,0,0,73511,35
2026/07/24 16:42:42.576,2026/07/24 16:42:42.564,2026/07/24 16:42:42.589,0,GPU-e2681f6e-8d94-2d66-484f-43ea602335f9,89.29,1410,1593,0,0,73511,43
2026/07/24 16:42:42.576,2026/07/24 16:42:42.564,2026/07/24 16:42:42.589,1,GPU-713d5b24-2a1e-fd4a-7685-c3d195ff9230,83.46,1410,1593,0,0,73511,35
2026/07/24 16:42:42.829,2026/07/24 16:42:42.814,2026/07/24 16:42:42.844,0,GPU-e2681f6e-8d94-2d66-484f-43ea602335f9,89.29,1410,1593,0,0,73511,43
2026/07/24 16:42:42.829,2026/07/24 16:42:42.814,2026/07/24 16:42:42.844,1,GPU-713d5b24-2a1e-fd4a-7685-c3d195ff9230,83.14,1410,1593,0,0,73511,35
2026/07/24 16:42:43.079,2026/07/24 16:42:43.064,2026/07/24 16:42:43.093,0,GPU-e2681f6e-8d94-2d66-484f-43ea602335f9,89.29,1410,1593,0,0,73511,43
2026/07/24 16:42:43.079,2026/07/24 16:42:43.064,2026/07/24 16:42:43.093,1,GPU-713d5b24-2a1e-fd4a-7685-c3d195ff9230,83.14,1410,1593,0,0,73511,35
2026/07/24 16:42:43.327,2026/07/24 16:42:43.315,2026/07/24 16:42:43.339,0,GPU-e2681f6e-8d94-2d66-484f-43ea602335f9,89.29,1410,1593,0,0,73511,43
2026/07/24 16:42:43.327,2026/07/24 16:42:43.315,2026/07/24 16:42:43.339,1,GPU-713d5b24-2a1e-fd4a-7685-c3d195ff9230,83.46,1410,1593,0,0,73511,35
2026/07/24 16:42:43.581,2026/07/24 16:42:43.565,2026/07/24 16:42:43.597,0,GPU-e2681f6e-8d94-2d66-484f-43ea602335f9,93.51,1410,1593,0,0,73511,43
2026/07/24 16:42:43.581,2026/07/24 16:42:43.565,2026/07/24 16:42:43.597,1,GPU-713d5b24-2a1e-fd4a-7685-c3d195ff9230,86.49,1410,1593,0,0,73511,35
