{
  "config_id": "deepseek-r1-distill-70b_A100_tp4",
  "gmm_means": [
    287.48056399603496,
    362.4697052972033,
    466.19538924273917,
    1049.2340608947247,
    1204.2805788214584,
    1225.7464329985794,
    1291.958891866476,
    1410.7134223794728,
    1523.2647852148236,
    1616.6969722333129
  ],
  "min_run_length": 5,
  "num_ar1_states": 5,
  "num_iid_states": 5,
  "phi": [
    0.8682489590980746,
    0.7278153969724022,
    0.99,
    0.0,
    0.6719795565995713,
    0.43109423184076445,
    0.08238756385936763,
    0.0,
    0.0,
    0.0
  ],
  "phi_above_threshold": [
    true,
    true,
    true,
    false,
    true,
    true,
    false,
    false,
    false,
    false
  ],
  "phi_threshold": 0.3,
  "sigma_innov": [
    3.6560017543357763,
    7.615960020163334,
    20.023634253785197,
    139.80012597793248,
    11.822208863003132,
    11.606743024593673,
    38.21525343691851,
    40.653137918730025,
    36.63545166009311,
    31.84029495723141
  ],
  "sigma_marginal": [
    7.369058317205253,
    11.105655783053468,
    141.94377978469433,
    139.80012597793248,
    15.963668129261954,
    12.86340919197219,
    38.34561449536339,
    40.653137918730025,
    36.63545166009311,
    31.84029495723141
  ]
}