{
  "config_id": "deepseek-r1-distill-8b_A100_tp4",
  "gmm_means": [
    276.56472834540534,
    290.45649157207686,
    345.9054900122241,
    409.41178388744305,
    559.2155718161885,
    665.3154520967857,
    786.7388705225064,
    831.3434501880756,
    850.9784365709085,
    867.668745772348
  ],
  "min_run_length": 5,
  "num_ar1_states": 7,
  "num_iid_states": 3,
  "phi": [
    0.9450172025999529,
    0.8087603439091003,
    0.8557653565493453,
    0.99,
    0.0,
    0.0,
    0.0,
    0.7649686035617467,
    0.40482232239910654,
    0.593991358787891
  ],
  "phi_above_threshold": [
    true,
    true,
    true,
    true,
    false,
    false,
    false,
    true,
    true,
    true
  ],
  "phi_threshold": 0.3,
  "sigma_innov": [
    0.6421237763496606,
    5.283652670421363,
    3.531217740421121,
    9.804056781634094,
    43.04091331747602,
    31.2712667921847,
    88.78867787230767,
    7.462194987977089,
    10.000013181553372,
    9.306928533207595
  ],
  "sigma_marginal": [
    1.963557446905933,
    8.983690260651349,
    6.825401027388597,
    69.4991158533492,
    43.04091331747602,
    31.2712667921847,
    88.78867787230767,
    11.586043651336123,
    10.936202808841793,
    11.568998352447688
  ]
}