{
  "config_id": "deepseek-r1-distill-8b_A100_tp2",
  "gmm_means": [
    139.3698730859187,
    155.2117892915958,
    175.34748673247077,
    227.36762516446234,
    371.8759492095976,
    469.99490837261203,
    520.7091459469767,
    528.2658845658519,
    560.3683664714925,
    661.9945188985739
  ],
  "min_run_length": 5,
  "num_ar1_states": 5,
  "num_iid_states": 5,
  "phi": [
    0.9205383040306205,
    0.538588236848193,
    0.8287069333782366,
    0.0,
    0.0,
    0.0,
    0.5344266823151893,
    0.7460026587884259,
    0.0,
    0.0
  ],
  "phi_above_threshold": [
    true,
    true,
    true,
    false,
    false,
    false,
    true,
    true,
    false,
    false
  ],
  "phi_threshold": 0.3,
  "sigma_innov": [
    0.5727646754636894,
    2.472851169108347,
    2.11841870848503,
    49.548258167928005,
    31.258698599034563,
    39.19306410805768,
    4.811156505640938,
    4.735773826052739,
    36.35341832496741,
    53.39522671900375
  ],
  "sigma_marginal": [
    1.46617504677754,
    2.9348941580045333,
    3.7850346115738898,
    49.548258167928005,
    31.258698599034563,
    39.19306410805768,
    5.692229115243213,
    7.111380512387889,
    36.35341832496741,
    53.39522671900375
  ]
}