{
  "config_id": "deepseek-r1-distill-8b_A100_tp8",
  "gmm_means": [
    552.8607126413779,
    565.0246996427694,
    664.6479900228164,
    688.127067388415,
    894.3926814913556,
    1084.955193671785,
    1281.8710331617779,
    1332.4095317770702,
    1363.4307901313045,
    1376.7928720531734
  ],
  "min_run_length": 5,
  "num_ar1_states": 7,
  "num_iid_states": 3,
  "phi": [
    0.9513914080897989,
    0.7895295687529846,
    0.8964469155484754,
    0.882216516709523,
    0.0,
    0.0,
    0.0,
    0.7265597477791684,
    0.4732113031896774,
    0.8664842566107731
  ],
  "phi_above_threshold": [
    true,
    true,
    true,
    true,
    false,
    false,
    false,
    true,
    true,
    true
  ],
  "phi_threshold": 0.3,
  "sigma_innov": [
    0.8444260956452013,
    4.365039195890758,
    25.38748766926435,
    3.3735408319788482,
    71.29511205290527,
    47.94253181489788,
    99.18677381063098,
    8.092857991647296,
    12.588042121002587,
    7.289295349085168
  ],
  "sigma_marginal": [
    2.7417820665042836,
    7.112514470648509,
    57.28855399205446,
    7.164881039364986,
    71.29511205290527,
    47.94253181489788,
    99.18677381063098,
    11.778226205853372,
    14.289184452378402,
    14.601825120362104
  ]
}