{
  "config_id": "deepseek-r1-distill-8b_H100_tp1",
  "gmm_means": [
    119.73317624845026,
    148.82959817925448,
    195.29198824452246,
    240.3803498681311,
    289.8316109773525,
    341.37119237506226,
    399.5634957567422,
    438.53621024428355,
    452.48837822688495,
    469.27805691276484
  ],
  "min_run_length": 5,
  "num_ar1_states": 9,
  "num_iid_states": 1,
  "phi": [
    0.9645094453499375,
    0.7359441165843829,
    0.4585321833345711,
    0.2903583323270137,
    0.5615991241918622,
    0.3684271217117432,
    0.3098537384050641,
    0.8037121583990757,
    0.6733992606875394,
    0.8065432513414982
  ],
  "phi_above_threshold": [
    true,
    true,
    true,
    false,
    true,
    true,
    true,
    true,
    true,
    true
  ],
  "phi_threshold": 0.3,
  "sigma_innov": [
    0.433073103763901,
    11.947138564312963,
    15.98912256268279,
    18.005168654170866,
    15.953472740607133,
    18.094528478338617,
    19.737040881569992,
    3.0707862927065572,
    4.733591867239887,
    5.459635686331054
  ],
  "sigma_marginal": [
    1.6401280592095813,
    17.646074415623918,
    17.992035488877182,
    18.815790746519703,
    19.281230641601223,
    19.463668443427203,
    20.758695993227843,
    5.160826717342778,
    6.4029843741659445,
    9.235226254663834
  ]
}