{
  "config_id": "deepseek-r1-distill-8b_H100_tp4",
  "gmm_means": [
    473.3336378699806,
    517.5054409279862,
    627.6402475982677,
    738.6168926228898,
    846.187412285195,
    945.015659496905,
    1058.2711874035533,
    1170.4517126902558,
    1261.8997219211285,
    1293.1776937759084
  ],
  "min_run_length": 5,
  "num_ar1_states": 5,
  "num_iid_states": 5,
  "phi": [
    0.9363459534288291,
    0.6536665706483784,
    0.2946349382194499,
    0.27080774783491746,
    0.01731453335237883,
    0.0,
    0.4464973920814058,
    0.21633338787367198,
    0.6763002221160402,
    0.8609826849580916
  ],
  "phi_above_threshold": [
    true,
    true,
    false,
    false,
    false,
    false,
    true,
    false,
    true,
    true
  ],
  "phi_threshold": 0.3,
  "sigma_innov": [
    0.9412341809092063,
    24.608377791533933,
    37.480646650862546,
    39.721508657012805,
    42.21603469982302,
    41.944133808023544,
    37.03518830741371,
    42.17413485028341,
    11.244288469076201,
    8.210458201576078
  ],
  "sigma_marginal": [
    2.6809777227733904,
    32.51709990705257,
    39.22170251827611,
    41.2633786591071,
    42.22236416022668,
    41.944133808023544,
    41.39004456018419,
    43.19706065022914,
    15.264580614264112,
    16.142164922648714
  ]
}