{
  "config_id": "deepseek-r1-distill-8b_H100_tp8",
  "gmm_means": [
    946.959323728755,
    1030.5967756026848,
    1202.1999819014613,
    1356.984973866264,
    1509.5343905835855,
    1667.418294895299,
    1801.0763691911586,
    1943.976075873358,
    2050.750921333596,
    2083.176770378144
  ],
  "min_run_length": 5,
  "num_ar1_states": 9,
  "num_iid_states": 1,
  "phi": [
    0.9402849355837988,
    0.535640951045194,
    0.2878580084181025,
    0.5818990406395121,
    0.7331995226023917,
    0.5175758799273962,
    0.38299254679364936,
    0.3310041097498706,
    0.6536015917183667,
    0.8266745273127187
  ],
  "phi_above_threshold": [
    true,
    true,
    false,
    true,
    true,
    true,
    true,
    true,
    true,
    true
  ],
  "phi_threshold": 0.3,
  "sigma_innov": [
    1.9675093538997954,
    44.94713024625667,
    56.221454491388236,
    48.74797622755619,
    40.59202576852984,
    47.54658716941955,
    48.64926541540772,
    51.78016618896182,
    11.279885712932803,
    8.438085337532103
  ],
  "sigma_marginal": [
    5.780189773438243,
    53.22677699250642,
    58.70631061399501,
    59.941364822801745,
    59.69296401466498,
    55.56862299079591,
    52.66488765509773,
    54.87341851867622,
    14.903947591263796,
    14.996231299638216
  ]
}