{
  "config_id": "deepseek-r1-distill-8b_A100_tp1",
  "gmm_means": [
    70.55012452065108,
    72.91450778414716,
    88.5305602935462,
    189.99547552911156,
    277.0179052803257,
    282.42463598901185,
    287.59873643395196,
    294.50910241415687,
    322.35816369240183,
    406.96057637609596
  ],
  "min_run_length": 5,
  "num_ar1_states": 7,
  "num_iid_states": 3,
  "phi": [
    0.9328529738159976,
    0.8710020551333943,
    0.7047070534324911,
    0.9790364198019218,
    0.8366319772941362,
    0.4640526262733276,
    0.2070467941432815,
    0.5667885417157043,
    0.0,
    0.0
  ],
  "phi_above_threshold": [
    true,
    true,
    true,
    true,
    true,
    true,
    false,
    true,
    false,
    false
  ],
  "phi_threshold": 0.3,
  "sigma_innov": [
    0.21671872729291644,
    0.31968661553405947,
    1.5395070434212612,
    15.63279036144591,
    2.6930486978969745,
    2.519554338349333,
    2.83185055013006,
    3.6168033962096606,
    27.544503892916374,
    18.82213890828008
  ],
  "sigma_marginal": [
    0.6015664954344261,
    0.650722653302826,
    2.1698527577722033,
    76.74973481488298,
    4.9164271653850955,
    2.844358355823099,
    2.8945729334558803,
    4.390052772739498,
    27.544503892916374,
    18.82213890828008
  ]
}