{
  "config_id": "deepseek-r1-distill-70b_A100_tp8",
  "gmm_means": [
    561.9607662819086,
    705.4003013962657,
    809.8279558374186,
    1829.9733951328635,
    2019.696808858758,
    2060.995725048392,
    2090.930330868766,
    2207.2241960946744,
    2490.2101619752943,
    2787.65797777036
  ],
  "min_run_length": 5,
  "num_ar1_states": 7,
  "num_iid_states": 3,
  "phi": [
    0.9074174035795403,
    0.8591081900057678,
    0.99,
    0.0,
    0.5076389709350027,
    0.4055618358770873,
    0.7391173568892496,
    0.5675812734963532,
    0.0,
    0.0
  ],
  "phi_above_threshold": [
    true,
    true,
    true,
    false,
    true,
    true,
    true,
    true,
    false,
    false
  ],
  "phi_threshold": 0.3,
  "sigma_innov": [
    3.7467901746072565,
    8.395624133082926,
    31.269508765029578,
    251.50733966050507,
    13.832979182813926,
    14.39735725583158,
    13.112374937051452,
    82.38639137741707,
    103.06580513851796,
    145.9830150119496
  ],
  "sigma_marginal": [
    8.916036222306833,
    16.404302945537097,
    221.66367053372875,
    251.50733966050507,
    16.0555508553878,
    15.7508668771201,
    19.46678898885633,
    100.06638266196677,
    103.06580513851796,
    145.9830150119496
  ]
}