{
  "config_id": "llama-3-70b_H100_tp8",
  "gmm_means": [
    960.5618864987059,
    1175.4042375473748,
    1616.4975370033344,
    1990.8289307142852,
    2346.780287309684,
    2751.278972216235,
    2953.493440132644,
    3016.3558460118325,
    3073.7159412375745,
    3157.588715278161
  ],
  "min_run_length": 5,
  "num_ar1_states": 9,
  "num_iid_states": 1,
  "phi": [
    0.9366150242941612,
    0.6061635834062331,
    0.0,
    0.6237275768551341,
    0.40059158976598636,
    0.7337653208447208,
    0.8774227291894944,
    0.7995648601536745,
    0.6941258693300093,
    0.7566269632440225
  ],
  "phi_above_threshold": [
    true,
    true,
    false,
    true,
    true,
    true,
    true,
    true,
    true,
    true
  ],
  "phi_threshold": 0.3,
  "sigma_innov": [
    3.830541821642686,
    124.6754456505935,
    130.82922046575115,
    102.68796519389294,
    121.02648549393608,
    105.36223513942214,
    12.144362478919387,
    13.01405663999781,
    25.146552704713464,
    41.80499070824243
  ],
  "sigma_marginal": [
    10.933152246804008,
    156.75741970411218,
    130.82922046575115,
    131.37470982123256,
    132.087964825901,
    155.08061215544603,
    25.315628383166356,
    21.669156628596866,
    34.932868232424674,
    63.93698138132123
  ]
}