{
  "config_id": "llama-3-70b_A100_tp4",
  "gmm_means": [
    291.2655821301827,
    360.7460883561522,
    442.2597162747955,
    1087.977077014668,
    1203.665183664439,
    1223.7239968092986,
    1242.676326466509,
    1318.2579901722902,
    1463.9880064097133,
    1599.56869181607
  ],
  "min_run_length": 5,
  "num_ar1_states": 5,
  "num_iid_states": 5,
  "phi": [
    0.8575143052251307,
    0.8187877159474048,
    0.99,
    0.0,
    0.6785970987175026,
    0.2507485640164312,
    0.8153007626048443,
    0.0,
    0.0,
    0.0
  ],
  "phi_above_threshold": [
    true,
    true,
    true,
    false,
    true,
    false,
    true,
    false,
    false,
    false
  ],
  "phi_threshold": 0.3,
  "sigma_innov": [
    3.3069649530059713,
    4.466405627429714,
    20.9042330378592,
    134.24911864826876,
    11.316534252699302,
    9.810049788415775,
    8.01202327514207,
    45.861496317821526,
    52.46393578896741,
    43.07370876606186
  ],
  "sigma_marginal": [
    6.428029727766403,
    7.779887888728055,
    148.18617905652687,
    134.24911864826876,
    15.406901705087572,
    10.133801965856634,
    13.83679020189178,
    45.861496317821526,
    52.46393578896741,
    43.07370876606186
  ]
}