{
  "config_id": "llama-3-8b_H100_tp8",
  "gmm_means": [
    959.6313156610754,
    1046.8522926534374,
    1207.7552282495126,
    1349.6182099844868,
    1506.2413973882008,
    1659.1742153632642,
    1794.352860456942,
    1941.33788909314,
    2057.2101598086447,
    2090.3226288298138
  ],
  "min_run_length": 5,
  "num_ar1_states": 6,
  "num_iid_states": 4,
  "phi": [
    0.954292982374952,
    0.5253338556228366,
    0.27912805074327257,
    0.0,
    0.6201483572489049,
    0.4547488256408746,
    0.0076891536116154005,
    0.25604812965064866,
    0.6769424979282384,
    0.879429284331633
  ],
  "phi_above_threshold": [
    true,
    true,
    false,
    false,
    true,
    true,
    false,
    false,
    true,
    true
  ],
  "phi_threshold": 0.3,
  "sigma_innov": [
    2.3860355889509632,
    42.54557548897508,
    55.17586985361153,
    57.45979495128027,
    44.97172037719637,
    49.347005474668556,
    52.12347246944755,
    52.75300714405572,
    13.128704694376063,
    8.755775530038385
  ],
  "sigma_marginal": [
    7.983450531042347,
    50.00089973164222,
    57.45966820567416,
    57.45979495128027,
    57.32645743604629,
    55.407491824756825,
    52.12501338797716,
    54.572224960892456,
    17.837043807882186,
    18.39334449562433
  ]
}