{"train_loss":1.5424851477146149,"_step":499,"_runtime":50,"_timestamp":1.7613673742814653e+09,"val_acc":0.33958472873409246,"val_autocorr_r2":0.9783809117016308,"val_f1":0.25223832290542153,"_wandb":{"runtime":50},"epoch":500,"val_transition_mae":139.13823823618966,"val_loss":1.9055436849594116,"lr":0}