{"epoch":500,"train_loss":1.132401466369629,"val_loss":1.6339727640151978,"val_transition_mae":58.78161307199581,"val_f1":0.3072293210354851,"_wandb":{"runtime":41},"_runtime":41,"lr":0,"_step":499,"_timestamp":1.7613394975126004e+09,"val_acc":0.35214333556597455,"val_autocorr_r2":0.4552119990210328}