{"val_loss":1.3161686658859253,"val_autocorr_r2":0.5168004156035559,"_step":747,"_runtime":498,"val_acc":0.6362373997119934,"val_transition_mae":104.72355012306755,"epoch":748,"_wandb":{"runtime":498},"train_loss":1.0246599117914836,"lr":1.637995976326527e-05,"val_f1":0.33025551908841916,"_timestamp":1.7609339857784717e+09}