{
  "fit_loglog_cov_vs_n": {
    "intercept": -0.6240206905648238,
    "r2": 0.8475051958353439,
    "slope": -0.14755183275417397
  },
  "layout": {
    "n_nodes": 240,
    "nodes_per_rack": 4,
    "racks_per_row": 6,
    "rows": 10
  },
  "node_trace_dir": "/Users/grantwilkins/powertrace-sim/results/azure_facility/node_traces",
  "outputs": {
    "csv": "/Users/grantwilkins/powertrace-sim/results/eval_paper/azure_aggregation_cov_vs_nodes.csv",
    "json": "/Users/grantwilkins/powertrace-sim/results/eval_paper/azure_aggregation_cov_vs_nodes.json",
    "plot_pdf": "/Users/grantwilkins/powertrace-sim/figures/azure_aggregation_cov_vs_nodes.pdf"
  },
  "sampling": {
    "confidence_band_percentiles": [
      5.0,
      95.0
    ],
    "repeats": 50,
    "seed": 42,
    "subset_sizes": [
      1,
      4,
      16,
      60,
      120,
      240
    ]
  },
  "single_node_cov": {
    "count": 240,
    "max": 0.6366342086589168,
    "mean": 0.6338369465421606,
    "median": 0.6337501375028636,
    "min": 0.6301481686334943
  },
  "status": "ok",
  "summary_by_subset": {
    "1": {
      "cov_mean": 0.6337408179975355,
      "cov_p05": 0.6320950625689219,
      "cov_p95": 0.6351364008531335,
      "cov_theory": 0.6337408179975355
    },
    "120": {
      "cov_mean": 0.27228077271900436,
      "cov_p05": 0.2719494715248567,
      "cov_p95": 0.2727474160187396,
      "cov_theory": 0.05785235693817102
    },
    "16": {
      "cov_mean": 0.3035932778525161,
      "cov_p05": 0.3025355397618246,
      "cov_p95": 0.30488638631449505,
      "cov_theory": 0.15843520449938386
    },
    "240": {
      "cov_mean": 0.26971685758939007,
      "cov_p05": 0.26971685758939007,
      "cov_p95": 0.26971685758939007,
      "cov_theory": 0.04090779389860534
    },
    "4": {
      "cov_mean": 0.3927098441310867,
      "cov_p05": 0.3909925436306424,
      "cov_p95": 0.3946452346757953,
      "cov_theory": 0.3168704089987677
    },
    "60": {
      "cov_mean": 0.27725582820519645,
      "cov_p05": 0.2764812368565834,
      "cov_p95": 0.2777612988540194,
      "cov_theory": 0.08181558779721068
    }
  },
  "timesteps": 345600
}