level,series_id,mean_kw,std_kw,cov,par_1s,par_15min,n_samples_1s,n_samples_15min
server,node_0_0_0,1.0256912355029142,0.6067306572797584,0.5915334325561121,2.263045865529245,1.4420671992872816,86400,96
rack,rack_0_0,8.111520415338587,1.4202115238003992,0.1750857362221306,1.4993120367810666,1.2032550311594201,86400,96
row,row_0,48.698470136221424,5.727970461571073,0.11762115823245681,1.4183418479428913,1.1920490334794889,86400,96
site,site_it_1s,487.188929176794,51.07877899440818,0.1048438828048008,1.281507337522929,1.1871146628190605,86400,96
