level,series_id,mean_kw,std_kw,cov,par_1s,par_15min,n_samples_1s,n_samples_15min
server,node_0_0_0,0.888794984696971,0.5183974466495692,0.583258744226953,2.1244069717682392,1.5062383520553773,86400,96
rack,rack_0_0,7.5570423803089275,1.329959783019901,0.17598945673314234,1.4936561790743283,1.2177496249150774,86400,96
row,row_0,45.339929984176074,6.113245444356064,0.13483138254711963,1.4087759024670388,1.214601472374695,86400,96
site,site_it_1s,453.65412103804977,57.521321494652945,0.12679554494739928,1.3037154245324136,1.2131338908572902,86400,96
