resolution_s,n_samples,peak_w,mean_w,par
0.25,345600,773424.625,589750.3573085757,1.311444097345956
1.0,86400,768866.625,589750.3571976273,1.3037154036726597
10.0,8640,748368.55,589750.3571976273,1.268958197085448
60.0,1440,733398.5,589750.3577907986,1.2435744892929044
300.0,288,721735.66375,589750.3571976273,1.2237986038355952
900.0,96,715446.125,589750.359375,1.213133851682954
