config_id,method,status,reason,n_nodes,duration_s,dt,lambda_req_per_s_per_node,pue,non_gpu_overhead_w,ours_std_scale,ours_logit_temperature,peak_power_kw,avg_power_kw,par,ramp_p50_kw_per_s,ramp_p95_abs_kw_per_s,ramp_p99_abs_kw_per_s,ramp_max_up_kw_per_s,ramp_max_down_kw_per_s,ldc_p99_kw,ldc_p95_kw,diversity_factor,peak_single_node_kw
deepseek-r1-distill-70b_H100_tp4,tdp,evaluated,,3,300.0,0.25,2.0,1.3,1000.0,1.8,1.8,25.74,25.740000000000002,0.9999999999999999,0.0,0.0,0.0,0.0,0.0,25.74,25.74,1.5321428571428573,5.6
deepseek-r1-distill-70b_H100_tp4,mean,evaluated,,3,300.0,0.25,2.0,1.3,1000.0,1.8,1.8,10.205842964163468,10.205842964163468,1.0,0.0,0.0,0.0,0.0,0.0,10.205842964163468,10.205842964163468,2.1040162162003004,1.6168828113239664
deepseek-r1-distill-70b_H100_tp4,marginal_gmm,evaluated,,3,300.0,0.25,2.0,1.3,1000.0,1.8,1.8,11.716236968450547,10.19138965642547,1.1496211373945153,0.015355014582581816,1.7046479915005062,2.1634976592656074,2.3323532989935956,-2.710220572776798,11.531921009630645,11.352359746339923,1.7991212891622907,2.170733205338975
deepseek-r1-distill-70b_H100_tp4,ours,evaluated,,3,300.0,0.25,2.0,1.3,1000.0,1.8,1.8,11.757669717371707,10.959271792609583,1.0728513663928407,-0.004205478045312461,0.6318316887768345,1.170005865137592,1.7951913207390033,-1.22954111752005,11.60123288161212,11.476998003740318,1.790745219549913,2.188599023656175
