config_id,method,status,reason,n_nodes,duration_s,dt,lambda_req_per_s_per_node,pue,non_gpu_overhead_w,peak_power_kw,avg_power_kw,par,ramp_p50_kw_per_s,ramp_p95_abs_kw_per_s,ramp_p99_abs_kw_per_s,ramp_max_up_kw_per_s,ramp_max_down_kw_per_s,ldc_p99_kw,ldc_p95_kw,diversity_factor,peak_single_node_kw
deepseek-r1-distill-70b_H100_tp4,tdp,evaluated,,3,60.0,0.25,2.0,1.3,1000.0,25.74,25.740000000000006,0.9999999999999998,0.0,0.0,0.0,0.0,0.0,25.74,25.74,1.5321428571428573,5.6
deepseek-r1-distill-70b_H100_tp4,mean,evaluated,,3,60.0,0.25,2.0,1.3,1000.0,10.205842964163468,10.20584296416347,0.9999999999999998,0.0,0.0,0.0,0.0,0.0,10.205842964163468,10.205842964163468,2.1040162162003004,1.6168828113239664
deepseek-r1-distill-70b_H100_tp4,marginal_gmm,evaluated,,3,60.0,0.25,2.0,1.3,1000.0,11.581573372000985,10.186538829833836,1.1369488268263839,0.015492767530426832,1.6058590178144878,1.7765366984168163,1.6306225988684044,-1.9069977629345125,11.560157168681062,11.359259585004157,1.7979871630782933,2.1471368297892317
deepseek-r1-distill-70b_H100_tp4,ours,evaluated,,3,60.0,0.25,2.0,1.3,1000.0,11.389579275024797,10.141093832915264,1.1231115166351469,0.01410313778986172,0.956449885882207,1.484307203415187,1.4097762074845042,-1.587230959700415,11.377332527786448,11.32829040153147,1.9109433353056653,1.9867289389828984
