config_id,method,status,reason,n_nodes,duration_s,dt,lambda_req_per_s_per_node,pue,non_gpu_overhead_w,ours_std_scale,ours_logit_temperature,traffic_model,burst_rate_per_min,burst_mean_duration_s,burst_peak_scale,burst_background_sigma,burst_node_scale_sigma,peak_power_kw,avg_power_kw,par,ramp_p50_kw_per_s,ramp_p95_abs_kw_per_s,ramp_p99_abs_kw_per_s,ramp_max_up_kw_per_s,ramp_max_down_kw_per_s,ldc_p99_kw,ldc_p95_kw,diversity_factor,peak_single_node_kw
deepseek-r1-distill-70b_H100_tp4,tdp,evaluated,,60,900.0,0.25,2.0,1.3,1000.0,1.8,1.8,poisson,2.0,20.0,6.0,0.35,0.2,514.8,514.8000000000002,0.9999999999999996,0.0,0.0,0.0,0.0,0.0,514.8,514.8,1.5321428571428573,5.6
deepseek-r1-distill-70b_H100_tp4,mean,evaluated,,60,900.0,0.25,2.0,1.3,1000.0,1.8,1.8,poisson,2.0,20.0,6.0,0.35,0.2,204.11685928326946,204.11685928326946,1.0,0.0,0.0,0.0,0.0,0.0,204.11685928326946,204.11685928326946,2.1040162162003018,1.6168828113239664
deepseek-r1-distill-70b_H100_tp4,marginal_gmm,evaluated,,60,900.0,0.25,2.0,1.3,1000.0,1.8,1.8,poisson,2.0,20.0,6.0,0.35,0.2,219.59906054535148,204.03538289381578,1.0762793072005328,-0.0776850459006937,6.718969365840613,8.458212795350708,13.42548919032285,-11.568881920084209,215.03457037194462,211.6023534109359,1.6510459889260567,2.216767047660015
deepseek-r1-distill-70b_H100_tp4,ours,evaluated,,60,900.0,0.25,2.0,1.3,1000.0,1.8,1.8,poisson,2.0,20.0,6.0,0.35,0.2,228.09446425901567,220.30784231947393,1.0353442794299177,0.04949048881903195,2.4795706257238845,5.856713785393368,16.214784882636224,-24.386398060657598,225.9928057803158,224.48353836911724,1.5998373909870622,2.3762255
