config_id,method,status,reason,n_nodes,duration_s,dt,lambda_req_per_s_per_node,pue,non_gpu_overhead_w,ours_std_scale,ours_logit_temperature,peak_power_kw,avg_power_kw,par,ramp_p50_kw_per_s,ramp_p95_abs_kw_per_s,ramp_p99_abs_kw_per_s,ramp_max_up_kw_per_s,ramp_max_down_kw_per_s,ldc_p99_kw,ldc_p95_kw,diversity_factor,peak_single_node_kw
deepseek-r1-distill-70b_H100_tp4,tdp,evaluated,,5,30.0,0.25,2.0,1.3,1000.0,1.0,1.0,42.9,42.899999999999984,1.0000000000000002,0.0,0.0,0.0,0.0,0.0,42.9,42.9,1.5321428571428573,5.6
deepseek-r1-distill-70b_H100_tp4,mean,evaluated,,5,30.0,0.25,2.0,1.3,1000.0,1.0,1.0,17.00973827360578,17.009738273605784,0.9999999999999998,0.0,0.0,0.0,0.0,0.0,17.00973827360578,17.00973827360578,2.104016216200301,1.6168828113239664
deepseek-r1-distill-70b_H100_tp4,marginal_gmm,evaluated,,5,30.0,0.25,2.0,1.3,1000.0,1.0,1.0,19.044331833747464,17.02912367477552,1.1183389232152317,-0.00011870676249614576,1.6243165139239129,1.9187198891239405,1.6968123496849863,-2.005017265572423,19.04244459165991,18.925161625261445,1.7858410870589867,2.132813716937225
deepseek-r1-distill-70b_H100_tp4,ours,evaluated,,5,30.0,0.25,2.0,1.3,1000.0,1.0,1.0,18.83445992325683,15.146054435629484,1.243522529468187,0.13824662272107702,1.6362569200472719,2.376375222204304,1.7223710030980097,-2.630710196301198,18.814176380197768,18.622500685981684,1.9248405053605795,1.9569891500936156
