config_id,method,status,reason,n_nodes,duration_s,dt,lambda_req_per_s_per_node,pue,non_gpu_overhead_w,ours_std_scale,ours_logit_temperature,peak_power_kw,avg_power_kw,par,ramp_p50_kw_per_s,ramp_p95_abs_kw_per_s,ramp_p99_abs_kw_per_s,ramp_max_up_kw_per_s,ramp_max_down_kw_per_s,ldc_p99_kw,ldc_p95_kw,diversity_factor,peak_single_node_kw
deepseek-r1-distill-70b_H100_tp4,tdp,evaluated,,60,3600.0,0.25,2.0,1.3,1000.0,1.8,1.8,514.8,514.8000000000001,0.9999999999999998,0.0,0.0,0.0,0.0,0.0,514.8,514.8,1.5321428571428573,5.6
deepseek-r1-distill-70b_H100_tp4,mean,evaluated,,60,3600.0,0.25,2.0,1.3,1000.0,1.8,1.8,204.11685928326946,204.11685928326946,1.0,0.0,0.0,0.0,0.0,0.0,204.11685928326946,204.11685928326946,2.1040162162003018,1.6168828113239664
deepseek-r1-distill-70b_H100_tp4,marginal_gmm,evaluated,,60,3600.0,0.25,2.0,1.3,1000.0,1.8,1.8,222.04614390787168,204.13659890038937,1.08773314096519,0.0035923673718798455,7.05868497022403,9.098358389572205,13.60042466323938,-14.039077051655028,214.93620360294074,212.06301164103823,1.6558008784080371,2.235032674151788
deepseek-r1-distill-70b_H100_tp4,ours,evaluated,,60,3600.0,0.25,2.0,1.3,1000.0,1.8,1.8,228.91083947565443,221.05137575863938,1.0355549188058282,0.0032274988246854264,2.4982731905180646,3.5172545004374625,17.118330092596665,-23.790978767384672,225.0466542736022,223.87087908224674,1.6055633852627091,2.3762255
