subset,median_ir_vs_f6,ci95_low_ir_vs_f6,ci95_high_ir_vs_f6,median_ir_abs,ci95_low_ir_abs,ci95_high_ir_abs,median_info_retained_vs_f6_pct,median_info_retained_abs_pct,n_configs
A,1.0630479353427709,0.926788382042712,1.3811981282562016,-0.22238315157756272,-0.29009264513422384,-0.17530260289389488,106.30479353427708,-22.238315157756272,25
ΔA,1.4221134844506937,1.1979918053439258,1.5247405786396873,-0.2677372919276151,-0.37967146572713295,-0.2137514614442919,142.21134844506938,-26.773729192761508,25
F2,1.2632612793021274,1.0026787338579017,1.645110639271359,-0.2182014722305361,-0.3095788748292867,-0.19147502649387665,126.32612793021273,-21.82014722305361,25
F3,1.120950384625062,0.8873648531613199,1.2527031102589201,-0.2069376098564255,-0.2635598302926518,-0.1716216943993829,112.0950384625062,-20.69376098564255,25
F6,1.0,1.0,1.0,-0.170406666972998,-0.23021345098215962,-0.15423362113033456,100.0,-17.040666697299798,25
