subset,median_ir_vs_f6,ci95_low_ir_vs_f6,ci95_high_ir_vs_f6,median_ir_abs,ci95_low_ir_abs,ci95_high_ir_abs,median_info_retained_vs_f6_pct,median_info_retained_abs_pct,n_configs
A,1.14675224732148,0.9740447278415907,1.2821086330885751,0.12051105145483076,0.08420760659479531,0.16509174927445425,114.675224732148,12.051105145483076,25
ΔA,-0.5284347277245979,-0.8615326393157936,-0.18385165073524182,-0.0667670242184446,-0.08518190132903158,-0.025439905703052323,-52.84347277245979,-6.67670242184446,25
F2,1.0441372665419109,0.8395437090364969,1.26669508527354,0.12496257705784464,0.0696174302870819,0.16017957052184317,104.41372665419108,12.496257705784464,25
F3,1.1256181316983547,0.8861745209570254,1.2833418674423038,0.1231965268247851,0.07779356693807771,0.14281850966305398,112.56181316983546,12.31965268247851,25
F6,1.0,1.0,1.0,0.1112992697071552,0.07313655031441024,0.12372229735473661,100.0,11.12992697071552,25
