model,model_size,arch_type,generation_mode,n_configs,KS_mean,KS_std,ACF_R2_mean,ACF_R2_std,NRMSE_mean,NRMSE_std,energy_err_mean,energy_err_std
llama-3,405,dense,iid,1,0.0944913550462405,,0.7437102626105268,,0.3363627171125228,,3.1313261341325154,
deepseek-r1-distill,70,dense,iid,4,0.1699234333896456,0.04078782668155564,0.9100921129108268,0.11530272520823338,0.14972297593519426,0.06723182919627,1.7171578654959518,2.10621161343496
llama-3,70,dense,iid,4,0.43573583760535173,0.16114420270325233,0.15598473988977535,0.7675732965173102,0.3530292456994943,0.17248344107301863,2.918606426098884,12.568573503601561
deepseek-r1-distill,8,dense,iid,8,0.17554264112749277,0.09689387868633668,0.9156234260252869,0.06142775598271317,0.24401807396689185,0.08849705833263585,0.7164323304025719,1.8168703894901805
llama-3,8,dense,iid,8,0.22531409710935396,0.1405457498951657,0.3677592063628202,0.6295906500666013,0.3478937047924241,0.13534449321000352,-1.3460020502572339,3.5934848452531365
gpt-oss,120,moe,ar1_with_iid_fallback,4,0.5375750058916041,0.16411556613367143,-0.5710447345102097,0.9967868611979965,0.28966823638790956,0.16065344566626646,8.507572883909098,15.230233458099212
gpt-oss,20,moe,ar1_with_iid_fallback,4,0.4720472832095367,0.16772610121173237,0.5981970591471516,0.1985269936216686,0.29271149924985296,0.16194351136821947,18.641548286246437,17.19316312616615
