config_id,display_label,generation_mode,decode_mode,median_filter_window,dt,num_test_traces,num_eval_traces,num_skipped_traces,num_points,ks_stat,nrmse,acf_r2,p95_error_pct,p99_error_pct,delta_energy_pct,original_mean_w,sampled_mean_w
deepseek-r1-distill-8b_H100_tp8,DeepSeek-R1-Distill-8B H100 TP=8,iid,stochastic,1,0.25,5,5,0,12405,0.05650947198710199,0.22757799877141657,0.931368713445994,0.1948799400061612,0.27836949523938476,0.9331158737491818,1517.6083018943973,1531.7449434563512
llama-3-8b_A100_tp8,Llama-3-8B A100 TP=8,iid,stochastic,1,0.25,3,3,0,7520,0.07513297872340427,0.4282396563930303,-0.020302328471392128,0.3665880755570893,0.46275397326408546,0.09172628718172388,992.8199734042554,993.7748526831358
