timestamp,query.start,query.end,index,uuid,power.draw [W],clocks.sm [MHz],clocks.mem [MHz],utilization.gpu [%],utilization.memory [%],memory.used [MiB],temperature.gpu
2026/07/24 16:22:25.572,2026/07/24 16:22:25.558,2026/07/24 16:22:25.587,0,GPU-e2681f6e-8d94-2d66-484f-43ea602335f9,90.48,1410,1593,0,0,73511,44
2026/07/24 16:22:25.572,2026/07/24 16:22:25.558,2026/07/24 16:22:25.587,1,GPU-713d5b24-2a1e-fd4a-7685-c3d195ff9230,83.14,1410,1593,0,0,73511,35
2026/07/24 16:22:25.824,2026/07/24 16:22:25.808,2026/07/24 16:22:25.840,0,GPU-e2681f6e-8d94-2d66-484f-43ea602335f9,90.81,1410,1593,0,0,73511,44
2026/07/24 16:22:25.824,2026/07/24 16:22:25.808,2026/07/24 16:22:25.840,1,GPU-713d5b24-2a1e-fd4a-7685-c3d195ff9230,83.14,1410,1593,0,0,73511,35
2026/07/24 16:22:26.072,2026/07/24 16:22:26.058,2026/07/24 16:22:26.086,0,GPU-e2681f6e-8d94-2d66-484f-43ea602335f9,90.16,1410,1593,0,0,73511,44
2026/07/24 16:22:26.072,2026/07/24 16:22:26.058,2026/07/24 16:22:26.086,1,GPU-713d5b24-2a1e-fd4a-7685-c3d195ff9230,83.14,1410,1593,0,0,73511,35
2026/07/24 16:22:26.323,2026/07/24 16:22:26.308,2026/07/24 16:22:26.337,0,GPU-e2681f6e-8d94-2d66-484f-43ea602335f9,89.56,1410,1593,0,0,73511,44
2026/07/24 16:22:26.323,2026/07/24 16:22:26.308,2026/07/24 16:22:26.337,1,GPU-713d5b24-2a1e-fd4a-7685-c3d195ff9230,83.22,1410,1593,0,0,73511,35
2026/07/24 16:22:26.573,2026/07/24 16:22:26.558,2026/07/24 16:22:26.588,0,GPU-e2681f6e-8d94-2d66-484f-43ea602335f9,89.56,1410,1593,0,0,73511,44
2026/07/24 16:22:26.573,2026/07/24 16:22:26.558,2026/07/24 16:22:26.588,1,GPU-713d5b24-2a1e-fd4a-7685-c3d195ff9230,83.14,1410,1593,0,0,73511,35
2026/07/24 16:22:26.824,2026/07/24 16:22:26.808,2026/07/24 16:22:26.840,0,GPU-e2681f6e-8d94-2d66-484f-43ea602335f9,89.56,1410,1593,0,0,73511,44
2026/07/24 16:22:26.824,2026/07/24 16:22:26.808,2026/07/24 16:22:26.840,1,GPU-713d5b24-2a1e-fd4a-7685-c3d195ff9230,83.14,1410,1593,0,0,73511,35
2026/07/24 16:22:27.073,2026/07/24 16:22:27.058,2026/07/24 16:22:27.087,0,GPU-e2681f6e-8d94-2d66-484f-43ea602335f9,89.88,1410,1593,0,0,73511,44
2026/07/24 16:22:27.073,2026/07/24 16:22:27.058,2026/07/24 16:22:27.087,1,GPU-713d5b24-2a1e-fd4a-7685-c3d195ff9230,83.14,1410,1593,0,0,73511,35
2026/07/24 16:22:27.322,2026/07/24 16:22:27.308,2026/07/24 16:22:27.336,0,GPU-e2681f6e-8d94-2d66-484f-43ea602335f9,89.88,1410,1593,0,0,73511,44
2026/07/24 16:22:27.322,2026/07/24 16:22:27.308,2026/07/24 16:22:27.336,1,GPU-713d5b24-2a1e-fd4a-7685-c3d195ff9230,83.14,1410,1593,0,0,73511,35
2026/07/24 16:22:27.572,2026/07/24 16:22:27.558,2026/07/24 16:22:27.586,0,GPU-e2681f6e-8d94-2d66-484f-43ea602335f9,89.56,1410,1593,0,0,73511,44
2026/07/24 16:22:27.572,2026/07/24 16:22:27.558,2026/07/24 16:22:27.586,1,GPU-713d5b24-2a1e-fd4a-7685-c3d195ff9230,83.14,1410,1593,0,0,73511,35
2026/07/24 16:22:27.823,2026/07/24 16:22:27.809,2026/07/24 16:22:27.838,0,GPU-e2681f6e-8d94-2d66-484f-43ea602335f9,89.56,1410,1593,0,0,73511,44
2026/07/24 16:22:27.823,2026/07/24 16:22:27.809,2026/07/24 16:22:27.838,1,GPU-713d5b24-2a1e-fd4a-7685-c3d195ff9230,83.14,1410,1593,0,0,73511,35
2026/07/24 16:22:28.073,2026/07/24 16:22:28.059,2026/07/24 16:22:28.088,0,GPU-e2681f6e-8d94-2d66-484f-43ea602335f9,89.56,1410,1593,0,0,73511,44
2026/07/24 16:22:28.073,2026/07/24 16:22:28.059,2026/07/24 16:22:28.088,1,GPU-713d5b24-2a1e-fd4a-7685-c3d195ff9230,83.14,1410,1593,0,0,73511,35
2026/07/24 16:22:28.322,2026/07/24 16:22:28.309,2026/07/24 16:22:28.336,0,GPU-e2681f6e-8d94-2d66-484f-43ea602335f9,89.56,1410,1593,0,0,73511,44
2026/07/24 16:22:28.322,2026/07/24 16:22:28.309,2026/07/24 16:22:28.336,1,GPU-713d5b24-2a1e-fd4a-7685-c3d195ff9230,83.14,1410,1593,0,0,73511,35
2026/07/24 16:22:28.573,2026/07/24 16:22:28.559,2026/07/24 16:22:28.586,0,GPU-e2681f6e-8d94-2d66-484f-43ea602335f9,89.88,1410,1593,0,0,73511,44
2026/07/24 16:22:28.573,2026/07/24 16:22:28.559,2026/07/24 16:22:28.586,1,GPU-713d5b24-2a1e-fd4a-7685-c3d195ff9230,83.14,1410,1593,0,0,73511,35
2026/07/24 16:22:28.823,2026/07/24 16:22:28.809,2026/07/24 16:22:28.837,0,GPU-e2681f6e-8d94-2d66-484f-43ea602335f9,89.56,1410,1593,0,0,73511,44
2026/07/24 16:22:28.823,2026/07/24 16:22:28.809,2026/07/24 16:22:28.837,1,GPU-713d5b24-2a1e-fd4a-7685-c3d195ff9230,83.22,1410,1593,0,0,73511,35
2026/07/24 16:22:29.075,2026/07/24 16:22:29.059,2026/07/24 16:22:29.090,0,GPU-e2681f6e-8d94-2d66-484f-43ea602335f9,89.65,1410,1593,0,0,73511,44
2026/07/24 16:22:29.075,2026/07/24 16:22:29.059,2026/07/24 16:22:29.090,1,GPU-713d5b24-2a1e-fd4a-7685-c3d195ff9230,83.14,1410,1593,0,0,73511,35
2026/07/24 16:22:29.322,2026/07/24 16:22:29.309,2026/07/24 16:22:29.336,0,GPU-e2681f6e-8d94-2d66-484f-43ea602335f9,89.88,1410,1593,0,0,73511,44
2026/07/24 16:22:29.322,2026/07/24 16:22:29.309,2026/07/24 16:22:29.336,1,GPU-713d5b24-2a1e-fd4a-7685-c3d195ff9230,83.14,1410,1593,0,0,73511,35
2026/07/24 16:22:29.572,2026/07/24 16:22:29.559,2026/07/24 16:22:29.586,0,GPU-e2681f6e-8d94-2d66-484f-43ea602335f9,89.88,1410,1593,0,0,73511,44
2026/07/24 16:22:29.572,2026/07/24 16:22:29.559,2026/07/24 16:22:29.586,1,GPU-713d5b24-2a1e-fd4a-7685-c3d195ff9230,83.46,1410,1593,0,0,73511,35
2026/07/24 16:22:29.823,2026/07/24 16:22:29.809,2026/07/24 16:22:29.837,0,GPU-e2681f6e-8d94-2d66-484f-43ea602335f9,89.56,1410,1593,0,0,73511,44
2026/07/24 16:22:29.823,2026/07/24 16:22:29.809,2026/07/24 16:22:29.837,1,GPU-713d5b24-2a1e-fd4a-7685-c3d195ff9230,83.14,1410,1593,0,0,73511,35
2026/07/24 16:22:30.074,2026/07/24 16:22:30.059,2026/07/24 16:22:30.089,0,GPU-e2681f6e-8d94-2d66-484f-43ea602335f9,89.56,1410,1593,0,0,73511,44
2026/07/24 16:22:30.074,2026/07/24 16:22:30.059,2026/07/24 16:22:30.089,1,GPU-713d5b24-2a1e-fd4a-7685-c3d195ff9230,83.46,1410,1593,0,0,73511,35
2026/07/24 16:22:30.324,2026/07/24 16:22:30.309,2026/07/24 16:22:30.338,0,GPU-e2681f6e-8d94-2d66-484f-43ea602335f9,89.56,1410,1593,0,0,73511,44
2026/07/24 16:22:30.324,2026/07/24 16:22:30.309,2026/07/24 16:22:30.338,1,GPU-713d5b24-2a1e-fd4a-7685-c3d195ff9230,83.14,1410,1593,0,0,73511,35
2026/07/24 16:22:30.573,2026/07/24 16:22:30.559,2026/07/24 16:22:30.586,0,GPU-e2681f6e-8d94-2d66-484f-43ea602335f9,89.56,1410,1593,0,0,73511,43
2026/07/24 16:22:30.573,2026/07/24 16:22:30.559,2026/07/24 16:22:30.586,1,GPU-713d5b24-2a1e-fd4a-7685-c3d195ff9230,83.14,1410,1593,0,0,73511,35
2026/07/24 16:22:30.824,2026/07/24 16:22:30.809,2026/07/24 16:22:30.840,0,GPU-e2681f6e-8d94-2d66-484f-43ea602335f9,89.56,1410,1593,0,0,73511,43
2026/07/24 16:22:30.824,2026/07/24 16:22:30.809,2026/07/24 16:22:30.840,1,GPU-713d5b24-2a1e-fd4a-7685-c3d195ff9230,83.46,1410,1593,0,0,73511,35
2026/07/24 16:22:31.074,2026/07/24 16:22:31.059,2026/07/24 16:22:31.089,0,GPU-e2681f6e-8d94-2d66-484f-43ea602335f9,89.56,1410,1593,0,0,73511,43
2026/07/24 16:22:31.074,2026/07/24 16:22:31.059,2026/07/24 16:22:31.089,1,GPU-713d5b24-2a1e-fd4a-7685-c3d195ff9230,83.14,1410,1593,0,0,73511,35
2026/07/24 16:22:31.323,2026/07/24 16:22:31.309,2026/07/24 16:22:31.337,0,GPU-e2681f6e-8d94-2d66-484f-43ea602335f9,89.29,1410,1593,0,0,73511,43
2026/07/24 16:22:31.323,2026/07/24 16:22:31.309,2026/07/24 16:22:31.337,1,GPU-713d5b24-2a1e-fd4a-7685-c3d195ff9230,83.14,1410,1593,0,0,73511,35
2026/07/24 16:22:31.573,2026/07/24 16:22:31.560,2026/07/24 16:22:31.586,0,GPU-e2681f6e-8d94-2d66-484f-43ea602335f9,89.29,1410,1593,0,0,73511,43
2026/07/24 16:22:31.573,2026/07/24 16:22:31.560,2026/07/24 16:22:31.586,1,GPU-713d5b24-2a1e-fd4a-7685-c3d195ff9230,83.14,1410,1593,0,0,73511,35
2026/07/24 16:22:31.826,2026/07/24 16:22:31.810,2026/07/24 16:22:31.842,0,GPU-e2681f6e-8d94-2d66-484f-43ea602335f9,89.56,1410,1593,0,0,73511,43
2026/07/24 16:22:31.826,2026/07/24 16:22:31.810,2026/07/24 16:22:31.842,1,GPU-713d5b24-2a1e-fd4a-7685-c3d195ff9230,83.14,1410,1593,0,0,73511,35
2026/07/24 16:22:32.075,2026/07/24 16:22:32.060,2026/07/24 16:22:32.090,0,GPU-e2681f6e-8d94-2d66-484f-43ea602335f9,89.29,1410,1593,0,0,73511,43
2026/07/24 16:22:32.075,2026/07/24 16:22:32.060,2026/07/24 16:22:32.090,1,GPU-713d5b24-2a1e-fd4a-7685-c3d195ff9230,83.22,1410,1593,0,0,73511,35
2026/07/24 16:22:32.324,2026/07/24 16:22:32.310,2026/07/24 16:22:32.338,0,GPU-e2681f6e-8d94-2d66-484f-43ea602335f9,89.29,1410,1593,0,0,73511,43
2026/07/24 16:22:32.324,2026/07/24 16:22:32.310,2026/07/24 16:22:32.338,1,GPU-713d5b24-2a1e-fd4a-7685-c3d195ff9230,83.14,1410,1593,0,0,73511,35
2026/07/24 16:22:32.573,2026/07/24 16:22:32.560,2026/07/24 16:22:32.586,0,GPU-e2681f6e-8d94-2d66-484f-43ea602335f9,89.29,1410,1593,0,0,73511,43
2026/07/24 16:22:32.573,2026/07/24 16:22:32.560,2026/07/24 16:22:32.586,1,GPU-713d5b24-2a1e-fd4a-7685-c3d195ff9230,83.46,1410,1593,0,0,73511,35
2026/07/24 16:22:32.824,2026/07/24 16:22:32.810,2026/07/24 16:22:32.839,0,GPU-e2681f6e-8d94-2d66-484f-43ea602335f9,89.29,1410,1593,0,0,73511,43
2026/07/24 16:22:32.824,2026/07/24 16:22:32.810,2026/07/24 16:22:32.839,1,GPU-713d5b24-2a1e-fd4a-7685-c3d195ff9230,83.14,1410,1593,0,0,73511,35
2026/07/24 16:22:33.075,2026/07/24 16:22:33.060,2026/07/24 16:22:33.090,0,GPU-e2681f6e-8d94-2d66-484f-43ea602335f9,89.29,1410,1593,0,0,73511,43
2026/07/24 16:22:33.075,2026/07/24 16:22:33.060,2026/07/24 16:22:33.090,1,GPU-713d5b24-2a1e-fd4a-7685-c3d195ff9230,83.14,1410,1593,0,0,73511,35
2026/07/24 16:22:33.325,2026/07/24 16:22:33.310,2026/07/24 16:22:33.339,0,GPU-e2681f6e-8d94-2d66-484f-43ea602335f9,89.29,1410,1593,0,0,73511,43
2026/07/24 16:22:33.325,2026/07/24 16:22:33.310,2026/07/24 16:22:33.339,1,GPU-713d5b24-2a1e-fd4a-7685-c3d195ff9230,83.14,1410,1593,0,0,73511,35
2026/07/24 16:22:33.574,2026/07/24 16:22:33.560,2026/07/24 16:22:33.587,0,GPU-e2681f6e-8d94-2d66-484f-43ea602335f9,89.56,1410,1593,0,0,73511,43
2026/07/24 16:22:33.574,2026/07/24 16:22:33.560,2026/07/24 16:22:33.587,1,GPU-713d5b24-2a1e-fd4a-7685-c3d195ff9230,83.14,1410,1593,0,0,73511,35
2026/07/24 16:22:33.824,2026/07/24 16:22:33.810,2026/07/24 16:22:33.839,0,GPU-e2681f6e-8d94-2d66-484f-43ea602335f9,89.29,1410,1593,0,0,73511,43
2026/07/24 16:22:33.824,2026/07/24 16:22:33.810,2026/07/24 16:22:33.839,1,GPU-713d5b24-2a1e-fd4a-7685-c3d195ff9230,83.14,1410,1593,0,0,73511,35
2026/07/24 16:22:34.076,2026/07/24 16:22:34.060,2026/07/24 16:22:34.091,0,GPU-e2681f6e-8d94-2d66-484f-43ea602335f9,89.56,1410,1593,0,0,73511,43
2026/07/24 16:22:34.076,2026/07/24 16:22:34.060,2026/07/24 16:22:34.091,1,GPU-713d5b24-2a1e-fd4a-7685-c3d195ff9230,83.14,1410,1593,0,0,73511,35
2026/07/24 16:22:34.325,2026/07/24 16:22:34.310,2026/07/24 16:22:34.339,0,GPU-e2681f6e-8d94-2d66-484f-43ea602335f9,89.29,1410,1593,0,0,73511,43
2026/07/24 16:22:34.325,2026/07/24 16:22:34.310,2026/07/24 16:22:34.339,1,GPU-713d5b24-2a1e-fd4a-7685-c3d195ff9230,83.14,1410,1593,0,0,73511,35
2026/07/24 16:22:34.574,2026/07/24 16:22:34.560,2026/07/24 16:22:34.587,0,GPU-e2681f6e-8d94-2d66-484f-43ea602335f9,89.29,1410,1593,0,0,73511,43
2026/07/24 16:22:34.574,2026/07/24 16:22:34.560,2026/07/24 16:22:34.587,1,GPU-713d5b24-2a1e-fd4a-7685-c3d195ff9230,83.14,1410,1593,0,0,73511,35
2026/07/24 16:22:34.824,2026/07/24 16:22:34.810,2026/07/24 16:22:34.838,0,GPU-e2681f6e-8d94-2d66-484f-43ea602335f9,89.56,1410,1593,0,0,73511,43
2026/07/24 16:22:34.824,2026/07/24 16:22:34.810,2026/07/24 16:22:34.838,1,GPU-713d5b24-2a1e-fd4a-7685-c3d195ff9230,83.14,1410,1593,0,0,73511,35
2026/07/24 16:22:35.075,2026/07/24 16:22:35.061,2026/07/24 16:22:35.089,0,GPU-e2681f6e-8d94-2d66-484f-43ea602335f9,89.29,1410,1593,0,0,73511,43
2026/07/24 16:22:35.075,2026/07/24 16:22:35.061,2026/07/24 16:22:35.089,1,GPU-713d5b24-2a1e-fd4a-7685-c3d195ff9230,83.14,1410,1593,0,0,73511,35
2026/07/24 16:22:35.326,2026/07/24 16:22:35.311,2026/07/24 16:22:35.341,0,GPU-e2681f6e-8d94-2d66-484f-43ea602335f9,89.29,1410,1593,0,0,73511,43
2026/07/24 16:22:35.326,2026/07/24 16:22:35.311,2026/07/24 16:22:35.341,1,GPU-713d5b24-2a1e-fd4a-7685-c3d195ff9230,83.46,1410,1593,0,0,73511,35
2026/07/24 16:22:35.575,2026/07/24 16:22:35.561,2026/07/24 16:22:35.589,0,GPU-e2681f6e-8d94-2d66-484f-43ea602335f9,89.29,1410,1593,0,0,73511,43
2026/07/24 16:22:35.575,2026/07/24 16:22:35.561,2026/07/24 16:22:35.589,1,GPU-713d5b24-2a1e-fd4a-7685-c3d195ff9230,83.22,1410,1593,0,0,73511,35
2026/07/24 16:22:35.825,2026/07/24 16:22:35.811,2026/07/24 16:22:35.839,0,GPU-e2681f6e-8d94-2d66-484f-43ea602335f9,89.56,1410,1593,0,0,73511,43
2026/07/24 16:22:35.825,2026/07/24 16:22:35.811,2026/07/24 16:22:35.839,1,GPU-713d5b24-2a1e-fd4a-7685-c3d195ff9230,83.22,1410,1593,0,0,73511,35
2026/07/24 16:22:36.074,2026/07/24 16:22:36.061,2026/07/24 16:22:36.088,0,GPU-e2681f6e-8d94-2d66-484f-43ea602335f9,89.29,1410,1593,0,0,73511,43
2026/07/24 16:22:36.074,2026/07/24 16:22:36.061,2026/07/24 16:22:36.088,1,GPU-713d5b24-2a1e-fd4a-7685-c3d195ff9230,83.46,1410,1593,0,0,73511,35
2026/07/24 16:22:36.327,2026/07/24 16:22:36.311,2026/07/24 16:22:36.343,0,GPU-e2681f6e-8d94-2d66-484f-43ea602335f9,89.56,1410,1593,0,0,73511,43
2026/07/24 16:22:36.327,2026/07/24 16:22:36.311,2026/07/24 16:22:36.343,1,GPU-713d5b24-2a1e-fd4a-7685-c3d195ff9230,83.14,1410,1593,0,0,73511,35
2026/07/24 16:22:36.575,2026/07/24 16:22:36.561,2026/07/24 16:22:36.588,0,GPU-e2681f6e-8d94-2d66-484f-43ea602335f9,89.29,1410,1593,0,0,73511,43
2026/07/24 16:22:36.575,2026/07/24 16:22:36.561,2026/07/24 16:22:36.588,1,GPU-713d5b24-2a1e-fd4a-7685-c3d195ff9230,83.73,1410,1593,0,0,73511,35
2026/07/24 16:22:36.826,2026/07/24 16:22:36.811,2026/07/24 16:22:36.840,0,GPU-e2681f6e-8d94-2d66-484f-43ea602335f9,89.29,1410,1593,0,0,73511,43
2026/07/24 16:22:36.826,2026/07/24 16:22:36.811,2026/07/24 16:22:36.840,1,GPU-713d5b24-2a1e-fd4a-7685-c3d195ff9230,83.22,1410,1593,0,0,73511,35
2026/07/24 16:22:37.075,2026/07/24 16:22:37.061,2026/07/24 16:22:37.088,0,GPU-e2681f6e-8d94-2d66-484f-43ea602335f9,89.29,1410,1593,0,0,73511,43
2026/07/24 16:22:37.075,2026/07/24 16:22:37.061,2026/07/24 16:22:37.088,1,GPU-713d5b24-2a1e-fd4a-7685-c3d195ff9230,83.22,1410,1593,0,0,73511,35
2026/07/24 16:22:37.325,2026/07/24 16:22:37.311,2026/07/24 16:22:37.338,0,GPU-e2681f6e-8d94-2d66-484f-43ea602335f9,89.29,1410,1593,0,0,73511,43
2026/07/24 16:22:37.325,2026/07/24 16:22:37.311,2026/07/24 16:22:37.338,1,GPU-713d5b24-2a1e-fd4a-7685-c3d195ff9230,83.22,1410,1593,0,0,73511,35
2026/07/24 16:22:37.574,2026/07/24 16:22:37.561,2026/07/24 16:22:37.587,0,GPU-e2681f6e-8d94-2d66-484f-43ea602335f9,89.29,1410,1593,0,0,73511,43
2026/07/24 16:22:37.574,2026/07/24 16:22:37.561,2026/07/24 16:22:37.587,1,GPU-713d5b24-2a1e-fd4a-7685-c3d195ff9230,83.14,1410,1593,0,0,73511,35
2026/07/24 16:22:37.826,2026/07/24 16:22:37.811,2026/07/24 16:22:37.841,0,GPU-e2681f6e-8d94-2d66-484f-43ea602335f9,89.29,1410,1593,0,0,73511,43
2026/07/24 16:22:37.826,2026/07/24 16:22:37.811,2026/07/24 16:22:37.841,1,GPU-713d5b24-2a1e-fd4a-7685-c3d195ff9230,83.14,1410,1593,0,0,73511,35
2026/07/24 16:22:38.076,2026/07/24 16:22:38.061,2026/07/24 16:22:38.090,0,GPU-e2681f6e-8d94-2d66-484f-43ea602335f9,89.29,1410,1593,0,0,73511,43
2026/07/24 16:22:38.076,2026/07/24 16:22:38.061,2026/07/24 16:22:38.090,1,GPU-713d5b24-2a1e-fd4a-7685-c3d195ff9230,83.14,1410,1593,0,0,73511,35
2026/07/24 16:22:38.325,2026/07/24 16:22:38.311,2026/07/24 16:22:38.339,0,GPU-e2681f6e-8d94-2d66-484f-43ea602335f9,89.29,1410,1593,0,0,73511,43
2026/07/24 16:22:38.325,2026/07/24 16:22:38.311,2026/07/24 16:22:38.339,1,GPU-713d5b24-2a1e-fd4a-7685-c3d195ff9230,83.14,1410,1593,0,0,73511,35
2026/07/24 16:22:38.575,2026/07/24 16:22:38.562,2026/07/24 16:22:38.589,0,GPU-e2681f6e-8d94-2d66-484f-43ea602335f9,89.56,1410,1593,0,0,73511,43
2026/07/24 16:22:38.575,2026/07/24 16:22:38.562,2026/07/24 16:22:38.589,1,GPU-713d5b24-2a1e-fd4a-7685-c3d195ff9230,83.14,1410,1593,0,0,73511,35
2026/07/24 16:22:38.826,2026/07/24 16:22:38.812,2026/07/24 16:22:38.840,0,GPU-e2681f6e-8d94-2d66-484f-43ea602335f9,89.88,1410,1593,0,0,73511,43
2026/07/24 16:22:38.826,2026/07/24 16:22:38.812,2026/07/24 16:22:38.840,1,GPU-713d5b24-2a1e-fd4a-7685-c3d195ff9230,83.14,1410,1593,0,0,73511,35
2026/07/24 16:22:39.076,2026/07/24 16:22:39.062,2026/07/24 16:22:39.091,0,GPU-e2681f6e-8d94-2d66-484f-43ea602335f9,89.88,1410,1593,0,0,73511,43
2026/07/24 16:22:39.076,2026/07/24 16:22:39.062,2026/07/24 16:22:39.091,1,GPU-713d5b24-2a1e-fd4a-7685-c3d195ff9230,83.14,1410,1593,0,0,73511,35
2026/07/24 16:22:39.325,2026/07/24 16:22:39.312,2026/07/24 16:22:39.339,0,GPU-e2681f6e-8d94-2d66-484f-43ea602335f9,89.88,1410,1593,0,0,73511,43
2026/07/24 16:22:39.325,2026/07/24 16:22:39.312,2026/07/24 16:22:39.339,1,GPU-713d5b24-2a1e-fd4a-7685-c3d195ff9230,83.22,1410,1593,0,0,73511,35
2026/07/24 16:22:39.576,2026/07/24 16:22:39.562,2026/07/24 16:22:39.590,0,GPU-e2681f6e-8d94-2d66-484f-43ea602335f9,89.56,1410,1593,0,0,73511,43
2026/07/24 16:22:39.576,2026/07/24 16:22:39.562,2026/07/24 16:22:39.590,1,GPU-713d5b24-2a1e-fd4a-7685-c3d195ff9230,83.14,1410,1593,0,0,73511,35
2026/07/24 16:22:39.827,2026/07/24 16:22:39.812,2026/07/24 16:22:39.841,0,GPU-e2681f6e-8d94-2d66-484f-43ea602335f9,89.56,1410,1593,0,0,73511,43
2026/07/24 16:22:39.827,2026/07/24 16:22:39.812,2026/07/24 16:22:39.841,1,GPU-713d5b24-2a1e-fd4a-7685-c3d195ff9230,83.14,1410,1593,0,0,73511,35
2026/07/24 16:22:40.076,2026/07/24 16:22:40.062,2026/07/24 16:22:40.090,0,GPU-e2681f6e-8d94-2d66-484f-43ea602335f9,89.88,1410,1593,0,0,73511,43
2026/07/24 16:22:40.076,2026/07/24 16:22:40.062,2026/07/24 16:22:40.090,1,GPU-713d5b24-2a1e-fd4a-7685-c3d195ff9230,83.14,1410,1593,0,0,73511,35
2026/07/24 16:22:40.327,2026/07/24 16:22:40.312,2026/07/24 16:22:40.342,0,GPU-e2681f6e-8d94-2d66-484f-43ea602335f9,89.56,1410,1593,0,0,73511,43
2026/07/24 16:22:40.327,2026/07/24 16:22:40.312,2026/07/24 16:22:40.342,1,GPU-713d5b24-2a1e-fd4a-7685-c3d195ff9230,83.46,1410,1593,0,0,73511,35
2026/07/24 16:22:40.575,2026/07/24 16:22:40.562,2026/07/24 16:22:40.588,0,GPU-e2681f6e-8d94-2d66-484f-43ea602335f9,89.88,1410,1593,0,0,73511,43
2026/07/24 16:22:40.575,2026/07/24 16:22:40.562,2026/07/24 16:22:40.588,1,GPU-713d5b24-2a1e-fd4a-7685-c3d195ff9230,83.22,1410,1593,0,0,73511,35
2026/07/24 16:22:40.827,2026/07/24 16:22:40.812,2026/07/24 16:22:40.841,0,GPU-e2681f6e-8d94-2d66-484f-43ea602335f9,89.88,1410,1593,0,0,73511,43
2026/07/24 16:22:40.827,2026/07/24 16:22:40.812,2026/07/24 16:22:40.841,1,GPU-713d5b24-2a1e-fd4a-7685-c3d195ff9230,83.14,1410,1593,0,0,73511,35
2026/07/24 16:22:41.076,2026/07/24 16:22:41.062,2026/07/24 16:22:41.090,0,GPU-e2681f6e-8d94-2d66-484f-43ea602335f9,89.88,1410,1593,0,0,73511,43
2026/07/24 16:22:41.076,2026/07/24 16:22:41.062,2026/07/24 16:22:41.090,1,GPU-713d5b24-2a1e-fd4a-7685-c3d195ff9230,83.14,1410,1593,0,0,73511,35
2026/07/24 16:22:41.328,2026/07/24 16:22:41.312,2026/07/24 16:22:41.343,0,GPU-e2681f6e-8d94-2d66-484f-43ea602335f9,89.88,1410,1593,0,0,73511,43
2026/07/24 16:22:41.328,2026/07/24 16:22:41.312,2026/07/24 16:22:41.343,1,GPU-713d5b24-2a1e-fd4a-7685-c3d195ff9230,83.14,1410,1593,0,0,73511,35
2026/07/24 16:22:41.575,2026/07/24 16:22:41.562,2026/07/24 16:22:41.588,0,GPU-e2681f6e-8d94-2d66-484f-43ea602335f9,89.88,1410,1593,0,0,73511,43
2026/07/24 16:22:41.575,2026/07/24 16:22:41.562,2026/07/24 16:22:41.588,1,GPU-713d5b24-2a1e-fd4a-7685-c3d195ff9230,83.14,1410,1593,0,0,73511,35
2026/07/24 16:22:41.828,2026/07/24 16:22:41.813,2026/07/24 16:22:41.844,0,GPU-e2681f6e-8d94-2d66-484f-43ea602335f9,89.29,1410,1593,0,0,73511,43
2026/07/24 16:22:41.828,2026/07/24 16:22:41.813,2026/07/24 16:22:41.844,1,GPU-713d5b24-2a1e-fd4a-7685-c3d195ff9230,83.14,1410,1593,0,0,73511,35
2026/07/24 16:22:42.078,2026/07/24 16:22:42.063,2026/07/24 16:22:42.093,0,GPU-e2681f6e-8d94-2d66-484f-43ea602335f9,89.29,1410,1593,0,0,73511,43
2026/07/24 16:22:42.078,2026/07/24 16:22:42.063,2026/07/24 16:22:42.093,1,GPU-713d5b24-2a1e-fd4a-7685-c3d195ff9230,83.14,1410,1593,0,0,73511,35
2026/07/24 16:22:42.326,2026/07/24 16:22:42.313,2026/07/24 16:22:42.339,0,GPU-e2681f6e-8d94-2d66-484f-43ea602335f9,89.29,1410,1593,0,0,73511,43
2026/07/24 16:22:42.326,2026/07/24 16:22:42.313,2026/07/24 16:22:42.339,1,GPU-713d5b24-2a1e-fd4a-7685-c3d195ff9230,83.14,1410,1593,0,0,73511,35
2026/07/24 16:22:42.575,2026/07/24 16:22:42.563,2026/07/24 16:22:42.588,0,GPU-e2681f6e-8d94-2d66-484f-43ea602335f9,88.97,1410,1593,0,0,73511,43
2026/07/24 16:22:42.575,2026/07/24 16:22:42.563,2026/07/24 16:22:42.588,1,GPU-713d5b24-2a1e-fd4a-7685-c3d195ff9230,83.73,1410,1593,0,0,73511,35
2026/07/24 16:22:42.827,2026/07/24 16:22:42.813,2026/07/24 16:22:42.840,0,GPU-e2681f6e-8d94-2d66-484f-43ea602335f9,88.97,1410,1593,0,0,73511,43
2026/07/24 16:22:42.827,2026/07/24 16:22:42.813,2026/07/24 16:22:42.840,1,GPU-713d5b24-2a1e-fd4a-7685-c3d195ff9230,83.22,1410,1593,0,0,73511,35
2026/07/24 16:22:43.079,2026/07/24 16:22:43.063,2026/07/24 16:22:43.095,0,GPU-e2681f6e-8d94-2d66-484f-43ea602335f9,89.29,1410,1593,0,0,73511,43
2026/07/24 16:22:43.079,2026/07/24 16:22:43.063,2026/07/24 16:22:43.095,1,GPU-713d5b24-2a1e-fd4a-7685-c3d195ff9230,83.14,1410,1593,0,0,73511,35
2026/07/24 16:22:43.326,2026/07/24 16:22:43.313,2026/07/24 16:22:43.340,0,GPU-e2681f6e-8d94-2d66-484f-43ea602335f9,88.97,1410,1593,0,0,73511,43
2026/07/24 16:22:43.326,2026/07/24 16:22:43.313,2026/07/24 16:22:43.340,1,GPU-713d5b24-2a1e-fd4a-7685-c3d195ff9230,83.14,1410,1593,0,0,73511,35
2026/07/24 16:22:43.590,2026/07/24 16:22:43.563,2026/07/24 16:22:43.616,0,GPU-e2681f6e-8d94-2d66-484f-43ea602335f9,92.27,1410,1593,0,0,73511,43
2026/07/24 16:22:43.590,2026/07/24 16:22:43.563,2026/07/24 16:22:43.616,1,GPU-713d5b24-2a1e-fd4a-7685-c3d195ff9230,87.36,1410,1593,0,0,73511,35
2026/07/24 16:22:43.828,2026/07/24 16:22:43.813,2026/07/24 16:22:43.842,0,GPU-e2681f6e-8d94-2d66-484f-43ea602335f9,89.29,1410,1593,0,0,73511,43
2026/07/24 16:22:43.828,2026/07/24 16:22:43.813,2026/07/24 16:22:43.842,1,GPU-713d5b24-2a1e-fd4a-7685-c3d195ff9230,83.14,1410,1593,0,0,73511,35
2026/07/24 16:22:44.078,2026/07/24 16:22:44.063,2026/07/24 16:22:44.093,0,GPU-e2681f6e-8d94-2d66-484f-43ea602335f9,88.97,1410,1593,0,0,73511,43
2026/07/24 16:22:44.078,2026/07/24 16:22:44.063,2026/07/24 16:22:44.093,1,GPU-713d5b24-2a1e-fd4a-7685-c3d195ff9230,83.14,1410,1593,0,0,73511,35
2026/07/24 16:22:44.326,2026/07/24 16:22:44.313,2026/07/24 16:22:44.339,0,GPU-e2681f6e-8d94-2d66-484f-43ea602335f9,89.56,1410,1593,0,0,73511,43
2026/07/24 16:22:44.326,2026/07/24 16:22:44.313,2026/07/24 16:22:44.339,1,GPU-713d5b24-2a1e-fd4a-7685-c3d195ff9230,83.14,1410,1593,0,0,73511,35
2026/07/24 16:22:44.576,2026/07/24 16:22:44.563,2026/07/24 16:22:44.588,0,GPU-e2681f6e-8d94-2d66-484f-43ea602335f9,89.56,1410,1593,0,0,73511,43
2026/07/24 16:22:44.576,2026/07/24 16:22:44.563,2026/07/24 16:22:44.588,1,GPU-713d5b24-2a1e-fd4a-7685-c3d195ff9230,83.14,1410,1593,0,0,73511,35
2026/07/24 16:22:44.827,2026/07/24 16:22:44.813,2026/07/24 16:22:44.841,0,GPU-e2681f6e-8d94-2d66-484f-43ea602335f9,89.56,1410,1593,0,0,73511,43
2026/07/24 16:22:44.827,2026/07/24 16:22:44.813,2026/07/24 16:22:44.841,1,GPU-713d5b24-2a1e-fd4a-7685-c3d195ff9230,83.14,1410,1593,0,0,73511,35
2026/07/24 16:22:45.077,2026/07/24 16:22:45.063,2026/07/24 16:22:45.091,0,GPU-e2681f6e-8d94-2d66-484f-43ea602335f9,89.56,1410,1593,0,0,73511,43
2026/07/24 16:22:45.077,2026/07/24 16:22:45.063,2026/07/24 16:22:45.091,1,GPU-713d5b24-2a1e-fd4a-7685-c3d195ff9230,83.22,1410,1593,0,0,73511,35
2026/07/24 16:22:45.327,2026/07/24 16:22:45.314,2026/07/24 16:22:45.340,0,GPU-e2681f6e-8d94-2d66-484f-43ea602335f9,89.56,1410,1593,0,0,73511,43
2026/07/24 16:22:45.327,2026/07/24 16:22:45.314,2026/07/24 16:22:45.340,1,GPU-713d5b24-2a1e-fd4a-7685-c3d195ff9230,83.22,1410,1593,0,0,73511,35
2026/07/24 16:22:45.577,2026/07/24 16:22:45.564,2026/07/24 16:22:45.590,0,GPU-e2681f6e-8d94-2d66-484f-43ea602335f9,89.56,1410,1593,0,0,73511,43
2026/07/24 16:22:45.577,2026/07/24 16:22:45.564,2026/07/24 16:22:45.590,1,GPU-713d5b24-2a1e-fd4a-7685-c3d195ff9230,83.14,1410,1593,0,0,73511,35
2026/07/24 16:22:45.829,2026/07/24 16:22:45.814,2026/07/24 16:22:45.844,0,GPU-e2681f6e-8d94-2d66-484f-43ea602335f9,89.56,1410,1593,0,0,73511,43
2026/07/24 16:22:45.829,2026/07/24 16:22:45.814,2026/07/24 16:22:45.844,1,GPU-713d5b24-2a1e-fd4a-7685-c3d195ff9230,83.22,1410,1593,0,0,73511,35
2026/07/24 16:22:46.077,2026/07/24 16:22:46.064,2026/07/24 16:22:46.091,0,GPU-e2681f6e-8d94-2d66-484f-43ea602335f9,89.56,1410,1593,0,0,73511,43
2026/07/24 16:22:46.077,2026/07/24 16:22:46.064,2026/07/24 16:22:46.091,1,GPU-713d5b24-2a1e-fd4a-7685-c3d195ff9230,83.14,1410,1593,0,0,73511,35
2026/07/24 16:22:46.328,2026/07/24 16:22:46.314,2026/07/24 16:22:46.342,0,GPU-e2681f6e-8d94-2d66-484f-43ea602335f9,89.56,1410,1593,0,0,73511,43
2026/07/24 16:22:46.328,2026/07/24 16:22:46.314,2026/07/24 16:22:46.342,1,GPU-713d5b24-2a1e-fd4a-7685-c3d195ff9230,83.14,1410,1593,0,0,73511,35
2026/07/24 16:22:46.576,2026/07/24 16:22:46.564,2026/07/24 16:22:46.588,0,GPU-e2681f6e-8d94-2d66-484f-43ea602335f9,89.88,1410,1593,0,0,73511,43
2026/07/24 16:22:46.576,2026/07/24 16:22:46.564,2026/07/24 16:22:46.588,1,GPU-713d5b24-2a1e-fd4a-7685-c3d195ff9230,83.14,1410,1593,0,0,73511,35
2026/07/24 16:22:46.828,2026/07/24 16:22:46.814,2026/07/24 16:22:46.843,0,GPU-e2681f6e-8d94-2d66-484f-43ea602335f9,89.56,1410,1593,0,0,73511,43
2026/07/24 16:22:46.828,2026/07/24 16:22:46.814,2026/07/24 16:22:46.843,1,GPU-713d5b24-2a1e-fd4a-7685-c3d195ff9230,83.14,1410,1593,0,0,73511,35
2026/07/24 16:22:47.078,2026/07/24 16:22:47.064,2026/07/24 16:22:47.092,0,GPU-e2681f6e-8d94-2d66-484f-43ea602335f9,89.56,1410,1593,0,0,73511,43
2026/07/24 16:22:47.078,2026/07/24 16:22:47.064,2026/07/24 16:22:47.092,1,GPU-713d5b24-2a1e-fd4a-7685-c3d195ff9230,83.22,1410,1593,0,0,73511,35
2026/07/24 16:22:47.327,2026/07/24 16:22:47.314,2026/07/24 16:22:47.341,0,GPU-e2681f6e-8d94-2d66-484f-43ea602335f9,89.56,1410,1593,0,0,73511,43
2026/07/24 16:22:47.327,2026/07/24 16:22:47.314,2026/07/24 16:22:47.341,1,GPU-713d5b24-2a1e-fd4a-7685-c3d195ff9230,83.14,1410,1593,0,0,73511,35
2026/07/24 16:22:47.577,2026/07/24 16:22:47.564,2026/07/24 16:22:47.589,0,GPU-e2681f6e-8d94-2d66-484f-43ea602335f9,89.56,1410,1593,0,0,73511,43
2026/07/24 16:22:47.577,2026/07/24 16:22:47.564,2026/07/24 16:22:47.589,1,GPU-713d5b24-2a1e-fd4a-7685-c3d195ff9230,83.14,1410,1593,0,0,73511,35
2026/07/24 16:22:47.827,2026/07/24 16:22:47.814,2026/07/24 16:22:47.840,0,GPU-e2681f6e-8d94-2d66-484f-43ea602335f9,89.88,1410,1593,0,0,73511,43
2026/07/24 16:22:47.827,2026/07/24 16:22:47.814,2026/07/24 16:22:47.840,1,GPU-713d5b24-2a1e-fd4a-7685-c3d195ff9230,83.22,1410,1593,0,0,73511,35
2026/07/24 16:22:48.078,2026/07/24 16:22:48.064,2026/07/24 16:22:48.092,0,GPU-e2681f6e-8d94-2d66-484f-43ea602335f9,89.88,1410,1593,0,0,73511,43
2026/07/24 16:22:48.078,2026/07/24 16:22:48.064,2026/07/24 16:22:48.092,1,GPU-713d5b24-2a1e-fd4a-7685-c3d195ff9230,83.46,1410,1593,0,0,73511,35
2026/07/24 16:22:48.327,2026/07/24 16:22:48.315,2026/07/24 16:22:48.340,0,GPU-e2681f6e-8d94-2d66-484f-43ea602335f9,89.56,1410,1593,0,0,73511,43
2026/07/24 16:22:48.327,2026/07/24 16:22:48.315,2026/07/24 16:22:48.340,1,GPU-713d5b24-2a1e-fd4a-7685-c3d195ff9230,83.14,1410,1593,0,0,73511,35
2026/07/24 16:22:48.589,2026/07/24 16:22:48.565,2026/07/24 16:22:48.612,0,GPU-e2681f6e-8d94-2d66-484f-43ea602335f9,89.88,1410,1593,0,0,73511,43
2026/07/24 16:22:48.589,2026/07/24 16:22:48.565,2026/07/24 16:22:48.612,1,GPU-713d5b24-2a1e-fd4a-7685-c3d195ff9230,83.14,1410,1593,0,0,73511,35
2026/07/24 16:22:48.831,2026/07/24 16:22:48.815,2026/07/24 16:22:48.847,0,GPU-e2681f6e-8d94-2d66-484f-43ea602335f9,89.88,1410,1593,0,0,73511,43
2026/07/24 16:22:48.831,2026/07/24 16:22:48.815,2026/07/24 16:22:48.847,1,GPU-713d5b24-2a1e-fd4a-7685-c3d195ff9230,83.46,1410,1593,0,0,73511,35
2026/07/24 16:22:49.079,2026/07/24 16:22:49.065,2026/07/24 16:22:49.092,0,GPU-e2681f6e-8d94-2d66-484f-43ea602335f9,89.56,1410,1593,0,0,73511,43
2026/07/24 16:22:49.079,2026/07/24 16:22:49.065,2026/07/24 16:22:49.092,1,GPU-713d5b24-2a1e-fd4a-7685-c3d195ff9230,83.46,1410,1593,0,0,73511,35
2026/07/24 16:22:49.328,2026/07/24 16:22:49.315,2026/07/24 16:22:49.342,0,GPU-e2681f6e-8d94-2d66-484f-43ea602335f9,89.88,1410,1593,0,0,73511,43
2026/07/24 16:22:49.328,2026/07/24 16:22:49.315,2026/07/24 16:22:49.342,1,GPU-713d5b24-2a1e-fd4a-7685-c3d195ff9230,83.14,1410,1593,0,0,73511,35
2026/07/24 16:22:49.577,2026/07/24 16:22:49.565,2026/07/24 16:22:49.589,0,GPU-e2681f6e-8d94-2d66-484f-43ea602335f9,89.88,1410,1593,0,0,73511,43
2026/07/24 16:22:49.577,2026/07/24 16:22:49.565,2026/07/24 16:22:49.589,1,GPU-713d5b24-2a1e-fd4a-7685-c3d195ff9230,83.14,1410,1593,0,0,73511,35
2026/07/24 16:22:49.828,2026/07/24 16:22:49.815,2026/07/24 16:22:49.841,0,GPU-e2681f6e-8d94-2d66-484f-43ea602335f9,89.56,1410,1593,0,0,73511,43
2026/07/24 16:22:49.828,2026/07/24 16:22:49.815,2026/07/24 16:22:49.841,1,GPU-713d5b24-2a1e-fd4a-7685-c3d195ff9230,83.22,1410,1593,0,0,73511,35
2026/07/24 16:22:50.078,2026/07/24 16:22:50.065,2026/07/24 16:22:50.091,0,GPU-e2681f6e-8d94-2d66-484f-43ea602335f9,89.56,1410,1593,0,0,73511,43
2026/07/24 16:22:50.078,2026/07/24 16:22:50.065,2026/07/24 16:22:50.091,1,GPU-713d5b24-2a1e-fd4a-7685-c3d195ff9230,83.14,1410,1593,0,0,73511,35
2026/07/24 16:22:50.329,2026/07/24 16:22:50.315,2026/07/24 16:22:50.343,0,GPU-e2681f6e-8d94-2d66-484f-43ea602335f9,89.56,1410,1593,0,0,73511,43
2026/07/24 16:22:50.329,2026/07/24 16:22:50.315,2026/07/24 16:22:50.343,1,GPU-713d5b24-2a1e-fd4a-7685-c3d195ff9230,83.22,1410,1593,0,0,73511,35
2026/07/24 16:22:50.577,2026/07/24 16:22:50.565,2026/07/24 16:22:50.589,0,GPU-e2681f6e-8d94-2d66-484f-43ea602335f9,89.56,1410,1593,0,0,73511,43
2026/07/24 16:22:50.577,2026/07/24 16:22:50.565,2026/07/24 16:22:50.589,1,GPU-713d5b24-2a1e-fd4a-7685-c3d195ff9230,83.14,1410,1593,0,0,73511,35
2026/07/24 16:22:50.828,2026/07/24 16:22:50.815,2026/07/24 16:22:50.840,0,GPU-e2681f6e-8d94-2d66-484f-43ea602335f9,89.56,1410,1593,0,0,73511,43
2026/07/24 16:22:50.828,2026/07/24 16:22:50.815,2026/07/24 16:22:50.840,1,GPU-713d5b24-2a1e-fd4a-7685-c3d195ff9230,83.14,1410,1593,0,0,73511,35
2026/07/24 16:22:51.079,2026/07/24 16:22:51.065,2026/07/24 16:22:51.092,0,GPU-e2681f6e-8d94-2d66-484f-43ea602335f9,89.56,1410,1593,0,0,73511,43
2026/07/24 16:22:51.079,2026/07/24 16:22:51.065,2026/07/24 16:22:51.092,1,GPU-713d5b24-2a1e-fd4a-7685-c3d195ff9230,83.14,1410,1593,0,0,73511,35
2026/07/24 16:22:51.329,2026/07/24 16:22:51.315,2026/07/24 16:22:51.343,0,GPU-e2681f6e-8d94-2d66-484f-43ea602335f9,89.56,1410,1593,0,0,73511,42
2026/07/24 16:22:51.329,2026/07/24 16:22:51.315,2026/07/24 16:22:51.343,1,GPU-713d5b24-2a1e-fd4a-7685-c3d195ff9230,83.14,1410,1593,0,0,73511,35
2026/07/24 16:22:51.578,2026/07/24 16:22:51.565,2026/07/24 16:22:51.591,0,GPU-e2681f6e-8d94-2d66-484f-43ea602335f9,89.56,1410,1593,0,0,73511,43
2026/07/24 16:22:51.578,2026/07/24 16:22:51.565,2026/07/24 16:22:51.591,1,GPU-713d5b24-2a1e-fd4a-7685-c3d195ff9230,83.46,1410,1593,0,0,73511,35
2026/07/24 16:22:51.828,2026/07/24 16:22:51.816,2026/07/24 16:22:51.841,0,GPU-e2681f6e-8d94-2d66-484f-43ea602335f9,89.56,1410,1593,0,0,73511,42
2026/07/24 16:22:51.828,2026/07/24 16:22:51.816,2026/07/24 16:22:51.841,1,GPU-713d5b24-2a1e-fd4a-7685-c3d195ff9230,83.14,1410,1593,0,0,73511,35
2026/07/24 16:22:52.078,2026/07/24 16:22:52.066,2026/07/24 16:22:52.091,0,GPU-e2681f6e-8d94-2d66-484f-43ea602335f9,89.56,1410,1593,0,0,73511,42
2026/07/24 16:22:52.078,2026/07/24 16:22:52.066,2026/07/24 16:22:52.091,1,GPU-713d5b24-2a1e-fd4a-7685-c3d195ff9230,83.14,1410,1593,0,0,73511,35
2026/07/24 16:22:52.329,2026/07/24 16:22:52.316,2026/07/24 16:22:52.343,0,GPU-e2681f6e-8d94-2d66-484f-43ea602335f9,89.56,1410,1593,0,0,73511,42
2026/07/24 16:22:52.329,2026/07/24 16:22:52.316,2026/07/24 16:22:52.343,1,GPU-713d5b24-2a1e-fd4a-7685-c3d195ff9230,83.22,1410,1593,0,0,73511,35
2026/07/24 16:22:52.579,2026/07/24 16:22:52.566,2026/07/24 16:22:52.592,0,GPU-e2681f6e-8d94-2d66-484f-43ea602335f9,89.56,1410,1593,0,0,73511,42
2026/07/24 16:22:52.579,2026/07/24 16:22:52.566,2026/07/24 16:22:52.592,1,GPU-713d5b24-2a1e-fd4a-7685-c3d195ff9230,83.14,1410,1593,0,0,73511,35
2026/07/24 16:22:52.830,2026/07/24 16:22:52.816,2026/07/24 16:22:52.845,0,GPU-e2681f6e-8d94-2d66-484f-43ea602335f9,89.56,1410,1593,0,0,73511,42
2026/07/24 16:22:52.830,2026/07/24 16:22:52.816,2026/07/24 16:22:52.845,1,GPU-713d5b24-2a1e-fd4a-7685-c3d195ff9230,83.46,1410,1593,0,0,73511,35
2026/07/24 16:22:53.078,2026/07/24 16:22:53.066,2026/07/24 16:22:53.091,0,GPU-e2681f6e-8d94-2d66-484f-43ea602335f9,89.56,1410,1593,0,0,73511,42
2026/07/24 16:22:53.078,2026/07/24 16:22:53.066,2026/07/24 16:22:53.091,1,GPU-713d5b24-2a1e-fd4a-7685-c3d195ff9230,83.14,1410,1593,0,0,73511,35
2026/07/24 16:22:53.329,2026/07/24 16:22:53.316,2026/07/24 16:22:53.342,0,GPU-e2681f6e-8d94-2d66-484f-43ea602335f9,89.56,1410,1593,0,0,73511,42
2026/07/24 16:22:53.329,2026/07/24 16:22:53.316,2026/07/24 16:22:53.342,1,GPU-713d5b24-2a1e-fd4a-7685-c3d195ff9230,83.14,1410,1593,0,0,73511,35
2026/07/24 16:22:53.578,2026/07/24 16:22:53.566,2026/07/24 16:22:53.591,0,GPU-e2681f6e-8d94-2d66-484f-43ea602335f9,89.65,1410,1593,0,0,73511,42
2026/07/24 16:22:53.578,2026/07/24 16:22:53.566,2026/07/24 16:22:53.591,1,GPU-713d5b24-2a1e-fd4a-7685-c3d195ff9230,83.22,1410,1593,0,0,73511,35
2026/07/24 16:22:53.828,2026/07/24 16:22:53.816,2026/07/24 16:22:53.840,0,GPU-e2681f6e-8d94-2d66-484f-43ea602335f9,89.56,1410,1593,0,0,73511,42
2026/07/24 16:22:53.828,2026/07/24 16:22:53.816,2026/07/24 16:22:53.840,1,GPU-713d5b24-2a1e-fd4a-7685-c3d195ff9230,83.46,1410,1593,0,0,73511,35
2026/07/24 16:22:54.082,2026/07/24 16:22:54.066,2026/07/24 16:22:54.097,0,GPU-e2681f6e-8d94-2d66-484f-43ea602335f9,89.56,1410,1593,0,0,73511,42
2026/07/24 16:22:54.082,2026/07/24 16:22:54.066,2026/07/24 16:22:54.097,1,GPU-713d5b24-2a1e-fd4a-7685-c3d195ff9230,83.46,1410,1593,0,0,73511,35
2026/07/24 16:22:54.331,2026/07/24 16:22:54.316,2026/07/24 16:22:54.345,0,GPU-e2681f6e-8d94-2d66-484f-43ea602335f9,89.56,1410,1593,0,0,73511,42
2026/07/24 16:22:54.331,2026/07/24 16:22:54.316,2026/07/24 16:22:54.345,1,GPU-713d5b24-2a1e-fd4a-7685-c3d195ff9230,83.14,1410,1593,0,0,73511,35
2026/07/24 16:22:54.581,2026/07/24 16:22:54.566,2026/07/24 16:22:54.596,0,GPU-e2681f6e-8d94-2d66-484f-43ea602335f9,89.56,1410,1593,0,0,73511,42
2026/07/24 16:22:54.581,2026/07/24 16:22:54.566,2026/07/24 16:22:54.596,1,GPU-713d5b24-2a1e-fd4a-7685-c3d195ff9230,83.14,1410,1593,0,0,73511,35
2026/07/24 16:22:54.830,2026/07/24 16:22:54.816,2026/07/24 16:22:54.844,0,GPU-e2681f6e-8d94-2d66-484f-43ea602335f9,89.56,1410,1593,0,0,73511,42
2026/07/24 16:22:54.830,2026/07/24 16:22:54.816,2026/07/24 16:22:54.844,1,GPU-713d5b24-2a1e-fd4a-7685-c3d195ff9230,83.14,1410,1593,0,0,73511,35
2026/07/24 16:22:55.080,2026/07/24 16:22:55.066,2026/07/24 16:22:55.094,0,GPU-e2681f6e-8d94-2d66-484f-43ea602335f9,89.56,1410,1593,0,0,73511,42
2026/07/24 16:22:55.080,2026/07/24 16:22:55.066,2026/07/24 16:22:55.094,1,GPU-713d5b24-2a1e-fd4a-7685-c3d195ff9230,83.46,1410,1593,0,0,73511,35
2026/07/24 16:22:55.331,2026/07/24 16:22:55.317,2026/07/24 16:22:55.346,0,GPU-e2681f6e-8d94-2d66-484f-43ea602335f9,89.56,1410,1593,0,0,73511,42
2026/07/24 16:22:55.331,2026/07/24 16:22:55.317,2026/07/24 16:22:55.346,1,GPU-713d5b24-2a1e-fd4a-7685-c3d195ff9230,83.14,1410,1593,0,0,73511,35
2026/07/24 16:22:55.581,2026/07/24 16:22:55.567,2026/07/24 16:22:55.596,0,GPU-e2681f6e-8d94-2d66-484f-43ea602335f9,89.56,1410,1593,0,0,73511,42
2026/07/24 16:22:55.581,2026/07/24 16:22:55.567,2026/07/24 16:22:55.596,1,GPU-713d5b24-2a1e-fd4a-7685-c3d195ff9230,83.14,1410,1593,0,0,73511,35
2026/07/24 16:22:55.830,2026/07/24 16:22:55.817,2026/07/24 16:22:55.843,0,GPU-e2681f6e-8d94-2d66-484f-43ea602335f9,89.56,1410,1593,0,0,73511,42
2026/07/24 16:22:55.830,2026/07/24 16:22:55.817,2026/07/24 16:22:55.843,1,GPU-713d5b24-2a1e-fd4a-7685-c3d195ff9230,83.14,1410,1593,0,0,73511,35
2026/07/24 16:22:56.082,2026/07/24 16:22:56.067,2026/07/24 16:22:56.097,0,GPU-e2681f6e-8d94-2d66-484f-43ea602335f9,89.56,1410,1593,0,0,73511,42
2026/07/24 16:22:56.082,2026/07/24 16:22:56.067,2026/07/24 16:22:56.097,1,GPU-713d5b24-2a1e-fd4a-7685-c3d195ff9230,83.22,1410,1593,0,0,73511,35
2026/07/24 16:22:56.332,2026/07/24 16:22:56.317,2026/07/24 16:22:56.348,0,GPU-e2681f6e-8d94-2d66-484f-43ea602335f9,88.97,1410,1593,0,0,73511,42
2026/07/24 16:22:56.332,2026/07/24 16:22:56.317,2026/07/24 16:22:56.348,1,GPU-713d5b24-2a1e-fd4a-7685-c3d195ff9230,83.22,1410,1593,0,0,73511,35
2026/07/24 16:22:56.582,2026/07/24 16:22:56.567,2026/07/24 16:22:56.598,0,GPU-e2681f6e-8d94-2d66-484f-43ea602335f9,88.97,1410,1593,0,0,73511,42
2026/07/24 16:22:56.582,2026/07/24 16:22:56.567,2026/07/24 16:22:56.598,1,GPU-713d5b24-2a1e-fd4a-7685-c3d195ff9230,83.14,1410,1593,0,0,73511,35
2026/07/24 16:22:56.832,2026/07/24 16:22:56.817,2026/07/24 16:22:56.847,0,GPU-e2681f6e-8d94-2d66-484f-43ea602335f9,88.97,1410,1593,0,0,73511,42
2026/07/24 16:22:56.832,2026/07/24 16:22:56.817,2026/07/24 16:22:56.847,1,GPU-713d5b24-2a1e-fd4a-7685-c3d195ff9230,83.14,1410,1593,0,0,73511,35
2026/07/24 16:22:57.082,2026/07/24 16:22:57.067,2026/07/24 16:22:57.097,0,GPU-e2681f6e-8d94-2d66-484f-43ea602335f9,88.97,1410,1593,0,0,73511,42
2026/07/24 16:22:57.082,2026/07/24 16:22:57.067,2026/07/24 16:22:57.097,1,GPU-713d5b24-2a1e-fd4a-7685-c3d195ff9230,83.14,1410,1593,0,0,73511,35
2026/07/24 16:22:57.333,2026/07/24 16:22:57.317,2026/07/24 16:22:57.349,0,GPU-e2681f6e-8d94-2d66-484f-43ea602335f9,88.97,1410,1593,0,0,73511,42
2026/07/24 16:22:57.333,2026/07/24 16:22:57.317,2026/07/24 16:22:57.349,1,GPU-713d5b24-2a1e-fd4a-7685-c3d195ff9230,83.46,1410,1593,0,0,73511,35
2026/07/24 16:22:57.582,2026/07/24 16:22:57.567,2026/07/24 16:22:57.597,0,GPU-e2681f6e-8d94-2d66-484f-43ea602335f9,88.97,1410,1593,0,0,73511,42
2026/07/24 16:22:57.582,2026/07/24 16:22:57.567,2026/07/24 16:22:57.597,1,GPU-713d5b24-2a1e-fd4a-7685-c3d195ff9230,83.14,1410,1593,0,0,73511,35
2026/07/24 16:22:57.832,2026/07/24 16:22:57.817,2026/07/24 16:22:57.846,0,GPU-e2681f6e-8d94-2d66-484f-43ea602335f9,88.97,1410,1593,0,0,73511,42
2026/07/24 16:22:57.832,2026/07/24 16:22:57.817,2026/07/24 16:22:57.846,1,GPU-713d5b24-2a1e-fd4a-7685-c3d195ff9230,83.14,1410,1593,0,0,73511,35
2026/07/24 16:22:58.082,2026/07/24 16:22:58.067,2026/07/24 16:22:58.098,0,GPU-e2681f6e-8d94-2d66-484f-43ea602335f9,88.97,1410,1593,0,0,73511,42
2026/07/24 16:22:58.082,2026/07/24 16:22:58.067,2026/07/24 16:22:58.098,1,GPU-713d5b24-2a1e-fd4a-7685-c3d195ff9230,83.22,1410,1593,0,0,73511,35
2026/07/24 16:22:58.333,2026/07/24 16:22:58.317,2026/07/24 16:22:58.349,0,GPU-e2681f6e-8d94-2d66-484f-43ea602335f9,88.97,1410,1593,0,0,73511,42
2026/07/24 16:22:58.333,2026/07/24 16:22:58.317,2026/07/24 16:22:58.349,1,GPU-713d5b24-2a1e-fd4a-7685-c3d195ff9230,83.46,1410,1593,0,0,73511,35
2026/07/24 16:22:58.584,2026/07/24 16:22:58.567,2026/07/24 16:22:58.600,0,GPU-e2681f6e-8d94-2d66-484f-43ea602335f9,89.06,1410,1593,0,0,73511,42
2026/07/24 16:22:58.584,2026/07/24 16:22:58.567,2026/07/24 16:22:58.600,1,GPU-713d5b24-2a1e-fd4a-7685-c3d195ff9230,83.14,1410,1593,0,0,73511,35
2026/07/24 16:22:58.832,2026/07/24 16:22:58.817,2026/07/24 16:22:58.846,0,GPU-e2681f6e-8d94-2d66-484f-43ea602335f9,89.06,1410,1593,0,0,73511,42
2026/07/24 16:22:58.832,2026/07/24 16:22:58.817,2026/07/24 16:22:58.846,1,GPU-713d5b24-2a1e-fd4a-7685-c3d195ff9230,83.14,1410,1593,0,0,73511,35
2026/07/24 16:22:59.083,2026/07/24 16:22:59.068,2026/07/24 16:22:59.098,0,GPU-e2681f6e-8d94-2d66-484f-43ea602335f9,88.97,1410,1593,0,0,73511,42
2026/07/24 16:22:59.083,2026/07/24 16:22:59.068,2026/07/24 16:22:59.098,1,GPU-713d5b24-2a1e-fd4a-7685-c3d195ff9230,83.14,1410,1593,0,0,73511,35
2026/07/24 16:22:59.332,2026/07/24 16:22:59.318,2026/07/24 16:22:59.346,0,GPU-e2681f6e-8d94-2d66-484f-43ea602335f9,88.97,1410,1593,0,0,73511,42
2026/07/24 16:22:59.332,2026/07/24 16:22:59.318,2026/07/24 16:22:59.346,1,GPU-713d5b24-2a1e-fd4a-7685-c3d195ff9230,83.14,1410,1593,0,0,73511,35
2026/07/24 16:22:59.583,2026/07/24 16:22:59.568,2026/07/24 16:22:59.598,0,GPU-e2681f6e-8d94-2d66-484f-43ea602335f9,88.97,1410,1593,0,0,73511,42
2026/07/24 16:22:59.583,2026/07/24 16:22:59.568,2026/07/24 16:22:59.598,1,GPU-713d5b24-2a1e-fd4a-7685-c3d195ff9230,83.14,1410,1593,0,0,73511,35
2026/07/24 16:22:59.834,2026/07/24 16:22:59.818,2026/07/24 16:22:59.850,0,GPU-e2681f6e-8d94-2d66-484f-43ea602335f9,88.97,1410,1593,0,0,73511,42
2026/07/24 16:22:59.834,2026/07/24 16:22:59.818,2026/07/24 16:22:59.850,1,GPU-713d5b24-2a1e-fd4a-7685-c3d195ff9230,83.14,1410,1593,0,0,73511,35
2026/07/24 16:23:00.081,2026/07/24 16:23:00.068,2026/07/24 16:23:00.094,0,GPU-e2681f6e-8d94-2d66-484f-43ea602335f9,88.97,1410,1593,0,0,73511,42
2026/07/24 16:23:00.081,2026/07/24 16:23:00.068,2026/07/24 16:23:00.094,1,GPU-713d5b24-2a1e-fd4a-7685-c3d195ff9230,83.14,1410,1593,0,0,73511,35
2026/07/24 16:23:00.332,2026/07/24 16:23:00.318,2026/07/24 16:23:00.346,0,GPU-e2681f6e-8d94-2d66-484f-43ea602335f9,88.97,1410,1593,0,0,73511,42
2026/07/24 16:23:00.332,2026/07/24 16:23:00.318,2026/07/24 16:23:00.346,1,GPU-713d5b24-2a1e-fd4a-7685-c3d195ff9230,83.14,1410,1593,0,0,73511,35
2026/07/24 16:23:00.582,2026/07/24 16:23:00.568,2026/07/24 16:23:00.597,0,GPU-e2681f6e-8d94-2d66-484f-43ea602335f9,88.97,1410,1593,0,0,73511,42
2026/07/24 16:23:00.582,2026/07/24 16:23:00.568,2026/07/24 16:23:00.597,1,GPU-713d5b24-2a1e-fd4a-7685-c3d195ff9230,83.22,1410,1593,0,0,73511,35
2026/07/24 16:23:00.832,2026/07/24 16:23:00.818,2026/07/24 16:23:00.846,0,GPU-e2681f6e-8d94-2d66-484f-43ea602335f9,88.97,1410,1593,0,0,73511,42
2026/07/24 16:23:00.832,2026/07/24 16:23:00.818,2026/07/24 16:23:00.846,1,GPU-713d5b24-2a1e-fd4a-7685-c3d195ff9230,83.46,1410,1593,0,0,73511,35
2026/07/24 16:23:01.082,2026/07/24 16:23:01.068,2026/07/24 16:23:01.096,0,GPU-e2681f6e-8d94-2d66-484f-43ea602335f9,88.97,1410,1593,0,0,73511,42
2026/07/24 16:23:01.082,2026/07/24 16:23:01.068,2026/07/24 16:23:01.096,1,GPU-713d5b24-2a1e-fd4a-7685-c3d195ff9230,83.14,1410,1593,0,0,73511,35
2026/07/24 16:23:01.332,2026/07/24 16:23:01.318,2026/07/24 16:23:01.345,0,GPU-e2681f6e-8d94-2d66-484f-43ea602335f9,88.97,1410,1593,0,0,73511,42
2026/07/24 16:23:01.332,2026/07/24 16:23:01.318,2026/07/24 16:23:01.345,1,GPU-713d5b24-2a1e-fd4a-7685-c3d195ff9230,83.73,1410,1593,0,0,73511,35
2026/07/24 16:23:01.582,2026/07/24 16:23:01.568,2026/07/24 16:23:01.596,0,GPU-e2681f6e-8d94-2d66-484f-43ea602335f9,88.97,1410,1593,0,0,73511,42
2026/07/24 16:23:01.582,2026/07/24 16:23:01.568,2026/07/24 16:23:01.596,1,GPU-713d5b24-2a1e-fd4a-7685-c3d195ff9230,83.14,1410,1593,0,0,73511,35
2026/07/24 16:23:01.832,2026/07/24 16:23:01.818,2026/07/24 16:23:01.846,0,GPU-e2681f6e-8d94-2d66-484f-43ea602335f9,88.97,1410,1593,0,0,73511,42
2026/07/24 16:23:01.832,2026/07/24 16:23:01.818,2026/07/24 16:23:01.846,1,GPU-713d5b24-2a1e-fd4a-7685-c3d195ff9230,83.14,1410,1593,0,0,73511,35
2026/07/24 16:23:02.083,2026/07/24 16:23:02.068,2026/07/24 16:23:02.098,0,GPU-e2681f6e-8d94-2d66-484f-43ea602335f9,88.97,1410,1593,0,0,73511,42
2026/07/24 16:23:02.083,2026/07/24 16:23:02.068,2026/07/24 16:23:02.098,1,GPU-713d5b24-2a1e-fd4a-7685-c3d195ff9230,83.14,1410,1593,0,0,73511,35
2026/07/24 16:23:02.333,2026/07/24 16:23:02.318,2026/07/24 16:23:02.347,0,GPU-e2681f6e-8d94-2d66-484f-43ea602335f9,89.29,1410,1593,0,0,73511,42
2026/07/24 16:23:02.333,2026/07/24 16:23:02.318,2026/07/24 16:23:02.347,1,GPU-713d5b24-2a1e-fd4a-7685-c3d195ff9230,83.14,1410,1593,0,0,73511,35
2026/07/24 16:23:02.582,2026/07/24 16:23:02.568,2026/07/24 16:23:02.596,0,GPU-e2681f6e-8d94-2d66-484f-43ea602335f9,89.06,1410,1593,0,0,73511,42
2026/07/24 16:23:02.582,2026/07/24 16:23:02.568,2026/07/24 16:23:02.596,1,GPU-713d5b24-2a1e-fd4a-7685-c3d195ff9230,83.14,1410,1593,0,0,73511,35
2026/07/24 16:23:02.833,2026/07/24 16:23:02.819,2026/07/24 16:23:02.847,0,GPU-e2681f6e-8d94-2d66-484f-43ea602335f9,88.97,1410,1593,0,0,73511,42
2026/07/24 16:23:02.833,2026/07/24 16:23:02.819,2026/07/24 16:23:02.847,1,GPU-713d5b24-2a1e-fd4a-7685-c3d195ff9230,83.14,1410,1593,0,0,73511,35
2026/07/24 16:23:03.084,2026/07/24 16:23:03.069,2026/07/24 16:23:03.100,0,GPU-e2681f6e-8d94-2d66-484f-43ea602335f9,88.97,1410,1593,0,0,73511,42
2026/07/24 16:23:03.084,2026/07/24 16:23:03.069,2026/07/24 16:23:03.100,1,GPU-713d5b24-2a1e-fd4a-7685-c3d195ff9230,83.14,1410,1593,0,0,73511,35
2026/07/24 16:23:03.332,2026/07/24 16:23:03.319,2026/07/24 16:23:03.345,0,GPU-e2681f6e-8d94-2d66-484f-43ea602335f9,88.97,1410,1593,0,0,73511,42
2026/07/24 16:23:03.332,2026/07/24 16:23:03.319,2026/07/24 16:23:03.345,1,GPU-713d5b24-2a1e-fd4a-7685-c3d195ff9230,83.14,1410,1593,0,0,73511,35
2026/07/24 16:23:03.583,2026/07/24 16:23:03.569,2026/07/24 16:23:03.597,0,GPU-e2681f6e-8d94-2d66-484f-43ea602335f9,88.97,1410,1593,0,0,73511,42
2026/07/24 16:23:03.583,2026/07/24 16:23:03.569,2026/07/24 16:23:03.597,1,GPU-713d5b24-2a1e-fd4a-7685-c3d195ff9230,83.46,1410,1593,0,0,73511,35
2026/07/24 16:23:03.834,2026/07/24 16:23:03.819,2026/07/24 16:23:03.849,0,GPU-e2681f6e-8d94-2d66-484f-43ea602335f9,88.70,1410,1593,0,0,73511,42
2026/07/24 16:23:03.834,2026/07/24 16:23:03.819,2026/07/24 16:23:03.849,1,GPU-713d5b24-2a1e-fd4a-7685-c3d195ff9230,83.14,1410,1593,0,0,73511,35
2026/07/24 16:23:04.085,2026/07/24 16:23:04.069,2026/07/24 16:23:04.101,0,GPU-e2681f6e-8d94-2d66-484f-43ea602335f9,88.97,1410,1593,0,0,73511,42
2026/07/24 16:23:04.085,2026/07/24 16:23:04.069,2026/07/24 16:23:04.101,1,GPU-713d5b24-2a1e-fd4a-7685-c3d195ff9230,83.14,1410,1593,0,0,73511,35
2026/07/24 16:23:04.334,2026/07/24 16:23:04.319,2026/07/24 16:23:04.349,0,GPU-e2681f6e-8d94-2d66-484f-43ea602335f9,88.70,1410,1593,0,0,73511,42
2026/07/24 16:23:04.334,2026/07/24 16:23:04.319,2026/07/24 16:23:04.349,1,GPU-713d5b24-2a1e-fd4a-7685-c3d195ff9230,83.14,1410,1593,0,0,73511,35
2026/07/24 16:23:04.583,2026/07/24 16:23:04.569,2026/07/24 16:23:04.597,0,GPU-e2681f6e-8d94-2d66-484f-43ea602335f9,88.97,1410,1593,0,0,73511,42
2026/07/24 16:23:04.583,2026/07/24 16:23:04.569,2026/07/24 16:23:04.597,1,GPU-713d5b24-2a1e-fd4a-7685-c3d195ff9230,83.14,1410,1593,0,0,73511,35
2026/07/24 16:23:04.835,2026/07/24 16:23:04.819,2026/07/24 16:23:04.851,0,GPU-e2681f6e-8d94-2d66-484f-43ea602335f9,88.97,1410,1593,0,0,73511,42
2026/07/24 16:23:04.835,2026/07/24 16:23:04.819,2026/07/24 16:23:04.851,1,GPU-713d5b24-2a1e-fd4a-7685-c3d195ff9230,83.14,1410,1593,0,0,73511,35
2026/07/24 16:23:05.085,2026/07/24 16:23:05.069,2026/07/24 16:23:05.101,0,GPU-e2681f6e-8d94-2d66-484f-43ea602335f9,88.70,1410,1593,0,0,73511,42
2026/07/24 16:23:05.085,2026/07/24 16:23:05.069,2026/07/24 16:23:05.101,1,GPU-713d5b24-2a1e-fd4a-7685-c3d195ff9230,83.46,1410,1593,0,0,73511,35
2026/07/24 16:23:05.334,2026/07/24 16:23:05.319,2026/07/24 16:23:05.348,0,GPU-e2681f6e-8d94-2d66-484f-43ea602335f9,88.97,1410,1593,0,0,73511,42
2026/07/24 16:23:05.334,2026/07/24 16:23:05.319,2026/07/24 16:23:05.348,1,GPU-713d5b24-2a1e-fd4a-7685-c3d195ff9230,83.22,1410,1593,0,0,73511,35
2026/07/24 16:23:05.583,2026/07/24 16:23:05.570,2026/07/24 16:23:05.596,0,GPU-e2681f6e-8d94-2d66-484f-43ea602335f9,88.97,1410,1593,0,0,73511,42
2026/07/24 16:23:05.583,2026/07/24 16:23:05.570,2026/07/24 16:23:05.596,1,GPU-713d5b24-2a1e-fd4a-7685-c3d195ff9230,83.14,1410,1593,0,0,73511,35
2026/07/24 16:23:05.835,2026/07/24 16:23:05.820,2026/07/24 16:23:05.850,0,GPU-e2681f6e-8d94-2d66-484f-43ea602335f9,88.97,1410,1593,0,0,73511,42
2026/07/24 16:23:05.835,2026/07/24 16:23:05.820,2026/07/24 16:23:05.850,1,GPU-713d5b24-2a1e-fd4a-7685-c3d195ff9230,83.14,1410,1593,0,0,73511,35
2026/07/24 16:23:06.085,2026/07/24 16:23:06.070,2026/07/24 16:23:06.100,0,GPU-e2681f6e-8d94-2d66-484f-43ea602335f9,88.97,1410,1593,0,0,73511,42
2026/07/24 16:23:06.085,2026/07/24 16:23:06.070,2026/07/24 16:23:06.100,1,GPU-713d5b24-2a1e-fd4a-7685-c3d195ff9230,83.46,1410,1593,0,0,73511,35
2026/07/24 16:23:06.335,2026/07/24 16:23:06.320,2026/07/24 16:23:06.350,0,GPU-e2681f6e-8d94-2d66-484f-43ea602335f9,88.97,1410,1593,0,0,73511,42
2026/07/24 16:23:06.335,2026/07/24 16:23:06.320,2026/07/24 16:23:06.350,1,GPU-713d5b24-2a1e-fd4a-7685-c3d195ff9230,83.14,1410,1593,0,0,73511,35
2026/07/24 16:23:06.582,2026/07/24 16:23:06.570,2026/07/24 16:23:06.595,0,GPU-e2681f6e-8d94-2d66-484f-43ea602335f9,88.70,1410,1593,0,0,73511,42
2026/07/24 16:23:06.582,2026/07/24 16:23:06.570,2026/07/24 16:23:06.595,1,GPU-713d5b24-2a1e-fd4a-7685-c3d195ff9230,83.22,1410,1593,0,0,73511,35
2026/07/24 16:23:06.835,2026/07/24 16:23:06.820,2026/07/24 16:23:06.851,0,GPU-e2681f6e-8d94-2d66-484f-43ea602335f9,88.70,1410,1593,0,0,73511,42
2026/07/24 16:23:06.835,2026/07/24 16:23:06.820,2026/07/24 16:23:06.851,1,GPU-713d5b24-2a1e-fd4a-7685-c3d195ff9230,83.46,1410,1593,0,0,73511,35
2026/07/24 16:23:07.086,2026/07/24 16:23:07.070,2026/07/24 16:23:07.102,0,GPU-e2681f6e-8d94-2d66-484f-43ea602335f9,88.70,1410,1593,0,0,73511,42
2026/07/24 16:23:07.086,2026/07/24 16:23:07.070,2026/07/24 16:23:07.102,1,GPU-713d5b24-2a1e-fd4a-7685-c3d195ff9230,83.22,1410,1593,0,0,73511,35
2026/07/24 16:23:07.334,2026/07/24 16:23:07.320,2026/07/24 16:23:07.347,0,GPU-e2681f6e-8d94-2d66-484f-43ea602335f9,88.70,1410,1593,0,0,73511,42
2026/07/24 16:23:07.334,2026/07/24 16:23:07.320,2026/07/24 16:23:07.347,1,GPU-713d5b24-2a1e-fd4a-7685-c3d195ff9230,83.46,1410,1593,0,0,73511,35
2026/07/24 16:23:07.584,2026/07/24 16:23:07.570,2026/07/24 16:23:07.597,0,GPU-e2681f6e-8d94-2d66-484f-43ea602335f9,88.97,1410,1593,0,0,73511,42
2026/07/24 16:23:07.584,2026/07/24 16:23:07.570,2026/07/24 16:23:07.597,1,GPU-713d5b24-2a1e-fd4a-7685-c3d195ff9230,83.46,1410,1593,0,0,73511,35
2026/07/24 16:23:07.835,2026/07/24 16:23:07.820,2026/07/24 16:23:07.850,0,GPU-e2681f6e-8d94-2d66-484f-43ea602335f9,89.06,1410,1593,0,0,73511,42
2026/07/24 16:23:07.835,2026/07/24 16:23:07.820,2026/07/24 16:23:07.850,1,GPU-713d5b24-2a1e-fd4a-7685-c3d195ff9230,83.22,1410,1593,0,0,73511,35
2026/07/24 16:23:08.086,2026/07/24 16:23:08.070,2026/07/24 16:23:08.101,0,GPU-e2681f6e-8d94-2d66-484f-43ea602335f9,88.70,1410,1593,0,0,73511,42
2026/07/24 16:23:08.086,2026/07/24 16:23:08.070,2026/07/24 16:23:08.101,1,GPU-713d5b24-2a1e-fd4a-7685-c3d195ff9230,83.14,1410,1593,0,0,73511,35
2026/07/24 16:23:08.334,2026/07/24 16:23:08.320,2026/07/24 16:23:08.348,0,GPU-e2681f6e-8d94-2d66-484f-43ea602335f9,88.70,1410,1593,0,0,73511,42
2026/07/24 16:23:08.334,2026/07/24 16:23:08.320,2026/07/24 16:23:08.348,1,GPU-713d5b24-2a1e-fd4a-7685-c3d195ff9230,83.14,1410,1593,0,0,73511,35
2026/07/24 16:23:08.584,2026/07/24 16:23:08.570,2026/07/24 16:23:08.598,0,GPU-e2681f6e-8d94-2d66-484f-43ea602335f9,88.97,1410,1593,0,0,73511,42
2026/07/24 16:23:08.584,2026/07/24 16:23:08.570,2026/07/24 16:23:08.598,1,GPU-713d5b24-2a1e-fd4a-7685-c3d195ff9230,83.14,1410,1593,0,0,73511,35
2026/07/24 16:23:08.836,2026/07/24 16:23:08.820,2026/07/24 16:23:08.851,0,GPU-e2681f6e-8d94-2d66-484f-43ea602335f9,88.97,1410,1593,0,0,73511,42
2026/07/24 16:23:08.836,2026/07/24 16:23:08.820,2026/07/24 16:23:08.851,1,GPU-713d5b24-2a1e-fd4a-7685-c3d195ff9230,83.14,1410,1593,0,0,73511,35
2026/07/24 16:23:09.085,2026/07/24 16:23:09.071,2026/07/24 16:23:09.100,0,GPU-e2681f6e-8d94-2d66-484f-43ea602335f9,88.70,1410,1593,0,0,73511,42
2026/07/24 16:23:09.085,2026/07/24 16:23:09.071,2026/07/24 16:23:09.100,1,GPU-713d5b24-2a1e-fd4a-7685-c3d195ff9230,83.55,1410,1593,0,0,73511,35
2026/07/24 16:23:09.335,2026/07/24 16:23:09.321,2026/07/24 16:23:09.349,0,GPU-e2681f6e-8d94-2d66-484f-43ea602335f9,88.70,1410,1593,0,0,73511,42
2026/07/24 16:23:09.335,2026/07/24 16:23:09.321,2026/07/24 16:23:09.349,1,GPU-713d5b24-2a1e-fd4a-7685-c3d195ff9230,83.46,1410,1593,0,0,73511,35
2026/07/24 16:23:09.585,2026/07/24 16:23:09.571,2026/07/24 16:23:09.599,0,GPU-e2681f6e-8d94-2d66-484f-43ea602335f9,88.70,1410,1593,0,0,73511,42
2026/07/24 16:23:09.585,2026/07/24 16:23:09.571,2026/07/24 16:23:09.599,1,GPU-713d5b24-2a1e-fd4a-7685-c3d195ff9230,83.14,1410,1593,0,0,73511,35
2026/07/24 16:23:09.834,2026/07/24 16:23:09.821,2026/07/24 16:23:09.847,0,GPU-e2681f6e-8d94-2d66-484f-43ea602335f9,88.70,1410,1593,0,0,73511,42
2026/07/24 16:23:09.834,2026/07/24 16:23:09.821,2026/07/24 16:23:09.847,1,GPU-713d5b24-2a1e-fd4a-7685-c3d195ff9230,83.14,1410,1593,0,0,73511,35
2026/07/24 16:23:10.085,2026/07/24 16:23:10.071,2026/07/24 16:23:10.099,0,GPU-e2681f6e-8d94-2d66-484f-43ea602335f9,88.79,1410,1593,0,0,73511,42
2026/07/24 16:23:10.085,2026/07/24 16:23:10.071,2026/07/24 16:23:10.099,1,GPU-713d5b24-2a1e-fd4a-7685-c3d195ff9230,83.46,1410,1593,0,0,73511,35
2026/07/24 16:23:10.336,2026/07/24 16:23:10.321,2026/07/24 16:23:10.350,0,GPU-e2681f6e-8d94-2d66-484f-43ea602335f9,88.79,1410,1593,0,0,73511,42
2026/07/24 16:23:10.336,2026/07/24 16:23:10.321,2026/07/24 16:23:10.350,1,GPU-713d5b24-2a1e-fd4a-7685-c3d195ff9230,83.46,1410,1593,0,0,73511,35
2026/07/24 16:23:10.584,2026/07/24 16:23:10.571,2026/07/24 16:23:10.596,0,GPU-e2681f6e-8d94-2d66-484f-43ea602335f9,88.70,1410,1593,0,0,73511,42
2026/07/24 16:23:10.584,2026/07/24 16:23:10.571,2026/07/24 16:23:10.596,1,GPU-713d5b24-2a1e-fd4a-7685-c3d195ff9230,83.22,1410,1593,0,0,73511,35
2026/07/24 16:23:10.833,2026/07/24 16:23:10.821,2026/07/24 16:23:10.845,0,GPU-e2681f6e-8d94-2d66-484f-43ea602335f9,88.97,1410,1593,0,0,73511,42
2026/07/24 16:23:10.833,2026/07/24 16:23:10.821,2026/07/24 16:23:10.845,1,GPU-713d5b24-2a1e-fd4a-7685-c3d195ff9230,83.14,1410,1593,0,0,73511,35
2026/07/24 16:23:11.083,2026/07/24 16:23:11.071,2026/07/24 16:23:11.096,0,GPU-e2681f6e-8d94-2d66-484f-43ea602335f9,88.70,1410,1593,0,0,73511,42
2026/07/24 16:23:11.083,2026/07/24 16:23:11.071,2026/07/24 16:23:11.096,1,GPU-713d5b24-2a1e-fd4a-7685-c3d195ff9230,83.14,1410,1593,0,0,73511,35
2026/07/24 16:23:11.335,2026/07/24 16:23:11.321,2026/07/24 16:23:11.350,0,GPU-e2681f6e-8d94-2d66-484f-43ea602335f9,88.97,1410,1593,0,0,73511,42
2026/07/24 16:23:11.335,2026/07/24 16:23:11.321,2026/07/24 16:23:11.350,1,GPU-713d5b24-2a1e-fd4a-7685-c3d195ff9230,83.46,1410,1593,0,0,73511,35
2026/07/24 16:23:11.584,2026/07/24 16:23:11.571,2026/07/24 16:23:11.598,0,GPU-e2681f6e-8d94-2d66-484f-43ea602335f9,88.70,1410,1593,0,0,73511,42
2026/07/24 16:23:11.584,2026/07/24 16:23:11.571,2026/07/24 16:23:11.598,1,GPU-713d5b24-2a1e-fd4a-7685-c3d195ff9230,83.46,1410,1593,0,0,73511,35
2026/07/24 16:23:11.833,2026/07/24 16:23:11.821,2026/07/24 16:23:11.844,0,GPU-e2681f6e-8d94-2d66-484f-43ea602335f9,88.70,1410,1593,0,0,73511,42
2026/07/24 16:23:11.833,2026/07/24 16:23:11.821,2026/07/24 16:23:11.844,1,GPU-713d5b24-2a1e-fd4a-7685-c3d195ff9230,83.14,1410,1593,0,0,73511,35
2026/07/24 16:23:12.084,2026/07/24 16:23:12.071,2026/07/24 16:23:12.097,0,GPU-e2681f6e-8d94-2d66-484f-43ea602335f9,88.70,1410,1593,0,0,73511,42
2026/07/24 16:23:12.084,2026/07/24 16:23:12.071,2026/07/24 16:23:12.097,1,GPU-713d5b24-2a1e-fd4a-7685-c3d195ff9230,83.46,1410,1593,0,0,73511,35
2026/07/24 16:23:12.335,2026/07/24 16:23:12.321,2026/07/24 16:23:12.348,0,GPU-e2681f6e-8d94-2d66-484f-43ea602335f9,88.70,1410,1593,0,0,73511,42
2026/07/24 16:23:12.335,2026/07/24 16:23:12.321,2026/07/24 16:23:12.348,1,GPU-713d5b24-2a1e-fd4a-7685-c3d195ff9230,83.46,1410,1593,0,0,73511,35
2026/07/24 16:23:12.584,2026/07/24 16:23:12.571,2026/07/24 16:23:12.597,0,GPU-e2681f6e-8d94-2d66-484f-43ea602335f9,88.70,1410,1593,0,0,73511,42
2026/07/24 16:23:12.584,2026/07/24 16:23:12.571,2026/07/24 16:23:12.597,1,GPU-713d5b24-2a1e-fd4a-7685-c3d195ff9230,83.14,1410,1593,0,0,73511,35
2026/07/24 16:23:12.835,2026/07/24 16:23:12.822,2026/07/24 16:23:12.848,0,GPU-e2681f6e-8d94-2d66-484f-43ea602335f9,88.70,1410,1593,0,0,73511,42
2026/07/24 16:23:12.835,2026/07/24 16:23:12.822,2026/07/24 16:23:12.848,1,GPU-713d5b24-2a1e-fd4a-7685-c3d195ff9230,83.14,1410,1593,0,0,73511,35
2026/07/24 16:23:13.085,2026/07/24 16:23:13.072,2026/07/24 16:23:13.098,0,GPU-e2681f6e-8d94-2d66-484f-43ea602335f9,88.70,1410,1593,0,0,73511,42
2026/07/24 16:23:13.085,2026/07/24 16:23:13.072,2026/07/24 16:23:13.098,1,GPU-713d5b24-2a1e-fd4a-7685-c3d195ff9230,83.22,1410,1593,0,0,73511,35
2026/07/24 16:23:13.335,2026/07/24 16:23:13.322,2026/07/24 16:23:13.349,0,GPU-e2681f6e-8d94-2d66-484f-43ea602335f9,88.70,1410,1593,0,0,73511,42
2026/07/24 16:23:13.335,2026/07/24 16:23:13.322,2026/07/24 16:23:13.349,1,GPU-713d5b24-2a1e-fd4a-7685-c3d195ff9230,83.14,1410,1593,0,0,73511,35
2026/07/24 16:23:13.596,2026/07/24 16:23:13.572,2026/07/24 16:23:13.620,0,GPU-e2681f6e-8d94-2d66-484f-43ea602335f9,92.27,1410,1593,0,0,73511,42
2026/07/24 16:23:13.596,2026/07/24 16:23:13.572,2026/07/24 16:23:13.620,1,GPU-713d5b24-2a1e-fd4a-7685-c3d195ff9230,86.76,1410,1593,0,0,73511,35
2026/07/24 16:23:13.835,2026/07/24 16:23:13.822,2026/07/24 16:23:13.847,0,GPU-e2681f6e-8d94-2d66-484f-43ea602335f9,88.70,1410,1593,0,0,73511,42
2026/07/24 16:23:13.835,2026/07/24 16:23:13.822,2026/07/24 16:23:13.847,1,GPU-713d5b24-2a1e-fd4a-7685-c3d195ff9230,83.46,1410,1593,0,0,73511,35
2026/07/24 16:23:14.086,2026/07/24 16:23:14.072,2026/07/24 16:23:14.100,0,GPU-e2681f6e-8d94-2d66-484f-43ea602335f9,88.70,1410,1593,0,0,73511,42
2026/07/24 16:23:14.086,2026/07/24 16:23:14.072,2026/07/24 16:23:14.100,1,GPU-713d5b24-2a1e-fd4a-7685-c3d195ff9230,83.55,1410,1593,0,0,73511,35
2026/07/24 16:23:14.335,2026/07/24 16:23:14.322,2026/07/24 16:23:14.348,0,GPU-e2681f6e-8d94-2d66-484f-43ea602335f9,88.79,1410,1593,0,0,73511,42
2026/07/24 16:23:14.335,2026/07/24 16:23:14.322,2026/07/24 16:23:14.348,1,GPU-713d5b24-2a1e-fd4a-7685-c3d195ff9230,83.22,1410,1593,0,0,73511,35
2026/07/24 16:23:14.585,2026/07/24 16:23:14.572,2026/07/24 16:23:14.597,0,GPU-e2681f6e-8d94-2d66-484f-43ea602335f9,88.70,1410,1593,0,0,73511,42
2026/07/24 16:23:14.585,2026/07/24 16:23:14.572,2026/07/24 16:23:14.597,1,GPU-713d5b24-2a1e-fd4a-7685-c3d195ff9230,83.46,1410,1593,0,0,73511,35
2026/07/24 16:23:14.835,2026/07/24 16:23:14.822,2026/07/24 16:23:14.847,0,GPU-e2681f6e-8d94-2d66-484f-43ea602335f9,88.70,1410,1593,0,0,73511,42
2026/07/24 16:23:14.835,2026/07/24 16:23:14.822,2026/07/24 16:23:14.847,1,GPU-713d5b24-2a1e-fd4a-7685-c3d195ff9230,83.46,1410,1593,0,0,73511,35
2026/07/24 16:23:15.085,2026/07/24 16:23:15.072,2026/07/24 16:23:15.097,0,GPU-e2681f6e-8d94-2d66-484f-43ea602335f9,88.70,1410,1593,0,0,73511,42
2026/07/24 16:23:15.085,2026/07/24 16:23:15.072,2026/07/24 16:23:15.097,1,GPU-713d5b24-2a1e-fd4a-7685-c3d195ff9230,83.55,1410,1593,0,0,73511,35
2026/07/24 16:23:15.336,2026/07/24 16:23:15.322,2026/07/24 16:23:15.349,0,GPU-e2681f6e-8d94-2d66-484f-43ea602335f9,88.70,1410,1593,0,0,73511,42
2026/07/24 16:23:15.336,2026/07/24 16:23:15.322,2026/07/24 16:23:15.349,1,GPU-713d5b24-2a1e-fd4a-7685-c3d195ff9230,83.14,1410,1593,0,0,73511,35
2026/07/24 16:23:15.586,2026/07/24 16:23:15.572,2026/07/24 16:23:15.599,0,GPU-e2681f6e-8d94-2d66-484f-43ea602335f9,88.79,1410,1593,0,0,73511,42
2026/07/24 16:23:15.586,2026/07/24 16:23:15.572,2026/07/24 16:23:15.599,1,GPU-713d5b24-2a1e-fd4a-7685-c3d195ff9230,83.22,1410,1593,0,0,73511,35
2026/07/24 16:23:15.835,2026/07/24 16:23:15.823,2026/07/24 16:23:15.847,0,GPU-e2681f6e-8d94-2d66-484f-43ea602335f9,88.70,1410,1593,0,0,73511,42
2026/07/24 16:23:15.835,2026/07/24 16:23:15.823,2026/07/24 16:23:15.847,1,GPU-713d5b24-2a1e-fd4a-7685-c3d195ff9230,83.46,1410,1593,0,0,73511,35
2026/07/24 16:23:16.085,2026/07/24 16:23:16.073,2026/07/24 16:23:16.097,0,GPU-e2681f6e-8d94-2d66-484f-43ea602335f9,88.70,1410,1593,0,0,73511,42
2026/07/24 16:23:16.085,2026/07/24 16:23:16.073,2026/07/24 16:23:16.097,1,GPU-713d5b24-2a1e-fd4a-7685-c3d195ff9230,83.55,1410,1593,0,0,73511,35
2026/07/24 16:23:16.337,2026/07/24 16:23:16.323,2026/07/24 16:23:16.351,0,GPU-e2681f6e-8d94-2d66-484f-43ea602335f9,88.70,1410,1593,0,0,73511,42
2026/07/24 16:23:16.337,2026/07/24 16:23:16.323,2026/07/24 16:23:16.351,1,GPU-713d5b24-2a1e-fd4a-7685-c3d195ff9230,83.46,1410,1593,0,0,73511,35
2026/07/24 16:23:16.586,2026/07/24 16:23:16.573,2026/07/24 16:23:16.600,0,GPU-e2681f6e-8d94-2d66-484f-43ea602335f9,88.70,1410,1593,0,0,73511,42
2026/07/24 16:23:16.586,2026/07/24 16:23:16.573,2026/07/24 16:23:16.600,1,GPU-713d5b24-2a1e-fd4a-7685-c3d195ff9230,83.46,1410,1593,0,0,73511,35
2026/07/24 16:23:16.835,2026/07/24 16:23:16.823,2026/07/24 16:23:16.848,0,GPU-e2681f6e-8d94-2d66-484f-43ea602335f9,88.79,1410,1593,0,0,73511,42
2026/07/24 16:23:16.835,2026/07/24 16:23:16.823,2026/07/24 16:23:16.848,1,GPU-713d5b24-2a1e-fd4a-7685-c3d195ff9230,83.22,1410,1593,0,0,73511,35
2026/07/24 16:23:17.085,2026/07/24 16:23:17.073,2026/07/24 16:23:17.097,0,GPU-e2681f6e-8d94-2d66-484f-43ea602335f9,88.70,1410,1593,0,0,73511,42
2026/07/24 16:23:17.085,2026/07/24 16:23:17.073,2026/07/24 16:23:17.097,1,GPU-713d5b24-2a1e-fd4a-7685-c3d195ff9230,83.55,1410,1593,0,0,73511,35
2026/07/24 16:23:17.335,2026/07/24 16:23:17.323,2026/07/24 16:23:17.346,0,GPU-e2681f6e-8d94-2d66-484f-43ea602335f9,88.70,1410,1593,0,0,73511,42
2026/07/24 16:23:17.335,2026/07/24 16:23:17.323,2026/07/24 16:23:17.346,1,GPU-713d5b24-2a1e-fd4a-7685-c3d195ff9230,83.46,1410,1593,0,0,73511,35
2026/07/24 16:23:17.587,2026/07/24 16:23:17.573,2026/07/24 16:23:17.600,0,GPU-e2681f6e-8d94-2d66-484f-43ea602335f9,88.70,1410,1593,0,0,73511,42
2026/07/24 16:23:17.587,2026/07/24 16:23:17.573,2026/07/24 16:23:17.600,1,GPU-713d5b24-2a1e-fd4a-7685-c3d195ff9230,83.14,1410,1593,0,0,73511,35
2026/07/24 16:23:17.837,2026/07/24 16:23:17.823,2026/07/24 16:23:17.851,0,GPU-e2681f6e-8d94-2d66-484f-43ea602335f9,88.70,1410,1593,0,0,73511,42
2026/07/24 16:23:17.837,2026/07/24 16:23:17.823,2026/07/24 16:23:17.851,1,GPU-713d5b24-2a1e-fd4a-7685-c3d195ff9230,83.14,1410,1593,0,0,73511,35
2026/07/24 16:23:18.086,2026/07/24 16:23:18.073,2026/07/24 16:23:18.099,0,GPU-e2681f6e-8d94-2d66-484f-43ea602335f9,88.79,1410,1593,0,0,73511,42
2026/07/24 16:23:18.086,2026/07/24 16:23:18.073,2026/07/24 16:23:18.099,1,GPU-713d5b24-2a1e-fd4a-7685-c3d195ff9230,83.14,1410,1593,0,0,73511,35
2026/07/24 16:23:18.338,2026/07/24 16:23:18.323,2026/07/24 16:23:18.352,0,GPU-e2681f6e-8d94-2d66-484f-43ea602335f9,88.70,1410,1593,0,0,73511,42
2026/07/24 16:23:18.338,2026/07/24 16:23:18.323,2026/07/24 16:23:18.352,1,GPU-713d5b24-2a1e-fd4a-7685-c3d195ff9230,83.46,1410,1593,0,0,73511,35
2026/07/24 16:23:18.587,2026/07/24 16:23:18.574,2026/07/24 16:23:18.601,0,GPU-e2681f6e-8d94-2d66-484f-43ea602335f9,88.70,1410,1593,0,0,73511,42
2026/07/24 16:23:18.587,2026/07/24 16:23:18.574,2026/07/24 16:23:18.601,1,GPU-713d5b24-2a1e-fd4a-7685-c3d195ff9230,83.14,1410,1593,0,0,73511,35
2026/07/24 16:23:18.838,2026/07/24 16:23:18.824,2026/07/24 16:23:18.852,0,GPU-e2681f6e-8d94-2d66-484f-43ea602335f9,88.70,1410,1593,0,0,73511,42
2026/07/24 16:23:18.838,2026/07/24 16:23:18.824,2026/07/24 16:23:18.852,1,GPU-713d5b24-2a1e-fd4a-7685-c3d195ff9230,83.46,1410,1593,0,0,73511,35
2026/07/24 16:23:19.087,2026/07/24 16:23:19.074,2026/07/24 16:23:19.100,0,GPU-e2681f6e-8d94-2d66-484f-43ea602335f9,88.79,1410,1593,0,0,73511,42
2026/07/24 16:23:19.087,2026/07/24 16:23:19.074,2026/07/24 16:23:19.100,1,GPU-713d5b24-2a1e-fd4a-7685-c3d195ff9230,83.46,1410,1593,0,0,73511,35
2026/07/24 16:23:19.338,2026/07/24 16:23:19.324,2026/07/24 16:23:19.352,0,GPU-e2681f6e-8d94-2d66-484f-43ea602335f9,88.79,1410,1593,0,0,73511,42
2026/07/24 16:23:19.338,2026/07/24 16:23:19.324,2026/07/24 16:23:19.352,1,GPU-713d5b24-2a1e-fd4a-7685-c3d195ff9230,83.22,1410,1593,0,0,73511,35
2026/07/24 16:23:19.586,2026/07/24 16:23:19.574,2026/07/24 16:23:19.599,0,GPU-e2681f6e-8d94-2d66-484f-43ea602335f9,88.79,1410,1593,0,0,73511,42
2026/07/24 16:23:19.586,2026/07/24 16:23:19.574,2026/07/24 16:23:19.599,1,GPU-713d5b24-2a1e-fd4a-7685-c3d195ff9230,83.55,1410,1593,0,0,73511,35
2026/07/24 16:23:19.837,2026/07/24 16:23:19.824,2026/07/24 16:23:19.851,0,GPU-e2681f6e-8d94-2d66-484f-43ea602335f9,88.70,1410,1593,0,0,73511,42
2026/07/24 16:23:19.837,2026/07/24 16:23:19.824,2026/07/24 16:23:19.851,1,GPU-713d5b24-2a1e-fd4a-7685-c3d195ff9230,83.46,1410,1593,0,0,73511,35
2026/07/24 16:23:20.087,2026/07/24 16:23:20.074,2026/07/24 16:23:20.100,0,GPU-e2681f6e-8d94-2d66-484f-43ea602335f9,88.70,1410,1593,0,0,73511,42
2026/07/24 16:23:20.087,2026/07/24 16:23:20.074,2026/07/24 16:23:20.100,1,GPU-713d5b24-2a1e-fd4a-7685-c3d195ff9230,83.46,1410,1593,0,0,73511,34
2026/07/24 16:23:20.338,2026/07/24 16:23:20.324,2026/07/24 16:23:20.351,0,GPU-e2681f6e-8d94-2d66-484f-43ea602335f9,88.79,1410,1593,0,0,73511,42
2026/07/24 16:23:20.338,2026/07/24 16:23:20.324,2026/07/24 16:23:20.351,1,GPU-713d5b24-2a1e-fd4a-7685-c3d195ff9230,83.73,1410,1593,0,0,73511,35
2026/07/24 16:23:20.586,2026/07/24 16:23:20.574,2026/07/24 16:23:20.598,0,GPU-e2681f6e-8d94-2d66-484f-43ea602335f9,89.06,1410,1593,0,0,73511,42
2026/07/24 16:23:20.586,2026/07/24 16:23:20.574,2026/07/24 16:23:20.598,1,GPU-713d5b24-2a1e-fd4a-7685-c3d195ff9230,83.55,1410,1593,0,0,73511,35
2026/07/24 16:23:20.837,2026/07/24 16:23:20.824,2026/07/24 16:23:20.851,0,GPU-e2681f6e-8d94-2d66-484f-43ea602335f9,88.70,1410,1593,0,0,73511,42
2026/07/24 16:23:20.837,2026/07/24 16:23:20.824,2026/07/24 16:23:20.851,1,GPU-713d5b24-2a1e-fd4a-7685-c3d195ff9230,83.22,1410,1593,0,0,73511,35
2026/07/24 16:23:21.088,2026/07/24 16:23:21.074,2026/07/24 16:23:21.101,0,GPU-e2681f6e-8d94-2d66-484f-43ea602335f9,88.70,1410,1593,0,0,73511,42
2026/07/24 16:23:21.088,2026/07/24 16:23:21.074,2026/07/24 16:23:21.101,1,GPU-713d5b24-2a1e-fd4a-7685-c3d195ff9230,83.46,1410,1593,0,0,73511,35
2026/07/24 16:23:21.338,2026/07/24 16:23:21.325,2026/07/24 16:23:21.351,0,GPU-e2681f6e-8d94-2d66-484f-43ea602335f9,88.79,1410,1593,0,0,73511,42
2026/07/24 16:23:21.338,2026/07/24 16:23:21.325,2026/07/24 16:23:21.351,1,GPU-713d5b24-2a1e-fd4a-7685-c3d195ff9230,83.14,1410,1593,0,0,73511,35
2026/07/24 16:23:21.587,2026/07/24 16:23:21.575,2026/07/24 16:23:21.599,0,GPU-e2681f6e-8d94-2d66-484f-43ea602335f9,88.97,1410,1593,0,0,73511,42
2026/07/24 16:23:21.587,2026/07/24 16:23:21.575,2026/07/24 16:23:21.599,1,GPU-713d5b24-2a1e-fd4a-7685-c3d195ff9230,83.46,1410,1593,0,0,73511,34
2026/07/24 16:23:21.837,2026/07/24 16:23:21.825,2026/07/24 16:23:21.849,0,GPU-e2681f6e-8d94-2d66-484f-43ea602335f9,88.97,1410,1593,0,0,73511,42
2026/07/24 16:23:21.837,2026/07/24 16:23:21.825,2026/07/24 16:23:21.849,1,GPU-713d5b24-2a1e-fd4a-7685-c3d195ff9230,83.14,1410,1593,0,0,73511,34
2026/07/24 16:23:22.088,2026/07/24 16:23:22.075,2026/07/24 16:23:22.102,0,GPU-e2681f6e-8d94-2d66-484f-43ea602335f9,370.37,1410,1593,42,8,73511,53
2026/07/24 16:23:22.088,2026/07/24 16:23:22.075,2026/07/24 16:23:22.102,1,GPU-713d5b24-2a1e-fd4a-7685-c3d195ff9230,83.22,1410,1593,0,0,73511,35
2026/07/24 16:23:22.338,2026/07/24 16:23:22.325,2026/07/24 16:23:22.351,0,GPU-e2681f6e-8d94-2d66-484f-43ea602335f9,381.52,1410,1593,100,17,73511,57
2026/07/24 16:23:22.338,2026/07/24 16:23:22.325,2026/07/24 16:23:22.351,1,GPU-713d5b24-2a1e-fd4a-7685-c3d195ff9230,83.46,1410,1593,0,0,73511,34
2026/07/24 16:23:22.587,2026/07/24 16:23:22.575,2026/07/24 16:23:22.599,0,GPU-e2681f6e-8d94-2d66-484f-43ea602335f9,93.78,1410,1593,100,13,73511,51
2026/07/24 16:23:22.587,2026/07/24 16:23:22.575,2026/07/24 16:23:22.599,1,GPU-713d5b24-2a1e-fd4a-7685-c3d195ff9230,88.87,1410,1593,0,0,73511,36
2026/07/24 16:23:22.837,2026/07/24 16:23:22.825,2026/07/24 16:23:22.849,0,GPU-e2681f6e-8d94-2d66-484f-43ea602335f9,91.17,1410,1593,0,0,73511,46
2026/07/24 16:23:22.837,2026/07/24 16:23:22.825,2026/07/24 16:23:22.849,1,GPU-713d5b24-2a1e-fd4a-7685-c3d195ff9230,240.80,1410,1593,93,37,73511,39
2026/07/24 16:23:23.088,2026/07/24 16:23:23.075,2026/07/24 16:23:23.102,0,GPU-e2681f6e-8d94-2d66-484f-43ea602335f9,90.25,1410,1593,0,0,73511,44
2026/07/24 16:23:23.088,2026/07/24 16:23:23.075,2026/07/24 16:23:23.102,1,GPU-713d5b24-2a1e-fd4a-7685-c3d195ff9230,83.73,1410,1593,83,43,73511,36
2026/07/24 16:23:23.353,2026/07/24 16:23:23.325,2026/07/24 16:23:23.381,0,GPU-e2681f6e-8d94-2d66-484f-43ea602335f9,377.90,1410,1593,23,5,73511,55
2026/07/24 16:23:23.353,2026/07/24 16:23:23.325,2026/07/24 16:23:23.381,1,GPU-713d5b24-2a1e-fd4a-7685-c3d195ff9230,83.14,1410,1593,0,0,73511,35
2026/07/24 16:23:23.589,2026/07/24 16:23:23.575,2026/07/24 16:23:23.604,0,GPU-e2681f6e-8d94-2d66-484f-43ea602335f9,371.29,1410,1593,100,14,73511,58
2026/07/24 16:23:23.589,2026/07/24 16:23:23.575,2026/07/24 16:23:23.604,1,GPU-713d5b24-2a1e-fd4a-7685-c3d195ff9230,83.14,1410,1593,0,0,73511,35
2026/07/24 16:23:23.838,2026/07/24 16:23:23.825,2026/07/24 16:23:23.851,0,GPU-e2681f6e-8d94-2d66-484f-43ea602335f9,380.33,1410,1593,100,12,73511,60
2026/07/24 16:23:23.838,2026/07/24 16:23:23.825,2026/07/24 16:23:23.851,1,GPU-713d5b24-2a1e-fd4a-7685-c3d195ff9230,83.14,1410,1593,0,0,73511,35
2026/07/24 16:23:24.091,2026/07/24 16:23:24.075,2026/07/24 16:23:24.107,0,GPU-e2681f6e-8d94-2d66-484f-43ea602335f9,401.38,1410,1593,100,16,73511,61
2026/07/24 16:23:24.091,2026/07/24 16:23:24.075,2026/07/24 16:23:24.107,1,GPU-713d5b24-2a1e-fd4a-7685-c3d195ff9230,240.22,1410,1593,24,0,73511,38
2026/07/24 16:23:24.339,2026/07/24 16:23:24.325,2026/07/24 16:23:24.353,0,GPU-e2681f6e-8d94-2d66-484f-43ea602335f9,384.22,1410,1593,100,13,73511,61
2026/07/24 16:23:24.339,2026/07/24 16:23:24.325,2026/07/24 16:23:24.353,1,GPU-713d5b24-2a1e-fd4a-7685-c3d195ff9230,238.96,1410,1593,71,37,73511,38
2026/07/24 16:23:24.590,2026/07/24 16:23:24.576,2026/07/24 16:23:24.604,0,GPU-e2681f6e-8d94-2d66-484f-43ea602335f9,395.05,1410,1593,100,16,73511,62
2026/07/24 16:23:24.590,2026/07/24 16:23:24.576,2026/07/24 16:23:24.604,1,GPU-713d5b24-2a1e-fd4a-7685-c3d195ff9230,83.82,1410,1593,0,0,73511,36
2026/07/24 16:23:24.839,2026/07/24 16:23:24.826,2026/07/24 16:23:24.853,0,GPU-e2681f6e-8d94-2d66-484f-43ea602335f9,390.56,1410,1593,100,16,73511,63
2026/07/24 16:23:24.839,2026/07/24 16:23:24.826,2026/07/24 16:23:24.853,1,GPU-713d5b24-2a1e-fd4a-7685-c3d195ff9230,243.77,1410,1593,76,28,73511,40
2026/07/24 16:23:25.090,2026/07/24 16:23:25.076,2026/07/24 16:23:25.104,0,GPU-e2681f6e-8d94-2d66-484f-43ea602335f9,105.87,1410,1593,100,14,73511,52
2026/07/24 16:23:25.090,2026/07/24 16:23:25.076,2026/07/24 16:23:25.104,1,GPU-713d5b24-2a1e-fd4a-7685-c3d195ff9230,185.92,1410,1593,100,52,73511,40
2026/07/24 16:23:25.341,2026/07/24 16:23:25.326,2026/07/24 16:23:25.355,0,GPU-e2681f6e-8d94-2d66-484f-43ea602335f9,93.29,1410,1593,3,1,73511,49
2026/07/24 16:23:25.341,2026/07/24 16:23:25.326,2026/07/24 16:23:25.355,1,GPU-713d5b24-2a1e-fd4a-7685-c3d195ff9230,246.48,1410,1593,100,52,73511,42
2026/07/24 16:23:25.588,2026/07/24 16:23:25.576,2026/07/24 16:23:25.601,0,GPU-e2681f6e-8d94-2d66-484f-43ea602335f9,92.27,1410,1593,0,0,73511,47
2026/07/24 16:23:25.588,2026/07/24 16:23:25.576,2026/07/24 16:23:25.601,1,GPU-713d5b24-2a1e-fd4a-7685-c3d195ff9230,86.85,1410,1593,25,14,73511,38
2026/07/24 16:23:25.838,2026/07/24 16:23:25.826,2026/07/24 16:23:25.850,0,GPU-e2681f6e-8d94-2d66-484f-43ea602335f9,92.00,1410,1593,0,0,73511,46
2026/07/24 16:23:25.838,2026/07/24 16:23:25.826,2026/07/24 16:23:25.850,1,GPU-713d5b24-2a1e-fd4a-7685-c3d195ff9230,83.82,1410,1593,0,0,73511,37
2026/07/24 16:23:26.090,2026/07/24 16:23:26.076,2026/07/24 16:23:26.105,0,GPU-e2681f6e-8d94-2d66-484f-43ea602335f9,91.07,1410,1593,0,0,73511,45
2026/07/24 16:23:26.090,2026/07/24 16:23:26.076,2026/07/24 16:23:26.105,1,GPU-713d5b24-2a1e-fd4a-7685-c3d195ff9230,83.55,1410,1593,0,0,73511,36
2026/07/24 16:23:26.346,2026/07/24 16:23:26.326,2026/07/24 16:23:26.366,0,GPU-e2681f6e-8d94-2d66-484f-43ea602335f9,383.63,1410,1593,100,17,73511,58
2026/07/24 16:23:26.346,2026/07/24 16:23:26.326,2026/07/24 16:23:26.366,1,GPU-713d5b24-2a1e-fd4a-7685-c3d195ff9230,83.46,1410,1593,0,0,73511,36
2026/07/24 16:23:26.592,2026/07/24 16:23:26.576,2026/07/24 16:23:26.607,0,GPU-e2681f6e-8d94-2d66-484f-43ea602335f9,375.19,1410,1593,100,13,73511,60
2026/07/24 16:23:26.592,2026/07/24 16:23:26.576,2026/07/24 16:23:26.607,1,GPU-713d5b24-2a1e-fd4a-7685-c3d195ff9230,83.46,1410,1593,0,0,73511,36
2026/07/24 16:23:26.841,2026/07/24 16:23:26.826,2026/07/24 16:23:26.856,0,GPU-e2681f6e-8d94-2d66-484f-43ea602335f9,105.87,1410,1593,100,12,73511,61
2026/07/24 16:23:26.841,2026/07/24 16:23:26.826,2026/07/24 16:23:26.856,1,GPU-713d5b24-2a1e-fd4a-7685-c3d195ff9230,91.58,1410,1593,0,0,73511,35
2026/07/24 16:23:27.091,2026/07/24 16:23:27.076,2026/07/24 16:23:27.106,0,GPU-e2681f6e-8d94-2d66-484f-43ea602335f9,94.48,1410,1593,17,2,73511,49
2026/07/24 16:23:27.091,2026/07/24 16:23:27.076,2026/07/24 16:23:27.106,1,GPU-713d5b24-2a1e-fd4a-7685-c3d195ff9230,241.66,1410,1593,47,12,73511,40
2026/07/24 16:23:27.371,2026/07/24 16:23:27.326,2026/07/24 16:23:27.416,0,GPU-e2681f6e-8d94-2d66-484f-43ea602335f9,92.27,1410,1593,0,0,73511,47
2026/07/24 16:23:27.371,2026/07/24 16:23:27.326,2026/07/24 16:23:27.416,1,GPU-713d5b24-2a1e-fd4a-7685-c3d195ff9230,84.05,1410,1593,15,8,73511,37
2026/07/24 16:23:27.597,2026/07/24 16:23:27.576,2026/07/24 16:23:27.619,0,GPU-e2681f6e-8d94-2d66-484f-43ea602335f9,94.11,1410,1593,0,0,73511,46
2026/07/24 16:23:27.597,2026/07/24 16:23:27.576,2026/07/24 16:23:27.619,1,GPU-713d5b24-2a1e-fd4a-7685-c3d195ff9230,83.73,1410,1593,0,0,73511,36
2026/07/24 16:23:27.842,2026/07/24 16:23:27.827,2026/07/24 16:23:27.858,0,GPU-e2681f6e-8d94-2d66-484f-43ea602335f9,91.40,1410,1593,0,0,73511,46
2026/07/24 16:23:27.842,2026/07/24 16:23:27.827,2026/07/24 16:23:27.858,1,GPU-713d5b24-2a1e-fd4a-7685-c3d195ff9230,83.46,1410,1593,0,0,73511,36
2026/07/24 16:23:28.091,2026/07/24 16:23:28.077,2026/07/24 16:23:28.106,0,GPU-e2681f6e-8d94-2d66-484f-43ea602335f9,90.81,1410,1593,0,0,73511,46
2026/07/24 16:23:28.091,2026/07/24 16:23:28.077,2026/07/24 16:23:28.106,1,GPU-713d5b24-2a1e-fd4a-7685-c3d195ff9230,83.14,1410,1593,0,0,73511,36
2026/07/24 16:23:28.348,2026/07/24 16:23:28.327,2026/07/24 16:23:28.369,0,GPU-e2681f6e-8d94-2d66-484f-43ea602335f9,376.11,1410,1593,38,7,73511,57
2026/07/24 16:23:28.348,2026/07/24 16:23:28.327,2026/07/24 16:23:28.369,1,GPU-713d5b24-2a1e-fd4a-7685-c3d195ff9230,83.46,1410,1593,0,0,73511,35
2026/07/24 16:23:28.593,2026/07/24 16:23:28.577,2026/07/24 16:23:28.610,0,GPU-e2681f6e-8d94-2d66-484f-43ea602335f9,205.13,1410,1593,83,13,73511,53
2026/07/24 16:23:28.593,2026/07/24 16:23:28.577,2026/07/24 16:23:28.610,1,GPU-713d5b24-2a1e-fd4a-7685-c3d195ff9230,83.46,1410,1593,0,0,73511,35
2026/07/24 16:23:28.842,2026/07/24 16:23:28.827,2026/07/24 16:23:28.857,0,GPU-e2681f6e-8d94-2d66-484f-43ea602335f9,94.38,1410,1593,0,0,73511,49
2026/07/24 16:23:28.842,2026/07/24 16:23:28.827,2026/07/24 16:23:28.857,1,GPU-713d5b24-2a1e-fd4a-7685-c3d195ff9230,244.10,1410,1593,82,35,73511,40
2026/07/24 16:23:29.091,2026/07/24 16:23:29.077,2026/07/24 16:23:29.105,0,GPU-e2681f6e-8d94-2d66-484f-43ea602335f9,92.00,1410,1593,0,0,73511,47
2026/07/24 16:23:29.091,2026/07/24 16:23:29.077,2026/07/24 16:23:29.105,1,GPU-713d5b24-2a1e-fd4a-7685-c3d195ff9230,86.17,1410,1593,100,53,73511,39
2026/07/24 16:23:29.341,2026/07/24 16:23:29.327,2026/07/24 16:23:29.356,0,GPU-e2681f6e-8d94-2d66-484f-43ea602335f9,93.78,1410,1593,0,0,73511,46
2026/07/24 16:23:29.341,2026/07/24 16:23:29.327,2026/07/24 16:23:29.356,1,GPU-713d5b24-2a1e-fd4a-7685-c3d195ff9230,84.05,1410,1593,26,14,73511,36
2026/07/24 16:23:29.591,2026/07/24 16:23:29.577,2026/07/24 16:23:29.605,0,GPU-e2681f6e-8d94-2d66-484f-43ea602335f9,91.40,1410,1593,0,0,73511,45
2026/07/24 16:23:29.591,2026/07/24 16:23:29.577,2026/07/24 16:23:29.605,1,GPU-713d5b24-2a1e-fd4a-7685-c3d195ff9230,83.73,1410,1593,0,0,73511,36
2026/07/24 16:23:29.841,2026/07/24 16:23:29.827,2026/07/24 16:23:29.855,0,GPU-e2681f6e-8d94-2d66-484f-43ea602335f9,91.17,1410,1593,0,0,73511,45
2026/07/24 16:23:29.841,2026/07/24 16:23:29.827,2026/07/24 16:23:29.855,1,GPU-713d5b24-2a1e-fd4a-7685-c3d195ff9230,83.55,1410,1593,0,0,73511,36
2026/07/24 16:23:30.092,2026/07/24 16:23:30.077,2026/07/24 16:23:30.107,0,GPU-e2681f6e-8d94-2d66-484f-43ea602335f9,91.07,1410,1593,0,0,73511,45
2026/07/24 16:23:30.092,2026/07/24 16:23:30.077,2026/07/24 16:23:30.107,1,GPU-713d5b24-2a1e-fd4a-7685-c3d195ff9230,83.46,1410,1593,0,0,73511,36
2026/07/24 16:23:30.342,2026/07/24 16:23:30.327,2026/07/24 16:23:30.356,0,GPU-e2681f6e-8d94-2d66-484f-43ea602335f9,91.07,1410,1593,0,0,73511,45
2026/07/24 16:23:30.342,2026/07/24 16:23:30.327,2026/07/24 16:23:30.356,1,GPU-713d5b24-2a1e-fd4a-7685-c3d195ff9230,83.46,1410,1593,0,0,73511,35
2026/07/24 16:23:30.592,2026/07/24 16:23:30.577,2026/07/24 16:23:30.606,0,GPU-e2681f6e-8d94-2d66-484f-43ea602335f9,91.07,1410,1593,0,0,73511,45
2026/07/24 16:23:30.592,2026/07/24 16:23:30.577,2026/07/24 16:23:30.606,1,GPU-713d5b24-2a1e-fd4a-7685-c3d195ff9230,83.46,1410,1593,0,0,73511,35
2026/07/24 16:23:30.841,2026/07/24 16:23:30.828,2026/07/24 16:23:30.855,0,GPU-e2681f6e-8d94-2d66-484f-43ea602335f9,90.81,1410,1593,0,0,73511,44
2026/07/24 16:23:30.841,2026/07/24 16:23:30.828,2026/07/24 16:23:30.855,1,GPU-713d5b24-2a1e-fd4a-7685-c3d195ff9230,83.46,1410,1593,0,0,73511,35
2026/07/24 16:23:31.092,2026/07/24 16:23:31.078,2026/07/24 16:23:31.106,0,GPU-e2681f6e-8d94-2d66-484f-43ea602335f9,90.90,1410,1593,0,0,73511,44
2026/07/24 16:23:31.092,2026/07/24 16:23:31.078,2026/07/24 16:23:31.106,1,GPU-713d5b24-2a1e-fd4a-7685-c3d195ff9230,83.14,1410,1593,0,0,73511,35
2026/07/24 16:23:31.342,2026/07/24 16:23:31.328,2026/07/24 16:23:31.357,0,GPU-e2681f6e-8d94-2d66-484f-43ea602335f9,90.81,1410,1593,0,0,73511,44
2026/07/24 16:23:31.342,2026/07/24 16:23:31.328,2026/07/24 16:23:31.357,1,GPU-713d5b24-2a1e-fd4a-7685-c3d195ff9230,83.14,1410,1593,0,0,73511,35
2026/07/24 16:23:31.591,2026/07/24 16:23:31.578,2026/07/24 16:23:31.605,0,GPU-e2681f6e-8d94-2d66-484f-43ea602335f9,90.48,1410,1593,0,0,73511,44
2026/07/24 16:23:31.591,2026/07/24 16:23:31.578,2026/07/24 16:23:31.605,1,GPU-713d5b24-2a1e-fd4a-7685-c3d195ff9230,83.14,1410,1593,0,0,73511,35
2026/07/24 16:23:31.842,2026/07/24 16:23:31.828,2026/07/24 16:23:31.857,0,GPU-e2681f6e-8d94-2d66-484f-43ea602335f9,90.48,1410,1593,0,0,73511,44
2026/07/24 16:23:31.842,2026/07/24 16:23:31.828,2026/07/24 16:23:31.857,1,GPU-713d5b24-2a1e-fd4a-7685-c3d195ff9230,83.14,1410,1593,0,0,73511,35
2026/07/24 16:23:32.092,2026/07/24 16:23:32.078,2026/07/24 16:23:32.106,0,GPU-e2681f6e-8d94-2d66-484f-43ea602335f9,89.88,1410,1593,0,0,73511,44
2026/07/24 16:23:32.092,2026/07/24 16:23:32.078,2026/07/24 16:23:32.106,1,GPU-713d5b24-2a1e-fd4a-7685-c3d195ff9230,83.14,1410,1593,0,0,73511,35
2026/07/24 16:23:32.344,2026/07/24 16:23:32.328,2026/07/24 16:23:32.360,0,GPU-e2681f6e-8d94-2d66-484f-43ea602335f9,89.88,1410,1593,0,0,73511,44
2026/07/24 16:23:32.344,2026/07/24 16:23:32.328,2026/07/24 16:23:32.360,1,GPU-713d5b24-2a1e-fd4a-7685-c3d195ff9230,83.14,1410,1593,0,0,73511,35
2026/07/24 16:23:32.592,2026/07/24 16:23:32.578,2026/07/24 16:23:32.605,0,GPU-e2681f6e-8d94-2d66-484f-43ea602335f9,89.97,1410,1593,3,1,73511,44
2026/07/24 16:23:32.592,2026/07/24 16:23:32.578,2026/07/24 16:23:32.605,1,GPU-713d5b24-2a1e-fd4a-7685-c3d195ff9230,83.22,1410,1593,0,0,73511,35
2026/07/24 16:23:32.842,2026/07/24 16:23:32.828,2026/07/24 16:23:32.856,0,GPU-e2681f6e-8d94-2d66-484f-43ea602335f9,387.53,1410,1593,100,18,73511,55
2026/07/24 16:23:32.842,2026/07/24 16:23:32.828,2026/07/24 16:23:32.856,1,GPU-713d5b24-2a1e-fd4a-7685-c3d195ff9230,83.14,1410,1593,0,0,73511,35
2026/07/24 16:23:33.093,2026/07/24 16:23:33.079,2026/07/24 16:23:33.108,0,GPU-e2681f6e-8d94-2d66-484f-43ea602335f9,378.81,1410,1593,100,15,73511,58
2026/07/24 16:23:33.093,2026/07/24 16:23:33.079,2026/07/24 16:23:33.108,1,GPU-713d5b24-2a1e-fd4a-7685-c3d195ff9230,83.14,1410,1593,0,0,73511,35
2026/07/24 16:23:33.343,2026/07/24 16:23:33.329,2026/07/24 16:23:33.357,0,GPU-e2681f6e-8d94-2d66-484f-43ea602335f9,108.25,1410,1593,100,13,73511,53
2026/07/24 16:23:33.343,2026/07/24 16:23:33.329,2026/07/24 16:23:33.357,1,GPU-713d5b24-2a1e-fd4a-7685-c3d195ff9230,83.14,1410,1593,0,0,73511,36
2026/07/24 16:23:33.595,2026/07/24 16:23:33.579,2026/07/24 16:23:33.611,0,GPU-e2681f6e-8d94-2d66-484f-43ea602335f9,92.69,1410,1593,20,3,73511,48
2026/07/24 16:23:33.595,2026/07/24 16:23:33.579,2026/07/24 16:23:33.611,1,GPU-713d5b24-2a1e-fd4a-7685-c3d195ff9230,237.17,1410,1593,100,52,73511,39
2026/07/24 16:23:33.842,2026/07/24 16:23:33.829,2026/07/24 16:23:33.856,0,GPU-e2681f6e-8d94-2d66-484f-43ea602335f9,365.55,1410,1593,27,5,73511,54
2026/07/24 16:23:33.842,2026/07/24 16:23:33.829,2026/07/24 16:23:33.856,1,GPU-713d5b24-2a1e-fd4a-7685-c3d195ff9230,88.60,1410,1593,82,43,73511,37
2026/07/24 16:23:34.094,2026/07/24 16:23:34.079,2026/07/24 16:23:34.109,0,GPU-e2681f6e-8d94-2d66-484f-43ea602335f9,381.52,1410,1593,100,17,73511,58
2026/07/24 16:23:34.094,2026/07/24 16:23:34.079,2026/07/24 16:23:34.109,1,GPU-713d5b24-2a1e-fd4a-7685-c3d195ff9230,83.73,1410,1593,0,0,73511,36
2026/07/24 16:23:34.344,2026/07/24 16:23:34.329,2026/07/24 16:23:34.359,0,GPU-e2681f6e-8d94-2d66-484f-43ea602335f9,387.85,1410,1593,100,13,73511,61
2026/07/24 16:23:34.344,2026/07/24 16:23:34.329,2026/07/24 16:23:34.359,1,GPU-713d5b24-2a1e-fd4a-7685-c3d195ff9230,83.46,1410,1593,0,0,73511,36
2026/07/24 16:23:34.594,2026/07/24 16:23:34.579,2026/07/24 16:23:34.608,0,GPU-e2681f6e-8d94-2d66-484f-43ea602335f9,404.14,1410,1593,100,14,73511,62
2026/07/24 16:23:34.594,2026/07/24 16:23:34.579,2026/07/24 16:23:34.608,1,GPU-713d5b24-2a1e-fd4a-7685-c3d195ff9230,83.46,1410,1593,0,0,73511,37
2026/07/24 16:23:34.856,2026/07/24 16:23:34.829,2026/07/24 16:23:34.882,0,GPU-e2681f6e-8d94-2d66-484f-43ea602335f9,400.51,1410,1593,100,14,73511,63
2026/07/24 16:23:34.856,2026/07/24 16:23:34.829,2026/07/24 16:23:34.882,1,GPU-713d5b24-2a1e-fd4a-7685-c3d195ff9230,236.84,1410,1593,100,52,73511,41
2026/07/24 16:23:35.095,2026/07/24 16:23:35.079,2026/07/24 16:23:35.110,0,GPU-e2681f6e-8d94-2d66-484f-43ea602335f9,108.57,1410,1593,100,12,73511,63
2026/07/24 16:23:35.095,2026/07/24 16:23:35.079,2026/07/24 16:23:35.110,1,GPU-713d5b24-2a1e-fd4a-7685-c3d195ff9230,84.97,1410,1593,69,36,73511,37
2026/07/24 16:23:35.344,2026/07/24 16:23:35.330,2026/07/24 16:23:35.359,0,GPU-e2681f6e-8d94-2d66-484f-43ea602335f9,400.78,1410,1593,76,14,73511,63
2026/07/24 16:23:35.344,2026/07/24 16:23:35.330,2026/07/24 16:23:35.359,1,GPU-713d5b24-2a1e-fd4a-7685-c3d195ff9230,241.99,1410,1593,37,7,73511,40
2026/07/24 16:23:35.596,2026/07/24 16:23:35.580,2026/07/24 16:23:35.612,0,GPU-e2681f6e-8d94-2d66-484f-43ea602335f9,386.66,1410,1593,100,15,73511,64
2026/07/24 16:23:35.596,2026/07/24 16:23:35.580,2026/07/24 16:23:35.612,1,GPU-713d5b24-2a1e-fd4a-7685-c3d195ff9230,84.65,1410,1593,100,52,73511,37
2026/07/24 16:23:35.846,2026/07/24 16:23:35.830,2026/07/24 16:23:35.862,0,GPU-e2681f6e-8d94-2d66-484f-43ea602335f9,384.22,1410,1593,100,15,73511,64
2026/07/24 16:23:35.846,2026/07/24 16:23:35.830,2026/07/24 16:23:35.862,1,GPU-713d5b24-2a1e-fd4a-7685-c3d195ff9230,84.05,1410,1593,0,0,73511,37
2026/07/24 16:23:36.095,2026/07/24 16:23:36.080,2026/07/24 16:23:36.111,0,GPU-e2681f6e-8d94-2d66-484f-43ea602335f9,390.56,1410,1593,100,17,73511,65
2026/07/24 16:23:36.095,2026/07/24 16:23:36.080,2026/07/24 16:23:36.111,1,GPU-713d5b24-2a1e-fd4a-7685-c3d195ff9230,240.47,1410,1593,63,21,73511,41
2026/07/24 16:23:36.345,2026/07/24 16:23:36.330,2026/07/24 16:23:36.360,0,GPU-e2681f6e-8d94-2d66-484f-43ea602335f9,98.44,1410,1593,75,11,73511,55
2026/07/24 16:23:36.345,2026/07/24 16:23:36.330,2026/07/24 16:23:36.360,1,GPU-713d5b24-2a1e-fd4a-7685-c3d195ff9230,241.40,1410,1593,100,52,73511,41
2026/07/24 16:23:36.595,2026/07/24 16:23:36.580,2026/07/24 16:23:36.611,0,GPU-e2681f6e-8d94-2d66-484f-43ea602335f9,95.40,1410,1593,0,0,73511,51
2026/07/24 16:23:36.595,2026/07/24 16:23:36.580,2026/07/24 16:23:36.611,1,GPU-713d5b24-2a1e-fd4a-7685-c3d195ff9230,248.91,1410,1593,99,53,73511,40
2026/07/24 16:23:36.845,2026/07/24 16:23:36.830,2026/07/24 16:23:36.860,0,GPU-e2681f6e-8d94-2d66-484f-43ea602335f9,93.51,1410,1593,0,0,73511,49
2026/07/24 16:23:36.845,2026/07/24 16:23:36.830,2026/07/24 16:23:36.860,1,GPU-713d5b24-2a1e-fd4a-7685-c3d195ff9230,85.25,1410,1593,0,0,73511,38
2026/07/24 16:23:37.094,2026/07/24 16:23:37.080,2026/07/24 16:23:37.109,0,GPU-e2681f6e-8d94-2d66-484f-43ea602335f9,387.25,1410,1593,0,0,73511,58
2026/07/24 16:23:37.094,2026/07/24 16:23:37.080,2026/07/24 16:23:37.109,1,GPU-713d5b24-2a1e-fd4a-7685-c3d195ff9230,83.82,1410,1593,0,0,73511,37
2026/07/24 16:23:37.345,2026/07/24 16:23:37.330,2026/07/24 16:23:37.360,0,GPU-e2681f6e-8d94-2d66-484f-43ea602335f9,396.29,1410,1593,100,14,73511,63
2026/07/24 16:23:37.345,2026/07/24 16:23:37.330,2026/07/24 16:23:37.360,1,GPU-713d5b24-2a1e-fd4a-7685-c3d195ff9230,83.73,1410,1593,0,0,73511,36
2026/07/24 16:23:37.596,2026/07/24 16:23:37.580,2026/07/24 16:23:37.612,0,GPU-e2681f6e-8d94-2d66-484f-43ea602335f9,382.71,1410,1593,100,13,73511,64
2026/07/24 16:23:37.596,2026/07/24 16:23:37.580,2026/07/24 16:23:37.612,1,GPU-713d5b24-2a1e-fd4a-7685-c3d195ff9230,83.82,1410,1593,0,0,73511,36
2026/07/24 16:23:37.845,2026/07/24 16:23:37.830,2026/07/24 16:23:37.860,0,GPU-e2681f6e-8d94-2d66-484f-43ea602335f9,395.70,1410,1593,73,14,73511,63
2026/07/24 16:23:37.845,2026/07/24 16:23:37.830,2026/07/24 16:23:37.860,1,GPU-713d5b24-2a1e-fd4a-7685-c3d195ff9230,239.28,1410,1593,62,19,73511,40
2026/07/24 16:23:38.138,2026/07/24 16:23:38.080,2026/07/24 16:23:38.195,0,GPU-e2681f6e-8d94-2d66-484f-43ea602335f9,401.71,1410,1593,100,15,73511,65
2026/07/24 16:23:38.138,2026/07/24 16:23:38.080,2026/07/24 16:23:38.195,1,GPU-713d5b24-2a1e-fd4a-7685-c3d195ff9230,84.38,1410,1593,95,49,73511,38
2026/07/24 16:23:38.344,2026/07/24 16:23:38.330,2026/07/24 16:23:38.358,0,GPU-e2681f6e-8d94-2d66-484f-43ea602335f9,387.53,1410,1593,100,13,73511,65
2026/07/24 16:23:38.344,2026/07/24 16:23:38.330,2026/07/24 16:23:38.358,1,GPU-713d5b24-2a1e-fd4a-7685-c3d195ff9230,84.05,1410,1593,0,0,73511,37
2026/07/24 16:23:38.597,2026/07/24 16:23:38.581,2026/07/24 16:23:38.613,0,GPU-e2681f6e-8d94-2d66-484f-43ea602335f9,408.04,1410,1593,100,17,73511,66
2026/07/24 16:23:38.597,2026/07/24 16:23:38.581,2026/07/24 16:23:38.613,1,GPU-713d5b24-2a1e-fd4a-7685-c3d195ff9230,234.46,1410,1593,0,0,73511,40
2026/07/24 16:23:38.847,2026/07/24 16:23:38.831,2026/07/24 16:23:38.863,0,GPU-e2681f6e-8d94-2d66-484f-43ea602335f9,405.33,1410,1593,100,16,73511,66
2026/07/24 16:23:38.847,2026/07/24 16:23:38.831,2026/07/24 16:23:38.863,1,GPU-713d5b24-2a1e-fd4a-7685-c3d195ff9230,231.70,1410,1593,100,52,73511,41
2026/07/24 16:23:39.095,2026/07/24 16:23:39.081,2026/07/24 16:23:39.110,0,GPU-e2681f6e-8d94-2d66-484f-43ea602335f9,388.77,1410,1593,100,12,73511,66
2026/07/24 16:23:39.095,2026/07/24 16:23:39.081,2026/07/24 16:23:39.110,1,GPU-713d5b24-2a1e-fd4a-7685-c3d195ff9230,84.38,1410,1593,6,3,73511,37
2026/07/24 16:23:39.346,2026/07/24 16:23:39.331,2026/07/24 16:23:39.361,0,GPU-e2681f6e-8d94-2d66-484f-43ea602335f9,100.72,1410,1593,22,3,73511,54
2026/07/24 16:23:39.346,2026/07/24 16:23:39.331,2026/07/24 16:23:39.361,1,GPU-713d5b24-2a1e-fd4a-7685-c3d195ff9230,237.44,1410,1593,24,0,73511,40
2026/07/24 16:23:39.596,2026/07/24 16:23:39.581,2026/07/24 16:23:39.610,0,GPU-e2681f6e-8d94-2d66-484f-43ea602335f9,96.32,1410,1593,0,0,73511,51
2026/07/24 16:23:39.596,2026/07/24 16:23:39.581,2026/07/24 16:23:39.610,1,GPU-713d5b24-2a1e-fd4a-7685-c3d195ff9230,241.99,1410,1593,97,50,73511,42
2026/07/24 16:23:39.854,2026/07/24 16:23:39.831,2026/07/24 16:23:39.878,0,GPU-e2681f6e-8d94-2d66-484f-43ea602335f9,386.66,1410,1593,46,9,73511,62
2026/07/24 16:23:39.854,2026/07/24 16:23:39.831,2026/07/24 16:23:39.878,1,GPU-713d5b24-2a1e-fd4a-7685-c3d195ff9230,84.38,1410,1593,0,0,73511,38
2026/07/24 16:23:40.096,2026/07/24 16:23:40.081,2026/07/24 16:23:40.111,0,GPU-e2681f6e-8d94-2d66-484f-43ea602335f9,393.26,1410,1593,100,13,73511,65
2026/07/24 16:23:40.096,2026/07/24 16:23:40.081,2026/07/24 16:23:40.111,1,GPU-713d5b24-2a1e-fd4a-7685-c3d195ff9230,84.05,1410,1593,0,0,73511,37
2026/07/24 16:23:40.347,2026/07/24 16:23:40.331,2026/07/24 16:23:40.363,0,GPU-e2681f6e-8d94-2d66-484f-43ea602335f9,380.92,1410,1593,100,12,73511,65
2026/07/24 16:23:40.347,2026/07/24 16:23:40.331,2026/07/24 16:23:40.363,1,GPU-713d5b24-2a1e-fd4a-7685-c3d195ff9230,83.73,1410,1593,0,0,73511,37
2026/07/24 16:23:40.596,2026/07/24 16:23:40.581,2026/07/24 16:23:40.611,0,GPU-e2681f6e-8d94-2d66-484f-43ea602335f9,99.96,1410,1593,22,3,73511,53
2026/07/24 16:23:40.596,2026/07/24 16:23:40.581,2026/07/24 16:23:40.611,1,GPU-713d5b24-2a1e-fd4a-7685-c3d195ff9230,236.84,1410,1593,96,49,73511,41
2026/07/24 16:23:40.844,2026/07/24 16:23:40.831,2026/07/24 16:23:40.857,0,GPU-e2681f6e-8d94-2d66-484f-43ea602335f9,95.30,1410,1593,0,0,73511,51
2026/07/24 16:23:40.844,2026/07/24 16:23:40.831,2026/07/24 16:23:40.857,1,GPU-713d5b24-2a1e-fd4a-7685-c3d195ff9230,239.28,1410,1593,89,46,73511,40
2026/07/24 16:23:41.096,2026/07/24 16:23:41.081,2026/07/24 16:23:41.111,0,GPU-e2681f6e-8d94-2d66-484f-43ea602335f9,94.38,1410,1593,0,0,73511,50
2026/07/24 16:23:41.096,2026/07/24 16:23:41.081,2026/07/24 16:23:41.111,1,GPU-713d5b24-2a1e-fd4a-7685-c3d195ff9230,84.38,1410,1593,0,0,73511,38
2026/07/24 16:23:41.348,2026/07/24 16:23:41.332,2026/07/24 16:23:41.364,0,GPU-e2681f6e-8d94-2d66-484f-43ea602335f9,394.46,1410,1593,85,16,73511,60
2026/07/24 16:23:41.348,2026/07/24 16:23:41.332,2026/07/24 16:23:41.364,1,GPU-713d5b24-2a1e-fd4a-7685-c3d195ff9230,84.38,1410,1593,0,0,73511,37
2026/07/24 16:23:41.597,2026/07/24 16:23:41.582,2026/07/24 16:23:41.613,0,GPU-e2681f6e-8d94-2d66-484f-43ea602335f9,170.45,1410,1593,100,15,73511,57
2026/07/24 16:23:41.597,2026/07/24 16:23:41.582,2026/07/24 16:23:41.613,1,GPU-713d5b24-2a1e-fd4a-7685-c3d195ff9230,83.82,1410,1593,16,0,73511,36
2026/07/24 16:23:41.853,2026/07/24 16:23:41.832,2026/07/24 16:23:41.873,0,GPU-e2681f6e-8d94-2d66-484f-43ea602335f9,403.82,1410,1593,32,7,73511,60
2026/07/24 16:23:41.853,2026/07/24 16:23:41.832,2026/07/24 16:23:41.873,1,GPU-713d5b24-2a1e-fd4a-7685-c3d195ff9230,244.96,1410,1593,99,52,73511,41
2026/07/24 16:23:42.096,2026/07/24 16:23:42.082,2026/07/24 16:23:42.110,0,GPU-e2681f6e-8d94-2d66-484f-43ea602335f9,399.00,1410,1593,100,15,73511,64
2026/07/24 16:23:42.096,2026/07/24 16:23:42.082,2026/07/24 16:23:42.110,1,GPU-713d5b24-2a1e-fd4a-7685-c3d195ff9230,85.25,1410,1593,67,36,73511,39
2026/07/24 16:23:42.346,2026/07/24 16:23:42.332,2026/07/24 16:23:42.361,0,GPU-e2681f6e-8d94-2d66-484f-43ea602335f9,121.85,1410,1593,74,10,73511,56
2026/07/24 16:23:42.346,2026/07/24 16:23:42.332,2026/07/24 16:23:42.361,1,GPU-713d5b24-2a1e-fd4a-7685-c3d195ff9230,201.29,1410,1593,0,0,73511,39
2026/07/24 16:23:42.594,2026/07/24 16:23:42.582,2026/07/24 16:23:42.607,0,GPU-e2681f6e-8d94-2d66-484f-43ea602335f9,98.11,1410,1593,0,0,73511,52
2026/07/24 16:23:42.594,2026/07/24 16:23:42.582,2026/07/24 16:23:42.607,1,GPU-713d5b24-2a1e-fd4a-7685-c3d195ff9230,243.50,1410,1593,70,27,73511,42
2026/07/24 16:23:42.846,2026/07/24 16:23:42.832,2026/07/24 16:23:42.860,0,GPU-e2681f6e-8d94-2d66-484f-43ea602335f9,95.07,1410,1593,0,0,73511,50
2026/07/24 16:23:42.846,2026/07/24 16:23:42.832,2026/07/24 16:23:42.860,1,GPU-713d5b24-2a1e-fd4a-7685-c3d195ff9230,84.65,1410,1593,43,23,73511,40
2026/07/24 16:23:43.097,2026/07/24 16:23:43.082,2026/07/24 16:23:43.111,0,GPU-e2681f6e-8d94-2d66-484f-43ea602335f9,94.38,1410,1593,0,0,73511,49
2026/07/24 16:23:43.097,2026/07/24 16:23:43.082,2026/07/24 16:23:43.111,1,GPU-713d5b24-2a1e-fd4a-7685-c3d195ff9230,84.38,1410,1593,0,0,73511,37
2026/07/24 16:23:43.347,2026/07/24 16:23:43.332,2026/07/24 16:23:43.361,0,GPU-e2681f6e-8d94-2d66-484f-43ea602335f9,93.88,1410,1593,0,0,73511,49
2026/07/24 16:23:43.347,2026/07/24 16:23:43.332,2026/07/24 16:23:43.361,1,GPU-713d5b24-2a1e-fd4a-7685-c3d195ff9230,84.05,1410,1593,0,0,73511,37
2026/07/24 16:23:43.599,2026/07/24 16:23:43.582,2026/07/24 16:23:43.616,0,GPU-e2681f6e-8d94-2d66-484f-43ea602335f9,96.82,1410,1593,0,0,73511,48
2026/07/24 16:23:43.599,2026/07/24 16:23:43.582,2026/07/24 16:23:43.616,1,GPU-713d5b24-2a1e-fd4a-7685-c3d195ff9230,87.95,1410,1593,0,0,73511,37
2026/07/24 16:23:43.846,2026/07/24 16:23:43.832,2026/07/24 16:23:43.860,0,GPU-e2681f6e-8d94-2d66-484f-43ea602335f9,93.51,1410,1593,0,0,73511,48
2026/07/24 16:23:43.846,2026/07/24 16:23:43.832,2026/07/24 16:23:43.860,1,GPU-713d5b24-2a1e-fd4a-7685-c3d195ff9230,83.73,1410,1593,0,0,73511,36
2026/07/24 16:23:44.096,2026/07/24 16:23:44.082,2026/07/24 16:23:44.109,0,GPU-e2681f6e-8d94-2d66-484f-43ea602335f9,93.02,1410,1593,0,0,73511,48
2026/07/24 16:23:44.096,2026/07/24 16:23:44.082,2026/07/24 16:23:44.109,1,GPU-713d5b24-2a1e-fd4a-7685-c3d195ff9230,83.82,1410,1593,0,0,73511,36
2026/07/24 16:23:44.348,2026/07/24 16:23:44.333,2026/07/24 16:23:44.363,0,GPU-e2681f6e-8d94-2d66-484f-43ea602335f9,93.51,1410,1593,0,0,73511,47
2026/07/24 16:23:44.348,2026/07/24 16:23:44.333,2026/07/24 16:23:44.363,1,GPU-713d5b24-2a1e-fd4a-7685-c3d195ff9230,83.46,1410,1593,0,0,73511,36
2026/07/24 16:23:44.597,2026/07/24 16:23:44.583,2026/07/24 16:23:44.611,0,GPU-e2681f6e-8d94-2d66-484f-43ea602335f9,92.59,1410,1593,0,0,73511,47
2026/07/24 16:23:44.597,2026/07/24 16:23:44.583,2026/07/24 16:23:44.611,1,GPU-713d5b24-2a1e-fd4a-7685-c3d195ff9230,83.73,1410,1593,0,0,73511,36
2026/07/24 16:23:44.846,2026/07/24 16:23:44.833,2026/07/24 16:23:44.859,0,GPU-e2681f6e-8d94-2d66-484f-43ea602335f9,92.27,1410,1593,0,0,73511,47
2026/07/24 16:23:44.846,2026/07/24 16:23:44.833,2026/07/24 16:23:44.859,1,GPU-713d5b24-2a1e-fd4a-7685-c3d195ff9230,83.73,1410,1593,0,0,73511,36
2026/07/24 16:23:45.095,2026/07/24 16:23:45.083,2026/07/24 16:23:45.108,0,GPU-e2681f6e-8d94-2d66-484f-43ea602335f9,92.27,1410,1593,0,0,73511,47
2026/07/24 16:23:45.095,2026/07/24 16:23:45.083,2026/07/24 16:23:45.108,1,GPU-713d5b24-2a1e-fd4a-7685-c3d195ff9230,83.73,1410,1593,0,0,73511,36
2026/07/24 16:23:45.346,2026/07/24 16:23:45.333,2026/07/24 16:23:45.359,0,GPU-e2681f6e-8d94-2d66-484f-43ea602335f9,92.36,1410,1593,0,0,73511,47
2026/07/24 16:23:45.346,2026/07/24 16:23:45.333,2026/07/24 16:23:45.359,1,GPU-713d5b24-2a1e-fd4a-7685-c3d195ff9230,83.55,1410,1593,0,0,73511,36
2026/07/24 16:23:45.598,2026/07/24 16:23:45.583,2026/07/24 16:23:45.614,0,GPU-e2681f6e-8d94-2d66-484f-43ea602335f9,378.49,1410,1593,0,0,73511,47
2026/07/24 16:23:45.598,2026/07/24 16:23:45.583,2026/07/24 16:23:45.614,1,GPU-713d5b24-2a1e-fd4a-7685-c3d195ff9230,83.73,1410,1593,0,0,73511,36
2026/07/24 16:23:45.847,2026/07/24 16:23:45.833,2026/07/24 16:23:45.860,0,GPU-e2681f6e-8d94-2d66-484f-43ea602335f9,389.37,1410,1593,79,15,73511,59
2026/07/24 16:23:45.847,2026/07/24 16:23:45.833,2026/07/24 16:23:45.860,1,GPU-713d5b24-2a1e-fd4a-7685-c3d195ff9230,83.73,1410,1593,0,0,73511,36
2026/07/24 16:23:46.110,2026/07/24 16:23:46.083,2026/07/24 16:23:46.137,0,GPU-e2681f6e-8d94-2d66-484f-43ea602335f9,375.51,1410,1593,100,15,73511,62
2026/07/24 16:23:46.110,2026/07/24 16:23:46.083,2026/07/24 16:23:46.137,1,GPU-713d5b24-2a1e-fd4a-7685-c3d195ff9230,83.46,1410,1593,0,0,73511,36
2026/07/24 16:23:46.349,2026/07/24 16:23:46.333,2026/07/24 16:23:46.365,0,GPU-e2681f6e-8d94-2d66-484f-43ea602335f9,395.05,1410,1593,94,10,73511,58
2026/07/24 16:23:46.349,2026/07/24 16:23:46.333,2026/07/24 16:23:46.365,1,GPU-713d5b24-2a1e-fd4a-7685-c3d195ff9230,83.46,1410,1593,0,0,73511,36
2026/07/24 16:23:46.599,2026/07/24 16:23:46.583,2026/07/24 16:23:46.614,0,GPU-e2681f6e-8d94-2d66-484f-43ea602335f9,95.40,1410,1593,0,0,73511,52
2026/07/24 16:23:46.599,2026/07/24 16:23:46.583,2026/07/24 16:23:46.614,1,GPU-713d5b24-2a1e-fd4a-7685-c3d195ff9230,231.70,1410,1593,37,7,73511,40
2026/07/24 16:23:46.848,2026/07/24 16:23:46.833,2026/07/24 16:23:46.862,0,GPU-e2681f6e-8d94-2d66-484f-43ea602335f9,94.48,1410,1593,0,0,73511,49
2026/07/24 16:23:46.848,2026/07/24 16:23:46.833,2026/07/24 16:23:46.862,1,GPU-713d5b24-2a1e-fd4a-7685-c3d195ff9230,237.77,1410,1593,75,39,73511,41
2026/07/24 16:23:47.097,2026/07/24 16:23:47.083,2026/07/24 16:23:47.110,0,GPU-e2681f6e-8d94-2d66-484f-43ea602335f9,93.19,1410,1593,0,0,73511,48
2026/07/24 16:23:47.097,2026/07/24 16:23:47.083,2026/07/24 16:23:47.110,1,GPU-713d5b24-2a1e-fd4a-7685-c3d195ff9230,84.65,1410,1593,0,0,73511,37
2026/07/24 16:23:47.348,2026/07/24 16:23:47.334,2026/07/24 16:23:47.362,0,GPU-e2681f6e-8d94-2d66-484f-43ea602335f9,377.62,1410,1593,29,6,73511,57
2026/07/24 16:23:47.348,2026/07/24 16:23:47.334,2026/07/24 16:23:47.362,1,GPU-713d5b24-2a1e-fd4a-7685-c3d195ff9230,84.05,1410,1593,0,0,73511,36
2026/07/24 16:23:47.599,2026/07/24 16:23:47.584,2026/07/24 16:23:47.614,0,GPU-e2681f6e-8d94-2d66-484f-43ea602335f9,388.12,1410,1593,100,17,73511,60
2026/07/24 16:23:47.599,2026/07/24 16:23:47.584,2026/07/24 16:23:47.614,1,GPU-713d5b24-2a1e-fd4a-7685-c3d195ff9230,83.73,1410,1593,0,0,73511,36
2026/07/24 16:23:47.850,2026/07/24 16:23:47.834,2026/07/24 16:23:47.866,0,GPU-e2681f6e-8d94-2d66-484f-43ea602335f9,136.91,1410,1593,100,14,73511,55
2026/07/24 16:23:47.850,2026/07/24 16:23:47.834,2026/07/24 16:23:47.866,1,GPU-713d5b24-2a1e-fd4a-7685-c3d195ff9230,102.83,1410,1593,14,0,73511,36
2026/07/24 16:23:48.098,2026/07/24 16:23:48.084,2026/07/24 16:23:48.112,0,GPU-e2681f6e-8d94-2d66-484f-43ea602335f9,95.73,1410,1593,28,4,73511,50
2026/07/24 16:23:48.098,2026/07/24 16:23:48.084,2026/07/24 16:23:48.112,1,GPU-713d5b24-2a1e-fd4a-7685-c3d195ff9230,244.37,1410,1593,97,49,73511,41
2026/07/24 16:23:48.354,2026/07/24 16:23:48.334,2026/07/24 16:23:48.374,0,GPU-e2681f6e-8d94-2d66-484f-43ea602335f9,94.21,1410,1593,0,0,73511,49
2026/07/24 16:23:48.354,2026/07/24 16:23:48.334,2026/07/24 16:23:48.374,1,GPU-713d5b24-2a1e-fd4a-7685-c3d195ff9230,84.38,1410,1593,80,42,73511,39
2026/07/24 16:23:48.608,2026/07/24 16:23:48.584,2026/07/24 16:23:48.632,0,GPU-e2681f6e-8d94-2d66-484f-43ea602335f9,93.51,1410,1593,0,0,73511,48
2026/07/24 16:23:48.608,2026/07/24 16:23:48.584,2026/07/24 16:23:48.632,1,GPU-713d5b24-2a1e-fd4a-7685-c3d195ff9230,84.05,1410,1593,0,0,73511,37
2026/07/24 16:23:48.849,2026/07/24 16:23:48.834,2026/07/24 16:23:48.863,0,GPU-e2681f6e-8d94-2d66-484f-43ea602335f9,93.19,1410,1593,0,0,73511,47
2026/07/24 16:23:48.849,2026/07/24 16:23:48.834,2026/07/24 16:23:48.863,1,GPU-713d5b24-2a1e-fd4a-7685-c3d195ff9230,83.82,1410,1593,0,0,73511,36
2026/07/24 16:23:49.097,2026/07/24 16:23:49.084,2026/07/24 16:23:49.110,0,GPU-e2681f6e-8d94-2d66-484f-43ea602335f9,92.59,1410,1593,0,0,73511,47
2026/07/24 16:23:49.097,2026/07/24 16:23:49.084,2026/07/24 16:23:49.110,1,GPU-713d5b24-2a1e-fd4a-7685-c3d195ff9230,83.46,1410,1593,0,0,73511,36
2026/07/24 16:23:49.347,2026/07/24 16:23:49.334,2026/07/24 16:23:49.361,0,GPU-e2681f6e-8d94-2d66-484f-43ea602335f9,92.27,1410,1593,0,0,73511,47
2026/07/24 16:23:49.347,2026/07/24 16:23:49.334,2026/07/24 16:23:49.361,1,GPU-713d5b24-2a1e-fd4a-7685-c3d195ff9230,83.73,1410,1593,0,0,73511,36
2026/07/24 16:23:49.602,2026/07/24 16:23:49.584,2026/07/24 16:23:49.619,0,GPU-e2681f6e-8d94-2d66-484f-43ea602335f9,92.27,1410,1593,2,0,73511,53
2026/07/24 16:23:49.602,2026/07/24 16:23:49.584,2026/07/24 16:23:49.619,1,GPU-713d5b24-2a1e-fd4a-7685-c3d195ff9230,83.73,1410,1593,0,0,73511,36
2026/07/24 16:23:49.849,2026/07/24 16:23:49.834,2026/07/24 16:23:49.864,0,GPU-e2681f6e-8d94-2d66-484f-43ea602335f9,389.04,1410,1593,100,18,73511,60
2026/07/24 16:23:49.849,2026/07/24 16:23:49.834,2026/07/24 16:23:49.864,1,GPU-713d5b24-2a1e-fd4a-7685-c3d195ff9230,83.46,1410,1593,0,0,73511,36
2026/07/24 16:23:50.129,2026/07/24 16:23:50.084,2026/07/24 16:23:50.173,0,GPU-e2681f6e-8d94-2d66-484f-43ea602335f9,392.94,1410,1593,100,15,73511,62
2026/07/24 16:23:50.129,2026/07/24 16:23:50.084,2026/07/24 16:23:50.173,1,GPU-713d5b24-2a1e-fd4a-7685-c3d195ff9230,83.46,1410,1593,0,0,73511,36
2026/07/24 16:23:50.348,2026/07/24 16:23:50.334,2026/07/24 16:23:50.362,0,GPU-e2681f6e-8d94-2d66-484f-43ea602335f9,401.38,1410,1593,100,15,73511,64
2026/07/24 16:23:50.348,2026/07/24 16:23:50.334,2026/07/24 16:23:50.362,1,GPU-713d5b24-2a1e-fd4a-7685-c3d195ff9230,244.37,1410,1593,66,25,73511,40
2026/07/24 16:23:50.601,2026/07/24 16:23:50.584,2026/07/24 16:23:50.617,0,GPU-e2681f6e-8d94-2d66-484f-43ea602335f9,392.34,1410,1593,100,16,73511,65
2026/07/24 16:23:50.601,2026/07/24 16:23:50.584,2026/07/24 16:23:50.617,1,GPU-713d5b24-2a1e-fd4a-7685-c3d195ff9230,88.04,1410,1593,100,52,73511,39
2026/07/24 16:23:50.850,2026/07/24 16:23:50.835,2026/07/24 16:23:50.865,0,GPU-e2681f6e-8d94-2d66-484f-43ea602335f9,106.79,1410,1593,100,12,73511,57
2026/07/24 16:23:50.850,2026/07/24 16:23:50.835,2026/07/24 16:23:50.865,1,GPU-713d5b24-2a1e-fd4a-7685-c3d195ff9230,84.05,1410,1593,24,0,73511,37
2026/07/24 16:23:51.101,2026/07/24 16:23:51.085,2026/07/24 16:23:51.118,0,GPU-e2681f6e-8d94-2d66-484f-43ea602335f9,96.32,1410,1593,6,1,73511,52
2026/07/24 16:23:51.101,2026/07/24 16:23:51.085,2026/07/24 16:23:51.118,1,GPU-713d5b24-2a1e-fd4a-7685-c3d195ff9230,243.18,1410,1593,24,0,73511,41
2026/07/24 16:23:51.356,2026/07/24 16:23:51.335,2026/07/24 16:23:51.378,0,GPU-e2681f6e-8d94-2d66-484f-43ea602335f9,94.81,1410,1593,57,11,73511,51
2026/07/24 16:23:51.356,2026/07/24 16:23:51.335,2026/07/24 16:23:51.378,1,GPU-713d5b24-2a1e-fd4a-7685-c3d195ff9230,93.51,1410,1593,88,46,73511,38
2026/07/24 16:23:51.598,2026/07/24 16:23:51.585,2026/07/24 16:23:51.611,0,GPU-e2681f6e-8d94-2d66-484f-43ea602335f9,386.01,1410,1593,100,16,73511,62
2026/07/24 16:23:51.598,2026/07/24 16:23:51.585,2026/07/24 16:23:51.611,1,GPU-713d5b24-2a1e-fd4a-7685-c3d195ff9230,84.65,1410,1593,0,0,73511,37
2026/07/24 16:23:51.849,2026/07/24 16:23:51.835,2026/07/24 16:23:51.864,0,GPU-e2681f6e-8d94-2d66-484f-43ea602335f9,405.33,1410,1593,100,17,73511,65
2026/07/24 16:23:51.849,2026/07/24 16:23:51.835,2026/07/24 16:23:51.864,1,GPU-713d5b24-2a1e-fd4a-7685-c3d195ff9230,90.71,1410,1593,43,15,73511,37
2026/07/24 16:23:52.101,2026/07/24 16:23:52.085,2026/07/24 16:23:52.118,0,GPU-e2681f6e-8d94-2d66-484f-43ea602335f9,385.15,1410,1593,100,16,73511,65
2026/07/24 16:23:52.101,2026/07/24 16:23:52.085,2026/07/24 16:23:52.118,1,GPU-713d5b24-2a1e-fd4a-7685-c3d195ff9230,241.07,1410,1593,100,53,73511,42
2026/07/24 16:23:52.363,2026/07/24 16:23:52.335,2026/07/24 16:23:52.392,0,GPU-e2681f6e-8d94-2d66-484f-43ea602335f9,107.98,1410,1593,58,8,73511,57
2026/07/24 16:23:52.363,2026/07/24 16:23:52.335,2026/07/24 16:23:52.392,1,GPU-713d5b24-2a1e-fd4a-7685-c3d195ff9230,85.25,1410,1593,60,32,73511,39
2026/07/24 16:23:52.599,2026/07/24 16:23:52.585,2026/07/24 16:23:52.614,0,GPU-e2681f6e-8d94-2d66-484f-43ea602335f9,97.09,1410,1593,0,0,73511,53
2026/07/24 16:23:52.599,2026/07/24 16:23:52.585,2026/07/24 16:23:52.614,1,GPU-713d5b24-2a1e-fd4a-7685-c3d195ff9230,241.40,1410,1593,71,26,73511,42
2026/07/24 16:23:52.850,2026/07/24 16:23:52.835,2026/07/24 16:23:52.864,0,GPU-e2681f6e-8d94-2d66-484f-43ea602335f9,94.81,1410,1593,0,0,73511,51
2026/07/24 16:23:52.850,2026/07/24 16:23:52.835,2026/07/24 16:23:52.864,1,GPU-713d5b24-2a1e-fd4a-7685-c3d195ff9230,117.50,1410,1593,100,52,73511,40
2026/07/24 16:23:53.100,2026/07/24 16:23:53.085,2026/07/24 16:23:53.114,0,GPU-e2681f6e-8d94-2d66-484f-43ea602335f9,94.21,1410,1593,0,0,73511,49
2026/07/24 16:23:53.100,2026/07/24 16:23:53.085,2026/07/24 16:23:53.114,1,GPU-713d5b24-2a1e-fd4a-7685-c3d195ff9230,84.74,1410,1593,0,0,73511,38
2026/07/24 16:23:53.352,2026/07/24 16:23:53.335,2026/07/24 16:23:53.369,0,GPU-e2681f6e-8d94-2d66-484f-43ea602335f9,93.88,1410,1593,0,0,73511,49
2026/07/24 16:23:53.352,2026/07/24 16:23:53.335,2026/07/24 16:23:53.369,1,GPU-713d5b24-2a1e-fd4a-7685-c3d195ff9230,84.05,1410,1593,0,0,73511,37
2026/07/24 16:23:53.601,2026/07/24 16:23:53.585,2026/07/24 16:23:53.616,0,GPU-e2681f6e-8d94-2d66-484f-43ea602335f9,93.51,1410,1593,3,1,73511,53
2026/07/24 16:23:53.601,2026/07/24 16:23:53.585,2026/07/24 16:23:53.616,1,GPU-713d5b24-2a1e-fd4a-7685-c3d195ff9230,84.05,1410,1593,0,0,73511,37
2026/07/24 16:23:53.849,2026/07/24 16:23:53.836,2026/07/24 16:23:53.862,0,GPU-e2681f6e-8d94-2d66-484f-43ea602335f9,389.96,1410,1593,100,18,73511,61
2026/07/24 16:23:53.849,2026/07/24 16:23:53.836,2026/07/24 16:23:53.862,1,GPU-713d5b24-2a1e-fd4a-7685-c3d195ff9230,83.73,1410,1593,0,0,73511,36
2026/07/24 16:23:54.100,2026/07/24 16:23:54.086,2026/07/24 16:23:54.114,0,GPU-e2681f6e-8d94-2d66-484f-43ea602335f9,394.19,1410,1593,100,15,73511,63
2026/07/24 16:23:54.100,2026/07/24 16:23:54.086,2026/07/24 16:23:54.114,1,GPU-713d5b24-2a1e-fd4a-7685-c3d195ff9230,83.73,1410,1593,0,0,73511,36
2026/07/24 16:23:54.351,2026/07/24 16:23:54.336,2026/07/24 16:23:54.367,0,GPU-e2681f6e-8d94-2d66-484f-43ea602335f9,408.31,1410,1593,100,12,73511,64
2026/07/24 16:23:54.351,2026/07/24 16:23:54.336,2026/07/24 16:23:54.367,1,GPU-713d5b24-2a1e-fd4a-7685-c3d195ff9230,83.82,1410,1593,0,0,73511,36
2026/07/24 16:23:54.601,2026/07/24 16:23:54.586,2026/07/24 16:23:54.617,0,GPU-e2681f6e-8d94-2d66-484f-43ea602335f9,402.03,1410,1593,100,14,73511,66
2026/07/24 16:23:54.601,2026/07/24 16:23:54.586,2026/07/24 16:23:54.617,1,GPU-713d5b24-2a1e-fd4a-7685-c3d195ff9230,242.26,1410,1593,58,17,73511,40
2026/07/24 16:23:54.851,2026/07/24 16:23:54.836,2026/07/24 16:23:54.865,0,GPU-e2681f6e-8d94-2d66-484f-43ea602335f9,394.78,1410,1593,100,14,73511,66
2026/07/24 16:23:54.851,2026/07/24 16:23:54.836,2026/07/24 16:23:54.865,1,GPU-713d5b24-2a1e-fd4a-7685-c3d195ff9230,84.74,1410,1593,99,51,73511,38
2026/07/24 16:23:55.101,2026/07/24 16:23:55.086,2026/07/24 16:23:55.115,0,GPU-e2681f6e-8d94-2d66-484f-43ea602335f9,406.20,1410,1593,32,4,73511,63
2026/07/24 16:23:55.101,2026/07/24 16:23:55.086,2026/07/24 16:23:55.115,1,GPU-713d5b24-2a1e-fd4a-7685-c3d195ff9230,238.36,1410,1593,0,0,73511,41
2026/07/24 16:23:55.353,2026/07/24 16:23:55.336,2026/07/24 16:23:55.370,0,GPU-e2681f6e-8d94-2d66-484f-43ea602335f9,406.85,1410,1593,95,17,73511,66
2026/07/24 16:23:55.353,2026/07/24 16:23:55.336,2026/07/24 16:23:55.370,1,GPU-713d5b24-2a1e-fd4a-7685-c3d195ff9230,84.65,1410,1593,55,29,73511,38
2026/07/24 16:23:55.603,2026/07/24 16:23:55.586,2026/07/24 16:23:55.619,0,GPU-e2681f6e-8d94-2d66-484f-43ea602335f9,391.48,1410,1593,100,12,73511,66
2026/07/24 16:23:55.603,2026/07/24 16:23:55.586,2026/07/24 16:23:55.619,1,GPU-713d5b24-2a1e-fd4a-7685-c3d195ff9230,84.05,1410,1593,0,0,73511,37
2026/07/24 16:23:55.852,2026/07/24 16:23:55.836,2026/07/24 16:23:55.869,0,GPU-e2681f6e-8d94-2d66-484f-43ea602335f9,429.14,1410,1593,100,15,73511,67
2026/07/24 16:23:55.852,2026/07/24 16:23:55.836,2026/07/24 16:23:55.869,1,GPU-713d5b24-2a1e-fd4a-7685-c3d195ff9230,98.51,1410,1593,0,0,73511,37
2026/07/24 16:23:56.102,2026/07/24 16:23:56.086,2026/07/24 16:23:56.117,0,GPU-e2681f6e-8d94-2d66-484f-43ea602335f9,396.29,1410,1593,100,17,73511,68
2026/07/24 16:23:56.102,2026/07/24 16:23:56.086,2026/07/24 16:23:56.117,1,GPU-713d5b24-2a1e-fd4a-7685-c3d195ff9230,239.55,1410,1593,64,21,73511,42
2026/07/24 16:23:56.353,2026/07/24 16:23:56.337,2026/07/24 16:23:56.369,0,GPU-e2681f6e-8d94-2d66-484f-43ea602335f9,398.41,1410,1593,100,13,73511,68
2026/07/24 16:23:56.353,2026/07/24 16:23:56.337,2026/07/24 16:23:56.369,1,GPU-713d5b24-2a1e-fd4a-7685-c3d195ff9230,84.97,1410,1593,57,29,73511,39
2026/07/24 16:23:56.658,2026/07/24 16:23:56.587,2026/07/24 16:23:56.730,0,GPU-e2681f6e-8d94-2d66-484f-43ea602335f9,411.67,1410,1593,100,13,73511,68
2026/07/24 16:23:56.658,2026/07/24 16:23:56.587,2026/07/24 16:23:56.730,1,GPU-713d5b24-2a1e-fd4a-7685-c3d195ff9230,237.17,1410,1593,91,40,73511,41
2026/07/24 16:23:56.853,2026/07/24 16:23:56.837,2026/07/24 16:23:56.869,0,GPU-e2681f6e-8d94-2d66-484f-43ea602335f9,402.63,1410,1593,100,14,73511,68
2026/07/24 16:23:56.853,2026/07/24 16:23:56.837,2026/07/24 16:23:56.869,1,GPU-713d5b24-2a1e-fd4a-7685-c3d195ff9230,205.51,1410,1593,91,40,73511,42
2026/07/24 16:23:57.102,2026/07/24 16:23:57.087,2026/07/24 16:23:57.117,0,GPU-e2681f6e-8d94-2d66-484f-43ea602335f9,395.97,1410,1593,100,12,73511,68
2026/07/24 16:23:57.102,2026/07/24 16:23:57.087,2026/07/24 16:23:57.117,1,GPU-713d5b24-2a1e-fd4a-7685-c3d195ff9230,84.65,1410,1593,56,29,73511,38
2026/07/24 16:23:57.353,2026/07/24 16:23:57.337,2026/07/24 16:23:57.369,0,GPU-e2681f6e-8d94-2d66-484f-43ea602335f9,401.71,1410,1593,100,17,73511,69
2026/07/24 16:23:57.353,2026/07/24 16:23:57.337,2026/07/24 16:23:57.369,1,GPU-713d5b24-2a1e-fd4a-7685-c3d195ff9230,245.62,1410,1593,51,15,73511,40
2026/07/24 16:23:57.603,2026/07/24 16:23:57.587,2026/07/24 16:23:57.619,0,GPU-e2681f6e-8d94-2d66-484f-43ea602335f9,410.42,1410,1593,100,15,73511,69
2026/07/24 16:23:57.603,2026/07/24 16:23:57.587,2026/07/24 16:23:57.619,1,GPU-713d5b24-2a1e-fd4a-7685-c3d195ff9230,240.15,1410,1593,100,52,73511,39
2026/07/24 16:23:57.853,2026/07/24 16:23:57.837,2026/07/24 16:23:57.870,0,GPU-e2681f6e-8d94-2d66-484f-43ea602335f9,414.97,1410,1593,100,13,73511,69
2026/07/24 16:23:57.853,2026/07/24 16:23:57.837,2026/07/24 16:23:57.870,1,GPU-713d5b24-2a1e-fd4a-7685-c3d195ff9230,84.97,1410,1593,12,6,73511,38
2026/07/24 16:23:58.101,2026/07/24 16:23:58.087,2026/07/24 16:23:58.114,0,GPU-e2681f6e-8d94-2d66-484f-43ea602335f9,412.26,1410,1593,100,17,73511,69
2026/07/24 16:23:58.101,2026/07/24 16:23:58.087,2026/07/24 16:23:58.114,1,GPU-713d5b24-2a1e-fd4a-7685-c3d195ff9230,241.66,1410,1593,100,52,73511,41
2026/07/24 16:23:58.353,2026/07/24 16:23:58.337,2026/07/24 16:23:58.369,0,GPU-e2681f6e-8d94-2d66-484f-43ea602335f9,401.71,1410,1593,100,14,73511,69
2026/07/24 16:23:58.353,2026/07/24 16:23:58.337,2026/07/24 16:23:58.369,1,GPU-713d5b24-2a1e-fd4a-7685-c3d195ff9230,124.88,1410,1593,49,25,73511,39
2026/07/24 16:23:58.603,2026/07/24 16:23:58.587,2026/07/24 16:23:58.619,0,GPU-e2681f6e-8d94-2d66-484f-43ea602335f9,413.45,1410,1593,100,18,73511,70
2026/07/24 16:23:58.603,2026/07/24 16:23:58.587,2026/07/24 16:23:58.619,1,GPU-713d5b24-2a1e-fd4a-7685-c3d195ff9230,235.06,1410,1593,13,0,73511,39
2026/07/24 16:23:58.852,2026/07/24 16:23:58.838,2026/07/24 16:23:58.866,0,GPU-e2681f6e-8d94-2d66-484f-43ea602335f9,399.60,1410,1593,100,15,73511,70
2026/07/24 16:23:58.852,2026/07/24 16:23:58.838,2026/07/24 16:23:58.866,1,GPU-713d5b24-2a1e-fd4a-7685-c3d195ff9230,245.29,1410,1593,96,45,73511,41
2026/07/24 16:23:59.102,2026/07/24 16:23:59.088,2026/07/24 16:23:59.117,0,GPU-e2681f6e-8d94-2d66-484f-43ea602335f9,398.08,1410,1593,100,13,73511,70
2026/07/24 16:23:59.102,2026/07/24 16:23:59.088,2026/07/24 16:23:59.117,1,GPU-713d5b24-2a1e-fd4a-7685-c3d195ff9230,84.65,1410,1593,72,37,73511,38
2026/07/24 16:23:59.352,2026/07/24 16:23:59.338,2026/07/24 16:23:59.367,0,GPU-e2681f6e-8d94-2d66-484f-43ea602335f9,411.07,1410,1593,100,13,73511,70
2026/07/24 16:23:59.352,2026/07/24 16:23:59.338,2026/07/24 16:23:59.367,1,GPU-713d5b24-2a1e-fd4a-7685-c3d195ff9230,232.62,1410,1593,36,6,73511,40
2026/07/24 16:23:59.601,2026/07/24 16:23:59.588,2026/07/24 16:23:59.614,0,GPU-e2681f6e-8d94-2d66-484f-43ea602335f9,395.97,1410,1593,100,17,73511,70
2026/07/24 16:23:59.601,2026/07/24 16:23:59.588,2026/07/24 16:23:59.614,1,GPU-713d5b24-2a1e-fd4a-7685-c3d195ff9230,238.69,1410,1593,100,52,73511,42
2026/07/24 16:23:59.851,2026/07/24 16:23:59.838,2026/07/24 16:23:59.864,0,GPU-e2681f6e-8d94-2d66-484f-43ea602335f9,417.40,1410,1593,100,13,73511,70
2026/07/24 16:23:59.851,2026/07/24 16:23:59.838,2026/07/24 16:23:59.864,1,GPU-713d5b24-2a1e-fd4a-7685-c3d195ff9230,84.97,1410,1593,58,30,73511,39
2026/07/24 16:24:00.104,2026/07/24 16:24:00.088,2026/07/24 16:24:00.119,0,GPU-e2681f6e-8d94-2d66-484f-43ea602335f9,422.49,1410,1593,100,17,73511,70
2026/07/24 16:24:00.104,2026/07/24 16:24:00.088,2026/07/24 16:24:00.119,1,GPU-713d5b24-2a1e-fd4a-7685-c3d195ff9230,235.65,1410,1593,0,0,73511,41
2026/07/24 16:24:00.353,2026/07/24 16:24:00.338,2026/07/24 16:24:00.367,0,GPU-e2681f6e-8d94-2d66-484f-43ea602335f9,409.23,1410,1593,100,14,73511,70
2026/07/24 16:24:00.353,2026/07/24 16:24:00.338,2026/07/24 16:24:00.367,1,GPU-713d5b24-2a1e-fd4a-7685-c3d195ff9230,85.84,1410,1593,72,37,73511,40
2026/07/24 16:24:00.603,2026/07/24 16:24:00.588,2026/07/24 16:24:00.618,0,GPU-e2681f6e-8d94-2d66-484f-43ea602335f9,421.89,1410,1593,100,15,73511,71
2026/07/24 16:24:00.603,2026/07/24 16:24:00.588,2026/07/24 16:24:00.618,1,GPU-713d5b24-2a1e-fd4a-7685-c3d195ff9230,207.95,1410,1593,20,1,73511,41
2026/07/24 16:24:00.853,2026/07/24 16:24:00.838,2026/07/24 16:24:00.868,0,GPU-e2681f6e-8d94-2d66-484f-43ea602335f9,404.14,1410,1593,100,14,73511,71
2026/07/24 16:24:00.853,2026/07/24 16:24:00.838,2026/07/24 16:24:00.868,1,GPU-713d5b24-2a1e-fd4a-7685-c3d195ff9230,243.43,1410,1593,100,52,73511,43
2026/07/24 16:24:01.106,2026/07/24 16:24:01.088,2026/07/24 16:24:01.123,0,GPU-e2681f6e-8d94-2d66-484f-43ea602335f9,415.29,1410,1593,100,18,73511,71
2026/07/24 16:24:01.106,2026/07/24 16:24:01.088,2026/07/24 16:24:01.123,1,GPU-713d5b24-2a1e-fd4a-7685-c3d195ff9230,248.32,1410,1593,95,47,73511,43
2026/07/24 16:24:01.354,2026/07/24 16:24:01.338,2026/07/24 16:24:01.370,0,GPU-e2681f6e-8d94-2d66-484f-43ea602335f9,404.14,1410,1593,100,15,73511,71
2026/07/24 16:24:01.354,2026/07/24 16:24:01.338,2026/07/24 16:24:01.370,1,GPU-713d5b24-2a1e-fd4a-7685-c3d195ff9230,247.40,1410,1593,63,33,73511,40
2026/07/24 16:24:01.603,2026/07/24 16:24:01.588,2026/07/24 16:24:01.617,0,GPU-e2681f6e-8d94-2d66-484f-43ea602335f9,433.04,1410,1593,100,14,73511,71
2026/07/24 16:24:01.603,2026/07/24 16:24:01.588,2026/07/24 16:24:01.617,1,GPU-713d5b24-2a1e-fd4a-7685-c3d195ff9230,226.29,1410,1593,24,2,73511,39
2026/07/24 16:24:01.852,2026/07/24 16:24:01.838,2026/07/24 16:24:01.866,0,GPU-e2681f6e-8d94-2d66-484f-43ea602335f9,414.38,1410,1593,100,18,73511,71
2026/07/24 16:24:01.852,2026/07/24 16:24:01.838,2026/07/24 16:24:01.866,1,GPU-713d5b24-2a1e-fd4a-7685-c3d195ff9230,239.87,1410,1593,100,52,73511,41
2026/07/24 16:24:02.103,2026/07/24 16:24:02.088,2026/07/24 16:24:02.117,0,GPU-e2681f6e-8d94-2d66-484f-43ea602335f9,401.11,1410,1593,100,12,73511,71
2026/07/24 16:24:02.103,2026/07/24 16:24:02.088,2026/07/24 16:24:02.117,1,GPU-713d5b24-2a1e-fd4a-7685-c3d195ff9230,85.25,1410,1593,37,20,73511,39
2026/07/24 16:24:02.413,2026/07/24 16:24:02.338,2026/07/24 16:24:02.488,0,GPU-e2681f6e-8d94-2d66-484f-43ea602335f9,411.94,1410,1593,100,14,73511,71
2026/07/24 16:24:02.413,2026/07/24 16:24:02.338,2026/07/24 16:24:02.488,1,GPU-713d5b24-2a1e-fd4a-7685-c3d195ff9230,241.40,1410,1593,51,14,73511,42
2026/07/24 16:24:02.605,2026/07/24 16:24:02.588,2026/07/24 16:24:02.621,0,GPU-e2681f6e-8d94-2d66-484f-43ea602335f9,418.27,1410,1593,100,17,73511,71
2026/07/24 16:24:02.605,2026/07/24 16:24:02.588,2026/07/24 16:24:02.621,1,GPU-713d5b24-2a1e-fd4a-7685-c3d195ff9230,241.66,1410,1593,100,52,73511,43
2026/07/24 16:24:02.852,2026/07/24 16:24:02.839,2026/07/24 16:24:02.866,0,GPU-e2681f6e-8d94-2d66-484f-43ea602335f9,429.42,1410,1593,100,14,73511,72
2026/07/24 16:24:02.852,2026/07/24 16:24:02.839,2026/07/24 16:24:02.866,1,GPU-713d5b24-2a1e-fd4a-7685-c3d195ff9230,86.17,1410,1593,71,37,73511,42
2026/07/24 16:24:03.105,2026/07/24 16:24:03.089,2026/07/24 16:24:03.121,0,GPU-e2681f6e-8d94-2d66-484f-43ea602335f9,413.78,1410,1593,100,16,73511,72
2026/07/24 16:24:03.105,2026/07/24 16:24:03.089,2026/07/24 16:24:03.121,1,GPU-713d5b24-2a1e-fd4a-7685-c3d195ff9230,238.96,1410,1593,80,32,73511,43
2026/07/24 16:24:03.353,2026/07/24 16:24:03.339,2026/07/24 16:24:03.368,0,GPU-e2681f6e-8d94-2d66-484f-43ea602335f9,420.70,1410,1593,100,17,73511,72
2026/07/24 16:24:03.353,2026/07/24 16:24:03.339,2026/07/24 16:24:03.368,1,GPU-713d5b24-2a1e-fd4a-7685-c3d195ff9230,245.29,1410,1593,81,34,73511,43
2026/07/24 16:24:03.604,2026/07/24 16:24:03.589,2026/07/24 16:24:03.619,0,GPU-e2681f6e-8d94-2d66-484f-43ea602335f9,401.38,1410,1593,100,16,73511,72
2026/07/24 16:24:03.604,2026/07/24 16:24:03.589,2026/07/24 16:24:03.619,1,GPU-713d5b24-2a1e-fd4a-7685-c3d195ff9230,86.49,1410,1593,71,38,73511,40
2026/07/24 16:24:03.856,2026/07/24 16:24:03.839,2026/07/24 16:24:03.873,0,GPU-e2681f6e-8d94-2d66-484f-43ea602335f9,412.53,1410,1593,100,16,73511,72
2026/07/24 16:24:03.856,2026/07/24 16:24:03.839,2026/07/24 16:24:03.873,1,GPU-713d5b24-2a1e-fd4a-7685-c3d195ff9230,84.97,1410,1593,0,0,73511,39
2026/07/24 16:24:04.102,2026/07/24 16:24:04.089,2026/07/24 16:24:04.116,0,GPU-e2681f6e-8d94-2d66-484f-43ea602335f9,418.60,1410,1593,100,16,73511,72
2026/07/24 16:24:04.102,2026/07/24 16:24:04.089,2026/07/24 16:24:04.116,1,GPU-713d5b24-2a1e-fd4a-7685-c3d195ff9230,248.59,1410,1593,33,6,73511,42
2026/07/24 16:24:04.351,2026/07/24 16:24:04.339,2026/07/24 16:24:04.364,0,GPU-e2681f6e-8d94-2d66-484f-43ea602335f9,407.44,1410,1593,100,13,73511,72
2026/07/24 16:24:04.351,2026/07/24 16:24:04.339,2026/07/24 16:24:04.364,1,GPU-713d5b24-2a1e-fd4a-7685-c3d195ff9230,85.57,1410,1593,100,52,73511,40
2026/07/24 16:24:04.602,2026/07/24 16:24:04.589,2026/07/24 16:24:04.616,0,GPU-e2681f6e-8d94-2d66-484f-43ea602335f9,433.04,1410,1593,100,12,73511,72
2026/07/24 16:24:04.602,2026/07/24 16:24:04.589,2026/07/24 16:24:04.616,1,GPU-713d5b24-2a1e-fd4a-7685-c3d195ff9230,216.33,1410,1593,26,1,73511,42
2026/07/24 16:24:04.852,2026/07/24 16:24:04.839,2026/07/24 16:24:04.865,0,GPU-e2681f6e-8d94-2d66-484f-43ea602335f9,405.93,1410,1593,100,15,73511,72
2026/07/24 16:24:04.852,2026/07/24 16:24:04.839,2026/07/24 16:24:04.865,1,GPU-713d5b24-2a1e-fd4a-7685-c3d195ff9230,242.26,1410,1593,100,52,73511,43
2026/07/24 16:24:05.102,2026/07/24 16:24:05.089,2026/07/24 16:24:05.115,0,GPU-e2681f6e-8d94-2d66-484f-43ea602335f9,418.00,1410,1593,100,18,73511,72
2026/07/24 16:24:05.102,2026/07/24 16:24:05.089,2026/07/24 16:24:05.115,1,GPU-713d5b24-2a1e-fd4a-7685-c3d195ff9230,242.58,1410,1593,71,37,73511,41
2026/07/24 16:24:05.352,2026/07/24 16:24:05.339,2026/07/24 16:24:05.366,0,GPU-e2681f6e-8d94-2d66-484f-43ea602335f9,402.90,1410,1593,100,15,73511,72
2026/07/24 16:24:05.352,2026/07/24 16:24:05.339,2026/07/24 16:24:05.366,1,GPU-713d5b24-2a1e-fd4a-7685-c3d195ff9230,245.29,1410,1593,61,33,73511,41
2026/07/24 16:24:05.606,2026/07/24 16:24:05.589,2026/07/24 16:24:05.623,0,GPU-e2681f6e-8d94-2d66-484f-43ea602335f9,425.79,1410,1593,100,14,73511,73
2026/07/24 16:24:05.606,2026/07/24 16:24:05.589,2026/07/24 16:24:05.623,1,GPU-713d5b24-2a1e-fd4a-7685-c3d195ff9230,96.72,1410,1593,2,0,73511,39
2026/07/24 16:24:05.854,2026/07/24 16:24:05.839,2026/07/24 16:24:05.870,0,GPU-e2681f6e-8d94-2d66-484f-43ea602335f9,413.18,1410,1593,100,17,73511,73
2026/07/24 16:24:05.854,2026/07/24 16:24:05.839,2026/07/24 16:24:05.870,1,GPU-713d5b24-2a1e-fd4a-7685-c3d195ff9230,247.08,1410,1593,97,42,73511,43
2026/07/24 16:24:06.103,2026/07/24 16:24:06.089,2026/07/24 16:24:06.116,0,GPU-e2681f6e-8d94-2d66-484f-43ea602335f9,415.29,1410,1593,100,13,73511,73
2026/07/24 16:24:06.103,2026/07/24 16:24:06.089,2026/07/24 16:24:06.116,1,GPU-713d5b24-2a1e-fd4a-7685-c3d195ff9230,85.25,1410,1593,59,31,73511,39
2026/07/24 16:24:06.353,2026/07/24 16:24:06.339,2026/07/24 16:24:06.366,0,GPU-e2681f6e-8d94-2d66-484f-43ea602335f9,416.48,1410,1593,100,17,73511,73
2026/07/24 16:24:06.353,2026/07/24 16:24:06.339,2026/07/24 16:24:06.366,1,GPU-713d5b24-2a1e-fd4a-7685-c3d195ff9230,235.65,1410,1593,96,38,73511,42
2026/07/24 16:24:06.602,2026/07/24 16:24:06.590,2026/07/24 16:24:06.615,0,GPU-e2681f6e-8d94-2d66-484f-43ea602335f9,397.81,1410,1593,100,14,73511,73
2026/07/24 16:24:06.602,2026/07/24 16:24:06.590,2026/07/24 16:24:06.615,1,GPU-713d5b24-2a1e-fd4a-7685-c3d195ff9230,104.56,1410,1593,97,51,73511,43
2026/07/24 16:24:06.853,2026/07/24 16:24:06.840,2026/07/24 16:24:06.867,0,GPU-e2681f6e-8d94-2d66-484f-43ea602335f9,431.85,1410,1593,100,14,73511,73
2026/07/24 16:24:06.853,2026/07/24 16:24:06.840,2026/07/24 16:24:06.867,1,GPU-713d5b24-2a1e-fd4a-7685-c3d195ff9230,238.04,1410,1593,39,10,73511,43
2026/07/24 16:24:07.104,2026/07/24 16:24:07.090,2026/07/24 16:24:07.118,0,GPU-e2681f6e-8d94-2d66-484f-43ea602335f9,424.60,1410,1593,100,16,73511,73
2026/07/24 16:24:07.104,2026/07/24 16:24:07.090,2026/07/24 16:24:07.118,1,GPU-713d5b24-2a1e-fd4a-7685-c3d195ff9230,245.29,1410,1593,100,52,73511,44
2026/07/24 16:24:07.354,2026/07/24 16:24:07.340,2026/07/24 16:24:07.367,0,GPU-e2681f6e-8d94-2d66-484f-43ea602335f9,423.41,1410,1593,100,18,73511,73
2026/07/24 16:24:07.354,2026/07/24 16:24:07.340,2026/07/24 16:24:07.367,1,GPU-713d5b24-2a1e-fd4a-7685-c3d195ff9230,245.29,1410,1593,95,42,73511,44
2026/07/24 16:24:07.603,2026/07/24 16:24:07.590,2026/07/24 16:24:07.617,0,GPU-e2681f6e-8d94-2d66-484f-43ea602335f9,414.05,1410,1593,100,14,73511,73
2026/07/24 16:24:07.603,2026/07/24 16:24:07.590,2026/07/24 16:24:07.617,1,GPU-713d5b24-2a1e-fd4a-7685-c3d195ff9230,244.96,1410,1593,78,41,73511,41
2026/07/24 16:24:07.854,2026/07/24 16:24:07.840,2026/07/24 16:24:07.869,0,GPU-e2681f6e-8d94-2d66-484f-43ea602335f9,431.26,1410,1593,100,16,73511,73
2026/07/24 16:24:07.854,2026/07/24 16:24:07.840,2026/07/24 16:24:07.869,1,GPU-713d5b24-2a1e-fd4a-7685-c3d195ff9230,85.25,1410,1593,0,0,73511,41
2026/07/24 16:24:08.103,2026/07/24 16:24:08.090,2026/07/24 16:24:08.117,0,GPU-e2681f6e-8d94-2d66-484f-43ea602335f9,416.16,1410,1593,100,15,73511,73
2026/07/24 16:24:08.103,2026/07/24 16:24:08.090,2026/07/24 16:24:08.117,1,GPU-713d5b24-2a1e-fd4a-7685-c3d195ff9230,239.28,1410,1593,85,32,73511,43
2026/07/24 16:24:08.354,2026/07/24 16:24:08.340,2026/07/24 16:24:08.368,0,GPU-e2681f6e-8d94-2d66-484f-43ea602335f9,405.33,1410,1593,100,12,73511,73
2026/07/24 16:24:08.354,2026/07/24 16:24:08.340,2026/07/24 16:24:08.368,1,GPU-713d5b24-2a1e-fd4a-7685-c3d195ff9230,91.31,1410,1593,36,19,73511,41
2026/07/24 16:24:08.603,2026/07/24 16:24:08.590,2026/07/24 16:24:08.617,0,GPU-e2681f6e-8d94-2d66-484f-43ea602335f9,435.16,1410,1593,100,13,73511,73
2026/07/24 16:24:08.603,2026/07/24 16:24:08.590,2026/07/24 16:24:08.617,1,GPU-713d5b24-2a1e-fd4a-7685-c3d195ff9230,99.43,1410,1593,15,0,73511,40
2026/07/24 16:24:08.853,2026/07/24 16:24:08.840,2026/07/24 16:24:08.867,0,GPU-e2681f6e-8d94-2d66-484f-43ea602335f9,421.30,1410,1593,100,17,73511,73
2026/07/24 16:24:08.853,2026/07/24 16:24:08.840,2026/07/24 16:24:08.867,1,GPU-713d5b24-2a1e-fd4a-7685-c3d195ff9230,238.69,1410,1593,97,45,73511,43
2026/07/24 16:24:09.104,2026/07/24 16:24:09.090,2026/07/24 16:24:09.118,0,GPU-e2681f6e-8d94-2d66-484f-43ea602335f9,414.38,1410,1593,100,14,73511,73
2026/07/24 16:24:09.104,2026/07/24 16:24:09.090,2026/07/24 16:24:09.118,1,GPU-713d5b24-2a1e-fd4a-7685-c3d195ff9230,85.25,1410,1593,54,28,73511,39
2026/07/24 16:24:09.356,2026/07/24 16:24:09.340,2026/07/24 16:24:09.372,0,GPU-e2681f6e-8d94-2d66-484f-43ea602335f9,420.70,1410,1593,100,18,73511,74
2026/07/24 16:24:09.356,2026/07/24 16:24:09.340,2026/07/24 16:24:09.372,1,GPU-713d5b24-2a1e-fd4a-7685-c3d195ff9230,246.81,1410,1593,33,6,73511,43
2026/07/24 16:24:09.604,2026/07/24 16:24:09.590,2026/07/24 16:24:09.617,0,GPU-e2681f6e-8d94-2d66-484f-43ea602335f9,425.79,1410,1593,100,14,73511,74
2026/07/24 16:24:09.604,2026/07/24 16:24:09.590,2026/07/24 16:24:09.617,1,GPU-713d5b24-2a1e-fd4a-7685-c3d195ff9230,85.33,1410,1593,10,6,73511,39
2026/07/24 16:24:09.852,2026/07/24 16:24:09.840,2026/07/24 16:24:09.864,0,GPU-e2681f6e-8d94-2d66-484f-43ea602335f9,422.22,1410,1593,100,17,73511,74
2026/07/24 16:24:09.852,2026/07/24 16:24:09.840,2026/07/24 16:24:09.864,1,GPU-713d5b24-2a1e-fd4a-7685-c3d195ff9230,242.26,1410,1593,69,27,73511,43
2026/07/24 16:24:10.103,2026/07/24 16:24:10.090,2026/07/24 16:24:10.115,0,GPU-e2681f6e-8d94-2d66-484f-43ea602335f9,410.75,1410,1593,100,16,73511,66
2026/07/24 16:24:10.103,2026/07/24 16:24:10.090,2026/07/24 16:24:10.115,1,GPU-713d5b24-2a1e-fd4a-7685-c3d195ff9230,233.22,1410,1593,67,35,73511,40
2026/07/24 16:24:10.355,2026/07/24 16:24:10.340,2026/07/24 16:24:10.370,0,GPU-e2681f6e-8d94-2d66-484f-43ea602335f9,103.76,1410,1593,0,0,73511,59
2026/07/24 16:24:10.355,2026/07/24 16:24:10.340,2026/07/24 16:24:10.370,1,GPU-713d5b24-2a1e-fd4a-7685-c3d195ff9230,247.99,1410,1593,76,31,73511,44
2026/07/24 16:24:10.604,2026/07/24 16:24:10.591,2026/07/24 16:24:10.617,0,GPU-e2681f6e-8d94-2d66-484f-43ea602335f9,403.22,1410,1593,80,15,73511,70
2026/07/24 16:24:10.604,2026/07/24 16:24:10.591,2026/07/24 16:24:10.617,1,GPU-713d5b24-2a1e-fd4a-7685-c3d195ff9230,85.25,1410,1593,96,51,73511,40
2026/07/24 16:24:10.856,2026/07/24 16:24:10.841,2026/07/24 16:24:10.871,0,GPU-e2681f6e-8d94-2d66-484f-43ea602335f9,425.79,1410,1593,100,15,73511,72
2026/07/24 16:24:10.856,2026/07/24 16:24:10.841,2026/07/24 16:24:10.871,1,GPU-713d5b24-2a1e-fd4a-7685-c3d195ff9230,89.79,1410,1593,0,0,73511,41
2026/07/24 16:24:11.105,2026/07/24 16:24:11.091,2026/07/24 16:24:11.119,0,GPU-e2681f6e-8d94-2d66-484f-43ea602335f9,408.31,1410,1593,100,15,73511,73
2026/07/24 16:24:11.105,2026/07/24 16:24:11.091,2026/07/24 16:24:11.119,1,GPU-713d5b24-2a1e-fd4a-7685-c3d195ff9230,247.40,1410,1593,91,40,73511,43
2026/07/24 16:24:11.354,2026/07/24 16:24:11.341,2026/07/24 16:24:11.368,0,GPU-e2681f6e-8d94-2d66-484f-43ea602335f9,405.33,1410,1593,100,13,73511,73
2026/07/24 16:24:11.354,2026/07/24 16:24:11.341,2026/07/24 16:24:11.368,1,GPU-713d5b24-2a1e-fd4a-7685-c3d195ff9230,85.57,1410,1593,99,53,73511,40
2026/07/24 16:24:11.605,2026/07/24 16:24:11.591,2026/07/24 16:24:11.619,0,GPU-e2681f6e-8d94-2d66-484f-43ea602335f9,105.54,1410,1593,71,9,73511,64
2026/07/24 16:24:11.605,2026/07/24 16:24:11.591,2026/07/24 16:24:11.619,1,GPU-713d5b24-2a1e-fd4a-7685-c3d195ff9230,98.24,1410,1593,53,16,73511,41
2026/07/24 16:24:11.854,2026/07/24 16:24:11.841,2026/07/24 16:24:11.867,0,GPU-e2681f6e-8d94-2d66-484f-43ea602335f9,101.64,1410,1593,0,0,73511,58
2026/07/24 16:24:11.854,2026/07/24 16:24:11.841,2026/07/24 16:24:11.867,1,GPU-713d5b24-2a1e-fd4a-7685-c3d195ff9230,241.99,1410,1593,100,52,73511,43
2026/07/24 16:24:12.114,2026/07/24 16:24:12.091,2026/07/24 16:24:12.136,0,GPU-e2681f6e-8d94-2d66-484f-43ea602335f9,406.85,1410,1593,0,0,73511,66
2026/07/24 16:24:12.114,2026/07/24 16:24:12.091,2026/07/24 16:24:12.136,1,GPU-713d5b24-2a1e-fd4a-7685-c3d195ff9230,85.57,1410,1593,50,26,73511,39
2026/07/24 16:24:12.354,2026/07/24 16:24:12.341,2026/07/24 16:24:12.367,0,GPU-e2681f6e-8d94-2d66-484f-43ea602335f9,408.63,1410,1593,87,16,73511,70
2026/07/24 16:24:12.354,2026/07/24 16:24:12.341,2026/07/24 16:24:12.367,1,GPU-713d5b24-2a1e-fd4a-7685-c3d195ff9230,84.97,1410,1593,0,0,73511,39
2026/07/24 16:24:12.608,2026/07/24 16:24:12.591,2026/07/24 16:24:12.625,0,GPU-e2681f6e-8d94-2d66-484f-43ea602335f9,119.14,1410,1593,100,13,73511,63
2026/07/24 16:24:12.608,2026/07/24 16:24:12.591,2026/07/24 16:24:12.625,1,GPU-713d5b24-2a1e-fd4a-7685-c3d195ff9230,84.65,1410,1593,5,0,73511,38
2026/07/24 16:24:12.857,2026/07/24 16:24:12.841,2026/07/24 16:24:12.872,0,GPU-e2681f6e-8d94-2d66-484f-43ea602335f9,409.82,1410,1593,21,4,73511,68
2026/07/24 16:24:12.857,2026/07/24 16:24:12.841,2026/07/24 16:24:12.872,1,GPU-713d5b24-2a1e-fd4a-7685-c3d195ff9230,236.84,1410,1593,97,42,73511,42
2026/07/24 16:24:13.104,2026/07/24 16:24:13.091,2026/07/24 16:24:13.116,0,GPU-e2681f6e-8d94-2d66-484f-43ea602335f9,402.63,1410,1593,100,15,73511,71
2026/07/24 16:24:13.104,2026/07/24 16:24:13.091,2026/07/24 16:24:13.116,1,GPU-713d5b24-2a1e-fd4a-7685-c3d195ff9230,85.33,1410,1593,41,21,73511,39
2026/07/24 16:24:13.357,2026/07/24 16:24:13.342,2026/07/24 16:24:13.372,0,GPU-e2681f6e-8d94-2d66-484f-43ea602335f9,346.55,1410,1593,99,13,73511,71
2026/07/24 16:24:13.357,2026/07/24 16:24:13.342,2026/07/24 16:24:13.372,1,GPU-713d5b24-2a1e-fd4a-7685-c3d195ff9230,84.65,1410,1593,0,0,73511,38
2026/07/24 16:24:13.619,2026/07/24 16:24:13.592,2026/07/24 16:24:13.646,0,GPU-e2681f6e-8d94-2d66-484f-43ea602335f9,416.48,1410,1593,100,18,73511,73
2026/07/24 16:24:13.619,2026/07/24 16:24:13.592,2026/07/24 16:24:13.646,1,GPU-713d5b24-2a1e-fd4a-7685-c3d195ff9230,237.44,1410,1593,100,52,73511,43
2026/07/24 16:24:13.858,2026/07/24 16:24:13.842,2026/07/24 16:24:13.874,0,GPU-e2681f6e-8d94-2d66-484f-43ea602335f9,413.78,1410,1593,100,14,73511,72
2026/07/24 16:24:13.858,2026/07/24 16:24:13.842,2026/07/24 16:24:13.874,1,GPU-713d5b24-2a1e-fd4a-7685-c3d195ff9230,85.25,1410,1593,25,13,73511,39
2026/07/24 16:24:14.108,2026/07/24 16:24:14.092,2026/07/24 16:24:14.124,0,GPU-e2681f6e-8d94-2d66-484f-43ea602335f9,428.82,1410,1593,100,14,73511,72
2026/07/24 16:24:14.108,2026/07/24 16:24:14.092,2026/07/24 16:24:14.124,1,GPU-713d5b24-2a1e-fd4a-7685-c3d195ff9230,96.99,1410,1593,0,0,73511,38
2026/07/24 16:24:14.359,2026/07/24 16:24:14.342,2026/07/24 16:24:14.376,0,GPU-e2681f6e-8d94-2d66-484f-43ea602335f9,414.64,1410,1593,100,17,73511,73
2026/07/24 16:24:14.359,2026/07/24 16:24:14.342,2026/07/24 16:24:14.376,1,GPU-713d5b24-2a1e-fd4a-7685-c3d195ff9230,245.29,1410,1593,51,13,73511,42
2026/07/24 16:24:14.607,2026/07/24 16:24:14.592,2026/07/24 16:24:14.622,0,GPU-e2681f6e-8d94-2d66-484f-43ea602335f9,115.24,1410,1593,100,14,73511,69
2026/07/24 16:24:14.607,2026/07/24 16:24:14.592,2026/07/24 16:24:14.622,1,GPU-713d5b24-2a1e-fd4a-7685-c3d195ff9230,185.32,1410,1593,99,51,73511,39
2026/07/24 16:24:14.856,2026/07/24 16:24:14.842,2026/07/24 16:24:14.870,0,GPU-e2681f6e-8d94-2d66-484f-43ea602335f9,102.57,1410,1593,5,1,73511,59
2026/07/24 16:24:14.856,2026/07/24 16:24:14.842,2026/07/24 16:24:14.870,1,GPU-713d5b24-2a1e-fd4a-7685-c3d195ff9230,242.26,1410,1593,97,51,73511,43
2026/07/24 16:24:15.106,2026/07/24 16:24:15.092,2026/07/24 16:24:15.119,0,GPU-e2681f6e-8d94-2d66-484f-43ea602335f9,100.45,1410,1593,0,0,73511,56
2026/07/24 16:24:15.106,2026/07/24 16:24:15.092,2026/07/24 16:24:15.119,1,GPU-713d5b24-2a1e-fd4a-7685-c3d195ff9230,85.93,1410,1593,61,32,73511,40
2026/07/24 16:24:15.356,2026/07/24 16:24:15.342,2026/07/24 16:24:15.369,0,GPU-e2681f6e-8d94-2d66-484f-43ea602335f9,99.20,1410,1593,0,0,73511,55
2026/07/24 16:24:15.356,2026/07/24 16:24:15.342,2026/07/24 16:24:15.369,1,GPU-713d5b24-2a1e-fd4a-7685-c3d195ff9230,84.97,1410,1593,0,0,73511,38
2026/07/24 16:24:15.619,2026/07/24 16:24:15.593,2026/07/24 16:24:15.646,0,GPU-e2681f6e-8d94-2d66-484f-43ea602335f9,97.74,1410,1593,0,0,73511,54
2026/07/24 16:24:15.619,2026/07/24 16:24:15.593,2026/07/24 16:24:15.646,1,GPU-713d5b24-2a1e-fd4a-7685-c3d195ff9230,84.65,1410,1593,0,0,73511,38
2026/07/24 16:24:15.858,2026/07/24 16:24:15.843,2026/07/24 16:24:15.874,0,GPU-e2681f6e-8d94-2d66-484f-43ea602335f9,97.09,1410,1593,0,0,73511,53
2026/07/24 16:24:15.858,2026/07/24 16:24:15.843,2026/07/24 16:24:15.874,1,GPU-713d5b24-2a1e-fd4a-7685-c3d195ff9230,84.65,1410,1593,0,0,73511,38
2026/07/24 16:24:16.114,2026/07/24 16:24:16.093,2026/07/24 16:24:16.135,0,GPU-e2681f6e-8d94-2d66-484f-43ea602335f9,397.16,1410,1593,100,17,73511,64
2026/07/24 16:24:16.114,2026/07/24 16:24:16.093,2026/07/24 16:24:16.135,1,GPU-713d5b24-2a1e-fd4a-7685-c3d195ff9230,84.38,1410,1593,0,0,73511,37
2026/07/24 16:24:16.357,2026/07/24 16:24:16.343,2026/07/24 16:24:16.371,0,GPU-e2681f6e-8d94-2d66-484f-43ea602335f9,400.51,1410,1593,100,14,73511,68
2026/07/24 16:24:16.357,2026/07/24 16:24:16.343,2026/07/24 16:24:16.371,1,GPU-713d5b24-2a1e-fd4a-7685-c3d195ff9230,84.38,1410,1593,0,0,73511,37
2026/07/24 16:24:16.608,2026/07/24 16:24:16.593,2026/07/24 16:24:16.622,0,GPU-e2681f6e-8d94-2d66-484f-43ea602335f9,103.43,1410,1593,81,12,73511,61
2026/07/24 16:24:16.608,2026/07/24 16:24:16.593,2026/07/24 16:24:16.622,1,GPU-713d5b24-2a1e-fd4a-7685-c3d195ff9230,84.38,1410,1593,35,7,73511,39
2026/07/24 16:24:16.857,2026/07/24 16:24:16.843,2026/07/24 16:24:16.871,0,GPU-e2681f6e-8d94-2d66-484f-43ea602335f9,99.96,1410,1593,0,0,73511,56
2026/07/24 16:24:16.857,2026/07/24 16:24:16.843,2026/07/24 16:24:16.871,1,GPU-713d5b24-2a1e-fd4a-7685-c3d195ff9230,247.08,1410,1593,100,52,73511,42
2026/07/24 16:24:17.107,2026/07/24 16:24:17.093,2026/07/24 16:24:17.121,0,GPU-e2681f6e-8d94-2d66-484f-43ea602335f9,98.34,1410,1593,0,0,73511,54
2026/07/24 16:24:17.107,2026/07/24 16:24:17.093,2026/07/24 16:24:17.121,1,GPU-713d5b24-2a1e-fd4a-7685-c3d195ff9230,84.97,1410,1593,57,30,73511,39
2026/07/24 16:24:17.359,2026/07/24 16:24:17.343,2026/07/24 16:24:17.374,0,GPU-e2681f6e-8d94-2d66-484f-43ea602335f9,402.90,1410,1593,35,7,73511,59
2026/07/24 16:24:17.359,2026/07/24 16:24:17.343,2026/07/24 16:24:17.374,1,GPU-713d5b24-2a1e-fd4a-7685-c3d195ff9230,84.65,1410,1593,0,0,73511,38
2026/07/24 16:24:17.608,2026/07/24 16:24:17.593,2026/07/24 16:24:17.622,0,GPU-e2681f6e-8d94-2d66-484f-43ea602335f9,395.05,1410,1593,100,17,73511,67
2026/07/24 16:24:17.608,2026/07/24 16:24:17.593,2026/07/24 16:24:17.622,1,GPU-713d5b24-2a1e-fd4a-7685-c3d195ff9230,84.46,1410,1593,0,0,73511,37
2026/07/24 16:24:17.856,2026/07/24 16:24:17.844,2026/07/24 16:24:17.869,0,GPU-e2681f6e-8d94-2d66-484f-43ea602335f9,398.41,1410,1593,100,13,73511,69
2026/07/24 16:24:17.856,2026/07/24 16:24:17.844,2026/07/24 16:24:17.869,1,GPU-713d5b24-2a1e-fd4a-7685-c3d195ff9230,84.38,1410,1593,0,0,73511,37
2026/07/24 16:24:18.109,2026/07/24 16:24:18.094,2026/07/24 16:24:18.124,0,GPU-e2681f6e-8d94-2d66-484f-43ea602335f9,103.26,1410,1593,78,11,73511,59
2026/07/24 16:24:18.109,2026/07/24 16:24:18.094,2026/07/24 16:24:18.124,1,GPU-713d5b24-2a1e-fd4a-7685-c3d195ff9230,235.06,1410,1593,36,7,73511,40
2026/07/24 16:24:18.357,2026/07/24 16:24:18.344,2026/07/24 16:24:18.370,0,GPU-e2681f6e-8d94-2d66-484f-43ea602335f9,98.61,1410,1593,0,0,73511,55
2026/07/24 16:24:18.357,2026/07/24 16:24:18.344,2026/07/24 16:24:18.370,1,GPU-713d5b24-2a1e-fd4a-7685-c3d195ff9230,85.57,1410,1593,100,52,73511,39
2026/07/24 16:24:18.611,2026/07/24 16:24:18.594,2026/07/24 16:24:18.629,0,GPU-e2681f6e-8d94-2d66-484f-43ea602335f9,97.74,1410,1593,0,0,73511,54
2026/07/24 16:24:18.611,2026/07/24 16:24:18.594,2026/07/24 16:24:18.629,1,GPU-713d5b24-2a1e-fd4a-7685-c3d195ff9230,84.65,1410,1593,16,8,73511,38
2026/07/24 16:24:18.858,2026/07/24 16:24:18.844,2026/07/24 16:24:18.871,0,GPU-e2681f6e-8d94-2d66-484f-43ea602335f9,96.82,1410,1593,0,0,73511,53
2026/07/24 16:24:18.858,2026/07/24 16:24:18.844,2026/07/24 16:24:18.871,1,GPU-713d5b24-2a1e-fd4a-7685-c3d195ff9230,84.38,1410,1593,0,0,73511,37
2026/07/24 16:24:19.110,2026/07/24 16:24:19.094,2026/07/24 16:24:19.125,0,GPU-e2681f6e-8d94-2d66-484f-43ea602335f9,403.82,1410,1593,0,0,73511,58
2026/07/24 16:24:19.110,2026/07/24 16:24:19.094,2026/07/24 16:24:19.125,1,GPU-713d5b24-2a1e-fd4a-7685-c3d195ff9230,84.38,1410,1593,0,0,73511,37
2026/07/24 16:24:19.371,2026/07/24 16:24:19.344,2026/07/24 16:24:19.399,0,GPU-e2681f6e-8d94-2d66-484f-43ea602335f9,395.97,1410,1593,58,11,73511,65
2026/07/24 16:24:19.371,2026/07/24 16:24:19.344,2026/07/24 16:24:19.399,1,GPU-713d5b24-2a1e-fd4a-7685-c3d195ff9230,84.05,1410,1593,0,0,73511,37
2026/07/24 16:24:19.608,2026/07/24 16:24:19.594,2026/07/24 16:24:19.622,0,GPU-e2681f6e-8d94-2d66-484f-43ea602335f9,112.80,1410,1593,72,11,73511,60
2026/07/24 16:24:19.608,2026/07/24 16:24:19.594,2026/07/24 16:24:19.622,1,GPU-713d5b24-2a1e-fd4a-7685-c3d195ff9230,86.17,1410,1593,0,0,73511,39
2026/07/24 16:24:19.857,2026/07/24 16:24:19.844,2026/07/24 16:24:19.869,0,GPU-e2681f6e-8d94-2d66-484f-43ea602335f9,97.84,1410,1593,0,0,73511,54
2026/07/24 16:24:19.857,2026/07/24 16:24:19.844,2026/07/24 16:24:19.869,1,GPU-713d5b24-2a1e-fd4a-7685-c3d195ff9230,242.58,1410,1593,39,11,73511,42
2026/07/24 16:24:20.109,2026/07/24 16:24:20.095,2026/07/24 16:24:20.123,0,GPU-e2681f6e-8d94-2d66-484f-43ea602335f9,96.49,1410,1593,0,0,73511,53
2026/07/24 16:24:20.109,2026/07/24 16:24:20.095,2026/07/24 16:24:20.123,1,GPU-713d5b24-2a1e-fd4a-7685-c3d195ff9230,85.93,1410,1593,70,37,73511,39
2026/07/24 16:24:20.359,2026/07/24 16:24:20.345,2026/07/24 16:24:20.373,0,GPU-e2681f6e-8d94-2d66-484f-43ea602335f9,95.90,1410,1593,0,0,73511,52
2026/07/24 16:24:20.359,2026/07/24 16:24:20.345,2026/07/24 16:24:20.373,1,GPU-713d5b24-2a1e-fd4a-7685-c3d195ff9230,84.65,1410,1593,0,0,73511,38
2026/07/24 16:24:20.607,2026/07/24 16:24:20.595,2026/07/24 16:24:20.620,0,GPU-e2681f6e-8d94-2d66-484f-43ea602335f9,95.30,1410,1593,0,0,73511,51
2026/07/24 16:24:20.607,2026/07/24 16:24:20.595,2026/07/24 16:24:20.620,1,GPU-713d5b24-2a1e-fd4a-7685-c3d195ff9230,84.38,1410,1593,0,0,73511,37
2026/07/24 16:24:20.858,2026/07/24 16:24:20.845,2026/07/24 16:24:20.872,0,GPU-e2681f6e-8d94-2d66-484f-43ea602335f9,94.98,1410,1593,0,0,73511,51
2026/07/24 16:24:20.858,2026/07/24 16:24:20.845,2026/07/24 16:24:20.872,1,GPU-713d5b24-2a1e-fd4a-7685-c3d195ff9230,84.38,1410,1593,0,0,73511,37
2026/07/24 16:24:21.109,2026/07/24 16:24:21.095,2026/07/24 16:24:21.122,0,GPU-e2681f6e-8d94-2d66-484f-43ea602335f9,94.98,1410,1593,0,0,73511,51
2026/07/24 16:24:21.109,2026/07/24 16:24:21.095,2026/07/24 16:24:21.122,1,GPU-713d5b24-2a1e-fd4a-7685-c3d195ff9230,84.46,1410,1593,0,0,73511,37
2026/07/24 16:24:21.359,2026/07/24 16:24:21.345,2026/07/24 16:24:21.372,0,GPU-e2681f6e-8d94-2d66-484f-43ea602335f9,94.71,1410,1593,0,0,73511,50
2026/07/24 16:24:21.359,2026/07/24 16:24:21.345,2026/07/24 16:24:21.372,1,GPU-713d5b24-2a1e-fd4a-7685-c3d195ff9230,84.38,1410,1593,0,0,73511,37
2026/07/24 16:24:21.608,2026/07/24 16:24:21.595,2026/07/24 16:24:21.621,0,GPU-e2681f6e-8d94-2d66-484f-43ea602335f9,94.48,1410,1593,0,0,73511,50
2026/07/24 16:24:21.608,2026/07/24 16:24:21.595,2026/07/24 16:24:21.621,1,GPU-713d5b24-2a1e-fd4a-7685-c3d195ff9230,84.14,1410,1593,0,0,73511,37
2026/07/24 16:24:21.857,2026/07/24 16:24:21.845,2026/07/24 16:24:21.869,0,GPU-e2681f6e-8d94-2d66-484f-43ea602335f9,94.38,1410,1593,0,0,73511,50
2026/07/24 16:24:21.857,2026/07/24 16:24:21.845,2026/07/24 16:24:21.869,1,GPU-713d5b24-2a1e-fd4a-7685-c3d195ff9230,84.05,1410,1593,0,0,73511,36
2026/07/24 16:24:22.107,2026/07/24 16:24:22.095,2026/07/24 16:24:22.119,0,GPU-e2681f6e-8d94-2d66-484f-43ea602335f9,94.38,1410,1593,0,0,73511,50
2026/07/24 16:24:22.107,2026/07/24 16:24:22.095,2026/07/24 16:24:22.119,1,GPU-713d5b24-2a1e-fd4a-7685-c3d195ff9230,84.38,1410,1593,0,0,73511,36
2026/07/24 16:24:22.359,2026/07/24 16:24:22.345,2026/07/24 16:24:22.373,0,GPU-e2681f6e-8d94-2d66-484f-43ea602335f9,94.11,1410,1593,0,0,73511,50
2026/07/24 16:24:22.359,2026/07/24 16:24:22.345,2026/07/24 16:24:22.373,1,GPU-713d5b24-2a1e-fd4a-7685-c3d195ff9230,84.05,1410,1593,0,0,73511,36
2026/07/24 16:24:22.609,2026/07/24 16:24:22.595,2026/07/24 16:24:22.622,0,GPU-e2681f6e-8d94-2d66-484f-43ea602335f9,94.11,1410,1593,0,0,73511,49
2026/07/24 16:24:22.609,2026/07/24 16:24:22.595,2026/07/24 16:24:22.622,1,GPU-713d5b24-2a1e-fd4a-7685-c3d195ff9230,84.05,1410,1593,0,0,73511,36
2026/07/24 16:24:22.857,2026/07/24 16:24:22.845,2026/07/24 16:24:22.869,0,GPU-e2681f6e-8d94-2d66-484f-43ea602335f9,94.11,1410,1593,0,0,73511,49
2026/07/24 16:24:22.857,2026/07/24 16:24:22.845,2026/07/24 16:24:22.869,1,GPU-713d5b24-2a1e-fd4a-7685-c3d195ff9230,84.05,1410,1593,0,0,73511,36
2026/07/24 16:24:23.107,2026/07/24 16:24:23.095,2026/07/24 16:24:23.118,0,GPU-e2681f6e-8d94-2d66-484f-43ea602335f9,93.78,1410,1593,0,0,73511,49
2026/07/24 16:24:23.107,2026/07/24 16:24:23.095,2026/07/24 16:24:23.118,1,GPU-713d5b24-2a1e-fd4a-7685-c3d195ff9230,83.73,1410,1593,0,0,73511,36
2026/07/24 16:24:23.358,2026/07/24 16:24:23.345,2026/07/24 16:24:23.370,0,GPU-e2681f6e-8d94-2d66-484f-43ea602335f9,94.11,1410,1593,9,2,73511,50
2026/07/24 16:24:23.358,2026/07/24 16:24:23.345,2026/07/24 16:24:23.370,1,GPU-713d5b24-2a1e-fd4a-7685-c3d195ff9230,84.05,1410,1593,0,0,73511,36
2026/07/24 16:24:23.609,2026/07/24 16:24:23.595,2026/07/24 16:24:23.622,0,GPU-e2681f6e-8d94-2d66-484f-43ea602335f9,397.81,1410,1593,100,18,73511,61
2026/07/24 16:24:23.609,2026/07/24 16:24:23.595,2026/07/24 16:24:23.622,1,GPU-713d5b24-2a1e-fd4a-7685-c3d195ff9230,84.05,1410,1593,0,0,73511,36
2026/07/24 16:24:23.858,2026/07/24 16:24:23.845,2026/07/24 16:24:23.871,0,GPU-e2681f6e-8d94-2d66-484f-43ea602335f9,384.22,1410,1593,100,15,73511,64
2026/07/24 16:24:23.858,2026/07/24 16:24:23.845,2026/07/24 16:24:23.871,1,GPU-713d5b24-2a1e-fd4a-7685-c3d195ff9230,84.65,1410,1593,0,0,73511,36
2026/07/24 16:24:24.110,2026/07/24 16:24:24.096,2026/07/24 16:24:24.124,0,GPU-e2681f6e-8d94-2d66-484f-43ea602335f9,381.79,1410,1593,24,4,73511,61
2026/07/24 16:24:24.110,2026/07/24 16:24:24.096,2026/07/24 16:24:24.124,1,GPU-713d5b24-2a1e-fd4a-7685-c3d195ff9230,244.69,1410,1593,88,37,73511,41
2026/07/24 16:24:24.360,2026/07/24 16:24:24.346,2026/07/24 16:24:24.374,0,GPU-e2681f6e-8d94-2d66-484f-43ea602335f9,399.92,1410,1593,74,14,73511,65
2026/07/24 16:24:24.360,2026/07/24 16:24:24.346,2026/07/24 16:24:24.374,1,GPU-713d5b24-2a1e-fd4a-7685-c3d195ff9230,84.97,1410,1593,94,50,73511,39
2026/07/24 16:24:24.612,2026/07/24 16:24:24.596,2026/07/24 16:24:24.629,0,GPU-e2681f6e-8d94-2d66-484f-43ea602335f9,392.07,1410,1593,100,15,73511,66
2026/07/24 16:24:24.612,2026/07/24 16:24:24.596,2026/07/24 16:24:24.629,1,GPU-713d5b24-2a1e-fd4a-7685-c3d195ff9230,84.38,1410,1593,0,0,73511,37
2026/07/24 16:24:24.862,2026/07/24 16:24:24.846,2026/07/24 16:24:24.878,0,GPU-e2681f6e-8d94-2d66-484f-43ea602335f9,406.20,1410,1593,100,15,73511,68
2026/07/24 16:24:24.862,2026/07/24 16:24:24.846,2026/07/24 16:24:24.878,1,GPU-713d5b24-2a1e-fd4a-7685-c3d195ff9230,187.43,1410,1593,0,0,73511,37
2026/07/24 16:24:25.111,2026/07/24 16:24:25.096,2026/07/24 16:24:25.126,0,GPU-e2681f6e-8d94-2d66-484f-43ea602335f9,409.82,1410,1593,100,17,73511,68
2026/07/24 16:24:25.111,2026/07/24 16:24:25.096,2026/07/24 16:24:25.126,1,GPU-713d5b24-2a1e-fd4a-7685-c3d195ff9230,238.69,1410,1593,97,50,73511,41
2026/07/24 16:24:25.362,2026/07/24 16:24:25.346,2026/07/24 16:24:25.379,0,GPU-e2681f6e-8d94-2d66-484f-43ea602335f9,99.96,1410,1593,78,12,73511,58
2026/07/24 16:24:25.362,2026/07/24 16:24:25.346,2026/07/24 16:24:25.379,1,GPU-713d5b24-2a1e-fd4a-7685-c3d195ff9230,242.91,1410,1593,89,38,73511,42
2026/07/24 16:24:25.610,2026/07/24 16:24:25.596,2026/07/24 16:24:25.624,0,GPU-e2681f6e-8d94-2d66-484f-43ea602335f9,96.82,1410,1593,0,0,73511,53
2026/07/24 16:24:25.610,2026/07/24 16:24:25.596,2026/07/24 16:24:25.624,1,GPU-713d5b24-2a1e-fd4a-7685-c3d195ff9230,86.17,1410,1593,100,53,73511,40
2026/07/24 16:24:25.863,2026/07/24 16:24:25.846,2026/07/24 16:24:25.881,0,GPU-e2681f6e-8d94-2d66-484f-43ea602335f9,395.97,1410,1593,43,8,73511,61
2026/07/24 16:24:25.863,2026/07/24 16:24:25.846,2026/07/24 16:24:25.881,1,GPU-713d5b24-2a1e-fd4a-7685-c3d195ff9230,84.65,1410,1593,24,13,73511,38
2026/07/24 16:24:26.111,2026/07/24 16:24:26.096,2026/07/24 16:24:26.127,0,GPU-e2681f6e-8d94-2d66-484f-43ea602335f9,402.63,1410,1593,100,17,73511,66
2026/07/24 16:24:26.111,2026/07/24 16:24:26.096,2026/07/24 16:24:26.127,1,GPU-713d5b24-2a1e-fd4a-7685-c3d195ff9230,84.38,1410,1593,0,0,73511,37
2026/07/24 16:24:26.374,2026/07/24 16:24:26.346,2026/07/24 16:24:26.401,0,GPU-e2681f6e-8d94-2d66-484f-43ea602335f9,407.44,1410,1593,100,13,73511,67
2026/07/24 16:24:26.374,2026/07/24 16:24:26.346,2026/07/24 16:24:26.401,1,GPU-713d5b24-2a1e-fd4a-7685-c3d195ff9230,84.38,1410,1593,0,0,73511,37
2026/07/24 16:24:26.615,2026/07/24 16:24:26.596,2026/07/24 16:24:26.633,0,GPU-e2681f6e-8d94-2d66-484f-43ea602335f9,411.07,1410,1593,100,17,73511,68
2026/07/24 16:24:26.615,2026/07/24 16:24:26.596,2026/07/24 16:24:26.633,1,GPU-713d5b24-2a1e-fd4a-7685-c3d195ff9230,241.40,1410,1593,0,0,73511,39
2026/07/24 16:24:26.862,2026/07/24 16:24:26.846,2026/07/24 16:24:26.877,0,GPU-e2681f6e-8d94-2d66-484f-43ea602335f9,402.90,1410,1593,100,14,73511,69
2026/07/24 16:24:26.862,2026/07/24 16:24:26.846,2026/07/24 16:24:26.877,1,GPU-713d5b24-2a1e-fd4a-7685-c3d195ff9230,197.39,1410,1593,58,30,73511,39
2026/07/24 16:24:27.114,2026/07/24 16:24:27.096,2026/07/24 16:24:27.131,0,GPU-e2681f6e-8d94-2d66-484f-43ea602335f9,416.75,1410,1593,100,17,73511,70
2026/07/24 16:24:27.114,2026/07/24 16:24:27.096,2026/07/24 16:24:27.131,1,GPU-713d5b24-2a1e-fd4a-7685-c3d195ff9230,84.65,1410,1593,32,7,73511,40
2026/07/24 16:24:27.362,2026/07/24 16:24:27.347,2026/07/24 16:24:27.377,0,GPU-e2681f6e-8d94-2d66-484f-43ea602335f9,391.75,1410,1593,100,16,73511,69
2026/07/24 16:24:27.362,2026/07/24 16:24:27.347,2026/07/24 16:24:27.377,1,GPU-713d5b24-2a1e-fd4a-7685-c3d195ff9230,241.07,1410,1593,100,53,73511,39
2026/07/24 16:24:27.629,2026/07/24 16:24:27.597,2026/07/24 16:24:27.661,0,GPU-e2681f6e-8d94-2d66-484f-43ea602335f9,381.79,1410,1593,100,13,73511,61
2026/07/24 16:24:27.629,2026/07/24 16:24:27.597,2026/07/24 16:24:27.661,1,GPU-713d5b24-2a1e-fd4a-7685-c3d195ff9230,93.42,1410,1593,26,14,73511,38
2026/07/24 16:24:27.861,2026/07/24 16:24:27.847,2026/07/24 16:24:27.876,0,GPU-e2681f6e-8d94-2d66-484f-43ea602335f9,99.96,1410,1593,62,8,73511,56
2026/07/24 16:24:27.861,2026/07/24 16:24:27.847,2026/07/24 16:24:27.876,1,GPU-713d5b24-2a1e-fd4a-7685-c3d195ff9230,238.36,1410,1593,100,52,73511,42
2026/07/24 16:24:28.111,2026/07/24 16:24:28.097,2026/07/24 16:24:28.125,0,GPU-e2681f6e-8d94-2d66-484f-43ea602335f9,97.42,1410,1593,0,0,73511,53
2026/07/24 16:24:28.111,2026/07/24 16:24:28.097,2026/07/24 16:24:28.125,1,GPU-713d5b24-2a1e-fd4a-7685-c3d195ff9230,85.25,1410,1593,54,28,73511,39
2026/07/24 16:24:28.361,2026/07/24 16:24:28.347,2026/07/24 16:24:28.376,0,GPU-e2681f6e-8d94-2d66-484f-43ea602335f9,96.22,1410,1593,0,0,73511,52
2026/07/24 16:24:28.361,2026/07/24 16:24:28.347,2026/07/24 16:24:28.376,1,GPU-713d5b24-2a1e-fd4a-7685-c3d195ff9230,84.65,1410,1593,0,0,73511,38
2026/07/24 16:24:28.612,2026/07/24 16:24:28.597,2026/07/24 16:24:28.628,0,GPU-e2681f6e-8d94-2d66-484f-43ea602335f9,95.30,1410,1593,0,0,73511,52
2026/07/24 16:24:28.612,2026/07/24 16:24:28.597,2026/07/24 16:24:28.628,1,GPU-713d5b24-2a1e-fd4a-7685-c3d195ff9230,84.38,1410,1593,0,0,73511,37
2026/07/24 16:24:28.862,2026/07/24 16:24:28.847,2026/07/24 16:24:28.876,0,GPU-e2681f6e-8d94-2d66-484f-43ea602335f9,94.98,1410,1593,0,0,73511,51
2026/07/24 16:24:28.862,2026/07/24 16:24:28.847,2026/07/24 16:24:28.876,1,GPU-713d5b24-2a1e-fd4a-7685-c3d195ff9230,84.38,1410,1593,0,0,73511,37
2026/07/24 16:24:29.112,2026/07/24 16:24:29.097,2026/07/24 16:24:29.126,0,GPU-e2681f6e-8d94-2d66-484f-43ea602335f9,94.71,1410,1593,0,0,73511,51
2026/07/24 16:24:29.112,2026/07/24 16:24:29.097,2026/07/24 16:24:29.126,1,GPU-713d5b24-2a1e-fd4a-7685-c3d195ff9230,84.38,1410,1593,0,0,73511,37
2026/07/24 16:24:29.363,2026/07/24 16:24:29.347,2026/07/24 16:24:29.379,0,GPU-e2681f6e-8d94-2d66-484f-43ea602335f9,94.38,1410,1593,0,0,73511,50
2026/07/24 16:24:29.363,2026/07/24 16:24:29.347,2026/07/24 16:24:29.379,1,GPU-713d5b24-2a1e-fd4a-7685-c3d195ff9230,84.14,1410,1593,0,0,73511,37
2026/07/24 16:24:29.613,2026/07/24 16:24:29.597,2026/07/24 16:24:29.628,0,GPU-e2681f6e-8d94-2d66-484f-43ea602335f9,94.38,1410,1593,0,0,73511,50
2026/07/24 16:24:29.613,2026/07/24 16:24:29.597,2026/07/24 16:24:29.628,1,GPU-713d5b24-2a1e-fd4a-7685-c3d195ff9230,84.05,1410,1593,0,0,73511,36
2026/07/24 16:24:29.861,2026/07/24 16:24:29.847,2026/07/24 16:24:29.876,0,GPU-e2681f6e-8d94-2d66-484f-43ea602335f9,94.11,1410,1593,0,0,73511,50
2026/07/24 16:24:29.861,2026/07/24 16:24:29.847,2026/07/24 16:24:29.876,1,GPU-713d5b24-2a1e-fd4a-7685-c3d195ff9230,84.05,1410,1593,0,0,73511,36
2026/07/24 16:24:30.112,2026/07/24 16:24:30.098,2026/07/24 16:24:30.127,0,GPU-e2681f6e-8d94-2d66-484f-43ea602335f9,94.11,1410,1593,0,0,73511,49
2026/07/24 16:24:30.112,2026/07/24 16:24:30.098,2026/07/24 16:24:30.127,1,GPU-713d5b24-2a1e-fd4a-7685-c3d195ff9230,83.73,1410,1593,0,0,73511,36
2026/07/24 16:24:30.365,2026/07/24 16:24:30.348,2026/07/24 16:24:30.382,0,GPU-e2681f6e-8d94-2d66-484f-43ea602335f9,389.37,1410,1593,0,0,73511,53
2026/07/24 16:24:30.365,2026/07/24 16:24:30.348,2026/07/24 16:24:30.382,1,GPU-713d5b24-2a1e-fd4a-7685-c3d195ff9230,83.73,1410,1593,0,0,73511,36
2026/07/24 16:24:30.614,2026/07/24 16:24:30.598,2026/07/24 16:24:30.630,0,GPU-e2681f6e-8d94-2d66-484f-43ea602335f9,394.46,1410,1593,79,15,73511,62
2026/07/24 16:24:30.614,2026/07/24 16:24:30.598,2026/07/24 16:24:30.630,1,GPU-713d5b24-2a1e-fd4a-7685-c3d195ff9230,83.46,1410,1593,0,0,73511,36
2026/07/24 16:24:30.864,2026/07/24 16:24:30.848,2026/07/24 16:24:30.881,0,GPU-e2681f6e-8d94-2d66-484f-43ea602335f9,144.77,1410,1593,75,15,73511,63
2026/07/24 16:24:30.864,2026/07/24 16:24:30.848,2026/07/24 16:24:30.881,1,GPU-713d5b24-2a1e-fd4a-7685-c3d195ff9230,203.39,1410,1593,0,0,73511,40
2026/07/24 16:24:31.113,2026/07/24 16:24:31.098,2026/07/24 16:24:31.129,0,GPU-e2681f6e-8d94-2d66-484f-43ea602335f9,408.04,1410,1593,100,16,73511,66
2026/07/24 16:24:31.113,2026/07/24 16:24:31.098,2026/07/24 16:24:31.129,1,GPU-713d5b24-2a1e-fd4a-7685-c3d195ff9230,243.50,1410,1593,64,26,73511,41
2026/07/24 16:24:31.363,2026/07/24 16:24:31.348,2026/07/24 16:24:31.378,0,GPU-e2681f6e-8d94-2d66-484f-43ea602335f9,386.34,1410,1593,100,13,73511,67
2026/07/24 16:24:31.363,2026/07/24 16:24:31.348,2026/07/24 16:24:31.378,1,GPU-713d5b24-2a1e-fd4a-7685-c3d195ff9230,84.38,1410,1593,18,10,73511,37
2026/07/24 16:24:31.616,2026/07/24 16:24:31.598,2026/07/24 16:24:31.634,0,GPU-e2681f6e-8d94-2d66-484f-43ea602335f9,408.31,1410,1593,90,11,73511,65
2026/07/24 16:24:31.616,2026/07/24 16:24:31.598,2026/07/24 16:24:31.634,1,GPU-713d5b24-2a1e-fd4a-7685-c3d195ff9230,98.51,1410,1593,10,0,73511,40
2026/07/24 16:24:31.869,2026/07/24 16:24:31.848,2026/07/24 16:24:31.890,0,GPU-e2681f6e-8d94-2d66-484f-43ea602335f9,409.55,1410,1593,70,13,73511,67
2026/07/24 16:24:31.869,2026/07/24 16:24:31.848,2026/07/24 16:24:31.890,1,GPU-713d5b24-2a1e-fd4a-7685-c3d195ff9230,237.77,1410,1593,100,52,73511,42
2026/07/24 16:24:32.113,2026/07/24 16:24:32.098,2026/07/24 16:24:32.128,0,GPU-e2681f6e-8d94-2d66-484f-43ea602335f9,402.63,1410,1593,100,12,73511,68
2026/07/24 16:24:32.113,2026/07/24 16:24:32.098,2026/07/24 16:24:32.128,1,GPU-713d5b24-2a1e-fd4a-7685-c3d195ff9230,84.97,1410,1593,11,6,73511,38
2026/07/24 16:24:32.364,2026/07/24 16:24:32.348,2026/07/24 16:24:32.379,0,GPU-e2681f6e-8d94-2d66-484f-43ea602335f9,411.07,1410,1593,100,15,73511,69
2026/07/24 16:24:32.364,2026/07/24 16:24:32.348,2026/07/24 16:24:32.379,1,GPU-713d5b24-2a1e-fd4a-7685-c3d195ff9230,144.62,1410,1593,17,0,73511,38
2026/07/24 16:24:32.612,2026/07/24 16:24:32.598,2026/07/24 16:24:32.626,0,GPU-e2681f6e-8d94-2d66-484f-43ea602335f9,407.02,1410,1593,100,16,73511,69
2026/07/24 16:24:32.612,2026/07/24 16:24:32.598,2026/07/24 16:24:32.626,1,GPU-713d5b24-2a1e-fd4a-7685-c3d195ff9230,237.77,1410,1593,97,48,73511,40
2026/07/24 16:24:32.863,2026/07/24 16:24:32.848,2026/07/24 16:24:32.877,0,GPU-e2681f6e-8d94-2d66-484f-43ea602335f9,399.60,1410,1593,100,13,73511,61
2026/07/24 16:24:32.863,2026/07/24 16:24:32.848,2026/07/24 16:24:32.877,1,GPU-713d5b24-2a1e-fd4a-7685-c3d195ff9230,84.65,1410,1593,44,23,73511,38
2026/07/24 16:24:33.113,2026/07/24 16:24:33.098,2026/07/24 16:24:33.128,0,GPU-e2681f6e-8d94-2d66-484f-43ea602335f9,100.55,1410,1593,0,0,73511,56
2026/07/24 16:24:33.113,2026/07/24 16:24:33.098,2026/07/24 16:24:33.128,1,GPU-713d5b24-2a1e-fd4a-7685-c3d195ff9230,244.10,1410,1593,99,52,73511,42
2026/07/24 16:24:33.363,2026/07/24 16:24:33.348,2026/07/24 16:24:33.377,0,GPU-e2681f6e-8d94-2d66-484f-43ea602335f9,399.60,1410,1593,0,0,73511,62
2026/07/24 16:24:33.363,2026/07/24 16:24:33.348,2026/07/24 16:24:33.377,1,GPU-713d5b24-2a1e-fd4a-7685-c3d195ff9230,244.37,1410,1593,97,51,73511,41
2026/07/24 16:24:33.615,2026/07/24 16:24:33.599,2026/07/24 16:24:33.631,0,GPU-e2681f6e-8d94-2d66-484f-43ea602335f9,395.70,1410,1593,83,16,73511,66
2026/07/24 16:24:33.615,2026/07/24 16:24:33.599,2026/07/24 16:24:33.631,1,GPU-713d5b24-2a1e-fd4a-7685-c3d195ff9230,84.65,1410,1593,0,0,73511,38
2026/07/24 16:24:33.869,2026/07/24 16:24:33.849,2026/07/24 16:24:33.889,0,GPU-e2681f6e-8d94-2d66-484f-43ea602335f9,389.96,1410,1593,100,13,73511,67
2026/07/24 16:24:33.869,2026/07/24 16:24:33.849,2026/07/24 16:24:33.889,1,GPU-713d5b24-2a1e-fd4a-7685-c3d195ff9230,84.38,1410,1593,0,0,73511,37
2026/07/24 16:24:34.114,2026/07/24 16:24:34.099,2026/07/24 16:24:34.129,0,GPU-e2681f6e-8d94-2d66-484f-43ea602335f9,413.18,1410,1593,100,17,73511,69
2026/07/24 16:24:34.114,2026/07/24 16:24:34.099,2026/07/24 16:24:34.129,1,GPU-713d5b24-2a1e-fd4a-7685-c3d195ff9230,84.05,1410,1593,31,5,73511,37
2026/07/24 16:24:34.364,2026/07/24 16:24:34.349,2026/07/24 16:24:34.379,0,GPU-e2681f6e-8d94-2d66-484f-43ea602335f9,403.82,1410,1593,100,16,73511,69
2026/07/24 16:24:34.364,2026/07/24 16:24:34.349,2026/07/24 16:24:34.379,1,GPU-713d5b24-2a1e-fd4a-7685-c3d195ff9230,243.50,1410,1593,100,52,73511,42
2026/07/24 16:24:34.616,2026/07/24 16:24:34.599,2026/07/24 16:24:34.633,0,GPU-e2681f6e-8d94-2d66-484f-43ea602335f9,414.64,1410,1593,100,16,73511,70
2026/07/24 16:24:34.616,2026/07/24 16:24:34.599,2026/07/24 16:24:34.633,1,GPU-713d5b24-2a1e-fd4a-7685-c3d195ff9230,247.99,1410,1593,81,34,73511,42
2026/07/24 16:24:34.864,2026/07/24 16:24:34.849,2026/07/24 16:24:34.879,0,GPU-e2681f6e-8d94-2d66-484f-43ea602335f9,397.16,1410,1593,100,16,73511,70
2026/07/24 16:24:34.864,2026/07/24 16:24:34.849,2026/07/24 16:24:34.879,1,GPU-713d5b24-2a1e-fd4a-7685-c3d195ff9230,89.20,1410,1593,100,53,73511,40
2026/07/24 16:24:35.113,2026/07/24 16:24:35.099,2026/07/24 16:24:35.127,0,GPU-e2681f6e-8d94-2d66-484f-43ea602335f9,409.23,1410,1593,100,13,73511,70
2026/07/24 16:24:35.113,2026/07/24 16:24:35.099,2026/07/24 16:24:35.127,1,GPU-713d5b24-2a1e-fd4a-7685-c3d195ff9230,84.38,1410,1593,36,19,73511,38
2026/07/24 16:24:35.364,2026/07/24 16:24:35.349,2026/07/24 16:24:35.380,0,GPU-e2681f6e-8d94-2d66-484f-43ea602335f9,418.27,1410,1593,100,17,73511,70
2026/07/24 16:24:35.364,2026/07/24 16:24:35.349,2026/07/24 16:24:35.380,1,GPU-713d5b24-2a1e-fd4a-7685-c3d195ff9230,240.15,1410,1593,62,20,73511,42
2026/07/24 16:24:35.615,2026/07/24 16:24:35.599,2026/07/24 16:24:35.631,0,GPU-e2681f6e-8d94-2d66-484f-43ea602335f9,399.27,1410,1593,100,14,73511,70
2026/07/24 16:24:35.615,2026/07/24 16:24:35.599,2026/07/24 16:24:35.631,1,GPU-713d5b24-2a1e-fd4a-7685-c3d195ff9230,211.24,1410,1593,100,52,73511,40
2026/07/24 16:24:35.864,2026/07/24 16:24:35.849,2026/07/24 16:24:35.879,0,GPU-e2681f6e-8d94-2d66-484f-43ea602335f9,420.11,1410,1593,100,17,73511,71
2026/07/24 16:24:35.864,2026/07/24 16:24:35.849,2026/07/24 16:24:35.879,1,GPU-713d5b24-2a1e-fd4a-7685-c3d195ff9230,99.10,1410,1593,9,5,73511,38
2026/07/24 16:24:36.115,2026/07/24 16:24:36.099,2026/07/24 16:24:36.131,0,GPU-e2681f6e-8d94-2d66-484f-43ea602335f9,409.55,1410,1593,100,15,73511,71
2026/07/24 16:24:36.115,2026/07/24 16:24:36.099,2026/07/24 16:24:36.131,1,GPU-713d5b24-2a1e-fd4a-7685-c3d195ff9230,242.26,1410,1593,58,18,73511,42
2026/07/24 16:24:36.364,2026/07/24 16:24:36.349,2026/07/24 16:24:36.379,0,GPU-e2681f6e-8d94-2d66-484f-43ea602335f9,420.97,1410,1593,100,15,73511,71
2026/07/24 16:24:36.364,2026/07/24 16:24:36.349,2026/07/24 16:24:36.379,1,GPU-713d5b24-2a1e-fd4a-7685-c3d195ff9230,97.64,1410,1593,52,26,73511,40
2026/07/24 16:24:36.616,2026/07/24 16:24:36.599,2026/07/24 16:24:36.632,0,GPU-e2681f6e-8d94-2d66-484f-43ea602335f9,403.49,1410,1593,100,17,73511,71
2026/07/24 16:24:36.616,2026/07/24 16:24:36.599,2026/07/24 16:24:36.632,1,GPU-713d5b24-2a1e-fd4a-7685-c3d195ff9230,242.26,1410,1593,96,42,73511,42
2026/07/24 16:24:36.864,2026/07/24 16:24:36.849,2026/07/24 16:24:36.878,0,GPU-e2681f6e-8d94-2d66-484f-43ea602335f9,425.20,1410,1593,100,18,73511,71
2026/07/24 16:24:36.864,2026/07/24 16:24:36.849,2026/07/24 16:24:36.878,1,GPU-713d5b24-2a1e-fd4a-7685-c3d195ff9230,84.65,1410,1593,51,27,73511,39
2026/07/24 16:24:37.112,2026/07/24 16:24:37.099,2026/07/24 16:24:37.125,0,GPU-e2681f6e-8d94-2d66-484f-43ea602335f9,413.45,1410,1593,100,15,73511,71
2026/07/24 16:24:37.112,2026/07/24 16:24:37.099,2026/07/24 16:24:37.125,1,GPU-713d5b24-2a1e-fd4a-7685-c3d195ff9230,243.18,1410,1593,100,53,73511,43
2026/07/24 16:24:37.366,2026/07/24 16:24:37.350,2026/07/24 16:24:37.383,0,GPU-e2681f6e-8d94-2d66-484f-43ea602335f9,389.04,1410,1593,100,14,73511,64
2026/07/24 16:24:37.366,2026/07/24 16:24:37.350,2026/07/24 16:24:37.383,1,GPU-713d5b24-2a1e-fd4a-7685-c3d195ff9230,90.07,1410,1593,37,20,73511,39
2026/07/24 16:24:37.616,2026/07/24 16:24:37.600,2026/07/24 16:24:37.632,0,GPU-e2681f6e-8d94-2d66-484f-43ea602335f9,102.83,1410,1593,1,1,73511,57
2026/07/24 16:24:37.616,2026/07/24 16:24:37.600,2026/07/24 16:24:37.632,1,GPU-713d5b24-2a1e-fd4a-7685-c3d195ff9230,245.62,1410,1593,90,36,73511,43
2026/07/24 16:24:37.881,2026/07/24 16:24:37.850,2026/07/24 16:24:37.912,0,GPU-e2681f6e-8d94-2d66-484f-43ea602335f9,408.04,1410,1593,100,17,73511,68
2026/07/24 16:24:37.881,2026/07/24 16:24:37.850,2026/07/24 16:24:37.912,1,GPU-713d5b24-2a1e-fd4a-7685-c3d195ff9230,245.62,1410,1593,100,52,73511,40
2026/07/24 16:24:38.134,2026/07/24 16:24:38.100,2026/07/24 16:24:38.168,0,GPU-e2681f6e-8d94-2d66-484f-43ea602335f9,399.92,1410,1593,100,17,73511,69
2026/07/24 16:24:38.134,2026/07/24 16:24:38.100,2026/07/24 16:24:38.168,1,GPU-713d5b24-2a1e-fd4a-7685-c3d195ff9230,85.25,1410,1593,22,12,73511,39
2026/07/24 16:24:38.366,2026/07/24 16:24:38.350,2026/07/24 16:24:38.381,0,GPU-e2681f6e-8d94-2d66-484f-43ea602335f9,120.07,1410,1593,100,12,73511,70
2026/07/24 16:24:38.366,2026/07/24 16:24:38.350,2026/07/24 16:24:38.381,1,GPU-713d5b24-2a1e-fd4a-7685-c3d195ff9230,84.74,1410,1593,0,0,73511,38
2026/07/24 16:24:38.614,2026/07/24 16:24:38.600,2026/07/24 16:24:38.628,0,GPU-e2681f6e-8d94-2d66-484f-43ea602335f9,101.05,1410,1593,25,3,73511,57
2026/07/24 16:24:38.614,2026/07/24 16:24:38.600,2026/07/24 16:24:38.628,1,GPU-713d5b24-2a1e-fd4a-7685-c3d195ff9230,239.28,1410,1593,61,20,73511,41
2026/07/24 16:24:38.869,2026/07/24 16:24:38.850,2026/07/24 16:24:38.887,0,GPU-e2681f6e-8d94-2d66-484f-43ea602335f9,98.34,1410,1593,0,0,73511,55
2026/07/24 16:24:38.869,2026/07/24 16:24:38.850,2026/07/24 16:24:38.887,1,GPU-713d5b24-2a1e-fd4a-7685-c3d195ff9230,100.94,1410,1593,96,50,73511,39
2026/07/24 16:24:39.114,2026/07/24 16:24:39.100,2026/07/24 16:24:39.128,0,GPU-e2681f6e-8d94-2d66-484f-43ea602335f9,96.82,1410,1593,0,0,73511,53
2026/07/24 16:24:39.114,2026/07/24 16:24:39.100,2026/07/24 16:24:39.128,1,GPU-713d5b24-2a1e-fd4a-7685-c3d195ff9230,84.38,1410,1593,0,0,73511,38
2026/07/24 16:24:39.364,2026/07/24 16:24:39.350,2026/07/24 16:24:39.377,0,GPU-e2681f6e-8d94-2d66-484f-43ea602335f9,96.49,1410,1593,0,0,73511,53
2026/07/24 16:24:39.364,2026/07/24 16:24:39.350,2026/07/24 16:24:39.377,1,GPU-713d5b24-2a1e-fd4a-7685-c3d195ff9230,84.65,1410,1593,0,0,73511,37
2026/07/24 16:24:39.614,2026/07/24 16:24:39.600,2026/07/24 16:24:39.628,0,GPU-e2681f6e-8d94-2d66-484f-43ea602335f9,95.90,1410,1593,0,0,73511,52
2026/07/24 16:24:39.614,2026/07/24 16:24:39.600,2026/07/24 16:24:39.628,1,GPU-713d5b24-2a1e-fd4a-7685-c3d195ff9230,84.46,1410,1593,0,0,73511,37
2026/07/24 16:24:39.865,2026/07/24 16:24:39.850,2026/07/24 16:24:39.879,0,GPU-e2681f6e-8d94-2d66-484f-43ea602335f9,95.63,1410,1593,0,0,73511,51
2026/07/24 16:24:39.865,2026/07/24 16:24:39.850,2026/07/24 16:24:39.879,1,GPU-713d5b24-2a1e-fd4a-7685-c3d195ff9230,83.73,1410,1593,0,0,73511,37
2026/07/24 16:24:40.114,2026/07/24 16:24:40.100,2026/07/24 16:24:40.128,0,GPU-e2681f6e-8d94-2d66-484f-43ea602335f9,388.77,1410,1593,68,13,73511,59
2026/07/24 16:24:40.114,2026/07/24 16:24:40.100,2026/07/24 16:24:40.128,1,GPU-713d5b24-2a1e-fd4a-7685-c3d195ff9230,84.05,1410,1593,0,0,73511,37
2026/07/24 16:24:40.365,2026/07/24 16:24:40.351,2026/07/24 16:24:40.380,0,GPU-e2681f6e-8d94-2d66-484f-43ea602335f9,398.68,1410,1593,100,15,73511,64
2026/07/24 16:24:40.365,2026/07/24 16:24:40.351,2026/07/24 16:24:40.380,1,GPU-713d5b24-2a1e-fd4a-7685-c3d195ff9230,83.82,1410,1593,0,0,73511,37
2026/07/24 16:24:40.615,2026/07/24 16:24:40.601,2026/07/24 16:24:40.629,0,GPU-e2681f6e-8d94-2d66-484f-43ea602335f9,176.14,1410,1593,86,12,73511,58
2026/07/24 16:24:40.615,2026/07/24 16:24:40.601,2026/07/24 16:24:40.629,1,GPU-713d5b24-2a1e-fd4a-7685-c3d195ff9230,83.73,1410,1593,6,0,73511,38
2026/07/24 16:24:40.866,2026/07/24 16:24:40.851,2026/07/24 16:24:40.881,0,GPU-e2681f6e-8d94-2d66-484f-43ea602335f9,98.71,1410,1593,0,0,73511,54
2026/07/24 16:24:40.866,2026/07/24 16:24:40.851,2026/07/24 16:24:40.881,1,GPU-713d5b24-2a1e-fd4a-7685-c3d195ff9230,96.49,1410,1593,96,44,73511,41
2026/07/24 16:24:41.115,2026/07/24 16:24:41.101,2026/07/24 16:24:41.129,0,GPU-e2681f6e-8d94-2d66-484f-43ea602335f9,95.90,1410,1593,0,0,73511,52
2026/07/24 16:24:41.115,2026/07/24 16:24:41.101,2026/07/24 16:24:41.129,1,GPU-713d5b24-2a1e-fd4a-7685-c3d195ff9230,84.38,1410,1593,44,23,73511,38
2026/07/24 16:24:41.365,2026/07/24 16:24:41.351,2026/07/24 16:24:41.379,0,GPU-e2681f6e-8d94-2d66-484f-43ea602335f9,95.90,1410,1593,0,0,73511,51
2026/07/24 16:24:41.365,2026/07/24 16:24:41.351,2026/07/24 16:24:41.379,1,GPU-713d5b24-2a1e-fd4a-7685-c3d195ff9230,84.05,1410,1593,0,0,73511,37
2026/07/24 16:24:41.615,2026/07/24 16:24:41.601,2026/07/24 16:24:41.628,0,GPU-e2681f6e-8d94-2d66-484f-43ea602335f9,94.98,1410,1593,0,0,73511,51
2026/07/24 16:24:41.615,2026/07/24 16:24:41.601,2026/07/24 16:24:41.628,1,GPU-713d5b24-2a1e-fd4a-7685-c3d195ff9230,84.05,1410,1593,0,0,73511,37
2026/07/24 16:24:41.865,2026/07/24 16:24:41.851,2026/07/24 16:24:41.879,0,GPU-e2681f6e-8d94-2d66-484f-43ea602335f9,94.71,1410,1593,0,0,73511,50
2026/07/24 16:24:41.865,2026/07/24 16:24:41.851,2026/07/24 16:24:41.879,1,GPU-713d5b24-2a1e-fd4a-7685-c3d195ff9230,83.73,1410,1593,0,0,73511,37
2026/07/24 16:24:42.115,2026/07/24 16:24:42.101,2026/07/24 16:24:42.129,0,GPU-e2681f6e-8d94-2d66-484f-43ea602335f9,94.38,1410,1593,0,0,73511,50
2026/07/24 16:24:42.115,2026/07/24 16:24:42.101,2026/07/24 16:24:42.129,1,GPU-713d5b24-2a1e-fd4a-7685-c3d195ff9230,83.73,1410,1593,0,0,73511,37
2026/07/24 16:24:42.365,2026/07/24 16:24:42.351,2026/07/24 16:24:42.378,0,GPU-e2681f6e-8d94-2d66-484f-43ea602335f9,94.38,1410,1593,0,0,73511,50
2026/07/24 16:24:42.365,2026/07/24 16:24:42.351,2026/07/24 16:24:42.378,1,GPU-713d5b24-2a1e-fd4a-7685-c3d195ff9230,83.73,1410,1593,0,0,73511,36
2026/07/24 16:24:42.616,2026/07/24 16:24:42.601,2026/07/24 16:24:42.630,0,GPU-e2681f6e-8d94-2d66-484f-43ea602335f9,377.30,1410,1593,0,0,73511,50
2026/07/24 16:24:42.616,2026/07/24 16:24:42.601,2026/07/24 16:24:42.630,1,GPU-713d5b24-2a1e-fd4a-7685-c3d195ff9230,83.73,1410,1593,0,0,73511,36
2026/07/24 16:24:42.866,2026/07/24 16:24:42.851,2026/07/24 16:24:42.881,0,GPU-e2681f6e-8d94-2d66-484f-43ea602335f9,394.78,1410,1593,73,14,73511,62
2026/07/24 16:24:42.866,2026/07/24 16:24:42.851,2026/07/24 16:24:42.881,1,GPU-713d5b24-2a1e-fd4a-7685-c3d195ff9230,83.73,1410,1593,0,0,73511,36
2026/07/24 16:24:43.117,2026/07/24 16:24:43.102,2026/07/24 16:24:43.133,0,GPU-e2681f6e-8d94-2d66-484f-43ea602335f9,382.44,1410,1593,100,12,73511,65
2026/07/24 16:24:43.117,2026/07/24 16:24:43.102,2026/07/24 16:24:43.133,1,GPU-713d5b24-2a1e-fd4a-7685-c3d195ff9230,83.73,1410,1593,0,0,73511,36
2026/07/24 16:24:43.369,2026/07/24 16:24:43.352,2026/07/24 16:24:43.386,0,GPU-e2681f6e-8d94-2d66-484f-43ea602335f9,423.09,1410,1593,98,18,73511,67
2026/07/24 16:24:43.369,2026/07/24 16:24:43.352,2026/07/24 16:24:43.386,1,GPU-713d5b24-2a1e-fd4a-7685-c3d195ff9230,238.96,1410,1593,0,0,73511,40
2026/07/24 16:24:43.623,2026/07/24 16:24:43.602,2026/07/24 16:24:43.644,0,GPU-e2681f6e-8d94-2d66-484f-43ea602335f9,401.38,1410,1593,100,15,73511,68
2026/07/24 16:24:43.623,2026/07/24 16:24:43.602,2026/07/24 16:24:43.644,1,GPU-713d5b24-2a1e-fd4a-7685-c3d195ff9230,90.07,1410,1593,83,44,73511,40
2026/07/24 16:24:43.868,2026/07/24 16:24:43.852,2026/07/24 16:24:43.885,0,GPU-e2681f6e-8d94-2d66-484f-43ea602335f9,414.21,1410,1593,100,18,73511,69
2026/07/24 16:24:43.868,2026/07/24 16:24:43.852,2026/07/24 16:24:43.885,1,GPU-713d5b24-2a1e-fd4a-7685-c3d195ff9230,241.07,1410,1593,34,9,73511,41
2026/07/24 16:24:44.116,2026/07/24 16:24:44.102,2026/07/24 16:24:44.131,0,GPU-e2681f6e-8d94-2d66-484f-43ea602335f9,408.63,1410,1593,100,15,73511,69
2026/07/24 16:24:44.116,2026/07/24 16:24:44.102,2026/07/24 16:24:44.131,1,GPU-713d5b24-2a1e-fd4a-7685-c3d195ff9230,213.03,1410,1593,100,53,73511,41
2026/07/24 16:24:44.367,2026/07/24 16:24:44.352,2026/07/24 16:24:44.383,0,GPU-e2681f6e-8d94-2d66-484f-43ea602335f9,408.96,1410,1593,100,15,73511,69
2026/07/24 16:24:44.367,2026/07/24 16:24:44.352,2026/07/24 16:24:44.383,1,GPU-713d5b24-2a1e-fd4a-7685-c3d195ff9230,244.69,1410,1593,100,53,73511,43
2026/07/24 16:24:44.619,2026/07/24 16:24:44.602,2026/07/24 16:24:44.636,0,GPU-e2681f6e-8d94-2d66-484f-43ea602335f9,414.05,1410,1593,81,16,73511,68
2026/07/24 16:24:44.619,2026/07/24 16:24:44.602,2026/07/24 16:24:44.636,1,GPU-713d5b24-2a1e-fd4a-7685-c3d195ff9230,100.94,1410,1593,83,35,73511,43
2026/07/24 16:24:44.868,2026/07/24 16:24:44.852,2026/07/24 16:24:44.885,0,GPU-e2681f6e-8d94-2d66-484f-43ea602335f9,407.44,1410,1593,100,17,73511,69
2026/07/24 16:24:44.868,2026/07/24 16:24:44.852,2026/07/24 16:24:44.885,1,GPU-713d5b24-2a1e-fd4a-7685-c3d195ff9230,245.88,1410,1593,100,53,73511,43
2026/07/24 16:24:45.142,2026/07/24 16:24:45.102,2026/07/24 16:24:45.183,0,GPU-e2681f6e-8d94-2d66-484f-43ea602335f9,102.07,1410,1593,100,14,73511,59
2026/07/24 16:24:45.142,2026/07/24 16:24:45.102,2026/07/24 16:24:45.183,1,GPU-713d5b24-2a1e-fd4a-7685-c3d195ff9230,247.99,1410,1593,77,31,73511,41
2026/07/24 16:24:45.373,2026/07/24 16:24:45.352,2026/07/24 16:24:45.393,0,GPU-e2681f6e-8d94-2d66-484f-43ea602335f9,100.45,1410,1593,8,1,73511,55
2026/07/24 16:24:45.373,2026/07/24 16:24:45.352,2026/07/24 16:24:45.393,1,GPU-713d5b24-2a1e-fd4a-7685-c3d195ff9230,86.49,1410,1593,78,41,73511,43
2026/07/24 16:24:45.616,2026/07/24 16:24:45.602,2026/07/24 16:24:45.629,0,GPU-e2681f6e-8d94-2d66-484f-43ea602335f9,97.74,1410,1593,0,0,73511,53
2026/07/24 16:24:45.616,2026/07/24 16:24:45.602,2026/07/24 16:24:45.629,1,GPU-713d5b24-2a1e-fd4a-7685-c3d195ff9230,84.97,1410,1593,0,0,73511,38
2026/07/24 16:24:45.865,2026/07/24 16:24:45.852,2026/07/24 16:24:45.879,0,GPU-e2681f6e-8d94-2d66-484f-43ea602335f9,95.90,1410,1593,0,0,73511,52
2026/07/24 16:24:45.865,2026/07/24 16:24:45.852,2026/07/24 16:24:45.879,1,GPU-713d5b24-2a1e-fd4a-7685-c3d195ff9230,85.25,1410,1593,0,0,73511,38
2026/07/24 16:24:46.117,2026/07/24 16:24:46.102,2026/07/24 16:24:46.131,0,GPU-e2681f6e-8d94-2d66-484f-43ea602335f9,95.30,1410,1593,0,0,73511,51
2026/07/24 16:24:46.117,2026/07/24 16:24:46.102,2026/07/24 16:24:46.131,1,GPU-713d5b24-2a1e-fd4a-7685-c3d195ff9230,84.05,1410,1593,0,0,73511,37
2026/07/24 16:24:46.366,2026/07/24 16:24:46.353,2026/07/24 16:24:46.379,0,GPU-e2681f6e-8d94-2d66-484f-43ea602335f9,95.30,1410,1593,0,0,73511,51
2026/07/24 16:24:46.366,2026/07/24 16:24:46.353,2026/07/24 16:24:46.379,1,GPU-713d5b24-2a1e-fd4a-7685-c3d195ff9230,84.05,1410,1593,0,0,73511,37
2026/07/24 16:24:46.617,2026/07/24 16:24:46.603,2026/07/24 16:24:46.632,0,GPU-e2681f6e-8d94-2d66-484f-43ea602335f9,94.98,1410,1593,0,0,73511,50
2026/07/24 16:24:46.617,2026/07/24 16:24:46.603,2026/07/24 16:24:46.632,1,GPU-713d5b24-2a1e-fd4a-7685-c3d195ff9230,84.05,1410,1593,0,0,73511,37
2026/07/24 16:24:46.866,2026/07/24 16:24:46.853,2026/07/24 16:24:46.880,0,GPU-e2681f6e-8d94-2d66-484f-43ea602335f9,94.71,1410,1593,0,0,73511,50
2026/07/24 16:24:46.866,2026/07/24 16:24:46.853,2026/07/24 16:24:46.880,1,GPU-713d5b24-2a1e-fd4a-7685-c3d195ff9230,84.05,1410,1593,0,0,73511,37
2026/07/24 16:24:47.116,2026/07/24 16:24:47.103,2026/07/24 16:24:47.130,0,GPU-e2681f6e-8d94-2d66-484f-43ea602335f9,94.38,1410,1593,0,0,73511,50
2026/07/24 16:24:47.116,2026/07/24 16:24:47.103,2026/07/24 16:24:47.130,1,GPU-713d5b24-2a1e-fd4a-7685-c3d195ff9230,84.05,1410,1593,0,0,73511,37
2026/07/24 16:24:47.366,2026/07/24 16:24:47.353,2026/07/24 16:24:47.380,0,GPU-e2681f6e-8d94-2d66-484f-43ea602335f9,94.11,1410,1593,0,0,73511,50
2026/07/24 16:24:47.366,2026/07/24 16:24:47.353,2026/07/24 16:24:47.380,1,GPU-713d5b24-2a1e-fd4a-7685-c3d195ff9230,84.05,1410,1593,0,0,73511,37
2026/07/24 16:24:47.617,2026/07/24 16:24:47.603,2026/07/24 16:24:47.630,0,GPU-e2681f6e-8d94-2d66-484f-43ea602335f9,94.11,1410,1593,0,0,73511,49
2026/07/24 16:24:47.617,2026/07/24 16:24:47.603,2026/07/24 16:24:47.630,1,GPU-713d5b24-2a1e-fd4a-7685-c3d195ff9230,84.05,1410,1593,0,0,73511,36
2026/07/24 16:24:47.868,2026/07/24 16:24:47.853,2026/07/24 16:24:47.882,0,GPU-e2681f6e-8d94-2d66-484f-43ea602335f9,93.78,1410,1593,0,0,73511,49
2026/07/24 16:24:47.868,2026/07/24 16:24:47.853,2026/07/24 16:24:47.882,1,GPU-713d5b24-2a1e-fd4a-7685-c3d195ff9230,83.73,1410,1593,0,0,73511,36
2026/07/24 16:24:48.149,2026/07/24 16:24:48.103,2026/07/24 16:24:48.194,0,GPU-e2681f6e-8d94-2d66-484f-43ea602335f9,94.11,1410,1593,0,0,73511,49
2026/07/24 16:24:48.149,2026/07/24 16:24:48.103,2026/07/24 16:24:48.194,1,GPU-713d5b24-2a1e-fd4a-7685-c3d195ff9230,83.73,1410,1593,0,0,73511,36
2026/07/24 16:24:48.367,2026/07/24 16:24:48.353,2026/07/24 16:24:48.380,0,GPU-e2681f6e-8d94-2d66-484f-43ea602335f9,94.71,1410,1593,0,0,73511,49
2026/07/24 16:24:48.367,2026/07/24 16:24:48.353,2026/07/24 16:24:48.380,1,GPU-713d5b24-2a1e-fd4a-7685-c3d195ff9230,83.73,1410,1593,0,0,73511,36
2026/07/24 16:24:48.626,2026/07/24 16:24:48.603,2026/07/24 16:24:48.649,0,GPU-e2681f6e-8d94-2d66-484f-43ea602335f9,93.51,1410,1593,0,0,73511,49
2026/07/24 16:24:48.626,2026/07/24 16:24:48.603,2026/07/24 16:24:48.649,1,GPU-713d5b24-2a1e-fd4a-7685-c3d195ff9230,83.73,1410,1593,0,0,73511,36
2026/07/24 16:24:48.869,2026/07/24 16:24:48.853,2026/07/24 16:24:48.885,0,GPU-e2681f6e-8d94-2d66-484f-43ea602335f9,392.34,1410,1593,37,7,73511,60
2026/07/24 16:24:48.869,2026/07/24 16:24:48.853,2026/07/24 16:24:48.885,1,GPU-713d5b24-2a1e-fd4a-7685-c3d195ff9230,83.73,1410,1593,0,0,73511,36
2026/07/24 16:24:49.117,2026/07/24 16:24:49.103,2026/07/24 16:24:49.130,0,GPU-e2681f6e-8d94-2d66-484f-43ea602335f9,389.37,1410,1593,100,17,73511,63
2026/07/24 16:24:49.117,2026/07/24 16:24:49.103,2026/07/24 16:24:49.130,1,GPU-713d5b24-2a1e-fd4a-7685-c3d195ff9230,83.73,1410,1593,0,0,73511,36
2026/07/24 16:24:49.367,2026/07/24 16:24:49.354,2026/07/24 16:24:49.380,0,GPU-e2681f6e-8d94-2d66-484f-43ea602335f9,127.86,1410,1593,80,11,73511,64
2026/07/24 16:24:49.367,2026/07/24 16:24:49.354,2026/07/24 16:24:49.380,1,GPU-713d5b24-2a1e-fd4a-7685-c3d195ff9230,83.73,1410,1593,0,0,73511,36
2026/07/24 16:24:49.618,2026/07/24 16:24:49.604,2026/07/24 16:24:49.633,0,GPU-e2681f6e-8d94-2d66-484f-43ea602335f9,97.42,1410,1593,0,0,73511,53
2026/07/24 16:24:49.618,2026/07/24 16:24:49.604,2026/07/24 16:24:49.633,1,GPU-713d5b24-2a1e-fd4a-7685-c3d195ff9230,236.25,1410,1593,97,41,73511,40
2026/07/24 16:24:49.869,2026/07/24 16:24:49.854,2026/07/24 16:24:49.885,0,GPU-e2681f6e-8d94-2d66-484f-43ea602335f9,401.71,1410,1593,7,1,73511,58
2026/07/24 16:24:49.869,2026/07/24 16:24:49.854,2026/07/24 16:24:49.885,1,GPU-713d5b24-2a1e-fd4a-7685-c3d195ff9230,114.47,1410,1593,100,52,73511,39
2026/07/24 16:24:50.119,2026/07/24 16:24:50.104,2026/07/24 16:24:50.135,0,GPU-e2681f6e-8d94-2d66-484f-43ea602335f9,392.34,1410,1593,100,18,73511,64
2026/07/24 16:24:50.119,2026/07/24 16:24:50.104,2026/07/24 16:24:50.135,1,GPU-713d5b24-2a1e-fd4a-7685-c3d195ff9230,84.05,1410,1593,1,1,73511,37
2026/07/24 16:24:50.395,2026/07/24 16:24:50.354,2026/07/24 16:24:50.436,0,GPU-e2681f6e-8d94-2d66-484f-43ea602335f9,376.70,1410,1593,100,14,73511,65
2026/07/24 16:24:50.395,2026/07/24 16:24:50.354,2026/07/24 16:24:50.436,1,GPU-713d5b24-2a1e-fd4a-7685-c3d195ff9230,83.73,1410,1593,0,0,73511,37
2026/07/24 16:24:50.623,2026/07/24 16:24:50.604,2026/07/24 16:24:50.641,0,GPU-e2681f6e-8d94-2d66-484f-43ea602335f9,110.09,1410,1593,100,13,73511,55
2026/07/24 16:24:50.623,2026/07/24 16:24:50.604,2026/07/24 16:24:50.641,1,GPU-713d5b24-2a1e-fd4a-7685-c3d195ff9230,235.93,1410,1593,0,0,73511,40
2026/07/24 16:24:50.868,2026/07/24 16:24:50.854,2026/07/24 16:24:50.882,0,GPU-e2681f6e-8d94-2d66-484f-43ea602335f9,96.22,1410,1593,0,0,73511,52
2026/07/24 16:24:50.868,2026/07/24 16:24:50.854,2026/07/24 16:24:50.882,1,GPU-713d5b24-2a1e-fd4a-7685-c3d195ff9230,87.08,1410,1593,84,44,73511,38
2026/07/24 16:24:51.119,2026/07/24 16:24:51.104,2026/07/24 16:24:51.134,0,GPU-e2681f6e-8d94-2d66-484f-43ea602335f9,245.62,1410,1593,0,0,73511,57
2026/07/24 16:24:51.119,2026/07/24 16:24:51.104,2026/07/24 16:24:51.134,1,GPU-713d5b24-2a1e-fd4a-7685-c3d195ff9230,84.05,1410,1593,0,0,73511,37
2026/07/24 16:24:51.398,2026/07/24 16:24:51.354,2026/07/24 16:24:51.442,0,GPU-e2681f6e-8d94-2d66-484f-43ea602335f9,385.42,1410,1593,59,12,73511,63
2026/07/24 16:24:51.398,2026/07/24 16:24:51.354,2026/07/24 16:24:51.442,1,GPU-713d5b24-2a1e-fd4a-7685-c3d195ff9230,83.73,1410,1593,0,0,73511,37
2026/07/24 16:24:51.620,2026/07/24 16:24:51.604,2026/07/24 16:24:51.635,0,GPU-e2681f6e-8d94-2d66-484f-43ea602335f9,383.90,1410,1593,100,15,73511,59
2026/07/24 16:24:51.620,2026/07/24 16:24:51.604,2026/07/24 16:24:51.635,1,GPU-713d5b24-2a1e-fd4a-7685-c3d195ff9230,83.73,1410,1593,0,0,73511,37
2026/07/24 16:24:51.867,2026/07/24 16:24:51.854,2026/07/24 16:24:51.880,0,GPU-e2681f6e-8d94-2d66-484f-43ea602335f9,97.09,1410,1593,70,11,73511,53
2026/07/24 16:24:51.867,2026/07/24 16:24:51.854,2026/07/24 16:24:51.880,1,GPU-713d5b24-2a1e-fd4a-7685-c3d195ff9230,243.50,1410,1593,96,48,73511,41
2026/07/24 16:24:52.118,2026/07/24 16:24:52.104,2026/07/24 16:24:52.131,0,GPU-e2681f6e-8d94-2d66-484f-43ea602335f9,95.63,1410,1593,0,0,73511,51
2026/07/24 16:24:52.118,2026/07/24 16:24:52.104,2026/07/24 16:24:52.131,1,GPU-713d5b24-2a1e-fd4a-7685-c3d195ff9230,84.65,1410,1593,53,28,73511,38
2026/07/24 16:24:52.373,2026/07/24 16:24:52.354,2026/07/24 16:24:52.391,0,GPU-e2681f6e-8d94-2d66-484f-43ea602335f9,394.78,1410,1593,27,5,73511,62
2026/07/24 16:24:52.373,2026/07/24 16:24:52.354,2026/07/24 16:24:52.391,1,GPU-713d5b24-2a1e-fd4a-7685-c3d195ff9230,84.05,1410,1593,0,0,73511,37
2026/07/24 16:24:52.617,2026/07/24 16:24:52.605,2026/07/24 16:24:52.630,0,GPU-e2681f6e-8d94-2d66-484f-43ea602335f9,395.70,1410,1593,100,14,73511,64
2026/07/24 16:24:52.617,2026/07/24 16:24:52.605,2026/07/24 16:24:52.630,1,GPU-713d5b24-2a1e-fd4a-7685-c3d195ff9230,83.82,1410,1593,0,0,73511,37
2026/07/24 16:24:52.868,2026/07/24 16:24:52.855,2026/07/24 16:24:52.882,0,GPU-e2681f6e-8d94-2d66-484f-43ea602335f9,98.61,1410,1593,16,2,73511,54
2026/07/24 16:24:52.868,2026/07/24 16:24:52.855,2026/07/24 16:24:52.882,1,GPU-713d5b24-2a1e-fd4a-7685-c3d195ff9230,240.15,1410,1593,53,19,73511,40
2026/07/24 16:24:53.119,2026/07/24 16:24:53.105,2026/07/24 16:24:53.134,0,GPU-e2681f6e-8d94-2d66-484f-43ea602335f9,95.63,1410,1593,0,0,73511,52
2026/07/24 16:24:53.119,2026/07/24 16:24:53.105,2026/07/24 16:24:53.134,1,GPU-713d5b24-2a1e-fd4a-7685-c3d195ff9230,244.69,1410,1593,100,53,73511,41
2026/07/24 16:24:53.401,2026/07/24 16:24:53.355,2026/07/24 16:24:53.448,0,GPU-e2681f6e-8d94-2d66-484f-43ea602335f9,392.07,1410,1593,10,2,73511,61
2026/07/24 16:24:53.401,2026/07/24 16:24:53.355,2026/07/24 16:24:53.448,1,GPU-713d5b24-2a1e-fd4a-7685-c3d195ff9230,85.25,1410,1593,49,26,73511,38
2026/07/24 16:24:53.619,2026/07/24 16:24:53.605,2026/07/24 16:24:53.634,0,GPU-e2681f6e-8d94-2d66-484f-43ea602335f9,397.48,1410,1593,100,15,73511,64
2026/07/24 16:24:53.619,2026/07/24 16:24:53.605,2026/07/24 16:24:53.634,1,GPU-713d5b24-2a1e-fd4a-7685-c3d195ff9230,84.05,1410,1593,0,0,73511,37
2026/07/24 16:24:53.869,2026/07/24 16:24:53.855,2026/07/24 16:24:53.884,0,GPU-e2681f6e-8d94-2d66-484f-43ea602335f9,404.41,1410,1593,100,17,73511,66
2026/07/24 16:24:53.869,2026/07/24 16:24:53.855,2026/07/24 16:24:53.884,1,GPU-713d5b24-2a1e-fd4a-7685-c3d195ff9230,84.97,1410,1593,21,1,73511,39
2026/07/24 16:24:54.120,2026/07/24 16:24:54.105,2026/07/24 16:24:54.135,0,GPU-e2681f6e-8d94-2d66-484f-43ea602335f9,397.48,1410,1593,100,15,73511,67
2026/07/24 16:24:54.120,2026/07/24 16:24:54.105,2026/07/24 16:24:54.135,1,GPU-713d5b24-2a1e-fd4a-7685-c3d195ff9230,84.65,1410,1593,100,53,73511,40
2026/07/24 16:24:54.372,2026/07/24 16:24:54.355,2026/07/24 16:24:54.389,0,GPU-e2681f6e-8d94-2d66-484f-43ea602335f9,416.16,1410,1593,100,13,73511,68
2026/07/24 16:24:54.372,2026/07/24 16:24:54.355,2026/07/24 16:24:54.389,1,GPU-713d5b24-2a1e-fd4a-7685-c3d195ff9230,84.38,1410,1593,13,7,73511,37
2026/07/24 16:24:54.621,2026/07/24 16:24:54.605,2026/07/24 16:24:54.637,0,GPU-e2681f6e-8d94-2d66-484f-43ea602335f9,409.55,1410,1593,100,16,73511,68
2026/07/24 16:24:54.621,2026/07/24 16:24:54.605,2026/07/24 16:24:54.637,1,GPU-713d5b24-2a1e-fd4a-7685-c3d195ff9230,244.37,1410,1593,0,0,73511,39
2026/07/24 16:24:54.870,2026/07/24 16:24:54.855,2026/07/24 16:24:54.885,0,GPU-e2681f6e-8d94-2d66-484f-43ea602335f9,401.38,1410,1593,100,14,73511,68
2026/07/24 16:24:54.870,2026/07/24 16:24:54.855,2026/07/24 16:24:54.885,1,GPU-713d5b24-2a1e-fd4a-7685-c3d195ff9230,86.17,1410,1593,80,42,73511,38
2026/07/24 16:24:55.120,2026/07/24 16:24:55.105,2026/07/24 16:24:55.134,0,GPU-e2681f6e-8d94-2d66-484f-43ea602335f9,409.23,1410,1593,51,7,73511,63
2026/07/24 16:24:55.120,2026/07/24 16:24:55.105,2026/07/24 16:24:55.134,1,GPU-713d5b24-2a1e-fd4a-7685-c3d195ff9230,247.72,1410,1593,20,0,73511,41
2026/07/24 16:24:55.369,2026/07/24 16:24:55.355,2026/07/24 16:24:55.382,0,GPU-e2681f6e-8d94-2d66-484f-43ea602335f9,399.60,1410,1593,94,17,73511,68
2026/07/24 16:24:55.369,2026/07/24 16:24:55.355,2026/07/24 16:24:55.382,1,GPU-713d5b24-2a1e-fd4a-7685-c3d195ff9230,86.76,1410,1593,97,51,73511,39
2026/07/24 16:24:55.620,2026/07/24 16:24:55.606,2026/07/24 16:24:55.635,0,GPU-e2681f6e-8d94-2d66-484f-43ea602335f9,394.19,1410,1593,100,15,73511,69
2026/07/24 16:24:55.620,2026/07/24 16:24:55.606,2026/07/24 16:24:55.635,1,GPU-713d5b24-2a1e-fd4a-7685-c3d195ff9230,84.38,1410,1593,32,17,73511,38
2026/07/24 16:24:55.872,2026/07/24 16:24:55.856,2026/07/24 16:24:55.888,0,GPU-e2681f6e-8d94-2d66-484f-43ea602335f9,411.34,1410,1593,100,13,73511,69
2026/07/24 16:24:55.872,2026/07/24 16:24:55.856,2026/07/24 16:24:55.888,1,GPU-713d5b24-2a1e-fd4a-7685-c3d195ff9230,203.07,1410,1593,21,0,73511,37
2026/07/24 16:24:56.121,2026/07/24 16:24:56.106,2026/07/24 16:24:56.136,0,GPU-e2681f6e-8d94-2d66-484f-43ea602335f9,399.92,1410,1593,100,15,73511,69
2026/07/24 16:24:56.121,2026/07/24 16:24:56.106,2026/07/24 16:24:56.136,1,GPU-713d5b24-2a1e-fd4a-7685-c3d195ff9230,245.62,1410,1593,96,50,73511,42
2026/07/24 16:24:56.371,2026/07/24 16:24:56.356,2026/07/24 16:24:56.386,0,GPU-e2681f6e-8d94-2d66-484f-43ea602335f9,410.15,1410,1593,100,14,73511,70
2026/07/24 16:24:56.371,2026/07/24 16:24:56.356,2026/07/24 16:24:56.386,1,GPU-713d5b24-2a1e-fd4a-7685-c3d195ff9230,84.46,1410,1593,38,20,73511,38
2026/07/24 16:24:56.627,2026/07/24 16:24:56.606,2026/07/24 16:24:56.649,0,GPU-e2681f6e-8d94-2d66-484f-43ea602335f9,419.46,1410,1593,100,15,73511,70
2026/07/24 16:24:56.627,2026/07/24 16:24:56.606,2026/07/24 16:24:56.649,1,GPU-713d5b24-2a1e-fd4a-7685-c3d195ff9230,243.50,1410,1593,31,5,73511,42
2026/07/24 16:24:56.872,2026/07/24 16:24:56.856,2026/07/24 16:24:56.888,0,GPU-e2681f6e-8d94-2d66-484f-43ea602335f9,408.31,1410,1593,100,17,73511,70
2026/07/24 16:24:56.872,2026/07/24 16:24:56.856,2026/07/24 16:24:56.888,1,GPU-713d5b24-2a1e-fd4a-7685-c3d195ff9230,243.50,1410,1593,56,21,73511,41
2026/07/24 16:24:57.121,2026/07/24 16:24:57.106,2026/07/24 16:24:57.137,0,GPU-e2681f6e-8d94-2d66-484f-43ea602335f9,397.48,1410,1593,100,14,73511,70
2026/07/24 16:24:57.121,2026/07/24 16:24:57.106,2026/07/24 16:24:57.137,1,GPU-713d5b24-2a1e-fd4a-7685-c3d195ff9230,87.95,1410,1593,86,45,73511,39
2026/07/24 16:24:57.371,2026/07/24 16:24:57.356,2026/07/24 16:24:57.386,0,GPU-e2681f6e-8d94-2d66-484f-43ea602335f9,414.64,1410,1593,100,12,73511,70
2026/07/24 16:24:57.371,2026/07/24 16:24:57.356,2026/07/24 16:24:57.386,1,GPU-713d5b24-2a1e-fd4a-7685-c3d195ff9230,84.38,1410,1593,0,0,73511,38
2026/07/24 16:24:57.621,2026/07/24 16:24:57.606,2026/07/24 16:24:57.636,0,GPU-e2681f6e-8d94-2d66-484f-43ea602335f9,424.01,1410,1593,100,16,73511,71
2026/07/24 16:24:57.621,2026/07/24 16:24:57.606,2026/07/24 16:24:57.636,1,GPU-713d5b24-2a1e-fd4a-7685-c3d195ff9230,216.33,1410,1593,72,25,73511,41
2026/07/24 16:24:57.871,2026/07/24 16:24:57.856,2026/07/24 16:24:57.885,0,GPU-e2681f6e-8d94-2d66-484f-43ea602335f9,216.88,1410,1593,90,13,73511,62
2026/07/24 16:24:57.871,2026/07/24 16:24:57.856,2026/07/24 16:24:57.885,1,GPU-713d5b24-2a1e-fd4a-7685-c3d195ff9230,240.47,1410,1593,100,52,73511,42
2026/07/24 16:24:58.121,2026/07/24 16:24:58.106,2026/07/24 16:24:58.135,0,GPU-e2681f6e-8d94-2d66-484f-43ea602335f9,411.67,1410,1593,23,5,73511,59
2026/07/24 16:24:58.121,2026/07/24 16:24:58.106,2026/07/24 16:24:58.135,1,GPU-713d5b24-2a1e-fd4a-7685-c3d195ff9230,245.29,1410,1593,100,45,73511,43
2026/07/24 16:24:58.372,2026/07/24 16:24:58.356,2026/07/24 16:24:58.388,0,GPU-e2681f6e-8d94-2d66-484f-43ea602335f9,411.94,1410,1593,100,18,73511,69
2026/07/24 16:24:58.372,2026/07/24 16:24:58.356,2026/07/24 16:24:58.388,1,GPU-713d5b24-2a1e-fd4a-7685-c3d195ff9230,96.39,1410,1593,94,50,73511,39
2026/07/24 16:24:58.623,2026/07/24 16:24:58.606,2026/07/24 16:24:58.640,0,GPU-e2681f6e-8d94-2d66-484f-43ea602335f9,394.19,1410,1593,100,14,73511,70
2026/07/24 16:24:58.623,2026/07/24 16:24:58.606,2026/07/24 16:24:58.640,1,GPU-713d5b24-2a1e-fd4a-7685-c3d195ff9230,84.65,1410,1593,0,0,73511,38
2026/07/24 16:24:58.871,2026/07/24 16:24:58.856,2026/07/24 16:24:58.885,0,GPU-e2681f6e-8d94-2d66-484f-43ea602335f9,102.94,1410,1593,13,2,73511,58
2026/07/24 16:24:58.871,2026/07/24 16:24:58.856,2026/07/24 16:24:58.885,1,GPU-713d5b24-2a1e-fd4a-7685-c3d195ff9230,97.64,1410,1593,47,13,73511,41
2026/07/24 16:24:59.123,2026/07/24 16:24:59.107,2026/07/24 16:24:59.139,0,GPU-e2681f6e-8d94-2d66-484f-43ea602335f9,99.53,1410,1593,0,0,73511,55
2026/07/24 16:24:59.123,2026/07/24 16:24:59.107,2026/07/24 16:24:59.139,1,GPU-713d5b24-2a1e-fd4a-7685-c3d195ff9230,244.69,1410,1593,100,52,73511,43
2026/07/24 16:24:59.371,2026/07/24 16:24:59.357,2026/07/24 16:24:59.386,0,GPU-e2681f6e-8d94-2d66-484f-43ea602335f9,97.42,1410,1593,0,0,73511,54
2026/07/24 16:24:59.371,2026/07/24 16:24:59.357,2026/07/24 16:24:59.386,1,GPU-713d5b24-2a1e-fd4a-7685-c3d195ff9230,84.65,1410,1593,28,15,73511,38
2026/07/24 16:24:59.653,2026/07/24 16:24:59.607,2026/07/24 16:24:59.700,0,GPU-e2681f6e-8d94-2d66-484f-43ea602335f9,397.48,1410,1593,19,4,73511,64
2026/07/24 16:24:59.653,2026/07/24 16:24:59.607,2026/07/24 16:24:59.700,1,GPU-713d5b24-2a1e-fd4a-7685-c3d195ff9230,84.38,1410,1593,0,0,73511,38
2026/07/24 16:24:59.873,2026/07/24 16:24:59.857,2026/07/24 16:24:59.889,0,GPU-e2681f6e-8d94-2d66-484f-43ea602335f9,395.70,1410,1593,100,18,73511,67
2026/07/24 16:24:59.873,2026/07/24 16:24:59.857,2026/07/24 16:24:59.889,1,GPU-713d5b24-2a1e-fd4a-7685-c3d195ff9230,84.05,1410,1593,0,0,73511,37
2026/07/24 16:25:00.122,2026/07/24 16:25:00.107,2026/07/24 16:25:00.136,0,GPU-e2681f6e-8d94-2d66-484f-43ea602335f9,392.67,1410,1593,100,14,73511,68
2026/07/24 16:25:00.122,2026/07/24 16:25:00.107,2026/07/24 16:25:00.136,1,GPU-713d5b24-2a1e-fd4a-7685-c3d195ff9230,84.05,1410,1593,0,0,73511,37
2026/07/24 16:25:00.373,2026/07/24 16:25:00.357,2026/07/24 16:25:00.389,0,GPU-e2681f6e-8d94-2d66-484f-43ea602335f9,411.34,1410,1593,100,18,73511,70
2026/07/24 16:25:00.373,2026/07/24 16:25:00.357,2026/07/24 16:25:00.389,1,GPU-713d5b24-2a1e-fd4a-7685-c3d195ff9230,236.84,1410,1593,35,6,73511,40
2026/07/24 16:25:00.623,2026/07/24 16:25:00.607,2026/07/24 16:25:00.639,0,GPU-e2681f6e-8d94-2d66-484f-43ea602335f9,409.55,1410,1593,100,15,73511,70
2026/07/24 16:25:00.623,2026/07/24 16:25:00.607,2026/07/24 16:25:00.639,1,GPU-713d5b24-2a1e-fd4a-7685-c3d195ff9230,88.27,1410,1593,100,52,73511,39
2026/07/24 16:25:00.874,2026/07/24 16:25:00.857,2026/07/24 16:25:00.891,0,GPU-e2681f6e-8d94-2d66-484f-43ea602335f9,420.70,1410,1593,99,14,73511,70
2026/07/24 16:25:00.874,2026/07/24 16:25:00.857,2026/07/24 16:25:00.891,1,GPU-713d5b24-2a1e-fd4a-7685-c3d195ff9230,87.08,1410,1593,37,19,73511,38
2026/07/24 16:25:01.123,2026/07/24 16:25:01.107,2026/07/24 16:25:01.139,0,GPU-e2681f6e-8d94-2d66-484f-43ea602335f9,408.96,1410,1593,100,17,73511,71
2026/07/24 16:25:01.123,2026/07/24 16:25:01.107,2026/07/24 16:25:01.139,1,GPU-713d5b24-2a1e-fd4a-7685-c3d195ff9230,239.28,1410,1593,86,33,73511,42
2026/07/24 16:25:01.373,2026/07/24 16:25:01.357,2026/07/24 16:25:01.389,0,GPU-e2681f6e-8d94-2d66-484f-43ea602335f9,419.02,1410,1593,100,14,73511,71
2026/07/24 16:25:01.373,2026/07/24 16:25:01.357,2026/07/24 16:25:01.389,1,GPU-713d5b24-2a1e-fd4a-7685-c3d195ff9230,84.97,1410,1593,76,39,73511,39
2026/07/24 16:25:01.624,2026/07/24 16:25:01.607,2026/07/24 16:25:01.640,0,GPU-e2681f6e-8d94-2d66-484f-43ea602335f9,414.97,1410,1593,100,17,73511,71
2026/07/24 16:25:01.624,2026/07/24 16:25:01.607,2026/07/24 16:25:01.640,1,GPU-713d5b24-2a1e-fd4a-7685-c3d195ff9230,247.72,1410,1593,100,52,73511,42
2026/07/24 16:25:01.873,2026/07/24 16:25:01.857,2026/07/24 16:25:01.888,0,GPU-e2681f6e-8d94-2d66-484f-43ea602335f9,405.01,1410,1593,100,15,73511,71
2026/07/24 16:25:01.873,2026/07/24 16:25:01.857,2026/07/24 16:25:01.888,1,GPU-713d5b24-2a1e-fd4a-7685-c3d195ff9230,248.59,1410,1593,83,44,73511,41
2026/07/24 16:25:02.124,2026/07/24 16:25:02.107,2026/07/24 16:25:02.140,0,GPU-e2681f6e-8d94-2d66-484f-43ea602335f9,105.27,1410,1593,100,13,73511,63
2026/07/24 16:25:02.124,2026/07/24 16:25:02.107,2026/07/24 16:25:02.140,1,GPU-713d5b24-2a1e-fd4a-7685-c3d195ff9230,233.82,1410,1593,23,1,73511,40
2026/07/24 16:25:02.373,2026/07/24 16:25:02.357,2026/07/24 16:25:02.388,0,GPU-e2681f6e-8d94-2d66-484f-43ea602335f9,99.86,1410,1593,0,0,73511,57
2026/07/24 16:25:02.373,2026/07/24 16:25:02.357,2026/07/24 16:25:02.388,1,GPU-713d5b24-2a1e-fd4a-7685-c3d195ff9230,245.88,1410,1593,100,52,73511,40
2026/07/24 16:25:02.623,2026/07/24 16:25:02.608,2026/07/24 16:25:02.639,0,GPU-e2681f6e-8d94-2d66-484f-43ea602335f9,98.01,1410,1593,0,0,73511,54
2026/07/24 16:25:02.623,2026/07/24 16:25:02.608,2026/07/24 16:25:02.639,1,GPU-713d5b24-2a1e-fd4a-7685-c3d195ff9230,84.97,1410,1593,18,9,73511,38
2026/07/24 16:25:02.873,2026/07/24 16:25:02.858,2026/07/24 16:25:02.889,0,GPU-e2681f6e-8d94-2d66-484f-43ea602335f9,96.92,1410,1593,0,0,73511,53
2026/07/24 16:25:02.873,2026/07/24 16:25:02.858,2026/07/24 16:25:02.889,1,GPU-713d5b24-2a1e-fd4a-7685-c3d195ff9230,84.38,1410,1593,0,0,73511,38
2026/07/24 16:25:03.122,2026/07/24 16:25:03.108,2026/07/24 16:25:03.137,0,GPU-e2681f6e-8d94-2d66-484f-43ea602335f9,96.22,1410,1593,0,0,73511,52
2026/07/24 16:25:03.122,2026/07/24 16:25:03.108,2026/07/24 16:25:03.137,1,GPU-713d5b24-2a1e-fd4a-7685-c3d195ff9230,84.38,1410,1593,0,0,73511,37
2026/07/24 16:25:03.369,2026/07/24 16:25:03.358,2026/07/24 16:25:03.381,0,GPU-e2681f6e-8d94-2d66-484f-43ea602335f9,95.90,1410,1593,0,0,73511,52
2026/07/24 16:25:03.369,2026/07/24 16:25:03.358,2026/07/24 16:25:03.381,1,GPU-713d5b24-2a1e-fd4a-7685-c3d195ff9230,84.05,1410,1593,0,0,73511,37
2026/07/24 16:25:03.624,2026/07/24 16:25:03.608,2026/07/24 16:25:03.640,0,GPU-e2681f6e-8d94-2d66-484f-43ea602335f9,95.90,1410,1593,0,0,73511,51
2026/07/24 16:25:03.624,2026/07/24 16:25:03.608,2026/07/24 16:25:03.640,1,GPU-713d5b24-2a1e-fd4a-7685-c3d195ff9230,84.38,1410,1593,0,0,73511,37
2026/07/24 16:25:03.906,2026/07/24 16:25:03.858,2026/07/24 16:25:03.953,0,GPU-e2681f6e-8d94-2d66-484f-43ea602335f9,389.96,1410,1593,21,4,73511,62
2026/07/24 16:25:03.906,2026/07/24 16:25:03.858,2026/07/24 16:25:03.953,1,GPU-713d5b24-2a1e-fd4a-7685-c3d195ff9230,84.05,1410,1593,0,0,73511,37
2026/07/24 16:25:04.123,2026/07/24 16:25:04.108,2026/07/24 16:25:04.139,0,GPU-e2681f6e-8d94-2d66-484f-43ea602335f9,400.51,1410,1593,100,14,73511,66
2026/07/24 16:25:04.123,2026/07/24 16:25:04.108,2026/07/24 16:25:04.139,1,GPU-713d5b24-2a1e-fd4a-7685-c3d195ff9230,84.14,1410,1593,0,0,73511,37
2026/07/24 16:25:04.375,2026/07/24 16:25:04.358,2026/07/24 16:25:04.392,0,GPU-e2681f6e-8d94-2d66-484f-43ea602335f9,387.72,1410,1593,100,12,73511,67
2026/07/24 16:25:04.375,2026/07/24 16:25:04.358,2026/07/24 16:25:04.392,1,GPU-713d5b24-2a1e-fd4a-7685-c3d195ff9230,84.05,1410,1593,0,0,73511,37
2026/07/24 16:25:04.626,2026/07/24 16:25:04.608,2026/07/24 16:25:04.643,0,GPU-e2681f6e-8d94-2d66-484f-43ea602335f9,424.92,1410,1593,100,15,73511,69
2026/07/24 16:25:04.626,2026/07/24 16:25:04.608,2026/07/24 16:25:04.643,1,GPU-713d5b24-2a1e-fd4a-7685-c3d195ff9230,97.91,1410,1593,6,0,73511,40
2026/07/24 16:25:04.875,2026/07/24 16:25:04.858,2026/07/24 16:25:04.892,0,GPU-e2681f6e-8d94-2d66-484f-43ea602335f9,401.11,1410,1593,100,16,73511,69
2026/07/24 16:25:04.875,2026/07/24 16:25:04.858,2026/07/24 16:25:04.892,1,GPU-713d5b24-2a1e-fd4a-7685-c3d195ff9230,98.83,1410,1593,97,50,73511,42
2026/07/24 16:25:05.122,2026/07/24 16:25:05.108,2026/07/24 16:25:05.136,0,GPU-e2681f6e-8d94-2d66-484f-43ea602335f9,397.48,1410,1593,100,12,73511,70
2026/07/24 16:25:05.122,2026/07/24 16:25:05.108,2026/07/24 16:25:05.136,1,GPU-713d5b24-2a1e-fd4a-7685-c3d195ff9230,84.65,1410,1593,0,0,73511,38
2026/07/24 16:25:05.375,2026/07/24 16:25:05.358,2026/07/24 16:25:05.391,0,GPU-e2681f6e-8d94-2d66-484f-43ea602335f9,410.15,1410,1593,100,18,73511,71
2026/07/24 16:25:05.375,2026/07/24 16:25:05.358,2026/07/24 16:25:05.391,1,GPU-713d5b24-2a1e-fd4a-7685-c3d195ff9230,236.84,1410,1593,24,0,73511,40
2026/07/24 16:25:05.622,2026/07/24 16:25:05.608,2026/07/24 16:25:05.636,0,GPU-e2681f6e-8d94-2d66-484f-43ea602335f9,421.13,1410,1593,100,14,73511,71
2026/07/24 16:25:05.622,2026/07/24 16:25:05.608,2026/07/24 16:25:05.636,1,GPU-713d5b24-2a1e-fd4a-7685-c3d195ff9230,87.68,1410,1593,98,51,73511,39
2026/07/24 16:25:05.874,2026/07/24 16:25:05.858,2026/07/24 16:25:05.889,0,GPU-e2681f6e-8d94-2d66-484f-43ea602335f9,414.64,1410,1593,100,18,73511,71
2026/07/24 16:25:05.874,2026/07/24 16:25:05.858,2026/07/24 16:25:05.889,1,GPU-713d5b24-2a1e-fd4a-7685-c3d195ff9230,245.62,1410,1593,36,19,73511,42
2026/07/24 16:25:06.124,2026/07/24 16:25:06.109,2026/07/24 16:25:06.139,0,GPU-e2681f6e-8d94-2d66-484f-43ea602335f9,424.76,1410,1593,100,15,73511,71
2026/07/24 16:25:06.124,2026/07/24 16:25:06.109,2026/07/24 16:25:06.139,1,GPU-713d5b24-2a1e-fd4a-7685-c3d195ff9230,90.71,1410,1593,69,37,73511,40
2026/07/24 16:25:06.374,2026/07/24 16:25:06.359,2026/07/24 16:25:06.390,0,GPU-e2681f6e-8d94-2d66-484f-43ea602335f9,412.85,1410,1593,100,15,73511,71
2026/07/24 16:25:06.374,2026/07/24 16:25:06.359,2026/07/24 16:25:06.390,1,GPU-713d5b24-2a1e-fd4a-7685-c3d195ff9230,243.18,1410,1593,88,38,73511,43
2026/07/24 16:25:06.624,2026/07/24 16:25:06.609,2026/07/24 16:25:06.639,0,GPU-e2681f6e-8d94-2d66-484f-43ea602335f9,411.67,1410,1593,100,16,73511,72
2026/07/24 16:25:06.624,2026/07/24 16:25:06.609,2026/07/24 16:25:06.639,1,GPU-713d5b24-2a1e-fd4a-7685-c3d195ff9230,243.50,1410,1593,48,26,73511,40
2026/07/24 16:25:06.873,2026/07/24 16:25:06.859,2026/07/24 16:25:06.888,0,GPU-e2681f6e-8d94-2d66-484f-43ea602335f9,411.94,1410,1593,100,17,73511,71
2026/07/24 16:25:06.873,2026/07/24 16:25:06.859,2026/07/24 16:25:06.888,1,GPU-713d5b24-2a1e-fd4a-7685-c3d195ff9230,136.18,1410,1593,81,34,73511,40
2026/07/24 16:25:07.123,2026/07/24 16:25:07.109,2026/07/24 16:25:07.138,0,GPU-e2681f6e-8d94-2d66-484f-43ea602335f9,431.40,1410,1593,100,14,73511,72
2026/07/24 16:25:07.123,2026/07/24 16:25:07.109,2026/07/24 16:25:07.138,1,GPU-713d5b24-2a1e-fd4a-7685-c3d195ff9230,248.32,1410,1593,55,29,73511,41
2026/07/24 16:25:07.374,2026/07/24 16:25:07.359,2026/07/24 16:25:07.390,0,GPU-e2681f6e-8d94-2d66-484f-43ea602335f9,412.53,1410,1593,100,15,73511,72
2026/07/24 16:25:07.374,2026/07/24 16:25:07.359,2026/07/24 16:25:07.390,1,GPU-713d5b24-2a1e-fd4a-7685-c3d195ff9230,132.28,1410,1593,100,53,73511,39
2026/07/24 16:25:07.625,2026/07/24 16:25:07.609,2026/07/24 16:25:07.641,0,GPU-e2681f6e-8d94-2d66-484f-43ea602335f9,404.73,1410,1593,100,13,73511,65
2026/07/24 16:25:07.625,2026/07/24 16:25:07.609,2026/07/24 16:25:07.641,1,GPU-713d5b24-2a1e-fd4a-7685-c3d195ff9230,84.97,1410,1593,5,3,73511,38
2026/07/24 16:25:07.875,2026/07/24 16:25:07.859,2026/07/24 16:25:07.892,0,GPU-e2681f6e-8d94-2d66-484f-43ea602335f9,418.27,1410,1593,17,4,73511,68
2026/07/24 16:25:07.875,2026/07/24 16:25:07.859,2026/07/24 16:25:07.892,1,GPU-713d5b24-2a1e-fd4a-7685-c3d195ff9230,246.48,1410,1593,100,52,73511,43
2026/07/24 16:25:08.123,2026/07/24 16:25:08.109,2026/07/24 16:25:08.138,0,GPU-e2681f6e-8d94-2d66-484f-43ea602335f9,401.71,1410,1593,100,15,73511,71
2026/07/24 16:25:08.123,2026/07/24 16:25:08.109,2026/07/24 16:25:08.138,1,GPU-713d5b24-2a1e-fd4a-7685-c3d195ff9230,247.40,1410,1593,64,34,73511,40
2026/07/24 16:25:08.375,2026/07/24 16:25:08.359,2026/07/24 16:25:08.391,0,GPU-e2681f6e-8d94-2d66-484f-43ea602335f9,404.41,1410,1593,100,12,73511,71
2026/07/24 16:25:08.375,2026/07/24 16:25:08.359,2026/07/24 16:25:08.391,1,GPU-713d5b24-2a1e-fd4a-7685-c3d195ff9230,85.25,1410,1593,0,0,73511,38
2026/07/24 16:25:08.625,2026/07/24 16:25:08.609,2026/07/24 16:25:08.641,0,GPU-e2681f6e-8d94-2d66-484f-43ea602335f9,428.23,1410,1593,99,17,73511,72
2026/07/24 16:25:08.625,2026/07/24 16:25:08.609,2026/07/24 16:25:08.641,1,GPU-713d5b24-2a1e-fd4a-7685-c3d195ff9230,175.36,1410,1593,19,0,73511,42
2026/07/24 16:25:08.876,2026/07/24 16:25:08.859,2026/07/24 16:25:08.892,0,GPU-e2681f6e-8d94-2d66-484f-43ea602335f9,402.90,1410,1593,100,16,73511,72
2026/07/24 16:25:08.876,2026/07/24 16:25:08.859,2026/07/24 16:25:08.892,1,GPU-713d5b24-2a1e-fd4a-7685-c3d195ff9230,113.61,1410,1593,96,48,73511,41
2026/07/24 16:25:09.123,2026/07/24 16:25:09.109,2026/07/24 16:25:09.137,0,GPU-e2681f6e-8d94-2d66-484f-43ea602335f9,189.41,1410,1593,100,13,73511,72
2026/07/24 16:25:09.123,2026/07/24 16:25:09.109,2026/07/24 16:25:09.137,1,GPU-713d5b24-2a1e-fd4a-7685-c3d195ff9230,84.65,1410,1593,0,0,73511,38
2026/07/24 16:25:09.376,2026/07/24 16:25:09.359,2026/07/24 16:25:09.392,0,GPU-e2681f6e-8d94-2d66-484f-43ea602335f9,377.62,1410,1593,2,1,73511,64
2026/07/24 16:25:09.376,2026/07/24 16:25:09.359,2026/07/24 16:25:09.392,1,GPU-713d5b24-2a1e-fd4a-7685-c3d195ff9230,242.91,1410,1593,55,16,73511,41
2026/07/24 16:25:09.624,2026/07/24 16:25:09.610,2026/07/24 16:25:09.639,0,GPU-e2681f6e-8d94-2d66-484f-43ea602335f9,410.75,1410,1593,100,18,73511,69
2026/07/24 16:25:09.624,2026/07/24 16:25:09.610,2026/07/24 16:25:09.639,1,GPU-713d5b24-2a1e-fd4a-7685-c3d195ff9230,243.50,1410,1593,100,52,73511,41
2026/07/24 16:25:09.876,2026/07/24 16:25:09.860,2026/07/24 16:25:09.893,0,GPU-e2681f6e-8d94-2d66-484f-43ea602335f9,412.26,1410,1593,100,15,73511,71
2026/07/24 16:25:09.876,2026/07/24 16:25:09.860,2026/07/24 16:25:09.893,1,GPU-713d5b24-2a1e-fd4a-7685-c3d195ff9230,85.25,1410,1593,45,23,73511,39
2026/07/24 16:25:10.127,2026/07/24 16:25:10.110,2026/07/24 16:25:10.144,0,GPU-e2681f6e-8d94-2d66-484f-43ea602335f9,402.03,1410,1593,100,13,73511,72
2026/07/24 16:25:10.127,2026/07/24 16:25:10.110,2026/07/24 16:25:10.144,1,GPU-713d5b24-2a1e-fd4a-7685-c3d195ff9230,98.24,1410,1593,3,0,73511,38
2026/07/24 16:25:10.376,2026/07/24 16:25:10.360,2026/07/24 16:25:10.392,0,GPU-e2681f6e-8d94-2d66-484f-43ea602335f9,407.44,1410,1593,100,16,73511,72
2026/07/24 16:25:10.376,2026/07/24 16:25:10.360,2026/07/24 16:25:10.392,1,GPU-713d5b24-2a1e-fd4a-7685-c3d195ff9230,238.04,1410,1593,96,40,73511,42
2026/07/24 16:25:10.625,2026/07/24 16:25:10.610,2026/07/24 16:25:10.639,0,GPU-e2681f6e-8d94-2d66-484f-43ea602335f9,411.94,1410,1593,100,13,73511,72
2026/07/24 16:25:10.625,2026/07/24 16:25:10.610,2026/07/24 16:25:10.639,1,GPU-713d5b24-2a1e-fd4a-7685-c3d195ff9230,85.25,1410,1593,88,46,73511,40
2026/07/24 16:25:10.876,2026/07/24 16:25:10.860,2026/07/24 16:25:10.892,0,GPU-e2681f6e-8d94-2d66-484f-43ea602335f9,414.97,1410,1593,100,17,73511,73
2026/07/24 16:25:10.876,2026/07/24 16:25:10.860,2026/07/24 16:25:10.892,1,GPU-713d5b24-2a1e-fd4a-7685-c3d195ff9230,236.57,1410,1593,18,0,73511,42
2026/07/24 16:25:11.133,2026/07/24 16:25:11.110,2026/07/24 16:25:11.157,0,GPU-e2681f6e-8d94-2d66-484f-43ea602335f9,348.07,1410,1593,46,8,73511,62
2026/07/24 16:25:11.133,2026/07/24 16:25:11.110,2026/07/24 16:25:11.157,1,GPU-713d5b24-2a1e-fd4a-7685-c3d195ff9230,188.95,1410,1593,76,34,73511,41
2026/07/24 16:25:11.375,2026/07/24 16:25:11.360,2026/07/24 16:25:11.390,0,GPU-e2681f6e-8d94-2d66-484f-43ea602335f9,101.32,1410,1593,0,0,73511,58
2026/07/24 16:25:11.375,2026/07/24 16:25:11.360,2026/07/24 16:25:11.390,1,GPU-713d5b24-2a1e-fd4a-7685-c3d195ff9230,242.58,1410,1593,98,49,73511,43
2026/07/24 16:25:11.626,2026/07/24 16:25:11.610,2026/07/24 16:25:11.641,0,GPU-e2681f6e-8d94-2d66-484f-43ea602335f9,99.86,1410,1593,0,0,73511,56
2026/07/24 16:25:11.626,2026/07/24 16:25:11.610,2026/07/24 16:25:11.641,1,GPU-713d5b24-2a1e-fd4a-7685-c3d195ff9230,85.57,1410,1593,54,29,73511,39
2026/07/24 16:25:11.877,2026/07/24 16:25:11.860,2026/07/24 16:25:11.894,0,GPU-e2681f6e-8d94-2d66-484f-43ea602335f9,399.92,1410,1593,16,3,73511,64
2026/07/24 16:25:11.877,2026/07/24 16:25:11.860,2026/07/24 16:25:11.894,1,GPU-713d5b24-2a1e-fd4a-7685-c3d195ff9230,84.97,1410,1593,0,0,73511,38
2026/07/24 16:25:12.129,2026/07/24 16:25:12.110,2026/07/24 16:25:12.147,0,GPU-e2681f6e-8d94-2d66-484f-43ea602335f9,414.97,1410,1593,100,17,73511,68
2026/07/24 16:25:12.129,2026/07/24 16:25:12.110,2026/07/24 16:25:12.147,1,GPU-713d5b24-2a1e-fd4a-7685-c3d195ff9230,84.38,1410,1593,0,0,73511,38
2026/07/24 16:25:12.375,2026/07/24 16:25:12.360,2026/07/24 16:25:12.391,0,GPU-e2681f6e-8d94-2d66-484f-43ea602335f9,401.38,1410,1593,100,12,73511,70
2026/07/24 16:25:12.375,2026/07/24 16:25:12.360,2026/07/24 16:25:12.391,1,GPU-713d5b24-2a1e-fd4a-7685-c3d195ff9230,84.65,1410,1593,0,0,73511,37
2026/07/24 16:25:12.625,2026/07/24 16:25:12.610,2026/07/24 16:25:12.640,0,GPU-e2681f6e-8d94-2d66-484f-43ea602335f9,103.76,1410,1593,26,3,73511,60
2026/07/24 16:25:12.625,2026/07/24 16:25:12.610,2026/07/24 16:25:12.640,1,GPU-713d5b24-2a1e-fd4a-7685-c3d195ff9230,214.55,1410,1593,23,0,73511,40
2026/07/24 16:25:12.875,2026/07/24 16:25:12.860,2026/07/24 16:25:12.890,0,GPU-e2681f6e-8d94-2d66-484f-43ea602335f9,100.23,1410,1593,0,0,73511,56
2026/07/24 16:25:12.875,2026/07/24 16:25:12.860,2026/07/24 16:25:12.890,1,GPU-713d5b24-2a1e-fd4a-7685-c3d195ff9230,240.47,1410,1593,97,50,73511,43
2026/07/24 16:25:13.125,2026/07/24 16:25:13.111,2026/07/24 16:25:13.139,0,GPU-e2681f6e-8d94-2d66-484f-43ea602335f9,97.74,1410,1593,0,0,73511,54
2026/07/24 16:25:13.125,2026/07/24 16:25:13.111,2026/07/24 16:25:13.139,1,GPU-713d5b24-2a1e-fd4a-7685-c3d195ff9230,84.97,1410,1593,0,0,73511,39
2026/07/24 16:25:13.374,2026/07/24 16:25:13.361,2026/07/24 16:25:13.387,0,GPU-e2681f6e-8d94-2d66-484f-43ea602335f9,97.09,1410,1593,0,0,73511,53
2026/07/24 16:25:13.374,2026/07/24 16:25:13.361,2026/07/24 16:25:13.387,1,GPU-713d5b24-2a1e-fd4a-7685-c3d195ff9230,84.97,1410,1593,0,0,73511,38
2026/07/24 16:25:13.626,2026/07/24 16:25:13.611,2026/07/24 16:25:13.641,0,GPU-e2681f6e-8d94-2d66-484f-43ea602335f9,100.45,1410,1593,0,0,73511,53
2026/07/24 16:25:13.626,2026/07/24 16:25:13.611,2026/07/24 16:25:13.641,1,GPU-713d5b24-2a1e-fd4a-7685-c3d195ff9230,86.17,1410,1593,0,0,73511,38
2026/07/24 16:25:13.877,2026/07/24 16:25:13.861,2026/07/24 16:25:13.893,0,GPU-e2681f6e-8d94-2d66-484f-43ea602335f9,401.11,1410,1593,5,1,73511,60
2026/07/24 16:25:13.877,2026/07/24 16:25:13.861,2026/07/24 16:25:13.893,1,GPU-713d5b24-2a1e-fd4a-7685-c3d195ff9230,84.38,1410,1593,0,0,73511,37
2026/07/24 16:25:14.127,2026/07/24 16:25:14.111,2026/07/24 16:25:14.142,0,GPU-e2681f6e-8d94-2d66-484f-43ea602335f9,393.86,1410,1593,100,18,73511,66
2026/07/24 16:25:14.127,2026/07/24 16:25:14.111,2026/07/24 16:25:14.142,1,GPU-713d5b24-2a1e-fd4a-7685-c3d195ff9230,84.05,1410,1593,0,0,73511,37
2026/07/24 16:25:14.393,2026/07/24 16:25:14.361,2026/07/24 16:25:14.424,0,GPU-e2681f6e-8d94-2d66-484f-43ea602335f9,395.05,1410,1593,100,14,73511,68
2026/07/24 16:25:14.393,2026/07/24 16:25:14.361,2026/07/24 16:25:14.424,1,GPU-713d5b24-2a1e-fd4a-7685-c3d195ff9230,84.38,1410,1593,0,0,73511,37
2026/07/24 16:25:14.626,2026/07/24 16:25:14.611,2026/07/24 16:25:14.641,0,GPU-e2681f6e-8d94-2d66-484f-43ea602335f9,422.22,1410,1593,98,15,73511,69
2026/07/24 16:25:14.626,2026/07/24 16:25:14.611,2026/07/24 16:25:14.641,1,GPU-713d5b24-2a1e-fd4a-7685-c3d195ff9230,95.80,1410,1593,0,0,73511,38
2026/07/24 16:25:14.874,2026/07/24 16:25:14.861,2026/07/24 16:25:14.888,0,GPU-e2681f6e-8d94-2d66-484f-43ea602335f9,411.67,1410,1593,100,16,73511,70
2026/07/24 16:25:14.874,2026/07/24 16:25:14.861,2026/07/24 16:25:14.888,1,GPU-713d5b24-2a1e-fd4a-7685-c3d195ff9230,242.58,1410,1593,93,36,73511,42
2026/07/24 16:25:15.127,2026/07/24 16:25:15.111,2026/07/24 16:25:15.142,0,GPU-e2681f6e-8d94-2d66-484f-43ea602335f9,389.37,1410,1593,100,13,73511,70
2026/07/24 16:25:15.127,2026/07/24 16:25:15.111,2026/07/24 16:25:15.142,1,GPU-713d5b24-2a1e-fd4a-7685-c3d195ff9230,84.97,1410,1593,92,48,73511,38
2026/07/24 16:25:15.379,2026/07/24 16:25:15.361,2026/07/24 16:25:15.397,0,GPU-e2681f6e-8d94-2d66-484f-43ea602335f9,102.24,1410,1593,0,0,73511,60
2026/07/24 16:25:15.379,2026/07/24 16:25:15.361,2026/07/24 16:25:15.397,1,GPU-713d5b24-2a1e-fd4a-7685-c3d195ff9230,241.66,1410,1593,48,13,73511,40
2026/07/24 16:25:15.626,2026/07/24 16:25:15.611,2026/07/24 16:25:15.641,0,GPU-e2681f6e-8d94-2d66-484f-43ea602335f9,99.20,1410,1593,0,0,73511,55
2026/07/24 16:25:15.626,2026/07/24 16:25:15.611,2026/07/24 16:25:15.641,1,GPU-713d5b24-2a1e-fd4a-7685-c3d195ff9230,131.68,1410,1593,100,52,73511,39
2026/07/24 16:25:15.875,2026/07/24 16:25:15.861,2026/07/24 16:25:15.889,0,GPU-e2681f6e-8d94-2d66-484f-43ea602335f9,98.01,1410,1593,0,0,73511,54
2026/07/24 16:25:15.875,2026/07/24 16:25:15.861,2026/07/24 16:25:15.889,1,GPU-713d5b24-2a1e-fd4a-7685-c3d195ff9230,84.65,1410,1593,6,3,73511,38
2026/07/24 16:25:16.126,2026/07/24 16:25:16.111,2026/07/24 16:25:16.140,0,GPU-e2681f6e-8d94-2d66-484f-43ea602335f9,97.74,1410,1593,0,0,73511,53
2026/07/24 16:25:16.126,2026/07/24 16:25:16.111,2026/07/24 16:25:16.140,1,GPU-713d5b24-2a1e-fd4a-7685-c3d195ff9230,84.38,1410,1593,0,0,73511,37
2026/07/24 16:25:16.381,2026/07/24 16:25:16.362,2026/07/24 16:25:16.401,0,GPU-e2681f6e-8d94-2d66-484f-43ea602335f9,395.05,1410,1593,63,12,73511,56
2026/07/24 16:25:16.381,2026/07/24 16:25:16.362,2026/07/24 16:25:16.401,1,GPU-713d5b24-2a1e-fd4a-7685-c3d195ff9230,84.38,1410,1593,0,0,73511,37
2026/07/24 16:25:16.627,2026/07/24 16:25:16.612,2026/07/24 16:25:16.643,0,GPU-e2681f6e-8d94-2d66-484f-43ea602335f9,399.60,1410,1593,100,15,73511,66
2026/07/24 16:25:16.627,2026/07/24 16:25:16.612,2026/07/24 16:25:16.643,1,GPU-713d5b24-2a1e-fd4a-7685-c3d195ff9230,84.38,1410,1593,0,0,73511,37
2026/07/24 16:25:16.876,2026/07/24 16:25:16.862,2026/07/24 16:25:16.891,0,GPU-e2681f6e-8d94-2d66-484f-43ea602335f9,392.94,1410,1593,100,13,73511,68
2026/07/24 16:25:16.876,2026/07/24 16:25:16.862,2026/07/24 16:25:16.891,1,GPU-713d5b24-2a1e-fd4a-7685-c3d195ff9230,84.38,1410,1593,0,0,73511,37
2026/07/24 16:25:17.126,2026/07/24 16:25:17.112,2026/07/24 16:25:17.141,0,GPU-e2681f6e-8d94-2d66-484f-43ea602335f9,407.12,1410,1593,99,13,73511,70
2026/07/24 16:25:17.126,2026/07/24 16:25:17.112,2026/07/24 16:25:17.141,1,GPU-713d5b24-2a1e-fd4a-7685-c3d195ff9230,98.24,1410,1593,55,16,73511,37
2026/07/24 16:25:17.374,2026/07/24 16:25:17.362,2026/07/24 16:25:17.387,0,GPU-e2681f6e-8d94-2d66-484f-43ea602335f9,408.04,1410,1593,100,18,73511,70
2026/07/24 16:25:17.374,2026/07/24 16:25:17.362,2026/07/24 16:25:17.387,1,GPU-713d5b24-2a1e-fd4a-7685-c3d195ff9230,242.26,1410,1593,100,52,73511,42
2026/07/24 16:25:17.628,2026/07/24 16:25:17.612,2026/07/24 16:25:17.644,0,GPU-e2681f6e-8d94-2d66-484f-43ea602335f9,384.22,1410,1593,100,13,73511,65
2026/07/24 16:25:17.628,2026/07/24 16:25:17.612,2026/07/24 16:25:17.644,1,GPU-713d5b24-2a1e-fd4a-7685-c3d195ff9230,85.25,1410,1593,33,17,73511,38
2026/07/24 16:25:17.877,2026/07/24 16:25:17.862,2026/07/24 16:25:17.892,0,GPU-e2681f6e-8d94-2d66-484f-43ea602335f9,102.57,1410,1593,0,0,73511,58
2026/07/24 16:25:17.877,2026/07/24 16:25:17.862,2026/07/24 16:25:17.892,1,GPU-713d5b24-2a1e-fd4a-7685-c3d195ff9230,246.21,1410,1593,42,11,73511,42
2026/07/24 16:25:18.127,2026/07/24 16:25:18.112,2026/07/24 16:25:18.141,0,GPU-e2681f6e-8d94-2d66-484f-43ea602335f9,413.45,1410,1593,58,11,73511,68
2026/07/24 16:25:18.127,2026/07/24 16:25:18.112,2026/07/24 16:25:18.141,1,GPU-713d5b24-2a1e-fd4a-7685-c3d195ff9230,84.97,1410,1593,100,52,73511,39
2026/07/24 16:25:18.409,2026/07/24 16:25:18.362,2026/07/24 16:25:18.455,0,GPU-e2681f6e-8d94-2d66-484f-43ea602335f9,407.44,1410,1593,100,16,73511,69
2026/07/24 16:25:18.409,2026/07/24 16:25:18.362,2026/07/24 16:25:18.455,1,GPU-713d5b24-2a1e-fd4a-7685-c3d195ff9230,84.38,1410,1593,0,0,73511,37
2026/07/24 16:25:18.630,2026/07/24 16:25:18.612,2026/07/24 16:25:18.648,0,GPU-e2681f6e-8d94-2d66-484f-43ea602335f9,402.48,1410,1593,100,13,73511,70
2026/07/24 16:25:18.630,2026/07/24 16:25:18.612,2026/07/24 16:25:18.648,1,GPU-713d5b24-2a1e-fd4a-7685-c3d195ff9230,84.38,1410,1593,0,0,73511,37
2026/07/24 16:25:18.878,2026/07/24 16:25:18.862,2026/07/24 16:25:18.894,0,GPU-e2681f6e-8d94-2d66-484f-43ea602335f9,102.24,1410,1593,100,11,73511,58
2026/07/24 16:25:18.878,2026/07/24 16:25:18.862,2026/07/24 16:25:18.894,1,GPU-713d5b24-2a1e-fd4a-7685-c3d195ff9230,242.91,1410,1593,35,6,73511,40
2026/07/24 16:25:19.127,2026/07/24 16:25:19.112,2026/07/24 16:25:19.142,0,GPU-e2681f6e-8d94-2d66-484f-43ea602335f9,403.49,1410,1593,58,11,73511,68
2026/07/24 16:25:19.127,2026/07/24 16:25:19.112,2026/07/24 16:25:19.142,1,GPU-713d5b24-2a1e-fd4a-7685-c3d195ff9230,244.10,1410,1593,100,52,73511,42
2026/07/24 16:25:19.378,2026/07/24 16:25:19.362,2026/07/24 16:25:19.393,0,GPU-e2681f6e-8d94-2d66-484f-43ea602335f9,411.67,1410,1593,100,15,73511,69
2026/07/24 16:25:19.378,2026/07/24 16:25:19.362,2026/07/24 16:25:19.393,1,GPU-713d5b24-2a1e-fd4a-7685-c3d195ff9230,84.97,1410,1593,88,46,73511,38
2026/07/24 16:25:19.627,2026/07/24 16:25:19.613,2026/07/24 16:25:19.641,0,GPU-e2681f6e-8d94-2d66-484f-43ea602335f9,101.15,1410,1593,0,0,73511,59
2026/07/24 16:25:19.627,2026/07/24 16:25:19.613,2026/07/24 16:25:19.641,1,GPU-713d5b24-2a1e-fd4a-7685-c3d195ff9230,246.48,1410,1593,61,23,73511,42
2026/07/24 16:25:19.876,2026/07/24 16:25:19.863,2026/07/24 16:25:19.889,0,GPU-e2681f6e-8d94-2d66-484f-43ea602335f9,98.93,1410,1593,1,0,73511,62
2026/07/24 16:25:19.876,2026/07/24 16:25:19.863,2026/07/24 16:25:19.889,1,GPU-713d5b24-2a1e-fd4a-7685-c3d195ff9230,84.97,1410,1593,97,52,73511,39
2026/07/24 16:25:20.128,2026/07/24 16:25:20.113,2026/07/24 16:25:20.143,0,GPU-e2681f6e-8d94-2d66-484f-43ea602335f9,405.60,1410,1593,100,18,73511,67
2026/07/24 16:25:20.128,2026/07/24 16:25:20.113,2026/07/24 16:25:20.143,1,GPU-713d5b24-2a1e-fd4a-7685-c3d195ff9230,84.65,1410,1593,0,0,73511,38
2026/07/24 16:25:20.380,2026/07/24 16:25:20.363,2026/07/24 16:25:20.397,0,GPU-e2681f6e-8d94-2d66-484f-43ea602335f9,425.08,1410,1593,100,15,73511,69
2026/07/24 16:25:20.380,2026/07/24 16:25:20.363,2026/07/24 16:25:20.397,1,GPU-713d5b24-2a1e-fd4a-7685-c3d195ff9230,238.04,1410,1593,0,0,73511,39
2026/07/24 16:25:20.628,2026/07/24 16:25:20.613,2026/07/24 16:25:20.642,0,GPU-e2681f6e-8d94-2d66-484f-43ea602335f9,411.94,1410,1593,100,15,73511,70
2026/07/24 16:25:20.628,2026/07/24 16:25:20.613,2026/07/24 16:25:20.642,1,GPU-713d5b24-2a1e-fd4a-7685-c3d195ff9230,243.18,1410,1593,100,53,73511,40
2026/07/24 16:25:20.877,2026/07/24 16:25:20.863,2026/07/24 16:25:20.890,0,GPU-e2681f6e-8d94-2d66-484f-43ea602335f9,407.44,1410,1593,100,13,73511,70
2026/07/24 16:25:20.877,2026/07/24 16:25:20.863,2026/07/24 16:25:20.890,1,GPU-713d5b24-2a1e-fd4a-7685-c3d195ff9230,84.97,1410,1593,18,10,73511,38
2026/07/24 16:25:21.127,2026/07/24 16:25:21.113,2026/07/24 16:25:21.140,0,GPU-e2681f6e-8d94-2d66-484f-43ea602335f9,111.01,1410,1593,63,8,73511,62
2026/07/24 16:25:21.127,2026/07/24 16:25:21.113,2026/07/24 16:25:21.140,1,GPU-713d5b24-2a1e-fd4a-7685-c3d195ff9230,158.80,1410,1593,0,0,73511,38
2026/07/24 16:25:21.377,2026/07/24 16:25:21.363,2026/07/24 16:25:21.390,0,GPU-e2681f6e-8d94-2d66-484f-43ea602335f9,99.86,1410,1593,0,0,73511,56
2026/07/24 16:25:21.377,2026/07/24 16:25:21.363,2026/07/24 16:25:21.390,1,GPU-713d5b24-2a1e-fd4a-7685-c3d195ff9230,236.25,1410,1593,99,51,73511,42
2026/07/24 16:25:21.628,2026/07/24 16:25:21.613,2026/07/24 16:25:21.642,0,GPU-e2681f6e-8d94-2d66-484f-43ea602335f9,98.61,1410,1593,0,0,73511,54
2026/07/24 16:25:21.628,2026/07/24 16:25:21.613,2026/07/24 16:25:21.642,1,GPU-713d5b24-2a1e-fd4a-7685-c3d195ff9230,84.97,1410,1593,0,0,73511,38
2026/07/24 16:25:21.877,2026/07/24 16:25:21.863,2026/07/24 16:25:21.890,0,GPU-e2681f6e-8d94-2d66-484f-43ea602335f9,97.09,1410,1593,0,0,73511,53
2026/07/24 16:25:21.877,2026/07/24 16:25:21.863,2026/07/24 16:25:21.890,1,GPU-713d5b24-2a1e-fd4a-7685-c3d195ff9230,84.65,1410,1593,0,0,73511,37
2026/07/24 16:25:22.126,2026/07/24 16:25:22.113,2026/07/24 16:25:22.139,0,GPU-e2681f6e-8d94-2d66-484f-43ea602335f9,97.42,1410,1593,0,0,73511,53
2026/07/24 16:25:22.126,2026/07/24 16:25:22.113,2026/07/24 16:25:22.139,1,GPU-713d5b24-2a1e-fd4a-7685-c3d195ff9230,84.38,1410,1593,0,0,73511,37
2026/07/24 16:25:22.377,2026/07/24 16:25:22.363,2026/07/24 16:25:22.390,0,GPU-e2681f6e-8d94-2d66-484f-43ea602335f9,95.90,1410,1593,0,0,73511,52
2026/07/24 16:25:22.377,2026/07/24 16:25:22.363,2026/07/24 16:25:22.390,1,GPU-713d5b24-2a1e-fd4a-7685-c3d195ff9230,84.38,1410,1593,0,0,73511,37
2026/07/24 16:25:22.644,2026/07/24 16:25:22.614,2026/07/24 16:25:22.674,0,GPU-e2681f6e-8d94-2d66-484f-43ea602335f9,399.00,1410,1593,49,10,73511,52
2026/07/24 16:25:22.644,2026/07/24 16:25:22.614,2026/07/24 16:25:22.674,1,GPU-713d5b24-2a1e-fd4a-7685-c3d195ff9230,84.38,1410,1593,0,0,73511,37
2026/07/24 16:25:22.884,2026/07/24 16:25:22.864,2026/07/24 16:25:22.904,0,GPU-e2681f6e-8d94-2d66-484f-43ea602335f9,393.86,1410,1593,49,10,73511,64
2026/07/24 16:25:22.884,2026/07/24 16:25:22.864,2026/07/24 16:25:22.904,1,GPU-713d5b24-2a1e-fd4a-7685-c3d195ff9230,84.05,1410,1593,0,0,73511,37
2026/07/24 16:25:23.128,2026/07/24 16:25:23.114,2026/07/24 16:25:23.142,0,GPU-e2681f6e-8d94-2d66-484f-43ea602335f9,390.23,1410,1593,100,13,73511,67
2026/07/24 16:25:23.128,2026/07/24 16:25:23.114,2026/07/24 16:25:23.142,1,GPU-713d5b24-2a1e-fd4a-7685-c3d195ff9230,84.14,1410,1593,0,0,73511,37
2026/07/24 16:25:23.378,2026/07/24 16:25:23.364,2026/07/24 16:25:23.393,0,GPU-e2681f6e-8d94-2d66-484f-43ea602335f9,416.16,1410,1593,100,14,73511,69
2026/07/24 16:25:23.378,2026/07/24 16:25:23.364,2026/07/24 16:25:23.393,1,GPU-713d5b24-2a1e-fd4a-7685-c3d195ff9230,96.39,1410,1593,45,12,73511,38
2026/07/24 16:25:23.627,2026/07/24 16:25:23.614,2026/07/24 16:25:23.640,0,GPU-e2681f6e-8d94-2d66-484f-43ea602335f9,404.73,1410,1593,100,18,73511,70
2026/07/24 16:25:23.627,2026/07/24 16:25:23.614,2026/07/24 16:25:23.640,1,GPU-713d5b24-2a1e-fd4a-7685-c3d195ff9230,243.77,1410,1593,100,52,73511,40
2026/07/24 16:25:23.877,2026/07/24 16:25:23.864,2026/07/24 16:25:23.890,0,GPU-e2681f6e-8d94-2d66-484f-43ea602335f9,408.31,1410,1593,86,12,73511,64
2026/07/24 16:25:23.877,2026/07/24 16:25:23.864,2026/07/24 16:25:23.890,1,GPU-713d5b24-2a1e-fd4a-7685-c3d195ff9230,93.69,1410,1593,16,8,73511,38
2026/07/24 16:25:24.128,2026/07/24 16:25:24.114,2026/07/24 16:25:24.143,0,GPU-e2681f6e-8d94-2d66-484f-43ea602335f9,101.32,1410,1593,0,0,73511,57
2026/07/24 16:25:24.128,2026/07/24 16:25:24.114,2026/07/24 16:25:24.143,1,GPU-713d5b24-2a1e-fd4a-7685-c3d195ff9230,247.72,1410,1593,40,10,73511,42
2026/07/24 16:25:24.379,2026/07/24 16:25:24.364,2026/07/24 16:25:24.395,0,GPU-e2681f6e-8d94-2d66-484f-43ea602335f9,98.01,1410,1593,0,0,73511,55
2026/07/24 16:25:24.379,2026/07/24 16:25:24.364,2026/07/24 16:25:24.395,1,GPU-713d5b24-2a1e-fd4a-7685-c3d195ff9230,87.95,1410,1593,100,52,73511,39
2026/07/24 16:25:24.628,2026/07/24 16:25:24.614,2026/07/24 16:25:24.642,0,GPU-e2681f6e-8d94-2d66-484f-43ea602335f9,97.42,1410,1593,0,0,73511,53
2026/07/24 16:25:24.628,2026/07/24 16:25:24.614,2026/07/24 16:25:24.642,1,GPU-713d5b24-2a1e-fd4a-7685-c3d195ff9230,84.65,1410,1593,0,0,73511,38
2026/07/24 16:25:24.894,2026/07/24 16:25:24.864,2026/07/24 16:25:24.925,0,GPU-e2681f6e-8d94-2d66-484f-43ea602335f9,97.09,1410,1593,0,0,73511,52
2026/07/24 16:25:24.894,2026/07/24 16:25:24.864,2026/07/24 16:25:24.925,1,GPU-713d5b24-2a1e-fd4a-7685-c3d195ff9230,84.38,1410,1593,0,0,73511,37
2026/07/24 16:25:25.127,2026/07/24 16:25:25.114,2026/07/24 16:25:25.140,0,GPU-e2681f6e-8d94-2d66-484f-43ea602335f9,394.46,1410,1593,0,0,73511,63
2026/07/24 16:25:25.127,2026/07/24 16:25:25.114,2026/07/24 16:25:25.140,1,GPU-713d5b24-2a1e-fd4a-7685-c3d195ff9230,84.38,1410,1593,0,0,73511,37
2026/07/24 16:25:25.379,2026/07/24 16:25:25.364,2026/07/24 16:25:25.394,0,GPU-e2681f6e-8d94-2d66-484f-43ea602335f9,148.12,1410,1593,100,15,73511,66
2026/07/24 16:25:25.379,2026/07/24 16:25:25.364,2026/07/24 16:25:25.394,1,GPU-713d5b24-2a1e-fd4a-7685-c3d195ff9230,84.38,1410,1593,0,0,73511,37
2026/07/24 16:25:25.630,2026/07/24 16:25:25.614,2026/07/24 16:25:25.645,0,GPU-e2681f6e-8d94-2d66-484f-43ea602335f9,99.31,1410,1593,36,7,73511,55
2026/07/24 16:25:25.630,2026/07/24 16:25:25.614,2026/07/24 16:25:25.645,1,GPU-713d5b24-2a1e-fd4a-7685-c3d195ff9230,243.18,1410,1593,93,40,73511,40
2026/07/24 16:25:25.959,2026/07/24 16:25:25.864,2026/07/24 16:25:26.054,0,GPU-e2681f6e-8d94-2d66-484f-43ea602335f9,405.33,1410,1593,0,0,73511,64
2026/07/24 16:25:25.959,2026/07/24 16:25:25.864,2026/07/24 16:25:26.054,1,GPU-713d5b24-2a1e-fd4a-7685-c3d195ff9230,84.65,1410,1593,7,4,73511,38
2026/07/24 16:25:26.127,2026/07/24 16:25:26.114,2026/07/24 16:25:26.140,0,GPU-e2681f6e-8d94-2d66-484f-43ea602335f9,409.82,1410,1593,100,15,73511,67
2026/07/24 16:25:26.127,2026/07/24 16:25:26.114,2026/07/24 16:25:26.140,1,GPU-713d5b24-2a1e-fd4a-7685-c3d195ff9230,84.74,1410,1593,7,4,73511,38
2026/07/24 16:25:26.380,2026/07/24 16:25:26.364,2026/07/24 16:25:26.396,0,GPU-e2681f6e-8d94-2d66-484f-43ea602335f9,385.74,1410,1593,100,14,73511,61
2026/07/24 16:25:26.380,2026/07/24 16:25:26.364,2026/07/24 16:25:26.396,1,GPU-713d5b24-2a1e-fd4a-7685-c3d195ff9230,84.38,1410,1593,0,0,73511,38
2026/07/24 16:25:26.631,2026/07/24 16:25:26.615,2026/07/24 16:25:26.648,0,GPU-e2681f6e-8d94-2d66-484f-43ea602335f9,100.45,1410,1593,6,2,73511,55
2026/07/24 16:25:26.631,2026/07/24 16:25:26.615,2026/07/24 16:25:26.648,1,GPU-713d5b24-2a1e-fd4a-7685-c3d195ff9230,238.69,1410,1593,97,50,73511,42
2026/07/24 16:25:26.887,2026/07/24 16:25:26.865,2026/07/24 16:25:26.909,0,GPU-e2681f6e-8d94-2d66-484f-43ea602335f9,392.07,1410,1593,100,17,73511,65
2026/07/24 16:25:26.887,2026/07/24 16:25:26.865,2026/07/24 16:25:26.909,1,GPU-713d5b24-2a1e-fd4a-7685-c3d195ff9230,88.87,1410,1593,90,47,73511,39
2026/07/24 16:25:27.129,2026/07/24 16:25:27.115,2026/07/24 16:25:27.144,0,GPU-e2681f6e-8d94-2d66-484f-43ea602335f9,404.41,1410,1593,100,14,73511,67
2026/07/24 16:25:27.129,2026/07/24 16:25:27.115,2026/07/24 16:25:27.144,1,GPU-713d5b24-2a1e-fd4a-7685-c3d195ff9230,84.97,1410,1593,0,0,73511,38
2026/07/24 16:25:27.380,2026/07/24 16:25:27.365,2026/07/24 16:25:27.396,0,GPU-e2681f6e-8d94-2d66-484f-43ea602335f9,101.15,1410,1593,5,1,73511,56
2026/07/24 16:25:27.380,2026/07/24 16:25:27.365,2026/07/24 16:25:27.396,1,GPU-713d5b24-2a1e-fd4a-7685-c3d195ff9230,247.99,1410,1593,98,51,73511,41
2026/07/24 16:25:27.629,2026/07/24 16:25:27.615,2026/07/24 16:25:27.643,0,GPU-e2681f6e-8d94-2d66-484f-43ea602335f9,97.74,1410,1593,0,0,73511,53
2026/07/24 16:25:27.629,2026/07/24 16:25:27.615,2026/07/24 16:25:27.643,1,GPU-713d5b24-2a1e-fd4a-7685-c3d195ff9230,245.88,1410,1593,70,37,73511,40
2026/07/24 16:25:27.878,2026/07/24 16:25:27.865,2026/07/24 16:25:27.892,0,GPU-e2681f6e-8d94-2d66-484f-43ea602335f9,97.09,1410,1593,0,0,73511,52
2026/07/24 16:25:27.878,2026/07/24 16:25:27.865,2026/07/24 16:25:27.892,1,GPU-713d5b24-2a1e-fd4a-7685-c3d195ff9230,85.06,1410,1593,0,0,73511,38
2026/07/24 16:25:28.129,2026/07/24 16:25:28.115,2026/07/24 16:25:28.143,0,GPU-e2681f6e-8d94-2d66-484f-43ea602335f9,96.22,1410,1593,0,0,73511,52
2026/07/24 16:25:28.129,2026/07/24 16:25:28.115,2026/07/24 16:25:28.143,1,GPU-713d5b24-2a1e-fd4a-7685-c3d195ff9230,84.38,1410,1593,0,0,73511,37
2026/07/24 16:25:28.379,2026/07/24 16:25:28.365,2026/07/24 16:25:28.393,0,GPU-e2681f6e-8d94-2d66-484f-43ea602335f9,95.30,1410,1593,0,0,73511,51
2026/07/24 16:25:28.379,2026/07/24 16:25:28.365,2026/07/24 16:25:28.393,1,GPU-713d5b24-2a1e-fd4a-7685-c3d195ff9230,84.65,1410,1593,0,0,73511,37
2026/07/24 16:25:28.632,2026/07/24 16:25:28.615,2026/07/24 16:25:28.649,0,GPU-e2681f6e-8d94-2d66-484f-43ea602335f9,405.01,1410,1593,0,0,73511,60
2026/07/24 16:25:28.632,2026/07/24 16:25:28.615,2026/07/24 16:25:28.649,1,GPU-713d5b24-2a1e-fd4a-7685-c3d195ff9230,84.38,1410,1593,0,0,73511,37
2026/07/24 16:25:28.883,2026/07/24 16:25:28.865,2026/07/24 16:25:28.901,0,GPU-e2681f6e-8d94-2d66-484f-43ea602335f9,397.16,1410,1593,84,16,73511,64
2026/07/24 16:25:28.883,2026/07/24 16:25:28.865,2026/07/24 16:25:28.901,1,GPU-713d5b24-2a1e-fd4a-7685-c3d195ff9230,84.05,1410,1593,0,0,73511,37
2026/07/24 16:25:29.140,2026/07/24 16:25:29.115,2026/07/24 16:25:29.165,0,GPU-e2681f6e-8d94-2d66-484f-43ea602335f9,386.66,1410,1593,100,15,73511,66
2026/07/24 16:25:29.140,2026/07/24 16:25:29.115,2026/07/24 16:25:29.165,1,GPU-713d5b24-2a1e-fd4a-7685-c3d195ff9230,84.05,1410,1593,0,0,73511,37
2026/07/24 16:25:29.380,2026/07/24 16:25:29.365,2026/07/24 16:25:29.394,0,GPU-e2681f6e-8d94-2d66-484f-43ea602335f9,161.67,1410,1593,88,10,73511,65
2026/07/24 16:25:29.380,2026/07/24 16:25:29.365,2026/07/24 16:25:29.394,1,GPU-713d5b24-2a1e-fd4a-7685-c3d195ff9230,84.05,1410,1593,0,0,73511,37
2026/07/24 16:25:29.629,2026/07/24 16:25:29.615,2026/07/24 16:25:29.643,0,GPU-e2681f6e-8d94-2d66-484f-43ea602335f9,99.20,1410,1593,0,0,73511,54
2026/07/24 16:25:29.629,2026/07/24 16:25:29.615,2026/07/24 16:25:29.643,1,GPU-713d5b24-2a1e-fd4a-7685-c3d195ff9230,241.07,1410,1593,100,52,73511,41
2026/07/24 16:25:29.882,2026/07/24 16:25:29.865,2026/07/24 16:25:29.898,0,GPU-e2681f6e-8d94-2d66-484f-43ea602335f9,96.82,1410,1593,0,0,73511,53
2026/07/24 16:25:29.882,2026/07/24 16:25:29.865,2026/07/24 16:25:29.898,1,GPU-713d5b24-2a1e-fd4a-7685-c3d195ff9230,85.57,1410,1593,72,37,73511,39
2026/07/24 16:25:30.138,2026/07/24 16:25:30.116,2026/07/24 16:25:30.160,0,GPU-e2681f6e-8d94-2d66-484f-43ea602335f9,95.63,1410,1593,0,0,73511,51
2026/07/24 16:25:30.138,2026/07/24 16:25:30.116,2026/07/24 16:25:30.160,1,GPU-713d5b24-2a1e-fd4a-7685-c3d195ff9230,84.65,1410,1593,0,0,73511,38
2026/07/24 16:25:30.382,2026/07/24 16:25:30.366,2026/07/24 16:25:30.398,0,GPU-e2681f6e-8d94-2d66-484f-43ea602335f9,94.98,1410,1593,0,0,73511,51
2026/07/24 16:25:30.382,2026/07/24 16:25:30.366,2026/07/24 16:25:30.398,1,GPU-713d5b24-2a1e-fd4a-7685-c3d195ff9230,84.38,1410,1593,0,0,73511,37
2026/07/24 16:25:30.631,2026/07/24 16:25:30.616,2026/07/24 16:25:30.646,0,GPU-e2681f6e-8d94-2d66-484f-43ea602335f9,389.64,1410,1593,64,12,73511,63
2026/07/24 16:25:30.631,2026/07/24 16:25:30.616,2026/07/24 16:25:30.646,1,GPU-713d5b24-2a1e-fd4a-7685-c3d195ff9230,84.38,1410,1593,0,0,73511,37
2026/07/24 16:25:30.881,2026/07/24 16:25:30.866,2026/07/24 16:25:30.896,0,GPU-e2681f6e-8d94-2d66-484f-43ea602335f9,388.77,1410,1593,100,15,73511,65
2026/07/24 16:25:30.881,2026/07/24 16:25:30.866,2026/07/24 16:25:30.896,1,GPU-713d5b24-2a1e-fd4a-7685-c3d195ff9230,84.05,1410,1593,0,0,73511,37
2026/07/24 16:25:31.134,2026/07/24 16:25:31.116,2026/07/24 16:25:31.151,0,GPU-e2681f6e-8d94-2d66-484f-43ea602335f9,98.11,1410,1593,0,0,73511,54
2026/07/24 16:25:31.134,2026/07/24 16:25:31.116,2026/07/24 16:25:31.151,1,GPU-713d5b24-2a1e-fd4a-7685-c3d195ff9230,238.04,1410,1593,38,11,73511,40
2026/07/24 16:25:31.382,2026/07/24 16:25:31.366,2026/07/24 16:25:31.398,0,GPU-e2681f6e-8d94-2d66-484f-43ea602335f9,96.22,1410,1593,0,0,73511,52
2026/07/24 16:25:31.382,2026/07/24 16:25:31.366,2026/07/24 16:25:31.398,1,GPU-713d5b24-2a1e-fd4a-7685-c3d195ff9230,85.25,1410,1593,9,5,73511,39
2026/07/24 16:25:31.631,2026/07/24 16:25:31.616,2026/07/24 16:25:31.646,0,GPU-e2681f6e-8d94-2d66-484f-43ea602335f9,296.54,1410,1593,8,2,73511,58
2026/07/24 16:25:31.631,2026/07/24 16:25:31.616,2026/07/24 16:25:31.646,1,GPU-713d5b24-2a1e-fd4a-7685-c3d195ff9230,84.65,1410,1593,0,0,73511,37
2026/07/24 16:25:31.881,2026/07/24 16:25:31.866,2026/07/24 16:25:31.897,0,GPU-e2681f6e-8d94-2d66-484f-43ea602335f9,397.81,1410,1593,100,18,73511,65
2026/07/24 16:25:31.881,2026/07/24 16:25:31.866,2026/07/24 16:25:31.897,1,GPU-713d5b24-2a1e-fd4a-7685-c3d195ff9230,84.38,1410,1593,0,0,73511,37
2026/07/24 16:25:32.154,2026/07/24 16:25:32.116,2026/07/24 16:25:32.192,0,GPU-e2681f6e-8d94-2d66-484f-43ea602335f9,398.08,1410,1593,100,15,73511,67
2026/07/24 16:25:32.154,2026/07/24 16:25:32.116,2026/07/24 16:25:32.192,1,GPU-713d5b24-2a1e-fd4a-7685-c3d195ff9230,231.70,1410,1593,0,0,73511,38
2026/07/24 16:25:32.382,2026/07/24 16:25:32.366,2026/07/24 16:25:32.397,0,GPU-e2681f6e-8d94-2d66-484f-43ea602335f9,403.49,1410,1593,100,17,73511,68
2026/07/24 16:25:32.382,2026/07/24 16:25:32.366,2026/07/24 16:25:32.397,1,GPU-713d5b24-2a1e-fd4a-7685-c3d195ff9230,243.77,1410,1593,69,27,73511,41
2026/07/24 16:25:32.632,2026/07/24 16:25:32.616,2026/07/24 16:25:32.648,0,GPU-e2681f6e-8d94-2d66-484f-43ea602335f9,425.79,1410,1593,100,15,73511,69
2026/07/24 16:25:32.632,2026/07/24 16:25:32.616,2026/07/24 16:25:32.648,1,GPU-713d5b24-2a1e-fd4a-7685-c3d195ff9230,84.97,1410,1593,0,0,73511,38
2026/07/24 16:25:32.882,2026/07/24 16:25:32.866,2026/07/24 16:25:32.898,0,GPU-e2681f6e-8d94-2d66-484f-43ea602335f9,412.26,1410,1593,100,17,73511,69
2026/07/24 16:25:32.882,2026/07/24 16:25:32.866,2026/07/24 16:25:32.898,1,GPU-713d5b24-2a1e-fd4a-7685-c3d195ff9230,241.40,1410,1593,96,40,73511,42
2026/07/24 16:25:33.131,2026/07/24 16:25:33.116,2026/07/24 16:25:33.146,0,GPU-e2681f6e-8d94-2d66-484f-43ea602335f9,416.75,1410,1593,43,8,73511,61
2026/07/24 16:25:33.131,2026/07/24 16:25:33.116,2026/07/24 16:25:33.146,1,GPU-713d5b24-2a1e-fd4a-7685-c3d195ff9230,98.83,1410,1593,69,35,73511,42
2026/07/24 16:25:33.381,2026/07/24 16:25:33.366,2026/07/24 16:25:33.396,0,GPU-e2681f6e-8d94-2d66-484f-43ea602335f9,406.85,1410,1593,100,17,73511,68
2026/07/24 16:25:33.381,2026/07/24 16:25:33.366,2026/07/24 16:25:33.396,1,GPU-713d5b24-2a1e-fd4a-7685-c3d195ff9230,242.58,1410,1593,96,43,73511,41
2026/07/24 16:25:33.630,2026/07/24 16:25:33.616,2026/07/24 16:25:33.643,0,GPU-e2681f6e-8d94-2d66-484f-43ea602335f9,397.48,1410,1593,100,13,73511,69
2026/07/24 16:25:33.630,2026/07/24 16:25:33.616,2026/07/24 16:25:33.643,1,GPU-713d5b24-2a1e-fd4a-7685-c3d195ff9230,84.97,1410,1593,0,0,73511,39
2026/07/24 16:25:33.882,2026/07/24 16:25:33.867,2026/07/24 16:25:33.898,0,GPU-e2681f6e-8d94-2d66-484f-43ea602335f9,426.71,1410,1593,100,15,73511,70
2026/07/24 16:25:33.882,2026/07/24 16:25:33.867,2026/07/24 16:25:33.898,1,GPU-713d5b24-2a1e-fd4a-7685-c3d195ff9230,96.72,1410,1593,7,0,73511,40
2026/07/24 16:25:34.131,2026/07/24 16:25:34.117,2026/07/24 16:25:34.146,0,GPU-e2681f6e-8d94-2d66-484f-43ea602335f9,411.94,1410,1593,100,17,73511,70
2026/07/24 16:25:34.131,2026/07/24 16:25:34.117,2026/07/24 16:25:34.146,1,GPU-713d5b24-2a1e-fd4a-7685-c3d195ff9230,190.14,1410,1593,98,44,73511,42
2026/07/24 16:25:34.381,2026/07/24 16:25:34.367,2026/07/24 16:25:34.396,0,GPU-e2681f6e-8d94-2d66-484f-43ea602335f9,419.79,1410,1593,76,14,73511,69
2026/07/24 16:25:34.381,2026/07/24 16:25:34.367,2026/07/24 16:25:34.396,1,GPU-713d5b24-2a1e-fd4a-7685-c3d195ff9230,85.25,1410,1593,62,33,73511,41
2026/07/24 16:25:34.643,2026/07/24 16:25:34.617,2026/07/24 16:25:34.668,0,GPU-e2681f6e-8d94-2d66-484f-43ea602335f9,407.12,1410,1593,100,17,73511,70
2026/07/24 16:25:34.643,2026/07/24 16:25:34.617,2026/07/24 16:25:34.668,1,GPU-713d5b24-2a1e-fd4a-7685-c3d195ff9230,248.91,1410,1593,69,26,73511,43
2026/07/24 16:25:34.881,2026/07/24 16:25:34.867,2026/07/24 16:25:34.895,0,GPU-e2681f6e-8d94-2d66-484f-43ea602335f9,106.19,1410,1593,99,15,73511,65
2026/07/24 16:25:34.881,2026/07/24 16:25:34.867,2026/07/24 16:25:34.895,1,GPU-713d5b24-2a1e-fd4a-7685-c3d195ff9230,201.61,1410,1593,38,13,73511,40
2026/07/24 16:25:35.131,2026/07/24 16:25:35.117,2026/07/24 16:25:35.144,0,GPU-e2681f6e-8d94-2d66-484f-43ea602335f9,100.55,1410,1593,0,0,73511,56
2026/07/24 16:25:35.131,2026/07/24 16:25:35.117,2026/07/24 16:25:35.144,1,GPU-713d5b24-2a1e-fd4a-7685-c3d195ff9230,244.10,1410,1593,97,49,73511,43
2026/07/24 16:25:35.388,2026/07/24 16:25:35.367,2026/07/24 16:25:35.410,0,GPU-e2681f6e-8d94-2d66-484f-43ea602335f9,98.61,1410,1593,0,0,73511,54
2026/07/24 16:25:35.388,2026/07/24 16:25:35.367,2026/07/24 16:25:35.410,1,GPU-713d5b24-2a1e-fd4a-7685-c3d195ff9230,85.57,1410,1593,89,47,73511,40
2026/07/24 16:25:35.631,2026/07/24 16:25:35.617,2026/07/24 16:25:35.646,0,GPU-e2681f6e-8d94-2d66-484f-43ea602335f9,97.42,1410,1593,0,0,73511,53
2026/07/24 16:25:35.631,2026/07/24 16:25:35.617,2026/07/24 16:25:35.646,1,GPU-713d5b24-2a1e-fd4a-7685-c3d195ff9230,84.97,1410,1593,0,0,73511,38
2026/07/24 16:25:35.882,2026/07/24 16:25:35.867,2026/07/24 16:25:35.897,0,GPU-e2681f6e-8d94-2d66-484f-43ea602335f9,95.90,1410,1593,0,0,73511,52
2026/07/24 16:25:35.882,2026/07/24 16:25:35.867,2026/07/24 16:25:35.897,1,GPU-713d5b24-2a1e-fd4a-7685-c3d195ff9230,85.25,1410,1593,0,0,73511,38
2026/07/24 16:25:36.132,2026/07/24 16:25:36.117,2026/07/24 16:25:36.147,0,GPU-e2681f6e-8d94-2d66-484f-43ea602335f9,95.63,1410,1593,0,0,73511,51
2026/07/24 16:25:36.132,2026/07/24 16:25:36.117,2026/07/24 16:25:36.147,1,GPU-713d5b24-2a1e-fd4a-7685-c3d195ff9230,84.65,1410,1593,0,0,73511,37
2026/07/24 16:25:36.381,2026/07/24 16:25:36.367,2026/07/24 16:25:36.396,0,GPU-e2681f6e-8d94-2d66-484f-43ea602335f9,95.30,1410,1593,0,0,73511,51
2026/07/24 16:25:36.381,2026/07/24 16:25:36.367,2026/07/24 16:25:36.396,1,GPU-713d5b24-2a1e-fd4a-7685-c3d195ff9230,84.38,1410,1593,0,0,73511,37
2026/07/24 16:25:36.632,2026/07/24 16:25:36.617,2026/07/24 16:25:36.646,0,GPU-e2681f6e-8d94-2d66-484f-43ea602335f9,94.98,1410,1593,0,0,73511,51
2026/07/24 16:25:36.632,2026/07/24 16:25:36.617,2026/07/24 16:25:36.646,1,GPU-713d5b24-2a1e-fd4a-7685-c3d195ff9230,84.38,1410,1593,0,0,73511,37
2026/07/24 16:25:36.883,2026/07/24 16:25:36.867,2026/07/24 16:25:36.898,0,GPU-e2681f6e-8d94-2d66-484f-43ea602335f9,95.63,1410,1593,0,0,73511,50
2026/07/24 16:25:36.883,2026/07/24 16:25:36.867,2026/07/24 16:25:36.898,1,GPU-713d5b24-2a1e-fd4a-7685-c3d195ff9230,84.38,1410,1593,0,0,73511,37
2026/07/24 16:25:37.132,2026/07/24 16:25:37.117,2026/07/24 16:25:37.147,0,GPU-e2681f6e-8d94-2d66-484f-43ea602335f9,94.71,1410,1593,0,0,73511,50
2026/07/24 16:25:37.132,2026/07/24 16:25:37.117,2026/07/24 16:25:37.147,1,GPU-713d5b24-2a1e-fd4a-7685-c3d195ff9230,84.38,1410,1593,0,0,73511,37
2026/07/24 16:25:37.382,2026/07/24 16:25:37.368,2026/07/24 16:25:37.397,0,GPU-e2681f6e-8d94-2d66-484f-43ea602335f9,94.71,1410,1593,0,0,73511,50
2026/07/24 16:25:37.382,2026/07/24 16:25:37.368,2026/07/24 16:25:37.397,1,GPU-713d5b24-2a1e-fd4a-7685-c3d195ff9230,83.73,1410,1593,0,0,73511,37
2026/07/24 16:25:37.632,2026/07/24 16:25:37.618,2026/07/24 16:25:37.646,0,GPU-e2681f6e-8d94-2d66-484f-43ea602335f9,94.71,1410,1593,0,0,73511,50
2026/07/24 16:25:37.632,2026/07/24 16:25:37.618,2026/07/24 16:25:37.646,1,GPU-713d5b24-2a1e-fd4a-7685-c3d195ff9230,83.73,1410,1593,0,0,73511,37
2026/07/24 16:25:37.883,2026/07/24 16:25:37.868,2026/07/24 16:25:37.898,0,GPU-e2681f6e-8d94-2d66-484f-43ea602335f9,94.38,1410,1593,0,0,73511,49
2026/07/24 16:25:37.883,2026/07/24 16:25:37.868,2026/07/24 16:25:37.898,1,GPU-713d5b24-2a1e-fd4a-7685-c3d195ff9230,83.82,1410,1593,0,0,73511,36
2026/07/24 16:25:38.133,2026/07/24 16:25:38.118,2026/07/24 16:25:38.148,0,GPU-e2681f6e-8d94-2d66-484f-43ea602335f9,93.78,1410,1593,0,0,73511,49
2026/07/24 16:25:38.133,2026/07/24 16:25:38.118,2026/07/24 16:25:38.148,1,GPU-713d5b24-2a1e-fd4a-7685-c3d195ff9230,83.73,1410,1593,0,0,73511,36
2026/07/24 16:25:38.382,2026/07/24 16:25:38.368,2026/07/24 16:25:38.396,0,GPU-e2681f6e-8d94-2d66-484f-43ea602335f9,93.78,1410,1593,0,0,73511,49
2026/07/24 16:25:38.382,2026/07/24 16:25:38.368,2026/07/24 16:25:38.396,1,GPU-713d5b24-2a1e-fd4a-7685-c3d195ff9230,83.73,1410,1593,0,0,73511,36
2026/07/24 16:25:38.632,2026/07/24 16:25:38.618,2026/07/24 16:25:38.646,0,GPU-e2681f6e-8d94-2d66-484f-43ea602335f9,93.78,1410,1593,0,0,73511,49
2026/07/24 16:25:38.632,2026/07/24 16:25:38.618,2026/07/24 16:25:38.646,1,GPU-713d5b24-2a1e-fd4a-7685-c3d195ff9230,84.05,1410,1593,0,0,73511,36
2026/07/24 16:25:38.882,2026/07/24 16:25:38.868,2026/07/24 16:25:38.897,0,GPU-e2681f6e-8d94-2d66-484f-43ea602335f9,93.51,1410,1593,0,0,73511,49
2026/07/24 16:25:38.882,2026/07/24 16:25:38.868,2026/07/24 16:25:38.897,1,GPU-713d5b24-2a1e-fd4a-7685-c3d195ff9230,84.05,1410,1593,0,0,73511,36
2026/07/24 16:25:39.134,2026/07/24 16:25:39.118,2026/07/24 16:25:39.149,0,GPU-e2681f6e-8d94-2d66-484f-43ea602335f9,93.51,1410,1593,0,0,73511,48
2026/07/24 16:25:39.134,2026/07/24 16:25:39.118,2026/07/24 16:25:39.149,1,GPU-713d5b24-2a1e-fd4a-7685-c3d195ff9230,83.55,1410,1593,0,0,73511,36
2026/07/24 16:25:39.382,2026/07/24 16:25:39.368,2026/07/24 16:25:39.396,0,GPU-e2681f6e-8d94-2d66-484f-43ea602335f9,93.51,1410,1593,0,0,73511,48
2026/07/24 16:25:39.382,2026/07/24 16:25:39.368,2026/07/24 16:25:39.396,1,GPU-713d5b24-2a1e-fd4a-7685-c3d195ff9230,83.73,1410,1593,0,0,73511,36
2026/07/24 16:25:39.632,2026/07/24 16:25:39.618,2026/07/24 16:25:39.645,0,GPU-e2681f6e-8d94-2d66-484f-43ea602335f9,93.51,1410,1593,0,0,73511,48
2026/07/24 16:25:39.632,2026/07/24 16:25:39.618,2026/07/24 16:25:39.645,1,GPU-713d5b24-2a1e-fd4a-7685-c3d195ff9230,83.82,1410,1593,0,0,73511,36
2026/07/24 16:25:39.882,2026/07/24 16:25:39.868,2026/07/24 16:25:39.897,0,GPU-e2681f6e-8d94-2d66-484f-43ea602335f9,93.19,1410,1593,0,0,73511,48
2026/07/24 16:25:39.882,2026/07/24 16:25:39.868,2026/07/24 16:25:39.897,1,GPU-713d5b24-2a1e-fd4a-7685-c3d195ff9230,83.46,1410,1593,0,0,73511,36
2026/07/24 16:25:40.133,2026/07/24 16:25:40.118,2026/07/24 16:25:40.148,0,GPU-e2681f6e-8d94-2d66-484f-43ea602335f9,93.19,1410,1593,0,0,73511,48
2026/07/24 16:25:40.133,2026/07/24 16:25:40.118,2026/07/24 16:25:40.148,1,GPU-713d5b24-2a1e-fd4a-7685-c3d195ff9230,83.46,1410,1593,0,0,73511,36
2026/07/24 16:25:40.406,2026/07/24 16:25:40.368,2026/07/24 16:25:40.443,0,GPU-e2681f6e-8d94-2d66-484f-43ea602335f9,92.92,1410,1593,0,0,73511,48
2026/07/24 16:25:40.406,2026/07/24 16:25:40.368,2026/07/24 16:25:40.443,1,GPU-713d5b24-2a1e-fd4a-7685-c3d195ff9230,83.46,1410,1593,0,0,73511,36
2026/07/24 16:25:40.632,2026/07/24 16:25:40.618,2026/07/24 16:25:40.646,0,GPU-e2681f6e-8d94-2d66-484f-43ea602335f9,92.59,1410,1593,0,0,73511,48
2026/07/24 16:25:40.632,2026/07/24 16:25:40.618,2026/07/24 16:25:40.646,1,GPU-713d5b24-2a1e-fd4a-7685-c3d195ff9230,83.46,1410,1593,0,0,73511,36
2026/07/24 16:25:40.883,2026/07/24 16:25:40.868,2026/07/24 16:25:40.898,0,GPU-e2681f6e-8d94-2d66-484f-43ea602335f9,92.59,1410,1593,0,0,73511,48
2026/07/24 16:25:40.883,2026/07/24 16:25:40.868,2026/07/24 16:25:40.898,1,GPU-713d5b24-2a1e-fd4a-7685-c3d195ff9230,83.46,1410,1593,0,0,73511,36
2026/07/24 16:25:41.134,2026/07/24 16:25:41.119,2026/07/24 16:25:41.149,0,GPU-e2681f6e-8d94-2d66-484f-43ea602335f9,92.27,1410,1593,0,0,73511,50
2026/07/24 16:25:41.134,2026/07/24 16:25:41.119,2026/07/24 16:25:41.149,1,GPU-713d5b24-2a1e-fd4a-7685-c3d195ff9230,83.46,1410,1593,0,0,73511,36
2026/07/24 16:25:41.413,2026/07/24 16:25:41.369,2026/07/24 16:25:41.458,0,GPU-e2681f6e-8d94-2d66-484f-43ea602335f9,376.70,1410,1593,46,9,73511,60
2026/07/24 16:25:41.413,2026/07/24 16:25:41.369,2026/07/24 16:25:41.458,1,GPU-713d5b24-2a1e-fd4a-7685-c3d195ff9230,83.46,1410,1593,0,0,73511,36
2026/07/24 16:25:41.641,2026/07/24 16:25:41.619,2026/07/24 16:25:41.663,0,GPU-e2681f6e-8d94-2d66-484f-43ea602335f9,379.41,1410,1593,100,16,73511,63
2026/07/24 16:25:41.641,2026/07/24 16:25:41.619,2026/07/24 16:25:41.663,1,GPU-713d5b24-2a1e-fd4a-7685-c3d195ff9230,83.55,1410,1593,0,0,73511,36
2026/07/24 16:25:41.884,2026/07/24 16:25:41.869,2026/07/24 16:25:41.900,0,GPU-e2681f6e-8d94-2d66-484f-43ea602335f9,382.44,1410,1593,100,12,73511,64
2026/07/24 16:25:41.884,2026/07/24 16:25:41.869,2026/07/24 16:25:41.900,1,GPU-713d5b24-2a1e-fd4a-7685-c3d195ff9230,83.46,1410,1593,0,0,73511,36
2026/07/24 16:25:42.133,2026/07/24 16:25:42.119,2026/07/24 16:25:42.148,0,GPU-e2681f6e-8d94-2d66-484f-43ea602335f9,396.29,1410,1593,100,18,73511,66
2026/07/24 16:25:42.133,2026/07/24 16:25:42.119,2026/07/24 16:25:42.148,1,GPU-713d5b24-2a1e-fd4a-7685-c3d195ff9230,243.50,1410,1593,81,30,73511,40
2026/07/24 16:25:42.384,2026/07/24 16:25:42.369,2026/07/24 16:25:42.398,0,GPU-e2681f6e-8d94-2d66-484f-43ea602335f9,426.11,1410,1593,100,15,73511,67
2026/07/24 16:25:42.384,2026/07/24 16:25:42.369,2026/07/24 16:25:42.398,1,GPU-713d5b24-2a1e-fd4a-7685-c3d195ff9230,136.77,1410,1593,100,52,73511,41
2026/07/24 16:25:42.633,2026/07/24 16:25:42.619,2026/07/24 16:25:42.646,0,GPU-e2681f6e-8d94-2d66-484f-43ea602335f9,397.81,1410,1593,100,15,73511,67
2026/07/24 16:25:42.633,2026/07/24 16:25:42.619,2026/07/24 16:25:42.646,1,GPU-713d5b24-2a1e-fd4a-7685-c3d195ff9230,245.29,1410,1593,100,46,73511,42
2026/07/24 16:25:42.883,2026/07/24 16:25:42.869,2026/07/24 16:25:42.897,0,GPU-e2681f6e-8d94-2d66-484f-43ea602335f9,387.53,1410,1593,100,13,73511,67
2026/07/24 16:25:42.883,2026/07/24 16:25:42.869,2026/07/24 16:25:42.897,1,GPU-713d5b24-2a1e-fd4a-7685-c3d195ff9230,84.74,1410,1593,74,40,73511,38
2026/07/24 16:25:43.134,2026/07/24 16:25:43.119,2026/07/24 16:25:43.148,0,GPU-e2681f6e-8d94-2d66-484f-43ea602335f9,409.55,1410,1593,98,15,73511,67
2026/07/24 16:25:43.134,2026/07/24 16:25:43.119,2026/07/24 16:25:43.148,1,GPU-713d5b24-2a1e-fd4a-7685-c3d195ff9230,238.36,1410,1593,47,12,73511,40
2026/07/24 16:25:43.383,2026/07/24 16:25:43.369,2026/07/24 16:25:43.396,0,GPU-e2681f6e-8d94-2d66-484f-43ea602335f9,402.30,1410,1593,100,16,73511,68
2026/07/24 16:25:43.383,2026/07/24 16:25:43.369,2026/07/24 16:25:43.396,1,GPU-713d5b24-2a1e-fd4a-7685-c3d195ff9230,243.50,1410,1593,100,52,73511,42
2026/07/24 16:25:43.637,2026/07/24 16:25:43.619,2026/07/24 16:25:43.654,0,GPU-e2681f6e-8d94-2d66-484f-43ea602335f9,409.55,1410,1593,100,15,73511,69
2026/07/24 16:25:43.637,2026/07/24 16:25:43.619,2026/07/24 16:25:43.654,1,GPU-713d5b24-2a1e-fd4a-7685-c3d195ff9230,206.43,1410,1593,84,37,73511,42
2026/07/24 16:25:43.884,2026/07/24 16:25:43.869,2026/07/24 16:25:43.898,0,GPU-e2681f6e-8d94-2d66-484f-43ea602335f9,404.14,1410,1593,100,15,73511,69
2026/07/24 16:25:43.884,2026/07/24 16:25:43.869,2026/07/24 16:25:43.898,1,GPU-713d5b24-2a1e-fd4a-7685-c3d195ff9230,245.29,1410,1593,79,42,73511,43
2026/07/24 16:25:44.134,2026/07/24 16:25:44.119,2026/07/24 16:25:44.149,0,GPU-e2681f6e-8d94-2d66-484f-43ea602335f9,421.30,1410,1593,100,16,73511,69
2026/07/24 16:25:44.134,2026/07/24 16:25:44.119,2026/07/24 16:25:44.149,1,GPU-713d5b24-2a1e-fd4a-7685-c3d195ff9230,98.24,1410,1593,44,13,73511,42
2026/07/24 16:25:44.384,2026/07/24 16:25:44.369,2026/07/24 16:25:44.398,0,GPU-e2681f6e-8d94-2d66-484f-43ea602335f9,411.67,1410,1593,100,16,73511,69
2026/07/24 16:25:44.384,2026/07/24 16:25:44.369,2026/07/24 16:25:44.398,1,GPU-713d5b24-2a1e-fd4a-7685-c3d195ff9230,247.08,1410,1593,100,52,73511,43
2026/07/24 16:25:44.634,2026/07/24 16:25:44.619,2026/07/24 16:25:44.648,0,GPU-e2681f6e-8d94-2d66-484f-43ea602335f9,421.89,1410,1593,100,17,73511,69
2026/07/24 16:25:44.634,2026/07/24 16:25:44.619,2026/07/24 16:25:44.648,1,GPU-713d5b24-2a1e-fd4a-7685-c3d195ff9230,241.66,1410,1593,48,26,73511,42
2026/07/24 16:25:44.885,2026/07/24 16:25:44.869,2026/07/24 16:25:44.900,0,GPU-e2681f6e-8d94-2d66-484f-43ea602335f9,405.93,1410,1593,100,14,73511,69
2026/07/24 16:25:44.885,2026/07/24 16:25:44.869,2026/07/24 16:25:44.900,1,GPU-713d5b24-2a1e-fd4a-7685-c3d195ff9230,178.39,1410,1593,85,36,73511,41
2026/07/24 16:25:45.135,2026/07/24 16:25:45.120,2026/07/24 16:25:45.150,0,GPU-e2681f6e-8d94-2d66-484f-43ea602335f9,402.21,1410,1593,100,14,73511,69
2026/07/24 16:25:45.135,2026/07/24 16:25:45.120,2026/07/24 16:25:45.150,1,GPU-713d5b24-2a1e-fd4a-7685-c3d195ff9230,84.65,1410,1593,0,0,73511,39
2026/07/24 16:25:45.386,2026/07/24 16:25:45.370,2026/07/24 16:25:45.402,0,GPU-e2681f6e-8d94-2d66-484f-43ea602335f9,399.60,1410,1593,100,17,73511,70
2026/07/24 16:25:45.386,2026/07/24 16:25:45.370,2026/07/24 16:25:45.402,1,GPU-713d5b24-2a1e-fd4a-7685-c3d195ff9230,236.84,1410,1593,93,37,73511,42
2026/07/24 16:25:45.636,2026/07/24 16:25:45.620,2026/07/24 16:25:45.652,0,GPU-e2681f6e-8d94-2d66-484f-43ea602335f9,419.19,1410,1593,100,15,73511,70
2026/07/24 16:25:45.636,2026/07/24 16:25:45.620,2026/07/24 16:25:45.652,1,GPU-713d5b24-2a1e-fd4a-7685-c3d195ff9230,84.97,1410,1593,97,51,73511,39
2026/07/24 16:25:45.885,2026/07/24 16:25:45.870,2026/07/24 16:25:45.899,0,GPU-e2681f6e-8d94-2d66-484f-43ea602335f9,415.29,1410,1593,100,16,73511,70
2026/07/24 16:25:45.885,2026/07/24 16:25:45.870,2026/07/24 16:25:45.899,1,GPU-713d5b24-2a1e-fd4a-7685-c3d195ff9230,237.77,1410,1593,96,48,73511,43
2026/07/24 16:25:46.135,2026/07/24 16:25:46.120,2026/07/24 16:25:46.150,0,GPU-e2681f6e-8d94-2d66-484f-43ea602335f9,405.60,1410,1593,100,14,73511,70
2026/07/24 16:25:46.135,2026/07/24 16:25:46.120,2026/07/24 16:25:46.150,1,GPU-713d5b24-2a1e-fd4a-7685-c3d195ff9230,167.84,1410,1593,61,32,73511,40
2026/07/24 16:25:46.385,2026/07/24 16:25:46.370,2026/07/24 16:25:46.400,0,GPU-e2681f6e-8d94-2d66-484f-43ea602335f9,106.47,1410,1593,96,14,73511,58
2026/07/24 16:25:46.385,2026/07/24 16:25:46.370,2026/07/24 16:25:46.400,1,GPU-713d5b24-2a1e-fd4a-7685-c3d195ff9230,98.51,1410,1593,8,0,73511,40
2026/07/24 16:25:46.634,2026/07/24 16:25:46.620,2026/07/24 16:25:46.648,0,GPU-e2681f6e-8d94-2d66-484f-43ea602335f9,99.96,1410,1593,0,0,73511,55
2026/07/24 16:25:46.634,2026/07/24 16:25:46.620,2026/07/24 16:25:46.648,1,GPU-713d5b24-2a1e-fd4a-7685-c3d195ff9230,246.21,1410,1593,97,43,73511,43
2026/07/24 16:25:46.884,2026/07/24 16:25:46.870,2026/07/24 16:25:46.899,0,GPU-e2681f6e-8d94-2d66-484f-43ea602335f9,98.34,1410,1593,0,0,73511,53
2026/07/24 16:25:46.884,2026/07/24 16:25:46.870,2026/07/24 16:25:46.899,1,GPU-713d5b24-2a1e-fd4a-7685-c3d195ff9230,85.25,1410,1593,85,44,73511,39
2026/07/24 16:25:47.135,2026/07/24 16:25:47.120,2026/07/24 16:25:47.150,0,GPU-e2681f6e-8d94-2d66-484f-43ea602335f9,97.09,1410,1593,0,0,73511,52
2026/07/24 16:25:47.135,2026/07/24 16:25:47.120,2026/07/24 16:25:47.150,1,GPU-713d5b24-2a1e-fd4a-7685-c3d195ff9230,84.65,1410,1593,0,0,73511,38
2026/07/24 16:25:47.385,2026/07/24 16:25:47.370,2026/07/24 16:25:47.400,0,GPU-e2681f6e-8d94-2d66-484f-43ea602335f9,95.63,1410,1593,0,0,73511,51
2026/07/24 16:25:47.385,2026/07/24 16:25:47.370,2026/07/24 16:25:47.400,1,GPU-713d5b24-2a1e-fd4a-7685-c3d195ff9230,85.25,1410,1593,0,0,73511,38
2026/07/24 16:25:47.671,2026/07/24 16:25:47.620,2026/07/24 16:25:47.721,0,GPU-e2681f6e-8d94-2d66-484f-43ea602335f9,95.63,1410,1593,0,0,73511,51
2026/07/24 16:25:47.671,2026/07/24 16:25:47.620,2026/07/24 16:25:47.721,1,GPU-713d5b24-2a1e-fd4a-7685-c3d195ff9230,84.05,1410,1593,0,0,73511,37
2026/07/24 16:25:47.888,2026/07/24 16:25:47.870,2026/07/24 16:25:47.906,0,GPU-e2681f6e-8d94-2d66-484f-43ea602335f9,398.41,1410,1593,38,7,73511,63
2026/07/24 16:25:47.888,2026/07/24 16:25:47.870,2026/07/24 16:25:47.906,1,GPU-713d5b24-2a1e-fd4a-7685-c3d195ff9230,84.05,1410,1593,0,0,73511,37
2026/07/24 16:25:48.136,2026/07/24 16:25:48.120,2026/07/24 16:25:48.151,0,GPU-e2681f6e-8d94-2d66-484f-43ea602335f9,395.05,1410,1593,100,13,73511,66
2026/07/24 16:25:48.136,2026/07/24 16:25:48.120,2026/07/24 16:25:48.151,1,GPU-713d5b24-2a1e-fd4a-7685-c3d195ff9230,84.05,1410,1593,0,0,73511,37
2026/07/24 16:25:48.386,2026/07/24 16:25:48.371,2026/07/24 16:25:48.401,0,GPU-e2681f6e-8d94-2d66-484f-43ea602335f9,387.53,1410,1593,100,12,73511,59
2026/07/24 16:25:48.386,2026/07/24 16:25:48.371,2026/07/24 16:25:48.401,1,GPU-713d5b24-2a1e-fd4a-7685-c3d195ff9230,84.05,1410,1593,0,0,73511,38
2026/07/24 16:25:48.646,2026/07/24 16:25:48.621,2026/07/24 16:25:48.671,0,GPU-e2681f6e-8d94-2d66-484f-43ea602335f9,99.20,1410,1593,0,0,73511,55
2026/07/24 16:25:48.646,2026/07/24 16:25:48.621,2026/07/24 16:25:48.671,1,GPU-713d5b24-2a1e-fd4a-7685-c3d195ff9230,240.47,1410,1593,71,24,73511,41
2026/07/24 16:25:48.893,2026/07/24 16:25:48.871,2026/07/24 16:25:48.915,0,GPU-e2681f6e-8d94-2d66-484f-43ea602335f9,97.42,1410,1593,0,0,73511,52
2026/07/24 16:25:48.893,2026/07/24 16:25:48.871,2026/07/24 16:25:48.915,1,GPU-713d5b24-2a1e-fd4a-7685-c3d195ff9230,84.65,1410,1593,2,1,73511,38
2026/07/24 16:25:49.136,2026/07/24 16:25:49.121,2026/07/24 16:25:49.152,0,GPU-e2681f6e-8d94-2d66-484f-43ea602335f9,96.22,1410,1593,0,0,73511,51
2026/07/24 16:25:49.136,2026/07/24 16:25:49.121,2026/07/24 16:25:49.152,1,GPU-713d5b24-2a1e-fd4a-7685-c3d195ff9230,84.38,1410,1593,0,0,73511,38
2026/07/24 16:25:49.386,2026/07/24 16:25:49.371,2026/07/24 16:25:49.402,0,GPU-e2681f6e-8d94-2d66-484f-43ea602335f9,389.64,1410,1593,46,9,73511,63
2026/07/24 16:25:49.386,2026/07/24 16:25:49.371,2026/07/24 16:25:49.402,1,GPU-713d5b24-2a1e-fd4a-7685-c3d195ff9230,84.14,1410,1593,0,0,73511,37
2026/07/24 16:25:49.636,2026/07/24 16:25:49.621,2026/07/24 16:25:49.651,0,GPU-e2681f6e-8d94-2d66-484f-43ea602335f9,389.37,1410,1593,100,16,73511,63
2026/07/24 16:25:49.636,2026/07/24 16:25:49.621,2026/07/24 16:25:49.651,1,GPU-713d5b24-2a1e-fd4a-7685-c3d195ff9230,84.05,1410,1593,0,0,73511,37
2026/07/24 16:25:49.903,2026/07/24 16:25:49.871,2026/07/24 16:25:49.935,0,GPU-e2681f6e-8d94-2d66-484f-43ea602335f9,395.37,1410,1593,81,15,73511,66
2026/07/24 16:25:49.903,2026/07/24 16:25:49.871,2026/07/24 16:25:49.935,1,GPU-713d5b24-2a1e-fd4a-7685-c3d195ff9230,243.50,1410,1593,100,53,73511,41
2026/07/24 16:25:50.136,2026/07/24 16:25:50.121,2026/07/24 16:25:50.151,0,GPU-e2681f6e-8d94-2d66-484f-43ea602335f9,395.97,1410,1593,100,14,73511,67
2026/07/24 16:25:50.136,2026/07/24 16:25:50.121,2026/07/24 16:25:50.151,1,GPU-713d5b24-2a1e-fd4a-7685-c3d195ff9230,87.36,1410,1593,38,20,73511,38
2026/07/24 16:25:50.386,2026/07/24 16:25:50.371,2026/07/24 16:25:50.401,0,GPU-e2681f6e-8d94-2d66-484f-43ea602335f9,419.19,1410,1593,100,15,73511,69
2026/07/24 16:25:50.386,2026/07/24 16:25:50.371,2026/07/24 16:25:50.401,1,GPU-713d5b24-2a1e-fd4a-7685-c3d195ff9230,84.65,1410,1593,0,0,73511,38
2026/07/24 16:25:50.635,2026/07/24 16:25:50.621,2026/07/24 16:25:50.650,0,GPU-e2681f6e-8d94-2d66-484f-43ea602335f9,409.82,1410,1593,100,17,73511,69
2026/07/24 16:25:50.635,2026/07/24 16:25:50.621,2026/07/24 16:25:50.650,1,GPU-713d5b24-2a1e-fd4a-7685-c3d195ff9230,244.37,1410,1593,72,27,73511,42
2026/07/24 16:25:50.886,2026/07/24 16:25:50.871,2026/07/24 16:25:50.901,0,GPU-e2681f6e-8d94-2d66-484f-43ea602335f9,401.38,1410,1593,100,14,73511,69
2026/07/24 16:25:50.886,2026/07/24 16:25:50.871,2026/07/24 16:25:50.901,1,GPU-713d5b24-2a1e-fd4a-7685-c3d195ff9230,86.17,1410,1593,83,43,73511,39
2026/07/24 16:25:51.140,2026/07/24 16:25:51.121,2026/07/24 16:25:51.158,0,GPU-e2681f6e-8d94-2d66-484f-43ea602335f9,415.56,1410,1593,100,17,73511,70
2026/07/24 16:25:51.140,2026/07/24 16:25:51.121,2026/07/24 16:25:51.158,1,GPU-713d5b24-2a1e-fd4a-7685-c3d195ff9230,241.66,1410,1593,66,22,73511,39
2026/07/24 16:25:51.384,2026/07/24 16:25:51.372,2026/07/24 16:25:51.397,0,GPU-e2681f6e-8d94-2d66-484f-43ea602335f9,399.27,1410,1593,100,15,73511,70
2026/07/24 16:25:51.384,2026/07/24 16:25:51.372,2026/07/24 16:25:51.397,1,GPU-713d5b24-2a1e-fd4a-7685-c3d195ff9230,242.26,1410,1593,100,52,73511,42
2026/07/24 16:25:51.635,2026/07/24 16:25:51.622,2026/07/24 16:25:51.649,0,GPU-e2681f6e-8d94-2d66-484f-43ea602335f9,401.89,1410,1593,100,12,73511,70
2026/07/24 16:25:51.635,2026/07/24 16:25:51.622,2026/07/24 16:25:51.649,1,GPU-713d5b24-2a1e-fd4a-7685-c3d195ff9230,84.65,1410,1593,31,16,73511,39
2026/07/24 16:25:51.887,2026/07/24 16:25:51.872,2026/07/24 16:25:51.902,0,GPU-e2681f6e-8d94-2d66-484f-43ea602335f9,409.82,1410,1593,100,13,73511,70
2026/07/24 16:25:51.887,2026/07/24 16:25:51.872,2026/07/24 16:25:51.902,1,GPU-713d5b24-2a1e-fd4a-7685-c3d195ff9230,241.40,1410,1593,0,0,73511,41
2026/07/24 16:25:52.142,2026/07/24 16:25:52.122,2026/07/24 16:25:52.162,0,GPU-e2681f6e-8d94-2d66-484f-43ea602335f9,403.22,1410,1593,100,14,73511,70
2026/07/24 16:25:52.142,2026/07/24 16:25:52.122,2026/07/24 16:25:52.162,1,GPU-713d5b24-2a1e-fd4a-7685-c3d195ff9230,241.66,1410,1593,94,36,73511,43
2026/07/24 16:25:52.388,2026/07/24 16:25:52.372,2026/07/24 16:25:52.404,0,GPU-e2681f6e-8d94-2d66-484f-43ea602335f9,414.97,1410,1593,100,16,73511,71
2026/07/24 16:25:52.388,2026/07/24 16:25:52.372,2026/07/24 16:25:52.404,1,GPU-713d5b24-2a1e-fd4a-7685-c3d195ff9230,237.77,1410,1593,100,51,73511,41
2026/07/24 16:25:52.636,2026/07/24 16:25:52.622,2026/07/24 16:25:52.650,0,GPU-e2681f6e-8d94-2d66-484f-43ea602335f9,415.89,1410,1593,100,16,73511,70
2026/07/24 16:25:52.636,2026/07/24 16:25:52.622,2026/07/24 16:25:52.650,1,GPU-713d5b24-2a1e-fd4a-7685-c3d195ff9230,244.69,1410,1593,100,52,73511,41
2026/07/24 16:25:52.886,2026/07/24 16:25:52.872,2026/07/24 16:25:52.900,0,GPU-e2681f6e-8d94-2d66-484f-43ea602335f9,409.82,1410,1593,100,13,73511,71
2026/07/24 16:25:52.886,2026/07/24 16:25:52.872,2026/07/24 16:25:52.900,1,GPU-713d5b24-2a1e-fd4a-7685-c3d195ff9230,84.65,1410,1593,31,16,73511,39
2026/07/24 16:25:53.164,2026/07/24 16:25:53.122,2026/07/24 16:25:53.206,0,GPU-e2681f6e-8d94-2d66-484f-43ea602335f9,418.27,1410,1593,100,14,73511,71
2026/07/24 16:25:53.164,2026/07/24 16:25:53.122,2026/07/24 16:25:53.206,1,GPU-713d5b24-2a1e-fd4a-7685-c3d195ff9230,202.80,1410,1593,66,22,73511,41
2026/07/24 16:25:53.385,2026/07/24 16:25:53.372,2026/07/24 16:25:53.398,0,GPU-e2681f6e-8d94-2d66-484f-43ea602335f9,402.63,1410,1593,100,13,73511,71
2026/07/24 16:25:53.385,2026/07/24 16:25:53.372,2026/07/24 16:25:53.398,1,GPU-713d5b24-2a1e-fd4a-7685-c3d195ff9230,240.80,1410,1593,83,43,73511,40
2026/07/24 16:25:53.638,2026/07/24 16:25:53.622,2026/07/24 16:25:53.653,0,GPU-e2681f6e-8d94-2d66-484f-43ea602335f9,420.97,1410,1593,100,14,73511,71
2026/07/24 16:25:53.638,2026/07/24 16:25:53.622,2026/07/24 16:25:53.653,1,GPU-713d5b24-2a1e-fd4a-7685-c3d195ff9230,84.65,1410,1593,0,0,73511,39
2026/07/24 16:25:53.886,2026/07/24 16:25:53.872,2026/07/24 16:25:53.900,0,GPU-e2681f6e-8d94-2d66-484f-43ea602335f9,406.53,1410,1593,100,14,73511,71
2026/07/24 16:25:53.886,2026/07/24 16:25:53.872,2026/07/24 16:25:53.900,1,GPU-713d5b24-2a1e-fd4a-7685-c3d195ff9230,244.69,1410,1593,75,28,73511,43
2026/07/24 16:25:54.139,2026/07/24 16:25:54.122,2026/07/24 16:25:54.156,0,GPU-e2681f6e-8d94-2d66-484f-43ea602335f9,418.00,1410,1593,100,16,73511,71
2026/07/24 16:25:54.139,2026/07/24 16:25:54.122,2026/07/24 16:25:54.156,1,GPU-713d5b24-2a1e-fd4a-7685-c3d195ff9230,84.97,1410,1593,6,0,73511,39
2026/07/24 16:25:54.387,2026/07/24 16:25:54.372,2026/07/24 16:25:54.401,0,GPU-e2681f6e-8d94-2d66-484f-43ea602335f9,416.48,1410,1593,100,16,73511,72
2026/07/24 16:25:54.387,2026/07/24 16:25:54.372,2026/07/24 16:25:54.401,1,GPU-713d5b24-2a1e-fd4a-7685-c3d195ff9230,241.40,1410,1593,97,44,73511,43
2026/07/24 16:25:54.638,2026/07/24 16:25:54.623,2026/07/24 16:25:54.653,0,GPU-e2681f6e-8d94-2d66-484f-43ea602335f9,424.92,1410,1593,100,16,73511,72
2026/07/24 16:25:54.638,2026/07/24 16:25:54.623,2026/07/24 16:25:54.653,1,GPU-713d5b24-2a1e-fd4a-7685-c3d195ff9230,241.40,1410,1593,100,48,73511,43
2026/07/24 16:25:54.888,2026/07/24 16:25:54.873,2026/07/24 16:25:54.904,0,GPU-e2681f6e-8d94-2d66-484f-43ea602335f9,398.41,1410,1593,100,17,73511,72
2026/07/24 16:25:54.888,2026/07/24 16:25:54.873,2026/07/24 16:25:54.904,1,GPU-713d5b24-2a1e-fd4a-7685-c3d195ff9230,248.32,1410,1593,100,51,73511,44
2026/07/24 16:25:55.136,2026/07/24 16:25:55.123,2026/07/24 16:25:55.150,0,GPU-e2681f6e-8d94-2d66-484f-43ea602335f9,419.79,1410,1593,100,16,73511,72
2026/07/24 16:25:55.136,2026/07/24 16:25:55.123,2026/07/24 16:25:55.150,1,GPU-713d5b24-2a1e-fd4a-7685-c3d195ff9230,85.57,1410,1593,27,4,73511,42
2026/07/24 16:25:55.388,2026/07/24 16:25:55.373,2026/07/24 16:25:55.403,0,GPU-e2681f6e-8d94-2d66-484f-43ea602335f9,419.46,1410,1593,100,16,73511,72
2026/07/24 16:25:55.388,2026/07/24 16:25:55.373,2026/07/24 16:25:55.403,1,GPU-713d5b24-2a1e-fd4a-7685-c3d195ff9230,243.77,1410,1593,100,52,73511,44
2026/07/24 16:25:55.637,2026/07/24 16:25:55.623,2026/07/24 16:25:55.651,0,GPU-e2681f6e-8d94-2d66-484f-43ea602335f9,420.97,1410,1593,100,15,73511,72
2026/07/24 16:25:55.637,2026/07/24 16:25:55.623,2026/07/24 16:25:55.651,1,GPU-713d5b24-2a1e-fd4a-7685-c3d195ff9230,85.84,1410,1593,75,39,73511,41
2026/07/24 16:25:55.886,2026/07/24 16:25:55.873,2026/07/24 16:25:55.899,0,GPU-e2681f6e-8d94-2d66-484f-43ea602335f9,409.23,1410,1593,100,17,73511,72
2026/07/24 16:25:55.886,2026/07/24 16:25:55.873,2026/07/24 16:25:55.899,1,GPU-713d5b24-2a1e-fd4a-7685-c3d195ff9230,243.77,1410,1593,65,25,73511,44
2026/07/24 16:25:56.137,2026/07/24 16:25:56.123,2026/07/24 16:25:56.151,0,GPU-e2681f6e-8d94-2d66-484f-43ea602335f9,417.56,1410,1593,100,14,73511,72
2026/07/24 16:25:56.137,2026/07/24 16:25:56.123,2026/07/24 16:25:56.151,1,GPU-713d5b24-2a1e-fd4a-7685-c3d195ff9230,85.57,1410,1593,92,49,73511,40
2026/07/24 16:25:56.387,2026/07/24 16:25:56.373,2026/07/24 16:25:56.401,0,GPU-e2681f6e-8d94-2d66-484f-43ea602335f9,416.75,1410,1593,100,17,73511,73
2026/07/24 16:25:56.387,2026/07/24 16:25:56.373,2026/07/24 16:25:56.401,1,GPU-713d5b24-2a1e-fd4a-7685-c3d195ff9230,225.10,1410,1593,72,26,73511,43
2026/07/24 16:25:56.638,2026/07/24 16:25:56.623,2026/07/24 16:25:56.653,0,GPU-e2681f6e-8d94-2d66-484f-43ea602335f9,421.30,1410,1593,100,14,73511,72
2026/07/24 16:25:56.638,2026/07/24 16:25:56.623,2026/07/24 16:25:56.653,1,GPU-713d5b24-2a1e-fd4a-7685-c3d195ff9230,248.59,1410,1593,100,52,73511,44
2026/07/24 16:25:56.887,2026/07/24 16:25:56.873,2026/07/24 16:25:56.901,0,GPU-e2681f6e-8d94-2d66-484f-43ea602335f9,416.75,1410,1593,100,17,73511,73
2026/07/24 16:25:56.887,2026/07/24 16:25:56.873,2026/07/24 16:25:56.901,1,GPU-713d5b24-2a1e-fd4a-7685-c3d195ff9230,194.04,1410,1593,36,14,73511,43
2026/07/24 16:25:57.138,2026/07/24 16:25:57.123,2026/07/24 16:25:57.152,0,GPU-e2681f6e-8d94-2d66-484f-43ea602335f9,416.16,1410,1593,100,16,73511,73
2026/07/24 16:25:57.138,2026/07/24 16:25:57.123,2026/07/24 16:25:57.152,1,GPU-713d5b24-2a1e-fd4a-7685-c3d195ff9230,246.81,1410,1593,98,47,73511,44
2026/07/24 16:25:57.386,2026/07/24 16:25:57.373,2026/07/24 16:25:57.399,0,GPU-e2681f6e-8d94-2d66-484f-43ea602335f9,411.34,1410,1593,100,17,73511,73
2026/07/24 16:25:57.386,2026/07/24 16:25:57.373,2026/07/24 16:25:57.399,1,GPU-713d5b24-2a1e-fd4a-7685-c3d195ff9230,246.21,1410,1593,96,42,73511,44
2026/07/24 16:25:57.639,2026/07/24 16:25:57.623,2026/07/24 16:25:57.654,0,GPU-e2681f6e-8d94-2d66-484f-43ea602335f9,417.40,1410,1593,100,15,73511,73
2026/07/24 16:25:57.639,2026/07/24 16:25:57.623,2026/07/24 16:25:57.654,1,GPU-713d5b24-2a1e-fd4a-7685-c3d195ff9230,172.66,1410,1593,100,51,73511,44
2026/07/24 16:25:57.887,2026/07/24 16:25:57.873,2026/07/24 16:25:57.901,0,GPU-e2681f6e-8d94-2d66-484f-43ea602335f9,404.14,1410,1593,100,17,73511,73
2026/07/24 16:25:57.887,2026/07/24 16:25:57.873,2026/07/24 16:25:57.901,1,GPU-713d5b24-2a1e-fd4a-7685-c3d195ff9230,247.72,1410,1593,97,47,73511,45
2026/07/24 16:25:58.137,2026/07/24 16:25:58.124,2026/07/24 16:25:58.150,0,GPU-e2681f6e-8d94-2d66-484f-43ea602335f9,412.75,1410,1593,100,14,73511,73
2026/07/24 16:25:58.137,2026/07/24 16:25:58.124,2026/07/24 16:25:58.150,1,GPU-713d5b24-2a1e-fd4a-7685-c3d195ff9230,85.84,1410,1593,76,40,73511,40
2026/07/24 16:25:58.389,2026/07/24 16:25:58.374,2026/07/24 16:25:58.404,0,GPU-e2681f6e-8d94-2d66-484f-43ea602335f9,432.13,1410,1593,100,15,73511,73
2026/07/24 16:25:58.389,2026/07/24 16:25:58.374,2026/07/24 16:25:58.404,1,GPU-713d5b24-2a1e-fd4a-7685-c3d195ff9230,234.74,1410,1593,0,0,73511,39
2026/07/24 16:25:58.637,2026/07/24 16:25:58.624,2026/07/24 16:25:58.650,0,GPU-e2681f6e-8d94-2d66-484f-43ea602335f9,413.61,1410,1593,100,16,73511,73
2026/07/24 16:25:58.637,2026/07/24 16:25:58.624,2026/07/24 16:25:58.650,1,GPU-713d5b24-2a1e-fd4a-7685-c3d195ff9230,245.63,1410,1593,100,52,73511,44
2026/07/24 16:25:58.889,2026/07/24 16:25:58.874,2026/07/24 16:25:58.904,0,GPU-e2681f6e-8d94-2d66-484f-43ea602335f9,412.26,1410,1593,100,13,73511,73
2026/07/24 16:25:58.889,2026/07/24 16:25:58.874,2026/07/24 16:25:58.904,1,GPU-713d5b24-2a1e-fd4a-7685-c3d195ff9230,95.80,1410,1593,99,51,73511,41
2026/07/24 16:25:59.139,2026/07/24 16:25:59.124,2026/07/24 16:25:59.154,0,GPU-e2681f6e-8d94-2d66-484f-43ea602335f9,423.09,1410,1593,100,15,73511,73
2026/07/24 16:25:59.139,2026/07/24 16:25:59.124,2026/07/24 16:25:59.154,1,GPU-713d5b24-2a1e-fd4a-7685-c3d195ff9230,244.10,1410,1593,100,52,73511,43
2026/07/24 16:25:59.387,2026/07/24 16:25:59.374,2026/07/24 16:25:59.399,0,GPU-e2681f6e-8d94-2d66-484f-43ea602335f9,408.04,1410,1593,100,13,73511,73
2026/07/24 16:25:59.387,2026/07/24 16:25:59.374,2026/07/24 16:25:59.399,1,GPU-713d5b24-2a1e-fd4a-7685-c3d195ff9230,85.84,1410,1593,100,52,73511,40
2026/07/24 16:25:59.638,2026/07/24 16:25:59.624,2026/07/24 16:25:59.652,0,GPU-e2681f6e-8d94-2d66-484f-43ea602335f9,406.20,1410,1593,100,12,73511,73
2026/07/24 16:25:59.638,2026/07/24 16:25:59.624,2026/07/24 16:25:59.652,1,GPU-713d5b24-2a1e-fd4a-7685-c3d195ff9230,85.06,1410,1593,0,0,73511,39
2026/07/24 16:25:59.920,2026/07/24 16:25:59.874,2026/07/24 16:25:59.966,0,GPU-e2681f6e-8d94-2d66-484f-43ea602335f9,422.22,1410,1593,100,17,73511,73
2026/07/24 16:25:59.920,2026/07/24 16:25:59.874,2026/07/24 16:25:59.966,1,GPU-713d5b24-2a1e-fd4a-7685-c3d195ff9230,242.91,1410,1593,100,52,73511,43
2026/07/24 16:26:00.138,2026/07/24 16:26:00.124,2026/07/24 16:26:00.152,0,GPU-e2681f6e-8d94-2d66-484f-43ea602335f9,411.67,1410,1593,100,13,73511,73
2026/07/24 16:26:00.138,2026/07/24 16:26:00.124,2026/07/24 16:26:00.152,1,GPU-713d5b24-2a1e-fd4a-7685-c3d195ff9230,86.17,1410,1593,100,52,73511,41
2026/07/24 16:26:00.389,2026/07/24 16:26:00.374,2026/07/24 16:26:00.405,0,GPU-e2681f6e-8d94-2d66-484f-43ea602335f9,425.35,1410,1593,100,15,73511,74
2026/07/24 16:26:00.389,2026/07/24 16:26:00.374,2026/07/24 16:26:00.405,1,GPU-713d5b24-2a1e-fd4a-7685-c3d195ff9230,85.25,1410,1593,7,0,73511,39
2026/07/24 16:26:00.639,2026/07/24 16:26:00.624,2026/07/24 16:26:00.653,0,GPU-e2681f6e-8d94-2d66-484f-43ea602335f9,412.26,1410,1593,100,16,73511,74
2026/07/24 16:26:00.639,2026/07/24 16:26:00.624,2026/07/24 16:26:00.653,1,GPU-713d5b24-2a1e-fd4a-7685-c3d195ff9230,243.77,1410,1593,95,40,73511,43
2026/07/24 16:26:00.920,2026/07/24 16:26:00.874,2026/07/24 16:26:00.966,0,GPU-e2681f6e-8d94-2d66-484f-43ea602335f9,117.63,1410,1593,100,14,73511,63
2026/07/24 16:26:00.920,2026/07/24 16:26:00.874,2026/07/24 16:26:00.966,1,GPU-713d5b24-2a1e-fd4a-7685-c3d195ff9230,113.88,1410,1593,100,52,73511,43
2026/07/24 16:26:01.151,2026/07/24 16:26:01.124,2026/07/24 16:26:01.177,0,GPU-e2681f6e-8d94-2d66-484f-43ea602335f9,360.41,1410,1593,60,12,73511,69
2026/07/24 16:26:01.151,2026/07/24 16:26:01.124,2026/07/24 16:26:01.177,1,GPU-713d5b24-2a1e-fd4a-7685-c3d195ff9230,242.26,1410,1593,86,36,73511,42
2026/07/24 16:26:01.387,2026/07/24 16:26:01.374,2026/07/24 16:26:01.399,0,GPU-e2681f6e-8d94-2d66-484f-43ea602335f9,416.16,1410,1593,60,12,73511,71
2026/07/24 16:26:01.387,2026/07/24 16:26:01.374,2026/07/24 16:26:01.399,1,GPU-713d5b24-2a1e-fd4a-7685-c3d195ff9230,85.57,1410,1593,0,0,73511,40
2026/07/24 16:26:01.639,2026/07/24 16:26:01.624,2026/07/24 16:26:01.653,0,GPU-e2681f6e-8d94-2d66-484f-43ea602335f9,414.54,1410,1593,100,13,73511,66
2026/07/24 16:26:01.639,2026/07/24 16:26:01.624,2026/07/24 16:26:01.653,1,GPU-713d5b24-2a1e-fd4a-7685-c3d195ff9230,84.97,1410,1593,0,0,73511,39
2026/07/24 16:26:01.889,2026/07/24 16:26:01.875,2026/07/24 16:26:01.904,0,GPU-e2681f6e-8d94-2d66-484f-43ea602335f9,102.83,1410,1593,30,6,73511,59
2026/07/24 16:26:01.889,2026/07/24 16:26:01.875,2026/07/24 16:26:01.904,1,GPU-713d5b24-2a1e-fd4a-7685-c3d195ff9230,249.84,1410,1593,63,22,73511,42
2026/07/24 16:26:02.153,2026/07/24 16:26:02.125,2026/07/24 16:26:02.182,0,GPU-e2681f6e-8d94-2d66-484f-43ea602335f9,101.05,1410,1593,0,0,73511,56
2026/07/24 16:26:02.153,2026/07/24 16:26:02.125,2026/07/24 16:26:02.182,1,GPU-713d5b24-2a1e-fd4a-7685-c3d195ff9230,85.57,1410,1593,100,52,73511,40
2026/07/24 16:26:02.389,2026/07/24 16:26:02.375,2026/07/24 16:26:02.404,0,GPU-e2681f6e-8d94-2d66-484f-43ea602335f9,99.31,1410,1593,0,0,73511,55
2026/07/24 16:26:02.389,2026/07/24 16:26:02.375,2026/07/24 16:26:02.404,1,GPU-713d5b24-2a1e-fd4a-7685-c3d195ff9230,84.65,1410,1593,14,7,73511,39
2026/07/24 16:26:02.639,2026/07/24 16:26:02.625,2026/07/24 16:26:02.653,0,GPU-e2681f6e-8d94-2d66-484f-43ea602335f9,98.61,1410,1593,0,0,73511,54
2026/07/24 16:26:02.639,2026/07/24 16:26:02.625,2026/07/24 16:26:02.653,1,GPU-713d5b24-2a1e-fd4a-7685-c3d195ff9230,84.65,1410,1593,0,0,73511,38
2026/07/24 16:26:02.887,2026/07/24 16:26:02.875,2026/07/24 16:26:02.900,0,GPU-e2681f6e-8d94-2d66-484f-43ea602335f9,404.14,1410,1593,70,14,73511,67
2026/07/24 16:26:02.887,2026/07/24 16:26:02.875,2026/07/24 16:26:02.900,1,GPU-713d5b24-2a1e-fd4a-7685-c3d195ff9230,85.25,1410,1593,0,0,73511,38
2026/07/24 16:26:03.157,2026/07/24 16:26:03.125,2026/07/24 16:26:03.189,0,GPU-e2681f6e-8d94-2d66-484f-43ea602335f9,398.08,1410,1593,100,15,73511,69
2026/07/24 16:26:03.157,2026/07/24 16:26:03.125,2026/07/24 16:26:03.189,1,GPU-713d5b24-2a1e-fd4a-7685-c3d195ff9230,84.38,1410,1593,0,0,73511,38
2026/07/24 16:26:03.398,2026/07/24 16:26:03.375,2026/07/24 16:26:03.422,0,GPU-e2681f6e-8d94-2d66-484f-43ea602335f9,404.59,1410,1593,92,11,73511,65
2026/07/24 16:26:03.398,2026/07/24 16:26:03.375,2026/07/24 16:26:03.422,1,GPU-713d5b24-2a1e-fd4a-7685-c3d195ff9230,84.38,1410,1593,0,0,73511,38
2026/07/24 16:26:03.639,2026/07/24 16:26:03.625,2026/07/24 16:26:03.652,0,GPU-e2681f6e-8d94-2d66-484f-43ea602335f9,102.24,1410,1593,0,0,73511,59
2026/07/24 16:26:03.639,2026/07/24 16:26:03.625,2026/07/24 16:26:03.652,1,GPU-713d5b24-2a1e-fd4a-7685-c3d195ff9230,244.69,1410,1593,94,36,73511,42
2026/07/24 16:26:03.888,2026/07/24 16:26:03.875,2026/07/24 16:26:03.901,0,GPU-e2681f6e-8d94-2d66-484f-43ea602335f9,99.53,1410,1593,0,0,73511,55
2026/07/24 16:26:03.888,2026/07/24 16:26:03.875,2026/07/24 16:26:03.901,1,GPU-713d5b24-2a1e-fd4a-7685-c3d195ff9230,85.84,1410,1593,79,41,73511,39
2026/07/24 16:26:04.143,2026/07/24 16:26:04.125,2026/07/24 16:26:04.161,0,GPU-e2681f6e-8d94-2d66-484f-43ea602335f9,257.95,1410,1593,0,0,73511,57
2026/07/24 16:26:04.143,2026/07/24 16:26:04.125,2026/07/24 16:26:04.161,1,GPU-713d5b24-2a1e-fd4a-7685-c3d195ff9230,84.74,1410,1593,0,0,73511,38
2026/07/24 16:26:04.396,2026/07/24 16:26:04.375,2026/07/24 16:26:04.418,0,GPU-e2681f6e-8d94-2d66-484f-43ea602335f9,393.86,1410,1593,54,11,73511,67
2026/07/24 16:26:04.396,2026/07/24 16:26:04.375,2026/07/24 16:26:04.418,1,GPU-713d5b24-2a1e-fd4a-7685-c3d195ff9230,84.74,1410,1593,0,0,73511,38
2026/07/24 16:26:04.639,2026/07/24 16:26:04.625,2026/07/24 16:26:04.652,0,GPU-e2681f6e-8d94-2d66-484f-43ea602335f9,400.51,1410,1593,100,13,73511,69
2026/07/24 16:26:04.639,2026/07/24 16:26:04.625,2026/07/24 16:26:04.652,1,GPU-713d5b24-2a1e-fd4a-7685-c3d195ff9230,84.38,1410,1593,0,0,73511,38
2026/07/24 16:26:04.891,2026/07/24 16:26:04.875,2026/07/24 16:26:04.906,0,GPU-e2681f6e-8d94-2d66-484f-43ea602335f9,416.16,1410,1593,99,14,73511,71
2026/07/24 16:26:04.891,2026/07/24 16:26:04.875,2026/07/24 16:26:04.906,1,GPU-713d5b24-2a1e-fd4a-7685-c3d195ff9230,98.51,1410,1593,3,0,73511,38
2026/07/24 16:26:05.139,2026/07/24 16:26:05.125,2026/07/24 16:26:05.153,0,GPU-e2681f6e-8d94-2d66-484f-43ea602335f9,413.18,1410,1593,100,18,73511,71
2026/07/24 16:26:05.139,2026/07/24 16:26:05.125,2026/07/24 16:26:05.153,1,GPU-713d5b24-2a1e-fd4a-7685-c3d195ff9230,244.69,1410,1593,97,40,73511,40
2026/07/24 16:26:05.451,2026/07/24 16:26:05.375,2026/07/24 16:26:05.527,0,GPU-e2681f6e-8d94-2d66-484f-43ea602335f9,404.14,1410,1593,99,18,73511,72
2026/07/24 16:26:05.451,2026/07/24 16:26:05.375,2026/07/24 16:26:05.527,1,GPU-713d5b24-2a1e-fd4a-7685-c3d195ff9230,241.07,1410,1593,65,25,73511,42
2026/07/24 16:26:05.640,2026/07/24 16:26:05.626,2026/07/24 16:26:05.655,0,GPU-e2681f6e-8d94-2d66-484f-43ea602335f9,411.34,1410,1593,99,18,73511,72
2026/07/24 16:26:05.640,2026/07/24 16:26:05.626,2026/07/24 16:26:05.655,1,GPU-713d5b24-2a1e-fd4a-7685-c3d195ff9230,114.80,1410,1593,100,53,73511,43
2026/07/24 16:26:05.889,2026/07/24 16:26:05.876,2026/07/24 16:26:05.902,0,GPU-e2681f6e-8d94-2d66-484f-43ea602335f9,415.89,1410,1593,100,13,73511,68
2026/07/24 16:26:05.889,2026/07/24 16:26:05.876,2026/07/24 16:26:05.902,1,GPU-713d5b24-2a1e-fd4a-7685-c3d195ff9230,84.97,1410,1593,6,3,73511,39
2026/07/24 16:26:06.141,2026/07/24 16:26:06.126,2026/07/24 16:26:06.156,0,GPU-e2681f6e-8d94-2d66-484f-43ea602335f9,103.16,1410,1593,49,8,73511,60
2026/07/24 16:26:06.141,2026/07/24 16:26:06.126,2026/07/24 16:26:06.156,1,GPU-713d5b24-2a1e-fd4a-7685-c3d195ff9230,248.59,1410,1593,38,8,73511,42
2026/07/24 16:26:06.388,2026/07/24 16:26:06.376,2026/07/24 16:26:06.400,0,GPU-e2681f6e-8d94-2d66-484f-43ea602335f9,99.86,1410,1593,0,0,73511,56
2026/07/24 16:26:06.388,2026/07/24 16:26:06.376,2026/07/24 16:26:06.400,1,GPU-713d5b24-2a1e-fd4a-7685-c3d195ff9230,85.25,1410,1593,100,52,73511,39
2026/07/24 16:26:06.639,2026/07/24 16:26:06.626,2026/07/24 16:26:06.652,0,GPU-e2681f6e-8d94-2d66-484f-43ea602335f9,99.53,1410,1593,0,0,73511,55
2026/07/24 16:26:06.639,2026/07/24 16:26:06.626,2026/07/24 16:26:06.652,1,GPU-713d5b24-2a1e-fd4a-7685-c3d195ff9230,85.06,1410,1593,0,0,73511,38
2026/07/24 16:26:06.888,2026/07/24 16:26:06.876,2026/07/24 16:26:06.900,0,GPU-e2681f6e-8d94-2d66-484f-43ea602335f9,98.01,1410,1593,0,0,73511,54
2026/07/24 16:26:06.888,2026/07/24 16:26:06.876,2026/07/24 16:26:06.900,1,GPU-713d5b24-2a1e-fd4a-7685-c3d195ff9230,84.65,1410,1593,0,0,73511,38
2026/07/24 16:26:07.138,2026/07/24 16:26:07.126,2026/07/24 16:26:07.150,0,GPU-e2681f6e-8d94-2d66-484f-43ea602335f9,98.01,1410,1593,0,0,73511,53
2026/07/24 16:26:07.138,2026/07/24 16:26:07.126,2026/07/24 16:26:07.150,1,GPU-713d5b24-2a1e-fd4a-7685-c3d195ff9230,84.38,1410,1593,0,0,73511,38
2026/07/24 16:26:07.388,2026/07/24 16:26:07.376,2026/07/24 16:26:07.400,0,GPU-e2681f6e-8d94-2d66-484f-43ea602335f9,96.49,1410,1593,0,0,73511,53
2026/07/24 16:26:07.388,2026/07/24 16:26:07.376,2026/07/24 16:26:07.400,1,GPU-713d5b24-2a1e-fd4a-7685-c3d195ff9230,84.46,1410,1593,0,0,73511,37
2026/07/24 16:26:07.638,2026/07/24 16:26:07.626,2026/07/24 16:26:07.650,0,GPU-e2681f6e-8d94-2d66-484f-43ea602335f9,96.22,1410,1593,0,0,73511,52
2026/07/24 16:26:07.638,2026/07/24 16:26:07.626,2026/07/24 16:26:07.650,1,GPU-713d5b24-2a1e-fd4a-7685-c3d195ff9230,84.38,1410,1593,0,0,73511,37
2026/07/24 16:26:07.888,2026/07/24 16:26:07.876,2026/07/24 16:26:07.901,0,GPU-e2681f6e-8d94-2d66-484f-43ea602335f9,96.22,1410,1593,0,0,73511,52
2026/07/24 16:26:07.888,2026/07/24 16:26:07.876,2026/07/24 16:26:07.901,1,GPU-713d5b24-2a1e-fd4a-7685-c3d195ff9230,84.38,1410,1593,0,0,73511,37
2026/07/24 16:26:08.141,2026/07/24 16:26:08.126,2026/07/24 16:26:08.155,0,GPU-e2681f6e-8d94-2d66-484f-43ea602335f9,95.90,1410,1593,0,0,73511,52
2026/07/24 16:26:08.141,2026/07/24 16:26:08.126,2026/07/24 16:26:08.155,1,GPU-713d5b24-2a1e-fd4a-7685-c3d195ff9230,84.38,1410,1593,0,0,73511,37
2026/07/24 16:26:08.391,2026/07/24 16:26:08.376,2026/07/24 16:26:08.405,0,GPU-e2681f6e-8d94-2d66-484f-43ea602335f9,95.90,1410,1593,0,0,73511,51
2026/07/24 16:26:08.391,2026/07/24 16:26:08.376,2026/07/24 16:26:08.405,1,GPU-713d5b24-2a1e-fd4a-7685-c3d195ff9230,84.05,1410,1593,0,0,73511,37
2026/07/24 16:26:08.640,2026/07/24 16:26:08.626,2026/07/24 16:26:08.654,0,GPU-e2681f6e-8d94-2d66-484f-43ea602335f9,95.63,1410,1593,0,0,73511,51
2026/07/24 16:26:08.640,2026/07/24 16:26:08.626,2026/07/24 16:26:08.654,1,GPU-713d5b24-2a1e-fd4a-7685-c3d195ff9230,84.38,1410,1593,0,0,73511,37
2026/07/24 16:26:08.891,2026/07/24 16:26:08.876,2026/07/24 16:26:08.907,0,GPU-e2681f6e-8d94-2d66-484f-43ea602335f9,95.63,1410,1593,0,0,73511,51
2026/07/24 16:26:08.891,2026/07/24 16:26:08.876,2026/07/24 16:26:08.907,1,GPU-713d5b24-2a1e-fd4a-7685-c3d195ff9230,84.38,1410,1593,0,0,73511,37
2026/07/24 16:26:09.140,2026/07/24 16:26:09.126,2026/07/24 16:26:09.154,0,GPU-e2681f6e-8d94-2d66-484f-43ea602335f9,95.63,1410,1593,0,0,73511,51
2026/07/24 16:26:09.140,2026/07/24 16:26:09.126,2026/07/24 16:26:09.154,1,GPU-713d5b24-2a1e-fd4a-7685-c3d195ff9230,84.38,1410,1593,0,0,73511,37
2026/07/24 16:26:09.396,2026/07/24 16:26:09.377,2026/07/24 16:26:09.416,0,GPU-e2681f6e-8d94-2d66-484f-43ea602335f9,94.98,1410,1593,47,9,73511,53
2026/07/24 16:26:09.396,2026/07/24 16:26:09.377,2026/07/24 16:26:09.416,1,GPU-713d5b24-2a1e-fd4a-7685-c3d195ff9230,84.05,1410,1593,0,0,73511,37
2026/07/24 16:26:09.643,2026/07/24 16:26:09.627,2026/07/24 16:26:09.659,0,GPU-e2681f6e-8d94-2d66-484f-43ea602335f9,395.37,1410,1593,100,16,73511,64
2026/07/24 16:26:09.643,2026/07/24 16:26:09.627,2026/07/24 16:26:09.659,1,GPU-713d5b24-2a1e-fd4a-7685-c3d195ff9230,83.73,1410,1593,0,0,73511,37
2026/07/24 16:26:09.893,2026/07/24 16:26:09.877,2026/07/24 16:26:09.910,0,GPU-e2681f6e-8d94-2d66-484f-43ea602335f9,395.88,1410,1593,100,13,73511,66
2026/07/24 16:26:09.893,2026/07/24 16:26:09.877,2026/07/24 16:26:09.910,1,GPU-713d5b24-2a1e-fd4a-7685-c3d195ff9230,83.82,1410,1593,0,0,73511,37
2026/07/24 16:26:10.143,2026/07/24 16:26:10.127,2026/07/24 16:26:10.160,0,GPU-e2681f6e-8d94-2d66-484f-43ea602335f9,410.42,1410,1593,100,18,73511,68
2026/07/24 16:26:10.143,2026/07/24 16:26:10.127,2026/07/24 16:26:10.160,1,GPU-713d5b24-2a1e-fd4a-7685-c3d195ff9230,238.04,1410,1593,53,17,73511,40
2026/07/24 16:26:10.392,2026/07/24 16:26:10.377,2026/07/24 16:26:10.408,0,GPU-e2681f6e-8d94-2d66-484f-43ea602335f9,393.86,1410,1593,100,15,73511,68
2026/07/24 16:26:10.392,2026/07/24 16:26:10.377,2026/07/24 16:26:10.408,1,GPU-713d5b24-2a1e-fd4a-7685-c3d195ff9230,100.94,1410,1593,100,52,73511,38
2026/07/24 16:26:10.645,2026/07/24 16:26:10.627,2026/07/24 16:26:10.663,0,GPU-e2681f6e-8d94-2d66-484f-43ea602335f9,389.64,1410,1593,68,9,73511,61
2026/07/24 16:26:10.645,2026/07/24 16:26:10.627,2026/07/24 16:26:10.663,1,GPU-713d5b24-2a1e-fd4a-7685-c3d195ff9230,162.10,1410,1593,3,2,73511,38
2026/07/24 16:26:10.891,2026/07/24 16:26:10.877,2026/07/24 16:26:10.904,0,GPU-e2681f6e-8d94-2d66-484f-43ea602335f9,99.86,1410,1593,0,0,73511,56
2026/07/24 16:26:10.891,2026/07/24 16:26:10.877,2026/07/24 16:26:10.904,1,GPU-713d5b24-2a1e-fd4a-7685-c3d195ff9230,240.47,1410,1593,95,45,73511,42
2026/07/24 16:26:11.140,2026/07/24 16:26:11.127,2026/07/24 16:26:11.153,0,GPU-e2681f6e-8d94-2d66-484f-43ea602335f9,97.42,1410,1593,0,0,73511,53
2026/07/24 16:26:11.140,2026/07/24 16:26:11.127,2026/07/24 16:26:11.153,1,GPU-713d5b24-2a1e-fd4a-7685-c3d195ff9230,89.88,1410,1593,94,49,73511,40
2026/07/24 16:26:11.391,2026/07/24 16:26:11.377,2026/07/24 16:26:11.406,0,GPU-e2681f6e-8d94-2d66-484f-43ea602335f9,96.49,1410,1593,0,0,73511,52
2026/07/24 16:26:11.391,2026/07/24 16:26:11.377,2026/07/24 16:26:11.406,1,GPU-713d5b24-2a1e-fd4a-7685-c3d195ff9230,84.46,1410,1593,0,0,73511,38
2026/07/24 16:26:11.641,2026/07/24 16:26:11.627,2026/07/24 16:26:11.656,0,GPU-e2681f6e-8d94-2d66-484f-43ea602335f9,96.22,1410,1593,0,0,73511,51
2026/07/24 16:26:11.641,2026/07/24 16:26:11.627,2026/07/24 16:26:11.656,1,GPU-713d5b24-2a1e-fd4a-7685-c3d195ff9230,84.38,1410,1593,0,0,73511,37
2026/07/24 16:26:11.891,2026/07/24 16:26:11.877,2026/07/24 16:26:11.904,0,GPU-e2681f6e-8d94-2d66-484f-43ea602335f9,95.63,1410,1593,0,0,73511,51
2026/07/24 16:26:11.891,2026/07/24 16:26:11.877,2026/07/24 16:26:11.904,1,GPU-713d5b24-2a1e-fd4a-7685-c3d195ff9230,84.05,1410,1593,0,0,73511,37
2026/07/24 16:26:12.138,2026/07/24 16:26:12.127,2026/07/24 16:26:12.149,0,GPU-e2681f6e-8d94-2d66-484f-43ea602335f9,94.98,1410,1593,0,0,73511,51
2026/07/24 16:26:12.138,2026/07/24 16:26:12.127,2026/07/24 16:26:12.149,1,GPU-713d5b24-2a1e-fd4a-7685-c3d195ff9230,84.05,1410,1593,0,0,73511,37
2026/07/24 16:26:12.395,2026/07/24 16:26:12.377,2026/07/24 16:26:12.413,0,GPU-e2681f6e-8d94-2d66-484f-43ea602335f9,94.98,1410,1593,0,0,73511,50
2026/07/24 16:26:12.395,2026/07/24 16:26:12.377,2026/07/24 16:26:12.413,1,GPU-713d5b24-2a1e-fd4a-7685-c3d195ff9230,84.05,1410,1593,0,0,73511,37
2026/07/24 16:26:12.642,2026/07/24 16:26:12.627,2026/07/24 16:26:12.656,0,GPU-e2681f6e-8d94-2d66-484f-43ea602335f9,94.98,1410,1593,0,0,73511,50
2026/07/24 16:26:12.642,2026/07/24 16:26:12.627,2026/07/24 16:26:12.656,1,GPU-713d5b24-2a1e-fd4a-7685-c3d195ff9230,84.14,1410,1593,0,0,73511,37
2026/07/24 16:26:12.891,2026/07/24 16:26:12.878,2026/07/24 16:26:12.904,0,GPU-e2681f6e-8d94-2d66-484f-43ea602335f9,94.71,1410,1593,0,0,73511,50
2026/07/24 16:26:12.891,2026/07/24 16:26:12.878,2026/07/24 16:26:12.904,1,GPU-713d5b24-2a1e-fd4a-7685-c3d195ff9230,84.05,1410,1593,0,0,73511,37
2026/07/24 16:26:13.140,2026/07/24 16:26:13.128,2026/07/24 16:26:13.152,0,GPU-e2681f6e-8d94-2d66-484f-43ea602335f9,94.38,1410,1593,0,0,73511,49
2026/07/24 16:26:13.140,2026/07/24 16:26:13.128,2026/07/24 16:26:13.152,1,GPU-713d5b24-2a1e-fd4a-7685-c3d195ff9230,84.05,1410,1593,0,0,73511,37
2026/07/24 16:26:13.399,2026/07/24 16:26:13.378,2026/07/24 16:26:13.420,0,GPU-e2681f6e-8d94-2d66-484f-43ea602335f9,94.11,1410,1593,0,0,73511,49
2026/07/24 16:26:13.399,2026/07/24 16:26:13.378,2026/07/24 16:26:13.420,1,GPU-713d5b24-2a1e-fd4a-7685-c3d195ff9230,84.05,1410,1593,0,0,73511,36
2026/07/24 16:26:13.643,2026/07/24 16:26:13.628,2026/07/24 16:26:13.658,0,GPU-e2681f6e-8d94-2d66-484f-43ea602335f9,97.42,1410,1593,0,0,73511,49
2026/07/24 16:26:13.643,2026/07/24 16:26:13.628,2026/07/24 16:26:13.658,1,GPU-713d5b24-2a1e-fd4a-7685-c3d195ff9230,86.49,1410,1593,0,0,73511,37
2026/07/24 16:26:13.892,2026/07/24 16:26:13.878,2026/07/24 16:26:13.907,0,GPU-e2681f6e-8d94-2d66-484f-43ea602335f9,395.97,1410,1593,1,0,73511,61
2026/07/24 16:26:13.892,2026/07/24 16:26:13.878,2026/07/24 16:26:13.907,1,GPU-713d5b24-2a1e-fd4a-7685-c3d195ff9230,83.73,1410,1593,0,0,73511,36
2026/07/24 16:26:14.141,2026/07/24 16:26:14.128,2026/07/24 16:26:14.153,0,GPU-e2681f6e-8d94-2d66-484f-43ea602335f9,392.07,1410,1593,100,15,73511,65
2026/07/24 16:26:14.141,2026/07/24 16:26:14.128,2026/07/24 16:26:14.153,1,GPU-713d5b24-2a1e-fd4a-7685-c3d195ff9230,83.73,1410,1593,0,0,73511,36
2026/07/24 16:26:14.393,2026/07/24 16:26:14.378,2026/07/24 16:26:14.407,0,GPU-e2681f6e-8d94-2d66-484f-43ea602335f9,379.41,1410,1593,100,12,73511,60
2026/07/24 16:26:14.393,2026/07/24 16:26:14.378,2026/07/24 16:26:14.407,1,GPU-713d5b24-2a1e-fd4a-7685-c3d195ff9230,84.05,1410,1593,0,0,73511,36
2026/07/24 16:26:14.643,2026/07/24 16:26:14.628,2026/07/24 16:26:14.658,0,GPU-e2681f6e-8d94-2d66-484f-43ea602335f9,98.34,1410,1593,0,0,73511,54
2026/07/24 16:26:14.643,2026/07/24 16:26:14.628,2026/07/24 16:26:14.658,1,GPU-713d5b24-2a1e-fd4a-7685-c3d195ff9230,243.18,1410,1593,33,5,73511,41
2026/07/24 16:26:14.893,2026/07/24 16:26:14.878,2026/07/24 16:26:14.907,0,GPU-e2681f6e-8d94-2d66-484f-43ea602335f9,95.90,1410,1593,0,0,73511,51
2026/07/24 16:26:14.893,2026/07/24 16:26:14.878,2026/07/24 16:26:14.907,1,GPU-713d5b24-2a1e-fd4a-7685-c3d195ff9230,86.76,1410,1593,88,46,73511,39
2026/07/24 16:26:15.142,2026/07/24 16:26:15.128,2026/07/24 16:26:15.157,0,GPU-e2681f6e-8d94-2d66-484f-43ea602335f9,94.98,1410,1593,0,0,73511,51
2026/07/24 16:26:15.142,2026/07/24 16:26:15.128,2026/07/24 16:26:15.157,1,GPU-713d5b24-2a1e-fd4a-7685-c3d195ff9230,84.74,1410,1593,0,0,73511,38
2026/07/24 16:26:15.394,2026/07/24 16:26:15.378,2026/07/24 16:26:15.411,0,GPU-e2681f6e-8d94-2d66-484f-43ea602335f9,213.63,1410,1593,0,0,73511,55
2026/07/24 16:26:15.394,2026/07/24 16:26:15.378,2026/07/24 16:26:15.411,1,GPU-713d5b24-2a1e-fd4a-7685-c3d195ff9230,84.05,1410,1593,0,0,73511,37
2026/07/24 16:26:15.668,2026/07/24 16:26:15.628,2026/07/24 16:26:15.709,0,GPU-e2681f6e-8d94-2d66-484f-43ea602335f9,389.96,1410,1593,51,10,73511,60
2026/07/24 16:26:15.668,2026/07/24 16:26:15.628,2026/07/24 16:26:15.709,1,GPU-713d5b24-2a1e-fd4a-7685-c3d195ff9230,84.05,1410,1593,0,0,73511,37
2026/07/24 16:26:15.891,2026/07/24 16:26:15.878,2026/07/24 16:26:15.904,0,GPU-e2681f6e-8d94-2d66-484f-43ea602335f9,386.34,1410,1593,100,16,73511,66
2026/07/24 16:26:15.891,2026/07/24 16:26:15.878,2026/07/24 16:26:15.904,1,GPU-713d5b24-2a1e-fd4a-7685-c3d195ff9230,97.64,1410,1593,1,0,73511,37
2026/07/24 16:26:16.144,2026/07/24 16:26:16.128,2026/07/24 16:26:16.160,0,GPU-e2681f6e-8d94-2d66-484f-43ea602335f9,396.29,1410,1593,100,18,73511,66
2026/07/24 16:26:16.144,2026/07/24 16:26:16.128,2026/07/24 16:26:16.160,1,GPU-713d5b24-2a1e-fd4a-7685-c3d195ff9230,243.77,1410,1593,94,41,73511,41
2026/07/24 16:26:16.393,2026/07/24 16:26:16.379,2026/07/24 16:26:16.407,0,GPU-e2681f6e-8d94-2d66-484f-43ea602335f9,400.78,1410,1593,100,14,73511,67
2026/07/24 16:26:16.393,2026/07/24 16:26:16.379,2026/07/24 16:26:16.407,1,GPU-713d5b24-2a1e-fd4a-7685-c3d195ff9230,84.74,1410,1593,80,42,73511,39
2026/07/24 16:26:16.673,2026/07/24 16:26:16.629,2026/07/24 16:26:16.718,0,GPU-e2681f6e-8d94-2d66-484f-43ea602335f9,105.87,1410,1593,100,13,73511,59
2026/07/24 16:26:16.673,2026/07/24 16:26:16.629,2026/07/24 16:26:16.718,1,GPU-713d5b24-2a1e-fd4a-7685-c3d195ff9230,238.36,1410,1593,64,21,73511,40
2026/07/24 16:26:16.893,2026/07/24 16:26:16.879,2026/07/24 16:26:16.908,0,GPU-e2681f6e-8d94-2d66-484f-43ea602335f9,98.34,1410,1593,0,0,73511,54
2026/07/24 16:26:16.893,2026/07/24 16:26:16.879,2026/07/24 16:26:16.908,1,GPU-713d5b24-2a1e-fd4a-7685-c3d195ff9230,85.84,1410,1593,64,21,73511,40
2026/07/24 16:26:17.144,2026/07/24 16:26:17.129,2026/07/24 16:26:17.158,0,GPU-e2681f6e-8d94-2d66-484f-43ea602335f9,95.90,1410,1593,0,0,73511,52
2026/07/24 16:26:17.144,2026/07/24 16:26:17.129,2026/07/24 16:26:17.158,1,GPU-713d5b24-2a1e-fd4a-7685-c3d195ff9230,84.38,1410,1593,0,0,73511,38
2026/07/24 16:26:17.393,2026/07/24 16:26:17.379,2026/07/24 16:26:17.407,0,GPU-e2681f6e-8d94-2d66-484f-43ea602335f9,95.30,1410,1593,0,0,73511,51
2026/07/24 16:26:17.393,2026/07/24 16:26:17.379,2026/07/24 16:26:17.407,1,GPU-713d5b24-2a1e-fd4a-7685-c3d195ff9230,84.05,1410,1593,0,0,73511,37
2026/07/24 16:26:17.645,2026/07/24 16:26:17.629,2026/07/24 16:26:17.660,0,GPU-e2681f6e-8d94-2d66-484f-43ea602335f9,94.98,1410,1593,0,0,73511,50
2026/07/24 16:26:17.645,2026/07/24 16:26:17.629,2026/07/24 16:26:17.660,1,GPU-713d5b24-2a1e-fd4a-7685-c3d195ff9230,84.14,1410,1593,0,0,73511,37
2026/07/24 16:26:17.900,2026/07/24 16:26:17.879,2026/07/24 16:26:17.921,0,GPU-e2681f6e-8d94-2d66-484f-43ea602335f9,386.93,1410,1593,0,0,73511,59
2026/07/24 16:26:17.900,2026/07/24 16:26:17.879,2026/07/24 16:26:17.921,1,GPU-713d5b24-2a1e-fd4a-7685-c3d195ff9230,84.05,1410,1593,0,0,73511,37
2026/07/24 16:26:18.144,2026/07/24 16:26:18.129,2026/07/24 16:26:18.159,0,GPU-e2681f6e-8d94-2d66-484f-43ea602335f9,396.56,1410,1593,100,15,73511,64
2026/07/24 16:26:18.144,2026/07/24 16:26:18.129,2026/07/24 16:26:18.159,1,GPU-713d5b24-2a1e-fd4a-7685-c3d195ff9230,84.05,1410,1593,0,0,73511,37
2026/07/24 16:26:18.396,2026/07/24 16:26:18.379,2026/07/24 16:26:18.412,0,GPU-e2681f6e-8d94-2d66-484f-43ea602335f9,402.80,1410,1593,100,13,73511,66
2026/07/24 16:26:18.396,2026/07/24 16:26:18.379,2026/07/24 16:26:18.412,1,GPU-713d5b24-2a1e-fd4a-7685-c3d195ff9230,84.05,1410,1593,0,0,73511,36
2026/07/24 16:26:18.650,2026/07/24 16:26:18.629,2026/07/24 16:26:18.671,0,GPU-e2681f6e-8d94-2d66-484f-43ea602335f9,407.44,1410,1593,100,17,73511,67
2026/07/24 16:26:18.650,2026/07/24 16:26:18.629,2026/07/24 16:26:18.671,1,GPU-713d5b24-2a1e-fd4a-7685-c3d195ff9230,245.29,1410,1593,98,49,73511,40
2026/07/24 16:26:18.895,2026/07/24 16:26:18.879,2026/07/24 16:26:18.910,0,GPU-e2681f6e-8d94-2d66-484f-43ea602335f9,403.22,1410,1593,100,15,73511,68
2026/07/24 16:26:18.895,2026/07/24 16:26:18.879,2026/07/24 16:26:18.910,1,GPU-713d5b24-2a1e-fd4a-7685-c3d195ff9230,248.32,1410,1593,92,48,73511,40
2026/07/24 16:26:19.145,2026/07/24 16:26:19.129,2026/07/24 16:26:19.160,0,GPU-e2681f6e-8d94-2d66-484f-43ea602335f9,421.89,1410,1593,100,17,73511,69
2026/07/24 16:26:19.145,2026/07/24 16:26:19.129,2026/07/24 16:26:19.160,1,GPU-713d5b24-2a1e-fd4a-7685-c3d195ff9230,239.55,1410,1593,48,16,73511,41
2026/07/24 16:26:19.394,2026/07/24 16:26:19.379,2026/07/24 16:26:19.410,0,GPU-e2681f6e-8d94-2d66-484f-43ea602335f9,389.96,1410,1593,100,14,73511,68
2026/07/24 16:26:19.394,2026/07/24 16:26:19.379,2026/07/24 16:26:19.410,1,GPU-713d5b24-2a1e-fd4a-7685-c3d195ff9230,248.32,1410,1593,100,52,73511,41
2026/07/24 16:26:19.680,2026/07/24 16:26:19.629,2026/07/24 16:26:19.731,0,GPU-e2681f6e-8d94-2d66-484f-43ea602335f9,101.05,1410,1593,60,10,73511,56
2026/07/24 16:26:19.680,2026/07/24 16:26:19.629,2026/07/24 16:26:19.731,1,GPU-713d5b24-2a1e-fd4a-7685-c3d195ff9230,192.25,1410,1593,55,24,73511,42
2026/07/24 16:26:19.901,2026/07/24 16:26:19.880,2026/07/24 16:26:19.923,0,GPU-e2681f6e-8d94-2d66-484f-43ea602335f9,403.40,1410,1593,96,18,73511,65
2026/07/24 16:26:19.901,2026/07/24 16:26:19.880,2026/07/24 16:26:19.923,1,GPU-713d5b24-2a1e-fd4a-7685-c3d195ff9230,85.84,1410,1593,28,15,73511,40
2026/07/24 16:26:20.143,2026/07/24 16:26:20.130,2026/07/24 16:26:20.157,0,GPU-e2681f6e-8d94-2d66-484f-43ea602335f9,405.93,1410,1593,100,15,73511,67
2026/07/24 16:26:20.143,2026/07/24 16:26:20.130,2026/07/24 16:26:20.157,1,GPU-713d5b24-2a1e-fd4a-7685-c3d195ff9230,84.97,1410,1593,0,0,73511,38
2026/07/24 16:26:20.395,2026/07/24 16:26:20.380,2026/07/24 16:26:20.410,0,GPU-e2681f6e-8d94-2d66-484f-43ea602335f9,418.00,1410,1593,100,17,73511,69
2026/07/24 16:26:20.395,2026/07/24 16:26:20.380,2026/07/24 16:26:20.410,1,GPU-713d5b24-2a1e-fd4a-7685-c3d195ff9230,204.32,1410,1593,10,0,73511,40
2026/07/24 16:26:20.644,2026/07/24 16:26:20.630,2026/07/24 16:26:20.659,0,GPU-e2681f6e-8d94-2d66-484f-43ea602335f9,398.08,1410,1593,100,16,73511,69
2026/07/24 16:26:20.644,2026/07/24 16:26:20.630,2026/07/24 16:26:20.659,1,GPU-713d5b24-2a1e-fd4a-7685-c3d195ff9230,246.21,1410,1593,98,48,73511,42
2026/07/24 16:26:20.895,2026/07/24 16:26:20.880,2026/07/24 16:26:20.911,0,GPU-e2681f6e-8d94-2d66-484f-43ea602335f9,424.33,1410,1593,100,13,73511,64
2026/07/24 16:26:20.895,2026/07/24 16:26:20.880,2026/07/24 16:26:20.911,1,GPU-713d5b24-2a1e-fd4a-7685-c3d195ff9230,94.02,1410,1593,87,46,73511,39
2026/07/24 16:26:21.397,2026/07/24 16:26:21.384,2026/07/24 16:26:21.410,0,GPU-e2681f6e-8d94-2d66-484f-43ea602335f9,402.63,1410,1593,100,16,73511,69
2026/07/24 16:26:21.397,2026/07/24 16:26:21.384,2026/07/24 16:26:21.410,1,GPU-713d5b24-2a1e-fd4a-7685-c3d195ff9230,84.74,1410,1593,5,3,73511,38
2026/07/24 16:26:21.647,2026/07/24 16:26:21.634,2026/07/24 16:26:21.661,0,GPU-e2681f6e-8d94-2d66-484f-43ea602335f9,104.08,1410,1593,18,3,73511,56
2026/07/24 16:26:21.647,2026/07/24 16:26:21.634,2026/07/24 16:26:21.661,1,GPU-713d5b24-2a1e-fd4a-7685-c3d195ff9230,249.18,1410,1593,16,0,73511,42
2026/07/24 16:26:21.898,2026/07/24 16:26:21.884,2026/07/24 16:26:21.911,0,GPU-e2681f6e-8d94-2d66-484f-43ea602335f9,98.01,1410,1593,8,2,73511,54
2026/07/24 16:26:21.898,2026/07/24 16:26:21.884,2026/07/24 16:26:21.911,1,GPU-713d5b24-2a1e-fd4a-7685-c3d195ff9230,87.08,1410,1593,97,50,73511,39
2026/07/24 16:26:22.145,2026/07/24 16:26:22.134,2026/07/24 16:26:22.157,0,GPU-e2681f6e-8d94-2d66-484f-43ea602335f9,400.19,1410,1593,100,18,73511,65
2026/07/24 16:26:22.145,2026/07/24 16:26:22.134,2026/07/24 16:26:22.157,1,GPU-713d5b24-2a1e-fd4a-7685-c3d195ff9230,84.65,1410,1593,0,0,73511,38
2026/07/24 16:26:22.399,2026/07/24 16:26:22.384,2026/07/24 16:26:22.414,0,GPU-e2681f6e-8d94-2d66-484f-43ea602335f9,398.08,1410,1593,100,15,73511,67
2026/07/24 16:26:22.399,2026/07/24 16:26:22.384,2026/07/24 16:26:22.414,1,GPU-713d5b24-2a1e-fd4a-7685-c3d195ff9230,84.38,1410,1593,0,0,73511,38
2026/07/24 16:26:22.650,2026/07/24 16:26:22.634,2026/07/24 16:26:22.666,0,GPU-e2681f6e-8d94-2d66-484f-43ea602335f9,101.64,1410,1593,32,5,73511,56
2026/07/24 16:26:22.650,2026/07/24 16:26:22.634,2026/07/24 16:26:22.666,1,GPU-713d5b24-2a1e-fd4a-7685-c3d195ff9230,246.21,1410,1593,36,10,73511,41
2026/07/24 16:26:22.906,2026/07/24 16:26:22.884,2026/07/24 16:26:22.928,0,GPU-e2681f6e-8d94-2d66-484f-43ea602335f9,97.74,1410,1593,0,0,73511,53
2026/07/24 16:26:22.906,2026/07/24 16:26:22.884,2026/07/24 16:26:22.928,1,GPU-713d5b24-2a1e-fd4a-7685-c3d195ff9230,102.24,1410,1593,100,53,73511,39
2026/07/24 16:26:23.148,2026/07/24 16:26:23.134,2026/07/24 16:26:23.162,0,GPU-e2681f6e-8d94-2d66-484f-43ea602335f9,96.22,1410,1593,0,0,73511,52
2026/07/24 16:26:23.148,2026/07/24 16:26:23.134,2026/07/24 16:26:23.162,1,GPU-713d5b24-2a1e-fd4a-7685-c3d195ff9230,84.65,1410,1593,0,0,73511,38
2026/07/24 16:26:23.398,2026/07/24 16:26:23.385,2026/07/24 16:26:23.412,0,GPU-e2681f6e-8d94-2d66-484f-43ea602335f9,388.77,1410,1593,17,4,73511,59
2026/07/24 16:26:23.398,2026/07/24 16:26:23.385,2026/07/24 16:26:23.412,1,GPU-713d5b24-2a1e-fd4a-7685-c3d195ff9230,84.38,1410,1593,0,0,73511,38
2026/07/24 16:26:23.648,2026/07/24 16:26:23.635,2026/07/24 16:26:23.661,0,GPU-e2681f6e-8d94-2d66-484f-43ea602335f9,390.88,1410,1593,100,17,73511,65
2026/07/24 16:26:23.648,2026/07/24 16:26:23.635,2026/07/24 16:26:23.661,1,GPU-713d5b24-2a1e-fd4a-7685-c3d195ff9230,84.38,1410,1593,0,0,73511,37
2026/07/24 16:26:23.900,2026/07/24 16:26:23.885,2026/07/24 16:26:23.915,0,GPU-e2681f6e-8d94-2d66-484f-43ea602335f9,388.44,1410,1593,100,14,73511,67
2026/07/24 16:26:23.900,2026/07/24 16:26:23.885,2026/07/24 16:26:23.915,1,GPU-713d5b24-2a1e-fd4a-7685-c3d195ff9230,84.38,1410,1593,0,0,73511,37
2026/07/24 16:26:24.148,2026/07/24 16:26:24.135,2026/07/24 16:26:24.162,0,GPU-e2681f6e-8d94-2d66-484f-43ea602335f9,413.18,1410,1593,54,11,73511,65
2026/07/24 16:26:24.148,2026/07/24 16:26:24.135,2026/07/24 16:26:24.162,1,GPU-713d5b24-2a1e-fd4a-7685-c3d195ff9230,240.47,1410,1593,84,33,73511,41
2026/07/24 16:26:24.398,2026/07/24 16:26:24.385,2026/07/24 16:26:24.411,0,GPU-e2681f6e-8d94-2d66-484f-43ea602335f9,401.38,1410,1593,100,16,73511,67
2026/07/24 16:26:24.398,2026/07/24 16:26:24.385,2026/07/24 16:26:24.411,1,GPU-713d5b24-2a1e-fd4a-7685-c3d195ff9230,88.60,1410,1593,93,48,73511,40
2026/07/24 16:26:24.648,2026/07/24 16:26:24.635,2026/07/24 16:26:24.661,0,GPU-e2681f6e-8d94-2d66-484f-43ea602335f9,423.41,1410,1593,100,15,73511,68
2026/07/24 16:26:24.648,2026/07/24 16:26:24.635,2026/07/24 16:26:24.661,1,GPU-713d5b24-2a1e-fd4a-7685-c3d195ff9230,84.97,1410,1593,0,0,73511,40
2026/07/24 16:26:24.900,2026/07/24 16:26:24.885,2026/07/24 16:26:24.915,0,GPU-e2681f6e-8d94-2d66-484f-43ea602335f9,409.82,1410,1593,100,18,73511,69
2026/07/24 16:26:24.900,2026/07/24 16:26:24.885,2026/07/24 16:26:24.915,1,GPU-713d5b24-2a1e-fd4a-7685-c3d195ff9230,241.66,1410,1593,56,20,73511,42
2026/07/24 16:26:25.149,2026/07/24 16:26:25.135,2026/07/24 16:26:25.163,0,GPU-e2681f6e-8d94-2d66-484f-43ea602335f9,422.22,1410,1593,100,18,73511,70
2026/07/24 16:26:25.149,2026/07/24 16:26:25.135,2026/07/24 16:26:25.163,1,GPU-713d5b24-2a1e-fd4a-7685-c3d195ff9230,246.48,1410,1593,93,41,73511,43
2026/07/24 16:26:25.398,2026/07/24 16:26:25.385,2026/07/24 16:26:25.412,0,GPU-e2681f6e-8d94-2d66-484f-43ea602335f9,404.73,1410,1593,100,14,73511,70
2026/07/24 16:26:25.398,2026/07/24 16:26:25.385,2026/07/24 16:26:25.412,1,GPU-713d5b24-2a1e-fd4a-7685-c3d195ff9230,247.72,1410,1593,100,53,73511,42
2026/07/24 16:26:25.650,2026/07/24 16:26:25.635,2026/07/24 16:26:25.665,0,GPU-e2681f6e-8d94-2d66-484f-43ea602335f9,403.49,1410,1593,100,12,73511,70
2026/07/24 16:26:25.650,2026/07/24 16:26:25.635,2026/07/24 16:26:25.665,1,GPU-713d5b24-2a1e-fd4a-7685-c3d195ff9230,85.66,1410,1593,41,22,73511,39
2026/07/24 16:26:25.903,2026/07/24 16:26:25.885,2026/07/24 16:26:25.922,0,GPU-e2681f6e-8d94-2d66-484f-43ea602335f9,417.67,1410,1593,100,14,73511,70
2026/07/24 16:26:25.903,2026/07/24 16:26:25.885,2026/07/24 16:26:25.922,1,GPU-713d5b24-2a1e-fd4a-7685-c3d195ff9230,234.14,1410,1593,77,27,73511,40
2026/07/24 16:26:26.149,2026/07/24 16:26:26.135,2026/07/24 16:26:26.162,0,GPU-e2681f6e-8d94-2d66-484f-43ea602335f9,419.46,1410,1593,100,15,73511,70
2026/07/24 16:26:26.149,2026/07/24 16:26:26.135,2026/07/24 16:26:26.162,1,GPU-713d5b24-2a1e-fd4a-7685-c3d195ff9230,244.10,1410,1593,94,49,73511,41
2026/07/24 16:26:26.653,2026/07/24 16:26:26.635,2026/07/24 16:26:26.671,0,GPU-e2681f6e-8d94-2d66-484f-43ea602335f9,407.44,1410,1593,100,17,73511,71
2026/07/24 16:26:26.653,2026/07/24 16:26:26.635,2026/07/24 16:26:26.671,1,GPU-713d5b24-2a1e-fd4a-7685-c3d195ff9230,249.51,1410,1593,100,53,73511,41
2026/07/24 16:26:26.901,2026/07/24 16:26:26.886,2026/07/24 16:26:26.917,0,GPU-e2681f6e-8d94-2d66-484f-43ea602335f9,430.49,1410,1593,100,13,73511,71
2026/07/24 16:26:26.901,2026/07/24 16:26:26.886,2026/07/24 16:26:26.917,1,GPU-713d5b24-2a1e-fd4a-7685-c3d195ff9230,88.60,1410,1593,40,21,73511,39
2026/07/24 16:26:27.150,2026/07/24 16:26:27.136,2026/07/24 16:26:27.165,0,GPU-e2681f6e-8d94-2d66-484f-43ea602335f9,418.00,1410,1593,100,17,73511,71
2026/07/24 16:26:27.150,2026/07/24 16:26:27.136,2026/07/24 16:26:27.165,1,GPU-713d5b24-2a1e-fd4a-7685-c3d195ff9230,247.99,1410,1593,100,52,73511,43
2026/07/24 16:26:27.400,2026/07/24 16:26:27.386,2026/07/24 16:26:27.414,0,GPU-e2681f6e-8d94-2d66-484f-43ea602335f9,397.39,1410,1593,100,13,73511,71
2026/07/24 16:26:27.400,2026/07/24 16:26:27.386,2026/07/24 16:26:27.414,1,GPU-713d5b24-2a1e-fd4a-7685-c3d195ff9230,86.49,1410,1593,79,41,73511,40
2026/07/24 16:26:27.652,2026/07/24 16:26:27.636,2026/07/24 16:26:27.667,0,GPU-e2681f6e-8d94-2d66-484f-43ea602335f9,103.76,1410,1593,32,6,73511,58
2026/07/24 16:26:27.652,2026/07/24 16:26:27.636,2026/07/24 16:26:27.667,1,GPU-713d5b24-2a1e-fd4a-7685-c3d195ff9230,242.58,1410,1593,28,3,73511,43
2026/07/24 16:26:27.898,2026/07/24 16:26:27.886,2026/07/24 16:26:27.911,0,GPU-e2681f6e-8d94-2d66-484f-43ea602335f9,100.23,1410,1593,0,0,73511,55
2026/07/24 16:26:27.898,2026/07/24 16:26:27.886,2026/07/24 16:26:27.911,1,GPU-713d5b24-2a1e-fd4a-7685-c3d195ff9230,241.66,1410,1593,100,52,73511,42
2026/07/24 16:26:28.149,2026/07/24 16:26:28.136,2026/07/24 16:26:28.162,0,GPU-e2681f6e-8d94-2d66-484f-43ea602335f9,97.09,1410,1593,0,0,73511,54
2026/07/24 16:26:28.149,2026/07/24 16:26:28.136,2026/07/24 16:26:28.162,1,GPU-713d5b24-2a1e-fd4a-7685-c3d195ff9230,85.06,1410,1593,0,0,73511,39
2026/07/24 16:26:28.403,2026/07/24 16:26:28.386,2026/07/24 16:26:28.420,0,GPU-e2681f6e-8d94-2d66-484f-43ea602335f9,96.82,1410,1593,22,4,73511,60
2026/07/24 16:26:28.403,2026/07/24 16:26:28.386,2026/07/24 16:26:28.420,1,GPU-713d5b24-2a1e-fd4a-7685-c3d195ff9230,85.84,1410,1593,0,0,73511,38
2026/07/24 16:26:28.651,2026/07/24 16:26:28.636,2026/07/24 16:26:28.666,0,GPU-e2681f6e-8d94-2d66-484f-43ea602335f9,395.97,1410,1593,100,17,73511,67
2026/07/24 16:26:28.651,2026/07/24 16:26:28.636,2026/07/24 16:26:28.666,1,GPU-713d5b24-2a1e-fd4a-7685-c3d195ff9230,84.65,1410,1593,0,0,73511,38
2026/07/24 16:26:28.901,2026/07/24 16:26:28.886,2026/07/24 16:26:28.916,0,GPU-e2681f6e-8d94-2d66-484f-43ea602335f9,401.89,1410,1593,100,15,73511,69
2026/07/24 16:26:28.901,2026/07/24 16:26:28.886,2026/07/24 16:26:28.916,1,GPU-713d5b24-2a1e-fd4a-7685-c3d195ff9230,84.38,1410,1593,19,1,73511,38
2026/07/24 16:26:29.153,2026/07/24 16:26:29.136,2026/07/24 16:26:29.170,0,GPU-e2681f6e-8d94-2d66-484f-43ea602335f9,413.45,1410,1593,100,15,73511,69
2026/07/24 16:26:29.153,2026/07/24 16:26:29.136,2026/07/24 16:26:29.170,1,GPU-713d5b24-2a1e-fd4a-7685-c3d195ff9230,243.77,1410,1593,100,53,73511,42
2026/07/24 16:26:29.405,2026/07/24 16:26:29.386,2026/07/24 16:26:29.425,0,GPU-e2681f6e-8d94-2d66-484f-43ea602335f9,411.67,1410,1593,100,16,73511,70
2026/07/24 16:26:29.405,2026/07/24 16:26:29.386,2026/07/24 16:26:29.425,1,GPU-713d5b24-2a1e-fd4a-7685-c3d195ff9230,85.33,1410,1593,59,31,73511,40
2026/07/24 16:26:29.653,2026/07/24 16:26:29.636,2026/07/24 16:26:29.670,0,GPU-e2681f6e-8d94-2d66-484f-43ea602335f9,414.05,1410,1593,100,16,73511,71
2026/07/24 16:26:29.653,2026/07/24 16:26:29.636,2026/07/24 16:26:29.670,1,GPU-713d5b24-2a1e-fd4a-7685-c3d195ff9230,241.99,1410,1593,55,19,73511,43
2026/07/24 16:26:29.902,2026/07/24 16:26:29.886,2026/07/24 16:26:29.917,0,GPU-e2681f6e-8d94-2d66-484f-43ea602335f9,155.66,1410,1593,100,13,73511,64
2026/07/24 16:26:29.902,2026/07/24 16:26:29.886,2026/07/24 16:26:29.917,1,GPU-713d5b24-2a1e-fd4a-7685-c3d195ff9230,243.50,1410,1593,100,53,73511,40
2026/07/24 16:26:30.185,2026/07/24 16:26:30.136,2026/07/24 16:26:30.233,0,GPU-e2681f6e-8d94-2d66-484f-43ea602335f9,405.93,1410,1593,41,8,73511,66
2026/07/24 16:26:30.185,2026/07/24 16:26:30.136,2026/07/24 16:26:30.233,1,GPU-713d5b24-2a1e-fd4a-7685-c3d195ff9230,247.40,1410,1593,97,49,73511,43
2026/07/24 16:26:30.415,2026/07/24 16:26:30.387,2026/07/24 16:26:30.443,0,GPU-e2681f6e-8d94-2d66-484f-43ea602335f9,410.75,1410,1593,100,15,73511,69
2026/07/24 16:26:30.415,2026/07/24 16:26:30.387,2026/07/24 16:26:30.443,1,GPU-713d5b24-2a1e-fd4a-7685-c3d195ff9230,85.84,1410,1593,48,25,73511,40
2026/07/24 16:26:30.653,2026/07/24 16:26:30.637,2026/07/24 16:26:30.669,0,GPU-e2681f6e-8d94-2d66-484f-43ea602335f9,127.00,1410,1593,86,12,73511,62
2026/07/24 16:26:30.653,2026/07/24 16:26:30.637,2026/07/24 16:26:30.669,1,GPU-713d5b24-2a1e-fd4a-7685-c3d195ff9230,85.06,1410,1593,0,0,73511,39
2026/07/24 16:26:30.902,2026/07/24 16:26:30.887,2026/07/24 16:26:30.916,0,GPU-e2681f6e-8d94-2d66-484f-43ea602335f9,99.86,1410,1593,0,0,73511,57
2026/07/24 16:26:30.902,2026/07/24 16:26:30.887,2026/07/24 16:26:30.916,1,GPU-713d5b24-2a1e-fd4a-7685-c3d195ff9230,243.50,1410,1593,67,26,73511,43
2026/07/24 16:26:31.153,2026/07/24 16:26:31.137,2026/07/24 16:26:31.170,0,GPU-e2681f6e-8d94-2d66-484f-43ea602335f9,98.34,1410,1593,0,0,73511,54
2026/07/24 16:26:31.153,2026/07/24 16:26:31.137,2026/07/24 16:26:31.170,1,GPU-713d5b24-2a1e-fd4a-7685-c3d195ff9230,85.25,1410,1593,18,9,73511,40
2026/07/24 16:26:31.416,2026/07/24 16:26:31.387,2026/07/24 16:26:31.445,0,GPU-e2681f6e-8d94-2d66-484f-43ea602335f9,96.49,1410,1593,0,0,73511,53
2026/07/24 16:26:31.416,2026/07/24 16:26:31.387,2026/07/24 16:26:31.445,1,GPU-713d5b24-2a1e-fd4a-7685-c3d195ff9230,85.25,1410,1593,0,0,73511,38
2026/07/24 16:26:31.651,2026/07/24 16:26:31.637,2026/07/24 16:26:31.664,0,GPU-e2681f6e-8d94-2d66-484f-43ea602335f9,97.42,1410,1593,0,0,73511,52
2026/07/24 16:26:31.651,2026/07/24 16:26:31.637,2026/07/24 16:26:31.664,1,GPU-713d5b24-2a1e-fd4a-7685-c3d195ff9230,84.97,1410,1593,0,0,73511,38
2026/07/24 16:26:31.901,2026/07/24 16:26:31.887,2026/07/24 16:26:31.915,0,GPU-e2681f6e-8d94-2d66-484f-43ea602335f9,96.22,1410,1593,0,0,73511,52
2026/07/24 16:26:31.901,2026/07/24 16:26:31.887,2026/07/24 16:26:31.915,1,GPU-713d5b24-2a1e-fd4a-7685-c3d195ff9230,84.46,1410,1593,0,0,73511,38
2026/07/24 16:26:32.152,2026/07/24 16:26:32.137,2026/07/24 16:26:32.167,0,GPU-e2681f6e-8d94-2d66-484f-43ea602335f9,95.90,1410,1593,0,0,73511,51
2026/07/24 16:26:32.152,2026/07/24 16:26:32.137,2026/07/24 16:26:32.167,1,GPU-713d5b24-2a1e-fd4a-7685-c3d195ff9230,84.38,1410,1593,0,0,73511,37
2026/07/24 16:26:32.401,2026/07/24 16:26:32.387,2026/07/24 16:26:32.415,0,GPU-e2681f6e-8d94-2d66-484f-43ea602335f9,95.30,1410,1593,0,0,73511,51
2026/07/24 16:26:32.401,2026/07/24 16:26:32.387,2026/07/24 16:26:32.415,1,GPU-713d5b24-2a1e-fd4a-7685-c3d195ff9230,84.38,1410,1593,0,0,73511,37
2026/07/24 16:26:32.650,2026/07/24 16:26:32.637,2026/07/24 16:26:32.663,0,GPU-e2681f6e-8d94-2d66-484f-43ea602335f9,95.63,1410,1593,0,0,73511,51
2026/07/24 16:26:32.650,2026/07/24 16:26:32.637,2026/07/24 16:26:32.663,1,GPU-713d5b24-2a1e-fd4a-7685-c3d195ff9230,84.38,1410,1593,0,0,73511,37
2026/07/24 16:26:32.903,2026/07/24 16:26:32.887,2026/07/24 16:26:32.918,0,GPU-e2681f6e-8d94-2d66-484f-43ea602335f9,399.00,1410,1593,30,6,73511,61
2026/07/24 16:26:32.903,2026/07/24 16:26:32.887,2026/07/24 16:26:32.918,1,GPU-713d5b24-2a1e-fd4a-7685-c3d195ff9230,84.38,1410,1593,0,0,73511,37
2026/07/24 16:26:33.153,2026/07/24 16:26:33.137,2026/07/24 16:26:33.169,0,GPU-e2681f6e-8d94-2d66-484f-43ea602335f9,389.04,1410,1593,100,17,73511,65
2026/07/24 16:26:33.153,2026/07/24 16:26:33.137,2026/07/24 16:26:33.169,1,GPU-713d5b24-2a1e-fd4a-7685-c3d195ff9230,84.38,1410,1593,0,0,73511,37
2026/07/24 16:26:33.404,2026/07/24 16:26:33.387,2026/07/24 16:26:33.421,0,GPU-e2681f6e-8d94-2d66-484f-43ea602335f9,403.82,1410,1593,100,18,73511,67
2026/07/24 16:26:33.404,2026/07/24 16:26:33.387,2026/07/24 16:26:33.421,1,GPU-713d5b24-2a1e-fd4a-7685-c3d195ff9230,246.21,1410,1593,57,21,73511,40
2026/07/24 16:26:33.652,2026/07/24 16:26:33.638,2026/07/24 16:26:33.667,0,GPU-e2681f6e-8d94-2d66-484f-43ea602335f9,383.63,1410,1593,100,16,73511,62
2026/07/24 16:26:33.652,2026/07/24 16:26:33.638,2026/07/24 16:26:33.667,1,GPU-713d5b24-2a1e-fd4a-7685-c3d195ff9230,87.36,1410,1593,91,48,73511,39
2026/07/24 16:26:33.903,2026/07/24 16:26:33.888,2026/07/24 16:26:33.917,0,GPU-e2681f6e-8d94-2d66-484f-43ea602335f9,98.61,1410,1593,5,1,73511,56
2026/07/24 16:26:33.903,2026/07/24 16:26:33.888,2026/07/24 16:26:33.917,1,GPU-713d5b24-2a1e-fd4a-7685-c3d195ff9230,248.91,1410,1593,46,16,73511,42
2026/07/24 16:26:34.153,2026/07/24 16:26:34.138,2026/07/24 16:26:34.169,0,GPU-e2681f6e-8d94-2d66-484f-43ea602335f9,97.09,1410,1593,0,0,73511,53
2026/07/24 16:26:34.153,2026/07/24 16:26:34.138,2026/07/24 16:26:34.169,1,GPU-713d5b24-2a1e-fd4a-7685-c3d195ff9230,85.57,1410,1593,12,6,73511,39
2026/07/24 16:26:34.405,2026/07/24 16:26:34.388,2026/07/24 16:26:34.423,0,GPU-e2681f6e-8d94-2d66-484f-43ea602335f9,96.49,1410,1593,0,0,73511,52
2026/07/24 16:26:34.405,2026/07/24 16:26:34.388,2026/07/24 16:26:34.423,1,GPU-713d5b24-2a1e-fd4a-7685-c3d195ff9230,84.97,1410,1593,0,0,73511,38
2026/07/24 16:26:34.652,2026/07/24 16:26:34.638,2026/07/24 16:26:34.666,0,GPU-e2681f6e-8d94-2d66-484f-43ea602335f9,95.63,1410,1593,0,0,73511,51
2026/07/24 16:26:34.652,2026/07/24 16:26:34.638,2026/07/24 16:26:34.666,1,GPU-713d5b24-2a1e-fd4a-7685-c3d195ff9230,84.74,1410,1593,0,0,73511,38
2026/07/24 16:26:34.902,2026/07/24 16:26:34.888,2026/07/24 16:26:34.916,0,GPU-e2681f6e-8d94-2d66-484f-43ea602335f9,94.98,1410,1593,0,0,73511,51
2026/07/24 16:26:34.902,2026/07/24 16:26:34.888,2026/07/24 16:26:34.916,1,GPU-713d5b24-2a1e-fd4a-7685-c3d195ff9230,84.65,1410,1593,0,0,73511,37
2026/07/24 16:26:35.152,2026/07/24 16:26:35.138,2026/07/24 16:26:35.167,0,GPU-e2681f6e-8d94-2d66-484f-43ea602335f9,94.38,1410,1593,0,0,73511,50
2026/07/24 16:26:35.152,2026/07/24 16:26:35.138,2026/07/24 16:26:35.167,1,GPU-713d5b24-2a1e-fd4a-7685-c3d195ff9230,84.38,1410,1593,0,0,73511,37
2026/07/24 16:26:35.403,2026/07/24 16:26:35.388,2026/07/24 16:26:35.418,0,GPU-e2681f6e-8d94-2d66-484f-43ea602335f9,94.38,1410,1593,0,0,73511,50
2026/07/24 16:26:35.403,2026/07/24 16:26:35.388,2026/07/24 16:26:35.418,1,GPU-713d5b24-2a1e-fd4a-7685-c3d195ff9230,84.38,1410,1593,0,0,73511,37
2026/07/24 16:26:35.654,2026/07/24 16:26:35.638,2026/07/24 16:26:35.669,0,GPU-e2681f6e-8d94-2d66-484f-43ea602335f9,94.38,1410,1593,0,0,73511,50
2026/07/24 16:26:35.654,2026/07/24 16:26:35.638,2026/07/24 16:26:35.669,1,GPU-713d5b24-2a1e-fd4a-7685-c3d195ff9230,84.38,1410,1593,0,0,73511,37
2026/07/24 16:26:35.902,2026/07/24 16:26:35.888,2026/07/24 16:26:35.916,0,GPU-e2681f6e-8d94-2d66-484f-43ea602335f9,94.11,1410,1593,0,0,73511,49
2026/07/24 16:26:35.902,2026/07/24 16:26:35.888,2026/07/24 16:26:35.916,1,GPU-713d5b24-2a1e-fd4a-7685-c3d195ff9230,84.46,1410,1593,0,0,73511,37
2026/07/24 16:26:36.152,2026/07/24 16:26:36.138,2026/07/24 16:26:36.165,0,GPU-e2681f6e-8d94-2d66-484f-43ea602335f9,93.78,1410,1593,0,0,73511,49
2026/07/24 16:26:36.152,2026/07/24 16:26:36.138,2026/07/24 16:26:36.165,1,GPU-713d5b24-2a1e-fd4a-7685-c3d195ff9230,84.38,1410,1593,0,0,73511,37
2026/07/24 16:26:36.403,2026/07/24 16:26:36.388,2026/07/24 16:26:36.418,0,GPU-e2681f6e-8d94-2d66-484f-43ea602335f9,94.11,1410,1593,0,0,73511,49
2026/07/24 16:26:36.403,2026/07/24 16:26:36.388,2026/07/24 16:26:36.418,1,GPU-713d5b24-2a1e-fd4a-7685-c3d195ff9230,84.05,1410,1593,0,0,73511,37
2026/07/24 16:26:36.654,2026/07/24 16:26:36.639,2026/07/24 16:26:36.669,0,GPU-e2681f6e-8d94-2d66-484f-43ea602335f9,93.78,1410,1593,0,0,73511,49
2026/07/24 16:26:36.654,2026/07/24 16:26:36.639,2026/07/24 16:26:36.669,1,GPU-713d5b24-2a1e-fd4a-7685-c3d195ff9230,84.38,1410,1593,0,0,73511,37
2026/07/24 16:26:36.903,2026/07/24 16:26:36.889,2026/07/24 16:26:36.917,0,GPU-e2681f6e-8d94-2d66-484f-43ea602335f9,93.51,1410,1593,0,0,73511,49
2026/07/24 16:26:36.903,2026/07/24 16:26:36.889,2026/07/24 16:26:36.917,1,GPU-713d5b24-2a1e-fd4a-7685-c3d195ff9230,84.05,1410,1593,0,0,73511,37
2026/07/24 16:26:37.153,2026/07/24 16:26:37.139,2026/07/24 16:26:37.168,0,GPU-e2681f6e-8d94-2d66-484f-43ea602335f9,388.44,1410,1593,61,12,73511,60
2026/07/24 16:26:37.153,2026/07/24 16:26:37.139,2026/07/24 16:26:37.168,1,GPU-713d5b24-2a1e-fd4a-7685-c3d195ff9230,84.05,1410,1593,0,0,73511,37
2026/07/24 16:26:37.409,2026/07/24 16:26:37.389,2026/07/24 16:26:37.429,0,GPU-e2681f6e-8d94-2d66-484f-43ea602335f9,383.03,1410,1593,100,15,73511,63
2026/07/24 16:26:37.409,2026/07/24 16:26:37.389,2026/07/24 16:26:37.429,1,GPU-713d5b24-2a1e-fd4a-7685-c3d195ff9230,84.38,1410,1593,0,0,73511,36
2026/07/24 16:26:37.655,2026/07/24 16:26:37.639,2026/07/24 16:26:37.672,0,GPU-e2681f6e-8d94-2d66-484f-43ea602335f9,98.11,1410,1593,0,0,73511,52
2026/07/24 16:26:37.655,2026/07/24 16:26:37.639,2026/07/24 16:26:37.672,1,GPU-713d5b24-2a1e-fd4a-7685-c3d195ff9230,239.28,1410,1593,77,32,73511,41
2026/07/24 16:26:37.903,2026/07/24 16:26:37.889,2026/07/24 16:26:37.917,0,GPU-e2681f6e-8d94-2d66-484f-43ea602335f9,95.30,1410,1593,0,0,73511,51
2026/07/24 16:26:37.903,2026/07/24 16:26:37.889,2026/07/24 16:26:37.917,1,GPU-713d5b24-2a1e-fd4a-7685-c3d195ff9230,85.25,1410,1593,100,53,73511,40
2026/07/24 16:26:38.154,2026/07/24 16:26:38.139,2026/07/24 16:26:38.169,0,GPU-e2681f6e-8d94-2d66-484f-43ea602335f9,94.38,1410,1593,0,0,73511,57
2026/07/24 16:26:38.154,2026/07/24 16:26:38.139,2026/07/24 16:26:38.169,1,GPU-713d5b24-2a1e-fd4a-7685-c3d195ff9230,84.65,1410,1593,17,9,73511,38
2026/07/24 16:26:38.405,2026/07/24 16:26:38.389,2026/07/24 16:26:38.422,0,GPU-e2681f6e-8d94-2d66-484f-43ea602335f9,395.97,1410,1593,79,15,73511,62
2026/07/24 16:26:38.405,2026/07/24 16:26:38.389,2026/07/24 16:26:38.422,1,GPU-713d5b24-2a1e-fd4a-7685-c3d195ff9230,84.38,1410,1593,0,0,73511,37
2026/07/24 16:26:38.660,2026/07/24 16:26:38.639,2026/07/24 16:26:38.681,0,GPU-e2681f6e-8d94-2d66-484f-43ea602335f9,381.79,1410,1593,100,13,73511,65
2026/07/24 16:26:38.660,2026/07/24 16:26:38.639,2026/07/24 16:26:38.681,1,GPU-713d5b24-2a1e-fd4a-7685-c3d195ff9230,84.38,1410,1593,0,0,73511,37
2026/07/24 16:26:38.907,2026/07/24 16:26:38.889,2026/07/24 16:26:38.925,0,GPU-e2681f6e-8d94-2d66-484f-43ea602335f9,302.23,1410,1593,52,7,73511,56
2026/07/24 16:26:38.907,2026/07/24 16:26:38.889,2026/07/24 16:26:38.925,1,GPU-713d5b24-2a1e-fd4a-7685-c3d195ff9230,238.04,1410,1593,0,0,73511,38
2026/07/24 16:26:39.155,2026/07/24 16:26:39.139,2026/07/24 16:26:39.171,0,GPU-e2681f6e-8d94-2d66-484f-43ea602335f9,97.74,1410,1593,0,0,73511,52
2026/07/24 16:26:39.155,2026/07/24 16:26:39.139,2026/07/24 16:26:39.171,1,GPU-713d5b24-2a1e-fd4a-7685-c3d195ff9230,244.69,1410,1593,85,44,73511,40
2026/07/24 16:26:39.404,2026/07/24 16:26:39.390,2026/07/24 16:26:39.418,0,GPU-e2681f6e-8d94-2d66-484f-43ea602335f9,94.98,1410,1593,0,0,73511,51
2026/07/24 16:26:39.404,2026/07/24 16:26:39.390,2026/07/24 16:26:39.418,1,GPU-713d5b24-2a1e-fd4a-7685-c3d195ff9230,84.97,1410,1593,85,44,73511,38
2026/07/24 16:26:39.653,2026/07/24 16:26:39.640,2026/07/24 16:26:39.666,0,GPU-e2681f6e-8d94-2d66-484f-43ea602335f9,94.38,1410,1593,0,0,73511,50
2026/07/24 16:26:39.653,2026/07/24 16:26:39.640,2026/07/24 16:26:39.666,1,GPU-713d5b24-2a1e-fd4a-7685-c3d195ff9230,84.46,1410,1593,0,0,73511,37
2026/07/24 16:26:39.904,2026/07/24 16:26:39.890,2026/07/24 16:26:39.917,0,GPU-e2681f6e-8d94-2d66-484f-43ea602335f9,94.11,1410,1593,0,0,73511,49
2026/07/24 16:26:39.904,2026/07/24 16:26:39.890,2026/07/24 16:26:39.917,1,GPU-713d5b24-2a1e-fd4a-7685-c3d195ff9230,84.38,1410,1593,0,0,73511,37
2026/07/24 16:26:40.155,2026/07/24 16:26:40.140,2026/07/24 16:26:40.170,0,GPU-e2681f6e-8d94-2d66-484f-43ea602335f9,93.78,1410,1593,0,0,73511,49
2026/07/24 16:26:40.155,2026/07/24 16:26:40.140,2026/07/24 16:26:40.170,1,GPU-713d5b24-2a1e-fd4a-7685-c3d195ff9230,84.38,1410,1593,0,0,73511,37
2026/07/24 16:26:40.402,2026/07/24 16:26:40.390,2026/07/24 16:26:40.415,0,GPU-e2681f6e-8d94-2d66-484f-43ea602335f9,93.51,1410,1593,0,0,73511,49
2026/07/24 16:26:40.402,2026/07/24 16:26:40.390,2026/07/24 16:26:40.415,1,GPU-713d5b24-2a1e-fd4a-7685-c3d195ff9230,84.05,1410,1593,0,0,73511,37
2026/07/24 16:26:40.654,2026/07/24 16:26:40.640,2026/07/24 16:26:40.668,0,GPU-e2681f6e-8d94-2d66-484f-43ea602335f9,389.37,1410,1593,100,18,73511,58
2026/07/24 16:26:40.654,2026/07/24 16:26:40.640,2026/07/24 16:26:40.668,1,GPU-713d5b24-2a1e-fd4a-7685-c3d195ff9230,84.05,1410,1593,0,0,73511,37
2026/07/24 16:26:40.902,2026/07/24 16:26:40.890,2026/07/24 16:26:40.915,0,GPU-e2681f6e-8d94-2d66-484f-43ea602335f9,396.29,1410,1593,100,14,73511,63
2026/07/24 16:26:40.902,2026/07/24 16:26:40.890,2026/07/24 16:26:40.915,1,GPU-713d5b24-2a1e-fd4a-7685-c3d195ff9230,84.05,1410,1593,0,0,73511,36
2026/07/24 16:26:41.155,2026/07/24 16:26:41.140,2026/07/24 16:26:41.170,0,GPU-e2681f6e-8d94-2d66-484f-43ea602335f9,187.30,1410,1593,100,14,73511,64
2026/07/24 16:26:41.155,2026/07/24 16:26:41.140,2026/07/24 16:26:41.170,1,GPU-713d5b24-2a1e-fd4a-7685-c3d195ff9230,84.05,1410,1593,0,0,73511,37
2026/07/24 16:26:41.403,2026/07/24 16:26:41.390,2026/07/24 16:26:41.416,0,GPU-e2681f6e-8d94-2d66-484f-43ea602335f9,97.74,1410,1593,4,1,73511,52
2026/07/24 16:26:41.403,2026/07/24 16:26:41.390,2026/07/24 16:26:41.416,1,GPU-713d5b24-2a1e-fd4a-7685-c3d195ff9230,241.07,1410,1593,100,52,73511,41
2026/07/24 16:26:41.653,2026/07/24 16:26:41.641,2026/07/24 16:26:41.666,0,GPU-e2681f6e-8d94-2d66-484f-43ea602335f9,94.98,1410,1593,0,0,73511,51
2026/07/24 16:26:41.653,2026/07/24 16:26:41.641,2026/07/24 16:26:41.666,1,GPU-713d5b24-2a1e-fd4a-7685-c3d195ff9230,102.14,1410,1593,56,29,73511,39
2026/07/24 16:26:41.903,2026/07/24 16:26:41.891,2026/07/24 16:26:41.915,0,GPU-e2681f6e-8d94-2d66-484f-43ea602335f9,94.11,1410,1593,0,0,73511,49
2026/07/24 16:26:41.903,2026/07/24 16:26:41.891,2026/07/24 16:26:41.915,1,GPU-713d5b24-2a1e-fd4a-7685-c3d195ff9230,84.74,1410,1593,0,0,73511,37
2026/07/24 16:26:42.153,2026/07/24 16:26:42.141,2026/07/24 16:26:42.166,0,GPU-e2681f6e-8d94-2d66-484f-43ea602335f9,93.78,1410,1593,0,0,73511,52
2026/07/24 16:26:42.153,2026/07/24 16:26:42.141,2026/07/24 16:26:42.166,1,GPU-713d5b24-2a1e-fd4a-7685-c3d195ff9230,84.38,1410,1593,0,0,73511,37
2026/07/24 16:26:42.403,2026/07/24 16:26:42.391,2026/07/24 16:26:42.415,0,GPU-e2681f6e-8d94-2d66-484f-43ea602335f9,389.37,1410,1593,87,16,73511,62
2026/07/24 16:26:42.403,2026/07/24 16:26:42.391,2026/07/24 16:26:42.415,1,GPU-713d5b24-2a1e-fd4a-7685-c3d195ff9230,84.74,1410,1593,0,0,73511,37
2026/07/24 16:26:42.683,2026/07/24 16:26:42.641,2026/07/24 16:26:42.725,0,GPU-e2681f6e-8d94-2d66-484f-43ea602335f9,386.66,1410,1593,100,15,73511,64
2026/07/24 16:26:42.683,2026/07/24 16:26:42.641,2026/07/24 16:26:42.725,1,GPU-713d5b24-2a1e-fd4a-7685-c3d195ff9230,84.05,1410,1593,0,0,73511,37
2026/07/24 16:26:42.914,2026/07/24 16:26:42.891,2026/07/24 16:26:42.936,0,GPU-e2681f6e-8d94-2d66-484f-43ea602335f9,396.89,1410,1593,100,16,73511,66
2026/07/24 16:26:42.914,2026/07/24 16:26:42.891,2026/07/24 16:26:42.936,1,GPU-713d5b24-2a1e-fd4a-7685-c3d195ff9230,241.66,1410,1593,0,0,73511,37
2026/07/24 16:26:43.156,2026/07/24 16:26:43.141,2026/07/24 16:26:43.170,0,GPU-e2681f6e-8d94-2d66-484f-43ea602335f9,407.44,1410,1593,100,16,73511,66
2026/07/24 16:26:43.156,2026/07/24 16:26:43.141,2026/07/24 16:26:43.170,1,GPU-713d5b24-2a1e-fd4a-7685-c3d195ff9230,238.36,1410,1593,88,34,73511,42
2026/07/24 16:26:43.428,2026/07/24 16:26:43.391,2026/07/24 16:26:43.464,0,GPU-e2681f6e-8d94-2d66-484f-43ea602335f9,113.13,1410,1593,100,13,73511,60
2026/07/24 16:26:43.428,2026/07/24 16:26:43.391,2026/07/24 16:26:43.464,1,GPU-713d5b24-2a1e-fd4a-7685-c3d195ff9230,191.65,1410,1593,23,8,73511,39
2026/07/24 16:26:43.662,2026/07/24 16:26:43.641,2026/07/24 16:26:43.684,0,GPU-e2681f6e-8d94-2d66-484f-43ea602335f9,410.42,1410,1593,32,6,73511,64
2026/07/24 16:26:43.662,2026/07/24 16:26:43.641,2026/07/24 16:26:43.684,1,GPU-713d5b24-2a1e-fd4a-7685-c3d195ff9230,238.36,1410,1593,98,45,73511,42
2026/07/24 16:26:43.905,2026/07/24 16:26:43.891,2026/07/24 16:26:43.918,0,GPU-e2681f6e-8d94-2d66-484f-43ea602335f9,396.56,1410,1593,100,15,73511,67
2026/07/24 16:26:43.905,2026/07/24 16:26:43.891,2026/07/24 16:26:43.918,1,GPU-713d5b24-2a1e-fd4a-7685-c3d195ff9230,85.25,1410,1593,46,24,73511,38
2026/07/24 16:26:44.155,2026/07/24 16:26:44.142,2026/07/24 16:26:44.168,0,GPU-e2681f6e-8d94-2d66-484f-43ea602335f9,398.08,1410,1593,100,12,73511,67
2026/07/24 16:26:44.155,2026/07/24 16:26:44.142,2026/07/24 16:26:44.168,1,GPU-713d5b24-2a1e-fd4a-7685-c3d195ff9230,84.65,1410,1593,0,0,73511,38
2026/07/24 16:26:44.406,2026/07/24 16:26:44.392,2026/07/24 16:26:44.421,0,GPU-e2681f6e-8d94-2d66-484f-43ea602335f9,412.26,1410,1593,100,13,73511,68
2026/07/24 16:26:44.406,2026/07/24 16:26:44.392,2026/07/24 16:26:44.421,1,GPU-713d5b24-2a1e-fd4a-7685-c3d195ff9230,98.83,1410,1593,50,13,73511,39
2026/07/24 16:26:44.654,2026/07/24 16:26:44.642,2026/07/24 16:26:44.667,0,GPU-e2681f6e-8d94-2d66-484f-43ea602335f9,405.33,1410,1593,100,18,73511,68
2026/07/24 16:26:44.654,2026/07/24 16:26:44.642,2026/07/24 16:26:44.667,1,GPU-713d5b24-2a1e-fd4a-7685-c3d195ff9230,100.34,1410,1593,50,13,73511,41
2026/07/24 16:26:44.909,2026/07/24 16:26:44.892,2026/07/24 16:26:44.927,0,GPU-e2681f6e-8d94-2d66-484f-43ea602335f9,388.12,1410,1593,100,14,73511,68
2026/07/24 16:26:44.909,2026/07/24 16:26:44.892,2026/07/24 16:26:44.927,1,GPU-713d5b24-2a1e-fd4a-7685-c3d195ff9230,84.38,1410,1593,5,3,73511,38
2026/07/24 16:26:45.161,2026/07/24 16:26:45.142,2026/07/24 16:26:45.181,0,GPU-e2681f6e-8d94-2d66-484f-43ea602335f9,415.56,1410,1593,99,17,73511,69
2026/07/24 16:26:45.161,2026/07/24 16:26:45.142,2026/07/24 16:26:45.181,1,GPU-713d5b24-2a1e-fd4a-7685-c3d195ff9230,238.69,1410,1593,12,0,73511,41
2026/07/24 16:26:45.408,2026/07/24 16:26:45.392,2026/07/24 16:26:45.424,0,GPU-e2681f6e-8d94-2d66-484f-43ea602335f9,174.03,1410,1593,100,15,73511,69
2026/07/24 16:26:45.408,2026/07/24 16:26:45.392,2026/07/24 16:26:45.424,1,GPU-713d5b24-2a1e-fd4a-7685-c3d195ff9230,245.88,1410,1593,100,52,73511,42
2026/07/24 16:26:45.659,2026/07/24 16:26:45.642,2026/07/24 16:26:45.676,0,GPU-e2681f6e-8d94-2d66-484f-43ea602335f9,100.45,1410,1593,45,8,73511,57
2026/07/24 16:26:45.659,2026/07/24 16:26:45.642,2026/07/24 16:26:45.676,1,GPU-713d5b24-2a1e-fd4a-7685-c3d195ff9230,247.72,1410,1593,92,40,73511,43
2026/07/24 16:26:45.905,2026/07/24 16:26:45.892,2026/07/24 16:26:45.918,0,GPU-e2681f6e-8d94-2d66-484f-43ea602335f9,97.09,1410,1593,0,0,73511,53
2026/07/24 16:26:45.905,2026/07/24 16:26:45.892,2026/07/24 16:26:45.918,1,GPU-713d5b24-2a1e-fd4a-7685-c3d195ff9230,85.25,1410,1593,58,31,73511,40
2026/07/24 16:26:46.156,2026/07/24 16:26:46.142,2026/07/24 16:26:46.171,0,GPU-e2681f6e-8d94-2d66-484f-43ea602335f9,96.49,1410,1593,7,1,73511,54
2026/07/24 16:26:46.156,2026/07/24 16:26:46.142,2026/07/24 16:26:46.171,1,GPU-713d5b24-2a1e-fd4a-7685-c3d195ff9230,84.74,1410,1593,0,0,73511,38
2026/07/24 16:26:46.408,2026/07/24 16:26:46.392,2026/07/24 16:26:46.423,0,GPU-e2681f6e-8d94-2d66-484f-43ea602335f9,399.60,1410,1593,100,18,73511,64
2026/07/24 16:26:46.408,2026/07/24 16:26:46.392,2026/07/24 16:26:46.423,1,GPU-713d5b24-2a1e-fd4a-7685-c3d195ff9230,84.38,1410,1593,0,0,73511,38
2026/07/24 16:26:46.657,2026/07/24 16:26:46.642,2026/07/24 16:26:46.671,0,GPU-e2681f6e-8d94-2d66-484f-43ea602335f9,389.64,1410,1593,100,14,73511,67
2026/07/24 16:26:46.657,2026/07/24 16:26:46.642,2026/07/24 16:26:46.671,1,GPU-713d5b24-2a1e-fd4a-7685-c3d195ff9230,84.05,1410,1593,0,0,73511,37
2026/07/24 16:26:46.909,2026/07/24 16:26:46.893,2026/07/24 16:26:46.925,0,GPU-e2681f6e-8d94-2d66-484f-43ea602335f9,390.88,1410,1593,100,12,73511,68
2026/07/24 16:26:46.909,2026/07/24 16:26:46.893,2026/07/24 16:26:46.925,1,GPU-713d5b24-2a1e-fd4a-7685-c3d195ff9230,84.38,1410,1593,0,0,73511,37
2026/07/24 16:26:47.158,2026/07/24 16:26:47.143,2026/07/24 16:26:47.173,0,GPU-e2681f6e-8d94-2d66-484f-43ea602335f9,409.82,1410,1593,100,15,73511,68
2026/07/24 16:26:47.158,2026/07/24 16:26:47.143,2026/07/24 16:26:47.173,1,GPU-713d5b24-2a1e-fd4a-7685-c3d195ff9230,243.50,1410,1593,67,22,73511,42
2026/07/24 16:26:47.406,2026/07/24 16:26:47.393,2026/07/24 16:26:47.420,0,GPU-e2681f6e-8d94-2d66-484f-43ea602335f9,401.11,1410,1593,100,13,73511,69
2026/07/24 16:26:47.406,2026/07/24 16:26:47.393,2026/07/24 16:26:47.420,1,GPU-713d5b24-2a1e-fd4a-7685-c3d195ff9230,84.46,1410,1593,84,44,73511,38
2026/07/24 16:26:47.658,2026/07/24 16:26:47.643,2026/07/24 16:26:47.673,0,GPU-e2681f6e-8d94-2d66-484f-43ea602335f9,112.21,1410,1593,68,10,73511,57
2026/07/24 16:26:47.658,2026/07/24 16:26:47.643,2026/07/24 16:26:47.673,1,GPU-713d5b24-2a1e-fd4a-7685-c3d195ff9230,246.21,1410,1593,60,21,73511,39
2026/07/24 16:26:47.906,2026/07/24 16:26:47.893,2026/07/24 16:26:47.920,0,GPU-e2681f6e-8d94-2d66-484f-43ea602335f9,97.74,1410,1593,0,0,73511,54
2026/07/24 16:26:47.906,2026/07/24 16:26:47.893,2026/07/24 16:26:47.920,1,GPU-713d5b24-2a1e-fd4a-7685-c3d195ff9230,235.93,1410,1593,93,49,73511,40
2026/07/24 16:26:48.156,2026/07/24 16:26:48.143,2026/07/24 16:26:48.169,0,GPU-e2681f6e-8d94-2d66-484f-43ea602335f9,95.90,1410,1593,0,0,73511,52
2026/07/24 16:26:48.156,2026/07/24 16:26:48.143,2026/07/24 16:26:48.169,1,GPU-713d5b24-2a1e-fd4a-7685-c3d195ff9230,84.38,1410,1593,0,0,73511,38
2026/07/24 16:26:48.405,2026/07/24 16:26:48.393,2026/07/24 16:26:48.417,0,GPU-e2681f6e-8d94-2d66-484f-43ea602335f9,96.22,1410,1593,0,0,73511,52
2026/07/24 16:26:48.405,2026/07/24 16:26:48.393,2026/07/24 16:26:48.417,1,GPU-713d5b24-2a1e-fd4a-7685-c3d195ff9230,84.05,1410,1593,0,0,73511,37
2026/07/24 16:26:48.666,2026/07/24 16:26:48.643,2026/07/24 16:26:48.688,0,GPU-e2681f6e-8d94-2d66-484f-43ea602335f9,95.30,1410,1593,0,0,73511,51
2026/07/24 16:26:48.666,2026/07/24 16:26:48.643,2026/07/24 16:26:48.688,1,GPU-713d5b24-2a1e-fd4a-7685-c3d195ff9230,84.14,1410,1593,0,0,73511,37
2026/07/24 16:26:48.907,2026/07/24 16:26:48.893,2026/07/24 16:26:48.920,0,GPU-e2681f6e-8d94-2d66-484f-43ea602335f9,94.98,1410,1593,0,0,73511,50
2026/07/24 16:26:48.907,2026/07/24 16:26:48.893,2026/07/24 16:26:48.920,1,GPU-713d5b24-2a1e-fd4a-7685-c3d195ff9230,84.05,1410,1593,0,0,73511,37
2026/07/24 16:26:49.157,2026/07/24 16:26:49.143,2026/07/24 16:26:49.170,0,GPU-e2681f6e-8d94-2d66-484f-43ea602335f9,94.38,1410,1593,0,0,73511,50
2026/07/24 16:26:49.157,2026/07/24 16:26:49.143,2026/07/24 16:26:49.170,1,GPU-713d5b24-2a1e-fd4a-7685-c3d195ff9230,83.73,1410,1593,0,0,73511,37
2026/07/24 16:26:49.407,2026/07/24 16:26:49.393,2026/07/24 16:26:49.420,0,GPU-e2681f6e-8d94-2d66-484f-43ea602335f9,94.11,1410,1593,0,0,73511,50
2026/07/24 16:26:49.407,2026/07/24 16:26:49.393,2026/07/24 16:26:49.420,1,GPU-713d5b24-2a1e-fd4a-7685-c3d195ff9230,84.05,1410,1593,0,0,73511,37
2026/07/24 16:26:49.659,2026/07/24 16:26:49.644,2026/07/24 16:26:49.674,0,GPU-e2681f6e-8d94-2d66-484f-43ea602335f9,395.70,1410,1593,0,0,73511,59
2026/07/24 16:26:49.659,2026/07/24 16:26:49.644,2026/07/24 16:26:49.674,1,GPU-713d5b24-2a1e-fd4a-7685-c3d195ff9230,83.73,1410,1593,0,0,73511,37
2026/07/24 16:26:49.908,2026/07/24 16:26:49.894,2026/07/24 16:26:49.923,0,GPU-e2681f6e-8d94-2d66-484f-43ea602335f9,396.56,1410,1593,96,18,73511,62
2026/07/24 16:26:49.908,2026/07/24 16:26:49.894,2026/07/24 16:26:49.923,1,GPU-713d5b24-2a1e-fd4a-7685-c3d195ff9230,83.73,1410,1593,0,0,73511,36
2026/07/24 16:26:50.167,2026/07/24 16:26:50.144,2026/07/24 16:26:50.191,0,GPU-e2681f6e-8d94-2d66-484f-43ea602335f9,376.37,1410,1593,99,16,73511,66
2026/07/24 16:26:50.167,2026/07/24 16:26:50.144,2026/07/24 16:26:50.191,1,GPU-713d5b24-2a1e-fd4a-7685-c3d195ff9230,83.73,1410,1593,0,0,73511,37
2026/07/24 16:26:50.406,2026/07/24 16:26:50.394,2026/07/24 16:26:50.418,0,GPU-e2681f6e-8d94-2d66-484f-43ea602335f9,397.81,1410,1593,100,17,73511,67
2026/07/24 16:26:50.406,2026/07/24 16:26:50.394,2026/07/24 16:26:50.418,1,GPU-713d5b24-2a1e-fd4a-7685-c3d195ff9230,241.99,1410,1593,68,26,73511,41
2026/07/24 16:26:50.656,2026/07/24 16:26:50.644,2026/07/24 16:26:50.669,0,GPU-e2681f6e-8d94-2d66-484f-43ea602335f9,396.89,1410,1593,100,13,73511,67
2026/07/24 16:26:50.656,2026/07/24 16:26:50.644,2026/07/24 16:26:50.669,1,GPU-713d5b24-2a1e-fd4a-7685-c3d195ff9230,84.65,1410,1593,18,9,73511,38
2026/07/24 16:26:50.909,2026/07/24 16:26:50.894,2026/07/24 16:26:50.925,0,GPU-e2681f6e-8d94-2d66-484f-43ea602335f9,405.01,1410,1593,100,12,73511,67
2026/07/24 16:26:50.909,2026/07/24 16:26:50.894,2026/07/24 16:26:50.925,1,GPU-713d5b24-2a1e-fd4a-7685-c3d195ff9230,98.24,1410,1593,0,0,73511,38
2026/07/24 16:26:51.161,2026/07/24 16:26:51.144,2026/07/24 16:26:51.177,0,GPU-e2681f6e-8d94-2d66-484f-43ea602335f9,407.44,1410,1593,100,15,73511,69
2026/07/24 16:26:51.161,2026/07/24 16:26:51.144,2026/07/24 16:26:51.177,1,GPU-713d5b24-2a1e-fd4a-7685-c3d195ff9230,238.36,1410,1593,93,35,73511,40
2026/07/24 16:26:51.409,2026/07/24 16:26:51.394,2026/07/24 16:26:51.424,0,GPU-e2681f6e-8d94-2d66-484f-43ea602335f9,407.44,1410,1593,100,13,73511,69
2026/07/24 16:26:51.409,2026/07/24 16:26:51.394,2026/07/24 16:26:51.424,1,GPU-713d5b24-2a1e-fd4a-7685-c3d195ff9230,84.38,1410,1593,54,28,73511,38
2026/07/24 16:26:51.659,2026/07/24 16:26:51.644,2026/07/24 16:26:51.673,0,GPU-e2681f6e-8d94-2d66-484f-43ea602335f9,402.03,1410,1593,100,11,73511,69
2026/07/24 16:26:51.659,2026/07/24 16:26:51.644,2026/07/24 16:26:51.673,1,GPU-713d5b24-2a1e-fd4a-7685-c3d195ff9230,84.38,1410,1593,13,0,73511,38
2026/07/24 16:26:51.909,2026/07/24 16:26:51.894,2026/07/24 16:26:51.924,0,GPU-e2681f6e-8d94-2d66-484f-43ea602335f9,404.41,1410,1593,100,18,73511,69
2026/07/24 16:26:51.909,2026/07/24 16:26:51.894,2026/07/24 16:26:51.924,1,GPU-713d5b24-2a1e-fd4a-7685-c3d195ff9230,242.58,1410,1593,97,44,73511,41
2026/07/24 16:26:52.158,2026/07/24 16:26:52.144,2026/07/24 16:26:52.171,0,GPU-e2681f6e-8d94-2d66-484f-43ea602335f9,401.71,1410,1593,100,15,73511,69
2026/07/24 16:26:52.158,2026/07/24 16:26:52.144,2026/07/24 16:26:52.171,1,GPU-713d5b24-2a1e-fd4a-7685-c3d195ff9230,84.97,1410,1593,67,35,73511,39
2026/07/24 16:26:52.410,2026/07/24 16:26:52.394,2026/07/24 16:26:52.427,0,GPU-e2681f6e-8d94-2d66-484f-43ea602335f9,421.57,1410,1593,100,13,73511,70
2026/07/24 16:26:52.410,2026/07/24 16:26:52.394,2026/07/24 16:26:52.427,1,GPU-713d5b24-2a1e-fd4a-7685-c3d195ff9230,84.65,1410,1593,0,0,73511,38
2026/07/24 16:26:52.661,2026/07/24 16:26:52.645,2026/07/24 16:26:52.677,0,GPU-e2681f6e-8d94-2d66-484f-43ea602335f9,404.73,1410,1593,100,17,73511,70
2026/07/24 16:26:52.661,2026/07/24 16:26:52.645,2026/07/24 16:26:52.677,1,GPU-713d5b24-2a1e-fd4a-7685-c3d195ff9230,239.87,1410,1593,100,52,73511,42
2026/07/24 16:26:52.910,2026/07/24 16:26:52.895,2026/07/24 16:26:52.925,0,GPU-e2681f6e-8d94-2d66-484f-43ea602335f9,430.93,1410,1593,100,15,73511,70
2026/07/24 16:26:52.910,2026/07/24 16:26:52.895,2026/07/24 16:26:52.925,1,GPU-713d5b24-2a1e-fd4a-7685-c3d195ff9230,244.10,1410,1593,100,46,73511,43
2026/07/24 16:26:53.159,2026/07/24 16:26:53.145,2026/07/24 16:26:53.173,0,GPU-e2681f6e-8d94-2d66-484f-43ea602335f9,402.30,1410,1593,93,15,73511,70
2026/07/24 16:26:53.159,2026/07/24 16:26:53.145,2026/07/24 16:26:53.173,1,GPU-713d5b24-2a1e-fd4a-7685-c3d195ff9230,138.62,1410,1593,100,53,73511,41
2026/07/24 16:26:53.409,2026/07/24 16:26:53.395,2026/07/24 16:26:53.423,0,GPU-e2681f6e-8d94-2d66-484f-43ea602335f9,104.19,1410,1593,0,0,73511,58
2026/07/24 16:26:53.409,2026/07/24 16:26:53.395,2026/07/24 16:26:53.423,1,GPU-713d5b24-2a1e-fd4a-7685-c3d195ff9230,247.99,1410,1593,51,18,73511,43
2026/07/24 16:26:53.658,2026/07/24 16:26:53.645,2026/07/24 16:26:53.671,0,GPU-e2681f6e-8d94-2d66-484f-43ea602335f9,98.61,1410,1593,0,0,73511,55
2026/07/24 16:26:53.658,2026/07/24 16:26:53.645,2026/07/24 16:26:53.671,1,GPU-713d5b24-2a1e-fd4a-7685-c3d195ff9230,119.94,1410,1593,100,53,73511,41
2026/07/24 16:26:53.909,2026/07/24 16:26:53.895,2026/07/24 16:26:53.923,0,GPU-e2681f6e-8d94-2d66-484f-43ea602335f9,97.42,1410,1593,0,0,73511,53
2026/07/24 16:26:53.909,2026/07/24 16:26:53.895,2026/07/24 16:26:53.923,1,GPU-713d5b24-2a1e-fd4a-7685-c3d195ff9230,84.74,1410,1593,0,0,73511,39
2026/07/24 16:26:54.160,2026/07/24 16:26:54.145,2026/07/24 16:26:54.176,0,GPU-e2681f6e-8d94-2d66-484f-43ea602335f9,95.63,1410,1593,0,0,73511,52
2026/07/24 16:26:54.160,2026/07/24 16:26:54.145,2026/07/24 16:26:54.176,1,GPU-713d5b24-2a1e-fd4a-7685-c3d195ff9230,84.38,1410,1593,0,0,73511,38
2026/07/24 16:26:54.410,2026/07/24 16:26:54.395,2026/07/24 16:26:54.425,0,GPU-e2681f6e-8d94-2d66-484f-43ea602335f9,95.90,1410,1593,0,0,73511,51
2026/07/24 16:26:54.410,2026/07/24 16:26:54.395,2026/07/24 16:26:54.425,1,GPU-713d5b24-2a1e-fd4a-7685-c3d195ff9230,84.38,1410,1593,0,0,73511,38
2026/07/24 16:26:54.659,2026/07/24 16:26:54.645,2026/07/24 16:26:54.672,0,GPU-e2681f6e-8d94-2d66-484f-43ea602335f9,95.63,1410,1593,0,0,73511,51
2026/07/24 16:26:54.659,2026/07/24 16:26:54.645,2026/07/24 16:26:54.672,1,GPU-713d5b24-2a1e-fd4a-7685-c3d195ff9230,84.05,1410,1593,0,0,73511,37
2026/07/24 16:26:54.909,2026/07/24 16:26:54.895,2026/07/24 16:26:54.923,0,GPU-e2681f6e-8d94-2d66-484f-43ea602335f9,95.30,1410,1593,0,0,73511,50
2026/07/24 16:26:54.909,2026/07/24 16:26:54.895,2026/07/24 16:26:54.923,1,GPU-713d5b24-2a1e-fd4a-7685-c3d195ff9230,84.05,1410,1593,0,0,73511,37
2026/07/24 16:26:55.159,2026/07/24 16:26:55.145,2026/07/24 16:26:55.173,0,GPU-e2681f6e-8d94-2d66-484f-43ea602335f9,94.81,1410,1593,0,0,73511,50
2026/07/24 16:26:55.159,2026/07/24 16:26:55.145,2026/07/24 16:26:55.173,1,GPU-713d5b24-2a1e-fd4a-7685-c3d195ff9230,84.14,1410,1593,0,0,73511,37
2026/07/24 16:26:55.409,2026/07/24 16:26:55.396,2026/07/24 16:26:55.422,0,GPU-e2681f6e-8d94-2d66-484f-43ea602335f9,94.38,1410,1593,0,0,73511,50
2026/07/24 16:26:55.409,2026/07/24 16:26:55.396,2026/07/24 16:26:55.422,1,GPU-713d5b24-2a1e-fd4a-7685-c3d195ff9230,84.05,1410,1593,0,0,73511,37
2026/07/24 16:26:55.659,2026/07/24 16:26:55.646,2026/07/24 16:26:55.672,0,GPU-e2681f6e-8d94-2d66-484f-43ea602335f9,94.38,1410,1593,0,0,73511,50
2026/07/24 16:26:55.659,2026/07/24 16:26:55.646,2026/07/24 16:26:55.672,1,GPU-713d5b24-2a1e-fd4a-7685-c3d195ff9230,84.05,1410,1593,0,0,73511,37
2026/07/24 16:26:55.909,2026/07/24 16:26:55.896,2026/07/24 16:26:55.922,0,GPU-e2681f6e-8d94-2d66-484f-43ea602335f9,94.11,1410,1593,0,0,73511,49
2026/07/24 16:26:55.909,2026/07/24 16:26:55.896,2026/07/24 16:26:55.922,1,GPU-713d5b24-2a1e-fd4a-7685-c3d195ff9230,83.73,1410,1593,0,0,73511,37
2026/07/24 16:26:56.159,2026/07/24 16:26:56.146,2026/07/24 16:26:56.173,0,GPU-e2681f6e-8d94-2d66-484f-43ea602335f9,95.30,1410,1593,0,0,73511,49
2026/07/24 16:26:56.159,2026/07/24 16:26:56.146,2026/07/24 16:26:56.173,1,GPU-713d5b24-2a1e-fd4a-7685-c3d195ff9230,83.73,1410,1593,0,0,73511,37
2026/07/24 16:26:56.413,2026/07/24 16:26:56.396,2026/07/24 16:26:56.430,0,GPU-e2681f6e-8d94-2d66-484f-43ea602335f9,398.68,1410,1593,0,0,73511,59
2026/07/24 16:26:56.413,2026/07/24 16:26:56.396,2026/07/24 16:26:56.430,1,GPU-713d5b24-2a1e-fd4a-7685-c3d195ff9230,83.73,1410,1593,0,0,73511,37
2026/07/24 16:26:56.660,2026/07/24 16:26:56.646,2026/07/24 16:26:56.675,0,GPU-e2681f6e-8d94-2d66-484f-43ea602335f9,385.74,1410,1593,100,14,73511,62
2026/07/24 16:26:56.660,2026/07/24 16:26:56.646,2026/07/24 16:26:56.675,1,GPU-713d5b24-2a1e-fd4a-7685-c3d195ff9230,84.05,1410,1593,0,0,73511,36
2026/07/24 16:26:56.910,2026/07/24 16:26:56.896,2026/07/24 16:26:56.924,0,GPU-e2681f6e-8d94-2d66-484f-43ea602335f9,98.34,1410,1593,38,7,73511,53
2026/07/24 16:26:56.910,2026/07/24 16:26:56.896,2026/07/24 16:26:56.924,1,GPU-713d5b24-2a1e-fd4a-7685-c3d195ff9230,239.55,1410,1593,85,36,73511,41
2026/07/24 16:26:57.162,2026/07/24 16:26:57.146,2026/07/24 16:26:57.177,0,GPU-e2681f6e-8d94-2d66-484f-43ea602335f9,388.12,1410,1593,0,0,73511,59
2026/07/24 16:26:57.162,2026/07/24 16:26:57.146,2026/07/24 16:26:57.177,1,GPU-713d5b24-2a1e-fd4a-7685-c3d195ff9230,84.97,1410,1593,61,32,73511,38
2026/07/24 16:26:57.412,2026/07/24 16:26:57.396,2026/07/24 16:26:57.428,0,GPU-e2681f6e-8d94-2d66-484f-43ea602335f9,396.56,1410,1593,100,15,73511,64
2026/07/24 16:26:57.412,2026/07/24 16:26:57.396,2026/07/24 16:26:57.428,1,GPU-713d5b24-2a1e-fd4a-7685-c3d195ff9230,84.05,1410,1593,0,0,73511,37
2026/07/24 16:26:57.663,2026/07/24 16:26:57.646,2026/07/24 16:26:57.680,0,GPU-e2681f6e-8d94-2d66-484f-43ea602335f9,114.92,1410,1593,84,12,73511,57
2026/07/24 16:26:57.663,2026/07/24 16:26:57.646,2026/07/24 16:26:57.680,1,GPU-713d5b24-2a1e-fd4a-7685-c3d195ff9230,84.05,1410,1593,0,0,73511,38
2026/07/24 16:26:57.911,2026/07/24 16:26:57.896,2026/07/24 16:26:57.925,0,GPU-e2681f6e-8d94-2d66-484f-43ea602335f9,96.22,1410,1593,0,0,73511,53
2026/07/24 16:26:57.911,2026/07/24 16:26:57.896,2026/07/24 16:26:57.925,1,GPU-713d5b24-2a1e-fd4a-7685-c3d195ff9230,242.91,1410,1593,100,52,73511,42
2026/07/24 16:26:58.160,2026/07/24 16:26:58.147,2026/07/24 16:26:58.174,0,GPU-e2681f6e-8d94-2d66-484f-43ea602335f9,95.30,1410,1593,0,0,73511,51
2026/07/24 16:26:58.160,2026/07/24 16:26:58.147,2026/07/24 16:26:58.174,1,GPU-713d5b24-2a1e-fd4a-7685-c3d195ff9230,84.97,1410,1593,23,12,73511,38
2026/07/24 16:26:58.412,2026/07/24 16:26:58.397,2026/07/24 16:26:58.428,0,GPU-e2681f6e-8d94-2d66-484f-43ea602335f9,94.71,1410,1593,0,0,73511,50
2026/07/24 16:26:58.412,2026/07/24 16:26:58.397,2026/07/24 16:26:58.428,1,GPU-713d5b24-2a1e-fd4a-7685-c3d195ff9230,84.05,1410,1593,0,0,73511,37
2026/07/24 16:26:58.661,2026/07/24 16:26:58.647,2026/07/24 16:26:58.675,0,GPU-e2681f6e-8d94-2d66-484f-43ea602335f9,94.38,1410,1593,0,0,73511,49
2026/07/24 16:26:58.661,2026/07/24 16:26:58.647,2026/07/24 16:26:58.675,1,GPU-713d5b24-2a1e-fd4a-7685-c3d195ff9230,84.05,1410,1593,0,0,73511,37
2026/07/24 16:26:58.911,2026/07/24 16:26:58.897,2026/07/24 16:26:58.926,0,GPU-e2681f6e-8d94-2d66-484f-43ea602335f9,94.11,1410,1593,0,0,73511,49
2026/07/24 16:26:58.911,2026/07/24 16:26:58.897,2026/07/24 16:26:58.926,1,GPU-713d5b24-2a1e-fd4a-7685-c3d195ff9230,83.82,1410,1593,0,0,73511,37
2026/07/24 16:26:59.160,2026/07/24 16:26:59.147,2026/07/24 16:26:59.172,0,GPU-e2681f6e-8d94-2d66-484f-43ea602335f9,94.11,1410,1593,0,0,73511,49
2026/07/24 16:26:59.160,2026/07/24 16:26:59.147,2026/07/24 16:26:59.172,1,GPU-713d5b24-2a1e-fd4a-7685-c3d195ff9230,84.05,1410,1593,0,0,73511,37
2026/07/24 16:26:59.412,2026/07/24 16:26:59.397,2026/07/24 16:26:59.428,0,GPU-e2681f6e-8d94-2d66-484f-43ea602335f9,93.78,1410,1593,0,0,73511,49
2026/07/24 16:26:59.412,2026/07/24 16:26:59.397,2026/07/24 16:26:59.428,1,GPU-713d5b24-2a1e-fd4a-7685-c3d195ff9230,83.73,1410,1593,0,0,73511,36
2026/07/24 16:26:59.661,2026/07/24 16:26:59.647,2026/07/24 16:26:59.674,0,GPU-e2681f6e-8d94-2d66-484f-43ea602335f9,93.51,1410,1593,0,0,73511,48
2026/07/24 16:26:59.661,2026/07/24 16:26:59.647,2026/07/24 16:26:59.674,1,GPU-713d5b24-2a1e-fd4a-7685-c3d195ff9230,83.73,1410,1593,0,0,73511,36
2026/07/24 16:26:59.912,2026/07/24 16:26:59.897,2026/07/24 16:26:59.927,0,GPU-e2681f6e-8d94-2d66-484f-43ea602335f9,94.11,1410,1593,0,0,73511,48
2026/07/24 16:26:59.912,2026/07/24 16:26:59.897,2026/07/24 16:26:59.927,1,GPU-713d5b24-2a1e-fd4a-7685-c3d195ff9230,83.73,1410,1593,0,0,73511,36
2026/07/24 16:27:00.161,2026/07/24 16:27:00.147,2026/07/24 16:27:00.175,0,GPU-e2681f6e-8d94-2d66-484f-43ea602335f9,93.19,1410,1593,0,0,73511,48
2026/07/24 16:27:00.161,2026/07/24 16:27:00.147,2026/07/24 16:27:00.175,1,GPU-713d5b24-2a1e-fd4a-7685-c3d195ff9230,83.73,1410,1593,0,0,73511,36
2026/07/24 16:27:00.413,2026/07/24 16:27:00.397,2026/07/24 16:27:00.428,0,GPU-e2681f6e-8d94-2d66-484f-43ea602335f9,93.19,1410,1593,0,0,73511,48
2026/07/24 16:27:00.413,2026/07/24 16:27:00.397,2026/07/24 16:27:00.428,1,GPU-713d5b24-2a1e-fd4a-7685-c3d195ff9230,83.82,1410,1593,0,0,73511,36
2026/07/24 16:27:00.661,2026/07/24 16:27:00.648,2026/07/24 16:27:00.674,0,GPU-e2681f6e-8d94-2d66-484f-43ea602335f9,93.19,1410,1593,0,0,73511,48
2026/07/24 16:27:00.661,2026/07/24 16:27:00.648,2026/07/24 16:27:00.674,1,GPU-713d5b24-2a1e-fd4a-7685-c3d195ff9230,83.73,1410,1593,0,0,73511,36
2026/07/24 16:27:00.912,2026/07/24 16:27:00.898,2026/07/24 16:27:00.926,0,GPU-e2681f6e-8d94-2d66-484f-43ea602335f9,93.19,1410,1593,0,0,73511,48
2026/07/24 16:27:00.912,2026/07/24 16:27:00.898,2026/07/24 16:27:00.926,1,GPU-713d5b24-2a1e-fd4a-7685-c3d195ff9230,83.73,1410,1593,0,0,73511,36
2026/07/24 16:27:01.161,2026/07/24 16:27:01.148,2026/07/24 16:27:01.174,0,GPU-e2681f6e-8d94-2d66-484f-43ea602335f9,92.92,1410,1593,0,0,73511,47
2026/07/24 16:27:01.161,2026/07/24 16:27:01.148,2026/07/24 16:27:01.174,1,GPU-713d5b24-2a1e-fd4a-7685-c3d195ff9230,83.46,1410,1593,0,0,73511,36
2026/07/24 16:27:01.413,2026/07/24 16:27:01.398,2026/07/24 16:27:01.427,0,GPU-e2681f6e-8d94-2d66-484f-43ea602335f9,92.92,1410,1593,0,0,73511,47
2026/07/24 16:27:01.413,2026/07/24 16:27:01.398,2026/07/24 16:27:01.427,1,GPU-713d5b24-2a1e-fd4a-7685-c3d195ff9230,83.73,1410,1593,0,0,73511,36
2026/07/24 16:27:01.662,2026/07/24 16:27:01.648,2026/07/24 16:27:01.676,0,GPU-e2681f6e-8d94-2d66-484f-43ea602335f9,386.34,1410,1593,0,0,73511,56
2026/07/24 16:27:01.662,2026/07/24 16:27:01.648,2026/07/24 16:27:01.676,1,GPU-713d5b24-2a1e-fd4a-7685-c3d195ff9230,83.46,1410,1593,0,0,73511,36
2026/07/24 16:27:01.913,2026/07/24 16:27:01.898,2026/07/24 16:27:01.927,0,GPU-e2681f6e-8d94-2d66-484f-43ea602335f9,389.04,1410,1593,100,16,73511,62
2026/07/24 16:27:01.913,2026/07/24 16:27:01.898,2026/07/24 16:27:01.927,1,GPU-713d5b24-2a1e-fd4a-7685-c3d195ff9230,83.73,1410,1593,0,0,73511,36
2026/07/24 16:27:02.163,2026/07/24 16:27:02.148,2026/07/24 16:27:02.178,0,GPU-e2681f6e-8d94-2d66-484f-43ea602335f9,198.79,1410,1593,100,13,73511,61
2026/07/24 16:27:02.163,2026/07/24 16:27:02.148,2026/07/24 16:27:02.178,1,GPU-713d5b24-2a1e-fd4a-7685-c3d195ff9230,218.17,1410,1593,12,0,73511,37
2026/07/24 16:27:02.422,2026/07/24 16:27:02.398,2026/07/24 16:27:02.445,0,GPU-e2681f6e-8d94-2d66-484f-43ea602335f9,396.56,1410,1593,100,15,73511,64
2026/07/24 16:27:02.422,2026/07/24 16:27:02.398,2026/07/24 16:27:02.445,1,GPU-713d5b24-2a1e-fd4a-7685-c3d195ff9230,244.10,1410,1593,97,47,73511,41
2026/07/24 16:27:02.663,2026/07/24 16:27:02.648,2026/07/24 16:27:02.677,0,GPU-e2681f6e-8d94-2d66-484f-43ea602335f9,392.53,1410,1593,100,13,73511,65
2026/07/24 16:27:02.663,2026/07/24 16:27:02.648,2026/07/24 16:27:02.677,1,GPU-713d5b24-2a1e-fd4a-7685-c3d195ff9230,84.97,1410,1593,79,42,73511,38
2026/07/24 16:27:02.914,2026/07/24 16:27:02.898,2026/07/24 16:27:02.931,0,GPU-e2681f6e-8d94-2d66-484f-43ea602335f9,422.82,1410,1593,100,14,73511,66
2026/07/24 16:27:02.914,2026/07/24 16:27:02.898,2026/07/24 16:27:02.931,1,GPU-713d5b24-2a1e-fd4a-7685-c3d195ff9230,96.12,1410,1593,36,7,73511,37
2026/07/24 16:27:03.164,2026/07/24 16:27:03.148,2026/07/24 16:27:03.180,0,GPU-e2681f6e-8d94-2d66-484f-43ea602335f9,402.03,1410,1593,100,17,73511,67
2026/07/24 16:27:03.164,2026/07/24 16:27:03.148,2026/07/24 16:27:03.180,1,GPU-713d5b24-2a1e-fd4a-7685-c3d195ff9230,241.66,1410,1593,100,52,73511,42
2026/07/24 16:27:03.416,2026/07/24 16:27:03.398,2026/07/24 16:27:03.433,0,GPU-e2681f6e-8d94-2d66-484f-43ea602335f9,411.34,1410,1593,100,15,73511,67
2026/07/24 16:27:03.416,2026/07/24 16:27:03.398,2026/07/24 16:27:03.433,1,GPU-713d5b24-2a1e-fd4a-7685-c3d195ff9230,126.87,1410,1593,75,39,73511,40
2026/07/24 16:27:03.663,2026/07/24 16:27:03.649,2026/07/24 16:27:03.677,0,GPU-e2681f6e-8d94-2d66-484f-43ea602335f9,400.78,1410,1593,100,14,73511,67
2026/07/24 16:27:03.663,2026/07/24 16:27:03.649,2026/07/24 16:27:03.677,1,GPU-713d5b24-2a1e-fd4a-7685-c3d195ff9230,104.84,1410,1593,96,42,73511,40
2026/07/24 16:27:03.913,2026/07/24 16:27:03.899,2026/07/24 16:27:03.928,0,GPU-e2681f6e-8d94-2d66-484f-43ea602335f9,402.63,1410,1593,100,17,73511,68
2026/07/24 16:27:03.913,2026/07/24 16:27:03.899,2026/07/24 16:27:03.928,1,GPU-713d5b24-2a1e-fd4a-7685-c3d195ff9230,244.96,1410,1593,58,31,73511,42
2026/07/24 16:27:04.163,2026/07/24 16:27:04.149,2026/07/24 16:27:04.177,0,GPU-e2681f6e-8d94-2d66-484f-43ea602335f9,408.96,1410,1593,100,16,73511,68
2026/07/24 16:27:04.163,2026/07/24 16:27:04.149,2026/07/24 16:27:04.177,1,GPU-713d5b24-2a1e-fd4a-7685-c3d195ff9230,243.18,1410,1593,100,52,73511,43
2026/07/24 16:27:04.415,2026/07/24 16:27:04.399,2026/07/24 16:27:04.431,0,GPU-e2681f6e-8d94-2d66-484f-43ea602335f9,408.04,1410,1593,81,13,73511,67
2026/07/24 16:27:04.415,2026/07/24 16:27:04.399,2026/07/24 16:27:04.431,1,GPU-713d5b24-2a1e-fd4a-7685-c3d195ff9230,248.32,1410,1593,77,31,73511,43
2026/07/24 16:27:04.673,2026/07/24 16:27:04.649,2026/07/24 16:27:04.697,0,GPU-e2681f6e-8d94-2d66-484f-43ea602335f9,397.16,1410,1593,100,18,73511,68
2026/07/24 16:27:04.673,2026/07/24 16:27:04.649,2026/07/24 16:27:04.697,1,GPU-713d5b24-2a1e-fd4a-7685-c3d195ff9230,85.25,1410,1593,100,53,73511,40
2026/07/24 16:27:04.915,2026/07/24 16:27:04.899,2026/07/24 16:27:04.930,0,GPU-e2681f6e-8d94-2d66-484f-43ea602335f9,103.43,1410,1593,58,7,73511,59
2026/07/24 16:27:04.915,2026/07/24 16:27:04.899,2026/07/24 16:27:04.930,1,GPU-713d5b24-2a1e-fd4a-7685-c3d195ff9230,192.25,1410,1593,18,10,73511,41
2026/07/24 16:27:05.164,2026/07/24 16:27:05.149,2026/07/24 16:27:05.179,0,GPU-e2681f6e-8d94-2d66-484f-43ea602335f9,98.61,1410,1593,0,0,73511,53
2026/07/24 16:27:05.164,2026/07/24 16:27:05.149,2026/07/24 16:27:05.179,1,GPU-713d5b24-2a1e-fd4a-7685-c3d195ff9230,204.59,1410,1593,100,52,73511,43
2026/07/24 16:27:05.416,2026/07/24 16:27:05.399,2026/07/24 16:27:05.432,0,GPU-e2681f6e-8d94-2d66-484f-43ea602335f9,95.90,1410,1593,0,0,73511,52
2026/07/24 16:27:05.416,2026/07/24 16:27:05.399,2026/07/24 16:27:05.432,1,GPU-713d5b24-2a1e-fd4a-7685-c3d195ff9230,85.06,1410,1593,20,11,73511,39
2026/07/24 16:27:05.663,2026/07/24 16:27:05.649,2026/07/24 16:27:05.677,0,GPU-e2681f6e-8d94-2d66-484f-43ea602335f9,95.73,1410,1593,0,0,73511,51
2026/07/24 16:27:05.663,2026/07/24 16:27:05.649,2026/07/24 16:27:05.677,1,GPU-713d5b24-2a1e-fd4a-7685-c3d195ff9230,84.38,1410,1593,0,0,73511,38
2026/07/24 16:27:05.914,2026/07/24 16:27:05.899,2026/07/24 16:27:05.928,0,GPU-e2681f6e-8d94-2d66-484f-43ea602335f9,94.71,1410,1593,0,0,73511,50
2026/07/24 16:27:05.914,2026/07/24 16:27:05.899,2026/07/24 16:27:05.928,1,GPU-713d5b24-2a1e-fd4a-7685-c3d195ff9230,84.38,1410,1593,0,0,73511,37
2026/07/24 16:27:06.164,2026/07/24 16:27:06.149,2026/07/24 16:27:06.178,0,GPU-e2681f6e-8d94-2d66-484f-43ea602335f9,94.98,1410,1593,0,0,73511,50
2026/07/24 16:27:06.164,2026/07/24 16:27:06.149,2026/07/24 16:27:06.178,1,GPU-713d5b24-2a1e-fd4a-7685-c3d195ff9230,84.05,1410,1593,0,0,73511,37
2026/07/24 16:27:06.413,2026/07/24 16:27:06.399,2026/07/24 16:27:06.426,0,GPU-e2681f6e-8d94-2d66-484f-43ea602335f9,94.11,1410,1593,0,0,73511,49
2026/07/24 16:27:06.413,2026/07/24 16:27:06.399,2026/07/24 16:27:06.426,1,GPU-713d5b24-2a1e-fd4a-7685-c3d195ff9230,84.05,1410,1593,0,0,73511,37
2026/07/24 16:27:06.666,2026/07/24 16:27:06.650,2026/07/24 16:27:06.683,0,GPU-e2681f6e-8d94-2d66-484f-43ea602335f9,94.11,1410,1593,0,0,73511,49
2026/07/24 16:27:06.666,2026/07/24 16:27:06.650,2026/07/24 16:27:06.683,1,GPU-713d5b24-2a1e-fd4a-7685-c3d195ff9230,84.14,1410,1593,0,0,73511,37
2026/07/24 16:27:06.915,2026/07/24 16:27:06.900,2026/07/24 16:27:06.930,0,GPU-e2681f6e-8d94-2d66-484f-43ea602335f9,93.78,1410,1593,0,0,73511,51
2026/07/24 16:27:06.915,2026/07/24 16:27:06.900,2026/07/24 16:27:06.930,1,GPU-713d5b24-2a1e-fd4a-7685-c3d195ff9230,84.14,1410,1593,0,0,73511,37
2026/07/24 16:27:07.165,2026/07/24 16:27:07.150,2026/07/24 16:27:07.180,0,GPU-e2681f6e-8d94-2d66-484f-43ea602335f9,386.34,1410,1593,73,14,73511,61
2026/07/24 16:27:07.165,2026/07/24 16:27:07.150,2026/07/24 16:27:07.180,1,GPU-713d5b24-2a1e-fd4a-7685-c3d195ff9230,83.73,1410,1593,0,0,73511,37
2026/07/24 16:27:07.416,2026/07/24 16:27:07.400,2026/07/24 16:27:07.432,0,GPU-e2681f6e-8d94-2d66-484f-43ea602335f9,395.97,1410,1593,100,15,73511,64
2026/07/24 16:27:07.416,2026/07/24 16:27:07.400,2026/07/24 16:27:07.432,1,GPU-713d5b24-2a1e-fd4a-7685-c3d195ff9230,83.73,1410,1593,0,0,73511,37
2026/07/24 16:27:07.665,2026/07/24 16:27:07.650,2026/07/24 16:27:07.680,0,GPU-e2681f6e-8d94-2d66-484f-43ea602335f9,413.45,1410,1593,100,18,73511,65
2026/07/24 16:27:07.665,2026/07/24 16:27:07.650,2026/07/24 16:27:07.680,1,GPU-713d5b24-2a1e-fd4a-7685-c3d195ff9230,84.05,1410,1593,0,0,73511,37
2026/07/24 16:27:07.915,2026/07/24 16:27:07.900,2026/07/24 16:27:07.929,0,GPU-e2681f6e-8d94-2d66-484f-43ea602335f9,403.82,1410,1593,100,15,73511,67
2026/07/24 16:27:07.915,2026/07/24 16:27:07.900,2026/07/24 16:27:07.929,1,GPU-713d5b24-2a1e-fd4a-7685-c3d195ff9230,247.72,1410,1593,39,9,73511,41
2026/07/24 16:27:08.166,2026/07/24 16:27:08.150,2026/07/24 16:27:08.181,0,GPU-e2681f6e-8d94-2d66-484f-43ea602335f9,408.04,1410,1593,100,18,73511,67
2026/07/24 16:27:08.166,2026/07/24 16:27:08.150,2026/07/24 16:27:08.181,1,GPU-713d5b24-2a1e-fd4a-7685-c3d195ff9230,208.81,1410,1593,98,45,73511,42
2026/07/24 16:27:08.415,2026/07/24 16:27:08.400,2026/07/24 16:27:08.429,0,GPU-e2681f6e-8d94-2d66-484f-43ea602335f9,403.22,1410,1593,100,15,73511,68
2026/07/24 16:27:08.415,2026/07/24 16:27:08.400,2026/07/24 16:27:08.429,1,GPU-713d5b24-2a1e-fd4a-7685-c3d195ff9230,244.69,1410,1593,100,53,73511,43
2026/07/24 16:27:08.666,2026/07/24 16:27:08.650,2026/07/24 16:27:08.682,0,GPU-e2681f6e-8d94-2d66-484f-43ea602335f9,415.89,1410,1593,100,13,73511,68
2026/07/24 16:27:08.666,2026/07/24 16:27:08.650,2026/07/24 16:27:08.682,1,GPU-713d5b24-2a1e-fd4a-7685-c3d195ff9230,85.25,1410,1593,26,14,73511,40
2026/07/24 16:27:08.915,2026/07/24 16:27:08.900,2026/07/24 16:27:08.930,0,GPU-e2681f6e-8d94-2d66-484f-43ea602335f9,397.81,1410,1593,100,15,73511,68
2026/07/24 16:27:08.915,2026/07/24 16:27:08.900,2026/07/24 16:27:08.930,1,GPU-713d5b24-2a1e-fd4a-7685-c3d195ff9230,242.58,1410,1593,58,19,73511,42
2026/07/24 16:27:09.166,2026/07/24 16:27:09.150,2026/07/24 16:27:09.181,0,GPU-e2681f6e-8d94-2d66-484f-43ea602335f9,102.07,1410,1593,44,6,73511,58
2026/07/24 16:27:09.166,2026/07/24 16:27:09.150,2026/07/24 16:27:09.181,1,GPU-713d5b24-2a1e-fd4a-7685-c3d195ff9230,244.10,1410,1593,86,36,73511,42
2026/07/24 16:27:09.415,2026/07/24 16:27:09.400,2026/07/24 16:27:09.429,0,GPU-e2681f6e-8d94-2d66-484f-43ea602335f9,99.53,1410,1593,0,0,73511,53
2026/07/24 16:27:09.415,2026/07/24 16:27:09.400,2026/07/24 16:27:09.429,1,GPU-713d5b24-2a1e-fd4a-7685-c3d195ff9230,131.82,1410,1593,100,53,73511,43
2026/07/24 16:27:09.665,2026/07/24 16:27:09.651,2026/07/24 16:27:09.680,0,GPU-e2681f6e-8d94-2d66-484f-43ea602335f9,96.22,1410,1593,0,0,73511,52
2026/07/24 16:27:09.665,2026/07/24 16:27:09.651,2026/07/24 16:27:09.680,1,GPU-713d5b24-2a1e-fd4a-7685-c3d195ff9230,84.97,1410,1593,14,7,73511,39
2026/07/24 16:27:09.924,2026/07/24 16:27:09.901,2026/07/24 16:27:09.946,0,GPU-e2681f6e-8d94-2d66-484f-43ea602335f9,397.48,1410,1593,80,15,73511,62
2026/07/24 16:27:09.924,2026/07/24 16:27:09.901,2026/07/24 16:27:09.946,1,GPU-713d5b24-2a1e-fd4a-7685-c3d195ff9230,84.38,1410,1593,0,0,73511,38
2026/07/24 16:27:10.166,2026/07/24 16:27:10.151,2026/07/24 16:27:10.181,0,GPU-e2681f6e-8d94-2d66-484f-43ea602335f9,395.37,1410,1593,100,15,73511,65
2026/07/24 16:27:10.166,2026/07/24 16:27:10.151,2026/07/24 16:27:10.181,1,GPU-713d5b24-2a1e-fd4a-7685-c3d195ff9230,84.38,1410,1593,0,0,73511,37
2026/07/24 16:27:10.419,2026/07/24 16:27:10.401,2026/07/24 16:27:10.438,0,GPU-e2681f6e-8d94-2d66-484f-43ea602335f9,410.75,1410,1593,100,13,73511,67
2026/07/24 16:27:10.419,2026/07/24 16:27:10.401,2026/07/24 16:27:10.438,1,GPU-713d5b24-2a1e-fd4a-7685-c3d195ff9230,84.05,1410,1593,9,0,73511,39
2026/07/24 16:27:10.666,2026/07/24 16:27:10.651,2026/07/24 16:27:10.681,0,GPU-e2681f6e-8d94-2d66-484f-43ea602335f9,395.97,1410,1593,100,18,73511,67
2026/07/24 16:27:10.666,2026/07/24 16:27:10.651,2026/07/24 16:27:10.681,1,GPU-713d5b24-2a1e-fd4a-7685-c3d195ff9230,247.08,1410,1593,97,45,73511,42
2026/07/24 16:27:10.927,2026/07/24 16:27:10.901,2026/07/24 16:27:10.953,0,GPU-e2681f6e-8d94-2d66-484f-43ea602335f9,111.28,1410,1593,100,15,73511,59
2026/07/24 16:27:10.927,2026/07/24 16:27:10.901,2026/07/24 16:27:10.953,1,GPU-713d5b24-2a1e-fd4a-7685-c3d195ff9230,84.97,1410,1593,36,19,73511,40
2026/07/24 16:27:11.166,2026/07/24 16:27:11.151,2026/07/24 16:27:11.181,0,GPU-e2681f6e-8d94-2d66-484f-43ea602335f9,305.26,1410,1593,0,0,73511,55
2026/07/24 16:27:11.166,2026/07/24 16:27:11.151,2026/07/24 16:27:11.181,1,GPU-713d5b24-2a1e-fd4a-7685-c3d195ff9230,248.59,1410,1593,65,25,73511,43
2026/07/24 16:27:11.415,2026/07/24 16:27:11.401,2026/07/24 16:27:11.428,0,GPU-e2681f6e-8d94-2d66-484f-43ea602335f9,407.44,1410,1593,95,17,73511,66
2026/07/24 16:27:11.415,2026/07/24 16:27:11.401,2026/07/24 16:27:11.428,1,GPU-713d5b24-2a1e-fd4a-7685-c3d195ff9230,85.25,1410,1593,18,10,73511,39
2026/07/24 16:27:11.669,2026/07/24 16:27:11.651,2026/07/24 16:27:11.687,0,GPU-e2681f6e-8d94-2d66-484f-43ea602335f9,421.57,1410,1593,100,15,73511,67
2026/07/24 16:27:11.669,2026/07/24 16:27:11.651,2026/07/24 16:27:11.687,1,GPU-713d5b24-2a1e-fd4a-7685-c3d195ff9230,94.29,1410,1593,0,0,73511,39
2026/07/24 16:27:11.915,2026/07/24 16:27:11.901,2026/07/24 16:27:11.929,0,GPU-e2681f6e-8d94-2d66-484f-43ea602335f9,398.68,1410,1593,100,15,73511,68
2026/07/24 16:27:11.915,2026/07/24 16:27:11.901,2026/07/24 16:27:11.929,1,GPU-713d5b24-2a1e-fd4a-7685-c3d195ff9230,245.62,1410,1593,82,35,73511,43
2026/07/24 16:27:12.167,2026/07/24 16:27:12.151,2026/07/24 16:27:12.182,0,GPU-e2681f6e-8d94-2d66-484f-43ea602335f9,146.29,1410,1593,93,12,73511,60
2026/07/24 16:27:12.167,2026/07/24 16:27:12.151,2026/07/24 16:27:12.182,1,GPU-713d5b24-2a1e-fd4a-7685-c3d195ff9230,85.25,1410,1593,100,53,73511,39
2026/07/24 16:27:12.417,2026/07/24 16:27:12.401,2026/07/24 16:27:12.433,0,GPU-e2681f6e-8d94-2d66-484f-43ea602335f9,99.96,1410,1593,0,0,73511,55
2026/07/24 16:27:12.417,2026/07/24 16:27:12.401,2026/07/24 16:27:12.433,1,GPU-713d5b24-2a1e-fd4a-7685-c3d195ff9230,245.29,1410,1593,96,42,73511,43
2026/07/24 16:27:12.667,2026/07/24 16:27:12.652,2026/07/24 16:27:12.682,0,GPU-e2681f6e-8d94-2d66-484f-43ea602335f9,96.82,1410,1593,0,0,73511,53
2026/07/24 16:27:12.667,2026/07/24 16:27:12.652,2026/07/24 16:27:12.682,1,GPU-713d5b24-2a1e-fd4a-7685-c3d195ff9230,85.57,1410,1593,73,38,73511,39
2026/07/24 16:27:12.916,2026/07/24 16:27:12.902,2026/07/24 16:27:12.931,0,GPU-e2681f6e-8d94-2d66-484f-43ea602335f9,96.22,1410,1593,0,0,73511,51
2026/07/24 16:27:12.916,2026/07/24 16:27:12.902,2026/07/24 16:27:12.931,1,GPU-713d5b24-2a1e-fd4a-7685-c3d195ff9230,84.65,1410,1593,0,0,73511,38
2026/07/24 16:27:13.165,2026/07/24 16:27:13.152,2026/07/24 16:27:13.178,0,GPU-e2681f6e-8d94-2d66-484f-43ea602335f9,95.63,1410,1593,0,0,73511,51
2026/07/24 16:27:13.165,2026/07/24 16:27:13.152,2026/07/24 16:27:13.178,1,GPU-713d5b24-2a1e-fd4a-7685-c3d195ff9230,84.38,1410,1593,0,0,73511,38
2026/07/24 16:27:13.444,2026/07/24 16:27:13.402,2026/07/24 16:27:13.487,0,GPU-e2681f6e-8d94-2d66-484f-43ea602335f9,94.98,1410,1593,0,0,73511,51
2026/07/24 16:27:13.444,2026/07/24 16:27:13.402,2026/07/24 16:27:13.487,1,GPU-713d5b24-2a1e-fd4a-7685-c3d195ff9230,84.38,1410,1593,0,0,73511,37
2026/07/24 16:27:13.666,2026/07/24 16:27:13.652,2026/07/24 16:27:13.679,0,GPU-e2681f6e-8d94-2d66-484f-43ea602335f9,391.48,1410,1593,46,9,73511,62
2026/07/24 16:27:13.666,2026/07/24 16:27:13.652,2026/07/24 16:27:13.679,1,GPU-713d5b24-2a1e-fd4a-7685-c3d195ff9230,86.76,1410,1593,0,0,73511,37
2026/07/24 16:27:13.916,2026/07/24 16:27:13.902,2026/07/24 16:27:13.930,0,GPU-e2681f6e-8d94-2d66-484f-43ea602335f9,390.23,1410,1593,100,16,73511,65
2026/07/24 16:27:13.916,2026/07/24 16:27:13.902,2026/07/24 16:27:13.930,1,GPU-713d5b24-2a1e-fd4a-7685-c3d195ff9230,84.05,1410,1593,0,0,73511,37
2026/07/24 16:27:14.167,2026/07/24 16:27:14.152,2026/07/24 16:27:14.182,0,GPU-e2681f6e-8d94-2d66-484f-43ea602335f9,211.14,1410,1593,100,13,73511,57
2026/07/24 16:27:14.167,2026/07/24 16:27:14.152,2026/07/24 16:27:14.182,1,GPU-713d5b24-2a1e-fd4a-7685-c3d195ff9230,96.99,1410,1593,38,9,73511,40
2026/07/24 16:27:14.418,2026/07/24 16:27:14.402,2026/07/24 16:27:14.434,0,GPU-e2681f6e-8d94-2d66-484f-43ea602335f9,359.81,1410,1593,0,0,73511,54
2026/07/24 16:27:14.418,2026/07/24 16:27:14.402,2026/07/24 16:27:14.434,1,GPU-713d5b24-2a1e-fd4a-7685-c3d195ff9230,244.37,1410,1593,100,52,73511,42
2026/07/24 16:27:14.667,2026/07/24 16:27:14.652,2026/07/24 16:27:14.682,0,GPU-e2681f6e-8d94-2d66-484f-43ea602335f9,398.41,1410,1593,100,18,73511,65
2026/07/24 16:27:14.667,2026/07/24 16:27:14.652,2026/07/24 16:27:14.682,1,GPU-713d5b24-2a1e-fd4a-7685-c3d195ff9230,84.97,1410,1593,44,23,73511,38
2026/07/24 16:27:14.918,2026/07/24 16:27:14.902,2026/07/24 16:27:14.933,0,GPU-e2681f6e-8d94-2d66-484f-43ea602335f9,399.51,1410,1593,100,15,73511,66
2026/07/24 16:27:14.918,2026/07/24 16:27:14.902,2026/07/24 16:27:14.933,1,GPU-713d5b24-2a1e-fd4a-7685-c3d195ff9230,84.38,1410,1593,0,0,73511,38
2026/07/24 16:27:15.169,2026/07/24 16:27:15.152,2026/07/24 16:27:15.185,0,GPU-e2681f6e-8d94-2d66-484f-43ea602335f9,409.55,1410,1593,53,10,73511,65
2026/07/24 16:27:15.169,2026/07/24 16:27:15.152,2026/07/24 16:27:15.185,1,GPU-713d5b24-2a1e-fd4a-7685-c3d195ff9230,235.33,1410,1593,67,24,73511,38
2026/07/24 16:27:15.419,2026/07/24 16:27:15.403,2026/07/24 16:27:15.435,0,GPU-e2681f6e-8d94-2d66-484f-43ea602335f9,405.01,1410,1593,100,17,73511,67
2026/07/24 16:27:15.419,2026/07/24 16:27:15.403,2026/07/24 16:27:15.435,1,GPU-713d5b24-2a1e-fd4a-7685-c3d195ff9230,247.08,1410,1593,100,52,73511,43
2026/07/24 16:27:15.669,2026/07/24 16:27:15.653,2026/07/24 16:27:15.684,0,GPU-e2681f6e-8d94-2d66-484f-43ea602335f9,111.01,1410,1593,79,13,73511,58
2026/07/24 16:27:15.669,2026/07/24 16:27:15.653,2026/07/24 16:27:15.684,1,GPU-713d5b24-2a1e-fd4a-7685-c3d195ff9230,223.91,1410,1593,63,26,73511,40
2026/07/24 16:27:15.917,2026/07/24 16:27:15.903,2026/07/24 16:27:15.930,0,GPU-e2681f6e-8d94-2d66-484f-43ea602335f9,97.84,1410,1593,0,0,73511,54
2026/07/24 16:27:15.917,2026/07/24 16:27:15.903,2026/07/24 16:27:15.930,1,GPU-713d5b24-2a1e-fd4a-7685-c3d195ff9230,246.48,1410,1593,94,48,73511,41
2026/07/24 16:27:16.166,2026/07/24 16:27:16.153,2026/07/24 16:27:16.180,0,GPU-e2681f6e-8d94-2d66-484f-43ea602335f9,96.22,1410,1593,0,0,73511,52
2026/07/24 16:27:16.166,2026/07/24 16:27:16.153,2026/07/24 16:27:16.180,1,GPU-713d5b24-2a1e-fd4a-7685-c3d195ff9230,84.97,1410,1593,48,25,73511,39
2026/07/24 16:27:16.420,2026/07/24 16:27:16.403,2026/07/24 16:27:16.436,0,GPU-e2681f6e-8d94-2d66-484f-43ea602335f9,376.37,1410,1593,11,2,73511,57
2026/07/24 16:27:16.420,2026/07/24 16:27:16.403,2026/07/24 16:27:16.436,1,GPU-713d5b24-2a1e-fd4a-7685-c3d195ff9230,84.74,1410,1593,0,0,73511,38
2026/07/24 16:27:16.668,2026/07/24 16:27:16.653,2026/07/24 16:27:16.683,0,GPU-e2681f6e-8d94-2d66-484f-43ea602335f9,388.44,1410,1593,100,18,73511,64
2026/07/24 16:27:16.668,2026/07/24 16:27:16.653,2026/07/24 16:27:16.683,1,GPU-713d5b24-2a1e-fd4a-7685-c3d195ff9230,84.38,1410,1593,0,0,73511,37
2026/07/24 16:27:16.917,2026/07/24 16:27:16.903,2026/07/24 16:27:16.932,0,GPU-e2681f6e-8d94-2d66-484f-43ea602335f9,393.59,1410,1593,100,14,73511,66
2026/07/24 16:27:16.917,2026/07/24 16:27:16.903,2026/07/24 16:27:16.932,1,GPU-713d5b24-2a1e-fd4a-7685-c3d195ff9230,84.38,1410,1593,0,0,73511,37
2026/07/24 16:27:17.173,2026/07/24 16:27:17.153,2026/07/24 16:27:17.192,0,GPU-e2681f6e-8d94-2d66-484f-43ea602335f9,108.25,1410,1593,32,4,73511,57
2026/07/24 16:27:17.173,2026/07/24 16:27:17.153,2026/07/24 16:27:17.192,1,GPU-713d5b24-2a1e-fd4a-7685-c3d195ff9230,84.14,1410,1593,0,0,73511,38
2026/07/24 16:27:17.420,2026/07/24 16:27:17.403,2026/07/24 16:27:17.437,0,GPU-e2681f6e-8d94-2d66-484f-43ea602335f9,410.42,1410,1593,94,17,73511,66
2026/07/24 16:27:17.420,2026/07/24 16:27:17.403,2026/07/24 16:27:17.437,1,GPU-713d5b24-2a1e-fd4a-7685-c3d195ff9230,238.69,1410,1593,100,52,73511,42
2026/07/24 16:27:17.670,2026/07/24 16:27:17.653,2026/07/24 16:27:17.686,0,GPU-e2681f6e-8d94-2d66-484f-43ea602335f9,379.68,1410,1593,100,15,73511,66
2026/07/24 16:27:17.670,2026/07/24 16:27:17.653,2026/07/24 16:27:17.686,1,GPU-713d5b24-2a1e-fd4a-7685-c3d195ff9230,104.56,1410,1593,59,30,73511,39
2026/07/24 16:27:17.919,2026/07/24 16:27:17.903,2026/07/24 16:27:17.936,0,GPU-e2681f6e-8d94-2d66-484f-43ea602335f9,98.01,1410,1593,21,4,73511,54
2026/07/24 16:27:17.919,2026/07/24 16:27:17.903,2026/07/24 16:27:17.936,1,GPU-713d5b24-2a1e-fd4a-7685-c3d195ff9230,243.77,1410,1593,65,26,73511,42
2026/07/24 16:27:18.188,2026/07/24 16:27:18.154,2026/07/24 16:27:18.223,0,GPU-e2681f6e-8d94-2d66-484f-43ea602335f9,96.82,1410,1593,0,0,73511,53
2026/07/24 16:27:18.188,2026/07/24 16:27:18.154,2026/07/24 16:27:18.223,1,GPU-713d5b24-2a1e-fd4a-7685-c3d195ff9230,84.97,1410,1593,100,53,73511,39
2026/07/24 16:27:18.418,2026/07/24 16:27:18.404,2026/07/24 16:27:18.432,0,GPU-e2681f6e-8d94-2d66-484f-43ea602335f9,96.22,1410,1593,12,3,73511,57
2026/07/24 16:27:18.418,2026/07/24 16:27:18.404,2026/07/24 16:27:18.432,1,GPU-713d5b24-2a1e-fd4a-7685-c3d195ff9230,84.65,1410,1593,17,9,73511,38
2026/07/24 16:27:18.671,2026/07/24 16:27:18.654,2026/07/24 16:27:18.688,0,GPU-e2681f6e-8d94-2d66-484f-43ea602335f9,390.88,1410,1593,100,18,73511,63
2026/07/24 16:27:18.671,2026/07/24 16:27:18.654,2026/07/24 16:27:18.688,1,GPU-713d5b24-2a1e-fd4a-7685-c3d195ff9230,84.38,1410,1593,0,0,73511,38
2026/07/24 16:27:18.919,2026/07/24 16:27:18.904,2026/07/24 16:27:18.935,0,GPU-e2681f6e-8d94-2d66-484f-43ea602335f9,379.41,1410,1593,100,14,73511,66
2026/07/24 16:27:18.919,2026/07/24 16:27:18.904,2026/07/24 16:27:18.935,1,GPU-713d5b24-2a1e-fd4a-7685-c3d195ff9230,84.38,1410,1593,0,0,73511,37
2026/07/24 16:27:19.171,2026/07/24 16:27:19.154,2026/07/24 16:27:19.188,0,GPU-e2681f6e-8d94-2d66-484f-43ea602335f9,410.75,1410,1593,100,13,73511,67
2026/07/24 16:27:19.171,2026/07/24 16:27:19.154,2026/07/24 16:27:19.188,1,GPU-713d5b24-2a1e-fd4a-7685-c3d195ff9230,225.43,1410,1593,64,21,73511,40
2026/07/24 16:27:19.420,2026/07/24 16:27:19.404,2026/07/24 16:27:19.437,0,GPU-e2681f6e-8d94-2d66-484f-43ea602335f9,401.71,1410,1593,100,15,73511,68
2026/07/24 16:27:19.420,2026/07/24 16:27:19.404,2026/07/24 16:27:19.437,1,GPU-713d5b24-2a1e-fd4a-7685-c3d195ff9230,246.21,1410,1593,64,21,73511,42
2026/07/24 16:27:19.668,2026/07/24 16:27:19.654,2026/07/24 16:27:19.682,0,GPU-e2681f6e-8d94-2d66-484f-43ea602335f9,207.84,1410,1593,100,14,73511,61
2026/07/24 16:27:19.668,2026/07/24 16:27:19.654,2026/07/24 16:27:19.682,1,GPU-713d5b24-2a1e-fd4a-7685-c3d195ff9230,93.42,1410,1593,42,22,73511,39
2026/07/24 16:27:19.918,2026/07/24 16:27:19.904,2026/07/24 16:27:19.931,0,GPU-e2681f6e-8d94-2d66-484f-43ea602335f9,101.15,1410,1593,1,1,73511,55
2026/07/24 16:27:19.918,2026/07/24 16:27:19.904,2026/07/24 16:27:19.931,1,GPU-713d5b24-2a1e-fd4a-7685-c3d195ff9230,242.91,1410,1593,81,32,73511,43
2026/07/24 16:27:20.178,2026/07/24 16:27:20.154,2026/07/24 16:27:20.202,0,GPU-e2681f6e-8d94-2d66-484f-43ea602335f9,97.42,1410,1593,0,0,73511,53
2026/07/24 16:27:20.178,2026/07/24 16:27:20.154,2026/07/24 16:27:20.202,1,GPU-713d5b24-2a1e-fd4a-7685-c3d195ff9230,85.57,1410,1593,9,5,73511,40
2026/07/24 16:27:20.423,2026/07/24 16:27:20.404,2026/07/24 16:27:20.443,0,GPU-e2681f6e-8d94-2d66-484f-43ea602335f9,250.11,1410,1593,0,0,73511,52
2026/07/24 16:27:20.423,2026/07/24 16:27:20.404,2026/07/24 16:27:20.443,1,GPU-713d5b24-2a1e-fd4a-7685-c3d195ff9230,84.65,1410,1593,0,0,73511,38
2026/07/24 16:27:20.668,2026/07/24 16:27:20.654,2026/07/24 16:27:20.682,0,GPU-e2681f6e-8d94-2d66-484f-43ea602335f9,400.51,1410,1593,93,17,73511,63
2026/07/24 16:27:20.668,2026/07/24 16:27:20.654,2026/07/24 16:27:20.682,1,GPU-713d5b24-2a1e-fd4a-7685-c3d195ff9230,84.38,1410,1593,0,0,73511,38
2026/07/24 16:27:20.918,2026/07/24 16:27:20.904,2026/07/24 16:27:20.932,0,GPU-e2681f6e-8d94-2d66-484f-43ea602335f9,393.59,1410,1593,100,15,73511,66
2026/07/24 16:27:20.918,2026/07/24 16:27:20.904,2026/07/24 16:27:20.932,1,GPU-713d5b24-2a1e-fd4a-7685-c3d195ff9230,84.38,1410,1593,0,0,73511,37
2026/07/24 16:27:21.203,2026/07/24 16:27:21.155,2026/07/24 16:27:21.251,0,GPU-e2681f6e-8d94-2d66-484f-43ea602335f9,418.43,1410,1593,100,13,73511,67
2026/07/24 16:27:21.203,2026/07/24 16:27:21.155,2026/07/24 16:27:21.251,1,GPU-713d5b24-2a1e-fd4a-7685-c3d195ff9230,84.38,1410,1593,9,0,73511,37
2026/07/24 16:27:21.421,2026/07/24 16:27:21.405,2026/07/24 16:27:21.437,0,GPU-e2681f6e-8d94-2d66-484f-43ea602335f9,409.55,1410,1593,100,14,73511,69
2026/07/24 16:27:21.421,2026/07/24 16:27:21.405,2026/07/24 16:27:21.437,1,GPU-713d5b24-2a1e-fd4a-7685-c3d195ff9230,244.69,1410,1593,96,42,73511,40
2026/07/24 16:27:21.670,2026/07/24 16:27:21.655,2026/07/24 16:27:21.685,0,GPU-e2681f6e-8d94-2d66-484f-43ea602335f9,405.60,1410,1593,100,13,73511,69
2026/07/24 16:27:21.670,2026/07/24 16:27:21.655,2026/07/24 16:27:21.685,1,GPU-713d5b24-2a1e-fd4a-7685-c3d195ff9230,239.87,1410,1593,95,49,73511,40
2026/07/24 16:27:21.919,2026/07/24 16:27:21.905,2026/07/24 16:27:21.933,0,GPU-e2681f6e-8d94-2d66-484f-43ea602335f9,406.85,1410,1593,100,13,73511,69
2026/07/24 16:27:21.919,2026/07/24 16:27:21.905,2026/07/24 16:27:21.933,1,GPU-713d5b24-2a1e-fd4a-7685-c3d195ff9230,84.65,1410,1593,0,0,73511,38
2026/07/24 16:27:22.171,2026/07/24 16:27:22.155,2026/07/24 16:27:22.187,0,GPU-e2681f6e-8d94-2d66-484f-43ea602335f9,408.63,1410,1593,100,17,73511,70
2026/07/24 16:27:22.171,2026/07/24 16:27:22.155,2026/07/24 16:27:22.187,1,GPU-713d5b24-2a1e-fd4a-7685-c3d195ff9230,243.50,1410,1593,39,8,73511,42
2026/07/24 16:27:22.425,2026/07/24 16:27:22.405,2026/07/24 16:27:22.444,0,GPU-e2681f6e-8d94-2d66-484f-43ea602335f9,417.67,1410,1593,100,15,73511,70
2026/07/24 16:27:22.425,2026/07/24 16:27:22.405,2026/07/24 16:27:22.444,1,GPU-713d5b24-2a1e-fd4a-7685-c3d195ff9230,85.66,1410,1593,100,52,73511,39
2026/07/24 16:27:22.670,2026/07/24 16:27:22.655,2026/07/24 16:27:22.686,0,GPU-e2681f6e-8d94-2d66-484f-43ea602335f9,414.38,1410,1593,100,17,73511,70
2026/07/24 16:27:22.670,2026/07/24 16:27:22.655,2026/07/24 16:27:22.686,1,GPU-713d5b24-2a1e-fd4a-7685-c3d195ff9230,240.47,1410,1593,73,29,73511,42
2026/07/24 16:27:22.922,2026/07/24 16:27:22.905,2026/07/24 16:27:22.939,0,GPU-e2681f6e-8d94-2d66-484f-43ea602335f9,422.22,1410,1593,100,13,73511,70
2026/07/24 16:27:22.922,2026/07/24 16:27:22.905,2026/07/24 16:27:22.939,1,GPU-713d5b24-2a1e-fd4a-7685-c3d195ff9230,96.12,1410,1593,100,52,73511,40
2026/07/24 16:27:23.171,2026/07/24 16:27:23.155,2026/07/24 16:27:23.187,0,GPU-e2681f6e-8d94-2d66-484f-43ea602335f9,413.18,1410,1593,100,18,73511,71
2026/07/24 16:27:23.171,2026/07/24 16:27:23.155,2026/07/24 16:27:23.187,1,GPU-713d5b24-2a1e-fd4a-7685-c3d195ff9230,244.10,1410,1593,15,3,73511,43
2026/07/24 16:27:23.421,2026/07/24 16:27:23.405,2026/07/24 16:27:23.437,0,GPU-e2681f6e-8d94-2d66-484f-43ea602335f9,423.09,1410,1593,100,15,73511,71
2026/07/24 16:27:23.421,2026/07/24 16:27:23.405,2026/07/24 16:27:23.437,1,GPU-713d5b24-2a1e-fd4a-7685-c3d195ff9230,87.95,1410,1593,98,47,73511,40
2026/07/24 16:27:23.669,2026/07/24 16:27:23.655,2026/07/24 16:27:23.683,0,GPU-e2681f6e-8d94-2d66-484f-43ea602335f9,410.15,1410,1593,100,16,73511,71
2026/07/24 16:27:23.669,2026/07/24 16:27:23.655,2026/07/24 16:27:23.683,1,GPU-713d5b24-2a1e-fd4a-7685-c3d195ff9230,242.26,1410,1593,97,43,73511,43
2026/07/24 16:27:23.920,2026/07/24 16:27:23.905,2026/07/24 16:27:23.934,0,GPU-e2681f6e-8d94-2d66-484f-43ea602335f9,391.75,1410,1593,100,13,73511,71
2026/07/24 16:27:23.920,2026/07/24 16:27:23.905,2026/07/24 16:27:23.934,1,GPU-713d5b24-2a1e-fd4a-7685-c3d195ff9230,89.79,1410,1593,100,53,73511,40
2026/07/24 16:27:24.170,2026/07/24 16:27:24.155,2026/07/24 16:27:24.184,0,GPU-e2681f6e-8d94-2d66-484f-43ea602335f9,412.85,1410,1593,100,12,73511,71
2026/07/24 16:27:24.170,2026/07/24 16:27:24.155,2026/07/24 16:27:24.184,1,GPU-713d5b24-2a1e-fd4a-7685-c3d195ff9230,84.97,1410,1593,1,0,73511,39
2026/07/24 16:27:24.422,2026/07/24 16:27:24.405,2026/07/24 16:27:24.438,0,GPU-e2681f6e-8d94-2d66-484f-43ea602335f9,414.97,1410,1593,100,16,73511,71
2026/07/24 16:27:24.422,2026/07/24 16:27:24.405,2026/07/24 16:27:24.438,1,GPU-713d5b24-2a1e-fd4a-7685-c3d195ff9230,244.10,1410,1593,97,48,73511,42
2026/07/24 16:27:24.672,2026/07/24 16:27:24.656,2026/07/24 16:27:24.688,0,GPU-e2681f6e-8d94-2d66-484f-43ea602335f9,429.74,1410,1593,98,16,73511,71
2026/07/24 16:27:24.672,2026/07/24 16:27:24.656,2026/07/24 16:27:24.688,1,GPU-713d5b24-2a1e-fd4a-7685-c3d195ff9230,240.47,1410,1593,100,45,73511,43
2026/07/24 16:27:24.924,2026/07/24 16:27:24.906,2026/07/24 16:27:24.942,0,GPU-e2681f6e-8d94-2d66-484f-43ea602335f9,405.33,1410,1593,100,17,73511,71
2026/07/24 16:27:24.924,2026/07/24 16:27:24.906,2026/07/24 16:27:24.942,1,GPU-713d5b24-2a1e-fd4a-7685-c3d195ff9230,243.18,1410,1593,100,53,73511,44
2026/07/24 16:27:25.173,2026/07/24 16:27:25.156,2026/07/24 16:27:25.191,0,GPU-e2681f6e-8d94-2d66-484f-43ea602335f9,426.11,1410,1593,100,15,73511,72
2026/07/24 16:27:25.173,2026/07/24 16:27:25.156,2026/07/24 16:27:25.191,1,GPU-713d5b24-2a1e-fd4a-7685-c3d195ff9230,239.55,1410,1593,83,44,73511,42
2026/07/24 16:27:25.422,2026/07/24 16:27:25.406,2026/07/24 16:27:25.438,0,GPU-e2681f6e-8d94-2d66-484f-43ea602335f9,417.08,1410,1593,100,17,73511,72
2026/07/24 16:27:25.422,2026/07/24 16:27:25.406,2026/07/24 16:27:25.438,1,GPU-713d5b24-2a1e-fd4a-7685-c3d195ff9230,247.40,1410,1593,96,51,73511,44
2026/07/24 16:27:25.674,2026/07/24 16:27:25.656,2026/07/24 16:27:25.692,0,GPU-e2681f6e-8d94-2d66-484f-43ea602335f9,419.46,1410,1593,100,18,73511,72
2026/07/24 16:27:25.674,2026/07/24 16:27:25.656,2026/07/24 16:27:25.692,1,GPU-713d5b24-2a1e-fd4a-7685-c3d195ff9230,241.99,1410,1593,96,51,73511,44
2026/07/24 16:27:25.923,2026/07/24 16:27:25.906,2026/07/24 16:27:25.940,0,GPU-e2681f6e-8d94-2d66-484f-43ea602335f9,403.82,1410,1593,100,14,73511,72
2026/07/24 16:27:25.923,2026/07/24 16:27:25.906,2026/07/24 16:27:25.940,1,GPU-713d5b24-2a1e-fd4a-7685-c3d195ff9230,132.87,1410,1593,100,53,73511,41
2026/07/24 16:27:26.173,2026/07/24 16:27:26.156,2026/07/24 16:27:26.189,0,GPU-e2681f6e-8d94-2d66-484f-43ea602335f9,409.23,1410,1593,100,12,73511,72
2026/07/24 16:27:26.173,2026/07/24 16:27:26.156,2026/07/24 16:27:26.189,1,GPU-713d5b24-2a1e-fd4a-7685-c3d195ff9230,85.57,1410,1593,15,8,73511,40
2026/07/24 16:27:26.423,2026/07/24 16:27:26.406,2026/07/24 16:27:26.441,0,GPU-e2681f6e-8d94-2d66-484f-43ea602335f9,416.16,1410,1593,100,15,73511,72
2026/07/24 16:27:26.423,2026/07/24 16:27:26.406,2026/07/24 16:27:26.441,1,GPU-713d5b24-2a1e-fd4a-7685-c3d195ff9230,237.44,1410,1593,98,51,73511,43
2026/07/24 16:27:26.672,2026/07/24 16:27:26.656,2026/07/24 16:27:26.688,0,GPU-e2681f6e-8d94-2d66-484f-43ea602335f9,413.18,1410,1593,100,13,73511,72
2026/07/24 16:27:26.672,2026/07/24 16:27:26.656,2026/07/24 16:27:26.688,1,GPU-713d5b24-2a1e-fd4a-7685-c3d195ff9230,86.49,1410,1593,38,20,73511,40
2026/07/24 16:27:26.922,2026/07/24 16:27:26.906,2026/07/24 16:27:26.938,0,GPU-e2681f6e-8d94-2d66-484f-43ea602335f9,430.34,1410,1593,100,14,73511,73
2026/07/24 16:27:26.922,2026/07/24 16:27:26.906,2026/07/24 16:27:26.938,1,GPU-713d5b24-2a1e-fd4a-7685-c3d195ff9230,85.25,1410,1593,5,0,73511,41
2026/07/24 16:27:27.173,2026/07/24 16:27:27.156,2026/07/24 16:27:27.191,0,GPU-e2681f6e-8d94-2d66-484f-43ea602335f9,420.97,1410,1593,100,17,73511,72
2026/07/24 16:27:27.173,2026/07/24 16:27:27.156,2026/07/24 16:27:27.191,1,GPU-713d5b24-2a1e-fd4a-7685-c3d195ff9230,239.28,1410,1593,96,40,73511,43
2026/07/24 16:27:27.430,2026/07/24 16:27:27.406,2026/07/24 16:27:27.453,0,GPU-e2681f6e-8d94-2d66-484f-43ea602335f9,419.19,1410,1593,100,17,73511,73
2026/07/24 16:27:27.430,2026/07/24 16:27:27.406,2026/07/24 16:27:27.453,1,GPU-713d5b24-2a1e-fd4a-7685-c3d195ff9230,99.43,1410,1593,100,52,73511,42
2026/07/24 16:27:27.671,2026/07/24 16:27:27.656,2026/07/24 16:27:27.686,0,GPU-e2681f6e-8d94-2d66-484f-43ea602335f9,422.49,1410,1593,100,15,73511,73
2026/07/24 16:27:27.671,2026/07/24 16:27:27.656,2026/07/24 16:27:27.686,1,GPU-713d5b24-2a1e-fd4a-7685-c3d195ff9230,88.60,1410,1593,45,14,73511,44
2026/07/24 16:27:27.921,2026/07/24 16:27:27.906,2026/07/24 16:27:27.935,0,GPU-e2681f6e-8d94-2d66-484f-43ea602335f9,417.08,1410,1593,100,14,73511,73
2026/07/24 16:27:27.921,2026/07/24 16:27:27.906,2026/07/24 16:27:27.935,1,GPU-713d5b24-2a1e-fd4a-7685-c3d195ff9230,85.25,1410,1593,0,0,73511,40
2026/07/24 16:27:28.174,2026/07/24 16:27:28.157,2026/07/24 16:27:28.191,0,GPU-e2681f6e-8d94-2d66-484f-43ea602335f9,418.27,1410,1593,100,17,73511,73
2026/07/24 16:27:28.174,2026/07/24 16:27:28.157,2026/07/24 16:27:28.191,1,GPU-713d5b24-2a1e-fd4a-7685-c3d195ff9230,247.72,1410,1593,65,24,73511,43
2026/07/24 16:27:28.422,2026/07/24 16:27:28.407,2026/07/24 16:27:28.437,0,GPU-e2681f6e-8d94-2d66-484f-43ea602335f9,427.91,1410,1593,100,14,73511,73
2026/07/24 16:27:28.422,2026/07/24 16:27:28.407,2026/07/24 16:27:28.437,1,GPU-713d5b24-2a1e-fd4a-7685-c3d195ff9230,88.60,1410,1593,100,52,73511,43
2026/07/24 16:27:28.672,2026/07/24 16:27:28.657,2026/07/24 16:27:28.688,0,GPU-e2681f6e-8d94-2d66-484f-43ea602335f9,424.01,1410,1593,100,16,73511,73
2026/07/24 16:27:28.672,2026/07/24 16:27:28.657,2026/07/24 16:27:28.688,1,GPU-713d5b24-2a1e-fd4a-7685-c3d195ff9230,242.26,1410,1593,93,39,73511,44
2026/07/24 16:27:28.922,2026/07/24 16:27:28.907,2026/07/24 16:27:28.938,0,GPU-e2681f6e-8d94-2d66-484f-43ea602335f9,437.26,1410,1593,100,17,73511,74
2026/07/24 16:27:28.922,2026/07/24 16:27:28.907,2026/07/24 16:27:28.938,1,GPU-713d5b24-2a1e-fd4a-7685-c3d195ff9230,248.91,1410,1593,100,51,73511,43
2026/07/24 16:27:29.173,2026/07/24 16:27:29.157,2026/07/24 16:27:29.190,0,GPU-e2681f6e-8d94-2d66-484f-43ea602335f9,410.42,1410,1593,100,16,73511,73
2026/07/24 16:27:29.173,2026/07/24 16:27:29.157,2026/07/24 16:27:29.190,1,GPU-713d5b24-2a1e-fd4a-7685-c3d195ff9230,246.21,1410,1593,100,48,73511,45
2026/07/24 16:27:29.446,2026/07/24 16:27:29.407,2026/07/24 16:27:29.485,0,GPU-e2681f6e-8d94-2d66-484f-43ea602335f9,424.92,1410,1593,81,15,73511,71
2026/07/24 16:27:29.446,2026/07/24 16:27:29.407,2026/07/24 16:27:29.485,1,GPU-713d5b24-2a1e-fd4a-7685-c3d195ff9230,248.32,1410,1593,100,54,73511,45
2026/07/24 16:27:29.677,2026/07/24 16:27:29.657,2026/07/24 16:27:29.698,0,GPU-e2681f6e-8d94-2d66-484f-43ea602335f9,412.85,1410,1593,100,15,73511,72
2026/07/24 16:27:29.677,2026/07/24 16:27:29.657,2026/07/24 16:27:29.698,1,GPU-713d5b24-2a1e-fd4a-7685-c3d195ff9230,246.48,1410,1593,77,41,73511,42
2026/07/24 16:27:29.924,2026/07/24 16:27:29.907,2026/07/24 16:27:29.942,0,GPU-e2681f6e-8d94-2d66-484f-43ea602335f9,411.07,1410,1593,100,13,73511,73
2026/07/24 16:27:29.924,2026/07/24 16:27:29.907,2026/07/24 16:27:29.942,1,GPU-713d5b24-2a1e-fd4a-7685-c3d195ff9230,86.17,1410,1593,0,0,73511,40
2026/07/24 16:27:30.172,2026/07/24 16:27:30.157,2026/07/24 16:27:30.187,0,GPU-e2681f6e-8d94-2d66-484f-43ea602335f9,442.67,1410,1593,100,15,73511,73
2026/07/24 16:27:30.172,2026/07/24 16:27:30.157,2026/07/24 16:27:30.187,1,GPU-713d5b24-2a1e-fd4a-7685-c3d195ff9230,172.66,1410,1593,7,0,73511,40
2026/07/24 16:27:30.422,2026/07/24 16:27:30.407,2026/07/24 16:27:30.437,0,GPU-e2681f6e-8d94-2d66-484f-43ea602335f9,421.30,1410,1593,100,17,73511,74
2026/07/24 16:27:30.422,2026/07/24 16:27:30.407,2026/07/24 16:27:30.437,1,GPU-713d5b24-2a1e-fd4a-7685-c3d195ff9230,240.47,1410,1593,94,40,73511,44
2026/07/24 16:27:30.672,2026/07/24 16:27:30.657,2026/07/24 16:27:30.687,0,GPU-e2681f6e-8d94-2d66-484f-43ea602335f9,425.79,1410,1593,100,18,73511,74
2026/07/24 16:27:30.672,2026/07/24 16:27:30.657,2026/07/24 16:27:30.687,1,GPU-713d5b24-2a1e-fd4a-7685-c3d195ff9230,99.10,1410,1593,42,13,73511,40
2026/07/24 16:27:30.922,2026/07/24 16:27:30.907,2026/07/24 16:27:30.937,0,GPU-e2681f6e-8d94-2d66-484f-43ea602335f9,420.11,1410,1593,100,15,73511,74
2026/07/24 16:27:30.922,2026/07/24 16:27:30.907,2026/07/24 16:27:30.937,1,GPU-713d5b24-2a1e-fd4a-7685-c3d195ff9230,105.43,1410,1593,100,53,73511,42
2026/07/24 16:27:31.172,2026/07/24 16:27:31.157,2026/07/24 16:27:31.186,0,GPU-e2681f6e-8d94-2d66-484f-43ea602335f9,422.49,1410,1593,100,16,73511,74
2026/07/24 16:27:31.172,2026/07/24 16:27:31.157,2026/07/24 16:27:31.186,1,GPU-713d5b24-2a1e-fd4a-7685-c3d195ff9230,244.37,1410,1593,41,12,73511,43
2026/07/24 16:27:31.422,2026/07/24 16:27:31.407,2026/07/24 16:27:31.436,0,GPU-e2681f6e-8d94-2d66-484f-43ea602335f9,418.86,1410,1593,100,16,73511,74
2026/07/24 16:27:31.422,2026/07/24 16:27:31.407,2026/07/24 16:27:31.436,1,GPU-713d5b24-2a1e-fd4a-7685-c3d195ff9230,86.17,1410,1593,100,53,73511,41
2026/07/24 16:27:31.673,2026/07/24 16:27:31.657,2026/07/24 16:27:31.688,0,GPU-e2681f6e-8d94-2d66-484f-43ea602335f9,423.09,1410,1593,100,13,73511,74
2026/07/24 16:27:31.673,2026/07/24 16:27:31.657,2026/07/24 16:27:31.688,1,GPU-713d5b24-2a1e-fd4a-7685-c3d195ff9230,85.84,1410,1593,26,14,73511,42
2026/07/24 16:27:31.922,2026/07/24 16:27:31.908,2026/07/24 16:27:31.937,0,GPU-e2681f6e-8d94-2d66-484f-43ea602335f9,421.30,1410,1593,100,15,73511,74
2026/07/24 16:27:31.922,2026/07/24 16:27:31.908,2026/07/24 16:27:31.937,1,GPU-713d5b24-2a1e-fd4a-7685-c3d195ff9230,132.87,1410,1593,100,52,73511,44
2026/07/24 16:27:32.171,2026/07/24 16:27:32.158,2026/07/24 16:27:32.185,0,GPU-e2681f6e-8d94-2d66-484f-43ea602335f9,408.63,1410,1593,100,13,73511,74
2026/07/24 16:27:32.171,2026/07/24 16:27:32.158,2026/07/24 16:27:32.185,1,GPU-713d5b24-2a1e-fd4a-7685-c3d195ff9230,85.57,1410,1593,16,8,73511,40
2026/07/24 16:27:32.422,2026/07/24 16:27:32.408,2026/07/24 16:27:32.436,0,GPU-e2681f6e-8d94-2d66-484f-43ea602335f9,440.43,1410,1593,100,12,73511,74
2026/07/24 16:27:32.422,2026/07/24 16:27:32.408,2026/07/24 16:27:32.436,1,GPU-713d5b24-2a1e-fd4a-7685-c3d195ff9230,233.55,1410,1593,0,0,73511,39
2026/07/24 16:27:32.671,2026/07/24 16:27:32.658,2026/07/24 16:27:32.684,0,GPU-e2681f6e-8d94-2d66-484f-43ea602335f9,420.70,1410,1593,100,18,73511,74
2026/07/24 16:27:32.671,2026/07/24 16:27:32.658,2026/07/24 16:27:32.684,1,GPU-713d5b24-2a1e-fd4a-7685-c3d195ff9230,243.50,1410,1593,70,23,73511,44
2026/07/24 16:27:32.922,2026/07/24 16:27:32.908,2026/07/24 16:27:32.936,0,GPU-e2681f6e-8d94-2d66-484f-43ea602335f9,405.77,1410,1593,100,13,73511,74
2026/07/24 16:27:32.922,2026/07/24 16:27:32.908,2026/07/24 16:27:32.936,1,GPU-713d5b24-2a1e-fd4a-7685-c3d195ff9230,85.84,1410,1593,100,52,73511,41
2026/07/24 16:27:33.172,2026/07/24 16:27:33.158,2026/07/24 16:27:33.187,0,GPU-e2681f6e-8d94-2d66-484f-43ea602335f9,441.95,1410,1593,100,14,73511,75
2026/07/24 16:27:33.172,2026/07/24 16:27:33.158,2026/07/24 16:27:33.187,1,GPU-713d5b24-2a1e-fd4a-7685-c3d195ff9230,95.80,1410,1593,6,0,73511,42
2026/07/24 16:27:33.424,2026/07/24 16:27:33.408,2026/07/24 16:27:33.441,0,GPU-e2681f6e-8d94-2d66-484f-43ea602335f9,421.30,1410,1593,100,17,73511,75
2026/07/24 16:27:33.424,2026/07/24 16:27:33.408,2026/07/24 16:27:33.441,1,GPU-713d5b24-2a1e-fd4a-7685-c3d195ff9230,98.24,1410,1593,94,39,73511,42
2026/07/24 16:27:33.689,2026/07/24 16:27:33.658,2026/07/24 16:27:33.720,0,GPU-e2681f6e-8d94-2d66-484f-43ea602335f9,124.56,1410,1593,100,13,73511,63
2026/07/24 16:27:33.689,2026/07/24 16:27:33.658,2026/07/24 16:27:33.720,1,GPU-713d5b24-2a1e-fd4a-7685-c3d195ff9230,99.43,1410,1593,42,12,73511,42
2026/07/24 16:27:33.921,2026/07/24 16:27:33.908,2026/07/24 16:27:33.934,0,GPU-e2681f6e-8d94-2d66-484f-43ea602335f9,392.07,1410,1593,57,11,73511,70
2026/07/24 16:27:33.921,2026/07/24 16:27:33.908,2026/07/24 16:27:33.934,1,GPU-713d5b24-2a1e-fd4a-7685-c3d195ff9230,245.88,1410,1593,100,52,73511,44
2026/07/24 16:27:34.172,2026/07/24 16:27:34.158,2026/07/24 16:27:34.186,0,GPU-e2681f6e-8d94-2d66-484f-43ea602335f9,415.89,1410,1593,100,16,73511,72
2026/07/24 16:27:34.172,2026/07/24 16:27:34.158,2026/07/24 16:27:34.186,1,GPU-713d5b24-2a1e-fd4a-7685-c3d195ff9230,85.84,1410,1593,45,24,73511,41
2026/07/24 16:27:34.424,2026/07/24 16:27:34.408,2026/07/24 16:27:34.439,0,GPU-e2681f6e-8d94-2d66-484f-43ea602335f9,110.37,1410,1593,100,13,73511,67
2026/07/24 16:27:34.424,2026/07/24 16:27:34.408,2026/07/24 16:27:34.439,1,GPU-713d5b24-2a1e-fd4a-7685-c3d195ff9230,85.25,1410,1593,0,0,73511,41
2026/07/24 16:27:34.674,2026/07/24 16:27:34.658,2026/07/24 16:27:34.689,0,GPU-e2681f6e-8d94-2d66-484f-43ea602335f9,102.57,1410,1593,0,0,73511,58
2026/07/24 16:27:34.674,2026/07/24 16:27:34.658,2026/07/24 16:27:34.689,1,GPU-713d5b24-2a1e-fd4a-7685-c3d195ff9230,240.15,1410,1593,69,26,73511,44
2026/07/24 16:27:34.922,2026/07/24 16:27:34.908,2026/07/24 16:27:34.936,0,GPU-e2681f6e-8d94-2d66-484f-43ea602335f9,100.72,1410,1593,0,0,73511,57
2026/07/24 16:27:34.922,2026/07/24 16:27:34.908,2026/07/24 16:27:34.936,1,GPU-713d5b24-2a1e-fd4a-7685-c3d195ff9230,85.66,1410,1593,0,0,73511,40
2026/07/24 16:27:35.173,2026/07/24 16:27:35.158,2026/07/24 16:27:35.188,0,GPU-e2681f6e-8d94-2d66-484f-43ea602335f9,409.82,1410,1593,42,8,73511,65
2026/07/24 16:27:35.173,2026/07/24 16:27:35.158,2026/07/24 16:27:35.188,1,GPU-713d5b24-2a1e-fd4a-7685-c3d195ff9230,85.33,1410,1593,0,0,73511,39
2026/07/24 16:27:35.424,2026/07/24 16:27:35.409,2026/07/24 16:27:35.440,0,GPU-e2681f6e-8d94-2d66-484f-43ea602335f9,401.38,1410,1593,100,17,73511,70
2026/07/24 16:27:35.424,2026/07/24 16:27:35.409,2026/07/24 16:27:35.440,1,GPU-713d5b24-2a1e-fd4a-7685-c3d195ff9230,84.97,1410,1593,0,0,73511,38
2026/07/24 16:27:35.677,2026/07/24 16:27:35.659,2026/07/24 16:27:35.696,0,GPU-e2681f6e-8d94-2d66-484f-43ea602335f9,114.59,1410,1593,77,13,73511,59
2026/07/24 16:27:35.677,2026/07/24 16:27:35.659,2026/07/24 16:27:35.696,1,GPU-713d5b24-2a1e-fd4a-7685-c3d195ff9230,241.66,1410,1593,97,44,73511,42
2026/07/24 16:27:35.925,2026/07/24 16:27:35.909,2026/07/24 16:27:35.941,0,GPU-e2681f6e-8d94-2d66-484f-43ea602335f9,100.45,1410,1593,0,0,73511,61
2026/07/24 16:27:35.925,2026/07/24 16:27:35.909,2026/07/24 16:27:35.941,1,GPU-713d5b24-2a1e-fd4a-7685-c3d195ff9230,85.57,1410,1593,97,44,73511,40
2026/07/24 16:27:36.174,2026/07/24 16:27:36.159,2026/07/24 16:27:36.189,0,GPU-e2681f6e-8d94-2d66-484f-43ea602335f9,412.53,1410,1593,96,18,73511,68
2026/07/24 16:27:36.174,2026/07/24 16:27:36.159,2026/07/24 16:27:36.189,1,GPU-713d5b24-2a1e-fd4a-7685-c3d195ff9230,85.25,1410,1593,0,0,73511,39
2026/07/24 16:27:36.425,2026/07/24 16:27:36.409,2026/07/24 16:27:36.442,0,GPU-e2681f6e-8d94-2d66-484f-43ea602335f9,402.30,1410,1593,100,15,73511,70
2026/07/24 16:27:36.425,2026/07/24 16:27:36.409,2026/07/24 16:27:36.442,1,GPU-713d5b24-2a1e-fd4a-7685-c3d195ff9230,84.97,1410,1593,0,0,73511,38
2026/07/24 16:27:36.676,2026/07/24 16:27:36.659,2026/07/24 16:27:36.694,0,GPU-e2681f6e-8d94-2d66-484f-43ea602335f9,113.99,1410,1593,100,13,73511,63
2026/07/24 16:27:36.676,2026/07/24 16:27:36.659,2026/07/24 16:27:36.694,1,GPU-713d5b24-2a1e-fd4a-7685-c3d195ff9230,124.43,1410,1593,49,14,73511,38
2026/07/24 16:27:36.924,2026/07/24 16:27:36.909,2026/07/24 16:27:36.938,0,GPU-e2681f6e-8d94-2d66-484f-43ea602335f9,101.32,1410,1593,0,0,73511,57
2026/07/24 16:27:36.924,2026/07/24 16:27:36.909,2026/07/24 16:27:36.938,1,GPU-713d5b24-2a1e-fd4a-7685-c3d195ff9230,247.72,1410,1593,100,52,73511,43
2026/07/24 16:27:37.173,2026/07/24 16:27:37.159,2026/07/24 16:27:37.187,0,GPU-e2681f6e-8d94-2d66-484f-43ea602335f9,99.53,1410,1593,0,0,73511,55
2026/07/24 16:27:37.173,2026/07/24 16:27:37.159,2026/07/24 16:27:37.187,1,GPU-713d5b24-2a1e-fd4a-7685-c3d195ff9230,85.57,1410,1593,38,20,73511,40
2026/07/24 16:27:37.422,2026/07/24 16:27:37.409,2026/07/24 16:27:37.436,0,GPU-e2681f6e-8d94-2d66-484f-43ea602335f9,98.61,1410,1593,0,0,73511,54
2026/07/24 16:27:37.422,2026/07/24 16:27:37.409,2026/07/24 16:27:37.436,1,GPU-713d5b24-2a1e-fd4a-7685-c3d195ff9230,84.97,1410,1593,0,0,73511,39
2026/07/24 16:27:37.675,2026/07/24 16:27:37.659,2026/07/24 16:27:37.690,0,GPU-e2681f6e-8d94-2d66-484f-43ea602335f9,97.09,1410,1593,0,0,73511,54
2026/07/24 16:27:37.675,2026/07/24 16:27:37.659,2026/07/24 16:27:37.690,1,GPU-713d5b24-2a1e-fd4a-7685-c3d195ff9230,84.74,1410,1593,0,0,73511,38
2026/07/24 16:27:37.924,2026/07/24 16:27:37.909,2026/07/24 16:27:37.938,0,GPU-e2681f6e-8d94-2d66-484f-43ea602335f9,96.82,1410,1593,0,0,73511,53
2026/07/24 16:27:37.924,2026/07/24 16:27:37.909,2026/07/24 16:27:37.938,1,GPU-713d5b24-2a1e-fd4a-7685-c3d195ff9230,84.74,1410,1593,0,0,73511,38
2026/07/24 16:27:38.175,2026/07/24 16:27:38.159,2026/07/24 16:27:38.190,0,GPU-e2681f6e-8d94-2d66-484f-43ea602335f9,96.49,1410,1593,0,0,73511,53
2026/07/24 16:27:38.175,2026/07/24 16:27:38.159,2026/07/24 16:27:38.190,1,GPU-713d5b24-2a1e-fd4a-7685-c3d195ff9230,84.65,1410,1593,0,0,73511,38
2026/07/24 16:27:38.423,2026/07/24 16:27:38.410,2026/07/24 16:27:38.436,0,GPU-e2681f6e-8d94-2d66-484f-43ea602335f9,95.90,1410,1593,0,0,73511,52
2026/07/24 16:27:38.423,2026/07/24 16:27:38.410,2026/07/24 16:27:38.436,1,GPU-713d5b24-2a1e-fd4a-7685-c3d195ff9230,84.65,1410,1593,0,0,73511,38
2026/07/24 16:27:38.673,2026/07/24 16:27:38.660,2026/07/24 16:27:38.687,0,GPU-e2681f6e-8d94-2d66-484f-43ea602335f9,96.22,1410,1593,0,0,73511,52
2026/07/24 16:27:38.673,2026/07/24 16:27:38.660,2026/07/24 16:27:38.687,1,GPU-713d5b24-2a1e-fd4a-7685-c3d195ff9230,84.65,1410,1593,0,0,73511,37
2026/07/24 16:27:38.924,2026/07/24 16:27:38.910,2026/07/24 16:27:38.938,0,GPU-e2681f6e-8d94-2d66-484f-43ea602335f9,95.63,1410,1593,0,0,73511,52
2026/07/24 16:27:38.924,2026/07/24 16:27:38.910,2026/07/24 16:27:38.938,1,GPU-713d5b24-2a1e-fd4a-7685-c3d195ff9230,84.38,1410,1593,0,0,73511,37
2026/07/24 16:27:39.175,2026/07/24 16:27:39.160,2026/07/24 16:27:39.190,0,GPU-e2681f6e-8d94-2d66-484f-43ea602335f9,95.30,1410,1593,0,0,73511,53
2026/07/24 16:27:39.175,2026/07/24 16:27:39.160,2026/07/24 16:27:39.190,1,GPU-713d5b24-2a1e-fd4a-7685-c3d195ff9230,84.74,1410,1593,0,0,73511,37
2026/07/24 16:27:39.424,2026/07/24 16:27:39.410,2026/07/24 16:27:39.439,0,GPU-e2681f6e-8d94-2d66-484f-43ea602335f9,397.48,1410,1593,75,14,73511,64
2026/07/24 16:27:39.424,2026/07/24 16:27:39.410,2026/07/24 16:27:39.439,1,GPU-713d5b24-2a1e-fd4a-7685-c3d195ff9230,84.65,1410,1593,0,0,73511,37
2026/07/24 16:27:39.675,2026/07/24 16:27:39.660,2026/07/24 16:27:39.689,0,GPU-e2681f6e-8d94-2d66-484f-43ea602335f9,392.94,1410,1593,100,15,73511,66
2026/07/24 16:27:39.675,2026/07/24 16:27:39.660,2026/07/24 16:27:39.689,1,GPU-713d5b24-2a1e-fd4a-7685-c3d195ff9230,84.38,1410,1593,0,0,73511,37
2026/07/24 16:27:39.928,2026/07/24 16:27:39.910,2026/07/24 16:27:39.945,0,GPU-e2681f6e-8d94-2d66-484f-43ea602335f9,408.63,1410,1593,100,16,73511,68
2026/07/24 16:27:39.928,2026/07/24 16:27:39.910,2026/07/24 16:27:39.945,1,GPU-713d5b24-2a1e-fd4a-7685-c3d195ff9230,240.47,1410,1593,0,0,73511,41
2026/07/24 16:27:40.175,2026/07/24 16:27:40.160,2026/07/24 16:27:40.190,0,GPU-e2681f6e-8d94-2d66-484f-43ea602335f9,427.63,1410,1593,100,16,73511,70
2026/07/24 16:27:40.175,2026/07/24 16:27:40.160,2026/07/24 16:27:40.190,1,GPU-713d5b24-2a1e-fd4a-7685-c3d195ff9230,98.51,1410,1593,73,39,73511,41
2026/07/24 16:27:40.427,2026/07/24 16:27:40.410,2026/07/24 16:27:40.443,0,GPU-e2681f6e-8d94-2d66-484f-43ea602335f9,414.38,1410,1593,100,17,73511,70
2026/07/24 16:27:40.427,2026/07/24 16:27:40.410,2026/07/24 16:27:40.443,1,GPU-713d5b24-2a1e-fd4a-7685-c3d195ff9230,242.58,1410,1593,90,39,73511,43
2026/07/24 16:27:40.675,2026/07/24 16:27:40.660,2026/07/24 16:27:40.690,0,GPU-e2681f6e-8d94-2d66-484f-43ea602335f9,406.20,1410,1593,100,14,73511,70
2026/07/24 16:27:40.675,2026/07/24 16:27:40.660,2026/07/24 16:27:40.690,1,GPU-713d5b24-2a1e-fd4a-7685-c3d195ff9230,85.25,1410,1593,63,34,73511,39
2026/07/24 16:27:40.925,2026/07/24 16:27:40.910,2026/07/24 16:27:40.939,0,GPU-e2681f6e-8d94-2d66-484f-43ea602335f9,417.67,1410,1593,100,15,73511,71
2026/07/24 16:27:40.925,2026/07/24 16:27:40.910,2026/07/24 16:27:40.939,1,GPU-713d5b24-2a1e-fd4a-7685-c3d195ff9230,245.29,1410,1593,0,0,73511,42
2026/07/24 16:27:41.174,2026/07/24 16:27:41.161,2026/07/24 16:27:41.188,0,GPU-e2681f6e-8d94-2d66-484f-43ea602335f9,402.63,1410,1593,100,13,73511,71
2026/07/24 16:27:41.174,2026/07/24 16:27:41.161,2026/07/24 16:27:41.188,1,GPU-713d5b24-2a1e-fd4a-7685-c3d195ff9230,86.49,1410,1593,88,46,73511,43
2026/07/24 16:27:41.425,2026/07/24 16:27:41.411,2026/07/24 16:27:41.439,0,GPU-e2681f6e-8d94-2d66-484f-43ea602335f9,180.09,1410,1593,99,13,73511,62
2026/07/24 16:27:41.425,2026/07/24 16:27:41.411,2026/07/24 16:27:41.439,1,GPU-713d5b24-2a1e-fd4a-7685-c3d195ff9230,84.97,1410,1593,0,0,73511,39
2026/07/24 16:27:41.675,2026/07/24 16:27:41.661,2026/07/24 16:27:41.690,0,GPU-e2681f6e-8d94-2d66-484f-43ea602335f9,102.67,1410,1593,0,0,73511,66
2026/07/24 16:27:41.675,2026/07/24 16:27:41.661,2026/07/24 16:27:41.690,1,GPU-713d5b24-2a1e-fd4a-7685-c3d195ff9230,243.18,1410,1593,67,23,73511,43
2026/07/24 16:27:41.925,2026/07/24 16:27:41.911,2026/07/24 16:27:41.940,0,GPU-e2681f6e-8d94-2d66-484f-43ea602335f9,402.90,1410,1593,100,15,73511,69
2026/07/24 16:27:41.925,2026/07/24 16:27:41.911,2026/07/24 16:27:41.940,1,GPU-713d5b24-2a1e-fd4a-7685-c3d195ff9230,85.57,1410,1593,100,52,73511,39
2026/07/24 16:27:42.175,2026/07/24 16:27:42.161,2026/07/24 16:27:42.189,0,GPU-e2681f6e-8d94-2d66-484f-43ea602335f9,399.18,1410,1593,100,14,73511,70
2026/07/24 16:27:42.175,2026/07/24 16:27:42.161,2026/07/24 16:27:42.189,1,GPU-713d5b24-2a1e-fd4a-7685-c3d195ff9230,85.25,1410,1593,0,0,73511,38
2026/07/24 16:27:42.425,2026/07/24 16:27:42.411,2026/07/24 16:27:42.439,0,GPU-e2681f6e-8d94-2d66-484f-43ea602335f9,102.24,1410,1593,3,1,73511,59
2026/07/24 16:27:42.425,2026/07/24 16:27:42.411,2026/07/24 16:27:42.439,1,GPU-713d5b24-2a1e-fd4a-7685-c3d195ff9230,245.29,1410,1593,63,22,73511,43
2026/07/24 16:27:42.675,2026/07/24 16:27:42.661,2026/07/24 16:27:42.688,0,GPU-e2681f6e-8d94-2d66-484f-43ea602335f9,99.86,1410,1593,0,0,73511,55
2026/07/24 16:27:42.675,2026/07/24 16:27:42.661,2026/07/24 16:27:42.688,1,GPU-713d5b24-2a1e-fd4a-7685-c3d195ff9230,86.76,1410,1593,91,48,73511,39
2026/07/24 16:27:42.945,2026/07/24 16:27:42.911,2026/07/24 16:27:42.979,0,GPU-e2681f6e-8d94-2d66-484f-43ea602335f9,98.34,1410,1593,0,0,73511,54
2026/07/24 16:27:42.945,2026/07/24 16:27:42.911,2026/07/24 16:27:42.979,1,GPU-713d5b24-2a1e-fd4a-7685-c3d195ff9230,84.97,1410,1593,0,0,73511,39
2026/07/24 16:27:43.175,2026/07/24 16:27:43.161,2026/07/24 16:27:43.190,0,GPU-e2681f6e-8d94-2d66-484f-43ea602335f9,97.09,1410,1593,0,0,73511,53
2026/07/24 16:27:43.175,2026/07/24 16:27:43.161,2026/07/24 16:27:43.190,1,GPU-713d5b24-2a1e-fd4a-7685-c3d195ff9230,84.65,1410,1593,0,0,73511,38
2026/07/24 16:27:43.450,2026/07/24 16:27:43.411,2026/07/24 16:27:43.489,0,GPU-e2681f6e-8d94-2d66-484f-43ea602335f9,96.22,1410,1593,0,0,73511,52
2026/07/24 16:27:43.450,2026/07/24 16:27:43.411,2026/07/24 16:27:43.489,1,GPU-713d5b24-2a1e-fd4a-7685-c3d195ff9230,84.65,1410,1593,0,0,73511,38
2026/07/24 16:27:43.675,2026/07/24 16:27:43.661,2026/07/24 16:27:43.689,0,GPU-e2681f6e-8d94-2d66-484f-43ea602335f9,99.53,1410,1593,0,0,73511,52
2026/07/24 16:27:43.675,2026/07/24 16:27:43.661,2026/07/24 16:27:43.689,1,GPU-713d5b24-2a1e-fd4a-7685-c3d195ff9230,87.95,1410,1593,0,0,73511,38
2026/07/24 16:27:43.925,2026/07/24 16:27:43.911,2026/07/24 16:27:43.938,0,GPU-e2681f6e-8d94-2d66-484f-43ea602335f9,95.90,1410,1593,0,0,73511,52
2026/07/24 16:27:43.925,2026/07/24 16:27:43.911,2026/07/24 16:27:43.938,1,GPU-713d5b24-2a1e-fd4a-7685-c3d195ff9230,84.65,1410,1593,0,0,73511,37
2026/07/24 16:27:44.188,2026/07/24 16:27:44.162,2026/07/24 16:27:44.215,0,GPU-e2681f6e-8d94-2d66-484f-43ea602335f9,400.19,1410,1593,0,0,73511,62
2026/07/24 16:27:44.188,2026/07/24 16:27:44.162,2026/07/24 16:27:44.215,1,GPU-713d5b24-2a1e-fd4a-7685-c3d195ff9230,84.38,1410,1593,0,0,73511,37
2026/07/24 16:27:44.426,2026/07/24 16:27:44.412,2026/07/24 16:27:44.440,0,GPU-e2681f6e-8d94-2d66-484f-43ea602335f9,395.37,1410,1593,98,18,73511,66
2026/07/24 16:27:44.426,2026/07/24 16:27:44.412,2026/07/24 16:27:44.440,1,GPU-713d5b24-2a1e-fd4a-7685-c3d195ff9230,84.65,1410,1593,0,0,73511,37
2026/07/24 16:27:44.675,2026/07/24 16:27:44.662,2026/07/24 16:27:44.689,0,GPU-e2681f6e-8d94-2d66-484f-43ea602335f9,385.15,1410,1593,100,13,73511,61
2026/07/24 16:27:44.675,2026/07/24 16:27:44.662,2026/07/24 16:27:44.689,1,GPU-713d5b24-2a1e-fd4a-7685-c3d195ff9230,84.65,1410,1593,0,0,73511,37
2026/07/24 16:27:44.927,2026/07/24 16:27:44.912,2026/07/24 16:27:44.943,0,GPU-e2681f6e-8d94-2d66-484f-43ea602335f9,100.55,1410,1593,21,3,73511,56
2026/07/24 16:27:44.927,2026/07/24 16:27:44.912,2026/07/24 16:27:44.943,1,GPU-713d5b24-2a1e-fd4a-7685-c3d195ff9230,245.62,1410,1593,38,9,73511,42
2026/07/24 16:27:45.175,2026/07/24 16:27:45.162,2026/07/24 16:27:45.189,0,GPU-e2681f6e-8d94-2d66-484f-43ea602335f9,97.09,1410,1593,0,0,73511,54
2026/07/24 16:27:45.175,2026/07/24 16:27:45.162,2026/07/24 16:27:45.189,1,GPU-713d5b24-2a1e-fd4a-7685-c3d195ff9230,84.97,1410,1593,2,1,73511,38
2026/07/24 16:27:45.427,2026/07/24 16:27:45.412,2026/07/24 16:27:45.442,0,GPU-e2681f6e-8d94-2d66-484f-43ea602335f9,391.15,1410,1593,63,12,73511,61
2026/07/24 16:27:45.427,2026/07/24 16:27:45.412,2026/07/24 16:27:45.442,1,GPU-713d5b24-2a1e-fd4a-7685-c3d195ff9230,84.65,1410,1593,0,0,73511,38
2026/07/24 16:27:45.676,2026/07/24 16:27:45.662,2026/07/24 16:27:45.690,0,GPU-e2681f6e-8d94-2d66-484f-43ea602335f9,405.60,1410,1593,100,16,73511,67
2026/07/24 16:27:45.676,2026/07/24 16:27:45.662,2026/07/24 16:27:45.690,1,GPU-713d5b24-2a1e-fd4a-7685-c3d195ff9230,84.38,1410,1593,0,0,73511,37
2026/07/24 16:27:45.928,2026/07/24 16:27:45.912,2026/07/24 16:27:45.944,0,GPU-e2681f6e-8d94-2d66-484f-43ea602335f9,387.45,1410,1593,100,13,73511,68
2026/07/24 16:27:45.928,2026/07/24 16:27:45.912,2026/07/24 16:27:45.944,1,GPU-713d5b24-2a1e-fd4a-7685-c3d195ff9230,84.38,1410,1593,0,0,73511,37
2026/07/24 16:27:46.180,2026/07/24 16:27:46.162,2026/07/24 16:27:46.198,0,GPU-e2681f6e-8d94-2d66-484f-43ea602335f9,427.91,1410,1593,100,18,73511,69
2026/07/24 16:27:46.180,2026/07/24 16:27:46.162,2026/07/24 16:27:46.198,1,GPU-713d5b24-2a1e-fd4a-7685-c3d195ff9230,239.28,1410,1593,48,12,73511,38
2026/07/24 16:27:46.426,2026/07/24 16:27:46.412,2026/07/24 16:27:46.440,0,GPU-e2681f6e-8d94-2d66-484f-43ea602335f9,412.26,1410,1593,100,15,73511,70
2026/07/24 16:27:46.426,2026/07/24 16:27:46.412,2026/07/24 16:27:46.440,1,GPU-713d5b24-2a1e-fd4a-7685-c3d195ff9230,238.36,1410,1593,100,52,73511,42
2026/07/24 16:27:46.678,2026/07/24 16:27:46.662,2026/07/24 16:27:46.694,0,GPU-e2681f6e-8d94-2d66-484f-43ea602335f9,416.16,1410,1593,100,13,73511,70
2026/07/24 16:27:46.678,2026/07/24 16:27:46.662,2026/07/24 16:27:46.694,1,GPU-713d5b24-2a1e-fd4a-7685-c3d195ff9230,84.97,1410,1593,76,40,73511,39
2026/07/24 16:27:46.927,2026/07/24 16:27:46.912,2026/07/24 16:27:46.942,0,GPU-e2681f6e-8d94-2d66-484f-43ea602335f9,406.20,1410,1593,100,17,73511,71
2026/07/24 16:27:46.927,2026/07/24 16:27:46.912,2026/07/24 16:27:46.942,1,GPU-713d5b24-2a1e-fd4a-7685-c3d195ff9230,244.69,1410,1593,97,43,73511,42
2026/07/24 16:27:47.179,2026/07/24 16:27:47.163,2026/07/24 16:27:47.196,0,GPU-e2681f6e-8d94-2d66-484f-43ea602335f9,412.75,1410,1593,100,15,73511,71
2026/07/24 16:27:47.179,2026/07/24 16:27:47.163,2026/07/24 16:27:47.196,1,GPU-713d5b24-2a1e-fd4a-7685-c3d195ff9230,134.72,1410,1593,67,35,73511,40
2026/07/24 16:27:47.427,2026/07/24 16:27:47.413,2026/07/24 16:27:47.441,0,GPU-e2681f6e-8d94-2d66-484f-43ea602335f9,410.42,1410,1593,100,17,73511,71
2026/07/24 16:27:47.427,2026/07/24 16:27:47.413,2026/07/24 16:27:47.441,1,GPU-713d5b24-2a1e-fd4a-7685-c3d195ff9230,247.08,1410,1593,96,41,73511,43
2026/07/24 16:27:47.677,2026/07/24 16:27:47.663,2026/07/24 16:27:47.691,0,GPU-e2681f6e-8d94-2d66-484f-43ea602335f9,423.09,1410,1593,100,16,73511,72
2026/07/24 16:27:47.677,2026/07/24 16:27:47.663,2026/07/24 16:27:47.691,1,GPU-713d5b24-2a1e-fd4a-7685-c3d195ff9230,87.68,1410,1593,95,50,73511,40
2026/07/24 16:27:47.928,2026/07/24 16:27:47.913,2026/07/24 16:27:47.943,0,GPU-e2681f6e-8d94-2d66-484f-43ea602335f9,403.22,1410,1593,100,17,73511,72
2026/07/24 16:27:47.928,2026/07/24 16:27:47.913,2026/07/24 16:27:47.943,1,GPU-713d5b24-2a1e-fd4a-7685-c3d195ff9230,242.58,1410,1593,100,53,73511,43
2026/07/24 16:27:48.178,2026/07/24 16:27:48.163,2026/07/24 16:27:48.193,0,GPU-e2681f6e-8d94-2d66-484f-43ea602335f9,415.89,1410,1593,100,13,73511,72
2026/07/24 16:27:48.178,2026/07/24 16:27:48.163,2026/07/24 16:27:48.193,1,GPU-713d5b24-2a1e-fd4a-7685-c3d195ff9230,85.93,1410,1593,23,13,73511,40
2026/07/24 16:27:48.430,2026/07/24 16:27:48.413,2026/07/24 16:27:48.447,0,GPU-e2681f6e-8d94-2d66-484f-43ea602335f9,410.15,1410,1593,100,15,73511,72
2026/07/24 16:27:48.430,2026/07/24 16:27:48.413,2026/07/24 16:27:48.447,1,GPU-713d5b24-2a1e-fd4a-7685-c3d195ff9230,249.84,1410,1593,56,18,73511,42
2026/07/24 16:27:48.687,2026/07/24 16:27:48.663,2026/07/24 16:27:48.712,0,GPU-e2681f6e-8d94-2d66-484f-43ea602335f9,400.19,1410,1593,100,13,73511,72
2026/07/24 16:27:48.687,2026/07/24 16:27:48.663,2026/07/24 16:27:48.712,1,GPU-713d5b24-2a1e-fd4a-7685-c3d195ff9230,244.37,1410,1593,100,52,73511,41
2026/07/24 16:27:48.930,2026/07/24 16:27:48.913,2026/07/24 16:27:48.947,0,GPU-e2681f6e-8d94-2d66-484f-43ea602335f9,137.24,1410,1593,100,12,73511,72
2026/07/24 16:27:48.930,2026/07/24 16:27:48.913,2026/07/24 16:27:48.947,1,GPU-713d5b24-2a1e-fd4a-7685-c3d195ff9230,85.25,1410,1593,38,20,73511,39
2026/07/24 16:27:49.179,2026/07/24 16:27:49.163,2026/07/24 16:27:49.195,0,GPU-e2681f6e-8d94-2d66-484f-43ea602335f9,102.83,1410,1593,29,6,73511,59
2026/07/24 16:27:49.179,2026/07/24 16:27:49.163,2026/07/24 16:27:49.195,1,GPU-713d5b24-2a1e-fd4a-7685-c3d195ff9230,244.96,1410,1593,97,45,73511,43
2026/07/24 16:27:49.436,2026/07/24 16:27:49.413,2026/07/24 16:27:49.458,0,GPU-e2681f6e-8d94-2d66-484f-43ea602335f9,417.67,1410,1593,100,17,73511,70
2026/07/24 16:27:49.436,2026/07/24 16:27:49.413,2026/07/24 16:27:49.458,1,GPU-713d5b24-2a1e-fd4a-7685-c3d195ff9230,241.40,1410,1593,100,51,73511,41
2026/07/24 16:27:49.678,2026/07/24 16:27:49.663,2026/07/24 16:27:49.693,0,GPU-e2681f6e-8d94-2d66-484f-43ea602335f9,407.72,1410,1593,100,14,73511,71
2026/07/24 16:27:49.678,2026/07/24 16:27:49.663,2026/07/24 16:27:49.693,1,GPU-713d5b24-2a1e-fd4a-7685-c3d195ff9230,85.57,1410,1593,13,7,73511,39
2026/07/24 16:27:49.929,2026/07/24 16:27:49.913,2026/07/24 16:27:49.945,0,GPU-e2681f6e-8d94-2d66-484f-43ea602335f9,264.23,1410,1593,42,6,73511,69
2026/07/24 16:27:49.929,2026/07/24 16:27:49.913,2026/07/24 16:27:49.945,1,GPU-713d5b24-2a1e-fd4a-7685-c3d195ff9230,241.40,1410,1593,19,0,73511,43
2026/07/24 16:27:50.179,2026/07/24 16:27:50.163,2026/07/24 16:27:50.194,0,GPU-e2681f6e-8d94-2d66-484f-43ea602335f9,413.78,1410,1593,92,17,73511,71
2026/07/24 16:27:50.179,2026/07/24 16:27:50.163,2026/07/24 16:27:50.194,1,GPU-713d5b24-2a1e-fd4a-7685-c3d195ff9230,85.84,1410,1593,98,51,73511,40
2026/07/24 16:27:50.428,2026/07/24 16:27:50.414,2026/07/24 16:27:50.442,0,GPU-e2681f6e-8d94-2d66-484f-43ea602335f9,391.15,1410,1593,100,13,73511,71
2026/07/24 16:27:50.428,2026/07/24 16:27:50.414,2026/07/24 16:27:50.442,1,GPU-713d5b24-2a1e-fd4a-7685-c3d195ff9230,85.25,1410,1593,0,0,73511,38
2026/07/24 16:27:50.679,2026/07/24 16:27:50.664,2026/07/24 16:27:50.695,0,GPU-e2681f6e-8d94-2d66-484f-43ea602335f9,419.46,1410,1593,99,18,73511,72
2026/07/24 16:27:50.679,2026/07/24 16:27:50.664,2026/07/24 16:27:50.695,1,GPU-713d5b24-2a1e-fd4a-7685-c3d195ff9230,240.80,1410,1593,28,3,73511,41
2026/07/24 16:27:50.928,2026/07/24 16:27:50.914,2026/07/24 16:27:50.943,0,GPU-e2681f6e-8d94-2d66-484f-43ea602335f9,408.63,1410,1593,100,15,73511,72
2026/07/24 16:27:50.928,2026/07/24 16:27:50.914,2026/07/24 16:27:50.943,1,GPU-713d5b24-2a1e-fd4a-7685-c3d195ff9230,240.47,1410,1593,100,52,73511,40
2026/07/24 16:27:51.206,2026/07/24 16:27:51.164,2026/07/24 16:27:51.247,0,GPU-e2681f6e-8d94-2d66-484f-43ea602335f9,105.54,1410,1593,95,13,73511,61
2026/07/24 16:27:51.206,2026/07/24 16:27:51.164,2026/07/24 16:27:51.247,1,GPU-713d5b24-2a1e-fd4a-7685-c3d195ff9230,228.40,1410,1593,27,14,73511,41
2026/07/24 16:27:51.428,2026/07/24 16:27:51.414,2026/07/24 16:27:51.443,0,GPU-e2681f6e-8d94-2d66-484f-43ea602335f9,101.64,1410,1593,0,0,73511,57
2026/07/24 16:27:51.428,2026/07/24 16:27:51.414,2026/07/24 16:27:51.443,1,GPU-713d5b24-2a1e-fd4a-7685-c3d195ff9230,85.84,1410,1593,88,46,73511,41
2026/07/24 16:27:51.679,2026/07/24 16:27:51.664,2026/07/24 16:27:51.693,0,GPU-e2681f6e-8d94-2d66-484f-43ea602335f9,99.53,1410,1593,0,0,73511,55
2026/07/24 16:27:51.679,2026/07/24 16:27:51.664,2026/07/24 16:27:51.693,1,GPU-713d5b24-2a1e-fd4a-7685-c3d195ff9230,84.97,1410,1593,0,0,73511,39
2026/07/24 16:27:51.928,2026/07/24 16:27:51.914,2026/07/24 16:27:51.942,0,GPU-e2681f6e-8d94-2d66-484f-43ea602335f9,406.20,1410,1593,36,7,73511,66
2026/07/24 16:27:51.928,2026/07/24 16:27:51.914,2026/07/24 16:27:51.942,1,GPU-713d5b24-2a1e-fd4a-7685-c3d195ff9230,84.38,1410,1593,0,0,73511,38
2026/07/24 16:27:52.179,2026/07/24 16:27:52.164,2026/07/24 16:27:52.194,0,GPU-e2681f6e-8d94-2d66-484f-43ea602335f9,397.66,1410,1593,100,17,73511,69
2026/07/24 16:27:52.179,2026/07/24 16:27:52.164,2026/07/24 16:27:52.194,1,GPU-713d5b24-2a1e-fd4a-7685-c3d195ff9230,84.38,1410,1593,0,0,73511,38
2026/07/24 16:27:52.485,2026/07/24 16:27:52.414,2026/07/24 16:27:52.557,0,GPU-e2681f6e-8d94-2d66-484f-43ea602335f9,103.26,1410,1593,35,5,73511,62
2026/07/24 16:27:52.485,2026/07/24 16:27:52.414,2026/07/24 16:27:52.557,1,GPU-713d5b24-2a1e-fd4a-7685-c3d195ff9230,244.10,1410,1593,17,0,73511,41
2026/07/24 16:27:52.681,2026/07/24 16:27:52.664,2026/07/24 16:27:52.697,0,GPU-e2681f6e-8d94-2d66-484f-43ea602335f9,103.26,1410,1593,35,5,73511,58
2026/07/24 16:27:52.681,2026/07/24 16:27:52.664,2026/07/24 16:27:52.697,1,GPU-713d5b24-2a1e-fd4a-7685-c3d195ff9230,241.40,1410,1593,97,49,73511,41
2026/07/24 16:27:52.930,2026/07/24 16:27:52.914,2026/07/24 16:27:52.946,0,GPU-e2681f6e-8d94-2d66-484f-43ea602335f9,410.64,1410,1593,96,17,73511,67
2026/07/24 16:27:52.930,2026/07/24 16:27:52.914,2026/07/24 16:27:52.946,1,GPU-713d5b24-2a1e-fd4a-7685-c3d195ff9230,84.65,1410,1593,34,18,73511,38
2026/07/24 16:27:53.178,2026/07/24 16:27:53.164,2026/07/24 16:27:53.192,0,GPU-e2681f6e-8d94-2d66-484f-43ea602335f9,396.15,1410,1593,100,15,73511,70
2026/07/24 16:27:53.178,2026/07/24 16:27:53.164,2026/07/24 16:27:53.192,1,GPU-713d5b24-2a1e-fd4a-7685-c3d195ff9230,84.65,1410,1593,0,0,73511,38
2026/07/24 16:27:53.435,2026/07/24 16:27:53.415,2026/07/24 16:27:53.456,0,GPU-e2681f6e-8d94-2d66-484f-43ea602335f9,103.43,1410,1593,0,0,73511,59
2026/07/24 16:27:53.435,2026/07/24 16:27:53.415,2026/07/24 16:27:53.456,1,GPU-713d5b24-2a1e-fd4a-7685-c3d195ff9230,238.69,1410,1593,66,25,73511,42
2026/07/24 16:27:53.679,2026/07/24 16:27:53.665,2026/07/24 16:27:53.693,0,GPU-e2681f6e-8d94-2d66-484f-43ea602335f9,100.12,1410,1593,0,0,73511,55
2026/07/24 16:27:53.679,2026/07/24 16:27:53.665,2026/07/24 16:27:53.693,1,GPU-713d5b24-2a1e-fd4a-7685-c3d195ff9230,85.25,1410,1593,75,39,73511,39
2026/07/24 16:27:53.928,2026/07/24 16:27:53.915,2026/07/24 16:27:53.942,0,GPU-e2681f6e-8d94-2d66-484f-43ea602335f9,98.34,1410,1593,0,0,73511,54
2026/07/24 16:27:53.928,2026/07/24 16:27:53.915,2026/07/24 16:27:53.942,1,GPU-713d5b24-2a1e-fd4a-7685-c3d195ff9230,84.65,1410,1593,0,0,73511,38
2026/07/24 16:27:54.179,2026/07/24 16:27:54.165,2026/07/24 16:27:54.193,0,GPU-e2681f6e-8d94-2d66-484f-43ea602335f9,403.49,1410,1593,27,5,73511,65
2026/07/24 16:27:54.179,2026/07/24 16:27:54.165,2026/07/24 16:27:54.193,1,GPU-713d5b24-2a1e-fd4a-7685-c3d195ff9230,84.38,1410,1593,0,0,73511,38
2026/07/24 16:27:54.429,2026/07/24 16:27:54.415,2026/07/24 16:27:54.443,0,GPU-e2681f6e-8d94-2d66-484f-43ea602335f9,404.41,1410,1593,100,17,73511,68
2026/07/24 16:27:54.429,2026/07/24 16:27:54.415,2026/07/24 16:27:54.443,1,GPU-713d5b24-2a1e-fd4a-7685-c3d195ff9230,84.05,1410,1593,0,0,73511,37
2026/07/24 16:27:54.685,2026/07/24 16:27:54.665,2026/07/24 16:27:54.705,0,GPU-e2681f6e-8d94-2d66-484f-43ea602335f9,401.38,1410,1593,100,12,73511,69
2026/07/24 16:27:54.685,2026/07/24 16:27:54.665,2026/07/24 16:27:54.705,1,GPU-713d5b24-2a1e-fd4a-7685-c3d195ff9230,84.05,1410,1593,0,0,73511,37
2026/07/24 16:27:54.931,2026/07/24 16:27:54.915,2026/07/24 16:27:54.947,0,GPU-e2681f6e-8d94-2d66-484f-43ea602335f9,410.75,1410,1593,100,17,73511,71
2026/07/24 16:27:54.931,2026/07/24 16:27:54.915,2026/07/24 16:27:54.947,1,GPU-713d5b24-2a1e-fd4a-7685-c3d195ff9230,184.13,1410,1593,8,0,73511,41
2026/07/24 16:27:55.181,2026/07/24 16:27:55.165,2026/07/24 16:27:55.196,0,GPU-e2681f6e-8d94-2d66-484f-43ea602335f9,417.08,1410,1593,100,15,73511,71
2026/07/24 16:27:55.181,2026/07/24 16:27:55.165,2026/07/24 16:27:55.196,1,GPU-713d5b24-2a1e-fd4a-7685-c3d195ff9230,102.73,1410,1593,96,42,73511,40
2026/07/24 16:27:55.461,2026/07/24 16:27:55.415,2026/07/24 16:27:55.507,0,GPU-e2681f6e-8d94-2d66-484f-43ea602335f9,109.50,1410,1593,91,12,73511,60
2026/07/24 16:27:55.461,2026/07/24 16:27:55.415,2026/07/24 16:27:55.507,1,GPU-713d5b24-2a1e-fd4a-7685-c3d195ff9230,238.69,1410,1593,53,18,73511,42
2026/07/24 16:27:55.678,2026/07/24 16:27:55.666,2026/07/24 16:27:55.691,0,GPU-e2681f6e-8d94-2d66-484f-43ea602335f9,100.82,1410,1593,0,0,73511,56
2026/07/24 16:27:55.678,2026/07/24 16:27:55.666,2026/07/24 16:27:55.691,1,GPU-713d5b24-2a1e-fd4a-7685-c3d195ff9230,197.66,1410,1593,100,52,73511,41
2026/07/24 16:27:55.929,2026/07/24 16:27:55.916,2026/07/24 16:27:55.942,0,GPU-e2681f6e-8d94-2d66-484f-43ea602335f9,99.20,1410,1593,0,0,73511,55
2026/07/24 16:27:55.929,2026/07/24 16:27:55.916,2026/07/24 16:27:55.942,1,GPU-713d5b24-2a1e-fd4a-7685-c3d195ff9230,84.65,1410,1593,23,12,73511,39
2026/07/24 16:27:56.180,2026/07/24 16:27:56.166,2026/07/24 16:27:56.195,0,GPU-e2681f6e-8d94-2d66-484f-43ea602335f9,98.34,1410,1593,0,0,73511,62
2026/07/24 16:27:56.180,2026/07/24 16:27:56.166,2026/07/24 16:27:56.195,1,GPU-713d5b24-2a1e-fd4a-7685-c3d195ff9230,84.65,1410,1593,0,0,73511,38
2026/07/24 16:27:56.430,2026/07/24 16:27:56.416,2026/07/24 16:27:56.444,0,GPU-e2681f6e-8d94-2d66-484f-43ea602335f9,402.30,1410,1593,78,15,73511,66
2026/07/24 16:27:56.430,2026/07/24 16:27:56.416,2026/07/24 16:27:56.444,1,GPU-713d5b24-2a1e-fd4a-7685-c3d195ff9230,84.38,1410,1593,0,0,73511,38
2026/07/24 16:27:56.682,2026/07/24 16:27:56.666,2026/07/24 16:27:56.698,0,GPU-e2681f6e-8d94-2d66-484f-43ea602335f9,392.67,1410,1593,100,13,73511,68
2026/07/24 16:27:56.682,2026/07/24 16:27:56.666,2026/07/24 16:27:56.698,1,GPU-713d5b24-2a1e-fd4a-7685-c3d195ff9230,84.05,1410,1593,0,0,73511,37
2026/07/24 16:27:56.930,2026/07/24 16:27:56.916,2026/07/24 16:27:56.943,0,GPU-e2681f6e-8d94-2d66-484f-43ea602335f9,425.20,1410,1593,100,13,73511,69
2026/07/24 16:27:56.930,2026/07/24 16:27:56.916,2026/07/24 16:27:56.943,1,GPU-713d5b24-2a1e-fd4a-7685-c3d195ff9230,237.17,1410,1593,0,0,73511,38
2026/07/24 16:27:57.181,2026/07/24 16:27:57.166,2026/07/24 16:27:57.196,0,GPU-e2681f6e-8d94-2d66-484f-43ea602335f9,410.42,1410,1593,100,17,73511,71
2026/07/24 16:27:57.181,2026/07/24 16:27:57.166,2026/07/24 16:27:57.196,1,GPU-713d5b24-2a1e-fd4a-7685-c3d195ff9230,242.91,1410,1593,100,52,73511,42
2026/07/24 16:27:57.433,2026/07/24 16:27:57.416,2026/07/24 16:27:57.451,0,GPU-e2681f6e-8d94-2d66-484f-43ea602335f9,399.60,1410,1593,100,13,73511,71
2026/07/24 16:27:57.433,2026/07/24 16:27:57.416,2026/07/24 16:27:57.451,1,GPU-713d5b24-2a1e-fd4a-7685-c3d195ff9230,84.97,1410,1593,100,52,73511,39
2026/07/24 16:27:57.681,2026/07/24 16:27:57.666,2026/07/24 16:27:57.696,0,GPU-e2681f6e-8d94-2d66-484f-43ea602335f9,411.34,1410,1593,100,16,73511,71
2026/07/24 16:27:57.681,2026/07/24 16:27:57.666,2026/07/24 16:27:57.696,1,GPU-713d5b24-2a1e-fd4a-7685-c3d195ff9230,246.48,1410,1593,40,10,73511,42
2026/07/24 16:27:57.931,2026/07/24 16:27:57.916,2026/07/24 16:27:57.946,0,GPU-e2681f6e-8d94-2d66-484f-43ea602335f9,404.41,1410,1593,100,13,73511,72
2026/07/24 16:27:57.931,2026/07/24 16:27:57.916,2026/07/24 16:27:57.946,1,GPU-713d5b24-2a1e-fd4a-7685-c3d195ff9230,241.40,1410,1593,100,52,73511,43
2026/07/24 16:27:58.182,2026/07/24 16:27:58.167,2026/07/24 16:27:58.197,0,GPU-e2681f6e-8d94-2d66-484f-43ea602335f9,426.27,1410,1593,100,12,73511,72
2026/07/24 16:27:58.182,2026/07/24 16:27:58.167,2026/07/24 16:27:58.197,1,GPU-713d5b24-2a1e-fd4a-7685-c3d195ff9230,92.82,1410,1593,27,2,73511,39
2026/07/24 16:27:58.431,2026/07/24 16:27:58.417,2026/07/24 16:27:58.445,0,GPU-e2681f6e-8d94-2d66-484f-43ea602335f9,417.08,1410,1593,100,18,73511,72
2026/07/24 16:27:58.431,2026/07/24 16:27:58.417,2026/07/24 16:27:58.445,1,GPU-713d5b24-2a1e-fd4a-7685-c3d195ff9230,238.04,1410,1593,100,52,73511,43
2026/07/24 16:27:58.683,2026/07/24 16:27:58.667,2026/07/24 16:27:58.699,0,GPU-e2681f6e-8d94-2d66-484f-43ea602335f9,415.89,1410,1593,100,14,73511,72
2026/07/24 16:27:58.683,2026/07/24 16:27:58.667,2026/07/24 16:27:58.699,1,GPU-713d5b24-2a1e-fd4a-7685-c3d195ff9230,86.17,1410,1593,90,47,73511,41
2026/07/24 16:27:58.931,2026/07/24 16:27:58.917,2026/07/24 16:27:58.945,0,GPU-e2681f6e-8d94-2d66-484f-43ea602335f9,410.15,1410,1593,100,16,73511,72
2026/07/24 16:27:58.931,2026/07/24 16:27:58.917,2026/07/24 16:27:58.945,1,GPU-713d5b24-2a1e-fd4a-7685-c3d195ff9230,246.48,1410,1593,72,28,73511,44
2026/07/24 16:27:59.184,2026/07/24 16:27:59.167,2026/07/24 16:27:59.201,0,GPU-e2681f6e-8d94-2d66-484f-43ea602335f9,404.59,1410,1593,100,13,73511,73
2026/07/24 16:27:59.184,2026/07/24 16:27:59.167,2026/07/24 16:27:59.201,1,GPU-713d5b24-2a1e-fd4a-7685-c3d195ff9230,85.25,1410,1593,95,50,73511,40
2026/07/24 16:27:59.433,2026/07/24 16:27:59.417,2026/07/24 16:27:59.449,0,GPU-e2681f6e-8d94-2d66-484f-43ea602335f9,423.09,1410,1593,100,16,73511,73
2026/07/24 16:27:59.433,2026/07/24 16:27:59.417,2026/07/24 16:27:59.449,1,GPU-713d5b24-2a1e-fd4a-7685-c3d195ff9230,232.62,1410,1593,0,0,73511,42
2026/07/24 16:27:59.683,2026/07/24 16:27:59.667,2026/07/24 16:27:59.699,0,GPU-e2681f6e-8d94-2d66-484f-43ea602335f9,411.34,1410,1593,100,16,73511,73
2026/07/24 16:27:59.683,2026/07/24 16:27:59.667,2026/07/24 16:27:59.699,1,GPU-713d5b24-2a1e-fd4a-7685-c3d195ff9230,85.66,1410,1593,77,40,73511,40
2026/07/24 16:27:59.933,2026/07/24 16:27:59.917,2026/07/24 16:27:59.948,0,GPU-e2681f6e-8d94-2d66-484f-43ea602335f9,106.79,1410,1593,100,13,73511,73
2026/07/24 16:27:59.933,2026/07/24 16:27:59.917,2026/07/24 16:27:59.948,1,GPU-713d5b24-2a1e-fd4a-7685-c3d195ff9230,99.10,1410,1593,0,0,73511,41
2026/07/24 16:28:00.180,2026/07/24 16:28:00.167,2026/07/24 16:28:00.192,0,GPU-e2681f6e-8d94-2d66-484f-43ea602335f9,101.64,1410,1593,0,0,73511,58
2026/07/24 16:28:00.180,2026/07/24 16:28:00.167,2026/07/24 16:28:00.192,1,GPU-713d5b24-2a1e-fd4a-7685-c3d195ff9230,247.08,1410,1593,90,36,73511,43
2026/07/24 16:28:00.431,2026/07/24 16:28:00.417,2026/07/24 16:28:00.445,0,GPU-e2681f6e-8d94-2d66-484f-43ea602335f9,100.72,1410,1593,0,0,73511,56
2026/07/24 16:28:00.431,2026/07/24 16:28:00.417,2026/07/24 16:28:00.445,1,GPU-713d5b24-2a1e-fd4a-7685-c3d195ff9230,85.25,1410,1593,0,0,73511,39
2026/07/24 16:28:00.688,2026/07/24 16:28:00.667,2026/07/24 16:28:00.708,0,GPU-e2681f6e-8d94-2d66-484f-43ea602335f9,98.61,1410,1593,0,0,73511,55
2026/07/24 16:28:00.688,2026/07/24 16:28:00.667,2026/07/24 16:28:00.708,1,GPU-713d5b24-2a1e-fd4a-7685-c3d195ff9230,85.25,1410,1593,0,0,73511,38
2026/07/24 16:28:00.932,2026/07/24 16:28:00.917,2026/07/24 16:28:00.947,0,GPU-e2681f6e-8d94-2d66-484f-43ea602335f9,97.74,1410,1593,0,0,73511,54
2026/07/24 16:28:00.932,2026/07/24 16:28:00.917,2026/07/24 16:28:00.947,1,GPU-713d5b24-2a1e-fd4a-7685-c3d195ff9230,84.38,1410,1593,0,0,73511,38
2026/07/24 16:28:01.182,2026/07/24 16:28:01.167,2026/07/24 16:28:01.196,0,GPU-e2681f6e-8d94-2d66-484f-43ea602335f9,97.42,1410,1593,0,0,73511,53
2026/07/24 16:28:01.182,2026/07/24 16:28:01.167,2026/07/24 16:28:01.196,1,GPU-713d5b24-2a1e-fd4a-7685-c3d195ff9230,84.38,1410,1593,0,0,73511,38
2026/07/24 16:28:01.432,2026/07/24 16:28:01.418,2026/07/24 16:28:01.446,0,GPU-e2681f6e-8d94-2d66-484f-43ea602335f9,96.82,1410,1593,0,0,73511,53
2026/07/24 16:28:01.432,2026/07/24 16:28:01.418,2026/07/24 16:28:01.446,1,GPU-713d5b24-2a1e-fd4a-7685-c3d195ff9230,84.38,1410,1593,0,0,73511,38
2026/07/24 16:28:01.683,2026/07/24 16:28:01.668,2026/07/24 16:28:01.698,0,GPU-e2681f6e-8d94-2d66-484f-43ea602335f9,96.82,1410,1593,0,0,73511,52
2026/07/24 16:28:01.683,2026/07/24 16:28:01.668,2026/07/24 16:28:01.698,1,GPU-713d5b24-2a1e-fd4a-7685-c3d195ff9230,84.05,1410,1593,0,0,73511,37
2026/07/24 16:28:01.932,2026/07/24 16:28:01.918,2026/07/24 16:28:01.946,0,GPU-e2681f6e-8d94-2d66-484f-43ea602335f9,96.22,1410,1593,0,0,73511,52
2026/07/24 16:28:01.932,2026/07/24 16:28:01.918,2026/07/24 16:28:01.946,1,GPU-713d5b24-2a1e-fd4a-7685-c3d195ff9230,84.05,1410,1593,0,0,73511,37
2026/07/24 16:28:02.180,2026/07/24 16:28:02.168,2026/07/24 16:28:02.193,0,GPU-e2681f6e-8d94-2d66-484f-43ea602335f9,95.90,1410,1593,0,0,73511,52
2026/07/24 16:28:02.180,2026/07/24 16:28:02.168,2026/07/24 16:28:02.193,1,GPU-713d5b24-2a1e-fd4a-7685-c3d195ff9230,84.05,1410,1593,0,0,73511,37
2026/07/24 16:28:02.430,2026/07/24 16:28:02.418,2026/07/24 16:28:02.441,0,GPU-e2681f6e-8d94-2d66-484f-43ea602335f9,96.22,1410,1593,0,0,73511,51
2026/07/24 16:28:02.430,2026/07/24 16:28:02.418,2026/07/24 16:28:02.441,1,GPU-713d5b24-2a1e-fd4a-7685-c3d195ff9230,84.05,1410,1593,0,0,73511,37
2026/07/24 16:28:02.685,2026/07/24 16:28:02.668,2026/07/24 16:28:02.702,0,GPU-e2681f6e-8d94-2d66-484f-43ea602335f9,219.36,1410,1593,0,0,73511,53
2026/07/24 16:28:02.685,2026/07/24 16:28:02.668,2026/07/24 16:28:02.702,1,GPU-713d5b24-2a1e-fd4a-7685-c3d195ff9230,84.05,1410,1593,0,0,73511,37
2026/07/24 16:28:02.939,2026/07/24 16:28:02.918,2026/07/24 16:28:02.961,0,GPU-e2681f6e-8d94-2d66-484f-43ea602335f9,399.77,1410,1593,100,17,73511,65
2026/07/24 16:28:02.939,2026/07/24 16:28:02.918,2026/07/24 16:28:02.961,1,GPU-713d5b24-2a1e-fd4a-7685-c3d195ff9230,84.05,1410,1593,0,0,73511,37
2026/07/24 16:28:03.182,2026/07/24 16:28:03.168,2026/07/24 16:28:03.196,0,GPU-e2681f6e-8d94-2d66-484f-43ea602335f9,388.04,1410,1593,100,13,73511,67
2026/07/24 16:28:03.182,2026/07/24 16:28:03.168,2026/07/24 16:28:03.196,1,GPU-713d5b24-2a1e-fd4a-7685-c3d195ff9230,84.05,1410,1593,0,0,73511,37
2026/07/24 16:28:03.433,2026/07/24 16:28:03.418,2026/07/24 16:28:03.448,0,GPU-e2681f6e-8d94-2d66-484f-43ea602335f9,432.13,1410,1593,100,15,73511,69
2026/07/24 16:28:03.433,2026/07/24 16:28:03.418,2026/07/24 16:28:03.448,1,GPU-713d5b24-2a1e-fd4a-7685-c3d195ff9230,180.18,1410,1593,0,0,73511,39
2026/07/24 16:28:03.682,2026/07/24 16:28:03.668,2026/07/24 16:28:03.696,0,GPU-e2681f6e-8d94-2d66-484f-43ea602335f9,414.64,1410,1593,100,17,73511,70
2026/07/24 16:28:03.682,2026/07/24 16:28:03.668,2026/07/24 16:28:03.696,1,GPU-713d5b24-2a1e-fd4a-7685-c3d195ff9230,118.55,1410,1593,100,52,73511,42
2026/07/24 16:28:03.934,2026/07/24 16:28:03.918,2026/07/24 16:28:03.950,0,GPU-e2681f6e-8d94-2d66-484f-43ea602335f9,410.75,1410,1593,100,14,73511,70
2026/07/24 16:28:03.934,2026/07/24 16:28:03.918,2026/07/24 16:28:03.950,1,GPU-713d5b24-2a1e-fd4a-7685-c3d195ff9230,84.38,1410,1593,16,8,73511,38
2026/07/24 16:28:04.185,2026/07/24 16:28:04.168,2026/07/24 16:28:04.201,0,GPU-e2681f6e-8d94-2d66-484f-43ea602335f9,408.96,1410,1593,100,17,73511,71
2026/07/24 16:28:04.185,2026/07/24 16:28:04.168,2026/07/24 16:28:04.201,1,GPU-713d5b24-2a1e-fd4a-7685-c3d195ff9230,249.18,1410,1593,20,0,73511,41
2026/07/24 16:28:04.433,2026/07/24 16:28:04.418,2026/07/24 16:28:04.447,0,GPU-e2681f6e-8d94-2d66-484f-43ea602335f9,384.82,1410,1593,100,13,73511,71
2026/07/24 16:28:04.433,2026/07/24 16:28:04.418,2026/07/24 16:28:04.447,1,GPU-713d5b24-2a1e-fd4a-7685-c3d195ff9230,87.95,1410,1593,49,26,73511,39
2026/07/24 16:28:04.716,2026/07/24 16:28:04.668,2026/07/24 16:28:04.764,0,GPU-e2681f6e-8d94-2d66-484f-43ea602335f9,104.95,1410,1593,97,12,73511,59
2026/07/24 16:28:04.716,2026/07/24 16:28:04.668,2026/07/24 16:28:04.764,1,GPU-713d5b24-2a1e-fd4a-7685-c3d195ff9230,240.15,1410,1593,49,26,73511,40
2026/07/24 16:28:04.933,2026/07/24 16:28:04.918,2026/07/24 16:28:04.948,0,GPU-e2681f6e-8d94-2d66-484f-43ea602335f9,100.82,1410,1593,0,0,73511,56
2026/07/24 16:28:04.933,2026/07/24 16:28:04.918,2026/07/24 16:28:04.948,1,GPU-713d5b24-2a1e-fd4a-7685-c3d195ff9230,145.86,1410,1593,100,52,73511,40
2026/07/24 16:28:05.184,2026/07/24 16:28:05.168,2026/07/24 16:28:05.199,0,GPU-e2681f6e-8d94-2d66-484f-43ea602335f9,98.93,1410,1593,0,0,73511,54
2026/07/24 16:28:05.184,2026/07/24 16:28:05.168,2026/07/24 16:28:05.199,1,GPU-713d5b24-2a1e-fd4a-7685-c3d195ff9230,84.97,1410,1593,20,11,73511,38
2026/07/24 16:28:05.433,2026/07/24 16:28:05.419,2026/07/24 16:28:05.447,0,GPU-e2681f6e-8d94-2d66-484f-43ea602335f9,96.82,1410,1593,0,0,73511,53
2026/07/24 16:28:05.433,2026/07/24 16:28:05.419,2026/07/24 16:28:05.447,1,GPU-713d5b24-2a1e-fd4a-7685-c3d195ff9230,84.38,1410,1593,0,0,73511,38
2026/07/24 16:28:05.682,2026/07/24 16:28:05.669,2026/07/24 16:28:05.696,0,GPU-e2681f6e-8d94-2d66-484f-43ea602335f9,96.82,1410,1593,0,0,73511,52
2026/07/24 16:28:05.682,2026/07/24 16:28:05.669,2026/07/24 16:28:05.696,1,GPU-713d5b24-2a1e-fd4a-7685-c3d195ff9230,84.38,1410,1593,0,0,73511,37
2026/07/24 16:28:05.932,2026/07/24 16:28:05.919,2026/07/24 16:28:05.945,0,GPU-e2681f6e-8d94-2d66-484f-43ea602335f9,96.22,1410,1593,0,0,73511,52
2026/07/24 16:28:05.932,2026/07/24 16:28:05.919,2026/07/24 16:28:05.945,1,GPU-713d5b24-2a1e-fd4a-7685-c3d195ff9230,84.05,1410,1593,0,0,73511,37
2026/07/24 16:28:06.183,2026/07/24 16:28:06.169,2026/07/24 16:28:06.198,0,GPU-e2681f6e-8d94-2d66-484f-43ea602335f9,96.00,1410,1593,0,0,73511,51
2026/07/24 16:28:06.183,2026/07/24 16:28:06.169,2026/07/24 16:28:06.198,1,GPU-713d5b24-2a1e-fd4a-7685-c3d195ff9230,84.05,1410,1593,0,0,73511,37
2026/07/24 16:28:06.435,2026/07/24 16:28:06.419,2026/07/24 16:28:06.452,0,GPU-e2681f6e-8d94-2d66-484f-43ea602335f9,95.63,1410,1593,0,0,73511,51
2026/07/24 16:28:06.435,2026/07/24 16:28:06.419,2026/07/24 16:28:06.452,1,GPU-713d5b24-2a1e-fd4a-7685-c3d195ff9230,84.05,1410,1593,0,0,73511,37
2026/07/24 16:28:06.683,2026/07/24 16:28:06.669,2026/07/24 16:28:06.698,0,GPU-e2681f6e-8d94-2d66-484f-43ea602335f9,400.78,1410,1593,0,0,73511,61
2026/07/24 16:28:06.683,2026/07/24 16:28:06.669,2026/07/24 16:28:06.698,1,GPU-713d5b24-2a1e-fd4a-7685-c3d195ff9230,84.05,1410,1593,0,0,73511,37
2026/07/24 16:28:06.936,2026/07/24 16:28:06.919,2026/07/24 16:28:06.953,0,GPU-e2681f6e-8d94-2d66-484f-43ea602335f9,395.37,1410,1593,100,15,73511,65
2026/07/24 16:28:06.936,2026/07/24 16:28:06.919,2026/07/24 16:28:06.953,1,GPU-713d5b24-2a1e-fd4a-7685-c3d195ff9230,84.05,1410,1593,0,0,73511,37
2026/07/24 16:28:07.185,2026/07/24 16:28:07.169,2026/07/24 16:28:07.200,0,GPU-e2681f6e-8d94-2d66-484f-43ea602335f9,108.25,1410,1593,22,5,73511,56
2026/07/24 16:28:07.185,2026/07/24 16:28:07.169,2026/07/24 16:28:07.200,1,GPU-713d5b24-2a1e-fd4a-7685-c3d195ff9230,227.53,1410,1593,6,0,73511,40
2026/07/24 16:28:07.434,2026/07/24 16:28:07.419,2026/07/24 16:28:07.449,0,GPU-e2681f6e-8d94-2d66-484f-43ea602335f9,96.92,1410,1593,0,0,73511,53
2026/07/24 16:28:07.434,2026/07/24 16:28:07.419,2026/07/24 16:28:07.449,1,GPU-713d5b24-2a1e-fd4a-7685-c3d195ff9230,248.91,1410,1593,97,46,73511,41
2026/07/24 16:28:07.684,2026/07/24 16:28:07.669,2026/07/24 16:28:07.698,0,GPU-e2681f6e-8d94-2d66-484f-43ea602335f9,96.22,1410,1593,0,0,73511,52
2026/07/24 16:28:07.684,2026/07/24 16:28:07.669,2026/07/24 16:28:07.698,1,GPU-713d5b24-2a1e-fd4a-7685-c3d195ff9230,84.65,1410,1593,0,0,73511,38
2026/07/24 16:28:07.974,2026/07/24 16:28:07.919,2026/07/24 16:28:08.030,0,GPU-e2681f6e-8d94-2d66-484f-43ea602335f9,405.60,1410,1593,72,14,73511,62
2026/07/24 16:28:07.974,2026/07/24 16:28:07.919,2026/07/24 16:28:08.030,1,GPU-713d5b24-2a1e-fd4a-7685-c3d195ff9230,84.05,1410,1593,0,0,73511,37
2026/07/24 16:28:08.188,2026/07/24 16:28:08.169,2026/07/24 16:28:08.207,0,GPU-e2681f6e-8d94-2d66-484f-43ea602335f9,384.82,1410,1593,72,14,73511,64
2026/07/24 16:28:08.188,2026/07/24 16:28:08.169,2026/07/24 16:28:08.207,1,GPU-713d5b24-2a1e-fd4a-7685-c3d195ff9230,84.05,1410,1593,0,0,73511,37
2026/07/24 16:28:08.435,2026/07/24 16:28:08.419,2026/07/24 16:28:08.450,0,GPU-e2681f6e-8d94-2d66-484f-43ea602335f9,400.51,1410,1593,100,13,73511,67
2026/07/24 16:28:08.435,2026/07/24 16:28:08.419,2026/07/24 16:28:08.450,1,GPU-713d5b24-2a1e-fd4a-7685-c3d195ff9230,84.05,1410,1593,0,0,73511,37
2026/07/24 16:28:08.685,2026/07/24 16:28:08.669,2026/07/24 16:28:08.701,0,GPU-e2681f6e-8d94-2d66-484f-43ea602335f9,423.09,1410,1593,100,16,73511,69
2026/07/24 16:28:08.685,2026/07/24 16:28:08.669,2026/07/24 16:28:08.701,1,GPU-713d5b24-2a1e-fd4a-7685-c3d195ff9230,245.88,1410,1593,43,11,73511,38
2026/07/24 16:28:08.951,2026/07/24 16:28:08.919,2026/07/24 16:28:08.982,0,GPU-e2681f6e-8d94-2d66-484f-43ea602335f9,198.19,1410,1593,52,8,73511,67
2026/07/24 16:28:08.951,2026/07/24 16:28:08.919,2026/07/24 16:28:08.982,1,GPU-713d5b24-2a1e-fd4a-7685-c3d195ff9230,214.28,1410,1593,100,52,73511,40
2026/07/24 16:28:09.186,2026/07/24 16:28:09.170,2026/07/24 16:28:09.202,0,GPU-e2681f6e-8d94-2d66-484f-43ea602335f9,99.86,1410,1593,0,0,73511,57
2026/07/24 16:28:09.186,2026/07/24 16:28:09.170,2026/07/24 16:28:09.202,1,GPU-713d5b24-2a1e-fd4a-7685-c3d195ff9230,246.81,1410,1593,85,37,73511,42
2026/07/24 16:28:09.433,2026/07/24 16:28:09.420,2026/07/24 16:28:09.447,0,GPU-e2681f6e-8d94-2d66-484f-43ea602335f9,97.09,1410,1593,0,0,73511,53
2026/07/24 16:28:09.433,2026/07/24 16:28:09.420,2026/07/24 16:28:09.447,1,GPU-713d5b24-2a1e-fd4a-7685-c3d195ff9230,84.97,1410,1593,74,39,73511,38
2026/07/24 16:28:09.683,2026/07/24 16:28:09.670,2026/07/24 16:28:09.697,0,GPU-e2681f6e-8d94-2d66-484f-43ea602335f9,96.82,1410,1593,0,0,73511,52
2026/07/24 16:28:09.683,2026/07/24 16:28:09.670,2026/07/24 16:28:09.697,1,GPU-713d5b24-2a1e-fd4a-7685-c3d195ff9230,84.38,1410,1593,0,0,73511,38
2026/07/24 16:28:09.933,2026/07/24 16:28:09.920,2026/07/24 16:28:09.946,0,GPU-e2681f6e-8d94-2d66-484f-43ea602335f9,95.90,1410,1593,0,0,73511,51
2026/07/24 16:28:09.933,2026/07/24 16:28:09.920,2026/07/24 16:28:09.946,1,GPU-713d5b24-2a1e-fd4a-7685-c3d195ff9230,84.14,1410,1593,0,0,73511,37
2026/07/24 16:28:10.198,2026/07/24 16:28:10.170,2026/07/24 16:28:10.226,0,GPU-e2681f6e-8d94-2d66-484f-43ea602335f9,391.75,1410,1593,0,0,73511,60
2026/07/24 16:28:10.198,2026/07/24 16:28:10.170,2026/07/24 16:28:10.226,1,GPU-713d5b24-2a1e-fd4a-7685-c3d195ff9230,84.38,1410,1593,0,0,73511,37
2026/07/24 16:28:10.434,2026/07/24 16:28:10.420,2026/07/24 16:28:10.448,0,GPU-e2681f6e-8d94-2d66-484f-43ea602335f9,391.48,1410,1593,66,13,73511,65
2026/07/24 16:28:10.434,2026/07/24 16:28:10.420,2026/07/24 16:28:10.448,1,GPU-713d5b24-2a1e-fd4a-7685-c3d195ff9230,84.05,1410,1593,0,0,73511,37
2026/07/24 16:28:10.685,2026/07/24 16:28:10.670,2026/07/24 16:28:10.700,0,GPU-e2681f6e-8d94-2d66-484f-43ea602335f9,415.13,1410,1593,100,17,73511,68
2026/07/24 16:28:10.685,2026/07/24 16:28:10.670,2026/07/24 16:28:10.700,1,GPU-713d5b24-2a1e-fd4a-7685-c3d195ff9230,96.99,1410,1593,38,12,73511,39
2026/07/24 16:28:10.936,2026/07/24 16:28:10.920,2026/07/24 16:28:10.953,0,GPU-e2681f6e-8d94-2d66-484f-43ea602335f9,406.20,1410,1593,100,15,73511,68
2026/07/24 16:28:10.936,2026/07/24 16:28:10.920,2026/07/24 16:28:10.953,1,GPU-713d5b24-2a1e-fd4a-7685-c3d195ff9230,114.80,1410,1593,100,53,73511,42
2026/07/24 16:28:11.184,2026/07/24 16:28:11.170,2026/07/24 16:28:11.199,0,GPU-e2681f6e-8d94-2d66-484f-43ea602335f9,410.15,1410,1593,100,14,73511,69
2026/07/24 16:28:11.184,2026/07/24 16:28:11.170,2026/07/24 16:28:11.199,1,GPU-713d5b24-2a1e-fd4a-7685-c3d195ff9230,84.65,1410,1593,16,8,73511,38
2026/07/24 16:28:11.439,2026/07/24 16:28:11.420,2026/07/24 16:28:11.457,0,GPU-e2681f6e-8d94-2d66-484f-43ea602335f9,415.56,1410,1593,100,17,73511,70
2026/07/24 16:28:11.439,2026/07/24 16:28:11.420,2026/07/24 16:28:11.457,1,GPU-713d5b24-2a1e-fd4a-7685-c3d195ff9230,240.47,1410,1593,26,1,73511,41
2026/07/24 16:28:11.684,2026/07/24 16:28:11.670,2026/07/24 16:28:11.698,0,GPU-e2681f6e-8d94-2d66-484f-43ea602335f9,407.02,1410,1593,100,14,73511,70
2026/07/24 16:28:11.684,2026/07/24 16:28:11.670,2026/07/24 16:28:11.698,1,GPU-713d5b24-2a1e-fd4a-7685-c3d195ff9230,86.76,1410,1593,46,24,73511,39
2026/07/24 16:28:11.934,2026/07/24 16:28:11.920,2026/07/24 16:28:11.947,0,GPU-e2681f6e-8d94-2d66-484f-43ea602335f9,145.36,1410,1593,100,12,73511,66
2026/07/24 16:28:11.934,2026/07/24 16:28:11.920,2026/07/24 16:28:11.947,1,GPU-713d5b24-2a1e-fd4a-7685-c3d195ff9230,84.38,1410,1593,0,0,73511,38
2026/07/24 16:28:12.187,2026/07/24 16:28:12.170,2026/07/24 16:28:12.203,0,GPU-e2681f6e-8d94-2d66-484f-43ea602335f9,101.15,1410,1593,0,0,73511,56
2026/07/24 16:28:12.187,2026/07/24 16:28:12.170,2026/07/24 16:28:12.203,1,GPU-713d5b24-2a1e-fd4a-7685-c3d195ff9230,237.17,1410,1593,64,21,73511,42
2026/07/24 16:28:12.435,2026/07/24 16:28:12.420,2026/07/24 16:28:12.450,0,GPU-e2681f6e-8d94-2d66-484f-43ea602335f9,98.93,1410,1593,0,0,73511,54
2026/07/24 16:28:12.435,2026/07/24 16:28:12.420,2026/07/24 16:28:12.450,1,GPU-713d5b24-2a1e-fd4a-7685-c3d195ff9230,85.84,1410,1593,92,48,73511,39
2026/07/24 16:28:12.684,2026/07/24 16:28:12.671,2026/07/24 16:28:12.698,0,GPU-e2681f6e-8d94-2d66-484f-43ea602335f9,96.82,1410,1593,0,0,73511,53
2026/07/24 16:28:12.684,2026/07/24 16:28:12.671,2026/07/24 16:28:12.698,1,GPU-713d5b24-2a1e-fd4a-7685-c3d195ff9230,84.38,1410,1593,0,0,73511,38
2026/07/24 16:28:12.935,2026/07/24 16:28:12.921,2026/07/24 16:28:12.950,0,GPU-e2681f6e-8d94-2d66-484f-43ea602335f9,96.49,1410,1593,0,0,73511,52
2026/07/24 16:28:12.935,2026/07/24 16:28:12.921,2026/07/24 16:28:12.950,1,GPU-713d5b24-2a1e-fd4a-7685-c3d195ff9230,84.05,1410,1593,0,0,73511,37
2026/07/24 16:28:13.192,2026/07/24 16:28:13.171,2026/07/24 16:28:13.213,0,GPU-e2681f6e-8d94-2d66-484f-43ea602335f9,389.04,1410,1593,100,18,73511,61
2026/07/24 16:28:13.192,2026/07/24 16:28:13.171,2026/07/24 16:28:13.213,1,GPU-713d5b24-2a1e-fd4a-7685-c3d195ff9230,84.05,1410,1593,0,0,73511,37
2026/07/24 16:28:13.466,2026/07/24 16:28:13.421,2026/07/24 16:28:13.511,0,GPU-e2681f6e-8d94-2d66-484f-43ea602335f9,384.82,1410,1593,100,15,73511,66
2026/07/24 16:28:13.466,2026/07/24 16:28:13.421,2026/07/24 16:28:13.511,1,GPU-713d5b24-2a1e-fd4a-7685-c3d195ff9230,84.05,1410,1593,0,0,73511,37
2026/07/24 16:28:13.691,2026/07/24 16:28:13.671,2026/07/24 16:28:13.711,0,GPU-e2681f6e-8d94-2d66-484f-43ea602335f9,406.20,1410,1593,100,14,73511,68
2026/07/24 16:28:13.691,2026/07/24 16:28:13.671,2026/07/24 16:28:13.711,1,GPU-713d5b24-2a1e-fd4a-7685-c3d195ff9230,84.38,1410,1593,0,0,73511,37
2026/07/24 16:28:13.969,2026/07/24 16:28:13.921,2026/07/24 16:28:14.018,0,GPU-e2681f6e-8d94-2d66-484f-43ea602335f9,398.68,1410,1593,100,14,73511,69
2026/07/24 16:28:13.969,2026/07/24 16:28:13.921,2026/07/24 16:28:14.018,1,GPU-713d5b24-2a1e-fd4a-7685-c3d195ff9230,238.96,1410,1593,81,32,73511,41
2026/07/24 16:28:14.214,2026/07/24 16:28:14.171,2026/07/24 16:28:14.256,0,GPU-e2681f6e-8d94-2d66-484f-43ea602335f9,108.25,1410,1593,100,14,73511,59
2026/07/24 16:28:14.214,2026/07/24 16:28:14.171,2026/07/24 16:28:14.256,1,GPU-713d5b24-2a1e-fd4a-7685-c3d195ff9230,247.08,1410,1593,100,51,73511,43
2026/07/24 16:28:14.436,2026/07/24 16:28:14.421,2026/07/24 16:28:14.450,0,GPU-e2681f6e-8d94-2d66-484f-43ea602335f9,99.96,1410,1593,15,2,73511,55
2026/07/24 16:28:14.436,2026/07/24 16:28:14.421,2026/07/24 16:28:14.450,1,GPU-713d5b24-2a1e-fd4a-7685-c3d195ff9230,109.98,1410,1593,100,48,73511,43
2026/07/24 16:28:14.684,2026/07/24 16:28:14.671,2026/07/24 16:28:14.697,0,GPU-e2681f6e-8d94-2d66-484f-43ea602335f9,97.74,1410,1593,0,0,73511,53
2026/07/24 16:28:14.684,2026/07/24 16:28:14.671,2026/07/24 16:28:14.697,1,GPU-713d5b24-2a1e-fd4a-7685-c3d195ff9230,85.25,1410,1593,65,34,73511,39
2026/07/24 16:28:14.936,2026/07/24 16:28:14.921,2026/07/24 16:28:14.950,0,GPU-e2681f6e-8d94-2d66-484f-43ea602335f9,360.14,1410,1593,0,0,73511,62
2026/07/24 16:28:14.936,2026/07/24 16:28:14.921,2026/07/24 16:28:14.950,1,GPU-713d5b24-2a1e-fd4a-7685-c3d195ff9230,84.38,1410,1593,0,0,73511,38
2026/07/24 16:28:15.186,2026/07/24 16:28:15.171,2026/07/24 16:28:15.202,0,GPU-e2681f6e-8d94-2d66-484f-43ea602335f9,396.56,1410,1593,100,18,73511,66
2026/07/24 16:28:15.186,2026/07/24 16:28:15.171,2026/07/24 16:28:15.202,1,GPU-713d5b24-2a1e-fd4a-7685-c3d195ff9230,84.14,1410,1593,0,0,73511,37
2026/07/24 16:28:15.444,2026/07/24 16:28:15.421,2026/07/24 16:28:15.467,0,GPU-e2681f6e-8d94-2d66-484f-43ea602335f9,386.66,1410,1593,100,15,73511,67
2026/07/24 16:28:15.444,2026/07/24 16:28:15.421,2026/07/24 16:28:15.467,1,GPU-713d5b24-2a1e-fd4a-7685-c3d195ff9230,84.38,1410,1593,0,0,73511,37
2026/07/24 16:28:15.687,2026/07/24 16:28:15.671,2026/07/24 16:28:15.703,0,GPU-e2681f6e-8d94-2d66-484f-43ea602335f9,408.63,1410,1593,65,12,73511,65
2026/07/24 16:28:15.687,2026/07/24 16:28:15.671,2026/07/24 16:28:15.703,1,GPU-713d5b24-2a1e-fd4a-7685-c3d195ff9230,237.77,1410,1593,87,34,73511,41
2026/07/24 16:28:15.936,2026/07/24 16:28:15.922,2026/07/24 16:28:15.950,0,GPU-e2681f6e-8d94-2d66-484f-43ea602335f9,405.33,1410,1593,100,17,73511,68
2026/07/24 16:28:15.936,2026/07/24 16:28:15.922,2026/07/24 16:28:15.950,1,GPU-713d5b24-2a1e-fd4a-7685-c3d195ff9230,84.65,1410,1593,87,34,73511,39
2026/07/24 16:28:16.185,2026/07/24 16:28:16.172,2026/07/24 16:28:16.198,0,GPU-e2681f6e-8d94-2d66-484f-43ea602335f9,112.80,1410,1593,100,13,73511,63
2026/07/24 16:28:16.185,2026/07/24 16:28:16.172,2026/07/24 16:28:16.198,1,GPU-713d5b24-2a1e-fd4a-7685-c3d195ff9230,87.08,1410,1593,0,0,73511,38
2026/07/24 16:28:16.442,2026/07/24 16:28:16.422,2026/07/24 16:28:16.462,0,GPU-e2681f6e-8d94-2d66-484f-43ea602335f9,100.23,1410,1593,0,0,73511,55
2026/07/24 16:28:16.442,2026/07/24 16:28:16.422,2026/07/24 16:28:16.462,1,GPU-713d5b24-2a1e-fd4a-7685-c3d195ff9230,237.17,1410,1593,71,27,73511,42
2026/07/24 16:28:16.687,2026/07/24 16:28:16.672,2026/07/24 16:28:16.702,0,GPU-e2681f6e-8d94-2d66-484f-43ea602335f9,98.61,1410,1593,0,0,73511,53
2026/07/24 16:28:16.687,2026/07/24 16:28:16.672,2026/07/24 16:28:16.702,1,GPU-713d5b24-2a1e-fd4a-7685-c3d195ff9230,85.25,1410,1593,23,12,73511,40
2026/07/24 16:28:16.936,2026/07/24 16:28:16.922,2026/07/24 16:28:16.950,0,GPU-e2681f6e-8d94-2d66-484f-43ea602335f9,96.49,1410,1593,0,0,73511,52
2026/07/24 16:28:16.936,2026/07/24 16:28:16.922,2026/07/24 16:28:16.950,1,GPU-713d5b24-2a1e-fd4a-7685-c3d195ff9230,84.65,1410,1593,0,0,73511,38
2026/07/24 16:28:17.185,2026/07/24 16:28:17.172,2026/07/24 16:28:17.197,0,GPU-e2681f6e-8d94-2d66-484f-43ea602335f9,95.90,1410,1593,0,0,73511,52
2026/07/24 16:28:17.185,2026/07/24 16:28:17.172,2026/07/24 16:28:17.197,1,GPU-713d5b24-2a1e-fd4a-7685-c3d195ff9230,84.38,1410,1593,0,0,73511,37
2026/07/24 16:28:17.436,2026/07/24 16:28:17.422,2026/07/24 16:28:17.450,0,GPU-e2681f6e-8d94-2d66-484f-43ea602335f9,95.63,1410,1593,0,0,73511,51
2026/07/24 16:28:17.436,2026/07/24 16:28:17.422,2026/07/24 16:28:17.450,1,GPU-713d5b24-2a1e-fd4a-7685-c3d195ff9230,84.05,1410,1593,0,0,73511,37
2026/07/24 16:28:17.686,2026/07/24 16:28:17.672,2026/07/24 16:28:17.700,0,GPU-e2681f6e-8d94-2d66-484f-43ea602335f9,389.96,1410,1593,0,0,73511,62
2026/07/24 16:28:17.686,2026/07/24 16:28:17.672,2026/07/24 16:28:17.700,1,GPU-713d5b24-2a1e-fd4a-7685-c3d195ff9230,84.05,1410,1593,0,0,73511,37
2026/07/24 16:28:17.937,2026/07/24 16:28:17.922,2026/07/24 16:28:17.952,0,GPU-e2681f6e-8d94-2d66-484f-43ea602335f9,391.15,1410,1593,100,15,73511,66
2026/07/24 16:28:17.937,2026/07/24 16:28:17.922,2026/07/24 16:28:17.952,1,GPU-713d5b24-2a1e-fd4a-7685-c3d195ff9230,84.05,1410,1593,0,0,73511,37
2026/07/24 16:28:18.188,2026/07/24 16:28:18.172,2026/07/24 16:28:18.205,0,GPU-e2681f6e-8d94-2d66-484f-43ea602335f9,101.96,1410,1593,56,7,73511,55
2026/07/24 16:28:18.188,2026/07/24 16:28:18.172,2026/07/24 16:28:18.205,1,GPU-713d5b24-2a1e-fd4a-7685-c3d195ff9230,242.58,1410,1593,51,17,73511,41
2026/07/24 16:28:18.437,2026/07/24 16:28:18.422,2026/07/24 16:28:18.451,0,GPU-e2681f6e-8d94-2d66-484f-43ea602335f9,97.09,1410,1593,0,0,73511,53
2026/07/24 16:28:18.437,2026/07/24 16:28:18.422,2026/07/24 16:28:18.451,1,GPU-713d5b24-2a1e-fd4a-7685-c3d195ff9230,96.39,1410,1593,100,52,73511,39
2026/07/24 16:28:18.689,2026/07/24 16:28:18.672,2026/07/24 16:28:18.707,0,GPU-e2681f6e-8d94-2d66-484f-43ea602335f9,96.22,1410,1593,0,0,73511,52
2026/07/24 16:28:18.689,2026/07/24 16:28:18.672,2026/07/24 16:28:18.707,1,GPU-713d5b24-2a1e-fd4a-7685-c3d195ff9230,84.74,1410,1593,10,6,73511,38
2026/07/24 16:28:18.937,2026/07/24 16:28:18.923,2026/07/24 16:28:18.952,0,GPU-e2681f6e-8d94-2d66-484f-43ea602335f9,95.63,1410,1593,0,0,73511,51
2026/07/24 16:28:18.937,2026/07/24 16:28:18.923,2026/07/24 16:28:18.952,1,GPU-713d5b24-2a1e-fd4a-7685-c3d195ff9230,84.38,1410,1593,0,0,73511,37
2026/07/24 16:28:19.196,2026/07/24 16:28:19.173,2026/07/24 16:28:19.220,0,GPU-e2681f6e-8d94-2d66-484f-43ea602335f9,97.74,1410,1593,0,0,73511,51
2026/07/24 16:28:19.196,2026/07/24 16:28:19.173,2026/07/24 16:28:19.220,1,GPU-713d5b24-2a1e-fd4a-7685-c3d195ff9230,84.38,1410,1593,0,0,73511,37
2026/07/24 16:28:19.436,2026/07/24 16:28:19.423,2026/07/24 16:28:19.449,0,GPU-e2681f6e-8d94-2d66-484f-43ea602335f9,94.98,1410,1593,0,0,73511,50
2026/07/24 16:28:19.436,2026/07/24 16:28:19.423,2026/07/24 16:28:19.449,1,GPU-713d5b24-2a1e-fd4a-7685-c3d195ff9230,84.14,1410,1593,0,0,73511,37
2026/07/24 16:28:19.686,2026/07/24 16:28:19.673,2026/07/24 16:28:19.699,0,GPU-e2681f6e-8d94-2d66-484f-43ea602335f9,94.71,1410,1593,0,0,73511,50
2026/07/24 16:28:19.686,2026/07/24 16:28:19.673,2026/07/24 16:28:19.699,1,GPU-713d5b24-2a1e-fd4a-7685-c3d195ff9230,83.73,1410,1593,0,0,73511,37
2026/07/24 16:28:19.936,2026/07/24 16:28:19.923,2026/07/24 16:28:19.949,0,GPU-e2681f6e-8d94-2d66-484f-43ea602335f9,94.38,1410,1593,0,0,73511,50
2026/07/24 16:28:19.936,2026/07/24 16:28:19.923,2026/07/24 16:28:19.949,1,GPU-713d5b24-2a1e-fd4a-7685-c3d195ff9230,83.73,1410,1593,0,0,73511,37
2026/07/24 16:28:20.186,2026/07/24 16:28:20.173,2026/07/24 16:28:20.198,0,GPU-e2681f6e-8d94-2d66-484f-43ea602335f9,94.38,1410,1593,0,0,73511,49
2026/07/24 16:28:20.186,2026/07/24 16:28:20.173,2026/07/24 16:28:20.198,1,GPU-713d5b24-2a1e-fd4a-7685-c3d195ff9230,83.73,1410,1593,0,0,73511,36
2026/07/24 16:28:20.438,2026/07/24 16:28:20.423,2026/07/24 16:28:20.454,0,GPU-e2681f6e-8d94-2d66-484f-43ea602335f9,94.38,1410,1593,0,0,73511,49
2026/07/24 16:28:20.438,2026/07/24 16:28:20.423,2026/07/24 16:28:20.454,1,GPU-713d5b24-2a1e-fd4a-7685-c3d195ff9230,83.73,1410,1593,0,0,73511,36
2026/07/24 16:28:20.687,2026/07/24 16:28:20.673,2026/07/24 16:28:20.700,0,GPU-e2681f6e-8d94-2d66-484f-43ea602335f9,94.38,1410,1593,0,0,73511,49
2026/07/24 16:28:20.687,2026/07/24 16:28:20.673,2026/07/24 16:28:20.700,1,GPU-713d5b24-2a1e-fd4a-7685-c3d195ff9230,83.73,1410,1593,0,0,73511,36
2026/07/24 16:28:20.937,2026/07/24 16:28:20.923,2026/07/24 16:28:20.950,0,GPU-e2681f6e-8d94-2d66-484f-43ea602335f9,94.11,1410,1593,0,0,73511,49
2026/07/24 16:28:20.937,2026/07/24 16:28:20.923,2026/07/24 16:28:20.950,1,GPU-713d5b24-2a1e-fd4a-7685-c3d195ff9230,83.73,1410,1593,0,0,73511,36
2026/07/24 16:28:21.187,2026/07/24 16:28:21.173,2026/07/24 16:28:21.202,0,GPU-e2681f6e-8d94-2d66-484f-43ea602335f9,93.78,1410,1593,0,0,73511,49
2026/07/24 16:28:21.187,2026/07/24 16:28:21.173,2026/07/24 16:28:21.202,1,GPU-713d5b24-2a1e-fd4a-7685-c3d195ff9230,83.82,1410,1593,0,0,73511,36
2026/07/24 16:28:21.437,2026/07/24 16:28:21.423,2026/07/24 16:28:21.451,0,GPU-e2681f6e-8d94-2d66-484f-43ea602335f9,94.11,1410,1593,0,0,73511,48
2026/07/24 16:28:21.437,2026/07/24 16:28:21.423,2026/07/24 16:28:21.451,1,GPU-713d5b24-2a1e-fd4a-7685-c3d195ff9230,83.73,1410,1593,0,0,73511,36
2026/07/24 16:28:21.686,2026/07/24 16:28:21.673,2026/07/24 16:28:21.698,0,GPU-e2681f6e-8d94-2d66-484f-43ea602335f9,94.11,1410,1593,0,0,73511,48
2026/07/24 16:28:21.686,2026/07/24 16:28:21.673,2026/07/24 16:28:21.698,1,GPU-713d5b24-2a1e-fd4a-7685-c3d195ff9230,83.73,1410,1593,0,0,73511,36
2026/07/24 16:28:21.936,2026/07/24 16:28:21.923,2026/07/24 16:28:21.949,0,GPU-e2681f6e-8d94-2d66-484f-43ea602335f9,94.11,1410,1593,0,0,73511,48
2026/07/24 16:28:21.936,2026/07/24 16:28:21.923,2026/07/24 16:28:21.949,1,GPU-713d5b24-2a1e-fd4a-7685-c3d195ff9230,83.73,1410,1593,0,0,73511,36
2026/07/24 16:28:22.187,2026/07/24 16:28:22.174,2026/07/24 16:28:22.200,0,GPU-e2681f6e-8d94-2d66-484f-43ea602335f9,93.51,1410,1593,0,0,73511,48
2026/07/24 16:28:22.187,2026/07/24 16:28:22.174,2026/07/24 16:28:22.200,1,GPU-713d5b24-2a1e-fd4a-7685-c3d195ff9230,83.73,1410,1593,0,0,73511,36
2026/07/24 16:28:22.437,2026/07/24 16:28:22.424,2026/07/24 16:28:22.451,0,GPU-e2681f6e-8d94-2d66-484f-43ea602335f9,93.51,1410,1593,0,0,73511,48
2026/07/24 16:28:22.437,2026/07/24 16:28:22.424,2026/07/24 16:28:22.451,1,GPU-713d5b24-2a1e-fd4a-7685-c3d195ff9230,83.73,1410,1593,0,0,73511,36
2026/07/24 16:28:22.695,2026/07/24 16:28:22.674,2026/07/24 16:28:22.717,0,GPU-e2681f6e-8d94-2d66-484f-43ea602335f9,93.51,1410,1593,0,0,73511,48
2026/07/24 16:28:22.695,2026/07/24 16:28:22.674,2026/07/24 16:28:22.717,1,GPU-713d5b24-2a1e-fd4a-7685-c3d195ff9230,83.73,1410,1593,0,0,73511,36
2026/07/24 16:28:22.940,2026/07/24 16:28:22.924,2026/07/24 16:28:22.957,0,GPU-e2681f6e-8d94-2d66-484f-43ea602335f9,391.15,1410,1593,12,2,73511,53
2026/07/24 16:28:22.940,2026/07/24 16:28:22.924,2026/07/24 16:28:22.957,1,GPU-713d5b24-2a1e-fd4a-7685-c3d195ff9230,83.73,1410,1593,0,0,73511,36
2026/07/24 16:28:23.190,2026/07/24 16:28:23.174,2026/07/24 16:28:23.206,0,GPU-e2681f6e-8d94-2d66-484f-43ea602335f9,385.42,1410,1593,100,18,73511,62
2026/07/24 16:28:23.190,2026/07/24 16:28:23.174,2026/07/24 16:28:23.206,1,GPU-713d5b24-2a1e-fd4a-7685-c3d195ff9230,83.73,1410,1593,0,0,73511,36
2026/07/24 16:28:23.438,2026/07/24 16:28:23.424,2026/07/24 16:28:23.452,0,GPU-e2681f6e-8d94-2d66-484f-43ea602335f9,390.56,1410,1593,100,14,73511,64
2026/07/24 16:28:23.438,2026/07/24 16:28:23.424,2026/07/24 16:28:23.452,1,GPU-713d5b24-2a1e-fd4a-7685-c3d195ff9230,83.73,1410,1593,0,0,73511,36
2026/07/24 16:28:23.695,2026/07/24 16:28:23.674,2026/07/24 16:28:23.716,0,GPU-e2681f6e-8d94-2d66-484f-43ea602335f9,100.23,1410,1593,3,1,73511,53
2026/07/24 16:28:23.695,2026/07/24 16:28:23.674,2026/07/24 16:28:23.716,1,GPU-713d5b24-2a1e-fd4a-7685-c3d195ff9230,142.24,1410,1593,0,0,73511,39
2026/07/24 16:28:23.939,2026/07/24 16:28:23.924,2026/07/24 16:28:23.953,0,GPU-e2681f6e-8d94-2d66-484f-43ea602335f9,95.90,1410,1593,0,0,73511,51
2026/07/24 16:28:23.939,2026/07/24 16:28:23.924,2026/07/24 16:28:23.953,1,GPU-713d5b24-2a1e-fd4a-7685-c3d195ff9230,85.25,1410,1593,43,23,73511,38
2026/07/24 16:28:24.188,2026/07/24 16:28:24.174,2026/07/24 16:28:24.201,0,GPU-e2681f6e-8d94-2d66-484f-43ea602335f9,94.71,1410,1593,0,0,73511,50
2026/07/24 16:28:24.188,2026/07/24 16:28:24.174,2026/07/24 16:28:24.201,1,GPU-713d5b24-2a1e-fd4a-7685-c3d195ff9230,84.38,1410,1593,0,0,73511,37
2026/07/24 16:28:24.439,2026/07/24 16:28:24.424,2026/07/24 16:28:24.454,0,GPU-e2681f6e-8d94-2d66-484f-43ea602335f9,94.11,1410,1593,0,0,73511,49
2026/07/24 16:28:24.439,2026/07/24 16:28:24.424,2026/07/24 16:28:24.454,1,GPU-713d5b24-2a1e-fd4a-7685-c3d195ff9230,83.73,1410,1593,0,0,73511,36
2026/07/24 16:28:24.706,2026/07/24 16:28:24.674,2026/07/24 16:28:24.737,0,GPU-e2681f6e-8d94-2d66-484f-43ea602335f9,94.38,1410,1593,0,0,73511,48
2026/07/24 16:28:24.706,2026/07/24 16:28:24.674,2026/07/24 16:28:24.737,1,GPU-713d5b24-2a1e-fd4a-7685-c3d195ff9230,83.73,1410,1593,0,0,73511,36
2026/07/24 16:28:24.938,2026/07/24 16:28:24.924,2026/07/24 16:28:24.951,0,GPU-e2681f6e-8d94-2d66-484f-43ea602335f9,93.51,1410,1593,0,0,73511,48
2026/07/24 16:28:24.938,2026/07/24 16:28:24.924,2026/07/24 16:28:24.951,1,GPU-713d5b24-2a1e-fd4a-7685-c3d195ff9230,83.73,1410,1593,0,0,73511,36
2026/07/24 16:28:25.187,2026/07/24 16:28:25.175,2026/07/24 16:28:25.199,0,GPU-e2681f6e-8d94-2d66-484f-43ea602335f9,93.51,1410,1593,0,0,73511,48
2026/07/24 16:28:25.187,2026/07/24 16:28:25.175,2026/07/24 16:28:25.199,1,GPU-713d5b24-2a1e-fd4a-7685-c3d195ff9230,84.05,1410,1593,0,0,73511,36
2026/07/24 16:28:25.440,2026/07/24 16:28:25.425,2026/07/24 16:28:25.456,0,GPU-e2681f6e-8d94-2d66-484f-43ea602335f9,93.51,1410,1593,0,0,73511,48
2026/07/24 16:28:25.440,2026/07/24 16:28:25.425,2026/07/24 16:28:25.456,1,GPU-713d5b24-2a1e-fd4a-7685-c3d195ff9230,83.73,1410,1593,0,0,73511,36
2026/07/24 16:28:25.689,2026/07/24 16:28:25.675,2026/07/24 16:28:25.703,0,GPU-e2681f6e-8d94-2d66-484f-43ea602335f9,389.37,1410,1593,100,18,73511,60
2026/07/24 16:28:25.689,2026/07/24 16:28:25.675,2026/07/24 16:28:25.703,1,GPU-713d5b24-2a1e-fd4a-7685-c3d195ff9230,83.46,1410,1593,0,0,73511,36
2026/07/24 16:28:25.937,2026/07/24 16:28:25.925,2026/07/24 16:28:25.950,0,GPU-e2681f6e-8d94-2d66-484f-43ea602335f9,400.51,1410,1593,100,14,73511,63
2026/07/24 16:28:25.937,2026/07/24 16:28:25.925,2026/07/24 16:28:25.950,1,GPU-713d5b24-2a1e-fd4a-7685-c3d195ff9230,83.73,1410,1593,0,0,73511,36
2026/07/24 16:28:26.188,2026/07/24 16:28:26.175,2026/07/24 16:28:26.201,0,GPU-e2681f6e-8d94-2d66-484f-43ea602335f9,386.01,1410,1593,100,12,73511,64
2026/07/24 16:28:26.188,2026/07/24 16:28:26.175,2026/07/24 16:28:26.201,1,GPU-713d5b24-2a1e-fd4a-7685-c3d195ff9230,83.73,1410,1593,0,0,73511,36
2026/07/24 16:28:26.441,2026/07/24 16:28:26.425,2026/07/24 16:28:26.457,0,GPU-e2681f6e-8d94-2d66-484f-43ea602335f9,104.35,1410,1593,59,6,73511,53
2026/07/24 16:28:26.441,2026/07/24 16:28:26.425,2026/07/24 16:28:26.457,1,GPU-713d5b24-2a1e-fd4a-7685-c3d195ff9230,96.99,1410,1593,34,5,73511,39
2026/07/24 16:28:26.690,2026/07/24 16:28:26.675,2026/07/24 16:28:26.706,0,GPU-e2681f6e-8d94-2d66-484f-43ea602335f9,95.73,1410,1593,0,0,73511,51
2026/07/24 16:28:26.690,2026/07/24 16:28:26.675,2026/07/24 16:28:26.706,1,GPU-713d5b24-2a1e-fd4a-7685-c3d195ff9230,85.06,1410,1593,100,52,73511,40
2026/07/24 16:28:26.941,2026/07/24 16:28:26.925,2026/07/24 16:28:26.957,0,GPU-e2681f6e-8d94-2d66-484f-43ea602335f9,94.38,1410,1593,0,0,73511,49
2026/07/24 16:28:26.941,2026/07/24 16:28:26.925,2026/07/24 16:28:26.957,1,GPU-713d5b24-2a1e-fd4a-7685-c3d195ff9230,84.05,1410,1593,38,20,73511,37
2026/07/24 16:28:27.190,2026/07/24 16:28:27.175,2026/07/24 16:28:27.205,0,GPU-e2681f6e-8d94-2d66-484f-43ea602335f9,94.11,1410,1593,0,0,73511,49
2026/07/24 16:28:27.190,2026/07/24 16:28:27.175,2026/07/24 16:28:27.205,1,GPU-713d5b24-2a1e-fd4a-7685-c3d195ff9230,83.73,1410,1593,0,0,73511,37
2026/07/24 16:28:27.440,2026/07/24 16:28:27.426,2026/07/24 16:28:27.454,0,GPU-e2681f6e-8d94-2d66-484f-43ea602335f9,93.78,1410,1593,0,0,73511,48
2026/07/24 16:28:27.440,2026/07/24 16:28:27.426,2026/07/24 16:28:27.454,1,GPU-713d5b24-2a1e-fd4a-7685-c3d195ff9230,84.05,1410,1593,0,0,73511,36
2026/07/24 16:28:27.690,2026/07/24 16:28:27.676,2026/07/24 16:28:27.704,0,GPU-e2681f6e-8d94-2d66-484f-43ea602335f9,93.51,1410,1593,0,0,73511,48
2026/07/24 16:28:27.690,2026/07/24 16:28:27.676,2026/07/24 16:28:27.704,1,GPU-713d5b24-2a1e-fd4a-7685-c3d195ff9230,83.73,1410,1593,0,0,73511,36
2026/07/24 16:28:27.939,2026/07/24 16:28:27.926,2026/07/24 16:28:27.952,0,GPU-e2681f6e-8d94-2d66-484f-43ea602335f9,93.19,1410,1593,0,0,73511,48
2026/07/24 16:28:27.939,2026/07/24 16:28:27.926,2026/07/24 16:28:27.952,1,GPU-713d5b24-2a1e-fd4a-7685-c3d195ff9230,83.73,1410,1593,0,0,73511,36
2026/07/24 16:28:28.224,2026/07/24 16:28:28.176,2026/07/24 16:28:28.272,0,GPU-e2681f6e-8d94-2d66-484f-43ea602335f9,93.29,1410,1593,0,0,73511,48
2026/07/24 16:28:28.224,2026/07/24 16:28:28.176,2026/07/24 16:28:28.272,1,GPU-713d5b24-2a1e-fd4a-7685-c3d195ff9230,83.73,1410,1593,0,0,73511,36
2026/07/24 16:28:28.441,2026/07/24 16:28:28.426,2026/07/24 16:28:28.457,0,GPU-e2681f6e-8d94-2d66-484f-43ea602335f9,93.19,1410,1593,0,0,73511,47
2026/07/24 16:28:28.441,2026/07/24 16:28:28.426,2026/07/24 16:28:28.457,1,GPU-713d5b24-2a1e-fd4a-7685-c3d195ff9230,83.73,1410,1593,0,0,73511,36
2026/07/24 16:28:28.692,2026/07/24 16:28:28.676,2026/07/24 16:28:28.707,0,GPU-e2681f6e-8d94-2d66-484f-43ea602335f9,92.27,1410,1593,0,0,73511,47
2026/07/24 16:28:28.692,2026/07/24 16:28:28.676,2026/07/24 16:28:28.707,1,GPU-713d5b24-2a1e-fd4a-7685-c3d195ff9230,83.73,1410,1593,0,0,73511,36
2026/07/24 16:28:28.942,2026/07/24 16:28:28.926,2026/07/24 16:28:28.959,0,GPU-e2681f6e-8d94-2d66-484f-43ea602335f9,92.59,1410,1593,0,0,73511,47
2026/07/24 16:28:28.942,2026/07/24 16:28:28.926,2026/07/24 16:28:28.959,1,GPU-713d5b24-2a1e-fd4a-7685-c3d195ff9230,83.73,1410,1593,0,0,73511,36
2026/07/24 16:28:29.191,2026/07/24 16:28:29.176,2026/07/24 16:28:29.206,0,GPU-e2681f6e-8d94-2d66-484f-43ea602335f9,92.27,1410,1593,0,0,73511,47
2026/07/24 16:28:29.191,2026/07/24 16:28:29.176,2026/07/24 16:28:29.206,1,GPU-713d5b24-2a1e-fd4a-7685-c3d195ff9230,83.73,1410,1593,0,0,73511,36
2026/07/24 16:28:29.439,2026/07/24 16:28:29.426,2026/07/24 16:28:29.452,0,GPU-e2681f6e-8d94-2d66-484f-43ea602335f9,92.00,1410,1593,0,0,73511,47
2026/07/24 16:28:29.439,2026/07/24 16:28:29.426,2026/07/24 16:28:29.452,1,GPU-713d5b24-2a1e-fd4a-7685-c3d195ff9230,83.73,1410,1593,0,0,73511,36
2026/07/24 16:28:29.689,2026/07/24 16:28:29.676,2026/07/24 16:28:29.701,0,GPU-e2681f6e-8d94-2d66-484f-43ea602335f9,92.00,1410,1593,0,0,73511,47
2026/07/24 16:28:29.689,2026/07/24 16:28:29.676,2026/07/24 16:28:29.701,1,GPU-713d5b24-2a1e-fd4a-7685-c3d195ff9230,83.46,1410,1593,0,0,73511,36
2026/07/24 16:28:29.940,2026/07/24 16:28:29.926,2026/07/24 16:28:29.953,0,GPU-e2681f6e-8d94-2d66-484f-43ea602335f9,92.27,1410,1593,0,0,73511,47
2026/07/24 16:28:29.940,2026/07/24 16:28:29.926,2026/07/24 16:28:29.953,1,GPU-713d5b24-2a1e-fd4a-7685-c3d195ff9230,83.73,1410,1593,0,0,73511,36
2026/07/24 16:28:30.190,2026/07/24 16:28:30.176,2026/07/24 16:28:30.203,0,GPU-e2681f6e-8d94-2d66-484f-43ea602335f9,92.27,1410,1593,0,0,73511,46
2026/07/24 16:28:30.190,2026/07/24 16:28:30.176,2026/07/24 16:28:30.203,1,GPU-713d5b24-2a1e-fd4a-7685-c3d195ff9230,83.73,1410,1593,0,0,73511,36
2026/07/24 16:28:30.439,2026/07/24 16:28:30.426,2026/07/24 16:28:30.451,0,GPU-e2681f6e-8d94-2d66-484f-43ea602335f9,92.00,1410,1593,0,0,73511,46
2026/07/24 16:28:30.439,2026/07/24 16:28:30.426,2026/07/24 16:28:30.451,1,GPU-713d5b24-2a1e-fd4a-7685-c3d195ff9230,83.46,1410,1593,0,0,73511,36
2026/07/24 16:28:30.689,2026/07/24 16:28:30.677,2026/07/24 16:28:30.701,0,GPU-e2681f6e-8d94-2d66-484f-43ea602335f9,91.77,1410,1593,0,0,73511,46
2026/07/24 16:28:30.689,2026/07/24 16:28:30.677,2026/07/24 16:28:30.701,1,GPU-713d5b24-2a1e-fd4a-7685-c3d195ff9230,83.82,1410,1593,0,0,73511,36
2026/07/24 16:28:30.953,2026/07/24 16:28:30.927,2026/07/24 16:28:30.979,0,GPU-e2681f6e-8d94-2d66-484f-43ea602335f9,92.00,1410,1593,0,0,73511,46
2026/07/24 16:28:30.953,2026/07/24 16:28:30.927,2026/07/24 16:28:30.979,1,GPU-713d5b24-2a1e-fd4a-7685-c3d195ff9230,83.46,1410,1593,0,0,73511,36
2026/07/24 16:28:31.188,2026/07/24 16:28:31.177,2026/07/24 16:28:31.200,0,GPU-e2681f6e-8d94-2d66-484f-43ea602335f9,91.68,1410,1593,0,0,73511,46
2026/07/24 16:28:31.188,2026/07/24 16:28:31.177,2026/07/24 16:28:31.200,1,GPU-713d5b24-2a1e-fd4a-7685-c3d195ff9230,83.73,1410,1593,0,0,73511,36
2026/07/24 16:28:31.439,2026/07/24 16:28:31.427,2026/07/24 16:28:31.450,0,GPU-e2681f6e-8d94-2d66-484f-43ea602335f9,91.68,1410,1593,0,0,73511,46
2026/07/24 16:28:31.439,2026/07/24 16:28:31.427,2026/07/24 16:28:31.450,1,GPU-713d5b24-2a1e-fd4a-7685-c3d195ff9230,83.73,1410,1593,0,0,73511,36
2026/07/24 16:28:31.689,2026/07/24 16:28:31.677,2026/07/24 16:28:31.701,0,GPU-e2681f6e-8d94-2d66-484f-43ea602335f9,91.40,1410,1593,0,0,73511,46
2026/07/24 16:28:31.689,2026/07/24 16:28:31.677,2026/07/24 16:28:31.701,1,GPU-713d5b24-2a1e-fd4a-7685-c3d195ff9230,83.46,1410,1593,0,0,73511,36
2026/07/24 16:28:31.940,2026/07/24 16:28:31.927,2026/07/24 16:28:31.953,0,GPU-e2681f6e-8d94-2d66-484f-43ea602335f9,91.68,1410,1593,0,0,73511,46
2026/07/24 16:28:31.940,2026/07/24 16:28:31.927,2026/07/24 16:28:31.953,1,GPU-713d5b24-2a1e-fd4a-7685-c3d195ff9230,83.46,1410,1593,0,0,73511,36
2026/07/24 16:28:32.190,2026/07/24 16:28:32.177,2026/07/24 16:28:32.202,0,GPU-e2681f6e-8d94-2d66-484f-43ea602335f9,91.68,1410,1593,0,0,73511,46
2026/07/24 16:28:32.190,2026/07/24 16:28:32.177,2026/07/24 16:28:32.202,1,GPU-713d5b24-2a1e-fd4a-7685-c3d195ff9230,83.46,1410,1593,0,0,73511,36
2026/07/24 16:28:32.439,2026/07/24 16:28:32.427,2026/07/24 16:28:32.452,0,GPU-e2681f6e-8d94-2d66-484f-43ea602335f9,91.07,1410,1593,0,0,73511,46
2026/07/24 16:28:32.439,2026/07/24 16:28:32.427,2026/07/24 16:28:32.452,1,GPU-713d5b24-2a1e-fd4a-7685-c3d195ff9230,83.46,1410,1593,0,0,73511,35
2026/07/24 16:28:32.689,2026/07/24 16:28:32.677,2026/07/24 16:28:32.700,0,GPU-e2681f6e-8d94-2d66-484f-43ea602335f9,91.40,1410,1593,0,0,73511,46
2026/07/24 16:28:32.689,2026/07/24 16:28:32.677,2026/07/24 16:28:32.700,1,GPU-713d5b24-2a1e-fd4a-7685-c3d195ff9230,83.46,1410,1593,0,0,73511,35
2026/07/24 16:28:32.941,2026/07/24 16:28:32.927,2026/07/24 16:28:32.955,0,GPU-e2681f6e-8d94-2d66-484f-43ea602335f9,90.81,1410,1593,0,0,73511,46
2026/07/24 16:28:32.941,2026/07/24 16:28:32.927,2026/07/24 16:28:32.955,1,GPU-713d5b24-2a1e-fd4a-7685-c3d195ff9230,83.46,1410,1593,0,0,73511,35
2026/07/24 16:28:33.190,2026/07/24 16:28:33.177,2026/07/24 16:28:33.203,0,GPU-e2681f6e-8d94-2d66-484f-43ea602335f9,90.81,1410,1593,0,0,73511,45
2026/07/24 16:28:33.190,2026/07/24 16:28:33.177,2026/07/24 16:28:33.203,1,GPU-713d5b24-2a1e-fd4a-7685-c3d195ff9230,83.73,1410,1593,0,0,73511,35
2026/07/24 16:28:33.439,2026/07/24 16:28:33.427,2026/07/24 16:28:33.450,0,GPU-e2681f6e-8d94-2d66-484f-43ea602335f9,90.81,1410,1593,0,0,73511,45
2026/07/24 16:28:33.439,2026/07/24 16:28:33.427,2026/07/24 16:28:33.450,1,GPU-713d5b24-2a1e-fd4a-7685-c3d195ff9230,83.46,1410,1593,0,0,73511,35
2026/07/24 16:28:33.689,2026/07/24 16:28:33.677,2026/07/24 16:28:33.701,0,GPU-e2681f6e-8d94-2d66-484f-43ea602335f9,90.81,1410,1593,0,0,73511,45
2026/07/24 16:28:33.689,2026/07/24 16:28:33.677,2026/07/24 16:28:33.701,1,GPU-713d5b24-2a1e-fd4a-7685-c3d195ff9230,83.55,1410,1593,0,0,73511,35
2026/07/24 16:28:33.941,2026/07/24 16:28:33.927,2026/07/24 16:28:33.954,0,GPU-e2681f6e-8d94-2d66-484f-43ea602335f9,90.81,1410,1593,0,0,73511,45
2026/07/24 16:28:33.941,2026/07/24 16:28:33.927,2026/07/24 16:28:33.954,1,GPU-713d5b24-2a1e-fd4a-7685-c3d195ff9230,83.46,1410,1593,0,0,73511,35
2026/07/24 16:28:34.190,2026/07/24 16:28:34.177,2026/07/24 16:28:34.202,0,GPU-e2681f6e-8d94-2d66-484f-43ea602335f9,90.81,1410,1593,0,0,73511,45
2026/07/24 16:28:34.190,2026/07/24 16:28:34.177,2026/07/24 16:28:34.202,1,GPU-713d5b24-2a1e-fd4a-7685-c3d195ff9230,83.46,1410,1593,0,0,73511,35
2026/07/24 16:28:34.440,2026/07/24 16:28:34.428,2026/07/24 16:28:34.453,0,GPU-e2681f6e-8d94-2d66-484f-43ea602335f9,90.81,1410,1593,0,0,73511,45
2026/07/24 16:28:34.440,2026/07/24 16:28:34.428,2026/07/24 16:28:34.453,1,GPU-713d5b24-2a1e-fd4a-7685-c3d195ff9230,83.55,1410,1593,0,0,73511,35
2026/07/24 16:28:34.690,2026/07/24 16:28:34.678,2026/07/24 16:28:34.702,0,GPU-e2681f6e-8d94-2d66-484f-43ea602335f9,90.90,1410,1593,0,0,73511,45
2026/07/24 16:28:34.690,2026/07/24 16:28:34.678,2026/07/24 16:28:34.702,1,GPU-713d5b24-2a1e-fd4a-7685-c3d195ff9230,83.46,1410,1593,0,0,73511,35
2026/07/24 16:28:34.940,2026/07/24 16:28:34.928,2026/07/24 16:28:34.951,0,GPU-e2681f6e-8d94-2d66-484f-43ea602335f9,90.48,1410,1593,0,0,73511,45
2026/07/24 16:28:34.940,2026/07/24 16:28:34.928,2026/07/24 16:28:34.951,1,GPU-713d5b24-2a1e-fd4a-7685-c3d195ff9230,83.46,1410,1593,0,0,73511,35
2026/07/24 16:28:35.191,2026/07/24 16:28:35.178,2026/07/24 16:28:35.204,0,GPU-e2681f6e-8d94-2d66-484f-43ea602335f9,90.81,1410,1593,0,0,73511,45
2026/07/24 16:28:35.191,2026/07/24 16:28:35.178,2026/07/24 16:28:35.204,1,GPU-713d5b24-2a1e-fd4a-7685-c3d195ff9230,83.46,1410,1593,0,0,73511,35
2026/07/24 16:28:35.440,2026/07/24 16:28:35.428,2026/07/24 16:28:35.453,0,GPU-e2681f6e-8d94-2d66-484f-43ea602335f9,90.48,1410,1593,0,0,73511,45
2026/07/24 16:28:35.440,2026/07/24 16:28:35.428,2026/07/24 16:28:35.453,1,GPU-713d5b24-2a1e-fd4a-7685-c3d195ff9230,83.46,1410,1593,0,0,73511,35
2026/07/24 16:28:35.690,2026/07/24 16:28:35.678,2026/07/24 16:28:35.703,0,GPU-e2681f6e-8d94-2d66-484f-43ea602335f9,90.48,1410,1593,0,0,73511,45
2026/07/24 16:28:35.690,2026/07/24 16:28:35.678,2026/07/24 16:28:35.703,1,GPU-713d5b24-2a1e-fd4a-7685-c3d195ff9230,83.46,1410,1593,0,0,73511,35
2026/07/24 16:28:35.940,2026/07/24 16:28:35.928,2026/07/24 16:28:35.951,0,GPU-e2681f6e-8d94-2d66-484f-43ea602335f9,90.58,1410,1593,0,0,73511,45
2026/07/24 16:28:35.940,2026/07/24 16:28:35.928,2026/07/24 16:28:35.951,1,GPU-713d5b24-2a1e-fd4a-7685-c3d195ff9230,83.46,1410,1593,0,0,73511,35
2026/07/24 16:28:36.190,2026/07/24 16:28:36.178,2026/07/24 16:28:36.202,0,GPU-e2681f6e-8d94-2d66-484f-43ea602335f9,90.48,1410,1593,0,0,73511,45
2026/07/24 16:28:36.190,2026/07/24 16:28:36.178,2026/07/24 16:28:36.202,1,GPU-713d5b24-2a1e-fd4a-7685-c3d195ff9230,83.46,1410,1593,0,0,73511,35
2026/07/24 16:28:36.440,2026/07/24 16:28:36.428,2026/07/24 16:28:36.453,0,GPU-e2681f6e-8d94-2d66-484f-43ea602335f9,90.48,1410,1593,0,0,73511,45
2026/07/24 16:28:36.440,2026/07/24 16:28:36.428,2026/07/24 16:28:36.453,1,GPU-713d5b24-2a1e-fd4a-7685-c3d195ff9230,83.46,1410,1593,0,0,73511,35
2026/07/24 16:28:36.691,2026/07/24 16:28:36.678,2026/07/24 16:28:36.703,0,GPU-e2681f6e-8d94-2d66-484f-43ea602335f9,90.48,1410,1593,0,0,73511,45
2026/07/24 16:28:36.691,2026/07/24 16:28:36.678,2026/07/24 16:28:36.703,1,GPU-713d5b24-2a1e-fd4a-7685-c3d195ff9230,83.46,1410,1593,0,0,73511,35
2026/07/24 16:28:36.940,2026/07/24 16:28:36.928,2026/07/24 16:28:36.952,0,GPU-e2681f6e-8d94-2d66-484f-43ea602335f9,90.48,1410,1593,0,0,73511,45
2026/07/24 16:28:36.940,2026/07/24 16:28:36.928,2026/07/24 16:28:36.952,1,GPU-713d5b24-2a1e-fd4a-7685-c3d195ff9230,83.73,1410,1593,0,0,73511,35
2026/07/24 16:28:37.191,2026/07/24 16:28:37.178,2026/07/24 16:28:37.204,0,GPU-e2681f6e-8d94-2d66-484f-43ea602335f9,90.16,1410,1593,0,0,73511,45
2026/07/24 16:28:37.191,2026/07/24 16:28:37.178,2026/07/24 16:28:37.204,1,GPU-713d5b24-2a1e-fd4a-7685-c3d195ff9230,83.73,1410,1593,0,0,73511,35
2026/07/24 16:28:37.441,2026/07/24 16:28:37.428,2026/07/24 16:28:37.453,0,GPU-e2681f6e-8d94-2d66-484f-43ea602335f9,90.48,1410,1593,0,0,73511,45
2026/07/24 16:28:37.441,2026/07/24 16:28:37.428,2026/07/24 16:28:37.453,1,GPU-713d5b24-2a1e-fd4a-7685-c3d195ff9230,83.46,1410,1593,0,0,73511,35
2026/07/24 16:28:37.691,2026/07/24 16:28:37.678,2026/07/24 16:28:37.704,0,GPU-e2681f6e-8d94-2d66-484f-43ea602335f9,90.48,1410,1593,0,0,73511,44
2026/07/24 16:28:37.691,2026/07/24 16:28:37.678,2026/07/24 16:28:37.704,1,GPU-713d5b24-2a1e-fd4a-7685-c3d195ff9230,83.73,1410,1593,0,0,73511,35
2026/07/24 16:28:37.941,2026/07/24 16:28:37.928,2026/07/24 16:28:37.953,0,GPU-e2681f6e-8d94-2d66-484f-43ea602335f9,90.16,1410,1593,0,0,73511,44
2026/07/24 16:28:37.941,2026/07/24 16:28:37.928,2026/07/24 16:28:37.953,1,GPU-713d5b24-2a1e-fd4a-7685-c3d195ff9230,83.46,1410,1593,0,0,73511,35
2026/07/24 16:28:38.190,2026/07/24 16:28:38.179,2026/07/24 16:28:38.201,0,GPU-e2681f6e-8d94-2d66-484f-43ea602335f9,90.16,1410,1593,0,0,73511,44
2026/07/24 16:28:38.190,2026/07/24 16:28:38.179,2026/07/24 16:28:38.201,1,GPU-713d5b24-2a1e-fd4a-7685-c3d195ff9230,83.46,1410,1593,0,0,73511,35
2026/07/24 16:28:38.441,2026/07/24 16:28:38.429,2026/07/24 16:28:38.453,0,GPU-e2681f6e-8d94-2d66-484f-43ea602335f9,90.48,1410,1593,0,0,73511,44
2026/07/24 16:28:38.441,2026/07/24 16:28:38.429,2026/07/24 16:28:38.453,1,GPU-713d5b24-2a1e-fd4a-7685-c3d195ff9230,83.46,1410,1593,0,0,73511,35
2026/07/24 16:28:38.692,2026/07/24 16:28:38.679,2026/07/24 16:28:38.705,0,GPU-e2681f6e-8d94-2d66-484f-43ea602335f9,90.48,1410,1593,0,0,73511,44
2026/07/24 16:28:38.692,2026/07/24 16:28:38.679,2026/07/24 16:28:38.705,1,GPU-713d5b24-2a1e-fd4a-7685-c3d195ff9230,83.46,1410,1593,0,0,73511,35
2026/07/24 16:28:38.942,2026/07/24 16:28:38.929,2026/07/24 16:28:38.955,0,GPU-e2681f6e-8d94-2d66-484f-43ea602335f9,90.16,1410,1593,0,0,73511,44
2026/07/24 16:28:38.942,2026/07/24 16:28:38.929,2026/07/24 16:28:38.955,1,GPU-713d5b24-2a1e-fd4a-7685-c3d195ff9230,83.46,1410,1593,0,0,73511,35
2026/07/24 16:28:39.191,2026/07/24 16:28:39.179,2026/07/24 16:28:39.203,0,GPU-e2681f6e-8d94-2d66-484f-43ea602335f9,89.88,1410,1593,0,0,73511,44
2026/07/24 16:28:39.191,2026/07/24 16:28:39.179,2026/07/24 16:28:39.203,1,GPU-713d5b24-2a1e-fd4a-7685-c3d195ff9230,83.46,1410,1593,0,0,73511,35
2026/07/24 16:28:39.440,2026/07/24 16:28:39.429,2026/07/24 16:28:39.452,0,GPU-e2681f6e-8d94-2d66-484f-43ea602335f9,89.88,1410,1593,0,0,73511,44
2026/07/24 16:28:39.440,2026/07/24 16:28:39.429,2026/07/24 16:28:39.452,1,GPU-713d5b24-2a1e-fd4a-7685-c3d195ff9230,83.46,1410,1593,0,0,73511,35
2026/07/24 16:28:39.692,2026/07/24 16:28:39.679,2026/07/24 16:28:39.705,0,GPU-e2681f6e-8d94-2d66-484f-43ea602335f9,90.25,1410,1593,0,0,73511,44
2026/07/24 16:28:39.692,2026/07/24 16:28:39.679,2026/07/24 16:28:39.705,1,GPU-713d5b24-2a1e-fd4a-7685-c3d195ff9230,83.55,1410,1593,0,0,73511,35
2026/07/24 16:28:39.942,2026/07/24 16:28:39.929,2026/07/24 16:28:39.955,0,GPU-e2681f6e-8d94-2d66-484f-43ea602335f9,90.16,1410,1593,0,0,73511,44
2026/07/24 16:28:39.942,2026/07/24 16:28:39.929,2026/07/24 16:28:39.955,1,GPU-713d5b24-2a1e-fd4a-7685-c3d195ff9230,83.55,1410,1593,0,0,73511,35
2026/07/24 16:28:40.192,2026/07/24 16:28:40.179,2026/07/24 16:28:40.205,0,GPU-e2681f6e-8d94-2d66-484f-43ea602335f9,89.88,1410,1593,0,0,73511,44
2026/07/24 16:28:40.192,2026/07/24 16:28:40.179,2026/07/24 16:28:40.205,1,GPU-713d5b24-2a1e-fd4a-7685-c3d195ff9230,83.46,1410,1593,0,0,73511,35
2026/07/24 16:28:40.441,2026/07/24 16:28:40.429,2026/07/24 16:28:40.453,0,GPU-e2681f6e-8d94-2d66-484f-43ea602335f9,89.88,1410,1593,0,0,73511,44
2026/07/24 16:28:40.441,2026/07/24 16:28:40.429,2026/07/24 16:28:40.453,1,GPU-713d5b24-2a1e-fd4a-7685-c3d195ff9230,83.46,1410,1593,0,0,73511,35
2026/07/24 16:28:40.692,2026/07/24 16:28:40.679,2026/07/24 16:28:40.704,0,GPU-e2681f6e-8d94-2d66-484f-43ea602335f9,89.88,1410,1593,0,0,73511,44
2026/07/24 16:28:40.692,2026/07/24 16:28:40.679,2026/07/24 16:28:40.704,1,GPU-713d5b24-2a1e-fd4a-7685-c3d195ff9230,83.46,1410,1593,0,0,73511,35
2026/07/24 16:28:40.942,2026/07/24 16:28:40.929,2026/07/24 16:28:40.954,0,GPU-e2681f6e-8d94-2d66-484f-43ea602335f9,89.88,1410,1593,0,0,73511,44
2026/07/24 16:28:40.942,2026/07/24 16:28:40.929,2026/07/24 16:28:40.954,1,GPU-713d5b24-2a1e-fd4a-7685-c3d195ff9230,83.55,1410,1593,0,0,73511,35
2026/07/24 16:28:41.191,2026/07/24 16:28:41.179,2026/07/24 16:28:41.203,0,GPU-e2681f6e-8d94-2d66-484f-43ea602335f9,89.88,1410,1593,0,0,73511,44
2026/07/24 16:28:41.191,2026/07/24 16:28:41.179,2026/07/24 16:28:41.203,1,GPU-713d5b24-2a1e-fd4a-7685-c3d195ff9230,83.46,1410,1593,0,0,73511,35
2026/07/24 16:28:41.442,2026/07/24 16:28:41.429,2026/07/24 16:28:41.454,0,GPU-e2681f6e-8d94-2d66-484f-43ea602335f9,89.88,1410,1593,0,0,73511,44
2026/07/24 16:28:41.442,2026/07/24 16:28:41.429,2026/07/24 16:28:41.454,1,GPU-713d5b24-2a1e-fd4a-7685-c3d195ff9230,83.46,1410,1593,0,0,73511,35
2026/07/24 16:28:41.692,2026/07/24 16:28:41.679,2026/07/24 16:28:41.704,0,GPU-e2681f6e-8d94-2d66-484f-43ea602335f9,89.88,1410,1593,0,0,73511,44
2026/07/24 16:28:41.692,2026/07/24 16:28:41.679,2026/07/24 16:28:41.704,1,GPU-713d5b24-2a1e-fd4a-7685-c3d195ff9230,83.46,1410,1593,0,0,73511,35
2026/07/24 16:28:41.941,2026/07/24 16:28:41.930,2026/07/24 16:28:41.953,0,GPU-e2681f6e-8d94-2d66-484f-43ea602335f9,89.88,1410,1593,0,0,73511,44
2026/07/24 16:28:41.941,2026/07/24 16:28:41.930,2026/07/24 16:28:41.953,1,GPU-713d5b24-2a1e-fd4a-7685-c3d195ff9230,83.73,1410,1593,0,0,73511,35
2026/07/24 16:28:42.193,2026/07/24 16:28:42.180,2026/07/24 16:28:42.205,0,GPU-e2681f6e-8d94-2d66-484f-43ea602335f9,89.88,1410,1593,0,0,73511,44
2026/07/24 16:28:42.193,2026/07/24 16:28:42.180,2026/07/24 16:28:42.205,1,GPU-713d5b24-2a1e-fd4a-7685-c3d195ff9230,83.55,1410,1593,0,0,73511,35
2026/07/24 16:28:42.442,2026/07/24 16:28:42.430,2026/07/24 16:28:42.454,0,GPU-e2681f6e-8d94-2d66-484f-43ea602335f9,89.88,1410,1593,0,0,73511,44
2026/07/24 16:28:42.442,2026/07/24 16:28:42.430,2026/07/24 16:28:42.454,1,GPU-713d5b24-2a1e-fd4a-7685-c3d195ff9230,83.46,1410,1593,0,0,73511,35
2026/07/24 16:28:42.692,2026/07/24 16:28:42.680,2026/07/24 16:28:42.704,0,GPU-e2681f6e-8d94-2d66-484f-43ea602335f9,90.16,1410,1593,0,0,73511,44
2026/07/24 16:28:42.692,2026/07/24 16:28:42.680,2026/07/24 16:28:42.704,1,GPU-713d5b24-2a1e-fd4a-7685-c3d195ff9230,83.46,1410,1593,0,0,73511,35
2026/07/24 16:28:42.942,2026/07/24 16:28:42.930,2026/07/24 16:28:42.954,0,GPU-e2681f6e-8d94-2d66-484f-43ea602335f9,89.88,1410,1593,0,0,73511,44
2026/07/24 16:28:42.942,2026/07/24 16:28:42.930,2026/07/24 16:28:42.954,1,GPU-713d5b24-2a1e-fd4a-7685-c3d195ff9230,83.73,1410,1593,0,0,73511,35
2026/07/24 16:28:43.193,2026/07/24 16:28:43.180,2026/07/24 16:28:43.206,0,GPU-e2681f6e-8d94-2d66-484f-43ea602335f9,89.88,1410,1593,0,0,73511,44
2026/07/24 16:28:43.193,2026/07/24 16:28:43.180,2026/07/24 16:28:43.206,1,GPU-713d5b24-2a1e-fd4a-7685-c3d195ff9230,83.82,1410,1593,0,0,73511,35
2026/07/24 16:28:43.465,2026/07/24 16:28:43.430,2026/07/24 16:28:43.500,0,GPU-e2681f6e-8d94-2d66-484f-43ea602335f9,89.56,1410,1593,0,0,73511,44
2026/07/24 16:28:43.465,2026/07/24 16:28:43.430,2026/07/24 16:28:43.500,1,GPU-713d5b24-2a1e-fd4a-7685-c3d195ff9230,83.46,1410,1593,0,0,73511,35
2026/07/24 16:28:43.692,2026/07/24 16:28:43.680,2026/07/24 16:28:43.705,0,GPU-e2681f6e-8d94-2d66-484f-43ea602335f9,93.19,1410,1593,0,0,73511,44
2026/07/24 16:28:43.692,2026/07/24 16:28:43.680,2026/07/24 16:28:43.705,1,GPU-713d5b24-2a1e-fd4a-7685-c3d195ff9230,83.55,1410,1593,0,0,73511,35
2026/07/24 16:28:43.943,2026/07/24 16:28:43.930,2026/07/24 16:28:43.955,0,GPU-e2681f6e-8d94-2d66-484f-43ea602335f9,89.88,1410,1593,0,0,73511,44
2026/07/24 16:28:43.943,2026/07/24 16:28:43.930,2026/07/24 16:28:43.955,1,GPU-713d5b24-2a1e-fd4a-7685-c3d195ff9230,83.46,1410,1593,0,0,73511,35
2026/07/24 16:28:44.193,2026/07/24 16:28:44.180,2026/07/24 16:28:44.205,0,GPU-e2681f6e-8d94-2d66-484f-43ea602335f9,89.88,1410,1593,0,0,73511,44
2026/07/24 16:28:44.193,2026/07/24 16:28:44.180,2026/07/24 16:28:44.205,1,GPU-713d5b24-2a1e-fd4a-7685-c3d195ff9230,83.46,1410,1593,0,0,73511,35
2026/07/24 16:28:44.443,2026/07/24 16:28:44.430,2026/07/24 16:28:44.455,0,GPU-e2681f6e-8d94-2d66-484f-43ea602335f9,89.88,1410,1593,0,0,73511,43
2026/07/24 16:28:44.443,2026/07/24 16:28:44.430,2026/07/24 16:28:44.455,1,GPU-713d5b24-2a1e-fd4a-7685-c3d195ff9230,83.46,1410,1593,0,0,73511,35
2026/07/24 16:28:44.693,2026/07/24 16:28:44.680,2026/07/24 16:28:44.705,0,GPU-e2681f6e-8d94-2d66-484f-43ea602335f9,89.88,1410,1593,0,0,73511,43
2026/07/24 16:28:44.693,2026/07/24 16:28:44.680,2026/07/24 16:28:44.705,1,GPU-713d5b24-2a1e-fd4a-7685-c3d195ff9230,83.55,1410,1593,0,0,73511,35
2026/07/24 16:28:44.942,2026/07/24 16:28:44.930,2026/07/24 16:28:44.954,0,GPU-e2681f6e-8d94-2d66-484f-43ea602335f9,89.88,1410,1593,0,0,73511,43
2026/07/24 16:28:44.942,2026/07/24 16:28:44.930,2026/07/24 16:28:44.954,1,GPU-713d5b24-2a1e-fd4a-7685-c3d195ff9230,83.46,1410,1593,0,0,73511,35
2026/07/24 16:28:45.192,2026/07/24 16:28:45.181,2026/07/24 16:28:45.204,0,GPU-e2681f6e-8d94-2d66-484f-43ea602335f9,89.56,1410,1593,0,0,73511,43
2026/07/24 16:28:45.192,2026/07/24 16:28:45.181,2026/07/24 16:28:45.204,1,GPU-713d5b24-2a1e-fd4a-7685-c3d195ff9230,83.46,1410,1593,0,0,73511,35
2026/07/24 16:28:45.442,2026/07/24 16:28:45.431,2026/07/24 16:28:45.453,0,GPU-e2681f6e-8d94-2d66-484f-43ea602335f9,89.88,1410,1593,0,0,73511,43
2026/07/24 16:28:45.442,2026/07/24 16:28:45.431,2026/07/24 16:28:45.453,1,GPU-713d5b24-2a1e-fd4a-7685-c3d195ff9230,83.46,1410,1593,0,0,73511,35
2026/07/24 16:28:45.695,2026/07/24 16:28:45.681,2026/07/24 16:28:45.709,0,GPU-e2681f6e-8d94-2d66-484f-43ea602335f9,89.56,1410,1593,0,0,73511,43
2026/07/24 16:28:45.695,2026/07/24 16:28:45.681,2026/07/24 16:28:45.709,1,GPU-713d5b24-2a1e-fd4a-7685-c3d195ff9230,83.46,1410,1593,0,0,73511,35
2026/07/24 16:28:45.943,2026/07/24 16:28:45.931,2026/07/24 16:28:45.955,0,GPU-e2681f6e-8d94-2d66-484f-43ea602335f9,89.56,1410,1593,0,0,73511,43
2026/07/24 16:28:45.943,2026/07/24 16:28:45.931,2026/07/24 16:28:45.955,1,GPU-713d5b24-2a1e-fd4a-7685-c3d195ff9230,83.46,1410,1593,0,0,73511,35
2026/07/24 16:28:46.193,2026/07/24 16:28:46.181,2026/07/24 16:28:46.205,0,GPU-e2681f6e-8d94-2d66-484f-43ea602335f9,89.65,1410,1593,0,0,73511,43
2026/07/24 16:28:46.193,2026/07/24 16:28:46.181,2026/07/24 16:28:46.205,1,GPU-713d5b24-2a1e-fd4a-7685-c3d195ff9230,83.55,1410,1593,0,0,73511,35
2026/07/24 16:28:46.442,2026/07/24 16:28:46.431,2026/07/24 16:28:46.454,0,GPU-e2681f6e-8d94-2d66-484f-43ea602335f9,89.56,1410,1593,0,0,73511,43
2026/07/24 16:28:46.442,2026/07/24 16:28:46.431,2026/07/24 16:28:46.454,1,GPU-713d5b24-2a1e-fd4a-7685-c3d195ff9230,83.46,1410,1593,0,0,73511,35
2026/07/24 16:28:46.694,2026/07/24 16:28:46.681,2026/07/24 16:28:46.706,0,GPU-e2681f6e-8d94-2d66-484f-43ea602335f9,89.56,1410,1593,0,0,73511,43
2026/07/24 16:28:46.694,2026/07/24 16:28:46.681,2026/07/24 16:28:46.706,1,GPU-713d5b24-2a1e-fd4a-7685-c3d195ff9230,83.46,1410,1593,0,0,73511,35
2026/07/24 16:28:46.944,2026/07/24 16:28:46.931,2026/07/24 16:28:46.957,0,GPU-e2681f6e-8d94-2d66-484f-43ea602335f9,89.56,1410,1593,0,0,73511,43
2026/07/24 16:28:46.944,2026/07/24 16:28:46.931,2026/07/24 16:28:46.957,1,GPU-713d5b24-2a1e-fd4a-7685-c3d195ff9230,83.46,1410,1593,0,0,73511,35
2026/07/24 16:28:47.194,2026/07/24 16:28:47.181,2026/07/24 16:28:47.206,0,GPU-e2681f6e-8d94-2d66-484f-43ea602335f9,89.56,1410,1593,0,0,73511,43
2026/07/24 16:28:47.194,2026/07/24 16:28:47.181,2026/07/24 16:28:47.206,1,GPU-713d5b24-2a1e-fd4a-7685-c3d195ff9230,83.46,1410,1593,0,0,73511,35
2026/07/24 16:28:47.443,2026/07/24 16:28:47.431,2026/07/24 16:28:47.455,0,GPU-e2681f6e-8d94-2d66-484f-43ea602335f9,89.56,1410,1593,0,0,73511,43
2026/07/24 16:28:47.443,2026/07/24 16:28:47.431,2026/07/24 16:28:47.455,1,GPU-713d5b24-2a1e-fd4a-7685-c3d195ff9230,83.55,1410,1593,0,0,73511,35
2026/07/24 16:28:47.693,2026/07/24 16:28:47.681,2026/07/24 16:28:47.706,0,GPU-e2681f6e-8d94-2d66-484f-43ea602335f9,89.56,1410,1593,0,0,73511,43
2026/07/24 16:28:47.693,2026/07/24 16:28:47.681,2026/07/24 16:28:47.706,1,GPU-713d5b24-2a1e-fd4a-7685-c3d195ff9230,83.46,1410,1593,0,0,73511,35
2026/07/24 16:28:47.945,2026/07/24 16:28:47.931,2026/07/24 16:28:47.959,0,GPU-e2681f6e-8d94-2d66-484f-43ea602335f9,89.56,1410,1593,0,0,73511,43
2026/07/24 16:28:47.945,2026/07/24 16:28:47.931,2026/07/24 16:28:47.959,1,GPU-713d5b24-2a1e-fd4a-7685-c3d195ff9230,83.46,1410,1593,0,0,73511,35
2026/07/24 16:28:48.193,2026/07/24 16:28:48.181,2026/07/24 16:28:48.205,0,GPU-e2681f6e-8d94-2d66-484f-43ea602335f9,89.29,1410,1593,0,0,73511,43
2026/07/24 16:28:48.193,2026/07/24 16:28:48.181,2026/07/24 16:28:48.205,1,GPU-713d5b24-2a1e-fd4a-7685-c3d195ff9230,83.46,1410,1593,0,0,73511,35
2026/07/24 16:28:48.443,2026/07/24 16:28:48.431,2026/07/24 16:28:48.454,0,GPU-e2681f6e-8d94-2d66-484f-43ea602335f9,89.29,1410,1593,0,0,73511,43
2026/07/24 16:28:48.443,2026/07/24 16:28:48.431,2026/07/24 16:28:48.454,1,GPU-713d5b24-2a1e-fd4a-7685-c3d195ff9230,83.46,1410,1593,0,0,73511,35
2026/07/24 16:28:48.702,2026/07/24 16:28:48.682,2026/07/24 16:28:48.723,0,GPU-e2681f6e-8d94-2d66-484f-43ea602335f9,89.29,1410,1593,0,0,73511,43
2026/07/24 16:28:48.702,2026/07/24 16:28:48.682,2026/07/24 16:28:48.723,1,GPU-713d5b24-2a1e-fd4a-7685-c3d195ff9230,83.46,1410,1593,0,0,73511,35
2026/07/24 16:28:48.945,2026/07/24 16:28:48.932,2026/07/24 16:28:48.959,0,GPU-e2681f6e-8d94-2d66-484f-43ea602335f9,89.56,1410,1593,0,0,73511,43
2026/07/24 16:28:48.945,2026/07/24 16:28:48.932,2026/07/24 16:28:48.959,1,GPU-713d5b24-2a1e-fd4a-7685-c3d195ff9230,83.73,1410,1593,0,0,73511,35
2026/07/24 16:28:49.194,2026/07/24 16:28:49.182,2026/07/24 16:28:49.207,0,GPU-e2681f6e-8d94-2d66-484f-43ea602335f9,89.56,1410,1593,0,0,73511,43
2026/07/24 16:28:49.194,2026/07/24 16:28:49.182,2026/07/24 16:28:49.207,1,GPU-713d5b24-2a1e-fd4a-7685-c3d195ff9230,83.46,1410,1593,0,0,73511,35
2026/07/24 16:28:49.444,2026/07/24 16:28:49.432,2026/07/24 16:28:49.456,0,GPU-e2681f6e-8d94-2d66-484f-43ea602335f9,89.29,1410,1593,0,0,73511,43
2026/07/24 16:28:49.444,2026/07/24 16:28:49.432,2026/07/24 16:28:49.456,1,GPU-713d5b24-2a1e-fd4a-7685-c3d195ff9230,83.46,1410,1593,0,0,73511,35
2026/07/24 16:28:49.693,2026/07/24 16:28:49.682,2026/07/24 16:28:49.705,0,GPU-e2681f6e-8d94-2d66-484f-43ea602335f9,89.56,1410,1593,0,0,73511,43
2026/07/24 16:28:49.693,2026/07/24 16:28:49.682,2026/07/24 16:28:49.705,1,GPU-713d5b24-2a1e-fd4a-7685-c3d195ff9230,83.46,1410,1593,0,0,73511,35
2026/07/24 16:28:49.944,2026/07/24 16:28:49.932,2026/07/24 16:28:49.956,0,GPU-e2681f6e-8d94-2d66-484f-43ea602335f9,89.29,1410,1593,0,0,73511,43
2026/07/24 16:28:49.944,2026/07/24 16:28:49.932,2026/07/24 16:28:49.956,1,GPU-713d5b24-2a1e-fd4a-7685-c3d195ff9230,83.46,1410,1593,0,0,73511,35
2026/07/24 16:28:50.195,2026/07/24 16:28:50.182,2026/07/24 16:28:50.209,0,GPU-e2681f6e-8d94-2d66-484f-43ea602335f9,89.56,1410,1593,0,0,73511,43
2026/07/24 16:28:50.195,2026/07/24 16:28:50.182,2026/07/24 16:28:50.209,1,GPU-713d5b24-2a1e-fd4a-7685-c3d195ff9230,83.46,1410,1593,0,0,73511,35
2026/07/24 16:28:50.443,2026/07/24 16:28:50.432,2026/07/24 16:28:50.455,0,GPU-e2681f6e-8d94-2d66-484f-43ea602335f9,89.56,1410,1593,0,0,73511,43
2026/07/24 16:28:50.443,2026/07/24 16:28:50.432,2026/07/24 16:28:50.455,1,GPU-713d5b24-2a1e-fd4a-7685-c3d195ff9230,83.46,1410,1593,0,0,73511,35
2026/07/24 16:28:50.695,2026/07/24 16:28:50.682,2026/07/24 16:28:50.708,0,GPU-e2681f6e-8d94-2d66-484f-43ea602335f9,89.29,1410,1593,0,0,73511,43
2026/07/24 16:28:50.695,2026/07/24 16:28:50.682,2026/07/24 16:28:50.708,1,GPU-713d5b24-2a1e-fd4a-7685-c3d195ff9230,83.46,1410,1593,0,0,73511,35
2026/07/24 16:28:50.944,2026/07/24 16:28:50.932,2026/07/24 16:28:50.956,0,GPU-e2681f6e-8d94-2d66-484f-43ea602335f9,89.56,1410,1593,0,0,73511,43
2026/07/24 16:28:50.944,2026/07/24 16:28:50.932,2026/07/24 16:28:50.956,1,GPU-713d5b24-2a1e-fd4a-7685-c3d195ff9230,83.46,1410,1593,0,0,73511,35
2026/07/24 16:28:51.195,2026/07/24 16:28:51.182,2026/07/24 16:28:51.209,0,GPU-e2681f6e-8d94-2d66-484f-43ea602335f9,89.29,1410,1593,0,0,73511,43
2026/07/24 16:28:51.195,2026/07/24 16:28:51.182,2026/07/24 16:28:51.209,1,GPU-713d5b24-2a1e-fd4a-7685-c3d195ff9230,83.46,1410,1593,0,0,73511,35
2026/07/24 16:28:51.444,2026/07/24 16:28:51.432,2026/07/24 16:28:51.455,0,GPU-e2681f6e-8d94-2d66-484f-43ea602335f9,89.38,1410,1593,0,0,73511,43
2026/07/24 16:28:51.444,2026/07/24 16:28:51.432,2026/07/24 16:28:51.455,1,GPU-713d5b24-2a1e-fd4a-7685-c3d195ff9230,83.46,1410,1593,0,0,73511,35
2026/07/24 16:28:51.696,2026/07/24 16:28:51.682,2026/07/24 16:28:51.709,0,GPU-e2681f6e-8d94-2d66-484f-43ea602335f9,89.56,1410,1593,0,0,73511,43
2026/07/24 16:28:51.696,2026/07/24 16:28:51.682,2026/07/24 16:28:51.709,1,GPU-713d5b24-2a1e-fd4a-7685-c3d195ff9230,83.46,1410,1593,0,0,73511,35
2026/07/24 16:28:51.944,2026/07/24 16:28:51.932,2026/07/24 16:28:51.956,0,GPU-e2681f6e-8d94-2d66-484f-43ea602335f9,89.56,1410,1593,0,0,73511,43
2026/07/24 16:28:51.944,2026/07/24 16:28:51.932,2026/07/24 16:28:51.956,1,GPU-713d5b24-2a1e-fd4a-7685-c3d195ff9230,83.46,1410,1593,0,0,73511,35
2026/07/24 16:28:52.196,2026/07/24 16:28:52.183,2026/07/24 16:28:52.209,0,GPU-e2681f6e-8d94-2d66-484f-43ea602335f9,89.29,1410,1593,0,0,73511,43
2026/07/24 16:28:52.196,2026/07/24 16:28:52.183,2026/07/24 16:28:52.209,1,GPU-713d5b24-2a1e-fd4a-7685-c3d195ff9230,83.46,1410,1593,0,0,73511,35
2026/07/24 16:28:52.445,2026/07/24 16:28:52.433,2026/07/24 16:28:52.458,0,GPU-e2681f6e-8d94-2d66-484f-43ea602335f9,89.29,1410,1593,0,0,73511,43
2026/07/24 16:28:52.445,2026/07/24 16:28:52.433,2026/07/24 16:28:52.458,1,GPU-713d5b24-2a1e-fd4a-7685-c3d195ff9230,83.46,1410,1593,0,0,73511,35
2026/07/24 16:28:52.694,2026/07/24 16:28:52.683,2026/07/24 16:28:52.706,0,GPU-e2681f6e-8d94-2d66-484f-43ea602335f9,89.29,1410,1593,0,0,73511,43
2026/07/24 16:28:52.694,2026/07/24 16:28:52.683,2026/07/24 16:28:52.706,1,GPU-713d5b24-2a1e-fd4a-7685-c3d195ff9230,83.55,1410,1593,0,0,73511,35
2026/07/24 16:28:52.945,2026/07/24 16:28:52.933,2026/07/24 16:28:52.957,0,GPU-e2681f6e-8d94-2d66-484f-43ea602335f9,89.29,1410,1593,0,0,73511,43
2026/07/24 16:28:52.945,2026/07/24 16:28:52.933,2026/07/24 16:28:52.957,1,GPU-713d5b24-2a1e-fd4a-7685-c3d195ff9230,83.46,1410,1593,0,0,73511,35
2026/07/24 16:28:53.194,2026/07/24 16:28:53.183,2026/07/24 16:28:53.206,0,GPU-e2681f6e-8d94-2d66-484f-43ea602335f9,89.38,1410,1593,0,0,73511,43
2026/07/24 16:28:53.194,2026/07/24 16:28:53.183,2026/07/24 16:28:53.206,1,GPU-713d5b24-2a1e-fd4a-7685-c3d195ff9230,83.46,1410,1593,0,0,73511,35
2026/07/24 16:28:53.445,2026/07/24 16:28:53.433,2026/07/24 16:28:53.457,0,GPU-e2681f6e-8d94-2d66-484f-43ea602335f9,89.29,1410,1593,0,0,73511,43
2026/07/24 16:28:53.445,2026/07/24 16:28:53.433,2026/07/24 16:28:53.457,1,GPU-713d5b24-2a1e-fd4a-7685-c3d195ff9230,83.46,1410,1593,0,0,73511,35
2026/07/24 16:28:53.695,2026/07/24 16:28:53.683,2026/07/24 16:28:53.707,0,GPU-e2681f6e-8d94-2d66-484f-43ea602335f9,89.29,1410,1593,0,0,73511,43
2026/07/24 16:28:53.695,2026/07/24 16:28:53.683,2026/07/24 16:28:53.707,1,GPU-713d5b24-2a1e-fd4a-7685-c3d195ff9230,83.73,1410,1593,0,0,73511,35
2026/07/24 16:28:53.945,2026/07/24 16:28:53.933,2026/07/24 16:28:53.957,0,GPU-e2681f6e-8d94-2d66-484f-43ea602335f9,89.38,1410,1593,0,0,73511,43
2026/07/24 16:28:53.945,2026/07/24 16:28:53.933,2026/07/24 16:28:53.957,1,GPU-713d5b24-2a1e-fd4a-7685-c3d195ff9230,83.55,1410,1593,0,0,73511,35
2026/07/24 16:28:54.195,2026/07/24 16:28:54.183,2026/07/24 16:28:54.207,0,GPU-e2681f6e-8d94-2d66-484f-43ea602335f9,89.29,1410,1593,0,0,73511,43
2026/07/24 16:28:54.195,2026/07/24 16:28:54.183,2026/07/24 16:28:54.207,1,GPU-713d5b24-2a1e-fd4a-7685-c3d195ff9230,83.46,1410,1593,0,0,73511,35
2026/07/24 16:28:54.446,2026/07/24 16:28:54.433,2026/07/24 16:28:54.458,0,GPU-e2681f6e-8d94-2d66-484f-43ea602335f9,89.29,1410,1593,0,0,73511,43
2026/07/24 16:28:54.446,2026/07/24 16:28:54.433,2026/07/24 16:28:54.458,1,GPU-713d5b24-2a1e-fd4a-7685-c3d195ff9230,83.46,1410,1593,0,0,73511,35
2026/07/24 16:28:54.696,2026/07/24 16:28:54.683,2026/07/24 16:28:54.709,0,GPU-e2681f6e-8d94-2d66-484f-43ea602335f9,89.29,1410,1593,0,0,73511,43
2026/07/24 16:28:54.696,2026/07/24 16:28:54.683,2026/07/24 16:28:54.709,1,GPU-713d5b24-2a1e-fd4a-7685-c3d195ff9230,83.73,1410,1593,0,0,73511,35
2026/07/24 16:28:54.946,2026/07/24 16:28:54.933,2026/07/24 16:28:54.958,0,GPU-e2681f6e-8d94-2d66-484f-43ea602335f9,89.29,1410,1593,0,0,73511,43
2026/07/24 16:28:54.946,2026/07/24 16:28:54.933,2026/07/24 16:28:54.958,1,GPU-713d5b24-2a1e-fd4a-7685-c3d195ff9230,83.73,1410,1593,0,0,73511,35
2026/07/24 16:28:55.196,2026/07/24 16:28:55.183,2026/07/24 16:28:55.209,0,GPU-e2681f6e-8d94-2d66-484f-43ea602335f9,89.06,1410,1593,0,0,73511,43
2026/07/24 16:28:55.196,2026/07/24 16:28:55.183,2026/07/24 16:28:55.209,1,GPU-713d5b24-2a1e-fd4a-7685-c3d195ff9230,83.55,1410,1593,0,0,73511,35
2026/07/24 16:28:55.446,2026/07/24 16:28:55.433,2026/07/24 16:28:55.458,0,GPU-e2681f6e-8d94-2d66-484f-43ea602335f9,88.97,1410,1593,0,0,73511,43
2026/07/24 16:28:55.446,2026/07/24 16:28:55.433,2026/07/24 16:28:55.458,1,GPU-713d5b24-2a1e-fd4a-7685-c3d195ff9230,83.46,1410,1593,0,0,73511,35
2026/07/24 16:28:55.697,2026/07/24 16:28:55.684,2026/07/24 16:28:55.709,0,GPU-e2681f6e-8d94-2d66-484f-43ea602335f9,89.06,1410,1593,0,0,73511,43
2026/07/24 16:28:55.697,2026/07/24 16:28:55.684,2026/07/24 16:28:55.709,1,GPU-713d5b24-2a1e-fd4a-7685-c3d195ff9230,83.46,1410,1593,0,0,73511,35
2026/07/24 16:28:55.945,2026/07/24 16:28:55.934,2026/07/24 16:28:55.957,0,GPU-e2681f6e-8d94-2d66-484f-43ea602335f9,88.97,1410,1593,0,0,73511,43
2026/07/24 16:28:55.945,2026/07/24 16:28:55.934,2026/07/24 16:28:55.957,1,GPU-713d5b24-2a1e-fd4a-7685-c3d195ff9230,83.46,1410,1593,0,0,73511,35
2026/07/24 16:28:56.196,2026/07/24 16:28:56.184,2026/07/24 16:28:56.208,0,GPU-e2681f6e-8d94-2d66-484f-43ea602335f9,89.06,1410,1593,0,0,73511,43
2026/07/24 16:28:56.196,2026/07/24 16:28:56.184,2026/07/24 16:28:56.208,1,GPU-713d5b24-2a1e-fd4a-7685-c3d195ff9230,83.46,1410,1593,0,0,73511,35
2026/07/24 16:28:56.445,2026/07/24 16:28:56.434,2026/07/24 16:28:56.457,0,GPU-e2681f6e-8d94-2d66-484f-43ea602335f9,88.97,1410,1593,0,0,73511,43
2026/07/24 16:28:56.445,2026/07/24 16:28:56.434,2026/07/24 16:28:56.457,1,GPU-713d5b24-2a1e-fd4a-7685-c3d195ff9230,83.46,1410,1593,0,0,73511,35
2026/07/24 16:28:56.699,2026/07/24 16:28:56.684,2026/07/24 16:28:56.715,0,GPU-e2681f6e-8d94-2d66-484f-43ea602335f9,88.97,1410,1593,0,0,73511,43
2026/07/24 16:28:56.699,2026/07/24 16:28:56.684,2026/07/24 16:28:56.715,1,GPU-713d5b24-2a1e-fd4a-7685-c3d195ff9230,83.46,1410,1593,0,0,73511,35
2026/07/24 16:28:56.946,2026/07/24 16:28:56.934,2026/07/24 16:28:56.959,0,GPU-e2681f6e-8d94-2d66-484f-43ea602335f9,89.29,1410,1593,0,0,73511,43
2026/07/24 16:28:56.946,2026/07/24 16:28:56.934,2026/07/24 16:28:56.959,1,GPU-713d5b24-2a1e-fd4a-7685-c3d195ff9230,83.46,1410,1593,0,0,73511,35
2026/07/24 16:28:57.196,2026/07/24 16:28:57.184,2026/07/24 16:28:57.207,0,GPU-e2681f6e-8d94-2d66-484f-43ea602335f9,88.97,1410,1593,0,0,73511,42
2026/07/24 16:28:57.196,2026/07/24 16:28:57.184,2026/07/24 16:28:57.207,1,GPU-713d5b24-2a1e-fd4a-7685-c3d195ff9230,83.46,1410,1593,0,0,73511,35
2026/07/24 16:28:57.445,2026/07/24 16:28:57.434,2026/07/24 16:28:57.457,0,GPU-e2681f6e-8d94-2d66-484f-43ea602335f9,88.97,1410,1593,0,0,73511,42
2026/07/24 16:28:57.445,2026/07/24 16:28:57.434,2026/07/24 16:28:57.457,1,GPU-713d5b24-2a1e-fd4a-7685-c3d195ff9230,83.46,1410,1593,0,0,73511,35
2026/07/24 16:28:57.697,2026/07/24 16:28:57.684,2026/07/24 16:28:57.711,0,GPU-e2681f6e-8d94-2d66-484f-43ea602335f9,89.29,1410,1593,0,0,73511,42
2026/07/24 16:28:57.697,2026/07/24 16:28:57.684,2026/07/24 16:28:57.711,1,GPU-713d5b24-2a1e-fd4a-7685-c3d195ff9230,83.46,1410,1593,0,0,73511,35
2026/07/24 16:28:57.947,2026/07/24 16:28:57.934,2026/07/24 16:28:57.960,0,GPU-e2681f6e-8d94-2d66-484f-43ea602335f9,88.97,1410,1593,0,0,73511,42
2026/07/24 16:28:57.947,2026/07/24 16:28:57.934,2026/07/24 16:28:57.960,1,GPU-713d5b24-2a1e-fd4a-7685-c3d195ff9230,83.46,1410,1593,0,0,73511,35
2026/07/24 16:28:58.196,2026/07/24 16:28:58.184,2026/07/24 16:28:58.208,0,GPU-e2681f6e-8d94-2d66-484f-43ea602335f9,88.97,1410,1593,0,0,73511,42
2026/07/24 16:28:58.196,2026/07/24 16:28:58.184,2026/07/24 16:28:58.208,1,GPU-713d5b24-2a1e-fd4a-7685-c3d195ff9230,83.46,1410,1593,0,0,73511,35
2026/07/24 16:28:58.446,2026/07/24 16:28:58.434,2026/07/24 16:28:58.457,0,GPU-e2681f6e-8d94-2d66-484f-43ea602335f9,89.29,1410,1593,0,0,73511,42
2026/07/24 16:28:58.446,2026/07/24 16:28:58.434,2026/07/24 16:28:58.457,1,GPU-713d5b24-2a1e-fd4a-7685-c3d195ff9230,83.22,1410,1593,0,0,73511,35
2026/07/24 16:28:58.697,2026/07/24 16:28:58.684,2026/07/24 16:28:58.710,0,GPU-e2681f6e-8d94-2d66-484f-43ea602335f9,88.97,1410,1593,0,0,73511,42
2026/07/24 16:28:58.697,2026/07/24 16:28:58.684,2026/07/24 16:28:58.710,1,GPU-713d5b24-2a1e-fd4a-7685-c3d195ff9230,82.86,1410,1593,0,0,73511,35
2026/07/24 16:28:58.947,2026/07/24 16:28:58.934,2026/07/24 16:28:58.960,0,GPU-e2681f6e-8d94-2d66-484f-43ea602335f9,88.97,1410,1593,0,0,73511,42
2026/07/24 16:28:58.947,2026/07/24 16:28:58.934,2026/07/24 16:28:58.960,1,GPU-713d5b24-2a1e-fd4a-7685-c3d195ff9230,82.86,1410,1593,0,0,73511,35
