{
  "artifacts": {
    "checkpoints_dir": "results/continuous_v1_gmm_bigru/k12_f2/checkpoints",
    "gmms_dir": "results/continuous_v1_gmm_bigru/k12_f2/gmms",
    "norm_params_dir": "results/continuous_v1_gmm_bigru/k12_f2/norm_params",
    "run_summary_csv": "results/continuous_v1_gmm_bigru/k12_f2/run_summary.csv",
    "training_curves_dir": "results/continuous_v1_gmm_bigru/k12_f2/training_curves"
  },
  "configs": {
    "deepseek-r1-distill-70b_H100_tp8": {
      "best_epoch": 419,
      "best_val_loss": 0.921380341053009,
      "bic_candidates": {
        "10": {
          "aic": 635750.6256321066,
          "bic": 636007.8030673915
        },
        "12": {
          "aic": 635185.1977513905,
          "bic": 635495.5843112172
        },
        "6": {
          "aic": 642488.8094399024,
          "bic": 642639.5686261039
        },
        "8": {
          "aic": 638415.0137456646,
          "bic": 638618.9820564078
        }
      },
      "checkpoint_path": "results/continuous_v1_gmm_bigru/k12_f2/checkpoints/deepseek-r1-distill-70b_H100_tp8_k12_f2_best.pt",
      "config_id": "deepseek-r1-distill-70b_H100_tp8",
      "curve_path": "results/continuous_v1_gmm_bigru/k12_f2/training_curves/deepseek-r1-distill-70b_H100_tp8_k12_f2.csv",
      "device": "cuda",
      "feature_set": "f2",
      "final_train_loss": 0.8254513655390058,
      "final_val_loss": 0.92564757168293,
      "gmm_aic": 635185.1977513905,
      "gmm_bic": 635495.5843112172,
      "gmm_params_path": "results/continuous_v1_gmm_bigru/k12_f2/gmms/deepseek-r1-distill-70b_H100_tp8_k12.json",
      "hidden_dim": 64,
      "input_dim": 2,
      "k": 12,
      "norm_params_path": "results/continuous_v1_gmm_bigru/k12_f2/norm_params/deepseek-r1-distill-70b_H100_tp8.json",
      "num_layers": 1,
      "num_test_traces": 5,
      "num_train_points": 52480,
      "num_train_traces": 21,
      "num_val_traces": 4,
      "reason": "",
      "seed": 42,
      "status": "trained"
    },
    "deepseek-r1-distill-8b_A100_tp1": {
      "best_epoch": 341,
      "best_val_loss": 1.135242501894633,
      "bic_candidates": {
        "10": {
          "aic": 295663.50340738276,
          "bic": 295911.03686889977
        },
        "12": {
          "aic": 296318.3500899339,
          "bic": 296617.0973710751
        },
        "6": {
          "aic": 297415.0259172085,
          "bic": 297560.1317394771
        },
        "8": {
          "aic": 296342.816888488,
          "bic": 296539.1365303808
        }
      },
      "checkpoint_path": "results/continuous_v1_gmm_bigru/k12_f2/checkpoints/deepseek-r1-distill-8b_A100_tp1_k12_f2_best.pt",
      "config_id": "deepseek-r1-distill-8b_A100_tp1",
      "curve_path": "results/continuous_v1_gmm_bigru/k12_f2/training_curves/deepseek-r1-distill-8b_A100_tp1_k12_f2.csv",
      "device": "cuda",
      "feature_set": "f2",
      "final_train_loss": 1.184234122435252,
      "final_val_loss": 1.1352816224098206,
      "gmm_aic": 296318.3500899339,
      "gmm_bic": 296617.0973710751,
      "gmm_params_path": "results/continuous_v1_gmm_bigru/k12_f2/gmms/deepseek-r1-distill-8b_A100_tp1_k12.json",
      "hidden_dim": 64,
      "input_dim": 2,
      "k": 12,
      "norm_params_path": "results/continuous_v1_gmm_bigru/k12_f2/norm_params/deepseek-r1-distill-8b_A100_tp1.json",
      "num_layers": 1,
      "num_test_traces": 4,
      "num_train_points": 37633,
      "num_train_traces": 15,
      "num_val_traces": 3,
      "reason": "",
      "seed": 42,
      "status": "trained"
    },
    "gpt-oss-120b_H100_tp8": {
      "best_epoch": 120,
      "best_val_loss": 0.45510686561465263,
      "bic_candidates": {
        "10": {
          "aic": 399765.5523360608,
          "bic": 400004.29180666053
        },
        "12": {
          "aic": 398739.11424625874,
          "bic": 399027.24809008604
        },
        "6": {
          "aic": 407977.28338564106,
          "bic": 408117.23410978576
        },
        "8": {
          "aic": 403540.5514425667,
          "bic": 403729.89653993887
        }
      },
      "checkpoint_path": "results/continuous_v1_gmm_bigru/k12_f2/checkpoints/gpt-oss-120b_H100_tp8_k12_f2_best.pt",
      "config_id": "gpt-oss-120b_H100_tp8",
      "curve_path": "results/continuous_v1_gmm_bigru/k12_f2/training_curves/gpt-oss-120b_H100_tp8_k12_f2.csv",
      "device": "cuda",
      "feature_set": "f2",
      "final_train_loss": 0.8117214072318304,
      "final_val_loss": 0.5558225587010384,
      "gmm_aic": 398739.11424625874,
      "gmm_bic": 399027.24809008604,
      "gmm_params_path": "results/continuous_v1_gmm_bigru/k12_f2/gmms/gpt-oss-120b_H100_tp8_k12.json",
      "hidden_dim": 64,
      "input_dim": 2,
      "k": 12,
      "norm_params_path": "results/continuous_v1_gmm_bigru/k12_f2/norm_params/gpt-oss-120b_H100_tp8.json",
      "num_layers": 1,
      "num_test_traces": 5,
      "num_train_points": 27789,
      "num_train_traces": 21,
      "num_val_traces": 4,
      "reason": "",
      "seed": 42,
      "status": "trained"
    },
    "gpt-oss-20b_A100_tp2": {
      "best_epoch": 297,
      "best_val_loss": 1.4149482995271683,
      "bic_candidates": {
        "10": {
          "aic": 315494.93105520285,
          "bic": 315733.23099599674
        },
        "12": {
          "aic": 314091.2033815022,
          "bic": 314378.8067583224
        },
        "6": {
          "aic": 327941.0988856446,
          "bic": 328080.7919543858
        },
        "8": {
          "aic": 316619.9318475233,
          "bic": 316808.9283522909
        }
      },
      "checkpoint_path": "results/continuous_v1_gmm_bigru/k12_f2/checkpoints/gpt-oss-20b_A100_tp2_k12_f2_best.pt",
      "config_id": "gpt-oss-20b_A100_tp2",
      "curve_path": "results/continuous_v1_gmm_bigru/k12_f2/training_curves/gpt-oss-20b_A100_tp2_k12_f2.csv",
      "device": "cuda",
      "feature_set": "f2",
      "final_train_loss": 1.1802000820636749,
      "final_val_loss": 1.6898046880960464,
      "gmm_aic": 314091.2033815022,
      "gmm_bic": 314378.8067583224,
      "gmm_params_path": "results/continuous_v1_gmm_bigru/k12_f2/gmms/gpt-oss-20b_A100_tp2_k12.json",
      "hidden_dim": 64,
      "input_dim": 2,
      "k": 12,
      "norm_params_path": "results/continuous_v1_gmm_bigru/k12_f2/norm_params/gpt-oss-20b_A100_tp2.json",
      "num_layers": 1,
      "num_test_traces": 5,
      "num_train_points": 27371,
      "num_train_traces": 20,
      "num_val_traces": 4,
      "reason": "",
      "seed": 42,
      "status": "trained"
    },
    "llama-3-405b_H100_tp8": {
      "best_epoch": 165,
      "best_val_loss": 1.0552590638399124,
      "bic_candidates": {
        "10": {
          "aic": 729105.0931259183,
          "bic": 729362.8894437937
        },
        "12": {
          "aic": 729053.5423003595,
          "bic": 729364.6757874504
        },
        "6": {
          "aic": 730224.417048659,
          "bic": 730375.5390281031
        },
        "8": {
          "aic": 729226.0174788081,
          "bic": 729430.4766274678
        }
      },
      "checkpoint_path": "results/continuous_v1_gmm_bigru/k12_f2/checkpoints/llama-3-405b_H100_tp8_k12_f2_best.pt",
      "config_id": "llama-3-405b_H100_tp8",
      "curve_path": "results/continuous_v1_gmm_bigru/k12_f2/training_curves/llama-3-405b_H100_tp8_k12_f2.csv",
      "device": "cuda",
      "feature_set": "f2",
      "final_train_loss": 0.9713092503093538,
      "final_val_loss": 1.0954647660255432,
      "gmm_aic": 729053.5423003595,
      "gmm_bic": 729364.6757874504,
      "gmm_params_path": "results/continuous_v1_gmm_bigru/k12_f2/gmms/llama-3-405b_H100_tp8_k12.json",
      "hidden_dim": 64,
      "input_dim": 2,
      "k": 12,
      "norm_params_path": "results/continuous_v1_gmm_bigru/k12_f2/norm_params/llama-3-405b_H100_tp8.json",
      "num_layers": 1,
      "num_test_traces": 5,
      "num_train_points": 53612,
      "num_train_traces": 21,
      "num_val_traces": 4,
      "reason": "",
      "seed": 42,
      "status": "trained"
    },