{"_runtime":55,"val_tolerance_power_acc":0.7682291666666666,"_step":499,"val_acc":0.6647858796296297,"val_balanced_acc":0.430741686158213,"_timestamp":1.7616772975349655e+09,"epoch":500,"val_f1":0.41747194163280793,"train_loss":1.5595080256462097,"val_boundary_f1":0.09665427461729693,"val_loss":1.5158228874206543,"val_ece":0.2279734655404118,"lr":0,"val_transition_mae":44.51652012985675,"val_autocorr_r2":0.9703842591241447,"_wandb":{"runtime":55}}