{
  "active_mean": 1.5581713721441717,
  "active_std": 2.071757426138346,
  "auto_k": false,
  "config_id": "deepseek-r1-distill-8b_A100_tp4",
  "delta_A_mean": -0.00040405400855247653,
  "delta_A_std": 0.7371476176471817,
  "dt": 0.25,
  "feature_set": "f2",
  "hidden_dim": 64,
  "input_dim": 2,
  "k": 10,
  "k_selection_reason": "fixed",
  "num_layers": 1,
  "power_max": 1143.3600000000001,
  "power_mean": 608.4661872166614,
  "power_min": 273.11,
  "power_std": 269.1217266632036,
  "seed": 42,
  "source_norm_path": "results/experimental_continuous_v1/norm_params/deepseek-r1-distill-8b_A100_tp4.json",
  "t_arrive_log_mean": 0.12174695024876248,
  "t_arrive_log_std": 0.3255258851098577
}