{
  "active_mean": 3.1873371025301735,
  "active_std": 3.9005453898465214,
  "auto_k": false,
  "config_id": "deepseek-r1-distill-70b_H100_tp8",
  "delta_A_mean": -0.0004011767852366943,
  "delta_A_std": 0.7219462179392923,
  "dt": 0.25,
  "feature_set": "f2",
  "hidden_dim": 64,
  "input_dim": 2,
  "k": 10,
  "k_selection_reason": "fixed",
  "num_layers": 1,
  "power_max": 3390.49,
  "power_mean": 2394.875499017603,
  "power_min": 934.6099999999999,
  "power_std": 882.8298466605688,
  "seed": 42,
  "source_norm_path": "results/experimental_continuous_v1/norm_params/deepseek-r1-distill-70b_H100_tp8.json",
  "t_arrive_log_mean": 0.11566214056533762,
  "t_arrive_log_std": 0.32949583505903723
}