{
  "active_mean": 5.456930747922438,
  "active_std": 6.663921376941639,
  "auto_k": false,
  "config_id": "deepseek-r1-distill-70b_A100_tp8",
  "delta_A_mean": -0.00039837992165194875,
  "delta_A_std": 0.7334939621232879,
  "dt": 0.25,
  "feature_set": "f2",
  "hidden_dim": 64,
  "input_dim": 2,
  "k": 10,
  "k_selection_reason": "fixed",
  "num_layers": 1,
  "power_max": 3198.4,
  "power_mean": 1742.368821495845,
  "power_min": 548.75,
  "power_std": 614.5077313451453,
  "seed": 42,
  "source_norm_path": "results/experimental_continuous_v1/norm_params/deepseek-r1-distill-70b_A100_tp8.json",
  "t_arrive_log_mean": 0.1149014189921276,
  "t_arrive_log_std": 0.32871486915708287
}