{
  "active_mean": 1.4105820580711754,
  "active_std": 1.8913003371560855,
  "auto_k": false,
  "config_id": "deepseek-r1-distill-8b_A100_tp8",
  "delta_A_mean": -0.0004042309506164522,
  "delta_A_std": 0.7177698925817326,
  "dt": 0.25,
  "feature_set": "f2",
  "hidden_dim": 64,
  "input_dim": 2,
  "k": 10,
  "k_selection_reason": "fixed",
  "num_layers": 1,
  "power_max": 1619.63,
  "power_mean": 1009.1708396535475,
  "power_min": 548.1600000000001,
  "power_std": 369.0390443971246,
  "seed": 42,
  "source_norm_path": "results/experimental_continuous_v1/norm_params/deepseek-r1-distill-8b_A100_tp8.json",
  "t_arrive_log_mean": 0.12174301576107073,
  "t_arrive_log_std": 0.3255126280849476
}