{
  "active_mean": 4.964922711058264,
  "active_std": 6.627608407039125,
  "config_id": "deepseek-r1-distill-70b_A100_tp8",
  "delta_A_mean": -0.0003965107057890563,
  "delta_A_std": 0.6776138984036442,
  "dt": 0.25,
  "feature_set": "f2",
  "hidden_dim": 64,
  "input_dim": 2,
  "k": 10,
  "num_layers": 1,
  "power_max": 3198.4,
  "power_mean": 1725.7408131853613,
  "power_min": 550.03,
  "power_std": 625.748626695281,
  "seed": 42,
  "source_norm_path": "results/experimental_continuous_v1/norm_params/deepseek-r1-distill-70b_A100_tp8.json",
  "t_arrive_log_mean": 0.7813842078023507,
  "t_arrive_log_std": 1.8068360241020571
}