{
  "active_mean": 2.7277114600661756,
  "active_std": 3.758099852958166,
  "auto_k": false,
  "config_id": "deepseek-r1-distill-8b_A100_tp1",
  "delta_A_mean": -0.00040321496733958766,
  "delta_A_std": 0.6528806366033172,
  "dt": 0.25,
  "feature_set": "f2",
  "hidden_dim": 64,
  "input_dim": 2,
  "k": 10,
  "k_selection_reason": "fixed",
  "num_layers": 1,
  "power_max": 450.67,
  "power_mean": 214.1018947772517,
  "power_min": 69.29,
  "power_std": 102.39245175027291,
  "seed": 42,
  "source_norm_path": "results/experimental_continuous_v1/norm_params/deepseek-r1-distill-8b_A100_tp1.json",
  "t_arrive_log_mean": 0.11139266287022379,
  "t_arrive_log_std": 0.3315078080351164
}