{
  "active_mean": 4.662308265871325,
  "active_std": 5.473539357753643,
  "auto_k": false,
  "config_id": "deepseek-r1-distill-70b_H100_tp4",
  "delta_A_mean": -0.00039929268153556554,
  "delta_A_std": 0.7273940653191648,
  "dt": 0.25,
  "feature_set": "f2",
  "hidden_dim": 64,
  "input_dim": 2,
  "k": 10,
  "k_selection_reason": "fixed",
  "num_layers": 1,
  "power_max": 2283.11,
  "power_mean": 1555.7127145025563,
  "power_min": 461.62,
  "power_std": 552.0994930800606,
  "seed": 42,
  "source_norm_path": "results/experimental_continuous_v1/norm_params/deepseek-r1-distill-70b_H100_tp4.json",
  "t_arrive_log_mean": 0.1152081762710471,
  "t_arrive_log_std": 0.3289207616124659
}