{
  "active_mean": 1.1983281366566558,
  "active_std": 1.6176257145328907,
  "config_id": "deepseek-r1-distill-8b_H100_tp2",
  "delta_A_mean": -0.0004018677281077771,
  "delta_A_std": 0.653448678009558,
  "dt": 0.25,
  "feature_set": "f2",
  "hidden_dim": 64,
  "input_dim": 2,
  "k": 10,
  "num_layers": 1,
  "power_max": 829.72,
  "power_mean": 522.9479834343975,
  "power_min": 138.68,
  "power_std": 240.06135161240144,
  "seed": 42,
  "source_norm_path": "results/experimental_continuous_v1/norm_params/deepseek-r1-distill-8b_H100_tp2.json",
  "t_arrive_log_mean": 0.9532789351192301,
  "t_arrive_log_std": 2.0074723146044544
}