{
  "active_mean": 3.1872301749602365,
  "active_std": 3.899460686536318,
  "auto_k": false,
  "config_id": "deepseek-r1-distill-70b_H100_tp8",
  "delta_A_mean": 0.0,
  "delta_A_std": 0.7267857690765455,
  "dt": 0.25,
  "feature_set": "f2",
  "hidden_dim": 64,
  "input_dim": 2,
  "k": 10,
  "k_selection_reason": "fixed",
  "num_layers": 1,
  "power_max": 3390.49,
  "power_mean": 2394.875499017603,
  "power_min": 934.6099999999999,
  "power_std": 882.8298466605688,
  "seed": 42,
  "source_norm_path": "results/experimental_continuous_v1/norm_params/deepseek-r1-distill-70b_H100_tp8.json",
  "t_arrive_log_mean": 0.11565084822934134,
  "t_arrive_log_std": 0.32948803182789105
}