{
  "active_mean": 0.9021785964345344,
  "active_std": 1.3425243032323035,
  "auto_k": false,
  "config_id": "deepseek-r1-distill-8b_H100_tp8",
  "delta_A_mean": -0.00040448399399052354,
  "delta_A_std": 0.7013640703942774,
  "dt": 0.25,
  "feature_set": "f2",
  "hidden_dim": 64,
  "input_dim": 2,
  "k": 10,
  "k_selection_reason": "fixed",
  "num_layers": 1,
  "power_max": 2135.92,
  "power_mean": 1449.291348225346,
  "power_min": 934.11,
  "power_std": 488.12399557308095,
  "seed": 42,
  "source_norm_path": "results/experimental_continuous_v1/norm_params/deepseek-r1-distill-8b_H100_tp8.json",
  "t_arrive_log_mean": 0.12191366988635632,
  "t_arrive_log_std": 0.3255206333272169
}