{
  "active_mean": 1.3747307195174494,
  "active_std": 1.843266097601085,
  "auto_k": false,
  "config_id": "deepseek-r1-distill-8b_H100_tp2",
  "delta_A_mean": -0.0004044372544488098,
  "delta_A_std": 0.720343164452651,
  "dt": 0.25,
  "feature_set": "f2",
  "hidden_dim": 64,
  "input_dim": 2,
  "k": 10,
  "k_selection_reason": "fixed",
  "num_layers": 1,
  "power_max": 832.8299999999999,
  "power_mean": 529.0919137763896,
  "power_min": 229.52,
  "power_std": 242.9380149663436,
  "seed": 42,
  "source_norm_path": "results/experimental_continuous_v1/norm_params/deepseek-r1-distill-8b_H100_tp2.json",
  "t_arrive_log_mean": 0.12182702022753573,
  "t_arrive_log_std": 0.3254935254685092
}