{
  "active_mean": 8.950255970821523,
  "active_std": 11.001401489220966,
  "auto_k": false,
  "config_id": "deepseek-r1-distill-70b_A100_tp4",
  "delta_A_mean": 0.0,
  "delta_A_std": 0.7455580153636103,
  "dt": 0.25,
  "feature_set": "f2",
  "hidden_dim": 64,
  "input_dim": 2,
  "k": 10,
  "k_selection_reason": "fixed",
  "num_layers": 1,
  "power_max": 1755.29,
  "power_mean": 1099.5589178915914,
  "power_min": 276.0,
  "power_std": 341.19309066302566,
  "seed": 42,
  "source_norm_path": "results/experimental_continuous_v1/norm_params/deepseek-r1-distill-70b_A100_tp4.json",
  "t_arrive_log_mean": 0.11398994072555636,
  "t_arrive_log_std": 0.32748183352486937
}