{
  "active_mean": 2.7469719507012327,
  "active_std": 3.6967279051071307,
  "config_id": "deepseek-r1-distill-8b_A100_tp1",
  "delta_A_mean": -0.00039858634708899105,
  "delta_A_std": 0.700092555393069,
  "dt": 0.25,
  "feature_set": "f2",
  "hidden_dim": 64,
  "input_dim": 2,
  "k": 10,
  "num_layers": 1,
  "power_max": 450.67,
  "power_mean": 219.11579134349768,
  "power_min": 59.58,
  "power_std": 100.13750743117102,
  "seed": 42,
  "source_norm_path": "results/experimental_continuous_v1/norm_params/deepseek-r1-distill-8b_A100_tp1.json",
  "t_arrive_log_mean": 0.9051116109982486,
  "t_arrive_log_std": 1.9781503476289588
}