{
  "active_mean": 1.7445129119353047,
  "active_std": 2.7166351153495087,
  "auto_k": false,
  "config_id": "gpt-oss-20b_A100_tp1",
  "delta_A_mean": 0.0,
  "delta_A_std": 0.7403483498399058,
  "dt": 0.25,
  "feature_set": "f2",
  "hidden_dim": 64,
  "input_dim": 2,
  "k": 10,
  "k_selection_reason": "fixed",
  "num_layers": 1,
  "power_max": 377.36,
  "power_mean": 178.0615868955806,
  "power_min": 0.0,
  "power_std": 104.38577551531635,
  "seed": 42,
  "source_norm_path": "results/experimental_continuous_v1/norm_params/gpt-oss-20b_A100_tp1.json",
  "t_arrive_log_mean": 0.12008040848917455,
  "t_arrive_log_std": 0.32325822053430836
}