{
  "active_mean": 1.4417012531194533,
  "active_std": 2.0121966509374696,
  "auto_k": false,
  "config_id": "gpt-oss-120b_A100_tp8",
  "delta_A_mean": 0.0,
  "delta_A_std": 0.748728421042969,
  "dt": 0.25,
  "feature_set": "f2",
  "hidden_dim": 64,
  "input_dim": 2,
  "k": 10,
  "k_selection_reason": "fixed",
  "num_layers": 1,
  "power_max": 2107.45,
  "power_mean": 928.5543933914297,
  "power_min": 513.46,
  "power_std": 351.2671018207653,
  "seed": 42,
  "source_norm_path": "results/experimental_continuous_v1/norm_params/gpt-oss-120b_A100_tp8.json",
  "t_arrive_log_mean": 0.12237986647642797,
  "t_arrive_log_std": 0.32198602251741504
}