{
  "active_mean": 1.213793287729799,
  "active_std": 1.8609659280599748,
  "auto_k": false,
  "config_id": "gpt-oss-20b_A100_tp2",
  "delta_A_mean": 0.0,
  "delta_A_std": 0.7434975187100548,
  "dt": 0.25,
  "feature_set": "f2",
  "hidden_dim": 64,
  "input_dim": 2,
  "k": 10,
  "k_selection_reason": "fixed",
  "num_layers": 1,
  "power_max": 691.0899999999999,
  "power_mean": 294.1688992357846,
  "power_min": 135.07999999999998,
  "power_std": 154.5516823422737,
  "seed": 42,
  "source_norm_path": "results/experimental_continuous_v1/norm_params/gpt-oss-20b_A100_tp2.json",
  "t_arrive_log_mean": 0.12236225020927805,
  "t_arrive_log_std": 0.3222420427929324
}