{
  "active_mean": 2.0252764193068256,
  "active_std": 1.944498258052436,
  "config_id": "llama-3-8b_A100_tp8",
  "delta_A_mean": -0.00039884070302321253,
  "delta_A_std": 0.7165673695696146,
  "dt": 0.25,
  "feature_set": "f2",
  "hidden_dim": 64,
  "input_dim": 2,
  "k": 10,
  "num_layers": 1,
  "power_max": 1601.6999999999998,
  "power_mean": 1104.859708297895,
  "power_min": 549.04,
  "power_std": 324.52431644100074,
  "seed": 42,
  "source_norm_path": "results/experimental_continuous_v1/norm_params/llama-3-8b_A100_tp8.json",
  "t_arrive_log_mean": 1.9491358045782465,
  "t_arrive_log_std": 2.4404271372804884
}