{
  "active_mean": 0.9219050954298722,
  "active_std": 1.368449280944027,
  "auto_k": false,
  "config_id": "llama-3-8b_H100_tp8",
  "delta_A_mean": -0.00040468665690279813,
  "delta_A_std": 0.7136049140620871,
  "dt": 0.25,
  "feature_set": "f2",
  "hidden_dim": 64,
  "input_dim": 2,
  "k": 10,
  "k_selection_reason": "fixed",
  "num_layers": 1,
  "power_max": 2156.25,
  "power_mean": 1462.4477678703718,
  "power_min": 940.06,
  "power_std": 485.65767663980205,
  "seed": 42,
  "source_norm_path": "results/experimental_continuous_v1/norm_params/llama-3-8b_H100_tp8.json",
  "t_arrive_log_mean": 0.1233356905112572,
  "t_arrive_log_std": 0.32349448621687105
}