{
  "active_mean": 1.300868062812635,
  "active_std": 1.795081897215477,
  "auto_k": false,
  "config_id": "llama-3-8b_H100_tp2",
  "delta_A_mean": -0.00040485010424890183,
  "delta_A_std": 0.6992704702389179,
  "dt": 0.25,
  "feature_set": "f2",
  "hidden_dim": 64,
  "input_dim": 2,
  "k": 10,
  "k_selection_reason": "fixed",
  "num_layers": 1,
  "power_max": 835.8299999999999,
  "power_mean": 524.5347641739469,
  "power_min": 235.33,
  "power_std": 243.502052191958,
  "seed": 42,
  "source_norm_path": "results/experimental_continuous_v1/norm_params/llama-3-8b_H100_tp2.json",
  "t_arrive_log_mean": 0.12135739364353225,
  "t_arrive_log_std": 0.32666189674279644
}