{
  "active_mean": 37.2858924395947,
  "active_std": 116.88258034947567,
  "config_id": "llama-3-8b_A100_tp1",
  "delta_A_mean": 0.0033472100584262116,
  "delta_A_std": 0.9231129593624591,
  "dt": 0.25,
  "feature_set": "f2",
  "hidden_dim": 64,
  "input_dim": 2,
  "k": 10,
  "num_layers": 1,
  "power_max": 498.28,
  "power_mean": 260.97670954493674,
  "power_min": 59.36,
  "power_std": 114.52371035523852,
  "seed": 42,
  "source_norm_path": "results/experimental_continuous_v1/norm_params/llama-3-8b_A100_tp1.json",
  "t_arrive_log_mean": 1.232313911814909,
  "t_arrive_log_std": 2.2866963641326055
}