{
  "active_mean": 9.762671976828385,
  "active_std": 21.33501782729309,
  "config_id": "llama-3-8b_H100_tp2",
  "delta_A_mean": -5.174978976647907e-05,
  "delta_A_std": 1.2033987373034691,
  "dt": 0.25,
  "feature_set": "f2",
  "hidden_dim": 64,
  "input_dim": 2,
  "k": 10,
  "num_layers": 1,
  "power_max": 1399.13,
  "power_mean": 637.4117088419365,
  "power_min": 188.07,
  "power_std": 303.5659283845639,
  "seed": 42,
  "source_norm_path": "results/experimental_continuous_v1/norm_params/llama-3-8b_H100_tp2.json",
  "t_arrive_log_mean": 1.8124105407889075,
  "t_arrive_log_std": 2.82019104851888
}