{
  "active_mean": 8.625214204740185,
  "active_std": 10.716801241537091,
  "auto_k": false,
  "config_id": "llama-3-70b_A100_tp4",
  "delta_A_mean": -0.00039473684210526315,
  "delta_A_std": 0.7527027965693754,
  "dt": 0.25,
  "feature_set": "f2",
  "hidden_dim": 64,
  "input_dim": 2,
  "k": 10,
  "k_selection_reason": "fixed",
  "num_layers": 1,
  "power_max": 1752.18,
  "power_mean": 1092.6888571353247,
  "power_min": 282.93,
  "power_std": 350.73147707725104,
  "seed": 42,
  "source_norm_path": "results/experimental_continuous_v1/norm_params/llama-3-70b_A100_tp4.json",
  "t_arrive_log_mean": 0.11503615720988856,
  "t_arrive_log_std": 0.32609703784799704
}