{
  "active_mean": 8.949918416758777,
  "active_std": 10.527030534849732,
  "auto_k": false,
  "config_id": "llama-3-405b_H100_tp8",
  "delta_A_mean": -0.00039416633819471815,
  "delta_A_std": 0.7734190096053009,
  "dt": 0.25,
  "feature_set": "f2",
  "hidden_dim": 64,
  "input_dim": 2,
  "k": 10,
  "k_selection_reason": "fixed",
  "num_layers": 1,
  "power_max": 5207.52,
  "power_mean": 3323.1240732406973,
  "power_min": 973.3299999999999,
  "power_std": 941.6467847241323,
  "seed": 42,
  "source_norm_path": "results/experimental_continuous_v1/norm_params/llama-3-405b_H100_tp8.json",
  "t_arrive_log_mean": 0.11640716726625663,
  "t_arrive_log_std": 0.3256628507568857
}