{
  "active_mean": 46.65755185445597,
  "active_std": 125.68476341146474,
  "config_id": "llama-3-70b_A100_tp4",
  "delta_A_mean": 0.01360708711613286,
  "delta_A_std": 0.9373984451019404,
  "dt": 0.25,
  "feature_set": "f2",
  "hidden_dim": 64,
  "input_dim": 2,
  "k": 10,
  "num_layers": 1,
  "power_max": 1769.38,
  "power_mean": 1187.5693509953417,
  "power_min": 255.57999999999998,
  "power_std": 329.02515352467003,
  "seed": 42,
  "source_norm_path": "results/experimental_continuous_v1/norm_params/llama-3-70b_A100_tp4.json",
  "t_arrive_log_mean": 1.1426065537349337,
  "t_arrive_log_std": 2.1919291430008507
}