{
  "active_mean": 28.11309235150023,
  "active_std": 111.64746790946073,
  "config_id": "llama-3-8b_A100_tp2",
  "delta_A_mean": 0.0017790495148046778,
  "delta_A_std": 1.026792794062608,
  "dt": 0.25,
  "feature_set": "f2",
  "hidden_dim": 64,
  "input_dim": 2,
  "k": 10,
  "num_layers": 1,
  "power_max": 887.85,
  "power_mean": 418.39656799840844,
  "power_min": 127.38,
  "power_std": 223.13569246802362,
  "seed": 42,
  "source_norm_path": "results/experimental_continuous_v1/norm_params/llama-3-8b_A100_tp2.json",
  "t_arrive_log_mean": 1.554352269347749,
  "t_arrive_log_std": 2.531540639027298
}