{
  "active_mean": 1.3039613203472251,
  "active_std": 1.798152006215721,
  "auto_k": false,
  "config_id": "llama-3-8b_H100_tp2",
  "delta_A_mean": 0.0,
  "delta_A_std": 0.701265159665344,
  "dt": 0.25,
  "feature_set": "f2",
  "hidden_dim": 64,
  "input_dim": 2,
  "k": 10,
  "k_selection_reason": "fixed",
  "num_layers": 1,
  "power_max": 835.8299999999999,
  "power_mean": 524.5347641739469,
  "power_min": 235.33,
  "power_std": 243.502052191958,
  "seed": 42,
  "source_norm_path": "results/experimental_continuous_v1/norm_params/llama-3-8b_H100_tp2.json",
  "t_arrive_log_mean": 0.12129061067565208,
  "t_arrive_log_std": 0.3266660843548248
}