{
  "active_mean": 5.237633907778295,
  "active_std": 6.419274630338907,
  "auto_k": false,
  "config_id": "llama-3-70b_A100_tp8",
  "delta_A_mean": 0.0,
  "delta_A_std": 0.7360677050257581,
  "dt": 0.25,
  "feature_set": "f2",
  "hidden_dim": 64,
  "input_dim": 2,
  "k": 10,
  "k_selection_reason": "fixed",
  "num_layers": 1,
  "power_max": 3266.35,
  "power_mean": 1667.9389586798854,
  "power_min": 530.6300000000001,
  "power_std": 599.0205362213892,
  "seed": 42,
  "source_norm_path": "results/experimental_continuous_v1/norm_params/llama-3-70b_A100_tp8.json",
  "t_arrive_log_mean": 0.11613899479272745,
  "t_arrive_log_std": 0.3275359334558795
}