{
  "active_mean": 8.949615769251013,
  "active_std": 10.52600218102531,
  "auto_k": false,
  "config_id": "llama-3-405b_H100_tp8",
  "delta_A_mean": 0.0,
  "delta_A_std": 0.7769904925346686,
  "dt": 0.25,
  "feature_set": "f2",
  "hidden_dim": 64,
  "input_dim": 2,
  "k": 10,
  "k_selection_reason": "fixed",
  "num_layers": 1,
  "power_max": 5207.52,
  "power_mean": 3323.1240732406973,
  "power_min": 973.3299999999999,
  "power_std": 941.6467847241323,
  "seed": 42,
  "source_norm_path": "results/experimental_continuous_v1/norm_params/llama-3-405b_H100_tp8.json",
  "t_arrive_log_mean": 0.11636407828094883,
  "t_arrive_log_std": 0.325669922099058
}