{
  "active_mean": 3.0660808858931152,
  "active_std": 3.779888220805156,
  "auto_k": false,
  "config_id": "llama-3-70b_H100_tp8",
  "delta_A_mean": -0.00040136080425060206,
  "delta_A_std": 0.7285412074711121,
  "dt": 0.25,
  "feature_set": "f2",
  "hidden_dim": 64,
  "input_dim": 2,
  "k": 10,
  "k_selection_reason": "fixed",
  "num_layers": 1,
  "power_max": 3430.0299999999997,
  "power_mean": 2381.491192692452,
  "power_min": 938.0799999999999,
  "power_std": 890.5168872921619,
  "seed": 42,
  "source_norm_path": "results/experimental_continuous_v1/norm_params/llama-3-70b_H100_tp8.json",
  "t_arrive_log_mean": 0.11675930497070615,
  "t_arrive_log_std": 0.32817691211620675
}