{
  "active_mean": 17.617569093318934,
  "active_std": 34.46148945367195,
  "config_id": "llama-3-8b_H100_tp1",
  "delta_A_mean": 0.002320669924608924,
  "delta_A_std": 1.108051697726155,
  "dt": 0.25,
  "feature_set": "f2",
  "hidden_dim": 64,
  "input_dim": 2,
  "k": 10,
  "num_layers": 1,
  "power_max": 704.19,
  "power_mean": 387.8335223786265,
  "power_min": 70.11,
  "power_std": 189.7028197008254,
  "seed": 42,
  "source_norm_path": "results/experimental_continuous_v1/norm_params/llama-3-8b_H100_tp1.json",
  "t_arrive_log_mean": 1.5046205592381274,
  "t_arrive_log_std": 2.698917943013683
}