{
  "config_id": "model=llama-3-8b|hardware=H100|tp=1|size_b=8",
  "variant": "AR-G-4",
  "features": [
    "p_prev",
    "active_requests",
    "log_t_arrive",
    "log_t_backlog"
  ],
  "output_mode": "gaussian",
  "drop_backlog": 0,
  "prefill_rate": 5962.875927915533,
  "decode_rate": 132.27397525170971,
  "dt": 0.25,
  "power_mean": 322.22124401014753,
  "power_std": 149.74281099215753,
  "active_mean": 2.0222117823921826,
  "active_std": 2.5032010403565454,
  "log_t_arrive_mean": 1.1510624279200201,
  "log_t_arrive_std": 2.1942577511107864,
  "log_t_backlog_mean": 3.7313316579844282,
  "log_t_backlog_std": 3.0423790513072366
}