{"epoch":1000,"val_acc":0.5825447438798601,"val_f1":0.35677269899443537,"_runtime":747,"val_transition_mae":0.7666309012875536,"lr":0.0004966244225921738,"train_loss":0.7350703111809233,"val_loss":1.3034797068685293,"val_autocorr_r2":0,"_step":999,"_wandb":{"runtime":747},"_timestamp":1.7609295604788709e+09}