tp,hidden_size,bidirectional,learning_rate,seed,final_train_loss,final_val_loss,final_val_acc,final_val_f1,best_val_f1,num_epochs,final_transition_mae,final_autocorr_r2
2,64,True,0.0002,42,1.0126240402460098,1.1300363540649414,0.6431289858053898,0.34402007864396883,0.3663194195907911,500,186.42648378732895,0.06764929336308079
