{"epoch":500,"val_loss":1.4781969785690308,"val_transition_mae":102.42219030100317,"lr":0,"val_autocorr_r2":0.8225535347535541,"train_loss":1.226090709368388,"_runtime":63,"val_acc":0.6470376465747788,"_step":499,"_timestamp":1.7609417165548053e+09,"val_f1":0.3382823803067388,"_wandb":{"runtime":63}}