{"train_loss":1.4461648762226105,"val_autocorr_r2":0.7336954985167363,"lr":0,"val_loss":1.3235582113265991,"epoch":500,"val_f1":0.4334906551863547,"val_transition_mae":66.86994295337489,"_runtime":52,"val_acc":0.5885515496521189,"_step":499,"_timestamp":1.7616096477500825e+09,"_wandb":{"runtime":52}}