{
  "config_id": "gpt-oss-20b_A100_tp2",
  "gmm_means": [
    115.40996837610022,
    136.36210439809898,
    144.99911061108375,
    168.00022187664882,
    285.45732508186427,
    370.0126893182348,
    414.8320416286698,
    456.75451919414473,
    508.47999746961864,
    542.8019267627851
  ],
  "min_run_length": 5,
  "num_ar1_states": 8,
  "num_iid_states": 2,
  "phi": [
    0.0,
    0.8913015617893002,
    0.7521160156969706,
    0.8989738793239372,
    0.0,
    0.6322669174257154,
    0.681182004194313,
    0.3867234796037384,
    0.5338563264424198,
    0.8572154650492743
  ],
  "phi_above_threshold": [
    false,
    true,
    true,
    true,
    false,
    true,
    true,
    true,
    true,
    true
  ],
  "phi_threshold": 0.3,
  "sigma_innov": [
    1.3644270556806857,
    0.2470754037460232,
    10.776739469586794,
    0.7118785947544894,
    41.910271711272415,
    4.387437666669554,
    3.1584830914517017,
    23.877465586820804,
    16.91754134369156,
    14.15691764750798
  ],
  "sigma_marginal": [
    1.3644270556806857,
    0.544925926225184,
    16.352408211830898,
    1.625285274692396,
    41.910271711272415,
    5.663032043123201,
    4.31419505154757,
    25.89197174536771,
    20.00713987117632,
    27.491407436920138
  ]
}