{
  "config_id": "gpt-oss-120b_A100_tp8",
  "gmm_means": [
    517.2184445254951,
    624.8750301280925,
    638.1421327306069,
    987.1714521355881,
    1068.0041634061129,
    1156.3951580309101,
    1224.2190198885364,
    1342.1245923531226,
    1480.5187518873495,
    1586.6647515527577
  ],
  "min_run_length": 5,
  "num_ar1_states": 9,
  "num_iid_states": 1,
  "phi": [
    0.8933865476939635,
    0.7802607570885698,
    0.8447440807315464,
    0.0,
    0.571198087753148,
    0.6097890881998231,
    0.3772734206946379,
    0.3978915870377429,
    0.4360719221117806,
    0.765204690674176
  ],
  "phi_above_threshold": [
    true,
    true,
    true,
    false,
    true,
    true,
    true,
    true,
    true,
    true
  ],
  "phi_threshold": 0.3,
  "sigma_innov": [
    0.6519808278413132,
    40.38612954188224,
    2.0664723823831292,
    134.28238817713034,
    5.4308489674920715,
    6.457649580955009,
    30.513907584591387,
    36.99811935605556,
    52.03433179308817,
    60.03452627727506
  ],
  "sigma_marginal": [
    1.4511395479601013,
    64.57086625081989,
    3.8613348011232356,
    134.28238817713034,
    6.616432671980705,
    8.147798501576684,
    32.948757506060424,
    40.327895196418424,
    57.82158962495061,
    93.25214781163713
  ]
}