{
  "config_id": "gpt-oss-20b_A100_tp1",
  "gmm_means": [
    58.58724282887133,
    67.90320576284972,
    83.20766049227076,
    148.2272929727553,
    236.3810452499665,
    240.41865846068922,
    268.4786525633131,
    291.7820029519745,
    317.0155672949509,
    330.0751273236562
  ],
  "min_run_length": 5,
  "num_ar1_states": 10,
  "num_iid_states": 0,
  "phi": [
    0.4480224631035316,
    0.8726798529332738,
    0.8007331898321702,
    0.99,
    0.513601074065993,
    0.6153617202744799,
    0.5282728001451559,
    0.39986820005060436,
    0.4335600541529402,
    0.584015969003789
  ],
  "phi_above_threshold": [
    true,
    true,
    true,
    true,
    true,
    true,
    true,
    true,
    true,
    true
  ],
  "phi_threshold": 0.3,
  "sigma_innov": [
    1.8295817700245802,
    0.17642113291217384,
    0.5838612460855132,
    8.559361047318804,
    2.303799411433547,
    2.4714156415922237,
    3.9185246366675104,
    6.63185280213317,
    6.978562768619354,
    6.7099360107817345
  ],
  "sigma_marginal": [
    2.0464610003763286,
    0.3613019218884697,
    0.9746921780032002,
    60.675701733247614,
    2.6849898342711587,
    3.1353400182212336,
    4.615052868750073,
    7.235490610247535,
    7.74428107914936,
    8.266092697955138
  ]
}