{
  "config_id": "gpt-oss-120b_A100_tp4",
  "gmm_means": [
    231.1049803738112,
    262.2506512200793,
    322.02257964849196,
    435.9451460930122,
    584.5799376587432,
    680.723567312615,
    735.4218261189609,
    840.8952916992092,
    967.8901649930499,
    1062.5775827162927
  ],
  "min_run_length": 5,
  "num_ar1_states": 5,
  "num_iid_states": 5,
  "phi": [
    0.0,
    0.09591007840331407,
    0.16041047978304893,
    0.0,
    0.0,
    0.5519447775682036,
    0.39575402074893645,
    0.34832957865796355,
    0.4982103702995104,
    0.8186250759456557
  ],
  "phi_above_threshold": [
    false,
    false,
    false,
    false,
    false,
    true,
    true,
    true,
    true,
    true
  ],
  "phi_threshold": 0.3,
  "sigma_innov": [
    3.0721138540540194,
    5.262953824430003,
    13.114844088083567,
    61.424987682573956,
    38.3126747653696,
    6.052856755731969,
    12.458523718375892,
    30.289963830871176,
    32.89031521420733,
    34.956565189773954
  ],
  "sigma_marginal": [
    3.0721138540540194,
    5.287328395690233,
    13.286904279070805,
    61.424987682573956,
    38.3126747653696,
    7.258660638027605,
    13.56610752394622,
    32.31370227012478,
    37.93331482496207,
    60.86512849964222
  ]
}