{"val_transition_mae":86.3918862052091,"_timestamp":1.7613404549385707e+09,"train_loss":1.4755947887897491,"val_acc":0.36738111185532485,"val_f1":0.3164744755350518,"lr":1.139303353571309e-05,"_step":389,"val_loss":1.4565629959106445,"_wandb":{"runtime":32},"val_autocorr_r2":0.9711393779407819,"_runtime":32,"epoch":390}