{"lr":0,"val_f1":0.37899973995059066,"_step":499,"val_autocorr_r2":0.803427594466814,"val_transition_mae":410.61552331080827,"train_loss":1.4802444279193878,"val_loss":1.3825502395629883,"_timestamp":1.7613678975196457e+09,"epoch":500,"_wandb":{"runtime":60},"val_acc":0.5241463414634147,"_runtime":60}