{"lr":0,"train_loss":1.135401114821434,"val_loss":1.230656623840332,"epoch":500,"val_f1":0.32803703508986665,"_runtime":57,"val_autocorr_r2":0,"_step":499,"_wandb":{"runtime":57},"val_acc":0.6103886168910648,"val_transition_mae":104.89124179816456,"_timestamp":1.7609427039661257e+09}