tp,hidden_size,bidirectional,learning_rate,seed,final_train_loss,final_val_loss,final_val_acc,final_val_f1,best_val_f1,num_epochs,final_transition_mae,final_autocorr_r2
2,64,True,0.0002,42,1.6248885095119476,2.003483533859253,0.3682410007658923,0.37203451212521615,0.37393449963460385,500,22.523321219338893,0.8873928483794679
