{"val_acc":0.4844181459566075,"lr":0,"_wandb":{"runtime":69},"val_loss":1.6097209453582764,"val_boundary_f1":0.09330453528968759,"val_autocorr_r2":0.03724890200215958,"val_ece":0.14469095760666173,"val_tolerance_power_acc":0.4844181459566075,"val_transition_mae":64.98820479554558,"train_loss":1.470050573348999,"epoch":500,"_step":499,"val_balanced_acc":0.3083852108109231,"_runtime":69,"val_f1":0.3016748117527685,"_timestamp":1.7617136790314193e+09}