timestamp,query.start,query.end,index,uuid,power.draw [W],clocks.sm [MHz],clocks.mem [MHz],utilization.gpu [%],utilization.memory [%],memory.used [MiB],temperature.gpu,pstate,power.limit [W],clocks_event_reasons.sw_power_cap,clocks_event_reasons.hw_slowdown,clocks_event_reasons.hw_thermal_slowdown,clocks_event_reasons.sw_thermal_slowdown
2026/07/25 10:23:37.681,2026/07/25 10:23:37.668,2026/07/25 10:23:37.694,0,GPU-c5d32af0-0857-3b36-6541-1a688a9ec165,86.47,1410,1593,0,0,73511,34,P0,500.00,Not Active,Not Active,Not Active,Not Active
2026/07/25 10:23:37.681,2026/07/25 10:23:37.668,2026/07/25 10:23:37.694,1,GPU-713d5b24-2a1e-fd4a-7685-c3d195ff9230,82.78,1410,1593,0,0,73511,31,P0,500.00,Not Active,Not Active,Not Active,Not Active
2026/07/25 10:23:37.933,2026/07/25 10:23:37.918,2026/07/25 10:23:37.948,0,GPU-c5d32af0-0857-3b36-6541-1a688a9ec165,86.38,1410,1593,0,0,73511,34,P0,500.00,Not Active,Not Active,Not Active,Not Active
2026/07/25 10:23:37.933,2026/07/25 10:23:37.918,2026/07/25 10:23:37.948,1,GPU-713d5b24-2a1e-fd4a-7685-c3d195ff9230,82.78,1410,1593,0,0,73511,31,P0,500.00,Not Active,Not Active,Not Active,Not Active
2026/07/25 10:23:38.183,2026/07/25 10:23:38.168,2026/07/25 10:23:38.197,0,GPU-c5d32af0-0857-3b36-6541-1a688a9ec165,86.71,1410,1593,0,0,73511,34,P0,500.00,Not Active,Not Active,Not Active,Not Active
2026/07/25 10:23:38.183,2026/07/25 10:23:38.168,2026/07/25 10:23:38.197,1,GPU-713d5b24-2a1e-fd4a-7685-c3d195ff9230,82.78,1410,1593,0,0,73511,31,P0,500.00,Not Active,Not Active,Not Active,Not Active
2026/07/25 10:23:38.433,2026/07/25 10:23:38.418,2026/07/25 10:23:38.448,0,GPU-c5d32af0-0857-3b36-6541-1a688a9ec165,86.38,1410,1593,0,0,73511,34,P0,500.00,Not Active,Not Active,Not Active,Not Active
2026/07/25 10:23:38.433,2026/07/25 10:23:38.418,2026/07/25 10:23:38.448,1,GPU-713d5b24-2a1e-fd4a-7685-c3d195ff9230,82.87,1410,1593,0,0,73511,31,P0,500.00,Not Active,Not Active,Not Active,Not Active
2026/07/25 10:23:38.682,2026/07/25 10:23:38.668,2026/07/25 10:23:38.695,0,GPU-c5d32af0-0857-3b36-6541-1a688a9ec165,86.38,1410,1593,0,0,73511,34,P0,500.00,Not Active,Not Active,Not Active,Not Active
2026/07/25 10:23:38.682,2026/07/25 10:23:38.668,2026/07/25 10:23:38.695,1,GPU-713d5b24-2a1e-fd4a-7685-c3d195ff9230,83.05,1410,1593,0,0,73511,31,P0,500.00,Not Active,Not Active,Not Active,Not Active
2026/07/25 10:23:38.933,2026/07/25 10:23:38.918,2026/07/25 10:23:38.949,0,GPU-c5d32af0-0857-3b36-6541-1a688a9ec165,86.47,1410,1593,0,0,73511,34,P0,500.00,Not Active,Not Active,Not Active,Not Active
2026/07/25 10:23:38.933,2026/07/25 10:23:38.918,2026/07/25 10:23:38.949,1,GPU-713d5b24-2a1e-fd4a-7685-c3d195ff9230,82.78,1410,1593,0,0,73511,31,P0,500.00,Not Active,Not Active,Not Active,Not Active
2026/07/25 10:23:39.183,2026/07/25 10:23:39.168,2026/07/25 10:23:39.198,0,GPU-c5d32af0-0857-3b36-6541-1a688a9ec165,86.79,1410,1593,0,0,73511,34,P0,500.00,Not Active,Not Active,Not Active,Not Active
2026/07/25 10:23:39.183,2026/07/25 10:23:39.168,2026/07/25 10:23:39.198,1,GPU-713d5b24-2a1e-fd4a-7685-c3d195ff9230,82.87,1410,1593,0,0,73511,31,P0,500.00,Not Active,Not Active,Not Active,Not Active
2026/07/25 10:23:39.432,2026/07/25 10:23:39.418,2026/07/25 10:23:39.446,0,GPU-c5d32af0-0857-3b36-6541-1a688a9ec165,86.38,1410,1593,0,0,73511,34,P0,500.00,Not Active,Not Active,Not Active,Not Active
2026/07/25 10:23:39.432,2026/07/25 10:23:39.418,2026/07/25 10:23:39.446,1,GPU-713d5b24-2a1e-fd4a-7685-c3d195ff9230,82.78,1410,1593,0,0,73511,31,P0,500.00,Not Active,Not Active,Not Active,Not Active
2026/07/25 10:23:39.682,2026/07/25 10:23:39.668,2026/07/25 10:23:39.696,0,GPU-c5d32af0-0857-3b36-6541-1a688a9ec165,86.47,1410,1593,0,0,73511,34,P0,500.00,Not Active,Not Active,Not Active,Not Active
2026/07/25 10:23:39.682,2026/07/25 10:23:39.668,2026/07/25 10:23:39.696,1,GPU-713d5b24-2a1e-fd4a-7685-c3d195ff9230,83.05,1410,1593,0,0,73511,31,P0,500.00,Not Active,Not Active,Not Active,Not Active
2026/07/25 10:23:39.933,2026/07/25 10:23:39.918,2026/07/25 10:23:39.949,0,GPU-c5d32af0-0857-3b36-6541-1a688a9ec165,86.38,1410,1593,0,0,73511,34,P0,500.00,Not Active,Not Active,Not Active,Not Active
2026/07/25 10:23:39.933,2026/07/25 10:23:39.918,2026/07/25 10:23:39.949,1,GPU-713d5b24-2a1e-fd4a-7685-c3d195ff9230,83.14,1410,1593,0,0,73511,31,P0,500.00,Not Active,Not Active,Not Active,Not Active
2026/07/25 10:23:40.183,2026/07/25 10:23:40.168,2026/07/25 10:23:40.198,0,GPU-c5d32af0-0857-3b36-6541-1a688a9ec165,86.79,1410,1593,0,0,73511,34,P0,500.00,Not Active,Not Active,Not Active,Not Active
2026/07/25 10:23:40.183,2026/07/25 10:23:40.168,2026/07/25 10:23:40.198,1,GPU-713d5b24-2a1e-fd4a-7685-c3d195ff9230,82.78,1410,1593,0,0,73511,31,P0,500.00,Not Active,Not Active,Not Active,Not Active
2026/07/25 10:23:40.432,2026/07/25 10:23:40.418,2026/07/25 10:23:40.446,0,GPU-c5d32af0-0857-3b36-6541-1a688a9ec165,86.71,1410,1593,0,0,73511,34,P0,500.00,Not Active,Not Active,Not Active,Not Active
2026/07/25 10:23:40.432,2026/07/25 10:23:40.418,2026/07/25 10:23:40.446,1,GPU-713d5b24-2a1e-fd4a-7685-c3d195ff9230,82.78,1410,1593,0,0,73511,31,P0,500.00,Not Active,Not Active,Not Active,Not Active
2026/07/25 10:23:40.682,2026/07/25 10:23:40.668,2026/07/25 10:23:40.696,0,GPU-c5d32af0-0857-3b36-6541-1a688a9ec165,86.47,1410,1593,0,0,73511,34,P0,500.00,Not Active,Not Active,Not Active,Not Active
2026/07/25 10:23:40.682,2026/07/25 10:23:40.668,2026/07/25 10:23:40.696,1,GPU-713d5b24-2a1e-fd4a-7685-c3d195ff9230,82.78,1410,1593,0,0,73511,31,P0,500.00,Not Active,Not Active,Not Active,Not Active
2026/07/25 10:23:40.933,2026/07/25 10:23:40.918,2026/07/25 10:23:40.947,0,GPU-c5d32af0-0857-3b36-6541-1a688a9ec165,86.47,1410,1593,0,0,73511,34,P0,500.00,Not Active,Not Active,Not Active,Not Active
2026/07/25 10:23:40.933,2026/07/25 10:23:40.918,2026/07/25 10:23:40.947,1,GPU-713d5b24-2a1e-fd4a-7685-c3d195ff9230,82.78,1410,1593,0,0,73511,31,P0,500.00,Not Active,Not Active,Not Active,Not Active
2026/07/25 10:23:41.183,2026/07/25 10:23:41.168,2026/07/25 10:23:41.197,0,GPU-c5d32af0-0857-3b36-6541-1a688a9ec165,86.79,1410,1593,0,0,73511,34,P0,500.00,Not Active,Not Active,Not Active,Not Active
2026/07/25 10:23:41.183,2026/07/25 10:23:41.168,2026/07/25 10:23:41.197,1,GPU-713d5b24-2a1e-fd4a-7685-c3d195ff9230,82.87,1410,1593,0,0,73511,31,P0,500.00,Not Active,Not Active,Not Active,Not Active
2026/07/25 10:23:41.432,2026/07/25 10:23:41.418,2026/07/25 10:23:41.447,0,GPU-c5d32af0-0857-3b36-6541-1a688a9ec165,86.79,1410,1593,0,0,73511,34,P0,500.00,Not Active,Not Active,Not Active,Not Active
2026/07/25 10:23:41.432,2026/07/25 10:23:41.418,2026/07/25 10:23:41.447,1,GPU-713d5b24-2a1e-fd4a-7685-c3d195ff9230,82.78,1410,1593,0,0,73511,31,P0,500.00,Not Active,Not Active,Not Active,Not Active
2026/07/25 10:23:41.682,2026/07/25 10:23:41.668,2026/07/25 10:23:41.697,0,GPU-c5d32af0-0857-3b36-6541-1a688a9ec165,86.79,1410,1593,0,0,73511,34,P0,500.00,Not Active,Not Active,Not Active,Not Active
2026/07/25 10:23:41.682,2026/07/25 10:23:41.668,2026/07/25 10:23:41.697,1,GPU-713d5b24-2a1e-fd4a-7685-c3d195ff9230,83.05,1410,1593,0,0,73511,31,P0,500.00,Not Active,Not Active,Not Active,Not Active
2026/07/25 10:23:41.933,2026/07/25 10:23:41.918,2026/07/25 10:23:41.948,0,GPU-c5d32af0-0857-3b36-6541-1a688a9ec165,86.38,1410,1593,0,0,73511,34,P0,500.00,Not Active,Not Active,Not Active,Not Active
2026/07/25 10:23:41.933,2026/07/25 10:23:41.918,2026/07/25 10:23:41.948,1,GPU-713d5b24-2a1e-fd4a-7685-c3d195ff9230,83.05,1410,1593,0,0,73511,31,P0,500.00,Not Active,Not Active,Not Active,Not Active
2026/07/25 10:23:42.182,2026/07/25 10:23:42.168,2026/07/25 10:23:42.196,0,GPU-c5d32af0-0857-3b36-6541-1a688a9ec165,86.79,1410,1593,0,0,73511,34,P0,500.00,Not Active,Not Active,Not Active,Not Active
2026/07/25 10:23:42.182,2026/07/25 10:23:42.168,2026/07/25 10:23:42.196,1,GPU-713d5b24-2a1e-fd4a-7685-c3d195ff9230,82.78,1410,1593,0,0,73511,31,P0,500.00,Not Active,Not Active,Not Active,Not Active
2026/07/25 10:23:42.433,2026/07/25 10:23:42.418,2026/07/25 10:23:42.449,0,GPU-c5d32af0-0857-3b36-6541-1a688a9ec165,86.79,1410,1593,0,0,73511,34,P0,500.00,Not Active,Not Active,Not Active,Not Active
2026/07/25 10:23:42.433,2026/07/25 10:23:42.418,2026/07/25 10:23:42.449,1,GPU-713d5b24-2a1e-fd4a-7685-c3d195ff9230,83.05,1410,1593,0,0,73511,31,P0,500.00,Not Active,Not Active,Not Active,Not Active
2026/07/25 10:23:42.682,2026/07/25 10:23:42.668,2026/07/25 10:23:42.696,0,GPU-c5d32af0-0857-3b36-6541-1a688a9ec165,86.38,1410,1593,0,0,73511,34,P0,500.00,Not Active,Not Active,Not Active,Not Active
2026/07/25 10:23:42.682,2026/07/25 10:23:42.668,2026/07/25 10:23:42.696,1,GPU-713d5b24-2a1e-fd4a-7685-c3d195ff9230,82.78,1410,1593,0,0,73511,31,P0,500.00,Not Active,Not Active,Not Active,Not Active
2026/07/25 10:23:42.932,2026/07/25 10:23:42.918,2026/07/25 10:23:42.946,0,GPU-c5d32af0-0857-3b36-6541-1a688a9ec165,86.47,1410,1593,0,0,73511,34,P0,500.00,Not Active,Not Active,Not Active,Not Active
2026/07/25 10:23:42.932,2026/07/25 10:23:42.918,2026/07/25 10:23:42.946,1,GPU-713d5b24-2a1e-fd4a-7685-c3d195ff9230,83.05,1410,1593,0,0,73511,31,P0,500.00,Not Active,Not Active,Not Active,Not Active
2026/07/25 10:23:43.182,2026/07/25 10:23:43.168,2026/07/25 10:23:43.196,0,GPU-c5d32af0-0857-3b36-6541-1a688a9ec165,86.79,1410,1593,0,0,73511,34,P0,500.00,Not Active,Not Active,Not Active,Not Active
2026/07/25 10:23:43.182,2026/07/25 10:23:43.168,2026/07/25 10:23:43.196,1,GPU-713d5b24-2a1e-fd4a-7685-c3d195ff9230,82.78,1410,1593,0,0,73511,31,P0,500.00,Not Active,Not Active,Not Active,Not Active
2026/07/25 10:23:43.433,2026/07/25 10:23:43.418,2026/07/25 10:23:43.449,0,GPU-c5d32af0-0857-3b36-6541-1a688a9ec165,87.12,1410,1593,0,0,73511,34,P0,500.00,Not Active,Not Active,Not Active,Not Active
2026/07/25 10:23:43.433,2026/07/25 10:23:43.418,2026/07/25 10:23:43.449,1,GPU-713d5b24-2a1e-fd4a-7685-c3d195ff9230,83.05,1410,1593,0,0,73511,31,P0,500.00,Not Active,Not Active,Not Active,Not Active
2026/07/25 10:23:43.684,2026/07/25 10:23:43.668,2026/07/25 10:23:43.700,0,GPU-c5d32af0-0857-3b36-6541-1a688a9ec165,86.38,1410,1593,0,0,73511,34,P0,500.00,Not Active,Not Active,Not Active,Not Active
2026/07/25 10:23:43.684,2026/07/25 10:23:43.668,2026/07/25 10:23:43.700,1,GPU-713d5b24-2a1e-fd4a-7685-c3d195ff9230,82.78,1410,1593,0,0,73511,31,P0,500.00,Not Active,Not Active,Not Active,Not Active
2026/07/25 10:23:43.931,2026/07/25 10:23:43.918,2026/07/25 10:23:43.945,0,GPU-c5d32af0-0857-3b36-6541-1a688a9ec165,86.79,1410,1593,0,0,73511,34,P0,500.00,Not Active,Not Active,Not Active,Not Active
2026/07/25 10:23:43.931,2026/07/25 10:23:43.918,2026/07/25 10:23:43.945,1,GPU-713d5b24-2a1e-fd4a-7685-c3d195ff9230,83.05,1410,1593,0,0,73511,31,P0,500.00,Not Active,Not Active,Not Active,Not Active
2026/07/25 10:23:44.183,2026/07/25 10:23:44.168,2026/07/25 10:23:44.198,0,GPU-c5d32af0-0857-3b36-6541-1a688a9ec165,86.47,1410,1593,0,0,73511,34,P0,500.00,Not Active,Not Active,Not Active,Not Active
2026/07/25 10:23:44.183,2026/07/25 10:23:44.168,2026/07/25 10:23:44.198,1,GPU-713d5b24-2a1e-fd4a-7685-c3d195ff9230,83.05,1410,1593,0,0,73511,31,P0,500.00,Not Active,Not Active,Not Active,Not Active
2026/07/25 10:23:44.433,2026/07/25 10:23:44.418,2026/07/25 10:23:44.448,0,GPU-c5d32af0-0857-3b36-6541-1a688a9ec165,86.47,1410,1593,0,0,73511,34,P0,500.00,Not Active,Not Active,Not Active,Not Active
2026/07/25 10:23:44.433,2026/07/25 10:23:44.418,2026/07/25 10:23:44.448,1,GPU-713d5b24-2a1e-fd4a-7685-c3d195ff9230,82.87,1410,1593,0,0,73511,31,P0,500.00,Not Active,Not Active,Not Active,Not Active
2026/07/25 10:23:44.682,2026/07/25 10:23:44.668,2026/07/25 10:23:44.697,0,GPU-c5d32af0-0857-3b36-6541-1a688a9ec165,86.71,1410,1593,0,0,73511,34,P0,500.00,Not Active,Not Active,Not Active,Not Active
2026/07/25 10:23:44.682,2026/07/25 10:23:44.668,2026/07/25 10:23:44.697,1,GPU-713d5b24-2a1e-fd4a-7685-c3d195ff9230,82.78,1410,1593,0,0,73511,31,P0,500.00,Not Active,Not Active,Not Active,Not Active
2026/07/25 10:23:44.932,2026/07/25 10:23:44.918,2026/07/25 10:23:44.946,0,GPU-c5d32af0-0857-3b36-6541-1a688a9ec165,86.47,1410,1593,0,0,73511,34,P0,500.00,Not Active,Not Active,Not Active,Not Active
2026/07/25 10:23:44.932,2026/07/25 10:23:44.918,2026/07/25 10:23:44.946,1,GPU-713d5b24-2a1e-fd4a-7685-c3d195ff9230,82.78,1410,1593,0,0,73511,31,P0,500.00,Not Active,Not Active,Not Active,Not Active
2026/07/25 10:23:45.183,2026/07/25 10:23:45.168,2026/07/25 10:23:45.198,0,GPU-c5d32af0-0857-3b36-6541-1a688a9ec165,86.79,1410,1593,0,0,73511,34,P0,500.00,Not Active,Not Active,Not Active,Not Active
2026/07/25 10:23:45.183,2026/07/25 10:23:45.168,2026/07/25 10:23:45.198,1,GPU-713d5b24-2a1e-fd4a-7685-c3d195ff9230,83.05,1410,1593,0,0,73511,31,P0,500.00,Not Active,Not Active,Not Active,Not Active
2026/07/25 10:23:45.433,2026/07/25 10:23:45.418,2026/07/25 10:23:45.447,0,GPU-c5d32af0-0857-3b36-6541-1a688a9ec165,86.38,1410,1593,0,0,73511,34,P0,500.00,Not Active,Not Active,Not Active,Not Active
2026/07/25 10:23:45.433,2026/07/25 10:23:45.418,2026/07/25 10:23:45.447,1,GPU-713d5b24-2a1e-fd4a-7685-c3d195ff9230,83.05,1410,1593,0,0,73511,31,P0,500.00,Not Active,Not Active,Not Active,Not Active
2026/07/25 10:23:45.682,2026/07/25 10:23:45.668,2026/07/25 10:23:45.696,0,GPU-c5d32af0-0857-3b36-6541-1a688a9ec165,86.71,1410,1593,0,0,73511,34,P0,500.00,Not Active,Not Active,Not Active,Not Active
2026/07/25 10:23:45.682,2026/07/25 10:23:45.668,2026/07/25 10:23:45.696,1,GPU-713d5b24-2a1e-fd4a-7685-c3d195ff9230,83.05,1410,1593,0,0,73511,31,P0,500.00,Not Active,Not Active,Not Active,Not Active
2026/07/25 10:23:45.931,2026/07/25 10:23:45.918,2026/07/25 10:23:45.944,0,GPU-c5d32af0-0857-3b36-6541-1a688a9ec165,86.47,1410,1593,0,0,73511,34,P0,500.00,Not Active,Not Active,Not Active,Not Active
2026/07/25 10:23:45.931,2026/07/25 10:23:45.918,2026/07/25 10:23:45.944,1,GPU-713d5b24-2a1e-fd4a-7685-c3d195ff9230,83.14,1410,1593,0,0,73511,31,P0,500.00,Not Active,Not Active,Not Active,Not Active
2026/07/25 10:23:46.183,2026/07/25 10:23:46.168,2026/07/25 10:23:46.198,0,GPU-c5d32af0-0857-3b36-6541-1a688a9ec165,86.71,1410,1593,0,0,73511,34,P0,500.00,Not Active,Not Active,Not Active,Not Active
2026/07/25 10:23:46.183,2026/07/25 10:23:46.168,2026/07/25 10:23:46.198,1,GPU-713d5b24-2a1e-fd4a-7685-c3d195ff9230,83.05,1410,1593,0,0,73511,31,P0,500.00,Not Active,Not Active,Not Active,Not Active
2026/07/25 10:23:46.435,2026/07/25 10:23:46.418,2026/07/25 10:23:46.452,0,GPU-c5d32af0-0857-3b36-6541-1a688a9ec165,86.47,1410,1593,0,0,73511,34,P0,500.00,Not Active,Not Active,Not Active,Not Active
2026/07/25 10:23:46.435,2026/07/25 10:23:46.418,2026/07/25 10:23:46.452,1,GPU-713d5b24-2a1e-fd4a-7685-c3d195ff9230,82.78,1410,1593,0,0,73511,31,P0,500.00,Not Active,Not Active,Not Active,Not Active
2026/07/25 10:23:46.683,2026/07/25 10:23:46.668,2026/07/25 10:23:46.697,0,GPU-c5d32af0-0857-3b36-6541-1a688a9ec165,86.38,1410,1593,0,0,73511,34,P0,500.00,Not Active,Not Active,Not Active,Not Active
2026/07/25 10:23:46.683,2026/07/25 10:23:46.668,2026/07/25 10:23:46.697,1,GPU-713d5b24-2a1e-fd4a-7685-c3d195ff9230,82.78,1410,1593,0,0,73511,31,P0,500.00,Not Active,Not Active,Not Active,Not Active
2026/07/25 10:23:46.932,2026/07/25 10:23:46.918,2026/07/25 10:23:46.945,0,GPU-c5d32af0-0857-3b36-6541-1a688a9ec165,86.71,1410,1593,0,0,73511,34,P0,500.00,Not Active,Not Active,Not Active,Not Active
2026/07/25 10:23:46.932,2026/07/25 10:23:46.918,2026/07/25 10:23:46.945,1,GPU-713d5b24-2a1e-fd4a-7685-c3d195ff9230,82.87,1410,1593,0,0,73511,31,P0,500.00,Not Active,Not Active,Not Active,Not Active
2026/07/25 10:23:47.182,2026/07/25 10:23:47.168,2026/07/25 10:23:47.196,0,GPU-c5d32af0-0857-3b36-6541-1a688a9ec165,86.47,1410,1593,0,0,73511,34,P0,500.00,Not Active,Not Active,Not Active,Not Active
2026/07/25 10:23:47.182,2026/07/25 10:23:47.168,2026/07/25 10:23:47.196,1,GPU-713d5b24-2a1e-fd4a-7685-c3d195ff9230,83.14,1410,1593,0,0,73511,31,P0,500.00,Not Active,Not Active,Not Active,Not Active
2026/07/25 10:23:47.436,2026/07/25 10:23:47.418,2026/07/25 10:23:47.454,0,GPU-c5d32af0-0857-3b36-6541-1a688a9ec165,86.71,1410,1593,0,0,73511,34,P0,500.00,Not Active,Not Active,Not Active,Not Active
2026/07/25 10:23:47.436,2026/07/25 10:23:47.418,2026/07/25 10:23:47.454,1,GPU-713d5b24-2a1e-fd4a-7685-c3d195ff9230,83.46,1410,1593,0,0,73511,31,P0,500.00,Not Active,Not Active,Not Active,Not Active
2026/07/25 10:23:47.683,2026/07/25 10:23:47.668,2026/07/25 10:23:47.698,0,GPU-c5d32af0-0857-3b36-6541-1a688a9ec165,86.71,1410,1593,0,0,73511,34,P0,500.00,Not Active,Not Active,Not Active,Not Active
2026/07/25 10:23:47.683,2026/07/25 10:23:47.668,2026/07/25 10:23:47.698,1,GPU-713d5b24-2a1e-fd4a-7685-c3d195ff9230,82.87,1410,1593,0,0,73511,31,P0,500.00,Not Active,Not Active,Not Active,Not Active
2026/07/25 10:23:47.934,2026/07/25 10:23:47.918,2026/07/25 10:23:47.950,0,GPU-c5d32af0-0857-3b36-6541-1a688a9ec165,86.47,1410,1593,0,0,73511,34,P0,500.00,Not Active,Not Active,Not Active,Not Active
2026/07/25 10:23:47.934,2026/07/25 10:23:47.918,2026/07/25 10:23:47.950,1,GPU-713d5b24-2a1e-fd4a-7685-c3d195ff9230,82.78,1410,1593,0,0,73511,31,P0,500.00,Not Active,Not Active,Not Active,Not Active
2026/07/25 10:23:48.182,2026/07/25 10:23:48.168,2026/07/25 10:23:48.195,0,GPU-c5d32af0-0857-3b36-6541-1a688a9ec165,86.47,1410,1593,0,0,73511,34,P0,500.00,Not Active,Not Active,Not Active,Not Active
2026/07/25 10:23:48.182,2026/07/25 10:23:48.168,2026/07/25 10:23:48.195,1,GPU-713d5b24-2a1e-fd4a-7685-c3d195ff9230,83.05,1410,1593,0,0,73511,31,P0,500.00,Not Active,Not Active,Not Active,Not Active
2026/07/25 10:23:48.433,2026/07/25 10:23:48.418,2026/07/25 10:23:48.447,0,GPU-c5d32af0-0857-3b36-6541-1a688a9ec165,86.79,1410,1593,0,0,73511,34,P0,500.00,Not Active,Not Active,Not Active,Not Active
2026/07/25 10:23:48.433,2026/07/25 10:23:48.418,2026/07/25 10:23:48.447,1,GPU-713d5b24-2a1e-fd4a-7685-c3d195ff9230,83.05,1410,1593,0,0,73511,31,P0,500.00,Not Active,Not Active,Not Active,Not Active
2026/07/25 10:23:48.684,2026/07/25 10:23:48.668,2026/07/25 10:23:48.700,0,GPU-c5d32af0-0857-3b36-6541-1a688a9ec165,86.71,1410,1593,0,0,73511,34,P0,500.00,Not Active,Not Active,Not Active,Not Active
2026/07/25 10:23:48.684,2026/07/25 10:23:48.668,2026/07/25 10:23:48.700,1,GPU-713d5b24-2a1e-fd4a-7685-c3d195ff9230,83.05,1410,1593,0,0,73511,31,P0,500.00,Not Active,Not Active,Not Active,Not Active
2026/07/25 10:23:48.931,2026/07/25 10:23:48.918,2026/07/25 10:23:48.944,0,GPU-c5d32af0-0857-3b36-6541-1a688a9ec165,86.71,1410,1593,0,0,73511,34,P0,500.00,Not Active,Not Active,Not Active,Not Active
2026/07/25 10:23:48.931,2026/07/25 10:23:48.918,2026/07/25 10:23:48.944,1,GPU-713d5b24-2a1e-fd4a-7685-c3d195ff9230,83.05,1410,1593,0,0,73511,31,P0,500.00,Not Active,Not Active,Not Active,Not Active
2026/07/25 10:23:49.183,2026/07/25 10:23:49.168,2026/07/25 10:23:49.197,0,GPU-c5d32af0-0857-3b36-6541-1a688a9ec165,86.79,1410,1593,0,0,73511,34,P0,500.00,Not Active,Not Active,Not Active,Not Active
2026/07/25 10:23:49.183,2026/07/25 10:23:49.168,2026/07/25 10:23:49.197,1,GPU-713d5b24-2a1e-fd4a-7685-c3d195ff9230,82.87,1410,1593,0,0,73511,31,P0,500.00,Not Active,Not Active,Not Active,Not Active
2026/07/25 10:23:49.432,2026/07/25 10:23:49.418,2026/07/25 10:23:49.446,0,GPU-c5d32af0-0857-3b36-6541-1a688a9ec165,86.47,1410,1593,0,0,73511,33,P0,500.00,Not Active,Not Active,Not Active,Not Active
2026/07/25 10:23:49.432,2026/07/25 10:23:49.418,2026/07/25 10:23:49.446,1,GPU-713d5b24-2a1e-fd4a-7685-c3d195ff9230,82.87,1410,1593,0,0,73511,31,P0,500.00,Not Active,Not Active,Not Active,Not Active
2026/07/25 10:23:49.684,2026/07/25 10:23:49.668,2026/07/25 10:23:49.701,0,GPU-c5d32af0-0857-3b36-6541-1a688a9ec165,86.38,1410,1593,0,0,73511,34,P0,500.00,Not Active,Not Active,Not Active,Not Active
2026/07/25 10:23:49.684,2026/07/25 10:23:49.668,2026/07/25 10:23:49.701,1,GPU-713d5b24-2a1e-fd4a-7685-c3d195ff9230,83.05,1410,1593,0,0,73511,31,P0,500.00,Not Active,Not Active,Not Active,Not Active
2026/07/25 10:23:49.933,2026/07/25 10:23:49.918,2026/07/25 10:23:49.947,0,GPU-c5d32af0-0857-3b36-6541-1a688a9ec165,86.38,1410,1593,0,0,73511,33,P0,500.00,Not Active,Not Active,Not Active,Not Active
2026/07/25 10:23:49.933,2026/07/25 10:23:49.918,2026/07/25 10:23:49.947,1,GPU-713d5b24-2a1e-fd4a-7685-c3d195ff9230,83.05,1410,1593,0,0,73511,31,P0,500.00,Not Active,Not Active,Not Active,Not Active
2026/07/25 10:23:50.181,2026/07/25 10:23:50.168,2026/07/25 10:23:50.195,0,GPU-c5d32af0-0857-3b36-6541-1a688a9ec165,86.71,1410,1593,0,0,73511,34,P0,500.00,Not Active,Not Active,Not Active,Not Active
2026/07/25 10:23:50.181,2026/07/25 10:23:50.168,2026/07/25 10:23:50.195,1,GPU-713d5b24-2a1e-fd4a-7685-c3d195ff9230,82.78,1410,1593,0,0,73511,31,P0,500.00,Not Active,Not Active,Not Active,Not Active
2026/07/25 10:23:50.431,2026/07/25 10:23:50.418,2026/07/25 10:23:50.444,0,GPU-c5d32af0-0857-3b36-6541-1a688a9ec165,86.47,1410,1593,0,0,73511,34,P0,500.00,Not Active,Not Active,Not Active,Not Active
2026/07/25 10:23:50.431,2026/07/25 10:23:50.418,2026/07/25 10:23:50.444,1,GPU-713d5b24-2a1e-fd4a-7685-c3d195ff9230,82.78,1410,1593,0,0,73511,31,P0,500.00,Not Active,Not Active,Not Active,Not Active
2026/07/25 10:23:50.683,2026/07/25 10:23:50.668,2026/07/25 10:23:50.697,0,GPU-c5d32af0-0857-3b36-6541-1a688a9ec165,86.71,1410,1593,0,0,73511,33,P0,500.00,Not Active,Not Active,Not Active,Not Active
2026/07/25 10:23:50.683,2026/07/25 10:23:50.668,2026/07/25 10:23:50.697,1,GPU-713d5b24-2a1e-fd4a-7685-c3d195ff9230,83.14,1410,1593,0,0,73511,31,P0,500.00,Not Active,Not Active,Not Active,Not Active
2026/07/25 10:23:50.932,2026/07/25 10:23:50.918,2026/07/25 10:23:50.946,0,GPU-c5d32af0-0857-3b36-6541-1a688a9ec165,86.79,1410,1593,0,0,73511,33,P0,500.00,Not Active,Not Active,Not Active,Not Active
2026/07/25 10:23:50.932,2026/07/25 10:23:50.918,2026/07/25 10:23:50.946,1,GPU-713d5b24-2a1e-fd4a-7685-c3d195ff9230,83.14,1410,1593,0,0,73511,31,P0,500.00,Not Active,Not Active,Not Active,Not Active
2026/07/25 10:23:51.181,2026/07/25 10:23:51.168,2026/07/25 10:23:51.195,0,GPU-c5d32af0-0857-3b36-6541-1a688a9ec165,87.03,1410,1593,0,0,73511,33,P0,500.00,Not Active,Not Active,Not Active,Not Active
2026/07/25 10:23:51.181,2026/07/25 10:23:51.168,2026/07/25 10:23:51.195,1,GPU-713d5b24-2a1e-fd4a-7685-c3d195ff9230,83.05,1410,1593,0,0,73511,31,P0,500.00,Not Active,Not Active,Not Active,Not Active
2026/07/25 10:23:51.432,2026/07/25 10:23:51.418,2026/07/25 10:23:51.445,0,GPU-c5d32af0-0857-3b36-6541-1a688a9ec165,86.47,1410,1593,0,0,73511,33,P0,500.00,Not Active,Not Active,Not Active,Not Active
2026/07/25 10:23:51.432,2026/07/25 10:23:51.418,2026/07/25 10:23:51.445,1,GPU-713d5b24-2a1e-fd4a-7685-c3d195ff9230,82.87,1410,1593,0,0,73511,31,P0,500.00,Not Active,Not Active,Not Active,Not Active
2026/07/25 10:23:51.681,2026/07/25 10:23:51.668,2026/07/25 10:23:51.694,0,GPU-c5d32af0-0857-3b36-6541-1a688a9ec165,86.47,1410,1593,0,0,73511,33,P0,500.00,Not Active,Not Active,Not Active,Not Active
2026/07/25 10:23:51.681,2026/07/25 10:23:51.668,2026/07/25 10:23:51.694,1,GPU-713d5b24-2a1e-fd4a-7685-c3d195ff9230,83.14,1410,1593,0,0,73511,31,P0,500.00,Not Active,Not Active,Not Active,Not Active
2026/07/25 10:23:51.932,2026/07/25 10:23:51.918,2026/07/25 10:23:51.946,0,GPU-c5d32af0-0857-3b36-6541-1a688a9ec165,86.47,1410,1593,0,0,73511,33,P0,500.00,Not Active,Not Active,Not Active,Not Active
2026/07/25 10:23:51.932,2026/07/25 10:23:51.918,2026/07/25 10:23:51.946,1,GPU-713d5b24-2a1e-fd4a-7685-c3d195ff9230,83.14,1410,1593,0,0,73511,31,P0,500.00,Not Active,Not Active,Not Active,Not Active
2026/07/25 10:23:52.181,2026/07/25 10:23:52.168,2026/07/25 10:23:52.195,0,GPU-c5d32af0-0857-3b36-6541-1a688a9ec165,86.38,1410,1593,0,0,73511,33,P0,500.00,Not Active,Not Active,Not Active,Not Active
2026/07/25 10:23:52.181,2026/07/25 10:23:52.168,2026/07/25 10:23:52.195,1,GPU-713d5b24-2a1e-fd4a-7685-c3d195ff9230,83.38,1410,1593,0,0,73511,31,P0,500.00,Not Active,Not Active,Not Active,Not Active
2026/07/25 10:23:52.433,2026/07/25 10:23:52.418,2026/07/25 10:23:52.448,0,GPU-c5d32af0-0857-3b36-6541-1a688a9ec165,86.47,1410,1593,0,0,73511,33,P0,500.00,Not Active,Not Active,Not Active,Not Active
2026/07/25 10:23:52.433,2026/07/25 10:23:52.418,2026/07/25 10:23:52.448,1,GPU-713d5b24-2a1e-fd4a-7685-c3d195ff9230,83.05,1410,1593,0,0,73511,31,P0,500.00,Not Active,Not Active,Not Active,Not Active
2026/07/25 10:23:52.682,2026/07/25 10:23:52.668,2026/07/25 10:23:52.696,0,GPU-c5d32af0-0857-3b36-6541-1a688a9ec165,86.38,1410,1593,0,0,73511,33,P0,500.00,Not Active,Not Active,Not Active,Not Active
2026/07/25 10:23:52.682,2026/07/25 10:23:52.668,2026/07/25 10:23:52.696,1,GPU-713d5b24-2a1e-fd4a-7685-c3d195ff9230,83.05,1410,1593,0,0,73511,31,P0,500.00,Not Active,Not Active,Not Active,Not Active
2026/07/25 10:23:52.931,2026/07/25 10:23:52.918,2026/07/25 10:23:52.945,0,GPU-c5d32af0-0857-3b36-6541-1a688a9ec165,86.38,1410,1593,0,0,73511,33,P0,500.00,Not Active,Not Active,Not Active,Not Active
2026/07/25 10:23:52.931,2026/07/25 10:23:52.918,2026/07/25 10:23:52.945,1,GPU-713d5b24-2a1e-fd4a-7685-c3d195ff9230,83.66,1410,1593,0,0,73511,31,P0,500.00,Not Active,Not Active,Not Active,Not Active
2026/07/25 10:23:53.181,2026/07/25 10:23:53.168,2026/07/25 10:23:53.195,0,GPU-c5d32af0-0857-3b36-6541-1a688a9ec165,86.38,1410,1593,0,0,73511,33,P0,500.00,Not Active,Not Active,Not Active,Not Active
2026/07/25 10:23:53.181,2026/07/25 10:23:53.168,2026/07/25 10:23:53.195,1,GPU-713d5b24-2a1e-fd4a-7685-c3d195ff9230,82.78,1410,1593,0,0,73511,31,P0,500.00,Not Active,Not Active,Not Active,Not Active
2026/07/25 10:23:53.433,2026/07/25 10:23:53.418,2026/07/25 10:23:53.448,0,GPU-c5d32af0-0857-3b36-6541-1a688a9ec165,86.47,1410,1593,0,0,73511,33,P0,500.00,Not Active,Not Active,Not Active,Not Active
2026/07/25 10:23:53.433,2026/07/25 10:23:53.418,2026/07/25 10:23:53.448,1,GPU-713d5b24-2a1e-fd4a-7685-c3d195ff9230,82.78,1410,1593,0,0,73511,31,P0,500.00,Not Active,Not Active,Not Active,Not Active
2026/07/25 10:23:53.683,2026/07/25 10:23:53.668,2026/07/25 10:23:53.699,0,GPU-c5d32af0-0857-3b36-6541-1a688a9ec165,86.47,1410,1593,0,0,73511,33,P0,500.00,Not Active,Not Active,Not Active,Not Active
2026/07/25 10:23:53.683,2026/07/25 10:23:53.668,2026/07/25 10:23:53.699,1,GPU-713d5b24-2a1e-fd4a-7685-c3d195ff9230,83.05,1410,1593,0,0,73511,31,P0,500.00,Not Active,Not Active,Not Active,Not Active
2026/07/25 10:23:53.932,2026/07/25 10:23:53.918,2026/07/25 10:23:53.946,0,GPU-c5d32af0-0857-3b36-6541-1a688a9ec165,86.47,1410,1593,0,0,73511,33,P0,500.00,Not Active,Not Active,Not Active,Not Active
2026/07/25 10:23:53.932,2026/07/25 10:23:53.918,2026/07/25 10:23:53.946,1,GPU-713d5b24-2a1e-fd4a-7685-c3d195ff9230,83.05,1410,1593,0,0,73511,31,P0,500.00,Not Active,Not Active,Not Active,Not Active
2026/07/25 10:23:54.182,2026/07/25 10:23:54.168,2026/07/25 10:23:54.197,0,GPU-c5d32af0-0857-3b36-6541-1a688a9ec165,86.79,1410,1593,0,0,73511,33,P0,500.00,Not Active,Not Active,Not Active,Not Active
2026/07/25 10:23:54.182,2026/07/25 10:23:54.168,2026/07/25 10:23:54.197,1,GPU-713d5b24-2a1e-fd4a-7685-c3d195ff9230,83.05,1410,1593,0,0,73511,31,P0,500.00,Not Active,Not Active,Not Active,Not Active
2026/07/25 10:23:54.433,2026/07/25 10:23:54.418,2026/07/25 10:23:54.448,0,GPU-c5d32af0-0857-3b36-6541-1a688a9ec165,86.47,1410,1593,0,0,73511,33,P0,500.00,Not Active,Not Active,Not Active,Not Active
2026/07/25 10:23:54.433,2026/07/25 10:23:54.418,2026/07/25 10:23:54.448,1,GPU-713d5b24-2a1e-fd4a-7685-c3d195ff9230,83.05,1410,1593,0,0,73511,31,P0,500.00,Not Active,Not Active,Not Active,Not Active
2026/07/25 10:23:54.685,2026/07/25 10:23:54.668,2026/07/25 10:23:54.702,0,GPU-c5d32af0-0857-3b36-6541-1a688a9ec165,86.38,1410,1593,0,0,73511,33,P0,500.00,Not Active,Not Active,Not Active,Not Active
2026/07/25 10:23:54.685,2026/07/25 10:23:54.668,2026/07/25 10:23:54.702,1,GPU-713d5b24-2a1e-fd4a-7685-c3d195ff9230,82.78,1410,1593,0,0,73511,31,P0,500.00,Not Active,Not Active,Not Active,Not Active
2026/07/25 10:23:54.932,2026/07/25 10:23:54.918,2026/07/25 10:23:54.947,0,GPU-c5d32af0-0857-3b36-6541-1a688a9ec165,86.79,1410,1593,0,0,73511,33,P0,500.00,Not Active,Not Active,Not Active,Not Active
2026/07/25 10:23:54.932,2026/07/25 10:23:54.918,2026/07/25 10:23:54.947,1,GPU-713d5b24-2a1e-fd4a-7685-c3d195ff9230,82.78,1410,1593,0,0,73511,31,P0,500.00,Not Active,Not Active,Not Active,Not Active
2026/07/25 10:23:55.184,2026/07/25 10:23:55.168,2026/07/25 10:23:55.199,0,GPU-c5d32af0-0857-3b36-6541-1a688a9ec165,86.79,1410,1593,0,0,73511,33,P0,500.00,Not Active,Not Active,Not Active,Not Active
2026/07/25 10:23:55.184,2026/07/25 10:23:55.168,2026/07/25 10:23:55.199,1,GPU-713d5b24-2a1e-fd4a-7685-c3d195ff9230,83.14,1410,1593,0,0,73511,31,P0,500.00,Not Active,Not Active,Not Active,Not Active
2026/07/25 10:23:55.433,2026/07/25 10:23:55.418,2026/07/25 10:23:55.448,0,GPU-c5d32af0-0857-3b36-6541-1a688a9ec165,86.47,1410,1593,0,0,73511,33,P0,500.00,Not Active,Not Active,Not Active,Not Active
2026/07/25 10:23:55.433,2026/07/25 10:23:55.418,2026/07/25 10:23:55.448,1,GPU-713d5b24-2a1e-fd4a-7685-c3d195ff9230,83.05,1410,1593,0,0,73511,31,P0,500.00,Not Active,Not Active,Not Active,Not Active
2026/07/25 10:23:55.684,2026/07/25 10:23:55.668,2026/07/25 10:23:55.699,0,GPU-c5d32af0-0857-3b36-6541-1a688a9ec165,86.71,1410,1593,0,0,73511,33,P0,500.00,Not Active,Not Active,Not Active,Not Active
2026/07/25 10:23:55.684,2026/07/25 10:23:55.668,2026/07/25 10:23:55.699,1,GPU-713d5b24-2a1e-fd4a-7685-c3d195ff9230,83.05,1410,1593,0,0,73511,31,P0,500.00,Not Active,Not Active,Not Active,Not Active
2026/07/25 10:23:55.932,2026/07/25 10:23:55.918,2026/07/25 10:23:55.947,0,GPU-c5d32af0-0857-3b36-6541-1a688a9ec165,86.38,1410,1593,0,0,73511,33,P0,500.00,Not Active,Not Active,Not Active,Not Active
2026/07/25 10:23:55.932,2026/07/25 10:23:55.918,2026/07/25 10:23:55.947,1,GPU-713d5b24-2a1e-fd4a-7685-c3d195ff9230,83.14,1410,1593,0,0,73511,31,P0,500.00,Not Active,Not Active,Not Active,Not Active
2026/07/25 10:23:56.183,2026/07/25 10:23:56.168,2026/07/25 10:23:56.198,0,GPU-c5d32af0-0857-3b36-6541-1a688a9ec165,86.71,1410,1593,0,0,73511,33,P0,500.00,Not Active,Not Active,Not Active,Not Active
2026/07/25 10:23:56.183,2026/07/25 10:23:56.168,2026/07/25 10:23:56.198,1,GPU-713d5b24-2a1e-fd4a-7685-c3d195ff9230,82.78,1410,1593,0,0,73511,31,P0,500.00,Not Active,Not Active,Not Active,Not Active
2026/07/25 10:23:56.434,2026/07/25 10:23:56.418,2026/07/25 10:23:56.450,0,GPU-c5d32af0-0857-3b36-6541-1a688a9ec165,86.38,1410,1593,0,0,73511,33,P0,500.00,Not Active,Not Active,Not Active,Not Active
2026/07/25 10:23:56.434,2026/07/25 10:23:56.418,2026/07/25 10:23:56.450,1,GPU-713d5b24-2a1e-fd4a-7685-c3d195ff9230,83.05,1410,1593,0,0,73511,31,P0,500.00,Not Active,Not Active,Not Active,Not Active
2026/07/25 10:23:56.682,2026/07/25 10:23:56.668,2026/07/25 10:23:56.696,0,GPU-c5d32af0-0857-3b36-6541-1a688a9ec165,86.47,1410,1593,0,0,73511,33,P0,500.00,Not Active,Not Active,Not Active,Not Active
2026/07/25 10:23:56.682,2026/07/25 10:23:56.668,2026/07/25 10:23:56.696,1,GPU-713d5b24-2a1e-fd4a-7685-c3d195ff9230,83.05,1410,1593,0,0,73511,31,P0,500.00,Not Active,Not Active,Not Active,Not Active
2026/07/25 10:23:56.934,2026/07/25 10:23:56.918,2026/07/25 10:23:56.951,0,GPU-c5d32af0-0857-3b36-6541-1a688a9ec165,86.47,1410,1593,0,0,73511,33,P0,500.00,Not Active,Not Active,Not Active,Not Active
2026/07/25 10:23:56.934,2026/07/25 10:23:56.918,2026/07/25 10:23:56.951,1,GPU-713d5b24-2a1e-fd4a-7685-c3d195ff9230,82.87,1410,1593,0,0,73511,31,P0,500.00,Not Active,Not Active,Not Active,Not Active
2026/07/25 10:23:57.182,2026/07/25 10:23:57.168,2026/07/25 10:23:57.195,0,GPU-c5d32af0-0857-3b36-6541-1a688a9ec165,86.38,1410,1593,0,0,73511,33,P0,500.00,Not Active,Not Active,Not Active,Not Active
2026/07/25 10:23:57.182,2026/07/25 10:23:57.168,2026/07/25 10:23:57.195,1,GPU-713d5b24-2a1e-fd4a-7685-c3d195ff9230,83.14,1410,1593,0,0,73511,31,P0,500.00,Not Active,Not Active,Not Active,Not Active
2026/07/25 10:23:57.433,2026/07/25 10:23:57.418,2026/07/25 10:23:57.447,0,GPU-c5d32af0-0857-3b36-6541-1a688a9ec165,86.38,1410,1593,0,0,73511,33,P0,500.00,Not Active,Not Active,Not Active,Not Active
2026/07/25 10:23:57.433,2026/07/25 10:23:57.418,2026/07/25 10:23:57.447,1,GPU-713d5b24-2a1e-fd4a-7685-c3d195ff9230,82.87,1410,1593,0,0,73511,31,P0,500.00,Not Active,Not Active,Not Active,Not Active
2026/07/25 10:23:57.682,2026/07/25 10:23:57.668,2026/07/25 10:23:57.696,0,GPU-c5d32af0-0857-3b36-6541-1a688a9ec165,86.47,1410,1593,0,0,73511,33,P0,500.00,Not Active,Not Active,Not Active,Not Active
2026/07/25 10:23:57.682,2026/07/25 10:23:57.668,2026/07/25 10:23:57.696,1,GPU-713d5b24-2a1e-fd4a-7685-c3d195ff9230,83.05,1410,1593,0,0,73511,31,P0,500.00,Not Active,Not Active,Not Active,Not Active
2026/07/25 10:23:57.954,2026/07/25 10:23:57.918,2026/07/25 10:23:57.991,0,GPU-c5d32af0-0857-3b36-6541-1a688a9ec165,90.35,1410,1593,0,0,73511,33,P0,500.00,Not Active,Not Active,Not Active,Not Active
2026/07/25 10:23:57.954,2026/07/25 10:23:57.918,2026/07/25 10:23:57.991,1,GPU-713d5b24-2a1e-fd4a-7685-c3d195ff9230,86.71,1410,1593,0,0,73511,31,P0,500.00,Not Active,Not Active,Not Active,Not Active
2026/07/25 10:23:58.184,2026/07/25 10:23:58.168,2026/07/25 10:23:58.200,0,GPU-c5d32af0-0857-3b36-6541-1a688a9ec165,86.47,1410,1593,0,0,73511,33,P0,500.00,Not Active,Not Active,Not Active,Not Active
2026/07/25 10:23:58.184,2026/07/25 10:23:58.168,2026/07/25 10:23:58.200,1,GPU-713d5b24-2a1e-fd4a-7685-c3d195ff9230,83.14,1410,1593,0,0,73511,31,P0,500.00,Not Active,Not Active,Not Active,Not Active
2026/07/25 10:23:58.434,2026/07/25 10:23:58.418,2026/07/25 10:23:58.450,0,GPU-c5d32af0-0857-3b36-6541-1a688a9ec165,86.71,1410,1593,0,0,73511,33,P0,500.00,Not Active,Not Active,Not Active,Not Active
2026/07/25 10:23:58.434,2026/07/25 10:23:58.418,2026/07/25 10:23:58.450,1,GPU-713d5b24-2a1e-fd4a-7685-c3d195ff9230,82.78,1410,1593,0,0,73511,31,P0,500.00,Not Active,Not Active,Not Active,Not Active
2026/07/25 10:23:58.684,2026/07/25 10:23:58.668,2026/07/25 10:23:58.700,0,GPU-c5d32af0-0857-3b36-6541-1a688a9ec165,86.38,1410,1593,0,0,73511,33,P0,500.00,Not Active,Not Active,Not Active,Not Active
2026/07/25 10:23:58.684,2026/07/25 10:23:58.668,2026/07/25 10:23:58.700,1,GPU-713d5b24-2a1e-fd4a-7685-c3d195ff9230,83.38,1410,1593,0,0,73511,31,P0,500.00,Not Active,Not Active,Not Active,Not Active
2026/07/25 10:23:58.934,2026/07/25 10:23:58.918,2026/07/25 10:23:58.950,0,GPU-c5d32af0-0857-3b36-6541-1a688a9ec165,86.47,1410,1593,0,0,73511,33,P0,500.00,Not Active,Not Active,Not Active,Not Active
2026/07/25 10:23:58.934,2026/07/25 10:23:58.918,2026/07/25 10:23:58.950,1,GPU-713d5b24-2a1e-fd4a-7685-c3d195ff9230,83.05,1410,1593,0,0,73511,31,P0,500.00,Not Active,Not Active,Not Active,Not Active
2026/07/25 10:23:59.184,2026/07/25 10:23:59.168,2026/07/25 10:23:59.200,0,GPU-c5d32af0-0857-3b36-6541-1a688a9ec165,86.38,1410,1593,0,0,73511,33,P0,500.00,Not Active,Not Active,Not Active,Not Active
2026/07/25 10:23:59.184,2026/07/25 10:23:59.168,2026/07/25 10:23:59.200,1,GPU-713d5b24-2a1e-fd4a-7685-c3d195ff9230,82.78,1410,1593,0,0,73511,31,P0,500.00,Not Active,Not Active,Not Active,Not Active
2026/07/25 10:23:59.433,2026/07/25 10:23:59.418,2026/07/25 10:23:59.447,0,GPU-c5d32af0-0857-3b36-6541-1a688a9ec165,86.79,1410,1593,0,0,73511,33,P0,500.00,Not Active,Not Active,Not Active,Not Active
2026/07/25 10:23:59.433,2026/07/25 10:23:59.418,2026/07/25 10:23:59.447,1,GPU-713d5b24-2a1e-fd4a-7685-c3d195ff9230,82.46,1410,1593,0,0,73511,31,P0,500.00,Not Active,Not Active,Not Active,Not Active
2026/07/25 10:23:59.684,2026/07/25 10:23:59.668,2026/07/25 10:23:59.701,0,GPU-c5d32af0-0857-3b36-6541-1a688a9ec165,86.47,1410,1593,0,0,73511,33,P0,500.00,Not Active,Not Active,Not Active,Not Active
2026/07/25 10:23:59.684,2026/07/25 10:23:59.668,2026/07/25 10:23:59.701,1,GPU-713d5b24-2a1e-fd4a-7685-c3d195ff9230,82.46,1410,1593,0,0,73511,31,P0,500.00,Not Active,Not Active,Not Active,Not Active
2026/07/25 10:23:59.932,2026/07/25 10:23:59.918,2026/07/25 10:23:59.947,0,GPU-c5d32af0-0857-3b36-6541-1a688a9ec165,86.79,1410,1593,0,0,73511,33,P0,500.00,Not Active,Not Active,Not Active,Not Active
2026/07/25 10:23:59.932,2026/07/25 10:23:59.918,2026/07/25 10:23:59.947,1,GPU-713d5b24-2a1e-fd4a-7685-c3d195ff9230,82.46,1410,1593,0,0,73511,31,P0,500.00,Not Active,Not Active,Not Active,Not Active
2026/07/25 10:24:00.184,2026/07/25 10:24:00.168,2026/07/25 10:24:00.199,0,GPU-c5d32af0-0857-3b36-6541-1a688a9ec165,86.47,1410,1593,0,0,73511,33,P0,500.00,Not Active,Not Active,Not Active,Not Active
2026/07/25 10:24:00.184,2026/07/25 10:24:00.168,2026/07/25 10:24:00.199,1,GPU-713d5b24-2a1e-fd4a-7685-c3d195ff9230,82.78,1410,1593,0,0,73511,31,P0,500.00,Not Active,Not Active,Not Active,Not Active
2026/07/25 10:24:00.435,2026/07/25 10:24:00.418,2026/07/25 10:24:00.451,0,GPU-c5d32af0-0857-3b36-6541-1a688a9ec165,86.71,1410,1593,0,0,73511,33,P0,500.00,Not Active,Not Active,Not Active,Not Active
2026/07/25 10:24:00.435,2026/07/25 10:24:00.418,2026/07/25 10:24:00.451,1,GPU-713d5b24-2a1e-fd4a-7685-c3d195ff9230,82.46,1410,1593,0,0,73511,31,P0,500.00,Not Active,Not Active,Not Active,Not Active
2026/07/25 10:24:00.683,2026/07/25 10:24:00.668,2026/07/25 10:24:00.697,0,GPU-c5d32af0-0857-3b36-6541-1a688a9ec165,86.47,1410,1593,0,0,73511,33,P0,500.00,Not Active,Not Active,Not Active,Not Active
2026/07/25 10:24:00.683,2026/07/25 10:24:00.668,2026/07/25 10:24:00.697,1,GPU-713d5b24-2a1e-fd4a-7685-c3d195ff9230,82.54,1410,1593,0,0,73511,31,P0,500.00,Not Active,Not Active,Not Active,Not Active
2026/07/25 10:24:00.934,2026/07/25 10:24:00.918,2026/07/25 10:24:00.950,0,GPU-c5d32af0-0857-3b36-6541-1a688a9ec165,86.38,1410,1593,0,0,73511,33,P0,500.00,Not Active,Not Active,Not Active,Not Active
2026/07/25 10:24:00.934,2026/07/25 10:24:00.918,2026/07/25 10:24:00.950,1,GPU-713d5b24-2a1e-fd4a-7685-c3d195ff9230,82.46,1410,1593,0,0,73511,31,P0,500.00,Not Active,Not Active,Not Active,Not Active
2026/07/25 10:24:01.183,2026/07/25 10:24:01.168,2026/07/25 10:24:01.197,0,GPU-c5d32af0-0857-3b36-6541-1a688a9ec165,86.79,1410,1593,0,0,73511,33,P0,500.00,Not Active,Not Active,Not Active,Not Active
2026/07/25 10:24:01.183,2026/07/25 10:24:01.168,2026/07/25 10:24:01.197,1,GPU-713d5b24-2a1e-fd4a-7685-c3d195ff9230,82.46,1410,1593,0,0,73511,31,P0,500.00,Not Active,Not Active,Not Active,Not Active
2026/07/25 10:24:01.433,2026/07/25 10:24:01.418,2026/07/25 10:24:01.447,0,GPU-c5d32af0-0857-3b36-6541-1a688a9ec165,86.47,1410,1593,0,0,73511,33,P0,500.00,Not Active,Not Active,Not Active,Not Active
2026/07/25 10:24:01.433,2026/07/25 10:24:01.418,2026/07/25 10:24:01.447,1,GPU-713d5b24-2a1e-fd4a-7685-c3d195ff9230,82.46,1410,1593,0,0,73511,31,P0,500.00,Not Active,Not Active,Not Active,Not Active
2026/07/25 10:24:01.682,2026/07/25 10:24:01.668,2026/07/25 10:24:01.696,0,GPU-c5d32af0-0857-3b36-6541-1a688a9ec165,86.79,1410,1593,0,0,73511,33,P0,500.00,Not Active,Not Active,Not Active,Not Active
2026/07/25 10:24:01.682,2026/07/25 10:24:01.668,2026/07/25 10:24:01.696,1,GPU-713d5b24-2a1e-fd4a-7685-c3d195ff9230,82.46,1410,1593,0,0,73511,31,P0,500.00,Not Active,Not Active,Not Active,Not Active
2026/07/25 10:24:01.933,2026/07/25 10:24:01.918,2026/07/25 10:24:01.949,0,GPU-c5d32af0-0857-3b36-6541-1a688a9ec165,86.47,1410,1593,0,0,73511,33,P0,500.00,Not Active,Not Active,Not Active,Not Active
2026/07/25 10:24:01.933,2026/07/25 10:24:01.918,2026/07/25 10:24:01.949,1,GPU-713d5b24-2a1e-fd4a-7685-c3d195ff9230,82.54,1410,1593,0,0,73511,31,P0,500.00,Not Active,Not Active,Not Active,Not Active
2026/07/25 10:24:02.182,2026/07/25 10:24:02.168,2026/07/25 10:24:02.197,0,GPU-c5d32af0-0857-3b36-6541-1a688a9ec165,86.47,1410,1593,0,0,73511,33,P0,500.00,Not Active,Not Active,Not Active,Not Active
2026/07/25 10:24:02.182,2026/07/25 10:24:02.168,2026/07/25 10:24:02.197,1,GPU-713d5b24-2a1e-fd4a-7685-c3d195ff9230,82.46,1410,1593,0,0,73511,31,P0,500.00,Not Active,Not Active,Not Active,Not Active
2026/07/25 10:24:02.433,2026/07/25 10:24:02.418,2026/07/25 10:24:02.448,0,GPU-c5d32af0-0857-3b36-6541-1a688a9ec165,86.47,1410,1593,0,0,73511,33,P0,500.00,Not Active,Not Active,Not Active,Not Active
2026/07/25 10:24:02.433,2026/07/25 10:24:02.418,2026/07/25 10:24:02.448,1,GPU-713d5b24-2a1e-fd4a-7685-c3d195ff9230,82.87,1410,1593,0,0,73511,31,P0,500.00,Not Active,Not Active,Not Active,Not Active
2026/07/25 10:24:02.682,2026/07/25 10:24:02.668,2026/07/25 10:24:02.695,0,GPU-c5d32af0-0857-3b36-6541-1a688a9ec165,86.47,1410,1593,0,0,73511,33,P0,500.00,Not Active,Not Active,Not Active,Not Active
2026/07/25 10:24:02.682,2026/07/25 10:24:02.668,2026/07/25 10:24:02.695,1,GPU-713d5b24-2a1e-fd4a-7685-c3d195ff9230,82.87,1410,1593,0,0,73511,31,P0,500.00,Not Active,Not Active,Not Active,Not Active
2026/07/25 10:24:02.932,2026/07/25 10:24:02.918,2026/07/25 10:24:02.946,0,GPU-c5d32af0-0857-3b36-6541-1a688a9ec165,86.38,1410,1593,0,0,73511,33,P0,500.00,Not Active,Not Active,Not Active,Not Active
2026/07/25 10:24:02.932,2026/07/25 10:24:02.918,2026/07/25 10:24:02.946,1,GPU-713d5b24-2a1e-fd4a-7685-c3d195ff9230,82.46,1410,1593,0,0,73511,31,P0,500.00,Not Active,Not Active,Not Active,Not Active
2026/07/25 10:24:03.182,2026/07/25 10:24:03.168,2026/07/25 10:24:03.196,0,GPU-c5d32af0-0857-3b36-6541-1a688a9ec165,86.10,1410,1593,0,0,73511,33,P0,500.00,Not Active,Not Active,Not Active,Not Active
2026/07/25 10:24:03.182,2026/07/25 10:24:03.168,2026/07/25 10:24:03.196,1,GPU-713d5b24-2a1e-fd4a-7685-c3d195ff9230,82.46,1410,1593,0,0,73511,31,P0,500.00,Not Active,Not Active,Not Active,Not Active
2026/07/25 10:24:03.434,2026/07/25 10:24:03.418,2026/07/25 10:24:03.451,0,GPU-c5d32af0-0857-3b36-6541-1a688a9ec165,86.47,1410,1593,0,0,73511,33,P0,500.00,Not Active,Not Active,Not Active,Not Active
2026/07/25 10:24:03.434,2026/07/25 10:24:03.418,2026/07/25 10:24:03.451,1,GPU-713d5b24-2a1e-fd4a-7685-c3d195ff9230,82.46,1410,1593,0,0,73511,31,P0,500.00,Not Active,Not Active,Not Active,Not Active
2026/07/25 10:24:03.683,2026/07/25 10:24:03.668,2026/07/25 10:24:03.699,0,GPU-c5d32af0-0857-3b36-6541-1a688a9ec165,86.19,1410,1593,0,0,73511,33,P0,500.00,Not Active,Not Active,Not Active,Not Active
2026/07/25 10:24:03.683,2026/07/25 10:24:03.668,2026/07/25 10:24:03.699,1,GPU-713d5b24-2a1e-fd4a-7685-c3d195ff9230,82.46,1410,1593,0,0,73511,31,P0,500.00,Not Active,Not Active,Not Active,Not Active
2026/07/25 10:24:03.932,2026/07/25 10:24:03.918,2026/07/25 10:24:03.945,0,GPU-c5d32af0-0857-3b36-6541-1a688a9ec165,86.10,1410,1593,0,0,73511,33,P0,500.00,Not Active,Not Active,Not Active,Not Active
2026/07/25 10:24:03.932,2026/07/25 10:24:03.918,2026/07/25 10:24:03.945,1,GPU-713d5b24-2a1e-fd4a-7685-c3d195ff9230,82.78,1410,1593,0,0,73511,31,P0,500.00,Not Active,Not Active,Not Active,Not Active
2026/07/25 10:24:04.181,2026/07/25 10:24:04.168,2026/07/25 10:24:04.194,0,GPU-c5d32af0-0857-3b36-6541-1a688a9ec165,86.38,1410,1593,0,0,73511,33,P0,500.00,Not Active,Not Active,Not Active,Not Active
2026/07/25 10:24:04.181,2026/07/25 10:24:04.168,2026/07/25 10:24:04.194,1,GPU-713d5b24-2a1e-fd4a-7685-c3d195ff9230,82.46,1410,1593,0,0,73511,31,P0,500.00,Not Active,Not Active,Not Active,Not Active
2026/07/25 10:24:04.432,2026/07/25 10:24:04.418,2026/07/25 10:24:04.446,0,GPU-c5d32af0-0857-3b36-6541-1a688a9ec165,86.19,1410,1593,0,0,73511,33,P0,500.00,Not Active,Not Active,Not Active,Not Active
2026/07/25 10:24:04.432,2026/07/25 10:24:04.418,2026/07/25 10:24:04.446,1,GPU-713d5b24-2a1e-fd4a-7685-c3d195ff9230,82.46,1410,1593,0,0,73511,31,P0,500.00,Not Active,Not Active,Not Active,Not Active
2026/07/25 10:24:04.683,2026/07/25 10:24:04.668,2026/07/25 10:24:04.697,0,GPU-c5d32af0-0857-3b36-6541-1a688a9ec165,86.19,1410,1593,0,0,73511,33,P0,500.00,Not Active,Not Active,Not Active,Not Active
2026/07/25 10:24:04.683,2026/07/25 10:24:04.668,2026/07/25 10:24:04.697,1,GPU-713d5b24-2a1e-fd4a-7685-c3d195ff9230,82.78,1410,1593,0,0,73511,31,P0,500.00,Not Active,Not Active,Not Active,Not Active
2026/07/25 10:24:04.932,2026/07/25 10:24:04.918,2026/07/25 10:24:04.945,0,GPU-c5d32af0-0857-3b36-6541-1a688a9ec165,86.10,1410,1593,0,0,73511,33,P0,500.00,Not Active,Not Active,Not Active,Not Active
2026/07/25 10:24:04.932,2026/07/25 10:24:04.918,2026/07/25 10:24:04.945,1,GPU-713d5b24-2a1e-fd4a-7685-c3d195ff9230,82.78,1410,1593,0,0,73511,31,P0,500.00,Not Active,Not Active,Not Active,Not Active
2026/07/25 10:24:05.181,2026/07/25 10:24:05.168,2026/07/25 10:24:05.195,0,GPU-c5d32af0-0857-3b36-6541-1a688a9ec165,86.19,1410,1593,0,0,73511,33,P0,500.00,Not Active,Not Active,Not Active,Not Active
2026/07/25 10:24:05.181,2026/07/25 10:24:05.168,2026/07/25 10:24:05.195,1,GPU-713d5b24-2a1e-fd4a-7685-c3d195ff9230,82.46,1410,1593,0,0,73511,31,P0,500.00,Not Active,Not Active,Not Active,Not Active
2026/07/25 10:24:05.435,2026/07/25 10:24:05.418,2026/07/25 10:24:05.451,0,GPU-c5d32af0-0857-3b36-6541-1a688a9ec165,86.10,1410,1593,0,0,73511,33,P0,500.00,Not Active,Not Active,Not Active,Not Active
2026/07/25 10:24:05.435,2026/07/25 10:24:05.418,2026/07/25 10:24:05.451,1,GPU-713d5b24-2a1e-fd4a-7685-c3d195ff9230,82.46,1410,1593,0,0,73511,31,P0,500.00,Not Active,Not Active,Not Active,Not Active
2026/07/25 10:24:05.684,2026/07/25 10:24:05.668,2026/07/25 10:24:05.701,0,GPU-c5d32af0-0857-3b36-6541-1a688a9ec165,86.10,1410,1593,0,0,73511,33,P0,500.00,Not Active,Not Active,Not Active,Not Active
2026/07/25 10:24:05.684,2026/07/25 10:24:05.668,2026/07/25 10:24:05.701,1,GPU-713d5b24-2a1e-fd4a-7685-c3d195ff9230,82.46,1410,1593,0,0,73511,31,P0,500.00,Not Active,Not Active,Not Active,Not Active
2026/07/25 10:24:05.933,2026/07/25 10:24:05.918,2026/07/25 10:24:05.947,0,GPU-c5d32af0-0857-3b36-6541-1a688a9ec165,86.10,1410,1593,0,0,73511,33,P0,500.00,Not Active,Not Active,Not Active,Not Active
2026/07/25 10:24:05.933,2026/07/25 10:24:05.918,2026/07/25 10:24:05.947,1,GPU-713d5b24-2a1e-fd4a-7685-c3d195ff9230,82.87,1410,1593,0,0,73511,31,P0,500.00,Not Active,Not Active,Not Active,Not Active
2026/07/25 10:24:06.181,2026/07/25 10:24:06.168,2026/07/25 10:24:06.193,0,GPU-c5d32af0-0857-3b36-6541-1a688a9ec165,86.19,1410,1593,0,0,73511,33,P0,500.00,Not Active,Not Active,Not Active,Not Active
2026/07/25 10:24:06.181,2026/07/25 10:24:06.168,2026/07/25 10:24:06.193,1,GPU-713d5b24-2a1e-fd4a-7685-c3d195ff9230,82.46,1410,1593,0,0,73511,31,P0,500.00,Not Active,Not Active,Not Active,Not Active
2026/07/25 10:24:06.434,2026/07/25 10:24:06.418,2026/07/25 10:24:06.449,0,GPU-c5d32af0-0857-3b36-6541-1a688a9ec165,86.19,1410,1593,0,0,73511,33,P0,500.00,Not Active,Not Active,Not Active,Not Active
2026/07/25 10:24:06.434,2026/07/25 10:24:06.418,2026/07/25 10:24:06.449,1,GPU-713d5b24-2a1e-fd4a-7685-c3d195ff9230,82.54,1410,1593,0,0,73511,31,P0,500.00,Not Active,Not Active,Not Active,Not Active
2026/07/25 10:24:06.684,2026/07/25 10:24:06.668,2026/07/25 10:24:06.701,0,GPU-c5d32af0-0857-3b36-6541-1a688a9ec165,86.19,1410,1593,0,0,73511,33,P0,500.00,Not Active,Not Active,Not Active,Not Active
2026/07/25 10:24:06.684,2026/07/25 10:24:06.668,2026/07/25 10:24:06.701,1,GPU-713d5b24-2a1e-fd4a-7685-c3d195ff9230,82.46,1410,1593,0,0,73511,31,P0,500.00,Not Active,Not Active,Not Active,Not Active
2026/07/25 10:24:06.933,2026/07/25 10:24:06.918,2026/07/25 10:24:06.949,0,GPU-c5d32af0-0857-3b36-6541-1a688a9ec165,86.19,1410,1593,0,0,73511,33,P0,500.00,Not Active,Not Active,Not Active,Not Active
2026/07/25 10:24:06.933,2026/07/25 10:24:06.918,2026/07/25 10:24:06.949,1,GPU-713d5b24-2a1e-fd4a-7685-c3d195ff9230,82.46,1410,1593,0,0,73511,31,P0,500.00,Not Active,Not Active,Not Active,Not Active
2026/07/25 10:24:07.181,2026/07/25 10:24:07.168,2026/07/25 10:24:07.194,0,GPU-c5d32af0-0857-3b36-6541-1a688a9ec165,86.10,1410,1593,0,0,73511,33,P0,500.00,Not Active,Not Active,Not Active,Not Active
2026/07/25 10:24:07.181,2026/07/25 10:24:07.168,2026/07/25 10:24:07.194,1,GPU-713d5b24-2a1e-fd4a-7685-c3d195ff9230,82.46,1410,1593,0,0,73511,31,P0,500.00,Not Active,Not Active,Not Active,Not Active
2026/07/25 10:24:07.431,2026/07/25 10:24:07.418,2026/07/25 10:24:07.444,0,GPU-c5d32af0-0857-3b36-6541-1a688a9ec165,86.19,1410,1593,0,0,73511,33,P0,500.00,Not Active,Not Active,Not Active,Not Active
2026/07/25 10:24:07.431,2026/07/25 10:24:07.418,2026/07/25 10:24:07.444,1,GPU-713d5b24-2a1e-fd4a-7685-c3d195ff9230,82.54,1410,1593,0,0,73511,31,P0,500.00,Not Active,Not Active,Not Active,Not Active
2026/07/25 10:24:07.682,2026/07/25 10:24:07.668,2026/07/25 10:24:07.696,0,GPU-c5d32af0-0857-3b36-6541-1a688a9ec165,86.19,1410,1593,0,0,73511,33,P0,500.00,Not Active,Not Active,Not Active,Not Active
2026/07/25 10:24:07.682,2026/07/25 10:24:07.668,2026/07/25 10:24:07.696,1,GPU-713d5b24-2a1e-fd4a-7685-c3d195ff9230,82.46,1410,1593,0,0,73511,31,P0,500.00,Not Active,Not Active,Not Active,Not Active
2026/07/25 10:24:07.932,2026/07/25 10:24:07.918,2026/07/25 10:24:07.947,0,GPU-c5d32af0-0857-3b36-6541-1a688a9ec165,86.10,1410,1593,0,0,73511,33,P0,500.00,Not Active,Not Active,Not Active,Not Active
2026/07/25 10:24:07.932,2026/07/25 10:24:07.918,2026/07/25 10:24:07.947,1,GPU-713d5b24-2a1e-fd4a-7685-c3d195ff9230,82.46,1410,1593,0,0,73511,31,P0,500.00,Not Active,Not Active,Not Active,Not Active
2026/07/25 10:24:08.181,2026/07/25 10:24:08.168,2026/07/25 10:24:08.195,0,GPU-c5d32af0-0857-3b36-6541-1a688a9ec165,86.10,1410,1593,0,0,73511,33,P0,500.00,Not Active,Not Active,Not Active,Not Active
2026/07/25 10:24:08.181,2026/07/25 10:24:08.168,2026/07/25 10:24:08.195,1,GPU-713d5b24-2a1e-fd4a-7685-c3d195ff9230,82.46,1410,1593,0,0,73511,31,P0,500.00,Not Active,Not Active,Not Active,Not Active
2026/07/25 10:24:08.434,2026/07/25 10:24:08.418,2026/07/25 10:24:08.449,0,GPU-c5d32af0-0857-3b36-6541-1a688a9ec165,377.74,1410,1593,57,11,73511,41,P0,500.00,Not Active,Not Active,Not Active,Not Active
2026/07/25 10:24:08.434,2026/07/25 10:24:08.418,2026/07/25 10:24:08.449,1,GPU-713d5b24-2a1e-fd4a-7685-c3d195ff9230,82.46,1410,1593,0,0,73511,31,P0,500.00,Not Active,Not Active,Not Active,Not Active
2026/07/25 10:24:08.684,2026/07/25 10:24:08.668,2026/07/25 10:24:08.699,0,GPU-c5d32af0-0857-3b36-6541-1a688a9ec165,370.17,1410,1593,100,16,73511,45,P0,500.00,Not Active,Not Active,Not Active,Not Active
2026/07/25 10:24:08.684,2026/07/25 10:24:08.668,2026/07/25 10:24:08.699,1,GPU-713d5b24-2a1e-fd4a-7685-c3d195ff9230,82.46,1410,1593,0,0,73511,31,P0,500.00,Not Active,Not Active,Not Active,Not Active
2026/07/25 10:24:08.934,2026/07/25 10:24:08.918,2026/07/25 10:24:08.950,0,GPU-c5d32af0-0857-3b36-6541-1a688a9ec165,369.58,1410,1593,100,13,73511,42,P0,500.00,Not Active,Not Active,Not Active,Not Active
2026/07/25 10:24:08.934,2026/07/25 10:24:08.918,2026/07/25 10:24:08.950,1,GPU-713d5b24-2a1e-fd4a-7685-c3d195ff9230,82.78,1410,1593,0,0,73511,31,P0,500.00,Not Active,Not Active,Not Active,Not Active
2026/07/25 10:24:09.183,2026/07/25 10:24:09.168,2026/07/25 10:24:09.197,0,GPU-c5d32af0-0857-3b36-6541-1a688a9ec165,88.50,1410,1593,0,0,73511,37,P0,500.00,Not Active,Not Active,Not Active,Not Active
2026/07/25 10:24:09.183,2026/07/25 10:24:09.168,2026/07/25 10:24:09.197,1,GPU-713d5b24-2a1e-fd4a-7685-c3d195ff9230,243.50,1410,1593,75,28,73511,35,P0,500.00,Not Active,Not Active,Not Active,Not Active
2026/07/25 10:24:09.433,2026/07/25 10:24:09.418,2026/07/25 10:24:09.448,0,GPU-c5d32af0-0857-3b36-6541-1a688a9ec165,87.63,1410,1593,0,0,73511,35,P0,500.00,Not Active,Not Active,Not Active,Not Active
2026/07/25 10:24:09.433,2026/07/25 10:24:09.418,2026/07/25 10:24:09.448,1,GPU-713d5b24-2a1e-fd4a-7685-c3d195ff9230,241.40,1410,1593,100,52,73511,36,P0,500.00,Not Active,Not Active,Not Active,Not Active
2026/07/25 10:24:09.682,2026/07/25 10:24:09.668,2026/07/25 10:24:09.697,0,GPU-c5d32af0-0857-3b36-6541-1a688a9ec165,87.90,1410,1593,0,0,73511,35,P0,500.00,Not Active,Not Active,Not Active,Not Active
2026/07/25 10:24:09.682,2026/07/25 10:24:09.668,2026/07/25 10:24:09.697,1,GPU-713d5b24-2a1e-fd4a-7685-c3d195ff9230,239.52,1410,1593,100,52,73511,38,P0,500.00,Not Active,Not Active,Not Active,Not Active
2026/07/25 10:24:09.933,2026/07/25 10:24:09.918,2026/07/25 10:24:09.949,0,GPU-c5d32af0-0857-3b36-6541-1a688a9ec165,87.30,1410,1593,0,0,73511,34,P0,500.00,Not Active,Not Active,Not Active,Not Active
2026/07/25 10:24:09.933,2026/07/25 10:24:09.918,2026/07/25 10:24:09.949,1,GPU-713d5b24-2a1e-fd4a-7685-c3d195ff9230,251.73,1410,1593,100,52,73511,38,P0,500.00,Not Active,Not Active,Not Active,Not Active
2026/07/25 10:24:10.182,2026/07/25 10:24:10.168,2026/07/25 10:24:10.196,0,GPU-c5d32af0-0857-3b36-6541-1a688a9ec165,87.30,1410,1593,0,0,73511,34,P0,500.00,Not Active,Not Active,Not Active,Not Active
2026/07/25 10:24:10.182,2026/07/25 10:24:10.168,2026/07/25 10:24:10.196,1,GPU-713d5b24-2a1e-fd4a-7685-c3d195ff9230,249.61,1410,1593,100,52,73511,38,P0,500.00,Not Active,Not Active,Not Active,Not Active
2026/07/25 10:24:10.443,2026/07/25 10:24:10.418,2026/07/25 10:24:10.469,0,GPU-c5d32af0-0857-3b36-6541-1a688a9ec165,376.42,1410,1593,0,0,73511,41,P0,500.00,Not Active,Not Active,Not Active,Not Active
2026/07/25 10:24:10.443,2026/07/25 10:24:10.418,2026/07/25 10:24:10.469,1,GPU-713d5b24-2a1e-fd4a-7685-c3d195ff9230,239.93,1410,1593,100,52,73511,39,P0,500.00,Not Active,Not Active,Not Active,Not Active
2026/07/25 10:24:10.683,2026/07/25 10:24:10.668,2026/07/25 10:24:10.698,0,GPU-c5d32af0-0857-3b36-6541-1a688a9ec165,376.75,1410,1593,100,15,73511,46,P0,500.00,Not Active,Not Active,Not Active,Not Active
2026/07/25 10:24:10.683,2026/07/25 10:24:10.668,2026/07/25 10:24:10.698,1,GPU-713d5b24-2a1e-fd4a-7685-c3d195ff9230,83.89,1410,1593,100,52,73511,35,P0,500.00,Not Active,Not Active,Not Active,Not Active
2026/07/25 10:24:10.932,2026/07/25 10:24:10.918,2026/07/25 10:24:10.947,0,GPU-c5d32af0-0857-3b36-6541-1a688a9ec165,359.52,1410,1593,100,12,73511,47,P0,500.00,Not Active,Not Active,Not Active,Not Active
2026/07/25 10:24:10.932,2026/07/25 10:24:10.918,2026/07/25 10:24:10.947,1,GPU-713d5b24-2a1e-fd4a-7685-c3d195ff9230,83.66,1410,1593,13,7,73511,33,P0,500.00,Not Active,Not Active,Not Active,Not Active
2026/07/25 10:24:11.185,2026/07/25 10:24:11.168,2026/07/25 10:24:11.201,0,GPU-c5d32af0-0857-3b36-6541-1a688a9ec165,90.02,1410,1593,77,9,73511,39,P0,500.00,Not Active,Not Active,Not Active,Not Active
2026/07/25 10:24:11.185,2026/07/25 10:24:11.168,2026/07/25 10:24:11.201,1,GPU-713d5b24-2a1e-fd4a-7685-c3d195ff9230,242.05,1410,1593,35,6,73511,35,P0,500.00,Not Active,Not Active,Not Active,Not Active
2026/07/25 10:24:11.431,2026/07/25 10:24:11.418,2026/07/25 10:24:11.445,0,GPU-c5d32af0-0857-3b36-6541-1a688a9ec165,87.30,1410,1593,0,0,73511,36,P0,500.00,Not Active,Not Active,Not Active,Not Active
2026/07/25 10:24:11.431,2026/07/25 10:24:11.418,2026/07/25 10:24:11.445,1,GPU-713d5b24-2a1e-fd4a-7685-c3d195ff9230,246.89,1410,1593,100,52,73511,38,P0,500.00,Not Active,Not Active,Not Active,Not Active
2026/07/25 10:24:11.681,2026/07/25 10:24:11.668,2026/07/25 10:24:11.695,0,GPU-c5d32af0-0857-3b36-6541-1a688a9ec165,87.30,1410,1593,0,0,73511,36,P0,500.00,Not Active,Not Active,Not Active,Not Active
2026/07/25 10:24:11.681,2026/07/25 10:24:11.668,2026/07/25 10:24:11.695,1,GPU-713d5b24-2a1e-fd4a-7685-c3d195ff9230,245.97,1410,1593,100,52,73511,38,P0,500.00,Not Active,Not Active,Not Active,Not Active
2026/07/25 10:24:11.932,2026/07/25 10:24:11.918,2026/07/25 10:24:11.946,0,GPU-c5d32af0-0857-3b36-6541-1a688a9ec165,86.94,1410,1593,0,0,73511,35,P0,500.00,Not Active,Not Active,Not Active,Not Active
2026/07/25 10:24:11.932,2026/07/25 10:24:11.918,2026/07/25 10:24:11.946,1,GPU-713d5b24-2a1e-fd4a-7685-c3d195ff9230,242.05,1410,1593,100,52,73511,39,P0,500.00,Not Active,Not Active,Not Active,Not Active
2026/07/25 10:24:12.182,2026/07/25 10:24:12.168,2026/07/25 10:24:12.196,0,GPU-c5d32af0-0857-3b36-6541-1a688a9ec165,87.03,1410,1593,0,0,73511,35,P0,500.00,Not Active,Not Active,Not Active,Not Active
2026/07/25 10:24:12.182,2026/07/25 10:24:12.168,2026/07/25 10:24:12.196,1,GPU-713d5b24-2a1e-fd4a-7685-c3d195ff9230,245.04,1410,1593,100,52,73511,39,P0,500.00,Not Active,Not Active,Not Active,Not Active
2026/07/25 10:24:12.441,2026/07/25 10:24:12.418,2026/07/25 10:24:12.465,0,GPU-c5d32af0-0857-3b36-6541-1a688a9ec165,375.02,1410,1593,86,16,73511,42,P0,500.00,Not Active,Not Active,Not Active,Not Active
2026/07/25 10:24:12.441,2026/07/25 10:24:12.418,2026/07/25 10:24:12.465,1,GPU-713d5b24-2a1e-fd4a-7685-c3d195ff9230,83.38,1410,1593,53,28,73511,35,P0,500.00,Not Active,Not Active,Not Active,Not Active
2026/07/25 10:24:12.694,2026/07/25 10:24:12.668,2026/07/25 10:24:12.719,0,GPU-c5d32af0-0857-3b36-6541-1a688a9ec165,371.59,1410,1593,100,14,73511,47,P0,500.00,Not Active,Not Active,Not Active,Not Active
2026/07/25 10:24:12.694,2026/07/25 10:24:12.668,2026/07/25 10:24:12.719,1,GPU-713d5b24-2a1e-fd4a-7685-c3d195ff9230,82.78,1410,1593,0,0,73511,34,P0,500.00,Not Active,Not Active,Not Active,Not Active
2026/07/25 10:24:12.933,2026/07/25 10:24:12.918,2026/07/25 10:24:12.949,0,GPU-c5d32af0-0857-3b36-6541-1a688a9ec165,96.72,1410,1593,98,14,73511,43,P0,500.00,Not Active,Not Active,Not Active,Not Active
2026/07/25 10:24:12.933,2026/07/25 10:24:12.918,2026/07/25 10:24:12.949,1,GPU-713d5b24-2a1e-fd4a-7685-c3d195ff9230,94.27,1410,1593,14,0,73511,35,P0,500.00,Not Active,Not Active,Not Active,Not Active
2026/07/25 10:24:13.183,2026/07/25 10:24:13.168,2026/07/25 10:24:13.198,0,GPU-c5d32af0-0857-3b36-6541-1a688a9ec165,88.82,1410,1593,0,0,73511,38,P0,500.00,Not Active,Not Active,Not Active,Not Active
2026/07/25 10:24:13.183,2026/07/25 10:24:13.168,2026/07/25 10:24:13.198,1,GPU-713d5b24-2a1e-fd4a-7685-c3d195ff9230,243.52,1410,1593,96,48,73511,38,P0,500.00,Not Active,Not Active,Not Active,Not Active
2026/07/25 10:24:13.432,2026/07/25 10:24:13.418,2026/07/25 10:24:13.446,0,GPU-c5d32af0-0857-3b36-6541-1a688a9ec165,88.23,1410,1593,0,0,73511,36,P0,500.00,Not Active,Not Active,Not Active,Not Active
2026/07/25 10:24:13.432,2026/07/25 10:24:13.418,2026/07/25 10:24:13.446,1,GPU-713d5b24-2a1e-fd4a-7685-c3d195ff9230,249.28,1410,1593,100,52,73511,39,P0,500.00,Not Active,Not Active,Not Active,Not Active
2026/07/25 10:24:13.683,2026/07/25 10:24:13.668,2026/07/25 10:24:13.697,0,GPU-c5d32af0-0857-3b36-6541-1a688a9ec165,87.90,1410,1593,0,0,73511,36,P0,500.00,Not Active,Not Active,Not Active,Not Active
2026/07/25 10:24:13.683,2026/07/25 10:24:13.668,2026/07/25 10:24:13.697,1,GPU-713d5b24-2a1e-fd4a-7685-c3d195ff9230,239.60,1410,1593,100,52,73511,39,P0,500.00,Not Active,Not Active,Not Active,Not Active
2026/07/25 10:24:13.933,2026/07/25 10:24:13.918,2026/07/25 10:24:13.948,0,GPU-c5d32af0-0857-3b36-6541-1a688a9ec165,87.90,1410,1593,0,0,73511,35,P0,500.00,Not Active,Not Active,Not Active,Not Active
2026/07/25 10:24:13.933,2026/07/25 10:24:13.918,2026/07/25 10:24:13.948,1,GPU-713d5b24-2a1e-fd4a-7685-c3d195ff9230,239.27,1410,1593,100,52,73511,39,P0,500.00,Not Active,Not Active,Not Active,Not Active
2026/07/25 10:24:14.182,2026/07/25 10:24:14.168,2026/07/25 10:24:14.196,0,GPU-c5d32af0-0857-3b36-6541-1a688a9ec165,87.63,1410,1593,0,0,73511,35,P0,500.00,Not Active,Not Active,Not Active,Not Active
2026/07/25 10:24:14.182,2026/07/25 10:24:14.168,2026/07/25 10:24:14.196,1,GPU-713d5b24-2a1e-fd4a-7685-c3d195ff9230,84.25,1410,1593,56,30,73511,36,P0,500.00,Not Active,Not Active,Not Active,Not Active
2026/07/25 10:24:14.439,2026/07/25 10:24:14.418,2026/07/25 10:24:14.460,0,GPU-c5d32af0-0857-3b36-6541-1a688a9ec165,385.63,1410,1593,97,18,73511,45,P0,500.00,Not Active,Not Active,Not Active,Not Active
2026/07/25 10:24:14.439,2026/07/25 10:24:14.418,2026/07/25 10:24:14.460,1,GPU-713d5b24-2a1e-fd4a-7685-c3d195ff9230,83.05,1410,1593,0,0,73511,34,P0,500.00,Not Active,Not Active,Not Active,Not Active
2026/07/25 10:24:14.684,2026/07/25 10:24:14.668,2026/07/25 10:24:14.701,0,GPU-c5d32af0-0857-3b36-6541-1a688a9ec165,364.95,1410,1593,100,14,73511,47,P0,500.00,Not Active,Not Active,Not Active,Not Active
2026/07/25 10:24:14.684,2026/07/25 10:24:14.668,2026/07/25 10:24:14.701,1,GPU-713d5b24-2a1e-fd4a-7685-c3d195ff9230,82.70,1410,1593,0,0,73511,34,P0,500.00,Not Active,Not Active,Not Active,Not Active
2026/07/25 10:24:14.938,2026/07/25 10:24:14.918,2026/07/25 10:24:14.958,0,GPU-c5d32af0-0857-3b36-6541-1a688a9ec165,89.52,1410,1593,61,8,73511,39,P0,500.00,Not Active,Not Active,Not Active,Not Active
2026/07/25 10:24:14.938,2026/07/25 10:24:14.918,2026/07/25 10:24:14.958,1,GPU-713d5b24-2a1e-fd4a-7685-c3d195ff9230,244.70,1410,1593,0,0,73511,37,P0,500.00,Not Active,Not Active,Not Active,Not Active
2026/07/25 10:24:15.184,2026/07/25 10:24:15.168,2026/07/25 10:24:15.200,0,GPU-c5d32af0-0857-3b36-6541-1a688a9ec165,87.63,1410,1593,0,0,73511,37,P0,500.00,Not Active,Not Active,Not Active,Not Active
2026/07/25 10:24:15.184,2026/07/25 10:24:15.168,2026/07/25 10:24:15.200,1,GPU-713d5b24-2a1e-fd4a-7685-c3d195ff9230,241.40,1410,1593,100,52,73511,38,P0,500.00,Not Active,Not Active,Not Active,Not Active
2026/07/25 10:24:15.435,2026/07/25 10:24:15.418,2026/07/25 10:24:15.452,0,GPU-c5d32af0-0857-3b36-6541-1a688a9ec165,87.63,1410,1593,0,0,73511,36,P0,500.00,Not Active,Not Active,Not Active,Not Active
2026/07/25 10:24:15.435,2026/07/25 10:24:15.418,2026/07/25 10:24:15.452,1,GPU-713d5b24-2a1e-fd4a-7685-c3d195ff9230,238.05,1410,1593,100,52,73511,39,P0,500.00,Not Active,Not Active,Not Active,Not Active
2026/07/25 10:24:15.683,2026/07/25 10:24:15.668,2026/07/25 10:24:15.698,0,GPU-c5d32af0-0857-3b36-6541-1a688a9ec165,87.30,1410,1593,0,0,73511,36,P0,500.00,Not Active,Not Active,Not Active,Not Active
2026/07/25 10:24:15.683,2026/07/25 10:24:15.668,2026/07/25 10:24:15.698,1,GPU-713d5b24-2a1e-fd4a-7685-c3d195ff9230,245.04,1410,1593,98,52,73511,40,P0,500.00,Not Active,Not Active,Not Active,Not Active
2026/07/25 10:24:15.935,2026/07/25 10:24:15.918,2026/07/25 10:24:15.953,0,GPU-c5d32af0-0857-3b36-6541-1a688a9ec165,87.39,1410,1593,0,0,73511,36,P0,500.00,Not Active,Not Active,Not Active,Not Active
2026/07/25 10:24:15.935,2026/07/25 10:24:15.918,2026/07/25 10:24:15.953,1,GPU-713d5b24-2a1e-fd4a-7685-c3d195ff9230,239.00,1410,1593,100,53,73511,40,P0,500.00,Not Active,Not Active,Not Active,Not Active
2026/07/25 10:24:16.182,2026/07/25 10:24:16.168,2026/07/25 10:24:16.196,0,GPU-c5d32af0-0857-3b36-6541-1a688a9ec165,87.03,1410,1593,0,0,73511,35,P0,500.00,Not Active,Not Active,Not Active,Not Active
2026/07/25 10:24:16.182,2026/07/25 10:24:16.168,2026/07/25 10:24:16.196,1,GPU-713d5b24-2a1e-fd4a-7685-c3d195ff9230,83.66,1410,1593,37,20,73511,36,P0,500.00,Not Active,Not Active,Not Active,Not Active
2026/07/25 10:24:16.456,2026/07/25 10:24:16.418,2026/07/25 10:24:16.493,0,GPU-c5d32af0-0857-3b36-6541-1a688a9ec165,381.39,1410,1593,7,1,73511,45,P0,500.00,Not Active,Not Active,Not Active,Not Active
2026/07/25 10:24:16.456,2026/07/25 10:24:16.418,2026/07/25 10:24:16.493,1,GPU-713d5b24-2a1e-fd4a-7685-c3d195ff9230,83.05,1410,1593,0,0,73511,34,P0,500.00,Not Active,Not Active,Not Active,Not Active
2026/07/25 10:24:16.686,2026/07/25 10:24:16.668,2026/07/25 10:24:16.703,0,GPU-c5d32af0-0857-3b36-6541-1a688a9ec165,370.45,1410,1593,100,17,73511,47,P0,500.00,Not Active,Not Active,Not Active,Not Active
2026/07/25 10:24:16.686,2026/07/25 10:24:16.668,2026/07/25 10:24:16.703,1,GPU-713d5b24-2a1e-fd4a-7685-c3d195ff9230,82.78,1410,1593,0,0,73511,34,P0,500.00,Not Active,Not Active,Not Active,Not Active
2026/07/25 10:24:16.936,2026/07/25 10:24:16.918,2026/07/25 10:24:16.953,0,GPU-c5d32af0-0857-3b36-6541-1a688a9ec165,89.75,1410,1593,12,3,73511,39,P0,500.00,Not Active,Not Active,Not Active,Not Active
2026/07/25 10:24:16.936,2026/07/25 10:24:16.918,2026/07/25 10:24:16.953,1,GPU-713d5b24-2a1e-fd4a-7685-c3d195ff9230,244.44,1410,1593,88,41,73511,38,P0,500.00,Not Active,Not Active,Not Active,Not Active
2026/07/25 10:24:17.183,2026/07/25 10:24:17.168,2026/07/25 10:24:17.199,0,GPU-c5d32af0-0857-3b36-6541-1a688a9ec165,88.50,1410,1593,0,0,73511,37,P0,500.00,Not Active,Not Active,Not Active,Not Active
2026/07/25 10:24:17.183,2026/07/25 10:24:17.168,2026/07/25 10:24:17.199,1,GPU-713d5b24-2a1e-fd4a-7685-c3d195ff9230,249.01,1410,1593,100,53,73511,39,P0,500.00,Not Active,Not Active,Not Active,Not Active
2026/07/25 10:24:17.434,2026/07/25 10:24:17.418,2026/07/25 10:24:17.451,0,GPU-c5d32af0-0857-3b36-6541-1a688a9ec165,88.23,1410,1593,0,0,73511,36,P0,500.00,Not Active,Not Active,Not Active,Not Active
2026/07/25 10:24:17.434,2026/07/25 10:24:17.418,2026/07/25 10:24:17.451,1,GPU-713d5b24-2a1e-fd4a-7685-c3d195ff9230,241.40,1410,1593,100,53,73511,39,P0,500.00,Not Active,Not Active,Not Active,Not Active
2026/07/25 10:24:17.684,2026/07/25 10:24:17.668,2026/07/25 10:24:17.700,0,GPU-c5d32af0-0857-3b36-6541-1a688a9ec165,87.90,1410,1593,0,0,73511,36,P0,500.00,Not Active,Not Active,Not Active,Not Active
2026/07/25 10:24:17.684,2026/07/25 10:24:17.668,2026/07/25 10:24:17.700,1,GPU-713d5b24-2a1e-fd4a-7685-c3d195ff9230,242.30,1410,1593,100,53,73511,40,P0,500.00,Not Active,Not Active,Not Active,Not Active
2026/07/25 10:24:17.934,2026/07/25 10:24:17.918,2026/07/25 10:24:17.951,0,GPU-c5d32af0-0857-3b36-6541-1a688a9ec165,87.90,1410,1593,0,0,73511,36,P0,500.00,Not Active,Not Active,Not Active,Not Active
2026/07/25 10:24:17.934,2026/07/25 10:24:17.918,2026/07/25 10:24:17.951,1,GPU-713d5b24-2a1e-fd4a-7685-c3d195ff9230,239.85,1410,1593,99,52,73511,40,P0,500.00,Not Active,Not Active,Not Active,Not Active
2026/07/25 10:24:18.182,2026/07/25 10:24:18.168,2026/07/25 10:24:18.197,0,GPU-c5d32af0-0857-3b36-6541-1a688a9ec165,87.72,1410,1593,0,0,73511,35,P0,500.00,Not Active,Not Active,Not Active,Not Active
2026/07/25 10:24:18.182,2026/07/25 10:24:18.168,2026/07/25 10:24:18.197,1,GPU-713d5b24-2a1e-fd4a-7685-c3d195ff9230,83.66,1410,1593,0,0,73511,35,P0,500.00,Not Active,Not Active,Not Active,Not Active
2026/07/25 10:24:18.436,2026/07/25 10:24:18.418,2026/07/25 10:24:18.453,0,GPU-c5d32af0-0857-3b36-6541-1a688a9ec165,338.35,1410,1593,13,3,73511,44,P0,500.00,Not Active,Not Active,Not Active,Not Active
2026/07/25 10:24:18.436,2026/07/25 10:24:18.418,2026/07/25 10:24:18.453,1,GPU-713d5b24-2a1e-fd4a-7685-c3d195ff9230,83.05,1410,1593,0,0,73511,34,P0,500.00,Not Active,Not Active,Not Active,Not Active
2026/07/25 10:24:18.685,2026/07/25 10:24:18.668,2026/07/25 10:24:18.702,0,GPU-c5d32af0-0857-3b36-6541-1a688a9ec165,360.76,1410,1593,100,15,73511,47,P0,500.00,Not Active,Not Active,Not Active,Not Active
2026/07/25 10:24:18.685,2026/07/25 10:24:18.668,2026/07/25 10:24:18.702,1,GPU-713d5b24-2a1e-fd4a-7685-c3d195ff9230,82.78,1410,1593,0,0,73511,34,P0,500.00,Not Active,Not Active,Not Active,Not Active
2026/07/25 10:24:18.934,2026/07/25 10:24:18.918,2026/07/25 10:24:18.950,0,GPU-c5d32af0-0857-3b36-6541-1a688a9ec165,89.75,1410,1593,16,3,73511,38,P0,500.00,Not Active,Not Active,Not Active,Not Active
2026/07/25 10:24:18.934,2026/07/25 10:24:18.918,2026/07/25 10:24:18.950,1,GPU-713d5b24-2a1e-fd4a-7685-c3d195ff9230,233.56,1410,1593,6,0,73511,38,P0,500.00,Not Active,Not Active,Not Active,Not Active
2026/07/25 10:24:19.184,2026/07/25 10:24:19.168,2026/07/25 10:24:19.199,0,GPU-c5d32af0-0857-3b36-6541-1a688a9ec165,88.82,1410,1593,0,0,73511,37,P0,500.00,Not Active,Not Active,Not Active,Not Active
2026/07/25 10:24:19.184,2026/07/25 10:24:19.168,2026/07/25 10:24:19.199,1,GPU-713d5b24-2a1e-fd4a-7685-c3d195ff9230,239.00,1410,1593,98,52,73511,39,P0,500.00,Not Active,Not Active,Not Active,Not Active
2026/07/25 10:24:19.435,2026/07/25 10:24:19.418,2026/07/25 10:24:19.453,0,GPU-c5d32af0-0857-3b36-6541-1a688a9ec165,88.50,1410,1593,0,0,73511,36,P0,500.00,Not Active,Not Active,Not Active,Not Active
2026/07/25 10:24:19.435,2026/07/25 10:24:19.418,2026/07/25 10:24:19.453,1,GPU-713d5b24-2a1e-fd4a-7685-c3d195ff9230,240.20,1410,1593,100,53,73511,40,P0,500.00,Not Active,Not Active,Not Active,Not Active
2026/07/25 10:24:19.684,2026/07/25 10:24:19.668,2026/07/25 10:24:19.699,0,GPU-c5d32af0-0857-3b36-6541-1a688a9ec165,88.50,1410,1593,0,0,73511,36,P0,500.00,Not Active,Not Active,Not Active,Not Active
2026/07/25 10:24:19.684,2026/07/25 10:24:19.668,2026/07/25 10:24:19.699,1,GPU-713d5b24-2a1e-fd4a-7685-c3d195ff9230,242.05,1410,1593,99,52,73511,40,P0,500.00,Not Active,Not Active,Not Active,Not Active
2026/07/25 10:24:19.933,2026/07/25 10:24:19.918,2026/07/25 10:24:19.949,0,GPU-c5d32af0-0857-3b36-6541-1a688a9ec165,87.90,1410,1593,0,0,73511,36,P0,500.00,Not Active,Not Active,Not Active,Not Active
2026/07/25 10:24:19.933,2026/07/25 10:24:19.918,2026/07/25 10:24:19.949,1,GPU-713d5b24-2a1e-fd4a-7685-c3d195ff9230,245.37,1410,1593,100,53,73511,40,P0,500.00,Not Active,Not Active,Not Active,Not Active
2026/07/25 10:24:20.182,2026/07/25 10:24:20.168,2026/07/25 10:24:20.196,0,GPU-c5d32af0-0857-3b36-6541-1a688a9ec165,87.90,1410,1593,0,0,73511,36,P0,500.00,Not Active,Not Active,Not Active,Not Active
2026/07/25 10:24:20.182,2026/07/25 10:24:20.168,2026/07/25 10:24:20.196,1,GPU-713d5b24-2a1e-fd4a-7685-c3d195ff9230,241.05,1410,1593,100,53,73511,41,P0,500.00,Not Active,Not Active,Not Active,Not Active
2026/07/25 10:24:20.433,2026/07/25 10:24:20.418,2026/07/25 10:24:20.449,0,GPU-c5d32af0-0857-3b36-6541-1a688a9ec165,378.93,1410,1593,10,2,73511,44,P0,500.00,Not Active,Not Active,Not Active,Not Active
2026/07/25 10:24:20.433,2026/07/25 10:24:20.418,2026/07/25 10:24:20.449,1,GPU-713d5b24-2a1e-fd4a-7685-c3d195ff9230,184.17,1410,1593,90,48,73511,38,P0,500.00,Not Active,Not Active,Not Active,Not Active
2026/07/25 10:24:20.683,2026/07/25 10:24:20.668,2026/07/25 10:24:20.699,0,GPU-c5d32af0-0857-3b36-6541-1a688a9ec165,369.85,1410,1593,100,14,73511,48,P0,500.00,Not Active,Not Active,Not Active,Not Active
2026/07/25 10:24:20.683,2026/07/25 10:24:20.668,2026/07/25 10:24:20.699,1,GPU-713d5b24-2a1e-fd4a-7685-c3d195ff9230,83.38,1410,1593,0,0,73511,35,P0,500.00,Not Active,Not Active,Not Active,Not Active
2026/07/25 10:24:20.934,2026/07/25 10:24:20.918,2026/07/25 10:24:20.950,0,GPU-c5d32af0-0857-3b36-6541-1a688a9ec165,373.70,1410,1593,100,12,73511,49,P0,500.00,Not Active,Not Active,Not Active,Not Active
2026/07/25 10:24:20.934,2026/07/25 10:24:20.918,2026/07/25 10:24:20.950,1,GPU-713d5b24-2a1e-fd4a-7685-c3d195ff9230,83.38,1410,1593,0,0,73511,35,P0,500.00,Not Active,Not Active,Not Active,Not Active
2026/07/25 10:24:21.183,2026/07/25 10:24:21.168,2026/07/25 10:24:21.198,0,GPU-c5d32af0-0857-3b36-6541-1a688a9ec165,96.99,1410,1593,56,6,73511,42,P0,500.00,Not Active,Not Active,Not Active,Not Active
2026/07/25 10:24:21.183,2026/07/25 10:24:21.168,2026/07/25 10:24:21.198,1,GPU-713d5b24-2a1e-fd4a-7685-c3d195ff9230,88.82,1410,1593,25,0,73511,35,P0,500.00,Not Active,Not Active,Not Active,Not Active
2026/07/25 10:24:21.433,2026/07/25 10:24:21.418,2026/07/25 10:24:21.449,0,GPU-c5d32af0-0857-3b36-6541-1a688a9ec165,89.43,1410,1593,0,0,73511,38,P0,500.00,Not Active,Not Active,Not Active,Not Active
2026/07/25 10:24:21.433,2026/07/25 10:24:21.418,2026/07/25 10:24:21.449,1,GPU-713d5b24-2a1e-fd4a-7685-c3d195ff9230,242.65,1410,1593,98,51,73511,39,P0,500.00,Not Active,Not Active,Not Active,Not Active
2026/07/25 10:24:21.682,2026/07/25 10:24:21.668,2026/07/25 10:24:21.697,0,GPU-c5d32af0-0857-3b36-6541-1a688a9ec165,88.82,1410,1593,0,0,73511,37,P0,500.00,Not Active,Not Active,Not Active,Not Active
2026/07/25 10:24:21.682,2026/07/25 10:24:21.668,2026/07/25 10:24:21.697,1,GPU-713d5b24-2a1e-fd4a-7685-c3d195ff9230,243.84,1410,1593,100,52,73511,40,P0,500.00,Not Active,Not Active,Not Active,Not Active
2026/07/25 10:24:21.933,2026/07/25 10:24:21.918,2026/07/25 10:24:21.948,0,GPU-c5d32af0-0857-3b36-6541-1a688a9ec165,88.59,1410,1593,0,0,73511,37,P0,500.00,Not Active,Not Active,Not Active,Not Active
2026/07/25 10:24:21.933,2026/07/25 10:24:21.918,2026/07/25 10:24:21.948,1,GPU-713d5b24-2a1e-fd4a-7685-c3d195ff9230,239.93,1410,1593,100,52,73511,40,P0,500.00,Not Active,Not Active,Not Active,Not Active
2026/07/25 10:24:22.185,2026/07/25 10:24:22.168,2026/07/25 10:24:22.201,0,GPU-c5d32af0-0857-3b36-6541-1a688a9ec165,88.50,1410,1593,0,0,73511,36,P0,500.00,Not Active,Not Active,Not Active,Not Active
2026/07/25 10:24:22.185,2026/07/25 10:24:22.168,2026/07/25 10:24:22.201,1,GPU-713d5b24-2a1e-fd4a-7685-c3d195ff9230,104.62,1410,1593,100,51,73511,38,P0,500.00,Not Active,Not Active,Not Active,Not Active
2026/07/25 10:24:22.435,2026/07/25 10:24:22.418,2026/07/25 10:24:22.451,0,GPU-c5d32af0-0857-3b36-6541-1a688a9ec165,383.77,1410,1593,27,5,73511,45,P0,500.00,Not Active,Not Active,Not Active,Not Active
2026/07/25 10:24:22.435,2026/07/25 10:24:22.418,2026/07/25 10:24:22.451,1,GPU-713d5b24-2a1e-fd4a-7685-c3d195ff9230,83.98,1410,1593,0,0,73511,36,P0,500.00,Not Active,Not Active,Not Active,Not Active
2026/07/25 10:24:22.685,2026/07/25 10:24:22.668,2026/07/25 10:24:22.701,0,GPU-c5d32af0-0857-3b36-6541-1a688a9ec165,367.73,1410,1593,100,14,73511,48,P0,500.00,Not Active,Not Active,Not Active,Not Active
2026/07/25 10:24:22.685,2026/07/25 10:24:22.668,2026/07/25 10:24:22.701,1,GPU-713d5b24-2a1e-fd4a-7685-c3d195ff9230,83.38,1410,1593,0,0,73511,35,P0,500.00,Not Active,Not Active,Not Active,Not Active
2026/07/25 10:24:22.934,2026/07/25 10:24:22.918,2026/07/25 10:24:22.951,0,GPU-c5d32af0-0857-3b36-6541-1a688a9ec165,90.02,1410,1593,5,1,73511,39,P0,500.00,Not Active,Not Active,Not Active,Not Active
2026/07/25 10:24:22.934,2026/07/25 10:24:22.918,2026/07/25 10:24:22.951,1,GPU-713d5b24-2a1e-fd4a-7685-c3d195ff9230,230.19,1410,1593,8,0,73511,37,P0,500.00,Not Active,Not Active,Not Active,Not Active
2026/07/25 10:24:23.184,2026/07/25 10:24:23.168,2026/07/25 10:24:23.200,0,GPU-c5d32af0-0857-3b36-6541-1a688a9ec165,89.16,1410,1593,0,0,73511,38,P0,500.00,Not Active,Not Active,Not Active,Not Active
2026/07/25 10:24:23.184,2026/07/25 10:24:23.168,2026/07/25 10:24:23.200,1,GPU-713d5b24-2a1e-fd4a-7685-c3d195ff9230,242.92,1410,1593,82,39,73511,39,P0,500.00,Not Active,Not Active,Not Active,Not Active
2026/07/25 10:24:23.433,2026/07/25 10:24:23.418,2026/07/25 10:24:23.447,0,GPU-c5d32af0-0857-3b36-6541-1a688a9ec165,88.50,1410,1593,0,0,73511,37,P0,500.00,Not Active,Not Active,Not Active,Not Active
2026/07/25 10:24:23.433,2026/07/25 10:24:23.418,2026/07/25 10:24:23.447,1,GPU-713d5b24-2a1e-fd4a-7685-c3d195ff9230,243.84,1410,1593,100,53,73511,40,P0,500.00,Not Active,Not Active,Not Active,Not Active
2026/07/25 10:24:23.684,2026/07/25 10:24:23.668,2026/07/25 10:24:23.701,0,GPU-c5d32af0-0857-3b36-6541-1a688a9ec165,89.16,1410,1593,0,0,73511,37,P0,500.00,Not Active,Not Active,Not Active,Not Active
2026/07/25 10:24:23.684,2026/07/25 10:24:23.668,2026/07/25 10:24:23.701,1,GPU-713d5b24-2a1e-fd4a-7685-c3d195ff9230,239.93,1410,1593,100,53,73511,41,P0,500.00,Not Active,Not Active,Not Active,Not Active
2026/07/25 10:24:23.932,2026/07/25 10:24:23.918,2026/07/25 10:24:23.947,0,GPU-c5d32af0-0857-3b36-6541-1a688a9ec165,88.23,1410,1593,0,0,73511,36,P0,500.00,Not Active,Not Active,Not Active,Not Active
2026/07/25 10:24:23.932,2026/07/25 10:24:23.918,2026/07/25 10:24:23.947,1,GPU-713d5b24-2a1e-fd4a-7685-c3d195ff9230,243.25,1410,1593,100,53,73511,41,P0,500.00,Not Active,Not Active,Not Active,Not Active
2026/07/25 10:24:24.182,2026/07/25 10:24:24.168,2026/07/25 10:24:24.196,0,GPU-c5d32af0-0857-3b36-6541-1a688a9ec165,88.23,1410,1593,0,0,73511,36,P0,500.00,Not Active,Not Active,Not Active,Not Active
2026/07/25 10:24:24.182,2026/07/25 10:24:24.168,2026/07/25 10:24:24.196,1,GPU-713d5b24-2a1e-fd4a-7685-c3d195ff9230,84.34,1410,1593,0,0,73511,36,P0,500.00,Not Active,Not Active,Not Active,Not Active
2026/07/25 10:24:24.432,2026/07/25 10:24:24.418,2026/07/25 10:24:24.446,0,GPU-c5d32af0-0857-3b36-6541-1a688a9ec165,374.42,1410,1593,29,6,73511,44,P0,500.00,Not Active,Not Active,Not Active,Not Active
2026/07/25 10:24:24.432,2026/07/25 10:24:24.418,2026/07/25 10:24:24.446,1,GPU-713d5b24-2a1e-fd4a-7685-c3d195ff9230,83.89,1410,1593,0,0,73511,35,P0,500.00,Not Active,Not Active,Not Active,Not Active
2026/07/25 10:24:24.681,2026/07/25 10:24:24.668,2026/07/25 10:24:24.695,0,GPU-c5d32af0-0857-3b36-6541-1a688a9ec165,371.97,1410,1593,100,17,73511,48,P0,500.00,Not Active,Not Active,Not Active,Not Active
2026/07/25 10:24:24.681,2026/07/25 10:24:24.668,2026/07/25 10:24:24.695,1,GPU-713d5b24-2a1e-fd4a-7685-c3d195ff9230,82.97,1410,1593,0,0,73511,35,P0,500.00,Not Active,Not Active,Not Active,Not Active
2026/07/25 10:24:24.943,2026/07/25 10:24:24.918,2026/07/25 10:24:24.968,0,GPU-c5d32af0-0857-3b36-6541-1a688a9ec165,98.52,1410,1593,8,2,73511,40,P0,500.00,Not Active,Not Active,Not Active,Not Active
2026/07/25 10:24:24.943,2026/07/25 10:24:24.918,2026/07/25 10:24:24.968,1,GPU-713d5b24-2a1e-fd4a-7685-c3d195ff9230,90.35,1410,1593,11,0,73511,37,P0,500.00,Not Active,Not Active,Not Active,Not Active
2026/07/25 10:24:25.184,2026/07/25 10:24:25.168,2026/07/25 10:24:25.200,0,GPU-c5d32af0-0857-3b36-6541-1a688a9ec165,89.43,1410,1593,0,0,73511,38,P0,500.00,Not Active,Not Active,Not Active,Not Active
2026/07/25 10:24:25.184,2026/07/25 10:24:25.168,2026/07/25 10:24:25.200,1,GPU-713d5b24-2a1e-fd4a-7685-c3d195ff9230,241.40,1410,1593,100,53,73511,39,P0,500.00,Not Active,Not Active,Not Active,Not Active
2026/07/25 10:24:25.433,2026/07/25 10:24:25.418,2026/07/25 10:24:25.448,0,GPU-c5d32af0-0857-3b36-6541-1a688a9ec165,88.82,1410,1593,0,0,73511,37,P0,500.00,Not Active,Not Active,Not Active,Not Active
2026/07/25 10:24:25.433,2026/07/25 10:24:25.418,2026/07/25 10:24:25.448,1,GPU-713d5b24-2a1e-fd4a-7685-c3d195ff9230,245.90,1410,1593,100,52,73511,40,P0,500.00,Not Active,Not Active,Not Active,Not Active
2026/07/25 10:24:25.684,2026/07/25 10:24:25.668,2026/07/25 10:24:25.701,0,GPU-c5d32af0-0857-3b36-6541-1a688a9ec165,88.82,1410,1593,0,0,73511,37,P0,500.00,Not Active,Not Active,Not Active,Not Active
2026/07/25 10:24:25.684,2026/07/25 10:24:25.668,2026/07/25 10:24:25.701,1,GPU-713d5b24-2a1e-fd4a-7685-c3d195ff9230,248.09,1410,1593,100,53,73511,41,P0,500.00,Not Active,Not Active,Not Active,Not Active
2026/07/25 10:24:25.933,2026/07/25 10:24:25.918,2026/07/25 10:24:25.948,0,GPU-c5d32af0-0857-3b36-6541-1a688a9ec165,88.50,1410,1593,0,0,73511,37,P0,500.00,Not Active,Not Active,Not Active,Not Active
2026/07/25 10:24:25.933,2026/07/25 10:24:25.918,2026/07/25 10:24:25.948,1,GPU-713d5b24-2a1e-fd4a-7685-c3d195ff9230,244.77,1410,1593,100,53,73511,41,P0,500.00,Not Active,Not Active,Not Active,Not Active
2026/07/25 10:24:26.184,2026/07/25 10:24:26.168,2026/07/25 10:24:26.199,0,GPU-c5d32af0-0857-3b36-6541-1a688a9ec165,88.50,1410,1593,0,0,73511,36,P0,500.00,Not Active,Not Active,Not Active,Not Active
2026/07/25 10:24:26.184,2026/07/25 10:24:26.168,2026/07/25 10:24:26.199,1,GPU-713d5b24-2a1e-fd4a-7685-c3d195ff9230,247.42,1410,1593,100,53,73511,41,P0,500.00,Not Active,Not Active,Not Active,Not Active
2026/07/25 10:24:26.432,2026/07/25 10:24:26.418,2026/07/25 10:24:26.447,0,GPU-c5d32af0-0857-3b36-6541-1a688a9ec165,385.23,1410,1593,36,7,73511,44,P0,500.00,Not Active,Not Active,Not Active,Not Active
2026/07/25 10:24:26.432,2026/07/25 10:24:26.418,2026/07/25 10:24:26.447,1,GPU-713d5b24-2a1e-fd4a-7685-c3d195ff9230,87.90,1410,1593,69,36,73511,40,P0,500.00,Not Active,Not Active,Not Active,Not Active
2026/07/25 10:24:26.683,2026/07/25 10:24:26.668,2026/07/25 10:24:26.697,0,GPU-c5d32af0-0857-3b36-6541-1a688a9ec165,372.89,1410,1593,100,17,73511,48,P0,500.00,Not Active,Not Active,Not Active,Not Active
2026/07/25 10:24:26.683,2026/07/25 10:24:26.668,2026/07/25 10:24:26.697,1,GPU-713d5b24-2a1e-fd4a-7685-c3d195ff9230,83.66,1410,1593,0,0,73511,36,P0,500.00,Not Active,Not Active,Not Active,Not Active
2026/07/25 10:24:26.934,2026/07/25 10:24:26.918,2026/07/25 10:24:26.949,0,GPU-c5d32af0-0857-3b36-6541-1a688a9ec165,361.09,1410,1593,89,12,73511,46,P0,500.00,Not Active,Not Active,Not Active,Not Active
2026/07/25 10:24:26.934,2026/07/25 10:24:26.918,2026/07/25 10:24:26.949,1,GPU-713d5b24-2a1e-fd4a-7685-c3d195ff9230,83.38,1410,1593,0,0,73511,35,P0,500.00,Not Active,Not Active,Not Active,Not Active
2026/07/25 10:24:27.183,2026/07/25 10:24:27.168,2026/07/25 10:24:27.199,0,GPU-c5d32af0-0857-3b36-6541-1a688a9ec165,90.35,1410,1593,89,12,73511,40,P0,500.00,Not Active,Not Active,Not Active,Not Active
2026/07/25 10:24:27.183,2026/07/25 10:24:27.168,2026/07/25 10:24:27.199,1,GPU-713d5b24-2a1e-fd4a-7685-c3d195ff9230,233.15,1410,1593,21,0,73511,39,P0,500.00,Not Active,Not Active,Not Active,Not Active
2026/07/25 10:24:27.433,2026/07/25 10:24:27.418,2026/07/25 10:24:27.447,0,GPU-c5d32af0-0857-3b36-6541-1a688a9ec165,89.43,1410,1593,0,0,73511,38,P0,500.00,Not Active,Not Active,Not Active,Not Active
2026/07/25 10:24:27.433,2026/07/25 10:24:27.418,2026/07/25 10:24:27.447,1,GPU-713d5b24-2a1e-fd4a-7685-c3d195ff9230,241.40,1410,1593,79,40,73511,40,P0,500.00,Not Active,Not Active,Not Active,Not Active
2026/07/25 10:24:27.683,2026/07/25 10:24:27.668,2026/07/25 10:24:27.697,0,GPU-c5d32af0-0857-3b36-6541-1a688a9ec165,89.07,1410,1593,0,0,73511,37,P0,500.00,Not Active,Not Active,Not Active,Not Active
2026/07/25 10:24:27.683,2026/07/25 10:24:27.668,2026/07/25 10:24:27.697,1,GPU-713d5b24-2a1e-fd4a-7685-c3d195ff9230,240.77,1410,1593,100,52,73511,41,P0,500.00,Not Active,Not Active,Not Active,Not Active
2026/07/25 10:24:27.960,2026/07/25 10:24:27.918,2026/07/25 10:24:28.003,0,GPU-c5d32af0-0857-3b36-6541-1a688a9ec165,92.75,1410,1593,0,0,73511,37,P0,500.00,Not Active,Not Active,Not Active,Not Active
2026/07/25 10:24:27.960,2026/07/25 10:24:27.918,2026/07/25 10:24:28.003,1,GPU-713d5b24-2a1e-fd4a-7685-c3d195ff9230,236.28,1410,1593,100,52,73511,41,P0,500.00,Not Active,Not Active,Not Active,Not Active
2026/07/25 10:24:28.183,2026/07/25 10:24:28.168,2026/07/25 10:24:28.199,0,GPU-c5d32af0-0857-3b36-6541-1a688a9ec165,88.50,1410,1593,0,0,73511,37,P0,500.00,Not Active,Not Active,Not Active,Not Active
2026/07/25 10:24:28.183,2026/07/25 10:24:28.168,2026/07/25 10:24:28.199,1,GPU-713d5b24-2a1e-fd4a-7685-c3d195ff9230,239.00,1410,1593,100,52,73511,41,P0,500.00,Not Active,Not Active,Not Active,Not Active
2026/07/25 10:24:28.434,2026/07/25 10:24:28.418,2026/07/25 10:24:28.450,0,GPU-c5d32af0-0857-3b36-6541-1a688a9ec165,383.50,1410,1593,50,10,73511,45,P0,500.00,Not Active,Not Active,Not Active,Not Active
2026/07/25 10:24:28.434,2026/07/25 10:24:28.418,2026/07/25 10:24:28.450,1,GPU-713d5b24-2a1e-fd4a-7685-c3d195ff9230,83.89,1410,1593,56,29,73511,36,P0,500.00,Not Active,Not Active,Not Active,Not Active
2026/07/25 10:24:28.684,2026/07/25 10:24:28.668,2026/07/25 10:24:28.701,0,GPU-c5d32af0-0857-3b36-6541-1a688a9ec165,370.45,1410,1593,100,16,73511,49,P0,500.00,Not Active,Not Active,Not Active,Not Active
2026/07/25 10:24:28.684,2026/07/25 10:24:28.668,2026/07/25 10:24:28.701,1,GPU-713d5b24-2a1e-fd4a-7685-c3d195ff9230,83.66,1410,1593,0,0,73511,35,P0,500.00,Not Active,Not Active,Not Active,Not Active
2026/07/25 10:24:28.957,2026/07/25 10:24:28.918,2026/07/25 10:24:28.996,0,GPU-c5d32af0-0857-3b36-6541-1a688a9ec165,90.63,1410,1593,0,0,73511,39,P0,500.00,Not Active,Not Active,Not Active,Not Active
2026/07/25 10:24:28.957,2026/07/25 10:24:28.918,2026/07/25 10:24:28.996,1,GPU-713d5b24-2a1e-fd4a-7685-c3d195ff9230,245.29,1410,1593,51,18,73511,39,P0,500.00,Not Active,Not Active,Not Active,Not Active
2026/07/25 10:24:29.183,2026/07/25 10:24:29.168,2026/07/25 10:24:29.199,0,GPU-c5d32af0-0857-3b36-6541-1a688a9ec165,90.35,1410,1593,0,0,73511,38,P0,500.00,Not Active,Not Active,Not Active,Not Active
2026/07/25 10:24:29.183,2026/07/25 10:24:29.168,2026/07/25 10:24:29.199,1,GPU-713d5b24-2a1e-fd4a-7685-c3d195ff9230,241.65,1410,1593,100,53,73511,40,P0,500.00,Not Active,Not Active,Not Active,Not Active
2026/07/25 10:24:29.433,2026/07/25 10:24:29.418,2026/07/25 10:24:29.448,0,GPU-c5d32af0-0857-3b36-6541-1a688a9ec165,89.16,1410,1593,0,0,73511,38,P0,500.00,Not Active,Not Active,Not Active,Not Active
2026/07/25 10:24:29.433,2026/07/25 10:24:29.418,2026/07/25 10:24:29.448,1,GPU-713d5b24-2a1e-fd4a-7685-c3d195ff9230,242.65,1410,1593,100,53,73511,41,P0,500.00,Not Active,Not Active,Not Active,Not Active
2026/07/25 10:24:29.683,2026/07/25 10:24:29.668,2026/07/25 10:24:29.697,0,GPU-c5d32af0-0857-3b36-6541-1a688a9ec165,88.82,1410,1593,0,0,73511,37,P0,500.00,Not Active,Not Active,Not Active,Not Active
2026/07/25 10:24:29.683,2026/07/25 10:24:29.668,2026/07/25 10:24:29.697,1,GPU-713d5b24-2a1e-fd4a-7685-c3d195ff9230,241.05,1410,1593,100,53,73511,41,P0,500.00,Not Active,Not Active,Not Active,Not Active
2026/07/25 10:24:29.934,2026/07/25 10:24:29.918,2026/07/25 10:24:29.950,0,GPU-c5d32af0-0857-3b36-6541-1a688a9ec165,88.50,1410,1593,0,0,73511,37,P0,500.00,Not Active,Not Active,Not Active,Not Active
2026/07/25 10:24:29.934,2026/07/25 10:24:29.918,2026/07/25 10:24:29.950,1,GPU-713d5b24-2a1e-fd4a-7685-c3d195ff9230,241.40,1410,1593,100,53,73511,41,P0,500.00,Not Active,Not Active,Not Active,Not Active
2026/07/25 10:24:30.183,2026/07/25 10:24:30.168,2026/07/25 10:24:30.198,0,GPU-c5d32af0-0857-3b36-6541-1a688a9ec165,88.59,1410,1593,0,0,73511,37,P0,500.00,Not Active,Not Active,Not Active,Not Active
2026/07/25 10:24:30.183,2026/07/25 10:24:30.168,2026/07/25 10:24:30.198,1,GPU-713d5b24-2a1e-fd4a-7685-c3d195ff9230,84.58,1410,1593,100,53,73511,38,P0,500.00,Not Active,Not Active,Not Active,Not Active
2026/07/25 10:24:30.436,2026/07/25 10:24:30.418,2026/07/25 10:24:30.454,0,GPU-c5d32af0-0857-3b36-6541-1a688a9ec165,382.91,1410,1593,52,10,73511,46,P0,500.00,Not Active,Not Active,Not Active,Not Active
2026/07/25 10:24:30.436,2026/07/25 10:24:30.418,2026/07/25 10:24:30.454,1,GPU-713d5b24-2a1e-fd4a-7685-c3d195ff9230,83.66,1410,1593,0,0,73511,36,P0,500.00,Not Active,Not Active,Not Active,Not Active
2026/07/25 10:24:30.682,2026/07/25 10:24:30.668,2026/07/25 10:24:30.697,0,GPU-c5d32af0-0857-3b36-6541-1a688a9ec165,377.08,1410,1593,100,16,73511,49,P0,500.00,Not Active,Not Active,Not Active,Not Active
2026/07/25 10:24:30.682,2026/07/25 10:24:30.668,2026/07/25 10:24:30.697,1,GPU-713d5b24-2a1e-fd4a-7685-c3d195ff9230,83.29,1410,1593,0,0,73511,35,P0,500.00,Not Active,Not Active,Not Active,Not Active
2026/07/25 10:24:30.968,2026/07/25 10:24:30.918,2026/07/25 10:24:31.017,0,GPU-c5d32af0-0857-3b36-6541-1a688a9ec165,96.40,1410,1593,100,13,73511,44,P0,500.00,Not Active,Not Active,Not Active,Not Active
2026/07/25 10:24:30.968,2026/07/25 10:24:30.918,2026/07/25 10:24:31.017,1,GPU-713d5b24-2a1e-fd4a-7685-c3d195ff9230,95.47,1410,1593,0,0,73511,35,P0,500.00,Not Active,Not Active,Not Active,Not Active
2026/07/25 10:24:31.184,2026/07/25 10:24:31.168,2026/07/25 10:24:31.200,0,GPU-c5d32af0-0857-3b36-6541-1a688a9ec165,90.95,1410,1593,34,6,73511,39,P0,500.00,Not Active,Not Active,Not Active,Not Active
2026/07/25 10:24:31.184,2026/07/25 10:24:31.168,2026/07/25 10:24:31.200,1,GPU-713d5b24-2a1e-fd4a-7685-c3d195ff9230,235.68,1410,1593,59,20,73511,39,P0,500.00,Not Active,Not Active,Not Active,Not Active
2026/07/25 10:24:31.433,2026/07/25 10:24:31.418,2026/07/25 10:24:31.448,0,GPU-c5d32af0-0857-3b36-6541-1a688a9ec165,89.43,1410,1593,0,0,73511,38,P0,500.00,Not Active,Not Active,Not Active,Not Active
2026/07/25 10:24:31.433,2026/07/25 10:24:31.418,2026/07/25 10:24:31.448,1,GPU-713d5b24-2a1e-fd4a-7685-c3d195ff9230,245.37,1410,1593,99,52,73511,40,P0,500.00,Not Active,Not Active,Not Active,Not Active
2026/07/25 10:24:31.683,2026/07/25 10:24:31.668,2026/07/25 10:24:31.698,0,GPU-c5d32af0-0857-3b36-6541-1a688a9ec165,89.16,1410,1593,0,0,73511,38,P0,500.00,Not Active,Not Active,Not Active,Not Active
2026/07/25 10:24:31.683,2026/07/25 10:24:31.668,2026/07/25 10:24:31.698,1,GPU-713d5b24-2a1e-fd4a-7685-c3d195ff9230,245.97,1410,1593,100,52,73511,41,P0,500.00,Not Active,Not Active,Not Active,Not Active
2026/07/25 10:24:31.934,2026/07/25 10:24:31.918,2026/07/25 10:24:31.949,0,GPU-c5d32af0-0857-3b36-6541-1a688a9ec165,88.82,1410,1593,0,0,73511,37,P0,500.00,Not Active,Not Active,Not Active,Not Active
2026/07/25 10:24:31.934,2026/07/25 10:24:31.918,2026/07/25 10:24:31.949,1,GPU-713d5b24-2a1e-fd4a-7685-c3d195ff9230,235.96,1410,1593,100,52,73511,41,P0,500.00,Not Active,Not Active,Not Active,Not Active
2026/07/25 10:24:32.185,2026/07/25 10:24:32.168,2026/07/25 10:24:32.202,0,GPU-c5d32af0-0857-3b36-6541-1a688a9ec165,88.82,1410,1593,0,0,73511,37,P0,500.00,Not Active,Not Active,Not Active,Not Active
2026/07/25 10:24:32.185,2026/07/25 10:24:32.168,2026/07/25 10:24:32.202,1,GPU-713d5b24-2a1e-fd4a-7685-c3d195ff9230,243.50,1410,1593,100,52,73511,41,P0,500.00,Not Active,Not Active,Not Active,Not Active
2026/07/25 10:24:32.436,2026/07/25 10:24:32.418,2026/07/25 10:24:32.453,0,GPU-c5d32af0-0857-3b36-6541-1a688a9ec165,381.98,1410,1593,59,11,73511,46,P0,500.00,Not Active,Not Active,Not Active,Not Active
2026/07/25 10:24:32.436,2026/07/25 10:24:32.418,2026/07/25 10:24:32.453,1,GPU-713d5b24-2a1e-fd4a-7685-c3d195ff9230,237.16,1410,1593,100,52,73511,42,P0,500.00,Not Active,Not Active,Not Active,Not Active
2026/07/25 10:24:32.685,2026/07/25 10:24:32.668,2026/07/25 10:24:32.702,0,GPU-c5d32af0-0857-3b36-6541-1a688a9ec165,369.25,1410,1593,100,15,73511,49,P0,500.00,Not Active,Not Active,Not Active,Not Active
2026/07/25 10:24:32.685,2026/07/25 10:24:32.668,2026/07/25 10:24:32.702,1,GPU-713d5b24-2a1e-fd4a-7685-c3d195ff9230,84.49,1410,1593,11,6,73511,37,P0,500.00,Not Active,Not Active,Not Active,Not Active
2026/07/25 10:24:32.935,2026/07/25 10:24:32.918,2026/07/25 10:24:32.952,0,GPU-c5d32af0-0857-3b36-6541-1a688a9ec165,93.68,1410,1593,96,13,73511,43,P0,500.00,Not Active,Not Active,Not Active,Not Active
2026/07/25 10:24:32.935,2026/07/25 10:24:32.918,2026/07/25 10:24:32.952,1,GPU-713d5b24-2a1e-fd4a-7685-c3d195ff9230,241.72,1410,1593,13,0,73511,36,P0,500.00,Not Active,Not Active,Not Active,Not Active
2026/07/25 10:24:33.183,2026/07/25 10:24:33.168,2026/07/25 10:24:33.199,0,GPU-c5d32af0-0857-3b36-6541-1a688a9ec165,90.25,1410,1593,0,0,73511,39,P0,500.00,Not Active,Not Active,Not Active,Not Active
2026/07/25 10:24:33.183,2026/07/25 10:24:33.168,2026/07/25 10:24:33.199,1,GPU-713d5b24-2a1e-fd4a-7685-c3d195ff9230,245.64,1410,1593,89,44,73511,41,P0,500.00,Not Active,Not Active,Not Active,Not Active
2026/07/25 10:24:33.433,2026/07/25 10:24:33.418,2026/07/25 10:24:33.448,0,GPU-c5d32af0-0857-3b36-6541-1a688a9ec165,89.75,1410,1593,0,0,73511,38,P0,500.00,Not Active,Not Active,Not Active,Not Active
2026/07/25 10:24:33.433,2026/07/25 10:24:33.418,2026/07/25 10:24:33.448,1,GPU-713d5b24-2a1e-fd4a-7685-c3d195ff9230,241.12,1410,1593,100,52,73511,41,P0,500.00,Not Active,Not Active,Not Active,Not Active
2026/07/25 10:24:33.685,2026/07/25 10:24:33.668,2026/07/25 10:24:33.702,0,GPU-c5d32af0-0857-3b36-6541-1a688a9ec165,89.25,1410,1593,0,0,73511,38,P0,500.00,Not Active,Not Active,Not Active,Not Active
2026/07/25 10:24:33.685,2026/07/25 10:24:33.668,2026/07/25 10:24:33.702,1,GPU-713d5b24-2a1e-fd4a-7685-c3d195ff9230,246.56,1410,1593,100,52,73511,42,P0,500.00,Not Active,Not Active,Not Active,Not Active
2026/07/25 10:24:33.935,2026/07/25 10:24:33.918,2026/07/25 10:24:33.952,0,GPU-c5d32af0-0857-3b36-6541-1a688a9ec165,89.16,1410,1593,0,0,73511,37,P0,500.00,Not Active,Not Active,Not Active,Not Active
2026/07/25 10:24:33.935,2026/07/25 10:24:33.918,2026/07/25 10:24:33.952,1,GPU-713d5b24-2a1e-fd4a-7685-c3d195ff9230,242.92,1410,1593,100,52,73511,42,P0,500.00,Not Active,Not Active,Not Active,Not Active
2026/07/25 10:24:34.186,2026/07/25 10:24:34.168,2026/07/25 10:24:34.203,0,GPU-c5d32af0-0857-3b36-6541-1a688a9ec165,88.82,1410,1593,0,0,73511,37,P0,500.00,Not Active,Not Active,Not Active,Not Active
2026/07/25 10:24:34.186,2026/07/25 10:24:34.168,2026/07/25 10:24:34.203,1,GPU-713d5b24-2a1e-fd4a-7685-c3d195ff9230,84.90,1410,1593,90,48,73511,39,P0,500.00,Not Active,Not Active,Not Active,Not Active
2026/07/25 10:24:34.433,2026/07/25 10:24:34.418,2026/07/25 10:24:34.448,0,GPU-c5d32af0-0857-3b36-6541-1a688a9ec165,380.66,1410,1593,0,0,73511,45,P0,500.00,Not Active,Not Active,Not Active,Not Active
2026/07/25 10:24:34.433,2026/07/25 10:24:34.418,2026/07/25 10:24:34.448,1,GPU-713d5b24-2a1e-fd4a-7685-c3d195ff9230,83.98,1410,1593,0,0,73511,36,P0,500.00,Not Active,Not Active,Not Active,Not Active
2026/07/25 10:24:34.682,2026/07/25 10:24:34.668,2026/07/25 10:24:34.696,0,GPU-c5d32af0-0857-3b36-6541-1a688a9ec165,372.57,1410,1593,100,15,73511,49,P0,500.00,Not Active,Not Active,Not Active,Not Active
2026/07/25 10:24:34.682,2026/07/25 10:24:34.668,2026/07/25 10:24:34.696,1,GPU-713d5b24-2a1e-fd4a-7685-c3d195ff9230,83.57,1410,1593,0,0,73511,36,P0,500.00,Not Active,Not Active,Not Active,Not Active
2026/07/25 10:24:34.932,2026/07/25 10:24:34.918,2026/07/25 10:24:34.947,0,GPU-c5d32af0-0857-3b36-6541-1a688a9ec165,364.41,1410,1593,100,12,73511,48,P0,500.00,Not Active,Not Active,Not Active,Not Active
2026/07/25 10:24:34.932,2026/07/25 10:24:34.918,2026/07/25 10:24:34.947,1,GPU-713d5b24-2a1e-fd4a-7685-c3d195ff9230,83.66,1410,1593,0,0,73511,35,P0,500.00,Not Active,Not Active,Not Active,Not Active
2026/07/25 10:24:35.184,2026/07/25 10:24:35.168,2026/07/25 10:24:35.201,0,GPU-c5d32af0-0857-3b36-6541-1a688a9ec165,92.15,1410,1593,61,8,73511,41,P0,500.00,Not Active,Not Active,Not Active,Not Active
2026/07/25 10:24:35.184,2026/07/25 10:24:35.168,2026/07/25 10:24:35.201,1,GPU-713d5b24-2a1e-fd4a-7685-c3d195ff9230,244.17,1410,1593,30,4,73511,38,P0,500.00,Not Active,Not Active,Not Active,Not Active
2026/07/25 10:24:35.431,2026/07/25 10:24:35.418,2026/07/25 10:24:35.444,0,GPU-c5d32af0-0857-3b36-6541-1a688a9ec165,90.02,1410,1593,0,0,73511,39,P0,500.00,Not Active,Not Active,Not Active,Not Active
2026/07/25 10:24:35.431,2026/07/25 10:24:35.418,2026/07/25 10:24:35.444,1,GPU-713d5b24-2a1e-fd4a-7685-c3d195ff9230,240.20,1410,1593,100,52,73511,40,P0,500.00,Not Active,Not Active,Not Active,Not Active
2026/07/25 10:24:35.684,2026/07/25 10:24:35.668,2026/07/25 10:24:35.700,0,GPU-c5d32af0-0857-3b36-6541-1a688a9ec165,89.75,1410,1593,0,0,73511,38,P0,500.00,Not Active,Not Active,Not Active,Not Active
2026/07/25 10:24:35.684,2026/07/25 10:24:35.668,2026/07/25 10:24:35.700,1,GPU-713d5b24-2a1e-fd4a-7685-c3d195ff9230,239.60,1410,1593,100,52,73511,41,P0,500.00,Not Active,Not Active,Not Active,Not Active
2026/07/25 10:24:35.934,2026/07/25 10:24:35.918,2026/07/25 10:24:35.950,0,GPU-c5d32af0-0857-3b36-6541-1a688a9ec165,89.16,1410,1593,0,0,73511,38,P0,500.00,Not Active,Not Active,Not Active,Not Active
2026/07/25 10:24:35.934,2026/07/25 10:24:35.918,2026/07/25 10:24:35.950,1,GPU-713d5b24-2a1e-fd4a-7685-c3d195ff9230,242.57,1410,1593,100,52,73511,41,P0,500.00,Not Active,Not Active,Not Active,Not Active
2026/07/25 10:24:36.184,2026/07/25 10:24:36.168,2026/07/25 10:24:36.201,0,GPU-c5d32af0-0857-3b36-6541-1a688a9ec165,89.16,1410,1593,0,0,73511,38,P0,500.00,Not Active,Not Active,Not Active,Not Active
2026/07/25 10:24:36.184,2026/07/25 10:24:36.168,2026/07/25 10:24:36.201,1,GPU-713d5b24-2a1e-fd4a-7685-c3d195ff9230,239.93,1410,1593,100,52,73511,42,P0,500.00,Not Active,Not Active,Not Active,Not Active
2026/07/25 10:24:36.442,2026/07/25 10:24:36.418,2026/07/25 10:24:36.466,0,GPU-c5d32af0-0857-3b36-6541-1a688a9ec165,381.39,1410,1593,0,0,73511,45,P0,500.00,Not Active,Not Active,Not Active,Not Active
2026/07/25 10:24:36.442,2026/07/25 10:24:36.418,2026/07/25 10:24:36.466,1,GPU-713d5b24-2a1e-fd4a-7685-c3d195ff9230,243.25,1410,1593,61,32,73511,41,P0,500.00,Not Active,Not Active,Not Active,Not Active
2026/07/25 10:24:36.683,2026/07/25 10:24:36.668,2026/07/25 10:24:36.697,0,GPU-c5d32af0-0857-3b36-6541-1a688a9ec165,374.69,1410,1593,100,15,73511,49,P0,500.00,Not Active,Not Active,Not Active,Not Active
2026/07/25 10:24:36.683,2026/07/25 10:24:36.668,2026/07/25 10:24:36.697,1,GPU-713d5b24-2a1e-fd4a-7685-c3d195ff9230,83.98,1410,1593,0,0,73511,37,P0,500.00,Not Active,Not Active,Not Active,Not Active
2026/07/25 10:24:36.934,2026/07/25 10:24:36.918,2026/07/25 10:24:36.949,0,GPU-c5d32af0-0857-3b36-6541-1a688a9ec165,100.38,1410,1593,75,10,73511,41,P0,500.00,Not Active,Not Active,Not Active,Not Active
2026/07/25 10:24:36.934,2026/07/25 10:24:36.918,2026/07/25 10:24:36.949,1,GPU-713d5b24-2a1e-fd4a-7685-c3d195ff9230,236.80,1410,1593,19,0,73511,38,P0,500.00,Not Active,Not Active,Not Active,Not Active
2026/07/25 10:24:37.184,2026/07/25 10:24:37.168,2026/07/25 10:24:37.200,0,GPU-c5d32af0-0857-3b36-6541-1a688a9ec165,90.35,1410,1593,0,0,73511,39,P0,500.00,Not Active,Not Active,Not Active,Not Active
2026/07/25 10:24:37.184,2026/07/25 10:24:37.168,2026/07/25 10:24:37.200,1,GPU-713d5b24-2a1e-fd4a-7685-c3d195ff9230,243.17,1410,1593,95,50,73511,41,P0,500.00,Not Active,Not Active,Not Active,Not Active
2026/07/25 10:24:37.433,2026/07/25 10:24:37.418,2026/07/25 10:24:37.447,0,GPU-c5d32af0-0857-3b36-6541-1a688a9ec165,89.43,1410,1593,0,0,73511,38,P0,500.00,Not Active,Not Active,Not Active,Not Active
2026/07/25 10:24:37.433,2026/07/25 10:24:37.418,2026/07/25 10:24:37.447,1,GPU-713d5b24-2a1e-fd4a-7685-c3d195ff9230,243.50,1410,1593,100,52,73511,41,P0,500.00,Not Active,Not Active,Not Active,Not Active
2026/07/25 10:24:37.683,2026/07/25 10:24:37.668,2026/07/25 10:24:37.698,0,GPU-c5d32af0-0857-3b36-6541-1a688a9ec165,89.43,1410,1593,0,0,73511,38,P0,500.00,Not Active,Not Active,Not Active,Not Active
2026/07/25 10:24:37.683,2026/07/25 10:24:37.668,2026/07/25 10:24:37.698,1,GPU-713d5b24-2a1e-fd4a-7685-c3d195ff9230,238.68,1410,1593,100,52,73511,42,P0,500.00,Not Active,Not Active,Not Active,Not Active
2026/07/25 10:24:37.933,2026/07/25 10:24:37.918,2026/07/25 10:24:37.948,0,GPU-c5d32af0-0857-3b36-6541-1a688a9ec165,89.34,1410,1593,0,0,73511,38,P0,500.00,Not Active,Not Active,Not Active,Not Active
2026/07/25 10:24:37.933,2026/07/25 10:24:37.918,2026/07/25 10:24:37.948,1,GPU-713d5b24-2a1e-fd4a-7685-c3d195ff9230,245.04,1410,1593,100,53,73511,42,P0,500.00,Not Active,Not Active,Not Active,Not Active
2026/07/25 10:24:38.183,2026/07/25 10:24:38.168,2026/07/25 10:24:38.199,0,GPU-c5d32af0-0857-3b36-6541-1a688a9ec165,89.16,1410,1593,0,0,73511,38,P0,500.00,Not Active,Not Active,Not Active,Not Active
2026/07/25 10:24:38.183,2026/07/25 10:24:38.168,2026/07/25 10:24:38.199,1,GPU-713d5b24-2a1e-fd4a-7685-c3d195ff9230,245.37,1410,1593,100,52,73511,42,P0,500.00,Not Active,Not Active,Not Active,Not Active
2026/07/25 10:24:38.449,2026/07/25 10:24:38.418,2026/07/25 10:24:38.479,0,GPU-c5d32af0-0857-3b36-6541-1a688a9ec165,382.58,1410,1593,88,16,73511,46,P0,500.00,Not Active,Not Active,Not Active,Not Active
2026/07/25 10:24:38.449,2026/07/25 10:24:38.418,2026/07/25 10:24:38.479,1,GPU-713d5b24-2a1e-fd4a-7685-c3d195ff9230,246.64,1410,1593,100,52,73511,41,P0,500.00,Not Active,Not Active,Not Active,Not Active
2026/07/25 10:24:38.683,2026/07/25 10:24:38.668,2026/07/25 10:24:38.698,0,GPU-c5d32af0-0857-3b36-6541-1a688a9ec165,379.19,1410,1593,100,14,73511,49,P0,500.00,Not Active,Not Active,Not Active,Not Active
2026/07/25 10:24:38.683,2026/07/25 10:24:38.668,2026/07/25 10:24:38.698,1,GPU-713d5b24-2a1e-fd4a-7685-c3d195ff9230,84.49,1410,1593,78,41,73511,38,P0,500.00,Not Active,Not Active,Not Active,Not Active
2026/07/25 10:24:38.934,2026/07/25 10:24:38.918,2026/07/25 10:24:38.950,0,GPU-c5d32af0-0857-3b36-6541-1a688a9ec165,91.45,1410,1593,35,7,73511,40,P0,500.00,Not Active,Not Active,Not Active,Not Active
2026/07/25 10:24:38.934,2026/07/25 10:24:38.918,2026/07/25 10:24:38.950,1,GPU-713d5b24-2a1e-fd4a-7685-c3d195ff9230,235.03,1410,1593,54,20,73511,40,P0,500.00,Not Active,Not Active,Not Active,Not Active
2026/07/25 10:24:39.185,2026/07/25 10:24:39.168,2026/07/25 10:24:39.202,0,GPU-c5d32af0-0857-3b36-6541-1a688a9ec165,90.02,1410,1593,0,0,73511,39,P0,500.00,Not Active,Not Active,Not Active,Not Active
2026/07/25 10:24:39.185,2026/07/25 10:24:39.168,2026/07/25 10:24:39.202,1,GPU-713d5b24-2a1e-fd4a-7685-c3d195ff9230,241.12,1410,1593,100,53,73511,41,P0,500.00,Not Active,Not Active,Not Active,Not Active
2026/07/25 10:24:39.434,2026/07/25 10:24:39.418,2026/07/25 10:24:39.450,0,GPU-c5d32af0-0857-3b36-6541-1a688a9ec165,90.02,1410,1593,0,0,73511,38,P0,500.00,Not Active,Not Active,Not Active,Not Active
2026/07/25 10:24:39.434,2026/07/25 10:24:39.418,2026/07/25 10:24:39.450,1,GPU-713d5b24-2a1e-fd4a-7685-c3d195ff9230,243.50,1410,1593,100,53,73511,42,P0,500.00,Not Active,Not Active,Not Active,Not Active
2026/07/25 10:24:39.683,2026/07/25 10:24:39.668,2026/07/25 10:24:39.698,0,GPU-c5d32af0-0857-3b36-6541-1a688a9ec165,89.43,1410,1593,0,0,73511,38,P0,500.00,Not Active,Not Active,Not Active,Not Active
2026/07/25 10:24:39.683,2026/07/25 10:24:39.668,2026/07/25 10:24:39.698,1,GPU-713d5b24-2a1e-fd4a-7685-c3d195ff9230,247.76,1410,1593,100,53,73511,42,P0,500.00,Not Active,Not Active,Not Active,Not Active
2026/07/25 10:24:39.932,2026/07/25 10:24:39.918,2026/07/25 10:24:39.947,0,GPU-c5d32af0-0857-3b36-6541-1a688a9ec165,89.25,1410,1593,0,0,73511,38,P0,500.00,Not Active,Not Active,Not Active,Not Active
2026/07/25 10:24:39.932,2026/07/25 10:24:39.918,2026/07/25 10:24:39.947,1,GPU-713d5b24-2a1e-fd4a-7685-c3d195ff9230,85.51,1410,1593,100,53,73511,39,P0,500.00,Not Active,Not Active,Not Active,Not Active
2026/07/25 10:24:40.181,2026/07/25 10:24:40.168,2026/07/25 10:24:40.194,0,GPU-c5d32af0-0857-3b36-6541-1a688a9ec165,89.16,1410,1593,0,0,73511,38,P0,500.00,Not Active,Not Active,Not Active,Not Active
2026/07/25 10:24:40.181,2026/07/25 10:24:40.168,2026/07/25 10:24:40.194,1,GPU-713d5b24-2a1e-fd4a-7685-c3d195ff9230,84.58,1410,1593,0,0,73511,37,P0,500.00,Not Active,Not Active,Not Active,Not Active
2026/07/25 10:24:40.442,2026/07/25 10:24:40.418,2026/07/25 10:24:40.466,0,GPU-c5d32af0-0857-3b36-6541-1a688a9ec165,383.18,1410,1593,93,17,73511,46,P0,500.00,Not Active,Not Active,Not Active,Not Active
2026/07/25 10:24:40.442,2026/07/25 10:24:40.418,2026/07/25 10:24:40.466,1,GPU-713d5b24-2a1e-fd4a-7685-c3d195ff9230,83.98,1410,1593,0,0,73511,36,P0,500.00,Not Active,Not Active,Not Active,Not Active
2026/07/25 10:24:40.682,2026/07/25 10:24:40.668,2026/07/25 10:24:40.696,0,GPU-c5d32af0-0857-3b36-6541-1a688a9ec165,379.47,1410,1593,100,14,73511,50,P0,500.00,Not Active,Not Active,Not Active,Not Active
2026/07/25 10:24:40.682,2026/07/25 10:24:40.668,2026/07/25 10:24:40.696,1,GPU-713d5b24-2a1e-fd4a-7685-c3d195ff9230,83.66,1410,1593,0,0,73511,36,P0,500.00,Not Active,Not Active,Not Active,Not Active
2026/07/25 10:24:40.934,2026/07/25 10:24:40.918,2026/07/25 10:24:40.950,0,GPU-c5d32af0-0857-3b36-6541-1a688a9ec165,99.12,1410,1593,100,13,73511,48,P0,500.00,Not Active,Not Active,Not Active,Not Active
2026/07/25 10:24:40.934,2026/07/25 10:24:40.918,2026/07/25 10:24:40.950,1,GPU-713d5b24-2a1e-fd4a-7685-c3d195ff9230,83.38,1410,1593,0,0,73511,35,P0,500.00,Not Active,Not Active,Not Active,Not Active
2026/07/25 10:24:41.184,2026/07/25 10:24:41.168,2026/07/25 10:24:41.200,0,GPU-c5d32af0-0857-3b36-6541-1a688a9ec165,92.15,1410,1593,27,4,73511,41,P0,500.00,Not Active,Not Active,Not Active,Not Active
2026/07/25 10:24:41.184,2026/07/25 10:24:41.168,2026/07/25 10:24:41.200,1,GPU-713d5b24-2a1e-fd4a-7685-c3d195ff9230,235.93,1410,1593,69,25,73511,38,P0,500.00,Not Active,Not Active,Not Active,Not Active
2026/07/25 10:24:41.433,2026/07/25 10:24:41.418,2026/07/25 10:24:41.449,0,GPU-c5d32af0-0857-3b36-6541-1a688a9ec165,90.35,1410,1593,0,0,73511,39,P0,500.00,Not Active,Not Active,Not Active,Not Active
2026/07/25 10:24:41.433,2026/07/25 10:24:41.418,2026/07/25 10:24:41.449,1,GPU-713d5b24-2a1e-fd4a-7685-c3d195ff9230,241.72,1410,1593,100,52,73511,41,P0,500.00,Not Active,Not Active,Not Active,Not Active
2026/07/25 10:24:41.684,2026/07/25 10:24:41.668,2026/07/25 10:24:41.700,0,GPU-c5d32af0-0857-3b36-6541-1a688a9ec165,90.02,1410,1593,0,0,73511,39,P0,500.00,Not Active,Not Active,Not Active,Not Active
2026/07/25 10:24:41.684,2026/07/25 10:24:41.668,2026/07/25 10:24:41.700,1,GPU-713d5b24-2a1e-fd4a-7685-c3d195ff9230,243.84,1410,1593,100,52,73511,41,P0,500.00,Not Active,Not Active,Not Active,Not Active
2026/07/25 10:24:41.932,2026/07/25 10:24:41.918,2026/07/25 10:24:41.946,0,GPU-c5d32af0-0857-3b36-6541-1a688a9ec165,89.43,1410,1593,0,0,73511,38,P0,500.00,Not Active,Not Active,Not Active,Not Active
2026/07/25 10:24:41.932,2026/07/25 10:24:41.918,2026/07/25 10:24:41.946,1,GPU-713d5b24-2a1e-fd4a-7685-c3d195ff9230,243.50,1410,1593,100,52,73511,42,P0,500.00,Not Active,Not Active,Not Active,Not Active
2026/07/25 10:24:42.184,2026/07/25 10:24:42.168,2026/07/25 10:24:42.199,0,GPU-c5d32af0-0857-3b36-6541-1a688a9ec165,89.25,1410,1593,0,0,73511,38,P0,500.00,Not Active,Not Active,Not Active,Not Active
2026/07/25 10:24:42.184,2026/07/25 10:24:42.168,2026/07/25 10:24:42.199,1,GPU-713d5b24-2a1e-fd4a-7685-c3d195ff9230,84.34,1410,1593,38,20,73511,38,P0,500.00,Not Active,Not Active,Not Active,Not Active
2026/07/25 10:24:42.448,2026/07/25 10:24:42.418,2026/07/25 10:24:42.477,0,GPU-c5d32af0-0857-3b36-6541-1a688a9ec165,388.67,1410,1593,100,18,73511,47,P0,500.00,Not Active,Not Active,Not Active,Not Active
2026/07/25 10:24:42.448,2026/07/25 10:24:42.418,2026/07/25 10:24:42.477,1,GPU-713d5b24-2a1e-fd4a-7685-c3d195ff9230,83.98,1410,1593,0,0,73511,36,P0,500.00,Not Active,Not Active,Not Active,Not Active
2026/07/25 10:24:42.682,2026/07/25 10:24:42.668,2026/07/25 10:24:42.695,0,GPU-c5d32af0-0857-3b36-6541-1a688a9ec165,363.81,1410,1593,100,15,73511,50,P0,500.00,Not Active,Not Active,Not Active,Not Active
2026/07/25 10:24:42.682,2026/07/25 10:24:42.668,2026/07/25 10:24:42.695,1,GPU-713d5b24-2a1e-fd4a-7685-c3d195ff9230,83.66,1410,1593,0,0,73511,36,P0,500.00,Not Active,Not Active,Not Active,Not Active
2026/07/25 10:24:42.933,2026/07/25 10:24:42.918,2026/07/25 10:24:42.947,0,GPU-c5d32af0-0857-3b36-6541-1a688a9ec165,99.72,1410,1593,59,8,73511,43,P0,500.00,Not Active,Not Active,Not Active,Not Active
2026/07/25 10:24:42.933,2026/07/25 10:24:42.918,2026/07/25 10:24:42.947,1,GPU-713d5b24-2a1e-fd4a-7685-c3d195ff9230,224.06,1410,1593,37,10,73511,38,P0,500.00,Not Active,Not Active,Not Active,Not Active
2026/07/25 10:24:43.184,2026/07/25 10:24:43.168,2026/07/25 10:24:43.200,0,GPU-c5d32af0-0857-3b36-6541-1a688a9ec165,90.95,1410,1593,0,0,73511,40,P0,500.00,Not Active,Not Active,Not Active,Not Active
2026/07/25 10:24:43.184,2026/07/25 10:24:43.168,2026/07/25 10:24:43.200,1,GPU-713d5b24-2a1e-fd4a-7685-c3d195ff9230,246.56,1410,1593,99,52,73511,40,P0,500.00,Not Active,Not Active,Not Active,Not Active
2026/07/25 10:24:43.434,2026/07/25 10:24:43.418,2026/07/25 10:24:43.449,0,GPU-c5d32af0-0857-3b36-6541-1a688a9ec165,90.02,1410,1593,0,0,73511,39,P0,500.00,Not Active,Not Active,Not Active,Not Active
2026/07/25 10:24:43.434,2026/07/25 10:24:43.418,2026/07/25 10:24:43.449,1,GPU-713d5b24-2a1e-fd4a-7685-c3d195ff9230,242.57,1410,1593,100,52,73511,41,P0,500.00,Not Active,Not Active,Not Active,Not Active
2026/07/25 10:24:43.684,2026/07/25 10:24:43.668,2026/07/25 10:24:43.699,0,GPU-c5d32af0-0857-3b36-6541-1a688a9ec165,89.75,1410,1593,0,0,73511,38,P0,500.00,Not Active,Not Active,Not Active,Not Active
2026/07/25 10:24:43.684,2026/07/25 10:24:43.668,2026/07/25 10:24:43.699,1,GPU-713d5b24-2a1e-fd4a-7685-c3d195ff9230,245.29,1410,1593,100,52,73511,42,P0,500.00,Not Active,Not Active,Not Active,Not Active
2026/07/25 10:24:43.934,2026/07/25 10:24:43.918,2026/07/25 10:24:43.949,0,GPU-c5d32af0-0857-3b36-6541-1a688a9ec165,89.43,1410,1593,0,0,73511,38,P0,500.00,Not Active,Not Active,Not Active,Not Active
2026/07/25 10:24:43.934,2026/07/25 10:24:43.918,2026/07/25 10:24:43.949,1,GPU-713d5b24-2a1e-fd4a-7685-c3d195ff9230,246.89,1410,1593,100,52,73511,42,P0,500.00,Not Active,Not Active,Not Active,Not Active
2026/07/25 10:24:44.182,2026/07/25 10:24:44.168,2026/07/25 10:24:44.196,0,GPU-c5d32af0-0857-3b36-6541-1a688a9ec165,89.43,1410,1593,0,0,73511,38,P0,500.00,Not Active,Not Active,Not Active,Not Active
2026/07/25 10:24:44.182,2026/07/25 10:24:44.168,2026/07/25 10:24:44.196,1,GPU-713d5b24-2a1e-fd4a-7685-c3d195ff9230,237.73,1410,1593,99,52,73511,39,P0,500.00,Not Active,Not Active,Not Active,Not Active
2026/07/25 10:24:44.443,2026/07/25 10:24:44.418,2026/07/25 10:24:44.468,0,GPU-c5d32af0-0857-3b36-6541-1a688a9ec165,383.77,1410,1593,100,18,73511,46,P0,500.00,Not Active,Not Active,Not Active,Not Active
2026/07/25 10:24:44.443,2026/07/25 10:24:44.418,2026/07/25 10:24:44.468,1,GPU-713d5b24-2a1e-fd4a-7685-c3d195ff9230,84.25,1410,1593,0,0,73511,37,P0,500.00,Not Active,Not Active,Not Active,Not Active
2026/07/25 10:24:44.682,2026/07/25 10:24:44.668,2026/07/25 10:24:44.695,0,GPU-c5d32af0-0857-3b36-6541-1a688a9ec165,374.69,1410,1593,100,14,73511,50,P0,500.00,Not Active,Not Active,Not Active,Not Active
2026/07/25 10:24:44.682,2026/07/25 10:24:44.668,2026/07/25 10:24:44.695,1,GPU-713d5b24-2a1e-fd4a-7685-c3d195ff9230,83.89,1410,1593,0,0,73511,36,P0,500.00,Not Active,Not Active,Not Active,Not Active
2026/07/25 10:24:44.934,2026/07/25 10:24:44.918,2026/07/25 10:24:44.951,0,GPU-c5d32af0-0857-3b36-6541-1a688a9ec165,98.62,1410,1593,54,7,73511,43,P0,500.00,Not Active,Not Active,Not Active,Not Active
2026/07/25 10:24:44.934,2026/07/25 10:24:44.918,2026/07/25 10:24:44.951,1,GPU-713d5b24-2a1e-fd4a-7685-c3d195ff9230,83.66,1410,1593,0,0,73511,38,P0,500.00,Not Active,Not Active,Not Active,Not Active
2026/07/25 10:24:45.184,2026/07/25 10:24:45.168,2026/07/25 10:24:45.200,0,GPU-c5d32af0-0857-3b36-6541-1a688a9ec165,90.35,1410,1593,0,0,73511,40,P0,500.00,Not Active,Not Active,Not Active,Not Active
2026/07/25 10:24:45.184,2026/07/25 10:24:45.168,2026/07/25 10:24:45.200,1,GPU-713d5b24-2a1e-fd4a-7685-c3d195ff9230,240.80,1410,1593,100,53,73511,40,P0,500.00,Not Active,Not Active,Not Active,Not Active
2026/07/25 10:24:45.433,2026/07/25 10:24:45.418,2026/07/25 10:24:45.448,0,GPU-c5d32af0-0857-3b36-6541-1a688a9ec165,90.02,1410,1593,0,0,73511,39,P0,500.00,Not Active,Not Active,Not Active,Not Active
2026/07/25 10:24:45.433,2026/07/25 10:24:45.418,2026/07/25 10:24:45.448,1,GPU-713d5b24-2a1e-fd4a-7685-c3d195ff9230,246.56,1410,1593,100,52,73511,41,P0,500.00,Not Active,Not Active,Not Active,Not Active
2026/07/25 10:24:45.682,2026/07/25 10:24:45.668,2026/07/25 10:24:45.697,0,GPU-c5d32af0-0857-3b36-6541-1a688a9ec165,89.75,1410,1593,0,0,73511,39,P0,500.00,Not Active,Not Active,Not Active,Not Active
2026/07/25 10:24:45.682,2026/07/25 10:24:45.668,2026/07/25 10:24:45.697,1,GPU-713d5b24-2a1e-fd4a-7685-c3d195ff9230,244.44,1410,1593,100,52,73511,42,P0,500.00,Not Active,Not Active,Not Active,Not Active
2026/07/25 10:24:45.933,2026/07/25 10:24:45.918,2026/07/25 10:24:45.948,0,GPU-c5d32af0-0857-3b36-6541-1a688a9ec165,89.75,1410,1593,0,0,73511,38,P0,500.00,Not Active,Not Active,Not Active,Not Active
2026/07/25 10:24:45.933,2026/07/25 10:24:45.918,2026/07/25 10:24:45.948,1,GPU-713d5b24-2a1e-fd4a-7685-c3d195ff9230,238.40,1410,1593,100,52,73511,42,P0,500.00,Not Active,Not Active,Not Active,Not Active
2026/07/25 10:24:46.184,2026/07/25 10:24:46.168,2026/07/25 10:24:46.200,0,GPU-c5d32af0-0857-3b36-6541-1a688a9ec165,89.52,1410,1593,0,0,73511,38,P0,500.00,Not Active,Not Active,Not Active,Not Active
2026/07/25 10:24:46.184,2026/07/25 10:24:46.168,2026/07/25 10:24:46.200,1,GPU-713d5b24-2a1e-fd4a-7685-c3d195ff9230,84.90,1410,1593,84,44,73511,40,P0,500.00,Not Active,Not Active,Not Active,Not Active
2026/07/25 10:24:46.434,2026/07/25 10:24:46.418,2026/07/25 10:24:46.449,0,GPU-c5d32af0-0857-3b36-6541-1a688a9ec165,381.98,1410,1593,10,2,73511,48,P0,500.00,Not Active,Not Active,Not Active,Not Active
2026/07/25 10:24:46.434,2026/07/25 10:24:46.418,2026/07/25 10:24:46.449,1,GPU-713d5b24-2a1e-fd4a-7685-c3d195ff9230,84.25,1410,1593,0,0,73511,37,P0,500.00,Not Active,Not Active,Not Active,Not Active
2026/07/25 10:24:46.682,2026/07/25 10:24:46.668,2026/07/25 10:24:46.696,0,GPU-c5d32af0-0857-3b36-6541-1a688a9ec165,380.46,1410,1593,100,17,73511,50,P0,500.00,Not Active,Not Active,Not Active,Not Active
2026/07/25 10:24:46.682,2026/07/25 10:24:46.668,2026/07/25 10:24:46.696,1,GPU-713d5b24-2a1e-fd4a-7685-c3d195ff9230,83.98,1410,1593,0,0,73511,36,P0,500.00,Not Active,Not Active,Not Active,Not Active
2026/07/25 10:24:46.932,2026/07/25 10:24:46.918,2026/07/25 10:24:46.945,0,GPU-c5d32af0-0857-3b36-6541-1a688a9ec165,374.42,1410,1593,100,14,73511,51,P0,500.00,Not Active,Not Active,Not Active,Not Active
2026/07/25 10:24:46.932,2026/07/25 10:24:46.918,2026/07/25 10:24:46.945,1,GPU-713d5b24-2a1e-fd4a-7685-c3d195ff9230,83.66,1410,1593,0,0,73511,36,P0,500.00,Not Active,Not Active,Not Active,Not Active
2026/07/25 10:24:47.182,2026/07/25 10:24:47.168,2026/07/25 10:24:47.196,0,GPU-c5d32af0-0857-3b36-6541-1a688a9ec165,99.82,1410,1593,64,7,73511,43,P0,500.00,Not Active,Not Active,Not Active,Not Active
2026/07/25 10:24:47.182,2026/07/25 10:24:47.168,2026/07/25 10:24:47.196,1,GPU-713d5b24-2a1e-fd4a-7685-c3d195ff9230,97.60,1410,1593,25,0,73511,38,P0,500.00,Not Active,Not Active,Not Active,Not Active
2026/07/25 10:24:47.433,2026/07/25 10:24:47.418,2026/07/25 10:24:47.449,0,GPU-c5d32af0-0857-3b36-6541-1a688a9ec165,90.95,1410,1593,0,0,73511,40,P0,500.00,Not Active,Not Active,Not Active,Not Active
2026/07/25 10:24:47.433,2026/07/25 10:24:47.418,2026/07/25 10:24:47.449,1,GPU-713d5b24-2a1e-fd4a-7685-c3d195ff9230,238.65,1410,1593,99,51,73511,40,P0,500.00,Not Active,Not Active,Not Active,Not Active
2026/07/25 10:24:47.684,2026/07/25 10:24:47.668,2026/07/25 10:24:47.700,0,GPU-c5d32af0-0857-3b36-6541-1a688a9ec165,90.72,1410,1593,0,0,73511,39,P0,500.00,Not Active,Not Active,Not Active,Not Active
2026/07/25 10:24:47.684,2026/07/25 10:24:47.668,2026/07/25 10:24:47.700,1,GPU-713d5b24-2a1e-fd4a-7685-c3d195ff9230,241.97,1410,1593,100,51,73511,41,P0,500.00,Not Active,Not Active,Not Active,Not Active
2026/07/25 10:24:47.934,2026/07/25 10:24:47.918,2026/07/25 10:24:47.949,0,GPU-c5d32af0-0857-3b36-6541-1a688a9ec165,90.44,1410,1593,0,0,73511,39,P0,500.00,Not Active,Not Active,Not Active,Not Active
2026/07/25 10:24:47.934,2026/07/25 10:24:47.918,2026/07/25 10:24:47.949,1,GPU-713d5b24-2a1e-fd4a-7685-c3d195ff9230,241.97,1410,1593,99,51,73511,42,P0,500.00,Not Active,Not Active,Not Active,Not Active
2026/07/25 10:24:48.183,2026/07/25 10:24:48.168,2026/07/25 10:24:48.199,0,GPU-c5d32af0-0857-3b36-6541-1a688a9ec165,89.85,1410,1593,0,0,73511,39,P0,500.00,Not Active,Not Active,Not Active,Not Active
2026/07/25 10:24:48.183,2026/07/25 10:24:48.168,2026/07/25 10:24:48.199,1,GPU-713d5b24-2a1e-fd4a-7685-c3d195ff9230,240.53,1410,1593,100,51,73511,40,P0,500.00,Not Active,Not Active,Not Active,Not Active
2026/07/25 10:24:48.431,2026/07/25 10:24:48.418,2026/07/25 10:24:48.445,0,GPU-c5d32af0-0857-3b36-6541-1a688a9ec165,386.55,1410,1593,20,4,73511,48,P0,500.00,Not Active,Not Active,Not Active,Not Active
2026/07/25 10:24:48.431,2026/07/25 10:24:48.418,2026/07/25 10:24:48.445,1,GPU-713d5b24-2a1e-fd4a-7685-c3d195ff9230,84.58,1410,1593,15,8,73511,37,P0,500.00,Not Active,Not Active,Not Active,Not Active
2026/07/25 10:24:48.682,2026/07/25 10:24:48.668,2026/07/25 10:24:48.697,0,GPU-c5d32af0-0857-3b36-6541-1a688a9ec165,379.26,1410,1593,100,18,73511,51,P0,500.00,Not Active,Not Active,Not Active,Not Active
2026/07/25 10:24:48.682,2026/07/25 10:24:48.668,2026/07/25 10:24:48.697,1,GPU-713d5b24-2a1e-fd4a-7685-c3d195ff9230,83.98,1410,1593,0,0,73511,36,P0,500.00,Not Active,Not Active,Not Active,Not Active
2026/07/25 10:24:48.934,2026/07/25 10:24:48.918,2026/07/25 10:24:48.949,0,GPU-c5d32af0-0857-3b36-6541-1a688a9ec165,361.69,1410,1593,100,13,73511,51,P0,500.00,Not Active,Not Active,Not Active,Not Active
2026/07/25 10:24:48.934,2026/07/25 10:24:48.918,2026/07/25 10:24:48.949,1,GPU-713d5b24-2a1e-fd4a-7685-c3d195ff9230,83.98,1410,1593,0,0,73511,36,P0,500.00,Not Active,Not Active,Not Active,Not Active
2026/07/25 10:24:49.184,2026/07/25 10:24:49.168,2026/07/25 10:24:49.201,0,GPU-c5d32af0-0857-3b36-6541-1a688a9ec165,92.15,1410,1593,26,3,73511,43,P0,500.00,Not Active,Not Active,Not Active,Not Active
2026/07/25 10:24:49.184,2026/07/25 10:24:49.168,2026/07/25 10:24:49.201,1,GPU-713d5b24-2a1e-fd4a-7685-c3d195ff9230,240.53,1410,1593,64,22,73511,38,P0,500.00,Not Active,Not Active,Not Active,Not Active
2026/07/25 10:24:49.434,2026/07/25 10:24:49.418,2026/07/25 10:24:49.449,0,GPU-c5d32af0-0857-3b36-6541-1a688a9ec165,91.28,1410,1593,0,0,73511,40,P0,500.00,Not Active,Not Active,Not Active,Not Active
2026/07/25 10:24:49.434,2026/07/25 10:24:49.418,2026/07/25 10:24:49.449,1,GPU-713d5b24-2a1e-fd4a-7685-c3d195ff9230,235.96,1410,1593,100,52,73511,41,P0,500.00,Not Active,Not Active,Not Active,Not Active
2026/07/25 10:24:49.684,2026/07/25 10:24:49.668,2026/07/25 10:24:49.699,0,GPU-c5d32af0-0857-3b36-6541-1a688a9ec165,90.63,1410,1593,0,0,73511,39,P0,500.00,Not Active,Not Active,Not Active,Not Active
2026/07/25 10:24:49.684,2026/07/25 10:24:49.668,2026/07/25 10:24:49.699,1,GPU-713d5b24-2a1e-fd4a-7685-c3d195ff9230,245.37,1410,1593,100,52,73511,41,P0,500.00,Not Active,Not Active,Not Active,Not Active
2026/07/25 10:24:49.933,2026/07/25 10:24:49.918,2026/07/25 10:24:49.948,0,GPU-c5d32af0-0857-3b36-6541-1a688a9ec165,90.02,1410,1593,0,0,73511,39,P0,500.00,Not Active,Not Active,Not Active,Not Active
2026/07/25 10:24:49.933,2026/07/25 10:24:49.918,2026/07/25 10:24:49.948,1,GPU-713d5b24-2a1e-fd4a-7685-c3d195ff9230,241.12,1410,1593,100,52,73511,42,P0,500.00,Not Active,Not Active,Not Active,Not Active
2026/07/25 10:24:50.184,2026/07/25 10:24:50.168,2026/07/25 10:24:50.199,0,GPU-c5d32af0-0857-3b36-6541-1a688a9ec165,89.75,1410,1593,0,0,73511,39,P0,500.00,Not Active,Not Active,Not Active,Not Active
2026/07/25 10:24:50.184,2026/07/25 10:24:50.168,2026/07/25 10:24:50.199,1,GPU-713d5b24-2a1e-fd4a-7685-c3d195ff9230,242.05,1410,1593,100,52,73511,42,P0,500.00,Not Active,Not Active,Not Active,Not Active
2026/07/25 10:24:50.433,2026/07/25 10:24:50.418,2026/07/25 10:24:50.447,0,GPU-c5d32af0-0857-3b36-6541-1a688a9ec165,381.05,1410,1593,28,6,73511,49,P0,500.00,Not Active,Not Active,Not Active,Not Active
2026/07/25 10:24:50.433,2026/07/25 10:24:50.418,2026/07/25 10:24:50.447,1,GPU-713d5b24-2a1e-fd4a-7685-c3d195ff9230,96.13,1410,1593,100,52,73511,42,P0,500.00,Not Active,Not Active,Not Active,Not Active
2026/07/25 10:24:50.683,2026/07/25 10:24:50.668,2026/07/25 10:24:50.698,0,GPU-c5d32af0-0857-3b36-6541-1a688a9ec165,380.99,1410,1593,100,13,73511,51,P0,500.00,Not Active,Not Active,Not Active,Not Active
2026/07/25 10:24:50.683,2026/07/25 10:24:50.668,2026/07/25 10:24:50.698,1,GPU-713d5b24-2a1e-fd4a-7685-c3d195ff9230,84.58,1410,1593,29,15,73511,37,P0,500.00,Not Active,Not Active,Not Active,Not Active
2026/07/25 10:24:50.934,2026/07/25 10:24:50.918,2026/07/25 10:24:50.950,0,GPU-c5d32af0-0857-3b36-6541-1a688a9ec165,371.97,1410,1593,100,13,73511,51,P0,500.00,Not Active,Not Active,Not Active,Not Active
2026/07/25 10:24:50.934,2026/07/25 10:24:50.918,2026/07/25 10:24:50.950,1,GPU-713d5b24-2a1e-fd4a-7685-c3d195ff9230,83.89,1410,1593,0,0,73511,36,P0,500.00,Not Active,Not Active,Not Active,Not Active
2026/07/25 10:24:51.184,2026/07/25 10:24:51.168,2026/07/25 10:24:51.201,0,GPU-c5d32af0-0857-3b36-6541-1a688a9ec165,100.75,1410,1593,14,2,73511,42,P0,500.00,Not Active,Not Active,Not Active,Not Active
2026/07/25 10:24:51.184,2026/07/25 10:24:51.168,2026/07/25 10:24:51.201,1,GPU-713d5b24-2a1e-fd4a-7685-c3d195ff9230,241.12,1410,1593,73,26,73511,40,P0,500.00,Not Active,Not Active,Not Active,Not Active
2026/07/25 10:24:51.433,2026/07/25 10:24:51.418,2026/07/25 10:24:51.448,0,GPU-c5d32af0-0857-3b36-6541-1a688a9ec165,90.63,1410,1593,0,0,73511,40,P0,500.00,Not Active,Not Active,Not Active,Not Active
2026/07/25 10:24:51.433,2026/07/25 10:24:51.418,2026/07/25 10:24:51.448,1,GPU-713d5b24-2a1e-fd4a-7685-c3d195ff9230,242.05,1410,1593,100,52,73511,41,P0,500.00,Not Active,Not Active,Not Active,Not Active
2026/07/25 10:24:51.714,2026/07/25 10:24:51.668,2026/07/25 10:24:51.760,0,GPU-c5d32af0-0857-3b36-6541-1a688a9ec165,90.35,1410,1593,0,0,73511,40,P0,500.00,Not Active,Not Active,Not Active,Not Active
2026/07/25 10:24:51.714,2026/07/25 10:24:51.668,2026/07/25 10:24:51.760,1,GPU-713d5b24-2a1e-fd4a-7685-c3d195ff9230,237.81,1410,1593,100,52,73511,42,P0,500.00,Not Active,Not Active,Not Active,Not Active
2026/07/25 10:24:51.931,2026/07/25 10:24:51.918,2026/07/25 10:24:51.945,0,GPU-c5d32af0-0857-3b36-6541-1a688a9ec165,90.35,1410,1593,0,0,73511,39,P0,500.00,Not Active,Not Active,Not Active,Not Active
2026/07/25 10:24:51.931,2026/07/25 10:24:51.918,2026/07/25 10:24:51.945,1,GPU-713d5b24-2a1e-fd4a-7685-c3d195ff9230,237.16,1410,1593,100,52,73511,42,P0,500.00,Not Active,Not Active,Not Active,Not Active
2026/07/25 10:24:52.184,2026/07/25 10:24:52.168,2026/07/25 10:24:52.201,0,GPU-c5d32af0-0857-3b36-6541-1a688a9ec165,90.02,1410,1593,0,0,73511,39,P0,500.00,Not Active,Not Active,Not Active,Not Active
2026/07/25 10:24:52.184,2026/07/25 10:24:52.168,2026/07/25 10:24:52.201,1,GPU-713d5b24-2a1e-fd4a-7685-c3d195ff9230,245.04,1410,1593,100,52,73511,42,P0,500.00,Not Active,Not Active,Not Active,Not Active
2026/07/25 10:24:52.435,2026/07/25 10:24:52.418,2026/07/25 10:24:52.453,0,GPU-c5d32af0-0857-3b36-6541-1a688a9ec165,389.14,1410,1593,37,7,73511,49,P0,500.00,Not Active,Not Active,Not Active,Not Active
2026/07/25 10:24:52.435,2026/07/25 10:24:52.418,2026/07/25 10:24:52.453,1,GPU-713d5b24-2a1e-fd4a-7685-c3d195ff9230,238.40,1410,1593,100,52,73511,42,P0,500.00,Not Active,Not Active,Not Active,Not Active
2026/07/25 10:24:52.684,2026/07/25 10:24:52.668,2026/07/25 10:24:52.700,0,GPU-c5d32af0-0857-3b36-6541-1a688a9ec165,372.30,1410,1593,100,17,73511,51,P0,500.00,Not Active,Not Active,Not Active,Not Active
2026/07/25 10:24:52.684,2026/07/25 10:24:52.668,2026/07/25 10:24:52.700,1,GPU-713d5b24-2a1e-fd4a-7685-c3d195ff9230,84.82,1410,1593,67,35,73511,39,P0,500.00,Not Active,Not Active,Not Active,Not Active
2026/07/25 10:24:52.935,2026/07/25 10:24:52.918,2026/07/25 10:24:52.951,0,GPU-c5d32af0-0857-3b36-6541-1a688a9ec165,92.75,1410,1593,0,0,73511,41,P0,500.00,Not Active,Not Active,Not Active,Not Active
2026/07/25 10:24:52.935,2026/07/25 10:24:52.918,2026/07/25 10:24:52.951,1,GPU-713d5b24-2a1e-fd4a-7685-c3d195ff9230,242.05,1410,1593,11,0,73511,41,P0,500.00,Not Active,Not Active,Not Active,Not Active
2026/07/25 10:24:53.184,2026/07/25 10:24:53.168,2026/07/25 10:24:53.200,0,GPU-c5d32af0-0857-3b36-6541-1a688a9ec165,90.86,1410,1593,0,0,73511,40,P0,500.00,Not Active,Not Active,Not Active,Not Active
2026/07/25 10:24:53.184,2026/07/25 10:24:53.168,2026/07/25 10:24:53.200,1,GPU-713d5b24-2a1e-fd4a-7685-c3d195ff9230,245.37,1410,1593,97,49,73511,42,P0,500.00,Not Active,Not Active,Not Active,Not Active
2026/07/25 10:24:53.433,2026/07/25 10:24:53.418,2026/07/25 10:24:53.447,0,GPU-c5d32af0-0857-3b36-6541-1a688a9ec165,90.35,1410,1593,0,0,73511,39,P0,500.00,Not Active,Not Active,Not Active,Not Active
2026/07/25 10:24:53.433,2026/07/25 10:24:53.418,2026/07/25 10:24:53.447,1,GPU-713d5b24-2a1e-fd4a-7685-c3d195ff9230,243.25,1410,1593,100,53,73511,42,P0,500.00,Not Active,Not Active,Not Active,Not Active
2026/07/25 10:24:53.682,2026/07/25 10:24:53.668,2026/07/25 10:24:53.697,0,GPU-c5d32af0-0857-3b36-6541-1a688a9ec165,90.02,1410,1593,0,0,73511,39,P0,500.00,Not Active,Not Active,Not Active,Not Active
2026/07/25 10:24:53.682,2026/07/25 10:24:53.668,2026/07/25 10:24:53.697,1,GPU-713d5b24-2a1e-fd4a-7685-c3d195ff9230,243.52,1410,1593,100,53,73511,42,P0,500.00,Not Active,Not Active,Not Active,Not Active
2026/07/25 10:24:53.933,2026/07/25 10:24:53.918,2026/07/25 10:24:53.947,0,GPU-c5d32af0-0857-3b36-6541-1a688a9ec165,89.75,1410,1593,0,0,73511,39,P0,500.00,Not Active,Not Active,Not Active,Not Active
2026/07/25 10:24:53.933,2026/07/25 10:24:53.918,2026/07/25 10:24:53.947,1,GPU-713d5b24-2a1e-fd4a-7685-c3d195ff9230,244.44,1410,1593,100,53,73511,43,P0,500.00,Not Active,Not Active,Not Active,Not Active
2026/07/25 10:24:54.183,2026/07/25 10:24:54.168,2026/07/25 10:24:54.199,0,GPU-c5d32af0-0857-3b36-6541-1a688a9ec165,89.85,1410,1593,0,0,73511,39,P0,500.00,Not Active,Not Active,Not Active,Not Active
2026/07/25 10:24:54.183,2026/07/25 10:24:54.168,2026/07/25 10:24:54.199,1,GPU-713d5b24-2a1e-fd4a-7685-c3d195ff9230,85.18,1410,1593,0,0,73511,37,P0,500.00,Not Active,Not Active,Not Active,Not Active
2026/07/25 10:24:54.433,2026/07/25 10:24:54.418,2026/07/25 10:24:54.447,0,GPU-c5d32af0-0857-3b36-6541-1a688a9ec165,376.54,1410,1593,38,7,73511,47,P0,500.00,Not Active,Not Active,Not Active,Not Active
2026/07/25 10:24:54.433,2026/07/25 10:24:54.418,2026/07/25 10:24:54.447,1,GPU-713d5b24-2a1e-fd4a-7685-c3d195ff9230,83.98,1410,1593,0,0,73511,37,P0,500.00,Not Active,Not Active,Not Active,Not Active
2026/07/25 10:24:54.682,2026/07/25 10:24:54.668,2026/07/25 10:24:54.696,0,GPU-c5d32af0-0857-3b36-6541-1a688a9ec165,372.84,1410,1593,100,17,73511,50,P0,500.00,Not Active,Not Active,Not Active,Not Active
2026/07/25 10:24:54.682,2026/07/25 10:24:54.668,2026/07/25 10:24:54.696,1,GPU-713d5b24-2a1e-fd4a-7685-c3d195ff9230,83.89,1410,1593,0,0,73511,36,P0,500.00,Not Active,Not Active,Not Active,Not Active
2026/07/25 10:24:54.933,2026/07/25 10:24:54.918,2026/07/25 10:24:54.948,0,GPU-c5d32af0-0857-3b36-6541-1a688a9ec165,367.13,1410,1593,100,13,73511,51,P0,500.00,Not Active,Not Active,Not Active,Not Active
2026/07/25 10:24:54.933,2026/07/25 10:24:54.918,2026/07/25 10:24:54.948,1,GPU-713d5b24-2a1e-fd4a-7685-c3d195ff9230,83.57,1410,1593,0,0,73511,36,P0,500.00,Not Active,Not Active,Not Active,Not Active
2026/07/25 10:24:55.188,2026/07/25 10:24:55.168,2026/07/25 10:24:55.207,0,GPU-c5d32af0-0857-3b36-6541-1a688a9ec165,91.88,1410,1593,100,11,73511,42,P0,500.00,Not Active,Not Active,Not Active,Not Active
2026/07/25 10:24:55.188,2026/07/25 10:24:55.168,2026/07/25 10:24:55.207,1,GPU-713d5b24-2a1e-fd4a-7685-c3d195ff9230,240.20,1410,1593,73,26,73511,39,P0,500.00,Not Active,Not Active,Not Active,Not Active
2026/07/25 10:24:55.435,2026/07/25 10:24:55.418,2026/07/25 10:24:55.451,0,GPU-c5d32af0-0857-3b36-6541-1a688a9ec165,91.28,1410,1593,0,0,73511,40,P0,500.00,Not Active,Not Active,Not Active,Not Active
2026/07/25 10:24:55.435,2026/07/25 10:24:55.418,2026/07/25 10:24:55.451,1,GPU-713d5b24-2a1e-fd4a-7685-c3d195ff9230,242.92,1410,1593,99,52,73511,41,P0,500.00,Not Active,Not Active,Not Active,Not Active
2026/07/25 10:24:55.684,2026/07/25 10:24:55.668,2026/07/25 10:24:55.699,0,GPU-c5d32af0-0857-3b36-6541-1a688a9ec165,90.95,1410,1593,0,0,73511,40,P0,500.00,Not Active,Not Active,Not Active,Not Active
2026/07/25 10:24:55.684,2026/07/25 10:24:55.668,2026/07/25 10:24:55.699,1,GPU-713d5b24-2a1e-fd4a-7685-c3d195ff9230,239.93,1410,1593,100,52,73511,41,P0,500.00,Not Active,Not Active,Not Active,Not Active
2026/07/25 10:24:55.933,2026/07/25 10:24:55.918,2026/07/25 10:24:55.948,0,GPU-c5d32af0-0857-3b36-6541-1a688a9ec165,90.35,1410,1593,0,0,73511,39,P0,500.00,Not Active,Not Active,Not Active,Not Active
2026/07/25 10:24:55.933,2026/07/25 10:24:55.918,2026/07/25 10:24:55.948,1,GPU-713d5b24-2a1e-fd4a-7685-c3d195ff9230,243.84,1410,1593,99,51,73511,42,P0,500.00,Not Active,Not Active,Not Active,Not Active
2026/07/25 10:24:56.183,2026/07/25 10:24:56.168,2026/07/25 10:24:56.199,0,GPU-c5d32af0-0857-3b36-6541-1a688a9ec165,90.02,1410,1593,0,0,73511,39,P0,500.00,Not Active,Not Active,Not Active,Not Active
2026/07/25 10:24:56.183,2026/07/25 10:24:56.168,2026/07/25 10:24:56.199,1,GPU-713d5b24-2a1e-fd4a-7685-c3d195ff9230,237.73,1410,1593,100,52,73511,42,P0,500.00,Not Active,Not Active,Not Active,Not Active
2026/07/25 10:24:56.432,2026/07/25 10:24:56.418,2026/07/25 10:24:56.446,0,GPU-c5d32af0-0857-3b36-6541-1a688a9ec165,381.26,1410,1593,54,11,73511,48,P0,500.00,Not Active,Not Active,Not Active,Not Active
2026/07/25 10:24:56.432,2026/07/25 10:24:56.418,2026/07/25 10:24:56.446,1,GPU-713d5b24-2a1e-fd4a-7685-c3d195ff9230,85.42,1410,1593,54,28,73511,38,P0,500.00,Not Active,Not Active,Not Active,Not Active
2026/07/25 10:24:56.681,2026/07/25 10:24:56.668,2026/07/25 10:24:56.695,0,GPU-c5d32af0-0857-3b36-6541-1a688a9ec165,365.23,1410,1593,100,15,73511,51,P0,500.00,Not Active,Not Active,Not Active,Not Active
2026/07/25 10:24:56.681,2026/07/25 10:24:56.668,2026/07/25 10:24:56.695,1,GPU-713d5b24-2a1e-fd4a-7685-c3d195ff9230,84.17,1410,1593,0,0,73511,37,P0,500.00,Not Active,Not Active,Not Active,Not Active
2026/07/25 10:24:56.956,2026/07/25 10:24:56.918,2026/07/25 10:24:56.995,0,GPU-c5d32af0-0857-3b36-6541-1a688a9ec165,92.15,1410,1593,67,11,73511,42,P0,500.00,Not Active,Not Active,Not Active,Not Active
2026/07/25 10:24:56.956,2026/07/25 10:24:56.918,2026/07/25 10:24:56.995,1,GPU-713d5b24-2a1e-fd4a-7685-c3d195ff9230,241.65,1410,1593,21,2,73511,40,P0,500.00,Not Active,Not Active,Not Active,Not Active
2026/07/25 10:24:57.184,2026/07/25 10:24:57.168,2026/07/25 10:24:57.200,0,GPU-c5d32af0-0857-3b36-6541-1a688a9ec165,91.28,1410,1593,0,0,73511,40,P0,500.00,Not Active,Not Active,Not Active,Not Active
2026/07/25 10:24:57.184,2026/07/25 10:24:57.168,2026/07/25 10:24:57.200,1,GPU-713d5b24-2a1e-fd4a-7685-c3d195ff9230,247.76,1410,1593,100,53,73511,41,P0,500.00,Not Active,Not Active,Not Active,Not Active
2026/07/25 10:24:57.433,2026/07/25 10:24:57.418,2026/07/25 10:24:57.448,0,GPU-c5d32af0-0857-3b36-6541-1a688a9ec165,90.35,1410,1593,0,0,73511,40,P0,500.00,Not Active,Not Active,Not Active,Not Active
2026/07/25 10:24:57.433,2026/07/25 10:24:57.418,2026/07/25 10:24:57.448,1,GPU-713d5b24-2a1e-fd4a-7685-c3d195ff9230,247.74,1410,1593,100,53,73511,42,P0,500.00,Not Active,Not Active,Not Active,Not Active
2026/07/25 10:24:57.682,2026/07/25 10:24:57.668,2026/07/25 10:24:57.696,0,GPU-c5d32af0-0857-3b36-6541-1a688a9ec165,90.35,1410,1593,0,0,73511,39,P0,500.00,Not Active,Not Active,Not Active,Not Active
2026/07/25 10:24:57.682,2026/07/25 10:24:57.668,2026/07/25 10:24:57.696,1,GPU-713d5b24-2a1e-fd4a-7685-c3d195ff9230,244.44,1410,1593,100,53,73511,42,P0,500.00,Not Active,Not Active,Not Active,Not Active
2026/07/25 10:24:57.952,2026/07/25 10:24:57.918,2026/07/25 10:24:57.985,0,GPU-c5d32af0-0857-3b36-6541-1a688a9ec165,93.40,1410,1593,0,0,73511,39,P0,500.00,Not Active,Not Active,Not Active,Not Active
2026/07/25 10:24:57.952,2026/07/25 10:24:57.918,2026/07/25 10:24:57.985,1,GPU-713d5b24-2a1e-fd4a-7685-c3d195ff9230,89.16,1410,1593,100,53,73511,38,P0,500.00,Not Active,Not Active,Not Active,Not Active
2026/07/25 10:24:58.181,2026/07/25 10:24:58.168,2026/07/25 10:24:58.195,0,GPU-c5d32af0-0857-3b36-6541-1a688a9ec165,90.12,1410,1593,0,0,73511,39,P0,500.00,Not Active,Not Active,Not Active,Not Active
2026/07/25 10:24:58.181,2026/07/25 10:24:58.168,2026/07/25 10:24:58.195,1,GPU-713d5b24-2a1e-fd4a-7685-c3d195ff9230,84.58,1410,1593,9,5,73511,37,P0,500.00,Not Active,Not Active,Not Active,Not Active
2026/07/25 10:24:58.433,2026/07/25 10:24:58.418,2026/07/25 10:24:58.448,0,GPU-c5d32af0-0857-3b36-6541-1a688a9ec165,384.70,1410,1593,54,10,73511,49,P0,500.00,Not Active,Not Active,Not Active,Not Active
2026/07/25 10:24:58.433,2026/07/25 10:24:58.418,2026/07/25 10:24:58.448,1,GPU-713d5b24-2a1e-fd4a-7685-c3d195ff9230,84.25,1410,1593,0,0,73511,36,P0,500.00,Not Active,Not Active,Not Active,Not Active
2026/07/25 10:24:58.683,2026/07/25 10:24:58.668,2026/07/25 10:24:58.697,0,GPU-c5d32af0-0857-3b36-6541-1a688a9ec165,372.57,1410,1593,100,15,73511,51,P0,500.00,Not Active,Not Active,Not Active,Not Active
2026/07/25 10:24:58.683,2026/07/25 10:24:58.668,2026/07/25 10:24:58.697,1,GPU-713d5b24-2a1e-fd4a-7685-c3d195ff9230,83.98,1410,1593,0,0,73511,36,P0,500.00,Not Active,Not Active,Not Active,Not Active
2026/07/25 10:24:58.934,2026/07/25 10:24:58.918,2026/07/25 10:24:58.949,0,GPU-c5d32af0-0857-3b36-6541-1a688a9ec165,358.86,1410,1593,100,13,73511,52,P0,500.00,Not Active,Not Active,Not Active,Not Active
2026/07/25 10:24:58.934,2026/07/25 10:24:58.918,2026/07/25 10:24:58.949,1,GPU-713d5b24-2a1e-fd4a-7685-c3d195ff9230,83.89,1410,1593,0,0,73511,36,P0,500.00,Not Active,Not Active,Not Active,Not Active
2026/07/25 10:24:59.190,2026/07/25 10:24:59.168,2026/07/25 10:24:59.212,0,GPU-c5d32af0-0857-3b36-6541-1a688a9ec165,96.40,1410,1593,0,0,73511,42,P0,500.00,Not Active,Not Active,Not Active,Not Active
2026/07/25 10:24:59.190,2026/07/25 10:24:59.168,2026/07/25 10:24:59.212,1,GPU-713d5b24-2a1e-fd4a-7685-c3d195ff9230,192.85,1410,1593,83,31,73511,39,P0,500.00,Not Active,Not Active,Not Active,Not Active
2026/07/25 10:24:59.433,2026/07/25 10:24:59.418,2026/07/25 10:24:59.449,0,GPU-c5d32af0-0857-3b36-6541-1a688a9ec165,90.95,1410,1593,0,0,73511,40,P0,500.00,Not Active,Not Active,Not Active,Not Active
2026/07/25 10:24:59.433,2026/07/25 10:24:59.418,2026/07/25 10:24:59.449,1,GPU-713d5b24-2a1e-fd4a-7685-c3d195ff9230,243.52,1410,1593,100,52,73511,41,P0,500.00,Not Active,Not Active,Not Active,Not Active
2026/07/25 10:24:59.682,2026/07/25 10:24:59.668,2026/07/25 10:24:59.695,0,GPU-c5d32af0-0857-3b36-6541-1a688a9ec165,90.63,1410,1593,0,0,73511,40,P0,500.00,Not Active,Not Active,Not Active,Not Active
2026/07/25 10:24:59.682,2026/07/25 10:24:59.668,2026/07/25 10:24:59.695,1,GPU-713d5b24-2a1e-fd4a-7685-c3d195ff9230,239.60,1410,1593,100,52,73511,41,P0,500.00,Not Active,Not Active,Not Active,Not Active
2026/07/25 10:24:59.933,2026/07/25 10:24:59.918,2026/07/25 10:24:59.949,0,GPU-c5d32af0-0857-3b36-6541-1a688a9ec165,90.35,1410,1593,0,0,73511,39,P0,500.00,Not Active,Not Active,Not Active,Not Active
2026/07/25 10:24:59.933,2026/07/25 10:24:59.918,2026/07/25 10:24:59.949,1,GPU-713d5b24-2a1e-fd4a-7685-c3d195ff9230,240.18,1410,1593,100,52,73511,42,P0,500.00,Not Active,Not Active,Not Active,Not Active
2026/07/25 10:25:00.184,2026/07/25 10:25:00.168,2026/07/25 10:25:00.200,0,GPU-c5d32af0-0857-3b36-6541-1a688a9ec165,90.02,1410,1593,0,0,73511,39,P0,500.00,Not Active,Not Active,Not Active,Not Active
2026/07/25 10:25:00.184,2026/07/25 10:25:00.168,2026/07/25 10:25:00.200,1,GPU-713d5b24-2a1e-fd4a-7685-c3d195ff9230,239.60,1410,1593,100,52,73511,42,P0,500.00,Not Active,Not Active,Not Active,Not Active
2026/07/25 10:25:00.432,2026/07/25 10:25:00.418,2026/07/25 10:25:00.446,0,GPU-c5d32af0-0857-3b36-6541-1a688a9ec165,356.52,1410,1593,62,12,73511,48,P0,500.00,Not Active,Not Active,Not Active,Not Active
2026/07/25 10:25:00.432,2026/07/25 10:25:00.418,2026/07/25 10:25:00.446,1,GPU-713d5b24-2a1e-fd4a-7685-c3d195ff9230,84.90,1410,1593,24,12,73511,38,P0,500.00,Not Active,Not Active,Not Active,Not Active
2026/07/25 10:25:00.682,2026/07/25 10:25:00.668,2026/07/25 10:25:00.696,0,GPU-c5d32af0-0857-3b36-6541-1a688a9ec165,375.83,1410,1593,100,15,73511,51,P0,500.00,Not Active,Not Active,Not Active,Not Active
2026/07/25 10:25:00.682,2026/07/25 10:25:00.668,2026/07/25 10:25:00.696,1,GPU-713d5b24-2a1e-fd4a-7685-c3d195ff9230,83.89,1410,1593,0,0,73511,37,P0,500.00,Not Active,Not Active,Not Active,Not Active
2026/07/25 10:25:00.933,2026/07/25 10:25:00.918,2026/07/25 10:25:00.949,0,GPU-c5d32af0-0857-3b36-6541-1a688a9ec165,365.33,1410,1593,100,12,73511,52,P0,500.00,Not Active,Not Active,Not Active,Not Active
2026/07/25 10:25:00.933,2026/07/25 10:25:00.918,2026/07/25 10:25:00.949,1,GPU-713d5b24-2a1e-fd4a-7685-c3d195ff9230,83.98,1410,1593,0,0,73511,36,P0,500.00,Not Active,Not Active,Not Active,Not Active
2026/07/25 10:25:01.197,2026/07/25 10:25:01.168,2026/07/25 10:25:01.226,0,GPU-c5d32af0-0857-3b36-6541-1a688a9ec165,97.33,1410,1593,0,0,73511,43,P0,500.00,Not Active,Not Active,Not Active,Not Active
2026/07/25 10:25:01.197,2026/07/25 10:25:01.168,2026/07/25 10:25:01.226,1,GPU-713d5b24-2a1e-fd4a-7685-c3d195ff9230,238.05,1410,1593,0,0,73511,39,P0,500.00,Not Active,Not Active,Not Active,Not Active
2026/07/25 10:25:01.433,2026/07/25 10:25:01.418,2026/07/25 10:25:01.448,0,GPU-c5d32af0-0857-3b36-6541-1a688a9ec165,91.88,1410,1593,0,0,73511,41,P0,500.00,Not Active,Not Active,Not Active,Not Active
2026/07/25 10:25:01.433,2026/07/25 10:25:01.418,2026/07/25 10:25:01.448,1,GPU-713d5b24-2a1e-fd4a-7685-c3d195ff9230,239.85,1410,1593,100,52,73511,41,P0,500.00,Not Active,Not Active,Not Active,Not Active
2026/07/25 10:25:01.683,2026/07/25 10:25:01.668,2026/07/25 10:25:01.698,0,GPU-c5d32af0-0857-3b36-6541-1a688a9ec165,90.95,1410,1593,0,0,73511,40,P0,500.00,Not Active,Not Active,Not Active,Not Active
2026/07/25 10:25:01.683,2026/07/25 10:25:01.668,2026/07/25 10:25:01.698,1,GPU-713d5b24-2a1e-fd4a-7685-c3d195ff9230,244.44,1410,1593,100,52,73511,41,P0,500.00,Not Active,Not Active,Not Active,Not Active
2026/07/25 10:25:01.932,2026/07/25 10:25:01.918,2026/07/25 10:25:01.946,0,GPU-c5d32af0-0857-3b36-6541-1a688a9ec165,90.95,1410,1593,0,0,73511,40,P0,500.00,Not Active,Not Active,Not Active,Not Active
2026/07/25 10:25:01.932,2026/07/25 10:25:01.918,2026/07/25 10:25:01.946,1,GPU-713d5b24-2a1e-fd4a-7685-c3d195ff9230,240.53,1410,1593,100,52,73511,42,P0,500.00,Not Active,Not Active,Not Active,Not Active
2026/07/25 10:25:02.184,2026/07/25 10:25:02.168,2026/07/25 10:25:02.200,0,GPU-c5d32af0-0857-3b36-6541-1a688a9ec165,90.25,1410,1593,0,0,73511,39,P0,500.00,Not Active,Not Active,Not Active,Not Active
2026/07/25 10:25:02.184,2026/07/25 10:25:02.168,2026/07/25 10:25:02.200,1,GPU-713d5b24-2a1e-fd4a-7685-c3d195ff9230,239.00,1410,1593,100,52,73511,42,P0,500.00,Not Active,Not Active,Not Active,Not Active
2026/07/25 10:25:02.436,2026/07/25 10:25:02.418,2026/07/25 10:25:02.453,0,GPU-c5d32af0-0857-3b36-6541-1a688a9ec165,379.26,1410,1593,74,14,73511,49,P0,500.00,Not Active,Not Active,Not Active,Not Active
2026/07/25 10:25:02.436,2026/07/25 10:25:02.418,2026/07/25 10:25:02.453,1,GPU-713d5b24-2a1e-fd4a-7685-c3d195ff9230,240.20,1410,1593,100,52,73511,42,P0,500.00,Not Active,Not Active,Not Active,Not Active
2026/07/25 10:25:02.683,2026/07/25 10:25:02.668,2026/07/25 10:25:02.699,0,GPU-c5d32af0-0857-3b36-6541-1a688a9ec165,179.78,1410,1593,100,15,73511,51,P0,500.00,Not Active,Not Active,Not Active,Not Active
2026/07/25 10:25:02.683,2026/07/25 10:25:02.668,2026/07/25 10:25:02.699,1,GPU-713d5b24-2a1e-fd4a-7685-c3d195ff9230,85.78,1410,1593,56,29,73511,38,P0,500.00,Not Active,Not Active,Not Active,Not Active
2026/07/25 10:25:02.934,2026/07/25 10:25:02.918,2026/07/25 10:25:02.950,0,GPU-c5d32af0-0857-3b36-6541-1a688a9ec165,93.68,1410,1593,46,8,73511,42,P0,500.00,Not Active,Not Active,Not Active,Not Active
2026/07/25 10:25:02.934,2026/07/25 10:25:02.918,2026/07/25 10:25:02.950,1,GPU-713d5b24-2a1e-fd4a-7685-c3d195ff9230,243.52,1410,1593,31,8,73511,41,P0,500.00,Not Active,Not Active,Not Active,Not Active
2026/07/25 10:25:03.185,2026/07/25 10:25:03.168,2026/07/25 10:25:03.201,0,GPU-c5d32af0-0857-3b36-6541-1a688a9ec165,91.28,1410,1593,0,0,73511,41,P0,500.00,Not Active,Not Active,Not Active,Not Active
2026/07/25 10:25:03.185,2026/07/25 10:25:03.168,2026/07/25 10:25:03.201,1,GPU-713d5b24-2a1e-fd4a-7685-c3d195ff9230,243.50,1410,1593,100,53,73511,42,P0,500.00,Not Active,Not Active,Not Active,Not Active
2026/07/25 10:25:03.433,2026/07/25 10:25:03.418,2026/07/25 10:25:03.448,0,GPU-c5d32af0-0857-3b36-6541-1a688a9ec165,90.44,1410,1593,0,0,73511,40,P0,500.00,Not Active,Not Active,Not Active,Not Active
2026/07/25 10:25:03.433,2026/07/25 10:25:03.418,2026/07/25 10:25:03.448,1,GPU-713d5b24-2a1e-fd4a-7685-c3d195ff9230,243.50,1410,1593,100,53,73511,42,P0,500.00,Not Active,Not Active,Not Active,Not Active
2026/07/25 10:25:03.684,2026/07/25 10:25:03.668,2026/07/25 10:25:03.699,0,GPU-c5d32af0-0857-3b36-6541-1a688a9ec165,90.35,1410,1593,0,0,73511,39,P0,500.00,Not Active,Not Active,Not Active,Not Active
2026/07/25 10:25:03.684,2026/07/25 10:25:03.668,2026/07/25 10:25:03.699,1,GPU-713d5b24-2a1e-fd4a-7685-c3d195ff9230,242.92,1410,1593,100,53,73511,43,P0,500.00,Not Active,Not Active,Not Active,Not Active
2026/07/25 10:25:03.932,2026/07/25 10:25:03.918,2026/07/25 10:25:03.946,0,GPU-c5d32af0-0857-3b36-6541-1a688a9ec165,90.12,1410,1593,0,0,73511,39,P0,500.00,Not Active,Not Active,Not Active,Not Active
2026/07/25 10:25:03.932,2026/07/25 10:25:03.918,2026/07/25 10:25:03.946,1,GPU-713d5b24-2a1e-fd4a-7685-c3d195ff9230,242.65,1410,1593,100,53,73511,40,P0,500.00,Not Active,Not Active,Not Active,Not Active
2026/07/25 10:25:04.181,2026/07/25 10:25:04.168,2026/07/25 10:25:04.194,0,GPU-c5d32af0-0857-3b36-6541-1a688a9ec165,90.12,1410,1593,0,0,73511,39,P0,500.00,Not Active,Not Active,Not Active,Not Active
2026/07/25 10:25:04.181,2026/07/25 10:25:04.168,2026/07/25 10:25:04.194,1,GPU-713d5b24-2a1e-fd4a-7685-c3d195ff9230,84.58,1410,1593,16,8,73511,38,P0,500.00,Not Active,Not Active,Not Active,Not Active
2026/07/25 10:25:04.448,2026/07/25 10:25:04.418,2026/07/25 10:25:04.478,0,GPU-c5d32af0-0857-3b36-6541-1a688a9ec165,389.87,1410,1593,0,0,73511,47,P0,500.00,Not Active,Not Active,Not Active,Not Active
2026/07/25 10:25:04.448,2026/07/25 10:25:04.418,2026/07/25 10:25:04.478,1,GPU-713d5b24-2a1e-fd4a-7685-c3d195ff9230,84.17,1410,1593,0,0,73511,36,P0,500.00,Not Active,Not Active,Not Active,Not Active
2026/07/25 10:25:04.685,2026/07/25 10:25:04.668,2026/07/25 10:25:04.703,0,GPU-c5d32af0-0857-3b36-6541-1a688a9ec165,380.39,1410,1593,100,14,73511,51,P0,500.00,Not Active,Not Active,Not Active,Not Active
2026/07/25 10:25:04.685,2026/07/25 10:25:04.668,2026/07/25 10:25:04.703,1,GPU-713d5b24-2a1e-fd4a-7685-c3d195ff9230,84.25,1410,1593,0,0,73511,36,P0,500.00,Not Active,Not Active,Not Active,Not Active
2026/07/25 10:25:04.933,2026/07/25 10:25:04.918,2026/07/25 10:25:04.947,0,GPU-c5d32af0-0857-3b36-6541-1a688a9ec165,91.88,1410,1593,43,7,73511,42,P0,500.00,Not Active,Not Active,Not Active,Not Active
2026/07/25 10:25:04.933,2026/07/25 10:25:04.918,2026/07/25 10:25:04.947,1,GPU-713d5b24-2a1e-fd4a-7685-c3d195ff9230,242.92,1410,1593,33,9,73511,40,P0,500.00,Not Active,Not Active,Not Active,Not Active
2026/07/25 10:25:05.183,2026/07/25 10:25:05.168,2026/07/25 10:25:05.197,0,GPU-c5d32af0-0857-3b36-6541-1a688a9ec165,90.95,1410,1593,0,0,73511,40,P0,500.00,Not Active,Not Active,Not Active,Not Active
2026/07/25 10:25:05.183,2026/07/25 10:25:05.168,2026/07/25 10:25:05.197,1,GPU-713d5b24-2a1e-fd4a-7685-c3d195ff9230,247.16,1410,1593,100,53,73511,41,P0,500.00,Not Active,Not Active,Not Active,Not Active
2026/07/25 10:25:05.433,2026/07/25 10:25:05.418,2026/07/25 10:25:05.449,0,GPU-c5d32af0-0857-3b36-6541-1a688a9ec165,90.63,1410,1593,0,0,73511,40,P0,500.00,Not Active,Not Active,Not Active,Not Active
2026/07/25 10:25:05.433,2026/07/25 10:25:05.418,2026/07/25 10:25:05.449,1,GPU-713d5b24-2a1e-fd4a-7685-c3d195ff9230,242.92,1410,1593,100,53,73511,42,P0,500.00,Not Active,Not Active,Not Active,Not Active
2026/07/25 10:25:05.682,2026/07/25 10:25:05.668,2026/07/25 10:25:05.695,0,GPU-c5d32af0-0857-3b36-6541-1a688a9ec165,90.35,1410,1593,0,0,73511,39,P0,500.00,Not Active,Not Active,Not Active,Not Active
2026/07/25 10:25:05.682,2026/07/25 10:25:05.668,2026/07/25 10:25:05.695,1,GPU-713d5b24-2a1e-fd4a-7685-c3d195ff9230,245.29,1410,1593,100,53,73511,42,P0,500.00,Not Active,Not Active,Not Active,Not Active
2026/07/25 10:25:05.934,2026/07/25 10:25:05.918,2026/07/25 10:25:05.949,0,GPU-c5d32af0-0857-3b36-6541-1a688a9ec165,90.02,1410,1593,0,0,73511,39,P0,500.00,Not Active,Not Active,Not Active,Not Active
2026/07/25 10:25:05.934,2026/07/25 10:25:05.918,2026/07/25 10:25:05.949,1,GPU-713d5b24-2a1e-fd4a-7685-c3d195ff9230,247.16,1410,1593,100,53,73511,42,P0,500.00,Not Active,Not Active,Not Active,Not Active
2026/07/25 10:25:06.184,2026/07/25 10:25:06.168,2026/07/25 10:25:06.200,0,GPU-c5d32af0-0857-3b36-6541-1a688a9ec165,90.02,1410,1593,0,0,73511,39,P0,500.00,Not Active,Not Active,Not Active,Not Active
2026/07/25 10:25:06.184,2026/07/25 10:25:06.168,2026/07/25 10:25:06.200,1,GPU-713d5b24-2a1e-fd4a-7685-c3d195ff9230,244.77,1410,1593,100,53,73511,43,P0,500.00,Not Active,Not Active,Not Active,Not Active
2026/07/25 10:25:06.455,2026/07/25 10:25:06.418,2026/07/25 10:25:06.491,0,GPU-c5d32af0-0857-3b36-6541-1a688a9ec165,387.62,1410,1593,0,0,73511,48,P0,500.00,Not Active,Not Active,Not Active,Not Active
2026/07/25 10:25:06.455,2026/07/25 10:25:06.418,2026/07/25 10:25:06.491,1,GPU-713d5b24-2a1e-fd4a-7685-c3d195ff9230,84.58,1410,1593,11,6,73511,38,P0,500.00,Not Active,Not Active,Not Active,Not Active
2026/07/25 10:25:06.684,2026/07/25 10:25:06.668,2026/07/25 10:25:06.701,0,GPU-c5d32af0-0857-3b36-6541-1a688a9ec165,377.35,1410,1593,100,14,73511,51,P0,500.00,Not Active,Not Active,Not Active,Not Active
2026/07/25 10:25:06.684,2026/07/25 10:25:06.668,2026/07/25 10:25:06.701,1,GPU-713d5b24-2a1e-fd4a-7685-c3d195ff9230,83.89,1410,1593,0,0,73511,37,P0,500.00,Not Active,Not Active,Not Active,Not Active
2026/07/25 10:25:06.933,2026/07/25 10:25:06.918,2026/07/25 10:25:06.948,0,GPU-c5d32af0-0857-3b36-6541-1a688a9ec165,101.57,1410,1593,70,10,73511,43,P0,500.00,Not Active,Not Active,Not Active,Not Active
2026/07/25 10:25:06.933,2026/07/25 10:25:06.918,2026/07/25 10:25:06.948,1,GPU-713d5b24-2a1e-fd4a-7685-c3d195ff9230,87.30,1410,1593,4,0,73511,39,P0,500.00,Not Active,Not Active,Not Active,Not Active
2026/07/25 10:25:07.182,2026/07/25 10:25:07.168,2026/07/25 10:25:07.195,0,GPU-c5d32af0-0857-3b36-6541-1a688a9ec165,91.28,1410,1593,0,0,73511,41,P0,500.00,Not Active,Not Active,Not Active,Not Active
2026/07/25 10:25:07.182,2026/07/25 10:25:07.168,2026/07/25 10:25:07.195,1,GPU-713d5b24-2a1e-fd4a-7685-c3d195ff9230,246.89,1410,1593,95,43,73511,41,P0,500.00,Not Active,Not Active,Not Active,Not Active
2026/07/25 10:25:07.433,2026/07/25 10:25:07.418,2026/07/25 10:25:07.449,0,GPU-c5d32af0-0857-3b36-6541-1a688a9ec165,90.63,1410,1593,0,0,73511,40,P0,500.00,Not Active,Not Active,Not Active,Not Active
2026/07/25 10:25:07.433,2026/07/25 10:25:07.418,2026/07/25 10:25:07.449,1,GPU-713d5b24-2a1e-fd4a-7685-c3d195ff9230,239.52,1410,1593,100,53,73511,42,P0,500.00,Not Active,Not Active,Not Active,Not Active
2026/07/25 10:25:07.683,2026/07/25 10:25:07.668,2026/07/25 10:25:07.697,0,GPU-c5d32af0-0857-3b36-6541-1a688a9ec165,90.35,1410,1593,0,0,73511,39,P0,500.00,Not Active,Not Active,Not Active,Not Active
2026/07/25 10:25:07.683,2026/07/25 10:25:07.668,2026/07/25 10:25:07.697,1,GPU-713d5b24-2a1e-fd4a-7685-c3d195ff9230,247.15,1410,1593,100,52,73511,42,P0,500.00,Not Active,Not Active,Not Active,Not Active
2026/07/25 10:25:07.932,2026/07/25 10:25:07.918,2026/07/25 10:25:07.946,0,GPU-c5d32af0-0857-3b36-6541-1a688a9ec165,90.12,1410,1593,0,0,73511,39,P0,500.00,Not Active,Not Active,Not Active,Not Active
2026/07/25 10:25:07.932,2026/07/25 10:25:07.918,2026/07/25 10:25:07.946,1,GPU-713d5b24-2a1e-fd4a-7685-c3d195ff9230,138.28,1410,1593,90,48,73511,39,P0,500.00,Not Active,Not Active,Not Active,Not Active
2026/07/25 10:25:08.182,2026/07/25 10:25:08.168,2026/07/25 10:25:08.196,0,GPU-c5d32af0-0857-3b36-6541-1a688a9ec165,90.02,1410,1593,0,0,73511,39,P0,500.00,Not Active,Not Active,Not Active,Not Active
2026/07/25 10:25:08.182,2026/07/25 10:25:08.168,2026/07/25 10:25:08.196,1,GPU-713d5b24-2a1e-fd4a-7685-c3d195ff9230,84.25,1410,1593,0,0,73511,37,P0,500.00,Not Active,Not Active,Not Active,Not Active
2026/07/25 10:25:08.462,2026/07/25 10:25:08.418,2026/07/25 10:25:08.505,0,GPU-c5d32af0-0857-3b36-6541-1a688a9ec165,383.11,1410,1593,0,0,73511,48,P0,500.00,Not Active,Not Active,Not Active,Not Active
2026/07/25 10:25:08.462,2026/07/25 10:25:08.418,2026/07/25 10:25:08.505,1,GPU-713d5b24-2a1e-fd4a-7685-c3d195ff9230,83.98,1410,1593,0,0,73511,36,P0,500.00,Not Active,Not Active,Not Active,Not Active
2026/07/25 10:25:08.683,2026/07/25 10:25:08.668,2026/07/25 10:25:08.699,0,GPU-c5d32af0-0857-3b36-6541-1a688a9ec165,385.30,1410,1593,100,14,73511,51,P0,500.00,Not Active,Not Active,Not Active,Not Active
2026/07/25 10:25:08.683,2026/07/25 10:25:08.668,2026/07/25 10:25:08.699,1,GPU-713d5b24-2a1e-fd4a-7685-c3d195ff9230,83.57,1410,1593,0,0,73511,36,P0,500.00,Not Active,Not Active,Not Active,Not Active
2026/07/25 10:25:08.934,2026/07/25 10:25:08.918,2026/07/25 10:25:08.950,0,GPU-c5d32af0-0857-3b36-6541-1a688a9ec165,101.95,1410,1593,72,9,73511,45,P0,500.00,Not Active,Not Active,Not Active,Not Active
2026/07/25 10:25:08.934,2026/07/25 10:25:08.918,2026/07/25 10:25:08.950,1,GPU-713d5b24-2a1e-fd4a-7685-c3d195ff9230,232.28,1410,1593,2,0,73511,38,P0,500.00,Not Active,Not Active,Not Active,Not Active
2026/07/25 10:25:09.184,2026/07/25 10:25:09.168,2026/07/25 10:25:09.200,0,GPU-c5d32af0-0857-3b36-6541-1a688a9ec165,91.28,1410,1593,0,0,73511,41,P0,500.00,Not Active,Not Active,Not Active,Not Active
2026/07/25 10:25:09.184,2026/07/25 10:25:09.168,2026/07/25 10:25:09.200,1,GPU-713d5b24-2a1e-fd4a-7685-c3d195ff9230,236.28,1410,1593,88,37,73511,40,P0,500.00,Not Active,Not Active,Not Active,Not Active
2026/07/25 10:25:09.433,2026/07/25 10:25:09.418,2026/07/25 10:25:09.447,0,GPU-c5d32af0-0857-3b36-6541-1a688a9ec165,90.95,1410,1593,0,0,73511,40,P0,500.00,Not Active,Not Active,Not Active,Not Active
2026/07/25 10:25:09.433,2026/07/25 10:25:09.418,2026/07/25 10:25:09.447,1,GPU-713d5b24-2a1e-fd4a-7685-c3d195ff9230,238.68,1410,1593,100,52,73511,41,P0,500.00,Not Active,Not Active,Not Active,Not Active
2026/07/25 10:25:09.682,2026/07/25 10:25:09.668,2026/07/25 10:25:09.696,0,GPU-c5d32af0-0857-3b36-6541-1a688a9ec165,90.35,1410,1593,0,0,73511,39,P0,500.00,Not Active,Not Active,Not Active,Not Active
2026/07/25 10:25:09.682,2026/07/25 10:25:09.668,2026/07/25 10:25:09.696,1,GPU-713d5b24-2a1e-fd4a-7685-c3d195ff9230,247.74,1410,1593,100,52,73511,42,P0,500.00,Not Active,Not Active,Not Active,Not Active
2026/07/25 10:25:09.933,2026/07/25 10:25:09.918,2026/07/25 10:25:09.949,0,GPU-c5d32af0-0857-3b36-6541-1a688a9ec165,90.63,1410,1593,0,0,73511,39,P0,500.00,Not Active,Not Active,Not Active,Not Active
2026/07/25 10:25:09.933,2026/07/25 10:25:09.918,2026/07/25 10:25:09.949,1,GPU-713d5b24-2a1e-fd4a-7685-c3d195ff9230,244.44,1410,1593,100,52,73511,42,P0,500.00,Not Active,Not Active,Not Active,Not Active
2026/07/25 10:25:10.181,2026/07/25 10:25:10.168,2026/07/25 10:25:10.195,0,GPU-c5d32af0-0857-3b36-6541-1a688a9ec165,90.35,1410,1593,0,0,73511,39,P0,500.00,Not Active,Not Active,Not Active,Not Active
2026/07/25 10:25:10.181,2026/07/25 10:25:10.168,2026/07/25 10:25:10.195,1,GPU-713d5b24-2a1e-fd4a-7685-c3d195ff9230,85.18,1410,1593,100,52,73511,39,P0,500.00,Not Active,Not Active,Not Active,Not Active
2026/07/25 10:25:10.443,2026/07/25 10:25:10.418,2026/07/25 10:25:10.467,0,GPU-c5d32af0-0857-3b36-6541-1a688a9ec165,386.83,1410,1593,0,0,73511,48,P0,500.00,Not Active,Not Active,Not Active,Not Active
2026/07/25 10:25:10.443,2026/07/25 10:25:10.418,2026/07/25 10:25:10.467,1,GPU-713d5b24-2a1e-fd4a-7685-c3d195ff9230,83.89,1410,1593,8,4,73511,37,P0,500.00,Not Active,Not Active,Not Active,Not Active
2026/07/25 10:25:10.683,2026/07/25 10:25:10.668,2026/07/25 10:25:10.698,0,GPU-c5d32af0-0857-3b36-6541-1a688a9ec165,372.89,1410,1593,100,15,73511,49,P0,500.00,Not Active,Not Active,Not Active,Not Active
2026/07/25 10:25:10.683,2026/07/25 10:25:10.668,2026/07/25 10:25:10.698,1,GPU-713d5b24-2a1e-fd4a-7685-c3d195ff9230,83.57,1410,1593,0,0,73511,36,P0,500.00,Not Active,Not Active,Not Active,Not Active
2026/07/25 10:25:10.933,2026/07/25 10:25:10.918,2026/07/25 10:25:10.948,0,GPU-c5d32af0-0857-3b36-6541-1a688a9ec165,91.55,1410,1593,15,4,73511,42,P0,500.00,Not Active,Not Active,Not Active,Not Active
2026/07/25 10:25:10.933,2026/07/25 10:25:10.918,2026/07/25 10:25:10.948,1,GPU-713d5b24-2a1e-fd4a-7685-c3d195ff9230,240.45,1410,1593,43,14,73511,40,P0,500.00,Not Active,Not Active,Not Active,Not Active
2026/07/25 10:25:11.182,2026/07/25 10:25:11.168,2026/07/25 10:25:11.196,0,GPU-c5d32af0-0857-3b36-6541-1a688a9ec165,90.63,1410,1593,0,0,73511,40,P0,500.00,Not Active,Not Active,Not Active,Not Active
2026/07/25 10:25:11.182,2026/07/25 10:25:11.168,2026/07/25 10:25:11.196,1,GPU-713d5b24-2a1e-fd4a-7685-c3d195ff9230,245.04,1410,1593,100,53,73511,41,P0,500.00,Not Active,Not Active,Not Active,Not Active
2026/07/25 10:25:11.432,2026/07/25 10:25:11.418,2026/07/25 10:25:11.446,0,GPU-c5d32af0-0857-3b36-6541-1a688a9ec165,90.35,1410,1593,0,0,73511,40,P0,500.00,Not Active,Not Active,Not Active,Not Active
2026/07/25 10:25:11.432,2026/07/25 10:25:11.418,2026/07/25 10:25:11.446,1,GPU-713d5b24-2a1e-fd4a-7685-c3d195ff9230,243.77,1410,1593,100,53,73511,42,P0,500.00,Not Active,Not Active,Not Active,Not Active
2026/07/25 10:25:11.683,2026/07/25 10:25:11.668,2026/07/25 10:25:11.698,0,GPU-c5d32af0-0857-3b36-6541-1a688a9ec165,90.02,1410,1593,0,0,73511,39,P0,500.00,Not Active,Not Active,Not Active,Not Active
2026/07/25 10:25:11.683,2026/07/25 10:25:11.668,2026/07/25 10:25:11.698,1,GPU-713d5b24-2a1e-fd4a-7685-c3d195ff9230,243.84,1410,1593,100,53,73511,42,P0,500.00,Not Active,Not Active,Not Active,Not Active
2026/07/25 10:25:11.935,2026/07/25 10:25:11.918,2026/07/25 10:25:11.952,0,GPU-c5d32af0-0857-3b36-6541-1a688a9ec165,89.75,1410,1593,0,0,73511,39,P0,500.00,Not Active,Not Active,Not Active,Not Active
2026/07/25 10:25:11.935,2026/07/25 10:25:11.918,2026/07/25 10:25:11.952,1,GPU-713d5b24-2a1e-fd4a-7685-c3d195ff9230,243.50,1410,1593,100,53,73511,43,P0,500.00,Not Active,Not Active,Not Active,Not Active
2026/07/25 10:25:12.183,2026/07/25 10:25:12.168,2026/07/25 10:25:12.199,0,GPU-c5d32af0-0857-3b36-6541-1a688a9ec165,89.75,1410,1593,0,0,73511,39,P0,500.00,Not Active,Not Active,Not Active,Not Active
2026/07/25 10:25:12.183,2026/07/25 10:25:12.168,2026/07/25 10:25:12.199,1,GPU-713d5b24-2a1e-fd4a-7685-c3d195ff9230,243.52,1410,1593,100,53,73511,43,P0,500.00,Not Active,Not Active,Not Active,Not Active
2026/07/25 10:25:12.433,2026/07/25 10:25:12.418,2026/07/25 10:25:12.448,0,GPU-c5d32af0-0857-3b36-6541-1a688a9ec165,378.93,1410,1593,11,2,73511,48,P0,500.00,Not Active,Not Active,Not Active,Not Active
2026/07/25 10:25:12.433,2026/07/25 10:25:12.418,2026/07/25 10:25:12.448,1,GPU-713d5b24-2a1e-fd4a-7685-c3d195ff9230,89.16,1410,1593,23,12,73511,39,P0,500.00,Not Active,Not Active,Not Active,Not Active
2026/07/25 10:25:12.682,2026/07/25 10:25:12.668,2026/07/25 10:25:12.695,0,GPU-c5d32af0-0857-3b36-6541-1a688a9ec165,378.33,1410,1593,100,14,73511,51,P0,500.00,Not Active,Not Active,Not Active,Not Active
2026/07/25 10:25:12.682,2026/07/25 10:25:12.668,2026/07/25 10:25:12.695,1,GPU-713d5b24-2a1e-fd4a-7685-c3d195ff9230,84.58,1410,1593,0,0,73511,37,P0,500.00,Not Active,Not Active,Not Active,Not Active
2026/07/25 10:25:12.933,2026/07/25 10:25:12.918,2026/07/25 10:25:12.949,0,GPU-c5d32af0-0857-3b36-6541-1a688a9ec165,100.05,1410,1593,63,8,73511,45,P0,500.00,Not Active,Not Active,Not Active,Not Active
2026/07/25 10:25:12.933,2026/07/25 10:25:12.918,2026/07/25 10:25:12.949,1,GPU-713d5b24-2a1e-fd4a-7685-c3d195ff9230,83.98,1410,1593,2,0,73511,37,P0,500.00,Not Active,Not Active,Not Active,Not Active
2026/07/25 10:25:13.184,2026/07/25 10:25:13.168,2026/07/25 10:25:13.200,0,GPU-c5d32af0-0857-3b36-6541-1a688a9ec165,91.28,1410,1593,0,0,73511,41,P0,500.00,Not Active,Not Active,Not Active,Not Active
2026/07/25 10:25:13.184,2026/07/25 10:25:13.168,2026/07/25 10:25:13.200,1,GPU-713d5b24-2a1e-fd4a-7685-c3d195ff9230,246.89,1410,1593,90,38,73511,41,P0,500.00,Not Active,Not Active,Not Active,Not Active
2026/07/25 10:25:13.434,2026/07/25 10:25:13.418,2026/07/25 10:25:13.451,0,GPU-c5d32af0-0857-3b36-6541-1a688a9ec165,90.35,1410,1593,0,0,73511,40,P0,500.00,Not Active,Not Active,Not Active,Not Active
2026/07/25 10:25:13.434,2026/07/25 10:25:13.418,2026/07/25 10:25:13.451,1,GPU-713d5b24-2a1e-fd4a-7685-c3d195ff9230,243.52,1410,1593,100,52,73511,42,P0,500.00,Not Active,Not Active,Not Active,Not Active
2026/07/25 10:25:13.684,2026/07/25 10:25:13.668,2026/07/25 10:25:13.700,0,GPU-c5d32af0-0857-3b36-6541-1a688a9ec165,90.02,1410,1593,0,0,73511,40,P0,500.00,Not Active,Not Active,Not Active,Not Active
2026/07/25 10:25:13.684,2026/07/25 10:25:13.668,2026/07/25 10:25:13.700,1,GPU-713d5b24-2a1e-fd4a-7685-c3d195ff9230,237.81,1410,1593,100,52,73511,42,P0,500.00,Not Active,Not Active,Not Active,Not Active
2026/07/25 10:25:13.933,2026/07/25 10:25:13.918,2026/07/25 10:25:13.948,0,GPU-c5d32af0-0857-3b36-6541-1a688a9ec165,89.75,1410,1593,0,0,73511,39,P0,500.00,Not Active,Not Active,Not Active,Not Active
2026/07/25 10:25:13.933,2026/07/25 10:25:13.918,2026/07/25 10:25:13.948,1,GPU-713d5b24-2a1e-fd4a-7685-c3d195ff9230,232.91,1410,1593,97,51,73511,41,P0,500.00,Not Active,Not Active,Not Active,Not Active
2026/07/25 10:25:14.183,2026/07/25 10:25:14.168,2026/07/25 10:25:14.198,0,GPU-c5d32af0-0857-3b36-6541-1a688a9ec165,89.75,1410,1593,0,0,73511,39,P0,500.00,Not Active,Not Active,Not Active,Not Active
2026/07/25 10:25:14.183,2026/07/25 10:25:14.168,2026/07/25 10:25:14.198,1,GPU-713d5b24-2a1e-fd4a-7685-c3d195ff9230,84.25,1410,1593,0,0,73511,37,P0,500.00,Not Active,Not Active,Not Active,Not Active
2026/07/25 10:25:14.433,2026/07/25 10:25:14.418,2026/07/25 10:25:14.448,0,GPU-c5d32af0-0857-3b36-6541-1a688a9ec165,382.91,1410,1593,12,2,73511,48,P0,500.00,Not Active,Not Active,Not Active,Not Active
2026/07/25 10:25:14.433,2026/07/25 10:25:14.418,2026/07/25 10:25:14.448,1,GPU-713d5b24-2a1e-fd4a-7685-c3d195ff9230,83.66,1410,1593,0,0,73511,37,P0,500.00,Not Active,Not Active,Not Active,Not Active
2026/07/25 10:25:14.684,2026/07/25 10:25:14.668,2026/07/25 10:25:14.701,0,GPU-c5d32af0-0857-3b36-6541-1a688a9ec165,379.58,1410,1593,100,14,73511,51,P0,500.00,Not Active,Not Active,Not Active,Not Active
2026/07/25 10:25:14.684,2026/07/25 10:25:14.668,2026/07/25 10:25:14.701,1,GPU-713d5b24-2a1e-fd4a-7685-c3d195ff9230,83.66,1410,1593,0,0,73511,36,P0,500.00,Not Active,Not Active,Not Active,Not Active
2026/07/25 10:25:14.933,2026/07/25 10:25:14.918,2026/07/25 10:25:14.948,0,GPU-c5d32af0-0857-3b36-6541-1a688a9ec165,378.27,1410,1593,100,12,73511,52,P0,500.00,Not Active,Not Active,Not Active,Not Active
2026/07/25 10:25:14.933,2026/07/25 10:25:14.918,2026/07/25 10:25:14.948,1,GPU-713d5b24-2a1e-fd4a-7685-c3d195ff9230,83.29,1410,1593,0,0,73511,36,P0,500.00,Not Active,Not Active,Not Active,Not Active
2026/07/25 10:25:15.188,2026/07/25 10:25:15.168,2026/07/25 10:25:15.207,0,GPU-c5d32af0-0857-3b36-6541-1a688a9ec165,97.60,1410,1593,44,5,73511,43,P0,500.00,Not Active,Not Active,Not Active,Not Active
2026/07/25 10:25:15.188,2026/07/25 10:25:15.168,2026/07/25 10:25:15.207,1,GPU-713d5b24-2a1e-fd4a-7685-c3d195ff9230,241.12,1410,1593,16,0,73511,39,P0,500.00,Not Active,Not Active,Not Active,Not Active
2026/07/25 10:25:15.433,2026/07/25 10:25:15.418,2026/07/25 10:25:15.447,0,GPU-c5d32af0-0857-3b36-6541-1a688a9ec165,91.55,1410,1593,0,0,73511,41,P0,500.00,Not Active,Not Active,Not Active,Not Active
2026/07/25 10:25:15.433,2026/07/25 10:25:15.418,2026/07/25 10:25:15.447,1,GPU-713d5b24-2a1e-fd4a-7685-c3d195ff9230,237.81,1410,1593,98,47,73511,41,P0,500.00,Not Active,Not Active,Not Active,Not Active
2026/07/25 10:25:15.685,2026/07/25 10:25:15.668,2026/07/25 10:25:15.702,0,GPU-c5d32af0-0857-3b36-6541-1a688a9ec165,90.35,1410,1593,0,0,73511,40,P0,500.00,Not Active,Not Active,Not Active,Not Active
2026/07/25 10:25:15.685,2026/07/25 10:25:15.668,2026/07/25 10:25:15.702,1,GPU-713d5b24-2a1e-fd4a-7685-c3d195ff9230,241.12,1410,1593,100,52,73511,41,P0,500.00,Not Active,Not Active,Not Active,Not Active
2026/07/25 10:25:15.933,2026/07/25 10:25:15.918,2026/07/25 10:25:15.947,0,GPU-c5d32af0-0857-3b36-6541-1a688a9ec165,90.02,1410,1593,0,0,73511,40,P0,500.00,Not Active,Not Active,Not Active,Not Active
2026/07/25 10:25:15.933,2026/07/25 10:25:15.918,2026/07/25 10:25:15.947,1,GPU-713d5b24-2a1e-fd4a-7685-c3d195ff9230,242.65,1410,1593,100,52,73511,42,P0,500.00,Not Active,Not Active,Not Active,Not Active
2026/07/25 10:25:16.184,2026/07/25 10:25:16.168,2026/07/25 10:25:16.200,0,GPU-c5d32af0-0857-3b36-6541-1a688a9ec165,90.95,1410,1593,0,0,73511,39,P0,500.00,Not Active,Not Active,Not Active,Not Active
2026/07/25 10:25:16.184,2026/07/25 10:25:16.168,2026/07/25 10:25:16.200,1,GPU-713d5b24-2a1e-fd4a-7685-c3d195ff9230,242.30,1410,1593,100,52,73511,42,P0,500.00,Not Active,Not Active,Not Active,Not Active
2026/07/25 10:25:16.433,2026/07/25 10:25:16.418,2026/07/25 10:25:16.448,0,GPU-c5d32af0-0857-3b36-6541-1a688a9ec165,379.79,1410,1593,24,5,73511,49,P0,500.00,Not Active,Not Active,Not Active,Not Active
2026/07/25 10:25:16.433,2026/07/25 10:25:16.418,2026/07/25 10:25:16.448,1,GPU-713d5b24-2a1e-fd4a-7685-c3d195ff9230,240.53,1410,1593,100,52,73511,42,P0,500.00,Not Active,Not Active,Not Active,Not Active
2026/07/25 10:25:16.684,2026/07/25 10:25:16.668,2026/07/25 10:25:16.701,0,GPU-c5d32af0-0857-3b36-6541-1a688a9ec165,374.09,1410,1593,93,14,73511,51,P0,500.00,Not Active,Not Active,Not Active,Not Active
2026/07/25 10:25:16.684,2026/07/25 10:25:16.668,2026/07/25 10:25:16.701,1,GPU-713d5b24-2a1e-fd4a-7685-c3d195ff9230,85.18,1410,1593,100,52,73511,38,P0,500.00,Not Active,Not Active,Not Active,Not Active
2026/07/25 10:25:16.940,2026/07/25 10:25:16.918,2026/07/25 10:25:16.963,0,GPU-c5d32af0-0857-3b36-6541-1a688a9ec165,93.07,1410,1593,0,0,73511,42,P0,500.00,Not Active,Not Active,Not Active,Not Active
2026/07/25 10:25:16.940,2026/07/25 10:25:16.918,2026/07/25 10:25:16.963,1,GPU-713d5b24-2a1e-fd4a-7685-c3d195ff9230,243.77,1410,1593,69,28,73511,41,P0,500.00,Not Active,Not Active,Not Active,Not Active
2026/07/25 10:25:17.183,2026/07/25 10:25:17.168,2026/07/25 10:25:17.199,0,GPU-c5d32af0-0857-3b36-6541-1a688a9ec165,90.95,1410,1593,0,0,73511,41,P0,500.00,Not Active,Not Active,Not Active,Not Active
2026/07/25 10:25:17.183,2026/07/25 10:25:17.168,2026/07/25 10:25:17.199,1,GPU-713d5b24-2a1e-fd4a-7685-c3d195ff9230,242.30,1410,1593,100,53,73511,42,P0,500.00,Not Active,Not Active,Not Active,Not Active
2026/07/25 10:25:17.433,2026/07/25 10:25:17.418,2026/07/25 10:25:17.448,0,GPU-c5d32af0-0857-3b36-6541-1a688a9ec165,90.35,1410,1593,0,0,73511,40,P0,500.00,Not Active,Not Active,Not Active,Not Active
2026/07/25 10:25:17.433,2026/07/25 10:25:17.418,2026/07/25 10:25:17.448,1,GPU-713d5b24-2a1e-fd4a-7685-c3d195ff9230,225.35,1410,1593,100,53,73511,42,P0,500.00,Not Active,Not Active,Not Active,Not Active
2026/07/25 10:25:17.685,2026/07/25 10:25:17.668,2026/07/25 10:25:17.702,0,GPU-c5d32af0-0857-3b36-6541-1a688a9ec165,90.02,1410,1593,0,0,73511,39,P0,500.00,Not Active,Not Active,Not Active,Not Active
2026/07/25 10:25:17.685,2026/07/25 10:25:17.668,2026/07/25 10:25:17.702,1,GPU-713d5b24-2a1e-fd4a-7685-c3d195ff9230,244.17,1410,1593,98,52,73511,43,P0,500.00,Not Active,Not Active,Not Active,Not Active
2026/07/25 10:25:17.933,2026/07/25 10:25:17.918,2026/07/25 10:25:17.949,0,GPU-c5d32af0-0857-3b36-6541-1a688a9ec165,89.75,1410,1593,0,0,73511,39,P0,500.00,Not Active,Not Active,Not Active,Not Active
2026/07/25 10:25:17.933,2026/07/25 10:25:17.918,2026/07/25 10:25:17.949,1,GPU-713d5b24-2a1e-fd4a-7685-c3d195ff9230,242.57,1410,1593,100,53,73511,43,P0,500.00,Not Active,Not Active,Not Active,Not Active
2026/07/25 10:25:18.183,2026/07/25 10:25:18.168,2026/07/25 10:25:18.198,0,GPU-c5d32af0-0857-3b36-6541-1a688a9ec165,89.75,1410,1593,0,0,73511,39,P0,500.00,Not Active,Not Active,Not Active,Not Active
2026/07/25 10:25:18.183,2026/07/25 10:25:18.168,2026/07/25 10:25:18.198,1,GPU-713d5b24-2a1e-fd4a-7685-c3d195ff9230,247.16,1410,1593,99,53,73511,43,P0,500.00,Not Active,Not Active,Not Active,Not Active
2026/07/25 10:25:18.433,2026/07/25 10:25:18.418,2026/07/25 10:25:18.447,0,GPU-c5d32af0-0857-3b36-6541-1a688a9ec165,390.14,1410,1593,32,6,73511,49,P0,500.00,Not Active,Not Active,Not Active,Not Active
2026/07/25 10:25:18.433,2026/07/25 10:25:18.418,2026/07/25 10:25:18.447,1,GPU-713d5b24-2a1e-fd4a-7685-c3d195ff9230,101.24,1410,1593,83,44,73511,39,P0,500.00,Not Active,Not Active,Not Active,Not Active
2026/07/25 10:25:18.682,2026/07/25 10:25:18.668,2026/07/25 10:25:18.696,0,GPU-c5d32af0-0857-3b36-6541-1a688a9ec165,376.15,1410,1593,100,17,73511,51,P0,500.00,Not Active,Not Active,Not Active,Not Active
2026/07/25 10:25:18.682,2026/07/25 10:25:18.668,2026/07/25 10:25:18.696,1,GPU-713d5b24-2a1e-fd4a-7685-c3d195ff9230,83.98,1410,1593,0,0,73511,38,P0,500.00,Not Active,Not Active,Not Active,Not Active
2026/07/25 10:25:18.934,2026/07/25 10:25:18.918,2026/07/25 10:25:18.950,0,GPU-c5d32af0-0857-3b36-6541-1a688a9ec165,97.33,1410,1593,58,9,73511,48,P0,500.00,Not Active,Not Active,Not Active,Not Active
2026/07/25 10:25:18.934,2026/07/25 10:25:18.918,2026/07/25 10:25:18.950,1,GPU-713d5b24-2a1e-fd4a-7685-c3d195ff9230,83.89,1410,1593,8,0,73511,37,P0,500.00,Not Active,Not Active,Not Active,Not Active
2026/07/25 10:25:19.184,2026/07/25 10:25:19.168,2026/07/25 10:25:19.200,0,GPU-c5d32af0-0857-3b36-6541-1a688a9ec165,91.88,1410,1593,58,9,73511,42,P0,500.00,Not Active,Not Active,Not Active,Not Active
2026/07/25 10:25:19.184,2026/07/25 10:25:19.168,2026/07/25 10:25:19.200,1,GPU-713d5b24-2a1e-fd4a-7685-c3d195ff9230,249.01,1410,1593,98,45,73511,41,P0,500.00,Not Active,Not Active,Not Active,Not Active
2026/07/25 10:25:19.433,2026/07/25 10:25:19.418,2026/07/25 10:25:19.448,0,GPU-c5d32af0-0857-3b36-6541-1a688a9ec165,90.86,1410,1593,0,0,73511,40,P0,500.00,Not Active,Not Active,Not Active,Not Active
2026/07/25 10:25:19.433,2026/07/25 10:25:19.418,2026/07/25 10:25:19.448,1,GPU-713d5b24-2a1e-fd4a-7685-c3d195ff9230,236.88,1410,1593,100,52,73511,42,P0,500.00,Not Active,Not Active,Not Active,Not Active
2026/07/25 10:25:19.684,2026/07/25 10:25:19.668,2026/07/25 10:25:19.699,0,GPU-c5d32af0-0857-3b36-6541-1a688a9ec165,90.35,1410,1593,0,0,73511,40,P0,500.00,Not Active,Not Active,Not Active,Not Active
2026/07/25 10:25:19.684,2026/07/25 10:25:19.668,2026/07/25 10:25:19.699,1,GPU-713d5b24-2a1e-fd4a-7685-c3d195ff9230,245.64,1410,1593,100,52,73511,42,P0,500.00,Not Active,Not Active,Not Active,Not Active
2026/07/25 10:25:19.932,2026/07/25 10:25:19.918,2026/07/25 10:25:19.946,0,GPU-c5d32af0-0857-3b36-6541-1a688a9ec165,90.35,1410,1593,0,0,73511,39,P0,500.00,Not Active,Not Active,Not Active,Not Active
2026/07/25 10:25:19.932,2026/07/25 10:25:19.918,2026/07/25 10:25:19.946,1,GPU-713d5b24-2a1e-fd4a-7685-c3d195ff9230,247.16,1410,1593,100,52,73511,43,P0,500.00,Not Active,Not Active,Not Active,Not Active
2026/07/25 10:25:20.185,2026/07/25 10:25:20.168,2026/07/25 10:25:20.203,0,GPU-c5d32af0-0857-3b36-6541-1a688a9ec165,90.02,1410,1593,0,0,73511,39,P0,500.00,Not Active,Not Active,Not Active,Not Active
2026/07/25 10:25:20.185,2026/07/25 10:25:20.168,2026/07/25 10:25:20.203,1,GPU-713d5b24-2a1e-fd4a-7685-c3d195ff9230,226.18,1410,1593,100,52,73511,43,P0,500.00,Not Active,Not Active,Not Active,Not Active
2026/07/25 10:25:20.433,2026/07/25 10:25:20.418,2026/07/25 10:25:20.448,0,GPU-c5d32af0-0857-3b36-6541-1a688a9ec165,393.79,1410,1593,42,8,73511,49,P0,500.00,Not Active,Not Active,Not Active,Not Active
2026/07/25 10:25:20.433,2026/07/25 10:25:20.418,2026/07/25 10:25:20.448,1,GPU-713d5b24-2a1e-fd4a-7685-c3d195ff9230,84.58,1410,1593,47,25,73511,38,P0,500.00,Not Active,Not Active,Not Active,Not Active
2026/07/25 10:25:20.683,2026/07/25 10:25:20.668,2026/07/25 10:25:20.698,0,GPU-c5d32af0-0857-3b36-6541-1a688a9ec165,373.22,1410,1593,100,16,73511,51,P0,500.00,Not Active,Not Active,Not Active,Not Active
2026/07/25 10:25:20.683,2026/07/25 10:25:20.668,2026/07/25 10:25:20.698,1,GPU-713d5b24-2a1e-fd4a-7685-c3d195ff9230,84.25,1410,1593,0,0,73511,37,P0,500.00,Not Active,Not Active,Not Active,Not Active
2026/07/25 10:25:20.955,2026/07/25 10:25:20.918,2026/07/25 10:25:20.991,0,GPU-c5d32af0-0857-3b36-6541-1a688a9ec165,94.60,1410,1593,0,0,73511,43,P0,500.00,Not Active,Not Active,Not Active,Not Active
2026/07/25 10:25:20.955,2026/07/25 10:25:20.918,2026/07/25 10:25:20.991,1,GPU-713d5b24-2a1e-fd4a-7685-c3d195ff9230,242.65,1410,1593,66,26,73511,41,P0,500.00,Not Active,Not Active,Not Active,Not Active
2026/07/25 10:25:21.182,2026/07/25 10:25:21.168,2026/07/25 10:25:21.195,0,GPU-c5d32af0-0857-3b36-6541-1a688a9ec165,90.95,1410,1593,0,0,73511,41,P0,500.00,Not Active,Not Active,Not Active,Not Active
2026/07/25 10:25:21.182,2026/07/25 10:25:21.168,2026/07/25 10:25:21.195,1,GPU-713d5b24-2a1e-fd4a-7685-c3d195ff9230,244.44,1410,1593,100,53,73511,42,P0,500.00,Not Active,Not Active,Not Active,Not Active
2026/07/25 10:25:21.432,2026/07/25 10:25:21.418,2026/07/25 10:25:21.446,0,GPU-c5d32af0-0857-3b36-6541-1a688a9ec165,90.35,1410,1593,0,0,73511,40,P0,500.00,Not Active,Not Active,Not Active,Not Active
2026/07/25 10:25:21.432,2026/07/25 10:25:21.418,2026/07/25 10:25:21.446,1,GPU-713d5b24-2a1e-fd4a-7685-c3d195ff9230,248.62,1410,1593,100,53,73511,42,P0,500.00,Not Active,Not Active,Not Active,Not Active
2026/07/25 10:25:21.683,2026/07/25 10:25:21.668,2026/07/25 10:25:21.698,0,GPU-c5d32af0-0857-3b36-6541-1a688a9ec165,90.02,1410,1593,0,0,73511,40,P0,500.00,Not Active,Not Active,Not Active,Not Active
2026/07/25 10:25:21.683,2026/07/25 10:25:21.668,2026/07/25 10:25:21.698,1,GPU-713d5b24-2a1e-fd4a-7685-c3d195ff9230,244.77,1410,1593,100,53,73511,43,P0,500.00,Not Active,Not Active,Not Active,Not Active
2026/07/25 10:25:21.931,2026/07/25 10:25:21.918,2026/07/25 10:25:21.945,0,GPU-c5d32af0-0857-3b36-6541-1a688a9ec165,90.12,1410,1593,0,0,73511,39,P0,500.00,Not Active,Not Active,Not Active,Not Active
2026/07/25 10:25:21.931,2026/07/25 10:25:21.918,2026/07/25 10:25:21.945,1,GPU-713d5b24-2a1e-fd4a-7685-c3d195ff9230,84.99,1410,1593,100,53,73511,39,P0,500.00,Not Active,Not Active,Not Active,Not Active
2026/07/25 10:25:22.182,2026/07/25 10:25:22.168,2026/07/25 10:25:22.197,0,GPU-c5d32af0-0857-3b36-6541-1a688a9ec165,89.75,1410,1593,0,0,73511,39,P0,500.00,Not Active,Not Active,Not Active,Not Active
2026/07/25 10:25:22.182,2026/07/25 10:25:22.168,2026/07/25 10:25:22.197,1,GPU-713d5b24-2a1e-fd4a-7685-c3d195ff9230,84.25,1410,1593,0,0,73511,37,P0,500.00,Not Active,Not Active,Not Active,Not Active
2026/07/25 10:25:22.432,2026/07/25 10:25:22.418,2026/07/25 10:25:22.447,0,GPU-c5d32af0-0857-3b36-6541-1a688a9ec165,389.55,1410,1593,41,8,73511,49,P0,500.00,Not Active,Not Active,Not Active,Not Active
2026/07/25 10:25:22.432,2026/07/25 10:25:22.418,2026/07/25 10:25:22.447,1,GPU-713d5b24-2a1e-fd4a-7685-c3d195ff9230,83.98,1410,1593,0,0,73511,36,P0,500.00,Not Active,Not Active,Not Active,Not Active
2026/07/25 10:25:22.682,2026/07/25 10:25:22.668,2026/07/25 10:25:22.696,0,GPU-c5d32af0-0857-3b36-6541-1a688a9ec165,374.09,1410,1593,100,16,73511,51,P0,500.00,Not Active,Not Active,Not Active,Not Active
2026/07/25 10:25:22.682,2026/07/25 10:25:22.668,2026/07/25 10:25:22.696,1,GPU-713d5b24-2a1e-fd4a-7685-c3d195ff9230,83.66,1410,1593,0,0,73511,36,P0,500.00,Not Active,Not Active,Not Active,Not Active
2026/07/25 10:25:22.933,2026/07/25 10:25:22.918,2026/07/25 10:25:22.949,0,GPU-c5d32af0-0857-3b36-6541-1a688a9ec165,364.41,1410,1593,100,13,73511,52,P0,500.00,Not Active,Not Active,Not Active,Not Active
2026/07/25 10:25:22.933,2026/07/25 10:25:22.918,2026/07/25 10:25:22.949,1,GPU-713d5b24-2a1e-fd4a-7685-c3d195ff9230,83.57,1410,1593,0,0,73511,36,P0,500.00,Not Active,Not Active,Not Active,Not Active
2026/07/25 10:25:23.186,2026/07/25 10:25:23.168,2026/07/25 10:25:23.205,0,GPU-c5d32af0-0857-3b36-6541-1a688a9ec165,92.75,1410,1593,100,12,73511,44,P0,500.00,Not Active,Not Active,Not Active,Not Active
2026/07/25 10:25:23.186,2026/07/25 10:25:23.168,2026/07/25 10:25:23.205,1,GPU-713d5b24-2a1e-fd4a-7685-c3d195ff9230,150.37,1410,1593,29,3,73511,37,P0,500.00,Not Active,Not Active,Not Active,Not Active
2026/07/25 10:25:23.433,2026/07/25 10:25:23.418,2026/07/25 10:25:23.448,0,GPU-c5d32af0-0857-3b36-6541-1a688a9ec165,91.28,1410,1593,0,0,73511,41,P0,500.00,Not Active,Not Active,Not Active,Not Active
2026/07/25 10:25:23.433,2026/07/25 10:25:23.418,2026/07/25 10:25:23.448,1,GPU-713d5b24-2a1e-fd4a-7685-c3d195ff9230,239.93,1410,1593,100,52,73511,41,P0,500.00,Not Active,Not Active,Not Active,Not Active
2026/07/25 10:25:23.683,2026/07/25 10:25:23.668,2026/07/25 10:25:23.698,0,GPU-c5d32af0-0857-3b36-6541-1a688a9ec165,90.35,1410,1593,0,0,73511,40,P0,500.00,Not Active,Not Active,Not Active,Not Active
2026/07/25 10:25:23.683,2026/07/25 10:25:23.668,2026/07/25 10:25:23.698,1,GPU-713d5b24-2a1e-fd4a-7685-c3d195ff9230,245.04,1410,1593,100,52,73511,42,P0,500.00,Not Active,Not Active,Not Active,Not Active
2026/07/25 10:25:23.933,2026/07/25 10:25:23.918,2026/07/25 10:25:23.948,0,GPU-c5d32af0-0857-3b36-6541-1a688a9ec165,90.35,1410,1593,0,0,73511,40,P0,500.00,Not Active,Not Active,Not Active,Not Active
2026/07/25 10:25:23.933,2026/07/25 10:25:23.918,2026/07/25 10:25:23.948,1,GPU-713d5b24-2a1e-fd4a-7685-c3d195ff9230,245.04,1410,1593,100,52,73511,42,P0,500.00,Not Active,Not Active,Not Active,Not Active
2026/07/25 10:25:24.183,2026/07/25 10:25:24.168,2026/07/25 10:25:24.198,0,GPU-c5d32af0-0857-3b36-6541-1a688a9ec165,90.02,1410,1593,0,0,73511,39,P0,500.00,Not Active,Not Active,Not Active,Not Active
2026/07/25 10:25:24.183,2026/07/25 10:25:24.168,2026/07/25 10:25:24.198,1,GPU-713d5b24-2a1e-fd4a-7685-c3d195ff9230,238.68,1410,1593,100,52,73511,42,P0,500.00,Not Active,Not Active,Not Active,Not Active
2026/07/25 10:25:24.433,2026/07/25 10:25:24.418,2026/07/25 10:25:24.447,0,GPU-c5d32af0-0857-3b36-6541-1a688a9ec165,385.23,1410,1593,56,11,73511,47,P0,500.00,Not Active,Not Active,Not Active,Not Active
2026/07/25 10:25:24.433,2026/07/25 10:25:24.418,2026/07/25 10:25:24.447,1,GPU-713d5b24-2a1e-fd4a-7685-c3d195ff9230,241.72,1410,1593,100,52,73511,43,P0,500.00,Not Active,Not Active,Not Active,Not Active
2026/07/25 10:25:24.683,2026/07/25 10:25:24.668,2026/07/25 10:25:24.697,0,GPU-c5d32af0-0857-3b36-6541-1a688a9ec165,377.08,1410,1593,100,15,73511,52,P0,500.00,Not Active,Not Active,Not Active,Not Active
2026/07/25 10:25:24.683,2026/07/25 10:25:24.668,2026/07/25 10:25:24.697,1,GPU-713d5b24-2a1e-fd4a-7685-c3d195ff9230,84.82,1410,1593,69,36,73511,38,P0,500.00,Not Active,Not Active,Not Active,Not Active
2026/07/25 10:25:24.970,2026/07/25 10:25:24.918,2026/07/25 10:25:25.022,0,GPU-c5d32af0-0857-3b36-6541-1a688a9ec165,100.64,1410,1593,46,8,73511,47,P0,500.00,Not Active,Not Active,Not Active,Not Active
2026/07/25 10:25:24.970,2026/07/25 10:25:24.918,2026/07/25 10:25:25.022,1,GPU-713d5b24-2a1e-fd4a-7685-c3d195ff9230,225.67,1410,1593,14,0,73511,37,P0,500.00,Not Active,Not Active,Not Active,Not Active
2026/07/25 10:25:25.197,2026/07/25 10:25:25.168,2026/07/25 10:25:25.227,0,GPU-c5d32af0-0857-3b36-6541-1a688a9ec165,92.15,1410,1593,46,8,73511,42,P0,500.00,Not Active,Not Active,Not Active,Not Active
2026/07/25 10:25:25.197,2026/07/25 10:25:25.168,2026/07/25 10:25:25.227,1,GPU-713d5b24-2a1e-fd4a-7685-c3d195ff9230,242.90,1410,1593,77,35,73511,41,P0,500.00,Not Active,Not Active,Not Active,Not Active
2026/07/25 10:25:25.432,2026/07/25 10:25:25.418,2026/07/25 10:25:25.445,0,GPU-c5d32af0-0857-3b36-6541-1a688a9ec165,90.95,1410,1593,0,0,73511,41,P0,500.00,Not Active,Not Active,Not Active,Not Active
2026/07/25 10:25:25.432,2026/07/25 10:25:25.418,2026/07/25 10:25:25.445,1,GPU-713d5b24-2a1e-fd4a-7685-c3d195ff9230,236.55,1410,1593,100,52,73511,42,P0,500.00,Not Active,Not Active,Not Active,Not Active
2026/07/25 10:25:25.682,2026/07/25 10:25:25.668,2026/07/25 10:25:25.696,0,GPU-c5d32af0-0857-3b36-6541-1a688a9ec165,90.63,1410,1593,0,0,73511,40,P0,500.00,Not Active,Not Active,Not Active,Not Active
2026/07/25 10:25:25.682,2026/07/25 10:25:25.668,2026/07/25 10:25:25.696,1,GPU-713d5b24-2a1e-fd4a-7685-c3d195ff9230,246.24,1410,1593,100,52,73511,42,P0,500.00,Not Active,Not Active,Not Active,Not Active
2026/07/25 10:25:25.933,2026/07/25 10:25:25.918,2026/07/25 10:25:25.947,0,GPU-c5d32af0-0857-3b36-6541-1a688a9ec165,90.35,1410,1593,0,0,73511,40,P0,500.00,Not Active,Not Active,Not Active,Not Active
2026/07/25 10:25:25.933,2026/07/25 10:25:25.918,2026/07/25 10:25:25.947,1,GPU-713d5b24-2a1e-fd4a-7685-c3d195ff9230,246.22,1410,1593,99,51,73511,42,P0,500.00,Not Active,Not Active,Not Active,Not Active
2026/07/25 10:25:26.184,2026/07/25 10:25:26.168,2026/07/25 10:25:26.200,0,GPU-c5d32af0-0857-3b36-6541-1a688a9ec165,90.35,1410,1593,0,0,73511,39,P0,500.00,Not Active,Not Active,Not Active,Not Active
2026/07/25 10:25:26.184,2026/07/25 10:25:26.168,2026/07/25 10:25:26.200,1,GPU-713d5b24-2a1e-fd4a-7685-c3d195ff9230,243.84,1410,1593,100,52,73511,43,P0,500.00,Not Active,Not Active,Not Active,Not Active
2026/07/25 10:25:26.433,2026/07/25 10:25:26.418,2026/07/25 10:25:26.448,0,GPU-c5d32af0-0857-3b36-6541-1a688a9ec165,382.78,1410,1593,60,12,73511,49,P0,500.00,Not Active,Not Active,Not Active,Not Active
2026/07/25 10:25:26.433,2026/07/25 10:25:26.418,2026/07/25 10:25:26.448,1,GPU-713d5b24-2a1e-fd4a-7685-c3d195ff9230,242.92,1410,1593,100,52,73511,43,P0,500.00,Not Active,Not Active,Not Active,Not Active
2026/07/25 10:25:26.682,2026/07/25 10:25:26.668,2026/07/25 10:25:26.697,0,GPU-c5d32af0-0857-3b36-6541-1a688a9ec165,368.05,1410,1593,100,15,73511,51,P0,500.00,Not Active,Not Active,Not Active,Not Active
2026/07/25 10:25:26.682,2026/07/25 10:25:26.668,2026/07/25 10:25:26.697,1,GPU-713d5b24-2a1e-fd4a-7685-c3d195ff9230,86.38,1410,1593,100,52,73511,41,P0,500.00,Not Active,Not Active,Not Active,Not Active
2026/07/25 10:25:26.933,2026/07/25 10:25:26.918,2026/07/25 10:25:26.947,0,GPU-c5d32af0-0857-3b36-6541-1a688a9ec165,95.79,1410,1593,100,13,73511,45,P0,500.00,Not Active,Not Active,Not Active,Not Active
2026/07/25 10:25:26.933,2026/07/25 10:25:26.918,2026/07/25 10:25:26.947,1,GPU-713d5b24-2a1e-fd4a-7685-c3d195ff9230,84.90,1410,1593,15,8,73511,40,P0,500.00,Not Active,Not Active,Not Active,Not Active
2026/07/25 10:25:27.194,2026/07/25 10:25:27.168,2026/07/25 10:25:27.220,0,GPU-c5d32af0-0857-3b36-6541-1a688a9ec165,91.45,1410,1593,0,0,73511,41,P0,500.00,Not Active,Not Active,Not Active,Not Active
2026/07/25 10:25:27.194,2026/07/25 10:25:27.168,2026/07/25 10:25:27.220,1,GPU-713d5b24-2a1e-fd4a-7685-c3d195ff9230,240.53,1410,1593,100,52,73511,42,P0,500.00,Not Active,Not Active,Not Active,Not Active
2026/07/25 10:25:27.432,2026/07/25 10:25:27.418,2026/07/25 10:25:27.447,0,GPU-c5d32af0-0857-3b36-6541-1a688a9ec165,91.28,1410,1593,0,0,73511,40,P0,500.00,Not Active,Not Active,Not Active,Not Active
2026/07/25 10:25:27.432,2026/07/25 10:25:27.418,2026/07/25 10:25:27.447,1,GPU-713d5b24-2a1e-fd4a-7685-c3d195ff9230,248.35,1410,1593,100,52,73511,42,P0,500.00,Not Active,Not Active,Not Active,Not Active
2026/07/25 10:25:27.684,2026/07/25 10:25:27.668,2026/07/25 10:25:27.701,0,GPU-c5d32af0-0857-3b36-6541-1a688a9ec165,90.63,1410,1593,0,0,73511,40,P0,500.00,Not Active,Not Active,Not Active,Not Active
2026/07/25 10:25:27.684,2026/07/25 10:25:27.668,2026/07/25 10:25:27.701,1,GPU-713d5b24-2a1e-fd4a-7685-c3d195ff9230,243.84,1410,1593,100,52,73511,43,P0,500.00,Not Active,Not Active,Not Active,Not Active
2026/07/25 10:25:27.959,2026/07/25 10:25:27.918,2026/07/25 10:25:27.999,0,GPU-c5d32af0-0857-3b36-6541-1a688a9ec165,93.68,1410,1593,0,0,73511,40,P0,500.00,Not Active,Not Active,Not Active,Not Active
2026/07/25 10:25:27.959,2026/07/25 10:25:27.918,2026/07/25 10:25:27.999,1,GPU-713d5b24-2a1e-fd4a-7685-c3d195ff9230,247.42,1410,1593,100,52,73511,43,P0,500.00,Not Active,Not Active,Not Active,Not Active
2026/07/25 10:25:28.183,2026/07/25 10:25:28.168,2026/07/25 10:25:28.197,0,GPU-c5d32af0-0857-3b36-6541-1a688a9ec165,90.12,1410,1593,0,0,73511,39,P0,500.00,Not Active,Not Active,Not Active,Not Active
2026/07/25 10:25:28.183,2026/07/25 10:25:28.168,2026/07/25 10:25:28.197,1,GPU-713d5b24-2a1e-fd4a-7685-c3d195ff9230,88.82,1410,1593,100,52,73511,39,P0,500.00,Not Active,Not Active,Not Active,Not Active
2026/07/25 10:25:28.434,2026/07/25 10:25:28.418,2026/07/25 10:25:28.449,0,GPU-c5d32af0-0857-3b36-6541-1a688a9ec165,381.91,1410,1593,69,13,73511,47,P0,500.00,Not Active,Not Active,Not Active,Not Active
2026/07/25 10:25:28.434,2026/07/25 10:25:28.418,2026/07/25 10:25:28.449,1,GPU-713d5b24-2a1e-fd4a-7685-c3d195ff9230,84.25,1410,1593,0,0,73511,37,P0,500.00,Not Active,Not Active,Not Active,Not Active
2026/07/25 10:25:28.683,2026/07/25 10:25:28.668,2026/07/25 10:25:28.697,0,GPU-c5d32af0-0857-3b36-6541-1a688a9ec165,380.06,1410,1593,100,15,73511,51,P0,500.00,Not Active,Not Active,Not Active,Not Active
2026/07/25 10:25:28.683,2026/07/25 10:25:28.668,2026/07/25 10:25:28.697,1,GPU-713d5b24-2a1e-fd4a-7685-c3d195ff9230,83.98,1410,1593,0,0,73511,37,P0,500.00,Not Active,Not Active,Not Active,Not Active
2026/07/25 10:25:28.933,2026/07/25 10:25:28.918,2026/07/25 10:25:28.948,0,GPU-c5d32af0-0857-3b36-6541-1a688a9ec165,91.88,1410,1593,47,8,73511,42,P0,500.00,Not Active,Not Active,Not Active,Not Active
2026/07/25 10:25:28.933,2026/07/25 10:25:28.918,2026/07/25 10:25:28.948,1,GPU-713d5b24-2a1e-fd4a-7685-c3d195ff9230,244.70,1410,1593,90,43,73511,39,P0,500.00,Not Active,Not Active,Not Active,Not Active
2026/07/25 10:25:29.182,2026/07/25 10:25:29.168,2026/07/25 10:25:29.196,0,GPU-c5d32af0-0857-3b36-6541-1a688a9ec165,90.95,1410,1593,0,0,73511,41,P0,500.00,Not Active,Not Active,Not Active,Not Active
2026/07/25 10:25:29.182,2026/07/25 10:25:29.168,2026/07/25 10:25:29.196,1,GPU-713d5b24-2a1e-fd4a-7685-c3d195ff9230,247.16,1410,1593,100,53,73511,42,P0,500.00,Not Active,Not Active,Not Active,Not Active
2026/07/25 10:25:29.432,2026/07/25 10:25:29.418,2026/07/25 10:25:29.447,0,GPU-c5d32af0-0857-3b36-6541-1a688a9ec165,90.35,1410,1593,0,0,73511,40,P0,500.00,Not Active,Not Active,Not Active,Not Active
2026/07/25 10:25:29.432,2026/07/25 10:25:29.418,2026/07/25 10:25:29.447,1,GPU-713d5b24-2a1e-fd4a-7685-c3d195ff9230,244.70,1410,1593,100,53,73511,42,P0,500.00,Not Active,Not Active,Not Active,Not Active
2026/07/25 10:25:29.683,2026/07/25 10:25:29.668,2026/07/25 10:25:29.698,0,GPU-c5d32af0-0857-3b36-6541-1a688a9ec165,90.35,1410,1593,0,0,73511,40,P0,500.00,Not Active,Not Active,Not Active,Not Active
2026/07/25 10:25:29.683,2026/07/25 10:25:29.668,2026/07/25 10:25:29.698,1,GPU-713d5b24-2a1e-fd4a-7685-c3d195ff9230,244.43,1410,1593,100,53,73511,43,P0,500.00,Not Active,Not Active,Not Active,Not Active
2026/07/25 10:25:29.933,2026/07/25 10:25:29.918,2026/07/25 10:25:29.947,0,GPU-c5d32af0-0857-3b36-6541-1a688a9ec165,90.02,1410,1593,0,0,73511,39,P0,500.00,Not Active,Not Active,Not Active,Not Active
2026/07/25 10:25:29.933,2026/07/25 10:25:29.918,2026/07/25 10:25:29.947,1,GPU-713d5b24-2a1e-fd4a-7685-c3d195ff9230,245.04,1410,1593,100,53,73511,43,P0,500.00,Not Active,Not Active,Not Active,Not Active
2026/07/25 10:25:30.183,2026/07/25 10:25:30.168,2026/07/25 10:25:30.198,0,GPU-c5d32af0-0857-3b36-6541-1a688a9ec165,90.02,1410,1593,0,0,73511,39,P0,500.00,Not Active,Not Active,Not Active,Not Active
2026/07/25 10:25:30.183,2026/07/25 10:25:30.168,2026/07/25 10:25:30.198,1,GPU-713d5b24-2a1e-fd4a-7685-c3d195ff9230,245.64,1410,1593,100,53,73511,41,P0,500.00,Not Active,Not Active,Not Active,Not Active
2026/07/25 10:25:30.438,2026/07/25 10:25:30.418,2026/07/25 10:25:30.457,0,GPU-c5d32af0-0857-3b36-6541-1a688a9ec165,375.22,1410,1593,0,0,73511,47,P0,500.00,Not Active,Not Active,Not Active,Not Active
2026/07/25 10:25:30.438,2026/07/25 10:25:30.418,2026/07/25 10:25:30.457,1,GPU-713d5b24-2a1e-fd4a-7685-c3d195ff9230,84.90,1410,1593,2,1,73511,38,P0,500.00,Not Active,Not Active,Not Active,Not Active
2026/07/25 10:25:30.682,2026/07/25 10:25:30.668,2026/07/25 10:25:30.697,0,GPU-c5d32af0-0857-3b36-6541-1a688a9ec165,378.66,1410,1593,100,14,73511,52,P0,500.00,Not Active,Not Active,Not Active,Not Active
2026/07/25 10:25:30.682,2026/07/25 10:25:30.668,2026/07/25 10:25:30.697,1,GPU-713d5b24-2a1e-fd4a-7685-c3d195ff9230,84.25,1410,1593,0,0,73511,37,P0,500.00,Not Active,Not Active,Not Active,Not Active
2026/07/25 10:25:30.933,2026/07/25 10:25:30.918,2026/07/25 10:25:30.948,0,GPU-c5d32af0-0857-3b36-6541-1a688a9ec165,100.38,1410,1593,63,9,73511,43,P0,500.00,Not Active,Not Active,Not Active,Not Active
2026/07/25 10:25:30.933,2026/07/25 10:25:30.918,2026/07/25 10:25:30.948,1,GPU-713d5b24-2a1e-fd4a-7685-c3d195ff9230,210.49,1410,1593,0,0,73511,40,P0,500.00,Not Active,Not Active,Not Active,Not Active
2026/07/25 10:25:31.185,2026/07/25 10:25:31.168,2026/07/25 10:25:31.202,0,GPU-c5d32af0-0857-3b36-6541-1a688a9ec165,91.28,1410,1593,0,0,73511,41,P0,500.00,Not Active,Not Active,Not Active,Not Active
2026/07/25 10:25:31.185,2026/07/25 10:25:31.168,2026/07/25 10:25:31.202,1,GPU-713d5b24-2a1e-fd4a-7685-c3d195ff9230,242.05,1410,1593,100,53,73511,41,P0,500.00,Not Active,Not Active,Not Active,Not Active
2026/07/25 10:25:31.433,2026/07/25 10:25:31.418,2026/07/25 10:25:31.448,0,GPU-c5d32af0-0857-3b36-6541-1a688a9ec165,90.95,1410,1593,0,0,73511,40,P0,500.00,Not Active,Not Active,Not Active,Not Active
2026/07/25 10:25:31.433,2026/07/25 10:25:31.418,2026/07/25 10:25:31.448,1,GPU-713d5b24-2a1e-fd4a-7685-c3d195ff9230,243.84,1410,1593,99,52,73511,42,P0,500.00,Not Active,Not Active,Not Active,Not Active
2026/07/25 10:25:31.687,2026/07/25 10:25:31.668,2026/07/25 10:25:31.706,0,GPU-c5d32af0-0857-3b36-6541-1a688a9ec165,90.63,1410,1593,0,0,73511,40,P0,500.00,Not Active,Not Active,Not Active,Not Active
2026/07/25 10:25:31.687,2026/07/25 10:25:31.668,2026/07/25 10:25:31.706,1,GPU-713d5b24-2a1e-fd4a-7685-c3d195ff9230,240.80,1410,1593,100,53,73511,43,P0,500.00,Not Active,Not Active,Not Active,Not Active
2026/07/25 10:25:31.934,2026/07/25 10:25:31.918,2026/07/25 10:25:31.949,0,GPU-c5d32af0-0857-3b36-6541-1a688a9ec165,89.93,1410,1593,0,0,73511,39,P0,500.00,Not Active,Not Active,Not Active,Not Active
2026/07/25 10:25:31.934,2026/07/25 10:25:31.918,2026/07/25 10:25:31.949,1,GPU-713d5b24-2a1e-fd4a-7685-c3d195ff9230,243.84,1410,1593,100,52,73511,43,P0,500.00,Not Active,Not Active,Not Active,Not Active
2026/07/25 10:25:32.183,2026/07/25 10:25:32.168,2026/07/25 10:25:32.198,0,GPU-c5d32af0-0857-3b36-6541-1a688a9ec165,90.02,1410,1593,0,0,73511,39,P0,500.00,Not Active,Not Active,Not Active,Not Active
2026/07/25 10:25:32.183,2026/07/25 10:25:32.168,2026/07/25 10:25:32.198,1,GPU-713d5b24-2a1e-fd4a-7685-c3d195ff9230,243.52,1410,1593,98,51,73511,43,P0,500.00,Not Active,Not Active,Not Active,Not Active
2026/07/25 10:25:32.435,2026/07/25 10:25:32.418,2026/07/25 10:25:32.453,0,GPU-c5d32af0-0857-3b36-6541-1a688a9ec165,381.26,1410,1593,84,15,73511,49,P0,500.00,Not Active,Not Active,Not Active,Not Active
2026/07/25 10:25:32.435,2026/07/25 10:25:32.418,2026/07/25 10:25:32.453,1,GPU-713d5b24-2a1e-fd4a-7685-c3d195ff9230,86.10,1410,1593,63,33,73511,40,P0,500.00,Not Active,Not Active,Not Active,Not Active
2026/07/25 10:25:32.683,2026/07/25 10:25:32.668,2026/07/25 10:25:32.697,0,GPU-c5d32af0-0857-3b36-6541-1a688a9ec165,381.05,1410,1593,100,14,73511,51,P0,500.00,Not Active,Not Active,Not Active,Not Active
2026/07/25 10:25:32.683,2026/07/25 10:25:32.668,2026/07/25 10:25:32.697,1,GPU-713d5b24-2a1e-fd4a-7685-c3d195ff9230,84.90,1410,1593,0,0,73511,38,P0,500.00,Not Active,Not Active,Not Active,Not Active
2026/07/25 10:25:32.933,2026/07/25 10:25:32.918,2026/07/25 10:25:32.948,0,GPU-c5d32af0-0857-3b36-6541-1a688a9ec165,91.55,1410,1593,38,7,73511,43,P0,500.00,Not Active,Not Active,Not Active,Not Active
2026/07/25 10:25:32.933,2026/07/25 10:25:32.918,2026/07/25 10:25:32.948,1,GPU-713d5b24-2a1e-fd4a-7685-c3d195ff9230,245.97,1410,1593,83,42,73511,40,P0,500.00,Not Active,Not Active,Not Active,Not Active
2026/07/25 10:25:33.183,2026/07/25 10:25:33.168,2026/07/25 10:25:33.198,0,GPU-c5d32af0-0857-3b36-6541-1a688a9ec165,90.63,1410,1593,0,0,73511,41,P0,500.00,Not Active,Not Active,Not Active,Not Active
2026/07/25 10:25:33.183,2026/07/25 10:25:33.168,2026/07/25 10:25:33.198,1,GPU-713d5b24-2a1e-fd4a-7685-c3d195ff9230,241.12,1410,1593,100,53,73511,42,P0,500.00,Not Active,Not Active,Not Active,Not Active
2026/07/25 10:25:33.434,2026/07/25 10:25:33.418,2026/07/25 10:25:33.449,0,GPU-c5d32af0-0857-3b36-6541-1a688a9ec165,90.53,1410,1593,0,0,73511,40,P0,500.00,Not Active,Not Active,Not Active,Not Active
2026/07/25 10:25:33.434,2026/07/25 10:25:33.418,2026/07/25 10:25:33.449,1,GPU-713d5b24-2a1e-fd4a-7685-c3d195ff9230,243.52,1410,1593,100,53,73511,43,P0,500.00,Not Active,Not Active,Not Active,Not Active
2026/07/25 10:25:33.682,2026/07/25 10:25:33.668,2026/07/25 10:25:33.696,0,GPU-c5d32af0-0857-3b36-6541-1a688a9ec165,90.25,1410,1593,0,0,73511,40,P0,500.00,Not Active,Not Active,Not Active,Not Active
2026/07/25 10:25:33.682,2026/07/25 10:25:33.668,2026/07/25 10:25:33.696,1,GPU-713d5b24-2a1e-fd4a-7685-c3d195ff9230,245.97,1410,1593,100,53,73511,43,P0,500.00,Not Active,Not Active,Not Active,Not Active
2026/07/25 10:25:33.932,2026/07/25 10:25:33.918,2026/07/25 10:25:33.947,0,GPU-c5d32af0-0857-3b36-6541-1a688a9ec165,90.02,1410,1593,0,0,73511,39,P0,500.00,Not Active,Not Active,Not Active,Not Active
2026/07/25 10:25:33.932,2026/07/25 10:25:33.918,2026/07/25 10:25:33.947,1,GPU-713d5b24-2a1e-fd4a-7685-c3d195ff9230,245.37,1410,1593,100,53,73511,43,P0,500.00,Not Active,Not Active,Not Active,Not Active
2026/07/25 10:25:34.182,2026/07/25 10:25:34.168,2026/07/25 10:25:34.196,0,GPU-c5d32af0-0857-3b36-6541-1a688a9ec165,90.02,1410,1593,0,0,73511,39,P0,500.00,Not Active,Not Active,Not Active,Not Active
2026/07/25 10:25:34.182,2026/07/25 10:25:34.168,2026/07/25 10:25:34.196,1,GPU-713d5b24-2a1e-fd4a-7685-c3d195ff9230,244.77,1410,1593,100,53,73511,43,P0,500.00,Not Active,Not Active,Not Active,Not Active
2026/07/25 10:25:34.433,2026/07/25 10:25:34.418,2026/07/25 10:25:34.447,0,GPU-c5d32af0-0857-3b36-6541-1a688a9ec165,394.71,1410,1593,0,0,73511,49,P0,500.00,Not Active,Not Active,Not Active,Not Active
2026/07/25 10:25:34.433,2026/07/25 10:25:34.418,2026/07/25 10:25:34.447,1,GPU-713d5b24-2a1e-fd4a-7685-c3d195ff9230,85.51,1410,1593,48,25,73511,39,P0,500.00,Not Active,Not Active,Not Active,Not Active
2026/07/25 10:25:34.684,2026/07/25 10:25:34.668,2026/07/25 10:25:34.699,0,GPU-c5d32af0-0857-3b36-6541-1a688a9ec165,368.32,1410,1593,100,14,73511,51,P0,500.00,Not Active,Not Active,Not Active,Not Active
2026/07/25 10:25:34.684,2026/07/25 10:25:34.668,2026/07/25 10:25:34.699,1,GPU-713d5b24-2a1e-fd4a-7685-c3d195ff9230,84.58,1410,1593,0,0,73511,38,P0,500.00,Not Active,Not Active,Not Active,Not Active
2026/07/25 10:25:34.935,2026/07/25 10:25:34.918,2026/07/25 10:25:34.952,0,GPU-c5d32af0-0857-3b36-6541-1a688a9ec165,94.87,1410,1593,55,8,73511,42,P0,500.00,Not Active,Not Active,Not Active,Not Active
2026/07/25 10:25:34.935,2026/07/25 10:25:34.918,2026/07/25 10:25:34.952,1,GPU-713d5b24-2a1e-fd4a-7685-c3d195ff9230,235.27,1410,1593,0,0,73511,40,P0,500.00,Not Active,Not Active,Not Active,Not Active
2026/07/25 10:25:35.182,2026/07/25 10:25:35.168,2026/07/25 10:25:35.196,0,GPU-c5d32af0-0857-3b36-6541-1a688a9ec165,90.86,1410,1593,0,0,73511,41,P0,500.00,Not Active,Not Active,Not Active,Not Active
2026/07/25 10:25:35.182,2026/07/25 10:25:35.168,2026/07/25 10:25:35.196,1,GPU-713d5b24-2a1e-fd4a-7685-c3d195ff9230,244.70,1410,1593,87,37,73511,42,P0,500.00,Not Active,Not Active,Not Active,Not Active
2026/07/25 10:25:35.432,2026/07/25 10:25:35.418,2026/07/25 10:25:35.446,0,GPU-c5d32af0-0857-3b36-6541-1a688a9ec165,90.35,1410,1593,0,0,73511,40,P0,500.00,Not Active,Not Active,Not Active,Not Active
2026/07/25 10:25:35.432,2026/07/25 10:25:35.418,2026/07/25 10:25:35.446,1,GPU-713d5b24-2a1e-fd4a-7685-c3d195ff9230,242.05,1410,1593,100,53,73511,43,P0,500.00,Not Active,Not Active,Not Active,Not Active
2026/07/25 10:25:35.682,2026/07/25 10:25:35.668,2026/07/25 10:25:35.696,0,GPU-c5d32af0-0857-3b36-6541-1a688a9ec165,90.35,1410,1593,0,0,73511,40,P0,500.00,Not Active,Not Active,Not Active,Not Active
2026/07/25 10:25:35.682,2026/07/25 10:25:35.668,2026/07/25 10:25:35.696,1,GPU-713d5b24-2a1e-fd4a-7685-c3d195ff9230,242.05,1410,1593,100,52,73511,43,P0,500.00,Not Active,Not Active,Not Active,Not Active
2026/07/25 10:25:35.933,2026/07/25 10:25:35.918,2026/07/25 10:25:35.949,0,GPU-c5d32af0-0857-3b36-6541-1a688a9ec165,90.95,1410,1593,0,0,73511,39,P0,500.00,Not Active,Not Active,Not Active,Not Active
2026/07/25 10:25:35.933,2026/07/25 10:25:35.918,2026/07/25 10:25:35.949,1,GPU-713d5b24-2a1e-fd4a-7685-c3d195ff9230,248.36,1410,1593,100,52,73511,43,P0,500.00,Not Active,Not Active,Not Active,Not Active
2026/07/25 10:25:36.185,2026/07/25 10:25:36.168,2026/07/25 10:25:36.202,0,GPU-c5d32af0-0857-3b36-6541-1a688a9ec165,90.02,1410,1593,0,0,73511,39,P0,500.00,Not Active,Not Active,Not Active,Not Active
2026/07/25 10:25:36.185,2026/07/25 10:25:36.168,2026/07/25 10:25:36.202,1,GPU-713d5b24-2a1e-fd4a-7685-c3d195ff9230,243.50,1410,1593,100,53,73511,43,P0,500.00,Not Active,Not Active,Not Active,Not Active
2026/07/25 10:25:36.459,2026/07/25 10:25:36.418,2026/07/25 10:25:36.499,0,GPU-c5d32af0-0857-3b36-6541-1a688a9ec165,392.51,1410,1593,0,0,73511,48,P0,500.00,Not Active,Not Active,Not Active,Not Active
2026/07/25 10:25:36.459,2026/07/25 10:25:36.418,2026/07/25 10:25:36.499,1,GPU-713d5b24-2a1e-fd4a-7685-c3d195ff9230,88.41,1410,1593,73,38,73511,39,P0,500.00,Not Active,Not Active,Not Active,Not Active
2026/07/25 10:25:36.682,2026/07/25 10:25:36.668,2026/07/25 10:25:36.697,0,GPU-c5d32af0-0857-3b36-6541-1a688a9ec165,381.26,1410,1593,94,17,73511,51,P0,500.00,Not Active,Not Active,Not Active,Not Active
2026/07/25 10:25:36.682,2026/07/25 10:25:36.668,2026/07/25 10:25:36.697,1,GPU-713d5b24-2a1e-fd4a-7685-c3d195ff9230,84.82,1410,1593,0,0,73511,38,P0,500.00,Not Active,Not Active,Not Active,Not Active
2026/07/25 10:25:36.933,2026/07/25 10:25:36.918,2026/07/25 10:25:36.948,0,GPU-c5d32af0-0857-3b36-6541-1a688a9ec165,100.38,1410,1593,74,9,73511,46,P0,500.00,Not Active,Not Active,Not Active,Not Active
2026/07/25 10:25:36.933,2026/07/25 10:25:36.918,2026/07/25 10:25:36.948,1,GPU-713d5b24-2a1e-fd4a-7685-c3d195ff9230,96.99,1410,1593,0,0,73511,37,P0,500.00,Not Active,Not Active,Not Active,Not Active
2026/07/25 10:25:37.182,2026/07/25 10:25:37.168,2026/07/25 10:25:37.197,0,GPU-c5d32af0-0857-3b36-6541-1a688a9ec165,90.95,1410,1593,0,0,73511,41,P0,500.00,Not Active,Not Active,Not Active,Not Active
2026/07/25 10:25:37.182,2026/07/25 10:25:37.168,2026/07/25 10:25:37.197,1,GPU-713d5b24-2a1e-fd4a-7685-c3d195ff9230,245.64,1410,1593,100,52,73511,42,P0,500.00,Not Active,Not Active,Not Active,Not Active
2026/07/25 10:25:37.432,2026/07/25 10:25:37.418,2026/07/25 10:25:37.446,0,GPU-c5d32af0-0857-3b36-6541-1a688a9ec165,90.63,1410,1593,0,0,73511,40,P0,500.00,Not Active,Not Active,Not Active,Not Active
2026/07/25 10:25:37.432,2026/07/25 10:25:37.418,2026/07/25 10:25:37.446,1,GPU-713d5b24-2a1e-fd4a-7685-c3d195ff9230,238.08,1410,1593,100,52,73511,42,P0,500.00,Not Active,Not Active,Not Active,Not Active
2026/07/25 10:25:37.683,2026/07/25 10:25:37.668,2026/07/25 10:25:37.698,0,GPU-c5d32af0-0857-3b36-6541-1a688a9ec165,90.02,1410,1593,0,0,73511,40,P0,500.00,Not Active,Not Active,Not Active,Not Active
2026/07/25 10:25:37.683,2026/07/25 10:25:37.668,2026/07/25 10:25:37.698,1,GPU-713d5b24-2a1e-fd4a-7685-c3d195ff9230,241.72,1410,1593,100,52,73511,43,P0,500.00,Not Active,Not Active,Not Active,Not Active
2026/07/25 10:25:37.932,2026/07/25 10:25:37.918,2026/07/25 10:25:37.946,0,GPU-c5d32af0-0857-3b36-6541-1a688a9ec165,90.02,1410,1593,0,0,73511,39,P0,500.00,Not Active,Not Active,Not Active,Not Active
2026/07/25 10:25:37.932,2026/07/25 10:25:37.918,2026/07/25 10:25:37.946,1,GPU-713d5b24-2a1e-fd4a-7685-c3d195ff9230,246.24,1410,1593,100,52,73511,43,P0,500.00,Not Active,Not Active,Not Active,Not Active
2026/07/25 10:25:38.182,2026/07/25 10:25:38.168,2026/07/25 10:25:38.196,0,GPU-c5d32af0-0857-3b36-6541-1a688a9ec165,90.02,1410,1593,0,0,73511,39,P0,500.00,Not Active,Not Active,Not Active,Not Active
2026/07/25 10:25:38.182,2026/07/25 10:25:38.168,2026/07/25 10:25:38.196,1,GPU-713d5b24-2a1e-fd4a-7685-c3d195ff9230,84.58,1410,1593,0,0,73511,39,P0,500.00,Not Active,Not Active,Not Active,Not Active
2026/07/25 10:25:38.457,2026/07/25 10:25:38.418,2026/07/25 10:25:38.495,0,GPU-c5d32af0-0857-3b36-6541-1a688a9ec165,390.46,1410,1593,5,1,73511,49,P0,500.00,Not Active,Not Active,Not Active,Not Active
2026/07/25 10:25:38.457,2026/07/25 10:25:38.418,2026/07/25 10:25:38.495,1,GPU-713d5b24-2a1e-fd4a-7685-c3d195ff9230,84.25,1410,1593,0,0,73511,37,P0,500.00,Not Active,Not Active,Not Active,Not Active
2026/07/25 10:25:38.682,2026/07/25 10:25:38.668,2026/07/25 10:25:38.696,0,GPU-c5d32af0-0857-3b36-6541-1a688a9ec165,378.27,1410,1593,100,18,73511,51,P0,500.00,Not Active,Not Active,Not Active,Not Active
2026/07/25 10:25:38.682,2026/07/25 10:25:38.668,2026/07/25 10:25:38.696,1,GPU-713d5b24-2a1e-fd4a-7685-c3d195ff9230,83.98,1410,1593,0,0,73511,37,P0,500.00,Not Active,Not Active,Not Active,Not Active
2026/07/25 10:25:38.933,2026/07/25 10:25:38.918,2026/07/25 10:25:38.948,0,GPU-c5d32af0-0857-3b36-6541-1a688a9ec165,92.48,1410,1593,18,3,73511,43,P0,500.00,Not Active,Not Active,Not Active,Not Active
2026/07/25 10:25:38.933,2026/07/25 10:25:38.918,2026/07/25 10:25:38.948,1,GPU-713d5b24-2a1e-fd4a-7685-c3d195ff9230,240.80,1410,1593,18,0,73511,40,P0,500.00,Not Active,Not Active,Not Active,Not Active
2026/07/25 10:25:39.184,2026/07/25 10:25:39.168,2026/07/25 10:25:39.200,0,GPU-c5d32af0-0857-3b36-6541-1a688a9ec165,90.95,1410,1593,0,0,73511,41,P0,500.00,Not Active,Not Active,Not Active,Not Active
2026/07/25 10:25:39.184,2026/07/25 10:25:39.168,2026/07/25 10:25:39.200,1,GPU-713d5b24-2a1e-fd4a-7685-c3d195ff9230,243.25,1410,1593,92,49,73511,41,P0,500.00,Not Active,Not Active,Not Active,Not Active
2026/07/25 10:25:39.433,2026/07/25 10:25:39.418,2026/07/25 10:25:39.447,0,GPU-c5d32af0-0857-3b36-6541-1a688a9ec165,90.35,1410,1593,0,0,73511,40,P0,500.00,Not Active,Not Active,Not Active,Not Active
2026/07/25 10:25:39.433,2026/07/25 10:25:39.418,2026/07/25 10:25:39.447,1,GPU-713d5b24-2a1e-fd4a-7685-c3d195ff9230,247.16,1410,1593,100,53,73511,42,P0,500.00,Not Active,Not Active,Not Active,Not Active
2026/07/25 10:25:39.682,2026/07/25 10:25:39.668,2026/07/25 10:25:39.695,0,GPU-c5d32af0-0857-3b36-6541-1a688a9ec165,90.63,1410,1593,0,0,73511,40,P0,500.00,Not Active,Not Active,Not Active,Not Active
2026/07/25 10:25:39.682,2026/07/25 10:25:39.668,2026/07/25 10:25:39.695,1,GPU-713d5b24-2a1e-fd4a-7685-c3d195ff9230,249.61,1410,1593,100,53,73511,43,P0,500.00,Not Active,Not Active,Not Active,Not Active
2026/07/25 10:25:39.933,2026/07/25 10:25:39.918,2026/07/25 10:25:39.949,0,GPU-c5d32af0-0857-3b36-6541-1a688a9ec165,90.63,1410,1593,0,0,73511,39,P0,500.00,Not Active,Not Active,Not Active,Not Active
2026/07/25 10:25:39.933,2026/07/25 10:25:39.918,2026/07/25 10:25:39.949,1,GPU-713d5b24-2a1e-fd4a-7685-c3d195ff9230,241.72,1410,1593,100,53,73511,43,P0,500.00,Not Active,Not Active,Not Active,Not Active
2026/07/25 10:25:40.182,2026/07/25 10:25:40.168,2026/07/25 10:25:40.197,0,GPU-c5d32af0-0857-3b36-6541-1a688a9ec165,90.02,1410,1593,0,0,73511,39,P0,500.00,Not Active,Not Active,Not Active,Not Active
2026/07/25 10:25:40.182,2026/07/25 10:25:40.168,2026/07/25 10:25:40.197,1,GPU-713d5b24-2a1e-fd4a-7685-c3d195ff9230,96.40,1410,1593,100,53,73511,39,P0,500.00,Not Active,Not Active,Not Active,Not Active
2026/07/25 10:25:40.432,2026/07/25 10:25:40.418,2026/07/25 10:25:40.445,0,GPU-c5d32af0-0857-3b36-6541-1a688a9ec165,385.90,1410,1593,15,3,73511,49,P0,500.00,Not Active,Not Active,Not Active,Not Active
2026/07/25 10:25:40.432,2026/07/25 10:25:40.418,2026/07/25 10:25:40.445,1,GPU-713d5b24-2a1e-fd4a-7685-c3d195ff9230,84.58,1410,1593,0,0,73511,38,P0,500.00,Not Active,Not Active,Not Active,Not Active
2026/07/25 10:25:40.682,2026/07/25 10:25:40.668,2026/07/25 10:25:40.697,0,GPU-c5d32af0-0857-3b36-6541-1a688a9ec165,112.47,1410,1593,89,15,73511,51,P0,500.00,Not Active,Not Active,Not Active,Not Active
2026/07/25 10:25:40.682,2026/07/25 10:25:40.668,2026/07/25 10:25:40.697,1,GPU-713d5b24-2a1e-fd4a-7685-c3d195ff9230,84.25,1410,1593,0,0,73511,37,P0,500.00,Not Active,Not Active,Not Active,Not Active
2026/07/25 10:25:40.933,2026/07/25 10:25:40.918,2026/07/25 10:25:40.948,0,GPU-c5d32af0-0857-3b36-6541-1a688a9ec165,92.15,1410,1593,0,0,73511,43,P0,500.00,Not Active,Not Active,Not Active,Not Active
2026/07/25 10:25:40.933,2026/07/25 10:25:40.918,2026/07/25 10:25:40.948,1,GPU-713d5b24-2a1e-fd4a-7685-c3d195ff9230,243.52,1410,1593,45,15,73511,41,P0,500.00,Not Active,Not Active,Not Active,Not Active
2026/07/25 10:25:41.182,2026/07/25 10:25:41.168,2026/07/25 10:25:41.195,0,GPU-c5d32af0-0857-3b36-6541-1a688a9ec165,90.95,1410,1593,0,0,73511,40,P0,500.00,Not Active,Not Active,Not Active,Not Active
2026/07/25 10:25:41.182,2026/07/25 10:25:41.168,2026/07/25 10:25:41.195,1,GPU-713d5b24-2a1e-fd4a-7685-c3d195ff9230,245.64,1410,1593,100,53,73511,42,P0,500.00,Not Active,Not Active,Not Active,Not Active
2026/07/25 10:25:41.433,2026/07/25 10:25:41.418,2026/07/25 10:25:41.447,0,GPU-c5d32af0-0857-3b36-6541-1a688a9ec165,90.63,1410,1593,0,0,73511,40,P0,500.00,Not Active,Not Active,Not Active,Not Active
2026/07/25 10:25:41.433,2026/07/25 10:25:41.418,2026/07/25 10:25:41.447,1,GPU-713d5b24-2a1e-fd4a-7685-c3d195ff9230,245.37,1410,1593,100,53,73511,43,P0,500.00,Not Active,Not Active,Not Active,Not Active
2026/07/25 10:25:41.682,2026/07/25 10:25:41.668,2026/07/25 10:25:41.696,0,GPU-c5d32af0-0857-3b36-6541-1a688a9ec165,90.35,1410,1593,0,0,73511,39,P0,500.00,Not Active,Not Active,Not Active,Not Active
2026/07/25 10:25:41.682,2026/07/25 10:25:41.668,2026/07/25 10:25:41.696,1,GPU-713d5b24-2a1e-fd4a-7685-c3d195ff9230,242.65,1410,1593,100,53,73511,43,P0,500.00,Not Active,Not Active,Not Active,Not Active
2026/07/25 10:25:41.933,2026/07/25 10:25:41.918,2026/07/25 10:25:41.948,0,GPU-c5d32af0-0857-3b36-6541-1a688a9ec165,90.02,1410,1593,0,0,73511,39,P0,500.00,Not Active,Not Active,Not Active,Not Active
2026/07/25 10:25:41.933,2026/07/25 10:25:41.918,2026/07/25 10:25:41.948,1,GPU-713d5b24-2a1e-fd4a-7685-c3d195ff9230,243.84,1410,1593,100,53,73511,43,P0,500.00,Not Active,Not Active,Not Active,Not Active
2026/07/25 10:25:42.184,2026/07/25 10:25:42.168,2026/07/25 10:25:42.200,0,GPU-c5d32af0-0857-3b36-6541-1a688a9ec165,90.35,1410,1593,0,0,73511,39,P0,500.00,Not Active,Not Active,Not Active,Not Active
2026/07/25 10:25:42.184,2026/07/25 10:25:42.168,2026/07/25 10:25:42.200,1,GPU-713d5b24-2a1e-fd4a-7685-c3d195ff9230,244.44,1410,1593,62,33,73511,43,P0,500.00,Not Active,Not Active,Not Active,Not Active
2026/07/25 10:25:42.433,2026/07/25 10:25:42.418,2026/07/25 10:25:42.449,0,GPU-c5d32af0-0857-3b36-6541-1a688a9ec165,374.42,1410,1593,14,3,73511,48,P0,500.00,Not Active,Not Active,Not Active,Not Active
2026/07/25 10:25:42.433,2026/07/25 10:25:42.418,2026/07/25 10:25:42.449,1,GPU-713d5b24-2a1e-fd4a-7685-c3d195ff9230,85.09,1410,1593,0,0,73511,38,P0,500.00,Not Active,Not Active,Not Active,Not Active
2026/07/25 10:25:42.681,2026/07/25 10:25:42.668,2026/07/25 10:25:42.694,0,GPU-c5d32af0-0857-3b36-6541-1a688a9ec165,384.63,1410,1593,100,17,73511,51,P0,500.00,Not Active,Not Active,Not Active,Not Active
2026/07/25 10:25:42.681,2026/07/25 10:25:42.668,2026/07/25 10:25:42.694,1,GPU-713d5b24-2a1e-fd4a-7685-c3d195ff9230,84.25,1410,1593,0,0,73511,37,P0,500.00,Not Active,Not Active,Not Active,Not Active
2026/07/25 10:25:42.932,2026/07/25 10:25:42.918,2026/07/25 10:25:42.946,0,GPU-c5d32af0-0857-3b36-6541-1a688a9ec165,366.26,1410,1593,100,12,73511,52,P0,500.00,Not Active,Not Active,Not Active,Not Active
2026/07/25 10:25:42.932,2026/07/25 10:25:42.918,2026/07/25 10:25:42.946,1,GPU-713d5b24-2a1e-fd4a-7685-c3d195ff9230,84.25,1410,1593,0,0,73511,36,P0,500.00,Not Active,Not Active,Not Active,Not Active
2026/07/25 10:25:43.182,2026/07/25 10:25:43.168,2026/07/25 10:25:43.195,0,GPU-c5d32af0-0857-3b36-6541-1a688a9ec165,94.00,1410,1593,32,4,73511,42,P0,500.00,Not Active,Not Active,Not Active,Not Active
2026/07/25 10:25:43.182,2026/07/25 10:25:43.168,2026/07/25 10:25:43.195,1,GPU-713d5b24-2a1e-fd4a-7685-c3d195ff9230,91.88,1410,1593,6,0,73511,38,P0,500.00,Not Active,Not Active,Not Active,Not Active
2026/07/25 10:25:43.433,2026/07/25 10:25:43.418,2026/07/25 10:25:43.448,0,GPU-c5d32af0-0857-3b36-6541-1a688a9ec165,91.55,1410,1593,0,0,73511,41,P0,500.00,Not Active,Not Active,Not Active,Not Active
2026/07/25 10:25:43.433,2026/07/25 10:25:43.418,2026/07/25 10:25:43.448,1,GPU-713d5b24-2a1e-fd4a-7685-c3d195ff9230,241.72,1410,1593,100,52,73511,41,P0,500.00,Not Active,Not Active,Not Active,Not Active
2026/07/25 10:25:43.684,2026/07/25 10:25:43.668,2026/07/25 10:25:43.700,0,GPU-c5d32af0-0857-3b36-6541-1a688a9ec165,90.63,1410,1593,0,0,73511,40,P0,500.00,Not Active,Not Active,Not Active,Not Active
2026/07/25 10:25:43.684,2026/07/25 10:25:43.668,2026/07/25 10:25:43.700,1,GPU-713d5b24-2a1e-fd4a-7685-c3d195ff9230,240.53,1410,1593,100,52,73511,42,P0,500.00,Not Active,Not Active,Not Active,Not Active
2026/07/25 10:25:43.932,2026/07/25 10:25:43.918,2026/07/25 10:25:43.946,0,GPU-c5d32af0-0857-3b36-6541-1a688a9ec165,90.35,1410,1593,0,0,73511,40,P0,500.00,Not Active,Not Active,Not Active,Not Active
2026/07/25 10:25:43.932,2026/07/25 10:25:43.918,2026/07/25 10:25:43.946,1,GPU-713d5b24-2a1e-fd4a-7685-c3d195ff9230,240.53,1410,1593,100,52,73511,42,P0,500.00,Not Active,Not Active,Not Active,Not Active
2026/07/25 10:25:44.183,2026/07/25 10:25:44.168,2026/07/25 10:25:44.198,0,GPU-c5d32af0-0857-3b36-6541-1a688a9ec165,90.35,1410,1593,0,0,73511,40,P0,500.00,Not Active,Not Active,Not Active,Not Active
2026/07/25 10:25:44.183,2026/07/25 10:25:44.168,2026/07/25 10:25:44.198,1,GPU-713d5b24-2a1e-fd4a-7685-c3d195ff9230,242.65,1410,1593,100,52,73511,43,P0,500.00,Not Active,Not Active,Not Active,Not Active
2026/07/25 10:25:44.432,2026/07/25 10:25:44.418,2026/07/25 10:25:44.447,0,GPU-c5d32af0-0857-3b36-6541-1a688a9ec165,381.58,1410,1593,24,5,73511,49,P0,500.00,Not Active,Not Active,Not Active,Not Active
2026/07/25 10:25:44.432,2026/07/25 10:25:44.418,2026/07/25 10:25:44.447,1,GPU-713d5b24-2a1e-fd4a-7685-c3d195ff9230,87.21,1410,1593,100,52,73511,41,P0,500.00,Not Active,Not Active,Not Active,Not Active
2026/07/25 10:25:44.682,2026/07/25 10:25:44.668,2026/07/25 10:25:44.696,0,GPU-c5d32af0-0857-3b36-6541-1a688a9ec165,380.66,1410,1593,100,17,73511,52,P0,500.00,Not Active,Not Active,Not Active,Not Active
2026/07/25 10:25:44.682,2026/07/25 10:25:44.668,2026/07/25 10:25:44.696,1,GPU-713d5b24-2a1e-fd4a-7685-c3d195ff9230,84.49,1410,1593,0,0,73511,38,P0,500.00,Not Active,Not Active,Not Active,Not Active
2026/07/25 10:25:44.937,2026/07/25 10:25:44.918,2026/07/25 10:25:44.956,0,GPU-c5d32af0-0857-3b36-6541-1a688a9ec165,356.15,1410,1593,100,14,73511,46,P0,500.00,Not Active,Not Active,Not Active,Not Active
2026/07/25 10:25:44.937,2026/07/25 10:25:44.918,2026/07/25 10:25:44.956,1,GPU-713d5b24-2a1e-fd4a-7685-c3d195ff9230,92.98,1410,1593,0,0,73511,37,P0,500.00,Not Active,Not Active,Not Active,Not Active
2026/07/25 10:25:45.183,2026/07/25 10:25:45.168,2026/07/25 10:25:45.197,0,GPU-c5d32af0-0857-3b36-6541-1a688a9ec165,91.88,1410,1593,0,0,73511,42,P0,500.00,Not Active,Not Active,Not Active,Not Active
2026/07/25 10:25:45.183,2026/07/25 10:25:45.168,2026/07/25 10:25:45.197,1,GPU-713d5b24-2a1e-fd4a-7685-c3d195ff9230,241.72,1410,1593,63,22,73511,41,P0,500.00,Not Active,Not Active,Not Active,Not Active
2026/07/25 10:25:45.433,2026/07/25 10:25:45.418,2026/07/25 10:25:45.448,0,GPU-c5d32af0-0857-3b36-6541-1a688a9ec165,91.55,1410,1593,0,0,73511,40,P0,500.00,Not Active,Not Active,Not Active,Not Active
2026/07/25 10:25:45.433,2026/07/25 10:25:45.418,2026/07/25 10:25:45.448,1,GPU-713d5b24-2a1e-fd4a-7685-c3d195ff9230,246.24,1410,1593,100,52,73511,42,P0,500.00,Not Active,Not Active,Not Active,Not Active
2026/07/25 10:25:45.683,2026/07/25 10:25:45.668,2026/07/25 10:25:45.698,0,GPU-c5d32af0-0857-3b36-6541-1a688a9ec165,90.63,1410,1593,0,0,73511,40,P0,500.00,Not Active,Not Active,Not Active,Not Active
2026/07/25 10:25:45.683,2026/07/25 10:25:45.668,2026/07/25 10:25:45.698,1,GPU-713d5b24-2a1e-fd4a-7685-c3d195ff9230,245.37,1410,1593,100,52,73511,42,P0,500.00,Not Active,Not Active,Not Active,Not Active
2026/07/25 10:25:45.932,2026/07/25 10:25:45.918,2026/07/25 10:25:45.945,0,GPU-c5d32af0-0857-3b36-6541-1a688a9ec165,90.63,1410,1593,0,0,73511,40,P0,500.00,Not Active,Not Active,Not Active,Not Active
2026/07/25 10:25:45.932,2026/07/25 10:25:45.918,2026/07/25 10:25:45.945,1,GPU-713d5b24-2a1e-fd4a-7685-c3d195ff9230,237.12,1410,1593,100,52,73511,43,P0,500.00,Not Active,Not Active,Not Active,Not Active
2026/07/25 10:25:46.182,2026/07/25 10:25:46.168,2026/07/25 10:25:46.196,0,GPU-c5d32af0-0857-3b36-6541-1a688a9ec165,90.02,1410,1593,0,0,73511,39,P0,500.00,Not Active,Not Active,Not Active,Not Active
2026/07/25 10:25:46.182,2026/07/25 10:25:46.168,2026/07/25 10:25:46.196,1,GPU-713d5b24-2a1e-fd4a-7685-c3d195ff9230,85.18,1410,1593,79,41,73511,39,P0,500.00,Not Active,Not Active,Not Active,Not Active
2026/07/25 10:25:46.433,2026/07/25 10:25:46.418,2026/07/25 10:25:46.447,0,GPU-c5d32af0-0857-3b36-6541-1a688a9ec165,391.26,1410,1593,35,7,73511,50,P0,500.00,Not Active,Not Active,Not Active,Not Active
2026/07/25 10:25:46.433,2026/07/25 10:25:46.418,2026/07/25 10:25:46.447,1,GPU-713d5b24-2a1e-fd4a-7685-c3d195ff9230,84.58,1410,1593,0,0,73511,37,P0,500.00,Not Active,Not Active,Not Active,Not Active
2026/07/25 10:25:46.682,2026/07/25 10:25:46.668,2026/07/25 10:25:46.697,0,GPU-c5d32af0-0857-3b36-6541-1a688a9ec165,375.34,1410,1593,100,17,73511,51,P0,500.00,Not Active,Not Active,Not Active,Not Active
2026/07/25 10:25:46.682,2026/07/25 10:25:46.668,2026/07/25 10:25:46.697,1,GPU-713d5b24-2a1e-fd4a-7685-c3d195ff9230,84.25,1410,1593,0,0,73511,37,P0,500.00,Not Active,Not Active,Not Active,Not Active
2026/07/25 10:25:46.948,2026/07/25 10:25:46.918,2026/07/25 10:25:46.979,0,GPU-c5d32af0-0857-3b36-6541-1a688a9ec165,114.59,1410,1593,89,13,73511,43,P0,500.00,Not Active,Not Active,Not Active,Not Active
2026/07/25 10:25:46.948,2026/07/25 10:25:46.918,2026/07/25 10:25:46.979,1,GPU-713d5b24-2a1e-fd4a-7685-c3d195ff9230,236.28,1410,1593,38,11,73511,40,P0,500.00,Not Active,Not Active,Not Active,Not Active
2026/07/25 10:25:47.184,2026/07/25 10:25:47.168,2026/07/25 10:25:47.199,0,GPU-c5d32af0-0857-3b36-6541-1a688a9ec165,91.28,1410,1593,0,0,73511,41,P0,500.00,Not Active,Not Active,Not Active,Not Active
2026/07/25 10:25:47.184,2026/07/25 10:25:47.168,2026/07/25 10:25:47.199,1,GPU-713d5b24-2a1e-fd4a-7685-c3d195ff9230,240.80,1410,1593,100,53,73511,42,P0,500.00,Not Active,Not Active,Not Active,Not Active
2026/07/25 10:25:47.432,2026/07/25 10:25:47.418,2026/07/25 10:25:47.445,0,GPU-c5d32af0-0857-3b36-6541-1a688a9ec165,90.63,1410,1593,0,0,73511,40,P0,500.00,Not Active,Not Active,Not Active,Not Active
2026/07/25 10:25:47.432,2026/07/25 10:25:47.418,2026/07/25 10:25:47.445,1,GPU-713d5b24-2a1e-fd4a-7685-c3d195ff9230,242.57,1410,1593,100,53,73511,42,P0,500.00,Not Active,Not Active,Not Active,Not Active
2026/07/25 10:25:47.682,2026/07/25 10:25:47.668,2026/07/25 10:25:47.696,0,GPU-c5d32af0-0857-3b36-6541-1a688a9ec165,90.63,1410,1593,0,0,73511,40,P0,500.00,Not Active,Not Active,Not Active,Not Active
2026/07/25 10:25:47.682,2026/07/25 10:25:47.668,2026/07/25 10:25:47.696,1,GPU-713d5b24-2a1e-fd4a-7685-c3d195ff9230,243.52,1410,1593,100,53,73511,43,P0,500.00,Not Active,Not Active,Not Active,Not Active
2026/07/25 10:25:47.933,2026/07/25 10:25:47.918,2026/07/25 10:25:47.948,0,GPU-c5d32af0-0857-3b36-6541-1a688a9ec165,90.63,1410,1593,0,0,73511,39,P0,500.00,Not Active,Not Active,Not Active,Not Active
2026/07/25 10:25:47.933,2026/07/25 10:25:47.918,2026/07/25 10:25:47.948,1,GPU-713d5b24-2a1e-fd4a-7685-c3d195ff9230,244.77,1410,1593,100,53,73511,43,P0,500.00,Not Active,Not Active,Not Active,Not Active
2026/07/25 10:25:48.183,2026/07/25 10:25:48.168,2026/07/25 10:25:48.199,0,GPU-c5d32af0-0857-3b36-6541-1a688a9ec165,90.02,1410,1593,0,0,73511,39,P0,500.00,Not Active,Not Active,Not Active,Not Active
2026/07/25 10:25:48.183,2026/07/25 10:25:48.168,2026/07/25 10:25:48.199,1,GPU-713d5b24-2a1e-fd4a-7685-c3d195ff9230,245.37,1410,1593,100,53,73511,43,P0,500.00,Not Active,Not Active,Not Active,Not Active
2026/07/25 10:25:48.433,2026/07/25 10:25:48.418,2026/07/25 10:25:48.448,0,GPU-c5d32af0-0857-3b36-6541-1a688a9ec165,389.14,1410,1593,39,7,73511,48,P0,500.00,Not Active,Not Active,Not Active,Not Active
2026/07/25 10:25:48.433,2026/07/25 10:25:48.418,2026/07/25 10:25:48.448,1,GPU-713d5b24-2a1e-fd4a-7685-c3d195ff9230,84.82,1410,1593,100,53,73511,39,P0,500.00,Not Active,Not Active,Not Active,Not Active
2026/07/25 10:25:48.682,2026/07/25 10:25:48.668,2026/07/25 10:25:48.696,0,GPU-c5d32af0-0857-3b36-6541-1a688a9ec165,370.98,1410,1593,100,17,73511,51,P0,500.00,Not Active,Not Active,Not Active,Not Active
2026/07/25 10:25:48.682,2026/07/25 10:25:48.668,2026/07/25 10:25:48.696,1,GPU-713d5b24-2a1e-fd4a-7685-c3d195ff9230,84.49,1410,1593,0,0,73511,37,P0,500.00,Not Active,Not Active,Not Active,Not Active
2026/07/25 10:25:48.949,2026/07/25 10:25:48.918,2026/07/25 10:25:48.981,0,GPU-c5d32af0-0857-3b36-6541-1a688a9ec165,92.75,1410,1593,0,0,73511,42,P0,500.00,Not Active,Not Active,Not Active,Not Active
2026/07/25 10:25:48.949,2026/07/25 10:25:48.918,2026/07/25 10:25:48.981,1,GPU-713d5b24-2a1e-fd4a-7685-c3d195ff9230,241.65,1410,1593,35,10,73511,40,P0,500.00,Not Active,Not Active,Not Active,Not Active
2026/07/25 10:25:49.183,2026/07/25 10:25:49.168,2026/07/25 10:25:49.197,0,GPU-c5d32af0-0857-3b36-6541-1a688a9ec165,91.55,1410,1593,0,0,73511,41,P0,500.00,Not Active,Not Active,Not Active,Not Active
2026/07/25 10:25:49.183,2026/07/25 10:25:49.168,2026/07/25 10:25:49.197,1,GPU-713d5b24-2a1e-fd4a-7685-c3d195ff9230,242.05,1410,1593,100,53,73511,42,P0,500.00,Not Active,Not Active,Not Active,Not Active
2026/07/25 10:25:49.431,2026/07/25 10:25:49.418,2026/07/25 10:25:49.445,0,GPU-c5d32af0-0857-3b36-6541-1a688a9ec165,90.95,1410,1593,0,0,73511,40,P0,500.00,Not Active,Not Active,Not Active,Not Active
2026/07/25 10:25:49.431,2026/07/25 10:25:49.418,2026/07/25 10:25:49.445,1,GPU-713d5b24-2a1e-fd4a-7685-c3d195ff9230,244.17,1410,1593,100,53,73511,43,P0,500.00,Not Active,Not Active,Not Active,Not Active
2026/07/25 10:25:49.682,2026/07/25 10:25:49.668,2026/07/25 10:25:49.697,0,GPU-c5d32af0-0857-3b36-6541-1a688a9ec165,90.35,1410,1593,0,0,73511,40,P0,500.00,Not Active,Not Active,Not Active,Not Active
2026/07/25 10:25:49.682,2026/07/25 10:25:49.668,2026/07/25 10:25:49.697,1,GPU-713d5b24-2a1e-fd4a-7685-c3d195ff9230,244.17,1410,1593,100,53,73511,43,P0,500.00,Not Active,Not Active,Not Active,Not Active
2026/07/25 10:25:49.934,2026/07/25 10:25:49.918,2026/07/25 10:25:49.950,0,GPU-c5d32af0-0857-3b36-6541-1a688a9ec165,90.35,1410,1593,0,0,73511,39,P0,500.00,Not Active,Not Active,Not Active,Not Active
2026/07/25 10:25:49.934,2026/07/25 10:25:49.918,2026/07/25 10:25:49.950,1,GPU-713d5b24-2a1e-fd4a-7685-c3d195ff9230,242.05,1410,1593,100,53,73511,43,P0,500.00,Not Active,Not Active,Not Active,Not Active
2026/07/25 10:25:50.183,2026/07/25 10:25:50.168,2026/07/25 10:25:50.198,0,GPU-c5d32af0-0857-3b36-6541-1a688a9ec165,90.02,1410,1593,0,0,73511,39,P0,500.00,Not Active,Not Active,Not Active,Not Active
2026/07/25 10:25:50.183,2026/07/25 10:25:50.168,2026/07/25 10:25:50.198,1,GPU-713d5b24-2a1e-fd4a-7685-c3d195ff9230,158.26,1410,1593,100,53,73511,43,P0,500.00,Not Active,Not Active,Not Active,Not Active
2026/07/25 10:25:50.432,2026/07/25 10:25:50.418,2026/07/25 10:25:50.446,0,GPU-c5d32af0-0857-3b36-6541-1a688a9ec165,387.42,1410,1593,48,9,73511,49,P0,500.00,Not Active,Not Active,Not Active,Not Active
2026/07/25 10:25:50.432,2026/07/25 10:25:50.418,2026/07/25 10:25:50.446,1,GPU-713d5b24-2a1e-fd4a-7685-c3d195ff9230,85.09,1410,1593,45,24,73511,38,P0,500.00,Not Active,Not Active,Not Active,Not Active
2026/07/25 10:25:50.682,2026/07/25 10:25:50.668,2026/07/25 10:25:50.696,0,GPU-c5d32af0-0857-3b36-6541-1a688a9ec165,374.03,1410,1593,100,16,73511,51,P0,500.00,Not Active,Not Active,Not Active,Not Active
2026/07/25 10:25:50.682,2026/07/25 10:25:50.668,2026/07/25 10:25:50.696,1,GPU-713d5b24-2a1e-fd4a-7685-c3d195ff9230,84.90,1410,1593,0,0,73511,37,P0,500.00,Not Active,Not Active,Not Active,Not Active
2026/07/25 10:25:50.937,2026/07/25 10:25:50.918,2026/07/25 10:25:50.957,0,GPU-c5d32af0-0857-3b36-6541-1a688a9ec165,93.07,1410,1593,0,0,73511,43,P0,500.00,Not Active,Not Active,Not Active,Not Active
2026/07/25 10:25:50.937,2026/07/25 10:25:50.918,2026/07/25 10:25:50.957,1,GPU-713d5b24-2a1e-fd4a-7685-c3d195ff9230,223.83,1410,1593,31,7,73511,40,P0,500.00,Not Active,Not Active,Not Active,Not Active
2026/07/25 10:25:51.183,2026/07/25 10:25:51.168,2026/07/25 10:25:51.199,0,GPU-c5d32af0-0857-3b36-6541-1a688a9ec165,91.28,1410,1593,0,0,73511,41,P0,500.00,Not Active,Not Active,Not Active,Not Active
2026/07/25 10:25:51.183,2026/07/25 10:25:51.168,2026/07/25 10:25:51.199,1,GPU-713d5b24-2a1e-fd4a-7685-c3d195ff9230,247.76,1410,1593,100,53,73511,42,P0,500.00,Not Active,Not Active,Not Active,Not Active
2026/07/25 10:25:51.434,2026/07/25 10:25:51.418,2026/07/25 10:25:51.449,0,GPU-c5d32af0-0857-3b36-6541-1a688a9ec165,90.95,1410,1593,0,0,73511,40,P0,500.00,Not Active,Not Active,Not Active,Not Active
2026/07/25 10:25:51.434,2026/07/25 10:25:51.418,2026/07/25 10:25:51.449,1,GPU-713d5b24-2a1e-fd4a-7685-c3d195ff9230,244.17,1410,1593,100,53,73511,42,P0,500.00,Not Active,Not Active,Not Active,Not Active
2026/07/25 10:25:51.682,2026/07/25 10:25:51.668,2026/07/25 10:25:51.697,0,GPU-c5d32af0-0857-3b36-6541-1a688a9ec165,90.35,1410,1593,0,0,73511,40,P0,500.00,Not Active,Not Active,Not Active,Not Active
2026/07/25 10:25:51.682,2026/07/25 10:25:51.668,2026/07/25 10:25:51.697,1,GPU-713d5b24-2a1e-fd4a-7685-c3d195ff9230,247.49,1410,1593,100,53,73511,43,P0,500.00,Not Active,Not Active,Not Active,Not Active
2026/07/25 10:25:51.933,2026/07/25 10:25:51.918,2026/07/25 10:25:51.948,0,GPU-c5d32af0-0857-3b36-6541-1a688a9ec165,90.02,1410,1593,0,0,73511,39,P0,500.00,Not Active,Not Active,Not Active,Not Active
2026/07/25 10:25:51.933,2026/07/25 10:25:51.918,2026/07/25 10:25:51.948,1,GPU-713d5b24-2a1e-fd4a-7685-c3d195ff9230,245.37,1410,1593,100,53,73511,43,P0,500.00,Not Active,Not Active,Not Active,Not Active
2026/07/25 10:25:52.185,2026/07/25 10:25:52.168,2026/07/25 10:25:52.201,0,GPU-c5d32af0-0857-3b36-6541-1a688a9ec165,90.02,1410,1593,0,0,73511,39,P0,500.00,Not Active,Not Active,Not Active,Not Active
2026/07/25 10:25:52.185,2026/07/25 10:25:52.168,2026/07/25 10:25:52.201,1,GPU-713d5b24-2a1e-fd4a-7685-c3d195ff9230,87.03,1410,1593,69,36,73511,39,P0,500.00,Not Active,Not Active,Not Active,Not Active
2026/07/25 10:25:52.435,2026/07/25 10:25:52.418,2026/07/25 10:25:52.452,0,GPU-c5d32af0-0857-3b36-6541-1a688a9ec165,384.03,1410,1593,55,11,73511,46,P0,500.00,Not Active,Not Active,Not Active,Not Active
2026/07/25 10:25:52.435,2026/07/25 10:25:52.418,2026/07/25 10:25:52.452,1,GPU-713d5b24-2a1e-fd4a-7685-c3d195ff9230,84.58,1410,1593,0,0,73511,38,P0,500.00,Not Active,Not Active,Not Active,Not Active
2026/07/25 10:25:52.684,2026/07/25 10:25:52.668,2026/07/25 10:25:52.699,0,GPU-c5d32af0-0857-3b36-6541-1a688a9ec165,379.47,1410,1593,100,15,73511,51,P0,500.00,Not Active,Not Active,Not Active,Not Active
2026/07/25 10:25:52.684,2026/07/25 10:25:52.668,2026/07/25 10:25:52.699,1,GPU-713d5b24-2a1e-fd4a-7685-c3d195ff9230,84.49,1410,1593,0,0,73511,37,P0,500.00,Not Active,Not Active,Not Active,Not Active
2026/07/25 10:25:52.942,2026/07/25 10:25:52.918,2026/07/25 10:25:52.966,0,GPU-c5d32af0-0857-3b36-6541-1a688a9ec165,93.31,1410,1593,91,12,73511,43,P0,500.00,Not Active,Not Active,Not Active,Not Active
2026/07/25 10:25:52.942,2026/07/25 10:25:52.918,2026/07/25 10:25:52.966,1,GPU-713d5b24-2a1e-fd4a-7685-c3d195ff9230,225.35,1410,1593,30,6,73511,39,P0,500.00,Not Active,Not Active,Not Active,Not Active
2026/07/25 10:25:53.182,2026/07/25 10:25:53.168,2026/07/25 10:25:53.196,0,GPU-c5d32af0-0857-3b36-6541-1a688a9ec165,91.55,1410,1593,0,0,73511,41,P0,500.00,Not Active,Not Active,Not Active,Not Active
2026/07/25 10:25:53.182,2026/07/25 10:25:53.168,2026/07/25 10:25:53.196,1,GPU-713d5b24-2a1e-fd4a-7685-c3d195ff9230,245.37,1410,1593,100,53,73511,41,P0,500.00,Not Active,Not Active,Not Active,Not Active
2026/07/25 10:25:53.433,2026/07/25 10:25:53.418,2026/07/25 10:25:53.449,0,GPU-c5d32af0-0857-3b36-6541-1a688a9ec165,90.63,1410,1593,0,0,73511,40,P0,500.00,Not Active,Not Active,Not Active,Not Active
2026/07/25 10:25:53.433,2026/07/25 10:25:53.418,2026/07/25 10:25:53.449,1,GPU-713d5b24-2a1e-fd4a-7685-c3d195ff9230,244.44,1410,1593,100,52,73511,42,P0,500.00,Not Active,Not Active,Not Active,Not Active
2026/07/25 10:25:53.683,2026/07/25 10:25:53.668,2026/07/25 10:25:53.699,0,GPU-c5d32af0-0857-3b36-6541-1a688a9ec165,90.53,1410,1593,0,0,73511,40,P0,500.00,Not Active,Not Active,Not Active,Not Active
2026/07/25 10:25:53.683,2026/07/25 10:25:53.668,2026/07/25 10:25:53.699,1,GPU-713d5b24-2a1e-fd4a-7685-c3d195ff9230,246.24,1410,1593,100,53,73511,43,P0,500.00,Not Active,Not Active,Not Active,Not Active
2026/07/25 10:25:53.933,2026/07/25 10:25:53.918,2026/07/25 10:25:53.948,0,GPU-c5d32af0-0857-3b36-6541-1a688a9ec165,90.35,1410,1593,0,0,73511,39,P0,500.00,Not Active,Not Active,Not Active,Not Active
2026/07/25 10:25:53.933,2026/07/25 10:25:53.918,2026/07/25 10:25:53.948,1,GPU-713d5b24-2a1e-fd4a-7685-c3d195ff9230,244.77,1410,1593,100,53,73511,43,P0,500.00,Not Active,Not Active,Not Active,Not Active
2026/07/25 10:25:54.184,2026/07/25 10:25:54.168,2026/07/25 10:25:54.201,0,GPU-c5d32af0-0857-3b36-6541-1a688a9ec165,89.93,1410,1593,0,0,73511,39,P0,500.00,Not Active,Not Active,Not Active,Not Active
2026/07/25 10:25:54.184,2026/07/25 10:25:54.168,2026/07/25 10:25:54.201,1,GPU-713d5b24-2a1e-fd4a-7685-c3d195ff9230,239.03,1410,1593,100,52,73511,43,P0,500.00,Not Active,Not Active,Not Active,Not Active
2026/07/25 10:25:54.433,2026/07/25 10:25:54.418,2026/07/25 10:25:54.448,0,GPU-c5d32af0-0857-3b36-6541-1a688a9ec165,378.93,1410,1593,63,12,73511,49,P0,500.00,Not Active,Not Active,Not Active,Not Active
2026/07/25 10:25:54.433,2026/07/25 10:25:54.418,2026/07/25 10:25:54.448,1,GPU-713d5b24-2a1e-fd4a-7685-c3d195ff9230,86.01,1410,1593,100,53,73511,39,P0,500.00,Not Active,Not Active,Not Active,Not Active
2026/07/25 10:25:54.681,2026/07/25 10:25:54.668,2026/07/25 10:25:54.695,0,GPU-c5d32af0-0857-3b36-6541-1a688a9ec165,381.58,1410,1593,100,15,73511,52,P0,500.00,Not Active,Not Active,Not Active,Not Active
2026/07/25 10:25:54.681,2026/07/25 10:25:54.668,2026/07/25 10:25:54.695,1,GPU-713d5b24-2a1e-fd4a-7685-c3d195ff9230,84.82,1410,1593,10,5,73511,38,P0,500.00,Not Active,Not Active,Not Active,Not Active
2026/07/25 10:25:54.933,2026/07/25 10:25:54.918,2026/07/25 10:25:54.949,0,GPU-c5d32af0-0857-3b36-6541-1a688a9ec165,373.22,1410,1593,100,13,73511,45,P0,500.00,Not Active,Not Active,Not Active,Not Active
2026/07/25 10:25:54.933,2026/07/25 10:25:54.918,2026/07/25 10:25:54.949,1,GPU-713d5b24-2a1e-fd4a-7685-c3d195ff9230,90.95,1410,1593,4,0,73511,37,P0,500.00,Not Active,Not Active,Not Active,Not Active
2026/07/25 10:25:55.184,2026/07/25 10:25:55.168,2026/07/25 10:25:55.199,0,GPU-c5d32af0-0857-3b36-6541-1a688a9ec165,92.15,1410,1593,0,0,73511,42,P0,500.00,Not Active,Not Active,Not Active,Not Active
2026/07/25 10:25:55.184,2026/07/25 10:25:55.168,2026/07/25 10:25:55.199,1,GPU-713d5b24-2a1e-fd4a-7685-c3d195ff9230,248.36,1410,1593,84,35,73511,41,P0,500.00,Not Active,Not Active,Not Active,Not Active
2026/07/25 10:25:55.433,2026/07/25 10:25:55.418,2026/07/25 10:25:55.448,0,GPU-c5d32af0-0857-3b36-6541-1a688a9ec165,90.95,1410,1593,0,0,73511,40,P0,500.00,Not Active,Not Active,Not Active,Not Active
2026/07/25 10:25:55.433,2026/07/25 10:25:55.418,2026/07/25 10:25:55.448,1,GPU-713d5b24-2a1e-fd4a-7685-c3d195ff9230,238.68,1410,1593,100,52,73511,42,P0,500.00,Not Active,Not Active,Not Active,Not Active
2026/07/25 10:25:55.683,2026/07/25 10:25:55.668,2026/07/25 10:25:55.698,0,GPU-c5d32af0-0857-3b36-6541-1a688a9ec165,91.28,1410,1593,0,0,73511,40,P0,500.00,Not Active,Not Active,Not Active,Not Active
2026/07/25 10:25:55.683,2026/07/25 10:25:55.668,2026/07/25 10:25:55.698,1,GPU-713d5b24-2a1e-fd4a-7685-c3d195ff9230,248.09,1410,1593,99,52,73511,43,P0,500.00,Not Active,Not Active,Not Active,Not Active
2026/07/25 10:25:55.932,2026/07/25 10:25:55.918,2026/07/25 10:25:55.947,0,GPU-c5d32af0-0857-3b36-6541-1a688a9ec165,90.63,1410,1593,0,0,73511,40,P0,500.00,Not Active,Not Active,Not Active,Not Active
2026/07/25 10:25:55.932,2026/07/25 10:25:55.918,2026/07/25 10:25:55.947,1,GPU-713d5b24-2a1e-fd4a-7685-c3d195ff9230,236.55,1410,1593,100,52,73511,43,P0,500.00,Not Active,Not Active,Not Active,Not Active
2026/07/25 10:25:56.184,2026/07/25 10:25:56.168,2026/07/25 10:25:56.201,0,GPU-c5d32af0-0857-3b36-6541-1a688a9ec165,90.35,1410,1593,0,0,73511,39,P0,500.00,Not Active,Not Active,Not Active,Not Active
2026/07/25 10:25:56.184,2026/07/25 10:25:56.168,2026/07/25 10:25:56.201,1,GPU-713d5b24-2a1e-fd4a-7685-c3d195ff9230,246.89,1410,1593,100,52,73511,43,P0,500.00,Not Active,Not Active,Not Active,Not Active
2026/07/25 10:25:56.440,2026/07/25 10:25:56.418,2026/07/25 10:25:56.462,0,GPU-c5d32af0-0857-3b36-6541-1a688a9ec165,391.07,1410,1593,0,0,73511,47,P0,500.00,Not Active,Not Active,Not Active,Not Active
2026/07/25 10:25:56.440,2026/07/25 10:25:56.418,2026/07/25 10:25:56.462,1,GPU-713d5b24-2a1e-fd4a-7685-c3d195ff9230,86.94,1410,1593,100,52,73511,40,P0,500.00,Not Active,Not Active,Not Active,Not Active
2026/07/25 10:25:56.712,2026/07/25 10:25:56.668,2026/07/25 10:25:56.757,0,GPU-c5d32af0-0857-3b36-6541-1a688a9ec165,379.79,1410,1593,100,15,73511,46,P0,500.00,Not Active,Not Active,Not Active,Not Active
2026/07/25 10:25:56.712,2026/07/25 10:25:56.668,2026/07/25 10:25:56.757,1,GPU-713d5b24-2a1e-fd4a-7685-c3d195ff9230,85.18,1410,1593,0,0,73511,38,P0,500.00,Not Active,Not Active,Not Active,Not Active
2026/07/25 10:25:56.934,2026/07/25 10:25:56.918,2026/07/25 10:25:56.951,0,GPU-c5d32af0-0857-3b36-6541-1a688a9ec165,92.75,1410,1593,38,7,73511,42,P0,500.00,Not Active,Not Active,Not Active,Not Active
2026/07/25 10:25:56.934,2026/07/25 10:25:56.918,2026/07/25 10:25:56.951,1,GPU-713d5b24-2a1e-fd4a-7685-c3d195ff9230,243.84,1410,1593,71,29,73511,41,P0,500.00,Not Active,Not Active,Not Active,Not Active
2026/07/25 10:25:57.184,2026/07/25 10:25:57.168,2026/07/25 10:25:57.200,0,GPU-c5d32af0-0857-3b36-6541-1a688a9ec165,90.95,1410,1593,0,0,73511,40,P0,500.00,Not Active,Not Active,Not Active,Not Active
2026/07/25 10:25:57.184,2026/07/25 10:25:57.168,2026/07/25 10:25:57.200,1,GPU-713d5b24-2a1e-fd4a-7685-c3d195ff9230,244.17,1410,1593,100,53,73511,42,P0,500.00,Not Active,Not Active,Not Active,Not Active
2026/07/25 10:25:57.434,2026/07/25 10:25:57.418,2026/07/25 10:25:57.450,0,GPU-c5d32af0-0857-3b36-6541-1a688a9ec165,90.63,1410,1593,0,0,73511,40,P0,500.00,Not Active,Not Active,Not Active,Not Active
2026/07/25 10:25:57.434,2026/07/25 10:25:57.418,2026/07/25 10:25:57.450,1,GPU-713d5b24-2a1e-fd4a-7685-c3d195ff9230,242.65,1410,1593,100,53,73511,43,P0,500.00,Not Active,Not Active,Not Active,Not Active
2026/07/25 10:25:57.682,2026/07/25 10:25:57.668,2026/07/25 10:25:57.696,0,GPU-c5d32af0-0857-3b36-6541-1a688a9ec165,90.53,1410,1593,0,0,73511,40,P0,500.00,Not Active,Not Active,Not Active,Not Active
2026/07/25 10:25:57.682,2026/07/25 10:25:57.668,2026/07/25 10:25:57.696,1,GPU-713d5b24-2a1e-fd4a-7685-c3d195ff9230,244.44,1410,1593,100,53,73511,43,P0,500.00,Not Active,Not Active,Not Active,Not Active
2026/07/25 10:25:57.953,2026/07/25 10:25:57.918,2026/07/25 10:25:57.989,0,GPU-c5d32af0-0857-3b36-6541-1a688a9ec165,93.40,1410,1593,0,0,73511,40,P0,500.00,Not Active,Not Active,Not Active,Not Active
2026/07/25 10:25:57.953,2026/07/25 10:25:57.918,2026/07/25 10:25:57.989,1,GPU-713d5b24-2a1e-fd4a-7685-c3d195ff9230,89.75,1410,1593,62,33,73511,40,P0,500.00,Not Active,Not Active,Not Active,Not Active
2026/07/25 10:25:58.182,2026/07/25 10:25:58.168,2026/07/25 10:25:58.196,0,GPU-c5d32af0-0857-3b36-6541-1a688a9ec165,90.35,1410,1593,0,0,73511,39,P0,500.00,Not Active,Not Active,Not Active,Not Active
2026/07/25 10:25:58.182,2026/07/25 10:25:58.168,2026/07/25 10:25:58.196,1,GPU-713d5b24-2a1e-fd4a-7685-c3d195ff9230,84.90,1410,1593,0,0,73511,38,P0,500.00,Not Active,Not Active,Not Active,Not Active
2026/07/25 10:25:58.440,2026/07/25 10:25:58.418,2026/07/25 10:25:58.461,0,GPU-c5d32af0-0857-3b36-6541-1a688a9ec165,383.11,1410,1593,79,15,73511,49,P0,500.00,Not Active,Not Active,Not Active,Not Active
2026/07/25 10:25:58.440,2026/07/25 10:25:58.418,2026/07/25 10:25:58.461,1,GPU-713d5b24-2a1e-fd4a-7685-c3d195ff9230,84.25,1410,1593,0,0,73511,37,P0,500.00,Not Active,Not Active,Not Active,Not Active
2026/07/25 10:25:58.684,2026/07/25 10:25:58.668,2026/07/25 10:25:58.699,0,GPU-c5d32af0-0857-3b36-6541-1a688a9ec165,381.05,1410,1593,100,15,73511,51,P0,500.00,Not Active,Not Active,Not Active,Not Active
2026/07/25 10:25:58.684,2026/07/25 10:25:58.668,2026/07/25 10:25:58.699,1,GPU-713d5b24-2a1e-fd4a-7685-c3d195ff9230,84.25,1410,1593,0,0,73511,36,P0,500.00,Not Active,Not Active,Not Active,Not Active
2026/07/25 10:25:58.933,2026/07/25 10:25:58.918,2026/07/25 10:25:58.947,0,GPU-c5d32af0-0857-3b36-6541-1a688a9ec165,364.35,1410,1593,100,13,73511,52,P0,500.00,Not Active,Not Active,Not Active,Not Active
2026/07/25 10:25:58.933,2026/07/25 10:25:58.918,2026/07/25 10:25:58.947,1,GPU-713d5b24-2a1e-fd4a-7685-c3d195ff9230,83.98,1410,1593,0,0,73511,36,P0,500.00,Not Active,Not Active,Not Active,Not Active
2026/07/25 10:25:59.183,2026/07/25 10:25:59.168,2026/07/25 10:25:59.199,0,GPU-c5d32af0-0857-3b36-6541-1a688a9ec165,94.60,1410,1593,93,10,73511,45,P0,500.00,Not Active,Not Active,Not Active,Not Active
2026/07/25 10:25:59.183,2026/07/25 10:25:59.168,2026/07/25 10:25:59.199,1,GPU-713d5b24-2a1e-fd4a-7685-c3d195ff9230,96.99,1410,1593,24,0,73511,38,P0,500.00,Not Active,Not Active,Not Active,Not Active
2026/07/25 10:25:59.431,2026/07/25 10:25:59.418,2026/07/25 10:25:59.444,0,GPU-c5d32af0-0857-3b36-6541-1a688a9ec165,91.88,1410,1593,0,0,73511,41,P0,500.00,Not Active,Not Active,Not Active,Not Active
2026/07/25 10:25:59.431,2026/07/25 10:25:59.418,2026/07/25 10:25:59.444,1,GPU-713d5b24-2a1e-fd4a-7685-c3d195ff9230,237.12,1410,1593,79,40,73511,41,P0,500.00,Not Active,Not Active,Not Active,Not Active
2026/07/25 10:25:59.682,2026/07/25 10:25:59.668,2026/07/25 10:25:59.696,0,GPU-c5d32af0-0857-3b36-6541-1a688a9ec165,90.86,1410,1593,0,0,73511,41,P0,500.00,Not Active,Not Active,Not Active,Not Active
2026/07/25 10:25:59.682,2026/07/25 10:25:59.668,2026/07/25 10:25:59.696,1,GPU-713d5b24-2a1e-fd4a-7685-c3d195ff9230,239.27,1410,1593,100,51,73511,42,P0,500.00,Not Active,Not Active,Not Active,Not Active
2026/07/25 10:25:59.932,2026/07/25 10:25:59.918,2026/07/25 10:25:59.947,0,GPU-c5d32af0-0857-3b36-6541-1a688a9ec165,90.95,1410,1593,0,0,73511,40,P0,500.00,Not Active,Not Active,Not Active,Not Active
2026/07/25 10:25:59.932,2026/07/25 10:25:59.918,2026/07/25 10:25:59.947,1,GPU-713d5b24-2a1e-fd4a-7685-c3d195ff9230,242.05,1410,1593,100,51,73511,42,P0,500.00,Not Active,Not Active,Not Active,Not Active
2026/07/25 10:26:00.182,2026/07/25 10:26:00.168,2026/07/25 10:26:00.196,0,GPU-c5d32af0-0857-3b36-6541-1a688a9ec165,90.95,1410,1593,0,0,73511,40,P0,500.00,Not Active,Not Active,Not Active,Not Active
2026/07/25 10:26:00.182,2026/07/25 10:26:00.168,2026/07/25 10:26:00.196,1,GPU-713d5b24-2a1e-fd4a-7685-c3d195ff9230,243.77,1410,1593,100,51,73511,43,P0,500.00,Not Active,Not Active,Not Active,Not Active
2026/07/25 10:26:00.437,2026/07/25 10:26:00.418,2026/07/25 10:26:00.456,0,GPU-c5d32af0-0857-3b36-6541-1a688a9ec165,381.05,1410,1593,88,16,73511,48,P0,500.00,Not Active,Not Active,Not Active,Not Active
2026/07/25 10:26:00.437,2026/07/25 10:26:00.418,2026/07/25 10:26:00.456,1,GPU-713d5b24-2a1e-fd4a-7685-c3d195ff9230,244.17,1410,1593,100,51,73511,41,P0,500.00,Not Active,Not Active,Not Active,Not Active
2026/07/25 10:26:00.684,2026/07/25 10:26:00.668,2026/07/25 10:26:00.699,0,GPU-c5d32af0-0857-3b36-6541-1a688a9ec165,380.06,1410,1593,100,14,73511,52,P0,500.00,Not Active,Not Active,Not Active,Not Active
2026/07/25 10:26:00.684,2026/07/25 10:26:00.668,2026/07/25 10:26:00.699,1,GPU-713d5b24-2a1e-fd4a-7685-c3d195ff9230,84.82,1410,1593,31,16,73511,38,P0,500.00,Not Active,Not Active,Not Active,Not Active
2026/07/25 10:26:00.932,2026/07/25 10:26:00.918,2026/07/25 10:26:00.946,0,GPU-c5d32af0-0857-3b36-6541-1a688a9ec165,374.30,1410,1593,100,13,73511,53,P0,500.00,Not Active,Not Active,Not Active,Not Active
2026/07/25 10:26:00.932,2026/07/25 10:26:00.918,2026/07/25 10:26:00.946,1,GPU-713d5b24-2a1e-fd4a-7685-c3d195ff9230,84.49,1410,1593,0,0,73511,37,P0,500.00,Not Active,Not Active,Not Active,Not Active
2026/07/25 10:26:01.182,2026/07/25 10:26:01.168,2026/07/25 10:26:01.196,0,GPU-c5d32af0-0857-3b36-6541-1a688a9ec165,101.24,1410,1593,65,8,73511,44,P0,500.00,Not Active,Not Active,Not Active,Not Active
2026/07/25 10:26:01.182,2026/07/25 10:26:01.168,2026/07/25 10:26:01.196,1,GPU-713d5b24-2a1e-fd4a-7685-c3d195ff9230,201.41,1410,1593,31,4,73511,38,P0,500.00,Not Active,Not Active,Not Active,Not Active
2026/07/25 10:26:01.431,2026/07/25 10:26:01.418,2026/07/25 10:26:01.444,0,GPU-c5d32af0-0857-3b36-6541-1a688a9ec165,91.79,1410,1593,0,0,73511,42,P0,500.00,Not Active,Not Active,Not Active,Not Active
2026/07/25 10:26:01.431,2026/07/25 10:26:01.418,2026/07/25 10:26:01.444,1,GPU-713d5b24-2a1e-fd4a-7685-c3d195ff9230,238.15,1410,1593,100,52,73511,41,P0,500.00,Not Active,Not Active,Not Active,Not Active
2026/07/25 10:26:01.683,2026/07/25 10:26:01.668,2026/07/25 10:26:01.698,0,GPU-c5d32af0-0857-3b36-6541-1a688a9ec165,91.18,1410,1593,0,0,73511,41,P0,500.00,Not Active,Not Active,Not Active,Not Active
2026/07/25 10:26:01.683,2026/07/25 10:26:01.668,2026/07/25 10:26:01.698,1,GPU-713d5b24-2a1e-fd4a-7685-c3d195ff9230,243.92,1410,1593,98,51,73511,42,P0,500.00,Not Active,Not Active,Not Active,Not Active
2026/07/25 10:26:01.933,2026/07/25 10:26:01.918,2026/07/25 10:26:01.947,0,GPU-c5d32af0-0857-3b36-6541-1a688a9ec165,90.95,1410,1593,0,0,73511,40,P0,500.00,Not Active,Not Active,Not Active,Not Active
2026/07/25 10:26:01.933,2026/07/25 10:26:01.918,2026/07/25 10:26:01.947,1,GPU-713d5b24-2a1e-fd4a-7685-c3d195ff9230,243.25,1410,1593,100,52,73511,43,P0,500.00,Not Active,Not Active,Not Active,Not Active
2026/07/25 10:26:02.183,2026/07/25 10:26:02.168,2026/07/25 10:26:02.198,0,GPU-c5d32af0-0857-3b36-6541-1a688a9ec165,90.53,1410,1593,0,0,73511,40,P0,500.00,Not Active,Not Active,Not Active,Not Active
2026/07/25 10:26:02.183,2026/07/25 10:26:02.168,2026/07/25 10:26:02.198,1,GPU-713d5b24-2a1e-fd4a-7685-c3d195ff9230,240.20,1410,1593,100,52,73511,43,P0,500.00,Not Active,Not Active,Not Active,Not Active
2026/07/25 10:26:02.464,2026/07/25 10:26:02.418,2026/07/25 10:26:02.510,0,GPU-c5d32af0-0857-3b36-6541-1a688a9ec165,387.54,1410,1593,0,0,73511,49,P0,500.00,Not Active,Not Active,Not Active,Not Active
2026/07/25 10:26:02.464,2026/07/25 10:26:02.418,2026/07/25 10:26:02.510,1,GPU-713d5b24-2a1e-fd4a-7685-c3d195ff9230,238.43,1410,1593,100,52,73511,43,P0,500.00,Not Active,Not Active,Not Active,Not Active
2026/07/25 10:26:02.683,2026/07/25 10:26:02.668,2026/07/25 10:26:02.698,0,GPU-c5d32af0-0857-3b36-6541-1a688a9ec165,377.67,1410,1593,100,15,73511,52,P0,500.00,Not Active,Not Active,Not Active,Not Active
2026/07/25 10:26:02.683,2026/07/25 10:26:02.668,2026/07/25 10:26:02.698,1,GPU-713d5b24-2a1e-fd4a-7685-c3d195ff9230,110.43,1410,1593,100,51,73511,40,P0,500.00,Not Active,Not Active,Not Active,Not Active
2026/07/25 10:26:02.933,2026/07/25 10:26:02.918,2026/07/25 10:26:02.949,0,GPU-c5d32af0-0857-3b36-6541-1a688a9ec165,366.37,1410,1593,100,12,73511,48,P0,500.00,Not Active,Not Active,Not Active,Not Active
2026/07/25 10:26:02.933,2026/07/25 10:26:02.918,2026/07/25 10:26:02.949,1,GPU-713d5b24-2a1e-fd4a-7685-c3d195ff9230,84.82,1410,1593,40,20,73511,38,P0,500.00,Not Active,Not Active,Not Active,Not Active
2026/07/25 10:26:03.183,2026/07/25 10:26:03.168,2026/07/25 10:26:03.197,0,GPU-c5d32af0-0857-3b36-6541-1a688a9ec165,93.58,1410,1593,35,5,73511,43,P0,500.00,Not Active,Not Active,Not Active,Not Active
2026/07/25 10:26:03.183,2026/07/25 10:26:03.168,2026/07/25 10:26:03.197,1,GPU-713d5b24-2a1e-fd4a-7685-c3d195ff9230,240.28,1410,1593,58,18,73511,41,P0,500.00,Not Active,Not Active,Not Active,Not Active
2026/07/25 10:26:03.433,2026/07/25 10:26:03.418,2026/07/25 10:26:03.448,0,GPU-c5d32af0-0857-3b36-6541-1a688a9ec165,91.45,1410,1593,0,0,73511,41,P0,500.00,Not Active,Not Active,Not Active,Not Active
2026/07/25 10:26:03.433,2026/07/25 10:26:03.418,2026/07/25 10:26:03.448,1,GPU-713d5b24-2a1e-fd4a-7685-c3d195ff9230,238.68,1410,1593,100,52,73511,42,P0,500.00,Not Active,Not Active,Not Active,Not Active
2026/07/25 10:26:03.683,2026/07/25 10:26:03.668,2026/07/25 10:26:03.699,0,GPU-c5d32af0-0857-3b36-6541-1a688a9ec165,91.18,1410,1593,0,0,73511,41,P0,500.00,Not Active,Not Active,Not Active,Not Active
2026/07/25 10:26:03.683,2026/07/25 10:26:03.668,2026/07/25 10:26:03.699,1,GPU-713d5b24-2a1e-fd4a-7685-c3d195ff9230,237.83,1410,1593,100,52,73511,43,P0,500.00,Not Active,Not Active,Not Active,Not Active
2026/07/25 10:26:03.933,2026/07/25 10:26:03.918,2026/07/25 10:26:03.948,0,GPU-c5d32af0-0857-3b36-6541-1a688a9ec165,91.18,1410,1593,0,0,73511,40,P0,500.00,Not Active,Not Active,Not Active,Not Active
2026/07/25 10:26:03.933,2026/07/25 10:26:03.918,2026/07/25 10:26:03.948,1,GPU-713d5b24-2a1e-fd4a-7685-c3d195ff9230,242.40,1410,1593,100,52,73511,43,P0,500.00,Not Active,Not Active,Not Active,Not Active
2026/07/25 10:26:04.181,2026/07/25 10:26:04.168,2026/07/25 10:26:04.195,0,GPU-c5d32af0-0857-3b36-6541-1a688a9ec165,91.18,1410,1593,0,0,73511,40,P0,500.00,Not Active,Not Active,Not Active,Not Active
2026/07/25 10:26:04.181,2026/07/25 10:26:04.168,2026/07/25 10:26:04.195,1,GPU-713d5b24-2a1e-fd4a-7685-c3d195ff9230,94.17,1410,1593,82,43,73511,42,P0,500.00,Not Active,Not Active,Not Active,Not Active
2026/07/25 10:26:04.436,2026/07/25 10:26:04.418,2026/07/25 10:26:04.453,0,GPU-c5d32af0-0857-3b36-6541-1a688a9ec165,382.71,1410,1593,2,1,73511,49,P0,500.00,Not Active,Not Active,Not Active,Not Active
2026/07/25 10:26:04.436,2026/07/25 10:26:04.418,2026/07/25 10:26:04.453,1,GPU-713d5b24-2a1e-fd4a-7685-c3d195ff9230,85.09,1410,1593,0,0,73511,38,P0,500.00,Not Active,Not Active,Not Active,Not Active
2026/07/25 10:26:04.683,2026/07/25 10:26:04.668,2026/07/25 10:26:04.698,0,GPU-c5d32af0-0857-3b36-6541-1a688a9ec165,375.76,1410,1593,100,14,73511,52,P0,500.00,Not Active,Not Active,Not Active,Not Active
2026/07/25 10:26:04.683,2026/07/25 10:26:04.668,2026/07/25 10:26:04.698,1,GPU-713d5b24-2a1e-fd4a-7685-c3d195ff9230,84.49,1410,1593,0,0,73511,37,P0,500.00,Not Active,Not Active,Not Active,Not Active
2026/07/25 10:26:04.932,2026/07/25 10:26:04.918,2026/07/25 10:26:04.947,0,GPU-c5d32af0-0857-3b36-6541-1a688a9ec165,377.88,1410,1593,100,12,73511,53,P0,500.00,Not Active,Not Active,Not Active,Not Active
2026/07/25 10:26:04.932,2026/07/25 10:26:04.918,2026/07/25 10:26:04.947,1,GPU-713d5b24-2a1e-fd4a-7685-c3d195ff9230,84.08,1410,1593,0,0,73511,36,P0,500.00,Not Active,Not Active,Not Active,Not Active
2026/07/25 10:26:05.184,2026/07/25 10:26:05.168,2026/07/25 10:26:05.200,0,GPU-c5d32af0-0857-3b36-6541-1a688a9ec165,92.38,1410,1593,33,4,73511,44,P0,500.00,Not Active,Not Active,Not Active,Not Active
2026/07/25 10:26:05.184,2026/07/25 10:26:05.168,2026/07/25 10:26:05.200,1,GPU-713d5b24-2a1e-fd4a-7685-c3d195ff9230,242.99,1410,1593,0,0,73511,39,P0,500.00,Not Active,Not Active,Not Active,Not Active
2026/07/25 10:26:05.432,2026/07/25 10:26:05.418,2026/07/25 10:26:05.446,0,GPU-c5d32af0-0857-3b36-6541-1a688a9ec165,91.45,1410,1593,0,0,73511,42,P0,500.00,Not Active,Not Active,Not Active,Not Active
2026/07/25 10:26:05.432,2026/07/25 10:26:05.418,2026/07/25 10:26:05.446,1,GPU-713d5b24-2a1e-fd4a-7685-c3d195ff9230,240.80,1410,1593,100,52,73511,41,P0,500.00,Not Active,Not Active,Not Active,Not Active
2026/07/25 10:26:05.682,2026/07/25 10:26:05.668,2026/07/25 10:26:05.696,0,GPU-c5d32af0-0857-3b36-6541-1a688a9ec165,91.28,1410,1593,0,0,73511,41,P0,500.00,Not Active,Not Active,Not Active,Not Active
2026/07/25 10:26:05.682,2026/07/25 10:26:05.668,2026/07/25 10:26:05.696,1,GPU-713d5b24-2a1e-fd4a-7685-c3d195ff9230,244.77,1410,1593,100,52,73511,42,P0,500.00,Not Active,Not Active,Not Active,Not Active
2026/07/25 10:26:05.934,2026/07/25 10:26:05.918,2026/07/25 10:26:05.950,0,GPU-c5d32af0-0857-3b36-6541-1a688a9ec165,90.95,1410,1593,0,0,73511,40,P0,500.00,Not Active,Not Active,Not Active,Not Active
2026/07/25 10:26:05.934,2026/07/25 10:26:05.918,2026/07/25 10:26:05.950,1,GPU-713d5b24-2a1e-fd4a-7685-c3d195ff9230,244.17,1410,1593,100,52,73511,42,P0,500.00,Not Active,Not Active,Not Active,Not Active
2026/07/25 10:26:06.182,2026/07/25 10:26:06.168,2026/07/25 10:26:06.195,0,GPU-c5d32af0-0857-3b36-6541-1a688a9ec165,90.95,1410,1593,0,0,73511,40,P0,500.00,Not Active,Not Active,Not Active,Not Active
2026/07/25 10:26:06.182,2026/07/25 10:26:06.168,2026/07/25 10:26:06.195,1,GPU-713d5b24-2a1e-fd4a-7685-c3d195ff9230,85.51,1410,1593,47,25,73511,39,P0,500.00,Not Active,Not Active,Not Active,Not Active
2026/07/25 10:26:06.434,2026/07/25 10:26:06.418,2026/07/25 10:26:06.450,0,GPU-c5d32af0-0857-3b36-6541-1a688a9ec165,388.02,1410,1593,8,2,73511,48,P0,500.00,Not Active,Not Active,Not Active,Not Active
2026/07/25 10:26:06.434,2026/07/25 10:26:06.418,2026/07/25 10:26:06.450,1,GPU-713d5b24-2a1e-fd4a-7685-c3d195ff9230,84.90,1410,1593,0,0,73511,37,P0,500.00,Not Active,Not Active,Not Active,Not Active
2026/07/25 10:26:06.683,2026/07/25 10:26:06.668,2026/07/25 10:26:06.697,0,GPU-c5d32af0-0857-3b36-6541-1a688a9ec165,375.61,1410,1593,100,14,73511,52,P0,500.00,Not Active,Not Active,Not Active,Not Active
2026/07/25 10:26:06.683,2026/07/25 10:26:06.668,2026/07/25 10:26:06.697,1,GPU-713d5b24-2a1e-fd4a-7685-c3d195ff9230,84.25,1410,1593,0,0,73511,37,P0,500.00,Not Active,Not Active,Not Active,Not Active
2026/07/25 10:26:06.944,2026/07/25 10:26:06.918,2026/07/25 10:26:06.971,0,GPU-c5d32af0-0857-3b36-6541-1a688a9ec165,365.33,1410,1593,100,12,73511,53,P0,500.00,Not Active,Not Active,Not Active,Not Active
2026/07/25 10:26:06.944,2026/07/25 10:26:06.918,2026/07/25 10:26:06.971,1,GPU-713d5b24-2a1e-fd4a-7685-c3d195ff9230,84.17,1410,1593,0,0,73511,36,P0,500.00,Not Active,Not Active,Not Active,Not Active
2026/07/25 10:26:07.182,2026/07/25 10:26:07.168,2026/07/25 10:26:07.197,0,GPU-c5d32af0-0857-3b36-6541-1a688a9ec165,94.87,1410,1593,38,4,73511,43,P0,500.00,Not Active,Not Active,Not Active,Not Active
2026/07/25 10:26:07.182,2026/07/25 10:26:07.168,2026/07/25 10:26:07.197,1,GPU-713d5b24-2a1e-fd4a-7685-c3d195ff9230,242.05,1410,1593,49,13,73511,39,P0,500.00,Not Active,Not Active,Not Active,Not Active
2026/07/25 10:26:07.432,2026/07/25 10:26:07.418,2026/07/25 10:26:07.445,0,GPU-c5d32af0-0857-3b36-6541-1a688a9ec165,91.88,1410,1593,0,0,73511,42,P0,500.00,Not Active,Not Active,Not Active,Not Active
2026/07/25 10:26:07.432,2026/07/25 10:26:07.418,2026/07/25 10:26:07.445,1,GPU-713d5b24-2a1e-fd4a-7685-c3d195ff9230,239.00,1410,1593,100,52,73511,41,P0,500.00,Not Active,Not Active,Not Active,Not Active
2026/07/25 10:26:07.681,2026/07/25 10:26:07.668,2026/07/25 10:26:07.694,0,GPU-c5d32af0-0857-3b36-6541-1a688a9ec165,91.28,1410,1593,0,0,73511,41,P0,500.00,Not Active,Not Active,Not Active,Not Active
2026/07/25 10:26:07.681,2026/07/25 10:26:07.668,2026/07/25 10:26:07.694,1,GPU-713d5b24-2a1e-fd4a-7685-c3d195ff9230,242.92,1410,1593,100,52,73511,42,P0,500.00,Not Active,Not Active,Not Active,Not Active
2026/07/25 10:26:07.933,2026/07/25 10:26:07.918,2026/07/25 10:26:07.947,0,GPU-c5d32af0-0857-3b36-6541-1a688a9ec165,91.28,1410,1593,0,0,73511,40,P0,500.00,Not Active,Not Active,Not Active,Not Active
2026/07/25 10:26:07.933,2026/07/25 10:26:07.918,2026/07/25 10:26:07.947,1,GPU-713d5b24-2a1e-fd4a-7685-c3d195ff9230,244.17,1410,1593,100,52,73511,42,P0,500.00,Not Active,Not Active,Not Active,Not Active
2026/07/25 10:26:08.182,2026/07/25 10:26:08.168,2026/07/25 10:26:08.197,0,GPU-c5d32af0-0857-3b36-6541-1a688a9ec165,91.79,1410,1593,0,0,73511,40,P0,500.00,Not Active,Not Active,Not Active,Not Active
2026/07/25 10:26:08.182,2026/07/25 10:26:08.168,2026/07/25 10:26:08.197,1,GPU-713d5b24-2a1e-fd4a-7685-c3d195ff9230,87.03,1410,1593,72,37,73511,41,P0,500.00,Not Active,Not Active,Not Active,Not Active
2026/07/25 10:26:08.433,2026/07/25 10:26:08.418,2026/07/25 10:26:08.447,0,GPU-c5d32af0-0857-3b36-6541-1a688a9ec165,378.54,1410,1593,17,3,73511,50,P0,500.00,Not Active,Not Active,Not Active,Not Active
2026/07/25 10:26:08.433,2026/07/25 10:26:08.418,2026/07/25 10:26:08.447,1,GPU-713d5b24-2a1e-fd4a-7685-c3d195ff9230,84.82,1410,1593,0,0,73511,37,P0,500.00,Not Active,Not Active,Not Active,Not Active
2026/07/25 10:26:08.682,2026/07/25 10:26:08.668,2026/07/25 10:26:08.696,0,GPU-c5d32af0-0857-3b36-6541-1a688a9ec165,385.75,1410,1593,100,14,73511,52,P0,500.00,Not Active,Not Active,Not Active,Not Active
2026/07/25 10:26:08.682,2026/07/25 10:26:08.668,2026/07/25 10:26:08.696,1,GPU-713d5b24-2a1e-fd4a-7685-c3d195ff9230,84.17,1410,1593,0,0,73511,37,P0,500.00,Not Active,Not Active,Not Active,Not Active
2026/07/25 10:26:08.934,2026/07/25 10:26:08.918,2026/07/25 10:26:08.950,0,GPU-c5d32af0-0857-3b36-6541-1a688a9ec165,373.70,1410,1593,89,12,73511,49,P0,500.00,Not Active,Not Active,Not Active,Not Active
2026/07/25 10:26:08.934,2026/07/25 10:26:08.918,2026/07/25 10:26:08.950,1,GPU-713d5b24-2a1e-fd4a-7685-c3d195ff9230,84.17,1410,1593,0,0,73511,36,P0,500.00,Not Active,Not Active,Not Active,Not Active
2026/07/25 10:26:09.184,2026/07/25 10:26:09.168,2026/07/25 10:26:09.199,0,GPU-c5d32af0-0857-3b36-6541-1a688a9ec165,92.38,1410,1593,0,0,73511,43,P0,500.00,Not Active,Not Active,Not Active,Not Active
2026/07/25 10:26:09.184,2026/07/25 10:26:09.168,2026/07/25 10:26:09.199,1,GPU-713d5b24-2a1e-fd4a-7685-c3d195ff9230,243.84,1410,1593,17,0,73511,40,P0,500.00,Not Active,Not Active,Not Active,Not Active
2026/07/25 10:26:09.433,2026/07/25 10:26:09.418,2026/07/25 10:26:09.447,0,GPU-c5d32af0-0857-3b36-6541-1a688a9ec165,91.88,1410,1593,0,0,73511,41,P0,500.00,Not Active,Not Active,Not Active,Not Active
2026/07/25 10:26:09.433,2026/07/25 10:26:09.418,2026/07/25 10:26:09.447,1,GPU-713d5b24-2a1e-fd4a-7685-c3d195ff9230,246.56,1410,1593,100,52,73511,42,P0,500.00,Not Active,Not Active,Not Active,Not Active
2026/07/25 10:26:09.683,2026/07/25 10:26:09.668,2026/07/25 10:26:09.697,0,GPU-c5d32af0-0857-3b36-6541-1a688a9ec165,91.28,1410,1593,0,0,73511,41,P0,500.00,Not Active,Not Active,Not Active,Not Active
2026/07/25 10:26:09.683,2026/07/25 10:26:09.668,2026/07/25 10:26:09.697,1,GPU-713d5b24-2a1e-fd4a-7685-c3d195ff9230,246.89,1410,1593,100,52,73511,42,P0,500.00,Not Active,Not Active,Not Active,Not Active
2026/07/25 10:26:09.932,2026/07/25 10:26:09.918,2026/07/25 10:26:09.946,0,GPU-c5d32af0-0857-3b36-6541-1a688a9ec165,91.28,1410,1593,0,0,73511,40,P0,500.00,Not Active,Not Active,Not Active,Not Active
2026/07/25 10:26:09.932,2026/07/25 10:26:09.918,2026/07/25 10:26:09.946,1,GPU-713d5b24-2a1e-fd4a-7685-c3d195ff9230,242.65,1410,1593,100,52,73511,42,P0,500.00,Not Active,Not Active,Not Active,Not Active
2026/07/25 10:26:10.184,2026/07/25 10:26:10.168,2026/07/25 10:26:10.200,0,GPU-c5d32af0-0857-3b36-6541-1a688a9ec165,90.86,1410,1593,0,0,73511,40,P0,500.00,Not Active,Not Active,Not Active,Not Active
2026/07/25 10:26:10.184,2026/07/25 10:26:10.168,2026/07/25 10:26:10.200,1,GPU-713d5b24-2a1e-fd4a-7685-c3d195ff9230,241.12,1410,1593,100,52,73511,43,P0,500.00,Not Active,Not Active,Not Active,Not Active
2026/07/25 10:26:10.434,2026/07/25 10:26:10.418,2026/07/25 10:26:10.451,0,GPU-c5d32af0-0857-3b36-6541-1a688a9ec165,385.82,1410,1593,25,5,73511,50,P0,500.00,Not Active,Not Active,Not Active,Not Active
2026/07/25 10:26:10.434,2026/07/25 10:26:10.418,2026/07/25 10:26:10.451,1,GPU-713d5b24-2a1e-fd4a-7685-c3d195ff9230,89.34,1410,1593,78,41,73511,40,P0,500.00,Not Active,Not Active,Not Active,Not Active
2026/07/25 10:26:10.683,2026/07/25 10:26:10.668,2026/07/25 10:26:10.697,0,GPU-c5d32af0-0857-3b36-6541-1a688a9ec165,382.19,1410,1593,100,17,73511,52,P0,500.00,Not Active,Not Active,Not Active,Not Active
2026/07/25 10:26:10.683,2026/07/25 10:26:10.668,2026/07/25 10:26:10.697,1,GPU-713d5b24-2a1e-fd4a-7685-c3d195ff9230,84.82,1410,1593,0,0,73511,37,P0,500.00,Not Active,Not Active,Not Active,Not Active
2026/07/25 10:26:10.934,2026/07/25 10:26:10.918,2026/07/25 10:26:10.949,0,GPU-c5d32af0-0857-3b36-6541-1a688a9ec165,369.79,1410,1593,85,12,73511,52,P0,500.00,Not Active,Not Active,Not Active,Not Active
2026/07/25 10:26:10.934,2026/07/25 10:26:10.918,2026/07/25 10:26:10.949,1,GPU-713d5b24-2a1e-fd4a-7685-c3d195ff9230,84.17,1410,1593,0,0,73511,37,P0,500.00,Not Active,Not Active,Not Active,Not Active
2026/07/25 10:26:11.183,2026/07/25 10:26:11.168,2026/07/25 10:26:11.198,0,GPU-c5d32af0-0857-3b36-6541-1a688a9ec165,92.38,1410,1593,0,0,73511,43,P0,500.00,Not Active,Not Active,Not Active,Not Active
2026/07/25 10:26:11.183,2026/07/25 10:26:11.168,2026/07/25 10:26:11.198,1,GPU-713d5b24-2a1e-fd4a-7685-c3d195ff9230,240.20,1410,1593,85,42,73511,40,P0,500.00,Not Active,Not Active,Not Active,Not Active
2026/07/25 10:26:11.431,2026/07/25 10:26:11.418,2026/07/25 10:26:11.445,0,GPU-c5d32af0-0857-3b36-6541-1a688a9ec165,91.45,1410,1593,0,0,73511,41,P0,500.00,Not Active,Not Active,Not Active,Not Active
2026/07/25 10:26:11.431,2026/07/25 10:26:11.418,2026/07/25 10:26:11.445,1,GPU-713d5b24-2a1e-fd4a-7685-c3d195ff9230,242.05,1410,1593,100,52,73511,41,P0,500.00,Not Active,Not Active,Not Active,Not Active
2026/07/25 10:26:11.681,2026/07/25 10:26:11.668,2026/07/25 10:26:11.694,0,GPU-c5d32af0-0857-3b36-6541-1a688a9ec165,91.45,1410,1593,0,0,73511,41,P0,500.00,Not Active,Not Active,Not Active,Not Active
2026/07/25 10:26:11.681,2026/07/25 10:26:11.668,2026/07/25 10:26:11.694,1,GPU-713d5b24-2a1e-fd4a-7685-c3d195ff9230,240.20,1410,1593,99,52,73511,42,P0,500.00,Not Active,Not Active,Not Active,Not Active
2026/07/25 10:26:11.933,2026/07/25 10:26:11.918,2026/07/25 10:26:11.948,0,GPU-c5d32af0-0857-3b36-6541-1a688a9ec165,91.18,1410,1593,0,0,73511,40,P0,500.00,Not Active,Not Active,Not Active,Not Active
2026/07/25 10:26:11.933,2026/07/25 10:26:11.918,2026/07/25 10:26:11.948,1,GPU-713d5b24-2a1e-fd4a-7685-c3d195ff9230,240.20,1410,1593,99,52,73511,43,P0,500.00,Not Active,Not Active,Not Active,Not Active
2026/07/25 10:26:12.184,2026/07/25 10:26:12.168,2026/07/25 10:26:12.200,0,GPU-c5d32af0-0857-3b36-6541-1a688a9ec165,91.18,1410,1593,0,0,73511,40,P0,500.00,Not Active,Not Active,Not Active,Not Active
2026/07/25 10:26:12.184,2026/07/25 10:26:12.168,2026/07/25 10:26:12.200,1,GPU-713d5b24-2a1e-fd4a-7685-c3d195ff9230,239.68,1410,1593,97,51,73511,43,P0,500.00,Not Active,Not Active,Not Active,Not Active
2026/07/25 10:26:12.433,2026/07/25 10:26:12.418,2026/07/25 10:26:12.449,0,GPU-c5d32af0-0857-3b36-6541-1a688a9ec165,390.85,1410,1593,33,6,73511,50,P0,500.00,Not Active,Not Active,Not Active,Not Active
2026/07/25 10:26:12.433,2026/07/25 10:26:12.418,2026/07/25 10:26:12.449,1,GPU-713d5b24-2a1e-fd4a-7685-c3d195ff9230,240.87,1410,1593,100,52,73511,40,P0,500.00,Not Active,Not Active,Not Active,Not Active
2026/07/25 10:26:12.683,2026/07/25 10:26:12.668,2026/07/25 10:26:12.697,0,GPU-c5d32af0-0857-3b36-6541-1a688a9ec165,376.15,1410,1593,100,17,73511,52,P0,500.00,Not Active,Not Active,Not Active,Not Active
2026/07/25 10:26:12.683,2026/07/25 10:26:12.668,2026/07/25 10:26:12.697,1,GPU-713d5b24-2a1e-fd4a-7685-c3d195ff9230,84.82,1410,1593,4,2,73511,38,P0,500.00,Not Active,Not Active,Not Active,Not Active
2026/07/25 10:26:12.933,2026/07/25 10:26:12.918,2026/07/25 10:26:12.949,0,GPU-c5d32af0-0857-3b36-6541-1a688a9ec165,94.17,1410,1593,44,6,73511,47,P0,500.00,Not Active,Not Active,Not Active,Not Active
2026/07/25 10:26:12.933,2026/07/25 10:26:12.918,2026/07/25 10:26:12.949,1,GPU-713d5b24-2a1e-fd4a-7685-c3d195ff9230,96.62,1410,1593,0,0,73511,39,P0,500.00,Not Active,Not Active,Not Active,Not Active
2026/07/25 10:26:13.184,2026/07/25 10:26:13.168,2026/07/25 10:26:13.200,0,GPU-c5d32af0-0857-3b36-6541-1a688a9ec165,92.65,1410,1593,0,0,73511,43,P0,500.00,Not Active,Not Active,Not Active,Not Active
2026/07/25 10:26:13.184,2026/07/25 10:26:13.168,2026/07/25 10:26:13.200,1,GPU-713d5b24-2a1e-fd4a-7685-c3d195ff9230,237.83,1410,1593,50,16,73511,41,P0,500.00,Not Active,Not Active,Not Active,Not Active
2026/07/25 10:26:13.433,2026/07/25 10:26:13.418,2026/07/25 10:26:13.447,0,GPU-c5d32af0-0857-3b36-6541-1a688a9ec165,92.06,1410,1593,0,0,73511,41,P0,500.00,Not Active,Not Active,Not Active,Not Active
2026/07/25 10:26:13.433,2026/07/25 10:26:13.418,2026/07/25 10:26:13.447,1,GPU-713d5b24-2a1e-fd4a-7685-c3d195ff9230,247.50,1410,1593,100,52,73511,42,P0,500.00,Not Active,Not Active,Not Active,Not Active
2026/07/25 10:26:13.684,2026/07/25 10:26:13.668,2026/07/25 10:26:13.699,0,GPU-c5d32af0-0857-3b36-6541-1a688a9ec165,91.45,1410,1593,0,0,73511,41,P0,500.00,Not Active,Not Active,Not Active,Not Active
2026/07/25 10:26:13.684,2026/07/25 10:26:13.668,2026/07/25 10:26:13.699,1,GPU-713d5b24-2a1e-fd4a-7685-c3d195ff9230,247.50,1410,1593,99,52,73511,43,P0,500.00,Not Active,Not Active,Not Active,Not Active
2026/07/25 10:26:13.933,2026/07/25 10:26:13.918,2026/07/25 10:26:13.948,0,GPU-c5d32af0-0857-3b36-6541-1a688a9ec165,91.18,1410,1593,0,0,73511,40,P0,500.00,Not Active,Not Active,Not Active,Not Active
2026/07/25 10:26:13.933,2026/07/25 10:26:13.918,2026/07/25 10:26:13.948,1,GPU-713d5b24-2a1e-fd4a-7685-c3d195ff9230,243.59,1410,1593,100,52,73511,43,P0,500.00,Not Active,Not Active,Not Active,Not Active
2026/07/25 10:26:14.182,2026/07/25 10:26:14.168,2026/07/25 10:26:14.197,0,GPU-c5d32af0-0857-3b36-6541-1a688a9ec165,90.86,1410,1593,0,0,73511,40,P0,500.00,Not Active,Not Active,Not Active,Not Active
2026/07/25 10:26:14.182,2026/07/25 10:26:14.168,2026/07/25 10:26:14.197,1,GPU-713d5b24-2a1e-fd4a-7685-c3d195ff9230,244.19,1410,1593,96,50,73511,43,P0,500.00,Not Active,Not Active,Not Active,Not Active
2026/07/25 10:26:14.433,2026/07/25 10:26:14.418,2026/07/25 10:26:14.447,0,GPU-c5d32af0-0857-3b36-6541-1a688a9ec165,396.01,1410,1593,37,7,73511,50,P0,500.00,Not Active,Not Active,Not Active,Not Active
2026/07/25 10:26:14.433,2026/07/25 10:26:14.418,2026/07/25 10:26:14.447,1,GPU-713d5b24-2a1e-fd4a-7685-c3d195ff9230,126.47,1410,1593,100,52,73511,42,P0,500.00,Not Active,Not Active,Not Active,Not Active
2026/07/25 10:26:14.686,2026/07/25 10:26:14.668,2026/07/25 10:26:14.703,0,GPU-c5d32af0-0857-3b36-6541-1a688a9ec165,373.65,1410,1593,100,17,73511,52,P0,500.00,Not Active,Not Active,Not Active,Not Active
2026/07/25 10:26:14.686,2026/07/25 10:26:14.668,2026/07/25 10:26:14.703,1,GPU-713d5b24-2a1e-fd4a-7685-c3d195ff9230,84.73,1410,1593,0,0,73511,38,P0,500.00,Not Active,Not Active,Not Active,Not Active
2026/07/25 10:26:14.939,2026/07/25 10:26:14.918,2026/07/25 10:26:14.961,0,GPU-c5d32af0-0857-3b36-6541-1a688a9ec165,95.60,1410,1593,0,0,73511,44,P0,500.00,Not Active,Not Active,Not Active,Not Active
2026/07/25 10:26:14.939,2026/07/25 10:26:14.918,2026/07/25 10:26:14.961,1,GPU-713d5b24-2a1e-fd4a-7685-c3d195ff9230,244.79,1410,1593,13,0,73511,40,P0,500.00,Not Active,Not Active,Not Active,Not Active
2026/07/25 10:26:15.186,2026/07/25 10:26:15.168,2026/07/25 10:26:15.204,0,GPU-c5d32af0-0857-3b36-6541-1a688a9ec165,91.96,1410,1593,0,0,73511,41,P0,500.00,Not Active,Not Active,Not Active,Not Active
2026/07/25 10:26:15.186,2026/07/25 10:26:15.168,2026/07/25 10:26:15.204,1,GPU-713d5b24-2a1e-fd4a-7685-c3d195ff9230,243.34,1410,1593,100,53,73511,42,P0,500.00,Not Active,Not Active,Not Active,Not Active
2026/07/25 10:26:15.434,2026/07/25 10:26:15.418,2026/07/25 10:26:15.449,0,GPU-c5d32af0-0857-3b36-6541-1a688a9ec165,91.69,1410,1593,0,0,73511,41,P0,500.00,Not Active,Not Active,Not Active,Not Active
2026/07/25 10:26:15.434,2026/07/25 10:26:15.418,2026/07/25 10:26:15.449,1,GPU-713d5b24-2a1e-fd4a-7685-c3d195ff9230,246.38,1410,1593,100,53,73511,43,P0,500.00,Not Active,Not Active,Not Active,Not Active
2026/07/25 10:26:15.682,2026/07/25 10:26:15.668,2026/07/25 10:26:15.696,0,GPU-c5d32af0-0857-3b36-6541-1a688a9ec165,90.76,1410,1593,0,0,73511,40,P0,500.00,Not Active,Not Active,Not Active,Not Active
2026/07/25 10:26:15.682,2026/07/25 10:26:15.668,2026/07/25 10:26:15.696,1,GPU-713d5b24-2a1e-fd4a-7685-c3d195ff9230,242.40,1410,1593,100,53,73511,43,P0,500.00,Not Active,Not Active,Not Active,Not Active
2026/07/25 10:26:15.932,2026/07/25 10:26:15.918,2026/07/25 10:26:15.947,0,GPU-c5d32af0-0857-3b36-6541-1a688a9ec165,91.18,1410,1593,0,0,73511,40,P0,500.00,Not Active,Not Active,Not Active,Not Active
2026/07/25 10:26:15.932,2026/07/25 10:26:15.918,2026/07/25 10:26:15.947,1,GPU-713d5b24-2a1e-fd4a-7685-c3d195ff9230,85.00,1410,1593,98,52,73511,39,P0,500.00,Not Active,Not Active,Not Active,Not Active
2026/07/25 10:26:16.182,2026/07/25 10:26:16.168,2026/07/25 10:26:16.196,0,GPU-c5d32af0-0857-3b36-6541-1a688a9ec165,90.44,1410,1593,0,0,73511,40,P0,500.00,Not Active,Not Active,Not Active,Not Active
2026/07/25 10:26:16.182,2026/07/25 10:26:16.168,2026/07/25 10:26:16.196,1,GPU-713d5b24-2a1e-fd4a-7685-c3d195ff9230,84.40,1410,1593,0,0,73511,38,P0,500.00,Not Active,Not Active,Not Active,Not Active
2026/07/25 10:26:16.433,2026/07/25 10:26:16.418,2026/07/25 10:26:16.447,0,GPU-c5d32af0-0857-3b36-6541-1a688a9ec165,386.75,1410,1593,42,8,73511,49,P0,500.00,Not Active,Not Active,Not Active,Not Active
2026/07/25 10:26:16.433,2026/07/25 10:26:16.418,2026/07/25 10:26:16.447,1,GPU-713d5b24-2a1e-fd4a-7685-c3d195ff9230,83.89,1410,1593,0,0,73511,37,P0,500.00,Not Active,Not Active,Not Active,Not Active
2026/07/25 10:26:16.683,2026/07/25 10:26:16.668,2026/07/25 10:26:16.698,0,GPU-c5d32af0-0857-3b36-6541-1a688a9ec165,374.03,1410,1593,100,16,73511,52,P0,500.00,Not Active,Not Active,Not Active,Not Active
2026/07/25 10:26:16.683,2026/07/25 10:26:16.668,2026/07/25 10:26:16.698,1,GPU-713d5b24-2a1e-fd4a-7685-c3d195ff9230,83.89,1410,1593,0,0,73511,36,P0,500.00,Not Active,Not Active,Not Active,Not Active
2026/07/25 10:26:16.932,2026/07/25 10:26:16.918,2026/07/25 10:26:16.947,0,GPU-c5d32af0-0857-3b36-6541-1a688a9ec165,372.18,1410,1593,100,11,73511,53,P0,500.00,Not Active,Not Active,Not Active,Not Active
2026/07/25 10:26:16.932,2026/07/25 10:26:16.918,2026/07/25 10:26:16.947,1,GPU-713d5b24-2a1e-fd4a-7685-c3d195ff9230,83.57,1410,1593,0,0,73511,36,P0,500.00,Not Active,Not Active,Not Active,Not Active
2026/07/25 10:26:17.186,2026/07/25 10:26:17.168,2026/07/25 10:26:17.205,0,GPU-c5d32af0-0857-3b36-6541-1a688a9ec165,100.54,1410,1593,30,3,73511,44,P0,500.00,Not Active,Not Active,Not Active,Not Active
2026/07/25 10:26:17.186,2026/07/25 10:26:17.168,2026/07/25 10:26:17.205,1,GPU-713d5b24-2a1e-fd4a-7685-c3d195ff9230,232.31,1410,1593,0,0,73511,36,P0,500.00,Not Active,Not Active,Not Active,Not Active
2026/07/25 10:26:17.433,2026/07/25 10:26:17.418,2026/07/25 10:26:17.449,0,GPU-c5d32af0-0857-3b36-6541-1a688a9ec165,91.88,1410,1593,0,0,73511,42,P0,500.00,Not Active,Not Active,Not Active,Not Active
2026/07/25 10:26:17.433,2026/07/25 10:26:17.418,2026/07/25 10:26:17.449,1,GPU-713d5b24-2a1e-fd4a-7685-c3d195ff9230,239.00,1410,1593,100,52,73511,41,P0,500.00,Not Active,Not Active,Not Active,Not Active
2026/07/25 10:26:17.683,2026/07/25 10:26:17.668,2026/07/25 10:26:17.698,0,GPU-c5d32af0-0857-3b36-6541-1a688a9ec165,90.95,1410,1593,0,0,73511,41,P0,500.00,Not Active,Not Active,Not Active,Not Active
2026/07/25 10:26:17.683,2026/07/25 10:26:17.668,2026/07/25 10:26:17.698,1,GPU-713d5b24-2a1e-fd4a-7685-c3d195ff9230,238.40,1410,1593,98,51,73511,42,P0,500.00,Not Active,Not Active,Not Active,Not Active
2026/07/25 10:26:17.965,2026/07/25 10:26:17.918,2026/07/25 10:26:18.013,0,GPU-c5d32af0-0857-3b36-6541-1a688a9ec165,90.63,1410,1593,0,0,73511,41,P0,500.00,Not Active,Not Active,Not Active,Not Active
2026/07/25 10:26:17.965,2026/07/25 10:26:17.918,2026/07/25 10:26:18.013,1,GPU-713d5b24-2a1e-fd4a-7685-c3d195ff9230,238.40,1410,1593,100,51,73511,42,P0,500.00,Not Active,Not Active,Not Active,Not Active
2026/07/25 10:26:18.182,2026/07/25 10:26:18.168,2026/07/25 10:26:18.195,0,GPU-c5d32af0-0857-3b36-6541-1a688a9ec165,90.95,1410,1593,0,0,73511,40,P0,500.00,Not Active,Not Active,Not Active,Not Active
2026/07/25 10:26:18.182,2026/07/25 10:26:18.168,2026/07/25 10:26:18.195,1,GPU-713d5b24-2a1e-fd4a-7685-c3d195ff9230,239.27,1410,1593,100,51,73511,42,P0,500.00,Not Active,Not Active,Not Active,Not Active
2026/07/25 10:26:18.432,2026/07/25 10:26:18.418,2026/07/25 10:26:18.446,0,GPU-c5d32af0-0857-3b36-6541-1a688a9ec165,381.91,1410,1593,54,11,73511,49,P0,500.00,Not Active,Not Active,Not Active,Not Active
2026/07/25 10:26:18.432,2026/07/25 10:26:18.418,2026/07/25 10:26:18.446,1,GPU-713d5b24-2a1e-fd4a-7685-c3d195ff9230,85.09,1410,1593,100,51,73511,39,P0,500.00,Not Active,Not Active,Not Active,Not Active
2026/07/25 10:26:18.681,2026/07/25 10:26:18.668,2026/07/25 10:26:18.694,0,GPU-c5d32af0-0857-3b36-6541-1a688a9ec165,369.79,1410,1593,100,15,73511,49,P0,500.00,Not Active,Not Active,Not Active,Not Active
2026/07/25 10:26:18.681,2026/07/25 10:26:18.668,2026/07/25 10:26:18.694,1,GPU-713d5b24-2a1e-fd4a-7685-c3d195ff9230,84.17,1410,1593,0,0,73511,37,P0,500.00,Not Active,Not Active,Not Active,Not Active
2026/07/25 10:26:18.961,2026/07/25 10:26:18.918,2026/07/25 10:26:19.005,0,GPU-c5d32af0-0857-3b36-6541-1a688a9ec165,98.25,1410,1593,64,10,73511,43,P0,500.00,Not Active,Not Active,Not Active,Not Active
2026/07/25 10:26:18.961,2026/07/25 10:26:18.918,2026/07/25 10:26:19.005,1,GPU-713d5b24-2a1e-fd4a-7685-c3d195ff9230,240.77,1410,1593,25,4,73511,41,P0,500.00,Not Active,Not Active,Not Active,Not Active
2026/07/25 10:26:19.195,2026/07/25 10:26:19.168,2026/07/25 10:26:19.223,0,GPU-c5d32af0-0857-3b36-6541-1a688a9ec165,91.55,1410,1593,0,0,73511,41,P0,500.00,Not Active,Not Active,Not Active,Not Active
2026/07/25 10:26:19.195,2026/07/25 10:26:19.168,2026/07/25 10:26:19.223,1,GPU-713d5b24-2a1e-fd4a-7685-c3d195ff9230,242.05,1410,1593,100,53,73511,42,P0,500.00,Not Active,Not Active,Not Active,Not Active
2026/07/25 10:26:19.433,2026/07/25 10:26:19.418,2026/07/25 10:26:19.448,0,GPU-c5d32af0-0857-3b36-6541-1a688a9ec165,90.63,1410,1593,0,0,73511,41,P0,500.00,Not Active,Not Active,Not Active,Not Active
2026/07/25 10:26:19.433,2026/07/25 10:26:19.418,2026/07/25 10:26:19.448,1,GPU-713d5b24-2a1e-fd4a-7685-c3d195ff9230,245.04,1410,1593,100,53,73511,42,P0,500.00,Not Active,Not Active,Not Active,Not Active
2026/07/25 10:26:19.683,2026/07/25 10:26:19.668,2026/07/25 10:26:19.698,0,GPU-c5d32af0-0857-3b36-6541-1a688a9ec165,90.53,1410,1593,0,0,73511,40,P0,500.00,Not Active,Not Active,Not Active,Not Active
2026/07/25 10:26:19.683,2026/07/25 10:26:19.668,2026/07/25 10:26:19.698,1,GPU-713d5b24-2a1e-fd4a-7685-c3d195ff9230,247.16,1410,1593,100,53,73511,43,P0,500.00,Not Active,Not Active,Not Active,Not Active
2026/07/25 10:26:19.933,2026/07/25 10:26:19.918,2026/07/25 10:26:19.948,0,GPU-c5d32af0-0857-3b36-6541-1a688a9ec165,90.35,1410,1593,0,0,73511,40,P0,500.00,Not Active,Not Active,Not Active,Not Active
2026/07/25 10:26:19.933,2026/07/25 10:26:19.918,2026/07/25 10:26:19.948,1,GPU-713d5b24-2a1e-fd4a-7685-c3d195ff9230,245.63,1410,1593,100,53,73511,43,P0,500.00,Not Active,Not Active,Not Active,Not Active
2026/07/25 10:26:20.181,2026/07/25 10:26:20.168,2026/07/25 10:26:20.195,0,GPU-c5d32af0-0857-3b36-6541-1a688a9ec165,90.63,1410,1593,0,0,73511,40,P0,500.00,Not Active,Not Active,Not Active,Not Active
2026/07/25 10:26:20.181,2026/07/25 10:26:20.168,2026/07/25 10:26:20.195,1,GPU-713d5b24-2a1e-fd4a-7685-c3d195ff9230,85.18,1410,1593,91,48,73511,39,P0,500.00,Not Active,Not Active,Not Active,Not Active
2026/07/25 10:26:20.432,2026/07/25 10:26:20.418,2026/07/25 10:26:20.447,0,GPU-c5d32af0-0857-3b36-6541-1a688a9ec165,341.07,1410,1593,53,10,73511,49,P0,500.00,Not Active,Not Active,Not Active,Not Active
2026/07/25 10:26:20.432,2026/07/25 10:26:20.418,2026/07/25 10:26:20.447,1,GPU-713d5b24-2a1e-fd4a-7685-c3d195ff9230,84.25,1410,1593,0,0,73511,37,P0,500.00,Not Active,Not Active,Not Active,Not Active
2026/07/25 10:26:20.683,2026/07/25 10:26:20.668,2026/07/25 10:26:20.698,0,GPU-c5d32af0-0857-3b36-6541-1a688a9ec165,370.17,1410,1593,100,16,73511,51,P0,500.00,Not Active,Not Active,Not Active,Not Active
2026/07/25 10:26:20.683,2026/07/25 10:26:20.668,2026/07/25 10:26:20.698,1,GPU-713d5b24-2a1e-fd4a-7685-c3d195ff9230,83.98,1410,1593,0,0,73511,37,P0,500.00,Not Active,Not Active,Not Active,Not Active
2026/07/25 10:26:20.933,2026/07/25 10:26:20.918,2026/07/25 10:26:20.948,0,GPU-c5d32af0-0857-3b36-6541-1a688a9ec165,360.16,1410,1593,100,13,73511,53,P0,500.00,Not Active,Not Active,Not Active,Not Active
2026/07/25 10:26:20.933,2026/07/25 10:26:20.918,2026/07/25 10:26:20.948,1,GPU-713d5b24-2a1e-fd4a-7685-c3d195ff9230,83.98,1410,1593,0,0,73511,36,P0,500.00,Not Active,Not Active,Not Active,Not Active
2026/07/25 10:26:21.195,2026/07/25 10:26:21.168,2026/07/25 10:26:21.223,0,GPU-c5d32af0-0857-3b36-6541-1a688a9ec165,101.84,1410,1593,9,1,73511,44,P0,500.00,Not Active,Not Active,Not Active,Not Active
2026/07/25 10:26:21.195,2026/07/25 10:26:21.168,2026/07/25 10:26:21.223,1,GPU-713d5b24-2a1e-fd4a-7685-c3d195ff9230,239.52,1410,1593,0,0,73511,36,P0,500.00,Not Active,Not Active,Not Active,Not Active
2026/07/25 10:26:21.432,2026/07/25 10:26:21.418,2026/07/25 10:26:21.446,0,GPU-c5d32af0-0857-3b36-6541-1a688a9ec165,92.15,1410,1593,0,0,73511,42,P0,500.00,Not Active,Not Active,Not Active,Not Active
2026/07/25 10:26:21.432,2026/07/25 10:26:21.418,2026/07/25 10:26:21.446,1,GPU-713d5b24-2a1e-fd4a-7685-c3d195ff9230,239.27,1410,1593,100,52,73511,40,P0,500.00,Not Active,Not Active,Not Active,Not Active
2026/07/25 10:26:21.681,2026/07/25 10:26:21.668,2026/07/25 10:26:21.694,0,GPU-c5d32af0-0857-3b36-6541-1a688a9ec165,90.95,1410,1593,0,0,73511,41,P0,500.00,Not Active,Not Active,Not Active,Not Active
2026/07/25 10:26:21.681,2026/07/25 10:26:21.668,2026/07/25 10:26:21.694,1,GPU-713d5b24-2a1e-fd4a-7685-c3d195ff9230,241.72,1410,1593,100,52,73511,42,P0,500.00,Not Active,Not Active,Not Active,Not Active
2026/07/25 10:26:21.933,2026/07/25 10:26:21.918,2026/07/25 10:26:21.948,0,GPU-c5d32af0-0857-3b36-6541-1a688a9ec165,90.63,1410,1593,0,0,73511,40,P0,500.00,Not Active,Not Active,Not Active,Not Active
2026/07/25 10:26:21.933,2026/07/25 10:26:21.918,2026/07/25 10:26:21.948,1,GPU-713d5b24-2a1e-fd4a-7685-c3d195ff9230,241.37,1410,1593,100,52,73511,42,P0,500.00,Not Active,Not Active,Not Active,Not Active
2026/07/25 10:26:22.183,2026/07/25 10:26:22.168,2026/07/25 10:26:22.199,0,GPU-c5d32af0-0857-3b36-6541-1a688a9ec165,90.53,1410,1593,0,0,73511,40,P0,500.00,Not Active,Not Active,Not Active,Not Active
2026/07/25 10:26:22.183,2026/07/25 10:26:22.168,2026/07/25 10:26:22.199,1,GPU-713d5b24-2a1e-fd4a-7685-c3d195ff9230,238.08,1410,1593,100,52,73511,43,P0,500.00,Not Active,Not Active,Not Active,Not Active
2026/07/25 10:26:22.435,2026/07/25 10:26:22.418,2026/07/25 10:26:22.451,0,GPU-c5d32af0-0857-3b36-6541-1a688a9ec165,384.30,1410,1593,68,13,73511,46,P0,500.00,Not Active,Not Active,Not Active,Not Active
2026/07/25 10:26:22.435,2026/07/25 10:26:22.418,2026/07/25 10:26:22.451,1,GPU-713d5b24-2a1e-fd4a-7685-c3d195ff9230,238.68,1410,1593,100,52,73511,43,P0,500.00,Not Active,Not Active,Not Active,Not Active
2026/07/25 10:26:22.683,2026/07/25 10:26:22.668,2026/07/25 10:26:22.697,0,GPU-c5d32af0-0857-3b36-6541-1a688a9ec165,379.79,1410,1593,100,15,73511,52,P0,500.00,Not Active,Not Active,Not Active,Not Active
2026/07/25 10:26:22.683,2026/07/25 10:26:22.668,2026/07/25 10:26:22.697,1,GPU-713d5b24-2a1e-fd4a-7685-c3d195ff9230,240.53,1410,1593,100,52,73511,40,P0,500.00,Not Active,Not Active,Not Active,Not Active
2026/07/25 10:26:22.932,2026/07/25 10:26:22.918,2026/07/25 10:26:22.947,0,GPU-c5d32af0-0857-3b36-6541-1a688a9ec165,373.43,1410,1593,100,12,73511,53,P0,500.00,Not Active,Not Active,Not Active,Not Active
2026/07/25 10:26:22.932,2026/07/25 10:26:22.918,2026/07/25 10:26:22.947,1,GPU-713d5b24-2a1e-fd4a-7685-c3d195ff9230,84.82,1410,1593,11,6,73511,38,P0,500.00,Not Active,Not Active,Not Active,Not Active
2026/07/25 10:26:23.196,2026/07/25 10:26:23.168,2026/07/25 10:26:23.224,0,GPU-c5d32af0-0857-3b36-6541-1a688a9ec165,99.72,1410,1593,2,1,73511,46,P0,500.00,Not Active,Not Active,Not Active,Not Active
2026/07/25 10:26:23.196,2026/07/25 10:26:23.168,2026/07/25 10:26:23.224,1,GPU-713d5b24-2a1e-fd4a-7685-c3d195ff9230,91.28,1410,1593,0,0,73511,39,P0,500.00,Not Active,Not Active,Not Active,Not Active
2026/07/25 10:26:23.433,2026/07/25 10:26:23.418,2026/07/25 10:26:23.447,0,GPU-c5d32af0-0857-3b36-6541-1a688a9ec165,91.55,1410,1593,0,0,73511,42,P0,500.00,Not Active,Not Active,Not Active,Not Active
2026/07/25 10:26:23.433,2026/07/25 10:26:23.418,2026/07/25 10:26:23.447,1,GPU-713d5b24-2a1e-fd4a-7685-c3d195ff9230,242.92,1410,1593,61,18,73511,41,P0,500.00,Not Active,Not Active,Not Active,Not Active
2026/07/25 10:26:23.683,2026/07/25 10:26:23.668,2026/07/25 10:26:23.699,0,GPU-c5d32af0-0857-3b36-6541-1a688a9ec165,91.28,1410,1593,0,0,73511,41,P0,500.00,Not Active,Not Active,Not Active,Not Active
2026/07/25 10:26:23.683,2026/07/25 10:26:23.668,2026/07/25 10:26:23.699,1,GPU-713d5b24-2a1e-fd4a-7685-c3d195ff9230,242.05,1410,1593,100,51,73511,42,P0,500.00,Not Active,Not Active,Not Active,Not Active
2026/07/25 10:26:23.932,2026/07/25 10:26:23.918,2026/07/25 10:26:23.947,0,GPU-c5d32af0-0857-3b36-6541-1a688a9ec165,90.86,1410,1593,0,0,73511,41,P0,500.00,Not Active,Not Active,Not Active,Not Active
2026/07/25 10:26:23.932,2026/07/25 10:26:23.918,2026/07/25 10:26:23.947,1,GPU-713d5b24-2a1e-fd4a-7685-c3d195ff9230,242.65,1410,1593,100,51,73511,43,P0,500.00,Not Active,Not Active,Not Active,Not Active
2026/07/25 10:26:24.182,2026/07/25 10:26:24.168,2026/07/25 10:26:24.197,0,GPU-c5d32af0-0857-3b36-6541-1a688a9ec165,90.63,1410,1593,0,0,73511,40,P0,500.00,Not Active,Not Active,Not Active,Not Active
2026/07/25 10:26:24.182,2026/07/25 10:26:24.168,2026/07/25 10:26:24.197,1,GPU-713d5b24-2a1e-fd4a-7685-c3d195ff9230,245.04,1410,1593,100,51,73511,43,P0,500.00,Not Active,Not Active,Not Active,Not Active
2026/07/25 10:26:24.440,2026/07/25 10:26:24.418,2026/07/25 10:26:24.462,0,GPU-c5d32af0-0857-3b36-6541-1a688a9ec165,385.82,1410,1593,0,0,73511,49,P0,500.00,Not Active,Not Active,Not Active,Not Active
2026/07/25 10:26:24.440,2026/07/25 10:26:24.418,2026/07/25 10:26:24.462,1,GPU-713d5b24-2a1e-fd4a-7685-c3d195ff9230,244.44,1410,1593,100,51,73511,43,P0,500.00,Not Active,Not Active,Not Active,Not Active
2026/07/25 10:26:24.684,2026/07/25 10:26:24.668,2026/07/25 10:26:24.700,0,GPU-c5d32af0-0857-3b36-6541-1a688a9ec165,381.58,1410,1593,100,15,73511,52,P0,500.00,Not Active,Not Active,Not Active,Not Active
2026/07/25 10:26:24.684,2026/07/25 10:26:24.668,2026/07/25 10:26:24.700,1,GPU-713d5b24-2a1e-fd4a-7685-c3d195ff9230,84.82,1410,1593,100,51,73511,39,P0,500.00,Not Active,Not Active,Not Active,Not Active
2026/07/25 10:26:24.932,2026/07/25 10:26:24.918,2026/07/25 10:26:24.946,0,GPU-c5d32af0-0857-3b36-6541-1a688a9ec165,371.59,1410,1593,100,12,73511,53,P0,500.00,Not Active,Not Active,Not Active,Not Active
2026/07/25 10:26:24.932,2026/07/25 10:26:24.918,2026/07/25 10:26:24.946,1,GPU-713d5b24-2a1e-fd4a-7685-c3d195ff9230,84.49,1410,1593,0,0,73511,37,P0,500.00,Not Active,Not Active,Not Active,Not Active
2026/07/25 10:26:25.193,2026/07/25 10:26:25.168,2026/07/25 10:26:25.218,0,GPU-c5d32af0-0857-3b36-6541-1a688a9ec165,92.75,1410,1593,56,8,73511,44,P0,500.00,Not Active,Not Active,Not Active,Not Active
2026/07/25 10:26:25.193,2026/07/25 10:26:25.168,2026/07/25 10:26:25.218,1,GPU-713d5b24-2a1e-fd4a-7685-c3d195ff9230,91.55,1410,1593,23,0,73511,40,P0,500.00,Not Active,Not Active,Not Active,Not Active
2026/07/25 10:26:25.432,2026/07/25 10:26:25.418,2026/07/25 10:26:25.445,0,GPU-c5d32af0-0857-3b36-6541-1a688a9ec165,91.88,1410,1593,0,0,73511,42,P0,500.00,Not Active,Not Active,Not Active,Not Active
2026/07/25 10:26:25.432,2026/07/25 10:26:25.418,2026/07/25 10:26:25.445,1,GPU-713d5b24-2a1e-fd4a-7685-c3d195ff9230,240.53,1410,1593,100,52,73511,42,P0,500.00,Not Active,Not Active,Not Active,Not Active
2026/07/25 10:26:25.682,2026/07/25 10:26:25.668,2026/07/25 10:26:25.697,0,GPU-c5d32af0-0857-3b36-6541-1a688a9ec165,91.28,1410,1593,0,0,73511,41,P0,500.00,Not Active,Not Active,Not Active,Not Active
2026/07/25 10:26:25.682,2026/07/25 10:26:25.668,2026/07/25 10:26:25.697,1,GPU-713d5b24-2a1e-fd4a-7685-c3d195ff9230,243.52,1410,1593,100,52,73511,42,P0,500.00,Not Active,Not Active,Not Active,Not Active
2026/07/25 10:26:25.933,2026/07/25 10:26:25.918,2026/07/25 10:26:25.949,0,GPU-c5d32af0-0857-3b36-6541-1a688a9ec165,91.28,1410,1593,0,0,73511,41,P0,500.00,Not Active,Not Active,Not Active,Not Active
2026/07/25 10:26:25.933,2026/07/25 10:26:25.918,2026/07/25 10:26:25.949,1,GPU-713d5b24-2a1e-fd4a-7685-c3d195ff9230,245.64,1410,1593,100,52,73511,43,P0,500.00,Not Active,Not Active,Not Active,Not Active
2026/07/25 10:26:26.183,2026/07/25 10:26:26.168,2026/07/25 10:26:26.198,0,GPU-c5d32af0-0857-3b36-6541-1a688a9ec165,90.95,1410,1593,0,0,73511,40,P0,500.00,Not Active,Not Active,Not Active,Not Active
2026/07/25 10:26:26.183,2026/07/25 10:26:26.168,2026/07/25 10:26:26.198,1,GPU-713d5b24-2a1e-fd4a-7685-c3d195ff9230,238.68,1410,1593,100,52,73511,43,P0,500.00,Not Active,Not Active,Not Active,Not Active
2026/07/25 10:26:26.449,2026/07/25 10:26:26.418,2026/07/25 10:26:26.481,0,GPU-c5d32af0-0857-3b36-6541-1a688a9ec165,378.54,1410,1593,0,0,73511,48,P0,500.00,Not Active,Not Active,Not Active,Not Active
2026/07/25 10:26:26.449,2026/07/25 10:26:26.418,2026/07/25 10:26:26.481,1,GPU-713d5b24-2a1e-fd4a-7685-c3d195ff9230,246.24,1410,1593,100,52,73511,43,P0,500.00,Not Active,Not Active,Not Active,Not Active
2026/07/25 10:26:26.683,2026/07/25 10:26:26.668,2026/07/25 10:26:26.698,0,GPU-c5d32af0-0857-3b36-6541-1a688a9ec165,378.54,1410,1593,100,14,73511,52,P0,500.00,Not Active,Not Active,Not Active,Not Active
2026/07/25 10:26:26.683,2026/07/25 10:26:26.668,2026/07/25 10:26:26.698,1,GPU-713d5b24-2a1e-fd4a-7685-c3d195ff9230,232.04,1410,1593,100,52,73511,41,P0,500.00,Not Active,Not Active,Not Active,Not Active
2026/07/25 10:26:26.933,2026/07/25 10:26:26.918,2026/07/25 10:26:26.948,0,GPU-c5d32af0-0857-3b36-6541-1a688a9ec165,365.55,1410,1593,100,13,73511,49,P0,500.00,Not Active,Not Active,Not Active,Not Active
2026/07/25 10:26:26.933,2026/07/25 10:26:26.918,2026/07/25 10:26:26.948,1,GPU-713d5b24-2a1e-fd4a-7685-c3d195ff9230,84.82,1410,1593,3,2,73511,38,P0,500.00,Not Active,Not Active,Not Active,Not Active
2026/07/25 10:26:27.183,2026/07/25 10:26:27.168,2026/07/25 10:26:27.198,0,GPU-c5d32af0-0857-3b36-6541-1a688a9ec165,94.00,1410,1593,37,6,73511,43,P0,500.00,Not Active,Not Active,Not Active,Not Active
2026/07/25 10:26:27.183,2026/07/25 10:26:27.168,2026/07/25 10:26:27.198,1,GPU-713d5b24-2a1e-fd4a-7685-c3d195ff9230,247.16,1410,1593,24,1,73511,40,P0,500.00,Not Active,Not Active,Not Active,Not Active
2026/07/25 10:26:27.431,2026/07/25 10:26:27.418,2026/07/25 10:26:27.445,0,GPU-c5d32af0-0857-3b36-6541-1a688a9ec165,91.88,1410,1593,0,0,73511,42,P0,500.00,Not Active,Not Active,Not Active,Not Active
2026/07/25 10:26:27.431,2026/07/25 10:26:27.418,2026/07/25 10:26:27.445,1,GPU-713d5b24-2a1e-fd4a-7685-c3d195ff9230,241.40,1410,1593,100,52,73511,42,P0,500.00,Not Active,Not Active,Not Active,Not Active
2026/07/25 10:26:27.682,2026/07/25 10:26:27.668,2026/07/25 10:26:27.695,0,GPU-c5d32af0-0857-3b36-6541-1a688a9ec165,91.28,1410,1593,0,0,73511,41,P0,500.00,Not Active,Not Active,Not Active,Not Active
2026/07/25 10:26:27.682,2026/07/25 10:26:27.668,2026/07/25 10:26:27.695,1,GPU-713d5b24-2a1e-fd4a-7685-c3d195ff9230,247.76,1410,1593,98,51,73511,43,P0,500.00,Not Active,Not Active,Not Active,Not Active
2026/07/25 10:26:27.959,2026/07/25 10:26:27.918,2026/07/25 10:26:27.999,0,GPU-c5d32af0-0857-3b36-6541-1a688a9ec165,93.40,1410,1593,0,0,73511,41,P0,500.00,Not Active,Not Active,Not Active,Not Active
2026/07/25 10:26:27.959,2026/07/25 10:26:27.918,2026/07/25 10:26:27.999,1,GPU-713d5b24-2a1e-fd4a-7685-c3d195ff9230,245.97,1410,1593,100,52,73511,43,P0,500.00,Not Active,Not Active,Not Active,Not Active
2026/07/25 10:26:28.183,2026/07/25 10:26:28.168,2026/07/25 10:26:28.197,0,GPU-c5d32af0-0857-3b36-6541-1a688a9ec165,90.63,1410,1593,0,0,73511,40,P0,500.00,Not Active,Not Active,Not Active,Not Active
2026/07/25 10:26:28.183,2026/07/25 10:26:28.168,2026/07/25 10:26:28.197,1,GPU-713d5b24-2a1e-fd4a-7685-c3d195ff9230,243.52,1410,1593,100,52,73511,43,P0,500.00,Not Active,Not Active,Not Active,Not Active
2026/07/25 10:26:28.461,2026/07/25 10:26:28.418,2026/07/25 10:26:28.503,0,GPU-c5d32af0-0857-3b36-6541-1a688a9ec165,386.42,1410,1593,0,0,73511,50,P0,500.00,Not Active,Not Active,Not Active,Not Active
2026/07/25 10:26:28.461,2026/07/25 10:26:28.418,2026/07/25 10:26:28.503,1,GPU-713d5b24-2a1e-fd4a-7685-c3d195ff9230,242.32,1410,1593,58,30,73511,41,P0,500.00,Not Active,Not Active,Not Active,Not Active
2026/07/25 10:26:28.682,2026/07/25 10:26:28.668,2026/07/25 10:26:28.696,0,GPU-c5d32af0-0857-3b36-6541-1a688a9ec165,371.37,1410,1593,94,17,73511,52,P0,500.00,Not Active,Not Active,Not Active,Not Active
2026/07/25 10:26:28.682,2026/07/25 10:26:28.668,2026/07/25 10:26:28.696,1,GPU-713d5b24-2a1e-fd4a-7685-c3d195ff9230,85.18,1410,1593,58,30,73511,38,P0,500.00,Not Active,Not Active,Not Active,Not Active
2026/07/25 10:26:28.933,2026/07/25 10:26:28.918,2026/07/25 10:26:28.949,0,GPU-c5d32af0-0857-3b36-6541-1a688a9ec165,101.57,1410,1593,78,10,73511,48,P0,500.00,Not Active,Not Active,Not Active,Not Active
2026/07/25 10:26:28.933,2026/07/25 10:26:28.918,2026/07/25 10:26:28.949,1,GPU-713d5b24-2a1e-fd4a-7685-c3d195ff9230,93.07,1410,1593,4,0,73511,37,P0,500.00,Not Active,Not Active,Not Active,Not Active
2026/07/25 10:26:29.182,2026/07/25 10:26:29.168,2026/07/25 10:26:29.195,0,GPU-c5d32af0-0857-3b36-6541-1a688a9ec165,92.48,1410,1593,0,0,73511,42,P0,500.00,Not Active,Not Active,Not Active,Not Active
2026/07/25 10:26:29.182,2026/07/25 10:26:29.168,2026/07/25 10:26:29.195,1,GPU-713d5b24-2a1e-fd4a-7685-c3d195ff9230,246.89,1410,1593,80,34,73511,41,P0,500.00,Not Active,Not Active,Not Active,Not Active
2026/07/25 10:26:29.432,2026/07/25 10:26:29.418,2026/07/25 10:26:29.446,0,GPU-c5d32af0-0857-3b36-6541-1a688a9ec165,91.28,1410,1593,0,0,73511,41,P0,500.00,Not Active,Not Active,Not Active,Not Active
2026/07/25 10:26:29.432,2026/07/25 10:26:29.418,2026/07/25 10:26:29.446,1,GPU-713d5b24-2a1e-fd4a-7685-c3d195ff9230,246.24,1410,1593,100,52,73511,42,P0,500.00,Not Active,Not Active,Not Active,Not Active
2026/07/25 10:26:29.682,2026/07/25 10:26:29.668,2026/07/25 10:26:29.697,0,GPU-c5d32af0-0857-3b36-6541-1a688a9ec165,90.95,1410,1593,0,0,73511,41,P0,500.00,Not Active,Not Active,Not Active,Not Active
2026/07/25 10:26:29.682,2026/07/25 10:26:29.668,2026/07/25 10:26:29.697,1,GPU-713d5b24-2a1e-fd4a-7685-c3d195ff9230,244.77,1410,1593,100,52,73511,43,P0,500.00,Not Active,Not Active,Not Active,Not Active
2026/07/25 10:26:29.934,2026/07/25 10:26:29.918,2026/07/25 10:26:29.951,0,GPU-c5d32af0-0857-3b36-6541-1a688a9ec165,90.63,1410,1593,0,0,73511,40,P0,500.00,Not Active,Not Active,Not Active,Not Active
2026/07/25 10:26:29.934,2026/07/25 10:26:29.918,2026/07/25 10:26:29.951,1,GPU-713d5b24-2a1e-fd4a-7685-c3d195ff9230,245.97,1410,1593,100,52,73511,43,P0,500.00,Not Active,Not Active,Not Active,Not Active
2026/07/25 10:26:30.182,2026/07/25 10:26:30.168,2026/07/25 10:26:30.197,0,GPU-c5d32af0-0857-3b36-6541-1a688a9ec165,90.63,1410,1593,0,0,73511,40,P0,500.00,Not Active,Not Active,Not Active,Not Active
2026/07/25 10:26:30.182,2026/07/25 10:26:30.168,2026/07/25 10:26:30.197,1,GPU-713d5b24-2a1e-fd4a-7685-c3d195ff9230,237.81,1410,1593,100,52,73511,43,P0,500.00,Not Active,Not Active,Not Active,Not Active
2026/07/25 10:26:30.459,2026/07/25 10:26:30.418,2026/07/25 10:26:30.500,0,GPU-c5d32af0-0857-3b36-6541-1a688a9ec165,385.82,1410,1593,8,2,73511,50,P0,500.00,Not Active,Not Active,Not Active,Not Active
2026/07/25 10:26:30.459,2026/07/25 10:26:30.418,2026/07/25 10:26:30.500,1,GPU-713d5b24-2a1e-fd4a-7685-c3d195ff9230,87.63,1410,1593,73,39,73511,40,P0,500.00,Not Active,Not Active,Not Active,Not Active
2026/07/25 10:26:30.684,2026/07/25 10:26:30.668,2026/07/25 10:26:30.699,0,GPU-c5d32af0-0857-3b36-6541-1a688a9ec165,374.63,1410,1593,100,18,73511,52,P0,500.00,Not Active,Not Active,Not Active,Not Active
2026/07/25 10:26:30.684,2026/07/25 10:26:30.668,2026/07/25 10:26:30.699,1,GPU-713d5b24-2a1e-fd4a-7685-c3d195ff9230,84.82,1410,1593,0,0,73511,39,P0,500.00,Not Active,Not Active,Not Active,Not Active
2026/07/25 10:26:30.934,2026/07/25 10:26:30.918,2026/07/25 10:26:30.949,0,GPU-c5d32af0-0857-3b36-6541-1a688a9ec165,93.31,1410,1593,25,4,73511,44,P0,500.00,Not Active,Not Active,Not Active,Not Active
2026/07/25 10:26:30.934,2026/07/25 10:26:30.918,2026/07/25 10:26:30.949,1,GPU-713d5b24-2a1e-fd4a-7685-c3d195ff9230,238.08,1410,1593,42,13,73511,41,P0,500.00,Not Active,Not Active,Not Active,Not Active
2026/07/25 10:26:31.184,2026/07/25 10:26:31.168,2026/07/25 10:26:31.199,0,GPU-c5d32af0-0857-3b36-6541-1a688a9ec165,91.55,1410,1593,0,0,73511,41,P0,500.00,Not Active,Not Active,Not Active,Not Active
2026/07/25 10:26:31.184,2026/07/25 10:26:31.168,2026/07/25 10:26:31.199,1,GPU-713d5b24-2a1e-fd4a-7685-c3d195ff9230,245.04,1410,1593,100,53,73511,42,P0,500.00,Not Active,Not Active,Not Active,Not Active
2026/07/25 10:26:31.434,2026/07/25 10:26:31.418,2026/07/25 10:26:31.451,0,GPU-c5d32af0-0857-3b36-6541-1a688a9ec165,90.86,1410,1593,0,0,73511,41,P0,500.00,Not Active,Not Active,Not Active,Not Active
2026/07/25 10:26:31.434,2026/07/25 10:26:31.418,2026/07/25 10:26:31.451,1,GPU-713d5b24-2a1e-fd4a-7685-c3d195ff9230,249.01,1410,1593,100,53,73511,43,P0,500.00,Not Active,Not Active,Not Active,Not Active
2026/07/25 10:26:31.684,2026/07/25 10:26:31.668,2026/07/25 10:26:31.699,0,GPU-c5d32af0-0857-3b36-6541-1a688a9ec165,90.63,1410,1593,0,0,73511,40,P0,500.00,Not Active,Not Active,Not Active,Not Active
2026/07/25 10:26:31.684,2026/07/25 10:26:31.668,2026/07/25 10:26:31.699,1,GPU-713d5b24-2a1e-fd4a-7685-c3d195ff9230,248.09,1410,1593,99,53,73511,43,P0,500.00,Not Active,Not Active,Not Active,Not Active
2026/07/25 10:26:31.933,2026/07/25 10:26:31.918,2026/07/25 10:26:31.949,0,GPU-c5d32af0-0857-3b36-6541-1a688a9ec165,90.35,1410,1593,0,0,73511,40,P0,500.00,Not Active,Not Active,Not Active,Not Active
2026/07/25 10:26:31.933,2026/07/25 10:26:31.918,2026/07/25 10:26:31.949,1,GPU-713d5b24-2a1e-fd4a-7685-c3d195ff9230,242.32,1410,1593,100,53,73511,43,P0,500.00,Not Active,Not Active,Not Active,Not Active
2026/07/25 10:26:32.182,2026/07/25 10:26:32.168,2026/07/25 10:26:32.197,0,GPU-c5d32af0-0857-3b36-6541-1a688a9ec165,90.35,1410,1593,0,0,73511,40,P0,500.00,Not Active,Not Active,Not Active,Not Active
2026/07/25 10:26:32.182,2026/07/25 10:26:32.168,2026/07/25 10:26:32.197,1,GPU-713d5b24-2a1e-fd4a-7685-c3d195ff9230,88.14,1410,1593,76,40,73511,40,P0,500.00,Not Active,Not Active,Not Active,Not Active
2026/07/25 10:26:32.432,2026/07/25 10:26:32.418,2026/07/25 10:26:32.447,0,GPU-c5d32af0-0857-3b36-6541-1a688a9ec165,379.26,1410,1593,13,3,73511,50,P0,500.00,Not Active,Not Active,Not Active,Not Active
2026/07/25 10:26:32.432,2026/07/25 10:26:32.418,2026/07/25 10:26:32.447,1,GPU-713d5b24-2a1e-fd4a-7685-c3d195ff9230,84.58,1410,1593,0,0,73511,38,P0,500.00,Not Active,Not Active,Not Active,Not Active
2026/07/25 10:26:32.712,2026/07/25 10:26:32.668,2026/07/25 10:26:32.757,0,GPU-c5d32af0-0857-3b36-6541-1a688a9ec165,382.58,1410,1593,100,14,73511,52,P0,500.00,Not Active,Not Active,Not Active,Not Active
2026/07/25 10:26:32.712,2026/07/25 10:26:32.668,2026/07/25 10:26:32.757,1,GPU-713d5b24-2a1e-fd4a-7685-c3d195ff9230,84.25,1410,1593,0,0,73511,37,P0,500.00,Not Active,Not Active,Not Active,Not Active
2026/07/25 10:26:32.935,2026/07/25 10:26:32.918,2026/07/25 10:26:32.953,0,GPU-c5d32af0-0857-3b36-6541-1a688a9ec165,211.42,1410,1593,100,13,73511,53,P0,500.00,Not Active,Not Active,Not Active,Not Active
2026/07/25 10:26:32.935,2026/07/25 10:26:32.918,2026/07/25 10:26:32.953,1,GPU-713d5b24-2a1e-fd4a-7685-c3d195ff9230,83.98,1410,1593,0,0,73511,37,P0,500.00,Not Active,Not Active,Not Active,Not Active
2026/07/25 10:26:33.182,2026/07/25 10:26:33.168,2026/07/25 10:26:33.196,0,GPU-c5d32af0-0857-3b36-6541-1a688a9ec165,93.07,1410,1593,4,1,73511,42,P0,500.00,Not Active,Not Active,Not Active,Not Active
2026/07/25 10:26:33.182,2026/07/25 10:26:33.168,2026/07/25 10:26:33.196,1,GPU-713d5b24-2a1e-fd4a-7685-c3d195ff9230,242.92,1410,1593,52,15,73511,41,P0,500.00,Not Active,Not Active,Not Active,Not Active
2026/07/25 10:26:33.432,2026/07/25 10:26:33.418,2026/07/25 10:26:33.446,0,GPU-c5d32af0-0857-3b36-6541-1a688a9ec165,91.45,1410,1593,0,0,73511,41,P0,500.00,Not Active,Not Active,Not Active,Not Active
2026/07/25 10:26:33.432,2026/07/25 10:26:33.418,2026/07/25 10:26:33.446,1,GPU-713d5b24-2a1e-fd4a-7685-c3d195ff9230,241.40,1410,1593,100,52,73511,42,P0,500.00,Not Active,Not Active,Not Active,Not Active
2026/07/25 10:26:33.682,2026/07/25 10:26:33.668,2026/07/25 10:26:33.696,0,GPU-c5d32af0-0857-3b36-6541-1a688a9ec165,90.95,1410,1593,0,0,73511,41,P0,500.00,Not Active,Not Active,Not Active,Not Active
2026/07/25 10:26:33.682,2026/07/25 10:26:33.668,2026/07/25 10:26:33.696,1,GPU-713d5b24-2a1e-fd4a-7685-c3d195ff9230,243.17,1410,1593,100,52,73511,43,P0,500.00,Not Active,Not Active,Not Active,Not Active
2026/07/25 10:26:33.933,2026/07/25 10:26:33.918,2026/07/25 10:26:33.949,0,GPU-c5d32af0-0857-3b36-6541-1a688a9ec165,90.95,1410,1593,0,0,73511,40,P0,500.00,Not Active,Not Active,Not Active,Not Active
2026/07/25 10:26:33.933,2026/07/25 10:26:33.918,2026/07/25 10:26:33.949,1,GPU-713d5b24-2a1e-fd4a-7685-c3d195ff9230,244.77,1410,1593,100,52,73511,43,P0,500.00,Not Active,Not Active,Not Active,Not Active
2026/07/25 10:26:34.183,2026/07/25 10:26:34.168,2026/07/25 10:26:34.199,0,GPU-c5d32af0-0857-3b36-6541-1a688a9ec165,90.63,1410,1593,0,0,73511,40,P0,500.00,Not Active,Not Active,Not Active,Not Active
2026/07/25 10:26:34.183,2026/07/25 10:26:34.168,2026/07/25 10:26:34.199,1,GPU-713d5b24-2a1e-fd4a-7685-c3d195ff9230,246.89,1410,1593,100,52,73511,43,P0,500.00,Not Active,Not Active,Not Active,Not Active
2026/07/25 10:26:34.433,2026/07/25 10:26:34.418,2026/07/25 10:26:34.449,0,GPU-c5d32af0-0857-3b36-6541-1a688a9ec165,382.51,1410,1593,15,3,73511,49,P0,500.00,Not Active,Not Active,Not Active,Not Active
2026/07/25 10:26:34.433,2026/07/25 10:26:34.418,2026/07/25 10:26:34.449,1,GPU-713d5b24-2a1e-fd4a-7685-c3d195ff9230,242.05,1410,1593,100,52,73511,43,P0,500.00,Not Active,Not Active,Not Active,Not Active
2026/07/25 10:26:34.682,2026/07/25 10:26:34.668,2026/07/25 10:26:34.697,0,GPU-c5d32af0-0857-3b36-6541-1a688a9ec165,386.75,1410,1593,100,17,73511,52,P0,500.00,Not Active,Not Active,Not Active,Not Active
2026/07/25 10:26:34.682,2026/07/25 10:26:34.668,2026/07/25 10:26:34.697,1,GPU-713d5b24-2a1e-fd4a-7685-c3d195ff9230,84.82,1410,1593,0,0,73511,39,P0,500.00,Not Active,Not Active,Not Active,Not Active
2026/07/25 10:26:34.934,2026/07/25 10:26:34.918,2026/07/25 10:26:34.951,0,GPU-c5d32af0-0857-3b36-6541-1a688a9ec165,218.39,1410,1593,100,14,73511,51,P0,500.00,Not Active,Not Active,Not Active,Not Active
2026/07/25 10:26:34.934,2026/07/25 10:26:34.918,2026/07/25 10:26:34.951,1,GPU-713d5b24-2a1e-fd4a-7685-c3d195ff9230,84.25,1410,1593,0,0,73511,37,P0,500.00,Not Active,Not Active,Not Active,Not Active
2026/07/25 10:26:35.185,2026/07/25 10:26:35.168,2026/07/25 10:26:35.202,0,GPU-c5d32af0-0857-3b36-6541-1a688a9ec165,92.75,1410,1593,5,1,73511,43,P0,500.00,Not Active,Not Active,Not Active,Not Active
2026/07/25 10:26:35.185,2026/07/25 10:26:35.168,2026/07/25 10:26:35.202,1,GPU-713d5b24-2a1e-fd4a-7685-c3d195ff9230,238.68,1410,1593,49,14,73511,40,P0,500.00,Not Active,Not Active,Not Active,Not Active
2026/07/25 10:26:35.434,2026/07/25 10:26:35.418,2026/07/25 10:26:35.450,0,GPU-c5d32af0-0857-3b36-6541-1a688a9ec165,91.55,1410,1593,0,0,73511,41,P0,500.00,Not Active,Not Active,Not Active,Not Active
2026/07/25 10:26:35.434,2026/07/25 10:26:35.418,2026/07/25 10:26:35.450,1,GPU-713d5b24-2a1e-fd4a-7685-c3d195ff9230,238.08,1410,1593,100,52,73511,42,P0,500.00,Not Active,Not Active,Not Active,Not Active
2026/07/25 10:26:35.685,2026/07/25 10:26:35.668,2026/07/25 10:26:35.703,0,GPU-c5d32af0-0857-3b36-6541-1a688a9ec165,90.86,1410,1593,0,0,73511,41,P0,500.00,Not Active,Not Active,Not Active,Not Active
2026/07/25 10:26:35.685,2026/07/25 10:26:35.668,2026/07/25 10:26:35.703,1,GPU-713d5b24-2a1e-fd4a-7685-c3d195ff9230,240.20,1410,1593,100,52,73511,43,P0,500.00,Not Active,Not Active,Not Active,Not Active
2026/07/25 10:26:35.933,2026/07/25 10:26:35.918,2026/07/25 10:26:35.947,0,GPU-c5d32af0-0857-3b36-6541-1a688a9ec165,90.63,1410,1593,0,0,73511,40,P0,500.00,Not Active,Not Active,Not Active,Not Active
2026/07/25 10:26:35.933,2026/07/25 10:26:35.918,2026/07/25 10:26:35.947,1,GPU-713d5b24-2a1e-fd4a-7685-c3d195ff9230,237.81,1410,1593,100,52,73511,43,P0,500.00,Not Active,Not Active,Not Active,Not Active
2026/07/25 10:26:36.183,2026/07/25 10:26:36.168,2026/07/25 10:26:36.197,0,GPU-c5d32af0-0857-3b36-6541-1a688a9ec165,90.95,1410,1593,0,0,73511,40,P0,500.00,Not Active,Not Active,Not Active,Not Active
2026/07/25 10:26:36.183,2026/07/25 10:26:36.168,2026/07/25 10:26:36.197,1,GPU-713d5b24-2a1e-fd4a-7685-c3d195ff9230,241.05,1410,1593,100,52,73511,43,P0,500.00,Not Active,Not Active,Not Active,Not Active
2026/07/25 10:26:36.433,2026/07/25 10:26:36.418,2026/07/25 10:26:36.448,0,GPU-c5d32af0-0857-3b36-6541-1a688a9ec165,386.42,1410,1593,22,4,73511,50,P0,500.00,Not Active,Not Active,Not Active,Not Active
2026/07/25 10:26:36.433,2026/07/25 10:26:36.418,2026/07/25 10:26:36.448,1,GPU-713d5b24-2a1e-fd4a-7685-c3d195ff9230,242.65,1410,1593,99,52,73511,43,P0,500.00,Not Active,Not Active,Not Active,Not Active
2026/07/25 10:26:36.682,2026/07/25 10:26:36.668,2026/07/25 10:26:36.696,0,GPU-c5d32af0-0857-3b36-6541-1a688a9ec165,379.19,1410,1593,100,17,73511,52,P0,500.00,Not Active,Not Active,Not Active,Not Active
2026/07/25 10:26:36.682,2026/07/25 10:26:36.668,2026/07/25 10:26:36.696,1,GPU-713d5b24-2a1e-fd4a-7685-c3d195ff9230,85.42,1410,1593,100,52,73511,39,P0,500.00,Not Active,Not Active,Not Active,Not Active
2026/07/25 10:26:36.932,2026/07/25 10:26:36.918,2026/07/25 10:26:36.946,0,GPU-c5d32af0-0857-3b36-6541-1a688a9ec165,145.25,1410,1593,49,6,73511,46,P0,500.00,Not Active,Not Active,Not Active,Not Active
2026/07/25 10:26:36.932,2026/07/25 10:26:36.918,2026/07/25 10:26:36.946,1,GPU-713d5b24-2a1e-fd4a-7685-c3d195ff9230,92.06,1410,1593,1,1,73511,38,P0,500.00,Not Active,Not Active,Not Active,Not Active
2026/07/25 10:26:37.184,2026/07/25 10:26:37.168,2026/07/25 10:26:37.199,0,GPU-c5d32af0-0857-3b36-6541-1a688a9ec165,92.15,1410,1593,0,0,73511,43,P0,500.00,Not Active,Not Active,Not Active,Not Active
2026/07/25 10:26:37.184,2026/07/25 10:26:37.168,2026/07/25 10:26:37.199,1,GPU-713d5b24-2a1e-fd4a-7685-c3d195ff9230,243.25,1410,1593,92,48,73511,42,P0,500.00,Not Active,Not Active,Not Active,Not Active
2026/07/25 10:26:37.433,2026/07/25 10:26:37.418,2026/07/25 10:26:37.449,0,GPU-c5d32af0-0857-3b36-6541-1a688a9ec165,91.18,1410,1593,0,0,73511,41,P0,500.00,Not Active,Not Active,Not Active,Not Active
2026/07/25 10:26:37.433,2026/07/25 10:26:37.418,2026/07/25 10:26:37.449,1,GPU-713d5b24-2a1e-fd4a-7685-c3d195ff9230,245.97,1410,1593,100,52,73511,43,P0,500.00,Not Active,Not Active,Not Active,Not Active
2026/07/25 10:26:37.682,2026/07/25 10:26:37.668,2026/07/25 10:26:37.696,0,GPU-c5d32af0-0857-3b36-6541-1a688a9ec165,90.86,1410,1593,0,0,73511,41,P0,500.00,Not Active,Not Active,Not Active,Not Active
2026/07/25 10:26:37.682,2026/07/25 10:26:37.668,2026/07/25 10:26:37.696,1,GPU-713d5b24-2a1e-fd4a-7685-c3d195ff9230,238.68,1410,1593,100,52,73511,43,P0,500.00,Not Active,Not Active,Not Active,Not Active
2026/07/25 10:26:37.933,2026/07/25 10:26:37.918,2026/07/25 10:26:37.947,0,GPU-c5d32af0-0857-3b36-6541-1a688a9ec165,90.86,1410,1593,0,0,73511,40,P0,500.00,Not Active,Not Active,Not Active,Not Active
2026/07/25 10:26:37.933,2026/07/25 10:26:37.918,2026/07/25 10:26:37.947,1,GPU-713d5b24-2a1e-fd4a-7685-c3d195ff9230,237.48,1410,1593,100,52,73511,43,P0,500.00,Not Active,Not Active,Not Active,Not Active
2026/07/25 10:26:38.182,2026/07/25 10:26:38.168,2026/07/25 10:26:38.196,0,GPU-c5d32af0-0857-3b36-6541-1a688a9ec165,90.86,1410,1593,0,0,73511,40,P0,500.00,Not Active,Not Active,Not Active,Not Active
2026/07/25 10:26:38.182,2026/07/25 10:26:38.168,2026/07/25 10:26:38.196,1,GPU-713d5b24-2a1e-fd4a-7685-c3d195ff9230,183.56,1410,1593,100,52,73511,44,P0,500.00,Not Active,Not Active,Not Active,Not Active
2026/07/25 10:26:38.432,2026/07/25 10:26:38.418,2026/07/25 10:26:38.447,0,GPU-c5d32af0-0857-3b36-6541-1a688a9ec165,389.47,1410,1593,32,6,73511,50,P0,500.00,Not Active,Not Active,Not Active,Not Active
2026/07/25 10:26:38.432,2026/07/25 10:26:38.418,2026/07/25 10:26:38.447,1,GPU-713d5b24-2a1e-fd4a-7685-c3d195ff9230,84.90,1410,1593,1,1,73511,38,P0,500.00,Not Active,Not Active,Not Active,Not Active
2026/07/25 10:26:38.684,2026/07/25 10:26:38.668,2026/07/25 10:26:38.700,0,GPU-c5d32af0-0857-3b36-6541-1a688a9ec165,374.95,1410,1593,100,17,73511,52,P0,500.00,Not Active,Not Active,Not Active,Not Active
2026/07/25 10:26:38.684,2026/07/25 10:26:38.668,2026/07/25 10:26:38.700,1,GPU-713d5b24-2a1e-fd4a-7685-c3d195ff9230,84.25,1410,1593,0,0,73511,38,P0,500.00,Not Active,Not Active,Not Active,Not Active
2026/07/25 10:26:38.950,2026/07/25 10:26:38.918,2026/07/25 10:26:38.981,0,GPU-c5d32af0-0857-3b36-6541-1a688a9ec165,377.74,1410,1593,100,13,73511,48,P0,500.00,Not Active,Not Active,Not Active,Not Active
2026/07/25 10:26:38.950,2026/07/25 10:26:38.918,2026/07/25 10:26:38.981,1,GPU-713d5b24-2a1e-fd4a-7685-c3d195ff9230,84.25,1410,1593,21,0,73511,37,P0,500.00,Not Active,Not Active,Not Active,Not Active
2026/07/25 10:26:39.186,2026/07/25 10:26:39.168,2026/07/25 10:26:39.203,0,GPU-c5d32af0-0857-3b36-6541-1a688a9ec165,92.48,1410,1593,0,0,73511,42,P0,500.00,Not Active,Not Active,Not Active,Not Active
2026/07/25 10:26:39.186,2026/07/25 10:26:39.168,2026/07/25 10:26:39.203,1,GPU-713d5b24-2a1e-fd4a-7685-c3d195ff9230,235.96,1410,1593,90,47,73511,41,P0,500.00,Not Active,Not Active,Not Active,Not Active
2026/07/25 10:26:39.434,2026/07/25 10:26:39.418,2026/07/25 10:26:39.449,0,GPU-c5d32af0-0857-3b36-6541-1a688a9ec165,91.55,1410,1593,0,0,73511,41,P0,500.00,Not Active,Not Active,Not Active,Not Active
2026/07/25 10:26:39.434,2026/07/25 10:26:39.418,2026/07/25 10:26:39.449,1,GPU-713d5b24-2a1e-fd4a-7685-c3d195ff9230,245.04,1410,1593,100,52,73511,42,P0,500.00,Not Active,Not Active,Not Active,Not Active
2026/07/25 10:26:39.684,2026/07/25 10:26:39.668,2026/07/25 10:26:39.700,0,GPU-c5d32af0-0857-3b36-6541-1a688a9ec165,91.28,1410,1593,0,0,73511,41,P0,500.00,Not Active,Not Active,Not Active,Not Active
2026/07/25 10:26:39.684,2026/07/25 10:26:39.668,2026/07/25 10:26:39.700,1,GPU-713d5b24-2a1e-fd4a-7685-c3d195ff9230,242.05,1410,1593,100,52,73511,43,P0,500.00,Not Active,Not Active,Not Active,Not Active
2026/07/25 10:26:39.934,2026/07/25 10:26:39.918,2026/07/25 10:26:39.950,0,GPU-c5d32af0-0857-3b36-6541-1a688a9ec165,90.86,1410,1593,0,0,73511,40,P0,500.00,Not Active,Not Active,Not Active,Not Active
2026/07/25 10:26:39.934,2026/07/25 10:26:39.918,2026/07/25 10:26:39.950,1,GPU-713d5b24-2a1e-fd4a-7685-c3d195ff9230,243.52,1410,1593,100,52,73511,43,P0,500.00,Not Active,Not Active,Not Active,Not Active
2026/07/25 10:26:40.184,2026/07/25 10:26:40.168,2026/07/25 10:26:40.200,0,GPU-c5d32af0-0857-3b36-6541-1a688a9ec165,90.95,1410,1593,0,0,73511,40,P0,500.00,Not Active,Not Active,Not Active,Not Active
2026/07/25 10:26:40.184,2026/07/25 10:26:40.168,2026/07/25 10:26:40.200,1,GPU-713d5b24-2a1e-fd4a-7685-c3d195ff9230,239.27,1410,1593,100,52,73511,43,P0,500.00,Not Active,Not Active,Not Active,Not Active
2026/07/25 10:26:40.433,2026/07/25 10:26:40.418,2026/07/25 10:26:40.449,0,GPU-c5d32af0-0857-3b36-6541-1a688a9ec165,389.74,1410,1593,38,7,73511,49,P0,500.00,Not Active,Not Active,Not Active,Not Active
2026/07/25 10:26:40.433,2026/07/25 10:26:40.418,2026/07/25 10:26:40.449,1,GPU-713d5b24-2a1e-fd4a-7685-c3d195ff9230,85.09,1410,1593,78,41,73511,40,P0,500.00,Not Active,Not Active,Not Active,Not Active
2026/07/25 10:26:40.683,2026/07/25 10:26:40.668,2026/07/25 10:26:40.699,0,GPU-c5d32af0-0857-3b36-6541-1a688a9ec165,372.18,1410,1593,100,17,73511,52,P0,500.00,Not Active,Not Active,Not Active,Not Active
2026/07/25 10:26:40.683,2026/07/25 10:26:40.668,2026/07/25 10:26:40.699,1,GPU-713d5b24-2a1e-fd4a-7685-c3d195ff9230,84.49,1410,1593,0,0,73511,38,P0,500.00,Not Active,Not Active,Not Active,Not Active
2026/07/25 10:26:40.949,2026/07/25 10:26:40.918,2026/07/25 10:26:40.980,0,GPU-c5d32af0-0857-3b36-6541-1a688a9ec165,92.75,1410,1593,80,12,73511,43,P0,500.00,Not Active,Not Active,Not Active,Not Active
2026/07/25 10:26:40.949,2026/07/25 10:26:40.918,2026/07/25 10:26:40.980,1,GPU-713d5b24-2a1e-fd4a-7685-c3d195ff9230,242.32,1410,1593,74,30,73511,41,P0,500.00,Not Active,Not Active,Not Active,Not Active
2026/07/25 10:26:41.183,2026/07/25 10:26:41.168,2026/07/25 10:26:41.198,0,GPU-c5d32af0-0857-3b36-6541-1a688a9ec165,91.88,1410,1593,0,0,73511,41,P0,500.00,Not Active,Not Active,Not Active,Not Active
2026/07/25 10:26:41.183,2026/07/25 10:26:41.168,2026/07/25 10:26:41.198,1,GPU-713d5b24-2a1e-fd4a-7685-c3d195ff9230,245.64,1410,1593,100,53,73511,42,P0,500.00,Not Active,Not Active,Not Active,Not Active
2026/07/25 10:26:41.434,2026/07/25 10:26:41.418,2026/07/25 10:26:41.450,0,GPU-c5d32af0-0857-3b36-6541-1a688a9ec165,90.95,1410,1593,0,0,73511,41,P0,500.00,Not Active,Not Active,Not Active,Not Active
2026/07/25 10:26:41.434,2026/07/25 10:26:41.418,2026/07/25 10:26:41.450,1,GPU-713d5b24-2a1e-fd4a-7685-c3d195ff9230,245.64,1410,1593,100,53,73511,43,P0,500.00,Not Active,Not Active,Not Active,Not Active
2026/07/25 10:26:41.684,2026/07/25 10:26:41.668,2026/07/25 10:26:41.699,0,GPU-c5d32af0-0857-3b36-6541-1a688a9ec165,90.95,1410,1593,0,0,73511,40,P0,500.00,Not Active,Not Active,Not Active,Not Active
2026/07/25 10:26:41.684,2026/07/25 10:26:41.668,2026/07/25 10:26:41.699,1,GPU-713d5b24-2a1e-fd4a-7685-c3d195ff9230,244.17,1410,1593,100,53,73511,43,P0,500.00,Not Active,Not Active,Not Active,Not Active
2026/07/25 10:26:41.933,2026/07/25 10:26:41.918,2026/07/25 10:26:41.949,0,GPU-c5d32af0-0857-3b36-6541-1a688a9ec165,90.63,1410,1593,0,0,73511,40,P0,500.00,Not Active,Not Active,Not Active,Not Active
2026/07/25 10:26:41.933,2026/07/25 10:26:41.918,2026/07/25 10:26:41.949,1,GPU-713d5b24-2a1e-fd4a-7685-c3d195ff9230,244.17,1410,1593,100,53,73511,44,P0,500.00,Not Active,Not Active,Not Active,Not Active
2026/07/25 10:26:42.182,2026/07/25 10:26:42.168,2026/07/25 10:26:42.196,0,GPU-c5d32af0-0857-3b36-6541-1a688a9ec165,90.63,1410,1593,0,0,73511,40,P0,500.00,Not Active,Not Active,Not Active,Not Active
2026/07/25 10:26:42.182,2026/07/25 10:26:42.168,2026/07/25 10:26:42.196,1,GPU-713d5b24-2a1e-fd4a-7685-c3d195ff9230,89.75,1410,1593,80,43,73511,42,P0,500.00,Not Active,Not Active,Not Active,Not Active
2026/07/25 10:26:42.435,2026/07/25 10:26:42.418,2026/07/25 10:26:42.451,0,GPU-c5d32af0-0857-3b36-6541-1a688a9ec165,391.58,1410,1593,43,8,73511,48,P0,500.00,Not Active,Not Active,Not Active,Not Active
2026/07/25 10:26:42.435,2026/07/25 10:26:42.418,2026/07/25 10:26:42.451,1,GPU-713d5b24-2a1e-fd4a-7685-c3d195ff9230,84.90,1410,1593,0,0,73511,38,P0,500.00,Not Active,Not Active,Not Active,Not Active
2026/07/25 10:26:42.685,2026/07/25 10:26:42.668,2026/07/25 10:26:42.701,0,GPU-c5d32af0-0857-3b36-6541-1a688a9ec165,379.47,1410,1593,100,16,73511,52,P0,500.00,Not Active,Not Active,Not Active,Not Active
2026/07/25 10:26:42.685,2026/07/25 10:26:42.668,2026/07/25 10:26:42.701,1,GPU-713d5b24-2a1e-fd4a-7685-c3d195ff9230,84.49,1410,1593,0,0,73511,37,P0,500.00,Not Active,Not Active,Not Active,Not Active
2026/07/25 10:26:42.943,2026/07/25 10:26:42.918,2026/07/25 10:26:42.968,0,GPU-c5d32af0-0857-3b36-6541-1a688a9ec165,379.86,1410,1593,100,11,73511,53,P0,500.00,Not Active,Not Active,Not Active,Not Active
2026/07/25 10:26:42.943,2026/07/25 10:26:42.918,2026/07/25 10:26:42.968,1,GPU-713d5b24-2a1e-fd4a-7685-c3d195ff9230,84.58,1410,1593,0,0,73511,37,P0,500.00,Not Active,Not Active,Not Active,Not Active
2026/07/25 10:26:43.189,2026/07/25 10:26:43.168,2026/07/25 10:26:43.211,0,GPU-c5d32af0-0857-3b36-6541-1a688a9ec165,101.84,1410,1593,100,11,73511,45,P0,500.00,Not Active,Not Active,Not Active,Not Active
2026/07/25 10:26:43.189,2026/07/25 10:26:43.168,2026/07/25 10:26:43.211,1,GPU-713d5b24-2a1e-fd4a-7685-c3d195ff9230,90.95,1410,1593,26,0,73511,37,P0,500.00,Not Active,Not Active,Not Active,Not Active
2026/07/25 10:26:43.433,2026/07/25 10:26:43.418,2026/07/25 10:26:43.448,0,GPU-c5d32af0-0857-3b36-6541-1a688a9ec165,91.88,1410,1593,0,0,73511,42,P0,500.00,Not Active,Not Active,Not Active,Not Active
2026/07/25 10:26:43.433,2026/07/25 10:26:43.418,2026/07/25 10:26:43.448,1,GPU-713d5b24-2a1e-fd4a-7685-c3d195ff9230,237.81,1410,1593,92,48,73511,41,P0,500.00,Not Active,Not Active,Not Active,Not Active
2026/07/25 10:26:43.681,2026/07/25 10:26:43.668,2026/07/25 10:26:43.694,0,GPU-c5d32af0-0857-3b36-6541-1a688a9ec165,91.55,1410,1593,0,0,73511,41,P0,500.00,Not Active,Not Active,Not Active,Not Active
2026/07/25 10:26:43.681,2026/07/25 10:26:43.668,2026/07/25 10:26:43.694,1,GPU-713d5b24-2a1e-fd4a-7685-c3d195ff9230,245.37,1410,1593,100,52,73511,42,P0,500.00,Not Active,Not Active,Not Active,Not Active
2026/07/25 10:26:43.933,2026/07/25 10:26:43.918,2026/07/25 10:26:43.948,0,GPU-c5d32af0-0857-3b36-6541-1a688a9ec165,90.95,1410,1593,0,0,73511,41,P0,500.00,Not Active,Not Active,Not Active,Not Active
2026/07/25 10:26:43.933,2026/07/25 10:26:43.918,2026/07/25 10:26:43.948,1,GPU-713d5b24-2a1e-fd4a-7685-c3d195ff9230,244.77,1410,1593,100,51,73511,43,P0,500.00,Not Active,Not Active,Not Active,Not Active
2026/07/25 10:26:44.184,2026/07/25 10:26:44.168,2026/07/25 10:26:44.199,0,GPU-c5d32af0-0857-3b36-6541-1a688a9ec165,90.53,1410,1593,0,0,73511,40,P0,500.00,Not Active,Not Active,Not Active,Not Active
2026/07/25 10:26:44.184,2026/07/25 10:26:44.168,2026/07/25 10:26:44.199,1,GPU-713d5b24-2a1e-fd4a-7685-c3d195ff9230,241.40,1410,1593,100,51,73511,43,P0,500.00,Not Active,Not Active,Not Active,Not Active
2026/07/25 10:26:44.435,2026/07/25 10:26:44.418,2026/07/25 10:26:44.452,0,GPU-c5d32af0-0857-3b36-6541-1a688a9ec165,387.34,1410,1593,53,10,73511,49,P0,500.00,Not Active,Not Active,Not Active,Not Active
2026/07/25 10:26:44.435,2026/07/25 10:26:44.418,2026/07/25 10:26:44.452,1,GPU-713d5b24-2a1e-fd4a-7685-c3d195ff9230,171.43,1410,1593,100,51,73511,43,P0,500.00,Not Active,Not Active,Not Active,Not Active
2026/07/25 10:26:44.682,2026/07/25 10:26:44.668,2026/07/25 10:26:44.696,0,GPU-c5d32af0-0857-3b36-6541-1a688a9ec165,368.27,1410,1593,100,16,73511,52,P0,500.00,Not Active,Not Active,Not Active,Not Active
2026/07/25 10:26:44.682,2026/07/25 10:26:44.668,2026/07/25 10:26:44.696,1,GPU-713d5b24-2a1e-fd4a-7685-c3d195ff9230,84.82,1410,1593,50,26,73511,38,P0,500.00,Not Active,Not Active,Not Active,Not Active
2026/07/25 10:26:44.933,2026/07/25 10:26:44.918,2026/07/25 10:26:44.948,0,GPU-c5d32af0-0857-3b36-6541-1a688a9ec165,142.53,1410,1593,99,13,73511,45,P0,500.00,Not Active,Not Active,Not Active,Not Active
2026/07/25 10:26:44.933,2026/07/25 10:26:44.918,2026/07/25 10:26:44.948,1,GPU-713d5b24-2a1e-fd4a-7685-c3d195ff9230,242.65,1410,1593,0,0,73511,39,P0,500.00,Not Active,Not Active,Not Active,Not Active
2026/07/25 10:26:45.182,2026/07/25 10:26:45.168,2026/07/25 10:26:45.195,0,GPU-c5d32af0-0857-3b36-6541-1a688a9ec165,91.79,1410,1593,0,0,73511,42,P0,500.00,Not Active,Not Active,Not Active,Not Active
2026/07/25 10:26:45.182,2026/07/25 10:26:45.168,2026/07/25 10:26:45.195,1,GPU-713d5b24-2a1e-fd4a-7685-c3d195ff9230,248.10,1410,1593,100,53,73511,42,P0,500.00,Not Active,Not Active,Not Active,Not Active
2026/07/25 10:26:45.434,2026/07/25 10:26:45.418,2026/07/25 10:26:45.450,0,GPU-c5d32af0-0857-3b36-6541-1a688a9ec165,91.55,1410,1593,0,0,73511,41,P0,500.00,Not Active,Not Active,Not Active,Not Active
2026/07/25 10:26:45.434,2026/07/25 10:26:45.418,2026/07/25 10:26:45.450,1,GPU-713d5b24-2a1e-fd4a-7685-c3d195ff9230,242.92,1410,1593,100,52,73511,43,P0,500.00,Not Active,Not Active,Not Active,Not Active
2026/07/25 10:26:45.684,2026/07/25 10:26:45.668,2026/07/25 10:26:45.700,0,GPU-c5d32af0-0857-3b36-6541-1a688a9ec165,90.86,1410,1593,0,0,73511,41,P0,500.00,Not Active,Not Active,Not Active,Not Active
2026/07/25 10:26:45.684,2026/07/25 10:26:45.668,2026/07/25 10:26:45.700,1,GPU-713d5b24-2a1e-fd4a-7685-c3d195ff9230,240.55,1410,1593,100,52,73511,43,P0,500.00,Not Active,Not Active,Not Active,Not Active
2026/07/25 10:26:45.932,2026/07/25 10:26:45.918,2026/07/25 10:26:45.946,0,GPU-c5d32af0-0857-3b36-6541-1a688a9ec165,90.63,1410,1593,0,0,73511,40,P0,500.00,Not Active,Not Active,Not Active,Not Active
2026/07/25 10:26:45.932,2026/07/25 10:26:45.918,2026/07/25 10:26:45.946,1,GPU-713d5b24-2a1e-fd4a-7685-c3d195ff9230,111.86,1410,1593,100,53,73511,41,P0,500.00,Not Active,Not Active,Not Active,Not Active
2026/07/25 10:26:46.182,2026/07/25 10:26:46.168,2026/07/25 10:26:46.195,0,GPU-c5d32af0-0857-3b36-6541-1a688a9ec165,90.63,1410,1593,0,0,73511,40,P0,500.00,Not Active,Not Active,Not Active,Not Active
2026/07/25 10:26:46.182,2026/07/25 10:26:46.168,2026/07/25 10:26:46.195,1,GPU-713d5b24-2a1e-fd4a-7685-c3d195ff9230,84.49,1410,1593,0,0,73511,38,P0,500.00,Not Active,Not Active,Not Active,Not Active
2026/07/25 10:26:46.432,2026/07/25 10:26:46.418,2026/07/25 10:26:46.446,0,GPU-c5d32af0-0857-3b36-6541-1a688a9ec165,383.11,1410,1593,57,11,73511,50,P0,500.00,Not Active,Not Active,Not Active,Not Active
2026/07/25 10:26:46.432,2026/07/25 10:26:46.418,2026/07/25 10:26:46.446,1,GPU-713d5b24-2a1e-fd4a-7685-c3d195ff9230,84.17,1410,1593,0,0,73511,37,P0,500.00,Not Active,Not Active,Not Active,Not Active
2026/07/25 10:26:46.683,2026/07/25 10:26:46.668,2026/07/25 10:26:46.698,0,GPU-c5d32af0-0857-3b36-6541-1a688a9ec165,381.91,1410,1593,100,15,73511,52,P0,500.00,Not Active,Not Active,Not Active,Not Active
2026/07/25 10:26:46.683,2026/07/25 10:26:46.668,2026/07/25 10:26:46.698,1,GPU-713d5b24-2a1e-fd4a-7685-c3d195ff9230,84.17,1410,1593,0,0,73511,37,P0,500.00,Not Active,Not Active,Not Active,Not Active
2026/07/25 10:26:46.932,2026/07/25 10:26:46.918,2026/07/25 10:26:46.947,0,GPU-c5d32af0-0857-3b36-6541-1a688a9ec165,116.11,1410,1593,100,13,73511,50,P0,500.00,Not Active,Not Active,Not Active,Not Active
2026/07/25 10:26:46.932,2026/07/25 10:26:46.918,2026/07/25 10:26:46.947,1,GPU-713d5b24-2a1e-fd4a-7685-c3d195ff9230,83.89,1410,1593,0,0,73511,37,P0,500.00,Not Active,Not Active,Not Active,Not Active
2026/07/25 10:26:47.184,2026/07/25 10:26:47.168,2026/07/25 10:26:47.199,0,GPU-c5d32af0-0857-3b36-6541-1a688a9ec165,92.48,1410,1593,0,0,73511,43,P0,500.00,Not Active,Not Active,Not Active,Not Active
2026/07/25 10:26:47.184,2026/07/25 10:26:47.168,2026/07/25 10:26:47.199,1,GPU-713d5b24-2a1e-fd4a-7685-c3d195ff9230,246.89,1410,1593,19,0,73511,40,P0,500.00,Not Active,Not Active,Not Active,Not Active
2026/07/25 10:26:47.432,2026/07/25 10:26:47.418,2026/07/25 10:26:47.447,0,GPU-c5d32af0-0857-3b36-6541-1a688a9ec165,91.45,1410,1593,0,0,73511,41,P0,500.00,Not Active,Not Active,Not Active,Not Active
2026/07/25 10:26:47.432,2026/07/25 10:26:47.418,2026/07/25 10:26:47.447,1,GPU-713d5b24-2a1e-fd4a-7685-c3d195ff9230,240.20,1410,1593,100,52,73511,42,P0,500.00,Not Active,Not Active,Not Active,Not Active
2026/07/25 10:26:47.682,2026/07/25 10:26:47.668,2026/07/25 10:26:47.696,0,GPU-c5d32af0-0857-3b36-6541-1a688a9ec165,90.95,1410,1593,0,0,73511,41,P0,500.00,Not Active,Not Active,Not Active,Not Active
2026/07/25 10:26:47.682,2026/07/25 10:26:47.668,2026/07/25 10:26:47.696,1,GPU-713d5b24-2a1e-fd4a-7685-c3d195ff9230,249.61,1410,1593,100,52,73511,42,P0,500.00,Not Active,Not Active,Not Active,Not Active
2026/07/25 10:26:47.934,2026/07/25 10:26:47.918,2026/07/25 10:26:47.950,0,GPU-c5d32af0-0857-3b36-6541-1a688a9ec165,90.95,1410,1593,0,0,73511,40,P0,500.00,Not Active,Not Active,Not Active,Not Active
2026/07/25 10:26:47.934,2026/07/25 10:26:47.918,2026/07/25 10:26:47.950,1,GPU-713d5b24-2a1e-fd4a-7685-c3d195ff9230,248.69,1410,1593,100,52,73511,43,P0,500.00,Not Active,Not Active,Not Active,Not Active
2026/07/25 10:26:48.183,2026/07/25 10:26:48.168,2026/07/25 10:26:48.199,0,GPU-c5d32af0-0857-3b36-6541-1a688a9ec165,90.63,1410,1593,0,0,73511,40,P0,500.00,Not Active,Not Active,Not Active,Not Active
2026/07/25 10:26:48.183,2026/07/25 10:26:48.168,2026/07/25 10:26:48.199,1,GPU-713d5b24-2a1e-fd4a-7685-c3d195ff9230,243.84,1410,1593,80,42,73511,40,P0,500.00,Not Active,Not Active,Not Active,Not Active
2026/07/25 10:26:48.436,2026/07/25 10:26:48.418,2026/07/25 10:26:48.453,0,GPU-c5d32af0-0857-3b36-6541-1a688a9ec165,385.02,1410,1593,69,13,73511,47,P0,500.00,Not Active,Not Active,Not Active,Not Active
2026/07/25 10:26:48.436,2026/07/25 10:26:48.418,2026/07/25 10:26:48.453,1,GPU-713d5b24-2a1e-fd4a-7685-c3d195ff9230,84.58,1410,1593,0,0,73511,38,P0,500.00,Not Active,Not Active,Not Active,Not Active
2026/07/25 10:26:48.683,2026/07/25 10:26:48.668,2026/07/25 10:26:48.697,0,GPU-c5d32af0-0857-3b36-6541-1a688a9ec165,376.42,1410,1593,100,15,73511,52,P0,500.00,Not Active,Not Active,Not Active,Not Active
2026/07/25 10:26:48.683,2026/07/25 10:26:48.668,2026/07/25 10:26:48.697,1,GPU-713d5b24-2a1e-fd4a-7685-c3d195ff9230,84.17,1410,1593,0,0,73511,37,P0,500.00,Not Active,Not Active,Not Active,Not Active
2026/07/25 10:26:48.933,2026/07/25 10:26:48.918,2026/07/25 10:26:48.949,0,GPU-c5d32af0-0857-3b36-6541-1a688a9ec165,92.75,1410,1593,68,10,73511,44,P0,500.00,Not Active,Not Active,Not Active,Not Active
2026/07/25 10:26:48.933,2026/07/25 10:26:48.918,2026/07/25 10:26:48.949,1,GPU-713d5b24-2a1e-fd4a-7685-c3d195ff9230,219.58,1410,1593,0,0,73511,39,P0,500.00,Not Active,Not Active,Not Active,Not Active
2026/07/25 10:26:49.182,2026/07/25 10:26:49.168,2026/07/25 10:26:49.196,0,GPU-c5d32af0-0857-3b36-6541-1a688a9ec165,91.55,1410,1593,0,0,73511,42,P0,500.00,Not Active,Not Active,Not Active,Not Active
2026/07/25 10:26:49.182,2026/07/25 10:26:49.168,2026/07/25 10:26:49.196,1,GPU-713d5b24-2a1e-fd4a-7685-c3d195ff9230,244.44,1410,1593,100,53,73511,42,P0,500.00,Not Active,Not Active,Not Active,Not Active
2026/07/25 10:26:49.432,2026/07/25 10:26:49.418,2026/07/25 10:26:49.446,0,GPU-c5d32af0-0857-3b36-6541-1a688a9ec165,91.18,1410,1593,0,0,73511,41,P0,500.00,Not Active,Not Active,Not Active,Not Active
2026/07/25 10:26:49.432,2026/07/25 10:26:49.418,2026/07/25 10:26:49.446,1,GPU-713d5b24-2a1e-fd4a-7685-c3d195ff9230,246.64,1410,1593,100,53,73511,42,P0,500.00,Not Active,Not Active,Not Active,Not Active
2026/07/25 10:26:49.683,2026/07/25 10:26:49.668,2026/07/25 10:26:49.698,0,GPU-c5d32af0-0857-3b36-6541-1a688a9ec165,90.95,1410,1593,0,0,73511,41,P0,500.00,Not Active,Not Active,Not Active,Not Active
2026/07/25 10:26:49.683,2026/07/25 10:26:49.668,2026/07/25 10:26:49.698,1,GPU-713d5b24-2a1e-fd4a-7685-c3d195ff9230,246.56,1410,1593,100,53,73511,43,P0,500.00,Not Active,Not Active,Not Active,Not Active
2026/07/25 10:26:49.933,2026/07/25 10:26:49.918,2026/07/25 10:26:49.947,0,GPU-c5d32af0-0857-3b36-6541-1a688a9ec165,90.63,1410,1593,0,0,73511,40,P0,500.00,Not Active,Not Active,Not Active,Not Active
2026/07/25 10:26:49.933,2026/07/25 10:26:49.918,2026/07/25 10:26:49.947,1,GPU-713d5b24-2a1e-fd4a-7685-c3d195ff9230,242.32,1410,1593,100,53,73511,43,P0,500.00,Not Active,Not Active,Not Active,Not Active
2026/07/25 10:26:50.183,2026/07/25 10:26:50.168,2026/07/25 10:26:50.198,0,GPU-c5d32af0-0857-3b36-6541-1a688a9ec165,90.95,1410,1593,0,0,73511,40,P0,500.00,Not Active,Not Active,Not Active,Not Active
2026/07/25 10:26:50.183,2026/07/25 10:26:50.168,2026/07/25 10:26:50.198,1,GPU-713d5b24-2a1e-fd4a-7685-c3d195ff9230,244.77,1410,1593,100,53,73511,43,P0,500.00,Not Active,Not Active,Not Active,Not Active
2026/07/25 10:26:50.435,2026/07/25 10:26:50.418,2026/07/25 10:26:50.453,0,GPU-c5d32af0-0857-3b36-6541-1a688a9ec165,392.51,1410,1593,75,14,73511,50,P0,500.00,Not Active,Not Active,Not Active,Not Active
2026/07/25 10:26:50.435,2026/07/25 10:26:50.418,2026/07/25 10:26:50.453,1,GPU-713d5b24-2a1e-fd4a-7685-c3d195ff9230,85.69,1410,1593,60,32,73511,39,P0,500.00,Not Active,Not Active,Not Active,Not Active
2026/07/25 10:26:50.683,2026/07/25 10:26:50.668,2026/07/25 10:26:50.698,0,GPU-c5d32af0-0857-3b36-6541-1a688a9ec165,376.75,1410,1593,100,15,73511,52,P0,500.00,Not Active,Not Active,Not Active,Not Active
2026/07/25 10:26:50.683,2026/07/25 10:26:50.668,2026/07/25 10:26:50.698,1,GPU-713d5b24-2a1e-fd4a-7685-c3d195ff9230,84.49,1410,1593,0,0,73511,38,P0,500.00,Not Active,Not Active,Not Active,Not Active
2026/07/25 10:26:50.933,2026/07/25 10:26:50.918,2026/07/25 10:26:50.947,0,GPU-c5d32af0-0857-3b36-6541-1a688a9ec165,93.90,1410,1593,97,13,73511,44,P0,500.00,Not Active,Not Active,Not Active,Not Active
2026/07/25 10:26:50.933,2026/07/25 10:26:50.918,2026/07/25 10:26:50.947,1,GPU-713d5b24-2a1e-fd4a-7685-c3d195ff9230,96.30,1410,1593,0,0,73511,38,P0,500.00,Not Active,Not Active,Not Active,Not Active
2026/07/25 10:26:51.192,2026/07/25 10:26:51.168,2026/07/25 10:26:51.217,0,GPU-c5d32af0-0857-3b36-6541-1a688a9ec165,91.79,1410,1593,0,0,73511,42,P0,500.00,Not Active,Not Active,Not Active,Not Active
2026/07/25 10:26:51.192,2026/07/25 10:26:51.168,2026/07/25 10:26:51.217,1,GPU-713d5b24-2a1e-fd4a-7685-c3d195ff9230,247.16,1410,1593,49,15,73511,41,P0,500.00,Not Active,Not Active,Not Active,Not Active
2026/07/25 10:26:51.432,2026/07/25 10:26:51.418,2026/07/25 10:26:51.447,0,GPU-c5d32af0-0857-3b36-6541-1a688a9ec165,91.18,1410,1593,0,0,73511,41,P0,500.00,Not Active,Not Active,Not Active,Not Active
2026/07/25 10:26:51.432,2026/07/25 10:26:51.418,2026/07/25 10:26:51.447,1,GPU-713d5b24-2a1e-fd4a-7685-c3d195ff9230,239.60,1410,1593,100,52,73511,42,P0,500.00,Not Active,Not Active,Not Active,Not Active
2026/07/25 10:26:51.683,2026/07/25 10:26:51.668,2026/07/25 10:26:51.699,0,GPU-c5d32af0-0857-3b36-6541-1a688a9ec165,90.95,1410,1593,0,0,73511,41,P0,500.00,Not Active,Not Active,Not Active,Not Active
2026/07/25 10:26:51.683,2026/07/25 10:26:51.668,2026/07/25 10:26:51.699,1,GPU-713d5b24-2a1e-fd4a-7685-c3d195ff9230,246.56,1410,1593,100,52,73511,43,P0,500.00,Not Active,Not Active,Not Active,Not Active
2026/07/25 10:26:51.933,2026/07/25 10:26:51.918,2026/07/25 10:26:51.948,0,GPU-c5d32af0-0857-3b36-6541-1a688a9ec165,90.95,1410,1593,0,0,73511,40,P0,500.00,Not Active,Not Active,Not Active,Not Active
2026/07/25 10:26:51.933,2026/07/25 10:26:51.918,2026/07/25 10:26:51.948,1,GPU-713d5b24-2a1e-fd4a-7685-c3d195ff9230,240.53,1410,1593,100,52,73511,43,P0,500.00,Not Active,Not Active,Not Active,Not Active
2026/07/25 10:26:52.182,2026/07/25 10:26:52.168,2026/07/25 10:26:52.197,0,GPU-c5d32af0-0857-3b36-6541-1a688a9ec165,90.95,1410,1593,0,0,73511,40,P0,500.00,Not Active,Not Active,Not Active,Not Active
2026/07/25 10:26:52.182,2026/07/25 10:26:52.168,2026/07/25 10:26:52.197,1,GPU-713d5b24-2a1e-fd4a-7685-c3d195ff9230,249.88,1410,1593,100,52,73511,42,P0,500.00,Not Active,Not Active,Not Active,Not Active
2026/07/25 10:26:52.438,2026/07/25 10:26:52.418,2026/07/25 10:26:52.458,0,GPU-c5d32af0-0857-3b36-6541-1a688a9ec165,389.14,1410,1593,82,15,73511,50,P0,500.00,Not Active,Not Active,Not Active,Not Active
2026/07/25 10:26:52.438,2026/07/25 10:26:52.418,2026/07/25 10:26:52.458,1,GPU-713d5b24-2a1e-fd4a-7685-c3d195ff9230,84.90,1410,1593,96,50,73511,39,P0,500.00,Not Active,Not Active,Not Active,Not Active
2026/07/25 10:26:52.683,2026/07/25 10:26:52.668,2026/07/25 10:26:52.697,0,GPU-c5d32af0-0857-3b36-6541-1a688a9ec165,378.66,1410,1593,100,15,73511,52,P0,500.00,Not Active,Not Active,Not Active,Not Active
2026/07/25 10:26:52.683,2026/07/25 10:26:52.668,2026/07/25 10:26:52.697,1,GPU-713d5b24-2a1e-fd4a-7685-c3d195ff9230,84.49,1410,1593,0,0,73511,37,P0,500.00,Not Active,Not Active,Not Active,Not Active
2026/07/25 10:26:52.934,2026/07/25 10:26:52.918,2026/07/25 10:26:52.949,0,GPU-c5d32af0-0857-3b36-6541-1a688a9ec165,101.74,1410,1593,100,13,73511,53,P0,500.00,Not Active,Not Active,Not Active,Not Active
2026/07/25 10:26:52.934,2026/07/25 10:26:52.918,2026/07/25 10:26:52.949,1,GPU-713d5b24-2a1e-fd4a-7685-c3d195ff9230,84.25,1410,1593,0,0,73511,37,P0,500.00,Not Active,Not Active,Not Active,Not Active
2026/07/25 10:26:53.186,2026/07/25 10:26:53.168,2026/07/25 10:26:53.204,0,GPU-c5d32af0-0857-3b36-6541-1a688a9ec165,92.06,1410,1593,22,4,73511,43,P0,500.00,Not Active,Not Active,Not Active,Not Active
2026/07/25 10:26:53.186,2026/07/25 10:26:53.168,2026/07/25 10:26:53.204,1,GPU-713d5b24-2a1e-fd4a-7685-c3d195ff9230,246.24,1410,1593,96,50,73511,41,P0,500.00,Not Active,Not Active,Not Active,Not Active
2026/07/25 10:26:53.432,2026/07/25 10:26:53.418,2026/07/25 10:26:53.447,0,GPU-c5d32af0-0857-3b36-6541-1a688a9ec165,91.88,1410,1593,0,0,73511,41,P0,500.00,Not Active,Not Active,Not Active,Not Active
2026/07/25 10:26:53.432,2026/07/25 10:26:53.418,2026/07/25 10:26:53.447,1,GPU-713d5b24-2a1e-fd4a-7685-c3d195ff9230,244.77,1410,1593,100,52,73511,42,P0,500.00,Not Active,Not Active,Not Active,Not Active
2026/07/25 10:26:53.683,2026/07/25 10:26:53.668,2026/07/25 10:26:53.699,0,GPU-c5d32af0-0857-3b36-6541-1a688a9ec165,91.18,1410,1593,0,0,73511,41,P0,500.00,Not Active,Not Active,Not Active,Not Active
2026/07/25 10:26:53.683,2026/07/25 10:26:53.668,2026/07/25 10:26:53.699,1,GPU-713d5b24-2a1e-fd4a-7685-c3d195ff9230,245.71,1410,1593,100,52,73511,42,P0,500.00,Not Active,Not Active,Not Active,Not Active
2026/07/25 10:26:53.934,2026/07/25 10:26:53.918,2026/07/25 10:26:53.950,0,GPU-c5d32af0-0857-3b36-6541-1a688a9ec165,90.86,1410,1593,0,0,73511,40,P0,500.00,Not Active,Not Active,Not Active,Not Active
2026/07/25 10:26:53.934,2026/07/25 10:26:53.918,2026/07/25 10:26:53.950,1,GPU-713d5b24-2a1e-fd4a-7685-c3d195ff9230,244.79,1410,1593,100,52,73511,43,P0,500.00,Not Active,Not Active,Not Active,Not Active
2026/07/25 10:26:54.182,2026/07/25 10:26:54.168,2026/07/25 10:26:54.197,0,GPU-c5d32af0-0857-3b36-6541-1a688a9ec165,90.53,1410,1593,0,0,73511,40,P0,500.00,Not Active,Not Active,Not Active,Not Active
2026/07/25 10:26:54.182,2026/07/25 10:26:54.168,2026/07/25 10:26:54.197,1,GPU-713d5b24-2a1e-fd4a-7685-c3d195ff9230,85.09,1410,1593,43,23,73511,41,P0,500.00,Not Active,Not Active,Not Active,Not Active
2026/07/25 10:26:54.436,2026/07/25 10:26:54.418,2026/07/25 10:26:54.455,0,GPU-c5d32af0-0857-3b36-6541-1a688a9ec165,392.37,1410,1593,85,16,73511,48,P0,500.00,Not Active,Not Active,Not Active,Not Active
2026/07/25 10:26:54.436,2026/07/25 10:26:54.418,2026/07/25 10:26:54.455,1,GPU-713d5b24-2a1e-fd4a-7685-c3d195ff9230,84.82,1410,1593,0,0,73511,38,P0,500.00,Not Active,Not Active,Not Active,Not Active
2026/07/25 10:26:54.682,2026/07/25 10:26:54.668,2026/07/25 10:26:54.696,0,GPU-c5d32af0-0857-3b36-6541-1a688a9ec165,373.11,1410,1593,100,14,73511,52,P0,500.00,Not Active,Not Active,Not Active,Not Active
2026/07/25 10:26:54.682,2026/07/25 10:26:54.668,2026/07/25 10:26:54.696,1,GPU-713d5b24-2a1e-fd4a-7685-c3d195ff9230,84.08,1410,1593,0,0,73511,37,P0,500.00,Not Active,Not Active,Not Active,Not Active
2026/07/25 10:26:54.933,2026/07/25 10:26:54.918,2026/07/25 10:26:54.947,0,GPU-c5d32af0-0857-3b36-6541-1a688a9ec165,362.51,1410,1593,100,13,73511,53,P0,500.00,Not Active,Not Active,Not Active,Not Active
2026/07/25 10:26:54.933,2026/07/25 10:26:54.918,2026/07/25 10:26:54.947,1,GPU-713d5b24-2a1e-fd4a-7685-c3d195ff9230,83.81,1410,1593,0,0,73511,36,P0,500.00,Not Active,Not Active,Not Active,Not Active
2026/07/25 10:26:55.183,2026/07/25 10:26:55.168,2026/07/25 10:26:55.199,0,GPU-c5d32af0-0857-3b36-6541-1a688a9ec165,101.47,1410,1593,65,7,73511,44,P0,500.00,Not Active,Not Active,Not Active,Not Active
2026/07/25 10:26:55.183,2026/07/25 10:26:55.168,2026/07/25 10:26:55.199,1,GPU-713d5b24-2a1e-fd4a-7685-c3d195ff9230,90.53,1410,1593,0,0,73511,37,P0,500.00,Not Active,Not Active,Not Active,Not Active
2026/07/25 10:26:55.432,2026/07/25 10:26:55.418,2026/07/25 10:26:55.447,0,GPU-c5d32af0-0857-3b36-6541-1a688a9ec165,92.06,1410,1593,0,0,73511,42,P0,500.00,Not Active,Not Active,Not Active,Not Active
2026/07/25 10:26:55.432,2026/07/25 10:26:55.418,2026/07/25 10:26:55.447,1,GPU-713d5b24-2a1e-fd4a-7685-c3d195ff9230,245.71,1410,1593,100,52,73511,41,P0,500.00,Not Active,Not Active,Not Active,Not Active
2026/07/25 10:26:55.682,2026/07/25 10:26:55.668,2026/07/25 10:26:55.697,0,GPU-c5d32af0-0857-3b36-6541-1a688a9ec165,91.36,1410,1593,0,0,73511,41,P0,500.00,Not Active,Not Active,Not Active,Not Active
2026/07/25 10:26:55.682,2026/07/25 10:26:55.668,2026/07/25 10:26:55.697,1,GPU-713d5b24-2a1e-fd4a-7685-c3d195ff9230,239.68,1410,1593,100,52,73511,42,P0,500.00,Not Active,Not Active,Not Active,Not Active
2026/07/25 10:26:55.934,2026/07/25 10:26:55.918,2026/07/25 10:26:55.950,0,GPU-c5d32af0-0857-3b36-6541-1a688a9ec165,91.18,1410,1593,0,0,73511,41,P0,500.00,Not Active,Not Active,Not Active,Not Active
2026/07/25 10:26:55.934,2026/07/25 10:26:55.918,2026/07/25 10:26:55.950,1,GPU-713d5b24-2a1e-fd4a-7685-c3d195ff9230,244.19,1410,1593,100,52,73511,42,P0,500.00,Not Active,Not Active,Not Active,Not Active
2026/07/25 10:26:56.183,2026/07/25 10:26:56.168,2026/07/25 10:26:56.197,0,GPU-c5d32af0-0857-3b36-6541-1a688a9ec165,90.86,1410,1593,0,0,73511,40,P0,500.00,Not Active,Not Active,Not Active,Not Active
2026/07/25 10:26:56.183,2026/07/25 10:26:56.168,2026/07/25 10:26:56.197,1,GPU-713d5b24-2a1e-fd4a-7685-c3d195ff9230,241.47,1410,1593,100,52,73511,43,P0,500.00,Not Active,Not Active,Not Active,Not Active
2026/07/25 10:26:56.459,2026/07/25 10:26:56.418,2026/07/25 10:26:56.500,0,GPU-c5d32af0-0857-3b36-6541-1a688a9ec165,385.10,1410,1593,0,0,73511,49,P0,500.00,Not Active,Not Active,Not Active,Not Active
2026/07/25 10:26:56.459,2026/07/25 10:26:56.418,2026/07/25 10:26:56.500,1,GPU-713d5b24-2a1e-fd4a-7685-c3d195ff9230,86.61,1410,1593,71,37,73511,39,P0,500.00,Not Active,Not Active,Not Active,Not Active
2026/07/25 10:26:56.683,2026/07/25 10:26:56.668,2026/07/25 10:26:56.698,0,GPU-c5d32af0-0857-3b36-6541-1a688a9ec165,375.76,1410,1593,96,17,73511,52,P0,500.00,Not Active,Not Active,Not Active,Not Active
2026/07/25 10:26:56.683,2026/07/25 10:26:56.668,2026/07/25 10:26:56.698,1,GPU-713d5b24-2a1e-fd4a-7685-c3d195ff9230,84.82,1410,1593,0,0,73511,38,P0,500.00,Not Active,Not Active,Not Active,Not Active
2026/07/25 10:26:56.934,2026/07/25 10:26:56.918,2026/07/25 10:26:56.951,0,GPU-c5d32af0-0857-3b36-6541-1a688a9ec165,362.46,1410,1593,100,12,73511,53,P0,500.00,Not Active,Not Active,Not Active,Not Active
2026/07/25 10:26:56.934,2026/07/25 10:26:56.918,2026/07/25 10:26:56.951,1,GPU-713d5b24-2a1e-fd4a-7685-c3d195ff9230,84.08,1410,1593,0,0,73511,37,P0,500.00,Not Active,Not Active,Not Active,Not Active
2026/07/25 10:26:57.184,2026/07/25 10:26:57.168,2026/07/25 10:26:57.200,0,GPU-c5d32af0-0857-3b36-6541-1a688a9ec165,93.21,1410,1593,74,8,73511,45,P0,500.00,Not Active,Not Active,Not Active,Not Active
2026/07/25 10:26:57.184,2026/07/25 10:26:57.168,2026/07/25 10:26:57.200,1,GPU-713d5b24-2a1e-fd4a-7685-c3d195ff9230,95.00,1410,1593,50,12,73511,39,P0,500.00,Not Active,Not Active,Not Active,Not Active
2026/07/25 10:26:57.433,2026/07/25 10:26:57.418,2026/07/25 10:26:57.448,0,GPU-c5d32af0-0857-3b36-6541-1a688a9ec165,92.29,1410,1593,0,0,73511,43,P0,500.00,Not Active,Not Active,Not Active,Not Active
2026/07/25 10:26:57.433,2026/07/25 10:26:57.418,2026/07/25 10:26:57.448,1,GPU-713d5b24-2a1e-fd4a-7685-c3d195ff9230,244.26,1410,1593,100,52,73511,41,P0,500.00,Not Active,Not Active,Not Active,Not Active
2026/07/25 10:26:57.681,2026/07/25 10:26:57.668,2026/07/25 10:26:57.695,0,GPU-c5d32af0-0857-3b36-6541-1a688a9ec165,91.69,1410,1593,0,0,73511,41,P0,500.00,Not Active,Not Active,Not Active,Not Active
2026/07/25 10:26:57.681,2026/07/25 10:26:57.668,2026/07/25 10:26:57.695,1,GPU-713d5b24-2a1e-fd4a-7685-c3d195ff9230,243.26,1410,1593,100,52,73511,42,P0,500.00,Not Active,Not Active,Not Active,Not Active
2026/07/25 10:26:57.959,2026/07/25 10:26:57.918,2026/07/25 10:26:58.001,0,GPU-c5d32af0-0857-3b36-6541-1a688a9ec165,94.68,1410,1593,0,0,73511,41,P0,500.00,Not Active,Not Active,Not Active,Not Active
2026/07/25 10:26:57.959,2026/07/25 10:26:57.918,2026/07/25 10:26:58.001,1,GPU-713d5b24-2a1e-fd4a-7685-c3d195ff9230,237.83,1410,1593,100,51,73511,43,P0,500.00,Not Active,Not Active,Not Active,Not Active
2026/07/25 10:26:58.182,2026/07/25 10:26:58.168,2026/07/25 10:26:58.196,0,GPU-c5d32af0-0857-3b36-6541-1a688a9ec165,91.18,1410,1593,0,0,73511,41,P0,500.00,Not Active,Not Active,Not Active,Not Active
2026/07/25 10:26:58.182,2026/07/25 10:26:58.168,2026/07/25 10:26:58.196,1,GPU-713d5b24-2a1e-fd4a-7685-c3d195ff9230,237.83,1410,1593,100,51,73511,43,P0,500.00,Not Active,Not Active,Not Active,Not Active
2026/07/25 10:26:58.443,2026/07/25 10:26:58.418,2026/07/25 10:26:58.468,0,GPU-c5d32af0-0857-3b36-6541-1a688a9ec165,379.01,1410,1593,1,0,73511,49,P0,500.00,Not Active,Not Active,Not Active,Not Active
2026/07/25 10:26:58.443,2026/07/25 10:26:58.418,2026/07/25 10:26:58.468,1,GPU-713d5b24-2a1e-fd4a-7685-c3d195ff9230,237.58,1410,1593,100,51,73511,43,P0,500.00,Not Active,Not Active,Not Active,Not Active
2026/07/25 10:26:58.683,2026/07/25 10:26:58.668,2026/07/25 10:26:58.699,0,GPU-c5d32af0-0857-3b36-6541-1a688a9ec165,388.34,1410,1593,100,15,73511,53,P0,500.00,Not Active,Not Active,Not Active,Not Active
2026/07/25 10:26:58.683,2026/07/25 10:26:58.668,2026/07/25 10:26:58.699,1,GPU-713d5b24-2a1e-fd4a-7685-c3d195ff9230,85.92,1410,1593,61,32,73511,39,P0,500.00,Not Active,Not Active,Not Active,Not Active
2026/07/25 10:26:58.933,2026/07/25 10:26:58.918,2026/07/25 10:26:58.949,0,GPU-c5d32af0-0857-3b36-6541-1a688a9ec165,375.17,1410,1593,89,13,73511,47,P0,500.00,Not Active,Not Active,Not Active,Not Active
2026/07/25 10:26:58.933,2026/07/25 10:26:58.918,2026/07/25 10:26:58.949,1,GPU-713d5b24-2a1e-fd4a-7685-c3d195ff9230,84.73,1410,1593,0,0,73511,38,P0,500.00,Not Active,Not Active,Not Active,Not Active
2026/07/25 10:26:59.182,2026/07/25 10:26:59.168,2026/07/25 10:26:59.196,0,GPU-c5d32af0-0857-3b36-6541-1a688a9ec165,93.21,1410,1593,0,0,73511,43,P0,500.00,Not Active,Not Active,Not Active,Not Active
2026/07/25 10:26:59.182,2026/07/25 10:26:59.168,2026/07/25 10:26:59.196,1,GPU-713d5b24-2a1e-fd4a-7685-c3d195ff9230,235.19,1410,1593,42,11,73511,41,P0,500.00,Not Active,Not Active,Not Active,Not Active
2026/07/25 10:26:59.432,2026/07/25 10:26:59.418,2026/07/25 10:26:59.445,0,GPU-c5d32af0-0857-3b36-6541-1a688a9ec165,91.69,1410,1593,0,0,73511,42,P0,500.00,Not Active,Not Active,Not Active,Not Active
2026/07/25 10:26:59.432,2026/07/25 10:26:59.418,2026/07/25 10:26:59.445,1,GPU-713d5b24-2a1e-fd4a-7685-c3d195ff9230,249.37,1410,1593,100,52,73511,42,P0,500.00,Not Active,Not Active,Not Active,Not Active
2026/07/25 10:26:59.681,2026/07/25 10:26:59.668,2026/07/25 10:26:59.695,0,GPU-c5d32af0-0857-3b36-6541-1a688a9ec165,91.36,1410,1593,0,0,73511,41,P0,500.00,Not Active,Not Active,Not Active,Not Active
2026/07/25 10:26:59.681,2026/07/25 10:26:59.668,2026/07/25 10:26:59.695,1,GPU-713d5b24-2a1e-fd4a-7685-c3d195ff9230,238.18,1410,1593,100,52,73511,43,P0,500.00,Not Active,Not Active,Not Active,Not Active
2026/07/25 10:26:59.933,2026/07/25 10:26:59.918,2026/07/25 10:26:59.948,0,GPU-c5d32af0-0857-3b36-6541-1a688a9ec165,91.09,1410,1593,0,0,73511,41,P0,500.00,Not Active,Not Active,Not Active,Not Active
2026/07/25 10:26:59.933,2026/07/25 10:26:59.918,2026/07/25 10:26:59.948,1,GPU-713d5b24-2a1e-fd4a-7685-c3d195ff9230,247.25,1410,1593,100,52,73511,43,P0,500.00,Not Active,Not Active,Not Active,Not Active
2026/07/25 10:27:00.183,2026/07/25 10:27:00.168,2026/07/25 10:27:00.198,0,GPU-c5d32af0-0857-3b36-6541-1a688a9ec165,90.67,1410,1593,0,0,73511,40,P0,500.00,Not Active,Not Active,Not Active,Not Active
2026/07/25 10:27:00.183,2026/07/25 10:27:00.168,2026/07/25 10:27:00.198,1,GPU-713d5b24-2a1e-fd4a-7685-c3d195ff9230,239.10,1410,1593,100,52,73511,43,P0,500.00,Not Active,Not Active,Not Active,Not Active
2026/07/25 10:27:00.434,2026/07/25 10:27:00.418,2026/07/25 10:27:00.450,0,GPU-c5d32af0-0857-3b36-6541-1a688a9ec165,384.23,1410,1593,11,2,73511,49,P0,500.00,Not Active,Not Active,Not Active,Not Active
2026/07/25 10:27:00.434,2026/07/25 10:27:00.418,2026/07/25 10:27:00.450,1,GPU-713d5b24-2a1e-fd4a-7685-c3d195ff9230,85.33,1410,1593,100,52,73511,40,P0,500.00,Not Active,Not Active,Not Active,Not Active
2026/07/25 10:27:00.681,2026/07/25 10:27:00.668,2026/07/25 10:27:00.695,0,GPU-c5d32af0-0857-3b36-6541-1a688a9ec165,377.16,1410,1593,100,14,73511,53,P0,500.00,Not Active,Not Active,Not Active,Not Active
2026/07/25 10:27:00.681,2026/07/25 10:27:00.668,2026/07/25 10:27:00.695,1,GPU-713d5b24-2a1e-fd4a-7685-c3d195ff9230,84.73,1410,1593,0,0,73511,38,P0,500.00,Not Active,Not Active,Not Active,Not Active
2026/07/25 10:27:00.933,2026/07/25 10:27:00.918,2026/07/25 10:27:00.949,0,GPU-c5d32af0-0857-3b36-6541-1a688a9ec165,101.03,1410,1593,64,8,73511,46,P0,500.00,Not Active,Not Active,Not Active,Not Active
2026/07/25 10:27:00.933,2026/07/25 10:27:00.918,2026/07/25 10:27:00.949,1,GPU-713d5b24-2a1e-fd4a-7685-c3d195ff9230,84.40,1410,1593,0,0,73511,37,P0,500.00,Not Active,Not Active,Not Active,Not Active
2026/07/25 10:27:01.183,2026/07/25 10:27:01.168,2026/07/25 10:27:01.199,0,GPU-c5d32af0-0857-3b36-6541-1a688a9ec165,92.88,1410,1593,0,0,73511,43,P0,500.00,Not Active,Not Active,Not Active,Not Active
2026/07/25 10:27:01.183,2026/07/25 10:27:01.168,2026/07/25 10:27:01.199,1,GPU-713d5b24-2a1e-fd4a-7685-c3d195ff9230,241.55,1410,1593,71,26,73511,41,P0,500.00,Not Active,Not Active,Not Active,Not Active
2026/07/25 10:27:01.433,2026/07/25 10:27:01.418,2026/07/25 10:27:01.447,0,GPU-c5d32af0-0857-3b36-6541-1a688a9ec165,91.69,1410,1593,0,0,73511,41,P0,500.00,Not Active,Not Active,Not Active,Not Active
2026/07/25 10:27:01.433,2026/07/25 10:27:01.418,2026/07/25 10:27:01.447,1,GPU-713d5b24-2a1e-fd4a-7685-c3d195ff9230,242.74,1410,1593,100,52,73511,42,P0,500.00,Not Active,Not Active,Not Active,Not Active
2026/07/25 10:27:01.684,2026/07/25 10:27:01.668,2026/07/25 10:27:01.701,0,GPU-c5d32af0-0857-3b36-6541-1a688a9ec165,91.36,1410,1593,0,0,73511,41,P0,500.00,Not Active,Not Active,Not Active,Not Active
2026/07/25 10:27:01.684,2026/07/25 10:27:01.668,2026/07/25 10:27:01.701,1,GPU-713d5b24-2a1e-fd4a-7685-c3d195ff9230,240.03,1410,1593,100,52,73511,43,P0,500.00,Not Active,Not Active,Not Active,Not Active
2026/07/25 10:27:01.933,2026/07/25 10:27:01.918,2026/07/25 10:27:01.948,0,GPU-c5d32af0-0857-3b36-6541-1a688a9ec165,90.76,1410,1593,0,0,73511,40,P0,500.00,Not Active,Not Active,Not Active,Not Active
2026/07/25 10:27:01.933,2026/07/25 10:27:01.918,2026/07/25 10:27:01.948,1,GPU-713d5b24-2a1e-fd4a-7685-c3d195ff9230,247.58,1410,1593,100,52,73511,43,P0,500.00,Not Active,Not Active,Not Active,Not Active
2026/07/25 10:27:02.182,2026/07/25 10:27:02.168,2026/07/25 10:27:02.196,0,GPU-c5d32af0-0857-3b36-6541-1a688a9ec165,90.76,1410,1593,0,0,73511,40,P0,500.00,Not Active,Not Active,Not Active,Not Active
2026/07/25 10:27:02.182,2026/07/25 10:27:02.168,2026/07/25 10:27:02.196,1,GPU-713d5b24-2a1e-fd4a-7685-c3d195ff9230,249.10,1410,1593,100,52,73511,43,P0,500.00,Not Active,Not Active,Not Active,Not Active
2026/07/25 10:27:02.432,2026/07/25 10:27:02.418,2026/07/25 10:27:02.446,0,GPU-c5d32af0-0857-3b36-6541-1a688a9ec165,382.58,1410,1593,19,4,73511,50,P0,500.00,Not Active,Not Active,Not Active,Not Active
2026/07/25 10:27:02.432,2026/07/25 10:27:02.418,2026/07/25 10:27:02.446,1,GPU-713d5b24-2a1e-fd4a-7685-c3d195ff9230,241.22,1410,1593,66,34,73511,41,P0,500.00,Not Active,Not Active,Not Active,Not Active
2026/07/25 10:27:02.682,2026/07/25 10:27:02.668,2026/07/25 10:27:02.695,0,GPU-c5d32af0-0857-3b36-6541-1a688a9ec165,382.31,1410,1593,100,14,73511,53,P0,500.00,Not Active,Not Active,Not Active,Not Active
2026/07/25 10:27:02.682,2026/07/25 10:27:02.668,2026/07/25 10:27:02.695,1,GPU-713d5b24-2a1e-fd4a-7685-c3d195ff9230,85.33,1410,1593,0,0,73511,38,P0,500.00,Not Active,Not Active,Not Active,Not Active
2026/07/25 10:27:02.933,2026/07/25 10:27:02.918,2026/07/25 10:27:02.948,0,GPU-c5d32af0-0857-3b36-6541-1a688a9ec165,330.70,1410,1593,65,10,73511,46,P0,500.00,Not Active,Not Active,Not Active,Not Active
2026/07/25 10:27:02.933,2026/07/25 10:27:02.918,2026/07/25 10:27:02.948,1,GPU-713d5b24-2a1e-fd4a-7685-c3d195ff9230,84.73,1410,1593,0,0,73511,39,P0,500.00,Not Active,Not Active,Not Active,Not Active
2026/07/25 10:27:03.183,2026/07/25 10:27:03.168,2026/07/25 10:27:03.198,0,GPU-c5d32af0-0857-3b36-6541-1a688a9ec165,92.19,1410,1593,0,0,73511,42,P0,500.00,Not Active,Not Active,Not Active,Not Active
2026/07/25 10:27:03.183,2026/07/25 10:27:03.168,2026/07/25 10:27:03.198,1,GPU-713d5b24-2a1e-fd4a-7685-c3d195ff9230,239.70,1410,1593,69,25,73511,41,P0,500.00,Not Active,Not Active,Not Active,Not Active
2026/07/25 10:27:03.433,2026/07/25 10:27:03.418,2026/07/25 10:27:03.447,0,GPU-c5d32af0-0857-3b36-6541-1a688a9ec165,91.60,1410,1593,0,0,73511,41,P0,500.00,Not Active,Not Active,Not Active,Not Active
2026/07/25 10:27:03.433,2026/07/25 10:27:03.418,2026/07/25 10:27:03.447,1,GPU-713d5b24-2a1e-fd4a-7685-c3d195ff9230,239.78,1410,1593,100,52,73511,42,P0,500.00,Not Active,Not Active,Not Active,Not Active
2026/07/25 10:27:03.682,2026/07/25 10:27:03.668,2026/07/25 10:27:03.697,0,GPU-c5d32af0-0857-3b36-6541-1a688a9ec165,91.09,1410,1593,0,0,73511,41,P0,500.00,Not Active,Not Active,Not Active,Not Active
2026/07/25 10:27:03.682,2026/07/25 10:27:03.668,2026/07/25 10:27:03.697,1,GPU-713d5b24-2a1e-fd4a-7685-c3d195ff9230,247.25,1410,1593,100,52,73511,43,P0,500.00,Not Active,Not Active,Not Active,Not Active
2026/07/25 10:27:03.933,2026/07/25 10:27:03.918,2026/07/25 10:27:03.948,0,GPU-c5d32af0-0857-3b36-6541-1a688a9ec165,90.99,1410,1593,0,0,73511,40,P0,500.00,Not Active,Not Active,Not Active,Not Active
2026/07/25 10:27:03.933,2026/07/25 10:27:03.918,2026/07/25 10:27:03.948,1,GPU-713d5b24-2a1e-fd4a-7685-c3d195ff9230,245.80,1410,1593,100,52,73511,43,P0,500.00,Not Active,Not Active,Not Active,Not Active
2026/07/25 10:27:04.182,2026/07/25 10:27:04.168,2026/07/25 10:27:04.196,0,GPU-c5d32af0-0857-3b36-6541-1a688a9ec165,90.99,1410,1593,0,0,73511,40,P0,500.00,Not Active,Not Active,Not Active,Not Active
2026/07/25 10:27:04.182,2026/07/25 10:27:04.168,2026/07/25 10:27:04.196,1,GPU-713d5b24-2a1e-fd4a-7685-c3d195ff9230,245.13,1410,1593,100,52,73511,43,P0,500.00,Not Active,Not Active,Not Active,Not Active
2026/07/25 10:27:04.433,2026/07/25 10:27:04.418,2026/07/25 10:27:04.448,0,GPU-c5d32af0-0857-3b36-6541-1a688a9ec165,387.65,1410,1593,23,5,73511,50,P0,500.00,Not Active,Not Active,Not Active,Not Active
2026/07/25 10:27:04.433,2026/07/25 10:27:04.418,2026/07/25 10:27:04.448,1,GPU-713d5b24-2a1e-fd4a-7685-c3d195ff9230,241.30,1410,1593,100,52,73511,44,P0,500.00,Not Active,Not Active,Not Active,Not Active
2026/07/25 10:27:04.683,2026/07/25 10:27:04.668,2026/07/25 10:27:04.697,0,GPU-c5d32af0-0857-3b36-6541-1a688a9ec165,373.85,1410,1593,100,17,73511,52,P0,500.00,Not Active,Not Active,Not Active,Not Active
2026/07/25 10:27:04.683,2026/07/25 10:27:04.668,2026/07/25 10:27:04.697,1,GPU-713d5b24-2a1e-fd4a-7685-c3d195ff9230,85.24,1410,1593,0,0,73511,38,P0,500.00,Not Active,Not Active,Not Active,Not Active
2026/07/25 10:27:04.934,2026/07/25 10:27:04.918,2026/07/25 10:27:04.950,0,GPU-c5d32af0-0857-3b36-6541-1a688a9ec165,101.85,1410,1593,100,14,73511,47,P0,500.00,Not Active,Not Active,Not Active,Not Active
2026/07/25 10:27:04.934,2026/07/25 10:27:04.918,2026/07/25 10:27:04.950,1,GPU-713d5b24-2a1e-fd4a-7685-c3d195ff9230,84.64,1410,1593,0,0,73511,38,P0,500.00,Not Active,Not Active,Not Active,Not Active
2026/07/25 10:27:05.182,2026/07/25 10:27:05.168,2026/07/25 10:27:05.197,0,GPU-c5d32af0-0857-3b36-6541-1a688a9ec165,92.46,1410,1593,0,0,73511,43,P0,500.00,Not Active,Not Active,Not Active,Not Active
2026/07/25 10:27:05.182,2026/07/25 10:27:05.168,2026/07/25 10:27:05.197,1,GPU-713d5b24-2a1e-fd4a-7685-c3d195ff9230,243.08,1410,1593,55,18,73511,41,P0,500.00,Not Active,Not Active,Not Active,Not Active
2026/07/25 10:27:05.431,2026/07/25 10:27:05.418,2026/07/25 10:27:05.445,0,GPU-c5d32af0-0857-3b36-6541-1a688a9ec165,91.60,1410,1593,0,0,73511,41,P0,500.00,Not Active,Not Active,Not Active,Not Active
2026/07/25 10:27:05.431,2026/07/25 10:27:05.418,2026/07/25 10:27:05.445,1,GPU-713d5b24-2a1e-fd4a-7685-c3d195ff9230,242.17,1410,1593,100,52,73511,43,P0,500.00,Not Active,Not Active,Not Active,Not Active
2026/07/25 10:27:05.682,2026/07/25 10:27:05.668,2026/07/25 10:27:05.695,0,GPU-c5d32af0-0857-3b36-6541-1a688a9ec165,91.26,1410,1593,0,0,73511,41,P0,500.00,Not Active,Not Active,Not Active,Not Active
2026/07/25 10:27:05.682,2026/07/25 10:27:05.668,2026/07/25 10:27:05.695,1,GPU-713d5b24-2a1e-fd4a-7685-c3d195ff9230,247.32,1410,1593,100,52,73511,43,P0,500.00,Not Active,Not Active,Not Active,Not Active
2026/07/25 10:27:05.933,2026/07/25 10:27:05.918,2026/07/25 10:27:05.948,0,GPU-c5d32af0-0857-3b36-6541-1a688a9ec165,90.99,1410,1593,0,0,73511,40,P0,500.00,Not Active,Not Active,Not Active,Not Active
2026/07/25 10:27:05.933,2026/07/25 10:27:05.918,2026/07/25 10:27:05.948,1,GPU-713d5b24-2a1e-fd4a-7685-c3d195ff9230,238.26,1410,1593,100,52,73511,43,P0,500.00,Not Active,Not Active,Not Active,Not Active
2026/07/25 10:27:06.184,2026/07/25 10:27:06.168,2026/07/25 10:27:06.200,0,GPU-c5d32af0-0857-3b36-6541-1a688a9ec165,90.99,1410,1593,0,0,73511,40,P0,500.00,Not Active,Not Active,Not Active,Not Active
2026/07/25 10:27:06.184,2026/07/25 10:27:06.168,2026/07/25 10:27:06.200,1,GPU-713d5b24-2a1e-fd4a-7685-c3d195ff9230,243.42,1410,1593,100,52,73511,43,P0,500.00,Not Active,Not Active,Not Active,Not Active
2026/07/25 10:27:06.433,2026/07/25 10:27:06.418,2026/07/25 10:27:06.448,0,GPU-c5d32af0-0857-3b36-6541-1a688a9ec165,395.19,1410,1593,29,6,73511,50,P0,500.00,Not Active,Not Active,Not Active,Not Active
2026/07/25 10:27:06.433,2026/07/25 10:27:06.418,2026/07/25 10:27:06.448,1,GPU-713d5b24-2a1e-fd4a-7685-c3d195ff9230,85.42,1410,1593,0,0,73511,39,P0,500.00,Not Active,Not Active,Not Active,Not Active
2026/07/25 10:27:06.682,2026/07/25 10:27:06.668,2026/07/25 10:27:06.697,0,GPU-c5d32af0-0857-3b36-6541-1a688a9ec165,376.50,1410,1593,100,17,73511,52,P0,500.00,Not Active,Not Active,Not Active,Not Active
2026/07/25 10:27:06.682,2026/07/25 10:27:06.668,2026/07/25 10:27:06.697,1,GPU-713d5b24-2a1e-fd4a-7685-c3d195ff9230,84.83,1410,1593,0,0,73511,38,P0,500.00,Not Active,Not Active,Not Active,Not Active
2026/07/25 10:27:06.944,2026/07/25 10:27:06.918,2026/07/25 10:27:06.969,0,GPU-c5d32af0-0857-3b36-6541-1a688a9ec165,94.31,1410,1593,100,13,73511,47,P0,500.00,Not Active,Not Active,Not Active,Not Active
2026/07/25 10:27:06.944,2026/07/25 10:27:06.918,2026/07/25 10:27:06.969,1,GPU-713d5b24-2a1e-fd4a-7685-c3d195ff9230,95.83,1410,1593,6,0,73511,39,P0,500.00,Not Active,Not Active,Not Active,Not Active
2026/07/25 10:27:07.183,2026/07/25 10:27:07.168,2026/07/25 10:27:07.197,0,GPU-c5d32af0-0857-3b36-6541-1a688a9ec165,91.86,1410,1593,0,0,73511,43,P0,500.00,Not Active,Not Active,Not Active,Not Active
2026/07/25 10:27:07.183,2026/07/25 10:27:07.168,2026/07/25 10:27:07.197,1,GPU-713d5b24-2a1e-fd4a-7685-c3d195ff9230,243.16,1410,1593,80,34,73511,42,P0,500.00,Not Active,Not Active,Not Active,Not Active
2026/07/25 10:27:07.432,2026/07/25 10:27:07.418,2026/07/25 10:27:07.445,0,GPU-c5d32af0-0857-3b36-6541-1a688a9ec165,91.50,1410,1593,0,0,73511,41,P0,500.00,Not Active,Not Active,Not Active,Not Active
2026/07/25 10:27:07.432,2026/07/25 10:27:07.418,2026/07/25 10:27:07.445,1,GPU-713d5b24-2a1e-fd4a-7685-c3d195ff9230,244.02,1410,1593,100,52,73511,42,P0,500.00,Not Active,Not Active,Not Active,Not Active
2026/07/25 10:27:07.684,2026/07/25 10:27:07.668,2026/07/25 10:27:07.699,0,GPU-c5d32af0-0857-3b36-6541-1a688a9ec165,90.90,1410,1593,0,0,73511,41,P0,500.00,Not Active,Not Active,Not Active,Not Active
2026/07/25 10:27:07.684,2026/07/25 10:27:07.668,2026/07/25 10:27:07.699,1,GPU-713d5b24-2a1e-fd4a-7685-c3d195ff9230,242.76,1410,1593,100,52,73511,43,P0,500.00,Not Active,Not Active,Not Active,Not Active
2026/07/25 10:27:07.932,2026/07/25 10:27:07.918,2026/07/25 10:27:07.946,0,GPU-c5d32af0-0857-3b36-6541-1a688a9ec165,91.26,1410,1593,0,0,73511,40,P0,500.00,Not Active,Not Active,Not Active,Not Active
2026/07/25 10:27:07.932,2026/07/25 10:27:07.918,2026/07/25 10:27:07.946,1,GPU-713d5b24-2a1e-fd4a-7685-c3d195ff9230,248.51,1410,1593,100,52,73511,43,P0,500.00,Not Active,Not Active,Not Active,Not Active
2026/07/25 10:27:08.181,2026/07/25 10:27:08.168,2026/07/25 10:27:08.195,0,GPU-c5d32af0-0857-3b36-6541-1a688a9ec165,90.58,1410,1593,0,0,73511,40,P0,500.00,Not Active,Not Active,Not Active,Not Active
2026/07/25 10:27:08.181,2026/07/25 10:27:08.168,2026/07/25 10:27:08.195,1,GPU-713d5b24-2a1e-fd4a-7685-c3d195ff9230,85.24,1410,1593,30,16,73511,38,P0,500.00,Not Active,Not Active,Not Active,Not Active
2026/07/25 10:27:08.458,2026/07/25 10:27:08.418,2026/07/25 10:27:08.499,0,GPU-c5d32af0-0857-3b36-6541-1a688a9ec165,389.37,1410,1593,41,8,73511,50,P0,500.00,Not Active,Not Active,Not Active,Not Active
2026/07/25 10:27:08.458,2026/07/25 10:27:08.418,2026/07/25 10:27:08.499,1,GPU-713d5b24-2a1e-fd4a-7685-c3d195ff9230,84.23,1410,1593,0,0,73511,37,P0,500.00,Not Active,Not Active,Not Active,Not Active
2026/07/25 10:27:08.683,2026/07/25 10:27:08.668,2026/07/25 10:27:08.698,0,GPU-c5d32af0-0857-3b36-6541-1a688a9ec165,367.72,1410,1593,100,16,73511,52,P0,500.00,Not Active,Not Active,Not Active,Not Active
2026/07/25 10:27:08.683,2026/07/25 10:27:08.668,2026/07/25 10:27:08.698,1,GPU-713d5b24-2a1e-fd4a-7685-c3d195ff9230,84.23,1410,1593,0,0,73511,37,P0,500.00,Not Active,Not Active,Not Active,Not Active
2026/07/25 10:27:08.935,2026/07/25 10:27:08.918,2026/07/25 10:27:08.953,0,GPU-c5d32af0-0857-3b36-6541-1a688a9ec165,93.02,1410,1593,0,0,73511,43,P0,500.00,Not Active,Not Active,Not Active,Not Active
2026/07/25 10:27:08.935,2026/07/25 10:27:08.918,2026/07/25 10:27:08.953,1,GPU-713d5b24-2a1e-fd4a-7685-c3d195ff9230,240.97,1410,1593,44,14,73511,40,P0,500.00,Not Active,Not Active,Not Active,Not Active
2026/07/25 10:27:09.184,2026/07/25 10:27:09.168,2026/07/25 10:27:09.200,0,GPU-c5d32af0-0857-3b36-6541-1a688a9ec165,91.77,1410,1593,0,0,73511,42,P0,500.00,Not Active,Not Active,Not Active,Not Active
2026/07/25 10:27:09.184,2026/07/25 10:27:09.168,2026/07/25 10:27:09.200,1,GPU-713d5b24-2a1e-fd4a-7685-c3d195ff9230,245.54,1410,1593,100,53,73511,42,P0,500.00,Not Active,Not Active,Not Active,Not Active
2026/07/25 10:27:09.434,2026/07/25 10:27:09.418,2026/07/25 10:27:09.451,0,GPU-c5d32af0-0857-3b36-6541-1a688a9ec165,91.77,1410,1593,0,0,73511,41,P0,500.00,Not Active,Not Active,Not Active,Not Active
2026/07/25 10:27:09.434,2026/07/25 10:27:09.418,2026/07/25 10:27:09.451,1,GPU-713d5b24-2a1e-fd4a-7685-c3d195ff9230,248.25,1410,1593,100,53,73511,43,P0,500.00,Not Active,Not Active,Not Active,Not Active
2026/07/25 10:27:09.683,2026/07/25 10:27:09.668,2026/07/25 10:27:09.699,0,GPU-c5d32af0-0857-3b36-6541-1a688a9ec165,90.90,1410,1593,0,0,73511,40,P0,500.00,Not Active,Not Active,Not Active,Not Active
2026/07/25 10:27:09.683,2026/07/25 10:27:09.668,2026/07/25 10:27:09.699,1,GPU-713d5b24-2a1e-fd4a-7685-c3d195ff9230,243.08,1410,1593,100,53,73511,43,P0,500.00,Not Active,Not Active,Not Active,Not Active
2026/07/25 10:27:09.937,2026/07/25 10:27:09.918,2026/07/25 10:27:09.957,0,GPU-c5d32af0-0857-3b36-6541-1a688a9ec165,90.58,1410,1593,0,0,73511,40,P0,500.00,Not Active,Not Active,Not Active,Not Active
2026/07/25 10:27:09.937,2026/07/25 10:27:09.918,2026/07/25 10:27:09.957,1,GPU-713d5b24-2a1e-fd4a-7685-c3d195ff9230,243.43,1410,1593,100,53,73511,43,P0,500.00,Not Active,Not Active,Not Active,Not Active
2026/07/25 10:27:10.182,2026/07/25 10:27:10.168,2026/07/25 10:27:10.195,0,GPU-c5d32af0-0857-3b36-6541-1a688a9ec165,91.17,1410,1593,0,0,73511,40,P0,500.00,Not Active,Not Active,Not Active,Not Active
2026/07/25 10:27:10.182,2026/07/25 10:27:10.168,2026/07/25 10:27:10.195,1,GPU-713d5b24-2a1e-fd4a-7685-c3d195ff9230,242.24,1410,1593,98,52,73511,43,P0,500.00,Not Active,Not Active,Not Active,Not Active
2026/07/25 10:27:10.435,2026/07/25 10:27:10.418,2026/07/25 10:27:10.451,0,GPU-c5d32af0-0857-3b36-6541-1a688a9ec165,383.90,1410,1593,44,8,73511,49,P0,500.00,Not Active,Not Active,Not Active,Not Active
2026/07/25 10:27:10.435,2026/07/25 10:27:10.418,2026/07/25 10:27:10.451,1,GPU-713d5b24-2a1e-fd4a-7685-c3d195ff9230,85.33,1410,1593,93,49,73511,39,P0,500.00,Not Active,Not Active,Not Active,Not Active
2026/07/25 10:27:10.683,2026/07/25 10:27:10.668,2026/07/25 10:27:10.698,0,GPU-c5d32af0-0857-3b36-6541-1a688a9ec165,382.12,1410,1593,100,16,73511,52,P0,500.00,Not Active,Not Active,Not Active,Not Active
2026/07/25 10:27:10.683,2026/07/25 10:27:10.668,2026/07/25 10:27:10.698,1,GPU-713d5b24-2a1e-fd4a-7685-c3d195ff9230,84.74,1410,1593,0,0,73511,38,P0,500.00,Not Active,Not Active,Not Active,Not Active
2026/07/25 10:27:10.934,2026/07/25 10:27:10.918,2026/07/25 10:27:10.950,0,GPU-c5d32af0-0857-3b36-6541-1a688a9ec165,362.52,1410,1593,100,13,73511,53,P0,500.00,Not Active,Not Active,Not Active,Not Active
2026/07/25 10:27:10.934,2026/07/25 10:27:10.918,2026/07/25 10:27:10.950,1,GPU-713d5b24-2a1e-fd4a-7685-c3d195ff9230,84.46,1410,1593,0,0,73511,37,P0,500.00,Not Active,Not Active,Not Active,Not Active
2026/07/25 10:27:11.189,2026/07/25 10:27:11.168,2026/07/25 10:27:11.210,0,GPU-c5d32af0-0857-3b36-6541-1a688a9ec165,101.15,1410,1593,23,3,73511,45,P0,500.00,Not Active,Not Active,Not Active,Not Active
2026/07/25 10:27:11.189,2026/07/25 10:27:11.168,2026/07/25 10:27:11.210,1,GPU-713d5b24-2a1e-fd4a-7685-c3d195ff9230,95.90,1410,1593,10,0,73511,38,P0,500.00,Not Active,Not Active,Not Active,Not Active
2026/07/25 10:27:11.435,2026/07/25 10:27:11.418,2026/07/25 10:27:11.452,0,GPU-c5d32af0-0857-3b36-6541-1a688a9ec165,92.09,1410,1593,0,0,73511,42,P0,500.00,Not Active,Not Active,Not Active,Not Active
2026/07/25 10:27:11.435,2026/07/25 10:27:11.418,2026/07/25 10:27:11.452,1,GPU-713d5b24-2a1e-fd4a-7685-c3d195ff9230,239.21,1410,1593,71,28,73511,41,P0,500.00,Not Active,Not Active,Not Active,Not Active
2026/07/25 10:27:11.683,2026/07/25 10:27:11.668,2026/07/25 10:27:11.698,0,GPU-c5d32af0-0857-3b36-6541-1a688a9ec165,91.77,1410,1593,0,0,73511,41,P0,500.00,Not Active,Not Active,Not Active,Not Active
2026/07/25 10:27:11.683,2026/07/25 10:27:11.668,2026/07/25 10:27:11.698,1,GPU-713d5b24-2a1e-fd4a-7685-c3d195ff9230,240.40,1410,1593,100,52,73511,42,P0,500.00,Not Active,Not Active,Not Active,Not Active
2026/07/25 10:27:11.934,2026/07/25 10:27:11.918,2026/07/25 10:27:11.950,0,GPU-c5d32af0-0857-3b36-6541-1a688a9ec165,91.17,1410,1593,0,0,73511,41,P0,500.00,Not Active,Not Active,Not Active,Not Active
2026/07/25 10:27:11.934,2026/07/25 10:27:11.918,2026/07/25 10:27:11.950,1,GPU-713d5b24-2a1e-fd4a-7685-c3d195ff9230,240.12,1410,1593,100,52,73511,43,P0,500.00,Not Active,Not Active,Not Active,Not Active
2026/07/25 10:27:12.190,2026/07/25 10:27:12.168,2026/07/25 10:27:12.213,0,GPU-c5d32af0-0857-3b36-6541-1a688a9ec165,91.50,1410,1593,0,0,73511,41,P0,500.00,Not Active,Not Active,Not Active,Not Active
2026/07/25 10:27:12.190,2026/07/25 10:27:12.168,2026/07/25 10:27:12.213,1,GPU-713d5b24-2a1e-fd4a-7685-c3d195ff9230,241.32,1410,1593,100,52,73511,43,P0,500.00,Not Active,Not Active,Not Active,Not Active
2026/07/25 10:27:12.434,2026/07/25 10:27:12.418,2026/07/25 10:27:12.450,0,GPU-c5d32af0-0857-3b36-6541-1a688a9ec165,382.44,1410,1593,55,11,73511,48,P0,500.00,Not Active,Not Active,Not Active,Not Active
2026/07/25 10:27:12.434,2026/07/25 10:27:12.418,2026/07/25 10:27:12.450,1,GPU-713d5b24-2a1e-fd4a-7685-c3d195ff9230,242.51,1410,1593,100,51,73511,43,P0,500.00,Not Active,Not Active,Not Active,Not Active
2026/07/25 10:27:12.683,2026/07/25 10:27:12.668,2026/07/25 10:27:12.698,0,GPU-c5d32af0-0857-3b36-6541-1a688a9ec165,381.79,1410,1593,100,15,73511,53,P0,500.00,Not Active,Not Active,Not Active,Not Active
2026/07/25 10:27:12.683,2026/07/25 10:27:12.668,2026/07/25 10:27:12.698,1,GPU-713d5b24-2a1e-fd4a-7685-c3d195ff9230,89.88,1410,1593,83,43,73511,43,P0,500.00,Not Active,Not Active,Not Active,Not Active
2026/07/25 10:27:12.934,2026/07/25 10:27:12.918,2026/07/25 10:27:12.949,0,GPU-c5d32af0-0857-3b36-6541-1a688a9ec165,363.44,1410,1593,100,13,73511,53,P0,500.00,Not Active,Not Active,Not Active,Not Active
2026/07/25 10:27:12.934,2026/07/25 10:27:12.918,2026/07/25 10:27:12.949,1,GPU-713d5b24-2a1e-fd4a-7685-c3d195ff9230,85.06,1410,1593,0,0,73511,38,P0,500.00,Not Active,Not Active,Not Active,Not Active
2026/07/25 10:27:13.188,2026/07/25 10:27:13.168,2026/07/25 10:27:13.208,0,GPU-c5d32af0-0857-3b36-6541-1a688a9ec165,94.11,1410,1593,0,0,73511,44,P0,500.00,Not Active,Not Active,Not Active,Not Active
2026/07/25 10:27:13.188,2026/07/25 10:27:13.168,2026/07/25 10:27:13.208,1,GPU-713d5b24-2a1e-fd4a-7685-c3d195ff9230,88.97,1410,1593,24,0,73511,39,P0,500.00,Not Active,Not Active,Not Active,Not Active
2026/07/25 10:27:13.432,2026/07/25 10:27:13.418,2026/07/25 10:27:13.446,0,GPU-c5d32af0-0857-3b36-6541-1a688a9ec165,92.27,1410,1593,0,0,73511,42,P0,500.00,Not Active,Not Active,Not Active,Not Active
2026/07/25 10:27:13.432,2026/07/25 10:27:13.418,2026/07/25 10:27:13.446,1,GPU-713d5b24-2a1e-fd4a-7685-c3d195ff9230,244.37,1410,1593,92,48,73511,42,P0,500.00,Not Active,Not Active,Not Active,Not Active
2026/07/25 10:27:13.685,2026/07/25 10:27:13.668,2026/07/25 10:27:13.702,0,GPU-c5d32af0-0857-3b36-6541-1a688a9ec165,91.68,1410,1593,0,0,73511,41,P0,500.00,Not Active,Not Active,Not Active,Not Active
2026/07/25 10:27:13.685,2026/07/25 10:27:13.668,2026/07/25 10:27:13.702,1,GPU-713d5b24-2a1e-fd4a-7685-c3d195ff9230,243.77,1410,1593,100,52,73511,43,P0,500.00,Not Active,Not Active,Not Active,Not Active
2026/07/25 10:27:13.935,2026/07/25 10:27:13.918,2026/07/25 10:27:13.951,0,GPU-c5d32af0-0857-3b36-6541-1a688a9ec165,91.07,1410,1593,0,0,73511,41,P0,500.00,Not Active,Not Active,Not Active,Not Active
2026/07/25 10:27:13.935,2026/07/25 10:27:13.918,2026/07/25 10:27:13.951,1,GPU-713d5b24-2a1e-fd4a-7685-c3d195ff9230,238.94,1410,1593,100,52,73511,43,P0,500.00,Not Active,Not Active,Not Active,Not Active
2026/07/25 10:27:14.184,2026/07/25 10:27:14.168,2026/07/25 10:27:14.199,0,GPU-c5d32af0-0857-3b36-6541-1a688a9ec165,91.07,1410,1593,0,0,73511,41,P0,500.00,Not Active,Not Active,Not Active,Not Active
2026/07/25 10:27:14.184,2026/07/25 10:27:14.168,2026/07/25 10:27:14.199,1,GPU-713d5b24-2a1e-fd4a-7685-c3d195ff9230,242.26,1410,1593,100,52,73511,43,P0,500.00,Not Active,Not Active,Not Active,Not Active
2026/07/25 10:27:14.433,2026/07/25 10:27:14.418,2026/07/25 10:27:14.447,0,GPU-c5d32af0-0857-3b36-6541-1a688a9ec165,381.12,1410,1593,0,0,73511,48,P0,500.00,Not Active,Not Active,Not Active,Not Active
2026/07/25 10:27:14.433,2026/07/25 10:27:14.418,2026/07/25 10:27:14.447,1,GPU-713d5b24-2a1e-fd4a-7685-c3d195ff9230,85.06,1410,1593,70,36,73511,39,P0,500.00,Not Active,Not Active,Not Active,Not Active
2026/07/25 10:27:14.686,2026/07/25 10:27:14.668,2026/07/25 10:27:14.704,0,GPU-c5d32af0-0857-3b36-6541-1a688a9ec165,384.15,1410,1593,100,15,73511,53,P0,500.00,Not Active,Not Active,Not Active,Not Active
2026/07/25 10:27:14.686,2026/07/25 10:27:14.668,2026/07/25 10:27:14.704,1,GPU-713d5b24-2a1e-fd4a-7685-c3d195ff9230,84.74,1410,1593,0,0,73511,38,P0,500.00,Not Active,Not Active,Not Active,Not Active
2026/07/25 10:27:14.935,2026/07/25 10:27:14.918,2026/07/25 10:27:14.952,0,GPU-c5d32af0-0857-3b36-6541-1a688a9ec165,100.45,1410,1593,100,12,73511,47,P0,500.00,Not Active,Not Active,Not Active,Not Active
2026/07/25 10:27:14.935,2026/07/25 10:27:14.918,2026/07/25 10:27:14.952,1,GPU-713d5b24-2a1e-fd4a-7685-c3d195ff9230,96.49,1410,1593,14,0,73511,37,P0,500.00,Not Active,Not Active,Not Active,Not Active
2026/07/25 10:27:15.187,2026/07/25 10:27:15.168,2026/07/25 10:27:15.205,0,GPU-c5d32af0-0857-3b36-6541-1a688a9ec165,92.59,1410,1593,0,0,73511,42,P0,500.00,Not Active,Not Active,Not Active,Not Active
2026/07/25 10:27:15.187,2026/07/25 10:27:15.168,2026/07/25 10:27:15.205,1,GPU-713d5b24-2a1e-fd4a-7685-c3d195ff9230,241.92,1410,1593,81,39,73511,42,P0,500.00,Not Active,Not Active,Not Active,Not Active
2026/07/25 10:27:15.434,2026/07/25 10:27:15.418,2026/07/25 10:27:15.450,0,GPU-c5d32af0-0857-3b36-6541-1a688a9ec165,91.68,1410,1593,0,0,73511,41,P0,500.00,Not Active,Not Active,Not Active,Not Active
2026/07/25 10:27:15.434,2026/07/25 10:27:15.418,2026/07/25 10:27:15.450,1,GPU-713d5b24-2a1e-fd4a-7685-c3d195ff9230,244.96,1410,1593,100,52,73511,42,P0,500.00,Not Active,Not Active,Not Active,Not Active
2026/07/25 10:27:15.684,2026/07/25 10:27:15.668,2026/07/25 10:27:15.700,0,GPU-c5d32af0-0857-3b36-6541-1a688a9ec165,91.40,1410,1593,0,0,73511,41,P0,500.00,Not Active,Not Active,Not Active,Not Active
2026/07/25 10:27:15.684,2026/07/25 10:27:15.668,2026/07/25 10:27:15.700,1,GPU-713d5b24-2a1e-fd4a-7685-c3d195ff9230,238.04,1410,1593,100,52,73511,43,P0,500.00,Not Active,Not Active,Not Active,Not Active
2026/07/25 10:27:15.933,2026/07/25 10:27:15.918,2026/07/25 10:27:15.947,0,GPU-c5d32af0-0857-3b36-6541-1a688a9ec165,91.07,1410,1593,0,0,73511,41,P0,500.00,Not Active,Not Active,Not Active,Not Active
2026/07/25 10:27:15.933,2026/07/25 10:27:15.918,2026/07/25 10:27:15.947,1,GPU-713d5b24-2a1e-fd4a-7685-c3d195ff9230,246.73,1410,1593,100,52,73511,43,P0,500.00,Not Active,Not Active,Not Active,Not Active
2026/07/25 10:27:16.183,2026/07/25 10:27:16.168,2026/07/25 10:27:16.198,0,GPU-c5d32af0-0857-3b36-6541-1a688a9ec165,90.81,1410,1593,0,0,73511,40,P0,500.00,Not Active,Not Active,Not Active,Not Active
2026/07/25 10:27:16.183,2026/07/25 10:27:16.168,2026/07/25 10:27:16.198,1,GPU-713d5b24-2a1e-fd4a-7685-c3d195ff9230,85.33,1410,1593,20,10,73511,39,P0,500.00,Not Active,Not Active,Not Active,Not Active
2026/07/25 10:27:16.441,2026/07/25 10:27:16.418,2026/07/25 10:27:16.465,0,GPU-c5d32af0-0857-3b36-6541-1a688a9ec165,390.56,1410,1593,0,0,73511,50,P0,500.00,Not Active,Not Active,Not Active,Not Active
2026/07/25 10:27:16.441,2026/07/25 10:27:16.418,2026/07/25 10:27:16.465,1,GPU-713d5b24-2a1e-fd4a-7685-c3d195ff9230,84.74,1410,1593,0,0,73511,37,P0,500.00,Not Active,Not Active,Not Active,Not Active
2026/07/25 10:27:16.683,2026/07/25 10:27:16.668,2026/07/25 10:27:16.698,0,GPU-c5d32af0-0857-3b36-6541-1a688a9ec165,380.21,1410,1593,100,15,73511,52,P0,500.00,Not Active,Not Active,Not Active,Not Active
2026/07/25 10:27:16.683,2026/07/25 10:27:16.668,2026/07/25 10:27:16.698,1,GPU-713d5b24-2a1e-fd4a-7685-c3d195ff9230,84.46,1410,1593,0,0,73511,37,P0,500.00,Not Active,Not Active,Not Active,Not Active
2026/07/25 10:27:16.934,2026/07/25 10:27:16.918,2026/07/25 10:27:16.950,0,GPU-c5d32af0-0857-3b36-6541-1a688a9ec165,104.08,1410,1593,90,12,73511,44,P0,500.00,Not Active,Not Active,Not Active,Not Active
2026/07/25 10:27:16.934,2026/07/25 10:27:16.918,2026/07/25 10:27:16.950,1,GPU-713d5b24-2a1e-fd4a-7685-c3d195ff9230,84.14,1410,1593,22,1,73511,39,P0,500.00,Not Active,Not Active,Not Active,Not Active
2026/07/25 10:27:17.210,2026/07/25 10:27:17.168,2026/07/25 10:27:17.253,0,GPU-c5d32af0-0857-3b36-6541-1a688a9ec165,92.00,1410,1593,0,0,73511,42,P0,500.00,Not Active,Not Active,Not Active,Not Active
2026/07/25 10:27:17.210,2026/07/25 10:27:17.168,2026/07/25 10:27:17.253,1,GPU-713d5b24-2a1e-fd4a-7685-c3d195ff9230,244.69,1410,1593,100,52,73511,41,P0,500.00,Not Active,Not Active,Not Active,Not Active
2026/07/25 10:27:17.433,2026/07/25 10:27:17.418,2026/07/25 10:27:17.449,0,GPU-c5d32af0-0857-3b36-6541-1a688a9ec165,91.68,1410,1593,0,0,73511,41,P0,500.00,Not Active,Not Active,Not Active,Not Active
2026/07/25 10:27:17.433,2026/07/25 10:27:17.418,2026/07/25 10:27:17.449,1,GPU-713d5b24-2a1e-fd4a-7685-c3d195ff9230,238.28,1410,1593,100,52,73511,42,P0,500.00,Not Active,Not Active,Not Active,Not Active
2026/07/25 10:27:17.685,2026/07/25 10:27:17.668,2026/07/25 10:27:17.702,0,GPU-c5d32af0-0857-3b36-6541-1a688a9ec165,91.17,1410,1593,0,0,73511,41,P0,500.00,Not Active,Not Active,Not Active,Not Active
2026/07/25 10:27:17.685,2026/07/25 10:27:17.668,2026/07/25 10:27:17.702,1,GPU-713d5b24-2a1e-fd4a-7685-c3d195ff9230,245.54,1410,1593,100,52,73511,43,P0,500.00,Not Active,Not Active,Not Active,Not Active
2026/07/25 10:27:17.935,2026/07/25 10:27:17.918,2026/07/25 10:27:17.952,0,GPU-c5d32af0-0857-3b36-6541-1a688a9ec165,90.81,1410,1593,0,0,73511,40,P0,500.00,Not Active,Not Active,Not Active,Not Active
2026/07/25 10:27:17.935,2026/07/25 10:27:17.918,2026/07/25 10:27:17.952,1,GPU-713d5b24-2a1e-fd4a-7685-c3d195ff9230,242.24,1410,1593,100,52,73511,43,P0,500.00,Not Active,Not Active,Not Active,Not Active
2026/07/25 10:27:18.183,2026/07/25 10:27:18.168,2026/07/25 10:27:18.198,0,GPU-c5d32af0-0857-3b36-6541-1a688a9ec165,91.07,1410,1593,0,0,73511,40,P0,500.00,Not Active,Not Active,Not Active,Not Active
2026/07/25 10:27:18.183,2026/07/25 10:27:18.168,2026/07/25 10:27:18.198,1,GPU-713d5b24-2a1e-fd4a-7685-c3d195ff9230,249.84,1410,1593,100,52,73511,43,P0,500.00,Not Active,Not Active,Not Active,Not Active
2026/07/25 10:27:18.450,2026/07/25 10:27:18.418,2026/07/25 10:27:18.483,0,GPU-c5d32af0-0857-3b36-6541-1a688a9ec165,378.49,1410,1593,84,15,73511,48,P0,500.00,Not Active,Not Active,Not Active,Not Active
2026/07/25 10:27:18.450,2026/07/25 10:27:18.418,2026/07/25 10:27:18.483,1,GPU-713d5b24-2a1e-fd4a-7685-c3d195ff9230,84.97,1410,1593,57,30,73511,38,P0,500.00,Not Active,Not Active,Not Active,Not Active
2026/07/25 10:27:18.684,2026/07/25 10:27:18.668,2026/07/25 10:27:18.700,0,GPU-c5d32af0-0857-3b36-6541-1a688a9ec165,366.74,1410,1593,100,14,73511,52,P0,500.00,Not Active,Not Active,Not Active,Not Active
2026/07/25 10:27:18.684,2026/07/25 10:27:18.668,2026/07/25 10:27:18.700,1,GPU-713d5b24-2a1e-fd4a-7685-c3d195ff9230,84.74,1410,1593,0,0,73511,37,P0,500.00,Not Active,Not Active,Not Active,Not Active
2026/07/25 10:27:18.933,2026/07/25 10:27:18.918,2026/07/25 10:27:18.948,0,GPU-c5d32af0-0857-3b36-6541-1a688a9ec165,101.64,1410,1593,71,10,73511,44,P0,500.00,Not Active,Not Active,Not Active,Not Active
2026/07/25 10:27:18.933,2026/07/25 10:27:18.918,2026/07/25 10:27:18.948,1,GPU-713d5b24-2a1e-fd4a-7685-c3d195ff9230,233.19,1410,1593,32,7,73511,37,P0,500.00,Not Active,Not Active,Not Active,Not Active
2026/07/25 10:27:19.184,2026/07/25 10:27:19.168,2026/07/25 10:27:19.200,0,GPU-c5d32af0-0857-3b36-6541-1a688a9ec165,92.00,1410,1593,0,0,73511,42,P0,500.00,Not Active,Not Active,Not Active,Not Active
2026/07/25 10:27:19.184,2026/07/25 10:27:19.168,2026/07/25 10:27:19.200,1,GPU-713d5b24-2a1e-fd4a-7685-c3d195ff9230,241.32,1410,1593,100,52,73511,42,P0,500.00,Not Active,Not Active,Not Active,Not Active
2026/07/25 10:27:19.433,2026/07/25 10:27:19.418,2026/07/25 10:27:19.448,0,GPU-c5d32af0-0857-3b36-6541-1a688a9ec165,91.40,1410,1593,0,0,73511,41,P0,500.00,Not Active,Not Active,Not Active,Not Active
2026/07/25 10:27:19.433,2026/07/25 10:27:19.418,2026/07/25 10:27:19.448,1,GPU-713d5b24-2a1e-fd4a-7685-c3d195ff9230,242.58,1410,1593,100,53,73511,42,P0,500.00,Not Active,Not Active,Not Active,Not Active
2026/07/25 10:27:19.683,2026/07/25 10:27:19.668,2026/07/25 10:27:19.699,0,GPU-c5d32af0-0857-3b36-6541-1a688a9ec165,91.07,1410,1593,0,0,73511,41,P0,500.00,Not Active,Not Active,Not Active,Not Active
2026/07/25 10:27:19.683,2026/07/25 10:27:19.668,2026/07/25 10:27:19.699,1,GPU-713d5b24-2a1e-fd4a-7685-c3d195ff9230,246.48,1410,1593,100,52,73511,43,P0,500.00,Not Active,Not Active,Not Active,Not Active
2026/07/25 10:27:19.934,2026/07/25 10:27:19.918,2026/07/25 10:27:19.949,0,GPU-c5d32af0-0857-3b36-6541-1a688a9ec165,91.07,1410,1593,0,0,73511,40,P0,500.00,Not Active,Not Active,Not Active,Not Active
2026/07/25 10:27:19.934,2026/07/25 10:27:19.918,2026/07/25 10:27:19.949,1,GPU-713d5b24-2a1e-fd4a-7685-c3d195ff9230,243.16,1410,1593,100,52,73511,43,P0,500.00,Not Active,Not Active,Not Active,Not Active
2026/07/25 10:27:20.183,2026/07/25 10:27:20.168,2026/07/25 10:27:20.197,0,GPU-c5d32af0-0857-3b36-6541-1a688a9ec165,91.07,1410,1593,0,0,73511,40,P0,500.00,Not Active,Not Active,Not Active,Not Active
2026/07/25 10:27:20.183,2026/07/25 10:27:20.168,2026/07/25 10:27:20.197,1,GPU-713d5b24-2a1e-fd4a-7685-c3d195ff9230,244.02,1410,1593,100,52,73511,43,P0,500.00,Not Active,Not Active,Not Active,Not Active
2026/07/25 10:27:20.435,2026/07/25 10:27:20.418,2026/07/25 10:27:20.453,0,GPU-c5d32af0-0857-3b36-6541-1a688a9ec165,386.34,1410,1593,90,16,73511,48,P0,500.00,Not Active,Not Active,Not Active,Not Active
2026/07/25 10:27:20.435,2026/07/25 10:27:20.418,2026/07/25 10:27:20.453,1,GPU-713d5b24-2a1e-fd4a-7685-c3d195ff9230,247.72,1410,1593,100,52,73511,43,P0,500.00,Not Active,Not Active,Not Active,Not Active
2026/07/25 10:27:20.683,2026/07/25 10:27:20.668,2026/07/25 10:27:20.699,0,GPU-c5d32af0-0857-3b36-6541-1a688a9ec165,364.96,1410,1593,100,14,73511,52,P0,500.00,Not Active,Not Active,Not Active,Not Active
2026/07/25 10:27:20.683,2026/07/25 10:27:20.668,2026/07/25 10:27:20.699,1,GPU-713d5b24-2a1e-fd4a-7685-c3d195ff9230,84.74,1410,1593,52,27,73511,39,P0,500.00,Not Active,Not Active,Not Active,Not Active
2026/07/25 10:27:20.934,2026/07/25 10:27:20.918,2026/07/25 10:27:20.950,0,GPU-c5d32af0-0857-3b36-6541-1a688a9ec165,93.19,1410,1593,37,7,73511,43,P0,500.00,Not Active,Not Active,Not Active,Not Active
2026/07/25 10:27:20.934,2026/07/25 10:27:20.918,2026/07/25 10:27:20.950,1,GPU-713d5b24-2a1e-fd4a-7685-c3d195ff9230,184.00,1410,1593,0,0,73511,41,P0,500.00,Not Active,Not Active,Not Active,Not Active
2026/07/25 10:27:21.183,2026/07/25 10:27:21.168,2026/07/25 10:27:21.199,0,GPU-c5d32af0-0857-3b36-6541-1a688a9ec165,91.77,1410,1593,0,0,73511,42,P0,500.00,Not Active,Not Active,Not Active,Not Active
2026/07/25 10:27:21.183,2026/07/25 10:27:21.168,2026/07/25 10:27:21.199,1,GPU-713d5b24-2a1e-fd4a-7685-c3d195ff9230,246.46,1410,1593,66,26,73511,42,P0,500.00,Not Active,Not Active,Not Active,Not Active
2026/07/25 10:27:21.432,2026/07/25 10:27:21.418,2026/07/25 10:27:21.446,0,GPU-c5d32af0-0857-3b36-6541-1a688a9ec165,91.40,1410,1593,0,0,73511,41,P0,500.00,Not Active,Not Active,Not Active,Not Active
2026/07/25 10:27:21.432,2026/07/25 10:27:21.418,2026/07/25 10:27:21.446,1,GPU-713d5b24-2a1e-fd4a-7685-c3d195ff9230,248.58,1410,1593,100,53,73511,43,P0,500.00,Not Active,Not Active,Not Active,Not Active
2026/07/25 10:27:21.683,2026/07/25 10:27:21.668,2026/07/25 10:27:21.698,0,GPU-c5d32af0-0857-3b36-6541-1a688a9ec165,91.07,1410,1593,0,0,73511,40,P0,500.00,Not Active,Not Active,Not Active,Not Active
2026/07/25 10:27:21.683,2026/07/25 10:27:21.668,2026/07/25 10:27:21.698,1,GPU-713d5b24-2a1e-fd4a-7685-c3d195ff9230,242.58,1410,1593,100,53,73511,43,P0,500.00,Not Active,Not Active,Not Active,Not Active
2026/07/25 10:27:21.934,2026/07/25 10:27:21.918,2026/07/25 10:27:21.949,0,GPU-c5d32af0-0857-3b36-6541-1a688a9ec165,90.81,1410,1593,0,0,73511,40,P0,500.00,Not Active,Not Active,Not Active,Not Active
2026/07/25 10:27:21.934,2026/07/25 10:27:21.918,2026/07/25 10:27:21.949,1,GPU-713d5b24-2a1e-fd4a-7685-c3d195ff9230,245.29,1410,1593,100,53,73511,43,P0,500.00,Not Active,Not Active,Not Active,Not Active
2026/07/25 10:27:22.183,2026/07/25 10:27:22.168,2026/07/25 10:27:22.199,0,GPU-c5d32af0-0857-3b36-6541-1a688a9ec165,90.81,1410,1593,0,0,73511,40,P0,500.00,Not Active,Not Active,Not Active,Not Active
2026/07/25 10:27:22.183,2026/07/25 10:27:22.168,2026/07/25 10:27:22.199,1,GPU-713d5b24-2a1e-fd4a-7685-c3d195ff9230,87.17,1410,1593,28,15,73511,39,P0,500.00,Not Active,Not Active,Not Active,Not Active
2026/07/25 10:27:22.438,2026/07/25 10:27:22.418,2026/07/25 10:27:22.459,0,GPU-c5d32af0-0857-3b36-6541-1a688a9ec165,385.42,1410,1593,97,17,73511,50,P0,500.00,Not Active,Not Active,Not Active,Not Active
2026/07/25 10:27:22.438,2026/07/25 10:27:22.418,2026/07/25 10:27:22.459,1,GPU-713d5b24-2a1e-fd4a-7685-c3d195ff9230,84.14,1410,1593,0,0,73511,38,P0,500.00,Not Active,Not Active,Not Active,Not Active
2026/07/25 10:27:22.683,2026/07/25 10:27:22.668,2026/07/25 10:27:22.698,0,GPU-c5d32af0-0857-3b36-6541-1a688a9ec165,377.90,1410,1593,100,15,73511,52,P0,500.00,Not Active,Not Active,Not Active,Not Active
2026/07/25 10:27:22.683,2026/07/25 10:27:22.668,2026/07/25 10:27:22.698,1,GPU-713d5b24-2a1e-fd4a-7685-c3d195ff9230,84.14,1410,1593,0,0,73511,37,P0,500.00,Not Active,Not Active,Not Active,Not Active
2026/07/25 10:27:22.933,2026/07/25 10:27:22.918,2026/07/25 10:27:22.949,0,GPU-c5d32af0-0857-3b36-6541-1a688a9ec165,92.92,1410,1593,19,4,73511,44,P0,500.00,Not Active,Not Active,Not Active,Not Active
2026/07/25 10:27:22.933,2026/07/25 10:27:22.918,2026/07/25 10:27:22.949,1,GPU-713d5b24-2a1e-fd4a-7685-c3d195ff9230,243.18,1410,1593,2,0,73511,40,P0,500.00,Not Active,Not Active,Not Active,Not Active
2026/07/25 10:27:23.182,2026/07/25 10:27:23.168,2026/07/25 10:27:23.196,0,GPU-c5d32af0-0857-3b36-6541-1a688a9ec165,91.68,1410,1593,0,0,73511,41,P0,500.00,Not Active,Not Active,Not Active,Not Active
2026/07/25 10:27:23.182,2026/07/25 10:27:23.168,2026/07/25 10:27:23.196,1,GPU-713d5b24-2a1e-fd4a-7685-c3d195ff9230,244.02,1410,1593,100,53,73511,42,P0,500.00,Not Active,Not Active,Not Active,Not Active
2026/07/25 10:27:23.434,2026/07/25 10:27:23.418,2026/07/25 10:27:23.450,0,GPU-c5d32af0-0857-3b36-6541-1a688a9ec165,91.40,1410,1593,0,0,73511,41,P0,500.00,Not Active,Not Active,Not Active,Not Active
2026/07/25 10:27:23.434,2026/07/25 10:27:23.418,2026/07/25 10:27:23.450,1,GPU-713d5b24-2a1e-fd4a-7685-c3d195ff9230,246.21,1410,1593,100,53,73511,43,P0,500.00,Not Active,Not Active,Not Active,Not Active
2026/07/25 10:27:23.682,2026/07/25 10:27:23.668,2026/07/25 10:27:23.697,0,GPU-c5d32af0-0857-3b36-6541-1a688a9ec165,90.81,1410,1593,0,0,73511,40,P0,500.00,Not Active,Not Active,Not Active,Not Active
2026/07/25 10:27:23.682,2026/07/25 10:27:23.668,2026/07/25 10:27:23.697,1,GPU-713d5b24-2a1e-fd4a-7685-c3d195ff9230,247.99,1410,1593,100,53,73511,43,P0,500.00,Not Active,Not Active,Not Active,Not Active
2026/07/25 10:27:23.933,2026/07/25 10:27:23.918,2026/07/25 10:27:23.948,0,GPU-c5d32af0-0857-3b36-6541-1a688a9ec165,91.07,1410,1593,0,0,73511,40,P0,500.00,Not Active,Not Active,Not Active,Not Active
2026/07/25 10:27:23.933,2026/07/25 10:27:23.918,2026/07/25 10:27:23.948,1,GPU-713d5b24-2a1e-fd4a-7685-c3d195ff9230,249.18,1410,1593,100,53,73511,41,P0,500.00,Not Active,Not Active,Not Active,Not Active
2026/07/25 10:27:24.181,2026/07/25 10:27:24.168,2026/07/25 10:27:24.194,0,GPU-c5d32af0-0857-3b36-6541-1a688a9ec165,90.81,1410,1593,0,0,73511,40,P0,500.00,Not Active,Not Active,Not Active,Not Active
2026/07/25 10:27:24.181,2026/07/25 10:27:24.168,2026/07/25 10:27:24.194,1,GPU-713d5b24-2a1e-fd4a-7685-c3d195ff9230,84.46,1410,1593,0,0,73511,38,P0,500.00,Not Active,Not Active,Not Active,Not Active
2026/07/25 10:27:24.441,2026/07/25 10:27:24.418,2026/07/25 10:27:24.463,0,GPU-c5d32af0-0857-3b36-6541-1a688a9ec165,347.15,1410,1593,0,0,73511,48,P0,500.00,Not Active,Not Active,Not Active,Not Active
2026/07/25 10:27:24.441,2026/07/25 10:27:24.418,2026/07/25 10:27:24.463,1,GPU-713d5b24-2a1e-fd4a-7685-c3d195ff9230,84.14,1410,1593,0,0,73511,37,P0,500.00,Not Active,Not Active,Not Active,Not Active
2026/07/25 10:27:24.684,2026/07/25 10:27:24.668,2026/07/25 10:27:24.700,0,GPU-c5d32af0-0857-3b36-6541-1a688a9ec165,386.01,1410,1593,100,14,73511,52,P0,500.00,Not Active,Not Active,Not Active,Not Active
2026/07/25 10:27:24.684,2026/07/25 10:27:24.668,2026/07/25 10:27:24.700,1,GPU-713d5b24-2a1e-fd4a-7685-c3d195ff9230,83.82,1410,1593,0,0,73511,37,P0,500.00,Not Active,Not Active,Not Active,Not Active
2026/07/25 10:27:24.934,2026/07/25 10:27:24.918,2026/07/25 10:27:24.950,0,GPU-c5d32af0-0857-3b36-6541-1a688a9ec165,367.34,1410,1593,100,12,73511,53,P0,500.00,Not Active,Not Active,Not Active,Not Active
2026/07/25 10:27:24.934,2026/07/25 10:27:24.918,2026/07/25 10:27:24.950,1,GPU-713d5b24-2a1e-fd4a-7685-c3d195ff9230,83.82,1410,1593,0,0,73511,36,P0,500.00,Not Active,Not Active,Not Active,Not Active
2026/07/25 10:27:25.183,2026/07/25 10:27:25.168,2026/07/25 10:27:25.197,0,GPU-c5d32af0-0857-3b36-6541-1a688a9ec165,92.00,1410,1593,44,5,73511,44,P0,500.00,Not Active,Not Active,Not Active,Not Active
2026/07/25 10:27:25.183,2026/07/25 10:27:25.168,2026/07/25 10:27:25.197,1,GPU-713d5b24-2a1e-fd4a-7685-c3d195ff9230,239.80,1410,1593,0,0,73511,40,P0,500.00,Not Active,Not Active,Not Active,Not Active
2026/07/25 10:27:25.431,2026/07/25 10:27:25.418,2026/07/25 10:27:25.444,0,GPU-c5d32af0-0857-3b36-6541-1a688a9ec165,91.40,1410,1593,0,0,73511,42,P0,500.00,Not Active,Not Active,Not Active,Not Active
2026/07/25 10:27:25.431,2026/07/25 10:27:25.418,2026/07/25 10:27:25.444,1,GPU-713d5b24-2a1e-fd4a-7685-c3d195ff9230,245.54,1410,1593,100,52,73511,42,P0,500.00,Not Active,Not Active,Not Active,Not Active
2026/07/25 10:27:25.682,2026/07/25 10:27:25.668,2026/07/25 10:27:25.696,0,GPU-c5d32af0-0857-3b36-6541-1a688a9ec165,91.07,1410,1593,0,0,73511,41,P0,500.00,Not Active,Not Active,Not Active,Not Active
2026/07/25 10:27:25.682,2026/07/25 10:27:25.668,2026/07/25 10:27:25.696,1,GPU-713d5b24-2a1e-fd4a-7685-c3d195ff9230,240.15,1410,1593,100,52,73511,42,P0,500.00,Not Active,Not Active,Not Active,Not Active
2026/07/25 10:27:25.934,2026/07/25 10:27:25.918,2026/07/25 10:27:25.950,0,GPU-c5d32af0-0857-3b36-6541-1a688a9ec165,90.48,1410,1593,0,0,73511,41,P0,500.00,Not Active,Not Active,Not Active,Not Active
2026/07/25 10:27:25.934,2026/07/25 10:27:25.918,2026/07/25 10:27:25.950,1,GPU-713d5b24-2a1e-fd4a-7685-c3d195ff9230,239.80,1410,1593,100,52,73511,43,P0,500.00,Not Active,Not Active,Not Active,Not Active
2026/07/25 10:27:26.183,2026/07/25 10:27:26.168,2026/07/25 10:27:26.199,0,GPU-c5d32af0-0857-3b36-6541-1a688a9ec165,90.48,1410,1593,0,0,73511,40,P0,500.00,Not Active,Not Active,Not Active,Not Active
2026/07/25 10:27:26.183,2026/07/25 10:27:26.168,2026/07/25 10:27:26.199,1,GPU-713d5b24-2a1e-fd4a-7685-c3d195ff9230,244.95,1410,1593,100,52,73511,43,P0,500.00,Not Active,Not Active,Not Active,Not Active
2026/07/25 10:27:26.435,2026/07/25 10:27:26.418,2026/07/25 10:27:26.452,0,GPU-c5d32af0-0857-3b36-6541-1a688a9ec165,379.28,1410,1593,11,2,73511,49,P0,500.00,Not Active,Not Active,Not Active,Not Active
2026/07/25 10:27:26.435,2026/07/25 10:27:26.418,2026/07/25 10:27:26.452,1,GPU-713d5b24-2a1e-fd4a-7685-c3d195ff9230,240.47,1410,1593,100,52,73511,43,P0,500.00,Not Active,Not Active,Not Active,Not Active
2026/07/25 10:27:26.682,2026/07/25 10:27:26.668,2026/07/25 10:27:26.697,0,GPU-c5d32af0-0857-3b36-6541-1a688a9ec165,385.15,1410,1593,100,14,73511,52,P0,500.00,Not Active,Not Active,Not Active,Not Active
2026/07/25 10:27:26.682,2026/07/25 10:27:26.668,2026/07/25 10:27:26.697,1,GPU-713d5b24-2a1e-fd4a-7685-c3d195ff9230,244.10,1410,1593,100,52,73511,39,P0,500.00,Not Active,Not Active,Not Active,Not Active
2026/07/25 10:27:26.935,2026/07/25 10:27:26.918,2026/07/25 10:27:26.951,0,GPU-c5d32af0-0857-3b36-6541-1a688a9ec165,98.93,1410,1593,67,8,73511,46,P0,500.00,Not Active,Not Active,Not Active,Not Active
2026/07/25 10:27:26.935,2026/07/25 10:27:26.918,2026/07/25 10:27:26.951,1,GPU-713d5b24-2a1e-fd4a-7685-c3d195ff9230,93.78,1410,1593,8,4,73511,39,P0,500.00,Not Active,Not Active,Not Active,Not Active
2026/07/25 10:27:27.183,2026/07/25 10:27:27.168,2026/07/25 10:27:27.198,0,GPU-c5d32af0-0857-3b36-6541-1a688a9ec165,92.59,1410,1593,0,0,73511,43,P0,500.00,Not Active,Not Active,Not Active,Not Active
2026/07/25 10:27:27.183,2026/07/25 10:27:27.168,2026/07/25 10:27:27.198,1,GPU-713d5b24-2a1e-fd4a-7685-c3d195ff9230,239.53,1410,1593,100,52,73511,42,P0,500.00,Not Active,Not Active,Not Active,Not Active
2026/07/25 10:27:27.432,2026/07/25 10:27:27.418,2026/07/25 10:27:27.446,0,GPU-c5d32af0-0857-3b36-6541-1a688a9ec165,91.07,1410,1593,0,0,73511,41,P0,500.00,Not Active,Not Active,Not Active,Not Active
2026/07/25 10:27:27.432,2026/07/25 10:27:27.418,2026/07/25 10:27:27.446,1,GPU-713d5b24-2a1e-fd4a-7685-c3d195ff9230,244.36,1410,1593,100,52,73511,43,P0,500.00,Not Active,Not Active,Not Active,Not Active
2026/07/25 10:27:27.683,2026/07/25 10:27:27.668,2026/07/25 10:27:27.699,0,GPU-c5d32af0-0857-3b36-6541-1a688a9ec165,90.81,1410,1593,0,0,73511,41,P0,500.00,Not Active,Not Active,Not Active,Not Active
2026/07/25 10:27:27.683,2026/07/25 10:27:27.668,2026/07/25 10:27:27.699,1,GPU-713d5b24-2a1e-fd4a-7685-c3d195ff9230,245.62,1410,1593,100,52,73511,43,P0,500.00,Not Active,Not Active,Not Active,Not Active
2026/07/25 10:27:27.961,2026/07/25 10:27:27.918,2026/07/25 10:27:28.005,0,GPU-c5d32af0-0857-3b36-6541-1a688a9ec165,94.11,1410,1593,0,0,73511,40,P0,500.00,Not Active,Not Active,Not Active,Not Active
2026/07/25 10:27:27.961,2026/07/25 10:27:27.918,2026/07/25 10:27:28.005,1,GPU-713d5b24-2a1e-fd4a-7685-c3d195ff9230,250.10,1410,1593,100,52,73511,43,P0,500.00,Not Active,Not Active,Not Active,Not Active
2026/07/25 10:27:28.184,2026/07/25 10:27:28.168,2026/07/25 10:27:28.200,0,GPU-c5d32af0-0857-3b36-6541-1a688a9ec165,90.48,1410,1593,0,0,73511,40,P0,500.00,Not Active,Not Active,Not Active,Not Active
2026/07/25 10:27:28.184,2026/07/25 10:27:28.168,2026/07/25 10:27:28.200,1,GPU-713d5b24-2a1e-fd4a-7685-c3d195ff9230,239.21,1410,1593,100,52,73511,43,P0,500.00,Not Active,Not Active,Not Active,Not Active
2026/07/25 10:27:28.435,2026/07/25 10:27:28.418,2026/07/25 10:27:28.453,0,GPU-c5d32af0-0857-3b36-6541-1a688a9ec165,383.50,1410,1593,13,3,73511,50,P0,500.00,Not Active,Not Active,Not Active,Not Active
2026/07/25 10:27:28.435,2026/07/25 10:27:28.418,2026/07/25 10:27:28.453,1,GPU-713d5b24-2a1e-fd4a-7685-c3d195ff9230,85.06,1410,1593,37,19,73511,39,P0,500.00,Not Active,Not Active,Not Active,Not Active
2026/07/25 10:27:28.684,2026/07/25 10:27:28.668,2026/07/25 10:27:28.700,0,GPU-c5d32af0-0857-3b36-6541-1a688a9ec165,381.79,1410,1593,100,17,73511,52,P0,500.00,Not Active,Not Active,Not Active,Not Active
2026/07/25 10:27:28.684,2026/07/25 10:27:28.668,2026/07/25 10:27:28.700,1,GPU-713d5b24-2a1e-fd4a-7685-c3d195ff9230,84.14,1410,1593,0,0,73511,38,P0,500.00,Not Active,Not Active,Not Active,Not Active
2026/07/25 10:27:28.935,2026/07/25 10:27:28.918,2026/07/25 10:27:28.952,0,GPU-c5d32af0-0857-3b36-6541-1a688a9ec165,376.37,1410,1593,100,14,73511,53,P0,500.00,Not Active,Not Active,Not Active,Not Active
2026/07/25 10:27:28.935,2026/07/25 10:27:28.918,2026/07/25 10:27:28.952,1,GPU-713d5b24-2a1e-fd4a-7685-c3d195ff9230,84.14,1410,1593,0,0,73511,37,P0,500.00,Not Active,Not Active,Not Active,Not Active
2026/07/25 10:27:29.184,2026/07/25 10:27:29.168,2026/07/25 10:27:29.201,0,GPU-c5d32af0-0857-3b36-6541-1a688a9ec165,100.45,1410,1593,56,6,73511,44,P0,500.00,Not Active,Not Active,Not Active,Not Active
2026/07/25 10:27:29.184,2026/07/25 10:27:29.168,2026/07/25 10:27:29.201,1,GPU-713d5b24-2a1e-fd4a-7685-c3d195ff9230,239.21,1410,1593,0,0,73511,39,P0,500.00,Not Active,Not Active,Not Active,Not Active
2026/07/25 10:27:29.433,2026/07/25 10:27:29.418,2026/07/25 10:27:29.449,0,GPU-c5d32af0-0857-3b36-6541-1a688a9ec165,92.27,1410,1593,0,0,73511,42,P0,500.00,Not Active,Not Active,Not Active,Not Active
2026/07/25 10:27:29.433,2026/07/25 10:27:29.418,2026/07/25 10:27:29.449,1,GPU-713d5b24-2a1e-fd4a-7685-c3d195ff9230,240.12,1410,1593,100,52,73511,42,P0,500.00,Not Active,Not Active,Not Active,Not Active
2026/07/25 10:27:29.684,2026/07/25 10:27:29.668,2026/07/25 10:27:29.701,0,GPU-c5d32af0-0857-3b36-6541-1a688a9ec165,91.07,1410,1593,0,0,73511,41,P0,500.00,Not Active,Not Active,Not Active,Not Active
2026/07/25 10:27:29.684,2026/07/25 10:27:29.668,2026/07/25 10:27:29.701,1,GPU-713d5b24-2a1e-fd4a-7685-c3d195ff9230,242.26,1410,1593,100,52,73511,42,P0,500.00,Not Active,Not Active,Not Active,Not Active
2026/07/25 10:27:29.936,2026/07/25 10:27:29.918,2026/07/25 10:27:29.953,0,GPU-c5d32af0-0857-3b36-6541-1a688a9ec165,90.81,1410,1593,0,0,73511,41,P0,500.00,Not Active,Not Active,Not Active,Not Active
2026/07/25 10:27:29.936,2026/07/25 10:27:29.918,2026/07/25 10:27:29.953,1,GPU-713d5b24-2a1e-fd4a-7685-c3d195ff9230,241.65,1410,1593,100,51,73511,43,P0,500.00,Not Active,Not Active,Not Active,Not Active
2026/07/25 10:27:30.183,2026/07/25 10:27:30.168,2026/07/25 10:27:30.197,0,GPU-c5d32af0-0857-3b36-6541-1a688a9ec165,90.81,1410,1593,0,0,73511,41,P0,500.00,Not Active,Not Active,Not Active,Not Active
2026/07/25 10:27:30.183,2026/07/25 10:27:30.168,2026/07/25 10:27:30.197,1,GPU-713d5b24-2a1e-fd4a-7685-c3d195ff9230,240.47,1410,1593,100,51,73511,43,P0,500.00,Not Active,Not Active,Not Active,Not Active
2026/07/25 10:27:30.433,2026/07/25 10:27:30.418,2026/07/25 10:27:30.449,0,GPU-c5d32af0-0857-3b36-6541-1a688a9ec165,391.15,1410,1593,26,5,73511,51,P0,500.00,Not Active,Not Active,Not Active,Not Active
2026/07/25 10:27:30.433,2026/07/25 10:27:30.418,2026/07/25 10:27:30.449,1,GPU-713d5b24-2a1e-fd4a-7685-c3d195ff9230,84.74,1410,1593,100,51,73511,39,P0,500.00,Not Active,Not Active,Not Active,Not Active
2026/07/25 10:27:30.683,2026/07/25 10:27:30.668,2026/07/25 10:27:30.698,0,GPU-c5d32af0-0857-3b36-6541-1a688a9ec165,370.58,1410,1593,100,17,73511,53,P0,500.00,Not Active,Not Active,Not Active,Not Active
2026/07/25 10:27:30.683,2026/07/25 10:27:30.668,2026/07/25 10:27:30.698,1,GPU-713d5b24-2a1e-fd4a-7685-c3d195ff9230,84.46,1410,1593,0,0,73511,37,P0,500.00,Not Active,Not Active,Not Active,Not Active
2026/07/25 10:27:30.944,2026/07/25 10:27:30.918,2026/07/25 10:27:30.970,0,GPU-c5d32af0-0857-3b36-6541-1a688a9ec165,99.20,1410,1593,37,5,73511,45,P0,500.00,Not Active,Not Active,Not Active,Not Active
2026/07/25 10:27:30.944,2026/07/25 10:27:30.918,2026/07/25 10:27:30.970,1,GPU-713d5b24-2a1e-fd4a-7685-c3d195ff9230,90.81,1410,1593,61,22,73511,37,P0,500.00,Not Active,Not Active,Not Active,Not Active
2026/07/25 10:27:31.183,2026/07/25 10:27:31.168,2026/07/25 10:27:31.198,0,GPU-c5d32af0-0857-3b36-6541-1a688a9ec165,91.68,1410,1593,0,0,73511,42,P0,500.00,Not Active,Not Active,Not Active,Not Active
2026/07/25 10:27:31.183,2026/07/25 10:27:31.168,2026/07/25 10:27:31.198,1,GPU-713d5b24-2a1e-fd4a-7685-c3d195ff9230,241.40,1410,1593,100,52,73511,42,P0,500.00,Not Active,Not Active,Not Active,Not Active
2026/07/25 10:27:31.433,2026/07/25 10:27:31.418,2026/07/25 10:27:31.449,0,GPU-c5d32af0-0857-3b36-6541-1a688a9ec165,91.68,1410,1593,0,0,73511,41,P0,500.00,Not Active,Not Active,Not Active,Not Active
2026/07/25 10:27:31.433,2026/07/25 10:27:31.418,2026/07/25 10:27:31.449,1,GPU-713d5b24-2a1e-fd4a-7685-c3d195ff9230,243.43,1410,1593,100,53,73511,42,P0,500.00,Not Active,Not Active,Not Active,Not Active
2026/07/25 10:27:31.682,2026/07/25 10:27:31.668,2026/07/25 10:27:31.697,0,GPU-c5d32af0-0857-3b36-6541-1a688a9ec165,90.81,1410,1593,0,0,73511,41,P0,500.00,Not Active,Not Active,Not Active,Not Active
2026/07/25 10:27:31.682,2026/07/25 10:27:31.668,2026/07/25 10:27:31.697,1,GPU-713d5b24-2a1e-fd4a-7685-c3d195ff9230,243.16,1410,1593,100,52,73511,43,P0,500.00,Not Active,Not Active,Not Active,Not Active
2026/07/25 10:27:31.931,2026/07/25 10:27:31.918,2026/07/25 10:27:31.945,0,GPU-c5d32af0-0857-3b36-6541-1a688a9ec165,90.81,1410,1593,0,0,73511,40,P0,500.00,Not Active,Not Active,Not Active,Not Active
2026/07/25 10:27:31.931,2026/07/25 10:27:31.918,2026/07/25 10:27:31.945,1,GPU-713d5b24-2a1e-fd4a-7685-c3d195ff9230,245.87,1410,1593,100,52,73511,43,P0,500.00,Not Active,Not Active,Not Active,Not Active
2026/07/25 10:27:32.184,2026/07/25 10:27:32.168,2026/07/25 10:27:32.199,0,GPU-c5d32af0-0857-3b36-6541-1a688a9ec165,91.68,1410,1593,0,0,73511,40,P0,500.00,Not Active,Not Active,Not Active,Not Active
2026/07/25 10:27:32.184,2026/07/25 10:27:32.168,2026/07/25 10:27:32.199,1,GPU-713d5b24-2a1e-fd4a-7685-c3d195ff9230,241.65,1410,1593,100,52,73511,43,P0,500.00,Not Active,Not Active,Not Active,Not Active
2026/07/25 10:27:32.434,2026/07/25 10:27:32.418,2026/07/25 10:27:32.449,0,GPU-c5d32af0-0857-3b36-6541-1a688a9ec165,395.70,1410,1593,30,6,73511,50,P0,500.00,Not Active,Not Active,Not Active,Not Active
2026/07/25 10:27:32.434,2026/07/25 10:27:32.418,2026/07/25 10:27:32.449,1,GPU-713d5b24-2a1e-fd4a-7685-c3d195ff9230,101.64,1410,1593,93,49,73511,41,P0,500.00,Not Active,Not Active,Not Active,Not Active
2026/07/25 10:27:32.687,2026/07/25 10:27:32.668,2026/07/25 10:27:32.706,0,GPU-c5d32af0-0857-3b36-6541-1a688a9ec165,381.79,1410,1593,100,17,73511,52,P0,500.00,Not Active,Not Active,Not Active,Not Active
2026/07/25 10:27:32.687,2026/07/25 10:27:32.668,2026/07/25 10:27:32.706,1,GPU-713d5b24-2a1e-fd4a-7685-c3d195ff9230,84.46,1410,1593,0,0,73511,38,P0,500.00,Not Active,Not Active,Not Active,Not Active
2026/07/25 10:27:32.935,2026/07/25 10:27:32.918,2026/07/25 10:27:32.953,0,GPU-c5d32af0-0857-3b36-6541-1a688a9ec165,377.90,1410,1593,77,11,73511,48,P0,500.00,Not Active,Not Active,Not Active,Not Active
2026/07/25 10:27:32.935,2026/07/25 10:27:32.918,2026/07/25 10:27:32.953,1,GPU-713d5b24-2a1e-fd4a-7685-c3d195ff9230,84.14,1410,1593,0,0,73511,37,P0,500.00,Not Active,Not Active,Not Active,Not Active
2026/07/25 10:27:33.182,2026/07/25 10:27:33.168,2026/07/25 10:27:33.197,0,GPU-c5d32af0-0857-3b36-6541-1a688a9ec165,93.78,1410,1593,0,0,73511,43,P0,500.00,Not Active,Not Active,Not Active,Not Active
2026/07/25 10:27:33.182,2026/07/25 10:27:33.168,2026/07/25 10:27:33.197,1,GPU-713d5b24-2a1e-fd4a-7685-c3d195ff9230,236.18,1410,1593,22,0,73511,41,P0,500.00,Not Active,Not Active,Not Active,Not Active
2026/07/25 10:27:33.433,2026/07/25 10:27:33.418,2026/07/25 10:27:33.448,0,GPU-c5d32af0-0857-3b36-6541-1a688a9ec165,91.40,1410,1593,0,0,73511,42,P0,500.00,Not Active,Not Active,Not Active,Not Active
2026/07/25 10:27:33.433,2026/07/25 10:27:33.418,2026/07/25 10:27:33.448,1,GPU-713d5b24-2a1e-fd4a-7685-c3d195ff9230,246.14,1410,1593,100,52,73511,42,P0,500.00,Not Active,Not Active,Not Active,Not Active
2026/07/25 10:27:33.683,2026/07/25 10:27:33.668,2026/07/25 10:27:33.698,0,GPU-c5d32af0-0857-3b36-6541-1a688a9ec165,91.07,1410,1593,0,0,73511,41,P0,500.00,Not Active,Not Active,Not Active,Not Active
2026/07/25 10:27:33.683,2026/07/25 10:27:33.668,2026/07/25 10:27:33.698,1,GPU-713d5b24-2a1e-fd4a-7685-c3d195ff9230,242.24,1410,1593,100,52,73511,43,P0,500.00,Not Active,Not Active,Not Active,Not Active
2026/07/25 10:27:33.934,2026/07/25 10:27:33.918,2026/07/25 10:27:33.951,0,GPU-c5d32af0-0857-3b36-6541-1a688a9ec165,90.81,1410,1593,0,0,73511,41,P0,500.00,Not Active,Not Active,Not Active,Not Active
2026/07/25 10:27:33.934,2026/07/25 10:27:33.918,2026/07/25 10:27:33.951,1,GPU-713d5b24-2a1e-fd4a-7685-c3d195ff9230,244.62,1410,1593,100,52,73511,43,P0,500.00,Not Active,Not Active,Not Active,Not Active
2026/07/25 10:27:34.184,2026/07/25 10:27:34.168,2026/07/25 10:27:34.201,0,GPU-c5d32af0-0857-3b36-6541-1a688a9ec165,90.48,1410,1593,0,0,73511,40,P0,500.00,Not Active,Not Active,Not Active,Not Active
2026/07/25 10:27:34.184,2026/07/25 10:27:34.168,2026/07/25 10:27:34.201,1,GPU-713d5b24-2a1e-fd4a-7685-c3d195ff9230,244.37,1410,1593,100,52,73511,43,P0,500.00,Not Active,Not Active,Not Active,Not Active
2026/07/25 10:27:34.435,2026/07/25 10:27:34.418,2026/07/25 10:27:34.452,0,GPU-c5d32af0-0857-3b36-6541-1a688a9ec165,386.66,1410,1593,39,8,73511,49,P0,500.00,Not Active,Not Active,Not Active,Not Active
2026/07/25 10:27:34.435,2026/07/25 10:27:34.418,2026/07/25 10:27:34.452,1,GPU-713d5b24-2a1e-fd4a-7685-c3d195ff9230,99.53,1410,1593,100,52,73511,42,P0,500.00,Not Active,Not Active,Not Active,Not Active
2026/07/25 10:27:34.685,2026/07/25 10:27:34.668,2026/07/25 10:27:34.701,0,GPU-c5d32af0-0857-3b36-6541-1a688a9ec165,370.96,1410,1593,100,17,73511,52,P0,500.00,Not Active,Not Active,Not Active,Not Active
2026/07/25 10:27:34.685,2026/07/25 10:27:34.668,2026/07/25 10:27:34.701,1,GPU-713d5b24-2a1e-fd4a-7685-c3d195ff9230,84.74,1410,1593,0,0,73511,38,P0,500.00,Not Active,Not Active,Not Active,Not Active
2026/07/25 10:27:34.934,2026/07/25 10:27:34.918,2026/07/25 10:27:34.949,0,GPU-c5d32af0-0857-3b36-6541-1a688a9ec165,369.45,1410,1593,100,12,73511,53,P0,500.00,Not Active,Not Active,Not Active,Not Active
2026/07/25 10:27:34.934,2026/07/25 10:27:34.918,2026/07/25 10:27:34.949,1,GPU-713d5b24-2a1e-fd4a-7685-c3d195ff9230,84.38,1410,1593,0,0,73511,37,P0,500.00,Not Active,Not Active,Not Active,Not Active
2026/07/25 10:27:35.182,2026/07/25 10:27:35.168,2026/07/25 10:27:35.197,0,GPU-c5d32af0-0857-3b36-6541-1a688a9ec165,101.32,1410,1593,100,12,73511,45,P0,500.00,Not Active,Not Active,Not Active,Not Active
2026/07/25 10:27:35.182,2026/07/25 10:27:35.168,2026/07/25 10:27:35.197,1,GPU-713d5b24-2a1e-fd4a-7685-c3d195ff9230,92.00,1410,1593,54,15,73511,37,P0,500.00,Not Active,Not Active,Not Active,Not Active
2026/07/25 10:27:35.433,2026/07/25 10:27:35.418,2026/07/25 10:27:35.449,0,GPU-c5d32af0-0857-3b36-6541-1a688a9ec165,92.00,1410,1593,0,0,73511,42,P0,500.00,Not Active,Not Active,Not Active,Not Active
2026/07/25 10:27:35.433,2026/07/25 10:27:35.418,2026/07/25 10:27:35.449,1,GPU-713d5b24-2a1e-fd4a-7685-c3d195ff9230,242.91,1410,1593,100,52,73511,42,P0,500.00,Not Active,Not Active,Not Active,Not Active
2026/07/25 10:27:35.685,2026/07/25 10:27:35.668,2026/07/25 10:27:35.702,0,GPU-c5d32af0-0857-3b36-6541-1a688a9ec165,91.07,1410,1593,0,0,73511,41,P0,500.00,Not Active,Not Active,Not Active,Not Active
2026/07/25 10:27:35.685,2026/07/25 10:27:35.668,2026/07/25 10:27:35.702,1,GPU-713d5b24-2a1e-fd4a-7685-c3d195ff9230,244.62,1410,1593,100,52,73511,42,P0,500.00,Not Active,Not Active,Not Active,Not Active
2026/07/25 10:27:35.936,2026/07/25 10:27:35.918,2026/07/25 10:27:35.954,0,GPU-c5d32af0-0857-3b36-6541-1a688a9ec165,91.07,1410,1593,0,0,73511,41,P0,500.00,Not Active,Not Active,Not Active,Not Active
2026/07/25 10:27:35.936,2026/07/25 10:27:35.918,2026/07/25 10:27:35.954,1,GPU-713d5b24-2a1e-fd4a-7685-c3d195ff9230,243.50,1410,1593,100,52,73511,43,P0,500.00,Not Active,Not Active,Not Active,Not Active
2026/07/25 10:27:36.184,2026/07/25 10:27:36.168,2026/07/25 10:27:36.200,0,GPU-c5d32af0-0857-3b36-6541-1a688a9ec165,90.81,1410,1593,0,0,73511,41,P0,500.00,Not Active,Not Active,Not Active,Not Active
2026/07/25 10:27:36.184,2026/07/25 10:27:36.168,2026/07/25 10:27:36.200,1,GPU-713d5b24-2a1e-fd4a-7685-c3d195ff9230,245.87,1410,1593,100,52,73511,43,P0,500.00,Not Active,Not Active,Not Active,Not Active
2026/07/25 10:27:36.432,2026/07/25 10:27:36.418,2026/07/25 10:27:36.447,0,GPU-c5d32af0-0857-3b36-6541-1a688a9ec165,390.15,1410,1593,46,9,73511,50,P0,500.00,Not Active,Not Active,Not Active,Not Active
2026/07/25 10:27:36.432,2026/07/25 10:27:36.418,2026/07/25 10:27:36.447,1,GPU-713d5b24-2a1e-fd4a-7685-c3d195ff9230,152.63,1410,1593,53,28,73511,39,P0,500.00,Not Active,Not Active,Not Active,Not Active
2026/07/25 10:27:36.683,2026/07/25 10:27:36.668,2026/07/25 10:27:36.697,0,GPU-c5d32af0-0857-3b36-6541-1a688a9ec165,382.71,1410,1593,100,16,73511,53,P0,500.00,Not Active,Not Active,Not Active,Not Active
2026/07/25 10:27:36.683,2026/07/25 10:27:36.668,2026/07/25 10:27:36.697,1,GPU-713d5b24-2a1e-fd4a-7685-c3d195ff9230,84.74,1410,1593,0,0,73511,38,P0,500.00,Not Active,Not Active,Not Active,Not Active
2026/07/25 10:27:36.935,2026/07/25 10:27:36.918,2026/07/25 10:27:36.951,0,GPU-c5d32af0-0857-3b36-6541-1a688a9ec165,368.26,1410,1593,75,10,73511,53,P0,500.00,Not Active,Not Active,Not Active,Not Active
2026/07/25 10:27:36.935,2026/07/25 10:27:36.918,2026/07/25 10:27:36.951,1,GPU-713d5b24-2a1e-fd4a-7685-c3d195ff9230,84.14,1410,1593,0,0,73511,37,P0,500.00,Not Active,Not Active,Not Active,Not Active
2026/07/25 10:27:37.185,2026/07/25 10:27:37.168,2026/07/25 10:27:37.201,0,GPU-c5d32af0-0857-3b36-6541-1a688a9ec165,93.51,1410,1593,0,0,73511,43,P0,500.00,Not Active,Not Active,Not Active,Not Active
2026/07/25 10:27:37.185,2026/07/25 10:27:37.168,2026/07/25 10:27:37.201,1,GPU-713d5b24-2a1e-fd4a-7685-c3d195ff9230,237.17,1410,1593,22,0,73511,40,P0,500.00,Not Active,Not Active,Not Active,Not Active
2026/07/25 10:27:37.435,2026/07/25 10:27:37.418,2026/07/25 10:27:37.451,0,GPU-c5d32af0-0857-3b36-6541-1a688a9ec165,91.68,1410,1593,0,0,73511,42,P0,500.00,Not Active,Not Active,Not Active,Not Active
2026/07/25 10:27:37.435,2026/07/25 10:27:37.418,2026/07/25 10:27:37.451,1,GPU-713d5b24-2a1e-fd4a-7685-c3d195ff9230,239.87,1410,1593,100,52,73511,42,P0,500.00,Not Active,Not Active,Not Active,Not Active
2026/07/25 10:27:37.682,2026/07/25 10:27:37.668,2026/07/25 10:27:37.697,0,GPU-c5d32af0-0857-3b36-6541-1a688a9ec165,91.07,1410,1593,0,0,73511,41,P0,500.00,Not Active,Not Active,Not Active,Not Active
2026/07/25 10:27:37.682,2026/07/25 10:27:37.668,2026/07/25 10:27:37.697,1,GPU-713d5b24-2a1e-fd4a-7685-c3d195ff9230,242.26,1410,1593,100,52,73511,43,P0,500.00,Not Active,Not Active,Not Active,Not Active
2026/07/25 10:27:37.934,2026/07/25 10:27:37.918,2026/07/25 10:27:37.950,0,GPU-c5d32af0-0857-3b36-6541-1a688a9ec165,90.81,1410,1593,0,0,73511,41,P0,500.00,Not Active,Not Active,Not Active,Not Active
2026/07/25 10:27:37.934,2026/07/25 10:27:37.918,2026/07/25 10:27:37.950,1,GPU-713d5b24-2a1e-fd4a-7685-c3d195ff9230,246.14,1410,1593,100,52,73511,43,P0,500.00,Not Active,Not Active,Not Active,Not Active
2026/07/25 10:27:38.183,2026/07/25 10:27:38.168,2026/07/25 10:27:38.199,0,GPU-c5d32af0-0857-3b36-6541-1a688a9ec165,90.81,1410,1593,0,0,73511,41,P0,500.00,Not Active,Not Active,Not Active,Not Active
2026/07/25 10:27:38.183,2026/07/25 10:27:38.168,2026/07/25 10:27:38.199,1,GPU-713d5b24-2a1e-fd4a-7685-c3d195ff9230,246.48,1410,1593,100,52,73511,43,P0,500.00,Not Active,Not Active,Not Active,Not Active
2026/07/25 10:27:38.434,2026/07/25 10:27:38.418,2026/07/25 10:27:38.450,0,GPU-c5d32af0-0857-3b36-6541-1a688a9ec165,385.01,1410,1593,57,11,73511,47,P0,500.00,Not Active,Not Active,Not Active,Not Active
2026/07/25 10:27:38.434,2026/07/25 10:27:38.418,2026/07/25 10:27:38.450,1,GPU-713d5b24-2a1e-fd4a-7685-c3d195ff9230,85.33,1410,1593,100,52,73511,40,P0,500.00,Not Active,Not Active,Not Active,Not Active
2026/07/25 10:27:38.684,2026/07/25 10:27:38.668,2026/07/25 10:27:38.699,0,GPU-c5d32af0-0857-3b36-6541-1a688a9ec165,373.67,1410,1593,100,15,73511,53,P0,500.00,Not Active,Not Active,Not Active,Not Active
2026/07/25 10:27:38.684,2026/07/25 10:27:38.668,2026/07/25 10:27:38.699,1,GPU-713d5b24-2a1e-fd4a-7685-c3d195ff9230,84.46,1410,1593,0,0,73511,38,P0,500.00,Not Active,Not Active,Not Active,Not Active
2026/07/25 10:27:38.948,2026/07/25 10:27:38.918,2026/07/25 10:27:38.978,0,GPU-c5d32af0-0857-3b36-6541-1a688a9ec165,209.02,1410,1593,100,13,73511,53,P0,500.00,Not Active,Not Active,Not Active,Not Active
2026/07/25 10:27:38.948,2026/07/25 10:27:38.918,2026/07/25 10:27:38.978,1,GPU-713d5b24-2a1e-fd4a-7685-c3d195ff9230,84.14,1410,1593,0,0,73511,37,P0,500.00,Not Active,Not Active,Not Active,Not Active
2026/07/25 10:27:39.202,2026/07/25 10:27:39.168,2026/07/25 10:27:39.236,0,GPU-c5d32af0-0857-3b36-6541-1a688a9ec165,94.98,1410,1593,0,0,73511,44,P0,500.00,Not Active,Not Active,Not Active,Not Active
2026/07/25 10:27:39.202,2026/07/25 10:27:39.168,2026/07/25 10:27:39.236,1,GPU-713d5b24-2a1e-fd4a-7685-c3d195ff9230,242.83,1410,1593,31,5,73511,41,P0,500.00,Not Active,Not Active,Not Active,Not Active
2026/07/25 10:27:39.433,2026/07/25 10:27:39.418,2026/07/25 10:27:39.447,0,GPU-c5d32af0-0857-3b36-6541-1a688a9ec165,91.40,1410,1593,0,0,73511,42,P0,500.00,Not Active,Not Active,Not Active,Not Active
2026/07/25 10:27:39.433,2026/07/25 10:27:39.418,2026/07/25 10:27:39.447,1,GPU-713d5b24-2a1e-fd4a-7685-c3d195ff9230,243.76,1410,1593,100,52,73511,42,P0,500.00,Not Active,Not Active,Not Active,Not Active
2026/07/25 10:27:39.681,2026/07/25 10:27:39.668,2026/07/25 10:27:39.695,0,GPU-c5d32af0-0857-3b36-6541-1a688a9ec165,91.07,1410,1593,0,0,73511,41,P0,500.00,Not Active,Not Active,Not Active,Not Active
2026/07/25 10:27:39.681,2026/07/25 10:27:39.668,2026/07/25 10:27:39.695,1,GPU-713d5b24-2a1e-fd4a-7685-c3d195ff9230,240.80,1410,1593,100,52,73511,43,P0,500.00,Not Active,Not Active,Not Active,Not Active
2026/07/25 10:27:39.931,2026/07/25 10:27:39.918,2026/07/25 10:27:39.945,0,GPU-c5d32af0-0857-3b36-6541-1a688a9ec165,91.07,1410,1593,0,0,73511,41,P0,500.00,Not Active,Not Active,Not Active,Not Active
2026/07/25 10:27:39.931,2026/07/25 10:27:39.918,2026/07/25 10:27:39.945,1,GPU-713d5b24-2a1e-fd4a-7685-c3d195ff9230,240.47,1410,1593,100,52,73511,43,P0,500.00,Not Active,Not Active,Not Active,Not Active
2026/07/25 10:27:40.184,2026/07/25 10:27:40.168,2026/07/25 10:27:40.200,0,GPU-c5d32af0-0857-3b36-6541-1a688a9ec165,90.90,1410,1593,0,0,73511,41,P0,500.00,Not Active,Not Active,Not Active,Not Active
2026/07/25 10:27:40.184,2026/07/25 10:27:40.168,2026/07/25 10:27:40.200,1,GPU-713d5b24-2a1e-fd4a-7685-c3d195ff9230,243.50,1410,1593,100,52,73511,43,P0,500.00,Not Active,Not Active,Not Active,Not Active
2026/07/25 10:27:40.433,2026/07/25 10:27:40.418,2026/07/25 10:27:40.448,0,GPU-c5d32af0-0857-3b36-6541-1a688a9ec165,386.93,1410,1593,0,0,73511,50,P0,500.00,Not Active,Not Active,Not Active,Not Active
2026/07/25 10:27:40.433,2026/07/25 10:27:40.418,2026/07/25 10:27:40.448,1,GPU-713d5b24-2a1e-fd4a-7685-c3d195ff9230,85.06,1410,1593,0,0,73511,39,P0,500.00,Not Active,Not Active,Not Active,Not Active
2026/07/25 10:27:40.683,2026/07/25 10:27:40.668,2026/07/25 10:27:40.699,0,GPU-c5d32af0-0857-3b36-6541-1a688a9ec165,389.83,1410,1593,100,15,73511,53,P0,500.00,Not Active,Not Active,Not Active,Not Active
2026/07/25 10:27:40.683,2026/07/25 10:27:40.668,2026/07/25 10:27:40.699,1,GPU-713d5b24-2a1e-fd4a-7685-c3d195ff9230,84.46,1410,1593,0,0,73511,38,P0,500.00,Not Active,Not Active,Not Active,Not Active
2026/07/25 10:27:40.932,2026/07/25 10:27:40.918,2026/07/25 10:27:40.947,0,GPU-c5d32af0-0857-3b36-6541-1a688a9ec165,101.96,1410,1593,83,11,73511,44,P0,500.00,Not Active,Not Active,Not Active,Not Active
2026/07/25 10:27:40.932,2026/07/25 10:27:40.918,2026/07/25 10:27:40.947,1,GPU-713d5b24-2a1e-fd4a-7685-c3d195ff9230,246.46,1410,1593,13,0,73511,38,P0,500.00,Not Active,Not Active,Not Active,Not Active
2026/07/25 10:27:41.181,2026/07/25 10:27:41.168,2026/07/25 10:27:41.194,0,GPU-c5d32af0-0857-3b36-6541-1a688a9ec165,92.00,1410,1593,0,0,73511,42,P0,500.00,Not Active,Not Active,Not Active,Not Active
2026/07/25 10:27:41.181,2026/07/25 10:27:41.168,2026/07/25 10:27:41.194,1,GPU-713d5b24-2a1e-fd4a-7685-c3d195ff9230,244.69,1410,1593,95,47,73511,42,P0,500.00,Not Active,Not Active,Not Active,Not Active
2026/07/25 10:27:41.432,2026/07/25 10:27:41.418,2026/07/25 10:27:41.446,0,GPU-c5d32af0-0857-3b36-6541-1a688a9ec165,91.07,1410,1593,0,0,73511,41,P0,500.00,Not Active,Not Active,Not Active,Not Active
2026/07/25 10:27:41.432,2026/07/25 10:27:41.418,2026/07/25 10:27:41.446,1,GPU-713d5b24-2a1e-fd4a-7685-c3d195ff9230,242.51,1410,1593,100,52,73511,43,P0,500.00,Not Active,Not Active,Not Active,Not Active
2026/07/25 10:27:41.682,2026/07/25 10:27:41.668,2026/07/25 10:27:41.696,0,GPU-c5d32af0-0857-3b36-6541-1a688a9ec165,90.81,1410,1593,0,0,73511,41,P0,500.00,Not Active,Not Active,Not Active,Not Active
2026/07/25 10:27:41.682,2026/07/25 10:27:41.668,2026/07/25 10:27:41.696,1,GPU-713d5b24-2a1e-fd4a-7685-c3d195ff9230,249.18,1410,1593,100,52,73511,43,P0,500.00,Not Active,Not Active,Not Active,Not Active
2026/07/25 10:27:41.931,2026/07/25 10:27:41.918,2026/07/25 10:27:41.945,0,GPU-c5d32af0-0857-3b36-6541-1a688a9ec165,90.48,1410,1593,0,0,73511,41,P0,500.00,Not Active,Not Active,Not Active,Not Active
2026/07/25 10:27:41.931,2026/07/25 10:27:41.918,2026/07/25 10:27:41.945,1,GPU-713d5b24-2a1e-fd4a-7685-c3d195ff9230,245.62,1410,1593,100,53,73511,43,P0,500.00,Not Active,Not Active,Not Active,Not Active
2026/07/25 10:27:42.184,2026/07/25 10:27:42.168,2026/07/25 10:27:42.199,0,GPU-c5d32af0-0857-3b36-6541-1a688a9ec165,90.48,1410,1593,0,0,73511,40,P0,500.00,Not Active,Not Active,Not Active,Not Active
2026/07/25 10:27:42.184,2026/07/25 10:27:42.168,2026/07/25 10:27:42.199,1,GPU-713d5b24-2a1e-fd4a-7685-c3d195ff9230,85.33,1410,1593,100,52,73511,39,P0,500.00,Not Active,Not Active,Not Active,Not Active
2026/07/25 10:27:42.434,2026/07/25 10:27:42.418,2026/07/25 10:27:42.449,0,GPU-c5d32af0-0857-3b36-6541-1a688a9ec165,380.60,1410,1593,0,0,73511,48,P0,500.00,Not Active,Not Active,Not Active,Not Active
2026/07/25 10:27:42.434,2026/07/25 10:27:42.418,2026/07/25 10:27:42.449,1,GPU-713d5b24-2a1e-fd4a-7685-c3d195ff9230,84.46,1410,1593,4,2,73511,38,P0,500.00,Not Active,Not Active,Not Active,Not Active
2026/07/25 10:27:42.684,2026/07/25 10:27:42.668,2026/07/25 10:27:42.700,0,GPU-c5d32af0-0857-3b36-6541-1a688a9ec165,375.51,1410,1593,100,15,73511,52,P0,500.00,Not Active,Not Active,Not Active,Not Active
2026/07/25 10:27:42.684,2026/07/25 10:27:42.668,2026/07/25 10:27:42.700,1,GPU-713d5b24-2a1e-fd4a-7685-c3d195ff9230,84.14,1410,1593,0,0,73511,37,P0,500.00,Not Active,Not Active,Not Active,Not Active
2026/07/25 10:27:42.932,2026/07/25 10:27:42.918,2026/07/25 10:27:42.946,0,GPU-c5d32af0-0857-3b36-6541-1a688a9ec165,372.15,1410,1593,100,12,73511,53,P0,500.00,Not Active,Not Active,Not Active,Not Active
2026/07/25 10:27:42.932,2026/07/25 10:27:42.918,2026/07/25 10:27:42.946,1,GPU-713d5b24-2a1e-fd4a-7685-c3d195ff9230,83.82,1410,1593,0,0,73511,37,P0,500.00,Not Active,Not Active,Not Active,Not Active
2026/07/25 10:27:43.214,2026/07/25 10:27:43.168,2026/07/25 10:27:43.260,0,GPU-c5d32af0-0857-3b36-6541-1a688a9ec165,99.86,1410,1593,80,10,73511,44,P0,500.00,Not Active,Not Active,Not Active,Not Active
2026/07/25 10:27:43.214,2026/07/25 10:27:43.168,2026/07/25 10:27:43.260,1,GPU-713d5b24-2a1e-fd4a-7685-c3d195ff9230,220.78,1410,1593,6,0,73511,40,P0,500.00,Not Active,Not Active,Not Active,Not Active
2026/07/25 10:27:43.432,2026/07/25 10:27:43.418,2026/07/25 10:27:43.446,0,GPU-c5d32af0-0857-3b36-6541-1a688a9ec165,91.68,1410,1593,0,0,73511,42,P0,500.00,Not Active,Not Active,Not Active,Not Active
2026/07/25 10:27:43.432,2026/07/25 10:27:43.418,2026/07/25 10:27:43.446,1,GPU-713d5b24-2a1e-fd4a-7685-c3d195ff9230,241.65,1410,1593,100,52,73511,41,P0,500.00,Not Active,Not Active,Not Active,Not Active
2026/07/25 10:27:43.683,2026/07/25 10:27:43.668,2026/07/25 10:27:43.698,0,GPU-c5d32af0-0857-3b36-6541-1a688a9ec165,91.07,1410,1593,0,0,73511,41,P0,500.00,Not Active,Not Active,Not Active,Not Active
2026/07/25 10:27:43.683,2026/07/25 10:27:43.668,2026/07/25 10:27:43.698,1,GPU-713d5b24-2a1e-fd4a-7685-c3d195ff9230,239.55,1410,1593,100,52,73511,42,P0,500.00,Not Active,Not Active,Not Active,Not Active
2026/07/25 10:27:43.934,2026/07/25 10:27:43.918,2026/07/25 10:27:43.950,0,GPU-c5d32af0-0857-3b36-6541-1a688a9ec165,91.07,1410,1593,0,0,73511,41,P0,500.00,Not Active,Not Active,Not Active,Not Active
2026/07/25 10:27:43.934,2026/07/25 10:27:43.918,2026/07/25 10:27:43.950,1,GPU-713d5b24-2a1e-fd4a-7685-c3d195ff9230,246.14,1410,1593,100,52,73511,43,P0,500.00,Not Active,Not Active,Not Active,Not Active
2026/07/25 10:27:44.182,2026/07/25 10:27:44.168,2026/07/25 10:27:44.197,0,GPU-c5d32af0-0857-3b36-6541-1a688a9ec165,90.48,1410,1593,0,0,73511,41,P0,500.00,Not Active,Not Active,Not Active,Not Active
2026/07/25 10:27:44.182,2026/07/25 10:27:44.168,2026/07/25 10:27:44.197,1,GPU-713d5b24-2a1e-fd4a-7685-c3d195ff9230,242.24,1410,1593,100,52,73511,43,P0,500.00,Not Active,Not Active,Not Active,Not Active
2026/07/25 10:27:44.449,2026/07/25 10:27:44.418,2026/07/25 10:27:44.479,0,GPU-c5d32af0-0857-3b36-6541-1a688a9ec165,391.48,1410,1593,0,0,73511,50,P0,500.00,Not Active,Not Active,Not Active,Not Active
2026/07/25 10:27:44.449,2026/07/25 10:27:44.418,2026/07/25 10:27:44.479,1,GPU-713d5b24-2a1e-fd4a-7685-c3d195ff9230,244.10,1410,1593,100,52,73511,43,P0,500.00,Not Active,Not Active,Not Active,Not Active
2026/07/25 10:27:44.684,2026/07/25 10:27:44.668,2026/07/25 10:27:44.699,0,GPU-c5d32af0-0857-3b36-6541-1a688a9ec165,369.45,1410,1593,83,15,73511,52,P0,500.00,Not Active,Not Active,Not Active,Not Active
2026/07/25 10:27:44.684,2026/07/25 10:27:44.668,2026/07/25 10:27:44.699,1,GPU-713d5b24-2a1e-fd4a-7685-c3d195ff9230,238.69,1410,1593,75,39,73511,40,P0,500.00,Not Active,Not Active,Not Active,Not Active
2026/07/25 10:27:44.935,2026/07/25 10:27:44.918,2026/07/25 10:27:44.951,0,GPU-c5d32af0-0857-3b36-6541-1a688a9ec165,364.63,1410,1593,100,13,73511,48,P0,500.00,Not Active,Not Active,Not Active,Not Active
2026/07/25 10:27:44.935,2026/07/25 10:27:44.918,2026/07/25 10:27:44.951,1,GPU-713d5b24-2a1e-fd4a-7685-c3d195ff9230,84.74,1410,1593,0,0,73511,38,P0,500.00,Not Active,Not Active,Not Active,Not Active
2026/07/25 10:27:45.185,2026/07/25 10:27:45.168,2026/07/25 10:27:45.202,0,GPU-c5d32af0-0857-3b36-6541-1a688a9ec165,92.27,1410,1593,35,5,73511,43,P0,500.00,Not Active,Not Active,Not Active,Not Active
2026/07/25 10:27:45.185,2026/07/25 10:27:45.168,2026/07/25 10:27:45.202,1,GPU-713d5b24-2a1e-fd4a-7685-c3d195ff9230,236.25,1410,1593,34,6,73511,41,P0,500.00,Not Active,Not Active,Not Active,Not Active
2026/07/25 10:27:45.433,2026/07/25 10:27:45.418,2026/07/25 10:27:45.448,0,GPU-c5d32af0-0857-3b36-6541-1a688a9ec165,91.68,1410,1593,0,0,73511,42,P0,500.00,Not Active,Not Active,Not Active,Not Active
2026/07/25 10:27:45.433,2026/07/25 10:27:45.418,2026/07/25 10:27:45.448,1,GPU-713d5b24-2a1e-fd4a-7685-c3d195ff9230,241.05,1410,1593,100,52,73511,42,P0,500.00,Not Active,Not Active,Not Active,Not Active
2026/07/25 10:27:45.682,2026/07/25 10:27:45.668,2026/07/25 10:27:45.697,0,GPU-c5d32af0-0857-3b36-6541-1a688a9ec165,91.07,1410,1593,0,0,73511,41,P0,500.00,Not Active,Not Active,Not Active,Not Active
2026/07/25 10:27:45.682,2026/07/25 10:27:45.668,2026/07/25 10:27:45.697,1,GPU-713d5b24-2a1e-fd4a-7685-c3d195ff9230,245.87,1410,1593,100,52,73511,43,P0,500.00,Not Active,Not Active,Not Active,Not Active
2026/07/25 10:27:45.932,2026/07/25 10:27:45.918,2026/07/25 10:27:45.947,0,GPU-c5d32af0-0857-3b36-6541-1a688a9ec165,90.81,1410,1593,0,0,73511,41,P0,500.00,Not Active,Not Active,Not Active,Not Active
2026/07/25 10:27:45.932,2026/07/25 10:27:45.918,2026/07/25 10:27:45.947,1,GPU-713d5b24-2a1e-fd4a-7685-c3d195ff9230,247.72,1410,1593,100,52,73511,43,P0,500.00,Not Active,Not Active,Not Active,Not Active
2026/07/25 10:27:46.183,2026/07/25 10:27:46.168,2026/07/25 10:27:46.198,0,GPU-c5d32af0-0857-3b36-6541-1a688a9ec165,90.81,1410,1593,0,0,73511,41,P0,500.00,Not Active,Not Active,Not Active,Not Active
2026/07/25 10:27:46.183,2026/07/25 10:27:46.168,2026/07/25 10:27:46.198,1,GPU-713d5b24-2a1e-fd4a-7685-c3d195ff9230,243.16,1410,1593,99,52,73511,43,P0,500.00,Not Active,Not Active,Not Active,Not Active
2026/07/25 10:27:46.435,2026/07/25 10:27:46.418,2026/07/25 10:27:46.453,0,GPU-c5d32af0-0857-3b36-6541-1a688a9ec165,377.90,1410,1593,93,17,73511,49,P0,500.00,Not Active,Not Active,Not Active,Not Active
2026/07/25 10:27:46.435,2026/07/25 10:27:46.418,2026/07/25 10:27:46.453,1,GPU-713d5b24-2a1e-fd4a-7685-c3d195ff9230,85.66,1410,1593,100,52,73511,39,P0,500.00,Not Active,Not Active,Not Active,Not Active
2026/07/25 10:27:46.683,2026/07/25 10:27:46.668,2026/07/25 10:27:46.698,0,GPU-c5d32af0-0857-3b36-6541-1a688a9ec165,385.15,1410,1593,100,15,73511,53,P0,500.00,Not Active,Not Active,Not Active,Not Active
2026/07/25 10:27:46.683,2026/07/25 10:27:46.668,2026/07/25 10:27:46.698,1,GPU-713d5b24-2a1e-fd4a-7685-c3d195ff9230,84.46,1410,1593,0,0,73511,38,P0,500.00,Not Active,Not Active,Not Active,Not Active
2026/07/25 10:27:46.934,2026/07/25 10:27:46.918,2026/07/25 10:27:46.950,0,GPU-c5d32af0-0857-3b36-6541-1a688a9ec165,93.51,1410,1593,46,7,73511,44,P0,500.00,Not Active,Not Active,Not Active,Not Active
2026/07/25 10:27:46.934,2026/07/25 10:27:46.918,2026/07/25 10:27:46.950,1,GPU-713d5b24-2a1e-fd4a-7685-c3d195ff9230,233.79,1410,1593,29,6,73511,41,P0,500.00,Not Active,Not Active,Not Active,Not Active
2026/07/25 10:27:47.182,2026/07/25 10:27:47.168,2026/07/25 10:27:47.197,0,GPU-c5d32af0-0857-3b36-6541-1a688a9ec165,91.40,1410,1593,0,0,73511,42,P0,500.00,Not Active,Not Active,Not Active,Not Active
2026/07/25 10:27:47.182,2026/07/25 10:27:47.168,2026/07/25 10:27:47.197,1,GPU-713d5b24-2a1e-fd4a-7685-c3d195ff9230,242.91,1410,1593,100,53,73511,42,P0,500.00,Not Active,Not Active,Not Active,Not Active
2026/07/25 10:27:47.431,2026/07/25 10:27:47.418,2026/07/25 10:27:47.445,0,GPU-c5d32af0-0857-3b36-6541-1a688a9ec165,91.07,1410,1593,0,0,73511,41,P0,500.00,Not Active,Not Active,Not Active,Not Active
2026/07/25 10:27:47.431,2026/07/25 10:27:47.418,2026/07/25 10:27:47.445,1,GPU-713d5b24-2a1e-fd4a-7685-c3d195ff9230,241.40,1410,1593,100,53,73511,43,P0,500.00,Not Active,Not Active,Not Active,Not Active
2026/07/25 10:27:47.682,2026/07/25 10:27:47.668,2026/07/25 10:27:47.696,0,GPU-c5d32af0-0857-3b36-6541-1a688a9ec165,90.81,1410,1593,0,0,73511,41,P0,500.00,Not Active,Not Active,Not Active,Not Active
2026/07/25 10:27:47.682,2026/07/25 10:27:47.668,2026/07/25 10:27:47.696,1,GPU-713d5b24-2a1e-fd4a-7685-c3d195ff9230,243.18,1410,1593,100,53,73511,43,P0,500.00,Not Active,Not Active,Not Active,Not Active
2026/07/25 10:27:47.932,2026/07/25 10:27:47.918,2026/07/25 10:27:47.945,0,GPU-c5d32af0-0857-3b36-6541-1a688a9ec165,90.81,1410,1593,0,0,73511,41,P0,500.00,Not Active,Not Active,Not Active,Not Active
2026/07/25 10:27:47.932,2026/07/25 10:27:47.918,2026/07/25 10:27:47.945,1,GPU-713d5b24-2a1e-fd4a-7685-c3d195ff9230,242.26,1410,1593,100,53,73511,43,P0,500.00,Not Active,Not Active,Not Active,Not Active
2026/07/25 10:27:48.184,2026/07/25 10:27:48.168,2026/07/25 10:27:48.200,0,GPU-c5d32af0-0857-3b36-6541-1a688a9ec165,90.48,1410,1593,0,0,73511,40,P0,500.00,Not Active,Not Active,Not Active,Not Active
2026/07/25 10:27:48.184,2026/07/25 10:27:48.168,2026/07/25 10:27:48.200,1,GPU-713d5b24-2a1e-fd4a-7685-c3d195ff9230,243.76,1410,1593,100,53,73511,44,P0,500.00,Not Active,Not Active,Not Active,Not Active
2026/07/25 10:27:48.449,2026/07/25 10:27:48.418,2026/07/25 10:27:48.481,0,GPU-c5d32af0-0857-3b36-6541-1a688a9ec165,381.12,1410,1593,94,17,73511,50,P0,500.00,Not Active,Not Active,Not Active,Not Active
2026/07/25 10:27:48.449,2026/07/25 10:27:48.418,2026/07/25 10:27:48.481,1,GPU-713d5b24-2a1e-fd4a-7685-c3d195ff9230,85.66,1410,1593,11,6,73511,39,P0,500.00,Not Active,Not Active,Not Active,Not Active
2026/07/25 10:27:48.682,2026/07/25 10:27:48.668,2026/07/25 10:27:48.696,0,GPU-c5d32af0-0857-3b36-6541-1a688a9ec165,373.88,1410,1593,100,15,73511,52,P0,500.00,Not Active,Not Active,Not Active,Not Active
2026/07/25 10:27:48.682,2026/07/25 10:27:48.668,2026/07/25 10:27:48.696,1,GPU-713d5b24-2a1e-fd4a-7685-c3d195ff9230,84.74,1410,1593,0,0,73511,38,P0,500.00,Not Active,Not Active,Not Active,Not Active
2026/07/25 10:27:48.933,2026/07/25 10:27:48.918,2026/07/25 10:27:48.947,0,GPU-c5d32af0-0857-3b36-6541-1a688a9ec165,93.19,1410,1593,44,6,73511,45,P0,500.00,Not Active,Not Active,Not Active,Not Active
2026/07/25 10:27:48.933,2026/07/25 10:27:48.918,2026/07/25 10:27:48.947,1,GPU-713d5b24-2a1e-fd4a-7685-c3d195ff9230,223.22,1410,1593,22,2,73511,39,P0,500.00,Not Active,Not Active,Not Active,Not Active
2026/07/25 10:27:49.182,2026/07/25 10:27:49.168,2026/07/25 10:27:49.197,0,GPU-c5d32af0-0857-3b36-6541-1a688a9ec165,92.00,1410,1593,0,0,73511,42,P0,500.00,Not Active,Not Active,Not Active,Not Active
2026/07/25 10:27:49.182,2026/07/25 10:27:49.168,2026/07/25 10:27:49.197,1,GPU-713d5b24-2a1e-fd4a-7685-c3d195ff9230,245.62,1410,1593,100,53,73511,42,P0,500.00,Not Active,Not Active,Not Active,Not Active
2026/07/25 10:27:49.434,2026/07/25 10:27:49.418,2026/07/25 10:27:49.450,0,GPU-c5d32af0-0857-3b36-6541-1a688a9ec165,91.40,1410,1593,0,0,73511,41,P0,500.00,Not Active,Not Active,Not Active,Not Active
2026/07/25 10:27:49.434,2026/07/25 10:27:49.418,2026/07/25 10:27:49.450,1,GPU-713d5b24-2a1e-fd4a-7685-c3d195ff9230,241.92,1410,1593,100,53,73511,43,P0,500.00,Not Active,Not Active,Not Active,Not Active
2026/07/25 10:27:49.684,2026/07/25 10:27:49.668,2026/07/25 10:27:49.700,0,GPU-c5d32af0-0857-3b36-6541-1a688a9ec165,91.07,1410,1593,0,0,73511,41,P0,500.00,Not Active,Not Active,Not Active,Not Active
2026/07/25 10:27:49.684,2026/07/25 10:27:49.668,2026/07/25 10:27:49.700,1,GPU-713d5b24-2a1e-fd4a-7685-c3d195ff9230,243.16,1410,1593,100,53,73511,43,P0,500.00,Not Active,Not Active,Not Active,Not Active
2026/07/25 10:27:49.932,2026/07/25 10:27:49.918,2026/07/25 10:27:49.946,0,GPU-c5d32af0-0857-3b36-6541-1a688a9ec165,90.81,1410,1593,0,0,73511,40,P0,500.00,Not Active,Not Active,Not Active,Not Active
2026/07/25 10:27:49.932,2026/07/25 10:27:49.918,2026/07/25 10:27:49.946,1,GPU-713d5b24-2a1e-fd4a-7685-c3d195ff9230,242.26,1410,1593,98,52,73511,41,P0,500.00,Not Active,Not Active,Not Active,Not Active
2026/07/25 10:27:50.181,2026/07/25 10:27:50.168,2026/07/25 10:27:50.194,0,GPU-c5d32af0-0857-3b36-6541-1a688a9ec165,90.48,1410,1593,0,0,73511,40,P0,500.00,Not Active,Not Active,Not Active,Not Active
2026/07/25 10:27:50.181,2026/07/25 10:27:50.168,2026/07/25 10:27:50.194,1,GPU-713d5b24-2a1e-fd4a-7685-c3d195ff9230,85.06,1410,1593,0,0,73511,39,P0,500.00,Not Active,Not Active,Not Active,Not Active
2026/07/25 10:27:50.465,2026/07/25 10:27:50.418,2026/07/25 10:27:50.512,0,GPU-c5d32af0-0857-3b36-6541-1a688a9ec165,378.42,1410,1593,4,1,73511,49,P0,500.00,Not Active,Not Active,Not Active,Not Active
2026/07/25 10:27:50.465,2026/07/25 10:27:50.418,2026/07/25 10:27:50.512,1,GPU-713d5b24-2a1e-fd4a-7685-c3d195ff9230,84.05,1410,1593,0,0,73511,37,P0,500.00,Not Active,Not Active,Not Active,Not Active
2026/07/25 10:27:50.682,2026/07/25 10:27:50.668,2026/07/25 10:27:50.695,0,GPU-c5d32af0-0857-3b36-6541-1a688a9ec165,381.52,1410,1593,100,18,73511,52,P0,500.00,Not Active,Not Active,Not Active,Not Active
2026/07/25 10:27:50.682,2026/07/25 10:27:50.668,2026/07/25 10:27:50.695,1,GPU-713d5b24-2a1e-fd4a-7685-c3d195ff9230,83.82,1410,1593,0,0,73511,37,P0,500.00,Not Active,Not Active,Not Active,Not Active
2026/07/25 10:27:50.933,2026/07/25 10:27:50.918,2026/07/25 10:27:50.948,0,GPU-c5d32af0-0857-3b36-6541-1a688a9ec165,367.66,1410,1593,100,13,73511,48,P0,500.00,Not Active,Not Active,Not Active,Not Active
2026/07/25 10:27:50.933,2026/07/25 10:27:50.918,2026/07/25 10:27:50.948,1,GPU-713d5b24-2a1e-fd4a-7685-c3d195ff9230,83.82,1410,1593,0,0,73511,36,P0,500.00,Not Active,Not Active,Not Active,Not Active
2026/07/25 10:27:51.184,2026/07/25 10:27:51.168,2026/07/25 10:27:51.199,0,GPU-c5d32af0-0857-3b36-6541-1a688a9ec165,92.92,1410,1593,23,3,73511,44,P0,500.00,Not Active,Not Active,Not Active,Not Active
2026/07/25 10:27:51.184,2026/07/25 10:27:51.168,2026/07/25 10:27:51.199,1,GPU-713d5b24-2a1e-fd4a-7685-c3d195ff9230,243.18,1410,1593,37,7,73511,40,P0,500.00,Not Active,Not Active,Not Active,Not Active
2026/07/25 10:27:51.433,2026/07/25 10:27:51.418,2026/07/25 10:27:51.447,0,GPU-c5d32af0-0857-3b36-6541-1a688a9ec165,91.40,1410,1593,0,0,73511,42,P0,500.00,Not Active,Not Active,Not Active,Not Active
2026/07/25 10:27:51.433,2026/07/25 10:27:51.418,2026/07/25 10:27:51.447,1,GPU-713d5b24-2a1e-fd4a-7685-c3d195ff9230,246.73,1410,1593,100,52,73511,42,P0,500.00,Not Active,Not Active,Not Active,Not Active
2026/07/25 10:27:51.682,2026/07/25 10:27:51.668,2026/07/25 10:27:51.696,0,GPU-c5d32af0-0857-3b36-6541-1a688a9ec165,91.07,1410,1593,0,0,73511,41,P0,500.00,Not Active,Not Active,Not Active,Not Active
2026/07/25 10:27:51.682,2026/07/25 10:27:51.668,2026/07/25 10:27:51.696,1,GPU-713d5b24-2a1e-fd4a-7685-c3d195ff9230,237.17,1410,1593,100,52,73511,42,P0,500.00,Not Active,Not Active,Not Active,Not Active
2026/07/25 10:27:51.932,2026/07/25 10:27:51.918,2026/07/25 10:27:51.947,0,GPU-c5d32af0-0857-3b36-6541-1a688a9ec165,90.81,1410,1593,0,0,73511,41,P0,500.00,Not Active,Not Active,Not Active,Not Active
2026/07/25 10:27:51.932,2026/07/25 10:27:51.918,2026/07/25 10:27:51.947,1,GPU-713d5b24-2a1e-fd4a-7685-c3d195ff9230,246.14,1410,1593,100,52,73511,43,P0,500.00,Not Active,Not Active,Not Active,Not Active
2026/07/25 10:27:52.182,2026/07/25 10:27:52.168,2026/07/25 10:27:52.196,0,GPU-c5d32af0-0857-3b36-6541-1a688a9ec165,90.81,1410,1593,0,0,73511,40,P0,500.00,Not Active,Not Active,Not Active,Not Active
2026/07/25 10:27:52.182,2026/07/25 10:27:52.168,2026/07/25 10:27:52.196,1,GPU-713d5b24-2a1e-fd4a-7685-c3d195ff9230,93.51,1410,1593,90,47,73511,40,P0,500.00,Not Active,Not Active,Not Active,Not Active
2026/07/25 10:27:52.436,2026/07/25 10:27:52.418,2026/07/25 10:27:52.455,0,GPU-c5d32af0-0857-3b36-6541-1a688a9ec165,387.25,1410,1593,12,2,73511,50,P0,500.00,Not Active,Not Active,Not Active,Not Active
2026/07/25 10:27:52.436,2026/07/25 10:27:52.418,2026/07/25 10:27:52.455,1,GPU-713d5b24-2a1e-fd4a-7685-c3d195ff9230,84.46,1410,1593,0,0,73511,38,P0,500.00,Not Active,Not Active,Not Active,Not Active
2026/07/25 10:27:52.683,2026/07/25 10:27:52.668,2026/07/25 10:27:52.699,0,GPU-c5d32af0-0857-3b36-6541-1a688a9ec165,375.51,1410,1593,98,16,73511,48,P0,500.00,Not Active,Not Active,Not Active,Not Active
2026/07/25 10:27:52.683,2026/07/25 10:27:52.668,2026/07/25 10:27:52.699,1,GPU-713d5b24-2a1e-fd4a-7685-c3d195ff9230,84.14,1410,1593,0,0,73511,37,P0,500.00,Not Active,Not Active,Not Active,Not Active
2026/07/25 10:27:52.935,2026/07/25 10:27:52.918,2026/07/25 10:27:52.951,0,GPU-c5d32af0-0857-3b36-6541-1a688a9ec165,92.92,1410,1593,0,0,73511,43,P0,500.00,Not Active,Not Active,Not Active,Not Active
2026/07/25 10:27:52.935,2026/07/25 10:27:52.918,2026/07/25 10:27:52.951,1,GPU-713d5b24-2a1e-fd4a-7685-c3d195ff9230,242.83,1410,1593,0,0,73511,40,P0,500.00,Not Active,Not Active,Not Active,Not Active
2026/07/25 10:27:53.182,2026/07/25 10:27:53.168,2026/07/25 10:27:53.196,0,GPU-c5d32af0-0857-3b36-6541-1a688a9ec165,91.40,1410,1593,0,0,73511,41,P0,500.00,Not Active,Not Active,Not Active,Not Active
2026/07/25 10:27:53.182,2026/07/25 10:27:53.168,2026/07/25 10:27:53.196,1,GPU-713d5b24-2a1e-fd4a-7685-c3d195ff9230,242.51,1410,1593,100,53,73511,42,P0,500.00,Not Active,Not Active,Not Active,Not Active
2026/07/25 10:27:53.432,2026/07/25 10:27:53.418,2026/07/25 10:27:53.446,0,GPU-c5d32af0-0857-3b36-6541-1a688a9ec165,90.81,1410,1593,0,0,73511,41,P0,500.00,Not Active,Not Active,Not Active,Not Active
2026/07/25 10:27:53.432,2026/07/25 10:27:53.418,2026/07/25 10:27:53.446,1,GPU-713d5b24-2a1e-fd4a-7685-c3d195ff9230,241.92,1410,1593,100,53,73511,43,P0,500.00,Not Active,Not Active,Not Active,Not Active
2026/07/25 10:27:53.681,2026/07/25 10:27:53.668,2026/07/25 10:27:53.695,0,GPU-c5d32af0-0857-3b36-6541-1a688a9ec165,90.81,1410,1593,0,0,73511,41,P0,500.00,Not Active,Not Active,Not Active,Not Active
2026/07/25 10:27:53.681,2026/07/25 10:27:53.668,2026/07/25 10:27:53.695,1,GPU-713d5b24-2a1e-fd4a-7685-c3d195ff9230,244.36,1410,1593,100,53,73511,43,P0,500.00,Not Active,Not Active,Not Active,Not Active
2026/07/25 10:27:53.931,2026/07/25 10:27:53.918,2026/07/25 10:27:53.944,0,GPU-c5d32af0-0857-3b36-6541-1a688a9ec165,90.48,1410,1593,0,0,73511,40,P0,500.00,Not Active,Not Active,Not Active,Not Active
2026/07/25 10:27:53.931,2026/07/25 10:27:53.918,2026/07/25 10:27:53.944,1,GPU-713d5b24-2a1e-fd4a-7685-c3d195ff9230,243.18,1410,1593,100,53,73511,43,P0,500.00,Not Active,Not Active,Not Active,Not Active
2026/07/25 10:27:54.182,2026/07/25 10:27:54.168,2026/07/25 10:27:54.196,0,GPU-c5d32af0-0857-3b36-6541-1a688a9ec165,90.48,1410,1593,0,0,73511,40,P0,500.00,Not Active,Not Active,Not Active,Not Active
2026/07/25 10:27:54.182,2026/07/25 10:27:54.168,2026/07/25 10:27:54.196,1,GPU-713d5b24-2a1e-fd4a-7685-c3d195ff9230,85.93,1410,1593,70,37,73511,40,P0,500.00,Not Active,Not Active,Not Active,Not Active
2026/07/25 10:27:54.433,2026/07/25 10:27:54.418,2026/07/25 10:27:54.448,0,GPU-c5d32af0-0857-3b36-6541-1a688a9ec165,379.08,1410,1593,18,4,73511,50,P0,500.00,Not Active,Not Active,Not Active,Not Active
2026/07/25 10:27:54.433,2026/07/25 10:27:54.418,2026/07/25 10:27:54.448,1,GPU-713d5b24-2a1e-fd4a-7685-c3d195ff9230,84.46,1410,1593,0,0,73511,38,P0,500.00,Not Active,Not Active,Not Active,Not Active
2026/07/25 10:27:54.682,2026/07/25 10:27:54.668,2026/07/25 10:27:54.697,0,GPU-c5d32af0-0857-3b36-6541-1a688a9ec165,372.15,1410,1593,100,14,73511,52,P0,500.00,Not Active,Not Active,Not Active,Not Active
2026/07/25 10:27:54.682,2026/07/25 10:27:54.668,2026/07/25 10:27:54.697,1,GPU-713d5b24-2a1e-fd4a-7685-c3d195ff9230,84.14,1410,1593,0,0,73511,37,P0,500.00,Not Active,Not Active,Not Active,Not Active
2026/07/25 10:27:54.932,2026/07/25 10:27:54.918,2026/07/25 10:27:54.945,0,GPU-c5d32af0-0857-3b36-6541-1a688a9ec165,102.83,1410,1593,35,5,73511,45,P0,500.00,Not Active,Not Active,Not Active,Not Active
2026/07/25 10:27:54.932,2026/07/25 10:27:54.918,2026/07/25 10:27:54.945,1,GPU-713d5b24-2a1e-fd4a-7685-c3d195ff9230,93.78,1410,1593,24,3,73511,39,P0,500.00,Not Active,Not Active,Not Active,Not Active
2026/07/25 10:27:55.184,2026/07/25 10:27:55.168,2026/07/25 10:27:55.200,0,GPU-c5d32af0-0857-3b36-6541-1a688a9ec165,92.00,1410,1593,0,0,73511,42,P0,500.00,Not Active,Not Active,Not Active,Not Active
2026/07/25 10:27:55.184,2026/07/25 10:27:55.168,2026/07/25 10:27:55.200,1,GPU-713d5b24-2a1e-fd4a-7685-c3d195ff9230,240.15,1410,1593,100,52,73511,41,P0,500.00,Not Active,Not Active,Not Active,Not Active
2026/07/25 10:27:55.433,2026/07/25 10:27:55.418,2026/07/25 10:27:55.449,0,GPU-c5d32af0-0857-3b36-6541-1a688a9ec165,91.07,1410,1593,0,0,73511,41,P0,500.00,Not Active,Not Active,Not Active,Not Active
2026/07/25 10:27:55.433,2026/07/25 10:27:55.418,2026/07/25 10:27:55.449,1,GPU-713d5b24-2a1e-fd4a-7685-c3d195ff9230,241.05,1410,1593,100,53,73511,42,P0,500.00,Not Active,Not Active,Not Active,Not Active
2026/07/25 10:27:55.684,2026/07/25 10:27:55.668,2026/07/25 10:27:55.700,0,GPU-c5d32af0-0857-3b36-6541-1a688a9ec165,91.07,1410,1593,0,0,73511,41,P0,500.00,Not Active,Not Active,Not Active,Not Active
2026/07/25 10:27:55.684,2026/07/25 10:27:55.668,2026/07/25 10:27:55.700,1,GPU-713d5b24-2a1e-fd4a-7685-c3d195ff9230,241.92,1410,1593,99,52,73511,43,P0,500.00,Not Active,Not Active,Not Active,Not Active
2026/07/25 10:27:55.932,2026/07/25 10:27:55.918,2026/07/25 10:27:55.945,0,GPU-c5d32af0-0857-3b36-6541-1a688a9ec165,90.81,1410,1593,0,0,73511,40,P0,500.00,Not Active,Not Active,Not Active,Not Active
2026/07/25 10:27:55.932,2026/07/25 10:27:55.918,2026/07/25 10:27:55.945,1,GPU-713d5b24-2a1e-fd4a-7685-c3d195ff9230,86.85,1410,1593,79,42,73511,43,P0,500.00,Not Active,Not Active,Not Active,Not Active
2026/07/25 10:27:56.181,2026/07/25 10:27:56.168,2026/07/25 10:27:56.195,0,GPU-c5d32af0-0857-3b36-6541-1a688a9ec165,91.68,1410,1593,0,0,73511,40,P0,500.00,Not Active,Not Active,Not Active,Not Active
2026/07/25 10:27:56.181,2026/07/25 10:27:56.168,2026/07/25 10:27:56.195,1,GPU-713d5b24-2a1e-fd4a-7685-c3d195ff9230,84.74,1410,1593,0,0,73511,38,P0,500.00,Not Active,Not Active,Not Active,Not Active
2026/07/25 10:27:56.434,2026/07/25 10:27:56.418,2026/07/25 10:27:56.449,0,GPU-c5d32af0-0857-3b36-6541-1a688a9ec165,390.74,1410,1593,22,4,73511,49,P0,500.00,Not Active,Not Active,Not Active,Not Active
2026/07/25 10:27:56.434,2026/07/25 10:27:56.418,2026/07/25 10:27:56.449,1,GPU-713d5b24-2a1e-fd4a-7685-c3d195ff9230,84.14,1410,1593,0,0,73511,37,P0,500.00,Not Active,Not Active,Not Active,Not Active
2026/07/25 10:27:56.684,2026/07/25 10:27:56.668,2026/07/25 10:27:56.699,0,GPU-c5d32af0-0857-3b36-6541-1a688a9ec165,383.31,1410,1593,100,14,73511,52,P0,500.00,Not Active,Not Active,Not Active,Not Active
2026/07/25 10:27:56.684,2026/07/25 10:27:56.668,2026/07/25 10:27:56.699,1,GPU-713d5b24-2a1e-fd4a-7685-c3d195ff9230,83.82,1410,1593,0,0,73511,36,P0,500.00,Not Active,Not Active,Not Active,Not Active
2026/07/25 10:27:56.933,2026/07/25 10:27:56.918,2026/07/25 10:27:56.947,0,GPU-c5d32af0-0857-3b36-6541-1a688a9ec165,361.93,1410,1593,73,11,73511,46,P0,500.00,Not Active,Not Active,Not Active,Not Active
2026/07/25 10:27:56.933,2026/07/25 10:27:56.918,2026/07/25 10:27:56.947,1,GPU-713d5b24-2a1e-fd4a-7685-c3d195ff9230,94.98,1410,1593,0,0,73511,36,P0,500.00,Not Active,Not Active,Not Active,Not Active
2026/07/25 10:27:57.183,2026/07/25 10:27:57.168,2026/07/25 10:27:57.197,0,GPU-c5d32af0-0857-3b36-6541-1a688a9ec165,92.59,1410,1593,0,0,73511,43,P0,500.00,Not Active,Not Active,Not Active,Not Active
2026/07/25 10:27:57.183,2026/07/25 10:27:57.168,2026/07/25 10:27:57.197,1,GPU-713d5b24-2a1e-fd4a-7685-c3d195ff9230,241.65,1410,1593,75,29,73511,41,P0,500.00,Not Active,Not Active,Not Active,Not Active
2026/07/25 10:27:57.432,2026/07/25 10:27:57.418,2026/07/25 10:27:57.445,0,GPU-c5d32af0-0857-3b36-6541-1a688a9ec165,91.68,1410,1593,0,0,73511,41,P0,500.00,Not Active,Not Active,Not Active,Not Active
2026/07/25 10:27:57.432,2026/07/25 10:27:57.418,2026/07/25 10:27:57.445,1,GPU-713d5b24-2a1e-fd4a-7685-c3d195ff9230,235.33,1410,1593,100,52,73511,42,P0,500.00,Not Active,Not Active,Not Active,Not Active
2026/07/25 10:27:57.682,2026/07/25 10:27:57.668,2026/07/25 10:27:57.696,0,GPU-c5d32af0-0857-3b36-6541-1a688a9ec165,91.40,1410,1593,0,0,73511,41,P0,500.00,Not Active,Not Active,Not Active,Not Active
2026/07/25 10:27:57.682,2026/07/25 10:27:57.668,2026/07/25 10:27:57.696,1,GPU-713d5b24-2a1e-fd4a-7685-c3d195ff9230,246.21,1410,1593,100,52,73511,42,P0,500.00,Not Active,Not Active,Not Active,Not Active
2026/07/25 10:27:57.959,2026/07/25 10:27:57.918,2026/07/25 10:27:57.999,0,GPU-c5d32af0-0857-3b36-6541-1a688a9ec165,94.11,1410,1593,0,0,73511,41,P0,500.00,Not Active,Not Active,Not Active,Not Active
2026/07/25 10:27:57.959,2026/07/25 10:27:57.918,2026/07/25 10:27:57.999,1,GPU-713d5b24-2a1e-fd4a-7685-c3d195ff9230,240.15,1410,1593,100,52,73511,43,P0,500.00,Not Active,Not Active,Not Active,Not Active
2026/07/25 10:27:58.184,2026/07/25 10:27:58.168,2026/07/25 10:27:58.199,0,GPU-c5d32af0-0857-3b36-6541-1a688a9ec165,90.48,1410,1593,0,0,73511,40,P0,500.00,Not Active,Not Active,Not Active,Not Active
2026/07/25 10:27:58.184,2026/07/25 10:27:58.168,2026/07/25 10:27:58.199,1,GPU-713d5b24-2a1e-fd4a-7685-c3d195ff9230,236.50,1410,1593,100,52,73511,43,P0,500.00,Not Active,Not Active,Not Active,Not Active
2026/07/25 10:27:58.434,2026/07/25 10:27:58.418,2026/07/25 10:27:58.449,0,GPU-c5d32af0-0857-3b36-6541-1a688a9ec165,386.34,1410,1593,32,6,73511,48,P0,500.00,Not Active,Not Active,Not Active,Not Active
2026/07/25 10:27:58.434,2026/07/25 10:27:58.418,2026/07/25 10:27:58.449,1,GPU-713d5b24-2a1e-fd4a-7685-c3d195ff9230,85.33,1410,1593,60,31,73511,38,P0,500.00,Not Active,Not Active,Not Active,Not Active
2026/07/25 10:27:58.682,2026/07/25 10:27:58.668,2026/07/25 10:27:58.697,0,GPU-c5d32af0-0857-3b36-6541-1a688a9ec165,378.22,1410,1593,100,17,73511,52,P0,500.00,Not Active,Not Active,Not Active,Not Active
2026/07/25 10:27:58.682,2026/07/25 10:27:58.668,2026/07/25 10:27:58.697,1,GPU-713d5b24-2a1e-fd4a-7685-c3d195ff9230,84.46,1410,1593,0,0,73511,37,P0,500.00,Not Active,Not Active,Not Active,Not Active
2026/07/25 10:27:58.946,2026/07/25 10:27:58.918,2026/07/25 10:27:58.975,0,GPU-c5d32af0-0857-3b36-6541-1a688a9ec165,94.11,1410,1593,100,14,73511,44,P0,500.00,Not Active,Not Active,Not Active,Not Active
2026/07/25 10:27:58.946,2026/07/25 10:27:58.918,2026/07/25 10:27:58.975,1,GPU-713d5b24-2a1e-fd4a-7685-c3d195ff9230,91.68,1410,1593,49,16,73511,40,P0,500.00,Not Active,Not Active,Not Active,Not Active
2026/07/25 10:27:59.182,2026/07/25 10:27:59.168,2026/07/25 10:27:59.197,0,GPU-c5d32af0-0857-3b36-6541-1a688a9ec165,91.40,1410,1593,6,1,73511,42,P0,500.00,Not Active,Not Active,Not Active,Not Active
2026/07/25 10:27:59.182,2026/07/25 10:27:59.168,2026/07/25 10:27:59.197,1,GPU-713d5b24-2a1e-fd4a-7685-c3d195ff9230,239.80,1410,1593,100,53,73511,42,P0,500.00,Not Active,Not Active,Not Active,Not Active
2026/07/25 10:27:59.432,2026/07/25 10:27:59.418,2026/07/25 10:27:59.446,0,GPU-c5d32af0-0857-3b36-6541-1a688a9ec165,91.07,1410,1593,0,0,73511,41,P0,500.00,Not Active,Not Active,Not Active,Not Active
2026/07/25 10:27:59.432,2026/07/25 10:27:59.418,2026/07/25 10:27:59.446,1,GPU-713d5b24-2a1e-fd4a-7685-c3d195ff9230,245.22,1410,1593,100,53,73511,42,P0,500.00,Not Active,Not Active,Not Active,Not Active
2026/07/25 10:27:59.686,2026/07/25 10:27:59.668,2026/07/25 10:27:59.703,0,GPU-c5d32af0-0857-3b36-6541-1a688a9ec165,90.81,1410,1593,0,0,73511,41,P0,500.00,Not Active,Not Active,Not Active,Not Active
2026/07/25 10:27:59.686,2026/07/25 10:27:59.668,2026/07/25 10:27:59.703,1,GPU-713d5b24-2a1e-fd4a-7685-c3d195ff9230,245.22,1410,1593,99,52,73511,43,P0,500.00,Not Active,Not Active,Not Active,Not Active
2026/07/25 10:27:59.934,2026/07/25 10:27:59.918,2026/07/25 10:27:59.950,0,GPU-c5d32af0-0857-3b36-6541-1a688a9ec165,90.81,1410,1593,0,0,73511,40,P0,500.00,Not Active,Not Active,Not Active,Not Active
2026/07/25 10:27:59.934,2026/07/25 10:27:59.918,2026/07/25 10:27:59.950,1,GPU-713d5b24-2a1e-fd4a-7685-c3d195ff9230,244.10,1410,1593,100,53,73511,43,P0,500.00,Not Active,Not Active,Not Active,Not Active
2026/07/25 10:28:00.184,2026/07/25 10:28:00.168,2026/07/25 10:28:00.200,0,GPU-c5d32af0-0857-3b36-6541-1a688a9ec165,90.48,1410,1593,0,0,73511,40,P0,500.00,Not Active,Not Active,Not Active,Not Active
2026/07/25 10:28:00.184,2026/07/25 10:28:00.168,2026/07/25 10:28:00.200,1,GPU-713d5b24-2a1e-fd4a-7685-c3d195ff9230,232.95,1410,1593,100,52,73511,43,P0,500.00,Not Active,Not Active,Not Active,Not Active
2026/07/25 10:28:00.433,2026/07/25 10:28:00.418,2026/07/25 10:28:00.448,0,GPU-c5d32af0-0857-3b36-6541-1a688a9ec165,391.75,1410,1593,34,7,73511,50,P0,500.00,Not Active,Not Active,Not Active,Not Active
2026/07/25 10:28:00.433,2026/07/25 10:28:00.418,2026/07/25 10:28:00.448,1,GPU-713d5b24-2a1e-fd4a-7685-c3d195ff9230,86.58,1410,1593,99,52,73511,42,P0,500.00,Not Active,Not Active,Not Active,Not Active
2026/07/25 10:28:00.681,2026/07/25 10:28:00.668,2026/07/25 10:28:00.694,0,GPU-c5d32af0-0857-3b36-6541-1a688a9ec165,383.50,1410,1593,100,17,73511,52,P0,500.00,Not Active,Not Active,Not Active,Not Active
2026/07/25 10:28:00.681,2026/07/25 10:28:00.668,2026/07/25 10:28:00.694,1,GPU-713d5b24-2a1e-fd4a-7685-c3d195ff9230,84.74,1410,1593,27,14,73511,38,P0,500.00,Not Active,Not Active,Not Active,Not Active
2026/07/25 10:28:00.932,2026/07/25 10:28:00.918,2026/07/25 10:28:00.945,0,GPU-c5d32af0-0857-3b36-6541-1a688a9ec165,375.19,1410,1593,100,13,73511,53,P0,500.00,Not Active,Not Active,Not Active,Not Active
2026/07/25 10:28:00.932,2026/07/25 10:28:00.918,2026/07/25 10:28:00.945,1,GPU-713d5b24-2a1e-fd4a-7685-c3d195ff9230,84.46,1410,1593,0,0,73511,37,P0,500.00,Not Active,Not Active,Not Active,Not Active
2026/07/25 10:28:01.182,2026/07/25 10:28:01.168,2026/07/25 10:28:01.197,0,GPU-c5d32af0-0857-3b36-6541-1a688a9ec165,100.72,1410,1593,29,4,73511,44,P0,500.00,Not Active,Not Active,Not Active,Not Active
2026/07/25 10:28:01.182,2026/07/25 10:28:01.168,2026/07/25 10:28:01.197,1,GPU-713d5b24-2a1e-fd4a-7685-c3d195ff9230,99.20,1410,1593,25,0,73511,39,P0,500.00,Not Active,Not Active,Not Active,Not Active
2026/07/25 10:28:01.433,2026/07/25 10:28:01.418,2026/07/25 10:28:01.449,0,GPU-c5d32af0-0857-3b36-6541-1a688a9ec165,92.92,1410,1593,0,0,73511,42,P0,500.00,Not Active,Not Active,Not Active,Not Active
2026/07/25 10:28:01.433,2026/07/25 10:28:01.418,2026/07/25 10:28:01.449,1,GPU-713d5b24-2a1e-fd4a-7685-c3d195ff9230,239.28,1410,1593,90,46,73511,41,P0,500.00,Not Active,Not Active,Not Active,Not Active
2026/07/25 10:28:01.683,2026/07/25 10:28:01.668,2026/07/25 10:28:01.698,0,GPU-c5d32af0-0857-3b36-6541-1a688a9ec165,91.40,1410,1593,0,0,73511,41,P0,500.00,Not Active,Not Active,Not Active,Not Active
2026/07/25 10:28:01.683,2026/07/25 10:28:01.668,2026/07/25 10:28:01.698,1,GPU-713d5b24-2a1e-fd4a-7685-c3d195ff9230,243.18,1410,1593,100,52,73511,42,P0,500.00,Not Active,Not Active,Not Active,Not Active
2026/07/25 10:28:01.931,2026/07/25 10:28:01.918,2026/07/25 10:28:01.944,0,GPU-c5d32af0-0857-3b36-6541-1a688a9ec165,91.07,1410,1593,0,0,73511,41,P0,500.00,Not Active,Not Active,Not Active,Not Active
2026/07/25 10:28:01.931,2026/07/25 10:28:01.918,2026/07/25 10:28:01.944,1,GPU-713d5b24-2a1e-fd4a-7685-c3d195ff9230,241.65,1410,1593,100,52,73511,43,P0,500.00,Not Active,Not Active,Not Active,Not Active
2026/07/25 10:28:02.183,2026/07/25 10:28:02.168,2026/07/25 10:28:02.198,0,GPU-c5d32af0-0857-3b36-6541-1a688a9ec165,90.81,1410,1593,0,0,73511,40,P0,500.00,Not Active,Not Active,Not Active,Not Active
2026/07/25 10:28:02.183,2026/07/25 10:28:02.168,2026/07/25 10:28:02.198,1,GPU-713d5b24-2a1e-fd4a-7685-c3d195ff9230,240.40,1410,1593,100,52,73511,43,P0,500.00,Not Active,Not Active,Not Active,Not Active
2026/07/25 10:28:02.434,2026/07/25 10:28:02.418,2026/07/25 10:28:02.450,0,GPU-c5d32af0-0857-3b36-6541-1a688a9ec165,386.34,1410,1593,44,8,73511,49,P0,500.00,Not Active,Not Active,Not Active,Not Active
2026/07/25 10:28:02.434,2026/07/25 10:28:02.418,2026/07/25 10:28:02.450,1,GPU-713d5b24-2a1e-fd4a-7685-c3d195ff9230,239.87,1410,1593,100,52,73511,43,P0,500.00,Not Active,Not Active,Not Active,Not Active
2026/07/25 10:28:02.685,2026/07/25 10:28:02.668,2026/07/25 10:28:02.702,0,GPU-c5d32af0-0857-3b36-6541-1a688a9ec165,373.08,1410,1593,100,16,73511,52,P0,500.00,Not Active,Not Active,Not Active,Not Active
2026/07/25 10:28:02.685,2026/07/25 10:28:02.668,2026/07/25 10:28:02.702,1,GPU-713d5b24-2a1e-fd4a-7685-c3d195ff9230,240.80,1410,1593,100,51,73511,43,P0,500.00,Not Active,Not Active,Not Active,Not Active
2026/07/25 10:28:02.938,2026/07/25 10:28:02.918,2026/07/25 10:28:02.958,0,GPU-c5d32af0-0857-3b36-6541-1a688a9ec165,102.24,1410,1593,32,4,73511,45,P0,500.00,Not Active,Not Active,Not Active,Not Active
2026/07/25 10:28:02.938,2026/07/25 10:28:02.918,2026/07/25 10:28:02.958,1,GPU-713d5b24-2a1e-fd4a-7685-c3d195ff9230,87.17,1410,1593,20,0,73511,39,P0,500.00,Not Active,Not Active,Not Active,Not Active
2026/07/25 10:28:03.183,2026/07/25 10:28:03.168,2026/07/25 10:28:03.197,0,GPU-c5d32af0-0857-3b36-6541-1a688a9ec165,92.27,1410,1593,0,0,73511,42,P0,500.00,Not Active,Not Active,Not Active,Not Active
2026/07/25 10:28:03.183,2026/07/25 10:28:03.168,2026/07/25 10:28:03.197,1,GPU-713d5b24-2a1e-fd4a-7685-c3d195ff9230,247.98,1410,1593,100,52,73511,42,P0,500.00,Not Active,Not Active,Not Active,Not Active
2026/07/25 10:28:03.432,2026/07/25 10:28:03.418,2026/07/25 10:28:03.447,0,GPU-c5d32af0-0857-3b36-6541-1a688a9ec165,91.40,1410,1593,0,0,73511,41,P0,500.00,Not Active,Not Active,Not Active,Not Active
2026/07/25 10:28:03.432,2026/07/25 10:28:03.418,2026/07/25 10:28:03.447,1,GPU-713d5b24-2a1e-fd4a-7685-c3d195ff9230,245.62,1410,1593,100,52,73511,43,P0,500.00,Not Active,Not Active,Not Active,Not Active
2026/07/25 10:28:03.681,2026/07/25 10:28:03.668,2026/07/25 10:28:03.695,0,GPU-c5d32af0-0857-3b36-6541-1a688a9ec165,91.40,1410,1593,0,0,73511,41,P0,500.00,Not Active,Not Active,Not Active,Not Active
2026/07/25 10:28:03.681,2026/07/25 10:28:03.668,2026/07/25 10:28:03.695,1,GPU-713d5b24-2a1e-fd4a-7685-c3d195ff9230,247.40,1410,1593,100,52,73511,43,P0,500.00,Not Active,Not Active,Not Active,Not Active
2026/07/25 10:28:03.931,2026/07/25 10:28:03.918,2026/07/25 10:28:03.943,0,GPU-c5d32af0-0857-3b36-6541-1a688a9ec165,90.81,1410,1593,0,0,73511,41,P0,500.00,Not Active,Not Active,Not Active,Not Active
2026/07/25 10:28:03.931,2026/07/25 10:28:03.918,2026/07/25 10:28:03.943,1,GPU-713d5b24-2a1e-fd4a-7685-c3d195ff9230,238.94,1410,1593,100,52,73511,43,P0,500.00,Not Active,Not Active,Not Active,Not Active
2026/07/25 10:28:04.183,2026/07/25 10:28:04.168,2026/07/25 10:28:04.198,0,GPU-c5d32af0-0857-3b36-6541-1a688a9ec165,90.81,1410,1593,0,0,73511,40,P0,500.00,Not Active,Not Active,Not Active,Not Active
2026/07/25 10:28:04.183,2026/07/25 10:28:04.168,2026/07/25 10:28:04.198,1,GPU-713d5b24-2a1e-fd4a-7685-c3d195ff9230,84.74,1410,1593,0,0,73511,38,P0,500.00,Not Active,Not Active,Not Active,Not Active
2026/07/25 10:28:04.434,2026/07/25 10:28:04.418,2026/07/25 10:28:04.451,0,GPU-c5d32af0-0857-3b36-6541-1a688a9ec165,384.42,1410,1593,50,9,73511,49,P0,500.00,Not Active,Not Active,Not Active,Not Active
2026/07/25 10:28:04.434,2026/07/25 10:28:04.418,2026/07/25 10:28:04.451,1,GPU-713d5b24-2a1e-fd4a-7685-c3d195ff9230,84.74,1410,1593,0,0,73511,38,P0,500.00,Not Active,Not Active,Not Active,Not Active
2026/07/25 10:28:04.682,2026/07/25 10:28:04.668,2026/07/25 10:28:04.697,0,GPU-c5d32af0-0857-3b36-6541-1a688a9ec165,378.49,1410,1593,100,16,73511,53,P0,500.00,Not Active,Not Active,Not Active,Not Active
2026/07/25 10:28:04.682,2026/07/25 10:28:04.668,2026/07/25 10:28:04.697,1,GPU-713d5b24-2a1e-fd4a-7685-c3d195ff9230,84.14,1410,1593,0,0,73511,37,P0,500.00,Not Active,Not Active,Not Active,Not Active
2026/07/25 10:28:04.965,2026/07/25 10:28:04.918,2026/07/25 10:28:05.012,0,GPU-c5d32af0-0857-3b36-6541-1a688a9ec165,373.08,1410,1593,100,13,73511,53,P0,500.00,Not Active,Not Active,Not Active,Not Active
2026/07/25 10:28:04.965,2026/07/25 10:28:04.918,2026/07/25 10:28:05.012,1,GPU-713d5b24-2a1e-fd4a-7685-c3d195ff9230,84.14,1410,1593,0,0,73511,37,P0,500.00,Not Active,Not Active,Not Active,Not Active
2026/07/25 10:28:05.199,2026/07/25 10:28:05.168,2026/07/25 10:28:05.230,0,GPU-c5d32af0-0857-3b36-6541-1a688a9ec165,93.19,1410,1593,78,10,73511,43,P0,500.00,Not Active,Not Active,Not Active,Not Active
2026/07/25 10:28:05.199,2026/07/25 10:28:05.168,2026/07/25 10:28:05.230,1,GPU-713d5b24-2a1e-fd4a-7685-c3d195ff9230,244.37,1410,1593,59,19,73511,40,P0,500.00,Not Active,Not Active,Not Active,Not Active
2026/07/25 10:28:05.433,2026/07/25 10:28:05.418,2026/07/25 10:28:05.449,0,GPU-c5d32af0-0857-3b36-6541-1a688a9ec165,91.40,1410,1593,0,0,73511,42,P0,500.00,Not Active,Not Active,Not Active,Not Active
2026/07/25 10:28:05.433,2026/07/25 10:28:05.418,2026/07/25 10:28:05.449,1,GPU-713d5b24-2a1e-fd4a-7685-c3d195ff9230,244.36,1410,1593,100,52,73511,42,P0,500.00,Not Active,Not Active,Not Active,Not Active
2026/07/25 10:28:05.684,2026/07/25 10:28:05.668,2026/07/25 10:28:05.701,0,GPU-c5d32af0-0857-3b36-6541-1a688a9ec165,91.07,1410,1593,0,0,73511,41,P0,500.00,Not Active,Not Active,Not Active,Not Active
2026/07/25 10:28:05.684,2026/07/25 10:28:05.668,2026/07/25 10:28:05.701,1,GPU-713d5b24-2a1e-fd4a-7685-c3d195ff9230,239.55,1410,1593,100,52,73511,42,P0,500.00,Not Active,Not Active,Not Active,Not Active
2026/07/25 10:28:05.932,2026/07/25 10:28:05.918,2026/07/25 10:28:05.947,0,GPU-c5d32af0-0857-3b36-6541-1a688a9ec165,91.07,1410,1593,0,0,73511,41,P0,500.00,Not Active,Not Active,Not Active,Not Active
2026/07/25 10:28:05.932,2026/07/25 10:28:05.918,2026/07/25 10:28:05.947,1,GPU-713d5b24-2a1e-fd4a-7685-c3d195ff9230,239.55,1410,1593,100,52,73511,43,P0,500.00,Not Active,Not Active,Not Active,Not Active
2026/07/25 10:28:06.182,2026/07/25 10:28:06.168,2026/07/25 10:28:06.196,0,GPU-c5d32af0-0857-3b36-6541-1a688a9ec165,90.81,1410,1593,0,0,73511,40,P0,500.00,Not Active,Not Active,Not Active,Not Active
2026/07/25 10:28:06.182,2026/07/25 10:28:06.168,2026/07/25 10:28:06.196,1,GPU-713d5b24-2a1e-fd4a-7685-c3d195ff9230,245.88,1410,1593,100,52,73511,43,P0,500.00,Not Active,Not Active,Not Active,Not Active
2026/07/25 10:28:06.432,2026/07/25 10:28:06.418,2026/07/25 10:28:06.447,0,GPU-c5d32af0-0857-3b36-6541-1a688a9ec165,387.25,1410,1593,60,12,73511,47,P0,500.00,Not Active,Not Active,Not Active,Not Active
2026/07/25 10:28:06.432,2026/07/25 10:28:06.418,2026/07/25 10:28:06.447,1,GPU-713d5b24-2a1e-fd4a-7685-c3d195ff9230,238.69,1410,1593,100,52,73511,43,P0,500.00,Not Active,Not Active,Not Active,Not Active
2026/07/25 10:28:06.682,2026/07/25 10:28:06.668,2026/07/25 10:28:06.695,0,GPU-c5d32af0-0857-3b36-6541-1a688a9ec165,378.42,1410,1593,100,15,73511,53,P0,500.00,Not Active,Not Active,Not Active,Not Active
2026/07/25 10:28:06.682,2026/07/25 10:28:06.668,2026/07/25 10:28:06.695,1,GPU-713d5b24-2a1e-fd4a-7685-c3d195ff9230,123.97,1410,1593,100,52,73511,40,P0,500.00,Not Active,Not Active,Not Active,Not Active
2026/07/25 10:28:06.932,2026/07/25 10:28:06.918,2026/07/25 10:28:06.946,0,GPU-c5d32af0-0857-3b36-6541-1a688a9ec165,372.75,1410,1593,100,13,73511,52,P0,500.00,Not Active,Not Active,Not Active,Not Active
2026/07/25 10:28:06.932,2026/07/25 10:28:06.918,2026/07/25 10:28:06.946,1,GPU-713d5b24-2a1e-fd4a-7685-c3d195ff9230,84.74,1410,1593,1,1,73511,38,P0,500.00,Not Active,Not Active,Not Active,Not Active
2026/07/25 10:28:07.190,2026/07/25 10:28:07.168,2026/07/25 10:28:07.211,0,GPU-c5d32af0-0857-3b36-6541-1a688a9ec165,92.92,1410,1593,0,0,73511,44,P0,500.00,Not Active,Not Active,Not Active,Not Active
2026/07/25 10:28:07.190,2026/07/25 10:28:07.168,2026/07/25 10:28:07.211,1,GPU-713d5b24-2a1e-fd4a-7685-c3d195ff9230,213.26,1410,1593,0,0,73511,41,P0,500.00,Not Active,Not Active,Not Active,Not Active
2026/07/25 10:28:07.434,2026/07/25 10:28:07.418,2026/07/25 10:28:07.451,0,GPU-c5d32af0-0857-3b36-6541-1a688a9ec165,92.00,1410,1593,0,0,73511,42,P0,500.00,Not Active,Not Active,Not Active,Not Active
2026/07/25 10:28:07.434,2026/07/25 10:28:07.418,2026/07/25 10:28:07.451,1,GPU-713d5b24-2a1e-fd4a-7685-c3d195ff9230,240.40,1410,1593,100,52,73511,42,P0,500.00,Not Active,Not Active,Not Active,Not Active
2026/07/25 10:28:07.683,2026/07/25 10:28:07.668,2026/07/25 10:28:07.697,0,GPU-c5d32af0-0857-3b36-6541-1a688a9ec165,91.68,1410,1593,0,0,73511,41,P0,500.00,Not Active,Not Active,Not Active,Not Active
2026/07/25 10:28:07.683,2026/07/25 10:28:07.668,2026/07/25 10:28:07.697,1,GPU-713d5b24-2a1e-fd4a-7685-c3d195ff9230,238.94,1410,1593,100,52,73511,43,P0,500.00,Not Active,Not Active,Not Active,Not Active
2026/07/25 10:28:07.932,2026/07/25 10:28:07.918,2026/07/25 10:28:07.945,0,GPU-c5d32af0-0857-3b36-6541-1a688a9ec165,91.40,1410,1593,0,0,73511,41,P0,500.00,Not Active,Not Active,Not Active,Not Active
2026/07/25 10:28:07.932,2026/07/25 10:28:07.918,2026/07/25 10:28:07.945,1,GPU-713d5b24-2a1e-fd4a-7685-c3d195ff9230,243.50,1410,1593,100,52,73511,43,P0,500.00,Not Active,Not Active,Not Active,Not Active
2026/07/25 10:28:08.181,2026/07/25 10:28:08.168,2026/07/25 10:28:08.195,0,GPU-c5d32af0-0857-3b36-6541-1a688a9ec165,91.07,1410,1593,0,0,73511,41,P0,500.00,Not Active,Not Active,Not Active,Not Active
2026/07/25 10:28:08.181,2026/07/25 10:28:08.168,2026/07/25 10:28:08.195,1,GPU-713d5b24-2a1e-fd4a-7685-c3d195ff9230,245.62,1410,1593,86,45,73511,41,P0,500.00,Not Active,Not Active,Not Active,Not Active
2026/07/25 10:28:08.439,2026/07/25 10:28:08.418,2026/07/25 10:28:08.460,0,GPU-c5d32af0-0857-3b36-6541-1a688a9ec165,388.44,1410,1593,0,0,73511,49,P0,500.00,Not Active,Not Active,Not Active,Not Active
2026/07/25 10:28:08.439,2026/07/25 10:28:08.418,2026/07/25 10:28:08.460,1,GPU-713d5b24-2a1e-fd4a-7685-c3d195ff9230,84.74,1410,1593,0,0,73511,38,P0,500.00,Not Active,Not Active,Not Active,Not Active
2026/07/25 10:28:08.682,2026/07/25 10:28:08.668,2026/07/25 10:28:08.697,0,GPU-c5d32af0-0857-3b36-6541-1a688a9ec165,384.15,1410,1593,100,15,73511,52,P0,500.00,Not Active,Not Active,Not Active,Not Active
2026/07/25 10:28:08.682,2026/07/25 10:28:08.668,2026/07/25 10:28:08.697,1,GPU-713d5b24-2a1e-fd4a-7685-c3d195ff9230,84.74,1410,1593,0,0,73511,37,P0,500.00,Not Active,Not Active,Not Active,Not Active
2026/07/25 10:28:08.932,2026/07/25 10:28:08.918,2026/07/25 10:28:08.947,0,GPU-c5d32af0-0857-3b36-6541-1a688a9ec165,101.64,1410,1593,87,12,73511,45,P0,500.00,Not Active,Not Active,Not Active,Not Active
2026/07/25 10:28:08.932,2026/07/25 10:28:08.918,2026/07/25 10:28:08.947,1,GPU-713d5b24-2a1e-fd4a-7685-c3d195ff9230,84.14,1410,1593,0,0,73511,38,P0,500.00,Not Active,Not Active,Not Active,Not Active
2026/07/25 10:28:09.184,2026/07/25 10:28:09.168,2026/07/25 10:28:09.201,0,GPU-c5d32af0-0857-3b36-6541-1a688a9ec165,92.00,1410,1593,0,0,73511,42,P0,500.00,Not Active,Not Active,Not Active,Not Active
2026/07/25 10:28:09.184,2026/07/25 10:28:09.168,2026/07/25 10:28:09.201,1,GPU-713d5b24-2a1e-fd4a-7685-c3d195ff9230,241.92,1410,1593,100,52,73511,41,P0,500.00,Not Active,Not Active,Not Active,Not Active
2026/07/25 10:28:09.431,2026/07/25 10:28:09.418,2026/07/25 10:28:09.444,0,GPU-c5d32af0-0857-3b36-6541-1a688a9ec165,91.40,1410,1593,0,0,73511,41,P0,500.00,Not Active,Not Active,Not Active,Not Active
2026/07/25 10:28:09.431,2026/07/25 10:28:09.418,2026/07/25 10:28:09.444,1,GPU-713d5b24-2a1e-fd4a-7685-c3d195ff9230,242.51,1410,1593,100,52,73511,42,P0,500.00,Not Active,Not Active,Not Active,Not Active
2026/07/25 10:28:09.683,2026/07/25 10:28:09.668,2026/07/25 10:28:09.697,0,GPU-c5d32af0-0857-3b36-6541-1a688a9ec165,91.07,1410,1593,0,0,73511,41,P0,500.00,Not Active,Not Active,Not Active,Not Active
2026/07/25 10:28:09.683,2026/07/25 10:28:09.668,2026/07/25 10:28:09.697,1,GPU-713d5b24-2a1e-fd4a-7685-c3d195ff9230,244.62,1410,1593,99,52,73511,43,P0,500.00,Not Active,Not Active,Not Active,Not Active
2026/07/25 10:28:09.931,2026/07/25 10:28:09.918,2026/07/25 10:28:09.944,0,GPU-c5d32af0-0857-3b36-6541-1a688a9ec165,90.81,1410,1593,0,0,73511,41,P0,500.00,Not Active,Not Active,Not Active,Not Active
2026/07/25 10:28:09.931,2026/07/25 10:28:09.918,2026/07/25 10:28:09.944,1,GPU-713d5b24-2a1e-fd4a-7685-c3d195ff9230,244.96,1410,1593,100,52,73511,43,P0,500.00,Not Active,Not Active,Not Active,Not Active
2026/07/25 10:28:10.183,2026/07/25 10:28:10.168,2026/07/25 10:28:10.198,0,GPU-c5d32af0-0857-3b36-6541-1a688a9ec165,90.81,1410,1593,0,0,73511,40,P0,500.00,Not Active,Not Active,Not Active,Not Active
2026/07/25 10:28:10.183,2026/07/25 10:28:10.168,2026/07/25 10:28:10.198,1,GPU-713d5b24-2a1e-fd4a-7685-c3d195ff9230,242.26,1410,1593,100,53,73511,43,P0,500.00,Not Active,Not Active,Not Active,Not Active
2026/07/25 10:28:10.445,2026/07/25 10:28:10.418,2026/07/25 10:28:10.471,0,GPU-c5d32af0-0857-3b36-6541-1a688a9ec165,382.44,1410,1593,0,0,73511,48,P0,500.00,Not Active,Not Active,Not Active,Not Active
2026/07/25 10:28:10.445,2026/07/25 10:28:10.418,2026/07/25 10:28:10.471,1,GPU-713d5b24-2a1e-fd4a-7685-c3d195ff9230,241.07,1410,1593,100,52,73511,43,P0,500.00,Not Active,Not Active,Not Active,Not Active
2026/07/25 10:28:10.681,2026/07/25 10:28:10.668,2026/07/25 10:28:10.695,0,GPU-c5d32af0-0857-3b36-6541-1a688a9ec165,375.19,1410,1593,100,15,73511,52,P0,500.00,Not Active,Not Active,Not Active,Not Active
2026/07/25 10:28:10.681,2026/07/25 10:28:10.668,2026/07/25 10:28:10.695,1,GPU-713d5b24-2a1e-fd4a-7685-c3d195ff9230,85.33,1410,1593,38,20,73511,39,P0,500.00,Not Active,Not Active,Not Active,Not Active
2026/07/25 10:28:10.933,2026/07/25 10:28:10.918,2026/07/25 10:28:10.947,0,GPU-c5d32af0-0857-3b36-6541-1a688a9ec165,383.23,1410,1593,100,13,73511,53,P0,500.00,Not Active,Not Active,Not Active,Not Active
2026/07/25 10:28:10.933,2026/07/25 10:28:10.918,2026/07/25 10:28:10.947,1,GPU-713d5b24-2a1e-fd4a-7685-c3d195ff9230,84.46,1410,1593,0,0,73511,38,P0,500.00,Not Active,Not Active,Not Active,Not Active
2026/07/25 10:28:11.184,2026/07/25 10:28:11.168,2026/07/25 10:28:11.201,0,GPU-c5d32af0-0857-3b36-6541-1a688a9ec165,94.38,1410,1593,94,10,73511,45,P0,500.00,Not Active,Not Active,Not Active,Not Active
2026/07/25 10:28:11.184,2026/07/25 10:28:11.168,2026/07/25 10:28:11.201,1,GPU-713d5b24-2a1e-fd4a-7685-c3d195ff9230,96.49,1410,1593,0,0,73511,37,P0,500.00,Not Active,Not Active,Not Active,Not Active
2026/07/25 10:28:11.443,2026/07/25 10:28:11.418,2026/07/25 10:28:11.468,0,GPU-c5d32af0-0857-3b36-6541-1a688a9ec165,92.00,1410,1593,0,0,73511,42,P0,500.00,Not Active,Not Active,Not Active,Not Active
2026/07/25 10:28:11.443,2026/07/25 10:28:11.418,2026/07/25 10:28:11.468,1,GPU-713d5b24-2a1e-fd4a-7685-c3d195ff9230,242.83,1410,1593,100,51,73511,41,P0,500.00,Not Active,Not Active,Not Active,Not Active
2026/07/25 10:28:11.683,2026/07/25 10:28:11.668,2026/07/25 10:28:11.699,0,GPU-c5d32af0-0857-3b36-6541-1a688a9ec165,91.40,1410,1593,0,0,73511,41,P0,500.00,Not Active,Not Active,Not Active,Not Active
2026/07/25 10:28:11.683,2026/07/25 10:28:11.668,2026/07/25 10:28:11.699,1,GPU-713d5b24-2a1e-fd4a-7685-c3d195ff9230,244.36,1410,1593,100,51,73511,42,P0,500.00,Not Active,Not Active,Not Active,Not Active
2026/07/25 10:28:11.933,2026/07/25 10:28:11.918,2026/07/25 10:28:11.947,0,GPU-c5d32af0-0857-3b36-6541-1a688a9ec165,91.07,1410,1593,0,0,73511,41,P0,500.00,Not Active,Not Active,Not Active,Not Active
2026/07/25 10:28:11.933,2026/07/25 10:28:11.918,2026/07/25 10:28:11.947,1,GPU-713d5b24-2a1e-fd4a-7685-c3d195ff9230,240.15,1410,1593,100,51,73511,43,P0,500.00,Not Active,Not Active,Not Active,Not Active
2026/07/25 10:28:12.183,2026/07/25 10:28:12.168,2026/07/25 10:28:12.197,0,GPU-c5d32af0-0857-3b36-6541-1a688a9ec165,91.07,1410,1593,0,0,73511,41,P0,500.00,Not Active,Not Active,Not Active,Not Active
2026/07/25 10:28:12.183,2026/07/25 10:28:12.168,2026/07/25 10:28:12.197,1,GPU-713d5b24-2a1e-fd4a-7685-c3d195ff9230,241.99,1410,1593,100,51,73511,43,P0,500.00,Not Active,Not Active,Not Active,Not Active
2026/07/25 10:28:12.435,2026/07/25 10:28:12.418,2026/07/25 10:28:12.452,0,GPU-c5d32af0-0857-3b36-6541-1a688a9ec165,383.63,1410,1593,93,17,73511,49,P0,500.00,Not Active,Not Active,Not Active,Not Active
2026/07/25 10:28:12.435,2026/07/25 10:28:12.418,2026/07/25 10:28:12.452,1,GPU-713d5b24-2a1e-fd4a-7685-c3d195ff9230,241.65,1410,1593,100,51,73511,43,P0,500.00,Not Active,Not Active,Not Active,Not Active
2026/07/25 10:28:12.682,2026/07/25 10:28:12.668,2026/07/25 10:28:12.695,0,GPU-c5d32af0-0857-3b36-6541-1a688a9ec165,378.49,1410,1593,100,15,73511,52,P0,500.00,Not Active,Not Active,Not Active,Not Active
2026/07/25 10:28:12.682,2026/07/25 10:28:12.668,2026/07/25 10:28:12.695,1,GPU-713d5b24-2a1e-fd4a-7685-c3d195ff9230,85.93,1410,1593,70,36,73511,41,P0,500.00,Not Active,Not Active,Not Active,Not Active
2026/07/25 10:28:12.932,2026/07/25 10:28:12.918,2026/07/25 10:28:12.945,0,GPU-c5d32af0-0857-3b36-6541-1a688a9ec165,94.11,1410,1593,52,7,73511,44,P0,500.00,Not Active,Not Active,Not Active,Not Active
2026/07/25 10:28:12.932,2026/07/25 10:28:12.918,2026/07/25 10:28:12.945,1,GPU-713d5b24-2a1e-fd4a-7685-c3d195ff9230,96.22,1410,1593,5,0,73511,41,P0,500.00,Not Active,Not Active,Not Active,Not Active
2026/07/25 10:28:13.183,2026/07/25 10:28:13.168,2026/07/25 10:28:13.198,0,GPU-c5d32af0-0857-3b36-6541-1a688a9ec165,91.68,1410,1593,0,0,73511,42,P0,500.00,Not Active,Not Active,Not Active,Not Active
2026/07/25 10:28:13.183,2026/07/25 10:28:13.168,2026/07/25 10:28:13.198,1,GPU-713d5b24-2a1e-fd4a-7685-c3d195ff9230,247.66,1410,1593,100,53,73511,42,P0,500.00,Not Active,Not Active,Not Active,Not Active
2026/07/25 10:28:13.434,2026/07/25 10:28:13.418,2026/07/25 10:28:13.449,0,GPU-c5d32af0-0857-3b36-6541-1a688a9ec165,91.40,1410,1593,0,0,73511,41,P0,500.00,Not Active,Not Active,Not Active,Not Active
2026/07/25 10:28:13.434,2026/07/25 10:28:13.418,2026/07/25 10:28:13.449,1,GPU-713d5b24-2a1e-fd4a-7685-c3d195ff9230,249.77,1410,1593,100,52,73511,43,P0,500.00,Not Active,Not Active,Not Active,Not Active
2026/07/25 10:28:13.683,2026/07/25 10:28:13.668,2026/07/25 10:28:13.699,0,GPU-c5d32af0-0857-3b36-6541-1a688a9ec165,91.07,1410,1593,0,0,73511,41,P0,500.00,Not Active,Not Active,Not Active,Not Active
2026/07/25 10:28:13.683,2026/07/25 10:28:13.668,2026/07/25 10:28:13.699,1,GPU-713d5b24-2a1e-fd4a-7685-c3d195ff9230,241.07,1410,1593,100,53,73511,43,P0,500.00,Not Active,Not Active,Not Active,Not Active
2026/07/25 10:28:13.931,2026/07/25 10:28:13.918,2026/07/25 10:28:13.944,0,GPU-c5d32af0-0857-3b36-6541-1a688a9ec165,91.07,1410,1593,0,0,73511,41,P0,500.00,Not Active,Not Active,Not Active,Not Active
2026/07/25 10:28:13.931,2026/07/25 10:28:13.918,2026/07/25 10:28:13.944,1,GPU-713d5b24-2a1e-fd4a-7685-c3d195ff9230,244.36,1410,1593,100,53,73511,44,P0,500.00,Not Active,Not Active,Not Active,Not Active
2026/07/25 10:28:14.182,2026/07/25 10:28:14.168,2026/07/25 10:28:14.196,0,GPU-c5d32af0-0857-3b36-6541-1a688a9ec165,90.81,1410,1593,0,0,73511,40,P0,500.00,Not Active,Not Active,Not Active,Not Active
2026/07/25 10:28:14.182,2026/07/25 10:28:14.168,2026/07/25 10:28:14.196,1,GPU-713d5b24-2a1e-fd4a-7685-c3d195ff9230,243.16,1410,1593,100,52,73511,44,P0,500.00,Not Active,Not Active,Not Active,Not Active
2026/07/25 10:28:14.451,2026/07/25 10:28:14.418,2026/07/25 10:28:14.484,0,GPU-c5d32af0-0857-3b36-6541-1a688a9ec165,385.15,1410,1593,95,17,73511,50,P0,500.00,Not Active,Not Active,Not Active,Not Active
2026/07/25 10:28:14.451,2026/07/25 10:28:14.418,2026/07/25 10:28:14.484,1,GPU-713d5b24-2a1e-fd4a-7685-c3d195ff9230,85.66,1410,1593,52,28,73511,40,P0,500.00,Not Active,Not Active,Not Active,Not Active
2026/07/25 10:28:14.685,2026/07/25 10:28:14.668,2026/07/25 10:28:14.701,0,GPU-c5d32af0-0857-3b36-6541-1a688a9ec165,380.21,1410,1593,100,15,73511,52,P0,500.00,Not Active,Not Active,Not Active,Not Active
2026/07/25 10:28:14.685,2026/07/25 10:28:14.668,2026/07/25 10:28:14.701,1,GPU-713d5b24-2a1e-fd4a-7685-c3d195ff9230,85.06,1410,1593,0,0,73511,38,P0,500.00,Not Active,Not Active,Not Active,Not Active
2026/07/25 10:28:14.936,2026/07/25 10:28:14.918,2026/07/25 10:28:14.955,0,GPU-c5d32af0-0857-3b36-6541-1a688a9ec165,93.19,1410,1593,28,5,73511,43,P0,500.00,Not Active,Not Active,Not Active,Not Active
2026/07/25 10:28:14.936,2026/07/25 10:28:14.918,2026/07/25 10:28:14.955,1,GPU-713d5b24-2a1e-fd4a-7685-c3d195ff9230,241.40,1410,1593,17,0,73511,40,P0,500.00,Not Active,Not Active,Not Active,Not Active
2026/07/25 10:28:15.182,2026/07/25 10:28:15.168,2026/07/25 10:28:15.196,0,GPU-c5d32af0-0857-3b36-6541-1a688a9ec165,92.00,1410,1593,0,0,73511,42,P0,500.00,Not Active,Not Active,Not Active,Not Active
2026/07/25 10:28:15.182,2026/07/25 10:28:15.168,2026/07/25 10:28:15.196,1,GPU-713d5b24-2a1e-fd4a-7685-c3d195ff9230,242.91,1410,1593,90,48,73511,42,P0,500.00,Not Active,Not Active,Not Active,Not Active
2026/07/25 10:28:15.465,2026/07/25 10:28:15.418,2026/07/25 10:28:15.513,0,GPU-c5d32af0-0857-3b36-6541-1a688a9ec165,98.01,1410,1593,0,0,73511,41,P0,500.00,Not Active,Not Active,Not Active,Not Active
2026/07/25 10:28:15.465,2026/07/25 10:28:15.418,2026/07/25 10:28:15.513,1,GPU-713d5b24-2a1e-fd4a-7685-c3d195ff9230,247.72,1410,1593,100,53,73511,43,P0,500.00,Not Active,Not Active,Not Active,Not Active
2026/07/25 10:28:15.683,2026/07/25 10:28:15.668,2026/07/25 10:28:15.698,0,GPU-c5d32af0-0857-3b36-6541-1a688a9ec165,91.17,1410,1593,0,0,73511,41,P0,500.00,Not Active,Not Active,Not Active,Not Active
2026/07/25 10:28:15.683,2026/07/25 10:28:15.668,2026/07/25 10:28:15.698,1,GPU-713d5b24-2a1e-fd4a-7685-c3d195ff9230,243.50,1410,1593,100,53,73511,43,P0,500.00,Not Active,Not Active,Not Active,Not Active
2026/07/25 10:28:15.932,2026/07/25 10:28:15.918,2026/07/25 10:28:15.946,0,GPU-c5d32af0-0857-3b36-6541-1a688a9ec165,90.81,1410,1593,0,0,73511,40,P0,500.00,Not Active,Not Active,Not Active,Not Active
2026/07/25 10:28:15.932,2026/07/25 10:28:15.918,2026/07/25 10:28:15.946,1,GPU-713d5b24-2a1e-fd4a-7685-c3d195ff9230,243.43,1410,1593,100,53,73511,43,P0,500.00,Not Active,Not Active,Not Active,Not Active
2026/07/25 10:28:16.182,2026/07/25 10:28:16.168,2026/07/25 10:28:16.197,0,GPU-c5d32af0-0857-3b36-6541-1a688a9ec165,90.81,1410,1593,0,0,73511,40,P0,500.00,Not Active,Not Active,Not Active,Not Active
2026/07/25 10:28:16.182,2026/07/25 10:28:16.168,2026/07/25 10:28:16.197,1,GPU-713d5b24-2a1e-fd4a-7685-c3d195ff9230,85.06,1410,1593,43,23,73511,38,P0,500.00,Not Active,Not Active,Not Active,Not Active
2026/07/25 10:28:16.435,2026/07/25 10:28:16.418,2026/07/25 10:28:16.453,0,GPU-c5d32af0-0857-3b36-6541-1a688a9ec165,376.15,1410,1593,1,0,73511,48,P0,500.00,Not Active,Not Active,Not Active,Not Active
2026/07/25 10:28:16.435,2026/07/25 10:28:16.418,2026/07/25 10:28:16.453,1,GPU-713d5b24-2a1e-fd4a-7685-c3d195ff9230,84.90,1410,1593,0,0,73511,38,P0,500.00,Not Active,Not Active,Not Active,Not Active
2026/07/25 10:28:16.682,2026/07/25 10:28:16.668,2026/07/25 10:28:16.696,0,GPU-c5d32af0-0857-3b36-6541-1a688a9ec165,386.15,1410,1593,100,15,73511,52,P0,500.00,Not Active,Not Active,Not Active,Not Active
2026/07/25 10:28:16.682,2026/07/25 10:28:16.668,2026/07/25 10:28:16.696,1,GPU-713d5b24-2a1e-fd4a-7685-c3d195ff9230,84.49,1410,1593,0,0,73511,37,P0,500.00,Not Active,Not Active,Not Active,Not Active
2026/07/25 10:28:16.934,2026/07/25 10:28:16.918,2026/07/25 10:28:16.949,0,GPU-c5d32af0-0857-3b36-6541-1a688a9ec165,363.11,1410,1593,100,12,73511,53,P0,500.00,Not Active,Not Active,Not Active,Not Active
2026/07/25 10:28:16.934,2026/07/25 10:28:16.918,2026/07/25 10:28:16.949,1,GPU-713d5b24-2a1e-fd4a-7685-c3d195ff9230,84.49,1410,1593,0,0,73511,37,P0,500.00,Not Active,Not Active,Not Active,Not Active
2026/07/25 10:28:17.182,2026/07/25 10:28:17.168,2026/07/25 10:28:17.196,0,GPU-c5d32af0-0857-3b36-6541-1a688a9ec165,94.00,1410,1593,38,5,73511,43,P0,500.00,Not Active,Not Active,Not Active,Not Active
2026/07/25 10:28:17.182,2026/07/25 10:28:17.168,2026/07/25 10:28:17.196,1,GPU-713d5b24-2a1e-fd4a-7685-c3d195ff9230,224.15,1410,1593,6,0,73511,39,P0,500.00,Not Active,Not Active,Not Active,Not Active
2026/07/25 10:28:17.433,2026/07/25 10:28:17.418,2026/07/25 10:28:17.448,0,GPU-c5d32af0-0857-3b36-6541-1a688a9ec165,92.48,1410,1593,0,0,73511,42,P0,500.00,Not Active,Not Active,Not Active,Not Active
2026/07/25 10:28:17.433,2026/07/25 10:28:17.418,2026/07/25 10:28:17.448,1,GPU-713d5b24-2a1e-fd4a-7685-c3d195ff9230,245.37,1410,1593,100,52,73511,42,P0,500.00,Not Active,Not Active,Not Active,Not Active
2026/07/25 10:28:17.683,2026/07/25 10:28:17.668,2026/07/25 10:28:17.699,0,GPU-c5d32af0-0857-3b36-6541-1a688a9ec165,91.55,1410,1593,0,0,73511,41,P0,500.00,Not Active,Not Active,Not Active,Not Active
2026/07/25 10:28:17.683,2026/07/25 10:28:17.668,2026/07/25 10:28:17.699,1,GPU-713d5b24-2a1e-fd4a-7685-c3d195ff9230,244.44,1410,1593,100,52,73511,42,P0,500.00,Not Active,Not Active,Not Active,Not Active
2026/07/25 10:28:17.933,2026/07/25 10:28:17.918,2026/07/25 10:28:17.948,0,GPU-c5d32af0-0857-3b36-6541-1a688a9ec165,91.28,1410,1593,0,0,73511,41,P0,500.00,Not Active,Not Active,Not Active,Not Active
2026/07/25 10:28:17.933,2026/07/25 10:28:17.918,2026/07/25 10:28:17.948,1,GPU-713d5b24-2a1e-fd4a-7685-c3d195ff9230,238.08,1410,1593,100,52,73511,43,P0,500.00,Not Active,Not Active,Not Active,Not Active
2026/07/25 10:28:18.183,2026/07/25 10:28:18.168,2026/07/25 10:28:18.198,0,GPU-c5d32af0-0857-3b36-6541-1a688a9ec165,91.28,1410,1593,0,0,73511,41,P0,500.00,Not Active,Not Active,Not Active,Not Active
2026/07/25 10:28:18.183,2026/07/25 10:28:18.168,2026/07/25 10:28:18.198,1,GPU-713d5b24-2a1e-fd4a-7685-c3d195ff9230,245.37,1410,1593,100,52,73511,43,P0,500.00,Not Active,Not Active,Not Active,Not Active
2026/07/25 10:28:18.432,2026/07/25 10:28:18.418,2026/07/25 10:28:18.447,0,GPU-c5d32af0-0857-3b36-6541-1a688a9ec165,387.15,1410,1593,10,2,73511,50,P0,500.00,Not Active,Not Active,Not Active,Not Active
2026/07/25 10:28:18.432,2026/07/25 10:28:18.418,2026/07/25 10:28:18.447,1,GPU-713d5b24-2a1e-fd4a-7685-c3d195ff9230,242.65,1410,1593,100,52,73511,43,P0,500.00,Not Active,Not Active,Not Active,Not Active
2026/07/25 10:28:18.682,2026/07/25 10:28:18.668,2026/07/25 10:28:18.696,0,GPU-c5d32af0-0857-3b36-6541-1a688a9ec165,377.67,1410,1593,100,17,73511,52,P0,500.00,Not Active,Not Active,Not Active,Not Active
2026/07/25 10:28:18.682,2026/07/25 10:28:18.668,2026/07/25 10:28:18.696,1,GPU-713d5b24-2a1e-fd4a-7685-c3d195ff9230,85.69,1410,1593,55,29,73511,39,P0,500.00,Not Active,Not Active,Not Active,Not Active
2026/07/25 10:28:18.936,2026/07/25 10:28:18.918,2026/07/25 10:28:18.953,0,GPU-c5d32af0-0857-3b36-6541-1a688a9ec165,364.63,1410,1593,100,12,73511,53,P0,500.00,Not Active,Not Active,Not Active,Not Active
2026/07/25 10:28:18.936,2026/07/25 10:28:18.918,2026/07/25 10:28:18.953,1,GPU-713d5b24-2a1e-fd4a-7685-c3d195ff9230,84.82,1410,1593,0,0,73511,38,P0,500.00,Not Active,Not Active,Not Active,Not Active
2026/07/25 10:28:19.183,2026/07/25 10:28:19.168,2026/07/25 10:28:19.197,0,GPU-c5d32af0-0857-3b36-6541-1a688a9ec165,93.58,1410,1593,28,3,73511,43,P0,500.00,Not Active,Not Active,Not Active,Not Active
2026/07/25 10:28:19.183,2026/07/25 10:28:19.168,2026/07/25 10:28:19.197,1,GPU-713d5b24-2a1e-fd4a-7685-c3d195ff9230,238.40,1410,1593,18,0,73511,41,P0,500.00,Not Active,Not Active,Not Active,Not Active
2026/07/25 10:28:19.433,2026/07/25 10:28:19.418,2026/07/25 10:28:19.448,0,GPU-c5d32af0-0857-3b36-6541-1a688a9ec165,92.15,1410,1593,0,0,73511,42,P0,500.00,Not Active,Not Active,Not Active,Not Active
2026/07/25 10:28:19.433,2026/07/25 10:28:19.418,2026/07/25 10:28:19.448,1,GPU-713d5b24-2a1e-fd4a-7685-c3d195ff9230,243.25,1410,1593,96,47,73511,42,P0,500.00,Not Active,Not Active,Not Active,Not Active
2026/07/25 10:28:19.682,2026/07/25 10:28:19.668,2026/07/25 10:28:19.695,0,GPU-c5d32af0-0857-3b36-6541-1a688a9ec165,91.55,1410,1593,0,0,73511,41,P0,500.00,Not Active,Not Active,Not Active,Not Active
2026/07/25 10:28:19.682,2026/07/25 10:28:19.668,2026/07/25 10:28:19.695,1,GPU-713d5b24-2a1e-fd4a-7685-c3d195ff9230,240.53,1410,1593,100,52,73511,43,P0,500.00,Not Active,Not Active,Not Active,Not Active
2026/07/25 10:28:19.932,2026/07/25 10:28:19.918,2026/07/25 10:28:19.946,0,GPU-c5d32af0-0857-3b36-6541-1a688a9ec165,91.28,1410,1593,0,0,73511,41,P0,500.00,Not Active,Not Active,Not Active,Not Active
2026/07/25 10:28:19.932,2026/07/25 10:28:19.918,2026/07/25 10:28:19.946,1,GPU-713d5b24-2a1e-fd4a-7685-c3d195ff9230,243.17,1410,1593,100,52,73511,43,P0,500.00,Not Active,Not Active,Not Active,Not Active
2026/07/25 10:28:20.183,2026/07/25 10:28:20.168,2026/07/25 10:28:20.198,0,GPU-c5d32af0-0857-3b36-6541-1a688a9ec165,91.55,1410,1593,0,0,73511,41,P0,500.00,Not Active,Not Active,Not Active,Not Active
2026/07/25 10:28:20.183,2026/07/25 10:28:20.168,2026/07/25 10:28:20.198,1,GPU-713d5b24-2a1e-fd4a-7685-c3d195ff9230,242.92,1410,1593,100,52,73511,43,P0,500.00,Not Active,Not Active,Not Active,Not Active
2026/07/25 10:28:20.434,2026/07/25 10:28:20.418,2026/07/25 10:28:20.449,0,GPU-c5d32af0-0857-3b36-6541-1a688a9ec165,387.62,1410,1593,16,3,73511,50,P0,500.00,Not Active,Not Active,Not Active,Not Active
2026/07/25 10:28:20.434,2026/07/25 10:28:20.418,2026/07/25 10:28:20.449,1,GPU-713d5b24-2a1e-fd4a-7685-c3d195ff9230,243.84,1410,1593,100,52,73511,44,P0,500.00,Not Active,Not Active,Not Active,Not Active
2026/07/25 10:28:20.686,2026/07/25 10:28:20.668,2026/07/25 10:28:20.704,0,GPU-c5d32af0-0857-3b36-6541-1a688a9ec165,376.15,1410,1593,100,17,73511,52,P0,500.00,Not Active,Not Active,Not Active,Not Active
2026/07/25 10:28:20.686,2026/07/25 10:28:20.668,2026/07/25 10:28:20.704,1,GPU-713d5b24-2a1e-fd4a-7685-c3d195ff9230,85.42,1410,1593,12,6,73511,39,P0,500.00,Not Active,Not Active,Not Active,Not Active
2026/07/25 10:28:20.934,2026/07/25 10:28:20.918,2026/07/25 10:28:20.951,0,GPU-c5d32af0-0857-3b36-6541-1a688a9ec165,369.19,1410,1593,100,12,73511,53,P0,500.00,Not Active,Not Active,Not Active,Not Active
2026/07/25 10:28:20.934,2026/07/25 10:28:20.918,2026/07/25 10:28:20.951,1,GPU-713d5b24-2a1e-fd4a-7685-c3d195ff9230,84.82,1410,1593,0,0,73511,38,P0,500.00,Not Active,Not Active,Not Active,Not Active
2026/07/25 10:28:21.183,2026/07/25 10:28:21.168,2026/07/25 10:28:21.198,0,GPU-c5d32af0-0857-3b36-6541-1a688a9ec165,94.00,1410,1593,25,3,73511,44,P0,500.00,Not Active,Not Active,Not Active,Not Active
2026/07/25 10:28:21.183,2026/07/25 10:28:21.168,2026/07/25 10:28:21.198,1,GPU-713d5b24-2a1e-fd4a-7685-c3d195ff9230,236.28,1410,1593,19,0,73511,40,P0,500.00,Not Active,Not Active,Not Active,Not Active
2026/07/25 10:28:21.432,2026/07/25 10:28:21.418,2026/07/25 10:28:21.445,0,GPU-c5d32af0-0857-3b36-6541-1a688a9ec165,93.07,1410,1593,0,0,73511,42,P0,500.00,Not Active,Not Active,Not Active,Not Active
2026/07/25 10:28:21.432,2026/07/25 10:28:21.418,2026/07/25 10:28:21.445,1,GPU-713d5b24-2a1e-fd4a-7685-c3d195ff9230,245.63,1410,1593,100,52,73511,42,P0,500.00,Not Active,Not Active,Not Active,Not Active
2026/07/25 10:28:21.683,2026/07/25 10:28:21.668,2026/07/25 10:28:21.698,0,GPU-c5d32af0-0857-3b36-6541-1a688a9ec165,91.88,1410,1593,0,0,73511,42,P0,500.00,Not Active,Not Active,Not Active,Not Active
2026/07/25 10:28:21.683,2026/07/25 10:28:21.668,2026/07/25 10:28:21.698,1,GPU-713d5b24-2a1e-fd4a-7685-c3d195ff9230,243.84,1410,1593,100,52,73511,43,P0,500.00,Not Active,Not Active,Not Active,Not Active
2026/07/25 10:28:21.933,2026/07/25 10:28:21.918,2026/07/25 10:28:21.947,0,GPU-c5d32af0-0857-3b36-6541-1a688a9ec165,91.55,1410,1593,0,0,73511,41,P0,500.00,Not Active,Not Active,Not Active,Not Active
2026/07/25 10:28:21.933,2026/07/25 10:28:21.918,2026/07/25 10:28:21.947,1,GPU-713d5b24-2a1e-fd4a-7685-c3d195ff9230,241.12,1410,1593,100,52,73511,43,P0,500.00,Not Active,Not Active,Not Active,Not Active
2026/07/25 10:28:22.184,2026/07/25 10:28:22.168,2026/07/25 10:28:22.200,0,GPU-c5d32af0-0857-3b36-6541-1a688a9ec165,91.28,1410,1593,0,0,73511,41,P0,500.00,Not Active,Not Active,Not Active,Not Active
2026/07/25 10:28:22.184,2026/07/25 10:28:22.168,2026/07/25 10:28:22.200,1,GPU-713d5b24-2a1e-fd4a-7685-c3d195ff9230,247.16,1410,1593,100,52,73511,43,P0,500.00,Not Active,Not Active,Not Active,Not Active
2026/07/25 10:28:22.433,2026/07/25 10:28:22.418,2026/07/25 10:28:22.448,0,GPU-c5d32af0-0857-3b36-6541-1a688a9ec165,390.66,1410,1593,25,5,73511,50,P0,500.00,Not Active,Not Active,Not Active,Not Active
2026/07/25 10:28:22.433,2026/07/25 10:28:22.418,2026/07/25 10:28:22.448,1,GPU-713d5b24-2a1e-fd4a-7685-c3d195ff9230,240.80,1410,1593,83,43,73511,43,P0,500.00,Not Active,Not Active,Not Active,Not Active
2026/07/25 10:28:22.682,2026/07/25 10:28:22.668,2026/07/25 10:28:22.697,0,GPU-c5d32af0-0857-3b36-6541-1a688a9ec165,377.67,1410,1593,100,17,73511,53,P0,500.00,Not Active,Not Active,Not Active,Not Active
2026/07/25 10:28:22.682,2026/07/25 10:28:22.668,2026/07/25 10:28:22.697,1,GPU-713d5b24-2a1e-fd4a-7685-c3d195ff9230,85.69,1410,1593,0,0,73511,39,P0,500.00,Not Active,Not Active,Not Active,Not Active
2026/07/25 10:28:22.932,2026/07/25 10:28:22.918,2026/07/25 10:28:22.945,0,GPU-c5d32af0-0857-3b36-6541-1a688a9ec165,360.72,1410,1593,100,13,73511,49,P0,500.00,Not Active,Not Active,Not Active,Not Active
2026/07/25 10:28:22.932,2026/07/25 10:28:22.918,2026/07/25 10:28:22.945,1,GPU-713d5b24-2a1e-fd4a-7685-c3d195ff9230,84.82,1410,1593,0,0,73511,38,P0,500.00,Not Active,Not Active,Not Active,Not Active
2026/07/25 10:28:23.184,2026/07/25 10:28:23.168,2026/07/25 10:28:23.199,0,GPU-c5d32af0-0857-3b36-6541-1a688a9ec165,92.75,1410,1593,0,0,73511,43,P0,500.00,Not Active,Not Active,Not Active,Not Active
2026/07/25 10:28:23.184,2026/07/25 10:28:23.168,2026/07/25 10:28:23.199,1,GPU-713d5b24-2a1e-fd4a-7685-c3d195ff9230,236.88,1410,1593,44,12,73511,41,P0,500.00,Not Active,Not Active,Not Active,Not Active
2026/07/25 10:28:23.435,2026/07/25 10:28:23.418,2026/07/25 10:28:23.451,0,GPU-c5d32af0-0857-3b36-6541-1a688a9ec165,92.15,1410,1593,0,0,73511,42,P0,500.00,Not Active,Not Active,Not Active,Not Active
2026/07/25 10:28:23.435,2026/07/25 10:28:23.418,2026/07/25 10:28:23.451,1,GPU-713d5b24-2a1e-fd4a-7685-c3d195ff9230,243.84,1410,1593,100,52,73511,42,P0,500.00,Not Active,Not Active,Not Active,Not Active
2026/07/25 10:28:23.682,2026/07/25 10:28:23.668,2026/07/25 10:28:23.697,0,GPU-c5d32af0-0857-3b36-6541-1a688a9ec165,91.55,1410,1593,0,0,73511,41,P0,500.00,Not Active,Not Active,Not Active,Not Active
2026/07/25 10:28:23.682,2026/07/25 10:28:23.668,2026/07/25 10:28:23.697,1,GPU-713d5b24-2a1e-fd4a-7685-c3d195ff9230,247.49,1410,1593,100,52,73511,43,P0,500.00,Not Active,Not Active,Not Active,Not Active
2026/07/25 10:28:23.933,2026/07/25 10:28:23.918,2026/07/25 10:28:23.948,0,GPU-c5d32af0-0857-3b36-6541-1a688a9ec165,91.55,1410,1593,0,0,73511,41,P0,500.00,Not Active,Not Active,Not Active,Not Active
2026/07/25 10:28:23.933,2026/07/25 10:28:23.918,2026/07/25 10:28:23.948,1,GPU-713d5b24-2a1e-fd4a-7685-c3d195ff9230,237.16,1410,1593,100,52,73511,43,P0,500.00,Not Active,Not Active,Not Active,Not Active
2026/07/25 10:28:24.182,2026/07/25 10:28:24.168,2026/07/25 10:28:24.196,0,GPU-c5d32af0-0857-3b36-6541-1a688a9ec165,91.28,1410,1593,0,0,73511,41,P0,500.00,Not Active,Not Active,Not Active,Not Active
2026/07/25 10:28:24.182,2026/07/25 10:28:24.168,2026/07/25 10:28:24.196,1,GPU-713d5b24-2a1e-fd4a-7685-c3d195ff9230,245.04,1410,1593,100,52,73511,43,P0,500.00,Not Active,Not Active,Not Active,Not Active
2026/07/25 10:28:24.432,2026/07/25 10:28:24.418,2026/07/25 10:28:24.446,0,GPU-c5d32af0-0857-3b36-6541-1a688a9ec165,390.66,1410,1593,35,7,73511,51,P0,500.00,Not Active,Not Active,Not Active,Not Active
2026/07/25 10:28:24.432,2026/07/25 10:28:24.418,2026/07/25 10:28:24.446,1,GPU-713d5b24-2a1e-fd4a-7685-c3d195ff9230,247.49,1410,1593,100,52,73511,42,P0,500.00,Not Active,Not Active,Not Active,Not Active
2026/07/25 10:28:24.694,2026/07/25 10:28:24.668,2026/07/25 10:28:24.720,0,GPU-c5d32af0-0857-3b36-6541-1a688a9ec165,375.83,1410,1593,100,17,73511,52,P0,500.00,Not Active,Not Active,Not Active,Not Active
2026/07/25 10:28:24.694,2026/07/25 10:28:24.668,2026/07/25 10:28:24.720,1,GPU-713d5b24-2a1e-fd4a-7685-c3d195ff9230,85.09,1410,1593,0,0,73511,39,P0,500.00,Not Active,Not Active,Not Active,Not Active
2026/07/25 10:28:24.945,2026/07/25 10:28:24.918,2026/07/25 10:28:24.972,0,GPU-c5d32af0-0857-3b36-6541-1a688a9ec165,97.50,1410,1593,85,13,73511,44,P0,500.00,Not Active,Not Active,Not Active,Not Active
2026/07/25 10:28:24.945,2026/07/25 10:28:24.918,2026/07/25 10:28:24.972,1,GPU-713d5b24-2a1e-fd4a-7685-c3d195ff9230,244.77,1410,1593,51,18,73511,42,P0,500.00,Not Active,Not Active,Not Active,Not Active
2026/07/25 10:28:25.194,2026/07/25 10:28:25.168,2026/07/25 10:28:25.220,0,GPU-c5d32af0-0857-3b36-6541-1a688a9ec165,92.15,1410,1593,0,0,73511,42,P0,500.00,Not Active,Not Active,Not Active,Not Active
2026/07/25 10:28:25.194,2026/07/25 10:28:25.168,2026/07/25 10:28:25.220,1,GPU-713d5b24-2a1e-fd4a-7685-c3d195ff9230,245.37,1410,1593,100,53,73511,43,P0,500.00,Not Active,Not Active,Not Active,Not Active
2026/07/25 10:28:25.433,2026/07/25 10:28:25.418,2026/07/25 10:28:25.449,0,GPU-c5d32af0-0857-3b36-6541-1a688a9ec165,91.55,1410,1593,0,0,73511,41,P0,500.00,Not Active,Not Active,Not Active,Not Active
2026/07/25 10:28:25.433,2026/07/25 10:28:25.418,2026/07/25 10:28:25.449,1,GPU-713d5b24-2a1e-fd4a-7685-c3d195ff9230,247.16,1410,1593,99,53,73511,43,P0,500.00,Not Active,Not Active,Not Active,Not Active
2026/07/25 10:28:25.682,2026/07/25 10:28:25.668,2026/07/25 10:28:25.696,0,GPU-c5d32af0-0857-3b36-6541-1a688a9ec165,91.45,1410,1593,0,0,73511,41,P0,500.00,Not Active,Not Active,Not Active,Not Active
2026/07/25 10:28:25.682,2026/07/25 10:28:25.668,2026/07/25 10:28:25.696,1,GPU-713d5b24-2a1e-fd4a-7685-c3d195ff9230,246.56,1410,1593,100,53,73511,44,P0,500.00,Not Active,Not Active,Not Active,Not Active
2026/07/25 10:28:25.934,2026/07/25 10:28:25.918,2026/07/25 10:28:25.950,0,GPU-c5d32af0-0857-3b36-6541-1a688a9ec165,91.18,1410,1593,0,0,73511,40,P0,500.00,Not Active,Not Active,Not Active,Not Active
2026/07/25 10:28:25.934,2026/07/25 10:28:25.918,2026/07/25 10:28:25.950,1,GPU-713d5b24-2a1e-fd4a-7685-c3d195ff9230,245.64,1410,1593,100,53,73511,44,P0,500.00,Not Active,Not Active,Not Active,Not Active
2026/07/25 10:28:26.181,2026/07/25 10:28:26.168,2026/07/25 10:28:26.195,0,GPU-c5d32af0-0857-3b36-6541-1a688a9ec165,90.95,1410,1593,0,0,73511,40,P0,500.00,Not Active,Not Active,Not Active,Not Active
2026/07/25 10:28:26.181,2026/07/25 10:28:26.168,2026/07/25 10:28:26.195,1,GPU-713d5b24-2a1e-fd4a-7685-c3d195ff9230,246.56,1410,1593,100,53,73511,44,P0,500.00,Not Active,Not Active,Not Active,Not Active
2026/07/25 10:28:26.432,2026/07/25 10:28:26.418,2026/07/25 10:28:26.445,0,GPU-c5d32af0-0857-3b36-6541-1a688a9ec165,392.51,1410,1593,38,7,73511,50,P0,500.00,Not Active,Not Active,Not Active,Not Active
2026/07/25 10:28:26.432,2026/07/25 10:28:26.418,2026/07/25 10:28:26.445,1,GPU-713d5b24-2a1e-fd4a-7685-c3d195ff9230,86.01,1410,1593,92,49,73511,40,P0,500.00,Not Active,Not Active,Not Active,Not Active
2026/07/25 10:28:26.691,2026/07/25 10:28:26.668,2026/07/25 10:28:26.715,0,GPU-c5d32af0-0857-3b36-6541-1a688a9ec165,371.32,1410,1593,95,14,73511,52,P0,500.00,Not Active,Not Active,Not Active,Not Active
2026/07/25 10:28:26.691,2026/07/25 10:28:26.668,2026/07/25 10:28:26.715,1,GPU-713d5b24-2a1e-fd4a-7685-c3d195ff9230,85.69,1410,1593,0,0,73511,38,P0,500.00,Not Active,Not Active,Not Active,Not Active
2026/07/25 10:28:26.937,2026/07/25 10:28:26.918,2026/07/25 10:28:26.957,0,GPU-c5d32af0-0857-3b36-6541-1a688a9ec165,93.68,1410,1593,0,0,73511,45,P0,500.00,Not Active,Not Active,Not Active,Not Active
2026/07/25 10:28:26.937,2026/07/25 10:28:26.918,2026/07/25 10:28:26.957,1,GPU-713d5b24-2a1e-fd4a-7685-c3d195ff9230,237.16,1410,1593,27,5,73511,41,P0,500.00,Not Active,Not Active,Not Active,Not Active
2026/07/25 10:28:27.186,2026/07/25 10:28:27.168,2026/07/25 10:28:27.203,0,GPU-c5d32af0-0857-3b36-6541-1a688a9ec165,92.48,1410,1593,0,0,73511,42,P0,500.00,Not Active,Not Active,Not Active,Not Active
2026/07/25 10:28:27.186,2026/07/25 10:28:27.168,2026/07/25 10:28:27.203,1,GPU-713d5b24-2a1e-fd4a-7685-c3d195ff9230,240.80,1410,1593,99,52,73511,42,P0,500.00,Not Active,Not Active,Not Active,Not Active
2026/07/25 10:28:27.434,2026/07/25 10:28:27.418,2026/07/25 10:28:27.450,0,GPU-c5d32af0-0857-3b36-6541-1a688a9ec165,91.45,1410,1593,0,0,73511,41,P0,500.00,Not Active,Not Active,Not Active,Not Active
2026/07/25 10:28:27.434,2026/07/25 10:28:27.418,2026/07/25 10:28:27.450,1,GPU-713d5b24-2a1e-fd4a-7685-c3d195ff9230,247.76,1410,1593,100,53,73511,43,P0,500.00,Not Active,Not Active,Not Active,Not Active
2026/07/25 10:28:27.694,2026/07/25 10:28:27.668,2026/07/25 10:28:27.720,0,GPU-c5d32af0-0857-3b36-6541-1a688a9ec165,91.28,1410,1593,0,0,73511,41,P0,500.00,Not Active,Not Active,Not Active,Not Active
2026/07/25 10:28:27.694,2026/07/25 10:28:27.668,2026/07/25 10:28:27.720,1,GPU-713d5b24-2a1e-fd4a-7685-c3d195ff9230,243.92,1410,1593,100,53,73511,43,P0,500.00,Not Active,Not Active,Not Active,Not Active
2026/07/25 10:28:27.963,2026/07/25 10:28:27.918,2026/07/25 10:28:28.008,0,GPU-c5d32af0-0857-3b36-6541-1a688a9ec165,94.17,1410,1593,0,0,73511,40,P0,500.00,Not Active,Not Active,Not Active,Not Active
2026/07/25 10:28:27.963,2026/07/25 10:28:27.918,2026/07/25 10:28:28.008,1,GPU-713d5b24-2a1e-fd4a-7685-c3d195ff9230,90.25,1410,1593,82,44,73511,40,P0,500.00,Not Active,Not Active,Not Active,Not Active
2026/07/25 10:28:28.183,2026/07/25 10:28:28.168,2026/07/25 10:28:28.199,0,GPU-c5d32af0-0857-3b36-6541-1a688a9ec165,90.95,1410,1593,0,0,73511,40,P0,500.00,Not Active,Not Active,Not Active,Not Active
2026/07/25 10:28:28.183,2026/07/25 10:28:28.168,2026/07/25 10:28:28.199,1,GPU-713d5b24-2a1e-fd4a-7685-c3d195ff9230,84.90,1410,1593,0,0,73511,38,P0,500.00,Not Active,Not Active,Not Active,Not Active
2026/07/25 10:28:28.434,2026/07/25 10:28:28.418,2026/07/25 10:28:28.451,0,GPU-c5d32af0-0857-3b36-6541-1a688a9ec165,383.38,1410,1593,46,9,73511,49,P0,500.00,Not Active,Not Active,Not Active,Not Active
2026/07/25 10:28:28.434,2026/07/25 10:28:28.418,2026/07/25 10:28:28.451,1,GPU-713d5b24-2a1e-fd4a-7685-c3d195ff9230,85.51,1410,1593,0,0,73511,37,P0,500.00,Not Active,Not Active,Not Active,Not Active
2026/07/25 10:28:28.683,2026/07/25 10:28:28.668,2026/07/25 10:28:28.697,0,GPU-c5d32af0-0857-3b36-6541-1a688a9ec165,375.83,1410,1593,100,16,73511,52,P0,500.00,Not Active,Not Active,Not Active,Not Active
2026/07/25 10:28:28.683,2026/07/25 10:28:28.668,2026/07/25 10:28:28.697,1,GPU-713d5b24-2a1e-fd4a-7685-c3d195ff9230,84.17,1410,1593,0,0,73511,37,P0,500.00,Not Active,Not Active,Not Active,Not Active
2026/07/25 10:28:28.943,2026/07/25 10:28:28.918,2026/07/25 10:28:28.968,0,GPU-c5d32af0-0857-3b36-6541-1a688a9ec165,102.17,1410,1593,31,4,73511,48,P0,500.00,Not Active,Not Active,Not Active,Not Active
2026/07/25 10:28:28.943,2026/07/25 10:28:28.918,2026/07/25 10:28:28.968,1,GPU-713d5b24-2a1e-fd4a-7685-c3d195ff9230,96.30,1410,1593,10,0,73511,38,P0,500.00,Not Active,Not Active,Not Active,Not Active
2026/07/25 10:28:29.181,2026/07/25 10:28:29.168,2026/07/25 10:28:29.195,0,GPU-c5d32af0-0857-3b36-6541-1a688a9ec165,92.65,1410,1593,0,0,73511,42,P0,500.00,Not Active,Not Active,Not Active,Not Active
2026/07/25 10:28:29.181,2026/07/25 10:28:29.168,2026/07/25 10:28:29.195,1,GPU-713d5b24-2a1e-fd4a-7685-c3d195ff9230,248.94,1410,1593,87,40,73511,41,P0,500.00,Not Active,Not Active,Not Active,Not Active
2026/07/25 10:28:29.432,2026/07/25 10:28:29.418,2026/07/25 10:28:29.445,0,GPU-c5d32af0-0857-3b36-6541-1a688a9ec165,91.79,1410,1593,0,0,73511,41,P0,500.00,Not Active,Not Active,Not Active,Not Active
2026/07/25 10:28:29.432,2026/07/25 10:28:29.418,2026/07/25 10:28:29.445,1,GPU-713d5b24-2a1e-fd4a-7685-c3d195ff9230,246.89,1410,1593,100,52,73511,42,P0,500.00,Not Active,Not Active,Not Active,Not Active
2026/07/25 10:28:29.683,2026/07/25 10:28:29.668,2026/07/25 10:28:29.697,0,GPU-c5d32af0-0857-3b36-6541-1a688a9ec165,91.55,1410,1593,0,0,73511,41,P0,500.00,Not Active,Not Active,Not Active,Not Active
2026/07/25 10:28:29.683,2026/07/25 10:28:29.668,2026/07/25 10:28:29.697,1,GPU-713d5b24-2a1e-fd4a-7685-c3d195ff9230,242.65,1410,1593,100,52,73511,43,P0,500.00,Not Active,Not Active,Not Active,Not Active
2026/07/25 10:28:29.965,2026/07/25 10:28:29.918,2026/07/25 10:28:30.012,0,GPU-c5d32af0-0857-3b36-6541-1a688a9ec165,91.55,1410,1593,0,0,73511,40,P0,500.00,Not Active,Not Active,Not Active,Not Active
2026/07/25 10:28:29.965,2026/07/25 10:28:29.918,2026/07/25 10:28:30.012,1,GPU-713d5b24-2a1e-fd4a-7685-c3d195ff9230,243.52,1410,1593,100,52,73511,43,P0,500.00,Not Active,Not Active,Not Active,Not Active
2026/07/25 10:28:30.182,2026/07/25 10:28:30.168,2026/07/25 10:28:30.197,0,GPU-c5d32af0-0857-3b36-6541-1a688a9ec165,91.18,1410,1593,0,0,73511,40,P0,500.00,Not Active,Not Active,Not Active,Not Active
2026/07/25 10:28:30.182,2026/07/25 10:28:30.168,2026/07/25 10:28:30.197,1,GPU-713d5b24-2a1e-fd4a-7685-c3d195ff9230,238.08,1410,1593,100,52,73511,41,P0,500.00,Not Active,Not Active,Not Active,Not Active
2026/07/25 10:28:30.434,2026/07/25 10:28:30.418,2026/07/25 10:28:30.451,0,GPU-c5d32af0-0857-3b36-6541-1a688a9ec165,384.03,1410,1593,49,9,73511,48,P0,500.00,Not Active,Not Active,Not Active,Not Active
2026/07/25 10:28:30.434,2026/07/25 10:28:30.418,2026/07/25 10:28:30.451,1,GPU-713d5b24-2a1e-fd4a-7685-c3d195ff9230,85.09,1410,1593,43,23,73511,39,P0,500.00,Not Active,Not Active,Not Active,Not Active
2026/07/25 10:28:30.686,2026/07/25 10:28:30.668,2026/07/25 10:28:30.703,0,GPU-c5d32af0-0857-3b36-6541-1a688a9ec165,374.63,1410,1593,100,16,73511,52,P0,500.00,Not Active,Not Active,Not Active,Not Active
2026/07/25 10:28:30.686,2026/07/25 10:28:30.668,2026/07/25 10:28:30.703,1,GPU-713d5b24-2a1e-fd4a-7685-c3d195ff9230,84.58,1410,1593,0,0,73511,38,P0,500.00,Not Active,Not Active,Not Active,Not Active
2026/07/25 10:28:30.935,2026/07/25 10:28:30.918,2026/07/25 10:28:30.953,0,GPU-c5d32af0-0857-3b36-6541-1a688a9ec165,372.51,1410,1593,100,13,73511,53,P0,500.00,Not Active,Not Active,Not Active,Not Active
2026/07/25 10:28:30.935,2026/07/25 10:28:30.918,2026/07/25 10:28:30.953,1,GPU-713d5b24-2a1e-fd4a-7685-c3d195ff9230,84.17,1410,1593,0,0,73511,37,P0,500.00,Not Active,Not Active,Not Active,Not Active
2026/07/25 10:28:31.196,2026/07/25 10:28:31.168,2026/07/25 10:28:31.223,0,GPU-c5d32af0-0857-3b36-6541-1a688a9ec165,99.12,1410,1593,0,0,73511,44,P0,500.00,Not Active,Not Active,Not Active,Not Active
2026/07/25 10:28:31.196,2026/07/25 10:28:31.168,2026/07/25 10:28:31.223,1,GPU-713d5b24-2a1e-fd4a-7685-c3d195ff9230,241.47,1410,1593,48,14,73511,40,P0,500.00,Not Active,Not Active,Not Active,Not Active
2026/07/25 10:28:31.432,2026/07/25 10:28:31.418,2026/07/25 10:28:31.446,0,GPU-c5d32af0-0857-3b36-6541-1a688a9ec165,92.06,1410,1593,0,0,73511,42,P0,500.00,Not Active,Not Active,Not Active,Not Active
2026/07/25 10:28:31.432,2026/07/25 10:28:31.418,2026/07/25 10:28:31.446,1,GPU-713d5b24-2a1e-fd4a-7685-c3d195ff9230,242.92,1410,1593,100,52,73511,42,P0,500.00,Not Active,Not Active,Not Active,Not Active
2026/07/25 10:28:31.709,2026/07/25 10:28:31.668,2026/07/25 10:28:31.750,0,GPU-c5d32af0-0857-3b36-6541-1a688a9ec165,91.88,1410,1593,0,0,73511,41,P0,500.00,Not Active,Not Active,Not Active,Not Active
2026/07/25 10:28:31.709,2026/07/25 10:28:31.668,2026/07/25 10:28:31.750,1,GPU-713d5b24-2a1e-fd4a-7685-c3d195ff9230,246.24,1410,1593,100,52,73511,43,P0,500.00,Not Active,Not Active,Not Active,Not Active
2026/07/25 10:28:31.934,2026/07/25 10:28:31.918,2026/07/25 10:28:31.950,0,GPU-c5d32af0-0857-3b36-6541-1a688a9ec165,91.28,1410,1593,0,0,73511,41,P0,500.00,Not Active,Not Active,Not Active,Not Active
2026/07/25 10:28:31.934,2026/07/25 10:28:31.918,2026/07/25 10:28:31.950,1,GPU-713d5b24-2a1e-fd4a-7685-c3d195ff9230,246.89,1410,1593,100,52,73511,43,P0,500.00,Not Active,Not Active,Not Active,Not Active
2026/07/25 10:28:32.181,2026/07/25 10:28:32.168,2026/07/25 10:28:32.194,0,GPU-c5d32af0-0857-3b36-6541-1a688a9ec165,90.63,1410,1593,0,0,73511,40,P0,500.00,Not Active,Not Active,Not Active,Not Active
2026/07/25 10:28:32.181,2026/07/25 10:28:32.168,2026/07/25 10:28:32.194,1,GPU-713d5b24-2a1e-fd4a-7685-c3d195ff9230,87.03,1410,1593,81,42,73511,41,P0,500.00,Not Active,Not Active,Not Active,Not Active
2026/07/25 10:28:32.433,2026/07/25 10:28:32.418,2026/07/25 10:28:32.448,0,GPU-c5d32af0-0857-3b36-6541-1a688a9ec165,381.91,1410,1593,59,11,73511,49,P0,500.00,Not Active,Not Active,Not Active,Not Active
2026/07/25 10:28:32.433,2026/07/25 10:28:32.418,2026/07/25 10:28:32.448,1,GPU-713d5b24-2a1e-fd4a-7685-c3d195ff9230,84.58,1410,1593,0,0,73511,38,P0,500.00,Not Active,Not Active,Not Active,Not Active
2026/07/25 10:28:32.683,2026/07/25 10:28:32.668,2026/07/25 10:28:32.698,0,GPU-c5d32af0-0857-3b36-6541-1a688a9ec165,371.32,1410,1593,100,15,73511,53,P0,500.00,Not Active,Not Active,Not Active,Not Active
2026/07/25 10:28:32.683,2026/07/25 10:28:32.668,2026/07/25 10:28:32.698,1,GPU-713d5b24-2a1e-fd4a-7685-c3d195ff9230,84.17,1410,1593,0,0,73511,37,P0,500.00,Not Active,Not Active,Not Active,Not Active
2026/07/25 10:28:32.934,2026/07/25 10:28:32.918,2026/07/25 10:28:32.950,0,GPU-c5d32af0-0857-3b36-6541-1a688a9ec165,114.59,1410,1593,100,13,73511,50,P0,500.00,Not Active,Not Active,Not Active,Not Active
2026/07/25 10:28:32.934,2026/07/25 10:28:32.918,2026/07/25 10:28:32.950,1,GPU-713d5b24-2a1e-fd4a-7685-c3d195ff9230,83.89,1410,1593,0,0,73511,37,P0,500.00,Not Active,Not Active,Not Active,Not Active
2026/07/25 10:28:33.187,2026/07/25 10:28:33.168,2026/07/25 10:28:33.206,0,GPU-c5d32af0-0857-3b36-6541-1a688a9ec165,92.65,1410,1593,0,0,73511,44,P0,500.00,Not Active,Not Active,Not Active,Not Active
2026/07/25 10:28:33.187,2026/07/25 10:28:33.168,2026/07/25 10:28:33.206,1,GPU-713d5b24-2a1e-fd4a-7685-c3d195ff9230,239.27,1410,1593,74,28,73511,40,P0,500.00,Not Active,Not Active,Not Active,Not Active
2026/07/25 10:28:33.433,2026/07/25 10:28:33.418,2026/07/25 10:28:33.448,0,GPU-c5d32af0-0857-3b36-6541-1a688a9ec165,91.88,1410,1593,0,0,73511,42,P0,500.00,Not Active,Not Active,Not Active,Not Active
2026/07/25 10:28:33.433,2026/07/25 10:28:33.418,2026/07/25 10:28:33.448,1,GPU-713d5b24-2a1e-fd4a-7685-c3d195ff9230,239.27,1410,1593,100,52,73511,42,P0,500.00,Not Active,Not Active,Not Active,Not Active
2026/07/25 10:28:33.716,2026/07/25 10:28:33.668,2026/07/25 10:28:33.764,0,GPU-c5d32af0-0857-3b36-6541-1a688a9ec165,91.55,1410,1593,0,0,73511,41,P0,500.00,Not Active,Not Active,Not Active,Not Active
2026/07/25 10:28:33.716,2026/07/25 10:28:33.668,2026/07/25 10:28:33.764,1,GPU-713d5b24-2a1e-fd4a-7685-c3d195ff9230,237.81,1410,1593,100,52,73511,42,P0,500.00,Not Active,Not Active,Not Active,Not Active
2026/07/25 10:28:33.931,2026/07/25 10:28:33.918,2026/07/25 10:28:33.944,0,GPU-c5d32af0-0857-3b36-6541-1a688a9ec165,93.07,1410,1593,0,0,73511,41,P0,500.00,Not Active,Not Active,Not Active,Not Active
2026/07/25 10:28:33.931,2026/07/25 10:28:33.918,2026/07/25 10:28:33.944,1,GPU-713d5b24-2a1e-fd4a-7685-c3d195ff9230,237.48,1410,1593,100,52,73511,43,P0,500.00,Not Active,Not Active,Not Active,Not Active
2026/07/25 10:28:34.182,2026/07/25 10:28:34.168,2026/07/25 10:28:34.197,0,GPU-c5d32af0-0857-3b36-6541-1a688a9ec165,90.95,1410,1593,0,0,73511,40,P0,500.00,Not Active,Not Active,Not Active,Not Active
2026/07/25 10:28:34.182,2026/07/25 10:28:34.168,2026/07/25 10:28:34.197,1,GPU-713d5b24-2a1e-fd4a-7685-c3d195ff9230,85.51,1410,1593,69,36,73511,40,P0,500.00,Not Active,Not Active,Not Active,Not Active
2026/07/25 10:28:34.432,2026/07/25 10:28:34.418,2026/07/25 10:28:34.446,0,GPU-c5d32af0-0857-3b36-6541-1a688a9ec165,387.74,1410,1593,0,0,73511,49,P0,500.00,Not Active,Not Active,Not Active,Not Active
2026/07/25 10:28:34.432,2026/07/25 10:28:34.418,2026/07/25 10:28:34.446,1,GPU-713d5b24-2a1e-fd4a-7685-c3d195ff9230,84.58,1410,1593,0,0,73511,38,P0,500.00,Not Active,Not Active,Not Active,Not Active
2026/07/25 10:28:34.682,2026/07/25 10:28:34.668,2026/07/25 10:28:34.696,0,GPU-c5d32af0-0857-3b36-6541-1a688a9ec165,380.39,1410,1593,100,15,73511,53,P0,500.00,Not Active,Not Active,Not Active,Not Active
2026/07/25 10:28:34.682,2026/07/25 10:28:34.668,2026/07/25 10:28:34.696,1,GPU-713d5b24-2a1e-fd4a-7685-c3d195ff9230,84.49,1410,1593,0,0,73511,37,P0,500.00,Not Active,Not Active,Not Active,Not Active
2026/07/25 10:28:34.932,2026/07/25 10:28:34.918,2026/07/25 10:28:34.946,0,GPU-c5d32af0-0857-3b36-6541-1a688a9ec165,371.59,1410,1593,100,12,73511,49,P0,500.00,Not Active,Not Active,Not Active,Not Active
2026/07/25 10:28:34.932,2026/07/25 10:28:34.918,2026/07/25 10:28:34.946,1,GPU-713d5b24-2a1e-fd4a-7685-c3d195ff9230,83.89,1410,1593,0,0,73511,37,P0,500.00,Not Active,Not Active,Not Active,Not Active
2026/07/25 10:28:35.212,2026/07/25 10:28:35.168,2026/07/25 10:28:35.256,0,GPU-c5d32af0-0857-3b36-6541-1a688a9ec165,99.34,1410,1593,39,7,73511,43,P0,500.00,Not Active,Not Active,Not Active,Not Active
2026/07/25 10:28:35.212,2026/07/25 10:28:35.168,2026/07/25 10:28:35.256,1,GPU-713d5b24-2a1e-fd4a-7685-c3d195ff9230,246.24,1410,1593,94,38,73511,41,P0,500.00,Not Active,Not Active,Not Active,Not Active
2026/07/25 10:28:35.433,2026/07/25 10:28:35.418,2026/07/25 10:28:35.447,0,GPU-c5d32af0-0857-3b36-6541-1a688a9ec165,91.55,1410,1593,0,0,73511,42,P0,500.00,Not Active,Not Active,Not Active,Not Active
2026/07/25 10:28:35.433,2026/07/25 10:28:35.418,2026/07/25 10:28:35.447,1,GPU-713d5b24-2a1e-fd4a-7685-c3d195ff9230,240.80,1410,1593,100,52,73511,42,P0,500.00,Not Active,Not Active,Not Active,Not Active
2026/07/25 10:28:35.684,2026/07/25 10:28:35.668,2026/07/25 10:28:35.699,0,GPU-c5d32af0-0857-3b36-6541-1a688a9ec165,91.28,1410,1593,0,0,73511,41,P0,500.00,Not Active,Not Active,Not Active,Not Active
2026/07/25 10:28:35.684,2026/07/25 10:28:35.668,2026/07/25 10:28:35.699,1,GPU-713d5b24-2a1e-fd4a-7685-c3d195ff9230,243.84,1410,1593,100,52,73511,43,P0,500.00,Not Active,Not Active,Not Active,Not Active
2026/07/25 10:28:35.933,2026/07/25 10:28:35.918,2026/07/25 10:28:35.948,0,GPU-c5d32af0-0857-3b36-6541-1a688a9ec165,90.95,1410,1593,0,0,73511,41,P0,500.00,Not Active,Not Active,Not Active,Not Active
2026/07/25 10:28:35.933,2026/07/25 10:28:35.918,2026/07/25 10:28:35.948,1,GPU-713d5b24-2a1e-fd4a-7685-c3d195ff9230,244.17,1410,1593,100,52,73511,43,P0,500.00,Not Active,Not Active,Not Active,Not Active
2026/07/25 10:28:36.183,2026/07/25 10:28:36.168,2026/07/25 10:28:36.197,0,GPU-c5d32af0-0857-3b36-6541-1a688a9ec165,90.63,1410,1593,0,0,73511,40,P0,500.00,Not Active,Not Active,Not Active,Not Active
2026/07/25 10:28:36.183,2026/07/25 10:28:36.168,2026/07/25 10:28:36.197,1,GPU-713d5b24-2a1e-fd4a-7685-c3d195ff9230,84.58,1410,1593,18,9,73511,39,P0,500.00,Not Active,Not Active,Not Active,Not Active
2026/07/25 10:28:36.438,2026/07/25 10:28:36.418,2026/07/25 10:28:36.458,0,GPU-c5d32af0-0857-3b36-6541-1a688a9ec165,390.39,1410,1593,79,15,73511,50,P0,500.00,Not Active,Not Active,Not Active,Not Active
2026/07/25 10:28:36.438,2026/07/25 10:28:36.418,2026/07/25 10:28:36.458,1,GPU-713d5b24-2a1e-fd4a-7685-c3d195ff9230,84.17,1410,1593,0,0,73511,37,P0,500.00,Not Active,Not Active,Not Active,Not Active
2026/07/25 10:28:36.683,2026/07/25 10:28:36.668,2026/07/25 10:28:36.699,0,GPU-c5d32af0-0857-3b36-6541-1a688a9ec165,374.30,1410,1593,100,15,73511,52,P0,500.00,Not Active,Not Active,Not Active,Not Active
2026/07/25 10:28:36.683,2026/07/25 10:28:36.668,2026/07/25 10:28:36.699,1,GPU-713d5b24-2a1e-fd4a-7685-c3d195ff9230,83.89,1410,1593,0,0,73511,37,P0,500.00,Not Active,Not Active,Not Active,Not Active
2026/07/25 10:28:36.933,2026/07/25 10:28:36.918,2026/07/25 10:28:36.948,0,GPU-c5d32af0-0857-3b36-6541-1a688a9ec165,96.40,1410,1593,66,9,73511,44,P0,500.00,Not Active,Not Active,Not Active,Not Active
2026/07/25 10:28:36.933,2026/07/25 10:28:36.918,2026/07/25 10:28:36.948,1,GPU-713d5b24-2a1e-fd4a-7685-c3d195ff9230,219.58,1410,1593,67,26,73511,40,P0,500.00,Not Active,Not Active,Not Active,Not Active
2026/07/25 10:28:37.183,2026/07/25 10:28:37.168,2026/07/25 10:28:37.199,0,GPU-c5d32af0-0857-3b36-6541-1a688a9ec165,91.79,1410,1593,0,0,73511,42,P0,500.00,Not Active,Not Active,Not Active,Not Active
2026/07/25 10:28:37.183,2026/07/25 10:28:37.168,2026/07/25 10:28:37.199,1,GPU-713d5b24-2a1e-fd4a-7685-c3d195ff9230,243.59,1410,1593,100,53,73511,41,P0,500.00,Not Active,Not Active,Not Active,Not Active
2026/07/25 10:28:37.432,2026/07/25 10:28:37.418,2026/07/25 10:28:37.446,0,GPU-c5d32af0-0857-3b36-6541-1a688a9ec165,91.18,1410,1593,0,0,73511,41,P0,500.00,Not Active,Not Active,Not Active,Not Active
2026/07/25 10:28:37.432,2026/07/25 10:28:37.418,2026/07/25 10:28:37.446,1,GPU-713d5b24-2a1e-fd4a-7685-c3d195ff9230,244.44,1410,1593,100,52,73511,42,P0,500.00,Not Active,Not Active,Not Active,Not Active
2026/07/25 10:28:37.683,2026/07/25 10:28:37.668,2026/07/25 10:28:37.697,0,GPU-c5d32af0-0857-3b36-6541-1a688a9ec165,90.86,1410,1593,0,0,73511,41,P0,500.00,Not Active,Not Active,Not Active,Not Active
2026/07/25 10:28:37.683,2026/07/25 10:28:37.668,2026/07/25 10:28:37.697,1,GPU-713d5b24-2a1e-fd4a-7685-c3d195ff9230,239.60,1410,1593,100,53,73511,43,P0,500.00,Not Active,Not Active,Not Active,Not Active
2026/07/25 10:28:37.932,2026/07/25 10:28:37.918,2026/07/25 10:28:37.945,0,GPU-c5d32af0-0857-3b36-6541-1a688a9ec165,90.95,1410,1593,0,0,73511,40,P0,500.00,Not Active,Not Active,Not Active,Not Active
2026/07/25 10:28:37.932,2026/07/25 10:28:37.918,2026/07/25 10:28:37.945,1,GPU-713d5b24-2a1e-fd4a-7685-c3d195ff9230,243.25,1410,1593,94,49,73511,42,P0,500.00,Not Active,Not Active,Not Active,Not Active
2026/07/25 10:28:38.183,2026/07/25 10:28:38.168,2026/07/25 10:28:38.198,0,GPU-c5d32af0-0857-3b36-6541-1a688a9ec165,90.63,1410,1593,0,0,73511,40,P0,500.00,Not Active,Not Active,Not Active,Not Active
2026/07/25 10:28:38.183,2026/07/25 10:28:38.168,2026/07/25 10:28:38.198,1,GPU-713d5b24-2a1e-fd4a-7685-c3d195ff9230,84.58,1410,1593,94,49,73511,38,P0,500.00,Not Active,Not Active,Not Active,Not Active
2026/07/25 10:28:38.438,2026/07/25 10:28:38.418,2026/07/25 10:28:38.458,0,GPU-c5d32af0-0857-3b36-6541-1a688a9ec165,388.54,1410,1593,83,15,73511,48,P0,500.00,Not Active,Not Active,Not Active,Not Active
2026/07/25 10:28:38.438,2026/07/25 10:28:38.418,2026/07/25 10:28:38.458,1,GPU-713d5b24-2a1e-fd4a-7685-c3d195ff9230,84.17,1410,1593,0,0,73511,37,P0,500.00,Not Active,Not Active,Not Active,Not Active
2026/07/25 10:28:38.682,2026/07/25 10:28:38.668,2026/07/25 10:28:38.696,0,GPU-c5d32af0-0857-3b36-6541-1a688a9ec165,380.39,1410,1593,100,14,73511,52,P0,500.00,Not Active,Not Active,Not Active,Not Active
2026/07/25 10:28:38.682,2026/07/25 10:28:38.668,2026/07/25 10:28:38.696,1,GPU-713d5b24-2a1e-fd4a-7685-c3d195ff9230,84.58,1410,1593,0,0,73511,36,P0,500.00,Not Active,Not Active,Not Active,Not Active
2026/07/25 10:28:38.933,2026/07/25 10:28:38.918,2026/07/25 10:28:38.948,0,GPU-c5d32af0-0857-3b36-6541-1a688a9ec165,365.88,1410,1593,100,13,73511,50,P0,500.00,Not Active,Not Active,Not Active,Not Active
2026/07/25 10:28:38.933,2026/07/25 10:28:38.918,2026/07/25 10:28:38.948,1,GPU-713d5b24-2a1e-fd4a-7685-c3d195ff9230,83.66,1410,1593,0,0,73511,36,P0,500.00,Not Active,Not Active,Not Active,Not Active
2026/07/25 10:28:39.182,2026/07/25 10:28:39.168,2026/07/25 10:28:39.196,0,GPU-c5d32af0-0857-3b36-6541-1a688a9ec165,92.38,1410,1593,45,6,73511,44,P0,500.00,Not Active,Not Active,Not Active,Not Active
2026/07/25 10:28:39.182,2026/07/25 10:28:39.168,2026/07/25 10:28:39.196,1,GPU-713d5b24-2a1e-fd4a-7685-c3d195ff9230,223.83,1410,1593,75,27,73511,40,P0,500.00,Not Active,Not Active,Not Active,Not Active
2026/07/25 10:28:39.432,2026/07/25 10:28:39.418,2026/07/25 10:28:39.445,0,GPU-c5d32af0-0857-3b36-6541-1a688a9ec165,91.55,1410,1593,0,0,73511,42,P0,500.00,Not Active,Not Active,Not Active,Not Active
2026/07/25 10:28:39.432,2026/07/25 10:28:39.418,2026/07/25 10:28:39.445,1,GPU-713d5b24-2a1e-fd4a-7685-c3d195ff9230,245.63,1410,1593,100,52,73511,41,P0,500.00,Not Active,Not Active,Not Active,Not Active
2026/07/25 10:28:39.685,2026/07/25 10:28:39.668,2026/07/25 10:28:39.702,0,GPU-c5d32af0-0857-3b36-6541-1a688a9ec165,91.55,1410,1593,0,0,73511,41,P0,500.00,Not Active,Not Active,Not Active,Not Active
2026/07/25 10:28:39.685,2026/07/25 10:28:39.668,2026/07/25 10:28:39.702,1,GPU-713d5b24-2a1e-fd4a-7685-c3d195ff9230,242.32,1410,1593,100,52,73511,42,P0,500.00,Not Active,Not Active,Not Active,Not Active
2026/07/25 10:28:39.933,2026/07/25 10:28:39.918,2026/07/25 10:28:39.947,0,GPU-c5d32af0-0857-3b36-6541-1a688a9ec165,90.95,1410,1593,0,0,73511,41,P0,500.00,Not Active,Not Active,Not Active,Not Active
2026/07/25 10:28:39.933,2026/07/25 10:28:39.918,2026/07/25 10:28:39.947,1,GPU-713d5b24-2a1e-fd4a-7685-c3d195ff9230,241.12,1410,1593,100,52,73511,43,P0,500.00,Not Active,Not Active,Not Active,Not Active
2026/07/25 10:28:40.182,2026/07/25 10:28:40.168,2026/07/25 10:28:40.196,0,GPU-c5d32af0-0857-3b36-6541-1a688a9ec165,90.86,1410,1593,0,0,73511,40,P0,500.00,Not Active,Not Active,Not Active,Not Active
2026/07/25 10:28:40.182,2026/07/25 10:28:40.168,2026/07/25 10:28:40.196,1,GPU-713d5b24-2a1e-fd4a-7685-c3d195ff9230,244.79,1410,1593,97,51,73511,43,P0,500.00,Not Active,Not Active,Not Active,Not Active
2026/07/25 10:28:40.438,2026/07/25 10:28:40.418,2026/07/25 10:28:40.458,0,GPU-c5d32af0-0857-3b36-6541-1a688a9ec165,388.86,1410,1593,87,16,73511,48,P0,500.00,Not Active,Not Active,Not Active,Not Active
2026/07/25 10:28:40.438,2026/07/25 10:28:40.418,2026/07/25 10:28:40.458,1,GPU-713d5b24-2a1e-fd4a-7685-c3d195ff9230,84.49,1410,1593,0,0,73511,38,P0,500.00,Not Active,Not Active,Not Active,Not Active
2026/07/25 10:28:40.683,2026/07/25 10:28:40.668,2026/07/25 10:28:40.697,0,GPU-c5d32af0-0857-3b36-6541-1a688a9ec165,382.78,1410,1593,100,14,73511,52,P0,500.00,Not Active,Not Active,Not Active,Not Active
2026/07/25 10:28:40.683,2026/07/25 10:28:40.668,2026/07/25 10:28:40.697,1,GPU-713d5b24-2a1e-fd4a-7685-c3d195ff9230,84.17,1410,1593,0,0,73511,37,P0,500.00,Not Active,Not Active,Not Active,Not Active
2026/07/25 10:28:40.933,2026/07/25 10:28:40.918,2026/07/25 10:28:40.948,0,GPU-c5d32af0-0857-3b36-6541-1a688a9ec165,371.59,1410,1593,100,13,73511,53,P0,500.00,Not Active,Not Active,Not Active,Not Active
2026/07/25 10:28:40.933,2026/07/25 10:28:40.918,2026/07/25 10:28:40.948,1,GPU-713d5b24-2a1e-fd4a-7685-c3d195ff9230,83.89,1410,1593,0,0,73511,36,P0,500.00,Not Active,Not Active,Not Active,Not Active
2026/07/25 10:28:41.183,2026/07/25 10:28:41.168,2026/07/25 10:28:41.198,0,GPU-c5d32af0-0857-3b36-6541-1a688a9ec165,101.84,1410,1593,74,8,73511,44,P0,500.00,Not Active,Not Active,Not Active,Not Active
2026/07/25 10:28:41.183,2026/07/25 10:28:41.168,2026/07/25 10:28:41.198,1,GPU-713d5b24-2a1e-fd4a-7685-c3d195ff9230,95.79,1410,1593,32,4,73511,38,P0,500.00,Not Active,Not Active,Not Active,Not Active
2026/07/25 10:28:41.434,2026/07/25 10:28:41.418,2026/07/25 10:28:41.449,0,GPU-c5d32af0-0857-3b36-6541-1a688a9ec165,91.88,1410,1593,0,0,73511,42,P0,500.00,Not Active,Not Active,Not Active,Not Active
2026/07/25 10:28:41.434,2026/07/25 10:28:41.418,2026/07/25 10:28:41.449,1,GPU-713d5b24-2a1e-fd4a-7685-c3d195ff9230,240.53,1410,1593,100,52,73511,41,P0,500.00,Not Active,Not Active,Not Active,Not Active
2026/07/25 10:28:41.682,2026/07/25 10:28:41.668,2026/07/25 10:28:41.697,0,GPU-c5d32af0-0857-3b36-6541-1a688a9ec165,91.55,1410,1593,0,0,73511,42,P0,500.00,Not Active,Not Active,Not Active,Not Active
2026/07/25 10:28:41.682,2026/07/25 10:28:41.668,2026/07/25 10:28:41.697,1,GPU-713d5b24-2a1e-fd4a-7685-c3d195ff9230,242.32,1410,1593,100,51,73511,42,P0,500.00,Not Active,Not Active,Not Active,Not Active
2026/07/25 10:28:41.931,2026/07/25 10:28:41.918,2026/07/25 10:28:41.944,0,GPU-c5d32af0-0857-3b36-6541-1a688a9ec165,90.86,1410,1593,0,0,73511,41,P0,500.00,Not Active,Not Active,Not Active,Not Active
2026/07/25 10:28:41.931,2026/07/25 10:28:41.918,2026/07/25 10:28:41.944,1,GPU-713d5b24-2a1e-fd4a-7685-c3d195ff9230,241.15,1410,1593,100,52,73511,42,P0,500.00,Not Active,Not Active,Not Active,Not Active
2026/07/25 10:28:42.182,2026/07/25 10:28:42.168,2026/07/25 10:28:42.196,0,GPU-c5d32af0-0857-3b36-6541-1a688a9ec165,90.95,1410,1593,0,0,73511,41,P0,500.00,Not Active,Not Active,Not Active,Not Active
2026/07/25 10:28:42.182,2026/07/25 10:28:42.168,2026/07/25 10:28:42.196,1,GPU-713d5b24-2a1e-fd4a-7685-c3d195ff9230,243.84,1410,1593,83,43,73511,43,P0,500.00,Not Active,Not Active,Not Active,Not Active
2026/07/25 10:28:42.433,2026/07/25 10:28:42.418,2026/07/25 10:28:42.448,0,GPU-c5d32af0-0857-3b36-6541-1a688a9ec165,379.47,1410,1593,0,0,73511,50,P0,500.00,Not Active,Not Active,Not Active,Not Active
2026/07/25 10:28:42.433,2026/07/25 10:28:42.418,2026/07/25 10:28:42.448,1,GPU-713d5b24-2a1e-fd4a-7685-c3d195ff9230,84.49,1410,1593,0,0,73511,38,P0,500.00,Not Active,Not Active,Not Active,Not Active
2026/07/25 10:28:42.683,2026/07/25 10:28:42.668,2026/07/25 10:28:42.697,0,GPU-c5d32af0-0857-3b36-6541-1a688a9ec165,388.02,1410,1593,100,15,73511,53,P0,500.00,Not Active,Not Active,Not Active,Not Active
2026/07/25 10:28:42.683,2026/07/25 10:28:42.668,2026/07/25 10:28:42.697,1,GPU-713d5b24-2a1e-fd4a-7685-c3d195ff9230,83.89,1410,1593,0,0,73511,37,P0,500.00,Not Active,Not Active,Not Active,Not Active
2026/07/25 10:28:42.934,2026/07/25 10:28:42.918,2026/07/25 10:28:42.949,0,GPU-c5d32af0-0857-3b36-6541-1a688a9ec165,368.05,1410,1593,100,12,73511,53,P0,500.00,Not Active,Not Active,Not Active,Not Active
2026/07/25 10:28:42.934,2026/07/25 10:28:42.918,2026/07/25 10:28:42.949,1,GPU-713d5b24-2a1e-fd4a-7685-c3d195ff9230,83.89,1410,1593,0,0,73511,36,P0,500.00,Not Active,Not Active,Not Active,Not Active
2026/07/25 10:28:43.183,2026/07/25 10:28:43.168,2026/07/25 10:28:43.197,0,GPU-c5d32af0-0857-3b36-6541-1a688a9ec165,95.20,1410,1593,53,6,73511,44,P0,500.00,Not Active,Not Active,Not Active,Not Active
2026/07/25 10:28:43.183,2026/07/25 10:28:43.168,2026/07/25 10:28:43.197,1,GPU-713d5b24-2a1e-fd4a-7685-c3d195ff9230,89.75,1410,1593,0,0,73511,39,P0,500.00,Not Active,Not Active,Not Active,Not Active
2026/07/25 10:28:43.434,2026/07/25 10:28:43.418,2026/07/25 10:28:43.451,0,GPU-c5d32af0-0857-3b36-6541-1a688a9ec165,91.88,1410,1593,0,0,73511,42,P0,500.00,Not Active,Not Active,Not Active,Not Active
2026/07/25 10:28:43.434,2026/07/25 10:28:43.418,2026/07/25 10:28:43.451,1,GPU-713d5b24-2a1e-fd4a-7685-c3d195ff9230,242.92,1410,1593,100,52,73511,41,P0,500.00,Not Active,Not Active,Not Active,Not Active
2026/07/25 10:28:43.683,2026/07/25 10:28:43.668,2026/07/25 10:28:43.699,0,GPU-c5d32af0-0857-3b36-6541-1a688a9ec165,91.55,1410,1593,0,0,73511,41,P0,500.00,Not Active,Not Active,Not Active,Not Active
2026/07/25 10:28:43.683,2026/07/25 10:28:43.668,2026/07/25 10:28:43.699,1,GPU-713d5b24-2a1e-fd4a-7685-c3d195ff9230,245.97,1410,1593,100,52,73511,42,P0,500.00,Not Active,Not Active,Not Active,Not Active
2026/07/25 10:28:43.934,2026/07/25 10:28:43.918,2026/07/25 10:28:43.949,0,GPU-c5d32af0-0857-3b36-6541-1a688a9ec165,90.95,1410,1593,0,0,73511,41,P0,500.00,Not Active,Not Active,Not Active,Not Active
2026/07/25 10:28:43.934,2026/07/25 10:28:43.918,2026/07/25 10:28:43.949,1,GPU-713d5b24-2a1e-fd4a-7685-c3d195ff9230,241.40,1410,1593,100,52,73511,42,P0,500.00,Not Active,Not Active,Not Active,Not Active
2026/07/25 10:28:44.182,2026/07/25 10:28:44.168,2026/07/25 10:28:44.196,0,GPU-c5d32af0-0857-3b36-6541-1a688a9ec165,90.95,1410,1593,0,0,73511,41,P0,500.00,Not Active,Not Active,Not Active,Not Active
2026/07/25 10:28:44.182,2026/07/25 10:28:44.168,2026/07/25 10:28:44.196,1,GPU-713d5b24-2a1e-fd4a-7685-c3d195ff9230,240.20,1410,1593,100,52,73511,43,P0,500.00,Not Active,Not Active,Not Active,Not Active
2026/07/25 10:28:44.447,2026/07/25 10:28:44.418,2026/07/25 10:28:44.475,0,GPU-c5d32af0-0857-3b36-6541-1a688a9ec165,386.75,1410,1593,3,1,73511,50,P0,500.00,Not Active,Not Active,Not Active,Not Active
2026/07/25 10:28:44.447,2026/07/25 10:28:44.418,2026/07/25 10:28:44.475,1,GPU-713d5b24-2a1e-fd4a-7685-c3d195ff9230,244.19,1410,1593,100,52,73511,43,P0,500.00,Not Active,Not Active,Not Active,Not Active
2026/07/25 10:28:44.682,2026/07/25 10:28:44.668,2026/07/25 10:28:44.695,0,GPU-c5d32af0-0857-3b36-6541-1a688a9ec165,376.15,1410,1593,100,14,73511,53,P0,500.00,Not Active,Not Active,Not Active,Not Active
2026/07/25 10:28:44.682,2026/07/25 10:28:44.668,2026/07/25 10:28:44.695,1,GPU-713d5b24-2a1e-fd4a-7685-c3d195ff9230,239.27,1410,1593,100,52,73511,43,P0,500.00,Not Active,Not Active,Not Active,Not Active
2026/07/25 10:28:44.936,2026/07/25 10:28:44.918,2026/07/25 10:28:44.953,0,GPU-c5d32af0-0857-3b36-6541-1a688a9ec165,94.27,1410,1593,37,5,73511,47,P0,500.00,Not Active,Not Active,Not Active,Not Active
2026/07/25 10:28:44.936,2026/07/25 10:28:44.918,2026/07/25 10:28:44.953,1,GPU-713d5b24-2a1e-fd4a-7685-c3d195ff9230,95.79,1410,1593,30,16,73511,41,P0,500.00,Not Active,Not Active,Not Active,Not Active
2026/07/25 10:28:45.183,2026/07/25 10:28:45.168,2026/07/25 10:28:45.199,0,GPU-c5d32af0-0857-3b36-6541-1a688a9ec165,92.38,1410,1593,0,0,73511,42,P0,500.00,Not Active,Not Active,Not Active,Not Active
2026/07/25 10:28:45.183,2026/07/25 10:28:45.168,2026/07/25 10:28:45.199,1,GPU-713d5b24-2a1e-fd4a-7685-c3d195ff9230,247.76,1410,1593,100,53,73511,42,P0,500.00,Not Active,Not Active,Not Active,Not Active
2026/07/25 10:28:45.434,2026/07/25 10:28:45.418,2026/07/25 10:28:45.449,0,GPU-c5d32af0-0857-3b36-6541-1a688a9ec165,91.18,1410,1593,0,0,73511,41,P0,500.00,Not Active,Not Active,Not Active,Not Active
2026/07/25 10:28:45.434,2026/07/25 10:28:45.418,2026/07/25 10:28:45.449,1,GPU-713d5b24-2a1e-fd4a-7685-c3d195ff9230,245.97,1410,1593,100,53,73511,43,P0,500.00,Not Active,Not Active,Not Active,Not Active
2026/07/25 10:28:45.684,2026/07/25 10:28:45.668,2026/07/25 10:28:45.699,0,GPU-c5d32af0-0857-3b36-6541-1a688a9ec165,90.95,1410,1593,0,0,73511,41,P0,500.00,Not Active,Not Active,Not Active,Not Active
2026/07/25 10:28:45.684,2026/07/25 10:28:45.668,2026/07/25 10:28:45.699,1,GPU-713d5b24-2a1e-fd4a-7685-c3d195ff9230,247.76,1410,1593,100,53,73511,43,P0,500.00,Not Active,Not Active,Not Active,Not Active
2026/07/25 10:28:45.934,2026/07/25 10:28:45.918,2026/07/25 10:28:45.950,0,GPU-c5d32af0-0857-3b36-6541-1a688a9ec165,90.95,1410,1593,0,0,73511,41,P0,500.00,Not Active,Not Active,Not Active,Not Active
2026/07/25 10:28:45.934,2026/07/25 10:28:45.918,2026/07/25 10:28:45.950,1,GPU-713d5b24-2a1e-fd4a-7685-c3d195ff9230,244.19,1410,1593,100,52,73511,43,P0,500.00,Not Active,Not Active,Not Active,Not Active
2026/07/25 10:28:46.183,2026/07/25 10:28:46.168,2026/07/25 10:28:46.198,0,GPU-c5d32af0-0857-3b36-6541-1a688a9ec165,90.86,1410,1593,0,0,73511,40,P0,500.00,Not Active,Not Active,Not Active,Not Active
2026/07/25 10:28:46.183,2026/07/25 10:28:46.168,2026/07/25 10:28:46.198,1,GPU-713d5b24-2a1e-fd4a-7685-c3d195ff9230,246.24,1410,1593,100,53,73511,43,P0,500.00,Not Active,Not Active,Not Active,Not Active
2026/07/25 10:28:46.433,2026/07/25 10:28:46.418,2026/07/25 10:28:46.448,0,GPU-c5d32af0-0857-3b36-6541-1a688a9ec165,390.66,1410,1593,9,2,73511,49,P0,500.00,Not Active,Not Active,Not Active,Not Active
2026/07/25 10:28:46.433,2026/07/25 10:28:46.418,2026/07/25 10:28:46.448,1,GPU-713d5b24-2a1e-fd4a-7685-c3d195ff9230,85.69,1410,1593,66,35,73511,42,P0,500.00,Not Active,Not Active,Not Active,Not Active
2026/07/25 10:28:46.682,2026/07/25 10:28:46.668,2026/07/25 10:28:46.696,0,GPU-c5d32af0-0857-3b36-6541-1a688a9ec165,381.91,1410,1593,100,14,73511,52,P0,500.00,Not Active,Not Active,Not Active,Not Active
2026/07/25 10:28:46.682,2026/07/25 10:28:46.668,2026/07/25 10:28:46.696,1,GPU-713d5b24-2a1e-fd4a-7685-c3d195ff9230,84.49,1410,1593,0,0,73511,38,P0,500.00,Not Active,Not Active,Not Active,Not Active
2026/07/25 10:28:46.933,2026/07/25 10:28:46.918,2026/07/25 10:28:46.949,0,GPU-c5d32af0-0857-3b36-6541-1a688a9ec165,376.15,1410,1593,100,12,73511,53,P0,500.00,Not Active,Not Active,Not Active,Not Active
2026/07/25 10:28:46.933,2026/07/25 10:28:46.918,2026/07/25 10:28:46.949,1,GPU-713d5b24-2a1e-fd4a-7685-c3d195ff9230,84.49,1410,1593,0,0,73511,37,P0,500.00,Not Active,Not Active,Not Active,Not Active
2026/07/25 10:28:47.183,2026/07/25 10:28:47.168,2026/07/25 10:28:47.198,0,GPU-c5d32af0-0857-3b36-6541-1a688a9ec165,97.23,1410,1593,56,6,73511,45,P0,500.00,Not Active,Not Active,Not Active,Not Active
2026/07/25 10:28:47.183,2026/07/25 10:28:47.168,2026/07/25 10:28:47.198,1,GPU-713d5b24-2a1e-fd4a-7685-c3d195ff9230,91.18,1410,1593,48,12,73511,37,P0,500.00,Not Active,Not Active,Not Active,Not Active
2026/07/25 10:28:47.434,2026/07/25 10:28:47.418,2026/07/25 10:28:47.450,0,GPU-c5d32af0-0857-3b36-6541-1a688a9ec165,93.31,1410,1593,0,0,73511,42,P0,500.00,Not Active,Not Active,Not Active,Not Active
2026/07/25 10:28:47.434,2026/07/25 10:28:47.418,2026/07/25 10:28:47.450,1,GPU-713d5b24-2a1e-fd4a-7685-c3d195ff9230,237.16,1410,1593,100,52,73511,41,P0,500.00,Not Active,Not Active,Not Active,Not Active
2026/07/25 10:28:47.684,2026/07/25 10:28:47.668,2026/07/25 10:28:47.700,0,GPU-c5d32af0-0857-3b36-6541-1a688a9ec165,91.45,1410,1593,0,0,73511,41,P0,500.00,Not Active,Not Active,Not Active,Not Active
2026/07/25 10:28:47.684,2026/07/25 10:28:47.668,2026/07/25 10:28:47.700,1,GPU-713d5b24-2a1e-fd4a-7685-c3d195ff9230,237.16,1410,1593,100,52,73511,42,P0,500.00,Not Active,Not Active,Not Active,Not Active
2026/07/25 10:28:47.933,2026/07/25 10:28:47.918,2026/07/25 10:28:47.948,0,GPU-c5d32af0-0857-3b36-6541-1a688a9ec165,91.18,1410,1593,0,0,73511,41,P0,500.00,Not Active,Not Active,Not Active,Not Active
2026/07/25 10:28:47.933,2026/07/25 10:28:47.918,2026/07/25 10:28:47.948,1,GPU-713d5b24-2a1e-fd4a-7685-c3d195ff9230,245.04,1410,1593,100,52,73511,43,P0,500.00,Not Active,Not Active,Not Active,Not Active
2026/07/25 10:28:48.184,2026/07/25 10:28:48.168,2026/07/25 10:28:48.200,0,GPU-c5d32af0-0857-3b36-6541-1a688a9ec165,91.18,1410,1593,0,0,73511,41,P0,500.00,Not Active,Not Active,Not Active,Not Active
2026/07/25 10:28:48.184,2026/07/25 10:28:48.168,2026/07/25 10:28:48.200,1,GPU-713d5b24-2a1e-fd4a-7685-c3d195ff9230,242.65,1410,1593,100,52,73511,43,P0,500.00,Not Active,Not Active,Not Active,Not Active
2026/07/25 10:28:48.432,2026/07/25 10:28:48.418,2026/07/25 10:28:48.446,0,GPU-c5d32af0-0857-3b36-6541-1a688a9ec165,388.54,1410,1593,18,4,73511,50,P0,500.00,Not Active,Not Active,Not Active,Not Active
2026/07/25 10:28:48.432,2026/07/25 10:28:48.418,2026/07/25 10:28:48.446,1,GPU-713d5b24-2a1e-fd4a-7685-c3d195ff9230,85.00,1410,1593,0,0,73511,38,P0,500.00,Not Active,Not Active,Not Active,Not Active
2026/07/25 10:28:48.682,2026/07/25 10:28:48.668,2026/07/25 10:28:48.696,0,GPU-c5d32af0-0857-3b36-6541-1a688a9ec165,384.51,1410,1593,100,13,73511,53,P0,500.00,Not Active,Not Active,Not Active,Not Active
2026/07/25 10:28:48.682,2026/07/25 10:28:48.668,2026/07/25 10:28:48.696,1,GPU-713d5b24-2a1e-fd4a-7685-c3d195ff9230,85.09,1410,1593,0,0,73511,37,P0,500.00,Not Active,Not Active,Not Active,Not Active
2026/07/25 10:28:48.933,2026/07/25 10:28:48.918,2026/07/25 10:28:48.949,0,GPU-c5d32af0-0857-3b36-6541-1a688a9ec165,373.43,1410,1593,88,12,73511,50,P0,500.00,Not Active,Not Active,Not Active,Not Active
2026/07/25 10:28:48.933,2026/07/25 10:28:48.918,2026/07/25 10:28:48.949,1,GPU-713d5b24-2a1e-fd4a-7685-c3d195ff9230,84.17,1410,1593,0,0,73511,37,P0,500.00,Not Active,Not Active,Not Active,Not Active
2026/07/25 10:28:49.185,2026/07/25 10:28:49.168,2026/07/25 10:28:49.203,0,GPU-c5d32af0-0857-3b36-6541-1a688a9ec165,93.31,1410,1593,0,0,73511,44,P0,500.00,Not Active,Not Active,Not Active,Not Active
2026/07/25 10:28:49.185,2026/07/25 10:28:49.168,2026/07/25 10:28:49.203,1,GPU-713d5b24-2a1e-fd4a-7685-c3d195ff9230,245.98,1410,1593,32,5,73511,41,P0,500.00,Not Active,Not Active,Not Active,Not Active
2026/07/25 10:28:49.432,2026/07/25 10:28:49.418,2026/07/25 10:28:49.446,0,GPU-c5d32af0-0857-3b36-6541-1a688a9ec165,91.79,1410,1593,0,0,73511,42,P0,500.00,Not Active,Not Active,Not Active,Not Active
2026/07/25 10:28:49.432,2026/07/25 10:28:49.418,2026/07/25 10:28:49.446,1,GPU-713d5b24-2a1e-fd4a-7685-c3d195ff9230,236.31,1410,1593,98,51,73511,42,P0,500.00,Not Active,Not Active,Not Active,Not Active
2026/07/25 10:28:49.685,2026/07/25 10:28:49.668,2026/07/25 10:28:49.702,0,GPU-c5d32af0-0857-3b36-6541-1a688a9ec165,91.18,1410,1593,0,0,73511,41,P0,500.00,Not Active,Not Active,Not Active,Not Active
2026/07/25 10:28:49.685,2026/07/25 10:28:49.668,2026/07/25 10:28:49.702,1,GPU-713d5b24-2a1e-fd4a-7685-c3d195ff9230,238.43,1410,1593,100,52,73511,42,P0,500.00,Not Active,Not Active,Not Active,Not Active
2026/07/25 10:28:49.933,2026/07/25 10:28:49.918,2026/07/25 10:28:49.948,0,GPU-c5d32af0-0857-3b36-6541-1a688a9ec165,91.18,1410,1593,0,0,73511,41,P0,500.00,Not Active,Not Active,Not Active,Not Active
2026/07/25 10:28:49.933,2026/07/25 10:28:49.918,2026/07/25 10:28:49.948,1,GPU-713d5b24-2a1e-fd4a-7685-c3d195ff9230,239.95,1410,1593,100,52,73511,43,P0,500.00,Not Active,Not Active,Not Active,Not Active
2026/07/25 10:28:50.184,2026/07/25 10:28:50.168,2026/07/25 10:28:50.200,0,GPU-c5d32af0-0857-3b36-6541-1a688a9ec165,90.86,1410,1593,0,0,73511,41,P0,500.00,Not Active,Not Active,Not Active,Not Active
2026/07/25 10:28:50.184,2026/07/25 10:28:50.168,2026/07/25 10:28:50.200,1,GPU-713d5b24-2a1e-fd4a-7685-c3d195ff9230,242.32,1410,1593,100,52,73511,43,P0,500.00,Not Active,Not Active,Not Active,Not Active
2026/07/25 10:28:50.434,2026/07/25 10:28:50.418,2026/07/25 10:28:50.450,0,GPU-c5d32af0-0857-3b36-6541-1a688a9ec165,390.58,1410,1593,28,5,73511,50,P0,500.00,Not Active,Not Active,Not Active,Not Active
2026/07/25 10:28:50.434,2026/07/25 10:28:50.418,2026/07/25 10:28:50.450,1,GPU-713d5b24-2a1e-fd4a-7685-c3d195ff9230,246.91,1410,1593,100,52,73511,43,P0,500.00,Not Active,Not Active,Not Active,Not Active
2026/07/25 10:28:50.682,2026/07/25 10:28:50.668,2026/07/25 10:28:50.697,0,GPU-c5d32af0-0857-3b36-6541-1a688a9ec165,368.87,1410,1593,100,17,73511,53,P0,500.00,Not Active,Not Active,Not Active,Not Active
2026/07/25 10:28:50.682,2026/07/25 10:28:50.668,2026/07/25 10:28:50.697,1,GPU-713d5b24-2a1e-fd4a-7685-c3d195ff9230,119.31,1410,1593,54,28,73511,40,P0,500.00,Not Active,Not Active,Not Active,Not Active
2026/07/25 10:28:50.934,2026/07/25 10:28:50.918,2026/07/25 10:28:50.950,0,GPU-c5d32af0-0857-3b36-6541-1a688a9ec165,106.91,1410,1593,49,6,73511,46,P0,500.00,Not Active,Not Active,Not Active,Not Active
2026/07/25 10:28:50.934,2026/07/25 10:28:50.918,2026/07/25 10:28:50.950,1,GPU-713d5b24-2a1e-fd4a-7685-c3d195ff9230,84.49,1410,1593,0,0,73511,40,P0,500.00,Not Active,Not Active,Not Active,Not Active
2026/07/25 10:28:51.183,2026/07/25 10:28:51.168,2026/07/25 10:28:51.199,0,GPU-c5d32af0-0857-3b36-6541-1a688a9ec165,92.65,1410,1593,0,0,73511,43,P0,500.00,Not Active,Not Active,Not Active,Not Active
2026/07/25 10:28:51.183,2026/07/25 10:28:51.168,2026/07/25 10:28:51.199,1,GPU-713d5b24-2a1e-fd4a-7685-c3d195ff9230,237.24,1410,1593,71,27,73511,42,P0,500.00,Not Active,Not Active,Not Active,Not Active
2026/07/25 10:28:51.433,2026/07/25 10:28:51.418,2026/07/25 10:28:51.449,0,GPU-c5d32af0-0857-3b36-6541-1a688a9ec165,91.45,1410,1593,0,0,73511,41,P0,500.00,Not Active,Not Active,Not Active,Not Active
2026/07/25 10:28:51.433,2026/07/25 10:28:51.418,2026/07/25 10:28:51.449,1,GPU-713d5b24-2a1e-fd4a-7685-c3d195ff9230,237.24,1410,1593,100,52,73511,42,P0,500.00,Not Active,Not Active,Not Active,Not Active
2026/07/25 10:28:51.685,2026/07/25 10:28:51.668,2026/07/25 10:28:51.702,0,GPU-c5d32af0-0857-3b36-6541-1a688a9ec165,91.18,1410,1593,0,0,73511,41,P0,500.00,Not Active,Not Active,Not Active,Not Active
2026/07/25 10:28:51.685,2026/07/25 10:28:51.668,2026/07/25 10:28:51.702,1,GPU-713d5b24-2a1e-fd4a-7685-c3d195ff9230,244.79,1410,1593,100,52,73511,43,P0,500.00,Not Active,Not Active,Not Active,Not Active
2026/07/25 10:28:51.933,2026/07/25 10:28:51.918,2026/07/25 10:28:51.948,0,GPU-c5d32af0-0857-3b36-6541-1a688a9ec165,90.86,1410,1593,0,0,73511,41,P0,500.00,Not Active,Not Active,Not Active,Not Active
2026/07/25 10:28:51.933,2026/07/25 10:28:51.918,2026/07/25 10:28:51.948,1,GPU-713d5b24-2a1e-fd4a-7685-c3d195ff9230,240.87,1410,1593,100,52,73511,43,P0,500.00,Not Active,Not Active,Not Active,Not Active
2026/07/25 10:28:52.183,2026/07/25 10:28:52.168,2026/07/25 10:28:52.199,0,GPU-c5d32af0-0857-3b36-6541-1a688a9ec165,90.86,1410,1593,0,0,73511,41,P0,500.00,Not Active,Not Active,Not Active,Not Active
2026/07/25 10:28:52.183,2026/07/25 10:28:52.168,2026/07/25 10:28:52.199,1,GPU-713d5b24-2a1e-fd4a-7685-c3d195ff9230,238.68,1410,1593,100,52,73511,43,P0,500.00,Not Active,Not Active,Not Active,Not Active
2026/07/25 10:28:52.433,2026/07/25 10:28:52.418,2026/07/25 10:28:52.448,0,GPU-c5d32af0-0857-3b36-6541-1a688a9ec165,391.86,1410,1593,36,7,73511,51,P0,500.00,Not Active,Not Active,Not Active,Not Active
2026/07/25 10:28:52.433,2026/07/25 10:28:52.418,2026/07/25 10:28:52.448,1,GPU-713d5b24-2a1e-fd4a-7685-c3d195ff9230,86.01,1410,1593,100,52,73511,40,P0,500.00,Not Active,Not Active,Not Active,Not Active
2026/07/25 10:28:52.682,2026/07/25 10:28:52.668,2026/07/25 10:28:52.696,0,GPU-c5d32af0-0857-3b36-6541-1a688a9ec165,383.71,1410,1593,100,16,73511,52,P0,500.00,Not Active,Not Active,Not Active,Not Active
2026/07/25 10:28:52.682,2026/07/25 10:28:52.668,2026/07/25 10:28:52.696,1,GPU-713d5b24-2a1e-fd4a-7685-c3d195ff9230,84.49,1410,1593,0,0,73511,38,P0,500.00,Not Active,Not Active,Not Active,Not Active
2026/07/25 10:28:52.934,2026/07/25 10:28:52.918,2026/07/25 10:28:52.950,0,GPU-c5d32af0-0857-3b36-6541-1a688a9ec165,128.53,1410,1593,57,9,73511,50,P0,500.00,Not Active,Not Active,Not Active,Not Active
2026/07/25 10:28:52.934,2026/07/25 10:28:52.918,2026/07/25 10:28:52.950,1,GPU-713d5b24-2a1e-fd4a-7685-c3d195ff9230,85.18,1410,1593,0,0,73511,37,P0,500.00,Not Active,Not Active,Not Active,Not Active
2026/07/25 10:28:53.184,2026/07/25 10:28:53.168,2026/07/25 10:28:53.200,0,GPU-c5d32af0-0857-3b36-6541-1a688a9ec165,93.40,1410,1593,57,9,73511,44,P0,500.00,Not Active,Not Active,Not Active,Not Active
2026/07/25 10:28:53.184,2026/07/25 10:28:53.168,2026/07/25 10:28:53.200,1,GPU-713d5b24-2a1e-fd4a-7685-c3d195ff9230,239.27,1410,1593,56,18,73511,41,P0,500.00,Not Active,Not Active,Not Active,Not Active
2026/07/25 10:28:53.433,2026/07/25 10:28:53.418,2026/07/25 10:28:53.448,0,GPU-c5d32af0-0857-3b36-6541-1a688a9ec165,91.88,1410,1593,0,0,73511,42,P0,500.00,Not Active,Not Active,Not Active,Not Active
2026/07/25 10:28:53.433,2026/07/25 10:28:53.418,2026/07/25 10:28:53.448,1,GPU-713d5b24-2a1e-fd4a-7685-c3d195ff9230,243.52,1410,1593,100,52,73511,42,P0,500.00,Not Active,Not Active,Not Active,Not Active
2026/07/25 10:28:53.684,2026/07/25 10:28:53.668,2026/07/25 10:28:53.701,0,GPU-c5d32af0-0857-3b36-6541-1a688a9ec165,91.28,1410,1593,0,0,73511,41,P0,500.00,Not Active,Not Active,Not Active,Not Active
2026/07/25 10:28:53.684,2026/07/25 10:28:53.668,2026/07/25 10:28:53.701,1,GPU-713d5b24-2a1e-fd4a-7685-c3d195ff9230,241.12,1410,1593,100,52,73511,43,P0,500.00,Not Active,Not Active,Not Active,Not Active
2026/07/25 10:28:53.934,2026/07/25 10:28:53.918,2026/07/25 10:28:53.949,0,GPU-c5d32af0-0857-3b36-6541-1a688a9ec165,90.95,1410,1593,0,0,73511,41,P0,500.00,Not Active,Not Active,Not Active,Not Active
2026/07/25 10:28:53.934,2026/07/25 10:28:53.918,2026/07/25 10:28:53.949,1,GPU-713d5b24-2a1e-fd4a-7685-c3d195ff9230,249.88,1410,1593,100,52,73511,43,P0,500.00,Not Active,Not Active,Not Active,Not Active
2026/07/25 10:28:54.183,2026/07/25 10:28:54.168,2026/07/25 10:28:54.197,0,GPU-c5d32af0-0857-3b36-6541-1a688a9ec165,90.95,1410,1593,0,0,73511,40,P0,500.00,Not Active,Not Active,Not Active,Not Active
2026/07/25 10:28:54.183,2026/07/25 10:28:54.168,2026/07/25 10:28:54.197,1,GPU-713d5b24-2a1e-fd4a-7685-c3d195ff9230,249.28,1410,1593,100,52,73511,40,P0,500.00,Not Active,Not Active,Not Active,Not Active
2026/07/25 10:28:54.433,2026/07/25 10:28:54.418,2026/07/25 10:28:54.448,0,GPU-c5d32af0-0857-3b36-6541-1a688a9ec165,391.86,1410,1593,32,6,73511,48,P0,500.00,Not Active,Not Active,Not Active,Not Active
2026/07/25 10:28:54.433,2026/07/25 10:28:54.418,2026/07/25 10:28:54.448,1,GPU-713d5b24-2a1e-fd4a-7685-c3d195ff9230,84.82,1410,1593,24,13,73511,38,P0,500.00,Not Active,Not Active,Not Active,Not Active
2026/07/25 10:28:54.682,2026/07/25 10:28:54.668,2026/07/25 10:28:54.697,0,GPU-c5d32af0-0857-3b36-6541-1a688a9ec165,380.99,1410,1593,100,17,73511,52,P0,500.00,Not Active,Not Active,Not Active,Not Active
2026/07/25 10:28:54.682,2026/07/25 10:28:54.668,2026/07/25 10:28:54.697,1,GPU-713d5b24-2a1e-fd4a-7685-c3d195ff9230,85.09,1410,1593,0,0,73511,37,P0,500.00,Not Active,Not Active,Not Active,Not Active
2026/07/25 10:28:54.932,2026/07/25 10:28:54.918,2026/07/25 10:28:54.947,0,GPU-c5d32af0-0857-3b36-6541-1a688a9ec165,365.23,1410,1593,100,12,73511,53,P0,500.00,Not Active,Not Active,Not Active,Not Active
2026/07/25 10:28:54.932,2026/07/25 10:28:54.918,2026/07/25 10:28:54.947,1,GPU-713d5b24-2a1e-fd4a-7685-c3d195ff9230,83.89,1410,1593,0,0,73511,37,P0,500.00,Not Active,Not Active,Not Active,Not Active
2026/07/25 10:28:55.186,2026/07/25 10:28:55.168,2026/07/25 10:28:55.205,0,GPU-c5d32af0-0857-3b36-6541-1a688a9ec165,101.47,1410,1593,100,12,73511,45,P0,500.00,Not Active,Not Active,Not Active,Not Active
2026/07/25 10:28:55.186,2026/07/25 10:28:55.168,2026/07/25 10:28:55.205,1,GPU-713d5b24-2a1e-fd4a-7685-c3d195ff9230,232.31,1410,1593,6,0,73511,37,P0,500.00,Not Active,Not Active,Not Active,Not Active
2026/07/25 10:28:55.434,2026/07/25 10:28:55.418,2026/07/25 10:28:55.449,0,GPU-c5d32af0-0857-3b36-6541-1a688a9ec165,92.06,1410,1593,0,0,73511,42,P0,500.00,Not Active,Not Active,Not Active,Not Active
2026/07/25 10:28:55.434,2026/07/25 10:28:55.418,2026/07/25 10:28:55.449,1,GPU-713d5b24-2a1e-fd4a-7685-c3d195ff9230,236.31,1410,1593,100,52,73511,41,P0,500.00,Not Active,Not Active,Not Active,Not Active
2026/07/25 10:28:55.683,2026/07/25 10:28:55.668,2026/07/25 10:28:55.697,0,GPU-c5d32af0-0857-3b36-6541-1a688a9ec165,91.79,1410,1593,0,0,73511,41,P0,500.00,Not Active,Not Active,Not Active,Not Active
2026/07/25 10:28:55.683,2026/07/25 10:28:55.668,2026/07/25 10:28:55.697,1,GPU-713d5b24-2a1e-fd4a-7685-c3d195ff9230,245.64,1410,1593,100,52,73511,42,P0,500.00,Not Active,Not Active,Not Active,Not Active
2026/07/25 10:28:55.933,2026/07/25 10:28:55.918,2026/07/25 10:28:55.948,0,GPU-c5d32af0-0857-3b36-6541-1a688a9ec165,91.18,1410,1593,0,0,73511,41,P0,500.00,Not Active,Not Active,Not Active,Not Active
2026/07/25 10:28:55.933,2026/07/25 10:28:55.918,2026/07/25 10:28:55.948,1,GPU-713d5b24-2a1e-fd4a-7685-c3d195ff9230,239.60,1410,1593,100,52,73511,43,P0,500.00,Not Active,Not Active,Not Active,Not Active
2026/07/25 10:28:56.189,2026/07/25 10:28:56.168,2026/07/25 10:28:56.211,0,GPU-c5d32af0-0857-3b36-6541-1a688a9ec165,91.18,1410,1593,0,0,73511,41,P0,500.00,Not Active,Not Active,Not Active,Not Active
2026/07/25 10:28:56.189,2026/07/25 10:28:56.168,2026/07/25 10:28:56.211,1,GPU-713d5b24-2a1e-fd4a-7685-c3d195ff9230,240.80,1410,1593,100,52,73511,43,P0,500.00,Not Active,Not Active,Not Active,Not Active
2026/07/25 10:28:56.434,2026/07/25 10:28:56.418,2026/07/25 10:28:56.450,0,GPU-c5d32af0-0857-3b36-6541-1a688a9ec165,386.15,1410,1593,50,10,73511,50,P0,500.00,Not Active,Not Active,Not Active,Not Active
2026/07/25 10:28:56.434,2026/07/25 10:28:56.418,2026/07/25 10:28:56.450,1,GPU-713d5b24-2a1e-fd4a-7685-c3d195ff9230,242.40,1410,1593,100,52,73511,43,P0,500.00,Not Active,Not Active,Not Active,Not Active
2026/07/25 10:28:56.684,2026/07/25 10:28:56.668,2026/07/25 10:28:56.700,0,GPU-c5d32af0-0857-3b36-6541-1a688a9ec165,376.42,1410,1593,100,16,73511,49,P0,500.00,Not Active,Not Active,Not Active,Not Active
2026/07/25 10:28:56.684,2026/07/25 10:28:56.668,2026/07/25 10:28:56.700,1,GPU-713d5b24-2a1e-fd4a-7685-c3d195ff9230,244.52,1410,1593,100,52,73511,43,P0,500.00,Not Active,Not Active,Not Active,Not Active
2026/07/25 10:28:56.941,2026/07/25 10:28:56.918,2026/07/25 10:28:56.964,0,GPU-c5d32af0-0857-3b36-6541-1a688a9ec165,92.48,1410,1593,0,0,73511,44,P0,500.00,Not Active,Not Active,Not Active,Not Active
2026/07/25 10:28:56.941,2026/07/25 10:28:56.918,2026/07/25 10:28:56.964,1,GPU-713d5b24-2a1e-fd4a-7685-c3d195ff9230,242.65,1410,1593,88,37,73511,43,P0,500.00,Not Active,Not Active,Not Active,Not Active
2026/07/25 10:28:57.183,2026/07/25 10:28:57.168,2026/07/25 10:28:57.199,0,GPU-c5d32af0-0857-3b36-6541-1a688a9ec165,91.55,1410,1593,0,0,73511,42,P0,500.00,Not Active,Not Active,Not Active,Not Active
2026/07/25 10:28:57.183,2026/07/25 10:28:57.168,2026/07/25 10:28:57.199,1,GPU-713d5b24-2a1e-fd4a-7685-c3d195ff9230,244.17,1410,1593,99,53,73511,43,P0,500.00,Not Active,Not Active,Not Active,Not Active
2026/07/25 10:28:57.433,2026/07/25 10:28:57.418,2026/07/25 10:28:57.448,0,GPU-c5d32af0-0857-3b36-6541-1a688a9ec165,91.28,1410,1593,0,0,73511,41,P0,500.00,Not Active,Not Active,Not Active,Not Active
2026/07/25 10:28:57.433,2026/07/25 10:28:57.418,2026/07/25 10:28:57.448,1,GPU-713d5b24-2a1e-fd4a-7685-c3d195ff9230,242.92,1410,1593,100,53,73511,43,P0,500.00,Not Active,Not Active,Not Active,Not Active
2026/07/25 10:28:57.683,2026/07/25 10:28:57.668,2026/07/25 10:28:57.698,0,GPU-c5d32af0-0857-3b36-6541-1a688a9ec165,90.95,1410,1593,0,0,73511,41,P0,500.00,Not Active,Not Active,Not Active,Not Active
2026/07/25 10:28:57.683,2026/07/25 10:28:57.668,2026/07/25 10:28:57.698,1,GPU-713d5b24-2a1e-fd4a-7685-c3d195ff9230,244.44,1410,1593,100,53,73511,44,P0,500.00,Not Active,Not Active,Not Active,Not Active
2026/07/25 10:28:57.960,2026/07/25 10:28:57.918,2026/07/25 10:28:58.001,0,GPU-c5d32af0-0857-3b36-6541-1a688a9ec165,93.58,1410,1593,0,0,73511,41,P0,500.00,Not Active,Not Active,Not Active,Not Active
2026/07/25 10:28:57.960,2026/07/25 10:28:57.918,2026/07/25 10:28:58.001,1,GPU-713d5b24-2a1e-fd4a-7685-c3d195ff9230,250.81,1410,1593,100,53,73511,44,P0,500.00,Not Active,Not Active,Not Active,Not Active
2026/07/25 10:28:58.184,2026/07/25 10:28:58.168,2026/07/25 10:28:58.200,0,GPU-c5d32af0-0857-3b36-6541-1a688a9ec165,90.63,1410,1593,0,0,73511,40,P0,500.00,Not Active,Not Active,Not Active,Not Active
2026/07/25 10:28:58.184,2026/07/25 10:28:58.168,2026/07/25 10:28:58.200,1,GPU-713d5b24-2a1e-fd4a-7685-c3d195ff9230,249.61,1410,1593,100,53,73511,44,P0,500.00,Not Active,Not Active,Not Active,Not Active
2026/07/25 10:28:58.433,2026/07/25 10:28:58.418,2026/07/25 10:28:58.447,0,GPU-c5d32af0-0857-3b36-6541-1a688a9ec165,390.14,1410,1593,61,12,73511,47,P0,500.00,Not Active,Not Active,Not Active,Not Active
2026/07/25 10:28:58.433,2026/07/25 10:28:58.418,2026/07/25 10:28:58.447,1,GPU-713d5b24-2a1e-fd4a-7685-c3d195ff9230,85.09,1410,1593,69,37,73511,39,P0,500.00,Not Active,Not Active,Not Active,Not Active
2026/07/25 10:28:58.682,2026/07/25 10:28:58.668,2026/07/25 10:28:58.696,0,GPU-c5d32af0-0857-3b36-6541-1a688a9ec165,387.95,1410,1593,100,15,73511,52,P0,500.00,Not Active,Not Active,Not Active,Not Active
2026/07/25 10:28:58.682,2026/07/25 10:28:58.668,2026/07/25 10:28:58.696,1,GPU-713d5b24-2a1e-fd4a-7685-c3d195ff9230,84.49,1410,1593,0,0,73511,38,P0,500.00,Not Active,Not Active,Not Active,Not Active
2026/07/25 10:28:58.933,2026/07/25 10:28:58.918,2026/07/25 10:28:58.949,0,GPU-c5d32af0-0857-3b36-6541-1a688a9ec165,93.40,1410,1593,97,13,73511,45,P0,500.00,Not Active,Not Active,Not Active,Not Active
2026/07/25 10:28:58.933,2026/07/25 10:28:58.918,2026/07/25 10:28:58.949,1,GPU-713d5b24-2a1e-fd4a-7685-c3d195ff9230,103.10,1410,1593,20,0,73511,39,P0,500.00,Not Active,Not Active,Not Active,Not Active
2026/07/25 10:28:59.184,2026/07/25 10:28:59.168,2026/07/25 10:28:59.201,0,GPU-c5d32af0-0857-3b36-6541-1a688a9ec165,91.79,1410,1593,0,0,73511,42,P0,500.00,Not Active,Not Active,Not Active,Not Active
2026/07/25 10:28:59.184,2026/07/25 10:28:59.168,2026/07/25 10:28:59.201,1,GPU-713d5b24-2a1e-fd4a-7685-c3d195ff9230,242.65,1410,1593,86,45,73511,42,P0,500.00,Not Active,Not Active,Not Active,Not Active
2026/07/25 10:28:59.433,2026/07/25 10:28:59.418,2026/07/25 10:28:59.449,0,GPU-c5d32af0-0857-3b36-6541-1a688a9ec165,91.28,1410,1593,0,0,73511,41,P0,500.00,Not Active,Not Active,Not Active,Not Active
2026/07/25 10:28:59.433,2026/07/25 10:28:59.418,2026/07/25 10:28:59.449,1,GPU-713d5b24-2a1e-fd4a-7685-c3d195ff9230,243.52,1410,1593,100,52,73511,43,P0,500.00,Not Active,Not Active,Not Active,Not Active
2026/07/25 10:28:59.683,2026/07/25 10:28:59.668,2026/07/25 10:28:59.699,0,GPU-c5d32af0-0857-3b36-6541-1a688a9ec165,91.18,1410,1593,0,0,73511,41,P0,500.00,Not Active,Not Active,Not Active,Not Active
2026/07/25 10:28:59.683,2026/07/25 10:28:59.668,2026/07/25 10:28:59.699,1,GPU-713d5b24-2a1e-fd4a-7685-c3d195ff9230,245.12,1410,1593,100,52,73511,43,P0,500.00,Not Active,Not Active,Not Active,Not Active
2026/07/25 10:28:59.934,2026/07/25 10:28:59.918,2026/07/25 10:28:59.949,0,GPU-c5d32af0-0857-3b36-6541-1a688a9ec165,90.95,1410,1593,0,0,73511,40,P0,500.00,Not Active,Not Active,Not Active,Not Active
2026/07/25 10:28:59.934,2026/07/25 10:28:59.918,2026/07/25 10:28:59.949,1,GPU-713d5b24-2a1e-fd4a-7685-c3d195ff9230,241.12,1410,1593,100,52,73511,43,P0,500.00,Not Active,Not Active,Not Active,Not Active
2026/07/25 10:29:00.183,2026/07/25 10:29:00.168,2026/07/25 10:29:00.199,0,GPU-c5d32af0-0857-3b36-6541-1a688a9ec165,90.86,1410,1593,0,0,73511,40,P0,500.00,Not Active,Not Active,Not Active,Not Active
2026/07/25 10:29:00.183,2026/07/25 10:29:00.168,2026/07/25 10:29:00.199,1,GPU-713d5b24-2a1e-fd4a-7685-c3d195ff9230,243.52,1410,1593,98,52,73511,44,P0,500.00,Not Active,Not Active,Not Active,Not Active
2026/07/25 10:29:00.433,2026/07/25 10:29:00.418,2026/07/25 10:29:00.448,0,GPU-c5d32af0-0857-3b36-6541-1a688a9ec165,389.74,1410,1593,67,13,73511,50,P0,500.00,Not Active,Not Active,Not Active,Not Active
2026/07/25 10:29:00.433,2026/07/25 10:29:00.418,2026/07/25 10:29:00.448,1,GPU-713d5b24-2a1e-fd4a-7685-c3d195ff9230,180.52,1410,1593,100,52,73511,44,P0,500.00,Not Active,Not Active,Not Active,Not Active
2026/07/25 10:29:00.683,2026/07/25 10:29:00.668,2026/07/25 10:29:00.698,0,GPU-c5d32af0-0857-3b36-6541-1a688a9ec165,380.99,1410,1593,100,15,73511,52,P0,500.00,Not Active,Not Active,Not Active,Not Active
2026/07/25 10:29:00.683,2026/07/25 10:29:00.668,2026/07/25 10:29:00.698,1,GPU-713d5b24-2a1e-fd4a-7685-c3d195ff9230,85.09,1410,1593,0,0,73511,39,P0,500.00,Not Active,Not Active,Not Active,Not Active
2026/07/25 10:29:00.933,2026/07/25 10:29:00.918,2026/07/25 10:29:00.949,0,GPU-c5d32af0-0857-3b36-6541-1a688a9ec165,366.15,1410,1593,100,12,73511,53,P0,500.00,Not Active,Not Active,Not Active,Not Active
2026/07/25 10:29:00.933,2026/07/25 10:29:00.918,2026/07/25 10:29:00.949,1,GPU-713d5b24-2a1e-fd4a-7685-c3d195ff9230,84.49,1410,1593,0,0,73511,38,P0,500.00,Not Active,Not Active,Not Active,Not Active
2026/07/25 10:29:01.194,2026/07/25 10:29:01.168,2026/07/25 10:29:01.220,0,GPU-c5d32af0-0857-3b36-6541-1a688a9ec165,96.30,1410,1593,2,1,73511,44,P0,500.00,Not Active,Not Active,Not Active,Not Active
2026/07/25 10:29:01.194,2026/07/25 10:29:01.168,2026/07/25 10:29:01.220,1,GPU-713d5b24-2a1e-fd4a-7685-c3d195ff9230,97.50,1410,1593,15,0,73511,39,P0,500.00,Not Active,Not Active,Not Active,Not Active
2026/07/25 10:29:01.435,2026/07/25 10:29:01.418,2026/07/25 10:29:01.451,0,GPU-c5d32af0-0857-3b36-6541-1a688a9ec165,92.38,1410,1593,0,0,73511,42,P0,500.00,Not Active,Not Active,Not Active,Not Active
2026/07/25 10:29:01.435,2026/07/25 10:29:01.418,2026/07/25 10:29:01.451,1,GPU-713d5b24-2a1e-fd4a-7685-c3d195ff9230,241.80,1410,1593,70,30,73511,42,P0,500.00,Not Active,Not Active,Not Active,Not Active
2026/07/25 10:29:01.689,2026/07/25 10:29:01.668,2026/07/25 10:29:01.709,0,GPU-c5d32af0-0857-3b36-6541-1a688a9ec165,91.45,1410,1593,0,0,73511,42,P0,500.00,Not Active,Not Active,Not Active,Not Active
2026/07/25 10:29:01.689,2026/07/25 10:29:01.668,2026/07/25 10:29:01.709,1,GPU-713d5b24-2a1e-fd4a-7685-c3d195ff9230,242.99,1410,1593,100,51,73511,42,P0,500.00,Not Active,Not Active,Not Active,Not Active
2026/07/25 10:29:01.933,2026/07/25 10:29:01.918,2026/07/25 10:29:01.948,0,GPU-c5d32af0-0857-3b36-6541-1a688a9ec165,91.18,1410,1593,0,0,73511,41,P0,500.00,Not Active,Not Active,Not Active,Not Active
2026/07/25 10:29:01.933,2026/07/25 10:29:01.918,2026/07/25 10:29:01.948,1,GPU-713d5b24-2a1e-fd4a-7685-c3d195ff9230,241.47,1410,1593,100,51,73511,43,P0,500.00,Not Active,Not Active,Not Active,Not Active
2026/07/25 10:29:02.217,2026/07/25 10:29:02.168,2026/07/25 10:29:02.265,0,GPU-c5d32af0-0857-3b36-6541-1a688a9ec165,98.52,1410,1593,0,0,73511,41,P0,500.00,Not Active,Not Active,Not Active,Not Active
2026/07/25 10:29:02.217,2026/07/25 10:29:02.168,2026/07/25 10:29:02.265,1,GPU-713d5b24-2a1e-fd4a-7685-c3d195ff9230,241.72,1410,1593,100,51,73511,43,P0,500.00,Not Active,Not Active,Not Active,Not Active
2026/07/25 10:29:02.444,2026/07/25 10:29:02.418,2026/07/25 10:29:02.469,0,GPU-c5d32af0-0857-3b36-6541-1a688a9ec165,395.50,1410,1593,70,13,73511,49,P0,500.00,Not Active,Not Active,Not Active,Not Active
2026/07/25 10:29:02.444,2026/07/25 10:29:02.418,2026/07/25 10:29:02.469,1,GPU-713d5b24-2a1e-fd4a-7685-c3d195ff9230,240.80,1410,1593,100,51,73511,42,P0,500.00,Not Active,Not Active,Not Active,Not Active
2026/07/25 10:29:02.684,2026/07/25 10:29:02.668,2026/07/25 10:29:02.701,0,GPU-c5d32af0-0857-3b36-6541-1a688a9ec165,374.42,1410,1593,100,15,73511,52,P0,500.00,Not Active,Not Active,Not Active,Not Active
2026/07/25 10:29:02.684,2026/07/25 10:29:02.668,2026/07/25 10:29:02.701,1,GPU-713d5b24-2a1e-fd4a-7685-c3d195ff9230,85.18,1410,1593,66,34,73511,39,P0,500.00,Not Active,Not Active,Not Active,Not Active
2026/07/25 10:29:02.933,2026/07/25 10:29:02.918,2026/07/25 10:29:02.948,0,GPU-c5d32af0-0857-3b36-6541-1a688a9ec165,367.35,1410,1593,100,13,73511,54,P0,500.00,Not Active,Not Active,Not Active,Not Active
2026/07/25 10:29:02.933,2026/07/25 10:29:02.918,2026/07/25 10:29:02.948,1,GPU-713d5b24-2a1e-fd4a-7685-c3d195ff9230,84.58,1410,1593,0,0,73511,38,P0,500.00,Not Active,Not Active,Not Active,Not Active
2026/07/25 10:29:03.185,2026/07/25 10:29:03.168,2026/07/25 10:29:03.202,0,GPU-c5d32af0-0857-3b36-6541-1a688a9ec165,95.47,1410,1593,100,11,73511,46,P0,500.00,Not Active,Not Active,Not Active,Not Active
2026/07/25 10:29:03.185,2026/07/25 10:29:03.168,2026/07/25 10:29:03.202,1,GPU-713d5b24-2a1e-fd4a-7685-c3d195ff9230,94.60,1410,1593,15,0,73511,39,P0,500.00,Not Active,Not Active,Not Active,Not Active
2026/07/25 10:29:03.433,2026/07/25 10:29:03.418,2026/07/25 10:29:03.449,0,GPU-c5d32af0-0857-3b36-6541-1a688a9ec165,92.48,1410,1593,0,0,73511,42,P0,500.00,Not Active,Not Active,Not Active,Not Active
2026/07/25 10:29:03.433,2026/07/25 10:29:03.418,2026/07/25 10:29:03.449,1,GPU-713d5b24-2a1e-fd4a-7685-c3d195ff9230,243.25,1410,1593,84,38,73511,42,P0,500.00,Not Active,Not Active,Not Active,Not Active
2026/07/25 10:29:03.694,2026/07/25 10:29:03.668,2026/07/25 10:29:03.721,0,GPU-c5d32af0-0857-3b36-6541-1a688a9ec165,91.55,1410,1593,0,0,73511,42,P0,500.00,Not Active,Not Active,Not Active,Not Active
2026/07/25 10:29:03.694,2026/07/25 10:29:03.668,2026/07/25 10:29:03.721,1,GPU-713d5b24-2a1e-fd4a-7685-c3d195ff9230,241.12,1410,1593,100,51,73511,42,P0,500.00,Not Active,Not Active,Not Active,Not Active
2026/07/25 10:29:03.932,2026/07/25 10:29:03.918,2026/07/25 10:29:03.947,0,GPU-c5d32af0-0857-3b36-6541-1a688a9ec165,91.55,1410,1593,0,0,73511,41,P0,500.00,Not Active,Not Active,Not Active,Not Active
2026/07/25 10:29:03.932,2026/07/25 10:29:03.918,2026/07/25 10:29:03.947,1,GPU-713d5b24-2a1e-fd4a-7685-c3d195ff9230,243.52,1410,1593,100,51,73511,43,P0,500.00,Not Active,Not Active,Not Active,Not Active
2026/07/25 10:29:04.186,2026/07/25 10:29:04.168,2026/07/25 10:29:04.205,0,GPU-c5d32af0-0857-3b36-6541-1a688a9ec165,91.28,1410,1593,0,0,73511,41,P0,500.00,Not Active,Not Active,Not Active,Not Active
2026/07/25 10:29:04.186,2026/07/25 10:29:04.168,2026/07/25 10:29:04.205,1,GPU-713d5b24-2a1e-fd4a-7685-c3d195ff9230,240.80,1410,1593,100,51,73511,43,P0,500.00,Not Active,Not Active,Not Active,Not Active
2026/07/25 10:29:04.449,2026/07/25 10:29:04.418,2026/07/25 10:29:04.480,0,GPU-c5d32af0-0857-3b36-6541-1a688a9ec165,388.54,1410,1593,0,0,73511,49,P0,500.00,Not Active,Not Active,Not Active,Not Active
2026/07/25 10:29:04.449,2026/07/25 10:29:04.418,2026/07/25 10:29:04.480,1,GPU-713d5b24-2a1e-fd4a-7685-c3d195ff9230,240.20,1410,1593,100,51,73511,43,P0,500.00,Not Active,Not Active,Not Active,Not Active
2026/07/25 10:29:04.683,2026/07/25 10:29:04.668,2026/07/25 10:29:04.697,0,GPU-c5d32af0-0857-3b36-6541-1a688a9ec165,369.19,1410,1593,85,16,73511,53,P0,500.00,Not Active,Not Active,Not Active,Not Active
2026/07/25 10:29:04.683,2026/07/25 10:29:04.668,2026/07/25 10:29:04.697,1,GPU-713d5b24-2a1e-fd4a-7685-c3d195ff9230,241.72,1410,1593,100,51,73511,44,P0,500.00,Not Active,Not Active,Not Active,Not Active
2026/07/25 10:29:04.934,2026/07/25 10:29:04.918,2026/07/25 10:29:04.949,0,GPU-c5d32af0-0857-3b36-6541-1a688a9ec165,367.94,1410,1593,100,13,73511,49,P0,500.00,Not Active,Not Active,Not Active,Not Active
2026/07/25 10:29:04.934,2026/07/25 10:29:04.918,2026/07/25 10:29:04.949,1,GPU-713d5b24-2a1e-fd4a-7685-c3d195ff9230,85.18,1410,1593,0,0,73511,40,P0,500.00,Not Active,Not Active,Not Active,Not Active
2026/07/25 10:29:05.201,2026/07/25 10:29:05.168,2026/07/25 10:29:05.235,0,GPU-c5d32af0-0857-3b36-6541-1a688a9ec165,92.75,1410,1593,43,6,73511,44,P0,500.00,Not Active,Not Active,Not Active,Not Active
2026/07/25 10:29:05.201,2026/07/25 10:29:05.168,2026/07/25 10:29:05.235,1,GPU-713d5b24-2a1e-fd4a-7685-c3d195ff9230,245.04,1410,1593,54,17,73511,42,P0,500.00,Not Active,Not Active,Not Active,Not Active
2026/07/25 10:29:05.432,2026/07/25 10:29:05.418,2026/07/25 10:29:05.446,0,GPU-c5d32af0-0857-3b36-6541-1a688a9ec165,92.06,1410,1593,0,0,73511,42,P0,500.00,Not Active,Not Active,Not Active,Not Active
2026/07/25 10:29:05.432,2026/07/25 10:29:05.418,2026/07/25 10:29:05.446,1,GPU-713d5b24-2a1e-fd4a-7685-c3d195ff9230,239.93,1410,1593,100,52,73511,43,P0,500.00,Not Active,Not Active,Not Active,Not Active
2026/07/25 10:29:05.681,2026/07/25 10:29:05.668,2026/07/25 10:29:05.694,0,GPU-c5d32af0-0857-3b36-6541-1a688a9ec165,91.55,1410,1593,0,0,73511,41,P0,500.00,Not Active,Not Active,Not Active,Not Active
2026/07/25 10:29:05.681,2026/07/25 10:29:05.668,2026/07/25 10:29:05.694,1,GPU-713d5b24-2a1e-fd4a-7685-c3d195ff9230,239.27,1410,1593,100,52,73511,43,P0,500.00,Not Active,Not Active,Not Active,Not Active
2026/07/25 10:29:05.933,2026/07/25 10:29:05.918,2026/07/25 10:29:05.947,0,GPU-c5d32af0-0857-3b36-6541-1a688a9ec165,91.55,1410,1593,0,0,73511,41,P0,500.00,Not Active,Not Active,Not Active,Not Active
2026/07/25 10:29:05.933,2026/07/25 10:29:05.918,2026/07/25 10:29:05.947,1,GPU-713d5b24-2a1e-fd4a-7685-c3d195ff9230,238.68,1410,1593,100,52,73511,43,P0,500.00,Not Active,Not Active,Not Active,Not Active
2026/07/25 10:29:06.181,2026/07/25 10:29:06.168,2026/07/25 10:29:06.193,0,GPU-c5d32af0-0857-3b36-6541-1a688a9ec165,91.55,1410,1593,0,0,73511,41,P0,500.00,Not Active,Not Active,Not Active,Not Active
2026/07/25 10:29:06.181,2026/07/25 10:29:06.168,2026/07/25 10:29:06.193,1,GPU-713d5b24-2a1e-fd4a-7685-c3d195ff9230,245.64,1410,1593,100,52,73511,44,P0,500.00,Not Active,Not Active,Not Active,Not Active
2026/07/25 10:29:06.457,2026/07/25 10:29:06.418,2026/07/25 10:29:06.497,0,GPU-c5d32af0-0857-3b36-6541-1a688a9ec165,377.47,1410,1593,95,17,73511,50,P0,500.00,Not Active,Not Active,Not Active,Not Active
2026/07/25 10:29:06.457,2026/07/25 10:29:06.418,2026/07/25 10:29:06.497,1,GPU-713d5b24-2a1e-fd4a-7685-c3d195ff9230,84.82,1410,1593,17,9,73511,39,P0,500.00,Not Active,Not Active,Not Active,Not Active
2026/07/25 10:29:06.683,2026/07/25 10:29:06.668,2026/07/25 10:29:06.698,0,GPU-c5d32af0-0857-3b36-6541-1a688a9ec165,364.63,1410,1593,100,15,73511,53,P0,500.00,Not Active,Not Active,Not Active,Not Active
2026/07/25 10:29:06.683,2026/07/25 10:29:06.668,2026/07/25 10:29:06.698,1,GPU-713d5b24-2a1e-fd4a-7685-c3d195ff9230,84.58,1410,1593,0,0,73511,38,P0,500.00,Not Active,Not Active,Not Active,Not Active
2026/07/25 10:29:06.933,2026/07/25 10:29:06.918,2026/07/25 10:29:06.949,0,GPU-c5d32af0-0857-3b36-6541-1a688a9ec165,93.58,1410,1593,31,5,73511,43,P0,500.00,Not Active,Not Active,Not Active,Not Active
2026/07/25 10:29:06.933,2026/07/25 10:29:06.918,2026/07/25 10:29:06.949,1,GPU-713d5b24-2a1e-fd4a-7685-c3d195ff9230,231.44,1410,1593,70,28,73511,41,P0,500.00,Not Active,Not Active,Not Active,Not Active
2026/07/25 10:29:07.183,2026/07/25 10:29:07.168,2026/07/25 10:29:07.198,0,GPU-c5d32af0-0857-3b36-6541-1a688a9ec165,92.48,1410,1593,0,0,73511,42,P0,500.00,Not Active,Not Active,Not Active,Not Active
2026/07/25 10:29:07.183,2026/07/25 10:29:07.168,2026/07/25 10:29:07.198,1,GPU-713d5b24-2a1e-fd4a-7685-c3d195ff9230,242.92,1410,1593,100,53,73511,42,P0,500.00,Not Active,Not Active,Not Active,Not Active
2026/07/25 10:29:07.433,2026/07/25 10:29:07.418,2026/07/25 10:29:07.448,0,GPU-c5d32af0-0857-3b36-6541-1a688a9ec165,91.45,1410,1593,0,0,73511,41,P0,500.00,Not Active,Not Active,Not Active,Not Active
2026/07/25 10:29:07.433,2026/07/25 10:29:07.418,2026/07/25 10:29:07.448,1,GPU-713d5b24-2a1e-fd4a-7685-c3d195ff9230,244.17,1410,1593,100,53,73511,43,P0,500.00,Not Active,Not Active,Not Active,Not Active
2026/07/25 10:29:07.682,2026/07/25 10:29:07.668,2026/07/25 10:29:07.697,0,GPU-c5d32af0-0857-3b36-6541-1a688a9ec165,91.28,1410,1593,0,0,73511,41,P0,500.00,Not Active,Not Active,Not Active,Not Active
2026/07/25 10:29:07.682,2026/07/25 10:29:07.668,2026/07/25 10:29:07.697,1,GPU-713d5b24-2a1e-fd4a-7685-c3d195ff9230,246.24,1410,1593,100,53,73511,43,P0,500.00,Not Active,Not Active,Not Active,Not Active
2026/07/25 10:29:07.932,2026/07/25 10:29:07.918,2026/07/25 10:29:07.947,0,GPU-c5d32af0-0857-3b36-6541-1a688a9ec165,90.86,1410,1593,0,0,73511,41,P0,500.00,Not Active,Not Active,Not Active,Not Active
2026/07/25 10:29:07.932,2026/07/25 10:29:07.918,2026/07/25 10:29:07.947,1,GPU-713d5b24-2a1e-fd4a-7685-c3d195ff9230,244.44,1410,1593,100,53,73511,44,P0,500.00,Not Active,Not Active,Not Active,Not Active
2026/07/25 10:29:08.183,2026/07/25 10:29:08.168,2026/07/25 10:29:08.199,0,GPU-c5d32af0-0857-3b36-6541-1a688a9ec165,90.95,1410,1593,0,0,73511,40,P0,500.00,Not Active,Not Active,Not Active,Not Active
2026/07/25 10:29:08.183,2026/07/25 10:29:08.168,2026/07/25 10:29:08.199,1,GPU-713d5b24-2a1e-fd4a-7685-c3d195ff9230,245.04,1410,1593,100,53,73511,44,P0,500.00,Not Active,Not Active,Not Active,Not Active
2026/07/25 10:29:08.436,2026/07/25 10:29:08.418,2026/07/25 10:29:08.454,0,GPU-c5d32af0-0857-3b36-6541-1a688a9ec165,90.95,1410,1593,0,0,73511,40,P0,500.00,Not Active,Not Active,Not Active,Not Active
2026/07/25 10:29:08.436,2026/07/25 10:29:08.418,2026/07/25 10:29:08.454,1,GPU-713d5b24-2a1e-fd4a-7685-c3d195ff9230,85.51,1410,1593,47,25,73511,39,P0,500.00,Not Active,Not Active,Not Active,Not Active
2026/07/25 10:29:08.683,2026/07/25 10:29:08.668,2026/07/25 10:29:08.698,0,GPU-c5d32af0-0857-3b36-6541-1a688a9ec165,90.63,1410,1593,0,0,73511,40,P0,500.00,Not Active,Not Active,Not Active,Not Active
2026/07/25 10:29:08.683,2026/07/25 10:29:08.668,2026/07/25 10:29:08.698,1,GPU-713d5b24-2a1e-fd4a-7685-c3d195ff9230,84.90,1410,1593,0,0,73511,38,P0,500.00,Not Active,Not Active,Not Active,Not Active
2026/07/25 10:29:08.933,2026/07/25 10:29:08.918,2026/07/25 10:29:08.947,0,GPU-c5d32af0-0857-3b36-6541-1a688a9ec165,90.63,1410,1593,0,0,73511,40,P0,500.00,Not Active,Not Active,Not Active,Not Active
2026/07/25 10:29:08.933,2026/07/25 10:29:08.918,2026/07/25 10:29:08.947,1,GPU-713d5b24-2a1e-fd4a-7685-c3d195ff9230,84.25,1410,1593,0,0,73511,37,P0,500.00,Not Active,Not Active,Not Active,Not Active
2026/07/25 10:29:09.183,2026/07/25 10:29:09.168,2026/07/25 10:29:09.198,0,GPU-c5d32af0-0857-3b36-6541-1a688a9ec165,90.63,1410,1593,0,0,73511,40,P0,500.00,Not Active,Not Active,Not Active,Not Active
2026/07/25 10:29:09.183,2026/07/25 10:29:09.168,2026/07/25 10:29:09.198,1,GPU-713d5b24-2a1e-fd4a-7685-c3d195ff9230,84.25,1410,1593,0,0,73511,37,P0,500.00,Not Active,Not Active,Not Active,Not Active
2026/07/25 10:29:09.431,2026/07/25 10:29:09.418,2026/07/25 10:29:09.444,0,GPU-c5d32af0-0857-3b36-6541-1a688a9ec165,90.35,1410,1593,0,0,73511,40,P0,500.00,Not Active,Not Active,Not Active,Not Active
2026/07/25 10:29:09.431,2026/07/25 10:29:09.418,2026/07/25 10:29:09.444,1,GPU-713d5b24-2a1e-fd4a-7685-c3d195ff9230,84.25,1410,1593,0,0,73511,37,P0,500.00,Not Active,Not Active,Not Active,Not Active
2026/07/25 10:29:09.683,2026/07/25 10:29:09.668,2026/07/25 10:29:09.697,0,GPU-c5d32af0-0857-3b36-6541-1a688a9ec165,90.63,1410,1593,0,0,73511,40,P0,500.00,Not Active,Not Active,Not Active,Not Active
2026/07/25 10:29:09.683,2026/07/25 10:29:09.668,2026/07/25 10:29:09.697,1,GPU-713d5b24-2a1e-fd4a-7685-c3d195ff9230,83.98,1410,1593,0,0,73511,36,P0,500.00,Not Active,Not Active,Not Active,Not Active
2026/07/25 10:29:09.935,2026/07/25 10:29:09.918,2026/07/25 10:29:09.951,0,GPU-c5d32af0-0857-3b36-6541-1a688a9ec165,90.35,1410,1593,0,0,73511,40,P0,500.00,Not Active,Not Active,Not Active,Not Active
2026/07/25 10:29:09.935,2026/07/25 10:29:09.918,2026/07/25 10:29:09.951,1,GPU-713d5b24-2a1e-fd4a-7685-c3d195ff9230,83.98,1410,1593,0,0,73511,36,P0,500.00,Not Active,Not Active,Not Active,Not Active
2026/07/25 10:29:10.183,2026/07/25 10:29:10.168,2026/07/25 10:29:10.197,0,GPU-c5d32af0-0857-3b36-6541-1a688a9ec165,90.35,1410,1593,0,0,73511,40,P0,500.00,Not Active,Not Active,Not Active,Not Active
2026/07/25 10:29:10.183,2026/07/25 10:29:10.168,2026/07/25 10:29:10.197,1,GPU-713d5b24-2a1e-fd4a-7685-c3d195ff9230,83.98,1410,1593,0,0,73511,36,P0,500.00,Not Active,Not Active,Not Active,Not Active
2026/07/25 10:29:10.431,2026/07/25 10:29:10.418,2026/07/25 10:29:10.444,0,GPU-c5d32af0-0857-3b36-6541-1a688a9ec165,90.35,1410,1593,0,0,73511,40,P0,500.00,Not Active,Not Active,Not Active,Not Active
2026/07/25 10:29:10.431,2026/07/25 10:29:10.418,2026/07/25 10:29:10.444,1,GPU-713d5b24-2a1e-fd4a-7685-c3d195ff9230,83.98,1410,1593,0,0,73511,36,P0,500.00,Not Active,Not Active,Not Active,Not Active
2026/07/25 10:29:10.682,2026/07/25 10:29:10.668,2026/07/25 10:29:10.695,0,GPU-c5d32af0-0857-3b36-6541-1a688a9ec165,90.35,1410,1593,0,0,73511,39,P0,500.00,Not Active,Not Active,Not Active,Not Active
2026/07/25 10:29:10.682,2026/07/25 10:29:10.668,2026/07/25 10:29:10.695,1,GPU-713d5b24-2a1e-fd4a-7685-c3d195ff9230,83.98,1410,1593,0,0,73511,36,P0,500.00,Not Active,Not Active,Not Active,Not Active
2026/07/25 10:29:10.933,2026/07/25 10:29:10.918,2026/07/25 10:29:10.947,0,GPU-c5d32af0-0857-3b36-6541-1a688a9ec165,90.63,1410,1593,0,0,73511,39,P0,500.00,Not Active,Not Active,Not Active,Not Active
2026/07/25 10:29:10.933,2026/07/25 10:29:10.918,2026/07/25 10:29:10.947,1,GPU-713d5b24-2a1e-fd4a-7685-c3d195ff9230,83.66,1410,1593,0,0,73511,36,P0,500.00,Not Active,Not Active,Not Active,Not Active
2026/07/25 10:29:11.183,2026/07/25 10:29:11.168,2026/07/25 10:29:11.198,0,GPU-c5d32af0-0857-3b36-6541-1a688a9ec165,90.35,1410,1593,0,0,73511,39,P0,500.00,Not Active,Not Active,Not Active,Not Active
2026/07/25 10:29:11.183,2026/07/25 10:29:11.168,2026/07/25 10:29:11.198,1,GPU-713d5b24-2a1e-fd4a-7685-c3d195ff9230,83.66,1410,1593,0,0,73511,35,P0,500.00,Not Active,Not Active,Not Active,Not Active
2026/07/25 10:29:11.432,2026/07/25 10:29:11.418,2026/07/25 10:29:11.445,0,GPU-c5d32af0-0857-3b36-6541-1a688a9ec165,90.35,1410,1593,0,0,73511,39,P0,500.00,Not Active,Not Active,Not Active,Not Active
2026/07/25 10:29:11.432,2026/07/25 10:29:11.418,2026/07/25 10:29:11.445,1,GPU-713d5b24-2a1e-fd4a-7685-c3d195ff9230,83.66,1410,1593,0,0,73511,35,P0,500.00,Not Active,Not Active,Not Active,Not Active
2026/07/25 10:29:11.683,2026/07/25 10:29:11.668,2026/07/25 10:29:11.699,0,GPU-c5d32af0-0857-3b36-6541-1a688a9ec165,90.63,1410,1593,0,0,73511,39,P0,500.00,Not Active,Not Active,Not Active,Not Active
2026/07/25 10:29:11.683,2026/07/25 10:29:11.668,2026/07/25 10:29:11.699,1,GPU-713d5b24-2a1e-fd4a-7685-c3d195ff9230,83.66,1410,1593,0,0,73511,35,P0,500.00,Not Active,Not Active,Not Active,Not Active
2026/07/25 10:29:11.968,2026/07/25 10:29:11.918,2026/07/25 10:29:12.018,0,GPU-c5d32af0-0857-3b36-6541-1a688a9ec165,90.02,1410,1593,0,0,73511,39,P0,500.00,Not Active,Not Active,Not Active,Not Active
2026/07/25 10:29:11.968,2026/07/25 10:29:11.918,2026/07/25 10:29:12.018,1,GPU-713d5b24-2a1e-fd4a-7685-c3d195ff9230,83.38,1410,1593,0,0,73511,35,P0,500.00,Not Active,Not Active,Not Active,Not Active
2026/07/25 10:29:12.186,2026/07/25 10:29:12.168,2026/07/25 10:29:12.204,0,GPU-c5d32af0-0857-3b36-6541-1a688a9ec165,90.02,1410,1593,0,0,73511,39,P0,500.00,Not Active,Not Active,Not Active,Not Active
2026/07/25 10:29:12.186,2026/07/25 10:29:12.168,2026/07/25 10:29:12.204,1,GPU-713d5b24-2a1e-fd4a-7685-c3d195ff9230,83.66,1410,1593,0,0,73511,35,P0,500.00,Not Active,Not Active,Not Active,Not Active
2026/07/25 10:29:12.437,2026/07/25 10:29:12.418,2026/07/25 10:29:12.455,0,GPU-c5d32af0-0857-3b36-6541-1a688a9ec165,90.02,1410,1593,0,0,73511,39,P0,500.00,Not Active,Not Active,Not Active,Not Active
2026/07/25 10:29:12.437,2026/07/25 10:29:12.418,2026/07/25 10:29:12.455,1,GPU-713d5b24-2a1e-fd4a-7685-c3d195ff9230,83.66,1410,1593,0,0,73511,35,P0,500.00,Not Active,Not Active,Not Active,Not Active
2026/07/25 10:29:12.683,2026/07/25 10:29:12.668,2026/07/25 10:29:12.698,0,GPU-c5d32af0-0857-3b36-6541-1a688a9ec165,90.02,1410,1593,0,0,73511,39,P0,500.00,Not Active,Not Active,Not Active,Not Active
2026/07/25 10:29:12.683,2026/07/25 10:29:12.668,2026/07/25 10:29:12.698,1,GPU-713d5b24-2a1e-fd4a-7685-c3d195ff9230,83.66,1410,1593,0,0,73511,35,P0,500.00,Not Active,Not Active,Not Active,Not Active
2026/07/25 10:29:12.934,2026/07/25 10:29:12.918,2026/07/25 10:29:12.950,0,GPU-c5d32af0-0857-3b36-6541-1a688a9ec165,90.02,1410,1593,0,0,73511,39,P0,500.00,Not Active,Not Active,Not Active,Not Active
2026/07/25 10:29:12.934,2026/07/25 10:29:12.918,2026/07/25 10:29:12.950,1,GPU-713d5b24-2a1e-fd4a-7685-c3d195ff9230,83.38,1410,1593,0,0,73511,35,P0,500.00,Not Active,Not Active,Not Active,Not Active
2026/07/25 10:29:13.185,2026/07/25 10:29:13.168,2026/07/25 10:29:13.201,0,GPU-c5d32af0-0857-3b36-6541-1a688a9ec165,90.02,1410,1593,0,0,73511,39,P0,500.00,Not Active,Not Active,Not Active,Not Active
2026/07/25 10:29:13.185,2026/07/25 10:29:13.168,2026/07/25 10:29:13.201,1,GPU-713d5b24-2a1e-fd4a-7685-c3d195ff9230,83.38,1410,1593,0,0,73511,35,P0,500.00,Not Active,Not Active,Not Active,Not Active
2026/07/25 10:29:13.434,2026/07/25 10:29:13.418,2026/07/25 10:29:13.451,0,GPU-c5d32af0-0857-3b36-6541-1a688a9ec165,90.02,1410,1593,0,0,73511,39,P0,500.00,Not Active,Not Active,Not Active,Not Active
2026/07/25 10:29:13.434,2026/07/25 10:29:13.418,2026/07/25 10:29:13.451,1,GPU-713d5b24-2a1e-fd4a-7685-c3d195ff9230,83.38,1410,1593,0,0,73511,35,P0,500.00,Not Active,Not Active,Not Active,Not Active
2026/07/25 10:29:13.682,2026/07/25 10:29:13.668,2026/07/25 10:29:13.696,0,GPU-c5d32af0-0857-3b36-6541-1a688a9ec165,90.02,1410,1593,0,0,73511,39,P0,500.00,Not Active,Not Active,Not Active,Not Active
2026/07/25 10:29:13.682,2026/07/25 10:29:13.668,2026/07/25 10:29:13.696,1,GPU-713d5b24-2a1e-fd4a-7685-c3d195ff9230,83.38,1410,1593,0,0,73511,35,P0,500.00,Not Active,Not Active,Not Active,Not Active
2026/07/25 10:29:13.934,2026/07/25 10:29:13.918,2026/07/25 10:29:13.950,0,GPU-c5d32af0-0857-3b36-6541-1a688a9ec165,90.02,1410,1593,0,0,73511,39,P0,500.00,Not Active,Not Active,Not Active,Not Active
2026/07/25 10:29:13.934,2026/07/25 10:29:13.918,2026/07/25 10:29:13.950,1,GPU-713d5b24-2a1e-fd4a-7685-c3d195ff9230,83.66,1410,1593,0,0,73511,35,P0,500.00,Not Active,Not Active,Not Active,Not Active
2026/07/25 10:29:14.181,2026/07/25 10:29:14.168,2026/07/25 10:29:14.195,0,GPU-c5d32af0-0857-3b36-6541-1a688a9ec165,90.02,1410,1593,0,0,73511,39,P0,500.00,Not Active,Not Active,Not Active,Not Active
2026/07/25 10:29:14.181,2026/07/25 10:29:14.168,2026/07/25 10:29:14.195,1,GPU-713d5b24-2a1e-fd4a-7685-c3d195ff9230,83.66,1410,1593,0,0,73511,34,P0,500.00,Not Active,Not Active,Not Active,Not Active
2026/07/25 10:29:14.434,2026/07/25 10:29:14.418,2026/07/25 10:29:14.449,0,GPU-c5d32af0-0857-3b36-6541-1a688a9ec165,89.75,1410,1593,0,0,73511,39,P0,500.00,Not Active,Not Active,Not Active,Not Active
2026/07/25 10:29:14.434,2026/07/25 10:29:14.418,2026/07/25 10:29:14.449,1,GPU-713d5b24-2a1e-fd4a-7685-c3d195ff9230,83.38,1410,1593,0,0,73511,34,P0,500.00,Not Active,Not Active,Not Active,Not Active
2026/07/25 10:29:14.685,2026/07/25 10:29:14.668,2026/07/25 10:29:14.702,0,GPU-c5d32af0-0857-3b36-6541-1a688a9ec165,89.75,1410,1593,0,0,73511,39,P0,500.00,Not Active,Not Active,Not Active,Not Active
2026/07/25 10:29:14.685,2026/07/25 10:29:14.668,2026/07/25 10:29:14.702,1,GPU-713d5b24-2a1e-fd4a-7685-c3d195ff9230,83.38,1410,1593,0,0,73511,34,P0,500.00,Not Active,Not Active,Not Active,Not Active
2026/07/25 10:29:14.934,2026/07/25 10:29:14.918,2026/07/25 10:29:14.949,0,GPU-c5d32af0-0857-3b36-6541-1a688a9ec165,89.75,1410,1593,0,0,73511,38,P0,500.00,Not Active,Not Active,Not Active,Not Active
2026/07/25 10:29:14.934,2026/07/25 10:29:14.918,2026/07/25 10:29:14.949,1,GPU-713d5b24-2a1e-fd4a-7685-c3d195ff9230,83.05,1410,1593,0,0,73511,34,P0,500.00,Not Active,Not Active,Not Active,Not Active
2026/07/25 10:29:15.184,2026/07/25 10:29:15.168,2026/07/25 10:29:15.201,0,GPU-c5d32af0-0857-3b36-6541-1a688a9ec165,89.75,1410,1593,0,0,73511,38,P0,500.00,Not Active,Not Active,Not Active,Not Active
2026/07/25 10:29:15.184,2026/07/25 10:29:15.168,2026/07/25 10:29:15.201,1,GPU-713d5b24-2a1e-fd4a-7685-c3d195ff9230,83.05,1410,1593,0,0,73511,34,P0,500.00,Not Active,Not Active,Not Active,Not Active
2026/07/25 10:29:15.435,2026/07/25 10:29:15.418,2026/07/25 10:29:15.453,0,GPU-c5d32af0-0857-3b36-6541-1a688a9ec165,89.75,1410,1593,0,0,73511,38,P0,500.00,Not Active,Not Active,Not Active,Not Active
2026/07/25 10:29:15.435,2026/07/25 10:29:15.418,2026/07/25 10:29:15.453,1,GPU-713d5b24-2a1e-fd4a-7685-c3d195ff9230,83.05,1410,1593,0,0,73511,34,P0,500.00,Not Active,Not Active,Not Active,Not Active
2026/07/25 10:29:15.685,2026/07/25 10:29:15.668,2026/07/25 10:29:15.703,0,GPU-c5d32af0-0857-3b36-6541-1a688a9ec165,89.75,1410,1593,0,0,73511,38,P0,500.00,Not Active,Not Active,Not Active,Not Active
2026/07/25 10:29:15.685,2026/07/25 10:29:15.668,2026/07/25 10:29:15.703,1,GPU-713d5b24-2a1e-fd4a-7685-c3d195ff9230,83.05,1410,1593,0,0,73511,34,P0,500.00,Not Active,Not Active,Not Active,Not Active
2026/07/25 10:29:15.934,2026/07/25 10:29:15.918,2026/07/25 10:29:15.950,0,GPU-c5d32af0-0857-3b36-6541-1a688a9ec165,89.75,1410,1593,0,0,73511,38,P0,500.00,Not Active,Not Active,Not Active,Not Active
2026/07/25 10:29:15.934,2026/07/25 10:29:15.918,2026/07/25 10:29:15.950,1,GPU-713d5b24-2a1e-fd4a-7685-c3d195ff9230,83.05,1410,1593,0,0,73511,34,P0,500.00,Not Active,Not Active,Not Active,Not Active
2026/07/25 10:29:16.183,2026/07/25 10:29:16.168,2026/07/25 10:29:16.199,0,GPU-c5d32af0-0857-3b36-6541-1a688a9ec165,89.75,1410,1593,0,0,73511,38,P0,500.00,Not Active,Not Active,Not Active,Not Active
2026/07/25 10:29:16.183,2026/07/25 10:29:16.168,2026/07/25 10:29:16.199,1,GPU-713d5b24-2a1e-fd4a-7685-c3d195ff9230,83.05,1410,1593,0,0,73511,34,P0,500.00,Not Active,Not Active,Not Active,Not Active
2026/07/25 10:29:16.431,2026/07/25 10:29:16.418,2026/07/25 10:29:16.443,0,GPU-c5d32af0-0857-3b36-6541-1a688a9ec165,89.75,1410,1593,0,0,73511,38,P0,500.00,Not Active,Not Active,Not Active,Not Active
2026/07/25 10:29:16.431,2026/07/25 10:29:16.418,2026/07/25 10:29:16.443,1,GPU-713d5b24-2a1e-fd4a-7685-c3d195ff9230,83.05,1410,1593,0,0,73511,34,P0,500.00,Not Active,Not Active,Not Active,Not Active
2026/07/25 10:29:16.684,2026/07/25 10:29:16.668,2026/07/25 10:29:16.700,0,GPU-c5d32af0-0857-3b36-6541-1a688a9ec165,89.75,1410,1593,0,0,73511,38,P0,500.00,Not Active,Not Active,Not Active,Not Active
2026/07/25 10:29:16.684,2026/07/25 10:29:16.668,2026/07/25 10:29:16.700,1,GPU-713d5b24-2a1e-fd4a-7685-c3d195ff9230,83.05,1410,1593,0,0,73511,34,P0,500.00,Not Active,Not Active,Not Active,Not Active
2026/07/25 10:29:16.934,2026/07/25 10:29:16.918,2026/07/25 10:29:16.949,0,GPU-c5d32af0-0857-3b36-6541-1a688a9ec165,90.02,1410,1593,0,0,73511,38,P0,500.00,Not Active,Not Active,Not Active,Not Active
2026/07/25 10:29:16.934,2026/07/25 10:29:16.918,2026/07/25 10:29:16.949,1,GPU-713d5b24-2a1e-fd4a-7685-c3d195ff9230,83.05,1410,1593,0,0,73511,34,P0,500.00,Not Active,Not Active,Not Active,Not Active
2026/07/25 10:29:17.183,2026/07/25 10:29:17.168,2026/07/25 10:29:17.199,0,GPU-c5d32af0-0857-3b36-6541-1a688a9ec165,89.75,1410,1593,0,0,73511,38,P0,500.00,Not Active,Not Active,Not Active,Not Active
2026/07/25 10:29:17.183,2026/07/25 10:29:17.168,2026/07/25 10:29:17.199,1,GPU-713d5b24-2a1e-fd4a-7685-c3d195ff9230,83.05,1410,1593,0,0,73511,34,P0,500.00,Not Active,Not Active,Not Active,Not Active
2026/07/25 10:29:17.432,2026/07/25 10:29:17.418,2026/07/25 10:29:17.446,0,GPU-c5d32af0-0857-3b36-6541-1a688a9ec165,89.75,1410,1593,0,0,73511,38,P0,500.00,Not Active,Not Active,Not Active,Not Active
2026/07/25 10:29:17.432,2026/07/25 10:29:17.418,2026/07/25 10:29:17.446,1,GPU-713d5b24-2a1e-fd4a-7685-c3d195ff9230,83.05,1410,1593,0,0,73511,34,P0,500.00,Not Active,Not Active,Not Active,Not Active
2026/07/25 10:29:17.685,2026/07/25 10:29:17.668,2026/07/25 10:29:17.701,0,GPU-c5d32af0-0857-3b36-6541-1a688a9ec165,89.75,1410,1593,0,0,73511,38,P0,500.00,Not Active,Not Active,Not Active,Not Active
2026/07/25 10:29:17.685,2026/07/25 10:29:17.668,2026/07/25 10:29:17.701,1,GPU-713d5b24-2a1e-fd4a-7685-c3d195ff9230,83.05,1410,1593,0,0,73511,34,P0,500.00,Not Active,Not Active,Not Active,Not Active
2026/07/25 10:29:17.934,2026/07/25 10:29:17.918,2026/07/25 10:29:17.949,0,GPU-c5d32af0-0857-3b36-6541-1a688a9ec165,89.75,1410,1593,0,0,73511,38,P0,500.00,Not Active,Not Active,Not Active,Not Active
2026/07/25 10:29:17.934,2026/07/25 10:29:17.918,2026/07/25 10:29:17.949,1,GPU-713d5b24-2a1e-fd4a-7685-c3d195ff9230,83.05,1410,1593,0,0,73511,34,P0,500.00,Not Active,Not Active,Not Active,Not Active
2026/07/25 10:29:18.183,2026/07/25 10:29:18.168,2026/07/25 10:29:18.198,0,GPU-c5d32af0-0857-3b36-6541-1a688a9ec165,89.75,1410,1593,0,0,73511,38,P0,500.00,Not Active,Not Active,Not Active,Not Active
2026/07/25 10:29:18.183,2026/07/25 10:29:18.168,2026/07/25 10:29:18.198,1,GPU-713d5b24-2a1e-fd4a-7685-c3d195ff9230,83.05,1410,1593,0,0,73511,34,P0,500.00,Not Active,Not Active,Not Active,Not Active
2026/07/25 10:29:18.432,2026/07/25 10:29:18.418,2026/07/25 10:29:18.446,0,GPU-c5d32af0-0857-3b36-6541-1a688a9ec165,89.43,1410,1593,0,0,73511,38,P0,500.00,Not Active,Not Active,Not Active,Not Active
2026/07/25 10:29:18.432,2026/07/25 10:29:18.418,2026/07/25 10:29:18.446,1,GPU-713d5b24-2a1e-fd4a-7685-c3d195ff9230,83.05,1410,1593,0,0,73511,34,P0,500.00,Not Active,Not Active,Not Active,Not Active
2026/07/25 10:29:18.683,2026/07/25 10:29:18.668,2026/07/25 10:29:18.698,0,GPU-c5d32af0-0857-3b36-6541-1a688a9ec165,89.43,1410,1593,0,0,73511,38,P0,500.00,Not Active,Not Active,Not Active,Not Active
2026/07/25 10:29:18.683,2026/07/25 10:29:18.668,2026/07/25 10:29:18.698,1,GPU-713d5b24-2a1e-fd4a-7685-c3d195ff9230,83.05,1410,1593,0,0,73511,34,P0,500.00,Not Active,Not Active,Not Active,Not Active
2026/07/25 10:29:18.932,2026/07/25 10:29:18.918,2026/07/25 10:29:18.946,0,GPU-c5d32af0-0857-3b36-6541-1a688a9ec165,89.75,1410,1593,0,0,73511,38,P0,500.00,Not Active,Not Active,Not Active,Not Active
2026/07/25 10:29:18.932,2026/07/25 10:29:18.918,2026/07/25 10:29:18.946,1,GPU-713d5b24-2a1e-fd4a-7685-c3d195ff9230,83.05,1410,1593,0,0,73511,34,P0,500.00,Not Active,Not Active,Not Active,Not Active
2026/07/25 10:29:19.183,2026/07/25 10:29:19.168,2026/07/25 10:29:19.197,0,GPU-c5d32af0-0857-3b36-6541-1a688a9ec165,89.43,1410,1593,0,0,73511,38,P0,500.00,Not Active,Not Active,Not Active,Not Active
2026/07/25 10:29:19.183,2026/07/25 10:29:19.168,2026/07/25 10:29:19.197,1,GPU-713d5b24-2a1e-fd4a-7685-c3d195ff9230,83.05,1410,1593,0,0,73511,34,P0,500.00,Not Active,Not Active,Not Active,Not Active
2026/07/25 10:29:19.432,2026/07/25 10:29:19.418,2026/07/25 10:29:19.445,0,GPU-c5d32af0-0857-3b36-6541-1a688a9ec165,89.43,1410,1593,0,0,73511,38,P0,500.00,Not Active,Not Active,Not Active,Not Active
2026/07/25 10:29:19.432,2026/07/25 10:29:19.418,2026/07/25 10:29:19.445,1,GPU-713d5b24-2a1e-fd4a-7685-c3d195ff9230,83.05,1410,1593,0,0,73511,33,P0,500.00,Not Active,Not Active,Not Active,Not Active
2026/07/25 10:29:19.683,2026/07/25 10:29:19.668,2026/07/25 10:29:19.698,0,GPU-c5d32af0-0857-3b36-6541-1a688a9ec165,89.43,1410,1593,0,0,73511,38,P0,500.00,Not Active,Not Active,Not Active,Not Active
2026/07/25 10:29:19.683,2026/07/25 10:29:19.668,2026/07/25 10:29:19.698,1,GPU-713d5b24-2a1e-fd4a-7685-c3d195ff9230,83.05,1410,1593,0,0,73511,33,P0,500.00,Not Active,Not Active,Not Active,Not Active
2026/07/25 10:29:19.941,2026/07/25 10:29:19.918,2026/07/25 10:29:19.964,0,GPU-c5d32af0-0857-3b36-6541-1a688a9ec165,94.00,1410,1593,0,0,73511,38,P0,500.00,Not Active,Not Active,Not Active,Not Active
2026/07/25 10:29:19.941,2026/07/25 10:29:19.918,2026/07/25 10:29:19.964,1,GPU-713d5b24-2a1e-fd4a-7685-c3d195ff9230,83.05,1410,1593,0,0,73511,33,P0,500.00,Not Active,Not Active,Not Active,Not Active
2026/07/25 10:29:20.183,2026/07/25 10:29:20.168,2026/07/25 10:29:20.199,0,GPU-c5d32af0-0857-3b36-6541-1a688a9ec165,88.82,1410,1593,0,0,73511,38,P0,500.00,Not Active,Not Active,Not Active,Not Active
2026/07/25 10:29:20.183,2026/07/25 10:29:20.168,2026/07/25 10:29:20.199,1,GPU-713d5b24-2a1e-fd4a-7685-c3d195ff9230,83.05,1410,1593,0,0,73511,33,P0,500.00,Not Active,Not Active,Not Active,Not Active
2026/07/25 10:29:20.432,2026/07/25 10:29:20.418,2026/07/25 10:29:20.445,0,GPU-c5d32af0-0857-3b36-6541-1a688a9ec165,88.92,1410,1593,0,0,73511,38,P0,500.00,Not Active,Not Active,Not Active,Not Active
2026/07/25 10:29:20.432,2026/07/25 10:29:20.418,2026/07/25 10:29:20.445,1,GPU-713d5b24-2a1e-fd4a-7685-c3d195ff9230,83.38,1410,1593,0,0,73511,33,P0,500.00,Not Active,Not Active,Not Active,Not Active
2026/07/25 10:29:20.684,2026/07/25 10:29:20.668,2026/07/25 10:29:20.699,0,GPU-c5d32af0-0857-3b36-6541-1a688a9ec165,88.82,1410,1593,0,0,73511,38,P0,500.00,Not Active,Not Active,Not Active,Not Active
2026/07/25 10:29:20.684,2026/07/25 10:29:20.668,2026/07/25 10:29:20.699,1,GPU-713d5b24-2a1e-fd4a-7685-c3d195ff9230,82.78,1410,1593,0,0,73511,33,P0,500.00,Not Active,Not Active,Not Active,Not Active
2026/07/25 10:29:20.933,2026/07/25 10:29:20.918,2026/07/25 10:29:20.948,0,GPU-c5d32af0-0857-3b36-6541-1a688a9ec165,88.82,1410,1593,0,0,73511,38,P0,500.00,Not Active,Not Active,Not Active,Not Active
2026/07/25 10:29:20.933,2026/07/25 10:29:20.918,2026/07/25 10:29:20.948,1,GPU-713d5b24-2a1e-fd4a-7685-c3d195ff9230,82.78,1410,1593,0,0,73511,33,P0,500.00,Not Active,Not Active,Not Active,Not Active
2026/07/25 10:29:21.183,2026/07/25 10:29:21.168,2026/07/25 10:29:21.199,0,GPU-c5d32af0-0857-3b36-6541-1a688a9ec165,88.82,1410,1593,0,0,73511,37,P0,500.00,Not Active,Not Active,Not Active,Not Active
2026/07/25 10:29:21.183,2026/07/25 10:29:21.168,2026/07/25 10:29:21.199,1,GPU-713d5b24-2a1e-fd4a-7685-c3d195ff9230,82.78,1410,1593,0,0,73511,33,P0,500.00,Not Active,Not Active,Not Active,Not Active
2026/07/25 10:29:21.432,2026/07/25 10:29:21.418,2026/07/25 10:29:21.445,0,GPU-c5d32af0-0857-3b36-6541-1a688a9ec165,88.50,1410,1593,0,0,73511,37,P0,500.00,Not Active,Not Active,Not Active,Not Active
2026/07/25 10:29:21.432,2026/07/25 10:29:21.418,2026/07/25 10:29:21.445,1,GPU-713d5b24-2a1e-fd4a-7685-c3d195ff9230,82.78,1410,1593,0,0,73511,33,P0,500.00,Not Active,Not Active,Not Active,Not Active
2026/07/25 10:29:21.683,2026/07/25 10:29:21.668,2026/07/25 10:29:21.698,0,GPU-c5d32af0-0857-3b36-6541-1a688a9ec165,88.82,1410,1593,0,0,73511,37,P0,500.00,Not Active,Not Active,Not Active,Not Active
2026/07/25 10:29:21.683,2026/07/25 10:29:21.668,2026/07/25 10:29:21.698,1,GPU-713d5b24-2a1e-fd4a-7685-c3d195ff9230,82.78,1410,1593,0,0,73511,33,P0,500.00,Not Active,Not Active,Not Active,Not Active
2026/07/25 10:29:21.934,2026/07/25 10:29:21.918,2026/07/25 10:29:21.949,0,GPU-c5d32af0-0857-3b36-6541-1a688a9ec165,88.50,1410,1593,0,0,73511,37,P0,500.00,Not Active,Not Active,Not Active,Not Active
2026/07/25 10:29:21.934,2026/07/25 10:29:21.918,2026/07/25 10:29:21.949,1,GPU-713d5b24-2a1e-fd4a-7685-c3d195ff9230,82.78,1410,1593,0,0,73511,33,P0,500.00,Not Active,Not Active,Not Active,Not Active
2026/07/25 10:29:22.204,2026/07/25 10:29:22.168,2026/07/25 10:29:22.241,0,GPU-c5d32af0-0857-3b36-6541-1a688a9ec165,88.82,1410,1593,0,0,73511,37,P0,500.00,Not Active,Not Active,Not Active,Not Active
2026/07/25 10:29:22.204,2026/07/25 10:29:22.168,2026/07/25 10:29:22.241,1,GPU-713d5b24-2a1e-fd4a-7685-c3d195ff9230,83.05,1410,1593,0,0,73511,33,P0,500.00,Not Active,Not Active,Not Active,Not Active
2026/07/25 10:29:22.432,2026/07/25 10:29:22.418,2026/07/25 10:29:22.446,0,GPU-c5d32af0-0857-3b36-6541-1a688a9ec165,88.82,1410,1593,0,0,73511,37,P0,500.00,Not Active,Not Active,Not Active,Not Active
2026/07/25 10:29:22.432,2026/07/25 10:29:22.418,2026/07/25 10:29:22.446,1,GPU-713d5b24-2a1e-fd4a-7685-c3d195ff9230,82.78,1410,1593,0,0,73511,33,P0,500.00,Not Active,Not Active,Not Active,Not Active
2026/07/25 10:29:22.682,2026/07/25 10:29:22.668,2026/07/25 10:29:22.695,0,GPU-c5d32af0-0857-3b36-6541-1a688a9ec165,88.50,1410,1593,0,0,73511,37,P0,500.00,Not Active,Not Active,Not Active,Not Active
2026/07/25 10:29:22.682,2026/07/25 10:29:22.668,2026/07/25 10:29:22.695,1,GPU-713d5b24-2a1e-fd4a-7685-c3d195ff9230,82.78,1410,1593,0,0,73511,33,P0,500.00,Not Active,Not Active,Not Active,Not Active
2026/07/25 10:29:22.933,2026/07/25 10:29:22.918,2026/07/25 10:29:22.949,0,GPU-c5d32af0-0857-3b36-6541-1a688a9ec165,88.50,1410,1593,0,0,73511,37,P0,500.00,Not Active,Not Active,Not Active,Not Active
2026/07/25 10:29:22.933,2026/07/25 10:29:22.918,2026/07/25 10:29:22.949,1,GPU-713d5b24-2a1e-fd4a-7685-c3d195ff9230,83.05,1410,1593,0,0,73511,33,P0,500.00,Not Active,Not Active,Not Active,Not Active
2026/07/25 10:29:23.183,2026/07/25 10:29:23.168,2026/07/25 10:29:23.197,0,GPU-c5d32af0-0857-3b36-6541-1a688a9ec165,88.50,1410,1593,0,0,73511,37,P0,500.00,Not Active,Not Active,Not Active,Not Active
2026/07/25 10:29:23.183,2026/07/25 10:29:23.168,2026/07/25 10:29:23.197,1,GPU-713d5b24-2a1e-fd4a-7685-c3d195ff9230,82.78,1410,1593,0,0,73511,33,P0,500.00,Not Active,Not Active,Not Active,Not Active
2026/07/25 10:29:23.432,2026/07/25 10:29:23.418,2026/07/25 10:29:23.445,0,GPU-c5d32af0-0857-3b36-6541-1a688a9ec165,88.82,1410,1593,0,0,73511,37,P0,500.00,Not Active,Not Active,Not Active,Not Active
2026/07/25 10:29:23.432,2026/07/25 10:29:23.418,2026/07/25 10:29:23.445,1,GPU-713d5b24-2a1e-fd4a-7685-c3d195ff9230,82.78,1410,1593,0,0,73511,33,P0,500.00,Not Active,Not Active,Not Active,Not Active
2026/07/25 10:29:23.682,2026/07/25 10:29:23.668,2026/07/25 10:29:23.697,0,GPU-c5d32af0-0857-3b36-6541-1a688a9ec165,88.82,1410,1593,0,0,73511,37,P0,500.00,Not Active,Not Active,Not Active,Not Active
2026/07/25 10:29:23.682,2026/07/25 10:29:23.668,2026/07/25 10:29:23.697,1,GPU-713d5b24-2a1e-fd4a-7685-c3d195ff9230,82.78,1410,1593,0,0,73511,33,P0,500.00,Not Active,Not Active,Not Active,Not Active
2026/07/25 10:29:23.933,2026/07/25 10:29:23.918,2026/07/25 10:29:23.949,0,GPU-c5d32af0-0857-3b36-6541-1a688a9ec165,88.82,1410,1593,0,0,73511,37,P0,500.00,Not Active,Not Active,Not Active,Not Active
2026/07/25 10:29:23.933,2026/07/25 10:29:23.918,2026/07/25 10:29:23.949,1,GPU-713d5b24-2a1e-fd4a-7685-c3d195ff9230,82.78,1410,1593,0,0,73511,33,P0,500.00,Not Active,Not Active,Not Active,Not Active
2026/07/25 10:29:24.182,2026/07/25 10:29:24.168,2026/07/25 10:29:24.197,0,GPU-c5d32af0-0857-3b36-6541-1a688a9ec165,88.41,1410,1593,0,0,73511,37,P0,500.00,Not Active,Not Active,Not Active,Not Active
2026/07/25 10:29:24.182,2026/07/25 10:29:24.168,2026/07/25 10:29:24.197,1,GPU-713d5b24-2a1e-fd4a-7685-c3d195ff9230,82.78,1410,1593,0,0,73511,33,P0,500.00,Not Active,Not Active,Not Active,Not Active
2026/07/25 10:29:24.431,2026/07/25 10:29:24.418,2026/07/25 10:29:24.445,0,GPU-c5d32af0-0857-3b36-6541-1a688a9ec165,88.50,1410,1593,0,0,73511,37,P0,500.00,Not Active,Not Active,Not Active,Not Active
2026/07/25 10:29:24.431,2026/07/25 10:29:24.418,2026/07/25 10:29:24.445,1,GPU-713d5b24-2a1e-fd4a-7685-c3d195ff9230,82.78,1410,1593,0,0,73511,33,P0,500.00,Not Active,Not Active,Not Active,Not Active
2026/07/25 10:29:24.683,2026/07/25 10:29:24.668,2026/07/25 10:29:24.697,0,GPU-c5d32af0-0857-3b36-6541-1a688a9ec165,88.50,1410,1593,0,0,73511,37,P0,500.00,Not Active,Not Active,Not Active,Not Active
2026/07/25 10:29:24.683,2026/07/25 10:29:24.668,2026/07/25 10:29:24.697,1,GPU-713d5b24-2a1e-fd4a-7685-c3d195ff9230,82.78,1410,1593,0,0,73511,33,P0,500.00,Not Active,Not Active,Not Active,Not Active
2026/07/25 10:29:24.932,2026/07/25 10:29:24.918,2026/07/25 10:29:24.946,0,GPU-c5d32af0-0857-3b36-6541-1a688a9ec165,88.50,1410,1593,0,0,73511,37,P0,500.00,Not Active,Not Active,Not Active,Not Active
2026/07/25 10:29:24.932,2026/07/25 10:29:24.918,2026/07/25 10:29:24.946,1,GPU-713d5b24-2a1e-fd4a-7685-c3d195ff9230,82.78,1410,1593,0,0,73511,33,P0,500.00,Not Active,Not Active,Not Active,Not Active
2026/07/25 10:29:25.183,2026/07/25 10:29:25.168,2026/07/25 10:29:25.198,0,GPU-c5d32af0-0857-3b36-6541-1a688a9ec165,88.50,1410,1593,0,0,73511,37,P0,500.00,Not Active,Not Active,Not Active,Not Active
2026/07/25 10:29:25.183,2026/07/25 10:29:25.168,2026/07/25 10:29:25.198,1,GPU-713d5b24-2a1e-fd4a-7685-c3d195ff9230,82.78,1410,1593,0,0,73511,33,P0,500.00,Not Active,Not Active,Not Active,Not Active
2026/07/25 10:29:25.431,2026/07/25 10:29:25.418,2026/07/25 10:29:25.444,0,GPU-c5d32af0-0857-3b36-6541-1a688a9ec165,88.50,1410,1593,0,0,73511,37,P0,500.00,Not Active,Not Active,Not Active,Not Active
2026/07/25 10:29:25.431,2026/07/25 10:29:25.418,2026/07/25 10:29:25.444,1,GPU-713d5b24-2a1e-fd4a-7685-c3d195ff9230,82.78,1410,1593,0,0,73511,33,P0,500.00,Not Active,Not Active,Not Active,Not Active
2026/07/25 10:29:25.682,2026/07/25 10:29:25.668,2026/07/25 10:29:25.696,0,GPU-c5d32af0-0857-3b36-6541-1a688a9ec165,88.50,1410,1593,0,0,73511,37,P0,500.00,Not Active,Not Active,Not Active,Not Active
2026/07/25 10:29:25.682,2026/07/25 10:29:25.668,2026/07/25 10:29:25.696,1,GPU-713d5b24-2a1e-fd4a-7685-c3d195ff9230,82.78,1410,1593,0,0,73511,33,P0,500.00,Not Active,Not Active,Not Active,Not Active
2026/07/25 10:29:25.933,2026/07/25 10:29:25.918,2026/07/25 10:29:25.948,0,GPU-c5d32af0-0857-3b36-6541-1a688a9ec165,88.50,1410,1593,0,0,73511,37,P0,500.00,Not Active,Not Active,Not Active,Not Active
2026/07/25 10:29:25.933,2026/07/25 10:29:25.918,2026/07/25 10:29:25.948,1,GPU-713d5b24-2a1e-fd4a-7685-c3d195ff9230,82.78,1410,1593,0,0,73511,33,P0,500.00,Not Active,Not Active,Not Active,Not Active
2026/07/25 10:29:26.182,2026/07/25 10:29:26.168,2026/07/25 10:29:26.195,0,GPU-c5d32af0-0857-3b36-6541-1a688a9ec165,88.50,1410,1593,0,0,73511,37,P0,500.00,Not Active,Not Active,Not Active,Not Active
2026/07/25 10:29:26.182,2026/07/25 10:29:26.168,2026/07/25 10:29:26.195,1,GPU-713d5b24-2a1e-fd4a-7685-c3d195ff9230,82.78,1410,1593,0,0,73511,33,P0,500.00,Not Active,Not Active,Not Active,Not Active
2026/07/25 10:29:26.432,2026/07/25 10:29:26.418,2026/07/25 10:29:26.447,0,GPU-c5d32af0-0857-3b36-6541-1a688a9ec165,88.41,1410,1593,0,0,73511,37,P0,500.00,Not Active,Not Active,Not Active,Not Active
2026/07/25 10:29:26.432,2026/07/25 10:29:26.418,2026/07/25 10:29:26.447,1,GPU-713d5b24-2a1e-fd4a-7685-c3d195ff9230,82.78,1410,1593,0,0,73511,33,P0,500.00,Not Active,Not Active,Not Active,Not Active
2026/07/25 10:29:26.683,2026/07/25 10:29:26.668,2026/07/25 10:29:26.698,0,GPU-c5d32af0-0857-3b36-6541-1a688a9ec165,88.50,1410,1593,0,0,73511,37,P0,500.00,Not Active,Not Active,Not Active,Not Active
2026/07/25 10:29:26.683,2026/07/25 10:29:26.668,2026/07/25 10:29:26.698,1,GPU-713d5b24-2a1e-fd4a-7685-c3d195ff9230,82.78,1410,1593,0,0,73511,33,P0,500.00,Not Active,Not Active,Not Active,Not Active
2026/07/25 10:29:26.939,2026/07/25 10:29:26.918,2026/07/25 10:29:26.959,0,GPU-c5d32af0-0857-3b36-6541-1a688a9ec165,88.23,1410,1593,0,0,73511,37,P0,500.00,Not Active,Not Active,Not Active,Not Active
2026/07/25 10:29:26.939,2026/07/25 10:29:26.918,2026/07/25 10:29:26.959,1,GPU-713d5b24-2a1e-fd4a-7685-c3d195ff9230,83.05,1410,1593,0,0,73511,33,P0,500.00,Not Active,Not Active,Not Active,Not Active
2026/07/25 10:29:27.183,2026/07/25 10:29:27.168,2026/07/25 10:29:27.198,0,GPU-c5d32af0-0857-3b36-6541-1a688a9ec165,88.50,1410,1593,0,0,73511,37,P0,500.00,Not Active,Not Active,Not Active,Not Active
2026/07/25 10:29:27.183,2026/07/25 10:29:27.168,2026/07/25 10:29:27.198,1,GPU-713d5b24-2a1e-fd4a-7685-c3d195ff9230,82.78,1410,1593,0,0,73511,33,P0,500.00,Not Active,Not Active,Not Active,Not Active
2026/07/25 10:29:27.432,2026/07/25 10:29:27.418,2026/07/25 10:29:27.446,0,GPU-c5d32af0-0857-3b36-6541-1a688a9ec165,88.23,1410,1593,0,0,73511,37,P0,500.00,Not Active,Not Active,Not Active,Not Active
2026/07/25 10:29:27.432,2026/07/25 10:29:27.418,2026/07/25 10:29:27.446,1,GPU-713d5b24-2a1e-fd4a-7685-c3d195ff9230,83.66,1410,1593,0,0,73511,33,P0,500.00,Not Active,Not Active,Not Active,Not Active
2026/07/25 10:29:27.683,2026/07/25 10:29:27.668,2026/07/25 10:29:27.698,0,GPU-c5d32af0-0857-3b36-6541-1a688a9ec165,88.23,1410,1593,0,0,73511,37,P0,500.00,Not Active,Not Active,Not Active,Not Active
2026/07/25 10:29:27.683,2026/07/25 10:29:27.668,2026/07/25 10:29:27.698,1,GPU-713d5b24-2a1e-fd4a-7685-c3d195ff9230,83.98,1410,1593,0,0,73511,33,P0,500.00,Not Active,Not Active,Not Active,Not Active
2026/07/25 10:29:27.946,2026/07/25 10:29:27.918,2026/07/25 10:29:27.974,0,GPU-c5d32af0-0857-3b36-6541-1a688a9ec165,91.55,1410,1593,0,0,73511,37,P0,500.00,Not Active,Not Active,Not Active,Not Active
2026/07/25 10:29:27.946,2026/07/25 10:29:27.918,2026/07/25 10:29:27.974,1,GPU-713d5b24-2a1e-fd4a-7685-c3d195ff9230,86.71,1410,1593,0,0,73511,33,P0,500.00,Not Active,Not Active,Not Active,Not Active
2026/07/25 10:29:28.184,2026/07/25 10:29:28.168,2026/07/25 10:29:28.199,0,GPU-c5d32af0-0857-3b36-6541-1a688a9ec165,88.23,1410,1593,0,0,73511,37,P0,500.00,Not Active,Not Active,Not Active,Not Active
2026/07/25 10:29:28.184,2026/07/25 10:29:28.168,2026/07/25 10:29:28.199,1,GPU-713d5b24-2a1e-fd4a-7685-c3d195ff9230,83.66,1410,1593,0,0,73511,33,P0,500.00,Not Active,Not Active,Not Active,Not Active
2026/07/25 10:29:28.433,2026/07/25 10:29:28.418,2026/07/25 10:29:28.449,0,GPU-c5d32af0-0857-3b36-6541-1a688a9ec165,88.50,1410,1593,0,0,73511,37,P0,500.00,Not Active,Not Active,Not Active,Not Active
2026/07/25 10:29:28.433,2026/07/25 10:29:28.418,2026/07/25 10:29:28.449,1,GPU-713d5b24-2a1e-fd4a-7685-c3d195ff9230,83.98,1410,1593,0,0,73511,33,P0,500.00,Not Active,Not Active,Not Active,Not Active
2026/07/25 10:29:28.683,2026/07/25 10:29:28.668,2026/07/25 10:29:28.697,0,GPU-c5d32af0-0857-3b36-6541-1a688a9ec165,88.50,1410,1593,0,0,73511,37,P0,500.00,Not Active,Not Active,Not Active,Not Active
2026/07/25 10:29:28.683,2026/07/25 10:29:28.668,2026/07/25 10:29:28.697,1,GPU-713d5b24-2a1e-fd4a-7685-c3d195ff9230,83.66,1410,1593,0,0,73511,33,P0,500.00,Not Active,Not Active,Not Active,Not Active
2026/07/25 10:29:28.933,2026/07/25 10:29:28.918,2026/07/25 10:29:28.949,0,GPU-c5d32af0-0857-3b36-6541-1a688a9ec165,88.50,1410,1593,0,0,73511,37,P0,500.00,Not Active,Not Active,Not Active,Not Active
2026/07/25 10:29:28.933,2026/07/25 10:29:28.918,2026/07/25 10:29:28.949,1,GPU-713d5b24-2a1e-fd4a-7685-c3d195ff9230,83.98,1410,1593,0,0,73511,33,P0,500.00,Not Active,Not Active,Not Active,Not Active
2026/07/25 10:29:29.183,2026/07/25 10:29:29.168,2026/07/25 10:29:29.198,0,GPU-c5d32af0-0857-3b36-6541-1a688a9ec165,88.23,1410,1593,0,0,73511,37,P0,500.00,Not Active,Not Active,Not Active,Not Active
2026/07/25 10:29:29.183,2026/07/25 10:29:29.168,2026/07/25 10:29:29.198,1,GPU-713d5b24-2a1e-fd4a-7685-c3d195ff9230,83.98,1410,1593,0,0,73511,33,P0,500.00,Not Active,Not Active,Not Active,Not Active
2026/07/25 10:29:29.433,2026/07/25 10:29:29.418,2026/07/25 10:29:29.448,0,GPU-c5d32af0-0857-3b36-6541-1a688a9ec165,88.23,1410,1593,0,0,73511,37,P0,500.00,Not Active,Not Active,Not Active,Not Active
2026/07/25 10:29:29.433,2026/07/25 10:29:29.418,2026/07/25 10:29:29.448,1,GPU-713d5b24-2a1e-fd4a-7685-c3d195ff9230,83.66,1410,1593,0,0,73511,33,P0,500.00,Not Active,Not Active,Not Active,Not Active
2026/07/25 10:29:29.684,2026/07/25 10:29:29.668,2026/07/25 10:29:29.700,0,GPU-c5d32af0-0857-3b36-6541-1a688a9ec165,88.23,1410,1593,0,0,73511,36,P0,500.00,Not Active,Not Active,Not Active,Not Active
2026/07/25 10:29:29.684,2026/07/25 10:29:29.668,2026/07/25 10:29:29.700,1,GPU-713d5b24-2a1e-fd4a-7685-c3d195ff9230,83.66,1410,1593,0,0,73511,33,P0,500.00,Not Active,Not Active,Not Active,Not Active
2026/07/25 10:29:29.932,2026/07/25 10:29:29.918,2026/07/25 10:29:29.947,0,GPU-c5d32af0-0857-3b36-6541-1a688a9ec165,88.23,1410,1593,0,0,73511,36,P0,500.00,Not Active,Not Active,Not Active,Not Active
2026/07/25 10:29:29.932,2026/07/25 10:29:29.918,2026/07/25 10:29:29.947,1,GPU-713d5b24-2a1e-fd4a-7685-c3d195ff9230,83.98,1410,1593,0,0,73511,33,P0,500.00,Not Active,Not Active,Not Active,Not Active
2026/07/25 10:29:30.183,2026/07/25 10:29:30.168,2026/07/25 10:29:30.198,0,GPU-c5d32af0-0857-3b36-6541-1a688a9ec165,88.82,1410,1593,0,0,73511,36,P0,500.00,Not Active,Not Active,Not Active,Not Active
2026/07/25 10:29:30.183,2026/07/25 10:29:30.168,2026/07/25 10:29:30.198,1,GPU-713d5b24-2a1e-fd4a-7685-c3d195ff9230,83.98,1410,1593,0,0,73511,33,P0,500.00,Not Active,Not Active,Not Active,Not Active
2026/07/25 10:29:30.431,2026/07/25 10:29:30.418,2026/07/25 10:29:30.444,0,GPU-c5d32af0-0857-3b36-6541-1a688a9ec165,88.23,1410,1593,0,0,73511,36,P0,500.00,Not Active,Not Active,Not Active,Not Active
2026/07/25 10:29:30.431,2026/07/25 10:29:30.418,2026/07/25 10:29:30.444,1,GPU-713d5b24-2a1e-fd4a-7685-c3d195ff9230,84.25,1410,1593,0,0,73511,33,P0,500.00,Not Active,Not Active,Not Active,Not Active
2026/07/25 10:29:30.684,2026/07/25 10:29:30.668,2026/07/25 10:29:30.699,0,GPU-c5d32af0-0857-3b36-6541-1a688a9ec165,88.82,1410,1593,0,0,73511,36,P0,500.00,Not Active,Not Active,Not Active,Not Active
2026/07/25 10:29:30.684,2026/07/25 10:29:30.668,2026/07/25 10:29:30.699,1,GPU-713d5b24-2a1e-fd4a-7685-c3d195ff9230,83.66,1410,1593,0,0,73511,32,P0,500.00,Not Active,Not Active,Not Active,Not Active
2026/07/25 10:29:30.932,2026/07/25 10:29:30.918,2026/07/25 10:29:30.946,0,GPU-c5d32af0-0857-3b36-6541-1a688a9ec165,88.23,1410,1593,0,0,73511,36,P0,500.00,Not Active,Not Active,Not Active,Not Active
2026/07/25 10:29:30.932,2026/07/25 10:29:30.918,2026/07/25 10:29:30.946,1,GPU-713d5b24-2a1e-fd4a-7685-c3d195ff9230,83.66,1410,1593,0,0,73511,32,P0,500.00,Not Active,Not Active,Not Active,Not Active
2026/07/25 10:29:31.181,2026/07/25 10:29:31.168,2026/07/25 10:29:31.195,0,GPU-c5d32af0-0857-3b36-6541-1a688a9ec165,88.23,1410,1593,0,0,73511,36,P0,500.00,Not Active,Not Active,Not Active,Not Active
2026/07/25 10:29:31.181,2026/07/25 10:29:31.168,2026/07/25 10:29:31.195,1,GPU-713d5b24-2a1e-fd4a-7685-c3d195ff9230,83.66,1410,1593,0,0,73511,32,P0,500.00,Not Active,Not Active,Not Active,Not Active
2026/07/25 10:29:31.432,2026/07/25 10:29:31.418,2026/07/25 10:29:31.446,0,GPU-c5d32af0-0857-3b36-6541-1a688a9ec165,88.23,1410,1593,0,0,73511,36,P0,500.00,Not Active,Not Active,Not Active,Not Active
2026/07/25 10:29:31.432,2026/07/25 10:29:31.418,2026/07/25 10:29:31.446,1,GPU-713d5b24-2a1e-fd4a-7685-c3d195ff9230,83.66,1410,1593,0,0,73511,32,P0,500.00,Not Active,Not Active,Not Active,Not Active
2026/07/25 10:29:31.683,2026/07/25 10:29:31.668,2026/07/25 10:29:31.699,0,GPU-c5d32af0-0857-3b36-6541-1a688a9ec165,88.23,1410,1593,0,0,73511,36,P0,500.00,Not Active,Not Active,Not Active,Not Active
2026/07/25 10:29:31.683,2026/07/25 10:29:31.668,2026/07/25 10:29:31.699,1,GPU-713d5b24-2a1e-fd4a-7685-c3d195ff9230,83.66,1410,1593,0,0,73511,32,P0,500.00,Not Active,Not Active,Not Active,Not Active
2026/07/25 10:29:31.934,2026/07/25 10:29:31.918,2026/07/25 10:29:31.949,0,GPU-c5d32af0-0857-3b36-6541-1a688a9ec165,88.23,1410,1593,0,0,73511,36,P0,500.00,Not Active,Not Active,Not Active,Not Active
2026/07/25 10:29:31.934,2026/07/25 10:29:31.918,2026/07/25 10:29:31.949,1,GPU-713d5b24-2a1e-fd4a-7685-c3d195ff9230,83.66,1410,1593,0,0,73511,32,P0,500.00,Not Active,Not Active,Not Active,Not Active
2026/07/25 10:29:32.182,2026/07/25 10:29:32.168,2026/07/25 10:29:32.197,0,GPU-c5d32af0-0857-3b36-6541-1a688a9ec165,88.23,1410,1593,0,0,73511,36,P0,500.00,Not Active,Not Active,Not Active,Not Active
2026/07/25 10:29:32.182,2026/07/25 10:29:32.168,2026/07/25 10:29:32.197,1,GPU-713d5b24-2a1e-fd4a-7685-c3d195ff9230,83.66,1410,1593,0,0,73511,32,P0,500.00,Not Active,Not Active,Not Active,Not Active
2026/07/25 10:29:32.431,2026/07/25 10:29:32.418,2026/07/25 10:29:32.445,0,GPU-c5d32af0-0857-3b36-6541-1a688a9ec165,88.23,1410,1593,0,0,73511,36,P0,500.00,Not Active,Not Active,Not Active,Not Active
2026/07/25 10:29:32.431,2026/07/25 10:29:32.418,2026/07/25 10:29:32.445,1,GPU-713d5b24-2a1e-fd4a-7685-c3d195ff9230,83.66,1410,1593,0,0,73511,32,P0,500.00,Not Active,Not Active,Not Active,Not Active
2026/07/25 10:29:32.683,2026/07/25 10:29:32.668,2026/07/25 10:29:32.699,0,GPU-c5d32af0-0857-3b36-6541-1a688a9ec165,88.23,1410,1593,0,0,73511,36,P0,500.00,Not Active,Not Active,Not Active,Not Active
2026/07/25 10:29:32.683,2026/07/25 10:29:32.668,2026/07/25 10:29:32.699,1,GPU-713d5b24-2a1e-fd4a-7685-c3d195ff9230,83.66,1410,1593,0,0,73511,32,P0,500.00,Not Active,Not Active,Not Active,Not Active
2026/07/25 10:29:32.933,2026/07/25 10:29:32.918,2026/07/25 10:29:32.949,0,GPU-c5d32af0-0857-3b36-6541-1a688a9ec165,88.23,1410,1593,0,0,73511,36,P0,500.00,Not Active,Not Active,Not Active,Not Active
2026/07/25 10:29:32.933,2026/07/25 10:29:32.918,2026/07/25 10:29:32.949,1,GPU-713d5b24-2a1e-fd4a-7685-c3d195ff9230,83.66,1410,1593,0,0,73511,32,P0,500.00,Not Active,Not Active,Not Active,Not Active
2026/07/25 10:29:33.183,2026/07/25 10:29:33.168,2026/07/25 10:29:33.197,0,GPU-c5d32af0-0857-3b36-6541-1a688a9ec165,88.23,1410,1593,0,0,73511,36,P0,500.00,Not Active,Not Active,Not Active,Not Active
2026/07/25 10:29:33.183,2026/07/25 10:29:33.168,2026/07/25 10:29:33.197,1,GPU-713d5b24-2a1e-fd4a-7685-c3d195ff9230,83.66,1410,1593,0,0,73511,32,P0,500.00,Not Active,Not Active,Not Active,Not Active
2026/07/25 10:29:33.431,2026/07/25 10:29:33.418,2026/07/25 10:29:33.445,0,GPU-c5d32af0-0857-3b36-6541-1a688a9ec165,88.23,1410,1593,0,0,73511,36,P0,500.00,Not Active,Not Active,Not Active,Not Active
2026/07/25 10:29:33.431,2026/07/25 10:29:33.418,2026/07/25 10:29:33.445,1,GPU-713d5b24-2a1e-fd4a-7685-c3d195ff9230,83.66,1410,1593,0,0,73511,32,P0,500.00,Not Active,Not Active,Not Active,Not Active
2026/07/25 10:29:33.681,2026/07/25 10:29:33.668,2026/07/25 10:29:33.695,0,GPU-c5d32af0-0857-3b36-6541-1a688a9ec165,88.23,1410,1593,0,0,73511,36,P0,500.00,Not Active,Not Active,Not Active,Not Active
2026/07/25 10:29:33.681,2026/07/25 10:29:33.668,2026/07/25 10:29:33.695,1,GPU-713d5b24-2a1e-fd4a-7685-c3d195ff9230,83.66,1410,1593,0,0,73511,32,P0,500.00,Not Active,Not Active,Not Active,Not Active
2026/07/25 10:29:33.933,2026/07/25 10:29:33.918,2026/07/25 10:29:33.948,0,GPU-c5d32af0-0857-3b36-6541-1a688a9ec165,87.90,1410,1593,0,0,73511,36,P0,500.00,Not Active,Not Active,Not Active,Not Active
2026/07/25 10:29:33.933,2026/07/25 10:29:33.918,2026/07/25 10:29:33.948,1,GPU-713d5b24-2a1e-fd4a-7685-c3d195ff9230,83.98,1410,1593,0,0,73511,32,P0,500.00,Not Active,Not Active,Not Active,Not Active
2026/07/25 10:29:34.183,2026/07/25 10:29:34.168,2026/07/25 10:29:34.197,0,GPU-c5d32af0-0857-3b36-6541-1a688a9ec165,88.14,1410,1593,0,0,73511,36,P0,500.00,Not Active,Not Active,Not Active,Not Active
2026/07/25 10:29:34.183,2026/07/25 10:29:34.168,2026/07/25 10:29:34.197,1,GPU-713d5b24-2a1e-fd4a-7685-c3d195ff9230,83.66,1410,1593,0,0,73511,32,P0,500.00,Not Active,Not Active,Not Active,Not Active
2026/07/25 10:29:34.431,2026/07/25 10:29:34.418,2026/07/25 10:29:34.445,0,GPU-c5d32af0-0857-3b36-6541-1a688a9ec165,88.23,1410,1593,0,0,73511,36,P0,500.00,Not Active,Not Active,Not Active,Not Active
2026/07/25 10:29:34.431,2026/07/25 10:29:34.418,2026/07/25 10:29:34.445,1,GPU-713d5b24-2a1e-fd4a-7685-c3d195ff9230,83.66,1410,1593,0,0,73511,32,P0,500.00,Not Active,Not Active,Not Active,Not Active
2026/07/25 10:29:34.681,2026/07/25 10:29:34.668,2026/07/25 10:29:34.695,0,GPU-c5d32af0-0857-3b36-6541-1a688a9ec165,88.23,1410,1593,0,0,73511,36,P0,500.00,Not Active,Not Active,Not Active,Not Active
2026/07/25 10:29:34.681,2026/07/25 10:29:34.668,2026/07/25 10:29:34.695,1,GPU-713d5b24-2a1e-fd4a-7685-c3d195ff9230,83.05,1410,1593,0,0,73511,32,P0,500.00,Not Active,Not Active,Not Active,Not Active
2026/07/25 10:29:34.933,2026/07/25 10:29:34.918,2026/07/25 10:29:34.948,0,GPU-c5d32af0-0857-3b36-6541-1a688a9ec165,88.23,1410,1593,0,0,73511,36,P0,500.00,Not Active,Not Active,Not Active,Not Active
2026/07/25 10:29:34.933,2026/07/25 10:29:34.918,2026/07/25 10:29:34.948,1,GPU-713d5b24-2a1e-fd4a-7685-c3d195ff9230,83.38,1410,1593,0,0,73511,32,P0,500.00,Not Active,Not Active,Not Active,Not Active
2026/07/25 10:29:35.183,2026/07/25 10:29:35.168,2026/07/25 10:29:35.197,0,GPU-c5d32af0-0857-3b36-6541-1a688a9ec165,88.23,1410,1593,0,0,73511,36,P0,500.00,Not Active,Not Active,Not Active,Not Active
2026/07/25 10:29:35.183,2026/07/25 10:29:35.168,2026/07/25 10:29:35.197,1,GPU-713d5b24-2a1e-fd4a-7685-c3d195ff9230,83.38,1410,1593,0,0,73511,32,P0,500.00,Not Active,Not Active,Not Active,Not Active
2026/07/25 10:29:35.431,2026/07/25 10:29:35.418,2026/07/25 10:29:35.445,0,GPU-c5d32af0-0857-3b36-6541-1a688a9ec165,88.23,1410,1593,0,0,73511,36,P0,500.00,Not Active,Not Active,Not Active,Not Active
2026/07/25 10:29:35.431,2026/07/25 10:29:35.418,2026/07/25 10:29:35.445,1,GPU-713d5b24-2a1e-fd4a-7685-c3d195ff9230,83.38,1410,1593,0,0,73511,32,P0,500.00,Not Active,Not Active,Not Active,Not Active
2026/07/25 10:29:35.682,2026/07/25 10:29:35.668,2026/07/25 10:29:35.697,0,GPU-c5d32af0-0857-3b36-6541-1a688a9ec165,88.23,1410,1593,0,0,73511,36,P0,500.00,Not Active,Not Active,Not Active,Not Active
2026/07/25 10:29:35.682,2026/07/25 10:29:35.668,2026/07/25 10:29:35.697,1,GPU-713d5b24-2a1e-fd4a-7685-c3d195ff9230,83.38,1410,1593,0,0,73511,32,P0,500.00,Not Active,Not Active,Not Active,Not Active
2026/07/25 10:29:35.932,2026/07/25 10:29:35.918,2026/07/25 10:29:35.947,0,GPU-c5d32af0-0857-3b36-6541-1a688a9ec165,88.23,1410,1593,0,0,73511,36,P0,500.00,Not Active,Not Active,Not Active,Not Active
2026/07/25 10:29:35.932,2026/07/25 10:29:35.918,2026/07/25 10:29:35.947,1,GPU-713d5b24-2a1e-fd4a-7685-c3d195ff9230,83.05,1410,1593,0,0,73511,32,P0,500.00,Not Active,Not Active,Not Active,Not Active
2026/07/25 10:29:36.183,2026/07/25 10:29:36.168,2026/07/25 10:29:36.197,0,GPU-c5d32af0-0857-3b36-6541-1a688a9ec165,88.23,1410,1593,0,0,73511,36,P0,500.00,Not Active,Not Active,Not Active,Not Active
2026/07/25 10:29:36.183,2026/07/25 10:29:36.168,2026/07/25 10:29:36.197,1,GPU-713d5b24-2a1e-fd4a-7685-c3d195ff9230,83.38,1410,1593,0,0,73511,32,P0,500.00,Not Active,Not Active,Not Active,Not Active
2026/07/25 10:29:36.431,2026/07/25 10:29:36.418,2026/07/25 10:29:36.445,0,GPU-c5d32af0-0857-3b36-6541-1a688a9ec165,87.90,1410,1593,0,0,73511,36,P0,500.00,Not Active,Not Active,Not Active,Not Active
2026/07/25 10:29:36.431,2026/07/25 10:29:36.418,2026/07/25 10:29:36.445,1,GPU-713d5b24-2a1e-fd4a-7685-c3d195ff9230,83.38,1410,1593,0,0,73511,32,P0,500.00,Not Active,Not Active,Not Active,Not Active
2026/07/25 10:29:36.682,2026/07/25 10:29:36.668,2026/07/25 10:29:36.696,0,GPU-c5d32af0-0857-3b36-6541-1a688a9ec165,87.90,1410,1593,0,0,73511,36,P0,500.00,Not Active,Not Active,Not Active,Not Active
2026/07/25 10:29:36.682,2026/07/25 10:29:36.668,2026/07/25 10:29:36.696,1,GPU-713d5b24-2a1e-fd4a-7685-c3d195ff9230,83.38,1410,1593,0,0,73511,32,P0,500.00,Not Active,Not Active,Not Active,Not Active
2026/07/25 10:29:36.933,2026/07/25 10:29:36.918,2026/07/25 10:29:36.948,0,GPU-c5d32af0-0857-3b36-6541-1a688a9ec165,87.90,1410,1593,0,0,73511,36,P0,500.00,Not Active,Not Active,Not Active,Not Active
2026/07/25 10:29:36.933,2026/07/25 10:29:36.918,2026/07/25 10:29:36.948,1,GPU-713d5b24-2a1e-fd4a-7685-c3d195ff9230,83.05,1410,1593,0,0,73511,32,P0,500.00,Not Active,Not Active,Not Active,Not Active
2026/07/25 10:29:37.183,2026/07/25 10:29:37.168,2026/07/25 10:29:37.197,0,GPU-c5d32af0-0857-3b36-6541-1a688a9ec165,87.90,1410,1593,0,0,73511,36,P0,500.00,Not Active,Not Active,Not Active,Not Active
2026/07/25 10:29:37.183,2026/07/25 10:29:37.168,2026/07/25 10:29:37.197,1,GPU-713d5b24-2a1e-fd4a-7685-c3d195ff9230,83.38,1410,1593,0,0,73511,32,P0,500.00,Not Active,Not Active,Not Active,Not Active
2026/07/25 10:29:37.431,2026/07/25 10:29:37.418,2026/07/25 10:29:37.444,0,GPU-c5d32af0-0857-3b36-6541-1a688a9ec165,87.81,1410,1593,0,0,73511,36,P0,500.00,Not Active,Not Active,Not Active,Not Active
2026/07/25 10:29:37.431,2026/07/25 10:29:37.418,2026/07/25 10:29:37.444,1,GPU-713d5b24-2a1e-fd4a-7685-c3d195ff9230,82.97,1410,1593,0,0,73511,32,P0,500.00,Not Active,Not Active,Not Active,Not Active
2026/07/25 10:29:37.682,2026/07/25 10:29:37.668,2026/07/25 10:29:37.695,0,GPU-c5d32af0-0857-3b36-6541-1a688a9ec165,87.90,1410,1593,0,0,73511,36,P0,500.00,Not Active,Not Active,Not Active,Not Active
2026/07/25 10:29:37.682,2026/07/25 10:29:37.668,2026/07/25 10:29:37.695,1,GPU-713d5b24-2a1e-fd4a-7685-c3d195ff9230,83.05,1410,1593,0,0,73511,32,P0,500.00,Not Active,Not Active,Not Active,Not Active
2026/07/25 10:29:37.934,2026/07/25 10:29:37.918,2026/07/25 10:29:37.950,0,GPU-c5d32af0-0857-3b36-6541-1a688a9ec165,88.82,1410,1593,0,0,73511,36,P0,500.00,Not Active,Not Active,Not Active,Not Active
2026/07/25 10:29:37.934,2026/07/25 10:29:37.918,2026/07/25 10:29:37.950,1,GPU-713d5b24-2a1e-fd4a-7685-c3d195ff9230,83.05,1410,1593,0,0,73511,32,P0,500.00,Not Active,Not Active,Not Active,Not Active
2026/07/25 10:29:38.183,2026/07/25 10:29:38.168,2026/07/25 10:29:38.197,0,GPU-c5d32af0-0857-3b36-6541-1a688a9ec165,87.90,1410,1593,0,0,73511,36,P0,500.00,Not Active,Not Active,Not Active,Not Active
2026/07/25 10:29:38.183,2026/07/25 10:29:38.168,2026/07/25 10:29:38.197,1,GPU-713d5b24-2a1e-fd4a-7685-c3d195ff9230,83.05,1410,1593,0,0,73511,32,P0,500.00,Not Active,Not Active,Not Active,Not Active
2026/07/25 10:29:38.432,2026/07/25 10:29:38.418,2026/07/25 10:29:38.446,0,GPU-c5d32af0-0857-3b36-6541-1a688a9ec165,87.63,1410,1593,0,0,73511,36,P0,500.00,Not Active,Not Active,Not Active,Not Active
2026/07/25 10:29:38.432,2026/07/25 10:29:38.418,2026/07/25 10:29:38.446,1,GPU-713d5b24-2a1e-fd4a-7685-c3d195ff9230,83.05,1410,1593,0,0,73511,32,P0,500.00,Not Active,Not Active,Not Active,Not Active
2026/07/25 10:29:38.682,2026/07/25 10:29:38.668,2026/07/25 10:29:38.696,0,GPU-c5d32af0-0857-3b36-6541-1a688a9ec165,87.90,1410,1593,0,0,73511,36,P0,500.00,Not Active,Not Active,Not Active,Not Active
2026/07/25 10:29:38.682,2026/07/25 10:29:38.668,2026/07/25 10:29:38.696,1,GPU-713d5b24-2a1e-fd4a-7685-c3d195ff9230,83.05,1410,1593,0,0,73511,32,P0,500.00,Not Active,Not Active,Not Active,Not Active
2026/07/25 10:29:38.933,2026/07/25 10:29:38.918,2026/07/25 10:29:38.947,0,GPU-c5d32af0-0857-3b36-6541-1a688a9ec165,87.90,1410,1593,0,0,73511,36,P0,500.00,Not Active,Not Active,Not Active,Not Active
2026/07/25 10:29:38.933,2026/07/25 10:29:38.918,2026/07/25 10:29:38.947,1,GPU-713d5b24-2a1e-fd4a-7685-c3d195ff9230,83.05,1410,1593,0,0,73511,32,P0,500.00,Not Active,Not Active,Not Active,Not Active
2026/07/25 10:29:39.183,2026/07/25 10:29:39.168,2026/07/25 10:29:39.198,0,GPU-c5d32af0-0857-3b36-6541-1a688a9ec165,87.30,1410,1593,0,0,73511,36,P0,500.00,Not Active,Not Active,Not Active,Not Active
2026/07/25 10:29:39.183,2026/07/25 10:29:39.168,2026/07/25 10:29:39.198,1,GPU-713d5b24-2a1e-fd4a-7685-c3d195ff9230,83.05,1410,1593,0,0,73511,32,P0,500.00,Not Active,Not Active,Not Active,Not Active
2026/07/25 10:29:39.432,2026/07/25 10:29:39.418,2026/07/25 10:29:39.446,0,GPU-c5d32af0-0857-3b36-6541-1a688a9ec165,87.30,1410,1593,0,0,73511,36,P0,500.00,Not Active,Not Active,Not Active,Not Active
2026/07/25 10:29:39.432,2026/07/25 10:29:39.418,2026/07/25 10:29:39.446,1,GPU-713d5b24-2a1e-fd4a-7685-c3d195ff9230,83.05,1410,1593,0,0,73511,32,P0,500.00,Not Active,Not Active,Not Active,Not Active
2026/07/25 10:29:39.682,2026/07/25 10:29:39.668,2026/07/25 10:29:39.697,0,GPU-c5d32af0-0857-3b36-6541-1a688a9ec165,87.63,1410,1593,0,0,73511,36,P0,500.00,Not Active,Not Active,Not Active,Not Active
2026/07/25 10:29:39.682,2026/07/25 10:29:39.668,2026/07/25 10:29:39.697,1,GPU-713d5b24-2a1e-fd4a-7685-c3d195ff9230,83.05,1410,1593,0,0,73511,32,P0,500.00,Not Active,Not Active,Not Active,Not Active
2026/07/25 10:29:39.933,2026/07/25 10:29:39.918,2026/07/25 10:29:39.948,0,GPU-c5d32af0-0857-3b36-6541-1a688a9ec165,87.30,1410,1593,0,0,73511,36,P0,500.00,Not Active,Not Active,Not Active,Not Active
2026/07/25 10:29:39.933,2026/07/25 10:29:39.918,2026/07/25 10:29:39.948,1,GPU-713d5b24-2a1e-fd4a-7685-c3d195ff9230,83.05,1410,1593,0,0,73511,32,P0,500.00,Not Active,Not Active,Not Active,Not Active
2026/07/25 10:29:40.183,2026/07/25 10:29:40.168,2026/07/25 10:29:40.198,0,GPU-c5d32af0-0857-3b36-6541-1a688a9ec165,87.63,1410,1593,0,0,73511,36,P0,500.00,Not Active,Not Active,Not Active,Not Active
2026/07/25 10:29:40.183,2026/07/25 10:29:40.168,2026/07/25 10:29:40.198,1,GPU-713d5b24-2a1e-fd4a-7685-c3d195ff9230,83.05,1410,1593,0,0,73511,32,P0,500.00,Not Active,Not Active,Not Active,Not Active
2026/07/25 10:29:40.431,2026/07/25 10:29:40.418,2026/07/25 10:29:40.444,0,GPU-c5d32af0-0857-3b36-6541-1a688a9ec165,87.63,1410,1593,0,0,73511,36,P0,500.00,Not Active,Not Active,Not Active,Not Active
2026/07/25 10:29:40.431,2026/07/25 10:29:40.418,2026/07/25 10:29:40.444,1,GPU-713d5b24-2a1e-fd4a-7685-c3d195ff9230,83.38,1410,1593,0,0,73511,32,P0,500.00,Not Active,Not Active,Not Active,Not Active
2026/07/25 10:29:40.683,2026/07/25 10:29:40.668,2026/07/25 10:29:40.697,0,GPU-c5d32af0-0857-3b36-6541-1a688a9ec165,87.30,1410,1593,0,0,73511,36,P0,500.00,Not Active,Not Active,Not Active,Not Active
2026/07/25 10:29:40.683,2026/07/25 10:29:40.668,2026/07/25 10:29:40.697,1,GPU-713d5b24-2a1e-fd4a-7685-c3d195ff9230,83.05,1410,1593,0,0,73511,32,P0,500.00,Not Active,Not Active,Not Active,Not Active
2026/07/25 10:29:40.932,2026/07/25 10:29:40.918,2026/07/25 10:29:40.946,0,GPU-c5d32af0-0857-3b36-6541-1a688a9ec165,87.30,1410,1593,0,0,73511,36,P0,500.00,Not Active,Not Active,Not Active,Not Active
2026/07/25 10:29:40.932,2026/07/25 10:29:40.918,2026/07/25 10:29:40.946,1,GPU-713d5b24-2a1e-fd4a-7685-c3d195ff9230,83.05,1410,1593,0,0,73511,32,P0,500.00,Not Active,Not Active,Not Active,Not Active
2026/07/25 10:29:41.183,2026/07/25 10:29:41.168,2026/07/25 10:29:41.198,0,GPU-c5d32af0-0857-3b36-6541-1a688a9ec165,87.30,1410,1593,0,0,73511,36,P0,500.00,Not Active,Not Active,Not Active,Not Active
2026/07/25 10:29:41.183,2026/07/25 10:29:41.168,2026/07/25 10:29:41.198,1,GPU-713d5b24-2a1e-fd4a-7685-c3d195ff9230,83.38,1410,1593,0,0,73511,32,P0,500.00,Not Active,Not Active,Not Active,Not Active
2026/07/25 10:29:41.432,2026/07/25 10:29:41.418,2026/07/25 10:29:41.446,0,GPU-c5d32af0-0857-3b36-6541-1a688a9ec165,87.63,1410,1593,0,0,73511,35,P0,500.00,Not Active,Not Active,Not Active,Not Active
2026/07/25 10:29:41.432,2026/07/25 10:29:41.418,2026/07/25 10:29:41.446,1,GPU-713d5b24-2a1e-fd4a-7685-c3d195ff9230,83.38,1410,1593,0,0,73511,32,P0,500.00,Not Active,Not Active,Not Active,Not Active
