{"_runtime":50,"val_autocorr_r2":0.813700462804968,"_step":499,"val_ece":0.09215885754962845,"_timestamp":1.7616106141233628e+09,"val_f1":0.3524065516723604,"epoch":500,"val_acc":0.4760900140646976,"_wandb":{"runtime":50},"val_boundary_f1":0.04363636313623141,"val_tolerance_power_acc":0.4760900140646976,"val_transition_mae":407.33690225436993,"val_loss":1.4187791347503662,"val_balanced_acc":0.4563611534183014,"lr":0,"train_loss":1.4117838144302368}