{"_runtime":108,"val_autocorr_r2":0.5806256738590424,"_timestamp":1.7613665961183937e+09,"train_loss":1.5196579992771149,"_wandb":{"runtime":108},"val_loss":1.5480775833129883,"val_f1":0.32242847397042096,"val_acc":0.5030381944444444,"lr":0,"epoch":1000,"val_transition_mae":69.67280397625233,"_step":999}