{"val_transition_mae":113.17975833646764,"_step":4,"_runtime":22.679943,"val_balanced_acc":0.17667399818334006,"train_loss":2.0395632684230804,"lr":1.05e-05,"_timestamp":1.7617134208992891e+09,"val_autocorr_r2":0.44752277604420243,"val_boundary_f1":0.15850673145102295,"val_f1":0.11748433446596623,"val_acc":0.19211045364891519,"epoch":5,"val_tolerance_power_acc":0.19211045364891519,"val_ece":0.09734291541270722,"val_loss":1.9457875490188599,"_wandb":{"runtime":24}}