{"val_balanced_acc":0.29510489174465415,"lr":0,"val_boundary_f1":0.05841121459254629,"val_tolerance_power_acc":0.3268284106891702,"val_autocorr_r2":0.6639080903269424,"_wandb":{"runtime":50},"val_loss":1.7298696041107178,"val_f1":0.26784812011023146,"_step":499,"val_acc":0.3268284106891702,"_timestamp":1.7616122126287599e+09,"_runtime":50,"val_transition_mae":352.6874035330014,"epoch":500,"val_ece":0.09951822136158095,"train_loss":1.1970248520374298}