{"_step":999,"val_loss":1.245694875717163,"epoch":1000,"val_transition_mae":349.39212582432924,"train_loss":1.155003547668457,"_timestamp":1.7613672501457093e+09,"lr":0,"_wandb":{"runtime":118},"val_f1":0.3983350110411352,"val_acc":0.4970731707317073,"_runtime":118,"val_autocorr_r2":0.7670157431512166}