{"val_autocorr_r2":0,"lr":0.00017598687844230088,"_timestamp":1.760941366872009e+09,"epoch":132,"_wandb":{"runtime":20},"_runtime":20,"_step":131,"val_loss":1.570030689239502,"train_loss":1.4772354662418365,"val_acc":0.629500102859494,"val_transition_mae":216.73187338784442,"val_f1":0.3164613126184011}