{"val_acc":0.5797049298308744,"train_loss":1.8898815214633942,"lr":0,"_wandb":{"runtime":62},"val_f1":0.19305765628157376,"val_autocorr_r2":0.4873443841934204,"_runtime":62,"_step":499,"epoch":500,"_timestamp":1.7610077358790991e+09,"val_transition_mae":458.5455322265625,"val_loss":2.1273934841156006}