{
    "8": {
        "min_power": 548.75,
        "max_power": 3198.39990234375,
        "mu_values": [
            2031.8631553331095,
            562.4781524369724,
            2328.465906684228,
            711.2624516732941,
            2072.7115774580247,
            1349.3074378133535
        ],
        "sigma_values": [
            23.225254342872653,
            9.748932886222777,
            300.6754816009721,
            17.892718481175315,
            24.94597810813034,
            576.8097220517959
        ],
        "Dx": 6,
        "K": 6,
        "state_stats": {
            "median": [
                2026.510009765625,
                559.969970703125,
                2340.9248046875,
                712.2750244140625,
                2073.9599609375,
                1182.304931640625
            ],
            "mad": [
                12.7900390625,
                6.2099609375,
                163.3099365234375,
                14.2349853515625,
                13.130126953125,
                389.31500244140625
            ],
            "iqr": [
                25.6500244140625,
                14.52252197265625,
                356.8876953125,
                28.35247802734375,
                27.030029296875,
                779.9625244140625
            ]
        }
    },
    "4": {
        "min_power": 276.0,
        "max_power": 1755.2900390625,
        "mu_values": [
            1216.288662260589,
            288.05599460912185,
            1568.9263705043481,
            987.479499560403,
            1334.843438597269,
            365.3225917966971
        ],
        "sigma_values": [
            18.49745159098942,
            8.269209388501402,
            60.95566394731169,
            269.11173242131406,
            76.4294195660249,
            13.339237056617717
        ],
        "Dx": 6,
        "K": 6,
        "state_stats": {
            "median": [
                1217.050048828125,
                285.760009765625,
                1573.6199951171875,
                956.4000244140625,
                1340.4200439453125,
                366.5400085449219
            ],
            "mad": [
                12.110107421875,
                5.279998779296875,
                46.125,
                114.1700439453125,
                47.5899658203125,
                9.090011596679688
            ],
            "iqr": [
                24.0699462890625,
                12.6099853515625,
                92.2100830078125,
                291.57000732421875,
                103.2950439453125,
                18.572509765625
            ]
        }
    }
}