{
    "8": {
        "min_power": 940.0599975585938,
        "max_power": 2156.25,
        "mu_values": [
            957.8626607987821,
            1862.0318853709932,
            1575.8827116135355,
            2074.4499221902806,
            1319.2753755923559,
            1064.8045062385117
        ],
        "sigma_values": [
            7.8182767084890346,
            111.08469928128572,
            96.0199967008603,
            24.523608440165813,
            88.6124697655928,
            67.84831969673164
        ],
        "Dx": 6,
        "K": 6,
        "state_stats": {
            "median": [
                957.0900268554688,
                1857.27001953125,
                1570.8299560546875,
                2074.4599609375,
                1310.9549560546875,
                1060.6300048828125
            ],
            "mad": [
                5.90997314453125,
                77.5499267578125,
                65.9400634765625,
                17.9599609375,
                57.510009765625,
                47.3499755859375
            ],
            "iqr": [
                12.38995361328125,
                155.2950439453125,
                132.2049560546875,
                35.89013671875,
                117.0174560546875,
                96.25
            ]
        }
    },
    "1": {
        "min_power": 114.3499984741211,
        "max_power": 506.7099914550781,
        "mu_values": [
            464.380132979441,
            119.50400226911536,
            383.23183161236454,
            284.97228830367754,
            438.0789692864353,
            177.10207073152492
        ],
        "sigma_values": [
            10.99849476940451,
            1.9275354214504687,
            30.891156859306918,
            34.37696842349552,
            8.985779309471033,
            34.78283945031978
        ],
        "Dx": 6,
        "K": 6,
        "state_stats": {
            "median": [
                465.1499938964844,
                119.73999786376953,
                383.3900146484375,
                285.614990234375,
                437.739990234375,
                174.94000244140625
            ],
            "mad": [
                6.97998046875,
                1.0199966430664062,
                19.044998168945312,
                24.25,
                6.07000732421875,
                26.3699951171875
            ],
            "iqr": [
                13.989990234375,
                1.9900054931640625,
                40.58502197265625,
                48.39251708984375,
                12.2349853515625,
                53.290008544921875
            ]
        }
    },
    "2": {
        "min_power": 235.3300018310547,
        "max_power": 835.8300170898438,
        "mu_values": [
            302.459469858378,
            774.4177448363146,
            238.58439473947922,
            561.4466425811468,
            671.8098663507225,
            443.002592034323
        ],
        "sigma_values": [
            42.10516711603119,
            18.65285976844823,
            1.754393819284885,
            42.22695489164133,
            37.850310260301995,
            45.50785714668082
        ],
        "Dx": 6,
        "K": 6,
        "state_stats": {
            "median": [
                301.5,
                774.719970703125,
                238.30999755859375,
                560.489990234375,
                669.8049926757812,
                442.5899963378906
            ],
            "mad": [
                31.8699951171875,
                12.87994384765625,
                1.07000732421875,
                27.8699951171875,
                24.95501708984375,
                31.449996948242188
            ],
            "iqr": [
                63.83251953125,
                25.9000244140625,
                2.1999969482421875,
                55.739990234375,
                49.62750244140625,
                63.55499267578125
            ]
        }
    },
    "4": {
        "min_power": 478.57000732421875,
        "max_power": 1390.06005859375,
        "mu_values": [
            1304.3970790844153,
            483.79667202666576,
            959.2904041760858,
            773.3643845049461,
            1154.98074928514,
            558.5434900930362
        ],
        "sigma_values": [
            22.52337429093235,
            2.4994845153502925,
            69.44960319749498,
            70.27562904367159,
            74.0750553317179,
            56.890678808333064
        ],
        "Dx": 6,
        "K": 6,
        "state_stats": {
            "median": [
                1305.280029296875,
                483.30999755859375,
                957.4649658203125,
                770.5800170898438,
                1150.6600341796875,
                552.7000122070312
            ],
            "mad": [
                16.8299560546875,
                1.54998779296875,
                43.694976806640625,
                47.219970703125,
                48.280029296875,
                44.930023193359375
            ],
            "iqr": [
                33.8599853515625,
                3.30999755859375,
                87.4000244140625,
                94.6300048828125,
                96.780029296875,
                90.3375244140625
            ]
        }
    }
}