{
    "8": {
        "min_power": 548.1599731445312,
        "max_power": 1619.6300048828125,
        "mu_values": [
            564.4200267421443,
            1350.4170495541648,
            688.160601354895,
            669.5774203840522,
            552.8536280918981,
            1143.4859727703847
        ],
        "sigma_values": [
            6.687648004214845,
            23.602299111491266,
            7.49462468852749,
            68.73784507825019,
            2.4055260676416084,
            186.60602938771842
        ],
        "Dx": 6,
        "K": 6,
        "state_stats": {
            "median": [
                565.9349975585938,
                1347.989990234375,
                688.2899780273438,
                647.1900024414062,
                552.280029296875,
                1106.955078125
            ],
            "mad": [
                4.769989013671875,
                18.5899658203125,
                5.655029296875,
                38.68499755859375,
                1.739990234375,
                118.1400146484375
            ],
            "iqr": [
                8.8800048828125,
                37.15234375,
                11.31494140625,
                103.9525146484375,
                3.40997314453125,
                238.0374755859375
            ]
        }
    },
    "1": {
        "min_power": 69.29000091552734,
        "max_power": 450.6700134277344,
        "mu_values": [
            71.56968034845283,
            285.3860361156483,
            370.6610789495474,
            218.61705170732964,
            88.5410045210966,
            296.7732911797547
        ],
        "sigma_values": [
            1.414876463821856,
            4.48923100848785,
            42.092700010930926,
            66.13412319406805,
            2.4528303775487745,
            6.328559609992752
        ],
        "Dx": 6,
        "K": 6,
        "state_stats": {
            "median": [
                71.44000244140625,
                285.5400085449219,
                375.82000732421875,
                212.00999450683594,
                88.52999877929688,
                298.7200012207031
            ],
            "mad": [
                1.2099990844726562,
                3.03997802734375,
                34.850006103515625,
                28.55500030517578,
                1.5500030517578125,
                3.05999755859375
            ],
            "iqr": [
                2.6800003051757812,
                6.089996337890625,
                71.239990234375,
                58.89750671386719,
                3.0,
                6.0999755859375
            ]
        }
    },
    "2": {
        "min_power": 136.8300018310547,
        "max_power": 814.760009765625,
        "mu_values": [
            522.0079275468601,
            139.0494756134014,
            389.7536717904052,
            530.5816399214395,
            598.9506531750488,
            170.20651650359378
        ],
        "sigma_values": [
            6.1942324310311445,
            1.3179953690556108,
            97.83331365260013,
            9.648675324596393,
            67.59595261929609,
            10.546025669944258
        ],
        "Dx": 6,
        "K": 6,
        "state_stats": {
            "median": [
                522.22998046875,
                138.72000122070312,
                387.6549987792969,
                538.739990234375,
                609.7900390625,
                173.3000030517578
            ],
            "mad": [
                4.010009765625,
                0.92999267578125,
                53.92498779296875,
                2.760009765625,
                35.84002685546875,
                4.2899932861328125
            ],
            "iqr": [
                8.22003173828125,
                1.80999755859375,
                111.34500122070312,
                5.85003662109375,
                74.5400390625,
                10.115005493164062
            ]
        }
    },
    "4": {
        "min_power": 273.1099853515625,
        "max_power": 1143.3599853515625,
        "mu_values": [
            850.1123184453645,
            276.5749801566698,
            470.3008664792176,
            346.06525625935564,
            289.818478656749,
            777.2517886207856
        ],
        "sigma_values": [
            18.018810189624975,
            1.6565215276807992,
            121.62031211536932,
            6.779959849541927,
            8.075953392896349,
            104.07448072685823
        ],
        "Dx": 6,
        "K": 6,
        "state_stats": {
            "median": [
                849.719970703125,
                276.3299865722656,
                460.3399963378906,
                345.8800048828125,
                290.7799987792969,
                724.7850341796875
            ],
            "mad": [
                12.89996337890625,
                1.129974365234375,
                76.3599853515625,
                4.610015869140625,
                3.55999755859375,
                52.904998779296875
            ],
            "iqr": [
                25.80999755859375,
                2.470001220703125,
                149.4100341796875,
                9.680023193359375,
                8.290008544921875,
                105.11749267578125
            ]
        }
    }
}