{
    "8": {
        "min_power": 934.6099853515625,
        "max_power": 3390.489990234375,
        "mu_values": [
            2965.8486789851704,
            946.5720484174121,
            2069.771296138042,
            2596.087710192457,
            1275.857758210298,
            3021.430554522921
        ],
        "sigma_values": [
            40.83484412694814,
            7.363102733687238,
            177.8954089285386,
            287.4066155610418,
            266.0130868543682,
            75.69301569096037
        ],
        "Dx": 6,
        "K": 6,
        "state_stats": {
            "median": [
                2965.81005859375,
                945.0800170898438,
                2060.10498046875,
                2557.2099609375,
                1234.344970703125,
                3082.0849609375
            ],
            "mad": [
                34.199951171875,
                4.54998779296875,
                107.1099853515625,
                135.719970703125,
                223.84503173828125,
                34.52490234375
            ],
            "iqr": [
                68.949951171875,
                9.5999755859375,
                216.655029296875,
                272.169921875,
                463.527587890625,
                70.517578125
            ]
        }
    },
    "4": {
        "min_power": 461.6199951171875,
        "max_power": 2283.110107421875,
        "mu_values": [
            1777.223094879971,
            484.701378439626,
            1850.4892710804343,
            789.9575257973867,
            1460.6194095644487,
            1949.5991308810646
        ],
        "sigma_values": [
            31.56111528434389,
            12.146051091030987,
            31.777133044416523,
            205.85256907772103,
            210.5429567534991,
            60.163078787006775
        ],
        "Dx": 6,
        "K": 6,
        "state_stats": {
            "median": [
                1771.93994140625,
                484.8699951171875,
                1849.3599853515625,
                776.0799560546875,
                1439.5999755859375,
                1952.8499755859375
            ],
            "mad": [
                19.02001953125,
                8.850006103515625,
                20.27001953125,
                161.80496215820312,
                140.580078125,
                29.1099853515625
            ],
            "iqr": [
                38.27001953125,
                17.824981689453125,
                40.6199951171875,
                323.3375244140625,
                278.39501953125,
                62.5799560546875
            ]
        }
    }
}