{
    "8": {
        "min_power": 938.0800170898438,
        "max_power": 3430.030029296875,
        "mu_values": [
            2949.6350793697247,
            958.8016430430434,
            1423.4574615162428,
            2463.1236431510856,
            3108.4852825160815,
            3016.319680916347
        ],
        "sigma_values": [
            27.666197728220915,
            11.06931183495364,
            333.1999108497942,
            325.81442287463324,
            64.09657087090685,
            28.24387865806555
        ],
        "Dx": 6,
        "K": 6,
        "state_stats": {
            "median": [
                2950.2099609375,
                956.52001953125,
                1385.4200439453125,
                2413.2099609375,
                3117.6201171875,
                3019.2099609375
            ],
            "mad": [
                16.91015625,
                6.8699951171875,
                256.6099853515625,
                210.070068359375,
                28.280029296875,
                14.9949951171875
            ],
            "iqr": [
                34.2099609375,
                14.72003173828125,
                513.60498046875,
                421.005126953125,
                61.68994140625,
                29.97998046875
            ]
        }
    },
    "4": {
        "min_power": 464.75,
        "max_power": 2309.47998046875,
        "mu_values": [
            490.09936590063194,
            1847.642827182783,
            1139.140639873525,
            1954.7000735353706,
            1498.7496487257047,
            711.5184338786923
        ],
        "sigma_values": [
            15.614554360671187,
            48.45189824024085,
            140.78445431684992,
            71.1927683823983,
            158.71080136049108,
            139.8766096906187
        ],
        "Dx": 6,
        "K": 6,
        "state_stats": {
            "median": [
                491.64501953125,
                1851.4599609375,
                1119.780029296875,
                1974.094970703125,
                1490.7900390625,
                708.1400146484375
            ],
            "mad": [
                12.2149658203125,
                32.5799560546875,
                84.6199951171875,
                30.8900146484375,
                117.3699951171875,
                103.8900146484375
            ],
            "iqr": [
                24.8699951171875,
                65.5400390625,
                170.9898681640625,
                66.052490234375,
                233.1248779296875,
                210.39996337890625
            ]
        }
    }
}