{
    "8": {
        "min_power": 530.6300048828125,
        "max_power": 3266.35009765625,
        "mu_values": [
            1958.2409225140411,
            551.7894469494266,
            2368.9032983529114,
            1471.4465477768965,
            677.8486721851785,
            2057.7027211277377
        ],
        "sigma_values": [
            32.35199177755813,
            15.872511961691202,
            266.98855937822907,
            436.2032454257347,
            24.894893635676087,
            41.44751121829171
        ],
        "Dx": 6,
        "K": 6,
        "state_stats": {
            "median": [
                1960.6700439453125,
                546.5800170898438,
                2379.1748046875,
                1501.4300537109375,
                677.3300170898438,
                2067.06005859375
            ],
            "mad": [
                24.6900634765625,
                9.6500244140625,
                142.199951171875,
                230.0899658203125,
                15.1099853515625,
                25.25
            ],
            "iqr": [
                49.7550048828125,
                27.21002197265625,
                316.657470703125,
                579.2000732421875,
                30.5999755859375,
                50.7698974609375
            ]
        }
    },
    "4": {
        "min_power": 282.92999267578125,
        "max_power": 1752.1800537109375,
        "mu_values": [
            1220.8841402170688,
            290.6518330015254,
            1439.587630810637,
            1222.0919138405122,
            364.09068760164996,
            911.090219019998
        ],
        "sigma_values": [
            12.516461122454109,
            6.451115717025563,
            130.57791687969853,
            28.405096108724447,
            9.35281535584889,
            332.89186511696147
        ],
        "Dx": 6,
        "K": 6,
        "state_stats": {
            "median": [
                1221.469970703125,
                288.4599914550781,
                1447.93994140625,
                1194.239990234375,
                366.3399963378906,
                891.7050170898438
            ],
            "mad": [
                8.6300048828125,
                2.970001220703125,
                102.2000732421875,
                52.8499755859375,
                5.279998779296875,
                151.23995971679688
            ],
            "iqr": [
                17.2799072265625,
                6.8800048828125,
                206.7449951171875,
                70.77001953125,
                12.20501708984375,
                396.489990234375
            ]
        }
    }
}