{
    "8": {
        "min_power": 485.45001220703125,
        "max_power": 1601.699951171875,
        "mu_values": [
            552.2835732092333,
            1322.116620583573,
            671.9203431092274,
            1103.9182366634168,
            650.97424358685,
            560.9894717844495
        ],
        "sigma_values": [
            1.5498608364782862,
            18.93192250221363,
            5.403268326059417,
            195.75189263955542,
            50.56079667282858,
            5.76421105953736
        ],
        "Dx": 6,
        "K": 6,
        "state_stats": {
            "median": [
                552.1500244140625,
                1319.56005859375,
                670.9099731445312,
                1096.3399658203125,
                644.1400146484375,
                559.9299926757812
            ],
            "mad": [
                1.10003662109375,
                14.36505126953125,
                3.469970703125,
                126.3900146484375,
                42.77996826171875,
                2.8399658203125
            ],
            "iqr": [
                2.3599853515625,
                29.469970703125,
                7.40252685546875,
                258.49005126953125,
                77.239990234375,
                7.88751220703125
            ]
        }
    },
    "1": {
        "min_power": 67.01000213623047,
        "max_power": 479.6600036621094,
        "mu_values": [
            68.32494390264769,
            292.89914998296484,
            368.7073634449598,
            204.005594683224,
            83.30064027259071,
            285.120949359384
        ],
        "sigma_values": [
            0.659976372161746,
            7.114298300751719,
            51.22028659366089,
            89.72305520311507,
            1.550021502889673,
            4.261566888584819
        ],
        "Dx": 6,
        "K": 6,
        "state_stats": {
            "median": [
                68.22000122070312,
                295.95001220703125,
                377.4100036621094,
                212.77999877929688,
                83.13999938964844,
                285.25
            ],
            "mad": [
                0.3300018310546875,
                3.07000732421875,
                38.30499267578125,
                51.410003662109375,
                1.1299972534179688,
                2.739990234375
            ],
            "iqr": [
                0.8799972534179688,
                6.420013427734375,
                76.19998168945312,
                146.47250366210938,
                2.1500015258789062,
                5.759979248046875
            ]
        }
    },
    "2": {
        "min_power": 132.5500030517578,
        "max_power": 826.7100219726562,
        "mu_values": [
            135.09494730022664,
            508.3382579439775,
            383.05407419532594,
            572.9944666449592,
            161.45939458935703,
            515.9767077172284
        ],
        "sigma_values": [
            1.1669748901660972,
            5.64378400485488,
            100.49249316488314,
            68.8020944697404,
            8.147922129404082,
            7.796287211573861
        ],
        "Dx": 6,
        "K": 6,
        "state_stats": {
            "median": [
                134.69000244140625,
                508.510009765625,
                383.6700134277344,
                588.469970703125,
                163.6999969482422,
                521.3599853515625
            ],
            "mad": [
                0.6100006103515625,
                3.75,
                54.1400146484375,
                32.969970703125,
                2.7400054931640625,
                2.44000244140625
            ],
            "iqr": [
                1.2700042724609375,
                7.6300048828125,
                113.31500244140625,
                68.02001953125,
                5.6800079345703125,
                5.42999267578125
            ]
        }
    },
    "4": {
        "min_power": 274.45001220703125,
        "max_power": 1173.9200439453125,
        "mu_values": [
            856.1697393802491,
            277.71460057615155,
            627.4150289628933,
            291.1103143715745,
            341.3957900823845,
            833.0230658671443
        ],
        "sigma_values": [
            13.359190294015294,
            1.6469502248419952,
            168.9756508350291,
            9.708508389977238,
            6.348340803160844,
            12.39582039393008
        ],
        "Dx": 6,
        "K": 6,
        "state_stats": {
            "median": [
                857.6500244140625,
                277.44000244140625,
                643.7000122070312,
                291.0150146484375,
                340.8500061035156,
                832.6199951171875
            ],
            "mad": [
                6.3900146484375,
                1.1300048828125,
                108.44000244140625,
                4.8049774169921875,
                4.489990234375,
                6.510009765625
            ],
            "iqr": [
                13.33001708984375,
                2.1400146484375,
                240.3900146484375,
                9.6824951171875,
                9.180023193359375,
                13.42999267578125
            ]
        }
    }
}