{"epoch":500,"val_autocorr_r2":0.07361229773604705,"_step":499,"lr":0,"val_f1":0.3956621224146379,"_runtime":53,"train_loss":1.5425843298435211,"val_acc":0.513124604680582,"_timestamp":1.7613684027732115e+09,"_wandb":{"runtime":53},"val_loss":1.533745288848877,"val_transition_mae":89.04255359649058}