cell,time_s,measured_prefill_w,predicted_prefill_w,duty_null_prefill_w,measured_decode_w,predicted_decode_w,duty_null_decode_w
rate-2-repeat-2,0.06016659736633301,88.79,87.86,87.86,83.46,83.14,83.14
rate-2-repeat-2,0.3081667423248291,88.7,87.86,87.86,83.73,83.14,83.14
rate-2-repeat-2,0.559166669845581,88.46,87.86,87.86,83.46,83.14,83.14
rate-2-repeat-2,0.809166669845581,88.79,87.86,87.86,83.22,83.14,83.14
rate-2-repeat-2,1.061166763305664,88.79,87.86,87.86,83.46,83.14,83.14
rate-2-repeat-2,1.309166669845581,88.36,87.86,87.86,83.46,83.14,83.14
rate-2-repeat-2,1.558166742324829,88.7,87.86,87.86,83.14,83.14,83.14
rate-2-repeat-2,1.808166742324829,88.46,87.86,87.86,83.46,83.14,83.14
rate-2-repeat-2,2.057166814804077,88.79,87.86,87.86,83.55,83.14,83.14
rate-2-repeat-2,2.308166742324829,88.46,87.86,87.86,83.46,83.14,83.14
rate-2-repeat-2,2.557166814804077,88.36,87.86,87.86,83.46,83.14,83.14
rate-2-repeat-2,2.809166669845581,88.7,87.86,87.86,83.46,83.14,83.14
rate-2-repeat-2,3.058166742324829,88.79,87.86,87.86,83.46,83.14,83.14
rate-2-repeat-2,3.310166597366333,88.79,87.86,87.86,83.55,83.14,83.14
rate-2-repeat-2,3.560166597366333,88.79,87.86,87.86,83.73,83.14,83.14
rate-2-repeat-2,3.809166669845581,88.7,87.86,87.86,83.73,83.14,83.14
rate-2-repeat-2,4.059166669845581,88.79,87.86,87.86,83.73,83.14,83.14
rate-2-repeat-2,4.309166669845581,88.7,87.86,87.86,83.46,83.14,83.14
rate-2-repeat-2,4.559166669845581,88.7,87.86,87.86,83.55,83.14,83.14
rate-2-repeat-2,4.808166742324829,88.97,87.86,87.86,83.46,83.14,83.14
rate-2-repeat-2,5.060166597366333,88.7,87.86,87.86,83.46,83.14,83.14
rate-2-repeat-2,5.312166690826416,88.7,87.86,87.86,83.46,83.14,83.14
rate-2-repeat-2,5.560166597366333,88.79,87.86,87.86,83.46,83.14,83.14
rate-2-repeat-2,5.809166669845581,88.46,87.86,87.86,83.55,83.14,83.14
rate-2-repeat-2,6.059166669845581,88.46,87.86,87.86,83.55,83.14,83.14
rate-2-repeat-2,6.310166597366333,88.36,87.86,87.86,83.46,83.14,83.14
rate-2-repeat-2,6.560166597366333,88.36,87.86,87.86,83.46,83.14,83.14
rate-2-repeat-2,6.809166669845581,88.46,87.86,87.86,83.46,83.14,83.14
rate-2-repeat-2,7.059166669845581,88.7,87.86,87.86,83.46,83.14,83.14
rate-2-repeat-2,7.308166742324829,88.79,87.86,87.86,83.55,83.14,83.14
rate-2-repeat-2,7.559166669845581,88.7,87.86,87.86,83.46,83.14,83.14
rate-2-repeat-2,7.810166597366333,88.7,87.86,87.86,83.55,83.14,83.14
rate-2-repeat-2,8.059166669845581,88.79,87.86,87.86,83.46,83.14,83.14
rate-2-repeat-2,8.309166669845581,88.79,87.86,87.86,83.46,83.14,83.14
rate-2-repeat-2,8.560166597366333,88.79,87.86,87.86,83.46,83.14,83.14
rate-2-repeat-2,8.810166597366333,88.36,87.86,87.86,83.46,83.14,83.14
rate-2-repeat-2,9.059166669845581,88.7,87.86,87.86,83.46,83.14,83.14
rate-2-repeat-2,9.308166742324829,88.79,87.86,87.86,83.46,83.14,83.14
rate-2-repeat-2,9.557166814804077,88.7,87.86,87.86,83.14,83.14,83.14
rate-2-repeat-2,9.809166669845581,88.79,87.86,87.86,83.73,83.14,83.14
rate-2-repeat-2,10.060166597366333,88.7,87.86,87.86,83.46,83.14,83.14
rate-2-repeat-2,10.309166669845581,88.7,87.86,87.86,83.73,83.14,83.14
rate-2-repeat-2,10.559166669845581,88.79,87.86,87.86,83.46,83.14,83.14
rate-2-repeat-2,10.810166597366333,88.7,87.86,87.86,83.46,83.14,83.14
rate-2-repeat-2,11.060166597366333,88.46,87.86,87.86,83.46,83.14,83.14
rate-2-repeat-2,11.308166742324829,88.79,87.86,87.86,83.55,83.14,83.14
rate-2-repeat-2,11.558166742324829,88.7,87.86,87.86,83.46,83.14,83.14
rate-2-repeat-2,11.812166690826416,89.06,87.86,87.86,83.46,83.14,83.14
rate-2-repeat-2,12.062166690826416,88.7,87.86,87.86,83.46,83.14,83.14
rate-2-repeat-2,12.311166763305664,88.46,87.86,87.86,83.46,83.14,83.14
rate-2-repeat-2,12.562166690826416,88.79,87.86,87.86,83.46,83.14,83.14
rate-2-repeat-2,12.810166597366333,88.7,87.86,87.86,83.14,83.14,83.14
rate-2-repeat-2,13.062166690826416,88.46,87.86,87.86,83.46,83.14,83.14
rate-2-repeat-2,13.311166763305664,88.46,87.86,87.86,83.46,83.14,83.14
rate-2-repeat-2,13.560166597366333,88.7,87.86,87.86,83.46,83.14,83.14
rate-2-repeat-2,13.812166690826416,88.46,87.86,87.86,83.55,83.14,83.14
rate-2-repeat-2,14.063166618347168,88.7,87.86,87.86,83.46,83.14,83.14
rate-2-repeat-2,14.310166597366333,88.46,87.86,87.86,83.46,83.14,83.14
rate-2-repeat-2,14.561166763305664,88.36,87.86,87.86,83.46,83.14,83.14
rate-2-repeat-2,14.811166763305664,88.36,87.86,87.86,83.46,83.14,83.14
rate-2-repeat-2,15.062166690826416,88.46,87.86,87.86,83.46,83.14,83.14
rate-2-repeat-2,15.312166690826416,88.36,87.86,87.86,83.46,83.14,83.14
rate-2-repeat-2,15.561166763305664,88.79,87.86,87.86,83.46,83.14,83.14
rate-2-repeat-2,15.811166763305664,88.36,87.86,87.86,83.46,83.14,83.14
rate-2-repeat-2,16.063166618347168,88.36,87.86,87.86,83.14,83.14,83.14
rate-2-repeat-2,16.311166763305664,88.46,87.86,87.86,83.14,83.14,83.14
rate-2-repeat-2,16.5641667842865,88.46,87.86,87.86,83.14,83.14,83.14
rate-2-repeat-2,16.812166690826416,88.79,87.86,87.86,82.86,83.14,83.14
rate-2-repeat-2,17.063166618347168,88.79,87.86,87.86,82.86,83.14,83.14
rate-2-repeat-2,17.313166618347168,88.7,87.86,87.86,83.14,83.14,83.14
rate-2-repeat-2,17.562166690826416,88.36,87.86,87.86,82.95,83.14,83.14
rate-2-repeat-2,17.813166618347168,88.7,87.86,87.86,82.95,83.14,83.14
rate-2-repeat-2,18.0641667842865,88.79,87.86,87.86,82.86,83.14,83.14
rate-2-repeat-2,18.313166618347168,88.7,87.86,87.86,82.86,83.14,83.14
rate-2-repeat-2,18.562166690826416,88.36,87.86,87.86,82.86,83.14,83.14
rate-2-repeat-2,18.8141667842865,88.46,87.86,87.86,83.22,83.14,83.14
rate-2-repeat-2,19.06516671180725,88.46,87.86,87.86,82.95,83.14,83.14
rate-2-repeat-2,19.3141667842865,88.46,87.86,87.86,82.86,83.14,83.14
rate-2-repeat-2,19.563166618347168,88.46,87.86,87.86,83.14,83.14,83.14
rate-2-repeat-2,19.8141667842865,88.46,87.86,87.86,83.14,83.14,83.14
rate-2-repeat-2,20.0641667842865,88.79,87.86,87.86,82.86,83.14,83.14
rate-2-repeat-2,20.31516671180725,88.46,87.86,87.86,83.46,83.14,83.14
rate-2-repeat-2,20.563166618347168,88.36,87.86,87.86,82.86,83.14,83.14
rate-2-repeat-2,20.8141667842865,88.79,87.86,87.86,82.86,83.14,83.14
rate-2-repeat-2,21.06516671180725,88.46,87.86,87.86,83.14,83.14,83.14
rate-2-repeat-2,21.31516671180725,88.36,87.86,87.86,83.14,83.14,83.14
rate-2-repeat-2,21.563166618347168,88.46,87.86,87.86,83.22,83.14,83.14
rate-2-repeat-2,21.8141667842865,88.79,87.86,87.86,83.14,83.14,83.14
rate-2-repeat-2,22.0641667842865,88.7,87.86,87.86,83.14,83.14,83.14
rate-2-repeat-2,22.3141667842865,88.36,87.86,87.86,82.86,83.14,83.14
rate-2-repeat-2,22.5641667842865,88.46,87.86,87.86,83.14,83.14,83.14
rate-2-repeat-2,22.81516671180725,88.46,87.86,87.86,83.55,83.14,83.14
rate-2-repeat-2,23.0641667842865,88.46,87.86,87.86,82.86,83.14,83.14
rate-2-repeat-2,23.316166639328003,88.7,87.86,87.86,83.14,83.14,83.14
rate-2-repeat-2,23.596166610717773,88.46,87.86,87.86,82.86,83.14,83.14
rate-2-repeat-2,23.816166639328003,88.79,87.86,87.86,83.14,83.14,83.14
rate-2-repeat-2,24.0641667842865,88.79,87.86,87.86,82.95,83.14,83.14
rate-2-repeat-2,24.316166639328003,88.36,87.86,87.86,82.86,83.14,83.14
rate-2-repeat-2,24.56516671180725,88.46,87.86,87.86,82.95,83.14,83.14
rate-2-repeat-2,24.81516671180725,88.79,87.86,87.86,82.95,83.14,83.14
rate-2-repeat-2,25.066166639328003,88.7,87.86,87.86,82.95,83.14,83.14
rate-2-repeat-2,25.317166805267334,88.46,87.86,87.86,82.86,83.14,83.14
rate-2-repeat-2,25.56516671180725,88.7,87.86,87.86,82.95,83.14,83.14
rate-2-repeat-2,25.816166639328003,88.46,87.86,87.86,83.14,83.14,83.14
rate-2-repeat-2,26.066166639328003,88.36,87.86,87.86,83.14,83.14,83.14
rate-2-repeat-2,26.316166639328003,88.46,87.86,87.86,82.86,83.14,83.14
rate-2-repeat-2,26.56516671180725,88.46,87.86,87.86,82.95,83.14,83.14
rate-2-repeat-2,26.81516671180725,88.46,87.86,87.86,82.95,83.14,83.14
rate-2-repeat-2,27.066166639328003,88.36,87.86,87.86,83.14,83.14,83.14
rate-2-repeat-2,27.317166805267334,88.36,87.86,87.86,82.86,83.14,83.14
rate-2-repeat-2,27.567166805267334,88.46,87.86,87.86,83.14,83.14,83.14
rate-2-repeat-2,27.817166805267334,88.46,87.86,87.86,82.86,83.14,83.14
rate-2-repeat-2,28.066166639328003,88.46,87.86,87.86,82.86,83.14,83.14
rate-2-repeat-2,28.318166732788086,88.36,215.58976459727285,352.81007985589304,83.14,83.14,83.14
rate-2-repeat-2,28.568166732788086,371.88,395.811999924188,422.86376210799756,83.14,83.14,83.14
rate-2-repeat-2,28.818166732788086,376.11,418.56032988197603,422.86376210799756,82.86,101.02829634152508,132.0813913600314
rate-2-repeat-2,29.109166622161865,376.37,431.136145511823,422.86376210799756,240.15,167.73053402360085,205.73082338222713
rate-2-repeat-2,29.323166608810425,397.31,424.9319990926516,422.86376210799756,245.29,216.1694846235202,158.02415245654203
rate-2-repeat-2,29.574166774749756,384.22,423.2532896066753,422.86376210799756,244.69,169.0215572252614,140.533783132592
rate-2-repeat-2,29.819166660308838,390.23,424.0342190402559,422.86376210799756,84.46,141.04680804874897,106.13350629534435
rate-2-repeat-2,30.07016682624817,388.44,428.7796419210426,422.86376210799756,243.18,143.60308110012977,198.4631492075443
rate-2-repeat-2,30.32016682624817,394.78,420.1180790064908,422.86376210799756,86.17,183.1958425677098,83.14
rate-2-repeat-2,30.569166660308838,409.23,418.64902158634817,422.86376210799756,231.43,114.36291358524812,171.55849967796786
rate-2-repeat-2,30.82116675376892,391.15,422.46614984137534,422.86376210799756,240.15,178.25922902104435,131.5927214199627
rate-2-repeat-2,31.07116675376892,395.37,423.6263090185484,422.86376210799756,84.38,125.51933006988227,83.14
rate-2-repeat-2,31.319166660308838,408.04,419.6346661338472,422.86376210799756,222.07,112.20185611688177,165.92182354376888
rate-2-repeat-2,31.57016682624817,400.78,422.99317246438363,422.86376210799756,235.65,173.130141924502,130.3147700582832
rate-2-repeat-2,31.818166732788086,391.75,426.67806762827917,422.86376210799756,241.66,161.8126009488057,190.98531474022428
rate-2-repeat-2,32.07216668128967,396.29,429.09018169226533,422.86376210799756,84.97,186.26232102515652,108.62368905678423
rate-2-repeat-2,32.31916666030884,384.55,414.43335952693013,422.86376210799756,231.43,123.29523039627105,133.4325610534502
rate-2-repeat-2,32.56916666030884,395.37,423.84861400107343,422.86376210799756,241.07,167.07169492066515,197.57631105904096
rate-2-repeat-2,32.82016682624817,391.75,421.3175855248158,422.86376210799756,84.65,183.30501474937319,83.14
rate-2-repeat-2,33.06916666030884,403.82,418.47482339329986,422.86376210799756,103.32,98.0526022883553,124.96112798123875
rate-2-repeat-2,33.318166732788086,409.55,423.5713936631185,422.86376210799756,244.37,162.04005235101715,205.73082338222713
rate-2-repeat-2,33.56916666030884,405.16,421.0233449598165,422.86376210799756,237.77,192.2239819005082,86.12662992554006
rate-2-repeat-2,33.81916666030884,409.98,424.5403408156592,422.86376210799756,244.1,125.4064482291733,197.79246876354068
rate-2-repeat-2,34.07216668128967,403.82,428.93600952067555,422.86376210799756,84.38,202.614379719383,136.94959887377428
rate-2-repeat-2,34.32016682624817,413.18,413.8061866821902,422.86376210799756,237.44,129.92946441741816,83.14
rate-2-repeat-2,34.56916666030884,395.46,423.87692392116264,422.86376210799756,134.39,120.52460772015544,191.50363317887894
rate-2-repeat-2,34.82816672325134,403.82,427.474376288038,422.86376210799756,96.39,194.7187866353732,127.97613244294536
rate-2-repeat-2,35.074166774749756,416.48,412.9720421747192,422.86376210799756,246.21,141.37979875688677,136.09839517494538
rate-2-repeat-2,35.323166608810425,404.14,428.96237277589654,422.86376210799756,245.62,164.78442484848182,183.1424742107634
rate-2-repeat-2,35.57216668128967,393.86,425.9969874129254,422.86376210799756,92.82,198.00319588055228,160.58317915708005
rate-2-repeat-2,35.82016682624817,403.22,423.7790331662514,422.86376210799756,84.38,166.7778861407649,127.59461572195262
rate-2-repeat-2,36.074166774749756,406.62,423.3369962442047,422.86376210799756,220.55,121.61440362761883,83.14
rate-2-repeat-2,36.32016682624817,409.55,411.03983071298705,422.86376210799756,239.55,107.48257202136361,151.3185650043627
rate-2-repeat-2,36.57216668128967,411.94,428.36123554058094,422.86376210799756,244.37,175.57609117180084,175.44515305591443
rate-2-repeat-2,36.82216668128967,407.44,424.22193159629927,422.86376210799756,84.97,196.19448493918767,174.39623226823926
rate-2-repeat-2,37.07116675376892,417.08,423.87623799460806,422.86376210799756,84.65,177.22778419688882,123.13353512838378
rate-2-repeat-2,37.32016682624817,399.0,424.0902087143942,422.86376210799756,240.47,117.81679077258025,83.14
rate-2-repeat-2,37.57116675376892,391.75,420.42677163247254,422.86376210799756,84.97,113.67962086613107,170.04872339387111
rate-2-repeat-2,37.82216668128967,411.07,422.9783238633245,422.86376210799756,158.2,179.15054478476856,137.68143426800322
rate-2-repeat-2,38.073166608810425,403.82,421.09944938932466,422.86376210799756,85.84,141.35912129409832,111.24560680772623
rate-2-repeat-2,38.323166608810425,411.5,420.56159889449526,422.86376210799756,245.29,149.576639107183,205.73082338222713
rate-2-repeat-2,38.57216668128967,400.51,423.3393500636528,422.86376210799756,240.47,191.80537215007723,85.69954631095838
rate-2-repeat-2,38.82116675376892,418.6,425.1829954994937,422.86376210799756,243.77,121.31502644603103,186.09191121367152
rate-2-repeat-2,39.07116675376892,409.82,429.0120228051655,422.86376210799756,243.77,194.6359578625861,143.77344364024498
rate-2-repeat-2,39.33716678619385,389.37,414.902993401188,422.86376210799756,85.25,154.4944939058325,134.95650674429012
rate-2-repeat-2,39.574166774749756,415.56,430.6249004590413,422.86376210799756,99.1,170.47725922599346,205.73082338222713
rate-2-repeat-2,39.824166774749756,399.0,417.2833693520047,422.86376210799756,243.18,193.0625007953973,91.21935420366827
rate-2-repeat-2,40.07216668128967,413.18,414.761194364975,422.86376210799756,84.97,105.73377215524008,125.46190958417213
rate-2-repeat-2,40.323166608810425,404.41,430.34405999596737,422.86376210799756,242.26,155.96276108242978,185.02957368701027
rate-2-repeat-2,40.57216668128967,425.52,417.40304880503305,422.86376210799756,234.46,172.5741367095913,83.14
rate-2-repeat-2,40.82516670227051,410.75,425.12475995650294,422.86376210799756,244.37,121.92724174857133,195.33886128624033
rate-2-repeat-2,41.073166608810425,417.4,427.5570680879527,422.86376210799756,147.65,191.23497666696943,111.26125054496025
rate-2-repeat-2,41.32216668128967,402.3,417.3795274683358,422.86376210799756,240.8,143.83755961007716,185.36665232585108
rate-2-repeat-2,41.57216668128967,394.78,430.26741793773783,422.86376210799756,85.57,171.8903987908041,83.14
rate-2-repeat-2,41.823166608810425,415.29,423.8737169478429,422.86376210799756,238.96,112.89604248679582,167.67309207584577
rate-2-repeat-2,42.074166774749756,405.6,423.39753271920176,422.86376210799756,85.25,184.25631321113036,160.030101643318
rate-2-repeat-2,42.323166608810425,416.16,421.9409236430504,422.86376210799756,84.65,159.62657280410508,109.59654612514156
rate-2-repeat-2,42.574166774749756,417.08,420.10112566685376,422.86376210799756,239.28,138.090870220471,172.7222101623031
rate-2-repeat-2,42.823166608810425,411.94,423.9044510621141,422.86376210799756,241.07,161.56008894425224,83.14
rate-2-repeat-2,43.074166774749756,413.78,419.8110223639868,422.86376210799756,219.96,89.40413154804939,99.89185868666102
rate-2-repeat-2,43.323166608810425,405.01,411.9740580055191,422.86376210799756,85.84,139.66783920333825,205.73082338222713
rate-2-repeat-2,43.573166608810425,111.72,430.4375064472809,422.86376210799756,222.67,199.965462901568,106.65665702696342
rate-2-repeat-2,43.824166774749756,100.55,422.734942697258,422.86376210799756,88.27,135.22339112190758,172.40982597171902
rate-2-repeat-2,44.07116675376892,97.84,423.2318258243951,422.86376210799756,84.97,169.93927823890198,106.97949676486687
rate-2-repeat-2,44.323166608810425,96.49,402.5357998663461,378.3784812829739,84.74,116.29644232806868,117.4978647163241
rate-2-repeat-2,44.57516670227051,95.9,392.8935686805901,422.86376210799756,84.38,147.05699541194744,178.58542648821566
rate-2-repeat-2,44.82516670227051,393.26,425.35818593495173,398.23126781569414,84.46,168.72507024200164,89.87372218743714
rate-2-repeat-2,45.073166608810425,201.82,296.39578875744,87.86,87.68,130.99234992239576,203.11687145460002
rate-2-repeat-2,45.324166774749756,98.11,87.86,87.86,242.91,187.12663440877276,83.14
rate-2-repeat-2,45.573166608810425,97.09,87.86,87.86,84.65,83.14,83.14
rate-2-repeat-2,45.824166774749756,96.32,212.78233719226108,346.6919519907043,84.38,83.14,83.14
rate-2-repeat-2,46.07516670227051,396.56,386.4145281240597,422.86376210799756,84.38,83.14,83.14
rate-2-repeat-2,46.324166774749756,400.78,304.7790533459729,163.3700838784464,84.38,115.82526972434871,175.81850602574542
rate-2-repeat-2,46.580166816711426,98.71,194.05206363501554,87.86,242.91,188.89566581690184,153.86814051249587
rate-2-repeat-2,46.823166608810425,96.59,87.86,87.86,141.64,144.32767558819123,83.14
rate-2-repeat-2,47.07216668128967,95.63,87.86,87.86,84.97,83.14,83.14
rate-2-repeat-2,47.32516670227051,95.07,227.41936926503638,378.5899218244471,84.38,83.14,83.14
rate-2-repeat-2,47.58116674423218,389.37,409.2377337654004,422.86376210799756,84.38,83.14,83.14
rate-2-repeat-2,47.82616662979126,383.03,418.86213733965695,422.86376210799756,84.05,104.26920606330721,141.6951255296754
rate-2-repeat-2,48.07616662979126,408.14,431.0989085448107,422.86376210799756,243.18,163.1127833939617,164.84940234001726
rate-2-repeat-2,48.32716679573059,404.41,425.18353497961914,422.86376210799756,84.97,182.7404962370648,165.4050482846049
rate-2-repeat-2,48.57516670227051,411.67,423.62075554649135,422.86376210799756,241.4,165.2302080373604,111.36329353752073
rate-2-repeat-2,48.82516670227051,421.89,422.62743456827224,422.86376210799756,89.2,119.80725422120122,116.0095575798538
rate-2-repeat-2,49.074166774749756,416.16,429.9296614145788,422.86376210799756,241.4,141.92552841096352,167.90339575156446
rate-2-repeat-2,49.32716679573059,404.73,418.6716019975026,422.86376210799756,85.25,175.50916959599516,135.4666682979603
rate-2-repeat-2,49.580166816711426,409.55,425.5722107688339,422.86376210799756,238.69,157.98187033749804,164.76686026605006
rate-2-repeat-2,49.82516670227051,403.82,427.7619009507217,422.86376210799756,85.25,154.14779260112707,83.14
rate-2-repeat-2,50.07616662979126,406.85,412.5575540384563,422.86376210799756,93.42,98.66980066312152,125.64621446023524
rate-2-repeat-2,50.32616662979126,407.44,421.2964396376982,422.86376210799756,239.87,153.85222647779085,177.90789689686818
rate-2-repeat-2,50.57616662979126,407.72,422.08050947471145,422.86376210799756,84.97,166.3712214562256,83.14
rate-2-repeat-2,50.82616662979126,414.64,422.74236133177584,422.86376210799756,241.4,122.70805559841538,198.16916116664765
rate-2-repeat-2,51.07716679573059,404.73,430.1576478499985,422.86376210799756,85.25,183.5049021469364,83.53136670226445
rate-2-repeat-2,51.32516670227051,422.22,415.0143750376531,422.86376210799756,84.74,83.58333132039282,83.14
rate-2-repeat-2,51.57616662979126,412.85,422.7601370863246,422.86376210799756,244.96,121.15749964064148,192.61524100637604
rate-2-repeat-2,51.82716679573059,418.86,427.9180370184478,422.86376210799756,224.51,191.90960882428192,118.7102997391598
rate-2-repeat-2,52.07616662979126,404.73,420.12755083982955,422.86376210799756,243.77,156.4695042111109,205.73082338222713
rate-2-repeat-2,52.32716679573059,418.0,428.88852263796826,422.86376210799756,96.12,204.30454720812293,122.7526004290894
rate-2-repeat-2,52.57616662979126,413.78,422.36731946004574,422.86376210799756,241.4,146.43088744693534,164.7654341047052
rate-2-repeat-2,52.82516670227051,406.85,423.17215538265737,422.86376210799756,85.25,169.37123011900104,123.97216546667097
rate-2-repeat-2,53.07616662979126,415.56,422.44627953688826,422.86376210799756,238.36,118.68284145184126,83.14
rate-2-repeat-2,53.32616662979126,402.63,418.52919772614314,422.86376210799756,244.37,109.75764348356402,157.70392097592838
rate-2-repeat-2,53.604166746139526,421.57,424.11131340259334,422.86376210799756,245.29,182.62671635587353,180.44230055311348
rate-2-repeat-2,53.83116674423218,420.97,420.74469821566976,422.86376210799756,241.4,176.41021975084095,105.03337356827313
rate-2-repeat-2,54.079166650772095,422.49,422.24254667043687,422.86376210799756,241.66,136.22332505167338,179.19487625659576
rate-2-repeat-2,54.32816672325134,416.16,425.7790557555632,422.86376210799756,241.99,182.29799056168898,125.30299782523932
rate-2-repeat-2,54.57616662979126,404.14,425.17626262105057,422.86376210799756,85.25,162.07303116447815,205.73082338222713
rate-2-repeat-2,54.84316682815552,419.46,422.0407590443587,422.86376210799756,244.1,196.48007126034472,100.74730876332947
rate-2-repeat-2,55.07716679573059,413.18,418.6921686035389,422.86376210799756,243.77,112.36568444908697,121.04924507238579
rate-2-repeat-2,55.32716679573059,405.33,428.00723639175266,422.86376210799756,85.25,151.10814095745155,182.04275384936312
rate-2-repeat-2,55.57716679573059,413.18,419.21755306404685,422.86376210799756,107.87,169.60581638077878,83.14
rate-2-repeat-2,55.82716679573059,427.04,415.95310385128107,422.86376210799756,89.79,93.70609499764501,111.79517249380505
rate-2-repeat-2,56.07716679573059,418.6,427.546922406278,422.86376210799756,244.37,140.13653205050034,173.0927567103618
rate-2-repeat-2,56.32816672325134,413.78,419.74403070135924,422.86376210799756,85.25,181.64711396784094,137.14418212600526
rate-2-repeat-2,56.57816672325134,443.27,430.83259629667504,422.86376210799756,100.61,151.34708901724787,141.74323494871805
rate-2-repeat-2,56.829166650772095,420.38,417.4492136544241,422.86376210799756,243.18,133.7579409292216,83.14
rate-2-repeat-2,57.079166650772095,424.6,415.7582672074344,422.86376210799756,85.25,123.46038408007615,200.4131930625365
rate-2-repeat-2,57.329166650772095,418.86,431.6841817892271,422.86376210799756,237.77,195.21756952992757,107.54935917127509
rate-2-repeat-2,57.57816672325134,411.34,416.21528053963345,422.86376210799756,85.57,104.59319817690265,83.14
rate-2-repeat-2,57.830166816711426,439.05,424.6443819867353,422.86376210799756,85.25,122.72009819493135,198.19118148246127
rate-2-repeat-2,58.079166650772095,411.94,427.60302083498243,422.86376210799756,238.04,196.94857826854667,118.60679935732156
rate-2-repeat-2,58.330166816711426,417.67,412.50384079984906,422.86376210799756,84.97,133.73961352845348,137.23183226253758
rate-2-repeat-2,58.579166650772095,428.82,422.9335710067718,422.86376210799756,244.1,157.8402815794908,159.2466384555898
rate-2-repeat-2,58.829166650772095,419.46,427.62412618469335,422.86376210799756,85.57,149.92240368617757,83.14
rate-2-repeat-2,59.10816669464111,424.92,412.9641930920366,422.86376210799756,245.62,102.62177381382511,136.52195259224263
rate-2-repeat-2,59.33116674423218,424.92,431.76248859713303,422.86376210799756,85.84,153.7964895527876,150.0346272161126
rate-2-repeat-2,59.58116674423218,433.04,423.26465855432537,422.86376210799756,237.44,167.38819198941133,156.93432920407983
rate-2-repeat-2,59.83116674423218,420.38,422.5714827479495,422.86376210799756,87.08,166.2690751737506,133.996145211553
rate-2-repeat-2,60.080166816711426,427.04,424.72429997666575,422.86376210799756,236.6,135.50981451190228,105.351318366187
rate-2-repeat-2,60.33416676521301,420.97,424.0692527284364,422.86376210799756,87.36,143.13469822665192,199.58387993120004
rate-2-repeat-2,60.579166650772095,417.4,422.94913038295965,422.86376210799756,85.25,184.47669131882856,83.14
rate-2-repeat-2,60.83416676521301,428.55,424.3109542646554,422.86376210799756,241.66,116.67411331778602,179.03879206902405
rate-2-repeat-2,61.08116674423218,427.31,422.9506985213672,422.86376210799756,85.57,179.7895585059058,118.67995703310334
rate-2-repeat-2,61.33116674423218,427.63,421.00926874651674,422.86376210799756,249.51,127.25576622544742,120.03757019318482
rate-2-repeat-2,61.58116674423218,422.22,420.9624093290911,422.86376210799756,86.26,146.30373458431214,169.3158548424779
rate-2-repeat-2,61.830166816711426,429.42,422.88494223989153,422.86376210799756,233.82,158.71820119896546,83.14
rate-2-repeat-2,62.079166650772095,414.05,423.5136056574354,422.86376210799756,163.02,121.21867016374188,193.48297701031186
rate-2-repeat-2,62.330166816711426,409.82,429.7810527843045,422.86376210799756,85.57,192.2651423431871,118.13035550108935
rate-2-repeat-2,62.58416676521301,421.89,416.5038882180538,422.86376210799756,244.96,135.4517536880976,143.360495779064
rate-2-repeat-2,62.830166816711426,417.08,429.83475965226364,422.86376210799756,244.69,169.5534563065382,179.87849483714405
rate-2-repeat-2,63.08116674423218,418.86,423.47077965365446,422.86376210799756,85.84,167.13966180229625,83.14
rate-2-repeat-2,63.330166816711426,414.38,409.3784927412887,422.86376210799756,242.91,101.85554691762219,134.45135528574576
rate-2-repeat-2,63.580166816711426,426.44,430.1097997617757,422.86376210799756,99.1,169.98252468463272,205.73082338222713
rate-2-repeat-2,63.830166816711426,415.56,417.2257000347025,422.86376210799756,106.68,194.7259444610886,92.93379238686876
rate-2-repeat-2,64.08216667175293,425.52,414.67186284624586,422.86376210799756,85.57,107.38296737406375,125.62224802549363
rate-2-repeat-2,64.33216667175293,429.14,431.2613831480595,422.86376210799756,242.26,162.20181553071973,205.73082338222713
rate-2-repeat-2,64.58116674423218,412.85,419.18124528360244,422.86376210799756,85.57,217.64142264947225,157.53928760789663
rate-2-repeat-2,64.83116674423218,423.68,430.9487107768722,422.86376210799756,85.25,169.31288086985387,142.1810136007719
rate-2-repeat-2,65.08116674423218,422.82,421.7349647053682,422.86376210799756,245.88,137.9587837764454,93.96554029352566
rate-2-repeat-2,65.33516669273376,434.23,415.5336085149314,422.86376210799756,218.77,129.58370781579225,188.268428209568
rate-2-repeat-2,65.58316659927368,420.38,429.3568294399997,422.86376210799756,244.69,175.1023907892062,83.14
rate-2-repeat-2,65.83116674423218,435.75,419.256144144498,422.86376210799756,85.84,84.35528354152748,87.45683652153028
rate-2-repeat-2,66.08116674423218,412.85,418.0182361087311,422.86376210799756,246.81,129.1716344448362,205.73082338222713
rate-2-repeat-2,66.33316659927368,437.41,427.2566742090972,422.86376210799756,243.77,220.94122995218055,169.4014437892959
rate-2-repeat-2,66.58316659927368,419.46,426.72071786329997,422.86376210799756,86.49,196.80932545112668,191.60209189946065
rate-2-repeat-2,66.83416676521301,429.42,422.06730769394716,422.86376210799756,236.84,177.1067150381701,83.14
rate-2-repeat-2,67.08216667175293,433.04,423.6359791980217,422.86376210799756,250.43,118.11534639477998,182.9615256610563
rate-2-repeat-2,67.33216667175293,425.2,429.1236580380864,422.86376210799756,85.57,189.1531976434745,135.6715635945289
rate-2-repeat-2,67.58116674423218,431.53,415.7280304217116,422.86376210799756,228.13,167.41997868781948,193.78310424246337
rate-2-repeat-2,67.83316659927368,428.55,431.96210658331114,422.86376210799756,238.04,179.010941781289,83.14
rate-2-repeat-2,68.08416676521301,430.01,422.5515596743991,422.86376210799756,99.53,108.19023435630052,153.06153357532767
rate-2-repeat-2,68.33316659927368,420.11,421.81726824819873,422.86376210799756,247.99,166.47550661610904,144.94762319352196
rate-2-repeat-2,68.58316659927368,425.2,425.4357691763579,422.86376210799756,243.18,136.92653831222958,83.14
rate-2-repeat-2,68.83216667175293,427.91,412.620971998475,422.86376210799756,174.76,106.0322381329704,147.81986761873907
rate-2-repeat-2,69.08216667175293,434.83,428.8497025664296,422.86376210799756,85.84,177.35980426290308,190.17048126426263
rate-2-repeat-2,69.33416676521301,421.89,423.11792367981315,422.86376210799756,124.43,181.5505326927313,96.27814211725496
rate-2-repeat-2,69.58516669273376,431.85,420.38060238058756,422.86376210799756,220.55,136.8408161531318,205.73082338222713
rate-2-repeat-2,69.83416676521301,419.19,427.12714613455194,422.86376210799756,87.08,211.44130639858446,142.20806640535872
rate-2-repeat-2,70.08416676521301,427.31,428.78621512174556,422.86376210799756,98.51,172.1223924553446,190.36894351564936
rate-2-repeat-2,70.33316659927368,421.89,420.23519598360815,422.86376210799756,91.9,175.80748930512613,83.14
rate-2-repeat-2,70.58316659927368,427.63,424.77689437381326,422.86376210799756,85.84,121.17092504317533,192.9320350369968
rate-2-repeat-2,70.83516669273376,422.22,428.4256912832799,422.86376210799756,241.66,180.006086886099,86.47405514933159
rate-2-repeat-2,71.08416676521301,417.83,415.1859604868297,422.86376210799756,87.08,107.36762150827356,142.82177619195937
rate-2-repeat-2,71.33516669273376,425.2,431.79994308400893,422.86376210799756,238.96,158.01331936761812,145.7646882032618
rate-2-repeat-2,71.58216667175293,412.26,422.8396284533556,422.86376210799756,86.17,165.8404894183888,163.21990520750086
rate-2-repeat-2,71.83516669273376,431.85,422.89869367228107,422.86376210799756,85.57,166.14371399882927,118.48480501846963
rate-2-repeat-2,72.08516669273376,429.42,424.2429794027501,422.86376210799756,243.25,123.78790419765248,110.5969221610124
rate-2-repeat-2,72.33516669273376,430.67,423.5954670972967,422.86376210799756,242.26,149.2914267649463,205.73082338222713
rate-2-repeat-2,72.58516669273376,416.48,422.9120460874465,422.86376210799756,89.2,197.46169727929873,101.91403521966751
rate-2-repeat-2,72.83416676521301,439.38,420.9415883748265,422.86376210799756,99.75,133.8533577095235,180.89393150964497
rate-2-repeat-2,73.08316659927368,414.64,429.7286562514222,422.86376210799756,239.55,196.18882323641338,161.1072985950886
rate-2-repeat-2,73.33516669273376,433.04,417.2440270012959,422.86376210799756,85.57,151.03030152428124,83.14
rate-2-repeat-2,73.58516669273376,429.14,419.7734249753866,422.86376210799756,243.25,115.23356404539545,174.9783934296594
rate-2-repeat-2,73.83616662025452,436.94,422.5980792987453,422.86376210799756,241.4,186.71810518323247,146.82436396718276
rate-2-repeat-2,74.08416676521301,418.86,424.8710102741383,422.86376210799756,245.62,179.0898420124713,198.71687439204374
rate-2-repeat-2,74.33516669273376,433.37,430.23183153282247,422.86376210799756,233.22,195.89818666196726,117.16273687695569
rate-2-repeat-2,74.58316659927368,416.48,416.02283350857215,422.86376210799756,246.48,135.31464594831098,146.4108610568843
rate-2-repeat-2,74.83616662025452,417.4,428.0810963301757,422.86376210799756,87.68,159.8947933207872,142.40774696888536
rate-2-repeat-2,75.08616662025452,427.63,424.74800256759437,422.86376210799756,237.77,139.32568469781128,95.51551136522475
rate-2-repeat-2,75.33516669273376,438.45,418.9240211888422,422.86376210799756,239.87,136.2126386831361,205.73082338222713
rate-2-repeat-2,75.58416676521301,424.92,428.40076205656123,422.86376210799756,243.5,206.79556419945249,130.2894100642741
rate-2-repeat-2,75.83516669273376,431.53,427.3804409021002,422.86376210799756,86.58,158.5628913503984,179.95290118233214
rate-2-repeat-2,76.08516669273376,435.48,421.6112241069313,422.86376210799756,243.18,166.8859085038747,83.14
rate-2-repeat-2,76.33616662025452,416.75,426.37229703034484,422.86376210799756,238.04,121.82642790380525,194.35986303163367
rate-2-repeat-2,76.5881667137146,435.62,428.0880845474705,422.86376210799756,247.4,203.52644066226685,149.33663267686342
rate-2-repeat-2,76.83516669273376,430.34,413.63379540755096,422.86376210799756,239.28,160.0771222969739,137.27872811653023
rate-2-repeat-2,77.08616662025452,418.86,426.00904324929485,422.86376210799756,85.84,164.56693197873625,179.78665742606321
rate-2-repeat-2,77.33716678619385,435.48,425.84164479887096,422.86376210799756,244.69,169.520335681951,88.05062108800072
rate-2-repeat-2,77.58616662025452,423.09,420.1478771241141,422.86376210799756,240.47,129.74428661048702,205.73082338222713
rate-2-repeat-2,77.83616662025452,414.38,427.8638055528721,422.86376210799756,85.57,198.0952969036874,105.56735632197626
rate-2-repeat-2,78.08716678619385,426.11,422.28422780701334,422.86376210799756,243.5,129.3982352680806,159.27168338817856
rate-2-repeat-2,78.33716678619385,440.89,423.85772433799053,422.86376210799756,238.36,168.38535630128945,134.0752470766358
rate-2-repeat-2,78.58616662025452,420.7,421.2910055000251,422.86376210799756,249.18,136.41248380885096,107.15075466435704
rate-2-repeat-2,78.83616662025452,433.37,428.3947773606,422.86376210799756,85.84,146.34502749032384,205.73082338222713
rate-2-repeat-2,79.08616662025452,414.38,419.830948827041,422.86376210799756,244.1,191.43476268715827,86.80086077590606
rate-2-repeat-2,79.33716678619385,422.97,415.92537561734645,422.86376210799756,87.36,91.74820209025721,97.36988413805207
rate-2-repeat-2,79.58616662025452,428.55,420.22045298551,422.86376210799756,240.47,137.46705172680598,205.73082338222713
rate-2-repeat-2,79.83516669273376,420.7,426.0440001990474,422.86376210799756,246.81,200.83122431385124,109.1701147757192
rate-2-repeat-2,80.08616662025452,434.23,416.43704989511696,422.86376210799756,243.18,132.80643979967815,158.3294914219506
rate-2-repeat-2,80.33616662025452,424.01,420.11741649453484,422.86376210799756,242.91,162.76503244991207,119.59701351278508
rate-2-repeat-2,80.5881667137146,437.41,425.6297180476556,422.86376210799756,85.84,125.8922333900136,112.9534743615718
rate-2-repeat-2,80.8381667137146,433.04,430.51063982288775,422.86376210799756,248.59,143.4308663314676,179.76359312774787
rate-2-repeat-2,81.0881667137146,418.27,419.38319107584573,422.86376210799756,249.18,186.23244384121114,137.46502780275813
rate-2-repeat-2,81.33716678619385,425.79,430.31935497619764,422.86376210799756,86.49,172.35472903696882,205.73082338222713
rate-2-repeat-2,81.59016680717468,422.49,417.8655949634175,422.86376210799756,248.59,189.59240615747598,83.34553740830538
rate-2-repeat-2,81.83716678619385,418.27,415.4485233774807,422.86376210799756,87.08,123.78936490912852,201.01851649407004
rate-2-repeat-2,82.0881667137146,441.49,432.0173968272776,422.86376210799756,97.64,207.89519841405007,141.7467313925515
rate-2-repeat-2,82.33716678619385,420.7,416.3666425894564,422.86376210799756,239.28,134.569072376026,83.14
rate-2-repeat-2,82.58916664123535,413.94,426.3027737649902,422.86376210799756,86.17,123.435504401367,200.28534129258128
rate-2-repeat-2,82.83716678619385,435.16,426.73195464428295,422.86376210799756,87.08,193.69183662334456,105.48470556518105
rate-2-repeat-2,83.08716678619385,430.01,419.7596544675929,422.86376210799756,242.26,144.9285643758686,205.73082338222713
rate-2-repeat-2,83.34116673469543,432.45,428.645346187643,422.86376210799756,242.58,217.37658630371908,161.37233751068354
rate-2-repeat-2,83.61116671562195,431.53,428.9030292934756,422.86376210799756,86.26,189.98270318315878,194.5160344134872
rate-2-repeat-2,83.84116673469543,429.42,420.4249126769164,422.86376210799756,236.25,179.24595478941296,83.14
rate-2-repeat-2,84.09016680717468,431.68,422.06178259467595,422.86376210799756,245.29,121.98671941201668,196.0085888810261
rate-2-repeat-2,84.34116673469543,424.33,429.76467529579935,422.86376210799756,248.33,192.26804304484546,111.30409350188432
rate-2-repeat-2,84.58916664123535,413.45,414.97716437724176,422.86376210799756,87.95,128.16893077438272,139.9466278409278
rate-2-repeat-2,84.84016680717468,433.96,424.8437253094067,422.86376210799756,85.25,172.0050194864591,195.53096432016207
rate-2-repeat-2,85.09216666221619,415.29,427.2135214867774,422.86376210799756,244.69,181.35245073386182,83.14
rate-2-repeat-2,85.34016680717468,425.79,412.42106513693,422.86376210799756,93.42,101.13891903475462,132.89644553174878
rate-2-repeat-2,85.59216666221619,424.01,425.3716518837933,422.86376210799756,248.59,152.36590309023202,154.18248786241912
rate-2-repeat-2,85.84016680717468,420.38,426.04830857856274,422.86376210799756,242.58,145.77598931546916,85.29072769175608
rate-2-repeat-2,86.09116673469543,424.6,422.38699083233763,422.86376210799756,241.4,127.78372239767128,205.73082338222713
rate-2-repeat-2,86.34116673469543,412.85,426.29954750122226,422.86376210799756,241.07,203.07966384082243,120.14986620667506
rate-2-repeat-2,86.59316682815552,424.16,428.2319085934604,422.86376210799756,232.03,157.50049793748423,205.73082338222713
rate-2-repeat-2,86.84016680717468,423.68,421.0475871022015,422.86376210799756,249.51,217.86313463126106,162.76362690590167
rate-2-repeat-2,87.0881667137146,430.93,429.38555320818483,422.86376210799756,85.57,183.03610437199427,170.2449484654557
rate-2-repeat-2,87.34116673469543,417.67,419.344696090927,422.86376210799756,241.99,158.3476222321322,83.14
rate-2-repeat-2,87.58916664123535,416.05,416.64139667557157,422.86376210799756,86.49,98.65415577531164,125.52745637674357
rate-2-repeat-2,87.84016680717468,441.35,427.5390458050458,422.86376210799756,85.57,162.11799516391847,205.73082338222713
rate-2-repeat-2,88.09316682815552,413.78,418.9720667030043,422.86376210799756,241.07,192.8513672664252,87.86557531961293
rate-2-repeat-2,88.34116673469543,433.04,421.46610941526455,422.86376210799756,270.62,125.56729174319608,193.92243096077132
rate-2-repeat-2,88.59016680717468,417.67,429.4165381918561,422.86376210799756,244.37,206.73211188071116,157.58218059195372
rate-2-repeat-2,88.89616680145264,430.93,416.0923679177511,422.86376210799756,96.12,169.43288822581695,142.8284378575116
rate-2-repeat-2,89.12216663360596,426.27,429.36185790587535,422.86376210799756,238.36,171.89761406177183,187.46128175807286
rate-2-repeat-2,89.34216666221619,414.97,423.7248150661777,422.86376210799756,86.17,176.06343730125297,90.05398207370006
rate-2-repeat-2,89.59116673469543,440.11,418.0666014726572,422.86376210799756,98.83,131.39762476216248,205.73082338222713
rate-2-repeat-2,89.84016680717468,429.42,428.52367399841063,422.86376210799756,240.15,204.99455648273587,122.47862470805472
rate-2-repeat-2,90.09316682815552,434.83,419.7542244869542,422.86376210799756,250.7,143.48683277328269,156.55682458398894
rate-2-repeat-2,90.34216666221619,415.89,421.3955191573254,422.86376210799756,87.36,180.46349154065948,176.61969135316008
rate-2-repeat-2,90.59316682815552,434.83,424.99860776571745,422.86376210799756,238.04,164.87571870792772,83.14
rate-2-repeat-2,90.84116673469543,423.09,411.73052913783556,422.86376210799756,246.81,106.67644037222868,148.81727473621416
rate-2-repeat-2,91.09016680717468,424.48,427.4980773950339,422.86376210799756,85.25,181.56071731243878,201.05597002458367
rate-2-repeat-2,91.34316682815552,108.1,425.1743455202718,422.86376210799756,238.04,218.39665501569738,172.9574167509786
rate-2-repeat-2,91.5971667766571,416.05,423.9823817754681,422.86376210799756,85.84,191.06762897845903,168.1584311738494
rate-2-repeat-2,91.84116673469543,411.51,424.1016513723792,422.86376210799756,85.57,156.61297551252733,83.14
rate-2-repeat-2,92.09416675567627,425.2,421.89733621594917,422.86376210799756,244.37,113.73374779027841,170.6280291060007
rate-2-repeat-2,92.34216666221619,426.44,423.33396286185894,422.86376210799756,244.37,168.66092000904507,106.78673782565663
rate-2-repeat-2,92.59116673469543,423.68,419.6992102958561,422.86376210799756,86.49,116.0860735944317,116.30693547613123
rate-2-repeat-2,92.84216666221619,429.42,428.35816689130667,422.86376210799756,238.69,154.39175581859618,205.73082338222713
rate-2-repeat-2,93.09216666221619,431.53,420.1113378771125,422.86376210799756,246.48,213.48676716130473,147.95434799596183
rate-2-repeat-2,93.34216666221619,427.63,430.5300504145276,422.86376210799756,246.48,176.87482616436,190.14869437115192
rate-2-repeat-2,93.59216666221619,423.89,423.50479340050447,422.86376210799756,86.17,177.42383910930556,88.41196127342377
rate-2-repeat-2,93.84316682815552,435.48,417.86960932677835,422.86376210799756,244.69,130.06553343733293,205.73082338222713
rate-2-repeat-2,94.09116673469543,428.55,428.52904984030215,422.86376210799756,243.5,202.7827380865038,117.23217675487942
rate-2-repeat-2,94.34016680717468,431.4,412.7123567669786,422.86376210799756,86.17,112.8736792160511,83.14
rate-2-repeat-2,94.59316682815552,427.31,420.1424238697089,422.86376210799756,241.99,123.48268421005723,200.58995249963613
rate-2-repeat-2,94.84916663169861,442.21,428.698582611308,422.86376210799756,135.91,193.10409682363453,100.67607075333241
rate-2-repeat-2,95.09316682815552,426.44,415.0245266771913,422.86376210799756,245.29,121.42798119317857,147.13029564456744
rate-2-repeat-2,95.37016677856445,419.46,428.5842420963227,422.86376210799756,85.25,180.30387506291385,201.96258972459287
rate-2-repeat-2,95.59316682815552,436.35,424.04542430331736,422.86376210799756,215.46,189.45377683886863,90.17010464131369
rate-2-repeat-2,95.84316682815552,410.32,411.5956483926409,422.86376210799756,242.26,131.12582148618588,205.73082338222713
rate-2-repeat-2,96.09516668319702,432.0,431.6377826716655,422.86376210799756,245.62,191.6072873009216,85.70507901502825
rate-2-repeat-2,96.34316682815552,424.16,424.8457520338252,422.86376210799756,86.76,114.53027502009925,165.66008644869464
rate-2-repeat-2,96.59116673469543,425.2,423.61245368361335,422.86376210799756,85.57,170.41640424922082,124.97432271172744
rate-2-repeat-2,96.84216666221619,427.04,421.8647952342949,422.86376210799756,243.5,130.16394472210553,113.03986981671004
rate-2-repeat-2,97.09316682815552,425.2,427.12404600837056,422.86376210799756,151.28,151.4107950686205,205.73082338222713
rate-2-repeat-2,97.34616661071777,426.44,420.46159960971386,422.86376210799756,246.81,200.84497855884086,111.03867173971942
rate-2-repeat-2,97.59316682815552,426.59,416.7176384105206,422.86376210799756,243.77,115.71738526303525,105.84080773791061
rate-2-repeat-2,97.84416675567627,441.16,422.0329989561381,422.86376210799756,85.84,136.9682188140342,178.89083058448446
rate-2-repeat-2,98.09316682815552,413.45,425.2256328696836,422.86376210799756,238.71,184.29996955838223,130.73381692380323
rate-2-repeat-2,98.34616661071777,415.73,430.92289936163394,422.86376210799756,85.57,161.12740537053952,187.30705056992417
rate-2-repeat-2,98.59516668319702,424.92,417.8910271863017,422.86376210799756,244.12,173.16641887111706,83.14
rate-2-repeat-2,98.84416675567627,428.82,415.15485649006735,422.86376210799756,240.8,96.98960847854464,120.70490433094612
rate-2-repeat-2,99.09516668319702,426.11,428.6765846851032,422.86376210799756,247.4,151.82792324559443,185.18204635099733
rate-2-repeat-2,99.34416675567627,426.71,419.47898679918677,422.86376210799756,92.17,194.74289256176985,144.7148058710436
rate-2-repeat-2,99.59316682815552,424.16,429.8900816022484,422.86376210799756,85.57,161.8216656996573,152.7356412226108
rate-2-repeat-2,99.84416675567627,424.92,424.00436217125434,422.86376210799756,231.11,143.38986992172727,83.14
rate-2-repeat-2,100.09416675567627,427.63,410.2377489848131,422.86376210799756,241.4,102.6636457918919,136.8227775439271
rate-2-repeat-2,100.34616661071777,441.16,429.8030679993445,422.86376210799756,98.51,159.05336977617134,164.2359528838308
rate-2-repeat-2,100.63316679000854,426.11,425.2919445766547,422.86376210799756,106.36,181.6391885244244,160.45485074888404
rate-2-repeat-2,100.84316682815552,425.35,423.62891754184756,422.86376210799756,249.51,183.94438334296666,178.47715622296977
rate-2-repeat-2,101.09316682815552,422.05,423.2409700946997,422.86376210799756,86.17,173.84144645395781,105.93478116367847
rate-2-repeat-2,101.34616661071777,425.79,422.4985842873392,422.86376210799756,245.88,135.4015341089578,173.8059127972087
rate-2-repeat-2,101.59416675567627,424.33,423.3414739926103,422.86376210799756,237.17,162.31716004235457,83.14
rate-2-repeat-2,101.84616661071777,442.21,419.05318421228594,422.86376210799756,202.8,89.36282914688073,99.6102579582273
rate-2-repeat-2,102.09316682815552,434.83,417.9924124827139,422.86376210799756,249.51,139.39182591449048,205.73082338222713
rate-2-repeat-2,102.34516668319702,421.89,427.57394991475184,422.86376210799756,246.48,212.1261591107658,142.93569067608706
rate-2-repeat-2,102.59416675567627,416.05,425.71696566002345,422.86376210799756,86.49,166.1134133717082,168.92502775880274
rate-2-repeat-2,102.84416675567627,440.89,422.41113002352483,422.86376210799756,224.18,157.53098941946234,83.14
rate-2-repeat-2,103.09416675567627,422.65,418.9936068404383,422.86376210799756,86.76,93.66579370882563,111.48864708814344
rate-2-repeat-2,103.34616661071777,434.1,419.67432137561167,422.86376210799756,164.54,144.48376892832866,187.44417943857448
rate-2-repeat-2,103.59516668319702,422.65,423.21582295738153,422.86376210799756,163.62,174.7571823216478,83.14
rate-2-repeat-2,103.84416675567627,445.84,421.41250760941296,422.86376210799756,85.57,118.08299481465525,182.58938096314915
rate-2-repeat-2,104.09316682815552,427.63,429.8463571005496,422.86376210799756,237.44,193.01279094599656,147.759728122904
rate-2-repeat-2,104.34516668319702,418.16,417.27018023867873,422.86376210799756,88.27,158.09453725724262,134.91217058661925
rate-2-repeat-2,104.59616661071777,425.99,430.94064899644667,422.86376210799756,85.57,155.84014906337285,160.36117295106345
rate-2-repeat-2,104.84616661071777,422.49,423.3370480651362,422.86376210799756,241.66,150.04341728445596,83.14
rate-2-repeat-2,105.09516668319702,430.67,418.7095483036949,422.86376210799756,85.84,124.87352720332166,204.51861948178117
rate-2-repeat-2,105.3471667766571,429.74,427.72235663086394,422.86376210799756,244.1,212.2612224532445,148.49061544692938
rate-2-repeat-2,105.59516668319702,410.91,426.9343747557332,422.86376210799756,85.84,182.77929168912362,205.73082338222713
rate-2-repeat-2,105.8471667766571,430.49,422.2613150775447,422.86376210799756,85.25,208.74341987804183,136.83887797935333
rate-2-repeat-2,106.09616661071777,425.79,427.7205869899134,422.86376210799756,247.4,168.75989644692095,194.9813816619667
rate-2-repeat-2,106.40416669845581,419.94,421.15110321961686,422.86376210799756,85.25,179.7921983752105,83.14
rate-2-repeat-2,106.5971667766571,435.89,418.06235126559966,422.86376210799756,248.59,98.78502160557217,126.62474179344233
rate-2-repeat-2,106.84516668319702,423.41,430.40349103251424,422.86376210799756,244.96,148.14074781071287,157.8303818920228
rate-2-repeat-2,107.09816670417786,432.72,418.54686113589133,422.86376210799756,241.4,171.9571072559582,148.74461009121063
rate-2-repeat-2,107.34516668319702,423.09,429.0144425056176,422.86376210799756,243.18,167.8812675391702,160.45175688383767
rate-2-repeat-2,107.59816670417786,436.22,424.7074153715651,422.86376210799756,157.28,150.18989218473428,83.14
rate-2-repeat-2,107.8471667766571,425.79,411.8339953824521,422.86376210799756,244.96,104.46868257402859,143.32944614575865
rate-2-repeat-2,108.09616661071777,429.14,430.2080414183671,422.86376210799756,85.84,170.40421939848267,180.72913437142313
rate-2-repeat-2,108.3471667766571,431.26,422.61931259176663,422.86376210799756,249.18,168.62155586803073,83.14
rate-2-repeat-2,108.5971667766571,442.67,408.5804519498266,422.86376210799756,91.58,124.95326230473688,205.23963095579626
rate-2-repeat-2,108.84816670417786,425.67,432.19463472035375,422.86376210799756,246.48,204.57023844688734,121.43856170442349
rate-2-repeat-2,109.09616661071777,416.65,415.962310319031,422.86376210799756,87.95,116.80339282606772,83.14
rate-2-repeat-2,109.34816670417786,437.73,424.81849190697613,422.86376210799756,94.88,124.2165357790828,203.05535466733573
rate-2-repeat-2,109.5971667766571,421.3,427.54352809679517,422.86376210799756,246.48,192.6545763599621,95.21993688858946
rate-2-repeat-2,109.84616661071777,413.78,413.36492981805543,422.86376210799756,135.91,116.4775900823168,146.01635048596256
rate-2-repeat-2,110.09816670417786,429.57,426.980226923931,422.86376210799756,231.11,157.537291905286,136.24651430237634
rate-2-repeat-2,110.3471667766571,429.14,425.04766277504086,422.86376210799756,244.1,132.49140540462224,91.57635749552337
rate-2-repeat-2,110.59816670417786,434.23,413.64371703972154,422.86376210799756,235.33,132.78007414854142,205.73082338222713
rate-2-repeat-2,110.84616661071777,412.26,431.1385077304601,422.86376210799756,251.03,200.29447075393674,109.55839276484366
rate-2-repeat-2,111.0971667766571,427.46,422.41267476414936,422.86376210799756,85.84,134.51277769510133,163.32104329212365
rate-2-repeat-2,111.3471667766571,428.97,422.8195898761482,422.86376210799756,243.18,177.52218902120097,150.78434707581562
rate-2-repeat-2,111.60216665267944,428.97,424.0916876211409,422.86376210799756,90.39,151.89059343546273,110.63173742281904
rate-2-repeat-2,111.84916663169861,421.3,423.7330259944083,422.86376210799756,246.21,146.92644376113037,196.72222862661502
rate-2-repeat-2,112.10016679763794,440.3,422.82395870274036,422.86376210799756,89.79,182.1328331036815,83.14
rate-2-repeat-2,112.34916663169861,426.11,419.3165602320711,422.86376210799756,247.99,116.69134905502767,179.1100126537268
rate-2-repeat-2,112.5971667766571,436.81,429.716296613058,422.86376210799756,92.49,182.0097887071303,123.74420025757765
rate-2-repeat-2,113.14016675949097,435.75,429.09122041626114,422.86376210799756,86.17,166.85813501038413,205.73082338222713
rate-2-repeat-2,113.38916683197021,426.71,419.11600351485083,422.86376210799756,247.08,191.68385541127424,87.88363503866219
rate-2-repeat-2,113.63816666603088,424.01,416.2932145907065,422.86376210799756,244.44,101.41560061229578,122.33529603269623
rate-2-repeat-2,113.88816666603088,416.48,427.92947269991834,422.86376210799756,85.84,159.6373939405009,204.36440915147534
rate-2-repeat-2,114.13816666603088,419.67,418.9253100806009,422.86376210799756,85.57,189.57667735616798,83.14
rate-2-repeat-2,114.38916683197021,425.99,415.7198583446976,422.86376210799756,242.26,94.52299109496026,113.95450203035858
rate-2-repeat-2,114.64016675949097,415.56,429.17626997158015,422.86376210799756,227.53,151.96329241866852,205.73082338222713
rate-2-repeat-2,114.88816666603088,421.57,418.7748632968134,422.86376210799756,242.58,218.340326323844,159.4612101704643
rate-2-repeat-2,115.13716673851013,431.68,428.5179331331708,422.86376210799756,99.43,184.55830315602805,182.20130910281608
rate-2-repeat-2,115.39016675949097,431.26,419.34139321285073,422.86376210799756,248.32,168.982253237456,83.14
rate-2-repeat-2,115.64016675949097,427.91,416.67556490538675,422.86376210799756,85.84,100.43120033209372,131.43737620170566
rate-2-repeat-2,115.88916683197021,423.68,431.7404190268746,422.86376210799756,249.51,154.68527770228525,164.70638428187948
rate-2-repeat-2,116.13916683197021,436.81,425.4798464106461,422.86376210799756,88.6,180.4225743779221,156.01140793563752
rate-2-repeat-2,116.38916683197021,429.3,424.2647815887515,422.86376210799756,243.52,183.73951486371226,189.6887755959029
rate-2-repeat-2,116.63716673851013,413.61,424.1695808499058,422.86376210799756,86.17,208.79498817722344,178.94717947233107
rate-2-repeat-2,116.88816666603088,442.55,423.7414539051006,422.86376210799756,95.53,171.96339359820107,97.88649837160074
rate-2-repeat-2,117.13816666603088,421.57,422.99310021761306,422.86376210799756,239.28,112.43741786934609,129.03785066704086
rate-2-repeat-2,117.38916683197021,428.11,429.0442888393193,422.86376210799756,87.08,156.83578237964133,178.02388268711258
rate-2-repeat-2,117.64216661453247,420.53,418.82801789445415,422.86376210799756,100.02,165.61019256016073,83.14
rate-2-repeat-2,117.88916683197021,426.11,427.91449555751655,422.86376210799756,242.91,124.1392127896074,202.33763951316593
rate-2-repeat-2,118.38816666603088,427.91,423.55188667644245,422.86376210799756,86.49,170.49343879290285,197.11852786122762
rate-2-repeat-2,118.63916683197021,451.72,426.16723115398406,422.86376210799756,180.18,181.5833617085171,83.14
rate-2-repeat-2,118.88816666603088,423.41,416.0598397635368,422.86376210799756,248.91,87.63141767556615,95.02104584284183
rate-2-repeat-2,119.16616678237915,419.94,419.97095425281714,422.86376210799756,190.46,135.407442935955,205.73082338222713
rate-2-repeat-2,119.39016675949097,427.04,425.94261153409235,422.86376210799756,90.07,211.5264859157595,139.69149579325995
rate-2-repeat-2,119.64016675949097,415.46,428.25855245040015,422.86376210799756,99.75,168.7745988034847,186.1653254251704
rate-2-repeat-2,119.88916683197021,423.41,420.3573246476515,422.86376210799756,240.47,172.32928241482205,83.14
rate-2-repeat-2,120.13816666603088,425.35,427.00049749137605,422.86376210799756,86.17,121.11082935085841,192.33517659266684
rate-2-repeat-2,120.39116668701172,437.73,427.4085199051292,422.86376210799756,99.1,181.98850686125388,93.78367011992918
rate-2-repeat-2,120.64016675949097,430.34,413.25524130536536,422.86376210799756,241.4,112.68062499121802,138.77668873657734
rate-2-repeat-2,120.89016675949097,431.08,430.78790712086794,422.86376210799756,85.84,171.0347864810744,196.45942933556768
rate-2-repeat-2,121.13916683197021,427.31,423.64518320953346,422.86376210799756,246.48,209.26258226515043,159.8771463857109
rate-2-repeat-2,121.39016675949097,442.81,422.85792184068106,422.86376210799756,227.21,166.61936201617124,128.66498502452288
rate-2-repeat-2,121.63916683197021,415.56,424.73340276768863,422.86376210799756,247.46,122.66447319950419,83.14
rate-2-repeat-2,121.89016675949097,441.95,418.49905648478244,422.86376210799756,97.64,108.23676702823484,153.4079473125492
rate-2-repeat-2,122.14016675949097,425.79,422.504623462106,422.86376210799756,243.18,184.02795080287154,196.3217209319948
rate-2-repeat-2,122.39016675949097,433.51,422.8938252819609,422.86376210799756,86.17,188.4761184570852,99.51625811677174
rate-2-repeat-2,122.63916683197021,431.68,417.37173201560444,422.86376210799756,244.71,139.77408306679592,205.73082338222713
rate-2-repeat-2,122.89016675949097,426.86,428.88234230253545,422.86376210799756,87.08,204.57993143859412,122.40915619619443
rate-2-repeat-2,123.14016675949097,430.22,423.31321777705983,422.86376210799756,241.99,148.62543684119134,171.95562591269442
rate-2-repeat-2,123.44316673278809,432.27,423.1787041352015,422.86376210799756,85.57,170.46721342365763,109.73425595638207
rate-2-repeat-2,123.64016675949097,447.95,421.41243845038815,422.86376210799756,98.51,119.5052892604761,119.95848144850885
rate-2-repeat-2,123.89016675949097,422.82,428.6995555373612,422.86376210799756,246.81,157.41183502511063,205.73082338222713
rate-2-repeat-2,124.13916683197021,420.53,419.89522216523187,422.86376210799756,85.57,220.74623229363402,169.15406746179661
rate-2-repeat-2,124.39116668701172,434.1,429.24049261756096,422.86376210799756,243.18,181.84196174265827,149.237057144657
rate-2-repeat-2,124.64116668701172,427.04,424.95732860611196,422.86376210799756,245.62,140.33016530242827,83.14
rate-2-repeat-2,124.89016675949097,432.45,411.0878226062828,422.86376210799756,233.82,102.72408295340932,137.3563192568808
rate-2-repeat-2,125.14116668701172,422.82,429.8593990617681,422.86376210799756,241.99,172.91051102711248,205.73082338222713
rate-2-repeat-2,125.3931667804718,432.27,417.104217006112,422.86376210799756,86.17,191.3016549261268,85.09490098754979
rate-2-repeat-2,125.6431667804718,427.46,419.24474495807357,422.86376210799756,246.48,125.9507440921517,202.98180719046033
rate-2-repeat-2,125.89216661453247,412.42,430.4601641811768,422.86376210799756,87.36,192.00911988830205,93.19303961262482
rate-2-repeat-2,126.14116668701172,430.22,414.92286310181345,422.86376210799756,85.57,115.48280130004412,148.14391781728278
rate-2-repeat-2,126.39416670799255,418.6,426.5301635182094,422.86376210799756,240.15,177.76118514804875,191.83405863759342
rate-2-repeat-2,126.6431667804718,426.86,426.07126072397796,422.86376210799756,86.17,185.00943770698072,101.71577915948886
rate-2-repeat-2,126.8931667804718,432.92,422.7412977764572,422.86376210799756,206.43,141.54196063924888,205.73082338222713
rate-2-repeat-2,127.14216661453247,419.79,426.5474518849739,422.86376210799756,174.49,202.73401276196708,119.17500366026832
rate-2-repeat-2,127.39416670799255,431.53,423.52003595471155,422.86376210799756,87.08,146.24853212309534,173.27773685074737
rate-2-repeat-2,127.64016675949097,422.82,423.0209056915507,422.86376210799756,240.15,172.71445988372543,113.09853013770356
rate-2-repeat-2,127.8931667804718,432.59,423.9524366270592,422.86376210799756,85.84,147.9570606880612,195.39293019496878
rate-2-repeat-2,128.1451666355133,427.18,429.90989904820316,422.86376210799756,241.07,187.9979027207551,102.28767581061868
rate-2-repeat-2,128.3931667804718,432.59,415.0563014090496,422.86376210799756,94.61,120.15488120342957,139.30222595827246
rate-2-repeat-2,128.64416670799255,433.64,424.65353229381986,422.86376210799756,228.99,154.73762313098715,145.1812084825656
rate-2-repeat-2,128.89216661453247,430.67,427.343463202459,422.86376210799756,86.17,137.3454247803527,83.14
rate-2-repeat-2,129.14416670799255,429.57,413.0886272754926,422.86376210799756,248.32,102.84925969323521,138.48813531574433
rate-2-repeat-2,129.39416670799255,417.24,431.7144793751879,422.86376210799756,88.6,162.91913018785695,171.20987117122706
rate-2-repeat-2,129.6451666355133,437.41,422.1596084389706,422.86376210799756,85.84,159.95589208597968,83.14
rate-2-repeat-2,129.8931667804718,425.2,414.7501638391143,422.86376210799756,243.18,124.85029292598267,204.14460908847
rate-2-repeat-2,130.1431667804718,415.29,429.39867528347315,422.86376210799756,145.54,202.64350786401133,119.88811685767938
rate-2-repeat-2,130.3951666355133,424.48,415.6298134545677,422.86376210799756,99.75,139.67367121510608,151.75898365911166
rate-2-repeat-2,130.64416670799255,423.89,429.012981803581,422.86376210799756,142.24,180.5508714800622,190.25322703401775
rate-2-repeat-2,130.89416670799255,423.57,423.5768734765166,422.86376210799756,85.84,181.0636714295843,95.83675400429051
rate-2-repeat-2,131.14416670799255,435.89,413.60222828044573,422.86376210799756,211.24,136.5332409993907,205.73082338222713
rate-2-repeat-2,131.39216661453247,423.09,430.84890321129103,422.86376210799756,245.88,205.50743483033426,123.99669433421113
rate-2-repeat-2,131.64116668701172,422.65,420.46712602744515,422.86376210799756,85.57,120.05634856342442,87.26761795933548
rate-2-repeat-2,131.89416670799255,443.46,412.2927609113723,422.86376210799756,99.43,127.44728206798287,199.9133345302538
rate-2-repeat-2,132.14816665649414,437.59,430.1967218591009,422.86376210799756,241.99,185.66251199268217,83.14
rate-2-repeat-2,132.3951666355133,430.93,420.5306793598549,422.86376210799756,244.69,108.9309114454408,154.9741920644246
rate-2-repeat-2,132.6431667804718,436.08,421.11052066235266,422.86376210799756,248.32,172.3479746171193,157.2130662977171
rate-2-repeat-2,132.8931667804718,431.08,425.74438741286315,422.86376210799756,244.37,147.75466744992778,83.14
rate-2-repeat-2,133.1431667804718,431.4,414.15368693175884,422.86376210799756,86.17,108.20870589537842,153.2035440355799
rate-2-repeat-2,133.39416670799255,438.0,430.6845715324911,422.86376210799756,249.51,168.31969620577635,149.65156618152275
rate-2-repeat-2,133.6431667804718,422.38,422.76903093551414,422.86376210799756,86.17,173.1680752775073,174.33808211473604
rate-2-repeat-2,133.89816665649414,436.81,423.5092439577655,422.86376210799756,85.57,194.71477474078654,174.1931126992606
rate-2-repeat-2,134.14416670799255,436.67,423.79352714932577,422.86376210799756,242.58,175.38852054197568,119.72448101540496
rate-2-repeat-2,134.39416670799255,428.7,422.1080735182345,422.86376210799756,192.25,151.2127401172143,185.48720910611047
rate-2-repeat-2,134.6431667804718,423.57,423.1976070586917,422.86376210799756,249.25,172.49844131179478,83.14
rate-2-repeat-2,134.8931667804718,411.51,419.4403348047448,422.86376210799756,86.49,96.26931353710656,119.2694028466756
rate-2-repeat-2,135.14416670799255,425.2,430.8934359509888,422.86376210799756,246.21,156.00819506186218,201.95304870388293
rate-2-repeat-2,135.39416670799255,429.3,417.7024874423432,422.86376210799756,241.99,186.64492384402018,83.14
rate-2-repeat-2,135.64416670799255,444.92,415.68791035483247,422.86376210799756,102.14,116.83372401238162,180.45659358221536
rate-2-repeat-2,135.89416670799255,430.22,429.11366749036364,422.86376210799756,250.11,187.66279250381274,134.68687302027794
rate-2-repeat-2,136.14416670799255,441.62,417.87321761819294,422.86376210799756,85.84,144.88863815403883,128.32830834200954
rate-2-repeat-2,136.3951666355133,423.41,424.9339104381665,422.86376210799756,248.59,154.1733403527261,172.03621164551475
rate-2-repeat-2,136.64616680145264,431.68,421.64141736789674,422.86376210799756,86.17,160.5573390417257,83.14
rate-2-repeat-2,136.8971667289734,419.79,418.5773646018803,422.86376210799756,241.07,95.57693531496615,117.96472198315828
rate-2-repeat-2,137.1451666355133,434.38,420.77715945236434,422.86376210799756,247.4,146.09412418171064,173.9898671986399
rate-2-repeat-2,137.39416670799255,433.04,422.5157873898805,422.86376210799756,246.81,163.07457259881392,83.14
rate-2-repeat-2,137.6451666355133,432.92,418.89925246015787,422.86376210799756,87.08,92.1928079766248,108.44894184924142
rate-2-repeat-2,137.8931667804718,436.35,420.74260396987273,422.86376210799756,238.69,147.5962187106802,205.73082338222713
rate-2-repeat-2,138.14916682243347,424.48,422.8442933883099,422.86376210799756,85.84,217.35425754139396,157.5020555098448
rate-2-repeat-2,138.39616680145264,434.1,427.8163777067336,422.86376210799756,251.03,190.57200833680872,205.73082338222713
rate-2-repeat-2,138.6451666355133,423.09,427.3983792375352,422.86376210799756,87.95,191.76582135230154,90.31647821686784
rate-2-repeat-2,138.8951666355133,441.95,417.6918530087075,422.86376210799756,85.84,127.9205407715266,193.34020873501797
rate-2-repeat-2,139.1451666355133,418.86,429.63720863197227,422.86376210799756,243.5,178.79649764460825,83.14
rate-2-repeat-2,139.3971667289734,431.68,423.1248171677947,422.86376210799756,87.08,109.08461085873675,156.49265327913895
rate-2-repeat-2,139.64816665649414,437.59,423.8933557967261,422.86376210799756,99.1,175.3497657077186,162.08573074589717
rate-2-repeat-2,139.8971667289734,432.59,421.9529589492704,422.86376210799756,239.55,157.9433448978882,99.40421799950107
rate-2-repeat-2,140.14616680145264,435.3,414.608899443066,422.86376210799756,88.27,139.20230115712602,205.73082338222713
rate-2-repeat-2,140.39616680145264,416.48,429.92184098089876,422.86376210799756,127.14,206.99584786188612,127.54118904596166
rate-2-repeat-2,140.6451666355133,428.7,422.9252209551561,422.86376210799756,86.17,153.326636817492,171.8626649465405
rate-2-repeat-2,140.89616680145264,446.76,423.19866062127215,422.86376210799756,179.32,193.43444904052825,176.7868753641182
rate-2-repeat-2,141.14616680145264,425.08,422.5512446920955,422.86376210799756,242.26,164.51326395072005,83.14
rate-2-repeat-2,141.39616680145264,417.83,418.6224173191095,422.86376210799756,85.84,111.47827099922232,164.01403576106668
rate-2-repeat-2,141.64816665649414,425.52,423.02318072479875,422.86376210799756,97.64,183.37282712285804,164.93207843789762
rate-2-repeat-2,141.89616680145264,420.97,421.3927909744082,422.86376210799756,244.1,164.66077432423606,109.45098754919398
rate-2-repeat-2,142.1451666355133,427.78,425.31218295924117,422.86376210799756,85.84,136.36468089251773,167.99005979338074
rate-2-repeat-2,142.3971667289734,437.41,421.32594403126956,422.86376210799756,85.57,175.0818373409242,132.06038175583168
rate-2-repeat-2,142.6541666984558,431.4,426.6124753331403,422.86376210799756,216.99,152.68050751962403,158.60030781563322
rate-2-repeat-2,142.8971667289734,443.92,427.7875949861158,422.86376210799756,86.26,148.48759319277966,83.14
rate-2-repeat-2,143.14616680145264,432.45,416.59520442383666,422.86376210799756,246.81,124.87946094126605,204.67017041920877
rate-2-repeat-2,143.3971667289734,429.3,430.29383090106523,422.86376210799756,86.49,211.81559040167218,146.28206582823313
rate-2-repeat-2,143.6451666355133,426.27,424.33104504341173,422.86376210799756,241.4,164.59748440164125,157.20644563627104
rate-2-repeat-2,143.89816665649414,427.78,424.54280525951964,422.86376210799756,85.84,182.0586674285472,181.77974187041326
rate-2-repeat-2,144.14916682243347,435.16,420.6539472106948,422.86376210799756,239.55,175.71372159442305,102.74772194814943
rate-2-repeat-2,144.39816665649414,433.96,420.06664706567017,422.86376210799756,94.88,132.76608290269792,174.69442041157703
rate-2-repeat-2,144.6471667289734,426.44,426.9775205029551,422.86376210799756,246.81,163.05648262489808,83.14
rate-2-repeat-2,144.8971667289734,417.56,423.36966916941907,422.86376210799756,86.17,115.15090511276672,174.26484550603027
rate-2-repeat-2,145.15016674995422,447.35,423.0035252678495,422.86376210799756,85.57,191.00722532120736,162.9393875411617
rate-2-repeat-2,145.39916682243347,426.44,420.3302823134074,422.86376210799756,238.69,164.89186767302584,117.27139919300676
rate-2-repeat-2,145.64816665649414,418.27,424.281052053397,422.86376210799756,85.84,155.24913807356046,205.73082338222713
rate-2-repeat-2,145.8971667289734,438.33,421.42557750009,422.86376210799756,85.57,191.02785965584422,84.16171281678133
rate-2-repeat-2,146.14816665649414,432.45,417.76521367262416,422.86376210799756,241.66,94.72300115883158,112.11581464773818
rate-2-repeat-2,146.39916682243347,411.24,428.68022470958925,422.86376210799756,105.43,150.77560226546404,205.73082338222713
rate-2-repeat-2,146.64916682243347,436.94,418.90182392056374,422.86376210799756,236.57,198.13244603245508,103.23813076519559
rate-2-repeat-2,146.89916682243347,430.81,423.0491719236041,422.86376210799756,240.15,135.09150884915113,181.69518899213534
rate-2-repeat-2,147.14916682243347,430.93,422.50285962873045,422.86376210799756,243.25,174.86174323085797,97.93782068049696
rate-2-repeat-2,147.39816665649414,426.27,420.2717990068519,422.86376210799756,95.2,110.02158126460668,121.21322939439705
rate-2-repeat-2,147.64816665649414,443.46,420.3747962422091,422.86376210799756,86.17,152.87479079324967,186.85044462915963
rate-2-repeat-2,147.8971667289734,424.92,422.9700764135672,422.86376210799756,136.5,174.110274288179,83.14
rate-2-repeat-2,148.14816665649414,420.86,419.4739675985594,422.86376210799756,85.84,93.68674794389786,111.6481214192514
rate-2-repeat-2,148.40016674995422,435.03,419.5666542201644,422.86376210799756,240.15,149.97395907377012,205.73082338222713
rate-2-repeat-2,148.64916682243347,451.85,423.40566604479466,422.86376210799756,204.32,192.070486842702,85.58260304053083
rate-2-repeat-2,148.89916682243347,428.38,419.41674553226045,422.86376210799756,247.08,92.69642771543214,103.15649364582706
rate-2-repeat-2,149.17016673088074,432.27,414.52549139916124,422.86376210799756,89.79,142.9820150525956,205.73082338222713
rate-2-repeat-2,149.39816665649414,432.13,429.3611709083494,422.86376210799756,125.94,195.0184540621168,93.98088060398405
rate-2-repeat-2,149.64816665649414,422.82,420.7719121839314,422.86376210799756,103.32,124.0468122377107,172.87211858466833
rate-2-repeat-2,149.90016674995422,429.57,423.00533480998774,422.86376210799756,85.84,188.28793283901717,157.63248293312225
rate-2-repeat-2,150.15016674995422,439.7,423.6643297153232,422.86376210799756,239.28,162.12473750060906,122.07687703669671
rate-2-repeat-2,150.40016674995422,431.53,426.9513035304299,422.86376210799756,247.08,146.27573132470428,164.2989945287754
rate-2-repeat-2,150.64916682243347,432.59,420.63046975330235,422.86376210799756,90.98,153.76551835264854,83.14
rate-2-repeat-2,150.90016674995422,430.49,417.54249671903926,422.86376210799756,240.8,119.68777559111119,188.24733521669793
rate-2-repeat-2,151.15016674995422,418.43,430.5153954227211,422.86376210799756,246.21,181.82566492719968,100.89853084379381
rate-2-repeat-2,151.40016674995422,416.75,418.81151106552977,422.86376210799756,85.57,119.95459782281672,142.80192133161847
rate-2-repeat-2,151.65116667747498,427.78,431.3330883050942,422.86376210799756,247.08,171.4534277216279,186.70979622089817
rate-2-repeat-2,151.89816665649414,439.24,422.2982915497111,422.86376210799756,183.54,172.6574794323992,83.14
rate-2-repeat-2,152.14816665649414,423.41,408.2398004194089,422.86376210799756,249.84,123.37499471709363,199.41258806930648
rate-2-repeat-2,152.40016674995422,439.84,432.1842692968419,422.86376210799756,85.84,185.12625518324273,83.14
rate-2-repeat-2,152.65216660499573,430.01,416.1636415641594,422.86376210799756,249.84,83.14,83.14
rate-2-repeat-2,152.90216660499573,435.03,414.8417988482564,422.86376210799756,242.66,121.30617862702337,194.149923788279
rate-2-repeat-2,153.14916682243347,420.27,430.73707374435776,422.86376210799756,244.69,197.35937103023707,128.03240152384967
rate-2-repeat-2,153.39916682243347,416.32,416.7340503023002,422.86376210799756,85.84,122.6698003309238,83.14
rate-2-repeat-2,153.64916682243347,431.4,419.6407305281897,422.86376210799756,99.1,119.67450990467093,188.05833281022865
rate-2-repeat-2,153.89816665649414,427.04,429.0512747098841,422.86376210799756,242.26,193.62179782077675,134.27436878275935
rate-2-repeat-2,154.15016674995422,429.14,417.0585984405684,422.86376210799756,241.99,170.20426666974146,205.73082338222713
rate-2-repeat-2,154.40116667747498,425.99,431.5522707843247,422.86376210799756,244.69,201.1543937020106,114.31389009126991
rate-2-repeat-2,154.65016674995422,438.6,422.3991759601057,422.86376210799756,85.57,137.52740370473225,159.7574477959051
rate-2-repeat-2,154.9081666469574,423.41,422.4975130506208,422.86376210799756,242.91,173.08551235781857,147.44622715313693
rate-2-repeat-2,155.15016674995422,434.1,424.72269305801325,422.86376210799756,241.07,139.06043824336484,83.14
rate-2-repeat-2,155.40516662597656,437.14,419.02400138705906,422.86376210799756,226.02,108.34660050228636,154.44713495376814
rate-2-repeat-2,155.65216660499573,419.79,423.1300364555545,422.86376210799756,237.77,180.9600338156132,183.54152577783304
rate-2-repeat-2,155.90116667747498,420.11,425.8503605824537,422.86376210799756,85.84,204.60559917160555,179.27314250335257
rate-2-repeat-2,156.15216660499573,425.35,423.5103566309031,422.86376210799756,238.96,197.72756602731423,170.95394907008517
rate-2-repeat-2,156.40216660499573,429.89,421.97764648283254,422.86376210799756,85.84,173.78283657587485,123.48289184690863
rate-2-repeat-2,156.65216660499573,416.48,423.54123094162236,422.86376210799756,246.21,150.15027651823777,172.575274797974
rate-2-repeat-2,156.90116667747498,427.78,421.92223760609687,422.86376210799756,107.27,161.27721655591407,83.14
rate-2-repeat-2,157.15316677093506,437.73,419.2733449103507,422.86376210799756,249.84,121.15750301149166,192.71283447103525
rate-2-repeat-2,157.40216660499573,420.86,430.95394033068345,422.86376210799756,88.87,186.3121600851241,103.13283801743073
rate-2-repeat-2,157.65116667747498,436.22,418.76885589683525,422.86376210799756,239.9,123.38775814853427,146.98010591490606
rate-2-repeat-2,157.90116667747498,430.34,431.17308990911937,422.86376210799756,243.77,171.3852693268194,175.66888339089775
rate-2-repeat-2,158.15216660499573,432.0,424.6357441084822,422.86376210799756,248.32,193.6605184978016,170.10958761115035
rate-2-repeat-2,158.40316677093506,411.51,423.4969472578326,422.86376210799756,113.28,171.01911059478442,115.93491960544091
rate-2-repeat-2,158.6541666984558,431.4,422.7061181455907,422.86376210799756,85.84,111.612493182676,83.14
rate-2-repeat-2,158.90316677093506,434.1,419.1159271741178,422.86376210799756,241.4,111.40233438241566,163.28893347935997
rate-2-repeat-2,159.15216660499573,440.57,423.3572635367309,422.86376210799756,87.08,179.6889442954086,156.25908820998762
rate-2-repeat-2,159.40316677093506,439.38,423.9199024794377,422.86376210799756,245.88,183.00522321712305,185.7815146786565
rate-2-repeat-2,159.65216660499573,444.33,429.9796298174652,422.86376210799756,86.49,192.85173274095666,139.49626514286618
rate-2-repeat-2,159.90216660499573,435.3,416.5295970810893,422.86376210799756,246.48,150.69445457864617,134.19413273113616
rate-2-repeat-2,160.1541666984558,435.75,427.73027930758377,422.86376210799756,178.66,169.8859033900904,205.73082338222713
rate-2-repeat-2,160.4041666984558,444.92,425.48262285082,422.86376210799756,90.71,192.52329412844352,90.73165508545627
rate-2-repeat-2,160.6541666984558,432.59,422.8866165829833,422.86376210799756,95.2,132.05399442588563,205.73082338222713
rate-2-repeat-2,160.90216660499573,437.73,425.984333001328,422.86376210799756,248.32,192.53351741973898,90.83100253333927
rate-2-repeat-2,161.15316677093506,429.3,411.7682402694343,422.86376210799756,94.61,113.44150753689436,149.12035760371373
rate-2-repeat-2,161.4041666984558,427.31,426.4425440379935,422.86376210799756,239.87,177.32373295178655,186.82186401125634
rate-2-repeat-2,161.65316677093506,451.85,424.98699561208537,422.86376210799756,99.1,180.5027033610526,101.04156915472907
rate-2-repeat-2,161.90316677093506,434.23,422.10174178135543,422.86376210799756,247.4,140.91216796189383,205.73082338222713
rate-2-repeat-2,162.1541666984558,444.65,426.7674165877834,422.86376210799756,244.37,198.57446378688138,106.25887772223359
rate-2-repeat-2,162.40316677093506,430.22,419.9276903209327,422.86376210799756,100.02,133.0912419006148,168.11087528020647
rate-2-repeat-2,162.65216660499573,435.3,422.5886371487196,422.86376210799756,85.84,191.28509681809476,178.93157111811598
rate-2-repeat-2,162.90216660499573,435.89,423.03118196864835,422.86376210799756,246.81,178.21293312680268,113.6970537316054
rate-2-repeat-2,163.15216660499573,440.7,423.24326691821244,422.86376210799756,116.31,152.12705894389418,205.73082338222713
rate-2-repeat-2,163.4041666984558,432.45,422.67149534101986,422.86376210799756,244.44,197.0383493971468,101.33445476372563
rate-2-repeat-2,163.65316677093506,449.93,418.77894715882667,422.86376210799756,102.14,107.9687193302291,107.64665013617228
rate-2-repeat-2,163.90216660499573,422.05,425.336439996305,422.86376210799756,247.08,145.333227455989,200.2412204088199
rate-2-repeat-2,164.15216660499573,449.46,420.8562220906687,422.86376210799756,85.84,202.87621074652589,130.58482122863566
rate-2-repeat-2,164.40516662597656,426.86,427.3097052598282,422.86376210799756,247.46,155.86497816483762,171.57173650116675
rate-2-repeat-2,164.6541666984558,415.46,420.98092177990344,422.86376210799756,86.76,159.74010763973394,83.14
rate-2-repeat-2,164.90516662597656,443.73,418.67455557211156,422.86376210799756,85.84,123.34803770377394,199.28269387016553
rate-2-repeat-2,165.1541666984558,445.11,431.6151380676982,422.86376210799756,241.07,191.30834314557183,101.23707521205586
rate-2-repeat-2,165.40216660499573,419.94,416.2850459289076,422.86376210799756,86.49,98.93697231245744,83.14
rate-2-repeat-2,165.65216660499573,443.73,425.2685683346784,422.86376210799756,85.25,122.66470076867967,197.58925026892518
rate-2-repeat-2,165.90516662597656,430.49,427.20193439370166,422.86376210799756,241.4,207.06135308970593,150.46827772380374
rate-2-repeat-2,166.1561667919159,459.41,420.5329293456317,422.86376210799756,178.39,184.08418179269506,205.73082338222713
rate-2-repeat-2,166.4061667919159,437.86,428.4507895122013,422.86376210799756,250.7,200.22022614117702,111.24846991498777
rate-2-repeat-2,166.6541666984558,433.51,418.2756452697165,422.86376210799756,85.84,110.41415014960904,91.2037403858013
rate-2-repeat-2,166.90516662597656,438.0,419.11130401022245,422.86376210799756,242.26,129.50579779366737,195.84672256310387
rate-2-repeat-2,167.1541666984558,420.27,426.6186794898817,422.86376210799756,238.36,193.43336677727723,115.17287443434807
rate-2-repeat-2,167.4061667919159,430.49,428.41727297875616,422.86376210799756,85.57,153.6152522662338,205.73082338222713
rate-2-repeat-2,167.6561667919159,432.27,420.95075932459775,422.86376210799756,238.36,215.76026265542907,157.2675408491032
rate-2-repeat-2,167.9061667919159,440.11,428.72963980654833,422.86376210799756,149.44,177.42654523488574,167.33042833979354
rate-2-repeat-2,168.15516662597656,441.62,425.81548684433983,422.86376210799756,248.91,158.62738631240865,90.11385881928784
rate-2-repeat-2,168.4041666984558,422.65,420.13231285525364,422.86376210799756,86.17,130.0408154306213,200.71724279222389
rate-2-repeat-2,168.65516662597656,439.84,427.90986432915275,422.86376210799756,85.57,185.11179503002685,83.14
rate-2-repeat-2,168.90516662597656,439.7,423.3144518974244,422.86376210799756,242.91,111.34183335529171,162.84118328910404
rate-2-repeat-2,169.1581666469574,456.06,424.0546881958832,422.86376210799756,221.8,165.8220260675447,118.80117179493816
rate-2-repeat-2,169.40516662597656,428.82,420.26399556490117,422.86376210799756,240.47,122.93739815467733,106.52200341024479
rate-2-repeat-2,169.6541666984558,434.1,424.6821754239977,422.86376210799756,85.84,137.00644228125097,178.02154290817583
rate-2-repeat-2,169.9061667919159,436.67,421.5060573478344,422.86376210799756,188.02,183.88756683532307,131.62151165168035
rate-2-repeat-2,170.1561667919159,434.7,429.1401427373971,422.86376210799756,238.36,167.31736718824962,205.73082338222713
rate-2-repeat-2,170.4061667919159,437.14,425.8230657714597,422.86376210799756,85.25,191.54676299740254,89.75280198953563
rate-2-repeat-2,170.65716671943665,443.27,422.55145476226096,422.86376210799756,88.6,130.3755673281936,202.20937954430497
rate-2-repeat-2,170.9061667919159,445.25,426.2067753088013,422.86376210799756,153.06,186.22454441313846,83.14
rate-2-repeat-2,171.1561667919159,436.22,414.08730768170284,422.86376210799756,247.4,107.57466072132205,152.24858625264295
rate-2-repeat-2,171.4061667919159,441.95,430.130326570091,422.86376210799756,85.84,181.0498770603584,190.01386627071508
rate-2-repeat-2,171.6561667919159,438.6,422.2034546891828,422.86376210799756,243.77,207.78437753307873,172.74671984287852
rate-2-repeat-2,171.90516662597656,424.48,423.5256813361718,422.86376210799756,246.21,183.9938220532071,145.83869054201958
rate-2-repeat-2,172.15716671943665,462.38,424.6606138141719,422.86376210799756,103.97,153.3186559218733,126.80963286453677
rate-2-repeat-2,172.40516662597656,424.76,431.091195497451,422.86376210799756,245.62,155.41674960494404,179.77478708739645
rate-2-repeat-2,172.65716671943665,440.3,417.69640857174244,422.86376210799756,223.91,166.7273362684175,83.14
rate-2-repeat-2,172.9061667919159,429.3,422.56337684517706,422.86376210799756,245.88,121.89483366081714,194.9363107854883
rate-2-repeat-2,173.1561667919159,432.59,428.7404381016627,422.86376210799756,85.84,192.64003179404068,114.92670869868464
rate-2-repeat-2,173.44016671180725,436.48,414.0356811110725,422.86376210799756,250.43,130.43967594825864,136.94181672691133
rate-2-repeat-2,173.65516662597656,428.11,424.0324135346077,422.86376210799756,87.36,155.92757755718821,154.65388059226314
rate-2-repeat-2,173.9061667919159,445.57,427.3658277818477,422.86376210799756,85.25,145.72033763183083,83.14
rate-2-repeat-2,174.1561667919159,429.42,412.34528161018335,422.86376210799756,241.07,100.21908843321214,129.64775133159623
rate-2-repeat-2,174.40716671943665,435.89,425.05331981096487,422.86376210799756,85.84,165.73196708398592,205.73082338222713
rate-2-repeat-2,174.6581666469574,437.73,420.194760978622,422.86376210799756,125.94,192.8365803081429,88.30002769623574
rate-2-repeat-2,174.90716671943665,438.6,423.7431469112708,422.86376210799756,85.84,128.6992003939331,201.34052411813866
rate-2-repeat-2,175.1581666469574,441.81,429.2229484912977,422.86376210799756,237.17,197.04136678215804,112.75951283279541
rate-2-repeat-2,175.40716671943665,430.01,414.37826325391563,422.86376210799756,241.07,131.00397818150594,145.50077622902828
rate-2-repeat-2,175.65516662597656,428.11,426.4036464380932,422.86376210799756,85.57,171.4643541236694,178.37527101679564
rate-2-repeat-2,175.90916681289673,450.98,425.9372071521718,422.86376210799756,177.47,166.4202997844924,83.14
rate-2-repeat-2,176.16016674041748,437.14,411.495941700456,422.86376210799756,96.12,102.04532686599123,136.06683554605522
rate-2-repeat-2,176.40916681289673,444.06,424.6833782707567,422.86376210799756,250.11,168.79790875765542,195.3728801794179
rate-2-repeat-2,176.6561667919159,421.45,426.12552907847385,422.86376210799756,87.08,183.69774268076299,88.7428727200011
rate-2-repeat-2,176.90716671943665,445.84,422.42340672933113,422.86376210799756,231.46,130.1576203693727,204.17536614461187
rate-2-repeat-2,177.1581666469574,431.4,426.5277987128805,422.86376210799756,89.2,187.9018749060062,83.14
rate-2-repeat-2,177.40916681289673,449.73,418.8443552696241,422.86376210799756,99.43,108.23688788049665,153.41645950354626
rate-2-repeat-2,177.66016674041748,433.37,421.392759052507,422.86376210799756,245.29,164.7919531785636,138.2034650695254
rate-2-repeat-2,177.9081666469574,433.51,424.2257840894167,422.86376210799756,85.84,138.57652150524854,102.8913395538037
rate-2-repeat-2,178.15716671943665,453.36,419.87191740875966,422.86376210799756,100.02,142.58918261080981,205.73082338222713
rate-2-repeat-2,178.4081666469574,427.18,428.0549873507533,422.86376210799756,241.66,196.4349594036898,100.12302700593642
rate-2-repeat-2,178.6581666469574,460.01,417.7818367639577,422.86376210799756,85.84,127.76208952475892,167.84052336493858
rate-2-repeat-2,178.90916681289673,428.82,421.93251293430194,422.86376210799756,247.08,167.41390160785807,109.79981709457269
rate-2-repeat-2,179.18416666984558,442.21,425.39527149278706,422.86376210799756,89.46,106.526456115161,83.14
rate-2-repeat-2,179.41016674041748,443.46,415.93653495653484,422.86376210799756,247.72,109.17629185511035,157.19070419398201
rate-2-repeat-2,179.65716671943665,430.49,419.77833586235727,422.86376210799756,132.6,182.88423806174194,181.3421040059295
rate-2-repeat-2,179.9081666469574,447.35,425.6632952001832,422.86376210799756,96.72,180.093879246956,111.83198627104704
rate-2-repeat-2,180.16116666793823,447.35,430.4998331401988,422.86376210799756,91.58,144.11818698197777,185.47932520919102
rate-2-repeat-2,180.41016674041748,431.68,419.165638236318,422.86376210799756,243.18,190.23375335653927,134.4648778436011
rate-2-repeat-2,180.6581666469574,434.1,428.5238203137271,422.86376210799756,94.29,169.91045804536154,205.73082338222713
rate-2-repeat-2,180.91016674041748,447.03,419.5163202551788,422.86376210799756,121.13,190.01592806571307,84.34564199722219
rate-2-repeat-2,181.15916681289673,438.0,416.8384145993709,422.86376210799756,241.99,99.73398624970602,125.36238157128508
rate-2-repeat-2,181.41116666793823,439.38,426.3250023706761,422.86376210799756,249.84,147.49276007187893,159.52205726571754
rate-2-repeat-2,181.66016674041748,435.3,420.491009795618,422.86376210799756,241.07,174.33812128783964,149.91182877708394
rate-2-repeat-2,181.90716671943665,426.59,429.74891042681895,422.86376210799756,85.84,173.40924216231258,175.05113362097458
rate-2-repeat-2,182.15916681289673,450.39,424.4537191113854,422.86376210799756,206.22,167.1489153018431,95.8877765666648
rate-2-repeat-2,182.40916681289673,430.22,414.947135450204,422.86376210799756,242.58,134.24649424556137,197.7025670798767
rate-2-repeat-2,182.6581666469574,423.24,430.50213357342506,422.86376210799756,86.17,183.05884639657057,83.14
rate-2-repeat-2,182.90916681289673,434.38,420.1432800689141,422.86376210799756,239.55,85.06343189257194,88.59214079124506
rate-2-repeat-2,183.15916681289673,430.49,414.7822871712589,422.86376210799756,240.47,130.24802625585968,205.73082338222713
rate-2-repeat-2,183.41216659545898,441.62,429.09932260262985,422.86376210799756,86.17,191.42615466861264,85.19969254611699
rate-2-repeat-2,183.65916681289673,432.92,419.2962547022848,422.86376210799756,246.21,84.96216683564023,83.14
rate-2-repeat-2,183.90916681289673,438.6,419.62682555289473,422.86376210799756,86.17,124.97553502965414,205.56566604302122
rate-2-repeat-2,184.16016674041748,439.24,426.43739763694265,422.86376210799756,247.4,192.49355569321432,88.32873496289008
rate-2-repeat-2,184.40916681289673,429.89,414.888688735518,422.86376210799756,245.88,112.86930499499975,153.30826898034866
rate-2-repeat-2,184.6581666469574,442.21,431.1133686744992,422.86376210799756,91.9,180.50851666204193,186.37257001506066
rate-2-repeat-2,184.91116666793823,433.78,420.7773508787477,422.86376210799756,247.72,176.67042417015114,92.95494297845455
rate-2-repeat-2,185.16016674041748,418.43,411.77810620721095,422.86376210799756,86.76,132.63113444869992,201.17534296658613
rate-2-repeat-2,185.41316676139832,428.38,430.6143671496975,422.86376210799756,96.72,186.65339804703268,83.14
rate-2-repeat-2,185.65916681289673,425.52,425.7078520183728,422.86376210799756,242.26,113.58467230079219,169.29493840244592
rate-2-repeat-2,185.91016674041748,436.48,423.5085590238862,422.86376210799756,85.84,190.79786264964395,176.41532841179668
rate-2-repeat-2,186.16016674041748,434.7,420.06432157260264,422.86376210799756,247.08,175.0863950144095,113.33057333460792
rate-2-repeat-2,186.41116666793823,432.0,425.73808242670157,422.86376210799756,85.84,145.22467293265072,185.09468994183214
rate-2-repeat-2,186.66316676139832,430.81,420.7122930028444,422.86376210799756,240.15,172.19715929112795,83.14
rate-2-repeat-2,186.91316676139832,428.97,423.40066614003814,422.86376210799756,86.17,118.26616744748546,184.52974889111863
rate-2-repeat-2,187.15916681289673,441.95,428.9231529049626,422.86376210799756,85.57,195.1421440245962,148.1052810776929
rate-2-repeat-2,187.41116666793823,440.89,414.7019639567626,422.86376210799756,198.58,156.1344091458359,128.43848313591644
rate-2-repeat-2,187.6581666469574,431.08,425.01699109155686,422.86376210799756,243.18,162.69814281235028,197.79371817438647
rate-2-repeat-2,187.90916681289673,438.0,420.82959895615295,422.86376210799756,86.17,183.35428354164932,83.14
rate-2-repeat-2,188.16316676139832,433.78,417.69946157372505,422.86376210799756,241.99,97.98591306924351,124.44978895608917
rate-2-repeat-2,188.41116666793823,450.65,430.42562435420297,422.86376210799756,243.77,144.6839420673375,153.09236496773923
rate-2-repeat-2,188.66116666793823,436.81,417.56480343010946,422.86376210799756,247.4,144.34627142201478,83.14
rate-2-repeat-2,188.90916681289673,423.89,425.3072278408354,422.86376210799756,86.76,121.86190769593219,194.62718425585786
rate-2-repeat-2,189.16116666793823,453.68,427.56349067290694,422.86376210799756,85.57,196.30052406596275,126.5759067835329
rate-2-repeat-2,189.41216659545898,440.11,413.8911064137524,422.86376210799756,135.31,142.06946782521584,141.30355338784767
rate-2-repeat-2,189.66316676139832,438.0,430.2794053398401,422.86376210799756,85.57,167.95522151434966,180.0121343082978
rate-2-repeat-2,189.91216659545898,436.81,424.69573388934225,422.86376210799756,241.4,196.42601542799665,164.22443719713232
rate-2-repeat-2,190.16216659545898,422.05,423.4627751465988,422.86376210799756,86.49,181.30702086719083,160.9914285311625
rate-2-repeat-2,190.41216659545898,450.98,423.52331710322125,422.86376210799756,238.36,161.16610718228813,112.14418799364977
rate-2-repeat-2,190.66116666793823,423.57,425.3579964982311,422.86376210799756,90.98,150.6677703036703,205.73082338222713
rate-2-repeat-2,190.91116666793823,436.08,421.736991710928,422.86376210799756,85.57,198.35673570145332,104.92700701269656
rate-2-repeat-2,191.16316676139832,436.22,422.5984971334753,422.86376210799756,238.36,137.18551171505248,183.3196899298278
rate-2-repeat-2,191.41116666793823,434.1,429.3077256650978,422.86376210799756,239.9,191.93241103747013,142.39148854466623
rate-2-repeat-2,191.66116666793823,428.7,415.63168981733514,422.86376210799756,85.57,134.70425615023692,83.14
rate-2-repeat-2,191.91216659545898,441.03,419.5666540281141,422.86376210799756,221.8,115.28238968285214,175.44814517401926
rate-2-repeat-2,192.16216659545898,428.55,422.6266552760739,422.86376210799756,239.28,195.7219646772071,172.0925340162265
rate-2-repeat-2,192.41416668891907,433.78,420.9126814484279,422.86376210799756,99.75,161.20968905112446,83.14
rate-2-repeat-2,192.66216659545898,424.48,418.18699113611757,422.86376210799756,94.61,112.17648719450949,165.61606790318183
rate-2-repeat-2,192.91216659545898,459.09,423.19629610982963,422.86376210799756,85.84,181.16887348163084,154.21451383007863
rate-2-repeat-2,193.16216659545898,436.35,420.76027282037705,422.86376210799756,240.8,156.3410394890543,113.15716430843884
rate-2-repeat-2,193.66316676139832,441.62,419.1814136725699,422.86376210799756,85.25,159.77977953056893,83.14
rate-2-repeat-2,193.91416668891907,437.41,420.1635907941124,422.86376210799756,242.58,116.77556815796692,179.94814005900258
rate-2-repeat-2,194.16416668891907,432.92,422.85626432795976,422.86376210799756,86.76,198.57232991983312,169.45352493088296
rate-2-repeat-2,194.41416668891907,438.0,422.20874339203806,422.86376210799756,244.37,174.19851367499348,125.99630848746997
rate-2-repeat-2,194.66416668891907,438.33,425.4721450895608,422.86376210799756,92.92,162.790863682485,205.73082338222713
rate-2-repeat-2,194.91316676139832,438.92,420.969863731219,422.86376210799756,237.2,195.15216288996734,95.93086241544775
rate-2-repeat-2,195.16416668891907,428.7,417.8419764553632,422.86376210799756,243.77,105.94452932534385,115.51942453908063
rate-2-repeat-2,195.41516661643982,441.95,422.1273747496165,422.86376210799756,85.84,153.81475784003666,205.73082338222713
rate-2-repeat-2,195.66416668891907,452.76,421.87167942632925,422.86376210799756,246.48,194.22493518936437,91.09456407350093
rate-2-repeat-2,195.91316676139832,434.1,419.4714546939262,422.86376210799756,241.66,125.29700476535352,183.92392247700343
rate-2-repeat-2,196.16316676139832,435.3,429.98195691917755,422.86376210799756,245.88,183.705390766653,116.62407371336371
rate-2-repeat-2,196.41416668891907,443.46,417.3865401256345,422.86376210799756,87.95,112.40442715340077,83.14
rate-2-repeat-2,196.66616678237915,433.78,422.8641272562275,422.86376210799756,245.88,117.44883182378757,181.45142497703537
rate-2-repeat-2,196.91616678237915,450.65,422.3710726532769,422.86376210799756,99.75,180.79712686204667,114.51263102936821
rate-2-repeat-2,197.16516661643982,437.14,419.74464052649495,422.86376210799756,245.03,124.40441464516694,120.61941598869859
rate-2-repeat-2,197.41316676139832,429.57,420.73384089808224,422.86376210799756,86.49,157.84057944042672,205.73082338222713
rate-2-repeat-2,197.66616678237915,429.3,422.71824976897796,422.86376210799756,91.31,199.88390685377837,106.75191469697091
rate-2-repeat-2,197.91416668891907,423.89,419.2327375104575,422.86376210799756,247.14,113.78015431959626,110.00824395301714
rate-2-repeat-2,198.16616678237915,447.03,418.69806474194417,422.86376210799756,86.49,146.0383876960909,195.93026378523376
rate-2-repeat-2,198.41616678237915,427.78,423.6317460611057,422.86376210799756,247.72,182.29124443660612,83.14
rate-2-repeat-2,198.70816659927368,449.14,426.413024348634,422.86376210799756,243.5,118.94217022097588,186.18990800304846
rate-2-repeat-2,198.91516661643982,429.89,428.5984956905701,422.86376210799756,245.29,190.53453648839985,131.96438501462504
rate-2-repeat-2,199.16616678237915,447.35,413.8634332988126,422.86376210799756,243.77,142.57164980901413,130.15564760683247
rate-2-repeat-2,199.41516661643982,425.08,426.4596538404796,422.86376210799756,251.62,152.98390069529222,163.62708446524454
rate-2-repeat-2,199.66516661643982,442.21,419.7912053825734,422.86376210799756,137.69,153.48003820534976,83.14
rate-2-repeat-2,199.91516661643982,432.13,421.9007537405372,422.86376210799756,251.62,123.4160693762133,200.0738996191337
rate-2-repeat-2,200.16816663742065,428.7,429.90642035183134,422.86376210799756,86.49,202.54834715367778,130.4091057276103
rate-2-repeat-2,200.4171667098999,437.14,414.5845104664709,422.86376210799756,90.98,124.36788374766275,83.14
rate-2-repeat-2,200.66516661643982,435.03,422.64422192603945,422.86376210799756,246.48,121.27346983128436,193.87071993953003
rate-2-repeat-2,200.91516661643982,446.76,427.99123773808805,422.86376210799756,240.15,187.60683080882546,102.4059026218595
rate-2-repeat-2,201.1671667098999,444.65,413.1101239757319,422.86376210799756,225.1,100.10598616038152,83.14
rate-2-repeat-2,201.41816663742065,443.46,420.2939731765486,422.86376210799756,237.44,118.19410781543353,183.55258975177566
rate-2-repeat-2,201.6671667098999,430.81,422.18463830399145,422.86376210799756,244.69,194.72288861534355,147.9610928596574
rate-2-repeat-2,201.9171667098999,434.1,420.04422342711695,422.86376210799756,245.63,140.0861430786934,83.14
rate-2-repeat-2,202.16516661643982,421.13,419.9250343454409,422.86376210799756,246.21,115.17975233753451,174.38247729236184
rate-2-repeat-2,202.41816663742065,439.84,422.94096112976916,422.86376210799756,86.49,195.06344721406418,173.2898777071769
rate-2-repeat-2,202.66916680335999,430.67,419.71067561560255,422.86376210799756,246.81,200.2896528836223,192.85100597580004
rate-2-repeat-2,202.9171667098999,434.38,431.2655185414518,422.86376210799756,88.27,181.91522791136427,91.31519287872493
rate-2-repeat-2,203.16916680335999,451.85,417.1648448980842,422.86376210799756,245.29,90.31280020898161,83.14
rate-2-repeat-2,203.4171667098999,442.21,420.30726364723716,422.86376210799756,240.15,119.65596646864272,187.88003374240728
rate-2-repeat-2,203.66816663742065,452.17,429.0138252667271,422.86376210799756,243.77,180.83967990363305,99.04626643142622
rate-2-repeat-2,203.9171667098999,427.78,415.10743742303055,422.86376210799756,155.5,97.07086604459315,83.14
rate-2-repeat-2,204.16816663742065,436.81,418.6876417072663,422.86376210799756,86.17,116.10134144090452,178.37304698835777
rate-2-repeat-2,204.41916680335999,442.21,422.4536664429491,422.86376210799756,238.69,185.79769912759127,134.45329074328382
rate-2-repeat-2,204.66916680335999,458.5,421.301309628887,422.86376210799756,222.99,143.97206122383554,126.68847991293794
rate-2-repeat-2,204.9171667098999,437.73,429.40402849015413,422.86376210799756,87.68,163.26395714534206,205.73082338222713
rate-2-repeat-2,205.16816663742065,444.06,418.4575133912104,422.86376210799756,85.84,190.31520468057155,83.39186223877638
rate-2-repeat-2,205.41916680335999,436.22,425.71861171805125,422.86376210799756,241.41,123.03129588397812,198.0117660337579
rate-2-repeat-2,205.66816663742065,460.28,427.626597075021,422.86376210799756,86.17,206.90265422725952,148.46186459380985
rate-2-repeat-2,205.91916680335999,434.7,412.54274011655457,422.86376210799756,240.81,159.58046755054394,137.17244295489442
rate-2-repeat-2,206.16916680335999,451.85,423.0284412326995,422.86376210799756,86.49,171.3952525060013,201.14990903700726
rate-2-repeat-2,206.41816663742065,431.68,427.4573215111746,422.86376210799756,248.32,188.77869795270897,89.87116422878287
rate-2-repeat-2,206.6671667098999,447.35,420.4768647148878,422.86376210799756,107.87,131.74949378397002,205.73082338222713
rate-2-repeat-2,206.91916680335999,427.18,428.18049554954615,422.86376210799756,246.81,212.03169475300388,146.12271683511182
rate-2-repeat-2,207.16916680335999,441.95,424.67981898197246,422.86376210799756,245.62,179.12535170166421,201.86926363334464
rate-2-repeat-2,207.41916680335999,451.57,423.4835127974897,422.86376210799756,99.1,186.0469474983443,83.14
rate-2-repeat-2,207.66816663742065,433.78,425.9830278858395,422.86376210799756,251.03,119.60727224863845,187.60219002813903
rate-2-repeat-2,207.91916680335999,441.62,428.752469724579,422.86376210799756,161.23,195.16904213531313,142.1406065549244
rate-2-repeat-2,208.16816663742065,433.51,414.1669025143488,422.86376210799756,249.84,151.37392014851156,130.24943176474682
rate-2-repeat-2,208.42016673088074,423.24,424.44013709040524,422.86376210799756,87.36,166.6607298652192,205.73082338222713
rate-2-repeat-2,208.66916680335999,437.14,420.8955467820007,422.86376210799756,240.8,191.2032300699102,85.12477146502059
rate-2-repeat-2,208.99016666412354,441.35,421.34586829619474,422.86376210799756,240.8,125.2466180516993,200.91790432427382
rate-2-repeat-2,209.19616675376892,447.03,430.5528396379361,422.86376210799756,229.65,195.6046499443176,108.6735509129955
rate-2-repeat-2,209.41916680335999,426.59,417.52676405591546,422.86376210799756,252.54,130.44655392548287,152.34723190062655
rate-2-repeat-2,209.66916680335999,446.16,430.3427989186554,422.86376210799756,197.66,176.50568111343162,177.6131461060238
rate-2-repeat-2,209.92016673088074,433.78,422.7865967304882,422.86376210799756,91.31,196.96796026223865,173.63695685006516
rate-2-repeat-2,210.17016673088074,437.14,423.67226072428537,422.86376210799756,86.49,188.81147234386054,158.68873078091556
rate-2-repeat-2,210.42216682434082,425.67,424.5313545640406,422.86376210799756,238.96,162.55915550738263,120.9749545062813
rate-2-repeat-2,210.67016673088074,431.68,423.45186720728054,422.86376210799756,90.39,158.39321730956232,205.73082338222713
rate-2-repeat-2,210.92016673088074,442.81,422.7305106249351,422.86376210799756,98.83,192.40786992164323,89.22693454630922
rate-2-repeat-2,211.16916680335999,438.0,419.2408933817333,422.86376210799756,244.1,98.99302861080368,111.33025908138282
rate-2-repeat-2,211.42216682434082,438.92,419.9574440128363,422.86376210799756,87.36,148.8151271266044,201.5166786599941
rate-2-repeat-2,211.6711666584015,429.89,423.1208448599941,422.86376210799756,241.07,187.05542090115728,83.14
rate-2-repeat-2,211.91916680335999,424.16,424.53800000236055,422.86376210799756,89.2,118.87456820979904,185.4097999809502
rate-2-repeat-2,212.17016673088074,440.11,429.1399811683587,422.86376210799756,249.84,178.0940659567927,100.61836415807147
rate-2-repeat-2,212.42016673088074,425.99,416.9916201186953,422.86376210799756,102.73,141.11141654198764,205.73082338222713
rate-2-repeat-2,212.67016673088074,433.19,431.26605817907426,422.86376210799756,85.84,191.9903087551939,89.69082800513584
rate-2-repeat-2,212.9211666584015,447.23,424.4767244272453,422.86376210799756,242.91,116.22840854215667,160.24371152096975
rate-2-repeat-2,213.1711666584015,434.38,423.8282371749919,422.86376210799756,207.95,178.5536315018859,162.69381479725544
rate-2-repeat-2,213.4211666584015,432.0,421.9740258082262,422.86376210799756,85.84,159.30199391943364,102.91913774327085
rate-2-repeat-2,213.67016673088074,438.92,420.65681200448853,422.86376210799756,239.55,134.46461639348232,179.3536126162773
rate-2-repeat-2,213.92016673088074,427.78,423.90061614436655,422.86376210799756,86.49,167.33204375963538,83.14
rate-2-repeat-2,214.1711666584015,436.81,419.45282791462137,422.86376210799756,239.87,87.72817104738263,95.67976924201284
rate-2-repeat-2,214.4211666584015,429.57,415.8365612196588,422.86376210799756,86.76,136.44759188546698,205.73082338222713
rate-2-repeat-2,214.6711666584015,442.21,428.56444577512826,422.86376210799756,245.29,219.57332023729538,165.49985991395658
rate-2-repeat-2,214.92716670036316,432.0,426.6575001501666,422.86376210799756,98.51,191.03059370521675,184.93925765677994
rate-2-repeat-2,215.1711666584015,445.25,422.2632029988259,422.86376210799756,243.52,171.22993432481377,83.14
rate-2-repeat-2,215.42416667938232,431.08,418.63524140753174,422.86376210799756,86.49,94.61959029020502,114.70543984891343
rate-2-repeat-2,215.6711666584015,430.49,427.4397704665553,422.86376210799756,85.84,153.01657585897652,205.73082338222713
rate-2-repeat-2,215.9211666584015,447.95,420.2883898198997,422.86376210799756,228.16,216.10376049248322,155.0967331162609
rate-2-repeat-2,216.1711666584015,428.7,430.3159776268738,422.86376210799756,242.26,165.41759310887352,136.6690152823212
rate-2-repeat-2,216.4211666584015,437.41,423.91151894559493,422.86376210799756,244.1,131.3019006080167,88.4062114054215
rate-2-repeat-2,216.6711666584015,435.75,419.65052229678315,422.86376210799756,86.49,130.04965007614635,205.73082338222713
rate-2-repeat-2,216.92216682434082,432.92,427.6306236369459,422.86376210799756,247.46,194.91497021587048,96.23308026228423
rate-2-repeat-2,217.17216682434082,424.48,421.6667739393893,422.86376210799756,243.18,121.2609096679551,158.50553192392994
rate-2-repeat-2,217.4211666584015,423.24,423.4738841569309,422.86376210799756,85.57,171.13568607808094,144.2055607282045
rate-2-repeat-2,217.67216682434082,456.06,425.32517492554996,422.86376210799756,99.1,171.30864441510428,182.67264741612237
rate-2-repeat-2,217.9211666584015,441.49,429.77684430675714,422.86376210799756,240.47,194.86557748679724,154.64193036940497
rate-2-repeat-2,218.17016673088074,445.84,417.9281660811895,422.86376210799756,246.21,187.28419716706094,205.73082338222713
rate-2-repeat-2,218.42416667938232,430.22,431.2411354482458,422.86376210799756,86.49,205.09226255643924,125.4459109758459
rate-2-repeat-2,218.67316675186157,441.62,424.4315146295319,422.86376210799756,235.65,146.49781401423834,158.824446015955
rate-2-repeat-2,218.92216682434082,441.03,423.85324488305037,422.86376210799756,86.49,172.52706134359966,147.9854105865209
rate-2-repeat-2,219.17216682434082,445.11,425.94160414382026,422.86376210799756,241.07,174.40876377304429,183.5831474614307
rate-2-repeat-2,219.42216682434082,428.11,429.5575124874742,422.86376210799756,242.26,199.4132653223327,166.33842078303337
rate-2-repeat-2,219.67216682434082,441.95,418.8297261199774,422.86376210799756,250.43,197.8579936281018,205.73082338222713
rate-2-repeat-2,219.92016673088074,423.24,430.53787950638184,422.86376210799756,241.99,196.97874431758436,103.50302345909401
rate-2-repeat-2,220.17216682434082,450.39,414.4927527770762,422.86376210799756,203.99,100.75421521150332,83.14
rate-2-repeat-2,220.42216682434082,432.13,423.16068144862066,422.86376210799756,245.29,124.14655294285214,202.18473121451817
rate-2-repeat-2,220.67316675186157,446.16,427.91331917532926,422.86376210799756,99.1,211.44818569695298,150.43905734707494
rate-2-repeat-2,220.92316675186157,438.6,416.22434517267646,422.86376210799756,246.55,184.2544265088735,205.73082338222713
rate-2-repeat-2,221.1711666584015,423.24,431.17480755555954,422.86376210799756,86.49,205.5917557571497,125.90818098286346
rate-2-repeat-2,221.42516660690308,435.75,423.9454333729558,422.86376210799756,238.69,152.34422252425256,174.4786736750172
rate-2-repeat-2,221.67416667938232,437.59,423.3550862225904,422.86376210799756,122.05,192.42846338607077,166.995488186841
rate-2-repeat-2,221.92516660690308,441.35,422.3976845744632,422.86376210799756,243.52,155.88533635461067,83.14
rate-2-repeat-2,222.17216682434082,434.7,419.80998569808713,422.86376210799756,244.12,112.94695066249258,168.01900294703694
rate-2-repeat-2,222.42516660690308,455.79,423.2831232327472,422.86376210799756,97.64,183.78369177494278,156.13368820867265
rate-2-repeat-2,222.67216682434082,434.7,420.478297848533,422.86376210799756,251.62,156.97664053564736,110.53827648719562
rate-2-repeat-2,222.92416667938232,434.7,423.1157946728189,422.86376210799756,89.46,147.75611633150265,199.6123370781018
rate-2-repeat-2,223.17516660690308,441.62,422.1423635490288,422.86376210799756,243.77,185.12517782943561,83.14
rate-2-repeat-2,223.42416667938232,430.49,421.99104332243445,422.86376210799756,102.46,117.43283989274269,181.34116098000067
rate-2-repeat-2,223.67316675186157,440.43,429.4324229826538,422.86376210799756,239.87,181.27664285748955,116.67753156290556
rate-2-repeat-2,223.92216682434082,432.92,416.1755759078326,422.86376210799756,86.17,128.8688094618637,129.2607732686101
rate-2-repeat-2,224.17416667938232,449.73,427.48749150710717,422.86376210799756,96.12,149.44808920346134,154.91395759424898
rate-2-repeat-2,224.42416667938232,432.72,419.80752605211467,422.86376210799756,246.21,145.70743577395825,83.14
rate-2-repeat-2,224.6761667728424,454.87,416.8840992235913,422.86376210799756,227.21,96.3189686490926,119.61224329621379
rate-2-repeat-2,224.92416667938232,429.57,425.37374223929754,422.86376210799756,243.77,155.13396396494971,197.88118748231796
rate-2-repeat-2,225.17316675186157,429.3,420.23457020562904,422.86376210799756,85.84,183.9500200462765,83.14
rate-2-repeat-2,225.42416667938232,453.36,416.77755617860885,422.86376210799756,203.99,94.47028633941333,113.56344564369456
rate-2-repeat-2,225.67516660690308,425.99,429.7133903668128,422.86376210799756,238.69,149.91946341303975,198.9318547233545
rate-2-repeat-2,225.92516660690308,431.08,418.2407091250406,422.86376210799756,85.57,184.4494292526055,83.14
rate-2-repeat-2,226.17516660690308,445.84,421.5830176381751,422.86376210799756,242.91,117.42196190521011,181.15680139575846
rate-2-repeat-2,226.42516660690308,447.95,422.62405574106054,422.86376210799756,101.21,176.4358407318745,103.28203390993669
rate-2-repeat-2,226.67416667938232,429.3,420.8627928511721,422.86376210799756,245.88,117.16775587245021,128.52235588478118
rate-2-repeat-2,226.92316675186157,433.78,429.02473185984616,422.86376210799756,250.7,151.2754463713099,162.6393040214446
rate-2-repeat-2,227.17516660690308,442.81,418.56591749883444,422.86376210799756,85.84,152.42676481900492,83.14
rate-2-repeat-2,227.4261667728424,448.86,426.0971228696571,422.86376210799756,228.4,123.4278689716285,200.260027691278
rate-2-repeat-2,227.67516660690308,425.52,427.48141361498983,422.86376210799756,189.54,187.21963837396433,88.41308753829891
rate-2-repeat-2,227.92516660690308,445.57,413.0065806970031,422.86376210799756,100.02,108.98960876024154,141.98296067346024
rate-2-repeat-2,228.17416667938232,425.99,425.8199022755561,422.86376210799756,241.66,169.491197121182,182.16145701945044
rate-2-repeat-2,228.42516660690308,422.97,425.77605402559067,422.86376210799756,94.61,172.86897494081495,92.28743939906511
rate-2-repeat-2,228.6761667728424,442.81,419.30630459845327,422.86376210799756,243.77,133.85436659245147,205.73082338222713
rate-2-repeat-2,228.92516660690308,422.97,428.45905206145306,422.86376210799756,85.84,193.1648847518553,92.1653799774389
rate-2-repeat-2,229.1761667728424,441.35,422.9681444540054,422.86376210799756,85.25,119.8706076547673,164.31338357763295
rate-2-repeat-2,229.4281666278839,448.27,423.5431851944318,422.86376210799756,238.36,183.95994247756505,168.20940713584145
rate-2-repeat-2,229.67416667938232,437.14,421.4611594224492,422.86376210799756,248.91,157.0502312315795,83.14
rate-2-repeat-2,229.92416667938232,435.3,416.87205573493907,422.86376210799756,86.49,108.30854521414021,154.03751202502107
rate-2-repeat-2,230.1761667728424,444.65,423.47440555381365,422.86376210799756,242.58,172.58258707821994,158.85302108562303
rate-2-repeat-2,230.4261667728424,427.18,426.1455476501666,422.86376210799756,243.85,183.2239784963533,179.0458951711006
rate-2-repeat-2,230.67516660690308,437.73,423.2416590756193,422.86376210799756,85.57,185.07433503596712,134.36793104808302
rate-2-repeat-2,230.92416667938232,431.08,421.1876355910655,422.86376210799756,246.48,143.053816086394,126.36468889433301
rate-2-repeat-2,231.17516660690308,442.55,428.43589776180875,422.86376210799756,85.57,152.43718857885221,171.7398256158351
rate-2-repeat-2,231.42916679382324,429.3,419.05161660774957,422.86376210799756,245.29,183.76529513278535,147.7398694739321
rate-2-repeat-2,231.67716670036316,452.76,427.8830054342059,422.86376210799756,239.28,171.0156769046693,173.0250626297727
rate-2-repeat-2,231.9261667728424,423.89,426.4537580604361,422.86376210799756,248.65,166.4100882138869,97.2407571897715
rate-2-repeat-2,232.17516660690308,423.89,416.88256962306815,422.86376210799756,86.17,137.73971781257166,205.73082338222713
rate-2-repeat-2,232.4261667728424,439.24,430.23495689773034,422.86376210799756,238.04,200.83794297742787,112.71749055249073
rate-2-repeat-2,232.6761667728424,425.99,419.7527114737431,422.86376210799756,240.22,112.72286546963339,94.36299306467454
rate-2-repeat-2,232.9261667728424,428.7,421.4731736696386,422.86376210799756,85.57,135.18659926795834,205.73082338222713
rate-2-repeat-2,233.17716670036316,437.73,425.80709626791906,422.86376210799756,245.63,208.7429755943174,133.96638291361165
rate-2-repeat-2,233.4261667728424,444.79,425.0024469308265,422.86376210799756,92.17,166.59199683929262,194.4778850357671
rate-2-repeat-2,233.67516660690308,433.19,422.5252923713248,422.86376210799756,245.29,179.88922142495153,83.14
rate-2-repeat-2,233.9261667728424,441.62,418.6590503994667,422.86376210799756,245.29,93.04665687598124,110.85737941169046
rate-2-repeat-2,234.17716670036316,435.3,428.1309425839848,422.86376210799756,130.5,141.97066047982352,180.60814774674674
rate-2-repeat-2,234.42916679382324,438.6,419.48389200915665,422.86376210799756,244.37,186.39500119964237,132.88269859902164
rate-2-repeat-2,234.67716670036316,432.72,427.54967800794026,422.86376210799756,246.21,168.53126400496927,205.73082338222713
rate-2-repeat-2,234.92716670036316,437.14,420.3332277832946,422.86376210799756,86.17,189.97739359613922,83.69687934387326
rate-2-repeat-2,235.17716670036316,436.81,419.9578470360314,422.86376210799756,240.8,124.7080134260742,202.1749454451835
rate-2-repeat-2,235.42716670036316,430.49,431.13768530996464,422.86376210799756,242.26,203.6743395892961,128.37554793620646
rate-2-repeat-2,235.67716670036316,438.33,415.3928005626377,422.86376210799756,85.84,122.60587533961531,83.14
rate-2-repeat-2,235.92916679382324,444.52,423.5831600793194,422.86376210799756,241.07,122.70738758336083,198.00471295534408
rate-2-repeat-2,236.18116664886475,435.03,427.8437417704402,422.86376210799756,163.02,186.7780272775973,91.15687116341475
rate-2-repeat-2,236.430166721344,448.27,414.63526723992607,422.86376210799756,237.17,112.28411181089712,145.17060518860904
rate-2-repeat-2,236.680166721344,436.22,429.97386761398513,422.86376210799756,238.36,158.6698118390995,141.38478835111633
rate-2-repeat-2,236.92916679382324,447.03,422.76475191965386,422.86376210799756,205.51,136.78689009987448,90.99920116285139
rate-2-repeat-2,237.1781666278839,430.81,417.48089918805204,422.86376210799756,246.82,132.3109681460237,205.73082338222713
rate-2-repeat-2,237.430166721344,436.81,428.5491243270338,422.86376210799756,92.82,202.8753048752802,117.07654825579829
rate-2-repeat-2,237.6781666278839,432.59,422.34183460683244,422.86376210799756,231.43,140.9086414061217,162.10557330759988
rate-2-repeat-2,237.92916679382324,426.27,423.3464110721931,422.86376210799756,85.84,165.48179007587,119.70331563092452
rate-2-repeat-2,238.17916679382324,446.44,422.13691261233356,422.86376210799756,85.25,122.97353137145132,104.81753566754331
rate-2-repeat-2,238.430166721344,438.33,420.5554088679719,422.86376210799756,238.96,143.64356070480267,202.96828536480078
rate-2-repeat-2,238.67916679382324,435.89,423.92581978355616,422.86376210799756,247.08,187.9449369603605,83.14
rate-2-repeat-2,238.92716670036316,438.0,419.5470878446763,422.86376210799756,247.08,88.63999810715472,98.28410262043029
rate-2-repeat-2,239.19816660881042,439.84,416.63173788261975,422.86376210799756,248.59,138.70161630738903,205.73082338222713
rate-2-repeat-2,239.430166721344,449.46,428.2712016307405,422.86376210799756,247.4,216.4281044591151,156.33488295683134
rate-2-repeat-2,239.67916679382324,436.48,427.2031162019814,422.86376210799756,247.99,189.61026198375794,205.73082338222713
rate-2-repeat-2,239.93116664886475,451.57,421.71062545381534,422.86376210799756,100.02,190.87556901579646,87.1371619046859
rate-2-repeat-2,240.1781666278839,438.6,418.36654210908495,422.86376210799756,243.52,97.15616919635698,111.53439252339601
rate-2-repeat-2,240.43516659736633,422.65,420.5549169272042,422.86376210799756,86.17,149.90458298424642,205.73082338222713
rate-2-repeat-2,240.680166721344,445.71,422.72097427680734,422.86376210799756,231.7,191.28963740002695,83.45817357139572
rate-2-repeat-2,240.92916679382324,426.27,421.0691932994037,422.86376210799756,244.1,117.90828406935702,181.89330180070277
rate-2-repeat-2,241.17916679382324,444.92,429.74136937618823,422.86376210799756,219.96,192.99710206053928,148.53895254402602
rate-2-repeat-2,241.42916679382324,429.3,417.0557986536356,422.86376210799756,248.91,140.14553259892512,83.14
rate-2-repeat-2,241.67916679382324,441.35,418.2210430116724,422.86376210799756,93.69,115.13475707563168,173.9397659839592
rate-2-repeat-2,241.930166721344,435.3,422.4385189867013,422.86376210799756,241.07,171.45403045458102,106.22048683017708
rate-2-repeat-2,242.18216681480408,440.11,422.35157727734463,422.86376210799756,245.62,116.5520321336259,119.58756797216022
rate-2-repeat-2,242.42916679382324,434.38,424.54620173252755,422.86376210799756,90.39,157.18651569450083,205.73082338222713
rate-2-repeat-2,242.680166721344,440.11,421.5947057268656,422.86376210799756,248.92,212.52922721948522,144.3476162176206
rate-2-repeat-2,242.92916679382324,433.19,428.32625957024914,422.86376210799756,93.42,167.88787244002904,172.18462821443333
rate-2-repeat-2,243.17916679382324,437.41,426.7998661288581,422.86376210799756,85.84,163.74499677409725,92.81753121537022
rate-2-repeat-2,243.43116664886475,446.76,416.1940601495376,422.86376210799756,246.48,133.8903096732574,205.73082338222713
rate-2-repeat-2,243.67916679382324,427.46,430.5645103816647,422.86376210799756,92.17,191.3534713488546,87.14615821008003
rate-2-repeat-2,243.93116664886475,443.73,420.3138427949114,422.86376210799756,236.25,87.89284156111977,87.59937853436145
rate-2-repeat-2,244.1781666278839,431.68,417.521335807877,422.86376210799756,247.72,126.172066111936,194.68858039647407
rate-2-repeat-2,244.430166721344,450.65,427.7651484510056,422.86376210799756,86.17,190.5382441844708,109.53313401799839
rate-2-repeat-2,244.6781666278839,438.6,424.81861487470115,422.86376210799756,241.66,148.3115753020288,205.73082338222713
rate-2-repeat-2,244.93116664886475,439.24,423.33845961889654,422.86376210799756,245.88,202.9053412385617,118.55817462301451
rate-2-repeat-2,245.18116664886475,449.01,426.7387914841303,422.86376210799756,246.21,149.6733777001134,185.80259834991426
rate-2-repeat-2,245.43316674232483,428.7,428.3717416310555,422.86376210799756,176.88,196.57435968100236,150.72749957107482
rate-2-repeat-2,245.680166721344,439.51,413.3824463782052,422.86376210799756,85.57,158.7123127247697,129.77238837389677
rate-2-repeat-2,245.930166721344,425.35,427.16133860766286,422.86376210799756,241.41,161.7950909120848,191.84083980887561
rate-2-repeat-2,246.17916679382324,456.98,419.4626379741504,422.86376210799756,217.58,178.1084171488112,83.14
rate-2-repeat-2,246.430166721344,428.38,416.5309348938312,422.86376210799756,243.77,97.7941723959416,122.8912730486633
rate-2-repeat-2,246.68116664886475,427.78,429.48728299305907,422.86376210799756,86.17,159.7731942622726,205.73082338222713
rate-2-repeat-2,246.93116664886475,447.35,418.7588890064393,422.86376210799756,240.22,216.07520310298975,154.4102231177057
rate-2-repeat-2,247.17916679382324,423.89,428.5816735974108,422.86376210799756,242.26,183.49992587036826,191.97150127327382
rate-2-repeat-2,247.43116664886475,435.03,425.7650322321205,422.86376210799756,240.8,208.01534868419765,169.47819350990636
rate-2-repeat-2,247.67916679382324,431.68,424.0211437031227,422.86376210799756,241.07,172.85401605514954,123.2689869504664
rate-2-repeat-2,247.930166721344,423.89,424.5801611821348,422.86376210799756,86.49,131.68633896622032,120.65490888298602
rate-2-repeat-2,248.18216681480408,450.98,427.9504783611976,422.86376210799756,202.48,157.9933488211248,205.73082338222713
rate-2-repeat-2,248.43216681480408,445.84,420.29770060301803,422.86376210799756,239.87,198.02663767185618,105.22598943116431
rate-2-repeat-2,248.68116664886475,433.78,416.923640794298,422.86376210799756,246.21,113.00703826499952,112.52322196064915
rate-2-repeat-2,248.930166721344,445.57,426.86231133493766,422.86376210799756,86.49,149.6232842787562,200.17951571306816
rate-2-repeat-2,249.18216681480408,437.73,419.7806773647657,422.86376210799756,241.07,185.82506795955365,83.14
rate-2-repeat-2,249.43116664886475,448.27,416.08991709202195,422.86376210799756,251.03,90.49920849702444,103.87704682412206
rate-2-repeat-2,249.68516659736633,441.95,421.522920123118,422.86376210799756,245.62,143.56240844387207,205.73082338222713
rate-2-repeat-2,249.93216681480408,422.97,425.4902273946832,422.86376210799756,87.68,203.4456673075569,116.496762048471
rate-2-repeat-2,250.18116664886475,430.93,422.3081621908738,422.86376210799756,85.84,144.42192801664663,173.3714571790434
rate-2-repeat-2,250.43116664886475,433.19,422.9808044329526,422.86376210799756,246.48,179.57561588090707,131.72114983000606
rate-2-repeat-2,250.68216681480408,449.46,421.7276014368884,422.86376210799756,239.55,164.10957553042363,193.95141898984576
rate-2-repeat-2,250.93316674232483,438.92,430.95290345338015,422.86376210799756,250.43,198.7452704402296,136.17956876830945
rate-2-repeat-2,251.18116664886475,424.76,417.0026628302893,422.86376210799756,86.17,150.41671177017156,142.56803172530044
rate-2-repeat-2,251.43216681480408,451.25,427.3931106378216,422.86376210799756,242.91,158.73178882264534,148.48440022257432
rate-2-repeat-2,251.68116664886475,437.14,425.8428756549032,422.86376210799756,239.87,140.04637630660537,83.14
rate-2-repeat-2,251.93316674232483,426.59,411.4556082654303,422.86376210799756,85.84,101.83875249097915,134.31187985811536
rate-2-repeat-2,252.18316674232483,438.92,426.2849556807255,422.86376210799756,243.52,153.81358317214324,155.16809569839452
rate-2-repeat-2,252.43316674232483,429.3,425.3235576422534,422.86376210799756,86.17,147.32566251136308,86.31940054739563
rate-2-repeat-2,252.68216681480408,441.95,422.78871210000375,422.86376210799756,249.84,128.20552717471054,205.73082338222713
rate-2-repeat-2,252.93116664886475,416.32,425.92544357901403,422.86376210799756,184.73,215.07604045409352,155.51856481485078
rate-2-repeat-2,253.18416666984558,450.06,423.6862511186256,422.86376210799756,88.6,188.712440436412,205.73082338222713
rate-2-repeat-2,253.43316674232483,445.25,423.4577762532331,422.86376210799756,243.18,196.7711361917441,101.43851873773654
rate-2-repeat-2,253.68316674232483,432.92,426.2180621224444,422.86376210799756,90.39,133.93855192221307,182.14664026833242
rate-2-repeat-2,253.93316674232483,443.73,428.57279438336207,422.86376210799756,228.13,190.56979184568814,143.30975779796663
rate-2-repeat-2,254.18116664886475,434.7,420.3667468213039,422.86376210799756,244.96,177.50084419019322,205.73082338222713
rate-2-repeat-2,254.43716669082642,443.14,428.6936594963293,422.86376210799756,85.57,193.38188811730782,93.64728270654885
rate-2-repeat-2,254.68416666984558,448.27,413.0244576887472,422.86376210799756,184.73,92.27329189059584,83.14
rate-2-repeat-2,254.93516659736633,432.92,424.8895196262072,422.86376210799756,85.84,123.37898921742851,199.51614447662817
rate-2-repeat-2,255.18316674232483,436.81,426.7365457342914,422.86376210799756,85.57,201.39573503389335,128.68137683420983
rate-2-repeat-2,255.43416666984558,425.79,419.1235944921171,422.86376210799756,243.77,165.15504260472872,205.73082338222713
rate-2-repeat-2,255.68216681480408,423.89,429.10763970624635,422.86376210799756,243.77,191.73536856898374,87.86127345185606
rate-2-repeat-2,255.93416666984558,453.95,421.415325422821,422.86376210799756,99.43,117.76054746390943,168.85547574514754
rate-2-repeat-2,256.1841666698456,438.92,422.85827475014116,422.86376210799756,244.69,185.81010211679995,161.61025266427143
rate-2-repeat-2,256.4321668148041,426.27,425.4323565318424,422.86376210799756,85.84,190.09135830738865,193.9067345728372
rate-2-repeat-2,256.6841666698456,444.65,430.657849112571,422.86376210799756,245.88,179.54124112396397,84.99894039196133
rate-2-repeat-2,256.93316674232483,434.7,417.6926407383839,422.86376210799756,244.37,107.46831364431429,146.23412927200508
rate-2-repeat-2,257.1841666698456,441.03,430.79734774535683,422.86376210799756,233.22,171.0115654718616,176.68271338911825
rate-2-repeat-2,257.43616676330566,418.43,422.32707099700895,422.86376210799756,249.25,165.98535276041784,87.92432135777923
rate-2-repeat-2,257.68516659736633,433.78,412.35897106853156,422.86376210799756,86.49,129.1686297682833,205.73082338222713
rate-2-repeat-2,257.93516659736633,446.76,430.7371369870301,422.86376210799756,246.81,194.44223225621488,92.73208806814338
rate-2-repeat-2,258.18316674232483,425.99,420.6568399712129,422.86376210799756,89.2,92.58218292336821,85.54802071308288
rate-2-repeat-2,258.43516659736633,441.62,421.11984297326086,422.86376210799756,85.57,127.07642096806265,205.73082338222713
rate-2-repeat-2,258.6841666698456,444.33,426.0188024257006,422.86376210799756,248.91,195.74561480507725,97.06280836921792
rate-2-repeat-2,258.93616676330566,441.95,412.9093856443825,422.86376210799756,244.37,119.72529165435961,151.03646319155817
rate-2-repeat-2,259.18316674232483,433.19,428.3761251789954,422.86376210799756,244.69,178.8939353868136,186.94150591495264
rate-2-repeat-2,259.4961667060852,422.38,423.44764611462386,422.86376210799756,86.49,180.15953971693182,99.51582333395567
rate-2-repeat-2,259.68616676330566,453.95,419.752024628204,422.86376210799756,100.02,139.73262820217224,205.73082338222713
rate-2-repeat-2,259.93516659736633,428.38,427.7873090762368,422.86376210799756,243.5,194.9862094506655,96.68102245681185
rate-2-repeat-2,260.1841666698456,429.57,420.9412873726141,422.86376210799756,85.84,124.76846677645968,168.3732470924238
rate-2-repeat-2,260.43816661834717,440.43,422.81175646043476,422.86376210799756,90.71,168.32614269625532,111.31304580959622
rate-2-repeat-2,260.6871666908264,432.72,422.7625000718875,422.86376210799756,99.43,120.82677119303922,118.44160229372925
rate-2-repeat-2,260.93616676330566,433.51,429.1572869825887,422.86376210799756,245.88,156.10191847567842,205.73082338222713
rate-2-repeat-2,261.18516659736633,432.59,419.2339314922279,422.86376210799756,86.17,196.42661380807255,100.64112055426769
rate-2-repeat-2,261.4371666908264,444.92,417.004990710451,422.86376210799756,247.08,132.78142399626768,182.30798407201922
rate-2-repeat-2,261.68616676330566,443.14,429.5396390032427,422.86376210799756,92.17,193.89638235461757,148.82884535363368
rate-2-repeat-2,261.93516659736633,438.0,417.69956752727956,422.86376210799756,248.59,157.79664335451776,129.41265799768235
rate-2-repeat-2,262.18516659736633,425.08,424.2774289036522,422.86376210799756,86.17,162.10224795224534,194.1521002131799
rate-2-repeat-2,262.43616676330566,436.22,421.9660181461965,422.86376210799756,240.8,179.79899935980367,83.14
rate-2-repeat-2,262.68616676330566,421.13,418.8449577665301,422.86376210799756,86.76,97.87653320981626,123.55523333991931
rate-2-repeat-2,262.93516659736633,439.51,425.83684085113,422.86376210799756,85.57,160.82251438923643,205.73082338222713
rate-2-repeat-2,263.1871666908264,428.97,421.02742192283085,422.86376210799756,244.37,220.1092431174178,166.78251190333367
rate-2-repeat-2,263.4371666908264,435.3,429.8651505841871,422.86376210799756,90.39,172.3666666534828,127.88461744742825
rate-2-repeat-2,263.6871666908264,436.22,424.44096887456095,422.86376210799756,239.28,127.15417689881059,97.2324747752612
rate-2-repeat-2,263.93616676330566,450.06,418.4624439904813,422.86376210799756,111.17,137.74599642096877,205.73082338222713
rate-2-repeat-2,264.18516659736633,443.14,428.6645866952526,422.86376210799756,245.88,192.3482128800749,89.72006757756441
rate-2-repeat-2,264.43616676330566,429.57,424.46777395022826,422.86376210799756,87.08,120.04282521148225,171.0961648404716
rate-2-repeat-2,264.74316668510437,449.73,423.3057598454422,422.86376210799756,247.72,181.1170696950544,142.71673428674933
rate-2-repeat-2,264.9371666908264,426.27,420.24166147140085,422.86376210799756,147.32,144.62665677916712,110.31956587466811
rate-2-repeat-2,265.1891667842865,455.46,419.3538608896076,422.86376210799756,219.36,137.15640809785688,167.55583826131777
rate-2-repeat-2,265.43816661834717,430.81,423.62485188894385,422.86376210799756,87.36,157.27120764126295,83.14
rate-2-repeat-2,265.6891667842865,452.17,426.31665044483384,422.86376210799756,226.29,118.96297233525902,186.40910345468814
rate-2-repeat-2,265.9391667842865,430.81,428.6410049469663,422.86376210799756,246.82,200.15736851372736,159.38064335215853
rate-2-repeat-2,266.18816661834717,443.14,413.8916269251435,422.86376210799756,246.48,165.5176099312319,128.11058268636694
rate-2-repeat-2,266.43816661834717,442.81,423.63991161141456,422.86376210799756,87.68,160.33734251537845,191.38524318700252
rate-2-repeat-2,266.6871666908264,445.25,421.33138214193065,422.86376210799756,235.06,177.92135327193154,83.14
rate-2-repeat-2,266.93616676330566,420.97,418.20954204581915,422.86376210799756,249.18,97.04661088302338,121.17058777810226
rate-2-repeat-2,267.18816661834717,440.43,425.83552325620343,422.86376210799756,99.1,150.54562308650418,179.8290421420952
rate-2-repeat-2,267.4391667842865,430.49,420.0851199756449,422.86376210799756,244.96,167.87440425733206,83.14
rate-2-repeat-2,267.6891667842865,430.81,423.85909041349714,422.86376210799756,248.59,121.12510136625,192.40676241303976
rate-2-repeat-2,267.93616676330566,431.4,428.77163011714674,422.86376210799756,98.51,199.053492259397,140.22443499536433
rate-2-repeat-2,268.1891667842865,453.68,414.463134700237,422.86376210799756,241.66,151.7338390529123,136.29271210843245
rate-2-repeat-2,268.43816661834717,422.97,425.71864749767593,422.86376210799756,142.51,161.91892060124957,173.71080415654768
rate-2-repeat-2,268.6871666908264,420.53,426.3855802606511,422.86376210799756,85.84,162.37620248759458,83.14
rate-2-repeat-2,268.93816661834717,436.81,411.33873327665344,422.86376210799756,100.02,99.6090935239472,129.00104938846033
rate-2-repeat-2,269.20116662979126,434.1,427.1043036053185,422.86376210799756,162.42,147.25885328009906,148.790038428262
rate-2-repeat-2,269.44016671180725,433.19,419.1905913651653,422.86376210799756,85.84,140.76271477929816,83.14
rate-2-repeat-2,269.68816661834717,445.57,420.1791383237331,422.86376210799756,231.11,122.59767476263889,196.82399071762268
rate-2-repeat-2,269.9391667842865,431.68,430.1857308393907,422.86376210799756,242.26,185.82240171043816,92.20419141880471
rate-2-repeat-2,270.19016671180725,436.81,415.3802204995881,422.86376210799756,95.2,91.05902376058789,83.14
rate-2-repeat-2,270.4391667842865,430.49,418.6450443599166,422.86376210799756,245.95,119.68131331663697,188.08455858710806
rate-2-repeat-2,270.68816661834717,445.25,429.0161868971049,422.86376210799756,87.36,199.37767340720583,150.2619902412411
rate-2-repeat-2,270.93816661834717,432.92,415.32125937836116,422.86376210799756,242.26,142.03434210549847,83.14
rate-2-repeat-2,271.1891667842865,428.11,419.082101293087,422.86376210799756,86.17,116.71784080390194,179.26097791684631
rate-2-repeat-2,271.4391667842865,434.1,422.4734837257886,422.86376210799756,85.84,183.54926622950785,126.53015876638128
rate-2-repeat-2,271.69016671180725,431.26,421.3257323426496,422.86376210799756,243.5,121.25060762336291,83.14
rate-2-repeat-2,271.9391667842865,431.4,420.05235616831254,422.86376210799756,85.84,114.39112272515692,171.80924249167236
rate-2-repeat-2,272.1891667842865,438.79,423.09548959113505,422.86376210799756,238.96,185.7637200586019,152.43549093631134
rate-2-repeat-2,272.43816661834717,430.81,421.43192131032345,422.86376210799756,245.62,181.7940433636292,191.81131815297007
rate-2-repeat-2,272.6891667842865,436.22,430.73017716830185,422.86376210799756,85.84,198.54062144675157,140.71859017185136
rate-2-repeat-2,272.941166639328,427.18,416.61894338012775,422.86376210799756,245.29,133.1647524788284,83.14
rate-2-repeat-2,273.191166639328,456.71,419.5591094772212,422.86376210799756,109.39,118.35288417159359,185.2967889383827
rate-2-repeat-2,273.441166639328,435.89,428.93592574850277,422.86376210799756,245.88,180.00733716844667,101.73627540505707
rate-2-repeat-2,273.6891667842865,444.33,415.4726394348335,422.86376210799756,97.91,116.774782637593,130.70203489584617
rate-2-repeat-2,273.9391667842865,443.46,425.6877317579083,422.86376210799756,248.91,161.63146535955042,188.41788072355564
rate-2-repeat-2,274.18816661834717,430.81,427.2315440709483,422.86376210799756,86.76,200.8914326898898,155.76916348440528
rate-2-repeat-2,274.441166639328,433.19,423.6264242083755,422.86376210799756,85.84,181.9897539667798,185.19700168328995
rate-2-repeat-2,274.6931667327881,424.6,425.13137020485055,422.86376210799756,241.4,171.2861447595163,83.14
rate-2-repeat-2,274.9481666088104,450.98,411.07455042928785,422.86376210799756,97.64,105.8497088573153,146.12791640702713
rate-2-repeat-2,275.19016671180725,439.38,425.82160655743445,422.86376210799756,244.37,171.13725610505065,176.02383967651866
rate-2-repeat-2,275.4781668186188,437.73,425.395800047313,422.86376210799756,245.36,164.67625471154182,83.14
rate-2-repeat-2,275.68816661834717,438.0,411.37516746907113,422.86376210799756,249.51,102.76103957813473,137.65695812992792
rate-2-repeat-2,275.941166639328,444.33,426.5259346602536,422.86376210799756,86.76,163.50611724198617,175.0884167735505
rate-2-repeat-2,276.19216680526733,442.67,425.0023868822381,422.86376210799756,96.99,165.90827086759003,89.55705783286741
rate-2-repeat-2,276.44016671180725,425.99,422.8618605742907,422.86376210799756,200.1,130.96273262011758,205.73082338222713
rate-2-repeat-2,276.691166639328,444.65,425.8844409769878,422.86376210799756,99.43,206.87016151193478,129.76199434108497
rate-2-repeat-2,276.94216680526733,441.62,423.31967439602323,422.86376210799756,245.88,159.3151881326026,184.3046463044234
rate-2-repeat-2,277.19216680526733,436.48,423.52452286268544,422.86376210799756,91.58,171.0869825721112,83.14
rate-2-repeat-2,277.44216680526733,440.11,426.47001049217477,422.86376210799756,245.62,118.84776461115845,185.18426656756432
rate-2-repeat-2,277.6931667327881,446.44,428.5486412166407,422.86376210799756,240.15,174.73601133605916,91.54136958689719
rate-2-repeat-2,277.941166639328,429.57,413.64568346563186,422.86376210799756,244.44,107.64223580196924,130.70620106245303
rate-2-repeat-2,278.191166639328,449.14,428.5577608534422,422.86376210799756,86.17,149.41726580789538,151.3654159434746
rate-2-repeat-2,278.44216680526733,429.74,418.7095460564278,422.86376210799756,241.99,142.71984145611455,83.14
rate-2-repeat-2,278.69416666030884,441.62,417.3421896585461,422.86376210799756,86.17,121.98254134399335,195.8426615908265
rate-2-repeat-2,278.9431667327881,431.4,430.94125256999166,422.86376210799756,243.25,203.3086689154598,142.11786328425336
rate-2-repeat-2,279.19016671180725,427.78,416.7726885682182,422.86376210799756,86.49,156.70997624048235,143.85607367463672
rate-2-repeat-2,279.4431667327881,441.62,426.9837215019902,422.86376210799756,245.62,157.69379526433266,142.62498036879117
rate-2-repeat-2,279.69016671180725,432.0,426.0193377306795,422.86376210799756,247.72,140.2567686320782,97.15723817410166
rate-2-repeat-2,279.94416666030884,447.03,422.8024828105572,422.86376210799756,86.17,137.60200433494433,205.73082338222713
rate-2-repeat-2,280.191166639328,432.0,426.3904923753981,422.86376210799756,241.14,193.41839071798273,93.83074724291326
rate-2-repeat-2,280.44216680526733,422.97,422.16948344865176,422.86376210799756,86.17,122.14670972040523,167.2771021592223
rate-2-repeat-2,280.69216680526733,429.3,423.40418231959427,422.86376210799756,244.69,177.2634256076281,140.05738171074336
rate-2-repeat-2,281.0031666755676,429.89,426.8641372565546,422.86376210799756,242.91,141.5898271924075,173.60940479877974
rate-2-repeat-2,281.19216680526733,436.22,426.8641372565546,422.86376210799756,85.84,141.5898271924075,173.60940479877974
rate-2-repeat-2,281.44416666030884,451.57,420.35060045887576,422.86376210799756,226.89,180.9271743360966,135.08152507937393
rate-2-repeat-2,281.69216680526733,430.81,426.8909969518334,422.86376210799756,86.49,170.42833476680295,205.73082338222713
rate-2-repeat-2,281.94216680526733,448.86,427.2328535789357,422.86376210799756,243.18,192.77235197532184,91.61084404947137
rate-2-repeat-2,282.1931667327881,418.43,419.0044182800336,422.86376210799756,107.27,132.87897594565206,205.73082338222713
rate-2-repeat-2,282.4431667327881,433.51,428.9356891948224,422.86376210799756,85.84,201.33032298024344,114.12308259897716
rate-2-repeat-2,282.69516682624817,440.43,422.2566176580602,422.86376210799756,239.87,136.65645148354727,157.48595175570017
rate-2-repeat-2,282.9431667327881,420.27,423.395141467705,422.86376210799756,86.17,185.6374819767915,191.33840347626062
rate-2-repeat-2,283.19216680526733,426.86,422.37326079734845,422.86376210799756,85.57,186.033721685422,106.57127272520421
rate-2-repeat-2,283.44416666030884,435.89,428.3081961146163,422.86376210799756,242.91,145.84252914999288,205.73082338222713
rate-2-repeat-2,283.6931667327881,434.7,419.9499976335965,422.86376210799756,243.5,220.13813299138798,169.76873979805322
rate-2-repeat-2,283.9461667537689,439.84,429.7094334611602,422.86376210799756,236.57,185.18671078635646,157.16436249022445
rate-2-repeat-2,284.1931667327881,432.27,418.90772098443125,422.86376210799756,246.81,147.1814342368089,83.14
rate-2-repeat-2,284.44416666030884,444.65,423.36686502925045,422.86376210799756,85.84,121.81640805146893,194.12657461441125
rate-2-repeat-2,284.69516682624817,439.24,429.01189690632776,422.86376210799756,249.51,179.72550622222195,83.14
rate-2-repeat-2,284.94416666030884,454.6,413.68297984246976,422.86376210799756,237.17,83.14,83.14
rate-2-repeat-2,285.1931667327881,451.57,420.55753972763176,422.86376210799756,86.17,120.57381970374848,191.97534211042552
rate-2-repeat-2,285.44516682624817,442.55,428.41235391812734,422.86376210799756,244.69,187.85513511904173,106.86906178350418
rate-2-repeat-2,285.69916677474976,440.7,413.8719285760698,422.86376210799756,86.76,104.08662501014055,83.14
rate-2-repeat-2,285.94416666030884,434.7,419.1675018178023,422.86376210799756,248.91,117.46710293923465,181.49946016063532
rate-2-repeat-2,286.19916677474976,445.57,422.34744230857,422.86376210799756,86.17,199.87706181095177,168.6531280310736
rate-2-repeat-2,286.4461667537689,444.92,421.05195919183734,422.86376210799756,244.37,199.2801873055887,202.2559437374822
rate-2-repeat-2,286.6961667537689,435.3,432.05220416949555,422.86376210799756,86.17,204.05571393245583,130.13215986914162
rate-2-repeat-2,286.9461667537689,438.33,416.61680907489,422.86376210799756,247.46,148.26350918278547,150.80214922691704
rate-2-repeat-2,287.25616669654846,436.81,425.61359139690234,422.86376210799756,238.96,142.89106646686844,83.14
rate-2-repeat-2,287.4461667537689,431.4,425.61359139690234,422.86376210799756,244.96,142.89106646686844,83.14
rate-2-repeat-2,287.69416666030884,437.41,411.509365982317,422.86376210799756,86.17,104.30622869827889,141.8575769157175
rate-2-repeat-2,287.94416666030884,440.7,425.5260054244643,422.86376210799756,85.57,159.5847961373359,152.325824963936
rate-2-repeat-2,288.19416666030884,440.11,425.69957521604516,422.86376210799756,238.71,143.87078441145434,83.14
rate-2-repeat-2,288.4461667537689,436.22,411.5339667141737,422.86376210799756,122.65,102.06298291866567,136.24816188117293
rate-2-repeat-2,288.6971666812897,441.03,429.4658396795366,422.86376210799756,239.87,171.83679830646744,205.73082338222713
rate-2-repeat-2,288.94516682624817,424.76,417.4620885172165,422.86376210799756,238.04,194.60311559667957,93.09937473900999
rate-2-repeat-2,289.19516682624817,457.57,419.40137186243334,422.86376210799756,178.07,132.9726465950135,202.2866928473113
rate-2-repeat-2,289.44516682624817,433.19,430.40930445597826,422.86376210799756,243.5,208.95644061779333,142.55334293298014
rate-2-repeat-2,289.69516682624817,441.95,416.97362953038476,422.86376210799756,88.6,160.09965136701805,152.4774453575987
rate-2-repeat-2,289.9461667537689,442.55,429.81897188240094,422.86376210799756,246.48,177.46386166425913,179.96157654608
rate-2-repeat-2,290.1981666088104,434.56,422.72343329544657,422.86376210799756,233.22,174.34211831655315,102.47277570076348
rate-2-repeat-2,290.4461667537689,422.65,422.68657873821314,422.86376210799756,125.35,139.92233657826458,197.65181386835116
rate-2-repeat-2,290.6961667537689,445.57,425.9546156741028,422.86376210799756,85.84,182.5679970405375,83.14
rate-2-repeat-2,290.94516682624817,436.22,416.5046228035598,422.86376210799756,244.12,111.51006997376962,164.31411303840412
rate-2-repeat-2,291.19516682624817,444.06,421.1204418726579,422.86376210799756,98.51,189.72608477431598,183.30960495073245
rate-2-repeat-2,291.4481666088104,438.0,425.11946470207636,422.86376210799756,247.08,182.68276212327964,115.33138023963036
rate-2-repeat-2,291.6971666812897,434.38,426.943058636418,422.86376210799756,86.17,153.07856311713252,203.18175901541213
rate-2-repeat-2,291.9471666812897,449.14,421.10570975040866,422.86376210799756,239.62,187.36774520679216,83.14
rate-2-repeat-2,292.19916677474976,435.62,425.64449694474484,422.86376210799756,88.6,119.73075222896338,188.88023373987772
rate-2-repeat-2,292.45716667175293,448.27,428.2660337590255,422.86376210799756,246.48,185.71013621379797,111.14335570717577
rate-2-repeat-2,292.6981666088104,435.62,413.6871528101129,422.86376210799756,145.86,125.52656731432643,132.9688204913449
rate-2-repeat-2,292.95316672325134,426.86,427.0592624658504,422.86376210799756,85.84,153.80926663171223,158.48808340741246
rate-2-repeat-2,293.2001667022705,439.84,419.36415251313406,422.86376210799756,242.26,149.01709261132356,83.14
rate-2-repeat-2,293.4471666812897,448.27,416.5665154167608,422.86376210799756,244.1,98.84433799277748,127.09482355065532
rate-2-repeat-2,293.6971666812897,437.73,430.6688484687693,422.86376210799756,246.48,151.65933566241398,166.82425336155407
rate-2-repeat-2,293.9481666088104,444.92,418.4257825355979,422.86376210799756,86.49,180.04854762018002,149.24441115133573
rate-2-repeat-2,294.1971666812897,429.57,429.15588821666057,422.86376210799756,245.88,169.00950522396104,162.26017247199712
rate-2-repeat-2,294.4471666812897,440.11,424.2993458030051,422.86376210799756,112.68,158.16735930686684,100.75497548210775
rate-2-repeat-2,294.6971666812897,438.6,422.5495195770187,422.86376210799756,213.03,140.51652122432552,203.81932342094586
rate-2-repeat-2,294.9521667957306,452.76,426.2187419957202,422.86376210799756,111.49,201.6125413468024,120.68298529235312
rate-2-repeat-2,295.1981666088104,431.68,424.16924191251934,422.86376210799756,246.48,142.17639730599814,156.41422667326725
rate-2-repeat-2,295.4471666812897,419.35,422.80241500742386,422.86376210799756,86.49,146.80610470499911,83.14
rate-2-repeat-2,295.7001667022705,444.33,424.0571147923999,422.86376210799756,86.76,121.84653682302951,194.55056917642867
rate-2-repeat-2,295.9471666812897,434.38,429.5903532785025,422.86376210799756,246.48,182.26470158312776,89.33795158521961
rate-2-repeat-2,296.19916677474976,440.11,415.09950808519426,422.86376210799756,99.75,108.871545890368,139.15225157616698
rate-2-repeat-2,296.4461667537689,428.7,425.5513385032409,422.86376210799756,247.73,163.89408888357372,173.09009983543285
rate-2-repeat-2,296.6981666088104,451.85,426.6734141487548,422.86376210799756,86.49,161.6661939165813,83.14
rate-2-repeat-2,296.9481666088104,433.78,412.2660635061291,422.86376210799756,243.25,102.65349938955987,136.78093971151662
rate-2-repeat-2,297.19916677474976,450.65,431.48225108681464,422.86376210799756,243.5,153.2830092489011,147.5915786198347
rate-2-repeat-2,297.4481666088104,442.55,416.3181809759091,422.86376210799756,89.46,139.36660593883232,83.14
rate-2-repeat-2,297.6981666088104,446.76,418.8614541026825,422.86376210799756,92.82,123.52631531007702,201.170805542447
rate-2-repeat-2,297.94916677474976,440.57,430.2195729225244,422.86376210799756,247.08,199.0184524461191,116.01518396962824
rate-2-repeat-2,298.1981666088104,427.78,414.8597004634179,422.86376210799756,85.84,112.04183580609717,83.14
rate-2-repeat-2,298.45316672325134,443.6,417.0185074900939,422.86376210799756,243.5,120.44873227173677,190.59110381163174
rate-2-repeat-2,298.6971666812897,427.78,429.4235357662865,422.86376210799756,246.81,180.99554130642366,92.06642339842996
rate-2-repeat-2,298.9521667957306,445.25,416.7502990463807,422.86376210799756,89.2,112.05186886928837,140.89804760352703
rate-2-repeat-2,299.2081665992737,433.37,429.8090574621994,422.86376210799756,247.72,164.38033379971813,170.7512151574693
rate-2-repeat-2,299.4501667022705,443.73,423.7488116506935,422.86376210799756,197.39,159.17233782083025,83.14
rate-2-repeat-2,299.7001667022705,431.4,409.1887789515416,422.86376210799756,85.84,101.05087102688759,132.14553957866625
rate-2-repeat-2,299.95116662979126,442.81,430.2237053863297,422.86376210799756,240.8,148.76016193103334,145.73059456869842
rate-2-repeat-2,300.2021667957306,424.16,417.4012577202486,422.86376210799756,244.96,138.03805733717084,83.14
rate-2-repeat-2,300.45116662979126,455.79,414.7592686969917,422.86376210799756,225.43,97.14858882302941,121.9655005182561
rate-2-repeat-2,300.70116662979126,433.64,429.4055930030284,422.86376210799756,246.21,157.95257531849472,200.22446710123086
rate-2-repeat-2,300.9501667022705,441.35,419.00646482200585,422.86376210799756,248.32,208.09223856036488,145.08041517653447
rate-2-repeat-2,301.19916677474976,428.11,429.4469744420927,422.86376210799756,244.1,172.84421678850066,184.72986944128644
rate-2-repeat-2,301.4501667022705,454.27,424.3095637322367,422.86376210799756,239.87,173.93361422146438,90.56723979077512
rate-2-repeat-2,301.70116662979126,427.46,414.69074092600215,422.86376210799756,246.48,131.96173023087565,205.73082338222713
rate-2-repeat-2,301.9521667957306,455.19,430.3344084347623,422.86376210799756,97.91,201.28697206468502,112.89836507633916
rate-2-repeat-2,302.20116662979126,441.62,424.39834325884766,422.86376210799756,237.52,138.0781787174674,165.1246890932286
rate-2-repeat-2,302.4521667957306,442.21,423.5883952361551,422.86376210799756,245.62,165.15792399930035,111.7571695045651
rate-2-repeat-2,302.69916677474976,435.89,425.9972306059536,422.86376210799756,244.37,145.1762838419032,189.62211098527683
rate-2-repeat-2,302.95116662979126,427.78,429.32738997274146,422.86376210799756,86.17,204.01412238708758,164.76500445564614
rate-2-repeat-2,303.20116662979126,435.62,420.2516414742991,422.86376210799756,239.55,196.48843508756931,205.73082338222713
rate-2-repeat-2,303.45116662979126,428.97,429.54205054736383,422.86376210799756,86.76,198.5959128889703,108.19906788550077
rate-2-repeat-2,303.70116662979126,438.6,420.5675511119894,422.86376210799756,234.46,132.19081174479462,160.17296959723495
rate-2-repeat-2,303.94916677474976,433.78,421.97440187530964,422.86376210799756,246.81,163.94924630032483,119.5453677636796
rate-2-repeat-2,304.2021667957306,440.7,424.76478926517143,422.86376210799756,86.17,123.71576386784704,106.61915139144101
rate-2-repeat-2,304.45116662979126,428.23,421.5215413416849,422.86376210799756,244.69,145.94447627708584,205.73082338222713
rate-2-repeat-2,304.70316672325134,433.78,424.11377800704764,422.86376210799756,85.84,194.34395604962754,94.42252241299198
rate-2-repeat-2,304.95316672325134,434.7,426.9307401709874,422.86376210799756,246.82,128.01695517525312,183.65419255397143
rate-2-repeat-2,305.20116662979126,422.65,422.30472409476806,422.86376210799756,93.42,184.19024676050105,120.57106964032253
rate-2-repeat-2,305.4551668167114,441.35,419.5947354569005,422.86376210799756,248.91,130.32025753656774,123.94326431520963
rate-2-repeat-2,305.70116662979126,441.95,422.52182865275523,422.86376210799756,94.61,161.12163257163002,204.9906069844496
rate-2-repeat-2,305.9541666507721,441.62,421.8323118679824,422.86376210799756,85.57,189.9953615146994,83.14
rate-2-repeat-2,306.2021667957306,432.92,418.4217514137084,422.86376210799756,240.22,96.94058811795206,120.34994342831598
rate-2-repeat-2,306.45116662979126,437.73,429.3276383379437,422.86376210799756,104.56,152.82177300311156,189.62245609985382
rate-2-repeat-2,306.70116662979126,442.21,418.4098768421862,422.86376210799756,247.72,176.1174822770795,83.14
rate-2-repeat-2,306.9501667022705,428.38,421.90126644378864,422.86376210799756,239.55,119.69757884790307,188.3836301407191
rate-2-repeat-2,307.20316672325134,443.46,428.8068651364822,422.86376210799756,141.64,199.84868189364911,152.37519939848102
rate-2-repeat-2,307.45316672325134,439.24,420.8398566301335,422.86376210799756,245.62,185.83771697129242,205.73082338222713
rate-2-repeat-2,307.7021667957306,437.41,428.91494351440684,422.86376210799756,86.17,219.89331852035787,169.35212725568272
rate-2-repeat-2,307.95316672325134,443.46,427.67849459475036,422.86376210799756,99.43,197.64997596212953,197.6400104924574
rate-2-repeat-2,308.20116662979126,432.27,421.86782838389576,422.86376210799756,242.91,182.00454388247746,83.14
rate-2-repeat-2,308.45316672325134,447.62,418.1855762101121,422.86376210799756,241.99,91.96008941765696,106.74537109290995
rate-2-repeat-2,308.7041666507721,432.0,422.8406842974769,422.86376210799756,249.84,139.55132715090699,185.1131303360795
rate-2-repeat-2,308.95316672325134,441.35,421.8133006789199,422.86376210799756,85.57,172.61394961021853,83.14
rate-2-repeat-2,309.20316672325134,444.06,425.85003081420774,422.86376210799756,242.58,117.4161875951147,181.26200299104644
rate-2-repeat-2,309.45316672325134,433.96,422.2924069318173,422.86376210799756,95.53,192.82660545053332,150.8846493396362
rate-2-repeat-2,309.7021667957306,436.81,419.1275545298169,422.86376210799756,245.29,156.6841057173885,124.22259451636798
rate-2-repeat-2,309.9501667022705,429.3,426.3954956204623,422.86376210799756,250.44,154.53274759855495,183.58363641883187
rate-2-repeat-2,310.2041666507721,451.57,419.9986849817512,422.86376210799756,126.54,193.842777869788,146.83783631437964
rate-2-repeat-2,310.4541666507721,432.92,428.2888998413006,422.86376210799756,239.55,175.19701902213234,187.59059256358523
rate-2-repeat-2,310.7041666507721,429.3,426.3695140329526,422.86376210799756,86.17,173.63408205996194,83.14
rate-2-repeat-2,310.95116662979126,444.06,411.7298626485355,422.86376210799756,250.7,102.74618981641065,137.52194491539606
rate-2-repeat-2,311.20116662979126,422.05,424.1057943270605,422.86376210799756,85.84,173.18184880829352,205.73082338222713
rate-2-repeat-2,311.4551668167114,444.65,426.4983509171814,422.86376210799756,85.25,196.23586480010184,98.10982572923125
rate-2-repeat-2,311.7041666507721,432.0,423.2843713175945,422.86376210799756,244.96,138.47020448692643,205.73082338222713
rate-2-repeat-2,311.9541666507721,435.89,425.9382924100599,422.86376210799756,85.84,204.4219821897579,124.74968597450263
rate-2-repeat-2,312.2041666507721,440.7,426.07675754996666,422.86376210799756,240.8,162.05741572454482,205.73082338222713
rate-2-repeat-2,312.4561667442322,446.44,422.0103176390507,422.86376210799756,156.09,199.11606114546822,108.36833905658182
rate-2-repeat-2,312.7061667442322,439.51,420.3729549299763,422.86376210799756,249.84,139.39599025145526,182.09659437372278
rate-2-repeat-2,312.9551668167114,435.03,429.6874801609266,422.86376210799756,86.49,185.3551477021744,126.20864365366026
rate-2-repeat-2,313.2051668167114,456.98,417.85138964839996,422.86376210799756,226.02,163.06760648357763,205.73082338222713
rate-2-repeat-2,313.4551668167114,428.7,431.94003670695434,422.86376210799756,244.69,200.844006732158,113.73370878330483
rate-2-repeat-2,313.70316672325134,441.95,415.7761156494498,422.86376210799756,86.17,109.63654686591306,83.14
rate-2-repeat-2,313.95316672325134,432.59,418.4837236673271,422.86376210799756,241.14,123.37691208406923,199.46936817959778
rate-2-repeat-2,314.2051668167114,449.14,430.016043856447,422.86376210799756,247.72,196.30706488691408,113.1734857448873
rate-2-repeat-2,314.4551668167114,435.3,417.1990878282191,422.86376210799756,244.1,133.70554422487012,150.5476325125017
rate-2-repeat-2,314.7061667442322,449.14,430.4361661166029,422.86376210799756,124.16,177.15388447066516,184.06564894359946
rate-2-repeat-2,314.9551668167114,440.11,422.0666246394411,422.86376210799756,238.69,176.90359330023784,99.69644375594413
rate-2-repeat-2,315.2041666507721,427.18,422.67694654818615,422.86376210799756,86.17,139.8645906207732,205.73082338222713
rate-2-repeat-2,315.4561667442322,431.68,425.55808092523546,422.86376210799756,89.46,212.38430203001724,146.75428589963798
rate-2-repeat-2,315.70716667175293,431.4,430.1683504170729,422.86376210799756,244.1,174.33070603417428,184.63960747112463
rate-2-repeat-2,315.9561667442322,450.39,418.7195494594576,422.86376210799756,90.07,170.92470681771766,83.14
rate-2-repeat-2,316.2051668167114,436.08,422.05329665475375,422.86376210799756,244.37,121.17004687820122,192.83109054709712
rate-2-repeat-2,316.4551668167114,450.98,429.10366152540314,422.86376210799756,247.4,185.62038912989505,100.77221840595395
rate-2-repeat-2,316.70316672325134,431.4,414.51531348500316,422.86376210799756,246.21,98.5644069520799,83.14
rate-2-repeat-2,316.9561667442322,438.0,422.96162781404604,422.86376210799756,99.1,119.02308671836803,186.7885313652368
rate-2-repeat-2,317.2061667442322,444.65,427.9982162798436,422.86376210799756,245.29,203.22176434594644,165.16686223708865
rate-2-repeat-2,317.4561667442322,439.84,412.9791730834211,422.86376210799756,86.17,173.0826930894472,133.62717061155956
rate-2-repeat-2,317.7051668167114,446.76,431.09962161917963,422.86376210799756,85.57,151.79179990394465,150.6487808967562
rate-2-repeat-2,317.9541666507721,435.62,425.6192321842603,422.86376210799756,243.18,168.68738245814902,158.04893724315838
rate-2-repeat-2,318.2041666507721,436.22,424.0172811697418,422.86376210799756,85.57,163.83560469116253,125.55065868753576
rate-2-repeat-2,318.4581665992737,452.17,422.63072848152376,422.86376210799756,120.8,153.43023762037822,179.55293016869604
rate-2-repeat-2,318.7061667442322,423.68,430.37680504942784,422.86376210799756,112.09,197.5466540532958,168.87373613550344
rate-2-repeat-2,318.9561667442322,440.43,418.22041579305915,422.86376210799756,85.57,174.054354630878,129.29268224299778
rate-2-repeat-2,319.2061667442322,431.68,426.64302136623985,422.86376210799756,238.44,165.99108929495006,205.73082338222713
rate-2-repeat-2,319.4561667442322,440.43,427.0524172167048,422.86376210799756,86.17,220.2124368067051,169.6978799431238
rate-2-repeat-2,319.7081665992737,436.22,423.2832627348692,422.86376210799756,242.0,192.63182836576576,180.43009399432458
rate-2-repeat-2,319.9551668167114,425.99,425.67041434295714,422.86376210799756,86.17,167.246720107054,83.14
rate-2-repeat-2,320.20716667175293,439.51,413.5613722316122,422.86376210799756,95.53,107.4191199196277,150.8015963937802
rate-2-repeat-2,320.4551668167114,434.38,430.17143384584693,422.86376210799756,238.71,174.8057284914314,175.33825847283148
rate-2-repeat-2,320.7051668167114,427.18,421.8321710514187,422.86376210799756,85.84,169.14552311537233,98.39950973739094
rate-2-repeat-2,320.9561667442322,459.68,420.9988137708543,422.86376210799756,230.52,138.70889141609547,205.73082338222713
rate-2-repeat-2,321.2051668167114,435.3,426.5313316668056,422.86376210799756,239.55,217.76908025412706,160.36665411213954
rate-2-repeat-2,321.459166765213,435.62,428.8076528001832,422.86376210799756,92.49,190.9970482678135,200.26942566288776
rate-2-repeat-2,321.70716667175293,445.25,420.0757287633977,422.86376210799756,237.77,184.3984140818952,83.14
rate-2-repeat-2,321.9551668167114,436.48,419.8112854294096,422.86376210799756,89.46,120.40409838605402,190.26820743515782
rate-2-repeat-2,322.2081665992737,436.81,430.0097342068902,422.86376210799756,97.32,178.2466791731352,87.17977501571016
rate-2-repeat-2,322.46016669273376,444.06,416.27088655371796,422.86376210799756,244.69,105.60223333231176,136.1027626805579
rate-2-repeat-2,322.709166765213,446.76,425.04093276591834,422.86376210799756,245.95,161.67340534421305,173.70226652144345
rate-2-repeat-2,322.95716667175293,436.81,427.350114666523,422.86376210799756,86.17,162.20444011472813,83.14
rate-2-repeat-2,323.2061667442322,428.38,412.40305290616953,422.86376210799756,85.84,101.87461508417445,134.67204797447883
rate-2-repeat-2,323.46016669273376,435.89,431.8518351866624,422.86376210799756,189.22,160.6234455463419,175.08253439710563
rate-2-repeat-2,323.709166765213,421.13,422.46596956343905,422.86376210799756,244.37,163.28398968802338,83.14
rate-2-repeat-2,323.959166765213,439.84,419.10001949805115,422.86376210799756,85.57,124.79747904206454,203.63254344650505
rate-2-repeat-2,324.209166765213,437.41,427.36629087094667,422.86376210799756,240.47,207.58336873413134,136.24106418897946
rate-2-repeat-2,324.45716667175293,441.62,414.0672557061337,422.86376210799756,140.72,152.9567221937465,148.78023833342965
rate-2-repeat-2,324.709166765213,447.62,428.81031774573154,422.86376210799756,240.8,162.92206772862153,144.90295364013815
rate-2-repeat-2,324.9581665992737,438.92,423.47920855495676,422.86376210799756,102.73,140.75120981740324,93.12110037705665
rate-2-repeat-2,325.20716667175293,434.1,414.2184586431023,422.86376210799756,246.21,134.18530520809014,205.73082338222713
rate-2-repeat-2,325.4581665992737,435.89,430.41038602778275,422.86376210799756,86.76,194.54085347545703,94.24350300303382
rate-2-repeat-2,325.709166765213,451.25,422.3025988760315,422.86376210799756,237.44,121.78031114485478,164.59924332008026
rate-2-repeat-2,325.95716667175293,437.41,422.9243614880359,422.86376210799756,247.46,188.02482193111314,179.56626191078558
rate-2-repeat-2,326.209166765213,454.87,423.6270945676931,422.86376210799756,127.14,176.65819827597147,109.06533678132915
rate-2-repeat-2,326.4651668071747,438.92,420.7639791956606,422.86376210799756,246.81,148.1127572919582,205.73082338222713
rate-2-repeat-2,326.71016669273376,436.22,424.1249113950204,422.86376210799756,245.62,191.9027017644665,87.54305294588367
rate-2-repeat-2,326.959166765213,428.38,419.91216219069787,422.86376210799756,179.91,94.25369493761617,103.14717453816723
rate-2-repeat-2,327.2131667137146,443.46,416.7758097694718,422.86376210799756,86.17,142.93611794370057,205.73082338222713
rate-2-repeat-2,327.46016669273376,437.41,428.46427426227575,422.86376210799756,242.91,191.1944591454134,84.47579204984851
rate-2-repeat-2,327.709166765213,426.59,422.0505522172681,422.86376210799756,245.62,116.34901050279724,173.8853789617044
rate-2-repeat-2,327.959166765213,438.92,423.04788241340384,422.86376210799756,247.4,178.18142803345344,126.4495907721721
rate-2-repeat-2,328.2081665992737,431.08,422.3110610765751,422.86376210799756,239.55,120.84658708890078,83.14
rate-2-repeat-2,328.46016669273376,455.46,420.21914901891586,422.86376210799756,241.74,112.9443435792453,168.00295425210518
rate-2-repeat-2,328.709166765213,434.1,423.48970693527446,422.86376210799756,238.04,190.62695381713166,176.97233895521572
rate-2-repeat-2,328.9611666202545,447.49,420.99988772402384,422.86376210799756,249.84,201.77088716919695,187.48127570798096
rate-2-repeat-2,329.21416664123535,427.18,430.5652648664591,422.86376210799756,91.31,189.14779843815202,124.32224759075672
rate-2-repeat-2,329.46216678619385,437.41,417.2054264453116,422.86376210799756,220.28,118.95425749213652,83.14
rate-2-repeat-2,329.71016669273376,435.3,422.184487868064,422.86376210799756,244.71,118.23360194639287,184.09341693909607
rate-2-repeat-2,329.9611666202545,426.27,428.5759859553122,422.86376210799756,86.49,196.0597584741506,151.3653013849554
rate-2-repeat-2,330.21016669273376,446.16,414.0505501290457,422.86376210799756,240.47,160.68821482422948,132.12316172461593
rate-2-repeat-2,330.46016669273376,429.89,430.7511913506574,422.86376210799756,238.69,151.43858999169825,154.34958843921834
rate-2-repeat-2,330.7241666316986,434.7,417.38307405121174,422.86376210799756,87.08,145.10734136191869,83.14
rate-2-repeat-2,330.9611666202545,452.76,418.56169796692774,422.86376210799756,236.6,122.62052648663868,197.0066690831419
rate-2-repeat-2,331.21216678619385,438.0,430.24053923524735,422.86376210799756,242.0,186.27042865216512,92.26856868764852
rate-2-repeat-2,331.4611666202545,437.41,416.23707420211633,422.86376210799756,246.48,113.14770803932029,144.73986720939254
rate-2-repeat-2,331.7111666202545,416.65,427.65977905805914,422.86376210799756,86.17,172.20326432669313,183.3838435031954
rate-2-repeat-2,331.9611666202545,447.62,426.1640292835371,422.86376210799756,85.57,200.9539755298097,169.82777135888603
rate-2-repeat-2,332.2111666202545,443.14,424.0636051022728,422.86376210799756,239.87,190.31952437397666,173.4342610971607
rate-2-repeat-2,332.46216678619385,452.49,424.41378215153213,422.86376210799756,246.81,161.14549936766622,83.14
rate-2-repeat-2,332.71216678619385,440.11,416.1710254608217,422.86376210799756,96.72,109.91407855422322,159.14835517128293
rate-2-repeat-2,332.96216678619385,433.19,420.57319990536917,422.86376210799756,203.39,176.24005749277302,156.1065598405481
rate-2-repeat-2,333.2111666202545,434.1,424.7869005582434,422.86376210799756,86.76,156.2932012585307,107.75354786814128
rate-2-repeat-2,333.46216678619385,448.86,424.27966349493994,422.86376210799756,85.84,141.49245272504805,187.92051110283256
rate-2-repeat-2,333.7111666202545,435.03,422.7611773794723,422.86376210799756,243.5,174.32241544396567,83.14
rate-2-repeat-2,333.96216678619385,444.92,425.2197982221754,422.86376210799756,191.33,117.50731689302341,182.2102495197132
rate-2-repeat-2,334.2111666202545,438.0,422.6517675099252,422.86376210799756,246.21,197.42153059515067,161.51025291846332
rate-2-repeat-2,334.4631667137146,419.94,420.25269285400844,422.86376210799756,86.49,167.50241269500356,128.1368679082961
rate-2-repeat-2,334.71416664123535,440.43,428.28677360357784,422.86376210799756,244.37,157.16530653965754,181.68277673066027
rate-2-repeat-2,334.970166683197,437.73,419.0679990596517,422.86376210799756,241.99,169.11171077486298,83.14
rate-2-repeat-2,335.2111666202545,438.33,416.1375569416877,422.86376210799756,247.08,96.17904548008342,118.51629407073924
rate-2-repeat-2,335.46416664123535,428.7,426.9596127483224,422.86376210799756,86.49,141.48080983146536,159.42152604100127
rate-2-repeat-2,335.7131667137146,441.95,420.10221714889354,422.86376210799756,197.77,171.3520792602851,142.64674489994013
rate-2-repeat-2,335.96216678619385,439.24,429.4752066863752,422.86376210799756,243.5,156.84149805639206,143.27241327341648
rate-2-repeat-2,336.21216678619385,459.68,424.94191405403325,422.86376210799756,94.88,164.2363037522489,165.81336418254705
rate-2-repeat-2,336.46216678619385,439.24,423.59191049095114,422.86376210799756,98.24,181.60605044483057,157.02074385147887
rate-2-repeat-2,336.71416664123535,451.85,425.1394847610963,422.86376210799756,97.91,147.15470235627635,83.14
rate-2-repeat-2,336.9631667137146,433.19,421.86927066242276,422.86376210799756,248.91,112.09110947066121,164.9074097358666
rate-2-repeat-2,337.21216678619385,456.98,423.9373930877213,422.86376210799756,245.29,172.85129156792206,133.2231114311679
rate-2-repeat-2,337.46016669273376,422.97,419.9640420148177,422.86376210799756,200.69,134.94140806323884,105.68399560999285
rate-2-repeat-2,337.7151668071747,422.97,421.44473378279514,422.86376210799756,93.09,145.16244148781698,205.73082338222713
rate-2-repeat-2,337.96416664123535,436.08,422.9535215807624,422.86376210799756,245.29,192.18956728770743,86.6895514758145
rate-2-repeat-2,338.21416664123535,448.86,418.7461663877889,422.86376210799756,86.76,91.00710873830508,96.32887590398498
rate-2-repeat-2,338.4631667137146,439.24,414.60784960772867,422.86376210799756,248.91,135.4415739862595,200.2062315336932
rate-2-repeat-2,338.71216678619385,436.22,429.0406214812621,422.86376210799756,86.49,185.9635275472117,83.14
rate-2-repeat-2,338.9611666202545,441.03,419.55272525914125,422.86376210799756,245.88,111.41106301466998,163.4231989268779
rate-2-repeat-2,339.2131667137146,432.0,421.9042753511166,422.86376210799756,86.49,177.17203380433415,148.8258594643862
rate-2-repeat-2,339.46416664123535,435.62,424.9749261016909,422.86376210799756,150.68,151.19855720116465,112.36058909306303
rate-2-repeat-2,339.71416664123535,437.14,424.539479322091,422.86376210799756,245.88,139.451033685298,169.42320570334803
rate-2-repeat-2,339.9631667137146,441.95,422.6181184497537,422.86376210799756,86.49,158.21563655116336,83.14
rate-2-repeat-2,340.21416664123535,429.3,418.68520711545597,422.86376210799756,244.96,91.25298093397281,105.47840563484257
rate-2-repeat-2,340.4651668071747,423.57,424.43209461053425,422.86376210799756,89.2,144.98907519346477,205.73082338222713
rate-2-repeat-2,340.71616673469543,450.39,421.3885416307642,422.86376210799756,243.77,191.2795856219377,84.53625744853329
rate-2-repeat-2,340.9651668071747,441.95,417.25705626117434,422.86376210799756,95.53,89.82857812461262,97.62184967971695
rate-2-repeat-2,341.2151668071747,442.21,419.8131195886075,422.86376210799756,246.48,137.6464522838334,205.73082338222713
rate-2-repeat-2,341.46416664123535,425.99,426.40267833647965,422.86376210799756,242.58,194.54735269349663,92.45988320275445
rate-2-repeat-2,341.7131667137146,440.7,420.051888200866,422.86376210799756,86.49,120.39144649622968,164.65109894652545
rate-2-repeat-2,341.9671666622162,426.59,422.6363336680266,422.86376210799756,242.26,177.6761035784395,147.63724318385925
rate-2-repeat-2,342.2181668281555,432.27,422.7787056105477,422.86376210799756,87.08,149.15894707072238,109.17723152649361
rate-2-repeat-2,342.4681668281555,433.19,422.1070523937255,422.86376210799756,238.96,148.20471792281035,205.73082338222713
rate-2-repeat-2,342.71616673469543,460.87,423.1698634249846,422.86376210799756,100.94,202.2285026306229,115.24414164148135
rate-2-repeat-2,342.9651668071747,428.38,426.29741255321125,422.86376210799756,243.18,146.86918915007058,184.92490166450332
rate-2-repeat-2,343.21416664123535,444.92,428.53502687876215,422.86376210799756,87.36,176.35753723079455,96.44027720996941
rate-2-repeat-2,343.46616673469543,444.06,413.6288318858061,422.86376210799756,246.48,94.66668261504553,83.14
rate-2-repeat-2,343.71616673469543,438.33,419.5478548169459,422.86376210799756,88.27,115.23896967954367,174.97281852962215
rate-2-repeat-2,343.9671666622162,431.08,422.8042353864802,422.86376210799756,246.48,187.02596355616043,147.19422216824995
rate-2-repeat-2,344.2171666622162,431.08,419.8967174794598,422.86376210799756,98.83,151.60846098736795,115.85533487039942
rate-2-repeat-2,344.4651668071747,442.21,422.28532325899727,422.86376210799756,86.49,153.62937539675818,205.73082338222713
rate-2-repeat-2,344.7171666622162,441.03,422.19300646717136,422.86376210799756,244.37,199.73297816284924,106.69835312211124
rate-2-repeat-2,344.9651668071747,428.97,422.73742714847305,422.86376210799756,243.18,140.39563919336504,187.71072341712886
rate-2-repeat-2,345.2151668071747,434.1,429.50078812404854,422.86376210799756,86.76,194.14036716620825,138.0523624149601
rate-2-repeat-2,345.4671666622162,432.27,419.96750120125154,422.86376210799756,240.15,173.18877491404461,205.73082338222713
rate-2-repeat-2,345.71616673469543,428.11,430.0535452077509,422.86376210799756,207.62,190.54840767099353,86.80558098615865
rate-2-repeat-2,345.9671666622162,455.19,420.0146928853996,422.86376210799756,231.11,86.65921739816463,85.10130321981711
rate-2-repeat-2,346.2151668071747,427.18,418.59793853889636,422.86376210799756,246.81,127.11076117212593,205.73082338222713
rate-2-repeat-2,346.4681668281555,431.08,427.1611126450532,422.86376210799756,204.59,201.41145551365204,111.69529257539202
rate-2-repeat-2,346.7151668071747,438.45,420.8229019388772,422.86376210799756,245.63,133.35678311956102,153.9452567731926
rate-2-repeat-2,346.9671666622162,422.97,423.36386717358886,422.86376210799756,86.49,179.58719464199396,181.30584934603587
rate-2-repeat-2,347.2181668281555,436.81,426.1442811391457,422.86376210799756,91.31,202.31437647846252,179.12012079852155
rate-2-repeat-2,347.4671666622162,434.1,423.4706014991736,422.86376210799756,245.62,185.89708627628016,136.56079048845206
rate-2-repeat-2,347.7171666622162,444.65,421.867547232967,422.86376210799756,247.99,129.32585769588385,83.14
rate-2-repeat-2,347.96616673469543,425.99,419.1743509577427,422.86376210799756,245.29,113.78229965492775,171.02323180208174
rate-2-repeat-2,348.4831666946411,439.84,420.8134955889739,422.86376210799756,143.1,157.12294380482757,117.42878492462403
rate-2-repeat-2,348.7331666946411,429.3,427.63327221683915,422.86376210799756,87.95,155.27644548615814,205.73082338222713
rate-2-repeat-2,348.9831666946411,441.95,419.7587543111423,422.86376210799756,224.18,193.2610338527159,90.58163607687457
rate-2-repeat-2,349.2351667881012,443.14,422.2587281167569,422.86376210799756,87.68,125.61393126070811,186.862050905205
rate-2-repeat-2,349.4851667881012,446.76,428.96005936863787,422.86376210799756,246.48,193.64686146242406,138.901463655992
rate-2-repeat-2,349.73416662216187,424.16,421.40695681687015,422.86376210799756,125.35,174.546278893609,205.73082338222713
rate-2-repeat-2,349.9851667881012,441.03,428.70601156031734,422.86376210799756,98.83,194.98022590847523,98.49023785403375
rate-2-repeat-2,350.2351667881012,436.22,422.6805085630112,422.86376210799756,241.99,123.96060184638355,161.64420104513704
rate-2-repeat-2,350.48616671562195,429.3,423.5268721361667,422.86376210799756,239.62,188.92379876497984,189.40172000066894
rate-2-repeat-2,350.7351667881012,458.17,421.9132024229534,422.86376210799756,244.12,175.59928877122968,83.14
rate-2-repeat-2,350.98416662216187,437.73,410.75626802876656,422.86376210799756,86.49,107.55893766866829,152.02086827993617
rate-2-repeat-2,351.23416662216187,443.46,429.80636303036835,422.86376210799756,85.25,182.85310151507196,195.70961387851395
rate-2-repeat-2,351.48616671562195,439.51,421.8378489016027,422.86376210799756,240.15,185.83714262906966,93.98371254068769
rate-2-repeat-2,351.73616671562195,459.68,413.35591980731095,422.86376210799756,193.17,134.80832759773185,204.59715723174162
rate-2-repeat-2,351.98616671562195,441.95,430.29494967886853,422.86376210799756,245.62,189.49984506120262,83.14
rate-2-repeat-2,352.23616671562195,456.38,424.72351613647754,422.86376210799756,246.21,113.5464339532296,168.8783087862086
rate-2-repeat-2,352.4851667881012,436.22,423.47794892133356,422.86376210799756,249.84,170.19396759874252,117.18636499541063
rate-2-repeat-2,352.7371666431427,454.27,421.1045637070082,422.86376210799756,245.95,112.64141801891319,83.14
rate-2-repeat-2,352.9851667881012,435.03,417.4893018123248,422.86376210799756,224.77,109.89259535884042,158.95266693401697
rate-2-repeat-2,353.23616671562195,428.38,423.5470527314323,422.86376210799756,94.88,176.05067192043555,156.23265365617536
rate-2-repeat-2,353.4851667881012,438.33,427.2653303934812,422.86376210799756,238.96,183.05188878517197,184.67625807657052
rate-2-repeat-2,353.7351667881012,422.65,428.6505125446042,422.86376210799756,86.17,187.62961948423396,128.74283037319094
rate-2-repeat-2,353.9851667881012,445.57,419.4389327060118,422.86376210799756,247.4,160.35688821771672,191.23510919612033
rate-2-repeat-2,354.23616671562195,427.46,429.41386830708075,422.86376210799756,237.79,176.6510568468805,83.14
rate-2-repeat-2,354.4871666431427,438.92,413.51421423203243,422.86376210799756,85.84,83.14,83.14
rate-2-repeat-2,354.79516673088074,438.92,426.73137681431984,422.86376210799756,238.36,214.13122066479536,158.51120213271824
rate-2-repeat-2,354.98616671562195,434.7,426.73137681431984,422.86376210799756,89.79,214.13122066479536,158.51120213271824
rate-2-repeat-2,355.23616671562195,447.35,421.80245419456355,422.86376210799756,85.57,191.6971949825969,205.73082338222713
rate-2-repeat-2,355.4871666431427,446.16,427.5293682717227,422.86376210799756,213.63,194.44250221860528,96.38898299048563
rate-2-repeat-2,355.7371666431427,444.65,420.48528318558965,422.86376210799756,241.4,125.89915209746314,172.12798129278514
rate-2-repeat-2,355.9871666431427,438.0,422.81767188839234,422.86376210799756,248.59,187.89244443959427,158.54237083809448
rate-2-repeat-2,356.23816680908203,435.62,422.81370326875873,422.86376210799756,99.75,163.76163715323275,124.24533874586027
rate-2-repeat-2,356.4871666431427,434.7,431.4440454302742,422.86376210799756,251.36,148.7801973758546,166.4174039825412
rate-2-repeat-2,356.73616671562195,451.57,417.31755962072185,422.86376210799756,245.29,155.32430950690662,83.14
rate-2-repeat-2,356.98616671562195,432.45,421.34836107126586,422.86376210799756,248.91,120.46654603707609,190.91321029809825
rate-2-repeat-2,357.2371666431427,439.24,428.89167727938246,422.86376210799756,86.49,198.94097088027468,142.2895860497243
rate-2-repeat-2,357.4871666431427,440.7,415.27967244720116,422.86376210799756,249.18,154.55607660363677,138.1945108065691
rate-2-repeat-2,357.74116683006287,432.92,428.5165638846554,422.86376210799756,242.58,151.79825703391316,139.09651918956007
rate-2-repeat-2,357.9891667366028,443.46,426.42471993739844,422.86376210799756,241.07,160.196515946159,163.254410780191
rate-2-repeat-2,358.23616671562195,435.89,423.85171069522085,422.86376210799756,90.98,176.91693685454317,150.13848844524762
rate-2-repeat-2,358.49516677856445,433.19,423.21122945467874,422.86376210799756,85.84,152.58185583022976,115.0779649038657
rate-2-repeat-2,358.7371666431427,431.4,430.52389504111926,422.86376210799756,243.18,153.58476526736322,205.73082338222713
rate-2-repeat-2,359.0091667175293,438.6,421.0154076172849,422.86376210799756,86.76,135.35920493827905,182.19231417236608
rate-2-repeat-2,359.23816680908203,445.57,421.0154076172849,422.86376210799756,247.4,135.35920493827905,182.19231417236608
rate-2-repeat-2,359.48816680908203,425.08,428.92643261254324,422.86376210799756,244.96,194.33563499509722,150.95627882808918
rate-2-repeat-2,359.73816680908203,454.27,415.16116836742276,422.86376210799756,100.34,158.96600870460517,129.35364437974175
rate-2-repeat-2,359.9871666431427,447.03,428.09145561862897,422.86376210799756,250.11,147.98995318057086,150.2603621830567
rate-2-repeat-2,360.2371666431427,444.92,419.14687046849605,422.86376210799756,174.17,141.71015034959845,83.14
rate-2-repeat-2,360.48816680908203,444.06,426.4226224960005,422.86376210799756,247.08,124.10487982792938,201.92137530681782
rate-2-repeat-2,360.7501666545868,446.76,414.5957255468625,422.86376210799756,205.18,117.79317214874791,148.71202967701566
rate-2-repeat-2,360.98816680908203,425.99,414.5957255468625,422.86376210799756,87.08,117.79317214874791,148.71202967701566
rate-2-repeat-2,361.23616671562195,443.73,429.92338661839534,422.86376210799756,85.84,173.57106683564848,177.2153234280434
rate-2-repeat-2,361.49016666412354,429.57,422.530785465418,422.86376210799756,237.77,168.02111773754595,91.41247342062042
rate-2-repeat-2,361.73816680908203,436.48,413.39639749595176,422.86376210799756,87.68,126.64848089804691,186.22202694741483
rate-2-repeat-2,361.98816680908203,449.73,430.42129153074495,422.86376210799756,99.75,173.34318208194622,83.14
rate-2-repeat-2,362.2371666431427,431.68,423.218659114395,422.86376210799756,90.71,112.01401129374906,164.2047568471432
rate-2-repeat-2,362.4871666431427,433.78,423.2454614595585,422.86376210799756,85.57,174.48370044631383,140.54383228205148
rate-2-repeat-2,362.7391667366028,436.81,424.0272360281507,422.86376210799756,238.04,169.44645254308318,187.57144704618355
rate-2-repeat-2,362.98816680908203,429.3,430.7163252548181,422.86376210799756,120.8,202.14778524659687,162.87403960962826
rate-2-repeat-2,363.23816680908203,438.0,417.0119746068363,422.86376210799756,85.84,152.1506462926434,83.14
rate-2-repeat-2,363.48816680908203,433.19,416.4422275543083,422.86376210799756,243.18,116.05776994382337,177.91937389200677
rate-2-repeat-2,363.7371666431427,439.84,422.51113018329727,422.86376210799756,86.17,187.10578273442286,139.57998822876135
rate-2-repeat-2,363.9891667366028,436.81,423.4657305943698,422.86376210799756,241.99,148.3192808838059,125.62960591125426
rate-2-repeat-2,364.23816680908203,436.22,425.5758711301149,422.86376210799756,86.17,159.39748444440593,195.5597289758087
rate-2-repeat-2,364.49016666412354,443.46,421.07910370561086,422.86376210799756,244.12,181.01837952833333,83.14
rate-2-repeat-2,364.73816680908203,440.7,426.85913260434427,422.86376210799756,91.58,123.42285774801995,200.29026605904807
rate-2-repeat-2,364.98816680908203,434.1,427.7258623536458,422.86376210799756,85.84,207.66013285081624,145.7052983422655
rate-2-repeat-2,365.2391667366028,434.38,415.26938944477905,422.86376210799756,247.99,160.982014599828,149.1286611360261
rate-2-repeat-2,365.5201666355133,434.38,421.53621311202977,422.86376210799756,104.24,198.21325722677796,168.27212383673668
rate-2-repeat-2,365.7391667366028,433.51,421.53621311202977,422.86376210799756,242.26,198.21325722677796,168.27212383673668
rate-2-repeat-2,365.9891667366028,431.4,422.9392765467284,422.86376210799756,241.41,181.80093126898015,150.49145495922596
rate-2-repeat-2,366.23816680908203,439.24,425.1450897291263,422.86376210799756,86.17,141.8005405285079,83.14
rate-2-repeat-2,366.4891667366028,435.3,416.94536295903214,422.86376210799756,194.68,109.93003639618226,159.31921048004904
rate-2-repeat-2,366.74016666412354,425.99,420.8811408044627,422.86376210799756,239.28,180.88800047658134,169.75412341684108
rate-2-repeat-2,366.99016666412354,445.57,424.76848396336754,422.86376210799756,86.17,159.24633887329915,83.14
rate-2-repeat-2,367.24116683006287,441.03,411.0619126703735,422.86376210799756,241.4,106.80493730535878,149.97660140646198
rate-2-repeat-2,367.49016666412354,434.1,426.71816639268513,422.86376210799756,96.12,160.96579075450205,134.92877963356793
rate-2-repeat-2,367.74016666412354,438.0,424.68346930443295,422.86376210799756,242.26,128.70115895548997,83.14
rate-2-repeat-2,367.9891667366028,421.13,411.27531791759856,422.86376210799756,98.83,104.28478869466453,141.6745029753414
rate-2-repeat-2,368.2421667575836,441.03,427.5157990757975,422.86376210799756,88.6,172.38727295560415,191.97725039430367
rate-2-repeat-2,368.49116683006287,433.51,424.21369827110374,422.86376210799756,241.74,181.45390320091298,91.26230439773221
rate-2-repeat-2,368.74016666412354,435.3,420.6268849020407,422.86376210799756,86.17,130.89476383193337,199.68089959211207
rate-2-repeat-2,368.99016666412354,435.3,427.2839360149017,422.86376210799756,247.4,184.40183550326086,83.14
rate-2-repeat-2,369.24016666412354,432.0,417.7053183960669,422.86376210799756,99.1,83.14,83.14
rate-2-repeat-2,369.4921667575836,441.03,416.85414941690664,422.86376210799756,246.21,124.29862292372977,203.80530137201777
rate-2-repeat-2,369.74116683006287,436.22,427.2477894046979,422.86376210799756,86.17,204.3380528687393,124.78071638186152
rate-2-repeat-2,369.9921667575836,434.38,428.4791674292323,422.86376210799756,85.57,162.2698765874713,205.33534607522967
rate-2-repeat-2,370.24016666412354,438.6,421.186423248539,422.86376210799756,241.4,188.7813111390148,83.14
rate-2-repeat-2,370.49016666412354,447.95,417.14041296112765,422.86376210799756,243.5,87.67843119678516,95.33814255097666
rate-2-repeat-2,370.7771666049957,440.43,427.7012831924847,422.86376210799756,247.72,185.64699902639643,118.52980805473169
rate-2-repeat-2,370.99116683006287,447.62,427.7012831924847,422.86376210799756,86.17,185.64699902639643,118.52980805473169
rate-2-repeat-2,371.24116683006287,435.89,426.7029691533022,422.86376210799756,246.81,145.501362164041,172.08571205997595
rate-2-repeat-2,371.48816680908203,438.33,421.851527270506,422.86376210799756,244.96,160.1348093915237,83.14
rate-2-repeat-2,371.74016666412354,447.62,427.5645910248185,422.86376210799756,100.34,121.81595668309109,194.28369607436662
rate-2-repeat-2,371.98816680908203,439.51,427.4911971691662,422.86376210799756,246.81,192.0310976209522,116.98901767235029
rate-2-repeat-2,372.2421667575836,431.68,412.7692019450318,422.86376210799756,86.17,131.22996964760577,135.08662652518814
rate-2-repeat-2,372.49116683006287,438.0,424.76839303680055,422.86376210799756,246.21,170.9633002658402,205.73082338222713
rate-2-repeat-2,372.7391667366028,429.89,420.3496736535442,422.86376210799756,92.17,191.40848713992278,85.15310358338856
rate-2-repeat-2,372.99116683006287,429.89,417.5861496806382,422.86376210799756,91.58,101.99224854849987,129.56865852333738
rate-2-repeat-2,373.2391667366028,429.89,429.030107151634,422.86376210799756,215.74,149.5455100993177,155.0586566049347
rate-2-repeat-2,373.49316668510437,440.7,418.3078533237302,422.86376210799756,85.84,146.04287283314852,83.14
rate-2-repeat-2,373.74316668510437,429.57,415.8626587157288,422.86376210799756,246.48,121.17971054985136,192.82664965917218
rate-2-repeat-2,373.9921667575836,443.46,430.8649034224513,422.86376210799756,236.84,206.46542615160288,159.269271141229
rate-2-repeat-2,374.24116683006287,444.92,418.6661813627399,422.86376210799756,106.08,172.56120009798911,146.32457211582235
rate-2-repeat-2,374.49116683006287,444.65,430.5188864556715,422.86376210799756,218.45,171.7521298471749,178.7648419473125
rate-2-repeat-2,374.7391667366028,430.22,426.126121139365,422.86376210799756,246.21,197.05803084302732,171.35956312842785
rate-2-repeat-2,374.99116683006287,111.88,423.6194825548588,422.86376210799756,238.96,191.01711883529794,171.93525900632434
rate-2-repeat-2,375.24116683006287,106.47,421.8316980599546,422.86376210799756,242.91,173.86534634908668,122.20277581348765
rate-2-repeat-2,375.4961667060852,104.67,431.37589034027405,422.86376210799756,85.84,145.50022003963502,161.6733347537741
rate-2-repeat-2,375.7391667366028,103.76,417.32441332568754,422.86376210799756,85.57,151.33330686942716,83.14
rate-2-repeat-2,375.99716663360596,101.54,423.96072985460285,422.86376210799756,85.25,120.47906735988084,191.10112678435027
rate-2-repeat-2,376.2391667366028,100.61,428.0572806919894,422.86376210799756,84.97,180.4803807663684,90.90965593704122
rate-2-repeat-2,376.4921667575836,100.45,414.02084686068423,422.86376210799756,85.25,109.63783549504306,137.86159641512478
rate-2-repeat-2,376.74316668510437,100.12,429.900230141618,422.86376210799756,85.25,172.95738247558367,204.26851112144357
rate-2-repeat-2,376.99116683006287,99.75,417.33636217852114,422.86376210799756,85.33,188.74651050012784,83.14
rate-2-repeat-2,377.2421667575836,99.2,417.36909562499153,422.86376210799756,84.65,124.16378514069052,202.3717239129095
