{"val_ece":0.08573160548579029,"val_f1":0.384527246632316,"val_transition_mae":143.92433272550093,"_wandb":{"runtime":52},"val_balanced_acc":0.4667855755517197,"_step":499,"_runtime":52,"val_autocorr_r2":0.30966232942599814,"train_loss":1.2890871465206146,"val_acc":0.4944742129939719,"val_loss":1.4397610425949097,"lr":0,"epoch":500,"val_boundary_f1":0.018726591371579077,"val_tolerance_power_acc":0.4944742129939719,"_timestamp":1.761610924787923e+09}