{"val_loss":1.4409348964691162,"lr":0,"val_acc":0.641566265060241,"epoch":500,"val_f1":0.34822441574316904,"_step":499,"train_loss":1.320281445980072,"_runtime":65,"val_autocorr_r2":0.9808505177497864,"_wandb":{"runtime":65},"_timestamp":1.7610069279354668e+09,"val_transition_mae":22.817350387573242}