{
  "aic": 484831.84100168693,
  "bic": 485088.98083638697,
  "config_id": "deepseek-r1-distill-8b_H100_tp1",
  "covariance_type": "full",
  "k": 10,
  "label_map": [
    1,
    7,
    4,
    9,
    6,
    3,
    8,
    5,
    2,
    0
  ],
  "means": [
    77.00513857862236,
    119.27569129366361,
    152.19257496762512,
    214.4141783873145,
    266.21163246148075,
    322.81262770798395,
    390.9238331361765,
    437.2633499758803,
    452.6009360841283,
    470.132562022312
  ],
  "order": [
    9,
    0,
    8,
    5,
    2,
    7,
    4,
    1,
    6,
    3
  ],
  "seed": 42,
  "variances": [
    98.11238559151884,
    2.0691286456310234,
    517.7227290968607,
    342.12418458239716,
    398.15904938124424,
    480.2563206166388,
    689.8006015434839,
    26.87684492566099,
    45.89567494250666,
    89.12126875831443
  ],
  "weights": [
    0.00508550577149065,
    0.344264675384908,
    0.061104833828683515,
    0.02733345230609019,
    0.029997603732073348,
    0.032381037721222354,
    0.04640707201708994,
    0.21524460094840195,
    0.12670414875299568,
    0.11147706953704443
  ]
}