{
  "aic": 653127.0503740456,
  "bic": 653384.4359402434,
  "config_id": "deepseek-r1-distill-70b_H100_tp4",
  "covariance_type": "full",
  "k": 10,
  "label_map": [
    5,
    0,
    2,
    7,
    1,
    3,
    4,
    6,
    9,
    8
  ],
  "means": [
    485.19293556262954,
    702.4365875905581,
    1142.8576418979997,
    1511.4875141994144,
    1764.4446640088706,
    1817.5684173342715,
    1862.1483144085073,
    1921.878421305704,
    1980.6907001716615,
    2052.278283388198
  ],
  "order": [
    1,
    4,
    2,
    5,
    6,
    0,
    7,
    3,
    9,
    8
  ],
  "seed": 42,
  "variances": [
    183.8609719784327,
    25118.542309871296,
    15290.329618562562,
    16213.630171981837,
    520.370536634181,
    376.2269723610792,
    371.8062098620259,
    527.4177300467196,
    740.7235639992557,
    2161.9723265622983
  ],
  "weights": [
    0.13742479850154,
    0.027932197405884606,
    0.01716720669534034,
    0.025379713701232563,
    0.1290231713315859,
    0.21614094531168396,
    0.2298070370585203,
    0.12379701581260712,
    0.06875599346621702,
    0.024571920715388086
  ]
}