{
  "aic": 295663.50340738276,
  "bic": 295911.03686889977,
  "config_id": "deepseek-r1-distill-8b_A100_tp1",
  "covariance_type": "full",
  "k": 10,
  "label_map": [
    0,
    5,
    2,
    8,
    3,
    6,
    1,
    9,
    4,
    7
  ],
  "means": [
    60.06775699438536,
    71.61519667160819,
    88.54088792777588,
    131.69183993773598,
    227.88648518263028,
    284.85165435341975,
    294.80903778741333,
    318.9342917561551,
    365.4817679666067,
    413.86536311772016
  ],
  "order": [
    0,
    6,
    2,
    4,
    8,
    1,
    5,
    9,
    3,
    7
  ],
  "seed": 42,
  "variances": [
    0.35977051247633024,
    1.9581296320812585,
    4.699493854006554,
    2379.3849612274817,
    1204.8623719564616,
    17.597445207928576,
    38.13252697220585,
    154.12869107231998,
    348.95801377702537,
    212.6361568180097
  ],
  "weights": [
    0.006849225265686489,
    0.19066954778021844,
    0.12455143204293075,
    0.009852792517991702,
    0.01345962593862151,
    0.48072008540161315,
    0.15177563884165654,
    0.008300998584100262,
    0.006820145146809976,
    0.007000508480371263
  ]
}