{
  "aic": 290208.384303937,
  "bic": 290446.83219884365,
  "config_id": "deepseek-r1-distill-8b_A100_tp8",
  "covariance_type": "full",
  "k": 10,
  "label_map": [
    7,
    3,
    0,
    4,
    8,
    6,
    2,
    9,
    5,
    1
  ],
  "means": [
    554.0422203443428,
    565.6558715520339,
    664.3891852325996,
    689.2787967113335,
    877.0458669580098,
    1076.4254678274583,
    1284.8837352530475,
    1329.287019679553,
    1344.576272094759,
    1371.6360821539304
  ],
  "order": [
    2,
    9,
    6,
    1,
    3,
    8,
    5,
    0,
    4,
    7
  ],
  "seed": 42,
  "variances": [
    6.886522590056449,
    41.20125251775387,
    3028.731864734511,
    43.723505199562084,
    4169.959976490546,
    3911.422578671302,
    7041.731411383777,
    82.70037779416747,
    80.72118345216165,
    186.82597263590645
  ],
  "weights": [
    0.16206054351110558,
    0.04845161654123199,
    0.03958222525317742,
    0.12930452642768314,
    0.015629399058595565,
    0.016146842842503457,
    0.029869850930231718,
    0.1653263221892123,
    0.13972477381953702,
    0.2539038994267218
  ]
}