{
  "aic": 551180.1370527442,
  "bic": 551435.7355153877,
  "config_id": "deepseek-r1-distill-8b_H100_tp4",
  "covariance_type": "full",
  "k": 10,
  "label_map": [
    4,
    1,
    8,
    3,
    6,
    0,
    7,
    9,
    5,
    2
  ],
  "means": [
    472.9731090474963,
    512.2916244842546,
    634.0933097821456,
    743.3917916776375,
    853.0317982017046,
    948.7073442263887,
    1054.1896389133285,
    1169.3805848319228,
    1259.3037995748666,
    1290.1808362165816
  ],
  "order": [
    5,
    1,
    9,
    3,
    0,
    8,
    4,
    6,
    2,
    7
  ],
  "seed": 42,
  "variances": [
    6.078440317487819,
    1662.2265540493886,
    1522.5521991667358,
    1794.4017480560897,
    1740.8065364320464,
    1637.5309563689273,
    1581.1428484741937,
    1827.7372990812394,
    223.32747448358012,
    304.54105399738654
  ],
  "weights": [
    0.3732583994306196,
    0.10641208683150782,
    0.042685987920830615,
    0.045245151209627125,
    0.04401640457424838,
    0.04256409345242969,
    0.04719007952395151,
    0.056208596256434436,
    0.11342368182262448,
    0.12899551897772643
  ]
}