{
  "aic": 615605.7134737951,
  "bic": 615862.8571813953,
  "config_id": "deepseek-r1-distill-8b_H100_tp8",
  "covariance_type": "full",
  "k": 10,
  "label_map": [
    0,
    7,
    4,
    9,
    2,
    5,
    1,
    8,
    6,
    3
  ],
  "means": [
    945.4325859891002,
    1021.084194108783,
    1179.9475099672682,
    1329.8227459915847,
    1487.2781227370992,
    1641.8164576881313,
    1781.1714674578916,
    1935.490391627745,
    2052.575680181716,
    2085.8555741673586
  ],
  "order": [
    0,
    6,
    4,
    9,
    2,
    5,
    8,
    1,
    7,
    3
  ],
  "seed": 42,
  "variances": [
    34.30648464187955,
    2213.8287239270935,
    3135.5783274534574,
    3091.3515625436726,
    3376.003117159631,
    3251.657511633401,
    3078.4284424088123,
    3326.811985190771,
    247.13654481745144,
    210.40286474648343
  ],
  "weights": [
    0.3756367404232166,
    0.0702406296897071,
    0.03970683461596766,
    0.03518778040349117,
    0.0435111203900292,
    0.03975135112290457,
    0.04150945571999336,
    0.05482603683330484,
    0.14815102687757747,
    0.15147902392380805
  ]
}