{
  "aic": 395812.1981818341,
  "bic": 396051.425058865,
  "config_id": "gpt-oss-120b_H100_tp4",
  "covariance_type": "full",
  "k": 10,
  "label_map": [
    0,
    6,
    8,
    3,
    7,
    5,
    2,
    9,
    4,
    1
  ],
  "means": [
    499.14900276002726,
    668.9363416030227,
    919.5001843174355,
    1070.5983004106777,
    1241.6234820357379,
    1464.4525063179424,
    1681.6853977266082,
    1918.972086529753,
    2155.2110480308047,
    2320.1833319342845
  ],
  "order": [
    0,
    9,
    6,
    3,
    8,
    5,
    1,
    4,
    2,
    7
  ],
  "seed": 42,
  "variances": [
    50.9495877825431,
    17316.784940798672,
    558.9102289306885,
    2038.998509025584,
    1716.114979411022,
    1546.7026973587306,
    779.7691697906863,
    4635.234407765801,
    792.6230939962151,
    2377.3665580982956
  ],
  "weights": [
    0.11047856161158776,
    0.024021028994066083,
    0.07450623110548989,
    0.04338144116722255,
    0.053476013026483485,
    0.07621377853005622,
    0.09831282640178177,
    0.2637012864819913,
    0.18716714092014103,
    0.06874169176117985
  ]
}