{
  "aic": 315494.93105520285,
  "bic": 315733.23099599674,
  "config_id": "gpt-oss-20b_A100_tp2",
  "covariance_type": "full",
  "k": 10,
  "label_map": [
    1,
    7,
    3,
    4,
    5,
    9,
    0,
    6,
    2,
    8
  ],
  "means": [
    137.7110546258842,
    168.71736678227788,
    248.51630521923133,
    402.95777024361456,
    488.64029678527817,
    549.0678902145207,
    591.4191913470751,
    628.7132787684369,
    659.8661468436047,
    694.1471383347748
  ],
  "order": [
    6,
    0,
    8,
    2,
    3,
    4,
    7,
    1,
    9,
    5
  ],
  "seed": 42,
  "variances": [
    2.214086219831526,
    5.743612241336217,
    5551.820812625594,
    679.7583408044688,
    605.6734406008974,
    323.80626324211437,
    198.0110316405185,
    176.81482274097502,
    190.5022349041308,
    308.75180711249266
  ],
  "weights": [
    0.11797441237455472,
    0.027104478735235606,
    0.009336615047985247,
    0.11186565889208779,
    0.07882010410153685,
    0.1321236232059651,
    0.13904063888666804,
    0.11168089649666328,
    0.13878741056016972,
    0.1332661616991337
  ]
}