{
  "aic": 399765.5523360608,
  "bic": 400004.29180666053,
  "config_id": "gpt-oss-120b_H100_tp8",
  "covariance_type": "full",
  "k": 10,
  "label_map": [
    0,
    7,
    2,
    4,
    9,
    6,
    1,
    3,
    5,
    8
  ],
  "means": [
    985.7026379157778,
    1533.7914429652894,
    1566.4405644174747,
    1965.7269974650333,
    2302.7855251828296,
    2628.7469430784577,
    2892.857991809081,
    3155.788535143102,
    3305.7124373048987,
    3564.974550269514
  ],
  "order": [
    0,
    6,
    2,
    7,
    3,
    8,
    5,
    1,
    9,
    4
  ],
  "seed": 42,
  "variances": [
    15.72731150634271,
    107634.48072636464,
    410.9111406911086,
    2197.1502780114038,
    7204.694938149438,
    1557.6858818187104,
    6376.166654414772,
    1733.2612546863188,
    695.9764067327802,
    7875.087495167951
  ],
  "weights": [
    0.1632998831692109,
    0.18541067540551423,
    0.07539325436376543,
    0.03186203666946621,
    0.0417002728243331,
    0.06632081935607645,
    0.09184322283164709,
    0.19370272019680376,
    0.0881446054368352,
    0.062322509746347635
  ]
}