{
  "aic": 390325.98559772223,
  "bic": 390565.53900881525,
  "config_id": "gpt-oss-120b_A100_tp8",
  "covariance_type": "full",
  "k": 10,
  "label_map": [
    1,
    6,
    4,
    8,
    3,
    7,
    5,
    0,
    9,
    2
  ],
  "means": [
    559.4026613201762,
    693.1845285177643,
    1100.049803310767,
    1186.0401245625276,
    1328.230249950391,
    1591.4194854874515,
    1751.2704421344056,
    1987.4917150188369,
    2100.459580123111,
    2366.8480565380128
  ],
  "order": [
    7,
    0,
    9,
    4,
    2,
    6,
    1,
    5,
    3,
    8
  ],
  "seed": 42,
  "variances": [
    3.3509219653812776,
    8755.465334788345,
    268.93924585753996,
    832.1819569639682,
    6514.317698407918,
    4034.285359294352,
    2816.408032971026,
    3165.5412717977024,
    8170.216065743745,
    1377.5333343032025
  ],
  "weights": [
    0.15218809625451954,
    0.07366623889488992,
    0.09913518694602069,
    0.1476901128097629,
    0.0926010865222107,
    0.10432324884364151,
    0.0957842195719485,
    0.08536709585067595,
    0.06978926750811107,
    0.07945544679821911
  ]
}