{
  "aic": 346283.59996084205,
  "bic": 346522.90677007666,
  "config_id": "gpt-oss-120b_A100_tp4",
  "covariance_type": "full",
  "k": 10,
  "label_map": [
    4,
    7,
    0,
    9,
    5,
    6,
    3,
    8,
    1,
    2
  ],
  "means": [
    279.99264455129895,
    342.0419959311039,
    357.7496711359604,
    684.7365122230939,
    749.5718599941221,
    938.8512789526421,
    1070.969095281699,
    1194.091733371408,
    1280.5634608180344,
    1424.9577854087333
  ],
  "order": [
    2,
    8,
    9,
    6,
    0,
    4,
    5,
    1,
    7,
    3
  ],
  "seed": 42,
  "variances": [
    0.8100454053243882,
    3.229074794965635,
    8747.913185966958,
    40.62604981292032,
    4723.431003137856,
    4263.927836338707,
    3519.7414230377994,
    1425.5254564023276,
    1165.9057585525,
    3079.2357009138373
  ],
  "weights": [
    0.1887770118938474,
    0.07161227380716302,
    0.04617496339275167,
    0.08110741410616408,
    0.08852987491160387,
    0.06655084427441166,
    0.06147209867958881,
    0.15529136934254026,
    0.127534510031975,
    0.1129496395599542
  ]
}