{
  "aic": 1067533.7868666067,
  "bic": 1067803.2209761275,
  "config_id": "llama-3-70b_A100_tp8",
  "covariance_type": "full",
  "k": 10,
  "label_map": [
    3,
    0,
    8,
    9,
    5,
    2,
    6,
    7,
    4,
    1
  ],
  "means": [
    553.6318970465021,
    673.7615710902644,
    1491.8160613683672,
    1935.2024764857688,
    1978.676041622875,
    2071.850578844905,
    2183.9649087559837,
    2389.6062134427198,
    2651.3096637341546,
    3035.35436237087
  ],
  "order": [
    1,
    9,
    5,
    0,
    8,
    4,
    6,
    7,
    2,
    3
  ],
  "seed": 42,
  "variances": [
    205.15728948371313,
    573.2617352390429,
    184244.33976283745,
    382.5962315595777,
    408.77849696940257,
    883.5829246475234,
    2428.289647880927,
    4253.612332439673,
    6483.185547462292,
    11007.783209044956
  ],
  "weights": [
    0.12310071571934937,
    0.044390896083507256,
    0.01534959355588696,
    0.18686386720364162,
    0.16622511586578817,
    0.2190971956846301,
    0.06567859091920156,
    0.08387110643246067,
    0.04582422443846115,
    0.04959869409707325
  ]
}