{
  "aic": 1065981.228739353,
  "bic": 1066250.7297637726,
  "config_id": "llama-3-70b_H100_tp4",
  "covariance_type": "full",
  "k": 10,
  "label_map": [
    4,
    0,
    8,
    2,
    6,
    3,
    1,
    5,
    9,
    7
  ],
  "means": [
    489.85693879935667,
    790.7410165405068,
    1498.822357926826,
    1826.6198612959631,
    1897.41935941694,
    1998.93241745147,
    2207.6976100504316,
    2323.149052695972,
    2449.0077455516516,
    2749.652743368962
  ],
  "order": [
    1,
    6,
    3,
    5,
    0,
    7,
    4,
    9,
    2,
    8
  ],
  "seed": 42,
  "variances": [
    216.03825488984126,
    45094.20046186131,
    48971.48292008199,
    1069.2854320715667,
    1617.2558818790972,
    2897.144447715567,
    1844.3559996185904,
    606.6111804643224,
    14768.563583656965,
    356.05474833553234
  ],
  "weights": [
    0.17725592743730492,
    0.036486794290912,
    0.03760927199464879,
    0.3208958486787704,
    0.16264181423559357,
    0.10962200499443076,
    0.043442655277969915,
    0.020418774430874094,
    0.044762704039193066,
    0.046864204620302614
  ]
}