{
  "aic": 627814.9345768349,
  "bic": 628072.0145925749,
  "config_id": "llama-3-8b_H100_tp8",
  "covariance_type": "full",
  "k": 10,
  "label_map": [
    9,
    1,
    5,
    3,
    7,
    4,
    0,
    2,
    8,
    6
  ],
  "means": [
    956.6243678385637,
    1025.8533610172833,
    1141.3780954874578,
    1280.6274087156185,
    1422.0686215990402,
    1549.0371462540766,
    1683.6996871846923,
    1809.6575070154263,
    1941.2903990219718,
    2075.862134406374
  ],
  "order": [
    6,
    1,
    7,
    3,
    5,
    2,
    9,
    4,
    8,
    0
  ],
  "seed": 42,
  "variances": [
    61.484001422273316,
    1418.4855450155255,
    2053.6164320995535,
    2560.1862715174084,
    2642.3669621446484,
    2311.1729122566917,
    2306.052694570298,
    2254.2460563734007,
    2351.174783260856,
    657.1526368203782
  ],
  "weights": [
    0.40264143743849207,
    0.06748393677701817,
    0.040075283508351704,
    0.04104815751158916,
    0.03572861194913781,
    0.03683825531794242,
    0.03769263934405033,
    0.03748856599268546,
    0.04100896713430584,
    0.259994145026427
  ]
}