{
  "aic": 876954.1124421355,
  "bic": 877224.0341874292,
  "config_id": "llama-3-8b_H100_tp1",
  "covariance_type": "full",
  "k": 10,
  "label_map": [
    0,
    6,
    9,
    2,
    4,
    1,
    8,
    3,
    5,
    7
  ],
  "means": [
    119.66730167590447,
    175.1023179627829,
    294.5902593256862,
    389.3609168536609,
    438.94754635698445,
    462.41522438412,
    490.64781826626574,
    611.0569352788291,
    659.9477207718131,
    686.6178185251408
  ],
  "order": [
    0,
    5,
    3,
    7,
    4,
    8,
    1,
    9,
    6,
    2
  ],
  "seed": 42,
  "variances": [
    4.856919926771922,
    2335.637970659427,
    1296.2088506277423,
    829.6953317330691,
    91.047168675278,
    133.85521248923484,
    333.6031689567347,
    258.8989162543472,
    160.28609218782196,
    43.96149316478616
  ],
  "weights": [
    0.22266311633853328,
    0.07036388412613673,
    0.03987972488594399,
    0.051962153353187206,
    0.23520215818007914,
    0.1326744100622406,
    0.07561043318998657,
    0.020191828910649925,
    0.038287067654361066,
    0.11316522329888133
  ]
}