{
  "aic": 394098.42117644026,
  "bic": 394345.936137651,
  "config_id": "llama-3-8b_A100_tp8",
  "covariance_type": "full",
  "k": 10,
  "label_map": [
    2,
    8,
    0,
    4,
    3,
    9,
    6,
    1,
    5,
    7
  ],
  "means": [
    556.2276241048406,
    652.5390270046826,
    673.7665674544821,
    877.6107504505744,
    1009.6304007529889,
    1106.3174116924915,
    1281.811143324751,
    1307.176913797706,
    1335.9130088236004,
    1337.5209491218884
  ],
  "order": [
    2,
    7,
    0,
    4,
    3,
    8,
    6,
    9,
    1,
    5
  ],
  "seed": 42,
  "variances": [
    29.548971401855333,
    3878.363237612619,
    42.08382987341506,
    3087.448850828046,
    2490.8402462324925,
    1664.0591782297133,
    9008.56975676272,
    53.25614682537274,
    137.39787889899526,
    466.4581151402312
  ],
  "weights": [
    0.13770163871991475,
    0.04248426442135803,
    0.11462347065198629,
    0.011662411378091752,
    0.007838444417993869,
    0.009603860473408391,
    0.033807381535657065,
    0.2389370118267211,
    0.25597016675352374,
    0.147371349821345
  ]
}