{
  "aic": 590771.6822393438,
  "bic": 591028.7788838424,
  "config_id": "llama-3-8b_H100_tp4",
  "covariance_type": "full",
  "k": 10,
  "label_map": [
    0,
    8,
    4,
    6,
    2,
    3,
    7,
    5,
    9,
    1
  ],
  "means": [
    483.7322845628363,
    527.296927373044,
    646.6849005263791,
    753.7614238151992,
    858.5273083989853,
    962.505602471184,
    1070.2398509068048,
    1188.7974882458514,
    1284.9452784349792,
    1317.5185379426757
  ],
  "order": [
    0,
    9,
    4,
    5,
    2,
    7,
    3,
    6,
    1,
    8
  ],
  "seed": 42,
  "variances": [
    6.940144018425333,
    1941.1990748108446,
    1409.1955886340827,
    1738.0298562149185,
    1885.869262121726,
    1755.945562693243,
    1720.5979197324364,
    1939.5365621220567,
    271.1456093339943,
    265.5561447733949
  ],
  "weights": [
    0.3305667960402035,
    0.09739051471114604,
    0.03637977469915613,
    0.03823135840918671,
    0.03921643832662077,
    0.041504764787721186,
    0.047283464640989516,
    0.058932328135562574,
    0.13623928915720224,
    0.17425527109221137
  ]
}