{"val_acc":0.3260408379740122,"lr":0,"_step":499,"val_autocorr_r2":0.6046615987770985,"val_loss":1.8404783010482788,"_wandb":{"runtime":55},"_runtime":55,"train_loss":1.7514217694600422,"epoch":500,"_timestamp":1.7609432592928717e+09,"val_f1":0.18219174996123075,"val_transition_mae":512.8966604752798}