{"val_balanced_acc":0.40738052466111135,"epoch":500,"lr":0,"_timestamp":1.7616122783274274e+09,"val_ece":0.07167673064854244,"train_loss":1.3803068697452545,"val_boundary_f1":0.08011869387762946,"_step":499,"val_acc":0.45745428973277075,"val_transition_mae":402.4952882729072,"val_f1":0.3515542621393906,"val_tolerance_power_acc":0.45745428973277075,"val_autocorr_r2":0.8382519604051518,"_runtime":50,"_wandb":{"runtime":50},"val_loss":1.388427495956421}