{
  "active_mean": 8.301773360321441,
  "active_std": 10.792258089428055,
  "config_id": "deepseek-r1-distill-70b_A100_tp4",
  "delta_A_mean": -0.0003928916827852998,
  "delta_A_std": 0.6999551228319143,
  "dt": 0.25,
  "feature_set": "f3",
  "hidden_dim": 64,
  "input_dim": 3,
  "k": 10,
  "num_layers": 1,
  "power_max": 1755.29,
  "power_mean": 1067.194960726262,
  "power_min": 248.37,
  "power_std": 364.6957599193211,
  "seed": 42,
  "source_norm_path": "results/experimental_continuous_v1/norm_params/deepseek-r1-distill-70b_A100_tp4.json",
  "t_arrive_log_mean": 0.7969291012529095,
  "t_arrive_log_std": 1.821336637848458
}