{
  "active_mean": 0.7025282085319495,
  "active_std": 1.1300027897400047,
  "config_id": "deepseek-r1-distill-8b_H100_tp4",
  "delta_A_mean": -0.0004024225839554116,
  "delta_A_std": 0.5663318551266892,
  "dt": 0.25,
  "feature_set": "f3",
  "hidden_dim": 64,
  "input_dim": 3,
  "k": 10,
  "num_layers": 1,
  "power_max": 1362.8700000000001,
  "power_mean": 794.3036359339488,
  "power_min": 423.19,
  "power_std": 342.67381779034247,
  "seed": 42,
  "source_norm_path": "results/experimental_continuous_v1/norm_params/deepseek-r1-distill-8b_H100_tp4.json",
  "t_arrive_log_mean": 0.7644622697575661,
  "t_arrive_log_std": 1.8274315955714846
}