{
  "active_mean": 39.85230366677275,
  "active_std": 50.986751651487516,
  "config_id": "gpt-oss-120b_H100_tp4",
  "delta_A_mean": 0.002653927813163482,
  "delta_A_std": 1.2892784760740568,
  "dt": 0.25,
  "feature_set": "f3",
  "hidden_dim": 64,
  "input_dim": 3,
  "k": 10,
  "num_layers": 1,
  "power_max": 2442.59,
  "power_mean": 1597.658415544005,
  "power_min": 436.07,
  "power_std": 577.3918886901765,
  "seed": 42,
  "source_norm_path": "results/experimental_continuous_v1/norm_params/gpt-oss-120b_H100_tp4.json",
  "t_arrive_log_mean": 2.1891350413742243,
  "t_arrive_log_std": 3.1044065860549703
}