{"epoch":173,"val_f1":0.27138073986490396,"_timestamp":1.7609409511477194e+09,"val_loss":1.5585906505584717,"lr":7.789869105876083e-05,"val_autocorr_r2":0,"_wandb":{"runtime":52},"train_loss":1.089714601635933,"val_acc":0.6375674703130623,"_step":172,"val_transition_mae":1496.5377410264366,"_runtime":52}