timestamp,query.start,query.end,index,uuid,power.draw [W],clocks.sm [MHz],clocks.mem [MHz],utilization.gpu [%],utilization.memory [%],memory.used [MiB],temperature.gpu,pstate,power.limit [W],clocks_event_reasons.sw_power_cap,clocks_event_reasons.hw_slowdown,clocks_event_reasons.hw_thermal_slowdown,clocks_event_reasons.sw_thermal_slowdown
2026/07/25 10:20:36.505,2026/07/25 10:20:36.490,2026/07/25 10:20:36.519,0,GPU-c5d32af0-0857-3b36-6541-1a688a9ec165,88.59,1410,1593,0,0,73509,33,P0,500.00,Not Active,Not Active,Not Active,Not Active
2026/07/25 10:20:36.505,2026/07/25 10:20:36.490,2026/07/25 10:20:36.519,1,GPU-713d5b24-2a1e-fd4a-7685-c3d195ff9230,83.05,1410,1593,0,0,73509,31,P0,500.00,Not Active,Not Active,Not Active,Not Active
2026/07/25 10:20:36.754,2026/07/25 10:20:36.740,2026/07/25 10:20:36.768,0,GPU-c5d32af0-0857-3b36-6541-1a688a9ec165,88.23,1410,1593,0,0,73509,33,P0,500.00,Not Active,Not Active,Not Active,Not Active
2026/07/25 10:20:36.754,2026/07/25 10:20:36.740,2026/07/25 10:20:36.768,1,GPU-713d5b24-2a1e-fd4a-7685-c3d195ff9230,82.78,1410,1593,0,0,73509,31,P0,500.00,Not Active,Not Active,Not Active,Not Active
2026/07/25 10:20:37.008,2026/07/25 10:20:36.990,2026/07/25 10:20:37.026,0,GPU-c5d32af0-0857-3b36-6541-1a688a9ec165,88.23,1410,1593,0,0,73509,33,P0,500.00,Not Active,Not Active,Not Active,Not Active
2026/07/25 10:20:37.008,2026/07/25 10:20:36.990,2026/07/25 10:20:37.026,1,GPU-713d5b24-2a1e-fd4a-7685-c3d195ff9230,83.05,1410,1593,0,0,73509,31,P0,500.00,Not Active,Not Active,Not Active,Not Active
2026/07/25 10:20:37.254,2026/07/25 10:20:37.240,2026/07/25 10:20:37.268,0,GPU-c5d32af0-0857-3b36-6541-1a688a9ec165,88.50,1410,1593,0,0,73509,33,P0,500.00,Not Active,Not Active,Not Active,Not Active
2026/07/25 10:20:37.254,2026/07/25 10:20:37.240,2026/07/25 10:20:37.268,1,GPU-713d5b24-2a1e-fd4a-7685-c3d195ff9230,83.05,1410,1593,0,0,73509,31,P0,500.00,Not Active,Not Active,Not Active,Not Active
2026/07/25 10:20:37.506,2026/07/25 10:20:37.490,2026/07/25 10:20:37.521,0,GPU-c5d32af0-0857-3b36-6541-1a688a9ec165,88.23,1410,1593,0,0,73509,33,P0,500.00,Not Active,Not Active,Not Active,Not Active
2026/07/25 10:20:37.506,2026/07/25 10:20:37.490,2026/07/25 10:20:37.521,1,GPU-713d5b24-2a1e-fd4a-7685-c3d195ff9230,82.78,1410,1593,0,0,73509,31,P0,500.00,Not Active,Not Active,Not Active,Not Active
2026/07/25 10:20:37.755,2026/07/25 10:20:37.740,2026/07/25 10:20:37.770,0,GPU-c5d32af0-0857-3b36-6541-1a688a9ec165,88.23,1410,1593,0,0,73509,33,P0,500.00,Not Active,Not Active,Not Active,Not Active
2026/07/25 10:20:37.755,2026/07/25 10:20:37.740,2026/07/25 10:20:37.770,1,GPU-713d5b24-2a1e-fd4a-7685-c3d195ff9230,82.78,1410,1593,0,0,73509,31,P0,500.00,Not Active,Not Active,Not Active,Not Active
2026/07/25 10:20:38.016,2026/07/25 10:20:37.990,2026/07/25 10:20:38.042,0,GPU-c5d32af0-0857-3b36-6541-1a688a9ec165,88.50,1410,1593,0,0,73509,33,P0,500.00,Not Active,Not Active,Not Active,Not Active
2026/07/25 10:20:38.016,2026/07/25 10:20:37.990,2026/07/25 10:20:38.042,1,GPU-713d5b24-2a1e-fd4a-7685-c3d195ff9230,82.46,1410,1593,0,0,73509,31,P0,500.00,Not Active,Not Active,Not Active,Not Active
2026/07/25 10:20:38.255,2026/07/25 10:20:38.240,2026/07/25 10:20:38.270,0,GPU-c5d32af0-0857-3b36-6541-1a688a9ec165,88.32,1410,1593,0,0,73509,33,P0,500.00,Not Active,Not Active,Not Active,Not Active
2026/07/25 10:20:38.255,2026/07/25 10:20:38.240,2026/07/25 10:20:38.270,1,GPU-713d5b24-2a1e-fd4a-7685-c3d195ff9230,82.46,1410,1593,0,0,73509,31,P0,500.00,Not Active,Not Active,Not Active,Not Active
2026/07/25 10:20:38.509,2026/07/25 10:20:38.490,2026/07/25 10:20:38.528,0,GPU-c5d32af0-0857-3b36-6541-1a688a9ec165,88.59,1410,1593,0,0,73509,33,P0,500.00,Not Active,Not Active,Not Active,Not Active
2026/07/25 10:20:38.509,2026/07/25 10:20:38.490,2026/07/25 10:20:38.528,1,GPU-713d5b24-2a1e-fd4a-7685-c3d195ff9230,82.46,1410,1593,0,0,73509,31,P0,500.00,Not Active,Not Active,Not Active,Not Active
2026/07/25 10:20:38.757,2026/07/25 10:20:38.740,2026/07/25 10:20:38.774,0,GPU-c5d32af0-0857-3b36-6541-1a688a9ec165,88.23,1410,1593,0,0,73509,33,P0,500.00,Not Active,Not Active,Not Active,Not Active
2026/07/25 10:20:38.757,2026/07/25 10:20:38.740,2026/07/25 10:20:38.774,1,GPU-713d5b24-2a1e-fd4a-7685-c3d195ff9230,82.46,1410,1593,0,0,73509,31,P0,500.00,Not Active,Not Active,Not Active,Not Active
2026/07/25 10:20:39.006,2026/07/25 10:20:38.990,2026/07/25 10:20:39.022,0,GPU-c5d32af0-0857-3b36-6541-1a688a9ec165,88.32,1410,1593,0,0,73509,33,P0,500.00,Not Active,Not Active,Not Active,Not Active
2026/07/25 10:20:39.006,2026/07/25 10:20:38.990,2026/07/25 10:20:39.022,1,GPU-713d5b24-2a1e-fd4a-7685-c3d195ff9230,82.54,1410,1593,0,0,73509,31,P0,500.00,Not Active,Not Active,Not Active,Not Active
2026/07/25 10:20:39.257,2026/07/25 10:20:39.240,2026/07/25 10:20:39.273,0,GPU-c5d32af0-0857-3b36-6541-1a688a9ec165,88.50,1410,1593,0,0,73509,33,P0,500.00,Not Active,Not Active,Not Active,Not Active
2026/07/25 10:20:39.257,2026/07/25 10:20:39.240,2026/07/25 10:20:39.273,1,GPU-713d5b24-2a1e-fd4a-7685-c3d195ff9230,82.78,1410,1593,0,0,73509,31,P0,500.00,Not Active,Not Active,Not Active,Not Active
2026/07/25 10:20:39.506,2026/07/25 10:20:39.490,2026/07/25 10:20:39.522,0,GPU-c5d32af0-0857-3b36-6541-1a688a9ec165,88.32,1410,1593,0,0,73509,33,P0,500.00,Not Active,Not Active,Not Active,Not Active
2026/07/25 10:20:39.506,2026/07/25 10:20:39.490,2026/07/25 10:20:39.522,1,GPU-713d5b24-2a1e-fd4a-7685-c3d195ff9230,82.46,1410,1593,0,0,73509,31,P0,500.00,Not Active,Not Active,Not Active,Not Active
2026/07/25 10:20:39.757,2026/07/25 10:20:39.740,2026/07/25 10:20:39.774,0,GPU-c5d32af0-0857-3b36-6541-1a688a9ec165,88.32,1410,1593,0,0,73509,33,P0,500.00,Not Active,Not Active,Not Active,Not Active
2026/07/25 10:20:39.757,2026/07/25 10:20:39.740,2026/07/25 10:20:39.774,1,GPU-713d5b24-2a1e-fd4a-7685-c3d195ff9230,82.46,1410,1593,0,0,73509,31,P0,500.00,Not Active,Not Active,Not Active,Not Active
2026/07/25 10:20:40.006,2026/07/25 10:20:39.990,2026/07/25 10:20:40.022,0,GPU-c5d32af0-0857-3b36-6541-1a688a9ec165,88.32,1410,1593,0,0,73509,33,P0,500.00,Not Active,Not Active,Not Active,Not Active
2026/07/25 10:20:40.006,2026/07/25 10:20:39.990,2026/07/25 10:20:40.022,1,GPU-713d5b24-2a1e-fd4a-7685-c3d195ff9230,82.78,1410,1593,0,0,73509,31,P0,500.00,Not Active,Not Active,Not Active,Not Active
2026/07/25 10:20:40.256,2026/07/25 10:20:40.240,2026/07/25 10:20:40.272,0,GPU-c5d32af0-0857-3b36-6541-1a688a9ec165,88.92,1410,1593,0,0,73509,33,P0,500.00,Not Active,Not Active,Not Active,Not Active
2026/07/25 10:20:40.256,2026/07/25 10:20:40.240,2026/07/25 10:20:40.272,1,GPU-713d5b24-2a1e-fd4a-7685-c3d195ff9230,82.46,1410,1593,0,0,73509,31,P0,500.00,Not Active,Not Active,Not Active,Not Active
2026/07/25 10:20:40.505,2026/07/25 10:20:40.490,2026/07/25 10:20:40.521,0,GPU-c5d32af0-0857-3b36-6541-1a688a9ec165,88.32,1410,1593,0,0,73509,33,P0,500.00,Not Active,Not Active,Not Active,Not Active
2026/07/25 10:20:40.505,2026/07/25 10:20:40.490,2026/07/25 10:20:40.521,1,GPU-713d5b24-2a1e-fd4a-7685-c3d195ff9230,82.54,1410,1593,0,0,73509,31,P0,500.00,Not Active,Not Active,Not Active,Not Active
2026/07/25 10:20:40.757,2026/07/25 10:20:40.740,2026/07/25 10:20:40.773,0,GPU-c5d32af0-0857-3b36-6541-1a688a9ec165,88.32,1410,1593,0,0,73509,33,P0,500.00,Not Active,Not Active,Not Active,Not Active
2026/07/25 10:20:40.757,2026/07/25 10:20:40.740,2026/07/25 10:20:40.773,1,GPU-713d5b24-2a1e-fd4a-7685-c3d195ff9230,82.54,1410,1593,0,0,73509,31,P0,500.00,Not Active,Not Active,Not Active,Not Active
2026/07/25 10:20:41.008,2026/07/25 10:20:40.990,2026/07/25 10:20:41.026,0,GPU-c5d32af0-0857-3b36-6541-1a688a9ec165,88.23,1410,1593,0,0,73509,33,P0,500.00,Not Active,Not Active,Not Active,Not Active
2026/07/25 10:20:41.008,2026/07/25 10:20:40.990,2026/07/25 10:20:41.026,1,GPU-713d5b24-2a1e-fd4a-7685-c3d195ff9230,82.78,1410,1593,0,0,73509,31,P0,500.00,Not Active,Not Active,Not Active,Not Active
2026/07/25 10:20:41.256,2026/07/25 10:20:41.240,2026/07/25 10:20:41.272,0,GPU-c5d32af0-0857-3b36-6541-1a688a9ec165,88.32,1410,1593,0,0,73509,33,P0,500.00,Not Active,Not Active,Not Active,Not Active
2026/07/25 10:20:41.256,2026/07/25 10:20:41.240,2026/07/25 10:20:41.272,1,GPU-713d5b24-2a1e-fd4a-7685-c3d195ff9230,82.78,1410,1593,0,0,73509,31,P0,500.00,Not Active,Not Active,Not Active,Not Active
2026/07/25 10:20:41.506,2026/07/25 10:20:41.490,2026/07/25 10:20:41.522,0,GPU-c5d32af0-0857-3b36-6541-1a688a9ec165,88.32,1410,1593,0,0,73509,33,P0,500.00,Not Active,Not Active,Not Active,Not Active
2026/07/25 10:20:41.506,2026/07/25 10:20:41.490,2026/07/25 10:20:41.522,1,GPU-713d5b24-2a1e-fd4a-7685-c3d195ff9230,82.87,1410,1593,0,0,73509,31,P0,500.00,Not Active,Not Active,Not Active,Not Active
2026/07/25 10:20:41.757,2026/07/25 10:20:41.740,2026/07/25 10:20:41.773,0,GPU-c5d32af0-0857-3b36-6541-1a688a9ec165,88.23,1410,1593,0,0,73509,33,P0,500.00,Not Active,Not Active,Not Active,Not Active
2026/07/25 10:20:41.757,2026/07/25 10:20:41.740,2026/07/25 10:20:41.773,1,GPU-713d5b24-2a1e-fd4a-7685-c3d195ff9230,82.78,1410,1593,0,0,73509,31,P0,500.00,Not Active,Not Active,Not Active,Not Active
2026/07/25 10:20:42.007,2026/07/25 10:20:41.990,2026/07/25 10:20:42.024,0,GPU-c5d32af0-0857-3b36-6541-1a688a9ec165,87.90,1410,1593,0,0,73509,33,P0,500.00,Not Active,Not Active,Not Active,Not Active
2026/07/25 10:20:42.007,2026/07/25 10:20:41.990,2026/07/25 10:20:42.024,1,GPU-713d5b24-2a1e-fd4a-7685-c3d195ff9230,82.46,1410,1593,0,0,73509,31,P0,500.00,Not Active,Not Active,Not Active,Not Active
2026/07/25 10:20:42.257,2026/07/25 10:20:42.240,2026/07/25 10:20:42.273,0,GPU-c5d32af0-0857-3b36-6541-1a688a9ec165,87.72,1410,1593,0,0,73509,33,P0,500.00,Not Active,Not Active,Not Active,Not Active
2026/07/25 10:20:42.257,2026/07/25 10:20:42.240,2026/07/25 10:20:42.273,1,GPU-713d5b24-2a1e-fd4a-7685-c3d195ff9230,82.54,1410,1593,0,0,73509,31,P0,500.00,Not Active,Not Active,Not Active,Not Active
2026/07/25 10:20:42.506,2026/07/25 10:20:42.490,2026/07/25 10:20:42.521,0,GPU-c5d32af0-0857-3b36-6541-1a688a9ec165,88.00,1410,1593,0,0,73509,33,P0,500.00,Not Active,Not Active,Not Active,Not Active
2026/07/25 10:20:42.506,2026/07/25 10:20:42.490,2026/07/25 10:20:42.521,1,GPU-713d5b24-2a1e-fd4a-7685-c3d195ff9230,82.46,1410,1593,0,0,73509,31,P0,500.00,Not Active,Not Active,Not Active,Not Active
2026/07/25 10:20:42.756,2026/07/25 10:20:42.740,2026/07/25 10:20:42.772,0,GPU-c5d32af0-0857-3b36-6541-1a688a9ec165,87.72,1410,1593,0,0,73509,33,P0,500.00,Not Active,Not Active,Not Active,Not Active
2026/07/25 10:20:42.756,2026/07/25 10:20:42.740,2026/07/25 10:20:42.772,1,GPU-713d5b24-2a1e-fd4a-7685-c3d195ff9230,82.78,1410,1593,0,0,73509,31,P0,500.00,Not Active,Not Active,Not Active,Not Active
2026/07/25 10:20:43.005,2026/07/25 10:20:42.990,2026/07/25 10:20:43.019,0,GPU-c5d32af0-0857-3b36-6541-1a688a9ec165,87.63,1410,1593,0,0,73509,33,P0,500.00,Not Active,Not Active,Not Active,Not Active
2026/07/25 10:20:43.005,2026/07/25 10:20:42.990,2026/07/25 10:20:43.019,1,GPU-713d5b24-2a1e-fd4a-7685-c3d195ff9230,82.46,1410,1593,0,0,73509,31,P0,500.00,Not Active,Not Active,Not Active,Not Active
2026/07/25 10:20:43.257,2026/07/25 10:20:43.240,2026/07/25 10:20:43.273,0,GPU-c5d32af0-0857-3b36-6541-1a688a9ec165,88.00,1410,1593,0,0,73509,33,P0,500.00,Not Active,Not Active,Not Active,Not Active
2026/07/25 10:20:43.257,2026/07/25 10:20:43.240,2026/07/25 10:20:43.273,1,GPU-713d5b24-2a1e-fd4a-7685-c3d195ff9230,82.46,1410,1593,0,0,73509,31,P0,500.00,Not Active,Not Active,Not Active,Not Active
2026/07/25 10:20:43.506,2026/07/25 10:20:43.490,2026/07/25 10:20:43.522,0,GPU-c5d32af0-0857-3b36-6541-1a688a9ec165,87.90,1410,1593,0,0,73509,33,P0,500.00,Not Active,Not Active,Not Active,Not Active
2026/07/25 10:20:43.506,2026/07/25 10:20:43.490,2026/07/25 10:20:43.522,1,GPU-713d5b24-2a1e-fd4a-7685-c3d195ff9230,82.46,1410,1593,0,0,73509,31,P0,500.00,Not Active,Not Active,Not Active,Not Active
2026/07/25 10:20:43.757,2026/07/25 10:20:43.740,2026/07/25 10:20:43.773,0,GPU-c5d32af0-0857-3b36-6541-1a688a9ec165,88.00,1410,1593,0,0,73509,33,P0,500.00,Not Active,Not Active,Not Active,Not Active
2026/07/25 10:20:43.757,2026/07/25 10:20:43.740,2026/07/25 10:20:43.773,1,GPU-713d5b24-2a1e-fd4a-7685-c3d195ff9230,82.46,1410,1593,0,0,73509,31,P0,500.00,Not Active,Not Active,Not Active,Not Active
2026/07/25 10:20:44.006,2026/07/25 10:20:43.990,2026/07/25 10:20:44.021,0,GPU-c5d32af0-0857-3b36-6541-1a688a9ec165,87.72,1410,1593,0,0,73509,33,P0,500.00,Not Active,Not Active,Not Active,Not Active
2026/07/25 10:20:44.006,2026/07/25 10:20:43.990,2026/07/25 10:20:44.021,1,GPU-713d5b24-2a1e-fd4a-7685-c3d195ff9230,82.46,1410,1593,0,0,73509,31,P0,500.00,Not Active,Not Active,Not Active,Not Active
2026/07/25 10:20:44.256,2026/07/25 10:20:44.240,2026/07/25 10:20:44.273,0,GPU-c5d32af0-0857-3b36-6541-1a688a9ec165,88.32,1410,1593,0,0,73509,33,P0,500.00,Not Active,Not Active,Not Active,Not Active
2026/07/25 10:20:44.256,2026/07/25 10:20:44.240,2026/07/25 10:20:44.273,1,GPU-713d5b24-2a1e-fd4a-7685-c3d195ff9230,82.46,1410,1593,0,0,73509,31,P0,500.00,Not Active,Not Active,Not Active,Not Active
2026/07/25 10:20:44.506,2026/07/25 10:20:44.490,2026/07/25 10:20:44.522,0,GPU-c5d32af0-0857-3b36-6541-1a688a9ec165,88.00,1410,1593,0,0,73509,33,P0,500.00,Not Active,Not Active,Not Active,Not Active
2026/07/25 10:20:44.506,2026/07/25 10:20:44.490,2026/07/25 10:20:44.522,1,GPU-713d5b24-2a1e-fd4a-7685-c3d195ff9230,82.46,1410,1593,0,0,73509,31,P0,500.00,Not Active,Not Active,Not Active,Not Active
2026/07/25 10:20:44.756,2026/07/25 10:20:44.740,2026/07/25 10:20:44.771,0,GPU-c5d32af0-0857-3b36-6541-1a688a9ec165,88.32,1410,1593,0,0,73509,33,P0,500.00,Not Active,Not Active,Not Active,Not Active
2026/07/25 10:20:44.756,2026/07/25 10:20:44.740,2026/07/25 10:20:44.771,1,GPU-713d5b24-2a1e-fd4a-7685-c3d195ff9230,82.46,1410,1593,0,0,73509,31,P0,500.00,Not Active,Not Active,Not Active,Not Active
2026/07/25 10:20:45.003,2026/07/25 10:20:44.990,2026/07/25 10:20:45.016,0,GPU-c5d32af0-0857-3b36-6541-1a688a9ec165,87.72,1410,1593,0,0,73509,33,P0,500.00,Not Active,Not Active,Not Active,Not Active
2026/07/25 10:20:45.003,2026/07/25 10:20:44.990,2026/07/25 10:20:45.016,1,GPU-713d5b24-2a1e-fd4a-7685-c3d195ff9230,82.78,1410,1593,0,0,73509,31,P0,500.00,Not Active,Not Active,Not Active,Not Active
2026/07/25 10:20:45.255,2026/07/25 10:20:45.240,2026/07/25 10:20:45.270,0,GPU-c5d32af0-0857-3b36-6541-1a688a9ec165,87.72,1410,1593,0,0,73509,33,P0,500.00,Not Active,Not Active,Not Active,Not Active
2026/07/25 10:20:45.255,2026/07/25 10:20:45.240,2026/07/25 10:20:45.270,1,GPU-713d5b24-2a1e-fd4a-7685-c3d195ff9230,82.46,1410,1593,0,0,73509,31,P0,500.00,Not Active,Not Active,Not Active,Not Active
2026/07/25 10:20:45.505,2026/07/25 10:20:45.490,2026/07/25 10:20:45.520,0,GPU-c5d32af0-0857-3b36-6541-1a688a9ec165,87.72,1410,1593,0,0,73509,33,P0,500.00,Not Active,Not Active,Not Active,Not Active
2026/07/25 10:20:45.505,2026/07/25 10:20:45.490,2026/07/25 10:20:45.520,1,GPU-713d5b24-2a1e-fd4a-7685-c3d195ff9230,82.46,1410,1593,0,0,73509,31,P0,500.00,Not Active,Not Active,Not Active,Not Active
2026/07/25 10:20:45.755,2026/07/25 10:20:45.740,2026/07/25 10:20:45.770,0,GPU-c5d32af0-0857-3b36-6541-1a688a9ec165,87.72,1410,1593,0,0,73509,33,P0,500.00,Not Active,Not Active,Not Active,Not Active
2026/07/25 10:20:45.755,2026/07/25 10:20:45.740,2026/07/25 10:20:45.770,1,GPU-713d5b24-2a1e-fd4a-7685-c3d195ff9230,82.46,1410,1593,0,0,73509,31,P0,500.00,Not Active,Not Active,Not Active,Not Active
2026/07/25 10:20:46.006,2026/07/25 10:20:45.990,2026/07/25 10:20:46.022,0,GPU-c5d32af0-0857-3b36-6541-1a688a9ec165,87.72,1410,1593,0,0,73509,33,P0,500.00,Not Active,Not Active,Not Active,Not Active
2026/07/25 10:20:46.006,2026/07/25 10:20:45.990,2026/07/25 10:20:46.022,1,GPU-713d5b24-2a1e-fd4a-7685-c3d195ff9230,82.46,1410,1593,0,0,73509,31,P0,500.00,Not Active,Not Active,Not Active,Not Active
2026/07/25 10:20:46.255,2026/07/25 10:20:46.240,2026/07/25 10:20:46.270,0,GPU-c5d32af0-0857-3b36-6541-1a688a9ec165,87.72,1410,1593,0,0,73509,33,P0,500.00,Not Active,Not Active,Not Active,Not Active
2026/07/25 10:20:46.255,2026/07/25 10:20:46.240,2026/07/25 10:20:46.270,1,GPU-713d5b24-2a1e-fd4a-7685-c3d195ff9230,82.54,1410,1593,0,0,73509,31,P0,500.00,Not Active,Not Active,Not Active,Not Active
2026/07/25 10:20:46.505,2026/07/25 10:20:46.490,2026/07/25 10:20:46.520,0,GPU-c5d32af0-0857-3b36-6541-1a688a9ec165,87.63,1410,1593,0,0,73509,33,P0,500.00,Not Active,Not Active,Not Active,Not Active
2026/07/25 10:20:46.505,2026/07/25 10:20:46.490,2026/07/25 10:20:46.520,1,GPU-713d5b24-2a1e-fd4a-7685-c3d195ff9230,82.78,1410,1593,0,0,73509,31,P0,500.00,Not Active,Not Active,Not Active,Not Active
2026/07/25 10:20:46.755,2026/07/25 10:20:46.740,2026/07/25 10:20:46.770,0,GPU-c5d32af0-0857-3b36-6541-1a688a9ec165,88.00,1410,1593,0,0,73509,33,P0,500.00,Not Active,Not Active,Not Active,Not Active
2026/07/25 10:20:46.755,2026/07/25 10:20:46.740,2026/07/25 10:20:46.770,1,GPU-713d5b24-2a1e-fd4a-7685-c3d195ff9230,82.54,1410,1593,0,0,73509,31,P0,500.00,Not Active,Not Active,Not Active,Not Active
2026/07/25 10:20:47.007,2026/07/25 10:20:46.990,2026/07/25 10:20:47.023,0,GPU-c5d32af0-0857-3b36-6541-1a688a9ec165,87.63,1410,1593,0,0,73509,33,P0,500.00,Not Active,Not Active,Not Active,Not Active
2026/07/25 10:20:47.007,2026/07/25 10:20:46.990,2026/07/25 10:20:47.023,1,GPU-713d5b24-2a1e-fd4a-7685-c3d195ff9230,82.46,1410,1593,0,0,73509,31,P0,500.00,Not Active,Not Active,Not Active,Not Active
2026/07/25 10:20:47.255,2026/07/25 10:20:47.240,2026/07/25 10:20:47.271,0,GPU-c5d32af0-0857-3b36-6541-1a688a9ec165,87.72,1410,1593,0,0,73509,33,P0,500.00,Not Active,Not Active,Not Active,Not Active
2026/07/25 10:20:47.255,2026/07/25 10:20:47.240,2026/07/25 10:20:47.271,1,GPU-713d5b24-2a1e-fd4a-7685-c3d195ff9230,82.54,1410,1593,0,0,73509,31,P0,500.00,Not Active,Not Active,Not Active,Not Active
2026/07/25 10:20:47.505,2026/07/25 10:20:47.490,2026/07/25 10:20:47.520,0,GPU-c5d32af0-0857-3b36-6541-1a688a9ec165,87.90,1410,1593,0,0,73509,33,P0,500.00,Not Active,Not Active,Not Active,Not Active
2026/07/25 10:20:47.505,2026/07/25 10:20:47.490,2026/07/25 10:20:47.520,1,GPU-713d5b24-2a1e-fd4a-7685-c3d195ff9230,82.46,1410,1593,0,0,73509,31,P0,500.00,Not Active,Not Active,Not Active,Not Active
2026/07/25 10:20:47.756,2026/07/25 10:20:47.740,2026/07/25 10:20:47.771,0,GPU-c5d32af0-0857-3b36-6541-1a688a9ec165,87.63,1410,1593,0,0,73509,33,P0,500.00,Not Active,Not Active,Not Active,Not Active
2026/07/25 10:20:47.756,2026/07/25 10:20:47.740,2026/07/25 10:20:47.771,1,GPU-713d5b24-2a1e-fd4a-7685-c3d195ff9230,82.46,1410,1593,0,0,73509,31,P0,500.00,Not Active,Not Active,Not Active,Not Active
2026/07/25 10:20:48.006,2026/07/25 10:20:47.990,2026/07/25 10:20:48.022,0,GPU-c5d32af0-0857-3b36-6541-1a688a9ec165,87.90,1410,1593,0,0,73509,33,P0,500.00,Not Active,Not Active,Not Active,Not Active
2026/07/25 10:20:48.006,2026/07/25 10:20:47.990,2026/07/25 10:20:48.022,1,GPU-713d5b24-2a1e-fd4a-7685-c3d195ff9230,82.78,1410,1593,0,0,73509,31,P0,500.00,Not Active,Not Active,Not Active,Not Active
2026/07/25 10:20:48.256,2026/07/25 10:20:48.240,2026/07/25 10:20:48.273,0,GPU-c5d32af0-0857-3b36-6541-1a688a9ec165,87.63,1410,1593,0,0,73509,33,P0,500.00,Not Active,Not Active,Not Active,Not Active
2026/07/25 10:20:48.256,2026/07/25 10:20:48.240,2026/07/25 10:20:48.273,1,GPU-713d5b24-2a1e-fd4a-7685-c3d195ff9230,83.05,1410,1593,0,0,73509,31,P0,500.00,Not Active,Not Active,Not Active,Not Active
2026/07/25 10:20:48.505,2026/07/25 10:20:48.490,2026/07/25 10:20:48.520,0,GPU-c5d32af0-0857-3b36-6541-1a688a9ec165,88.00,1410,1593,0,0,73509,33,P0,500.00,Not Active,Not Active,Not Active,Not Active
2026/07/25 10:20:48.505,2026/07/25 10:20:48.490,2026/07/25 10:20:48.520,1,GPU-713d5b24-2a1e-fd4a-7685-c3d195ff9230,82.78,1410,1593,0,0,73509,31,P0,500.00,Not Active,Not Active,Not Active,Not Active
2026/07/25 10:20:48.756,2026/07/25 10:20:48.740,2026/07/25 10:20:48.771,0,GPU-c5d32af0-0857-3b36-6541-1a688a9ec165,87.90,1410,1593,0,0,73509,33,P0,500.00,Not Active,Not Active,Not Active,Not Active
2026/07/25 10:20:48.756,2026/07/25 10:20:48.740,2026/07/25 10:20:48.771,1,GPU-713d5b24-2a1e-fd4a-7685-c3d195ff9230,82.46,1410,1593,0,0,73509,31,P0,500.00,Not Active,Not Active,Not Active,Not Active
2026/07/25 10:20:49.005,2026/07/25 10:20:48.990,2026/07/25 10:20:49.020,0,GPU-c5d32af0-0857-3b36-6541-1a688a9ec165,88.00,1410,1593,0,0,73509,33,P0,500.00,Not Active,Not Active,Not Active,Not Active
2026/07/25 10:20:49.005,2026/07/25 10:20:48.990,2026/07/25 10:20:49.020,1,GPU-713d5b24-2a1e-fd4a-7685-c3d195ff9230,82.46,1410,1593,0,0,73509,31,P0,500.00,Not Active,Not Active,Not Active,Not Active
2026/07/25 10:20:49.255,2026/07/25 10:20:49.240,2026/07/25 10:20:49.270,0,GPU-c5d32af0-0857-3b36-6541-1a688a9ec165,87.90,1410,1593,0,0,73509,33,P0,500.00,Not Active,Not Active,Not Active,Not Active
2026/07/25 10:20:49.255,2026/07/25 10:20:49.240,2026/07/25 10:20:49.270,1,GPU-713d5b24-2a1e-fd4a-7685-c3d195ff9230,82.46,1410,1593,0,0,73509,31,P0,500.00,Not Active,Not Active,Not Active,Not Active
2026/07/25 10:20:49.505,2026/07/25 10:20:49.490,2026/07/25 10:20:49.519,0,GPU-c5d32af0-0857-3b36-6541-1a688a9ec165,87.90,1410,1593,0,0,73509,33,P0,500.00,Not Active,Not Active,Not Active,Not Active
2026/07/25 10:20:49.505,2026/07/25 10:20:49.490,2026/07/25 10:20:49.519,1,GPU-713d5b24-2a1e-fd4a-7685-c3d195ff9230,82.54,1410,1593,0,0,73509,31,P0,500.00,Not Active,Not Active,Not Active,Not Active
2026/07/25 10:20:49.755,2026/07/25 10:20:49.740,2026/07/25 10:20:49.771,0,GPU-c5d32af0-0857-3b36-6541-1a688a9ec165,87.90,1410,1593,0,0,73509,33,P0,500.00,Not Active,Not Active,Not Active,Not Active
2026/07/25 10:20:49.755,2026/07/25 10:20:49.740,2026/07/25 10:20:49.771,1,GPU-713d5b24-2a1e-fd4a-7685-c3d195ff9230,82.87,1410,1593,0,0,73509,31,P0,500.00,Not Active,Not Active,Not Active,Not Active
2026/07/25 10:20:50.006,2026/07/25 10:20:49.990,2026/07/25 10:20:50.022,0,GPU-c5d32af0-0857-3b36-6541-1a688a9ec165,87.90,1410,1593,0,0,73509,33,P0,500.00,Not Active,Not Active,Not Active,Not Active
2026/07/25 10:20:50.006,2026/07/25 10:20:49.990,2026/07/25 10:20:50.022,1,GPU-713d5b24-2a1e-fd4a-7685-c3d195ff9230,82.46,1410,1593,0,0,73509,31,P0,500.00,Not Active,Not Active,Not Active,Not Active
2026/07/25 10:20:50.255,2026/07/25 10:20:50.240,2026/07/25 10:20:50.269,0,GPU-c5d32af0-0857-3b36-6541-1a688a9ec165,87.72,1410,1593,0,0,73509,33,P0,500.00,Not Active,Not Active,Not Active,Not Active
2026/07/25 10:20:50.255,2026/07/25 10:20:50.240,2026/07/25 10:20:50.269,1,GPU-713d5b24-2a1e-fd4a-7685-c3d195ff9230,82.54,1410,1593,0,0,73509,31,P0,500.00,Not Active,Not Active,Not Active,Not Active
2026/07/25 10:20:50.505,2026/07/25 10:20:50.490,2026/07/25 10:20:50.519,0,GPU-c5d32af0-0857-3b36-6541-1a688a9ec165,87.90,1410,1593,0,0,73509,33,P0,500.00,Not Active,Not Active,Not Active,Not Active
2026/07/25 10:20:50.505,2026/07/25 10:20:50.490,2026/07/25 10:20:50.519,1,GPU-713d5b24-2a1e-fd4a-7685-c3d195ff9230,82.46,1410,1593,0,0,73509,31,P0,500.00,Not Active,Not Active,Not Active,Not Active
2026/07/25 10:20:50.755,2026/07/25 10:20:50.740,2026/07/25 10:20:50.770,0,GPU-c5d32af0-0857-3b36-6541-1a688a9ec165,88.00,1410,1593,0,0,73509,33,P0,500.00,Not Active,Not Active,Not Active,Not Active
2026/07/25 10:20:50.755,2026/07/25 10:20:50.740,2026/07/25 10:20:50.770,1,GPU-713d5b24-2a1e-fd4a-7685-c3d195ff9230,82.46,1410,1593,0,0,73509,31,P0,500.00,Not Active,Not Active,Not Active,Not Active
2026/07/25 10:20:51.006,2026/07/25 10:20:50.990,2026/07/25 10:20:51.021,0,GPU-c5d32af0-0857-3b36-6541-1a688a9ec165,88.00,1410,1593,0,0,73509,33,P0,500.00,Not Active,Not Active,Not Active,Not Active
2026/07/25 10:20:51.006,2026/07/25 10:20:50.990,2026/07/25 10:20:51.021,1,GPU-713d5b24-2a1e-fd4a-7685-c3d195ff9230,82.46,1410,1593,0,0,73509,31,P0,500.00,Not Active,Not Active,Not Active,Not Active
2026/07/25 10:20:51.254,2026/07/25 10:20:51.240,2026/07/25 10:20:51.269,0,GPU-c5d32af0-0857-3b36-6541-1a688a9ec165,88.00,1410,1593,0,0,73509,33,P0,500.00,Not Active,Not Active,Not Active,Not Active
2026/07/25 10:20:51.254,2026/07/25 10:20:51.240,2026/07/25 10:20:51.269,1,GPU-713d5b24-2a1e-fd4a-7685-c3d195ff9230,82.78,1410,1593,0,0,73509,31,P0,500.00,Not Active,Not Active,Not Active,Not Active
2026/07/25 10:20:51.505,2026/07/25 10:20:51.490,2026/07/25 10:20:51.519,0,GPU-c5d32af0-0857-3b36-6541-1a688a9ec165,88.32,1410,1593,0,0,73509,33,P0,500.00,Not Active,Not Active,Not Active,Not Active
2026/07/25 10:20:51.505,2026/07/25 10:20:51.490,2026/07/25 10:20:51.519,1,GPU-713d5b24-2a1e-fd4a-7685-c3d195ff9230,82.78,1410,1593,0,0,73509,31,P0,500.00,Not Active,Not Active,Not Active,Not Active
2026/07/25 10:20:51.754,2026/07/25 10:20:51.740,2026/07/25 10:20:51.768,0,GPU-c5d32af0-0857-3b36-6541-1a688a9ec165,87.90,1410,1593,0,0,73509,33,P0,500.00,Not Active,Not Active,Not Active,Not Active
2026/07/25 10:20:51.754,2026/07/25 10:20:51.740,2026/07/25 10:20:51.768,1,GPU-713d5b24-2a1e-fd4a-7685-c3d195ff9230,82.87,1410,1593,0,0,73509,31,P0,500.00,Not Active,Not Active,Not Active,Not Active
2026/07/25 10:20:52.006,2026/07/25 10:20:51.990,2026/07/25 10:20:52.022,0,GPU-c5d32af0-0857-3b36-6541-1a688a9ec165,87.90,1410,1593,0,0,73509,33,P0,500.00,Not Active,Not Active,Not Active,Not Active
2026/07/25 10:20:52.006,2026/07/25 10:20:51.990,2026/07/25 10:20:52.022,1,GPU-713d5b24-2a1e-fd4a-7685-c3d195ff9230,82.78,1410,1593,0,0,73509,31,P0,500.00,Not Active,Not Active,Not Active,Not Active
2026/07/25 10:20:52.255,2026/07/25 10:20:52.240,2026/07/25 10:20:52.271,0,GPU-c5d32af0-0857-3b36-6541-1a688a9ec165,87.63,1410,1593,0,0,73509,33,P0,500.00,Not Active,Not Active,Not Active,Not Active
2026/07/25 10:20:52.255,2026/07/25 10:20:52.240,2026/07/25 10:20:52.271,1,GPU-713d5b24-2a1e-fd4a-7685-c3d195ff9230,82.46,1410,1593,0,0,73509,31,P0,500.00,Not Active,Not Active,Not Active,Not Active
2026/07/25 10:20:52.505,2026/07/25 10:20:52.490,2026/07/25 10:20:52.519,0,GPU-c5d32af0-0857-3b36-6541-1a688a9ec165,87.90,1410,1593,0,0,73509,33,P0,500.00,Not Active,Not Active,Not Active,Not Active
2026/07/25 10:20:52.505,2026/07/25 10:20:52.490,2026/07/25 10:20:52.519,1,GPU-713d5b24-2a1e-fd4a-7685-c3d195ff9230,82.78,1410,1593,0,0,73509,31,P0,500.00,Not Active,Not Active,Not Active,Not Active
2026/07/25 10:20:52.755,2026/07/25 10:20:52.740,2026/07/25 10:20:52.769,0,GPU-c5d32af0-0857-3b36-6541-1a688a9ec165,88.00,1410,1593,0,0,73509,33,P0,500.00,Not Active,Not Active,Not Active,Not Active
2026/07/25 10:20:52.755,2026/07/25 10:20:52.740,2026/07/25 10:20:52.769,1,GPU-713d5b24-2a1e-fd4a-7685-c3d195ff9230,82.78,1410,1593,0,0,73509,31,P0,500.00,Not Active,Not Active,Not Active,Not Active
2026/07/25 10:20:53.004,2026/07/25 10:20:52.990,2026/07/25 10:20:53.018,0,GPU-c5d32af0-0857-3b36-6541-1a688a9ec165,88.00,1410,1593,0,0,73509,33,P0,500.00,Not Active,Not Active,Not Active,Not Active
2026/07/25 10:20:53.004,2026/07/25 10:20:52.990,2026/07/25 10:20:53.018,1,GPU-713d5b24-2a1e-fd4a-7685-c3d195ff9230,82.46,1410,1593,0,0,73509,31,P0,500.00,Not Active,Not Active,Not Active,Not Active
2026/07/25 10:20:53.255,2026/07/25 10:20:53.240,2026/07/25 10:20:53.270,0,GPU-c5d32af0-0857-3b36-6541-1a688a9ec165,88.00,1410,1593,0,0,73509,33,P0,500.00,Not Active,Not Active,Not Active,Not Active
2026/07/25 10:20:53.255,2026/07/25 10:20:53.240,2026/07/25 10:20:53.270,1,GPU-713d5b24-2a1e-fd4a-7685-c3d195ff9230,82.46,1410,1593,0,0,73509,31,P0,500.00,Not Active,Not Active,Not Active,Not Active
2026/07/25 10:20:53.504,2026/07/25 10:20:53.490,2026/07/25 10:20:53.517,0,GPU-c5d32af0-0857-3b36-6541-1a688a9ec165,88.00,1410,1593,0,0,73509,33,P0,500.00,Not Active,Not Active,Not Active,Not Active
2026/07/25 10:20:53.504,2026/07/25 10:20:53.490,2026/07/25 10:20:53.517,1,GPU-713d5b24-2a1e-fd4a-7685-c3d195ff9230,82.46,1410,1593,0,0,73509,31,P0,500.00,Not Active,Not Active,Not Active,Not Active
2026/07/25 10:20:53.756,2026/07/25 10:20:53.740,2026/07/25 10:20:53.771,0,GPU-c5d32af0-0857-3b36-6541-1a688a9ec165,88.00,1410,1593,0,0,73509,33,P0,500.00,Not Active,Not Active,Not Active,Not Active
2026/07/25 10:20:53.756,2026/07/25 10:20:53.740,2026/07/25 10:20:53.771,1,GPU-713d5b24-2a1e-fd4a-7685-c3d195ff9230,82.78,1410,1593,0,0,73509,31,P0,500.00,Not Active,Not Active,Not Active,Not Active
2026/07/25 10:20:54.004,2026/07/25 10:20:53.990,2026/07/25 10:20:54.017,0,GPU-c5d32af0-0857-3b36-6541-1a688a9ec165,88.00,1410,1593,0,0,73509,33,P0,500.00,Not Active,Not Active,Not Active,Not Active
2026/07/25 10:20:54.004,2026/07/25 10:20:53.990,2026/07/25 10:20:54.017,1,GPU-713d5b24-2a1e-fd4a-7685-c3d195ff9230,82.46,1410,1593,0,0,73509,31,P0,500.00,Not Active,Not Active,Not Active,Not Active
2026/07/25 10:20:54.254,2026/07/25 10:20:54.240,2026/07/25 10:20:54.268,0,GPU-c5d32af0-0857-3b36-6541-1a688a9ec165,87.90,1410,1593,0,0,73509,33,P0,500.00,Not Active,Not Active,Not Active,Not Active
2026/07/25 10:20:54.254,2026/07/25 10:20:54.240,2026/07/25 10:20:54.268,1,GPU-713d5b24-2a1e-fd4a-7685-c3d195ff9230,82.46,1410,1593,0,0,73509,31,P0,500.00,Not Active,Not Active,Not Active,Not Active
2026/07/25 10:20:54.505,2026/07/25 10:20:54.490,2026/07/25 10:20:54.519,0,GPU-c5d32af0-0857-3b36-6541-1a688a9ec165,88.00,1410,1593,0,0,73509,33,P0,500.00,Not Active,Not Active,Not Active,Not Active
2026/07/25 10:20:54.505,2026/07/25 10:20:54.490,2026/07/25 10:20:54.519,1,GPU-713d5b24-2a1e-fd4a-7685-c3d195ff9230,82.54,1410,1593,0,0,73509,31,P0,500.00,Not Active,Not Active,Not Active,Not Active
2026/07/25 10:20:54.755,2026/07/25 10:20:54.740,2026/07/25 10:20:54.769,0,GPU-c5d32af0-0857-3b36-6541-1a688a9ec165,88.00,1410,1593,0,0,73509,33,P0,500.00,Not Active,Not Active,Not Active,Not Active
2026/07/25 10:20:54.755,2026/07/25 10:20:54.740,2026/07/25 10:20:54.769,1,GPU-713d5b24-2a1e-fd4a-7685-c3d195ff9230,82.78,1410,1593,0,0,73509,31,P0,500.00,Not Active,Not Active,Not Active,Not Active
2026/07/25 10:20:55.004,2026/07/25 10:20:54.990,2026/07/25 10:20:55.018,0,GPU-c5d32af0-0857-3b36-6541-1a688a9ec165,88.00,1410,1593,0,0,73509,33,P0,500.00,Not Active,Not Active,Not Active,Not Active
2026/07/25 10:20:55.004,2026/07/25 10:20:54.990,2026/07/25 10:20:55.018,1,GPU-713d5b24-2a1e-fd4a-7685-c3d195ff9230,82.78,1410,1593,0,0,73509,31,P0,500.00,Not Active,Not Active,Not Active,Not Active
2026/07/25 10:20:55.254,2026/07/25 10:20:55.240,2026/07/25 10:20:55.267,0,GPU-c5d32af0-0857-3b36-6541-1a688a9ec165,88.00,1410,1593,0,0,73509,33,P0,500.00,Not Active,Not Active,Not Active,Not Active
2026/07/25 10:20:55.254,2026/07/25 10:20:55.240,2026/07/25 10:20:55.267,1,GPU-713d5b24-2a1e-fd4a-7685-c3d195ff9230,82.46,1410,1593,0,0,73509,31,P0,500.00,Not Active,Not Active,Not Active,Not Active
2026/07/25 10:20:55.504,2026/07/25 10:20:55.490,2026/07/25 10:20:55.518,0,GPU-c5d32af0-0857-3b36-6541-1a688a9ec165,88.00,1410,1593,0,0,73509,33,P0,500.00,Not Active,Not Active,Not Active,Not Active
2026/07/25 10:20:55.504,2026/07/25 10:20:55.490,2026/07/25 10:20:55.518,1,GPU-713d5b24-2a1e-fd4a-7685-c3d195ff9230,82.54,1410,1593,0,0,73509,31,P0,500.00,Not Active,Not Active,Not Active,Not Active
2026/07/25 10:20:55.754,2026/07/25 10:20:55.740,2026/07/25 10:20:55.767,0,GPU-c5d32af0-0857-3b36-6541-1a688a9ec165,87.72,1410,1593,0,0,73509,33,P0,500.00,Not Active,Not Active,Not Active,Not Active
2026/07/25 10:20:55.754,2026/07/25 10:20:55.740,2026/07/25 10:20:55.767,1,GPU-713d5b24-2a1e-fd4a-7685-c3d195ff9230,82.54,1410,1593,0,0,73509,31,P0,500.00,Not Active,Not Active,Not Active,Not Active
2026/07/25 10:20:56.004,2026/07/25 10:20:55.990,2026/07/25 10:20:56.017,0,GPU-c5d32af0-0857-3b36-6541-1a688a9ec165,88.00,1410,1593,0,0,73509,33,P0,500.00,Not Active,Not Active,Not Active,Not Active
2026/07/25 10:20:56.004,2026/07/25 10:20:55.990,2026/07/25 10:20:56.017,1,GPU-713d5b24-2a1e-fd4a-7685-c3d195ff9230,82.46,1410,1593,0,0,73509,31,P0,500.00,Not Active,Not Active,Not Active,Not Active
2026/07/25 10:20:56.254,2026/07/25 10:20:56.240,2026/07/25 10:20:56.267,0,GPU-c5d32af0-0857-3b36-6541-1a688a9ec165,87.90,1410,1593,0,0,73509,33,P0,500.00,Not Active,Not Active,Not Active,Not Active
2026/07/25 10:20:56.254,2026/07/25 10:20:56.240,2026/07/25 10:20:56.267,1,GPU-713d5b24-2a1e-fd4a-7685-c3d195ff9230,82.46,1410,1593,0,0,73509,31,P0,500.00,Not Active,Not Active,Not Active,Not Active
2026/07/25 10:20:56.504,2026/07/25 10:20:56.490,2026/07/25 10:20:56.518,0,GPU-c5d32af0-0857-3b36-6541-1a688a9ec165,88.00,1410,1593,0,0,73509,33,P0,500.00,Not Active,Not Active,Not Active,Not Active
2026/07/25 10:20:56.504,2026/07/25 10:20:56.490,2026/07/25 10:20:56.518,1,GPU-713d5b24-2a1e-fd4a-7685-c3d195ff9230,82.46,1410,1593,0,0,73509,31,P0,500.00,Not Active,Not Active,Not Active,Not Active
2026/07/25 10:20:56.754,2026/07/25 10:20:56.740,2026/07/25 10:20:56.767,0,GPU-c5d32af0-0857-3b36-6541-1a688a9ec165,88.00,1410,1593,0,0,73509,33,P0,500.00,Not Active,Not Active,Not Active,Not Active
2026/07/25 10:20:56.754,2026/07/25 10:20:56.740,2026/07/25 10:20:56.767,1,GPU-713d5b24-2a1e-fd4a-7685-c3d195ff9230,82.54,1410,1593,0,0,73509,31,P0,500.00,Not Active,Not Active,Not Active,Not Active
2026/07/25 10:20:57.003,2026/07/25 10:20:56.990,2026/07/25 10:20:57.017,0,GPU-c5d32af0-0857-3b36-6541-1a688a9ec165,88.00,1410,1593,0,0,73509,33,P0,500.00,Not Active,Not Active,Not Active,Not Active
2026/07/25 10:20:57.003,2026/07/25 10:20:56.990,2026/07/25 10:20:57.017,1,GPU-713d5b24-2a1e-fd4a-7685-c3d195ff9230,82.78,1410,1593,0,0,73509,31,P0,500.00,Not Active,Not Active,Not Active,Not Active
2026/07/25 10:20:57.254,2026/07/25 10:20:57.240,2026/07/25 10:20:57.268,0,GPU-c5d32af0-0857-3b36-6541-1a688a9ec165,87.90,1410,1593,0,0,73509,33,P0,500.00,Not Active,Not Active,Not Active,Not Active
2026/07/25 10:20:57.254,2026/07/25 10:20:57.240,2026/07/25 10:20:57.268,1,GPU-713d5b24-2a1e-fd4a-7685-c3d195ff9230,82.46,1410,1593,0,0,73509,31,P0,500.00,Not Active,Not Active,Not Active,Not Active
2026/07/25 10:20:57.504,2026/07/25 10:20:57.490,2026/07/25 10:20:57.518,0,GPU-c5d32af0-0857-3b36-6541-1a688a9ec165,88.00,1410,1593,0,0,73509,33,P0,500.00,Not Active,Not Active,Not Active,Not Active
2026/07/25 10:20:57.504,2026/07/25 10:20:57.490,2026/07/25 10:20:57.518,1,GPU-713d5b24-2a1e-fd4a-7685-c3d195ff9230,82.78,1410,1593,0,0,73509,31,P0,500.00,Not Active,Not Active,Not Active,Not Active
2026/07/25 10:20:57.753,2026/07/25 10:20:57.740,2026/07/25 10:20:57.766,0,GPU-c5d32af0-0857-3b36-6541-1a688a9ec165,87.90,1410,1593,0,0,73509,33,P0,500.00,Not Active,Not Active,Not Active,Not Active
2026/07/25 10:20:57.753,2026/07/25 10:20:57.740,2026/07/25 10:20:57.766,1,GPU-713d5b24-2a1e-fd4a-7685-c3d195ff9230,82.78,1410,1593,0,0,73509,31,P0,500.00,Not Active,Not Active,Not Active,Not Active
2026/07/25 10:20:58.003,2026/07/25 10:20:57.990,2026/07/25 10:20:58.016,0,GPU-c5d32af0-0857-3b36-6541-1a688a9ec165,92.25,1410,1593,0,0,73509,33,P0,500.00,Not Active,Not Active,Not Active,Not Active
2026/07/25 10:20:58.003,2026/07/25 10:20:57.990,2026/07/25 10:20:58.016,1,GPU-713d5b24-2a1e-fd4a-7685-c3d195ff9230,87.03,1410,1593,0,0,73509,31,P0,500.00,Not Active,Not Active,Not Active,Not Active
2026/07/25 10:20:58.255,2026/07/25 10:20:58.240,2026/07/25 10:20:58.269,0,GPU-c5d32af0-0857-3b36-6541-1a688a9ec165,88.00,1410,1593,0,0,73509,33,P0,500.00,Not Active,Not Active,Not Active,Not Active
2026/07/25 10:20:58.255,2026/07/25 10:20:58.240,2026/07/25 10:20:58.269,1,GPU-713d5b24-2a1e-fd4a-7685-c3d195ff9230,82.78,1410,1593,0,0,73509,31,P0,500.00,Not Active,Not Active,Not Active,Not Active
2026/07/25 10:20:58.504,2026/07/25 10:20:58.490,2026/07/25 10:20:58.517,0,GPU-c5d32af0-0857-3b36-6541-1a688a9ec165,87.90,1410,1593,0,0,73509,33,P0,500.00,Not Active,Not Active,Not Active,Not Active
2026/07/25 10:20:58.504,2026/07/25 10:20:58.490,2026/07/25 10:20:58.517,1,GPU-713d5b24-2a1e-fd4a-7685-c3d195ff9230,82.78,1410,1593,0,0,73509,31,P0,500.00,Not Active,Not Active,Not Active,Not Active
2026/07/25 10:20:58.754,2026/07/25 10:20:58.740,2026/07/25 10:20:58.767,0,GPU-c5d32af0-0857-3b36-6541-1a688a9ec165,88.50,1410,1593,0,0,73509,33,P0,500.00,Not Active,Not Active,Not Active,Not Active
2026/07/25 10:20:58.754,2026/07/25 10:20:58.740,2026/07/25 10:20:58.767,1,GPU-713d5b24-2a1e-fd4a-7685-c3d195ff9230,82.87,1410,1593,0,0,73509,31,P0,500.00,Not Active,Not Active,Not Active,Not Active
2026/07/25 10:20:59.003,2026/07/25 10:20:58.990,2026/07/25 10:20:59.016,0,GPU-c5d32af0-0857-3b36-6541-1a688a9ec165,88.00,1410,1593,0,0,73509,33,P0,500.00,Not Active,Not Active,Not Active,Not Active
2026/07/25 10:20:59.003,2026/07/25 10:20:58.990,2026/07/25 10:20:59.016,1,GPU-713d5b24-2a1e-fd4a-7685-c3d195ff9230,82.54,1410,1593,0,0,73509,31,P0,500.00,Not Active,Not Active,Not Active,Not Active
2026/07/25 10:20:59.254,2026/07/25 10:20:59.240,2026/07/25 10:20:59.268,0,GPU-c5d32af0-0857-3b36-6541-1a688a9ec165,88.00,1410,1593,0,0,73509,33,P0,500.00,Not Active,Not Active,Not Active,Not Active
2026/07/25 10:20:59.254,2026/07/25 10:20:59.240,2026/07/25 10:20:59.268,1,GPU-713d5b24-2a1e-fd4a-7685-c3d195ff9230,82.78,1410,1593,0,0,73509,31,P0,500.00,Not Active,Not Active,Not Active,Not Active
2026/07/25 10:20:59.505,2026/07/25 10:20:59.490,2026/07/25 10:20:59.519,0,GPU-c5d32af0-0857-3b36-6541-1a688a9ec165,87.90,1410,1593,0,0,73509,33,P0,500.00,Not Active,Not Active,Not Active,Not Active
2026/07/25 10:20:59.505,2026/07/25 10:20:59.490,2026/07/25 10:20:59.519,1,GPU-713d5b24-2a1e-fd4a-7685-c3d195ff9230,82.87,1410,1593,0,0,73509,31,P0,500.00,Not Active,Not Active,Not Active,Not Active
2026/07/25 10:20:59.754,2026/07/25 10:20:59.740,2026/07/25 10:20:59.767,0,GPU-c5d32af0-0857-3b36-6541-1a688a9ec165,87.90,1410,1593,0,0,73509,33,P0,500.00,Not Active,Not Active,Not Active,Not Active
2026/07/25 10:20:59.754,2026/07/25 10:20:59.740,2026/07/25 10:20:59.767,1,GPU-713d5b24-2a1e-fd4a-7685-c3d195ff9230,82.78,1410,1593,0,0,73509,31,P0,500.00,Not Active,Not Active,Not Active,Not Active
2026/07/25 10:21:00.003,2026/07/25 10:20:59.990,2026/07/25 10:21:00.016,0,GPU-c5d32af0-0857-3b36-6541-1a688a9ec165,87.90,1410,1593,0,0,73509,33,P0,500.00,Not Active,Not Active,Not Active,Not Active
2026/07/25 10:21:00.003,2026/07/25 10:20:59.990,2026/07/25 10:21:00.016,1,GPU-713d5b24-2a1e-fd4a-7685-c3d195ff9230,82.78,1410,1593,0,0,73509,31,P0,500.00,Not Active,Not Active,Not Active,Not Active
2026/07/25 10:21:00.254,2026/07/25 10:21:00.240,2026/07/25 10:21:00.268,0,GPU-c5d32af0-0857-3b36-6541-1a688a9ec165,88.00,1410,1593,0,0,73509,33,P0,500.00,Not Active,Not Active,Not Active,Not Active
2026/07/25 10:21:00.254,2026/07/25 10:21:00.240,2026/07/25 10:21:00.268,1,GPU-713d5b24-2a1e-fd4a-7685-c3d195ff9230,82.46,1410,1593,0,0,73509,31,P0,500.00,Not Active,Not Active,Not Active,Not Active
2026/07/25 10:21:00.505,2026/07/25 10:21:00.490,2026/07/25 10:21:00.519,0,GPU-c5d32af0-0857-3b36-6541-1a688a9ec165,88.00,1410,1593,0,0,73509,33,P0,500.00,Not Active,Not Active,Not Active,Not Active
2026/07/25 10:21:00.505,2026/07/25 10:21:00.490,2026/07/25 10:21:00.519,1,GPU-713d5b24-2a1e-fd4a-7685-c3d195ff9230,82.46,1410,1593,0,0,73509,31,P0,500.00,Not Active,Not Active,Not Active,Not Active
2026/07/25 10:21:00.754,2026/07/25 10:21:00.740,2026/07/25 10:21:00.767,0,GPU-c5d32af0-0857-3b36-6541-1a688a9ec165,88.00,1410,1593,0,0,73509,33,P0,500.00,Not Active,Not Active,Not Active,Not Active
2026/07/25 10:21:00.754,2026/07/25 10:21:00.740,2026/07/25 10:21:00.767,1,GPU-713d5b24-2a1e-fd4a-7685-c3d195ff9230,82.78,1410,1593,0,0,73509,31,P0,500.00,Not Active,Not Active,Not Active,Not Active
2026/07/25 10:21:01.004,2026/07/25 10:21:00.990,2026/07/25 10:21:01.017,0,GPU-c5d32af0-0857-3b36-6541-1a688a9ec165,88.00,1410,1593,0,0,73509,33,P0,500.00,Not Active,Not Active,Not Active,Not Active
2026/07/25 10:21:01.004,2026/07/25 10:21:00.990,2026/07/25 10:21:01.017,1,GPU-713d5b24-2a1e-fd4a-7685-c3d195ff9230,82.54,1410,1593,0,0,73509,31,P0,500.00,Not Active,Not Active,Not Active,Not Active
2026/07/25 10:21:01.254,2026/07/25 10:21:01.240,2026/07/25 10:21:01.267,0,GPU-c5d32af0-0857-3b36-6541-1a688a9ec165,87.90,1410,1593,0,0,73509,33,P0,500.00,Not Active,Not Active,Not Active,Not Active
2026/07/25 10:21:01.254,2026/07/25 10:21:01.240,2026/07/25 10:21:01.267,1,GPU-713d5b24-2a1e-fd4a-7685-c3d195ff9230,82.78,1410,1593,0,0,73509,31,P0,500.00,Not Active,Not Active,Not Active,Not Active
2026/07/25 10:21:01.505,2026/07/25 10:21:01.490,2026/07/25 10:21:01.520,0,GPU-c5d32af0-0857-3b36-6541-1a688a9ec165,87.90,1410,1593,0,0,73509,33,P0,500.00,Not Active,Not Active,Not Active,Not Active
2026/07/25 10:21:01.505,2026/07/25 10:21:01.490,2026/07/25 10:21:01.520,1,GPU-713d5b24-2a1e-fd4a-7685-c3d195ff9230,82.78,1410,1593,0,0,73509,31,P0,500.00,Not Active,Not Active,Not Active,Not Active
2026/07/25 10:21:01.754,2026/07/25 10:21:01.740,2026/07/25 10:21:01.767,0,GPU-c5d32af0-0857-3b36-6541-1a688a9ec165,88.00,1410,1593,0,0,73509,33,P0,500.00,Not Active,Not Active,Not Active,Not Active
2026/07/25 10:21:01.754,2026/07/25 10:21:01.740,2026/07/25 10:21:01.767,1,GPU-713d5b24-2a1e-fd4a-7685-c3d195ff9230,82.46,1410,1593,0,0,73509,31,P0,500.00,Not Active,Not Active,Not Active,Not Active
2026/07/25 10:21:02.004,2026/07/25 10:21:01.990,2026/07/25 10:21:02.017,0,GPU-c5d32af0-0857-3b36-6541-1a688a9ec165,87.72,1410,1593,0,0,73509,33,P0,500.00,Not Active,Not Active,Not Active,Not Active
2026/07/25 10:21:02.004,2026/07/25 10:21:01.990,2026/07/25 10:21:02.017,1,GPU-713d5b24-2a1e-fd4a-7685-c3d195ff9230,82.46,1410,1593,0,0,73509,31,P0,500.00,Not Active,Not Active,Not Active,Not Active
2026/07/25 10:21:02.253,2026/07/25 10:21:02.240,2026/07/25 10:21:02.265,0,GPU-c5d32af0-0857-3b36-6541-1a688a9ec165,88.00,1410,1593,0,0,73509,33,P0,500.00,Not Active,Not Active,Not Active,Not Active
2026/07/25 10:21:02.253,2026/07/25 10:21:02.240,2026/07/25 10:21:02.265,1,GPU-713d5b24-2a1e-fd4a-7685-c3d195ff9230,82.54,1410,1593,0,0,73509,31,P0,500.00,Not Active,Not Active,Not Active,Not Active
2026/07/25 10:21:02.506,2026/07/25 10:21:02.490,2026/07/25 10:21:02.522,0,GPU-c5d32af0-0857-3b36-6541-1a688a9ec165,88.00,1410,1593,0,0,73509,33,P0,500.00,Not Active,Not Active,Not Active,Not Active
2026/07/25 10:21:02.506,2026/07/25 10:21:02.490,2026/07/25 10:21:02.522,1,GPU-713d5b24-2a1e-fd4a-7685-c3d195ff9230,82.78,1410,1593,0,0,73509,31,P0,500.00,Not Active,Not Active,Not Active,Not Active
2026/07/25 10:21:02.755,2026/07/25 10:21:02.740,2026/07/25 10:21:02.769,0,GPU-c5d32af0-0857-3b36-6541-1a688a9ec165,88.00,1410,1593,0,0,73509,33,P0,500.00,Not Active,Not Active,Not Active,Not Active
2026/07/25 10:21:02.755,2026/07/25 10:21:02.740,2026/07/25 10:21:02.769,1,GPU-713d5b24-2a1e-fd4a-7685-c3d195ff9230,82.78,1410,1593,0,0,73509,31,P0,500.00,Not Active,Not Active,Not Active,Not Active
2026/07/25 10:21:03.004,2026/07/25 10:21:02.990,2026/07/25 10:21:03.018,0,GPU-c5d32af0-0857-3b36-6541-1a688a9ec165,87.90,1410,1593,0,0,73509,33,P0,500.00,Not Active,Not Active,Not Active,Not Active
2026/07/25 10:21:03.004,2026/07/25 10:21:02.990,2026/07/25 10:21:03.018,1,GPU-713d5b24-2a1e-fd4a-7685-c3d195ff9230,82.87,1410,1593,0,0,73509,31,P0,500.00,Not Active,Not Active,Not Active,Not Active
2026/07/25 10:21:03.254,2026/07/25 10:21:03.240,2026/07/25 10:21:03.267,0,GPU-c5d32af0-0857-3b36-6541-1a688a9ec165,88.00,1410,1593,0,0,73509,33,P0,500.00,Not Active,Not Active,Not Active,Not Active
2026/07/25 10:21:03.254,2026/07/25 10:21:03.240,2026/07/25 10:21:03.267,1,GPU-713d5b24-2a1e-fd4a-7685-c3d195ff9230,82.54,1410,1593,0,0,73509,31,P0,500.00,Not Active,Not Active,Not Active,Not Active
2026/07/25 10:21:03.504,2026/07/25 10:21:03.490,2026/07/25 10:21:03.518,0,GPU-c5d32af0-0857-3b36-6541-1a688a9ec165,88.23,1410,1593,0,0,73509,33,P0,500.00,Not Active,Not Active,Not Active,Not Active
2026/07/25 10:21:03.504,2026/07/25 10:21:03.490,2026/07/25 10:21:03.518,1,GPU-713d5b24-2a1e-fd4a-7685-c3d195ff9230,82.87,1410,1593,0,0,73509,31,P0,500.00,Not Active,Not Active,Not Active,Not Active
2026/07/25 10:21:03.755,2026/07/25 10:21:03.740,2026/07/25 10:21:03.770,0,GPU-c5d32af0-0857-3b36-6541-1a688a9ec165,87.90,1410,1593,0,0,73509,33,P0,500.00,Not Active,Not Active,Not Active,Not Active
2026/07/25 10:21:03.755,2026/07/25 10:21:03.740,2026/07/25 10:21:03.770,1,GPU-713d5b24-2a1e-fd4a-7685-c3d195ff9230,82.78,1410,1593,0,0,73509,31,P0,500.00,Not Active,Not Active,Not Active,Not Active
2026/07/25 10:21:04.004,2026/07/25 10:21:03.990,2026/07/25 10:21:04.018,0,GPU-c5d32af0-0857-3b36-6541-1a688a9ec165,87.90,1410,1593,0,0,73509,33,P0,500.00,Not Active,Not Active,Not Active,Not Active
2026/07/25 10:21:04.004,2026/07/25 10:21:03.990,2026/07/25 10:21:04.018,1,GPU-713d5b24-2a1e-fd4a-7685-c3d195ff9230,82.78,1410,1593,0,0,73509,31,P0,500.00,Not Active,Not Active,Not Active,Not Active
2026/07/25 10:21:04.254,2026/07/25 10:21:04.240,2026/07/25 10:21:04.268,0,GPU-c5d32af0-0857-3b36-6541-1a688a9ec165,87.90,1410,1593,0,0,73509,33,P0,500.00,Not Active,Not Active,Not Active,Not Active
2026/07/25 10:21:04.254,2026/07/25 10:21:04.240,2026/07/25 10:21:04.268,1,GPU-713d5b24-2a1e-fd4a-7685-c3d195ff9230,82.46,1410,1593,0,0,73509,31,P0,500.00,Not Active,Not Active,Not Active,Not Active
2026/07/25 10:21:04.505,2026/07/25 10:21:04.490,2026/07/25 10:21:04.520,0,GPU-c5d32af0-0857-3b36-6541-1a688a9ec165,87.90,1410,1593,0,0,73509,33,P0,500.00,Not Active,Not Active,Not Active,Not Active
2026/07/25 10:21:04.505,2026/07/25 10:21:04.490,2026/07/25 10:21:04.520,1,GPU-713d5b24-2a1e-fd4a-7685-c3d195ff9230,82.78,1410,1593,0,0,73509,31,P0,500.00,Not Active,Not Active,Not Active,Not Active
2026/07/25 10:21:04.755,2026/07/25 10:21:04.740,2026/07/25 10:21:04.770,0,GPU-c5d32af0-0857-3b36-6541-1a688a9ec165,87.90,1410,1593,0,0,73509,33,P0,500.00,Not Active,Not Active,Not Active,Not Active
2026/07/25 10:21:04.755,2026/07/25 10:21:04.740,2026/07/25 10:21:04.770,1,GPU-713d5b24-2a1e-fd4a-7685-c3d195ff9230,82.78,1410,1593,0,0,73509,31,P0,500.00,Not Active,Not Active,Not Active,Not Active
2026/07/25 10:21:05.004,2026/07/25 10:21:04.990,2026/07/25 10:21:05.018,0,GPU-c5d32af0-0857-3b36-6541-1a688a9ec165,87.63,1410,1593,0,0,73509,33,P0,500.00,Not Active,Not Active,Not Active,Not Active
2026/07/25 10:21:05.004,2026/07/25 10:21:04.990,2026/07/25 10:21:05.018,1,GPU-713d5b24-2a1e-fd4a-7685-c3d195ff9230,82.78,1410,1593,0,0,73509,31,P0,500.00,Not Active,Not Active,Not Active,Not Active
2026/07/25 10:21:05.254,2026/07/25 10:21:05.240,2026/07/25 10:21:05.267,0,GPU-c5d32af0-0857-3b36-6541-1a688a9ec165,88.00,1410,1593,0,0,73509,33,P0,500.00,Not Active,Not Active,Not Active,Not Active
2026/07/25 10:21:05.254,2026/07/25 10:21:05.240,2026/07/25 10:21:05.267,1,GPU-713d5b24-2a1e-fd4a-7685-c3d195ff9230,82.54,1410,1593,0,0,73509,31,P0,500.00,Not Active,Not Active,Not Active,Not Active
2026/07/25 10:21:05.504,2026/07/25 10:21:05.490,2026/07/25 10:21:05.517,0,GPU-c5d32af0-0857-3b36-6541-1a688a9ec165,87.90,1410,1593,0,0,73509,33,P0,500.00,Not Active,Not Active,Not Active,Not Active
2026/07/25 10:21:05.504,2026/07/25 10:21:05.490,2026/07/25 10:21:05.517,1,GPU-713d5b24-2a1e-fd4a-7685-c3d195ff9230,82.54,1410,1593,0,0,73509,31,P0,500.00,Not Active,Not Active,Not Active,Not Active
2026/07/25 10:21:05.755,2026/07/25 10:21:05.740,2026/07/25 10:21:05.769,0,GPU-c5d32af0-0857-3b36-6541-1a688a9ec165,87.90,1410,1593,0,0,73509,33,P0,500.00,Not Active,Not Active,Not Active,Not Active
2026/07/25 10:21:05.755,2026/07/25 10:21:05.740,2026/07/25 10:21:05.769,1,GPU-713d5b24-2a1e-fd4a-7685-c3d195ff9230,82.87,1410,1593,0,0,73509,31,P0,500.00,Not Active,Not Active,Not Active,Not Active
2026/07/25 10:21:06.004,2026/07/25 10:21:05.990,2026/07/25 10:21:06.017,0,GPU-c5d32af0-0857-3b36-6541-1a688a9ec165,88.00,1410,1593,0,0,73509,33,P0,500.00,Not Active,Not Active,Not Active,Not Active
2026/07/25 10:21:06.004,2026/07/25 10:21:05.990,2026/07/25 10:21:06.017,1,GPU-713d5b24-2a1e-fd4a-7685-c3d195ff9230,82.78,1410,1593,0,0,73509,31,P0,500.00,Not Active,Not Active,Not Active,Not Active
2026/07/25 10:21:06.254,2026/07/25 10:21:06.240,2026/07/25 10:21:06.267,0,GPU-c5d32af0-0857-3b36-6541-1a688a9ec165,88.00,1410,1593,0,0,73509,33,P0,500.00,Not Active,Not Active,Not Active,Not Active
2026/07/25 10:21:06.254,2026/07/25 10:21:06.240,2026/07/25 10:21:06.267,1,GPU-713d5b24-2a1e-fd4a-7685-c3d195ff9230,82.87,1410,1593,0,0,73509,31,P0,500.00,Not Active,Not Active,Not Active,Not Active
2026/07/25 10:21:06.504,2026/07/25 10:21:06.490,2026/07/25 10:21:06.517,0,GPU-c5d32af0-0857-3b36-6541-1a688a9ec165,88.00,1410,1593,0,0,73509,33,P0,500.00,Not Active,Not Active,Not Active,Not Active
2026/07/25 10:21:06.504,2026/07/25 10:21:06.490,2026/07/25 10:21:06.517,1,GPU-713d5b24-2a1e-fd4a-7685-c3d195ff9230,82.87,1410,1593,0,0,73509,31,P0,500.00,Not Active,Not Active,Not Active,Not Active
2026/07/25 10:21:06.755,2026/07/25 10:21:06.740,2026/07/25 10:21:06.769,0,GPU-c5d32af0-0857-3b36-6541-1a688a9ec165,87.72,1410,1593,0,0,73509,33,P0,500.00,Not Active,Not Active,Not Active,Not Active
2026/07/25 10:21:06.755,2026/07/25 10:21:06.740,2026/07/25 10:21:06.769,1,GPU-713d5b24-2a1e-fd4a-7685-c3d195ff9230,82.46,1410,1593,0,0,73509,31,P0,500.00,Not Active,Not Active,Not Active,Not Active
2026/07/25 10:21:07.004,2026/07/25 10:21:06.990,2026/07/25 10:21:07.017,0,GPU-c5d32af0-0857-3b36-6541-1a688a9ec165,87.90,1410,1593,0,0,73509,33,P0,500.00,Not Active,Not Active,Not Active,Not Active
2026/07/25 10:21:07.004,2026/07/25 10:21:06.990,2026/07/25 10:21:07.017,1,GPU-713d5b24-2a1e-fd4a-7685-c3d195ff9230,82.78,1410,1593,0,0,73509,31,P0,500.00,Not Active,Not Active,Not Active,Not Active
2026/07/25 10:21:07.255,2026/07/25 10:21:07.240,2026/07/25 10:21:07.269,0,GPU-c5d32af0-0857-3b36-6541-1a688a9ec165,88.00,1410,1593,0,0,73509,33,P0,500.00,Not Active,Not Active,Not Active,Not Active
2026/07/25 10:21:07.255,2026/07/25 10:21:07.240,2026/07/25 10:21:07.269,1,GPU-713d5b24-2a1e-fd4a-7685-c3d195ff9230,82.78,1410,1593,0,0,73509,31,P0,500.00,Not Active,Not Active,Not Active,Not Active
2026/07/25 10:21:07.506,2026/07/25 10:21:07.490,2026/07/25 10:21:07.522,0,GPU-c5d32af0-0857-3b36-6541-1a688a9ec165,87.90,1410,1593,0,0,73509,33,P0,500.00,Not Active,Not Active,Not Active,Not Active
2026/07/25 10:21:07.506,2026/07/25 10:21:07.490,2026/07/25 10:21:07.522,1,GPU-713d5b24-2a1e-fd4a-7685-c3d195ff9230,82.78,1410,1593,0,0,73509,31,P0,500.00,Not Active,Not Active,Not Active,Not Active
2026/07/25 10:21:07.757,2026/07/25 10:21:07.740,2026/07/25 10:21:07.773,0,GPU-c5d32af0-0857-3b36-6541-1a688a9ec165,88.00,1410,1593,0,0,73509,33,P0,500.00,Not Active,Not Active,Not Active,Not Active
2026/07/25 10:21:07.757,2026/07/25 10:21:07.740,2026/07/25 10:21:07.773,1,GPU-713d5b24-2a1e-fd4a-7685-c3d195ff9230,82.78,1410,1593,0,0,73509,31,P0,500.00,Not Active,Not Active,Not Active,Not Active
2026/07/25 10:21:08.005,2026/07/25 10:21:07.990,2026/07/25 10:21:08.019,0,GPU-c5d32af0-0857-3b36-6541-1a688a9ec165,91.05,1410,1593,2,0,73509,33,P0,500.00,Not Active,Not Active,Not Active,Not Active
2026/07/25 10:21:08.005,2026/07/25 10:21:07.990,2026/07/25 10:21:08.019,1,GPU-713d5b24-2a1e-fd4a-7685-c3d195ff9230,82.87,1410,1593,0,0,73509,31,P0,500.00,Not Active,Not Active,Not Active,Not Active
2026/07/25 10:21:08.256,2026/07/25 10:21:08.240,2026/07/25 10:21:08.271,0,GPU-c5d32af0-0857-3b36-6541-1a688a9ec165,319.31,1410,1593,0,0,73511,34,P0,500.00,Not Active,Not Active,Not Active,Not Active
2026/07/25 10:21:08.256,2026/07/25 10:21:08.240,2026/07/25 10:21:08.271,1,GPU-713d5b24-2a1e-fd4a-7685-c3d195ff9230,82.46,1410,1593,0,0,73509,31,P0,500.00,Not Active,Not Active,Not Active,Not Active
2026/07/25 10:21:08.505,2026/07/25 10:21:08.490,2026/07/25 10:21:08.520,0,GPU-c5d32af0-0857-3b36-6541-1a688a9ec165,367.73,1410,1593,74,14,73511,44,P0,500.00,Not Active,Not Active,Not Active,Not Active
2026/07/25 10:21:08.505,2026/07/25 10:21:08.490,2026/07/25 10:21:08.520,1,GPU-713d5b24-2a1e-fd4a-7685-c3d195ff9230,82.70,1410,1593,0,0,73509,31,P0,500.00,Not Active,Not Active,Not Active,Not Active
2026/07/25 10:21:08.754,2026/07/25 10:21:08.740,2026/07/25 10:21:08.769,0,GPU-c5d32af0-0857-3b36-6541-1a688a9ec165,220.14,1410,1593,80,11,73511,42,P0,500.00,Not Active,Not Active,Not Active,Not Active
2026/07/25 10:21:08.754,2026/07/25 10:21:08.740,2026/07/25 10:21:08.769,1,GPU-713d5b24-2a1e-fd4a-7685-c3d195ff9230,82.78,1410,1593,0,0,73509,31,P0,500.00,Not Active,Not Active,Not Active,Not Active
2026/07/25 10:21:09.005,2026/07/25 10:21:08.990,2026/07/25 10:21:09.020,0,GPU-c5d32af0-0857-3b36-6541-1a688a9ec165,88.50,1410,1593,0,0,73511,36,P0,500.00,Not Active,Not Active,Not Active,Not Active
2026/07/25 10:21:09.005,2026/07/25 10:21:08.990,2026/07/25 10:21:09.020,1,GPU-713d5b24-2a1e-fd4a-7685-c3d195ff9230,82.46,1410,1593,0,0,73509,31,P0,500.00,Not Active,Not Active,Not Active,Not Active
2026/07/25 10:21:09.256,2026/07/25 10:21:09.240,2026/07/25 10:21:09.272,0,GPU-c5d32af0-0857-3b36-6541-1a688a9ec165,87.12,1410,1593,0,0,73511,35,P0,500.00,Not Active,Not Active,Not Active,Not Active
2026/07/25 10:21:09.256,2026/07/25 10:21:09.240,2026/07/25 10:21:09.272,1,GPU-713d5b24-2a1e-fd4a-7685-c3d195ff9230,82.46,1410,1593,0,0,73509,31,P0,500.00,Not Active,Not Active,Not Active,Not Active
2026/07/25 10:21:09.504,2026/07/25 10:21:09.490,2026/07/25 10:21:09.518,0,GPU-c5d32af0-0857-3b36-6541-1a688a9ec165,86.79,1410,1593,0,0,73511,34,P0,500.00,Not Active,Not Active,Not Active,Not Active
2026/07/25 10:21:09.504,2026/07/25 10:21:09.490,2026/07/25 10:21:09.518,1,GPU-713d5b24-2a1e-fd4a-7685-c3d195ff9230,82.78,1410,1593,0,0,73509,31,P0,500.00,Not Active,Not Active,Not Active,Not Active
2026/07/25 10:21:09.754,2026/07/25 10:21:09.740,2026/07/25 10:21:09.768,0,GPU-c5d32af0-0857-3b36-6541-1a688a9ec165,86.79,1410,1593,0,0,73511,34,P0,500.00,Not Active,Not Active,Not Active,Not Active
2026/07/25 10:21:09.754,2026/07/25 10:21:09.740,2026/07/25 10:21:09.768,1,GPU-713d5b24-2a1e-fd4a-7685-c3d195ff9230,82.87,1410,1593,0,0,73509,31,P0,500.00,Not Active,Not Active,Not Active,Not Active
2026/07/25 10:21:10.006,2026/07/25 10:21:09.990,2026/07/25 10:21:10.021,0,GPU-c5d32af0-0857-3b36-6541-1a688a9ec165,86.79,1410,1593,0,0,73511,34,P0,500.00,Not Active,Not Active,Not Active,Not Active
2026/07/25 10:21:10.006,2026/07/25 10:21:09.990,2026/07/25 10:21:10.021,1,GPU-713d5b24-2a1e-fd4a-7685-c3d195ff9230,82.78,1410,1593,0,0,73509,31,P0,500.00,Not Active,Not Active,Not Active,Not Active
2026/07/25 10:21:10.256,2026/07/25 10:21:10.240,2026/07/25 10:21:10.271,0,GPU-c5d32af0-0857-3b36-6541-1a688a9ec165,90.72,1410,1593,0,0,73511,34,P0,500.00,Not Active,Not Active,Not Active,Not Active
2026/07/25 10:21:10.256,2026/07/25 10:21:10.240,2026/07/25 10:21:10.271,1,GPU-713d5b24-2a1e-fd4a-7685-c3d195ff9230,91.37,1410,1593,14,0,73509,31,P0,500.00,Not Active,Not Active,Not Active,Not Active
2026/07/25 10:21:10.504,2026/07/25 10:21:10.490,2026/07/25 10:21:10.518,0,GPU-c5d32af0-0857-3b36-6541-1a688a9ec165,86.47,1410,1593,0,0,73511,34,P0,500.00,Not Active,Not Active,Not Active,Not Active
2026/07/25 10:21:10.504,2026/07/25 10:21:10.490,2026/07/25 10:21:10.518,1,GPU-713d5b24-2a1e-fd4a-7685-c3d195ff9230,82.78,1410,1593,6,0,73509,31,P0,500.00,Not Active,Not Active,Not Active,Not Active
2026/07/25 10:21:10.756,2026/07/25 10:21:10.740,2026/07/25 10:21:10.771,0,GPU-c5d32af0-0857-3b36-6541-1a688a9ec165,86.47,1410,1593,0,0,73511,34,P0,500.00,Not Active,Not Active,Not Active,Not Active
2026/07/25 10:21:10.756,2026/07/25 10:21:10.740,2026/07/25 10:21:10.771,1,GPU-713d5b24-2a1e-fd4a-7685-c3d195ff9230,231.35,1410,1593,0,0,73511,32,P0,500.00,Not Active,Not Active,Not Active,Not Active
2026/07/25 10:21:11.006,2026/07/25 10:21:10.990,2026/07/25 10:21:11.022,0,GPU-c5d32af0-0857-3b36-6541-1a688a9ec165,86.38,1410,1593,0,0,73511,34,P0,500.00,Not Active,Not Active,Not Active,Not Active
2026/07/25 10:21:11.006,2026/07/25 10:21:10.990,2026/07/25 10:21:11.022,1,GPU-713d5b24-2a1e-fd4a-7685-c3d195ff9230,247.49,1410,1593,85,45,73511,36,P0,500.00,Not Active,Not Active,Not Active,Not Active
2026/07/25 10:21:11.275,2026/07/25 10:21:11.240,2026/07/25 10:21:11.310,0,GPU-c5d32af0-0857-3b36-6541-1a688a9ec165,86.71,1410,1593,0,0,73511,34,P0,500.00,Not Active,Not Active,Not Active,Not Active
2026/07/25 10:21:11.275,2026/07/25 10:21:11.240,2026/07/25 10:21:11.310,1,GPU-713d5b24-2a1e-fd4a-7685-c3d195ff9230,248.36,1410,1593,100,52,73511,37,P0,500.00,Not Active,Not Active,Not Active,Not Active
2026/07/25 10:21:11.504,2026/07/25 10:21:11.490,2026/07/25 10:21:11.519,0,GPU-c5d32af0-0857-3b36-6541-1a688a9ec165,86.71,1410,1593,0,0,73511,34,P0,500.00,Not Active,Not Active,Not Active,Not Active
2026/07/25 10:21:11.504,2026/07/25 10:21:11.490,2026/07/25 10:21:11.519,1,GPU-713d5b24-2a1e-fd4a-7685-c3d195ff9230,240.20,1410,1593,100,53,73511,38,P0,500.00,Not Active,Not Active,Not Active,Not Active
2026/07/25 10:21:11.755,2026/07/25 10:21:11.740,2026/07/25 10:21:11.770,0,GPU-c5d32af0-0857-3b36-6541-1a688a9ec165,86.38,1410,1593,0,0,73511,34,P0,500.00,Not Active,Not Active,Not Active,Not Active
2026/07/25 10:21:11.755,2026/07/25 10:21:11.740,2026/07/25 10:21:11.770,1,GPU-713d5b24-2a1e-fd4a-7685-c3d195ff9230,242.92,1410,1593,100,53,73511,38,P0,500.00,Not Active,Not Active,Not Active,Not Active
2026/07/25 10:21:12.005,2026/07/25 10:21:11.990,2026/07/25 10:21:12.020,0,GPU-c5d32af0-0857-3b36-6541-1a688a9ec165,86.47,1410,1593,0,0,73511,34,P0,500.00,Not Active,Not Active,Not Active,Not Active
2026/07/25 10:21:12.005,2026/07/25 10:21:11.990,2026/07/25 10:21:12.020,1,GPU-713d5b24-2a1e-fd4a-7685-c3d195ff9230,83.05,1410,1593,70,37,73511,34,P0,500.00,Not Active,Not Active,Not Active,Not Active
2026/07/25 10:21:12.261,2026/07/25 10:21:12.240,2026/07/25 10:21:12.282,0,GPU-c5d32af0-0857-3b36-6541-1a688a9ec165,378.27,1410,1593,48,9,73511,44,P0,500.00,Not Active,Not Active,Not Active,Not Active
2026/07/25 10:21:12.261,2026/07/25 10:21:12.240,2026/07/25 10:21:12.282,1,GPU-713d5b24-2a1e-fd4a-7685-c3d195ff9230,82.46,1410,1593,0,0,73511,33,P0,500.00,Not Active,Not Active,Not Active,Not Active
2026/07/25 10:21:12.508,2026/07/25 10:21:12.490,2026/07/25 10:21:12.525,0,GPU-c5d32af0-0857-3b36-6541-1a688a9ec165,372.57,1410,1593,100,16,73511,45,P0,500.00,Not Active,Not Active,Not Active,Not Active
2026/07/25 10:21:12.508,2026/07/25 10:21:12.490,2026/07/25 10:21:12.525,1,GPU-713d5b24-2a1e-fd4a-7685-c3d195ff9230,82.12,1410,1593,0,0,73511,32,P0,500.00,Not Active,Not Active,Not Active,Not Active
2026/07/25 10:21:12.760,2026/07/25 10:21:12.740,2026/07/25 10:21:12.780,0,GPU-c5d32af0-0857-3b36-6541-1a688a9ec165,88.50,1410,1593,0,0,73511,38,P0,500.00,Not Active,Not Active,Not Active,Not Active
2026/07/25 10:21:12.760,2026/07/25 10:21:12.740,2026/07/25 10:21:12.780,1,GPU-713d5b24-2a1e-fd4a-7685-c3d195ff9230,240.77,1410,1593,31,8,73511,35,P0,500.00,Not Active,Not Active,Not Active,Not Active
2026/07/25 10:21:13.006,2026/07/25 10:21:12.990,2026/07/25 10:21:13.022,0,GPU-c5d32af0-0857-3b36-6541-1a688a9ec165,87.30,1410,1593,0,0,73511,35,P0,500.00,Not Active,Not Active,Not Active,Not Active
2026/07/25 10:21:13.006,2026/07/25 10:21:12.990,2026/07/25 10:21:13.022,1,GPU-713d5b24-2a1e-fd4a-7685-c3d195ff9230,243.50,1410,1593,100,53,73511,37,P0,500.00,Not Active,Not Active,Not Active,Not Active
2026/07/25 10:21:13.283,2026/07/25 10:21:13.240,2026/07/25 10:21:13.327,0,GPU-c5d32af0-0857-3b36-6541-1a688a9ec165,87.03,1410,1593,0,0,73511,35,P0,500.00,Not Active,Not Active,Not Active,Not Active
2026/07/25 10:21:13.283,2026/07/25 10:21:13.240,2026/07/25 10:21:13.327,1,GPU-713d5b24-2a1e-fd4a-7685-c3d195ff9230,243.52,1410,1593,100,53,73511,38,P0,500.00,Not Active,Not Active,Not Active,Not Active
2026/07/25 10:21:13.507,2026/07/25 10:21:13.490,2026/07/25 10:21:13.523,0,GPU-c5d32af0-0857-3b36-6541-1a688a9ec165,87.03,1410,1593,0,0,73511,35,P0,500.00,Not Active,Not Active,Not Active,Not Active
2026/07/25 10:21:13.507,2026/07/25 10:21:13.490,2026/07/25 10:21:13.523,1,GPU-713d5b24-2a1e-fd4a-7685-c3d195ff9230,240.80,1410,1593,100,53,73511,39,P0,500.00,Not Active,Not Active,Not Active,Not Active
2026/07/25 10:21:13.756,2026/07/25 10:21:13.740,2026/07/25 10:21:13.772,0,GPU-c5d32af0-0857-3b36-6541-1a688a9ec165,86.71,1410,1593,0,0,73511,34,P0,500.00,Not Active,Not Active,Not Active,Not Active
2026/07/25 10:21:13.756,2026/07/25 10:21:13.740,2026/07/25 10:21:13.772,1,GPU-713d5b24-2a1e-fd4a-7685-c3d195ff9230,83.05,1410,1593,54,29,73511,35,P0,500.00,Not Active,Not Active,Not Active,Not Active
2026/07/25 10:21:14.004,2026/07/25 10:21:13.990,2026/07/25 10:21:14.018,0,GPU-c5d32af0-0857-3b36-6541-1a688a9ec165,86.79,1410,1593,0,0,73511,34,P0,500.00,Not Active,Not Active,Not Active,Not Active
2026/07/25 10:21:14.004,2026/07/25 10:21:13.990,2026/07/25 10:21:14.018,1,GPU-713d5b24-2a1e-fd4a-7685-c3d195ff9230,82.46,1410,1593,0,0,73511,33,P0,500.00,Not Active,Not Active,Not Active,Not Active
2026/07/25 10:21:14.255,2026/07/25 10:21:14.240,2026/07/25 10:21:14.270,0,GPU-c5d32af0-0857-3b36-6541-1a688a9ec165,86.71,1410,1593,0,0,73511,34,P0,500.00,Not Active,Not Active,Not Active,Not Active
2026/07/25 10:21:14.255,2026/07/25 10:21:14.240,2026/07/25 10:21:14.270,1,GPU-713d5b24-2a1e-fd4a-7685-c3d195ff9230,82.46,1410,1593,0,0,73511,33,P0,500.00,Not Active,Not Active,Not Active,Not Active
2026/07/25 10:21:14.513,2026/07/25 10:21:14.490,2026/07/25 10:21:14.536,0,GPU-c5d32af0-0857-3b36-6541-1a688a9ec165,86.79,1410,1593,0,0,73511,34,P0,500.00,Not Active,Not Active,Not Active,Not Active
2026/07/25 10:21:14.513,2026/07/25 10:21:14.490,2026/07/25 10:21:14.536,1,GPU-713d5b24-2a1e-fd4a-7685-c3d195ff9230,82.54,1410,1593,0,0,73511,33,P0,500.00,Not Active,Not Active,Not Active,Not Active
2026/07/25 10:21:14.755,2026/07/25 10:21:14.740,2026/07/25 10:21:14.770,0,GPU-c5d32af0-0857-3b36-6541-1a688a9ec165,86.79,1410,1593,0,0,73511,34,P0,500.00,Not Active,Not Active,Not Active,Not Active
2026/07/25 10:21:14.755,2026/07/25 10:21:14.740,2026/07/25 10:21:14.770,1,GPU-713d5b24-2a1e-fd4a-7685-c3d195ff9230,82.12,1410,1593,0,0,73511,32,P0,500.00,Not Active,Not Active,Not Active,Not Active
2026/07/25 10:21:15.005,2026/07/25 10:21:14.990,2026/07/25 10:21:15.019,0,GPU-c5d32af0-0857-3b36-6541-1a688a9ec165,86.47,1410,1593,0,0,73511,34,P0,500.00,Not Active,Not Active,Not Active,Not Active
2026/07/25 10:21:15.005,2026/07/25 10:21:14.990,2026/07/25 10:21:15.019,1,GPU-713d5b24-2a1e-fd4a-7685-c3d195ff9230,82.12,1410,1593,0,0,73511,32,P0,500.00,Not Active,Not Active,Not Active,Not Active
2026/07/25 10:21:15.255,2026/07/25 10:21:15.240,2026/07/25 10:21:15.269,0,GPU-c5d32af0-0857-3b36-6541-1a688a9ec165,86.71,1410,1593,0,0,73511,34,P0,500.00,Not Active,Not Active,Not Active,Not Active
2026/07/25 10:21:15.255,2026/07/25 10:21:15.240,2026/07/25 10:21:15.269,1,GPU-713d5b24-2a1e-fd4a-7685-c3d195ff9230,83.05,1410,1593,0,0,73511,32,P0,500.00,Not Active,Not Active,Not Active,Not Active
2026/07/25 10:21:15.505,2026/07/25 10:21:15.490,2026/07/25 10:21:15.519,0,GPU-c5d32af0-0857-3b36-6541-1a688a9ec165,86.47,1410,1593,0,0,73511,34,P0,500.00,Not Active,Not Active,Not Active,Not Active
2026/07/25 10:21:15.505,2026/07/25 10:21:15.490,2026/07/25 10:21:15.519,1,GPU-713d5b24-2a1e-fd4a-7685-c3d195ff9230,83.38,1410,1593,0,0,73511,32,P0,500.00,Not Active,Not Active,Not Active,Not Active
2026/07/25 10:21:15.754,2026/07/25 10:21:15.740,2026/07/25 10:21:15.767,0,GPU-c5d32af0-0857-3b36-6541-1a688a9ec165,86.47,1410,1593,0,0,73511,34,P0,500.00,Not Active,Not Active,Not Active,Not Active
2026/07/25 10:21:15.754,2026/07/25 10:21:15.740,2026/07/25 10:21:15.767,1,GPU-713d5b24-2a1e-fd4a-7685-c3d195ff9230,83.05,1410,1593,0,0,73511,32,P0,500.00,Not Active,Not Active,Not Active,Not Active
2026/07/25 10:21:16.005,2026/07/25 10:21:15.990,2026/07/25 10:21:16.020,0,GPU-c5d32af0-0857-3b36-6541-1a688a9ec165,86.79,1410,1593,0,0,73511,34,P0,500.00,Not Active,Not Active,Not Active,Not Active
2026/07/25 10:21:16.005,2026/07/25 10:21:15.990,2026/07/25 10:21:16.020,1,GPU-713d5b24-2a1e-fd4a-7685-c3d195ff9230,83.38,1410,1593,0,0,73511,32,P0,500.00,Not Active,Not Active,Not Active,Not Active
2026/07/25 10:21:16.255,2026/07/25 10:21:16.240,2026/07/25 10:21:16.269,0,GPU-c5d32af0-0857-3b36-6541-1a688a9ec165,86.71,1410,1593,0,0,73511,34,P0,500.00,Not Active,Not Active,Not Active,Not Active
2026/07/25 10:21:16.255,2026/07/25 10:21:16.240,2026/07/25 10:21:16.269,1,GPU-713d5b24-2a1e-fd4a-7685-c3d195ff9230,83.05,1410,1593,0,0,73511,32,P0,500.00,Not Active,Not Active,Not Active,Not Active
2026/07/25 10:21:16.504,2026/07/25 10:21:16.490,2026/07/25 10:21:16.518,0,GPU-c5d32af0-0857-3b36-6541-1a688a9ec165,86.79,1410,1593,0,0,73511,34,P0,500.00,Not Active,Not Active,Not Active,Not Active
2026/07/25 10:21:16.504,2026/07/25 10:21:16.490,2026/07/25 10:21:16.518,1,GPU-713d5b24-2a1e-fd4a-7685-c3d195ff9230,83.46,1410,1593,0,0,73511,32,P0,500.00,Not Active,Not Active,Not Active,Not Active
2026/07/25 10:21:16.754,2026/07/25 10:21:16.740,2026/07/25 10:21:16.767,0,GPU-c5d32af0-0857-3b36-6541-1a688a9ec165,86.47,1410,1593,0,0,73511,34,P0,500.00,Not Active,Not Active,Not Active,Not Active
2026/07/25 10:21:16.754,2026/07/25 10:21:16.740,2026/07/25 10:21:16.767,1,GPU-713d5b24-2a1e-fd4a-7685-c3d195ff9230,83.05,1410,1593,0,0,73511,32,P0,500.00,Not Active,Not Active,Not Active,Not Active
2026/07/25 10:21:17.004,2026/07/25 10:21:16.990,2026/07/25 10:21:17.018,0,GPU-c5d32af0-0857-3b36-6541-1a688a9ec165,86.47,1410,1593,0,0,73511,34,P0,500.00,Not Active,Not Active,Not Active,Not Active
2026/07/25 10:21:17.004,2026/07/25 10:21:16.990,2026/07/25 10:21:17.018,1,GPU-713d5b24-2a1e-fd4a-7685-c3d195ff9230,83.46,1410,1593,0,0,73511,32,P0,500.00,Not Active,Not Active,Not Active,Not Active
2026/07/25 10:21:17.255,2026/07/25 10:21:17.240,2026/07/25 10:21:17.270,0,GPU-c5d32af0-0857-3b36-6541-1a688a9ec165,380.19,1410,1593,0,0,73511,41,P0,500.00,Not Active,Not Active,Not Active,Not Active
2026/07/25 10:21:17.255,2026/07/25 10:21:17.240,2026/07/25 10:21:17.270,1,GPU-713d5b24-2a1e-fd4a-7685-c3d195ff9230,83.05,1410,1593,0,0,73511,32,P0,500.00,Not Active,Not Active,Not Active,Not Active
2026/07/25 10:21:17.505,2026/07/25 10:21:17.490,2026/07/25 10:21:17.520,0,GPU-c5d32af0-0857-3b36-6541-1a688a9ec165,367.13,1410,1593,100,15,73511,46,P0,500.00,Not Active,Not Active,Not Active,Not Active
2026/07/25 10:21:17.505,2026/07/25 10:21:17.490,2026/07/25 10:21:17.520,1,GPU-713d5b24-2a1e-fd4a-7685-c3d195ff9230,83.05,1410,1593,0,0,73511,32,P0,500.00,Not Active,Not Active,Not Active,Not Active
2026/07/25 10:21:17.754,2026/07/25 10:21:17.740,2026/07/25 10:21:17.767,0,GPU-c5d32af0-0857-3b36-6541-1a688a9ec165,358.37,1410,1593,100,13,73511,47,P0,500.00,Not Active,Not Active,Not Active,Not Active
2026/07/25 10:21:17.754,2026/07/25 10:21:17.740,2026/07/25 10:21:17.767,1,GPU-713d5b24-2a1e-fd4a-7685-c3d195ff9230,83.05,1410,1593,0,0,73511,32,P0,500.00,Not Active,Not Active,Not Active,Not Active
2026/07/25 10:21:18.009,2026/07/25 10:21:17.990,2026/07/25 10:21:18.028,0,GPU-c5d32af0-0857-3b36-6541-1a688a9ec165,88.82,1410,1593,0,0,73511,37,P0,500.00,Not Active,Not Active,Not Active,Not Active
2026/07/25 10:21:18.009,2026/07/25 10:21:17.990,2026/07/25 10:21:18.028,1,GPU-713d5b24-2a1e-fd4a-7685-c3d195ff9230,245.97,1410,1593,23,0,73511,35,P0,500.00,Not Active,Not Active,Not Active,Not Active
2026/07/25 10:21:18.257,2026/07/25 10:21:18.240,2026/07/25 10:21:18.273,0,GPU-c5d32af0-0857-3b36-6541-1a688a9ec165,87.63,1410,1593,0,0,73511,36,P0,500.00,Not Active,Not Active,Not Active,Not Active
2026/07/25 10:21:18.257,2026/07/25 10:21:18.240,2026/07/25 10:21:18.273,1,GPU-713d5b24-2a1e-fd4a-7685-c3d195ff9230,247.16,1410,1593,96,50,73511,37,P0,500.00,Not Active,Not Active,Not Active,Not Active
2026/07/25 10:21:18.506,2026/07/25 10:21:18.490,2026/07/25 10:21:18.522,0,GPU-c5d32af0-0857-3b36-6541-1a688a9ec165,87.30,1410,1593,0,0,73511,35,P0,500.00,Not Active,Not Active,Not Active,Not Active
2026/07/25 10:21:18.506,2026/07/25 10:21:18.490,2026/07/25 10:21:18.522,1,GPU-713d5b24-2a1e-fd4a-7685-c3d195ff9230,240.80,1410,1593,100,52,73511,38,P0,500.00,Not Active,Not Active,Not Active,Not Active
2026/07/25 10:21:18.755,2026/07/25 10:21:18.740,2026/07/25 10:21:18.769,0,GPU-c5d32af0-0857-3b36-6541-1a688a9ec165,87.03,1410,1593,0,0,73511,35,P0,500.00,Not Active,Not Active,Not Active,Not Active
2026/07/25 10:21:18.755,2026/07/25 10:21:18.740,2026/07/25 10:21:18.769,1,GPU-713d5b24-2a1e-fd4a-7685-c3d195ff9230,243.52,1410,1593,100,52,73511,38,P0,500.00,Not Active,Not Active,Not Active,Not Active
2026/07/25 10:21:19.007,2026/07/25 10:21:18.990,2026/07/25 10:21:19.024,0,GPU-c5d32af0-0857-3b36-6541-1a688a9ec165,87.12,1410,1593,0,0,73511,35,P0,500.00,Not Active,Not Active,Not Active,Not Active
2026/07/25 10:21:19.007,2026/07/25 10:21:18.990,2026/07/25 10:21:19.024,1,GPU-713d5b24-2a1e-fd4a-7685-c3d195ff9230,240.77,1410,1593,100,52,73511,39,P0,500.00,Not Active,Not Active,Not Active,Not Active
2026/07/25 10:21:19.256,2026/07/25 10:21:19.240,2026/07/25 10:21:19.271,0,GPU-c5d32af0-0857-3b36-6541-1a688a9ec165,87.03,1410,1593,0,0,73511,35,P0,500.00,Not Active,Not Active,Not Active,Not Active
2026/07/25 10:21:19.256,2026/07/25 10:21:19.240,2026/07/25 10:21:19.271,1,GPU-713d5b24-2a1e-fd4a-7685-c3d195ff9230,245.02,1410,1593,100,52,73511,39,P0,500.00,Not Active,Not Active,Not Active,Not Active
2026/07/25 10:21:19.506,2026/07/25 10:21:19.490,2026/07/25 10:21:19.521,0,GPU-c5d32af0-0857-3b36-6541-1a688a9ec165,87.03,1410,1593,0,0,73511,35,P0,500.00,Not Active,Not Active,Not Active,Not Active
2026/07/25 10:21:19.506,2026/07/25 10:21:19.490,2026/07/25 10:21:19.521,1,GPU-713d5b24-2a1e-fd4a-7685-c3d195ff9230,83.38,1410,1593,89,47,73511,35,P0,500.00,Not Active,Not Active,Not Active,Not Active
2026/07/25 10:21:19.754,2026/07/25 10:21:19.740,2026/07/25 10:21:19.768,0,GPU-c5d32af0-0857-3b36-6541-1a688a9ec165,86.79,1410,1593,0,0,73511,35,P0,500.00,Not Active,Not Active,Not Active,Not Active
2026/07/25 10:21:19.754,2026/07/25 10:21:19.740,2026/07/25 10:21:19.768,1,GPU-713d5b24-2a1e-fd4a-7685-c3d195ff9230,83.14,1410,1593,0,0,73511,34,P0,500.00,Not Active,Not Active,Not Active,Not Active
2026/07/25 10:21:20.005,2026/07/25 10:21:19.990,2026/07/25 10:21:20.020,0,GPU-c5d32af0-0857-3b36-6541-1a688a9ec165,86.79,1410,1593,0,0,73511,34,P0,500.00,Not Active,Not Active,Not Active,Not Active
2026/07/25 10:21:20.005,2026/07/25 10:21:19.990,2026/07/25 10:21:20.020,1,GPU-713d5b24-2a1e-fd4a-7685-c3d195ff9230,82.46,1410,1593,0,0,73511,33,P0,500.00,Not Active,Not Active,Not Active,Not Active
2026/07/25 10:21:20.254,2026/07/25 10:21:20.240,2026/07/25 10:21:20.267,0,GPU-c5d32af0-0857-3b36-6541-1a688a9ec165,86.79,1410,1593,0,0,73511,34,P0,500.00,Not Active,Not Active,Not Active,Not Active
2026/07/25 10:21:20.254,2026/07/25 10:21:20.240,2026/07/25 10:21:20.267,1,GPU-713d5b24-2a1e-fd4a-7685-c3d195ff9230,82.46,1410,1593,0,0,73511,33,P0,500.00,Not Active,Not Active,Not Active,Not Active
2026/07/25 10:21:20.504,2026/07/25 10:21:20.490,2026/07/25 10:21:20.518,0,GPU-c5d32af0-0857-3b36-6541-1a688a9ec165,86.71,1410,1593,0,0,73511,34,P0,500.00,Not Active,Not Active,Not Active,Not Active
2026/07/25 10:21:20.504,2026/07/25 10:21:20.490,2026/07/25 10:21:20.518,1,GPU-713d5b24-2a1e-fd4a-7685-c3d195ff9230,82.46,1410,1593,0,0,73511,33,P0,500.00,Not Active,Not Active,Not Active,Not Active
2026/07/25 10:21:20.755,2026/07/25 10:21:20.740,2026/07/25 10:21:20.770,0,GPU-c5d32af0-0857-3b36-6541-1a688a9ec165,86.71,1410,1593,0,0,73511,34,P0,500.00,Not Active,Not Active,Not Active,Not Active
2026/07/25 10:21:20.755,2026/07/25 10:21:20.740,2026/07/25 10:21:20.770,1,GPU-713d5b24-2a1e-fd4a-7685-c3d195ff9230,82.21,1410,1593,0,0,73511,32,P0,500.00,Not Active,Not Active,Not Active,Not Active
2026/07/25 10:21:21.005,2026/07/25 10:21:20.990,2026/07/25 10:21:21.020,0,GPU-c5d32af0-0857-3b36-6541-1a688a9ec165,86.71,1410,1593,0,0,73511,34,P0,500.00,Not Active,Not Active,Not Active,Not Active
2026/07/25 10:21:21.005,2026/07/25 10:21:20.990,2026/07/25 10:21:21.020,1,GPU-713d5b24-2a1e-fd4a-7685-c3d195ff9230,82.12,1410,1593,0,0,73511,32,P0,500.00,Not Active,Not Active,Not Active,Not Active
2026/07/25 10:21:21.254,2026/07/25 10:21:21.240,2026/07/25 10:21:21.268,0,GPU-c5d32af0-0857-3b36-6541-1a688a9ec165,86.79,1410,1593,0,0,73511,34,P0,500.00,Not Active,Not Active,Not Active,Not Active
2026/07/25 10:21:21.254,2026/07/25 10:21:21.240,2026/07/25 10:21:21.268,1,GPU-713d5b24-2a1e-fd4a-7685-c3d195ff9230,82.12,1410,1593,0,0,73511,32,P0,500.00,Not Active,Not Active,Not Active,Not Active
2026/07/25 10:21:21.531,2026/07/25 10:21:21.490,2026/07/25 10:21:21.573,0,GPU-c5d32af0-0857-3b36-6541-1a688a9ec165,86.79,1410,1593,0,0,73511,34,P0,500.00,Not Active,Not Active,Not Active,Not Active
2026/07/25 10:21:21.531,2026/07/25 10:21:21.490,2026/07/25 10:21:21.573,1,GPU-713d5b24-2a1e-fd4a-7685-c3d195ff9230,82.12,1410,1593,0,0,73511,32,P0,500.00,Not Active,Not Active,Not Active,Not Active
2026/07/25 10:21:21.755,2026/07/25 10:21:21.740,2026/07/25 10:21:21.769,0,GPU-c5d32af0-0857-3b36-6541-1a688a9ec165,86.79,1410,1593,0,0,73511,34,P0,500.00,Not Active,Not Active,Not Active,Not Active
2026/07/25 10:21:21.755,2026/07/25 10:21:21.740,2026/07/25 10:21:21.769,1,GPU-713d5b24-2a1e-fd4a-7685-c3d195ff9230,83.05,1410,1593,0,0,73511,32,P0,500.00,Not Active,Not Active,Not Active,Not Active
2026/07/25 10:21:22.004,2026/07/25 10:21:21.990,2026/07/25 10:21:22.017,0,GPU-c5d32af0-0857-3b36-6541-1a688a9ec165,86.79,1410,1593,0,0,73511,34,P0,500.00,Not Active,Not Active,Not Active,Not Active
2026/07/25 10:21:22.004,2026/07/25 10:21:21.990,2026/07/25 10:21:22.017,1,GPU-713d5b24-2a1e-fd4a-7685-c3d195ff9230,83.05,1410,1593,0,0,73511,32,P0,500.00,Not Active,Not Active,Not Active,Not Active
2026/07/25 10:21:22.270,2026/07/25 10:21:22.240,2026/07/25 10:21:22.301,0,GPU-c5d32af0-0857-3b36-6541-1a688a9ec165,379.26,1410,1593,0,0,73511,43,P0,500.00,Not Active,Not Active,Not Active,Not Active
2026/07/25 10:21:22.270,2026/07/25 10:21:22.240,2026/07/25 10:21:22.301,1,GPU-713d5b24-2a1e-fd4a-7685-c3d195ff9230,83.38,1410,1593,0,0,73511,32,P0,500.00,Not Active,Not Active,Not Active,Not Active
2026/07/25 10:21:22.504,2026/07/25 10:21:22.490,2026/07/25 10:21:22.517,0,GPU-c5d32af0-0857-3b36-6541-1a688a9ec165,368.98,1410,1593,78,15,73511,46,P0,500.00,Not Active,Not Active,Not Active,Not Active
2026/07/25 10:21:22.504,2026/07/25 10:21:22.490,2026/07/25 10:21:22.517,1,GPU-713d5b24-2a1e-fd4a-7685-c3d195ff9230,83.05,1410,1593,0,0,73511,32,P0,500.00,Not Active,Not Active,Not Active,Not Active
2026/07/25 10:21:22.756,2026/07/25 10:21:22.740,2026/07/25 10:21:22.771,0,GPU-c5d32af0-0857-3b36-6541-1a688a9ec165,89.75,1410,1593,63,9,73511,38,P0,500.00,Not Active,Not Active,Not Active,Not Active
2026/07/25 10:21:22.756,2026/07/25 10:21:22.740,2026/07/25 10:21:22.771,1,GPU-713d5b24-2a1e-fd4a-7685-c3d195ff9230,115.19,1410,1593,39,11,73511,34,P0,500.00,Not Active,Not Active,Not Active,Not Active
2026/07/25 10:21:23.007,2026/07/25 10:21:22.990,2026/07/25 10:21:23.023,0,GPU-c5d32af0-0857-3b36-6541-1a688a9ec165,87.63,1410,1593,0,0,73511,36,P0,500.00,Not Active,Not Active,Not Active,Not Active
2026/07/25 10:21:23.007,2026/07/25 10:21:22.990,2026/07/25 10:21:23.023,1,GPU-713d5b24-2a1e-fd4a-7685-c3d195ff9230,246.56,1410,1593,100,53,73511,37,P0,500.00,Not Active,Not Active,Not Active,Not Active
2026/07/25 10:21:23.255,2026/07/25 10:21:23.240,2026/07/25 10:21:23.270,0,GPU-c5d32af0-0857-3b36-6541-1a688a9ec165,87.30,1410,1593,0,0,73511,35,P0,500.00,Not Active,Not Active,Not Active,Not Active
2026/07/25 10:21:23.255,2026/07/25 10:21:23.240,2026/07/25 10:21:23.270,1,GPU-713d5b24-2a1e-fd4a-7685-c3d195ff9230,246.49,1410,1593,100,53,73511,38,P0,500.00,Not Active,Not Active,Not Active,Not Active
2026/07/25 10:21:23.506,2026/07/25 10:21:23.490,2026/07/25 10:21:23.522,0,GPU-c5d32af0-0857-3b36-6541-1a688a9ec165,87.03,1410,1593,0,0,73511,35,P0,500.00,Not Active,Not Active,Not Active,Not Active
2026/07/25 10:21:23.506,2026/07/25 10:21:23.490,2026/07/25 10:21:23.522,1,GPU-713d5b24-2a1e-fd4a-7685-c3d195ff9230,244.09,1410,1593,100,53,73511,39,P0,500.00,Not Active,Not Active,Not Active,Not Active
2026/07/25 10:21:23.756,2026/07/25 10:21:23.740,2026/07/25 10:21:23.771,0,GPU-c5d32af0-0857-3b36-6541-1a688a9ec165,87.03,1410,1593,0,0,73511,35,P0,500.00,Not Active,Not Active,Not Active,Not Active
2026/07/25 10:21:23.756,2026/07/25 10:21:23.740,2026/07/25 10:21:23.771,1,GPU-713d5b24-2a1e-fd4a-7685-c3d195ff9230,241.72,1410,1593,100,52,73511,39,P0,500.00,Not Active,Not Active,Not Active,Not Active
2026/07/25 10:21:24.004,2026/07/25 10:21:23.990,2026/07/25 10:21:24.018,0,GPU-c5d32af0-0857-3b36-6541-1a688a9ec165,87.03,1410,1593,0,0,73511,35,P0,500.00,Not Active,Not Active,Not Active,Not Active
2026/07/25 10:21:24.004,2026/07/25 10:21:23.990,2026/07/25 10:21:24.018,1,GPU-713d5b24-2a1e-fd4a-7685-c3d195ff9230,245.64,1410,1593,100,53,73511,39,P0,500.00,Not Active,Not Active,Not Active,Not Active
2026/07/25 10:21:24.254,2026/07/25 10:21:24.240,2026/07/25 10:21:24.269,0,GPU-c5d32af0-0857-3b36-6541-1a688a9ec165,87.03,1410,1593,0,0,73511,35,P0,500.00,Not Active,Not Active,Not Active,Not Active
2026/07/25 10:21:24.254,2026/07/25 10:21:24.240,2026/07/25 10:21:24.269,1,GPU-713d5b24-2a1e-fd4a-7685-c3d195ff9230,83.05,1410,1593,14,7,73511,34,P0,500.00,Not Active,Not Active,Not Active,Not Active
2026/07/25 10:21:24.504,2026/07/25 10:21:24.490,2026/07/25 10:21:24.518,0,GPU-c5d32af0-0857-3b36-6541-1a688a9ec165,87.12,1410,1593,0,0,73511,35,P0,500.00,Not Active,Not Active,Not Active,Not Active
2026/07/25 10:21:24.504,2026/07/25 10:21:24.490,2026/07/25 10:21:24.518,1,GPU-713d5b24-2a1e-fd4a-7685-c3d195ff9230,83.05,1410,1593,0,0,73511,34,P0,500.00,Not Active,Not Active,Not Active,Not Active
2026/07/25 10:21:24.754,2026/07/25 10:21:24.740,2026/07/25 10:21:24.768,0,GPU-c5d32af0-0857-3b36-6541-1a688a9ec165,87.12,1410,1593,0,0,73511,35,P0,500.00,Not Active,Not Active,Not Active,Not Active
2026/07/25 10:21:24.754,2026/07/25 10:21:24.740,2026/07/25 10:21:24.768,1,GPU-713d5b24-2a1e-fd4a-7685-c3d195ff9230,82.78,1410,1593,0,0,73511,33,P0,500.00,Not Active,Not Active,Not Active,Not Active
2026/07/25 10:21:25.004,2026/07/25 10:21:24.990,2026/07/25 10:21:25.018,0,GPU-c5d32af0-0857-3b36-6541-1a688a9ec165,87.12,1410,1593,0,0,73511,35,P0,500.00,Not Active,Not Active,Not Active,Not Active
2026/07/25 10:21:25.004,2026/07/25 10:21:24.990,2026/07/25 10:21:25.018,1,GPU-713d5b24-2a1e-fd4a-7685-c3d195ff9230,82.54,1410,1593,0,0,73511,33,P0,500.00,Not Active,Not Active,Not Active,Not Active
2026/07/25 10:21:25.255,2026/07/25 10:21:25.240,2026/07/25 10:21:25.270,0,GPU-c5d32af0-0857-3b36-6541-1a688a9ec165,86.79,1410,1593,0,0,73511,35,P0,500.00,Not Active,Not Active,Not Active,Not Active
2026/07/25 10:21:25.255,2026/07/25 10:21:25.240,2026/07/25 10:21:25.270,1,GPU-713d5b24-2a1e-fd4a-7685-c3d195ff9230,83.74,1410,1593,0,0,73511,33,P0,500.00,Not Active,Not Active,Not Active,Not Active
2026/07/25 10:21:25.504,2026/07/25 10:21:25.490,2026/07/25 10:21:25.517,0,GPU-c5d32af0-0857-3b36-6541-1a688a9ec165,87.12,1410,1593,0,0,73511,34,P0,500.00,Not Active,Not Active,Not Active,Not Active
2026/07/25 10:21:25.504,2026/07/25 10:21:25.490,2026/07/25 10:21:25.517,1,GPU-713d5b24-2a1e-fd4a-7685-c3d195ff9230,83.66,1410,1593,0,0,73511,33,P0,500.00,Not Active,Not Active,Not Active,Not Active
2026/07/25 10:21:25.754,2026/07/25 10:21:25.740,2026/07/25 10:21:25.768,0,GPU-c5d32af0-0857-3b36-6541-1a688a9ec165,86.71,1410,1593,0,0,73511,34,P0,500.00,Not Active,Not Active,Not Active,Not Active
2026/07/25 10:21:25.754,2026/07/25 10:21:25.740,2026/07/25 10:21:25.768,1,GPU-713d5b24-2a1e-fd4a-7685-c3d195ff9230,83.38,1410,1593,0,0,73511,33,P0,500.00,Not Active,Not Active,Not Active,Not Active
2026/07/25 10:21:26.004,2026/07/25 10:21:25.990,2026/07/25 10:21:26.018,0,GPU-c5d32af0-0857-3b36-6541-1a688a9ec165,87.03,1410,1593,0,0,73511,34,P0,500.00,Not Active,Not Active,Not Active,Not Active
2026/07/25 10:21:26.004,2026/07/25 10:21:25.990,2026/07/25 10:21:26.018,1,GPU-713d5b24-2a1e-fd4a-7685-c3d195ff9230,83.38,1410,1593,0,0,73511,32,P0,500.00,Not Active,Not Active,Not Active,Not Active
2026/07/25 10:21:26.255,2026/07/25 10:21:26.240,2026/07/25 10:21:26.270,0,GPU-c5d32af0-0857-3b36-6541-1a688a9ec165,86.79,1410,1593,0,0,73511,34,P0,500.00,Not Active,Not Active,Not Active,Not Active
2026/07/25 10:21:26.255,2026/07/25 10:21:26.240,2026/07/25 10:21:26.270,1,GPU-713d5b24-2a1e-fd4a-7685-c3d195ff9230,83.46,1410,1593,0,0,73511,32,P0,500.00,Not Active,Not Active,Not Active,Not Active
2026/07/25 10:21:26.504,2026/07/25 10:21:26.490,2026/07/25 10:21:26.518,0,GPU-c5d32af0-0857-3b36-6541-1a688a9ec165,87.03,1410,1593,0,0,73511,34,P0,500.00,Not Active,Not Active,Not Active,Not Active
2026/07/25 10:21:26.504,2026/07/25 10:21:26.490,2026/07/25 10:21:26.518,1,GPU-713d5b24-2a1e-fd4a-7685-c3d195ff9230,83.38,1410,1593,0,0,73511,32,P0,500.00,Not Active,Not Active,Not Active,Not Active
2026/07/25 10:21:26.754,2026/07/25 10:21:26.740,2026/07/25 10:21:26.768,0,GPU-c5d32af0-0857-3b36-6541-1a688a9ec165,87.03,1410,1593,0,0,73511,34,P0,500.00,Not Active,Not Active,Not Active,Not Active
2026/07/25 10:21:26.754,2026/07/25 10:21:26.740,2026/07/25 10:21:26.768,1,GPU-713d5b24-2a1e-fd4a-7685-c3d195ff9230,83.38,1410,1593,0,0,73511,32,P0,500.00,Not Active,Not Active,Not Active,Not Active
2026/07/25 10:21:27.004,2026/07/25 10:21:26.990,2026/07/25 10:21:27.017,0,GPU-c5d32af0-0857-3b36-6541-1a688a9ec165,87.12,1410,1593,0,0,73511,34,P0,500.00,Not Active,Not Active,Not Active,Not Active
2026/07/25 10:21:27.004,2026/07/25 10:21:26.990,2026/07/25 10:21:27.017,1,GPU-713d5b24-2a1e-fd4a-7685-c3d195ff9230,83.46,1410,1593,0,0,73511,32,P0,500.00,Not Active,Not Active,Not Active,Not Active
2026/07/25 10:21:27.274,2026/07/25 10:21:27.240,2026/07/25 10:21:27.307,0,GPU-c5d32af0-0857-3b36-6541-1a688a9ec165,369.58,1410,1593,0,0,73511,44,P0,500.00,Not Active,Not Active,Not Active,Not Active
2026/07/25 10:21:27.274,2026/07/25 10:21:27.240,2026/07/25 10:21:27.307,1,GPU-713d5b24-2a1e-fd4a-7685-c3d195ff9230,83.38,1410,1593,0,0,73511,32,P0,500.00,Not Active,Not Active,Not Active,Not Active
2026/07/25 10:21:27.505,2026/07/25 10:21:27.490,2026/07/25 10:21:27.521,0,GPU-c5d32af0-0857-3b36-6541-1a688a9ec165,375.94,1410,1593,100,15,73511,46,P0,500.00,Not Active,Not Active,Not Active,Not Active
2026/07/25 10:21:27.505,2026/07/25 10:21:27.490,2026/07/25 10:21:27.521,1,GPU-713d5b24-2a1e-fd4a-7685-c3d195ff9230,83.38,1410,1593,0,0,73511,32,P0,500.00,Not Active,Not Active,Not Active,Not Active
2026/07/25 10:21:27.756,2026/07/25 10:21:27.740,2026/07/25 10:21:27.771,0,GPU-c5d32af0-0857-3b36-6541-1a688a9ec165,89.85,1410,1593,59,8,73511,40,P0,500.00,Not Active,Not Active,Not Active,Not Active
2026/07/25 10:21:27.756,2026/07/25 10:21:27.740,2026/07/25 10:21:27.771,1,GPU-713d5b24-2a1e-fd4a-7685-c3d195ff9230,208.32,1410,1593,0,0,73511,32,P0,500.00,Not Active,Not Active,Not Active,Not Active
2026/07/25 10:21:28.019,2026/07/25 10:21:27.990,2026/07/25 10:21:28.047,0,GPU-c5d32af0-0857-3b36-6541-1a688a9ec165,91.37,1410,1593,0,0,73511,37,P0,500.00,Not Active,Not Active,Not Active,Not Active
2026/07/25 10:21:28.019,2026/07/25 10:21:27.990,2026/07/25 10:21:28.047,1,GPU-713d5b24-2a1e-fd4a-7685-c3d195ff9230,240.77,1410,1593,100,52,73511,37,P0,500.00,Not Active,Not Active,Not Active,Not Active
2026/07/25 10:21:28.256,2026/07/25 10:21:28.240,2026/07/25 10:21:28.271,0,GPU-c5d32af0-0857-3b36-6541-1a688a9ec165,87.63,1410,1593,0,0,73511,36,P0,500.00,Not Active,Not Active,Not Active,Not Active
2026/07/25 10:21:28.256,2026/07/25 10:21:28.240,2026/07/25 10:21:28.271,1,GPU-713d5b24-2a1e-fd4a-7685-c3d195ff9230,247.76,1410,1593,100,53,73511,38,P0,500.00,Not Active,Not Active,Not Active,Not Active
2026/07/25 10:21:28.505,2026/07/25 10:21:28.490,2026/07/25 10:21:28.519,0,GPU-c5d32af0-0857-3b36-6541-1a688a9ec165,87.30,1410,1593,0,0,73511,35,P0,500.00,Not Active,Not Active,Not Active,Not Active
2026/07/25 10:21:28.505,2026/07/25 10:21:28.490,2026/07/25 10:21:28.519,1,GPU-713d5b24-2a1e-fd4a-7685-c3d195ff9230,239.85,1410,1593,100,52,73511,39,P0,500.00,Not Active,Not Active,Not Active,Not Active
2026/07/25 10:21:28.755,2026/07/25 10:21:28.740,2026/07/25 10:21:28.771,0,GPU-c5d32af0-0857-3b36-6541-1a688a9ec165,87.30,1410,1593,0,0,73511,35,P0,500.00,Not Active,Not Active,Not Active,Not Active
2026/07/25 10:21:28.755,2026/07/25 10:21:28.740,2026/07/25 10:21:28.771,1,GPU-713d5b24-2a1e-fd4a-7685-c3d195ff9230,237.16,1410,1593,100,52,73511,39,P0,500.00,Not Active,Not Active,Not Active,Not Active
2026/07/25 10:21:29.005,2026/07/25 10:21:28.990,2026/07/25 10:21:29.020,0,GPU-c5d32af0-0857-3b36-6541-1a688a9ec165,87.30,1410,1593,0,0,73511,35,P0,500.00,Not Active,Not Active,Not Active,Not Active
2026/07/25 10:21:29.005,2026/07/25 10:21:28.990,2026/07/25 10:21:29.020,1,GPU-713d5b24-2a1e-fd4a-7685-c3d195ff9230,241.97,1410,1593,100,53,73511,39,P0,500.00,Not Active,Not Active,Not Active,Not Active
2026/07/25 10:21:29.255,2026/07/25 10:21:29.240,2026/07/25 10:21:29.270,0,GPU-c5d32af0-0857-3b36-6541-1a688a9ec165,87.12,1410,1593,0,0,73511,35,P0,500.00,Not Active,Not Active,Not Active,Not Active
2026/07/25 10:21:29.255,2026/07/25 10:21:29.240,2026/07/25 10:21:29.270,1,GPU-713d5b24-2a1e-fd4a-7685-c3d195ff9230,83.66,1410,1593,34,18,73511,35,P0,500.00,Not Active,Not Active,Not Active,Not Active
2026/07/25 10:21:29.504,2026/07/25 10:21:29.490,2026/07/25 10:21:29.518,0,GPU-c5d32af0-0857-3b36-6541-1a688a9ec165,87.30,1410,1593,0,0,73511,35,P0,500.00,Not Active,Not Active,Not Active,Not Active
2026/07/25 10:21:29.504,2026/07/25 10:21:29.490,2026/07/25 10:21:29.518,1,GPU-713d5b24-2a1e-fd4a-7685-c3d195ff9230,83.05,1410,1593,0,0,73511,34,P0,500.00,Not Active,Not Active,Not Active,Not Active
2026/07/25 10:21:29.756,2026/07/25 10:21:29.740,2026/07/25 10:21:29.772,0,GPU-c5d32af0-0857-3b36-6541-1a688a9ec165,87.39,1410,1593,0,0,73511,35,P0,500.00,Not Active,Not Active,Not Active,Not Active
2026/07/25 10:21:29.756,2026/07/25 10:21:29.740,2026/07/25 10:21:29.772,1,GPU-713d5b24-2a1e-fd4a-7685-c3d195ff9230,82.78,1410,1593,0,0,73511,34,P0,500.00,Not Active,Not Active,Not Active,Not Active
2026/07/25 10:21:30.004,2026/07/25 10:21:29.990,2026/07/25 10:21:30.018,0,GPU-c5d32af0-0857-3b36-6541-1a688a9ec165,87.12,1410,1593,0,0,73511,35,P0,500.00,Not Active,Not Active,Not Active,Not Active
2026/07/25 10:21:30.004,2026/07/25 10:21:29.990,2026/07/25 10:21:30.018,1,GPU-713d5b24-2a1e-fd4a-7685-c3d195ff9230,82.78,1410,1593,0,0,73511,33,P0,500.00,Not Active,Not Active,Not Active,Not Active
2026/07/25 10:21:30.255,2026/07/25 10:21:30.240,2026/07/25 10:21:30.269,0,GPU-c5d32af0-0857-3b36-6541-1a688a9ec165,87.39,1410,1593,0,0,73511,35,P0,500.00,Not Active,Not Active,Not Active,Not Active
2026/07/25 10:21:30.255,2026/07/25 10:21:30.240,2026/07/25 10:21:30.269,1,GPU-713d5b24-2a1e-fd4a-7685-c3d195ff9230,82.54,1410,1593,0,0,73511,33,P0,500.00,Not Active,Not Active,Not Active,Not Active
2026/07/25 10:21:30.504,2026/07/25 10:21:30.490,2026/07/25 10:21:30.518,0,GPU-c5d32af0-0857-3b36-6541-1a688a9ec165,87.12,1410,1593,0,0,73511,35,P0,500.00,Not Active,Not Active,Not Active,Not Active
2026/07/25 10:21:30.504,2026/07/25 10:21:30.490,2026/07/25 10:21:30.518,1,GPU-713d5b24-2a1e-fd4a-7685-c3d195ff9230,83.66,1410,1593,0,0,73511,33,P0,500.00,Not Active,Not Active,Not Active,Not Active
2026/07/25 10:21:30.754,2026/07/25 10:21:30.740,2026/07/25 10:21:30.767,0,GPU-c5d32af0-0857-3b36-6541-1a688a9ec165,87.12,1410,1593,0,0,73511,35,P0,500.00,Not Active,Not Active,Not Active,Not Active
2026/07/25 10:21:30.754,2026/07/25 10:21:30.740,2026/07/25 10:21:30.767,1,GPU-713d5b24-2a1e-fd4a-7685-c3d195ff9230,83.66,1410,1593,0,0,73511,33,P0,500.00,Not Active,Not Active,Not Active,Not Active
2026/07/25 10:21:31.005,2026/07/25 10:21:30.990,2026/07/25 10:21:31.020,0,GPU-c5d32af0-0857-3b36-6541-1a688a9ec165,87.12,1410,1593,0,0,73511,35,P0,500.00,Not Active,Not Active,Not Active,Not Active
2026/07/25 10:21:31.005,2026/07/25 10:21:30.990,2026/07/25 10:21:31.020,1,GPU-713d5b24-2a1e-fd4a-7685-c3d195ff9230,83.38,1410,1593,0,0,73511,33,P0,500.00,Not Active,Not Active,Not Active,Not Active
2026/07/25 10:21:31.255,2026/07/25 10:21:31.240,2026/07/25 10:21:31.270,0,GPU-c5d32af0-0857-3b36-6541-1a688a9ec165,87.12,1410,1593,0,0,73511,35,P0,500.00,Not Active,Not Active,Not Active,Not Active
2026/07/25 10:21:31.255,2026/07/25 10:21:31.240,2026/07/25 10:21:31.270,1,GPU-713d5b24-2a1e-fd4a-7685-c3d195ff9230,83.66,1410,1593,0,0,73511,33,P0,500.00,Not Active,Not Active,Not Active,Not Active
2026/07/25 10:21:31.504,2026/07/25 10:21:31.490,2026/07/25 10:21:31.519,0,GPU-c5d32af0-0857-3b36-6541-1a688a9ec165,87.03,1410,1593,0,0,73511,35,P0,500.00,Not Active,Not Active,Not Active,Not Active
2026/07/25 10:21:31.504,2026/07/25 10:21:31.490,2026/07/25 10:21:31.519,1,GPU-713d5b24-2a1e-fd4a-7685-c3d195ff9230,83.66,1410,1593,0,0,73511,33,P0,500.00,Not Active,Not Active,Not Active,Not Active
2026/07/25 10:21:31.754,2026/07/25 10:21:31.740,2026/07/25 10:21:31.768,0,GPU-c5d32af0-0857-3b36-6541-1a688a9ec165,87.12,1410,1593,0,0,73511,34,P0,500.00,Not Active,Not Active,Not Active,Not Active
2026/07/25 10:21:31.754,2026/07/25 10:21:31.740,2026/07/25 10:21:31.768,1,GPU-713d5b24-2a1e-fd4a-7685-c3d195ff9230,83.74,1410,1593,0,0,73511,32,P0,500.00,Not Active,Not Active,Not Active,Not Active
2026/07/25 10:21:32.004,2026/07/25 10:21:31.990,2026/07/25 10:21:32.018,0,GPU-c5d32af0-0857-3b36-6541-1a688a9ec165,87.03,1410,1593,0,0,73511,34,P0,500.00,Not Active,Not Active,Not Active,Not Active
2026/07/25 10:21:32.004,2026/07/25 10:21:31.990,2026/07/25 10:21:32.018,1,GPU-713d5b24-2a1e-fd4a-7685-c3d195ff9230,83.38,1410,1593,0,0,73511,32,P0,500.00,Not Active,Not Active,Not Active,Not Active
2026/07/25 10:21:32.257,2026/07/25 10:21:32.240,2026/07/25 10:21:32.273,0,GPU-c5d32af0-0857-3b36-6541-1a688a9ec165,380.78,1410,1593,2,1,73511,44,P0,500.00,Not Active,Not Active,Not Active,Not Active
2026/07/25 10:21:32.257,2026/07/25 10:21:32.240,2026/07/25 10:21:32.273,1,GPU-713d5b24-2a1e-fd4a-7685-c3d195ff9230,83.38,1410,1593,0,0,73511,32,P0,500.00,Not Active,Not Active,Not Active,Not Active
2026/07/25 10:21:32.504,2026/07/25 10:21:32.490,2026/07/25 10:21:32.519,0,GPU-c5d32af0-0857-3b36-6541-1a688a9ec165,368.27,1410,1593,100,14,73511,47,P0,500.00,Not Active,Not Active,Not Active,Not Active
2026/07/25 10:21:32.504,2026/07/25 10:21:32.490,2026/07/25 10:21:32.519,1,GPU-713d5b24-2a1e-fd4a-7685-c3d195ff9230,83.57,1410,1593,0,0,73511,32,P0,500.00,Not Active,Not Active,Not Active,Not Active
2026/07/25 10:21:32.758,2026/07/25 10:21:32.740,2026/07/25 10:21:32.775,0,GPU-c5d32af0-0857-3b36-6541-1a688a9ec165,357.12,1410,1593,100,12,73511,47,P0,500.00,Not Active,Not Active,Not Active,Not Active
2026/07/25 10:21:32.758,2026/07/25 10:21:32.740,2026/07/25 10:21:32.775,1,GPU-713d5b24-2a1e-fd4a-7685-c3d195ff9230,83.38,1410,1593,0,0,73511,32,P0,500.00,Not Active,Not Active,Not Active,Not Active
2026/07/25 10:21:33.006,2026/07/25 10:21:32.990,2026/07/25 10:21:33.021,0,GPU-c5d32af0-0857-3b36-6541-1a688a9ec165,90.02,1410,1593,49,6,73511,38,P0,500.00,Not Active,Not Active,Not Active,Not Active
2026/07/25 10:21:33.006,2026/07/25 10:21:32.990,2026/07/25 10:21:33.021,1,GPU-713d5b24-2a1e-fd4a-7685-c3d195ff9230,174.66,1410,1593,48,12,73511,35,P0,500.00,Not Active,Not Active,Not Active,Not Active
2026/07/25 10:21:33.256,2026/07/25 10:21:33.240,2026/07/25 10:21:33.272,0,GPU-c5d32af0-0857-3b36-6541-1a688a9ec165,88.50,1410,1593,0,0,73511,37,P0,500.00,Not Active,Not Active,Not Active,Not Active
2026/07/25 10:21:33.256,2026/07/25 10:21:33.240,2026/07/25 10:21:33.272,1,GPU-713d5b24-2a1e-fd4a-7685-c3d195ff9230,242.32,1410,1593,100,52,73511,37,P0,500.00,Not Active,Not Active,Not Active,Not Active
2026/07/25 10:21:33.507,2026/07/25 10:21:33.490,2026/07/25 10:21:33.523,0,GPU-c5d32af0-0857-3b36-6541-1a688a9ec165,87.63,1410,1593,0,0,73511,36,P0,500.00,Not Active,Not Active,Not Active,Not Active
2026/07/25 10:21:33.507,2026/07/25 10:21:33.490,2026/07/25 10:21:33.523,1,GPU-713d5b24-2a1e-fd4a-7685-c3d195ff9230,243.52,1410,1593,100,52,73511,38,P0,500.00,Not Active,Not Active,Not Active,Not Active
2026/07/25 10:21:33.756,2026/07/25 10:21:33.740,2026/07/25 10:21:33.772,0,GPU-c5d32af0-0857-3b36-6541-1a688a9ec165,87.63,1410,1593,0,0,73511,36,P0,500.00,Not Active,Not Active,Not Active,Not Active
2026/07/25 10:21:33.756,2026/07/25 10:21:33.740,2026/07/25 10:21:33.772,1,GPU-713d5b24-2a1e-fd4a-7685-c3d195ff9230,242.32,1410,1593,100,52,73511,39,P0,500.00,Not Active,Not Active,Not Active,Not Active
2026/07/25 10:21:34.005,2026/07/25 10:21:33.990,2026/07/25 10:21:34.020,0,GPU-c5d32af0-0857-3b36-6541-1a688a9ec165,87.72,1410,1593,0,0,73511,35,P0,500.00,Not Active,Not Active,Not Active,Not Active
2026/07/25 10:21:34.005,2026/07/25 10:21:33.990,2026/07/25 10:21:34.020,1,GPU-713d5b24-2a1e-fd4a-7685-c3d195ff9230,86.71,1410,1593,55,29,73511,36,P0,500.00,Not Active,Not Active,Not Active,Not Active
2026/07/25 10:21:34.254,2026/07/25 10:21:34.240,2026/07/25 10:21:34.268,0,GPU-c5d32af0-0857-3b36-6541-1a688a9ec165,87.39,1410,1593,0,0,73511,35,P0,500.00,Not Active,Not Active,Not Active,Not Active
2026/07/25 10:21:34.254,2026/07/25 10:21:34.240,2026/07/25 10:21:34.268,1,GPU-713d5b24-2a1e-fd4a-7685-c3d195ff9230,83.14,1410,1593,0,0,73511,34,P0,500.00,Not Active,Not Active,Not Active,Not Active
2026/07/25 10:21:34.505,2026/07/25 10:21:34.490,2026/07/25 10:21:34.520,0,GPU-c5d32af0-0857-3b36-6541-1a688a9ec165,87.30,1410,1593,0,0,73511,35,P0,500.00,Not Active,Not Active,Not Active,Not Active
2026/07/25 10:21:34.505,2026/07/25 10:21:34.490,2026/07/25 10:21:34.520,1,GPU-713d5b24-2a1e-fd4a-7685-c3d195ff9230,83.05,1410,1593,0,0,73511,34,P0,500.00,Not Active,Not Active,Not Active,Not Active
2026/07/25 10:21:34.755,2026/07/25 10:21:34.740,2026/07/25 10:21:34.769,0,GPU-c5d32af0-0857-3b36-6541-1a688a9ec165,87.30,1410,1593,0,0,73511,35,P0,500.00,Not Active,Not Active,Not Active,Not Active
2026/07/25 10:21:34.755,2026/07/25 10:21:34.740,2026/07/25 10:21:34.769,1,GPU-713d5b24-2a1e-fd4a-7685-c3d195ff9230,82.78,1410,1593,0,0,73511,33,P0,500.00,Not Active,Not Active,Not Active,Not Active
2026/07/25 10:21:35.012,2026/07/25 10:21:34.990,2026/07/25 10:21:35.034,0,GPU-c5d32af0-0857-3b36-6541-1a688a9ec165,87.30,1410,1593,0,0,73511,35,P0,500.00,Not Active,Not Active,Not Active,Not Active
2026/07/25 10:21:35.012,2026/07/25 10:21:34.990,2026/07/25 10:21:35.034,1,GPU-713d5b24-2a1e-fd4a-7685-c3d195ff9230,82.46,1410,1593,0,0,73511,33,P0,500.00,Not Active,Not Active,Not Active,Not Active
2026/07/25 10:21:35.255,2026/07/25 10:21:35.240,2026/07/25 10:21:35.269,0,GPU-c5d32af0-0857-3b36-6541-1a688a9ec165,87.39,1410,1593,0,0,73511,35,P0,500.00,Not Active,Not Active,Not Active,Not Active
2026/07/25 10:21:35.255,2026/07/25 10:21:35.240,2026/07/25 10:21:35.269,1,GPU-713d5b24-2a1e-fd4a-7685-c3d195ff9230,83.66,1410,1593,0,0,73511,33,P0,500.00,Not Active,Not Active,Not Active,Not Active
2026/07/25 10:21:35.505,2026/07/25 10:21:35.490,2026/07/25 10:21:35.519,0,GPU-c5d32af0-0857-3b36-6541-1a688a9ec165,87.30,1410,1593,0,0,73511,35,P0,500.00,Not Active,Not Active,Not Active,Not Active
2026/07/25 10:21:35.505,2026/07/25 10:21:35.490,2026/07/25 10:21:35.519,1,GPU-713d5b24-2a1e-fd4a-7685-c3d195ff9230,83.74,1410,1593,0,0,73511,33,P0,500.00,Not Active,Not Active,Not Active,Not Active
2026/07/25 10:21:35.754,2026/07/25 10:21:35.740,2026/07/25 10:21:35.769,0,GPU-c5d32af0-0857-3b36-6541-1a688a9ec165,87.39,1410,1593,0,0,73511,35,P0,500.00,Not Active,Not Active,Not Active,Not Active
2026/07/25 10:21:35.754,2026/07/25 10:21:35.740,2026/07/25 10:21:35.769,1,GPU-713d5b24-2a1e-fd4a-7685-c3d195ff9230,83.74,1410,1593,0,0,73511,33,P0,500.00,Not Active,Not Active,Not Active,Not Active
2026/07/25 10:21:36.005,2026/07/25 10:21:35.990,2026/07/25 10:21:36.020,0,GPU-c5d32af0-0857-3b36-6541-1a688a9ec165,87.39,1410,1593,0,0,73511,35,P0,500.00,Not Active,Not Active,Not Active,Not Active
2026/07/25 10:21:36.005,2026/07/25 10:21:35.990,2026/07/25 10:21:36.020,1,GPU-713d5b24-2a1e-fd4a-7685-c3d195ff9230,83.74,1410,1593,0,0,73511,33,P0,500.00,Not Active,Not Active,Not Active,Not Active
2026/07/25 10:21:36.255,2026/07/25 10:21:36.240,2026/07/25 10:21:36.269,0,GPU-c5d32af0-0857-3b36-6541-1a688a9ec165,87.12,1410,1593,0,0,73511,35,P0,500.00,Not Active,Not Active,Not Active,Not Active
2026/07/25 10:21:36.255,2026/07/25 10:21:36.240,2026/07/25 10:21:36.269,1,GPU-713d5b24-2a1e-fd4a-7685-c3d195ff9230,83.38,1410,1593,0,0,73511,32,P0,500.00,Not Active,Not Active,Not Active,Not Active
2026/07/25 10:21:36.504,2026/07/25 10:21:36.490,2026/07/25 10:21:36.519,0,GPU-c5d32af0-0857-3b36-6541-1a688a9ec165,87.12,1410,1593,0,0,73511,35,P0,500.00,Not Active,Not Active,Not Active,Not Active
2026/07/25 10:21:36.504,2026/07/25 10:21:36.490,2026/07/25 10:21:36.519,1,GPU-713d5b24-2a1e-fd4a-7685-c3d195ff9230,83.74,1410,1593,0,0,73511,32,P0,500.00,Not Active,Not Active,Not Active,Not Active
2026/07/25 10:21:36.755,2026/07/25 10:21:36.740,2026/07/25 10:21:36.770,0,GPU-c5d32af0-0857-3b36-6541-1a688a9ec165,87.30,1410,1593,0,0,73511,35,P0,500.00,Not Active,Not Active,Not Active,Not Active
2026/07/25 10:21:36.755,2026/07/25 10:21:36.740,2026/07/25 10:21:36.770,1,GPU-713d5b24-2a1e-fd4a-7685-c3d195ff9230,83.38,1410,1593,0,0,73511,32,P0,500.00,Not Active,Not Active,Not Active,Not Active
2026/07/25 10:21:37.005,2026/07/25 10:21:36.990,2026/07/25 10:21:37.019,0,GPU-c5d32af0-0857-3b36-6541-1a688a9ec165,87.03,1410,1593,0,0,73511,35,P0,500.00,Not Active,Not Active,Not Active,Not Active
2026/07/25 10:21:37.005,2026/07/25 10:21:36.990,2026/07/25 10:21:37.019,1,GPU-713d5b24-2a1e-fd4a-7685-c3d195ff9230,83.66,1410,1593,0,0,73511,32,P0,500.00,Not Active,Not Active,Not Active,Not Active
2026/07/25 10:21:37.256,2026/07/25 10:21:37.240,2026/07/25 10:21:37.271,0,GPU-c5d32af0-0857-3b36-6541-1a688a9ec165,373.49,1410,1593,22,4,73511,43,P0,500.00,Not Active,Not Active,Not Active,Not Active
2026/07/25 10:21:37.256,2026/07/25 10:21:37.240,2026/07/25 10:21:37.271,1,GPU-713d5b24-2a1e-fd4a-7685-c3d195ff9230,83.66,1410,1593,0,0,73511,32,P0,500.00,Not Active,Not Active,Not Active,Not Active
2026/07/25 10:21:37.505,2026/07/25 10:21:37.490,2026/07/25 10:21:37.519,0,GPU-c5d32af0-0857-3b36-6541-1a688a9ec165,368.05,1410,1593,100,17,73511,47,P0,500.00,Not Active,Not Active,Not Active,Not Active
2026/07/25 10:21:37.505,2026/07/25 10:21:37.490,2026/07/25 10:21:37.519,1,GPU-713d5b24-2a1e-fd4a-7685-c3d195ff9230,83.38,1410,1593,0,0,73511,32,P0,500.00,Not Active,Not Active,Not Active,Not Active
2026/07/25 10:21:37.757,2026/07/25 10:21:37.740,2026/07/25 10:21:37.775,0,GPU-c5d32af0-0857-3b36-6541-1a688a9ec165,354.40,1410,1593,94,12,73511,43,P0,500.00,Not Active,Not Active,Not Active,Not Active
2026/07/25 10:21:37.757,2026/07/25 10:21:37.740,2026/07/25 10:21:37.775,1,GPU-713d5b24-2a1e-fd4a-7685-c3d195ff9230,83.38,1410,1593,0,0,73511,32,P0,500.00,Not Active,Not Active,Not Active,Not Active
2026/07/25 10:21:38.007,2026/07/25 10:21:37.990,2026/07/25 10:21:38.023,0,GPU-c5d32af0-0857-3b36-6541-1a688a9ec165,89.43,1410,1593,0,0,73511,38,P0,500.00,Not Active,Not Active,Not Active,Not Active
2026/07/25 10:21:38.007,2026/07/25 10:21:37.990,2026/07/25 10:21:38.023,1,GPU-713d5b24-2a1e-fd4a-7685-c3d195ff9230,240.20,1410,1593,23,0,73511,36,P0,500.00,Not Active,Not Active,Not Active,Not Active
2026/07/25 10:21:38.256,2026/07/25 10:21:38.240,2026/07/25 10:21:38.272,0,GPU-c5d32af0-0857-3b36-6541-1a688a9ec165,88.82,1410,1593,0,0,73511,37,P0,500.00,Not Active,Not Active,Not Active,Not Active
2026/07/25 10:21:38.256,2026/07/25 10:21:38.240,2026/07/25 10:21:38.272,1,GPU-713d5b24-2a1e-fd4a-7685-c3d195ff9230,239.85,1410,1593,100,52,73511,38,P0,500.00,Not Active,Not Active,Not Active,Not Active
2026/07/25 10:21:38.507,2026/07/25 10:21:38.490,2026/07/25 10:21:38.523,0,GPU-c5d32af0-0857-3b36-6541-1a688a9ec165,88.23,1410,1593,0,0,73511,36,P0,500.00,Not Active,Not Active,Not Active,Not Active
2026/07/25 10:21:38.507,2026/07/25 10:21:38.490,2026/07/25 10:21:38.523,1,GPU-713d5b24-2a1e-fd4a-7685-c3d195ff9230,242.92,1410,1593,100,52,73511,39,P0,500.00,Not Active,Not Active,Not Active,Not Active
2026/07/25 10:21:38.755,2026/07/25 10:21:38.740,2026/07/25 10:21:38.770,0,GPU-c5d32af0-0857-3b36-6541-1a688a9ec165,88.23,1410,1593,0,0,73511,36,P0,500.00,Not Active,Not Active,Not Active,Not Active
2026/07/25 10:21:38.755,2026/07/25 10:21:38.740,2026/07/25 10:21:38.770,1,GPU-713d5b24-2a1e-fd4a-7685-c3d195ff9230,244.09,1410,1593,100,52,73511,39,P0,500.00,Not Active,Not Active,Not Active,Not Active
2026/07/25 10:21:39.007,2026/07/25 10:21:38.990,2026/07/25 10:21:39.024,0,GPU-c5d32af0-0857-3b36-6541-1a688a9ec165,88.23,1410,1593,0,0,73511,36,P0,500.00,Not Active,Not Active,Not Active,Not Active
2026/07/25 10:21:39.007,2026/07/25 10:21:38.990,2026/07/25 10:21:39.024,1,GPU-713d5b24-2a1e-fd4a-7685-c3d195ff9230,237.73,1410,1593,100,52,73511,39,P0,500.00,Not Active,Not Active,Not Active,Not Active
2026/07/25 10:21:39.257,2026/07/25 10:21:39.240,2026/07/25 10:21:39.274,0,GPU-c5d32af0-0857-3b36-6541-1a688a9ec165,88.23,1410,1593,0,0,73511,35,P0,500.00,Not Active,Not Active,Not Active,Not Active
2026/07/25 10:21:39.257,2026/07/25 10:21:39.240,2026/07/25 10:21:39.274,1,GPU-713d5b24-2a1e-fd4a-7685-c3d195ff9230,238.08,1410,1593,99,52,73511,40,P0,500.00,Not Active,Not Active,Not Active,Not Active
2026/07/25 10:21:39.505,2026/07/25 10:21:39.490,2026/07/25 10:21:39.520,0,GPU-c5d32af0-0857-3b36-6541-1a688a9ec165,88.23,1410,1593,0,0,73511,35,P0,500.00,Not Active,Not Active,Not Active,Not Active
2026/07/25 10:21:39.505,2026/07/25 10:21:39.490,2026/07/25 10:21:39.520,1,GPU-713d5b24-2a1e-fd4a-7685-c3d195ff9230,115.84,1410,1593,71,37,73511,37,P0,500.00,Not Active,Not Active,Not Active,Not Active
2026/07/25 10:21:39.754,2026/07/25 10:21:39.740,2026/07/25 10:21:39.768,0,GPU-c5d32af0-0857-3b36-6541-1a688a9ec165,88.23,1410,1593,0,0,73511,35,P0,500.00,Not Active,Not Active,Not Active,Not Active
2026/07/25 10:21:39.754,2026/07/25 10:21:39.740,2026/07/25 10:21:39.768,1,GPU-713d5b24-2a1e-fd4a-7685-c3d195ff9230,83.38,1410,1593,0,0,73511,35,P0,500.00,Not Active,Not Active,Not Active,Not Active
2026/07/25 10:21:40.005,2026/07/25 10:21:39.990,2026/07/25 10:21:40.019,0,GPU-c5d32af0-0857-3b36-6541-1a688a9ec165,87.90,1410,1593,0,0,73511,35,P0,500.00,Not Active,Not Active,Not Active,Not Active
2026/07/25 10:21:40.005,2026/07/25 10:21:39.990,2026/07/25 10:21:40.019,1,GPU-713d5b24-2a1e-fd4a-7685-c3d195ff9230,83.05,1410,1593,0,0,73511,34,P0,500.00,Not Active,Not Active,Not Active,Not Active
2026/07/25 10:21:40.263,2026/07/25 10:21:40.240,2026/07/25 10:21:40.286,0,GPU-c5d32af0-0857-3b36-6541-1a688a9ec165,88.23,1410,1593,0,0,73511,35,P0,500.00,Not Active,Not Active,Not Active,Not Active
2026/07/25 10:21:40.263,2026/07/25 10:21:40.240,2026/07/25 10:21:40.286,1,GPU-713d5b24-2a1e-fd4a-7685-c3d195ff9230,82.78,1410,1593,0,0,73511,33,P0,500.00,Not Active,Not Active,Not Active,Not Active
2026/07/25 10:21:40.503,2026/07/25 10:21:40.490,2026/07/25 10:21:40.517,0,GPU-c5d32af0-0857-3b36-6541-1a688a9ec165,88.00,1410,1593,0,0,73511,35,P0,500.00,Not Active,Not Active,Not Active,Not Active
2026/07/25 10:21:40.503,2026/07/25 10:21:40.490,2026/07/25 10:21:40.517,1,GPU-713d5b24-2a1e-fd4a-7685-c3d195ff9230,83.66,1410,1593,0,0,73511,33,P0,500.00,Not Active,Not Active,Not Active,Not Active
2026/07/25 10:21:40.754,2026/07/25 10:21:40.740,2026/07/25 10:21:40.768,0,GPU-c5d32af0-0857-3b36-6541-1a688a9ec165,88.00,1410,1593,0,0,73511,35,P0,500.00,Not Active,Not Active,Not Active,Not Active
2026/07/25 10:21:40.754,2026/07/25 10:21:40.740,2026/07/25 10:21:40.768,1,GPU-713d5b24-2a1e-fd4a-7685-c3d195ff9230,83.98,1410,1593,0,0,73511,33,P0,500.00,Not Active,Not Active,Not Active,Not Active
2026/07/25 10:21:41.005,2026/07/25 10:21:40.990,2026/07/25 10:21:41.019,0,GPU-c5d32af0-0857-3b36-6541-1a688a9ec165,87.90,1410,1593,0,0,73511,35,P0,500.00,Not Active,Not Active,Not Active,Not Active
2026/07/25 10:21:41.005,2026/07/25 10:21:40.990,2026/07/25 10:21:41.019,1,GPU-713d5b24-2a1e-fd4a-7685-c3d195ff9230,83.66,1410,1593,0,0,73511,33,P0,500.00,Not Active,Not Active,Not Active,Not Active
2026/07/25 10:21:41.254,2026/07/25 10:21:41.240,2026/07/25 10:21:41.268,0,GPU-c5d32af0-0857-3b36-6541-1a688a9ec165,88.00,1410,1593,0,0,73511,35,P0,500.00,Not Active,Not Active,Not Active,Not Active
2026/07/25 10:21:41.254,2026/07/25 10:21:41.240,2026/07/25 10:21:41.268,1,GPU-713d5b24-2a1e-fd4a-7685-c3d195ff9230,83.66,1410,1593,0,0,73511,33,P0,500.00,Not Active,Not Active,Not Active,Not Active
2026/07/25 10:21:41.504,2026/07/25 10:21:41.490,2026/07/25 10:21:41.517,0,GPU-c5d32af0-0857-3b36-6541-1a688a9ec165,88.00,1410,1593,0,0,73511,35,P0,500.00,Not Active,Not Active,Not Active,Not Active
2026/07/25 10:21:41.504,2026/07/25 10:21:41.490,2026/07/25 10:21:41.517,1,GPU-713d5b24-2a1e-fd4a-7685-c3d195ff9230,83.66,1410,1593,0,0,73511,33,P0,500.00,Not Active,Not Active,Not Active,Not Active
2026/07/25 10:21:41.754,2026/07/25 10:21:41.740,2026/07/25 10:21:41.767,0,GPU-c5d32af0-0857-3b36-6541-1a688a9ec165,88.00,1410,1593,0,0,73511,35,P0,500.00,Not Active,Not Active,Not Active,Not Active
2026/07/25 10:21:41.754,2026/07/25 10:21:41.740,2026/07/25 10:21:41.767,1,GPU-713d5b24-2a1e-fd4a-7685-c3d195ff9230,83.74,1410,1593,0,0,73511,33,P0,500.00,Not Active,Not Active,Not Active,Not Active
2026/07/25 10:21:42.005,2026/07/25 10:21:41.990,2026/07/25 10:21:42.019,0,GPU-c5d32af0-0857-3b36-6541-1a688a9ec165,87.63,1410,1593,0,0,73511,35,P0,500.00,Not Active,Not Active,Not Active,Not Active
2026/07/25 10:21:42.005,2026/07/25 10:21:41.990,2026/07/25 10:21:42.019,1,GPU-713d5b24-2a1e-fd4a-7685-c3d195ff9230,83.66,1410,1593,0,0,73511,33,P0,500.00,Not Active,Not Active,Not Active,Not Active
2026/07/25 10:21:42.255,2026/07/25 10:21:42.240,2026/07/25 10:21:42.270,0,GPU-c5d32af0-0857-3b36-6541-1a688a9ec165,341.99,1410,1593,25,5,73511,43,P0,500.00,Not Active,Not Active,Not Active,Not Active
2026/07/25 10:21:42.255,2026/07/25 10:21:42.240,2026/07/25 10:21:42.270,1,GPU-713d5b24-2a1e-fd4a-7685-c3d195ff9230,83.66,1410,1593,0,0,73511,33,P0,500.00,Not Active,Not Active,Not Active,Not Active
2026/07/25 10:21:42.505,2026/07/25 10:21:42.490,2026/07/25 10:21:42.520,0,GPU-c5d32af0-0857-3b36-6541-1a688a9ec165,367.13,1410,1593,100,17,73511,47,P0,500.00,Not Active,Not Active,Not Active,Not Active
2026/07/25 10:21:42.505,2026/07/25 10:21:42.490,2026/07/25 10:21:42.520,1,GPU-713d5b24-2a1e-fd4a-7685-c3d195ff9230,83.38,1410,1593,0,0,73511,32,P0,500.00,Not Active,Not Active,Not Active,Not Active
2026/07/25 10:21:42.756,2026/07/25 10:21:42.740,2026/07/25 10:21:42.772,0,GPU-c5d32af0-0857-3b36-6541-1a688a9ec165,360.76,1410,1593,100,12,73511,48,P0,500.00,Not Active,Not Active,Not Active,Not Active
2026/07/25 10:21:42.756,2026/07/25 10:21:42.740,2026/07/25 10:21:42.772,1,GPU-713d5b24-2a1e-fd4a-7685-c3d195ff9230,83.66,1410,1593,0,0,73511,32,P0,500.00,Not Active,Not Active,Not Active,Not Active
2026/07/25 10:21:43.006,2026/07/25 10:21:42.990,2026/07/25 10:21:43.022,0,GPU-c5d32af0-0857-3b36-6541-1a688a9ec165,91.05,1410,1593,44,5,73511,40,P0,500.00,Not Active,Not Active,Not Active,Not Active
2026/07/25 10:21:43.006,2026/07/25 10:21:42.990,2026/07/25 10:21:43.022,1,GPU-713d5b24-2a1e-fd4a-7685-c3d195ff9230,94.10,1410,1593,0,0,73511,33,P0,500.00,Not Active,Not Active,Not Active,Not Active
2026/07/25 10:21:43.256,2026/07/25 10:21:43.240,2026/07/25 10:21:43.272,0,GPU-c5d32af0-0857-3b36-6541-1a688a9ec165,88.50,1410,1593,0,0,73511,38,P0,500.00,Not Active,Not Active,Not Active,Not Active
2026/07/25 10:21:43.256,2026/07/25 10:21:43.240,2026/07/25 10:21:43.272,1,GPU-713d5b24-2a1e-fd4a-7685-c3d195ff9230,244.09,1410,1593,100,52,73511,37,P0,500.00,Not Active,Not Active,Not Active,Not Active
2026/07/25 10:21:43.505,2026/07/25 10:21:43.490,2026/07/25 10:21:43.519,0,GPU-c5d32af0-0857-3b36-6541-1a688a9ec165,88.23,1410,1593,0,0,73511,36,P0,500.00,Not Active,Not Active,Not Active,Not Active
2026/07/25 10:21:43.505,2026/07/25 10:21:43.490,2026/07/25 10:21:43.519,1,GPU-713d5b24-2a1e-fd4a-7685-c3d195ff9230,245.64,1410,1593,100,52,73511,38,P0,500.00,Not Active,Not Active,Not Active,Not Active
2026/07/25 10:21:43.755,2026/07/25 10:21:43.740,2026/07/25 10:21:43.770,0,GPU-c5d32af0-0857-3b36-6541-1a688a9ec165,88.00,1410,1593,0,0,73511,36,P0,500.00,Not Active,Not Active,Not Active,Not Active
2026/07/25 10:21:43.755,2026/07/25 10:21:43.740,2026/07/25 10:21:43.770,1,GPU-713d5b24-2a1e-fd4a-7685-c3d195ff9230,242.92,1410,1593,100,52,73511,39,P0,500.00,Not Active,Not Active,Not Active,Not Active
2026/07/25 10:21:44.006,2026/07/25 10:21:43.990,2026/07/25 10:21:44.021,0,GPU-c5d32af0-0857-3b36-6541-1a688a9ec165,87.90,1410,1593,0,0,73511,36,P0,500.00,Not Active,Not Active,Not Active,Not Active
2026/07/25 10:21:44.006,2026/07/25 10:21:43.990,2026/07/25 10:21:44.021,1,GPU-713d5b24-2a1e-fd4a-7685-c3d195ff9230,237.12,1410,1593,100,51,73511,39,P0,500.00,Not Active,Not Active,Not Active,Not Active
2026/07/25 10:21:44.255,2026/07/25 10:21:44.240,2026/07/25 10:21:44.269,0,GPU-c5d32af0-0857-3b36-6541-1a688a9ec165,87.63,1410,1593,0,0,73511,36,P0,500.00,Not Active,Not Active,Not Active,Not Active
2026/07/25 10:21:44.255,2026/07/25 10:21:44.240,2026/07/25 10:21:44.269,1,GPU-713d5b24-2a1e-fd4a-7685-c3d195ff9230,236.28,1410,1593,100,51,73511,40,P0,500.00,Not Active,Not Active,Not Active,Not Active
2026/07/25 10:21:44.504,2026/07/25 10:21:44.490,2026/07/25 10:21:44.518,0,GPU-c5d32af0-0857-3b36-6541-1a688a9ec165,87.63,1410,1593,0,0,73511,36,P0,500.00,Not Active,Not Active,Not Active,Not Active
2026/07/25 10:21:44.504,2026/07/25 10:21:44.490,2026/07/25 10:21:44.518,1,GPU-713d5b24-2a1e-fd4a-7685-c3d195ff9230,240.18,1410,1593,89,46,73511,38,P0,500.00,Not Active,Not Active,Not Active,Not Active
2026/07/25 10:21:44.755,2026/07/25 10:21:44.740,2026/07/25 10:21:44.769,0,GPU-c5d32af0-0857-3b36-6541-1a688a9ec165,87.72,1410,1593,0,0,73511,36,P0,500.00,Not Active,Not Active,Not Active,Not Active
2026/07/25 10:21:44.755,2026/07/25 10:21:44.740,2026/07/25 10:21:44.769,1,GPU-713d5b24-2a1e-fd4a-7685-c3d195ff9230,83.38,1410,1593,0,0,73511,35,P0,500.00,Not Active,Not Active,Not Active,Not Active
2026/07/25 10:21:45.004,2026/07/25 10:21:44.990,2026/07/25 10:21:45.018,0,GPU-c5d32af0-0857-3b36-6541-1a688a9ec165,87.72,1410,1593,0,0,73511,35,P0,500.00,Not Active,Not Active,Not Active,Not Active
2026/07/25 10:21:45.004,2026/07/25 10:21:44.990,2026/07/25 10:21:45.018,1,GPU-713d5b24-2a1e-fd4a-7685-c3d195ff9230,82.87,1410,1593,0,0,73511,34,P0,500.00,Not Active,Not Active,Not Active,Not Active
2026/07/25 10:21:45.258,2026/07/25 10:21:45.240,2026/07/25 10:21:45.276,0,GPU-c5d32af0-0857-3b36-6541-1a688a9ec165,87.63,1410,1593,0,0,73511,35,P0,500.00,Not Active,Not Active,Not Active,Not Active
2026/07/25 10:21:45.258,2026/07/25 10:21:45.240,2026/07/25 10:21:45.276,1,GPU-713d5b24-2a1e-fd4a-7685-c3d195ff9230,82.54,1410,1593,0,0,73511,34,P0,500.00,Not Active,Not Active,Not Active,Not Active
2026/07/25 10:21:45.504,2026/07/25 10:21:45.490,2026/07/25 10:21:45.519,0,GPU-c5d32af0-0857-3b36-6541-1a688a9ec165,87.72,1410,1593,0,0,73511,35,P0,500.00,Not Active,Not Active,Not Active,Not Active
2026/07/25 10:21:45.504,2026/07/25 10:21:45.490,2026/07/25 10:21:45.519,1,GPU-713d5b24-2a1e-fd4a-7685-c3d195ff9230,83.38,1410,1593,0,0,73511,33,P0,500.00,Not Active,Not Active,Not Active,Not Active
2026/07/25 10:21:45.754,2026/07/25 10:21:45.740,2026/07/25 10:21:45.768,0,GPU-c5d32af0-0857-3b36-6541-1a688a9ec165,87.39,1410,1593,0,0,73511,35,P0,500.00,Not Active,Not Active,Not Active,Not Active
2026/07/25 10:21:45.754,2026/07/25 10:21:45.740,2026/07/25 10:21:45.768,1,GPU-713d5b24-2a1e-fd4a-7685-c3d195ff9230,83.38,1410,1593,0,0,73511,33,P0,500.00,Not Active,Not Active,Not Active,Not Active
2026/07/25 10:21:46.003,2026/07/25 10:21:45.990,2026/07/25 10:21:46.016,0,GPU-c5d32af0-0857-3b36-6541-1a688a9ec165,87.72,1410,1593,0,0,73511,35,P0,500.00,Not Active,Not Active,Not Active,Not Active
2026/07/25 10:21:46.003,2026/07/25 10:21:45.990,2026/07/25 10:21:46.016,1,GPU-713d5b24-2a1e-fd4a-7685-c3d195ff9230,83.66,1410,1593,0,0,73511,33,P0,500.00,Not Active,Not Active,Not Active,Not Active
2026/07/25 10:21:46.255,2026/07/25 10:21:46.240,2026/07/25 10:21:46.269,0,GPU-c5d32af0-0857-3b36-6541-1a688a9ec165,87.72,1410,1593,0,0,73511,35,P0,500.00,Not Active,Not Active,Not Active,Not Active
2026/07/25 10:21:46.255,2026/07/25 10:21:46.240,2026/07/25 10:21:46.269,1,GPU-713d5b24-2a1e-fd4a-7685-c3d195ff9230,83.46,1410,1593,0,0,73511,33,P0,500.00,Not Active,Not Active,Not Active,Not Active
2026/07/25 10:21:46.505,2026/07/25 10:21:46.490,2026/07/25 10:21:46.521,0,GPU-c5d32af0-0857-3b36-6541-1a688a9ec165,87.63,1410,1593,0,0,73511,35,P0,500.00,Not Active,Not Active,Not Active,Not Active
2026/07/25 10:21:46.505,2026/07/25 10:21:46.490,2026/07/25 10:21:46.521,1,GPU-713d5b24-2a1e-fd4a-7685-c3d195ff9230,83.38,1410,1593,0,0,73511,33,P0,500.00,Not Active,Not Active,Not Active,Not Active
2026/07/25 10:21:46.755,2026/07/25 10:21:46.740,2026/07/25 10:21:46.770,0,GPU-c5d32af0-0857-3b36-6541-1a688a9ec165,87.63,1410,1593,0,0,73511,35,P0,500.00,Not Active,Not Active,Not Active,Not Active
2026/07/25 10:21:46.755,2026/07/25 10:21:46.740,2026/07/25 10:21:46.770,1,GPU-713d5b24-2a1e-fd4a-7685-c3d195ff9230,83.38,1410,1593,0,0,73511,33,P0,500.00,Not Active,Not Active,Not Active,Not Active
2026/07/25 10:21:47.004,2026/07/25 10:21:46.990,2026/07/25 10:21:47.018,0,GPU-c5d32af0-0857-3b36-6541-1a688a9ec165,87.63,1410,1593,0,0,73511,35,P0,500.00,Not Active,Not Active,Not Active,Not Active
2026/07/25 10:21:47.004,2026/07/25 10:21:46.990,2026/07/25 10:21:47.018,1,GPU-713d5b24-2a1e-fd4a-7685-c3d195ff9230,83.38,1410,1593,0,0,73511,33,P0,500.00,Not Active,Not Active,Not Active,Not Active
2026/07/25 10:21:47.255,2026/07/25 10:21:47.240,2026/07/25 10:21:47.270,0,GPU-c5d32af0-0857-3b36-6541-1a688a9ec165,372.89,1410,1593,47,9,73511,45,P0,500.00,Not Active,Not Active,Not Active,Not Active
2026/07/25 10:21:47.255,2026/07/25 10:21:47.240,2026/07/25 10:21:47.270,1,GPU-713d5b24-2a1e-fd4a-7685-c3d195ff9230,83.38,1410,1593,0,0,73511,33,P0,500.00,Not Active,Not Active,Not Active,Not Active
2026/07/25 10:21:47.505,2026/07/25 10:21:47.490,2026/07/25 10:21:47.520,0,GPU-c5d32af0-0857-3b36-6541-1a688a9ec165,378.66,1410,1593,100,16,73511,47,P0,500.00,Not Active,Not Active,Not Active,Not Active
2026/07/25 10:21:47.505,2026/07/25 10:21:47.490,2026/07/25 10:21:47.520,1,GPU-713d5b24-2a1e-fd4a-7685-c3d195ff9230,83.38,1410,1593,0,0,73511,33,P0,500.00,Not Active,Not Active,Not Active,Not Active
2026/07/25 10:21:47.756,2026/07/25 10:21:47.740,2026/07/25 10:21:47.771,0,GPU-c5d32af0-0857-3b36-6541-1a688a9ec165,188.93,1410,1593,82,11,73511,48,P0,500.00,Not Active,Not Active,Not Active,Not Active
2026/07/25 10:21:47.756,2026/07/25 10:21:47.740,2026/07/25 10:21:47.771,1,GPU-713d5b24-2a1e-fd4a-7685-c3d195ff9230,83.05,1410,1593,0,0,73511,33,P0,500.00,Not Active,Not Active,Not Active,Not Active
2026/07/25 10:21:48.005,2026/07/25 10:21:47.990,2026/07/25 10:21:48.020,0,GPU-c5d32af0-0857-3b36-6541-1a688a9ec165,90.02,1410,1593,0,0,73511,39,P0,500.00,Not Active,Not Active,Not Active,Not Active
2026/07/25 10:21:48.005,2026/07/25 10:21:47.990,2026/07/25 10:21:48.020,1,GPU-713d5b24-2a1e-fd4a-7685-c3d195ff9230,246.24,1410,1593,23,0,73511,35,P0,500.00,Not Active,Not Active,Not Active,Not Active
2026/07/25 10:21:48.255,2026/07/25 10:21:48.240,2026/07/25 10:21:48.269,0,GPU-c5d32af0-0857-3b36-6541-1a688a9ec165,88.82,1410,1593,0,0,73511,37,P0,500.00,Not Active,Not Active,Not Active,Not Active
2026/07/25 10:21:48.255,2026/07/25 10:21:48.240,2026/07/25 10:21:48.269,1,GPU-713d5b24-2a1e-fd4a-7685-c3d195ff9230,242.90,1410,1593,100,52,73511,38,P0,500.00,Not Active,Not Active,Not Active,Not Active
2026/07/25 10:21:48.517,2026/07/25 10:21:48.490,2026/07/25 10:21:48.543,0,GPU-c5d32af0-0857-3b36-6541-1a688a9ec165,88.50,1410,1593,0,0,73511,36,P0,500.00,Not Active,Not Active,Not Active,Not Active
2026/07/25 10:21:48.517,2026/07/25 10:21:48.490,2026/07/25 10:21:48.543,1,GPU-713d5b24-2a1e-fd4a-7685-c3d195ff9230,243.52,1410,1593,100,52,73511,39,P0,500.00,Not Active,Not Active,Not Active,Not Active
2026/07/25 10:21:48.755,2026/07/25 10:21:48.740,2026/07/25 10:21:48.770,0,GPU-c5d32af0-0857-3b36-6541-1a688a9ec165,88.50,1410,1593,0,0,73511,36,P0,500.00,Not Active,Not Active,Not Active,Not Active
2026/07/25 10:21:48.755,2026/07/25 10:21:48.740,2026/07/25 10:21:48.770,1,GPU-713d5b24-2a1e-fd4a-7685-c3d195ff9230,238.08,1410,1593,100,52,73511,39,P0,500.00,Not Active,Not Active,Not Active,Not Active
2026/07/25 10:21:49.005,2026/07/25 10:21:48.990,2026/07/25 10:21:49.019,0,GPU-c5d32af0-0857-3b36-6541-1a688a9ec165,88.23,1410,1593,0,0,73511,36,P0,500.00,Not Active,Not Active,Not Active,Not Active
2026/07/25 10:21:49.005,2026/07/25 10:21:48.990,2026/07/25 10:21:49.019,1,GPU-713d5b24-2a1e-fd4a-7685-c3d195ff9230,236.55,1410,1593,100,52,73511,40,P0,500.00,Not Active,Not Active,Not Active,Not Active
2026/07/25 10:21:49.256,2026/07/25 10:21:49.240,2026/07/25 10:21:49.271,0,GPU-c5d32af0-0857-3b36-6541-1a688a9ec165,87.90,1410,1593,0,0,73511,36,P0,500.00,Not Active,Not Active,Not Active,Not Active
2026/07/25 10:21:49.256,2026/07/25 10:21:49.240,2026/07/25 10:21:49.271,1,GPU-713d5b24-2a1e-fd4a-7685-c3d195ff9230,238.05,1410,1593,100,52,73511,40,P0,500.00,Not Active,Not Active,Not Active,Not Active
2026/07/25 10:21:49.504,2026/07/25 10:21:49.490,2026/07/25 10:21:49.518,0,GPU-c5d32af0-0857-3b36-6541-1a688a9ec165,88.00,1410,1593,0,0,73511,36,P0,500.00,Not Active,Not Active,Not Active,Not Active
2026/07/25 10:21:49.504,2026/07/25 10:21:49.490,2026/07/25 10:21:49.518,1,GPU-713d5b24-2a1e-fd4a-7685-c3d195ff9230,83.38,1410,1593,2,1,73511,35,P0,500.00,Not Active,Not Active,Not Active,Not Active
2026/07/25 10:21:49.754,2026/07/25 10:21:49.740,2026/07/25 10:21:49.768,0,GPU-c5d32af0-0857-3b36-6541-1a688a9ec165,87.72,1410,1593,0,0,73511,36,P0,500.00,Not Active,Not Active,Not Active,Not Active
2026/07/25 10:21:49.754,2026/07/25 10:21:49.740,2026/07/25 10:21:49.768,1,GPU-713d5b24-2a1e-fd4a-7685-c3d195ff9230,83.05,1410,1593,0,0,73511,34,P0,500.00,Not Active,Not Active,Not Active,Not Active
2026/07/25 10:21:50.004,2026/07/25 10:21:49.990,2026/07/25 10:21:50.018,0,GPU-c5d32af0-0857-3b36-6541-1a688a9ec165,88.00,1410,1593,0,0,73511,36,P0,500.00,Not Active,Not Active,Not Active,Not Active
2026/07/25 10:21:50.004,2026/07/25 10:21:49.990,2026/07/25 10:21:50.018,1,GPU-713d5b24-2a1e-fd4a-7685-c3d195ff9230,82.87,1410,1593,0,0,73511,34,P0,500.00,Not Active,Not Active,Not Active,Not Active
2026/07/25 10:21:50.255,2026/07/25 10:21:50.240,2026/07/25 10:21:50.269,0,GPU-c5d32af0-0857-3b36-6541-1a688a9ec165,87.63,1410,1593,0,0,73511,35,P0,500.00,Not Active,Not Active,Not Active,Not Active
2026/07/25 10:21:50.255,2026/07/25 10:21:50.240,2026/07/25 10:21:50.269,1,GPU-713d5b24-2a1e-fd4a-7685-c3d195ff9230,83.66,1410,1593,0,0,73511,34,P0,500.00,Not Active,Not Active,Not Active,Not Active
2026/07/25 10:21:50.504,2026/07/25 10:21:50.490,2026/07/25 10:21:50.519,0,GPU-c5d32af0-0857-3b36-6541-1a688a9ec165,87.63,1410,1593,0,0,73511,35,P0,500.00,Not Active,Not Active,Not Active,Not Active
2026/07/25 10:21:50.504,2026/07/25 10:21:50.490,2026/07/25 10:21:50.519,1,GPU-713d5b24-2a1e-fd4a-7685-c3d195ff9230,83.38,1410,1593,0,0,73511,33,P0,500.00,Not Active,Not Active,Not Active,Not Active
2026/07/25 10:21:50.754,2026/07/25 10:21:50.740,2026/07/25 10:21:50.767,0,GPU-c5d32af0-0857-3b36-6541-1a688a9ec165,87.63,1410,1593,0,0,73511,35,P0,500.00,Not Active,Not Active,Not Active,Not Active
2026/07/25 10:21:50.754,2026/07/25 10:21:50.740,2026/07/25 10:21:50.767,1,GPU-713d5b24-2a1e-fd4a-7685-c3d195ff9230,83.38,1410,1593,0,0,73511,33,P0,500.00,Not Active,Not Active,Not Active,Not Active
2026/07/25 10:21:51.004,2026/07/25 10:21:50.990,2026/07/25 10:21:51.017,0,GPU-c5d32af0-0857-3b36-6541-1a688a9ec165,87.63,1410,1593,0,0,73511,35,P0,500.00,Not Active,Not Active,Not Active,Not Active
2026/07/25 10:21:51.004,2026/07/25 10:21:50.990,2026/07/25 10:21:51.017,1,GPU-713d5b24-2a1e-fd4a-7685-c3d195ff9230,83.38,1410,1593,0,0,73511,33,P0,500.00,Not Active,Not Active,Not Active,Not Active
2026/07/25 10:21:51.254,2026/07/25 10:21:51.240,2026/07/25 10:21:51.268,0,GPU-c5d32af0-0857-3b36-6541-1a688a9ec165,87.63,1410,1593,0,0,73511,35,P0,500.00,Not Active,Not Active,Not Active,Not Active
2026/07/25 10:21:51.254,2026/07/25 10:21:51.240,2026/07/25 10:21:51.268,1,GPU-713d5b24-2a1e-fd4a-7685-c3d195ff9230,83.38,1410,1593,0,0,73511,33,P0,500.00,Not Active,Not Active,Not Active,Not Active
2026/07/25 10:21:51.505,2026/07/25 10:21:51.490,2026/07/25 10:21:51.519,0,GPU-c5d32af0-0857-3b36-6541-1a688a9ec165,87.63,1410,1593,0,0,73511,35,P0,500.00,Not Active,Not Active,Not Active,Not Active
2026/07/25 10:21:51.505,2026/07/25 10:21:51.490,2026/07/25 10:21:51.519,1,GPU-713d5b24-2a1e-fd4a-7685-c3d195ff9230,83.38,1410,1593,0,0,73511,33,P0,500.00,Not Active,Not Active,Not Active,Not Active
2026/07/25 10:21:51.754,2026/07/25 10:21:51.740,2026/07/25 10:21:51.768,0,GPU-c5d32af0-0857-3b36-6541-1a688a9ec165,87.72,1410,1593,0,0,73511,35,P0,500.00,Not Active,Not Active,Not Active,Not Active
2026/07/25 10:21:51.754,2026/07/25 10:21:51.740,2026/07/25 10:21:51.768,1,GPU-713d5b24-2a1e-fd4a-7685-c3d195ff9230,83.38,1410,1593,0,0,73511,33,P0,500.00,Not Active,Not Active,Not Active,Not Active
2026/07/25 10:21:52.003,2026/07/25 10:21:51.990,2026/07/25 10:21:52.017,0,GPU-c5d32af0-0857-3b36-6541-1a688a9ec165,87.72,1410,1593,0,0,73511,35,P0,500.00,Not Active,Not Active,Not Active,Not Active
2026/07/25 10:21:52.003,2026/07/25 10:21:51.990,2026/07/25 10:21:52.017,1,GPU-713d5b24-2a1e-fd4a-7685-c3d195ff9230,83.46,1410,1593,0,0,73511,33,P0,500.00,Not Active,Not Active,Not Active,Not Active
2026/07/25 10:21:52.256,2026/07/25 10:21:52.240,2026/07/25 10:21:52.271,0,GPU-c5d32af0-0857-3b36-6541-1a688a9ec165,386.83,1410,1593,59,11,73511,43,P0,500.00,Not Active,Not Active,Not Active,Not Active
2026/07/25 10:21:52.256,2026/07/25 10:21:52.240,2026/07/25 10:21:52.271,1,GPU-713d5b24-2a1e-fd4a-7685-c3d195ff9230,83.38,1410,1593,0,0,73511,33,P0,500.00,Not Active,Not Active,Not Active,Not Active
2026/07/25 10:21:52.506,2026/07/25 10:21:52.490,2026/07/25 10:21:52.522,0,GPU-c5d32af0-0857-3b36-6541-1a688a9ec165,369.25,1410,1593,100,15,73511,47,P0,500.00,Not Active,Not Active,Not Active,Not Active
2026/07/25 10:21:52.506,2026/07/25 10:21:52.490,2026/07/25 10:21:52.522,1,GPU-713d5b24-2a1e-fd4a-7685-c3d195ff9230,83.38,1410,1593,0,0,73511,33,P0,500.00,Not Active,Not Active,Not Active,Not Active
2026/07/25 10:21:52.756,2026/07/25 10:21:52.740,2026/07/25 10:21:52.772,0,GPU-c5d32af0-0857-3b36-6541-1a688a9ec165,365.01,1410,1593,100,13,73511,48,P0,500.00,Not Active,Not Active,Not Active,Not Active
2026/07/25 10:21:52.756,2026/07/25 10:21:52.740,2026/07/25 10:21:52.772,1,GPU-713d5b24-2a1e-fd4a-7685-c3d195ff9230,83.38,1410,1593,0,0,73511,33,P0,500.00,Not Active,Not Active,Not Active,Not Active
2026/07/25 10:21:53.012,2026/07/25 10:21:52.990,2026/07/25 10:21:53.034,0,GPU-c5d32af0-0857-3b36-6541-1a688a9ec165,89.75,1410,1593,0,0,73511,39,P0,500.00,Not Active,Not Active,Not Active,Not Active
2026/07/25 10:21:53.012,2026/07/25 10:21:52.990,2026/07/25 10:21:53.034,1,GPU-713d5b24-2a1e-fd4a-7685-c3d195ff9230,237.81,1410,1593,24,0,73511,34,P0,500.00,Not Active,Not Active,Not Active,Not Active
2026/07/25 10:21:53.255,2026/07/25 10:21:53.240,2026/07/25 10:21:53.270,0,GPU-c5d32af0-0857-3b36-6541-1a688a9ec165,89.16,1410,1593,0,0,73511,37,P0,500.00,Not Active,Not Active,Not Active,Not Active
2026/07/25 10:21:53.255,2026/07/25 10:21:53.240,2026/07/25 10:21:53.270,1,GPU-713d5b24-2a1e-fd4a-7685-c3d195ff9230,248.94,1410,1593,91,47,73511,37,P0,500.00,Not Active,Not Active,Not Active,Not Active
2026/07/25 10:21:53.531,2026/07/25 10:21:53.490,2026/07/25 10:21:53.573,0,GPU-c5d32af0-0857-3b36-6541-1a688a9ec165,88.50,1410,1593,0,0,73511,37,P0,500.00,Not Active,Not Active,Not Active,Not Active
2026/07/25 10:21:53.531,2026/07/25 10:21:53.490,2026/07/25 10:21:53.573,1,GPU-713d5b24-2a1e-fd4a-7685-c3d195ff9230,247.15,1410,1593,100,52,73511,39,P0,500.00,Not Active,Not Active,Not Active,Not Active
2026/07/25 10:21:53.756,2026/07/25 10:21:53.740,2026/07/25 10:21:53.771,0,GPU-c5d32af0-0857-3b36-6541-1a688a9ec165,88.23,1410,1593,0,0,73511,36,P0,500.00,Not Active,Not Active,Not Active,Not Active
2026/07/25 10:21:53.756,2026/07/25 10:21:53.740,2026/07/25 10:21:53.771,1,GPU-713d5b24-2a1e-fd4a-7685-c3d195ff9230,234.76,1410,1593,100,52,73511,39,P0,500.00,Not Active,Not Active,Not Active,Not Active
2026/07/25 10:21:54.006,2026/07/25 10:21:53.990,2026/07/25 10:21:54.021,0,GPU-c5d32af0-0857-3b36-6541-1a688a9ec165,87.90,1410,1593,0,0,73511,36,P0,500.00,Not Active,Not Active,Not Active,Not Active
2026/07/25 10:21:54.006,2026/07/25 10:21:53.990,2026/07/25 10:21:54.021,1,GPU-713d5b24-2a1e-fd4a-7685-c3d195ff9230,241.12,1410,1593,100,52,73511,39,P0,500.00,Not Active,Not Active,Not Active,Not Active
2026/07/25 10:21:54.254,2026/07/25 10:21:54.240,2026/07/25 10:21:54.267,0,GPU-c5d32af0-0857-3b36-6541-1a688a9ec165,87.90,1410,1593,0,0,73511,36,P0,500.00,Not Active,Not Active,Not Active,Not Active
2026/07/25 10:21:54.254,2026/07/25 10:21:54.240,2026/07/25 10:21:54.267,1,GPU-713d5b24-2a1e-fd4a-7685-c3d195ff9230,243.17,1410,1593,100,52,73511,39,P0,500.00,Not Active,Not Active,Not Active,Not Active
2026/07/25 10:21:54.505,2026/07/25 10:21:54.490,2026/07/25 10:21:54.520,0,GPU-c5d32af0-0857-3b36-6541-1a688a9ec165,88.00,1410,1593,0,0,73511,36,P0,500.00,Not Active,Not Active,Not Active,Not Active
2026/07/25 10:21:54.505,2026/07/25 10:21:54.490,2026/07/25 10:21:54.520,1,GPU-713d5b24-2a1e-fd4a-7685-c3d195ff9230,83.05,1410,1593,62,32,73511,35,P0,500.00,Not Active,Not Active,Not Active,Not Active
2026/07/25 10:21:54.755,2026/07/25 10:21:54.740,2026/07/25 10:21:54.770,0,GPU-c5d32af0-0857-3b36-6541-1a688a9ec165,87.90,1410,1593,0,0,73511,36,P0,500.00,Not Active,Not Active,Not Active,Not Active
2026/07/25 10:21:54.755,2026/07/25 10:21:54.740,2026/07/25 10:21:54.770,1,GPU-713d5b24-2a1e-fd4a-7685-c3d195ff9230,82.78,1410,1593,0,0,73511,34,P0,500.00,Not Active,Not Active,Not Active,Not Active
2026/07/25 10:21:55.005,2026/07/25 10:21:54.990,2026/07/25 10:21:55.020,0,GPU-c5d32af0-0857-3b36-6541-1a688a9ec165,88.00,1410,1593,0,0,73511,36,P0,500.00,Not Active,Not Active,Not Active,Not Active
2026/07/25 10:21:55.005,2026/07/25 10:21:54.990,2026/07/25 10:21:55.020,1,GPU-713d5b24-2a1e-fd4a-7685-c3d195ff9230,82.78,1410,1593,0,0,73511,34,P0,500.00,Not Active,Not Active,Not Active,Not Active
2026/07/25 10:21:55.254,2026/07/25 10:21:55.240,2026/07/25 10:21:55.269,0,GPU-c5d32af0-0857-3b36-6541-1a688a9ec165,88.00,1410,1593,0,0,73511,36,P0,500.00,Not Active,Not Active,Not Active,Not Active
2026/07/25 10:21:55.254,2026/07/25 10:21:55.240,2026/07/25 10:21:55.269,1,GPU-713d5b24-2a1e-fd4a-7685-c3d195ff9230,83.66,1410,1593,0,0,73511,33,P0,500.00,Not Active,Not Active,Not Active,Not Active
2026/07/25 10:21:55.504,2026/07/25 10:21:55.490,2026/07/25 10:21:55.518,0,GPU-c5d32af0-0857-3b36-6541-1a688a9ec165,87.90,1410,1593,0,0,73511,36,P0,500.00,Not Active,Not Active,Not Active,Not Active
2026/07/25 10:21:55.504,2026/07/25 10:21:55.490,2026/07/25 10:21:55.518,1,GPU-713d5b24-2a1e-fd4a-7685-c3d195ff9230,83.66,1410,1593,0,0,73511,33,P0,500.00,Not Active,Not Active,Not Active,Not Active
2026/07/25 10:21:55.754,2026/07/25 10:21:55.740,2026/07/25 10:21:55.768,0,GPU-c5d32af0-0857-3b36-6541-1a688a9ec165,88.00,1410,1593,0,0,73511,36,P0,500.00,Not Active,Not Active,Not Active,Not Active
2026/07/25 10:21:55.754,2026/07/25 10:21:55.740,2026/07/25 10:21:55.768,1,GPU-713d5b24-2a1e-fd4a-7685-c3d195ff9230,83.46,1410,1593,0,0,73511,33,P0,500.00,Not Active,Not Active,Not Active,Not Active
2026/07/25 10:21:56.004,2026/07/25 10:21:55.990,2026/07/25 10:21:56.017,0,GPU-c5d32af0-0857-3b36-6541-1a688a9ec165,87.90,1410,1593,0,0,73511,35,P0,500.00,Not Active,Not Active,Not Active,Not Active
2026/07/25 10:21:56.004,2026/07/25 10:21:55.990,2026/07/25 10:21:56.017,1,GPU-713d5b24-2a1e-fd4a-7685-c3d195ff9230,83.38,1410,1593,0,0,73511,33,P0,500.00,Not Active,Not Active,Not Active,Not Active
2026/07/25 10:21:56.254,2026/07/25 10:21:56.240,2026/07/25 10:21:56.269,0,GPU-c5d32af0-0857-3b36-6541-1a688a9ec165,87.63,1410,1593,0,0,73511,35,P0,500.00,Not Active,Not Active,Not Active,Not Active
2026/07/25 10:21:56.254,2026/07/25 10:21:56.240,2026/07/25 10:21:56.269,1,GPU-713d5b24-2a1e-fd4a-7685-c3d195ff9230,83.38,1410,1593,0,0,73511,33,P0,500.00,Not Active,Not Active,Not Active,Not Active
2026/07/25 10:21:56.505,2026/07/25 10:21:56.490,2026/07/25 10:21:56.519,0,GPU-c5d32af0-0857-3b36-6541-1a688a9ec165,88.00,1410,1593,0,0,73511,35,P0,500.00,Not Active,Not Active,Not Active,Not Active
2026/07/25 10:21:56.505,2026/07/25 10:21:56.490,2026/07/25 10:21:56.519,1,GPU-713d5b24-2a1e-fd4a-7685-c3d195ff9230,83.46,1410,1593,0,0,73511,33,P0,500.00,Not Active,Not Active,Not Active,Not Active
2026/07/25 10:21:56.755,2026/07/25 10:21:56.740,2026/07/25 10:21:56.769,0,GPU-c5d32af0-0857-3b36-6541-1a688a9ec165,87.63,1410,1593,0,0,73511,35,P0,500.00,Not Active,Not Active,Not Active,Not Active
2026/07/25 10:21:56.755,2026/07/25 10:21:56.740,2026/07/25 10:21:56.769,1,GPU-713d5b24-2a1e-fd4a-7685-c3d195ff9230,83.38,1410,1593,0,0,73511,33,P0,500.00,Not Active,Not Active,Not Active,Not Active
2026/07/25 10:21:57.004,2026/07/25 10:21:56.990,2026/07/25 10:21:57.018,0,GPU-c5d32af0-0857-3b36-6541-1a688a9ec165,88.00,1410,1593,0,0,73511,35,P0,500.00,Not Active,Not Active,Not Active,Not Active
2026/07/25 10:21:57.004,2026/07/25 10:21:56.990,2026/07/25 10:21:57.018,1,GPU-713d5b24-2a1e-fd4a-7685-c3d195ff9230,83.38,1410,1593,0,0,73511,33,P0,500.00,Not Active,Not Active,Not Active,Not Active
2026/07/25 10:21:57.266,2026/07/25 10:21:57.240,2026/07/25 10:21:57.291,0,GPU-c5d32af0-0857-3b36-6541-1a688a9ec165,381.98,1410,1593,0,0,73511,44,P0,500.00,Not Active,Not Active,Not Active,Not Active
2026/07/25 10:21:57.266,2026/07/25 10:21:57.240,2026/07/25 10:21:57.291,1,GPU-713d5b24-2a1e-fd4a-7685-c3d195ff9230,83.38,1410,1593,0,0,73511,33,P0,500.00,Not Active,Not Active,Not Active,Not Active
2026/07/25 10:21:57.506,2026/07/25 10:21:57.490,2026/07/25 10:21:57.521,0,GPU-c5d32af0-0857-3b36-6541-1a688a9ec165,358.37,1410,1593,100,14,73511,47,P0,500.00,Not Active,Not Active,Not Active,Not Active
2026/07/25 10:21:57.506,2026/07/25 10:21:57.490,2026/07/25 10:21:57.521,1,GPU-713d5b24-2a1e-fd4a-7685-c3d195ff9230,83.38,1410,1593,0,0,73511,33,P0,500.00,Not Active,Not Active,Not Active,Not Active
2026/07/25 10:21:57.757,2026/07/25 10:21:57.740,2026/07/25 10:21:57.773,0,GPU-c5d32af0-0857-3b36-6541-1a688a9ec165,90.35,1410,1593,73,10,73511,39,P0,500.00,Not Active,Not Active,Not Active,Not Active
2026/07/25 10:21:57.757,2026/07/25 10:21:57.740,2026/07/25 10:21:57.773,1,GPU-713d5b24-2a1e-fd4a-7685-c3d195ff9230,83.38,1410,1593,0,0,73511,34,P0,500.00,Not Active,Not Active,Not Active,Not Active
2026/07/25 10:21:58.019,2026/07/25 10:21:57.990,2026/07/25 10:21:58.048,0,GPU-c5d32af0-0857-3b36-6541-1a688a9ec165,92.48,1410,1593,0,0,73511,37,P0,500.00,Not Active,Not Active,Not Active,Not Active
2026/07/25 10:21:58.019,2026/07/25 10:21:57.990,2026/07/25 10:21:58.048,1,GPU-713d5b24-2a1e-fd4a-7685-c3d195ff9230,245.64,1410,1593,100,52,73511,38,P0,500.00,Not Active,Not Active,Not Active,Not Active
2026/07/25 10:21:58.255,2026/07/25 10:21:58.240,2026/07/25 10:21:58.271,0,GPU-c5d32af0-0857-3b36-6541-1a688a9ec165,88.50,1410,1593,0,0,73511,37,P0,500.00,Not Active,Not Active,Not Active,Not Active
2026/07/25 10:21:58.255,2026/07/25 10:21:58.240,2026/07/25 10:21:58.271,1,GPU-713d5b24-2a1e-fd4a-7685-c3d195ff9230,243.52,1410,1593,100,52,73511,39,P0,500.00,Not Active,Not Active,Not Active,Not Active
2026/07/25 10:21:58.507,2026/07/25 10:21:58.490,2026/07/25 10:21:58.523,0,GPU-c5d32af0-0857-3b36-6541-1a688a9ec165,88.23,1410,1593,0,0,73511,36,P0,500.00,Not Active,Not Active,Not Active,Not Active
2026/07/25 10:21:58.507,2026/07/25 10:21:58.490,2026/07/25 10:21:58.523,1,GPU-713d5b24-2a1e-fd4a-7685-c3d195ff9230,240.53,1410,1593,100,53,73511,39,P0,500.00,Not Active,Not Active,Not Active,Not Active
2026/07/25 10:21:58.755,2026/07/25 10:21:58.740,2026/07/25 10:21:58.769,0,GPU-c5d32af0-0857-3b36-6541-1a688a9ec165,87.90,1410,1593,0,0,73511,36,P0,500.00,Not Active,Not Active,Not Active,Not Active
2026/07/25 10:21:58.755,2026/07/25 10:21:58.740,2026/07/25 10:21:58.769,1,GPU-713d5b24-2a1e-fd4a-7685-c3d195ff9230,239.27,1410,1593,100,52,73511,39,P0,500.00,Not Active,Not Active,Not Active,Not Active
2026/07/25 10:21:59.005,2026/07/25 10:21:58.990,2026/07/25 10:21:59.019,0,GPU-c5d32af0-0857-3b36-6541-1a688a9ec165,88.00,1410,1593,0,0,73511,36,P0,500.00,Not Active,Not Active,Not Active,Not Active
2026/07/25 10:21:59.005,2026/07/25 10:21:58.990,2026/07/25 10:21:59.019,1,GPU-713d5b24-2a1e-fd4a-7685-c3d195ff9230,83.46,1410,1593,4,2,73511,35,P0,500.00,Not Active,Not Active,Not Active,Not Active
2026/07/25 10:21:59.255,2026/07/25 10:21:59.240,2026/07/25 10:21:59.271,0,GPU-c5d32af0-0857-3b36-6541-1a688a9ec165,87.90,1410,1593,0,0,73511,36,P0,500.00,Not Active,Not Active,Not Active,Not Active
2026/07/25 10:21:59.255,2026/07/25 10:21:59.240,2026/07/25 10:21:59.271,1,GPU-713d5b24-2a1e-fd4a-7685-c3d195ff9230,82.78,1410,1593,0,0,73511,34,P0,500.00,Not Active,Not Active,Not Active,Not Active
2026/07/25 10:21:59.505,2026/07/25 10:21:59.490,2026/07/25 10:21:59.520,0,GPU-c5d32af0-0857-3b36-6541-1a688a9ec165,87.90,1410,1593,0,0,73511,36,P0,500.00,Not Active,Not Active,Not Active,Not Active
2026/07/25 10:21:59.505,2026/07/25 10:21:59.490,2026/07/25 10:21:59.520,1,GPU-713d5b24-2a1e-fd4a-7685-c3d195ff9230,83.66,1410,1593,0,0,73511,34,P0,500.00,Not Active,Not Active,Not Active,Not Active
2026/07/25 10:21:59.755,2026/07/25 10:21:59.740,2026/07/25 10:21:59.770,0,GPU-c5d32af0-0857-3b36-6541-1a688a9ec165,87.90,1410,1593,0,0,73511,36,P0,500.00,Not Active,Not Active,Not Active,Not Active
2026/07/25 10:21:59.755,2026/07/25 10:21:59.740,2026/07/25 10:21:59.770,1,GPU-713d5b24-2a1e-fd4a-7685-c3d195ff9230,83.38,1410,1593,0,0,73511,33,P0,500.00,Not Active,Not Active,Not Active,Not Active
2026/07/25 10:22:00.005,2026/07/25 10:21:59.990,2026/07/25 10:22:00.020,0,GPU-c5d32af0-0857-3b36-6541-1a688a9ec165,87.72,1410,1593,0,0,73511,36,P0,500.00,Not Active,Not Active,Not Active,Not Active
2026/07/25 10:22:00.005,2026/07/25 10:21:59.990,2026/07/25 10:22:00.020,1,GPU-713d5b24-2a1e-fd4a-7685-c3d195ff9230,83.74,1410,1593,0,0,73511,33,P0,500.00,Not Active,Not Active,Not Active,Not Active
2026/07/25 10:22:00.256,2026/07/25 10:22:00.240,2026/07/25 10:22:00.271,0,GPU-c5d32af0-0857-3b36-6541-1a688a9ec165,88.00,1410,1593,0,0,73511,35,P0,500.00,Not Active,Not Active,Not Active,Not Active
2026/07/25 10:22:00.256,2026/07/25 10:22:00.240,2026/07/25 10:22:00.271,1,GPU-713d5b24-2a1e-fd4a-7685-c3d195ff9230,83.38,1410,1593,0,0,73511,33,P0,500.00,Not Active,Not Active,Not Active,Not Active
2026/07/25 10:22:00.504,2026/07/25 10:22:00.490,2026/07/25 10:22:00.518,0,GPU-c5d32af0-0857-3b36-6541-1a688a9ec165,87.90,1410,1593,0,0,73511,35,P0,500.00,Not Active,Not Active,Not Active,Not Active
2026/07/25 10:22:00.504,2026/07/25 10:22:00.490,2026/07/25 10:22:00.518,1,GPU-713d5b24-2a1e-fd4a-7685-c3d195ff9230,83.38,1410,1593,0,0,73511,33,P0,500.00,Not Active,Not Active,Not Active,Not Active
2026/07/25 10:22:00.756,2026/07/25 10:22:00.740,2026/07/25 10:22:00.772,0,GPU-c5d32af0-0857-3b36-6541-1a688a9ec165,87.63,1410,1593,0,0,73511,35,P0,500.00,Not Active,Not Active,Not Active,Not Active
2026/07/25 10:22:00.756,2026/07/25 10:22:00.740,2026/07/25 10:22:00.772,1,GPU-713d5b24-2a1e-fd4a-7685-c3d195ff9230,83.38,1410,1593,0,0,73511,33,P0,500.00,Not Active,Not Active,Not Active,Not Active
2026/07/25 10:22:01.005,2026/07/25 10:22:00.990,2026/07/25 10:22:01.020,0,GPU-c5d32af0-0857-3b36-6541-1a688a9ec165,88.00,1410,1593,0,0,73511,35,P0,500.00,Not Active,Not Active,Not Active,Not Active
2026/07/25 10:22:01.005,2026/07/25 10:22:00.990,2026/07/25 10:22:01.020,1,GPU-713d5b24-2a1e-fd4a-7685-c3d195ff9230,83.38,1410,1593,0,0,73511,33,P0,500.00,Not Active,Not Active,Not Active,Not Active
2026/07/25 10:22:01.255,2026/07/25 10:22:01.240,2026/07/25 10:22:01.270,0,GPU-c5d32af0-0857-3b36-6541-1a688a9ec165,88.00,1410,1593,0,0,73511,35,P0,500.00,Not Active,Not Active,Not Active,Not Active
2026/07/25 10:22:01.255,2026/07/25 10:22:01.240,2026/07/25 10:22:01.270,1,GPU-713d5b24-2a1e-fd4a-7685-c3d195ff9230,83.38,1410,1593,0,0,73511,33,P0,500.00,Not Active,Not Active,Not Active,Not Active
2026/07/25 10:22:01.505,2026/07/25 10:22:01.490,2026/07/25 10:22:01.519,0,GPU-c5d32af0-0857-3b36-6541-1a688a9ec165,87.72,1410,1593,0,0,73511,35,P0,500.00,Not Active,Not Active,Not Active,Not Active
2026/07/25 10:22:01.505,2026/07/25 10:22:01.490,2026/07/25 10:22:01.519,1,GPU-713d5b24-2a1e-fd4a-7685-c3d195ff9230,83.38,1410,1593,0,0,73511,33,P0,500.00,Not Active,Not Active,Not Active,Not Active
2026/07/25 10:22:01.754,2026/07/25 10:22:01.740,2026/07/25 10:22:01.768,0,GPU-c5d32af0-0857-3b36-6541-1a688a9ec165,87.90,1410,1593,0,0,73511,35,P0,500.00,Not Active,Not Active,Not Active,Not Active
2026/07/25 10:22:01.754,2026/07/25 10:22:01.740,2026/07/25 10:22:01.768,1,GPU-713d5b24-2a1e-fd4a-7685-c3d195ff9230,83.05,1410,1593,0,0,73511,33,P0,500.00,Not Active,Not Active,Not Active,Not Active
2026/07/25 10:22:02.005,2026/07/25 10:22:01.990,2026/07/25 10:22:02.020,0,GPU-c5d32af0-0857-3b36-6541-1a688a9ec165,87.90,1410,1593,0,0,73511,35,P0,500.00,Not Active,Not Active,Not Active,Not Active
2026/07/25 10:22:02.005,2026/07/25 10:22:01.990,2026/07/25 10:22:02.020,1,GPU-713d5b24-2a1e-fd4a-7685-c3d195ff9230,83.38,1410,1593,0,0,73511,33,P0,500.00,Not Active,Not Active,Not Active,Not Active
2026/07/25 10:22:02.261,2026/07/25 10:22:02.240,2026/07/25 10:22:02.282,0,GPU-c5d32af0-0857-3b36-6541-1a688a9ec165,385.90,1410,1593,93,17,73511,45,P0,500.00,Not Active,Not Active,Not Active,Not Active
2026/07/25 10:22:02.261,2026/07/25 10:22:02.240,2026/07/25 10:22:02.282,1,GPU-713d5b24-2a1e-fd4a-7685-c3d195ff9230,83.38,1410,1593,0,0,73511,32,P0,500.00,Not Active,Not Active,Not Active,Not Active
2026/07/25 10:22:02.504,2026/07/25 10:22:02.490,2026/07/25 10:22:02.518,0,GPU-c5d32af0-0857-3b36-6541-1a688a9ec165,375.61,1410,1593,100,14,73511,47,P0,500.00,Not Active,Not Active,Not Active,Not Active
2026/07/25 10:22:02.504,2026/07/25 10:22:02.490,2026/07/25 10:22:02.518,1,GPU-713d5b24-2a1e-fd4a-7685-c3d195ff9230,83.38,1410,1593,0,0,73511,32,P0,500.00,Not Active,Not Active,Not Active,Not Active
2026/07/25 10:22:02.757,2026/07/25 10:22:02.740,2026/07/25 10:22:02.775,0,GPU-c5d32af0-0857-3b36-6541-1a688a9ec165,90.35,1410,1593,71,9,73511,42,P0,500.00,Not Active,Not Active,Not Active,Not Active
2026/07/25 10:22:02.757,2026/07/25 10:22:02.740,2026/07/25 10:22:02.775,1,GPU-713d5b24-2a1e-fd4a-7685-c3d195ff9230,83.05,1410,1593,0,0,73511,33,P0,500.00,Not Active,Not Active,Not Active,Not Active
2026/07/25 10:22:03.005,2026/07/25 10:22:02.990,2026/07/25 10:22:03.020,0,GPU-c5d32af0-0857-3b36-6541-1a688a9ec165,89.43,1410,1593,0,0,73511,37,P0,500.00,Not Active,Not Active,Not Active,Not Active
2026/07/25 10:22:03.005,2026/07/25 10:22:02.990,2026/07/25 10:22:03.020,1,GPU-713d5b24-2a1e-fd4a-7685-c3d195ff9230,240.77,1410,1593,39,10,73511,37,P0,500.00,Not Active,Not Active,Not Active,Not Active
2026/07/25 10:22:03.255,2026/07/25 10:22:03.240,2026/07/25 10:22:03.269,0,GPU-c5d32af0-0857-3b36-6541-1a688a9ec165,88.23,1410,1593,0,0,73511,37,P0,500.00,Not Active,Not Active,Not Active,Not Active
2026/07/25 10:22:03.255,2026/07/25 10:22:03.240,2026/07/25 10:22:03.269,1,GPU-713d5b24-2a1e-fd4a-7685-c3d195ff9230,242.30,1410,1593,100,52,73511,39,P0,500.00,Not Active,Not Active,Not Active,Not Active
2026/07/25 10:22:03.506,2026/07/25 10:22:03.490,2026/07/25 10:22:03.522,0,GPU-c5d32af0-0857-3b36-6541-1a688a9ec165,88.23,1410,1593,0,0,73511,36,P0,500.00,Not Active,Not Active,Not Active,Not Active
2026/07/25 10:22:03.506,2026/07/25 10:22:03.490,2026/07/25 10:22:03.522,1,GPU-713d5b24-2a1e-fd4a-7685-c3d195ff9230,249.28,1410,1593,100,52,73511,39,P0,500.00,Not Active,Not Active,Not Active,Not Active
2026/07/25 10:22:03.755,2026/07/25 10:22:03.740,2026/07/25 10:22:03.770,0,GPU-c5d32af0-0857-3b36-6541-1a688a9ec165,87.90,1410,1593,0,0,73511,36,P0,500.00,Not Active,Not Active,Not Active,Not Active
2026/07/25 10:22:03.755,2026/07/25 10:22:03.740,2026/07/25 10:22:03.770,1,GPU-713d5b24-2a1e-fd4a-7685-c3d195ff9230,113.72,1410,1593,72,38,73511,39,P0,500.00,Not Active,Not Active,Not Active,Not Active
2026/07/25 10:22:04.007,2026/07/25 10:22:03.990,2026/07/25 10:22:04.023,0,GPU-c5d32af0-0857-3b36-6541-1a688a9ec165,88.00,1410,1593,0,0,73511,36,P0,500.00,Not Active,Not Active,Not Active,Not Active
2026/07/25 10:22:04.007,2026/07/25 10:22:03.990,2026/07/25 10:22:04.023,1,GPU-713d5b24-2a1e-fd4a-7685-c3d195ff9230,83.14,1410,1593,0,0,73511,35,P0,500.00,Not Active,Not Active,Not Active,Not Active
2026/07/25 10:22:04.255,2026/07/25 10:22:04.240,2026/07/25 10:22:04.269,0,GPU-c5d32af0-0857-3b36-6541-1a688a9ec165,87.90,1410,1593,0,0,73511,36,P0,500.00,Not Active,Not Active,Not Active,Not Active
2026/07/25 10:22:04.255,2026/07/25 10:22:04.240,2026/07/25 10:22:04.269,1,GPU-713d5b24-2a1e-fd4a-7685-c3d195ff9230,82.78,1410,1593,0,0,73511,34,P0,500.00,Not Active,Not Active,Not Active,Not Active
2026/07/25 10:22:04.504,2026/07/25 10:22:04.490,2026/07/25 10:22:04.517,0,GPU-c5d32af0-0857-3b36-6541-1a688a9ec165,87.90,1410,1593,0,0,73511,36,P0,500.00,Not Active,Not Active,Not Active,Not Active
2026/07/25 10:22:04.504,2026/07/25 10:22:04.490,2026/07/25 10:22:04.517,1,GPU-713d5b24-2a1e-fd4a-7685-c3d195ff9230,83.66,1410,1593,0,0,73511,33,P0,500.00,Not Active,Not Active,Not Active,Not Active
2026/07/25 10:22:04.754,2026/07/25 10:22:04.740,2026/07/25 10:22:04.768,0,GPU-c5d32af0-0857-3b36-6541-1a688a9ec165,87.90,1410,1593,0,0,73511,36,P0,500.00,Not Active,Not Active,Not Active,Not Active
2026/07/25 10:22:04.754,2026/07/25 10:22:04.740,2026/07/25 10:22:04.768,1,GPU-713d5b24-2a1e-fd4a-7685-c3d195ff9230,83.66,1410,1593,0,0,73511,33,P0,500.00,Not Active,Not Active,Not Active,Not Active
2026/07/25 10:22:05.003,2026/07/25 10:22:04.990,2026/07/25 10:22:05.016,0,GPU-c5d32af0-0857-3b36-6541-1a688a9ec165,88.23,1410,1593,0,0,73511,36,P0,500.00,Not Active,Not Active,Not Active,Not Active
2026/07/25 10:22:05.003,2026/07/25 10:22:04.990,2026/07/25 10:22:05.016,1,GPU-713d5b24-2a1e-fd4a-7685-c3d195ff9230,83.38,1410,1593,0,0,73511,33,P0,500.00,Not Active,Not Active,Not Active,Not Active
2026/07/25 10:22:05.254,2026/07/25 10:22:05.240,2026/07/25 10:22:05.267,0,GPU-c5d32af0-0857-3b36-6541-1a688a9ec165,87.63,1410,1593,0,0,73511,35,P0,500.00,Not Active,Not Active,Not Active,Not Active
2026/07/25 10:22:05.254,2026/07/25 10:22:05.240,2026/07/25 10:22:05.267,1,GPU-713d5b24-2a1e-fd4a-7685-c3d195ff9230,83.38,1410,1593,0,0,73511,33,P0,500.00,Not Active,Not Active,Not Active,Not Active
2026/07/25 10:22:05.504,2026/07/25 10:22:05.490,2026/07/25 10:22:05.518,0,GPU-c5d32af0-0857-3b36-6541-1a688a9ec165,88.00,1410,1593,0,0,73511,35,P0,500.00,Not Active,Not Active,Not Active,Not Active
2026/07/25 10:22:05.504,2026/07/25 10:22:05.490,2026/07/25 10:22:05.518,1,GPU-713d5b24-2a1e-fd4a-7685-c3d195ff9230,83.38,1410,1593,0,0,73511,33,P0,500.00,Not Active,Not Active,Not Active,Not Active
2026/07/25 10:22:05.754,2026/07/25 10:22:05.740,2026/07/25 10:22:05.768,0,GPU-c5d32af0-0857-3b36-6541-1a688a9ec165,87.63,1410,1593,0,0,73511,35,P0,500.00,Not Active,Not Active,Not Active,Not Active
2026/07/25 10:22:05.754,2026/07/25 10:22:05.740,2026/07/25 10:22:05.768,1,GPU-713d5b24-2a1e-fd4a-7685-c3d195ff9230,83.38,1410,1593,0,0,73511,33,P0,500.00,Not Active,Not Active,Not Active,Not Active
2026/07/25 10:22:06.004,2026/07/25 10:22:05.990,2026/07/25 10:22:06.017,0,GPU-c5d32af0-0857-3b36-6541-1a688a9ec165,87.90,1410,1593,0,0,73511,35,P0,500.00,Not Active,Not Active,Not Active,Not Active
2026/07/25 10:22:06.004,2026/07/25 10:22:05.990,2026/07/25 10:22:06.017,1,GPU-713d5b24-2a1e-fd4a-7685-c3d195ff9230,83.38,1410,1593,0,0,73511,33,P0,500.00,Not Active,Not Active,Not Active,Not Active
2026/07/25 10:22:06.254,2026/07/25 10:22:06.240,2026/07/25 10:22:06.267,0,GPU-c5d32af0-0857-3b36-6541-1a688a9ec165,87.72,1410,1593,0,0,73511,35,P0,500.00,Not Active,Not Active,Not Active,Not Active
2026/07/25 10:22:06.254,2026/07/25 10:22:06.240,2026/07/25 10:22:06.267,1,GPU-713d5b24-2a1e-fd4a-7685-c3d195ff9230,83.38,1410,1593,0,0,73511,33,P0,500.00,Not Active,Not Active,Not Active,Not Active
2026/07/25 10:22:06.505,2026/07/25 10:22:06.490,2026/07/25 10:22:06.519,0,GPU-c5d32af0-0857-3b36-6541-1a688a9ec165,88.00,1410,1593,0,0,73511,35,P0,500.00,Not Active,Not Active,Not Active,Not Active
2026/07/25 10:22:06.505,2026/07/25 10:22:06.490,2026/07/25 10:22:06.519,1,GPU-713d5b24-2a1e-fd4a-7685-c3d195ff9230,83.46,1410,1593,0,0,73511,33,P0,500.00,Not Active,Not Active,Not Active,Not Active
2026/07/25 10:22:06.755,2026/07/25 10:22:06.740,2026/07/25 10:22:06.769,0,GPU-c5d32af0-0857-3b36-6541-1a688a9ec165,87.90,1410,1593,0,0,73511,35,P0,500.00,Not Active,Not Active,Not Active,Not Active
2026/07/25 10:22:06.755,2026/07/25 10:22:06.740,2026/07/25 10:22:06.769,1,GPU-713d5b24-2a1e-fd4a-7685-c3d195ff9230,83.38,1410,1593,0,0,73511,32,P0,500.00,Not Active,Not Active,Not Active,Not Active
2026/07/25 10:22:07.004,2026/07/25 10:22:06.990,2026/07/25 10:22:07.018,0,GPU-c5d32af0-0857-3b36-6541-1a688a9ec165,88.00,1410,1593,0,0,73511,35,P0,500.00,Not Active,Not Active,Not Active,Not Active
2026/07/25 10:22:07.004,2026/07/25 10:22:06.990,2026/07/25 10:22:07.018,1,GPU-713d5b24-2a1e-fd4a-7685-c3d195ff9230,83.05,1410,1593,0,0,73511,32,P0,500.00,Not Active,Not Active,Not Active,Not Active
2026/07/25 10:22:07.255,2026/07/25 10:22:07.240,2026/07/25 10:22:07.269,0,GPU-c5d32af0-0857-3b36-6541-1a688a9ec165,383.50,1410,1593,7,1,73511,43,P0,500.00,Not Active,Not Active,Not Active,Not Active
2026/07/25 10:22:07.255,2026/07/25 10:22:07.240,2026/07/25 10:22:07.269,1,GPU-713d5b24-2a1e-fd4a-7685-c3d195ff9230,83.38,1410,1593,0,0,73511,32,P0,500.00,Not Active,Not Active,Not Active,Not Active
2026/07/25 10:22:07.505,2026/07/25 10:22:07.490,2026/07/25 10:22:07.520,0,GPU-c5d32af0-0857-3b36-6541-1a688a9ec165,365.93,1410,1593,100,15,73511,47,P0,500.00,Not Active,Not Active,Not Active,Not Active
2026/07/25 10:22:07.505,2026/07/25 10:22:07.490,2026/07/25 10:22:07.520,1,GPU-713d5b24-2a1e-fd4a-7685-c3d195ff9230,83.38,1410,1593,0,0,73511,32,P0,500.00,Not Active,Not Active,Not Active,Not Active
2026/07/25 10:22:07.756,2026/07/25 10:22:07.740,2026/07/25 10:22:07.772,0,GPU-c5d32af0-0857-3b36-6541-1a688a9ec165,90.44,1410,1593,16,3,73511,39,P0,500.00,Not Active,Not Active,Not Active,Not Active
2026/07/25 10:22:07.756,2026/07/25 10:22:07.740,2026/07/25 10:22:07.772,1,GPU-713d5b24-2a1e-fd4a-7685-c3d195ff9230,235.00,1410,1593,17,0,73511,36,P0,500.00,Not Active,Not Active,Not Active,Not Active
2026/07/25 10:22:08.004,2026/07/25 10:22:07.990,2026/07/25 10:22:08.018,0,GPU-c5d32af0-0857-3b36-6541-1a688a9ec165,88.50,1410,1593,0,0,73511,37,P0,500.00,Not Active,Not Active,Not Active,Not Active
2026/07/25 10:22:08.004,2026/07/25 10:22:07.990,2026/07/25 10:22:08.018,1,GPU-713d5b24-2a1e-fd4a-7685-c3d195ff9230,245.02,1410,1593,84,44,73511,38,P0,500.00,Not Active,Not Active,Not Active,Not Active
2026/07/25 10:22:08.255,2026/07/25 10:22:08.240,2026/07/25 10:22:08.270,0,GPU-c5d32af0-0857-3b36-6541-1a688a9ec165,88.23,1410,1593,0,0,73511,36,P0,500.00,Not Active,Not Active,Not Active,Not Active
2026/07/25 10:22:08.255,2026/07/25 10:22:08.240,2026/07/25 10:22:08.270,1,GPU-713d5b24-2a1e-fd4a-7685-c3d195ff9230,250.14,1410,1593,100,53,73511,39,P0,500.00,Not Active,Not Active,Not Active,Not Active
2026/07/25 10:22:08.505,2026/07/25 10:22:08.490,2026/07/25 10:22:08.520,0,GPU-c5d32af0-0857-3b36-6541-1a688a9ec165,88.23,1410,1593,0,0,73511,36,P0,500.00,Not Active,Not Active,Not Active,Not Active
2026/07/25 10:22:08.505,2026/07/25 10:22:08.490,2026/07/25 10:22:08.520,1,GPU-713d5b24-2a1e-fd4a-7685-c3d195ff9230,242.57,1410,1593,100,53,73511,39,P0,500.00,Not Active,Not Active,Not Active,Not Active
2026/07/25 10:22:08.755,2026/07/25 10:22:08.740,2026/07/25 10:22:08.769,0,GPU-c5d32af0-0857-3b36-6541-1a688a9ec165,87.90,1410,1593,0,0,73511,36,P0,500.00,Not Active,Not Active,Not Active,Not Active
2026/07/25 10:22:08.755,2026/07/25 10:22:08.740,2026/07/25 10:22:08.769,1,GPU-713d5b24-2a1e-fd4a-7685-c3d195ff9230,241.40,1410,1593,100,53,73511,38,P0,500.00,Not Active,Not Active,Not Active,Not Active
2026/07/25 10:22:09.010,2026/07/25 10:22:08.990,2026/07/25 10:22:09.030,0,GPU-c5d32af0-0857-3b36-6541-1a688a9ec165,88.32,1410,1593,0,0,73511,36,P0,500.00,Not Active,Not Active,Not Active,Not Active
2026/07/25 10:22:09.010,2026/07/25 10:22:08.990,2026/07/25 10:22:09.030,1,GPU-713d5b24-2a1e-fd4a-7685-c3d195ff9230,83.05,1410,1593,0,0,73511,35,P0,500.00,Not Active,Not Active,Not Active,Not Active
2026/07/25 10:22:09.254,2026/07/25 10:22:09.240,2026/07/25 10:22:09.268,0,GPU-c5d32af0-0857-3b36-6541-1a688a9ec165,87.90,1410,1593,0,0,73511,36,P0,500.00,Not Active,Not Active,Not Active,Not Active
2026/07/25 10:22:09.254,2026/07/25 10:22:09.240,2026/07/25 10:22:09.268,1,GPU-713d5b24-2a1e-fd4a-7685-c3d195ff9230,82.78,1410,1593,0,0,73511,34,P0,500.00,Not Active,Not Active,Not Active,Not Active
2026/07/25 10:22:09.505,2026/07/25 10:22:09.490,2026/07/25 10:22:09.520,0,GPU-c5d32af0-0857-3b36-6541-1a688a9ec165,87.90,1410,1593,0,0,73511,36,P0,500.00,Not Active,Not Active,Not Active,Not Active
2026/07/25 10:22:09.505,2026/07/25 10:22:09.490,2026/07/25 10:22:09.520,1,GPU-713d5b24-2a1e-fd4a-7685-c3d195ff9230,83.66,1410,1593,0,0,73511,33,P0,500.00,Not Active,Not Active,Not Active,Not Active
2026/07/25 10:22:09.755,2026/07/25 10:22:09.740,2026/07/25 10:22:09.769,0,GPU-c5d32af0-0857-3b36-6541-1a688a9ec165,87.90,1410,1593,0,0,73511,35,P0,500.00,Not Active,Not Active,Not Active,Not Active
2026/07/25 10:22:09.755,2026/07/25 10:22:09.740,2026/07/25 10:22:09.769,1,GPU-713d5b24-2a1e-fd4a-7685-c3d195ff9230,83.66,1410,1593,0,0,73511,33,P0,500.00,Not Active,Not Active,Not Active,Not Active
2026/07/25 10:22:10.005,2026/07/25 10:22:09.990,2026/07/25 10:22:10.019,0,GPU-c5d32af0-0857-3b36-6541-1a688a9ec165,88.00,1410,1593,0,0,73511,35,P0,500.00,Not Active,Not Active,Not Active,Not Active
2026/07/25 10:22:10.005,2026/07/25 10:22:09.990,2026/07/25 10:22:10.019,1,GPU-713d5b24-2a1e-fd4a-7685-c3d195ff9230,83.38,1410,1593,0,0,73511,33,P0,500.00,Not Active,Not Active,Not Active,Not Active
2026/07/25 10:22:10.254,2026/07/25 10:22:10.240,2026/07/25 10:22:10.268,0,GPU-c5d32af0-0857-3b36-6541-1a688a9ec165,87.72,1410,1593,0,0,73511,35,P0,500.00,Not Active,Not Active,Not Active,Not Active
2026/07/25 10:22:10.254,2026/07/25 10:22:10.240,2026/07/25 10:22:10.268,1,GPU-713d5b24-2a1e-fd4a-7685-c3d195ff9230,83.46,1410,1593,0,0,73511,33,P0,500.00,Not Active,Not Active,Not Active,Not Active
2026/07/25 10:22:10.505,2026/07/25 10:22:10.490,2026/07/25 10:22:10.519,0,GPU-c5d32af0-0857-3b36-6541-1a688a9ec165,87.63,1410,1593,0,0,73511,35,P0,500.00,Not Active,Not Active,Not Active,Not Active
2026/07/25 10:22:10.505,2026/07/25 10:22:10.490,2026/07/25 10:22:10.519,1,GPU-713d5b24-2a1e-fd4a-7685-c3d195ff9230,83.46,1410,1593,0,0,73511,33,P0,500.00,Not Active,Not Active,Not Active,Not Active
2026/07/25 10:22:10.754,2026/07/25 10:22:10.740,2026/07/25 10:22:10.768,0,GPU-c5d32af0-0857-3b36-6541-1a688a9ec165,88.00,1410,1593,0,0,73511,35,P0,500.00,Not Active,Not Active,Not Active,Not Active
2026/07/25 10:22:10.754,2026/07/25 10:22:10.740,2026/07/25 10:22:10.768,1,GPU-713d5b24-2a1e-fd4a-7685-c3d195ff9230,83.38,1410,1593,0,0,73511,33,P0,500.00,Not Active,Not Active,Not Active,Not Active
2026/07/25 10:22:11.005,2026/07/25 10:22:10.990,2026/07/25 10:22:11.019,0,GPU-c5d32af0-0857-3b36-6541-1a688a9ec165,88.00,1410,1593,0,0,73511,35,P0,500.00,Not Active,Not Active,Not Active,Not Active
2026/07/25 10:22:11.005,2026/07/25 10:22:10.990,2026/07/25 10:22:11.019,1,GPU-713d5b24-2a1e-fd4a-7685-c3d195ff9230,83.38,1410,1593,0,0,73511,33,P0,500.00,Not Active,Not Active,Not Active,Not Active
2026/07/25 10:22:11.255,2026/07/25 10:22:11.240,2026/07/25 10:22:11.269,0,GPU-c5d32af0-0857-3b36-6541-1a688a9ec165,87.72,1410,1593,0,0,73511,35,P0,500.00,Not Active,Not Active,Not Active,Not Active
2026/07/25 10:22:11.255,2026/07/25 10:22:11.240,2026/07/25 10:22:11.269,1,GPU-713d5b24-2a1e-fd4a-7685-c3d195ff9230,83.38,1410,1593,0,0,73511,33,P0,500.00,Not Active,Not Active,Not Active,Not Active
2026/07/25 10:22:11.505,2026/07/25 10:22:11.490,2026/07/25 10:22:11.521,0,GPU-c5d32af0-0857-3b36-6541-1a688a9ec165,87.72,1410,1593,0,0,73511,35,P0,500.00,Not Active,Not Active,Not Active,Not Active
2026/07/25 10:22:11.505,2026/07/25 10:22:11.490,2026/07/25 10:22:11.521,1,GPU-713d5b24-2a1e-fd4a-7685-c3d195ff9230,83.38,1410,1593,0,0,73511,32,P0,500.00,Not Active,Not Active,Not Active,Not Active
2026/07/25 10:22:11.754,2026/07/25 10:22:11.740,2026/07/25 10:22:11.767,0,GPU-c5d32af0-0857-3b36-6541-1a688a9ec165,87.63,1410,1593,0,0,73511,35,P0,500.00,Not Active,Not Active,Not Active,Not Active
2026/07/25 10:22:11.754,2026/07/25 10:22:11.740,2026/07/25 10:22:11.767,1,GPU-713d5b24-2a1e-fd4a-7685-c3d195ff9230,83.38,1410,1593,0,0,73511,32,P0,500.00,Not Active,Not Active,Not Active,Not Active
2026/07/25 10:22:12.006,2026/07/25 10:22:11.990,2026/07/25 10:22:12.022,0,GPU-c5d32af0-0857-3b36-6541-1a688a9ec165,87.63,1410,1593,0,0,73511,35,P0,500.00,Not Active,Not Active,Not Active,Not Active
2026/07/25 10:22:12.006,2026/07/25 10:22:11.990,2026/07/25 10:22:12.022,1,GPU-713d5b24-2a1e-fd4a-7685-c3d195ff9230,83.38,1410,1593,0,0,73511,32,P0,500.00,Not Active,Not Active,Not Active,Not Active
2026/07/25 10:22:12.255,2026/07/25 10:22:12.240,2026/07/25 10:22:12.269,0,GPU-c5d32af0-0857-3b36-6541-1a688a9ec165,375.34,1410,1593,19,4,73511,45,P0,500.00,Not Active,Not Active,Not Active,Not Active
2026/07/25 10:22:12.255,2026/07/25 10:22:12.240,2026/07/25 10:22:12.269,1,GPU-713d5b24-2a1e-fd4a-7685-c3d195ff9230,83.29,1410,1593,0,0,73511,32,P0,500.00,Not Active,Not Active,Not Active,Not Active
2026/07/25 10:22:12.504,2026/07/25 10:22:12.490,2026/07/25 10:22:12.519,0,GPU-c5d32af0-0857-3b36-6541-1a688a9ec165,374.69,1410,1593,100,17,73511,47,P0,500.00,Not Active,Not Active,Not Active,Not Active
2026/07/25 10:22:12.504,2026/07/25 10:22:12.490,2026/07/25 10:22:12.519,1,GPU-713d5b24-2a1e-fd4a-7685-c3d195ff9230,83.38,1410,1593,0,0,73511,32,P0,500.00,Not Active,Not Active,Not Active,Not Active
2026/07/25 10:22:12.755,2026/07/25 10:22:12.740,2026/07/25 10:22:12.771,0,GPU-c5d32af0-0857-3b36-6541-1a688a9ec165,380.46,1410,1593,100,12,73511,48,P0,500.00,Not Active,Not Active,Not Active,Not Active
2026/07/25 10:22:12.755,2026/07/25 10:22:12.740,2026/07/25 10:22:12.771,1,GPU-713d5b24-2a1e-fd4a-7685-c3d195ff9230,83.38,1410,1593,0,0,73511,32,P0,500.00,Not Active,Not Active,Not Active,Not Active
2026/07/25 10:22:13.006,2026/07/25 10:22:12.990,2026/07/25 10:22:13.022,0,GPU-c5d32af0-0857-3b36-6541-1a688a9ec165,89.75,1410,1593,14,2,73511,39,P0,500.00,Not Active,Not Active,Not Active,Not Active
2026/07/25 10:22:13.006,2026/07/25 10:22:12.990,2026/07/25 10:22:13.022,1,GPU-713d5b24-2a1e-fd4a-7685-c3d195ff9230,94.60,1410,1593,13,0,73511,35,P0,500.00,Not Active,Not Active,Not Active,Not Active
2026/07/25 10:22:13.256,2026/07/25 10:22:13.240,2026/07/25 10:22:13.272,0,GPU-c5d32af0-0857-3b36-6541-1a688a9ec165,88.82,1410,1593,0,0,73511,37,P0,500.00,Not Active,Not Active,Not Active,Not Active
2026/07/25 10:22:13.256,2026/07/25 10:22:13.240,2026/07/25 10:22:13.272,1,GPU-713d5b24-2a1e-fd4a-7685-c3d195ff9230,242.65,1410,1593,100,52,73511,37,P0,500.00,Not Active,Not Active,Not Active,Not Active
2026/07/25 10:22:13.504,2026/07/25 10:22:13.490,2026/07/25 10:22:13.518,0,GPU-c5d32af0-0857-3b36-6541-1a688a9ec165,88.23,1410,1593,0,0,73511,37,P0,500.00,Not Active,Not Active,Not Active,Not Active
2026/07/25 10:22:13.504,2026/07/25 10:22:13.490,2026/07/25 10:22:13.518,1,GPU-713d5b24-2a1e-fd4a-7685-c3d195ff9230,243.52,1410,1593,100,52,73511,39,P0,500.00,Not Active,Not Active,Not Active,Not Active
2026/07/25 10:22:13.755,2026/07/25 10:22:13.740,2026/07/25 10:22:13.769,0,GPU-c5d32af0-0857-3b36-6541-1a688a9ec165,88.23,1410,1593,0,0,73511,36,P0,500.00,Not Active,Not Active,Not Active,Not Active
2026/07/25 10:22:13.755,2026/07/25 10:22:13.740,2026/07/25 10:22:13.769,1,GPU-713d5b24-2a1e-fd4a-7685-c3d195ff9230,244.77,1410,1593,100,52,73511,39,P0,500.00,Not Active,Not Active,Not Active,Not Active
2026/07/25 10:22:14.006,2026/07/25 10:22:13.990,2026/07/25 10:22:14.022,0,GPU-c5d32af0-0857-3b36-6541-1a688a9ec165,88.23,1410,1593,0,0,73511,36,P0,500.00,Not Active,Not Active,Not Active,Not Active
2026/07/25 10:22:14.006,2026/07/25 10:22:13.990,2026/07/25 10:22:14.022,1,GPU-713d5b24-2a1e-fd4a-7685-c3d195ff9230,239.27,1410,1593,100,52,73511,39,P0,500.00,Not Active,Not Active,Not Active,Not Active
2026/07/25 10:22:14.255,2026/07/25 10:22:14.240,2026/07/25 10:22:14.269,0,GPU-c5d32af0-0857-3b36-6541-1a688a9ec165,88.00,1410,1593,0,0,73511,36,P0,500.00,Not Active,Not Active,Not Active,Not Active
2026/07/25 10:22:14.255,2026/07/25 10:22:14.240,2026/07/25 10:22:14.269,1,GPU-713d5b24-2a1e-fd4a-7685-c3d195ff9230,87.72,1410,1593,100,52,73511,36,P0,500.00,Not Active,Not Active,Not Active,Not Active
2026/07/25 10:22:14.510,2026/07/25 10:22:14.490,2026/07/25 10:22:14.529,0,GPU-c5d32af0-0857-3b36-6541-1a688a9ec165,88.23,1410,1593,0,0,73511,36,P0,500.00,Not Active,Not Active,Not Active,Not Active
2026/07/25 10:22:14.510,2026/07/25 10:22:14.490,2026/07/25 10:22:14.529,1,GPU-713d5b24-2a1e-fd4a-7685-c3d195ff9230,83.05,1410,1593,0,0,73511,35,P0,500.00,Not Active,Not Active,Not Active,Not Active
2026/07/25 10:22:14.767,2026/07/25 10:22:14.740,2026/07/25 10:22:14.793,0,GPU-c5d32af0-0857-3b36-6541-1a688a9ec165,88.00,1410,1593,0,0,73511,36,P0,500.00,Not Active,Not Active,Not Active,Not Active
2026/07/25 10:22:14.767,2026/07/25 10:22:14.740,2026/07/25 10:22:14.793,1,GPU-713d5b24-2a1e-fd4a-7685-c3d195ff9230,84.34,1410,1593,0,0,73511,34,P0,500.00,Not Active,Not Active,Not Active,Not Active
2026/07/25 10:22:15.004,2026/07/25 10:22:14.990,2026/07/25 10:22:15.018,0,GPU-c5d32af0-0857-3b36-6541-1a688a9ec165,88.23,1410,1593,0,0,73511,36,P0,500.00,Not Active,Not Active,Not Active,Not Active
2026/07/25 10:22:15.004,2026/07/25 10:22:14.990,2026/07/25 10:22:15.018,1,GPU-713d5b24-2a1e-fd4a-7685-c3d195ff9230,83.74,1410,1593,0,0,73511,33,P0,500.00,Not Active,Not Active,Not Active,Not Active
2026/07/25 10:22:15.254,2026/07/25 10:22:15.240,2026/07/25 10:22:15.268,0,GPU-c5d32af0-0857-3b36-6541-1a688a9ec165,88.32,1410,1593,0,0,73511,36,P0,500.00,Not Active,Not Active,Not Active,Not Active
2026/07/25 10:22:15.254,2026/07/25 10:22:15.240,2026/07/25 10:22:15.268,1,GPU-713d5b24-2a1e-fd4a-7685-c3d195ff9230,83.66,1410,1593,0,0,73511,33,P0,500.00,Not Active,Not Active,Not Active,Not Active
2026/07/25 10:22:15.505,2026/07/25 10:22:15.490,2026/07/25 10:22:15.519,0,GPU-c5d32af0-0857-3b36-6541-1a688a9ec165,87.90,1410,1593,0,0,73511,36,P0,500.00,Not Active,Not Active,Not Active,Not Active
2026/07/25 10:22:15.505,2026/07/25 10:22:15.490,2026/07/25 10:22:15.519,1,GPU-713d5b24-2a1e-fd4a-7685-c3d195ff9230,83.38,1410,1593,0,0,73511,33,P0,500.00,Not Active,Not Active,Not Active,Not Active
2026/07/25 10:22:15.755,2026/07/25 10:22:15.740,2026/07/25 10:22:15.769,0,GPU-c5d32af0-0857-3b36-6541-1a688a9ec165,87.90,1410,1593,0,0,73511,35,P0,500.00,Not Active,Not Active,Not Active,Not Active
2026/07/25 10:22:15.755,2026/07/25 10:22:15.740,2026/07/25 10:22:15.769,1,GPU-713d5b24-2a1e-fd4a-7685-c3d195ff9230,83.38,1410,1593,0,0,73511,33,P0,500.00,Not Active,Not Active,Not Active,Not Active
2026/07/25 10:22:16.005,2026/07/25 10:22:15.990,2026/07/25 10:22:16.020,0,GPU-c5d32af0-0857-3b36-6541-1a688a9ec165,87.63,1410,1593,0,0,73511,35,P0,500.00,Not Active,Not Active,Not Active,Not Active
2026/07/25 10:22:16.005,2026/07/25 10:22:15.990,2026/07/25 10:22:16.020,1,GPU-713d5b24-2a1e-fd4a-7685-c3d195ff9230,83.38,1410,1593,0,0,73511,33,P0,500.00,Not Active,Not Active,Not Active,Not Active
2026/07/25 10:22:16.254,2026/07/25 10:22:16.240,2026/07/25 10:22:16.268,0,GPU-c5d32af0-0857-3b36-6541-1a688a9ec165,87.72,1410,1593,0,0,73511,35,P0,500.00,Not Active,Not Active,Not Active,Not Active
2026/07/25 10:22:16.254,2026/07/25 10:22:16.240,2026/07/25 10:22:16.268,1,GPU-713d5b24-2a1e-fd4a-7685-c3d195ff9230,83.38,1410,1593,0,0,73511,33,P0,500.00,Not Active,Not Active,Not Active,Not Active
2026/07/25 10:22:16.506,2026/07/25 10:22:16.490,2026/07/25 10:22:16.522,0,GPU-c5d32af0-0857-3b36-6541-1a688a9ec165,88.59,1410,1593,0,0,73511,35,P0,500.00,Not Active,Not Active,Not Active,Not Active
2026/07/25 10:22:16.506,2026/07/25 10:22:16.490,2026/07/25 10:22:16.522,1,GPU-713d5b24-2a1e-fd4a-7685-c3d195ff9230,83.38,1410,1593,0,0,73511,33,P0,500.00,Not Active,Not Active,Not Active,Not Active
2026/07/25 10:22:16.755,2026/07/25 10:22:16.740,2026/07/25 10:22:16.769,0,GPU-c5d32af0-0857-3b36-6541-1a688a9ec165,87.90,1410,1593,0,0,73511,35,P0,500.00,Not Active,Not Active,Not Active,Not Active
2026/07/25 10:22:16.755,2026/07/25 10:22:16.740,2026/07/25 10:22:16.769,1,GPU-713d5b24-2a1e-fd4a-7685-c3d195ff9230,83.38,1410,1593,0,0,73511,33,P0,500.00,Not Active,Not Active,Not Active,Not Active
2026/07/25 10:22:17.005,2026/07/25 10:22:16.990,2026/07/25 10:22:17.020,0,GPU-c5d32af0-0857-3b36-6541-1a688a9ec165,87.72,1410,1593,0,0,73511,35,P0,500.00,Not Active,Not Active,Not Active,Not Active
2026/07/25 10:22:17.005,2026/07/25 10:22:16.990,2026/07/25 10:22:17.020,1,GPU-713d5b24-2a1e-fd4a-7685-c3d195ff9230,83.38,1410,1593,0,0,73511,33,P0,500.00,Not Active,Not Active,Not Active,Not Active
2026/07/25 10:22:17.256,2026/07/25 10:22:17.240,2026/07/25 10:22:17.271,0,GPU-c5d32af0-0857-3b36-6541-1a688a9ec165,377.74,1410,1593,35,7,73511,45,P0,500.00,Not Active,Not Active,Not Active,Not Active
2026/07/25 10:22:17.256,2026/07/25 10:22:17.240,2026/07/25 10:22:17.271,1,GPU-713d5b24-2a1e-fd4a-7685-c3d195ff9230,83.38,1410,1593,0,0,73511,32,P0,500.00,Not Active,Not Active,Not Active,Not Active
2026/07/25 10:22:17.505,2026/07/25 10:22:17.490,2026/07/25 10:22:17.520,0,GPU-c5d32af0-0857-3b36-6541-1a688a9ec165,378.27,1410,1593,100,16,73511,47,P0,500.00,Not Active,Not Active,Not Active,Not Active
2026/07/25 10:22:17.505,2026/07/25 10:22:17.490,2026/07/25 10:22:17.520,1,GPU-713d5b24-2a1e-fd4a-7685-c3d195ff9230,83.38,1410,1593,0,0,73511,32,P0,500.00,Not Active,Not Active,Not Active,Not Active
2026/07/25 10:22:17.756,2026/07/25 10:22:17.740,2026/07/25 10:22:17.772,0,GPU-c5d32af0-0857-3b36-6541-1a688a9ec165,107.02,1410,1593,100,13,73511,46,P0,500.00,Not Active,Not Active,Not Active,Not Active
2026/07/25 10:22:17.756,2026/07/25 10:22:17.740,2026/07/25 10:22:17.772,1,GPU-713d5b24-2a1e-fd4a-7685-c3d195ff9230,83.38,1410,1593,0,0,73511,32,P0,500.00,Not Active,Not Active,Not Active,Not Active
2026/07/25 10:22:18.007,2026/07/25 10:22:17.990,2026/07/25 10:22:18.024,0,GPU-c5d32af0-0857-3b36-6541-1a688a9ec165,89.75,1410,1593,72,11,73511,39,P0,500.00,Not Active,Not Active,Not Active,Not Active
2026/07/25 10:22:18.007,2026/07/25 10:22:17.990,2026/07/25 10:22:18.024,1,GPU-713d5b24-2a1e-fd4a-7685-c3d195ff9230,241.40,1410,1593,43,12,73511,37,P0,500.00,Not Active,Not Active,Not Active,Not Active
2026/07/25 10:22:18.258,2026/07/25 10:22:18.240,2026/07/25 10:22:18.276,0,GPU-c5d32af0-0857-3b36-6541-1a688a9ec165,88.82,1410,1593,0,0,73511,37,P0,500.00,Not Active,Not Active,Not Active,Not Active
2026/07/25 10:22:18.258,2026/07/25 10:22:18.240,2026/07/25 10:22:18.276,1,GPU-713d5b24-2a1e-fd4a-7685-c3d195ff9230,248.69,1410,1593,100,52,73511,38,P0,500.00,Not Active,Not Active,Not Active,Not Active
2026/07/25 10:22:18.506,2026/07/25 10:22:18.490,2026/07/25 10:22:18.521,0,GPU-c5d32af0-0857-3b36-6541-1a688a9ec165,88.50,1410,1593,0,0,73511,37,P0,500.00,Not Active,Not Active,Not Active,Not Active
2026/07/25 10:22:18.506,2026/07/25 10:22:18.490,2026/07/25 10:22:18.521,1,GPU-713d5b24-2a1e-fd4a-7685-c3d195ff9230,250.47,1410,1593,100,52,73511,39,P0,500.00,Not Active,Not Active,Not Active,Not Active
2026/07/25 10:22:18.756,2026/07/25 10:22:18.740,2026/07/25 10:22:18.771,0,GPU-c5d32af0-0857-3b36-6541-1a688a9ec165,88.23,1410,1593,0,0,73511,36,P0,500.00,Not Active,Not Active,Not Active,Not Active
2026/07/25 10:22:18.756,2026/07/25 10:22:18.740,2026/07/25 10:22:18.771,1,GPU-713d5b24-2a1e-fd4a-7685-c3d195ff9230,247.74,1410,1593,100,52,73511,39,P0,500.00,Not Active,Not Active,Not Active,Not Active
2026/07/25 10:22:19.006,2026/07/25 10:22:18.990,2026/07/25 10:22:19.022,0,GPU-c5d32af0-0857-3b36-6541-1a688a9ec165,88.23,1410,1593,0,0,73511,36,P0,500.00,Not Active,Not Active,Not Active,Not Active
2026/07/25 10:22:19.006,2026/07/25 10:22:18.990,2026/07/25 10:22:19.022,1,GPU-713d5b24-2a1e-fd4a-7685-c3d195ff9230,244.17,1410,1593,100,52,73511,40,P0,500.00,Not Active,Not Active,Not Active,Not Active
2026/07/25 10:22:19.254,2026/07/25 10:22:19.240,2026/07/25 10:22:19.268,0,GPU-c5d32af0-0857-3b36-6541-1a688a9ec165,87.90,1410,1593,0,0,73511,36,P0,500.00,Not Active,Not Active,Not Active,Not Active
2026/07/25 10:22:19.254,2026/07/25 10:22:19.240,2026/07/25 10:22:19.268,1,GPU-713d5b24-2a1e-fd4a-7685-c3d195ff9230,245.97,1410,1593,100,52,73511,38,P0,500.00,Not Active,Not Active,Not Active,Not Active
2026/07/25 10:22:19.506,2026/07/25 10:22:19.490,2026/07/25 10:22:19.522,0,GPU-c5d32af0-0857-3b36-6541-1a688a9ec165,88.32,1410,1593,0,0,73511,36,P0,500.00,Not Active,Not Active,Not Active,Not Active
2026/07/25 10:22:19.506,2026/07/25 10:22:19.490,2026/07/25 10:22:19.522,1,GPU-713d5b24-2a1e-fd4a-7685-c3d195ff9230,83.74,1410,1593,0,0,73511,35,P0,500.00,Not Active,Not Active,Not Active,Not Active
2026/07/25 10:22:19.753,2026/07/25 10:22:19.740,2026/07/25 10:22:19.766,0,GPU-c5d32af0-0857-3b36-6541-1a688a9ec165,88.23,1410,1593,0,0,73511,36,P0,500.00,Not Active,Not Active,Not Active,Not Active
2026/07/25 10:22:19.753,2026/07/25 10:22:19.740,2026/07/25 10:22:19.766,1,GPU-713d5b24-2a1e-fd4a-7685-c3d195ff9230,82.78,1410,1593,0,0,73511,34,P0,500.00,Not Active,Not Active,Not Active,Not Active
2026/07/25 10:22:20.004,2026/07/25 10:22:19.990,2026/07/25 10:22:20.017,0,GPU-c5d32af0-0857-3b36-6541-1a688a9ec165,88.00,1410,1593,0,0,73511,36,P0,500.00,Not Active,Not Active,Not Active,Not Active
2026/07/25 10:22:20.004,2026/07/25 10:22:19.990,2026/07/25 10:22:20.017,1,GPU-713d5b24-2a1e-fd4a-7685-c3d195ff9230,83.66,1410,1593,0,0,73511,34,P0,500.00,Not Active,Not Active,Not Active,Not Active
2026/07/25 10:22:20.254,2026/07/25 10:22:20.240,2026/07/25 10:22:20.267,0,GPU-c5d32af0-0857-3b36-6541-1a688a9ec165,87.90,1410,1593,0,0,73511,36,P0,500.00,Not Active,Not Active,Not Active,Not Active
2026/07/25 10:22:20.254,2026/07/25 10:22:20.240,2026/07/25 10:22:20.267,1,GPU-713d5b24-2a1e-fd4a-7685-c3d195ff9230,83.66,1410,1593,0,0,73511,33,P0,500.00,Not Active,Not Active,Not Active,Not Active
2026/07/25 10:22:20.503,2026/07/25 10:22:20.490,2026/07/25 10:22:20.516,0,GPU-c5d32af0-0857-3b36-6541-1a688a9ec165,87.90,1410,1593,0,0,73511,36,P0,500.00,Not Active,Not Active,Not Active,Not Active
2026/07/25 10:22:20.503,2026/07/25 10:22:20.490,2026/07/25 10:22:20.516,1,GPU-713d5b24-2a1e-fd4a-7685-c3d195ff9230,83.66,1410,1593,0,0,73511,33,P0,500.00,Not Active,Not Active,Not Active,Not Active
2026/07/25 10:22:20.753,2026/07/25 10:22:20.740,2026/07/25 10:22:20.766,0,GPU-c5d32af0-0857-3b36-6541-1a688a9ec165,87.90,1410,1593,0,0,73511,35,P0,500.00,Not Active,Not Active,Not Active,Not Active
2026/07/25 10:22:20.753,2026/07/25 10:22:20.740,2026/07/25 10:22:20.766,1,GPU-713d5b24-2a1e-fd4a-7685-c3d195ff9230,83.66,1410,1593,0,0,73511,33,P0,500.00,Not Active,Not Active,Not Active,Not Active
2026/07/25 10:22:21.003,2026/07/25 10:22:20.990,2026/07/25 10:22:21.016,0,GPU-c5d32af0-0857-3b36-6541-1a688a9ec165,87.90,1410,1593,0,0,73511,35,P0,500.00,Not Active,Not Active,Not Active,Not Active
2026/07/25 10:22:21.003,2026/07/25 10:22:20.990,2026/07/25 10:22:21.016,1,GPU-713d5b24-2a1e-fd4a-7685-c3d195ff9230,83.38,1410,1593,0,0,73511,33,P0,500.00,Not Active,Not Active,Not Active,Not Active
2026/07/25 10:22:21.254,2026/07/25 10:22:21.240,2026/07/25 10:22:21.268,0,GPU-c5d32af0-0857-3b36-6541-1a688a9ec165,88.00,1410,1593,0,0,73511,35,P0,500.00,Not Active,Not Active,Not Active,Not Active
2026/07/25 10:22:21.254,2026/07/25 10:22:21.240,2026/07/25 10:22:21.268,1,GPU-713d5b24-2a1e-fd4a-7685-c3d195ff9230,83.46,1410,1593,0,0,73511,33,P0,500.00,Not Active,Not Active,Not Active,Not Active
2026/07/25 10:22:21.505,2026/07/25 10:22:21.490,2026/07/25 10:22:21.519,0,GPU-c5d32af0-0857-3b36-6541-1a688a9ec165,88.00,1410,1593,0,0,73511,35,P0,500.00,Not Active,Not Active,Not Active,Not Active
2026/07/25 10:22:21.505,2026/07/25 10:22:21.490,2026/07/25 10:22:21.519,1,GPU-713d5b24-2a1e-fd4a-7685-c3d195ff9230,83.38,1410,1593,0,0,73511,33,P0,500.00,Not Active,Not Active,Not Active,Not Active
2026/07/25 10:22:21.753,2026/07/25 10:22:21.740,2026/07/25 10:22:21.766,0,GPU-c5d32af0-0857-3b36-6541-1a688a9ec165,87.90,1410,1593,0,0,73511,35,P0,500.00,Not Active,Not Active,Not Active,Not Active
2026/07/25 10:22:21.753,2026/07/25 10:22:21.740,2026/07/25 10:22:21.766,1,GPU-713d5b24-2a1e-fd4a-7685-c3d195ff9230,83.38,1410,1593,0,0,73511,33,P0,500.00,Not Active,Not Active,Not Active,Not Active
2026/07/25 10:22:22.004,2026/07/25 10:22:21.990,2026/07/25 10:22:22.018,0,GPU-c5d32af0-0857-3b36-6541-1a688a9ec165,87.90,1410,1593,0,0,73511,35,P0,500.00,Not Active,Not Active,Not Active,Not Active
2026/07/25 10:22:22.004,2026/07/25 10:22:21.990,2026/07/25 10:22:22.018,1,GPU-713d5b24-2a1e-fd4a-7685-c3d195ff9230,83.38,1410,1593,0,0,73511,33,P0,500.00,Not Active,Not Active,Not Active,Not Active
2026/07/25 10:22:22.255,2026/07/25 10:22:22.240,2026/07/25 10:22:22.269,0,GPU-c5d32af0-0857-3b36-6541-1a688a9ec165,387.42,1410,1593,48,9,73511,45,P0,500.00,Not Active,Not Active,Not Active,Not Active
2026/07/25 10:22:22.255,2026/07/25 10:22:22.240,2026/07/25 10:22:22.269,1,GPU-713d5b24-2a1e-fd4a-7685-c3d195ff9230,83.38,1410,1593,0,0,73511,33,P0,500.00,Not Active,Not Active,Not Active,Not Active
2026/07/25 10:22:22.506,2026/07/25 10:22:22.490,2026/07/25 10:22:22.521,0,GPU-c5d32af0-0857-3b36-6541-1a688a9ec165,373.22,1410,1593,100,16,73511,47,P0,500.00,Not Active,Not Active,Not Active,Not Active
2026/07/25 10:22:22.506,2026/07/25 10:22:22.490,2026/07/25 10:22:22.521,1,GPU-713d5b24-2a1e-fd4a-7685-c3d195ff9230,83.38,1410,1593,0,0,73511,33,P0,500.00,Not Active,Not Active,Not Active,Not Active
2026/07/25 10:22:22.757,2026/07/25 10:22:22.740,2026/07/25 10:22:22.773,0,GPU-c5d32af0-0857-3b36-6541-1a688a9ec165,364.63,1410,1593,100,12,73511,48,P0,500.00,Not Active,Not Active,Not Active,Not Active
2026/07/25 10:22:22.757,2026/07/25 10:22:22.740,2026/07/25 10:22:22.773,1,GPU-713d5b24-2a1e-fd4a-7685-c3d195ff9230,83.38,1410,1593,0,0,73511,32,P0,500.00,Not Active,Not Active,Not Active,Not Active
2026/07/25 10:22:23.011,2026/07/25 10:22:22.990,2026/07/25 10:22:23.031,0,GPU-c5d32af0-0857-3b36-6541-1a688a9ec165,90.63,1410,1593,14,2,73511,39,P0,500.00,Not Active,Not Active,Not Active,Not Active
2026/07/25 10:22:23.011,2026/07/25 10:22:22.990,2026/07/25 10:22:23.031,1,GPU-713d5b24-2a1e-fd4a-7685-c3d195ff9230,133.70,1410,1593,17,0,73511,33,P0,500.00,Not Active,Not Active,Not Active,Not Active
2026/07/25 10:22:23.255,2026/07/25 10:22:23.240,2026/07/25 10:22:23.270,0,GPU-c5d32af0-0857-3b36-6541-1a688a9ec165,89.16,1410,1593,0,0,73511,38,P0,500.00,Not Active,Not Active,Not Active,Not Active
2026/07/25 10:22:23.255,2026/07/25 10:22:23.240,2026/07/25 10:22:23.270,1,GPU-713d5b24-2a1e-fd4a-7685-c3d195ff9230,243.25,1410,1593,75,35,73511,38,P0,500.00,Not Active,Not Active,Not Active,Not Active
2026/07/25 10:22:23.505,2026/07/25 10:22:23.490,2026/07/25 10:22:23.519,0,GPU-c5d32af0-0857-3b36-6541-1a688a9ec165,88.50,1410,1593,0,0,73511,37,P0,500.00,Not Active,Not Active,Not Active,Not Active
2026/07/25 10:22:23.505,2026/07/25 10:22:23.490,2026/07/25 10:22:23.519,1,GPU-713d5b24-2a1e-fd4a-7685-c3d195ff9230,247.15,1410,1593,100,52,73511,38,P0,500.00,Not Active,Not Active,Not Active,Not Active
2026/07/25 10:22:23.755,2026/07/25 10:22:23.740,2026/07/25 10:22:23.771,0,GPU-c5d32af0-0857-3b36-6541-1a688a9ec165,88.50,1410,1593,0,0,73511,36,P0,500.00,Not Active,Not Active,Not Active,Not Active
2026/07/25 10:22:23.755,2026/07/25 10:22:23.740,2026/07/25 10:22:23.771,1,GPU-713d5b24-2a1e-fd4a-7685-c3d195ff9230,239.00,1410,1593,100,52,73511,39,P0,500.00,Not Active,Not Active,Not Active,Not Active
2026/07/25 10:22:24.004,2026/07/25 10:22:23.990,2026/07/25 10:22:24.018,0,GPU-c5d32af0-0857-3b36-6541-1a688a9ec165,88.32,1410,1593,0,0,73511,36,P0,500.00,Not Active,Not Active,Not Active,Not Active
2026/07/25 10:22:24.004,2026/07/25 10:22:23.990,2026/07/25 10:22:24.018,1,GPU-713d5b24-2a1e-fd4a-7685-c3d195ff9230,236.80,1410,1593,100,52,73511,39,P0,500.00,Not Active,Not Active,Not Active,Not Active
2026/07/25 10:22:24.254,2026/07/25 10:22:24.240,2026/07/25 10:22:24.269,0,GPU-c5d32af0-0857-3b36-6541-1a688a9ec165,88.23,1410,1593,0,0,73511,36,P0,500.00,Not Active,Not Active,Not Active,Not Active
2026/07/25 10:22:24.254,2026/07/25 10:22:24.240,2026/07/25 10:22:24.269,1,GPU-713d5b24-2a1e-fd4a-7685-c3d195ff9230,243.50,1410,1593,100,52,73511,40,P0,500.00,Not Active,Not Active,Not Active,Not Active
2026/07/25 10:22:24.504,2026/07/25 10:22:24.490,2026/07/25 10:22:24.518,0,GPU-c5d32af0-0857-3b36-6541-1a688a9ec165,88.23,1410,1593,0,0,73511,36,P0,500.00,Not Active,Not Active,Not Active,Not Active
2026/07/25 10:22:24.504,2026/07/25 10:22:24.490,2026/07/25 10:22:24.518,1,GPU-713d5b24-2a1e-fd4a-7685-c3d195ff9230,87.63,1410,1593,61,31,73511,39,P0,500.00,Not Active,Not Active,Not Active,Not Active
2026/07/25 10:22:24.755,2026/07/25 10:22:24.740,2026/07/25 10:22:24.769,0,GPU-c5d32af0-0857-3b36-6541-1a688a9ec165,88.23,1410,1593,0,0,73511,36,P0,500.00,Not Active,Not Active,Not Active,Not Active
2026/07/25 10:22:24.755,2026/07/25 10:22:24.740,2026/07/25 10:22:24.769,1,GPU-713d5b24-2a1e-fd4a-7685-c3d195ff9230,83.38,1410,1593,0,0,73511,35,P0,500.00,Not Active,Not Active,Not Active,Not Active
2026/07/25 10:22:25.004,2026/07/25 10:22:24.990,2026/07/25 10:22:25.018,0,GPU-c5d32af0-0857-3b36-6541-1a688a9ec165,88.00,1410,1593,0,0,73511,36,P0,500.00,Not Active,Not Active,Not Active,Not Active
2026/07/25 10:22:25.004,2026/07/25 10:22:24.990,2026/07/25 10:22:25.018,1,GPU-713d5b24-2a1e-fd4a-7685-c3d195ff9230,83.05,1410,1593,0,0,73511,34,P0,500.00,Not Active,Not Active,Not Active,Not Active
2026/07/25 10:22:25.256,2026/07/25 10:22:25.240,2026/07/25 10:22:25.273,0,GPU-c5d32af0-0857-3b36-6541-1a688a9ec165,88.50,1410,1593,0,0,73511,36,P0,500.00,Not Active,Not Active,Not Active,Not Active
2026/07/25 10:22:25.256,2026/07/25 10:22:25.240,2026/07/25 10:22:25.273,1,GPU-713d5b24-2a1e-fd4a-7685-c3d195ff9230,84.25,1410,1593,0,0,73511,34,P0,500.00,Not Active,Not Active,Not Active,Not Active
2026/07/25 10:22:25.505,2026/07/25 10:22:25.490,2026/07/25 10:22:25.519,0,GPU-c5d32af0-0857-3b36-6541-1a688a9ec165,88.23,1410,1593,0,0,73511,36,P0,500.00,Not Active,Not Active,Not Active,Not Active
2026/07/25 10:22:25.505,2026/07/25 10:22:25.490,2026/07/25 10:22:25.519,1,GPU-713d5b24-2a1e-fd4a-7685-c3d195ff9230,83.66,1410,1593,0,0,73511,33,P0,500.00,Not Active,Not Active,Not Active,Not Active
2026/07/25 10:22:25.754,2026/07/25 10:22:25.740,2026/07/25 10:22:25.768,0,GPU-c5d32af0-0857-3b36-6541-1a688a9ec165,88.23,1410,1593,0,0,73511,36,P0,500.00,Not Active,Not Active,Not Active,Not Active
2026/07/25 10:22:25.754,2026/07/25 10:22:25.740,2026/07/25 10:22:25.768,1,GPU-713d5b24-2a1e-fd4a-7685-c3d195ff9230,83.66,1410,1593,0,0,73511,33,P0,500.00,Not Active,Not Active,Not Active,Not Active
2026/07/25 10:22:26.003,2026/07/25 10:22:25.990,2026/07/25 10:22:26.016,0,GPU-c5d32af0-0857-3b36-6541-1a688a9ec165,87.90,1410,1593,0,0,73511,36,P0,500.00,Not Active,Not Active,Not Active,Not Active
2026/07/25 10:22:26.003,2026/07/25 10:22:25.990,2026/07/25 10:22:26.016,1,GPU-713d5b24-2a1e-fd4a-7685-c3d195ff9230,83.66,1410,1593,0,0,73511,33,P0,500.00,Not Active,Not Active,Not Active,Not Active
2026/07/25 10:22:26.254,2026/07/25 10:22:26.240,2026/07/25 10:22:26.267,0,GPU-c5d32af0-0857-3b36-6541-1a688a9ec165,87.90,1410,1593,0,0,73511,36,P0,500.00,Not Active,Not Active,Not Active,Not Active
2026/07/25 10:22:26.254,2026/07/25 10:22:26.240,2026/07/25 10:22:26.267,1,GPU-713d5b24-2a1e-fd4a-7685-c3d195ff9230,83.66,1410,1593,0,0,73511,33,P0,500.00,Not Active,Not Active,Not Active,Not Active
2026/07/25 10:22:26.504,2026/07/25 10:22:26.490,2026/07/25 10:22:26.518,0,GPU-c5d32af0-0857-3b36-6541-1a688a9ec165,88.32,1410,1593,0,0,73511,36,P0,500.00,Not Active,Not Active,Not Active,Not Active
2026/07/25 10:22:26.504,2026/07/25 10:22:26.490,2026/07/25 10:22:26.518,1,GPU-713d5b24-2a1e-fd4a-7685-c3d195ff9230,83.38,1410,1593,0,0,73511,33,P0,500.00,Not Active,Not Active,Not Active,Not Active
2026/07/25 10:22:26.753,2026/07/25 10:22:26.740,2026/07/25 10:22:26.767,0,GPU-c5d32af0-0857-3b36-6541-1a688a9ec165,88.23,1410,1593,0,0,73511,35,P0,500.00,Not Active,Not Active,Not Active,Not Active
2026/07/25 10:22:26.753,2026/07/25 10:22:26.740,2026/07/25 10:22:26.767,1,GPU-713d5b24-2a1e-fd4a-7685-c3d195ff9230,83.66,1410,1593,0,0,73511,33,P0,500.00,Not Active,Not Active,Not Active,Not Active
2026/07/25 10:22:27.003,2026/07/25 10:22:26.990,2026/07/25 10:22:27.015,0,GPU-c5d32af0-0857-3b36-6541-1a688a9ec165,88.00,1410,1593,0,0,73511,35,P0,500.00,Not Active,Not Active,Not Active,Not Active
2026/07/25 10:22:27.003,2026/07/25 10:22:26.990,2026/07/25 10:22:27.015,1,GPU-713d5b24-2a1e-fd4a-7685-c3d195ff9230,83.38,1410,1593,0,0,73511,33,P0,500.00,Not Active,Not Active,Not Active,Not Active
2026/07/25 10:22:27.254,2026/07/25 10:22:27.240,2026/07/25 10:22:27.268,0,GPU-c5d32af0-0857-3b36-6541-1a688a9ec165,381.05,1410,1593,0,0,73511,43,P0,500.00,Not Active,Not Active,Not Active,Not Active
2026/07/25 10:22:27.254,2026/07/25 10:22:27.240,2026/07/25 10:22:27.268,1,GPU-713d5b24-2a1e-fd4a-7685-c3d195ff9230,83.38,1410,1593,0,0,73511,33,P0,500.00,Not Active,Not Active,Not Active,Not Active
2026/07/25 10:22:27.505,2026/07/25 10:22:27.490,2026/07/25 10:22:27.520,0,GPU-c5d32af0-0857-3b36-6541-1a688a9ec165,364.41,1410,1593,100,15,73511,48,P0,500.00,Not Active,Not Active,Not Active,Not Active
2026/07/25 10:22:27.505,2026/07/25 10:22:27.490,2026/07/25 10:22:27.520,1,GPU-713d5b24-2a1e-fd4a-7685-c3d195ff9230,83.57,1410,1593,0,0,73511,33,P0,500.00,Not Active,Not Active,Not Active,Not Active
2026/07/25 10:22:27.755,2026/07/25 10:22:27.740,2026/07/25 10:22:27.769,0,GPU-c5d32af0-0857-3b36-6541-1a688a9ec165,358.97,1410,1593,100,13,73511,48,P0,500.00,Not Active,Not Active,Not Active,Not Active
2026/07/25 10:22:27.755,2026/07/25 10:22:27.740,2026/07/25 10:22:27.769,1,GPU-713d5b24-2a1e-fd4a-7685-c3d195ff9230,83.38,1410,1593,0,0,73511,33,P0,500.00,Not Active,Not Active,Not Active,Not Active
2026/07/25 10:22:28.036,2026/07/25 10:22:27.990,2026/07/25 10:22:28.081,0,GPU-c5d32af0-0857-3b36-6541-1a688a9ec165,92.75,1410,1593,0,0,73511,40,P0,500.00,Not Active,Not Active,Not Active,Not Active
2026/07/25 10:22:28.036,2026/07/25 10:22:27.990,2026/07/25 10:22:28.081,1,GPU-713d5b24-2a1e-fd4a-7685-c3d195ff9230,241.05,1410,1593,26,1,73511,36,P0,500.00,Not Active,Not Active,Not Active,Not Active
2026/07/25 10:22:28.255,2026/07/25 10:22:28.240,2026/07/25 10:22:28.270,0,GPU-c5d32af0-0857-3b36-6541-1a688a9ec165,89.16,1410,1593,0,0,73511,38,P0,500.00,Not Active,Not Active,Not Active,Not Active
2026/07/25 10:22:28.255,2026/07/25 10:22:28.240,2026/07/25 10:22:28.270,1,GPU-713d5b24-2a1e-fd4a-7685-c3d195ff9230,243.84,1410,1593,100,52,73511,37,P0,500.00,Not Active,Not Active,Not Active,Not Active
2026/07/25 10:22:28.505,2026/07/25 10:22:28.490,2026/07/25 10:22:28.520,0,GPU-c5d32af0-0857-3b36-6541-1a688a9ec165,89.16,1410,1593,0,0,73511,37,P0,500.00,Not Active,Not Active,Not Active,Not Active
2026/07/25 10:22:28.505,2026/07/25 10:22:28.490,2026/07/25 10:22:28.520,1,GPU-713d5b24-2a1e-fd4a-7685-c3d195ff9230,249.28,1410,1593,100,52,73511,39,P0,500.00,Not Active,Not Active,Not Active,Not Active
2026/07/25 10:22:28.755,2026/07/25 10:22:28.740,2026/07/25 10:22:28.770,0,GPU-c5d32af0-0857-3b36-6541-1a688a9ec165,89.16,1410,1593,0,0,73511,37,P0,500.00,Not Active,Not Active,Not Active,Not Active
2026/07/25 10:22:28.755,2026/07/25 10:22:28.740,2026/07/25 10:22:28.770,1,GPU-713d5b24-2a1e-fd4a-7685-c3d195ff9230,241.72,1410,1593,100,52,73511,39,P0,500.00,Not Active,Not Active,Not Active,Not Active
2026/07/25 10:22:29.006,2026/07/25 10:22:28.990,2026/07/25 10:22:29.021,0,GPU-c5d32af0-0857-3b36-6541-1a688a9ec165,88.23,1410,1593,0,0,73511,36,P0,500.00,Not Active,Not Active,Not Active,Not Active
2026/07/25 10:22:29.006,2026/07/25 10:22:28.990,2026/07/25 10:22:29.021,1,GPU-713d5b24-2a1e-fd4a-7685-c3d195ff9230,241.72,1410,1593,100,52,73511,40,P0,500.00,Not Active,Not Active,Not Active,Not Active
2026/07/25 10:22:29.255,2026/07/25 10:22:29.240,2026/07/25 10:22:29.269,0,GPU-c5d32af0-0857-3b36-6541-1a688a9ec165,88.23,1410,1593,0,0,73511,36,P0,500.00,Not Active,Not Active,Not Active,Not Active
2026/07/25 10:22:29.255,2026/07/25 10:22:29.240,2026/07/25 10:22:29.269,1,GPU-713d5b24-2a1e-fd4a-7685-c3d195ff9230,241.05,1410,1593,100,52,73511,37,P0,500.00,Not Active,Not Active,Not Active,Not Active
2026/07/25 10:22:29.504,2026/07/25 10:22:29.490,2026/07/25 10:22:29.518,0,GPU-c5d32af0-0857-3b36-6541-1a688a9ec165,88.32,1410,1593,0,0,73511,36,P0,500.00,Not Active,Not Active,Not Active,Not Active
2026/07/25 10:22:29.504,2026/07/25 10:22:29.490,2026/07/25 10:22:29.518,1,GPU-713d5b24-2a1e-fd4a-7685-c3d195ff9230,83.14,1410,1593,40,21,73511,35,P0,500.00,Not Active,Not Active,Not Active,Not Active
2026/07/25 10:22:29.763,2026/07/25 10:22:29.740,2026/07/25 10:22:29.785,0,GPU-c5d32af0-0857-3b36-6541-1a688a9ec165,88.23,1410,1593,0,0,73511,36,P0,500.00,Not Active,Not Active,Not Active,Not Active
2026/07/25 10:22:29.763,2026/07/25 10:22:29.740,2026/07/25 10:22:29.785,1,GPU-713d5b24-2a1e-fd4a-7685-c3d195ff9230,82.78,1410,1593,0,0,73511,34,P0,500.00,Not Active,Not Active,Not Active,Not Active
2026/07/25 10:22:30.004,2026/07/25 10:22:29.990,2026/07/25 10:22:30.019,0,GPU-c5d32af0-0857-3b36-6541-1a688a9ec165,88.23,1410,1593,0,0,73511,36,P0,500.00,Not Active,Not Active,Not Active,Not Active
2026/07/25 10:22:30.004,2026/07/25 10:22:29.990,2026/07/25 10:22:30.019,1,GPU-713d5b24-2a1e-fd4a-7685-c3d195ff9230,83.66,1410,1593,0,0,73511,34,P0,500.00,Not Active,Not Active,Not Active,Not Active
2026/07/25 10:22:30.254,2026/07/25 10:22:30.240,2026/07/25 10:22:30.267,0,GPU-c5d32af0-0857-3b36-6541-1a688a9ec165,88.32,1410,1593,0,0,73511,36,P0,500.00,Not Active,Not Active,Not Active,Not Active
2026/07/25 10:22:30.254,2026/07/25 10:22:30.240,2026/07/25 10:22:30.267,1,GPU-713d5b24-2a1e-fd4a-7685-c3d195ff9230,83.98,1410,1593,0,0,73511,33,P0,500.00,Not Active,Not Active,Not Active,Not Active
2026/07/25 10:22:30.504,2026/07/25 10:22:30.490,2026/07/25 10:22:30.518,0,GPU-c5d32af0-0857-3b36-6541-1a688a9ec165,88.00,1410,1593,0,0,73511,36,P0,500.00,Not Active,Not Active,Not Active,Not Active
2026/07/25 10:22:30.504,2026/07/25 10:22:30.490,2026/07/25 10:22:30.518,1,GPU-713d5b24-2a1e-fd4a-7685-c3d195ff9230,83.66,1410,1593,0,0,73511,33,P0,500.00,Not Active,Not Active,Not Active,Not Active
2026/07/25 10:22:30.753,2026/07/25 10:22:30.740,2026/07/25 10:22:30.766,0,GPU-c5d32af0-0857-3b36-6541-1a688a9ec165,88.00,1410,1593,0,0,73511,36,P0,500.00,Not Active,Not Active,Not Active,Not Active
2026/07/25 10:22:30.753,2026/07/25 10:22:30.740,2026/07/25 10:22:30.766,1,GPU-713d5b24-2a1e-fd4a-7685-c3d195ff9230,83.74,1410,1593,0,0,73511,33,P0,500.00,Not Active,Not Active,Not Active,Not Active
2026/07/25 10:22:31.004,2026/07/25 10:22:30.990,2026/07/25 10:22:31.018,0,GPU-c5d32af0-0857-3b36-6541-1a688a9ec165,87.90,1410,1593,0,0,73511,36,P0,500.00,Not Active,Not Active,Not Active,Not Active
2026/07/25 10:22:31.004,2026/07/25 10:22:30.990,2026/07/25 10:22:31.018,1,GPU-713d5b24-2a1e-fd4a-7685-c3d195ff9230,83.66,1410,1593,0,0,73511,33,P0,500.00,Not Active,Not Active,Not Active,Not Active
2026/07/25 10:22:31.254,2026/07/25 10:22:31.240,2026/07/25 10:22:31.267,0,GPU-c5d32af0-0857-3b36-6541-1a688a9ec165,88.00,1410,1593,0,0,73511,36,P0,500.00,Not Active,Not Active,Not Active,Not Active
2026/07/25 10:22:31.254,2026/07/25 10:22:31.240,2026/07/25 10:22:31.267,1,GPU-713d5b24-2a1e-fd4a-7685-c3d195ff9230,83.38,1410,1593,0,0,73511,33,P0,500.00,Not Active,Not Active,Not Active,Not Active
2026/07/25 10:22:31.504,2026/07/25 10:22:31.490,2026/07/25 10:22:31.517,0,GPU-c5d32af0-0857-3b36-6541-1a688a9ec165,88.23,1410,1593,0,0,73511,36,P0,500.00,Not Active,Not Active,Not Active,Not Active
2026/07/25 10:22:31.504,2026/07/25 10:22:31.490,2026/07/25 10:22:31.517,1,GPU-713d5b24-2a1e-fd4a-7685-c3d195ff9230,83.46,1410,1593,0,0,73511,33,P0,500.00,Not Active,Not Active,Not Active,Not Active
2026/07/25 10:22:31.753,2026/07/25 10:22:31.740,2026/07/25 10:22:31.766,0,GPU-c5d32af0-0857-3b36-6541-1a688a9ec165,88.00,1410,1593,0,0,73511,36,P0,500.00,Not Active,Not Active,Not Active,Not Active
2026/07/25 10:22:31.753,2026/07/25 10:22:31.740,2026/07/25 10:22:31.766,1,GPU-713d5b24-2a1e-fd4a-7685-c3d195ff9230,83.74,1410,1593,0,0,73511,33,P0,500.00,Not Active,Not Active,Not Active,Not Active
2026/07/25 10:22:32.004,2026/07/25 10:22:31.990,2026/07/25 10:22:32.018,0,GPU-c5d32af0-0857-3b36-6541-1a688a9ec165,88.00,1410,1593,0,0,73511,35,P0,500.00,Not Active,Not Active,Not Active,Not Active
2026/07/25 10:22:32.004,2026/07/25 10:22:31.990,2026/07/25 10:22:32.018,1,GPU-713d5b24-2a1e-fd4a-7685-c3d195ff9230,83.46,1410,1593,0,0,73511,33,P0,500.00,Not Active,Not Active,Not Active,Not Active
2026/07/25 10:22:32.271,2026/07/25 10:22:32.240,2026/07/25 10:22:32.301,0,GPU-c5d32af0-0857-3b36-6541-1a688a9ec165,378.66,1410,1593,0,0,73511,43,P0,500.00,Not Active,Not Active,Not Active,Not Active
2026/07/25 10:22:32.271,2026/07/25 10:22:32.240,2026/07/25 10:22:32.301,1,GPU-713d5b24-2a1e-fd4a-7685-c3d195ff9230,83.38,1410,1593,0,0,73511,33,P0,500.00,Not Active,Not Active,Not Active,Not Active
2026/07/25 10:22:32.504,2026/07/25 10:22:32.490,2026/07/25 10:22:32.517,0,GPU-c5d32af0-0857-3b36-6541-1a688a9ec165,376.81,1410,1593,74,14,73511,47,P0,500.00,Not Active,Not Active,Not Active,Not Active
2026/07/25 10:22:32.504,2026/07/25 10:22:32.490,2026/07/25 10:22:32.517,1,GPU-713d5b24-2a1e-fd4a-7685-c3d195ff9230,83.38,1410,1593,0,0,73511,33,P0,500.00,Not Active,Not Active,Not Active,Not Active
2026/07/25 10:22:32.755,2026/07/25 10:22:32.740,2026/07/25 10:22:32.770,0,GPU-c5d32af0-0857-3b36-6541-1a688a9ec165,370.98,1410,1593,100,12,73511,49,P0,500.00,Not Active,Not Active,Not Active,Not Active
2026/07/25 10:22:32.755,2026/07/25 10:22:32.740,2026/07/25 10:22:32.770,1,GPU-713d5b24-2a1e-fd4a-7685-c3d195ff9230,83.38,1410,1593,0,0,73511,33,P0,500.00,Not Active,Not Active,Not Active,Not Active
2026/07/25 10:22:33.006,2026/07/25 10:22:32.990,2026/07/25 10:22:33.021,0,GPU-c5d32af0-0857-3b36-6541-1a688a9ec165,98.25,1410,1593,99,11,73511,42,P0,500.00,Not Active,Not Active,Not Active,Not Active
2026/07/25 10:22:33.006,2026/07/25 10:22:32.990,2026/07/25 10:22:33.021,1,GPU-713d5b24-2a1e-fd4a-7685-c3d195ff9230,94.27,1410,1593,25,0,73511,33,P0,500.00,Not Active,Not Active,Not Active,Not Active
2026/07/25 10:22:33.255,2026/07/25 10:22:33.240,2026/07/25 10:22:33.269,0,GPU-c5d32af0-0857-3b36-6541-1a688a9ec165,89.43,1410,1593,0,0,73511,38,P0,500.00,Not Active,Not Active,Not Active,Not Active
2026/07/25 10:22:33.255,2026/07/25 10:22:33.240,2026/07/25 10:22:33.269,1,GPU-713d5b24-2a1e-fd4a-7685-c3d195ff9230,245.37,1410,1593,77,40,73511,37,P0,500.00,Not Active,Not Active,Not Active,Not Active
2026/07/25 10:22:33.505,2026/07/25 10:22:33.490,2026/07/25 10:22:33.519,0,GPU-c5d32af0-0857-3b36-6541-1a688a9ec165,88.92,1410,1593,0,0,73511,37,P0,500.00,Not Active,Not Active,Not Active,Not Active
2026/07/25 10:22:33.505,2026/07/25 10:22:33.490,2026/07/25 10:22:33.519,1,GPU-713d5b24-2a1e-fd4a-7685-c3d195ff9230,246.82,1410,1593,100,51,73511,38,P0,500.00,Not Active,Not Active,Not Active,Not Active
2026/07/25 10:22:33.780,2026/07/25 10:22:33.740,2026/07/25 10:22:33.821,0,GPU-c5d32af0-0857-3b36-6541-1a688a9ec165,88.59,1410,1593,0,0,73511,37,P0,500.00,Not Active,Not Active,Not Active,Not Active
2026/07/25 10:22:33.780,2026/07/25 10:22:33.740,2026/07/25 10:22:33.821,1,GPU-713d5b24-2a1e-fd4a-7685-c3d195ff9230,243.84,1410,1593,100,51,73511,39,P0,500.00,Not Active,Not Active,Not Active,Not Active
2026/07/25 10:22:34.005,2026/07/25 10:22:33.990,2026/07/25 10:22:34.020,0,GPU-c5d32af0-0857-3b36-6541-1a688a9ec165,88.50,1410,1593,0,0,73511,36,P0,500.00,Not Active,Not Active,Not Active,Not Active
2026/07/25 10:22:34.005,2026/07/25 10:22:33.990,2026/07/25 10:22:34.020,1,GPU-713d5b24-2a1e-fd4a-7685-c3d195ff9230,238.68,1410,1593,100,51,73511,39,P0,500.00,Not Active,Not Active,Not Active,Not Active
2026/07/25 10:22:34.256,2026/07/25 10:22:34.240,2026/07/25 10:22:34.271,0,GPU-c5d32af0-0857-3b36-6541-1a688a9ec165,88.59,1410,1593,0,0,73511,36,P0,500.00,Not Active,Not Active,Not Active,Not Active
2026/07/25 10:22:34.256,2026/07/25 10:22:34.240,2026/07/25 10:22:34.271,1,GPU-713d5b24-2a1e-fd4a-7685-c3d195ff9230,240.77,1410,1593,100,51,73511,40,P0,500.00,Not Active,Not Active,Not Active,Not Active
2026/07/25 10:22:34.505,2026/07/25 10:22:34.490,2026/07/25 10:22:34.519,0,GPU-c5d32af0-0857-3b36-6541-1a688a9ec165,88.50,1410,1593,0,0,73511,36,P0,500.00,Not Active,Not Active,Not Active,Not Active
2026/07/25 10:22:34.505,2026/07/25 10:22:34.490,2026/07/25 10:22:34.519,1,GPU-713d5b24-2a1e-fd4a-7685-c3d195ff9230,239.93,1410,1593,100,51,73511,40,P0,500.00,Not Active,Not Active,Not Active,Not Active
2026/07/25 10:22:34.755,2026/07/25 10:22:34.740,2026/07/25 10:22:34.770,0,GPU-c5d32af0-0857-3b36-6541-1a688a9ec165,88.50,1410,1593,0,0,73511,36,P0,500.00,Not Active,Not Active,Not Active,Not Active
2026/07/25 10:22:34.755,2026/07/25 10:22:34.740,2026/07/25 10:22:34.770,1,GPU-713d5b24-2a1e-fd4a-7685-c3d195ff9230,83.66,1410,1593,100,51,73511,36,P0,500.00,Not Active,Not Active,Not Active,Not Active
2026/07/25 10:22:35.004,2026/07/25 10:22:34.990,2026/07/25 10:22:35.019,0,GPU-c5d32af0-0857-3b36-6541-1a688a9ec165,88.32,1410,1593,0,0,73511,36,P0,500.00,Not Active,Not Active,Not Active,Not Active
2026/07/25 10:22:35.004,2026/07/25 10:22:34.990,2026/07/25 10:22:35.019,1,GPU-713d5b24-2a1e-fd4a-7685-c3d195ff9230,83.14,1410,1593,0,0,73511,35,P0,500.00,Not Active,Not Active,Not Active,Not Active
2026/07/25 10:22:35.256,2026/07/25 10:22:35.240,2026/07/25 10:22:35.271,0,GPU-c5d32af0-0857-3b36-6541-1a688a9ec165,88.32,1410,1593,0,0,73511,36,P0,500.00,Not Active,Not Active,Not Active,Not Active
2026/07/25 10:22:35.256,2026/07/25 10:22:35.240,2026/07/25 10:22:35.271,1,GPU-713d5b24-2a1e-fd4a-7685-c3d195ff9230,83.05,1410,1593,0,0,73511,34,P0,500.00,Not Active,Not Active,Not Active,Not Active
2026/07/25 10:22:35.505,2026/07/25 10:22:35.490,2026/07/25 10:22:35.520,0,GPU-c5d32af0-0857-3b36-6541-1a688a9ec165,88.32,1410,1593,0,0,73511,36,P0,500.00,Not Active,Not Active,Not Active,Not Active
2026/07/25 10:22:35.505,2026/07/25 10:22:35.490,2026/07/25 10:22:35.520,1,GPU-713d5b24-2a1e-fd4a-7685-c3d195ff9230,84.07,1410,1593,0,0,73511,34,P0,500.00,Not Active,Not Active,Not Active,Not Active
2026/07/25 10:22:35.754,2026/07/25 10:22:35.740,2026/07/25 10:22:35.767,0,GPU-c5d32af0-0857-3b36-6541-1a688a9ec165,88.23,1410,1593,0,0,73511,36,P0,500.00,Not Active,Not Active,Not Active,Not Active
2026/07/25 10:22:35.754,2026/07/25 10:22:35.740,2026/07/25 10:22:35.767,1,GPU-713d5b24-2a1e-fd4a-7685-c3d195ff9230,83.98,1410,1593,0,0,73511,33,P0,500.00,Not Active,Not Active,Not Active,Not Active
2026/07/25 10:22:36.004,2026/07/25 10:22:35.990,2026/07/25 10:22:36.017,0,GPU-c5d32af0-0857-3b36-6541-1a688a9ec165,88.23,1410,1593,0,0,73511,36,P0,500.00,Not Active,Not Active,Not Active,Not Active
2026/07/25 10:22:36.004,2026/07/25 10:22:35.990,2026/07/25 10:22:36.017,1,GPU-713d5b24-2a1e-fd4a-7685-c3d195ff9230,83.98,1410,1593,0,0,73511,33,P0,500.00,Not Active,Not Active,Not Active,Not Active
2026/07/25 10:22:36.255,2026/07/25 10:22:36.240,2026/07/25 10:22:36.269,0,GPU-c5d32af0-0857-3b36-6541-1a688a9ec165,88.32,1410,1593,0,0,73511,36,P0,500.00,Not Active,Not Active,Not Active,Not Active
2026/07/25 10:22:36.255,2026/07/25 10:22:36.240,2026/07/25 10:22:36.269,1,GPU-713d5b24-2a1e-fd4a-7685-c3d195ff9230,83.66,1410,1593,0,0,73511,33,P0,500.00,Not Active,Not Active,Not Active,Not Active
2026/07/25 10:22:36.505,2026/07/25 10:22:36.490,2026/07/25 10:22:36.519,0,GPU-c5d32af0-0857-3b36-6541-1a688a9ec165,88.23,1410,1593,0,0,73511,36,P0,500.00,Not Active,Not Active,Not Active,Not Active
2026/07/25 10:22:36.505,2026/07/25 10:22:36.490,2026/07/25 10:22:36.519,1,GPU-713d5b24-2a1e-fd4a-7685-c3d195ff9230,83.66,1410,1593,0,0,73511,33,P0,500.00,Not Active,Not Active,Not Active,Not Active
2026/07/25 10:22:36.754,2026/07/25 10:22:36.740,2026/07/25 10:22:36.768,0,GPU-c5d32af0-0857-3b36-6541-1a688a9ec165,88.32,1410,1593,0,0,73511,36,P0,500.00,Not Active,Not Active,Not Active,Not Active
2026/07/25 10:22:36.754,2026/07/25 10:22:36.740,2026/07/25 10:22:36.768,1,GPU-713d5b24-2a1e-fd4a-7685-c3d195ff9230,83.66,1410,1593,0,0,73511,33,P0,500.00,Not Active,Not Active,Not Active,Not Active
2026/07/25 10:22:37.005,2026/07/25 10:22:36.990,2026/07/25 10:22:37.020,0,GPU-c5d32af0-0857-3b36-6541-1a688a9ec165,87.90,1410,1593,0,0,73511,36,P0,500.00,Not Active,Not Active,Not Active,Not Active
2026/07/25 10:22:37.005,2026/07/25 10:22:36.990,2026/07/25 10:22:37.020,1,GPU-713d5b24-2a1e-fd4a-7685-c3d195ff9230,83.66,1410,1593,0,0,73511,33,P0,500.00,Not Active,Not Active,Not Active,Not Active
2026/07/25 10:22:37.288,2026/07/25 10:22:37.240,2026/07/25 10:22:37.335,0,GPU-c5d32af0-0857-3b36-6541-1a688a9ec165,377.47,1410,1593,99,18,73511,44,P0,500.00,Not Active,Not Active,Not Active,Not Active
2026/07/25 10:22:37.288,2026/07/25 10:22:37.240,2026/07/25 10:22:37.335,1,GPU-713d5b24-2a1e-fd4a-7685-c3d195ff9230,83.66,1410,1593,0,0,73511,33,P0,500.00,Not Active,Not Active,Not Active,Not Active
2026/07/25 10:22:37.513,2026/07/25 10:22:37.490,2026/07/25 10:22:37.537,0,GPU-c5d32af0-0857-3b36-6541-1a688a9ec165,371.37,1410,1593,99,18,73511,48,P0,500.00,Not Active,Not Active,Not Active,Not Active
2026/07/25 10:22:37.513,2026/07/25 10:22:37.490,2026/07/25 10:22:37.537,1,GPU-713d5b24-2a1e-fd4a-7685-c3d195ff9230,83.38,1410,1593,0,0,73511,33,P0,500.00,Not Active,Not Active,Not Active,Not Active
2026/07/25 10:22:37.756,2026/07/25 10:22:37.740,2026/07/25 10:22:37.771,0,GPU-c5d32af0-0857-3b36-6541-1a688a9ec165,90.35,1410,1593,61,8,73511,41,P0,500.00,Not Active,Not Active,Not Active,Not Active
2026/07/25 10:22:37.756,2026/07/25 10:22:37.740,2026/07/25 10:22:37.771,1,GPU-713d5b24-2a1e-fd4a-7685-c3d195ff9230,92.25,1410,1593,0,0,73511,35,P0,500.00,Not Active,Not Active,Not Active,Not Active
2026/07/25 10:22:38.004,2026/07/25 10:22:37.990,2026/07/25 10:22:38.017,0,GPU-c5d32af0-0857-3b36-6541-1a688a9ec165,89.75,1410,1593,0,0,73511,38,P0,500.00,Not Active,Not Active,Not Active,Not Active
2026/07/25 10:22:38.004,2026/07/25 10:22:37.990,2026/07/25 10:22:38.017,1,GPU-713d5b24-2a1e-fd4a-7685-c3d195ff9230,246.56,1410,1593,59,21,73511,38,P0,500.00,Not Active,Not Active,Not Active,Not Active
2026/07/25 10:22:38.254,2026/07/25 10:22:38.240,2026/07/25 10:22:38.268,0,GPU-c5d32af0-0857-3b36-6541-1a688a9ec165,88.41,1410,1593,0,0,73511,37,P0,500.00,Not Active,Not Active,Not Active,Not Active
2026/07/25 10:22:38.254,2026/07/25 10:22:38.240,2026/07/25 10:22:38.268,1,GPU-713d5b24-2a1e-fd4a-7685-c3d195ff9230,246.31,1410,1593,100,52,73511,39,P0,500.00,Not Active,Not Active,Not Active,Not Active
2026/07/25 10:22:38.504,2026/07/25 10:22:38.490,2026/07/25 10:22:38.518,0,GPU-c5d32af0-0857-3b36-6541-1a688a9ec165,87.90,1410,1593,0,0,73511,36,P0,500.00,Not Active,Not Active,Not Active,Not Active
2026/07/25 10:22:38.504,2026/07/25 10:22:38.490,2026/07/25 10:22:38.518,1,GPU-713d5b24-2a1e-fd4a-7685-c3d195ff9230,243.52,1410,1593,100,52,73511,39,P0,500.00,Not Active,Not Active,Not Active,Not Active
2026/07/25 10:22:38.754,2026/07/25 10:22:38.740,2026/07/25 10:22:38.768,0,GPU-c5d32af0-0857-3b36-6541-1a688a9ec165,87.90,1410,1593,0,0,73511,36,P0,500.00,Not Active,Not Active,Not Active,Not Active
2026/07/25 10:22:38.754,2026/07/25 10:22:38.740,2026/07/25 10:22:38.768,1,GPU-713d5b24-2a1e-fd4a-7685-c3d195ff9230,97.60,1410,1593,100,53,73511,40,P0,500.00,Not Active,Not Active,Not Active,Not Active
2026/07/25 10:22:39.004,2026/07/25 10:22:38.990,2026/07/25 10:22:39.018,0,GPU-c5d32af0-0857-3b36-6541-1a688a9ec165,87.72,1410,1593,0,0,73511,36,P0,500.00,Not Active,Not Active,Not Active,Not Active
2026/07/25 10:22:39.004,2026/07/25 10:22:38.990,2026/07/25 10:22:39.018,1,GPU-713d5b24-2a1e-fd4a-7685-c3d195ff9230,83.46,1410,1593,0,0,73511,35,P0,500.00,Not Active,Not Active,Not Active,Not Active
2026/07/25 10:22:39.254,2026/07/25 10:22:39.240,2026/07/25 10:22:39.267,0,GPU-c5d32af0-0857-3b36-6541-1a688a9ec165,87.72,1410,1593,0,0,73511,36,P0,500.00,Not Active,Not Active,Not Active,Not Active
2026/07/25 10:22:39.254,2026/07/25 10:22:39.240,2026/07/25 10:22:39.267,1,GPU-713d5b24-2a1e-fd4a-7685-c3d195ff9230,83.14,1410,1593,0,0,73511,34,P0,500.00,Not Active,Not Active,Not Active,Not Active
2026/07/25 10:22:39.504,2026/07/25 10:22:39.490,2026/07/25 10:22:39.518,0,GPU-c5d32af0-0857-3b36-6541-1a688a9ec165,87.63,1410,1593,0,0,73511,36,P0,500.00,Not Active,Not Active,Not Active,Not Active
2026/07/25 10:22:39.504,2026/07/25 10:22:39.490,2026/07/25 10:22:39.518,1,GPU-713d5b24-2a1e-fd4a-7685-c3d195ff9230,83.05,1410,1593,0,0,73511,34,P0,500.00,Not Active,Not Active,Not Active,Not Active
2026/07/25 10:22:39.754,2026/07/25 10:22:39.740,2026/07/25 10:22:39.768,0,GPU-c5d32af0-0857-3b36-6541-1a688a9ec165,87.63,1410,1593,0,0,73511,36,P0,500.00,Not Active,Not Active,Not Active,Not Active
2026/07/25 10:22:39.754,2026/07/25 10:22:39.740,2026/07/25 10:22:39.768,1,GPU-713d5b24-2a1e-fd4a-7685-c3d195ff9230,83.66,1410,1593,0,0,73511,33,P0,500.00,Not Active,Not Active,Not Active,Not Active
2026/07/25 10:22:40.004,2026/07/25 10:22:39.990,2026/07/25 10:22:40.018,0,GPU-c5d32af0-0857-3b36-6541-1a688a9ec165,87.72,1410,1593,0,0,73511,36,P0,500.00,Not Active,Not Active,Not Active,Not Active
2026/07/25 10:22:40.004,2026/07/25 10:22:39.990,2026/07/25 10:22:40.018,1,GPU-713d5b24-2a1e-fd4a-7685-c3d195ff9230,83.66,1410,1593,0,0,73511,33,P0,500.00,Not Active,Not Active,Not Active,Not Active
2026/07/25 10:22:40.254,2026/07/25 10:22:40.240,2026/07/25 10:22:40.269,0,GPU-c5d32af0-0857-3b36-6541-1a688a9ec165,87.63,1410,1593,0,0,73511,36,P0,500.00,Not Active,Not Active,Not Active,Not Active
2026/07/25 10:22:40.254,2026/07/25 10:22:40.240,2026/07/25 10:22:40.269,1,GPU-713d5b24-2a1e-fd4a-7685-c3d195ff9230,83.66,1410,1593,0,0,73511,33,P0,500.00,Not Active,Not Active,Not Active,Not Active
2026/07/25 10:22:40.504,2026/07/25 10:22:40.490,2026/07/25 10:22:40.518,0,GPU-c5d32af0-0857-3b36-6541-1a688a9ec165,87.72,1410,1593,0,0,73511,36,P0,500.00,Not Active,Not Active,Not Active,Not Active
2026/07/25 10:22:40.504,2026/07/25 10:22:40.490,2026/07/25 10:22:40.518,1,GPU-713d5b24-2a1e-fd4a-7685-c3d195ff9230,84.07,1410,1593,0,0,73511,33,P0,500.00,Not Active,Not Active,Not Active,Not Active
2026/07/25 10:22:40.754,2026/07/25 10:22:40.740,2026/07/25 10:22:40.767,0,GPU-c5d32af0-0857-3b36-6541-1a688a9ec165,87.63,1410,1593,0,0,73511,36,P0,500.00,Not Active,Not Active,Not Active,Not Active
2026/07/25 10:22:40.754,2026/07/25 10:22:40.740,2026/07/25 10:22:40.767,1,GPU-713d5b24-2a1e-fd4a-7685-c3d195ff9230,83.66,1410,1593,0,0,73511,33,P0,500.00,Not Active,Not Active,Not Active,Not Active
2026/07/25 10:22:41.005,2026/07/25 10:22:40.990,2026/07/25 10:22:41.019,0,GPU-c5d32af0-0857-3b36-6541-1a688a9ec165,87.72,1410,1593,0,0,73511,36,P0,500.00,Not Active,Not Active,Not Active,Not Active
2026/07/25 10:22:41.005,2026/07/25 10:22:40.990,2026/07/25 10:22:41.019,1,GPU-713d5b24-2a1e-fd4a-7685-c3d195ff9230,83.66,1410,1593,0,0,73511,33,P0,500.00,Not Active,Not Active,Not Active,Not Active
2026/07/25 10:22:41.255,2026/07/25 10:22:41.240,2026/07/25 10:22:41.270,0,GPU-c5d32af0-0857-3b36-6541-1a688a9ec165,87.63,1410,1593,0,0,73511,36,P0,500.00,Not Active,Not Active,Not Active,Not Active
2026/07/25 10:22:41.255,2026/07/25 10:22:41.240,2026/07/25 10:22:41.270,1,GPU-713d5b24-2a1e-fd4a-7685-c3d195ff9230,83.66,1410,1593,0,0,73511,33,P0,500.00,Not Active,Not Active,Not Active,Not Active
2026/07/25 10:22:41.505,2026/07/25 10:22:41.490,2026/07/25 10:22:41.519,0,GPU-c5d32af0-0857-3b36-6541-1a688a9ec165,87.72,1410,1593,0,0,73511,35,P0,500.00,Not Active,Not Active,Not Active,Not Active
2026/07/25 10:22:41.505,2026/07/25 10:22:41.490,2026/07/25 10:22:41.519,1,GPU-713d5b24-2a1e-fd4a-7685-c3d195ff9230,83.66,1410,1593,0,0,73511,33,P0,500.00,Not Active,Not Active,Not Active,Not Active
2026/07/25 10:22:41.754,2026/07/25 10:22:41.740,2026/07/25 10:22:41.767,0,GPU-c5d32af0-0857-3b36-6541-1a688a9ec165,87.63,1410,1593,0,0,73511,35,P0,500.00,Not Active,Not Active,Not Active,Not Active
2026/07/25 10:22:41.754,2026/07/25 10:22:41.740,2026/07/25 10:22:41.767,1,GPU-713d5b24-2a1e-fd4a-7685-c3d195ff9230,83.66,1410,1593,0,0,73511,33,P0,500.00,Not Active,Not Active,Not Active,Not Active
2026/07/25 10:22:42.004,2026/07/25 10:22:41.990,2026/07/25 10:22:42.017,0,GPU-c5d32af0-0857-3b36-6541-1a688a9ec165,87.72,1410,1593,0,0,73511,35,P0,500.00,Not Active,Not Active,Not Active,Not Active
2026/07/25 10:22:42.004,2026/07/25 10:22:41.990,2026/07/25 10:22:42.017,1,GPU-713d5b24-2a1e-fd4a-7685-c3d195ff9230,83.66,1410,1593,0,0,73511,33,P0,500.00,Not Active,Not Active,Not Active,Not Active
2026/07/25 10:22:42.255,2026/07/25 10:22:42.240,2026/07/25 10:22:42.270,0,GPU-c5d32af0-0857-3b36-6541-1a688a9ec165,381.65,1410,1593,11,2,73511,43,P0,500.00,Not Active,Not Active,Not Active,Not Active
2026/07/25 10:22:42.255,2026/07/25 10:22:42.240,2026/07/25 10:22:42.270,1,GPU-713d5b24-2a1e-fd4a-7685-c3d195ff9230,83.57,1410,1593,0,0,73511,33,P0,500.00,Not Active,Not Active,Not Active,Not Active
2026/07/25 10:22:42.505,2026/07/25 10:22:42.490,2026/07/25 10:22:42.519,0,GPU-c5d32af0-0857-3b36-6541-1a688a9ec165,376.54,1410,1593,100,14,73511,48,P0,500.00,Not Active,Not Active,Not Active,Not Active
2026/07/25 10:22:42.505,2026/07/25 10:22:42.490,2026/07/25 10:22:42.519,1,GPU-713d5b24-2a1e-fd4a-7685-c3d195ff9230,83.57,1410,1593,0,0,73511,33,P0,500.00,Not Active,Not Active,Not Active,Not Active
2026/07/25 10:22:42.754,2026/07/25 10:22:42.740,2026/07/25 10:22:42.768,0,GPU-c5d32af0-0857-3b36-6541-1a688a9ec165,366.26,1410,1593,74,11,73511,43,P0,500.00,Not Active,Not Active,Not Active,Not Active
2026/07/25 10:22:42.754,2026/07/25 10:22:42.740,2026/07/25 10:22:42.768,1,GPU-713d5b24-2a1e-fd4a-7685-c3d195ff9230,83.66,1410,1593,0,0,73511,33,P0,500.00,Not Active,Not Active,Not Active,Not Active
2026/07/25 10:22:43.005,2026/07/25 10:22:42.990,2026/07/25 10:22:43.020,0,GPU-c5d32af0-0857-3b36-6541-1a688a9ec165,90.02,1410,1593,0,0,73511,38,P0,500.00,Not Active,Not Active,Not Active,Not Active
2026/07/25 10:22:43.005,2026/07/25 10:22:42.990,2026/07/25 10:22:43.020,1,GPU-713d5b24-2a1e-fd4a-7685-c3d195ff9230,247.15,1410,1593,31,6,73511,37,P0,500.00,Not Active,Not Active,Not Active,Not Active
2026/07/25 10:22:43.256,2026/07/25 10:22:43.240,2026/07/25 10:22:43.272,0,GPU-c5d32af0-0857-3b36-6541-1a688a9ec165,89.16,1410,1593,0,0,73511,37,P0,500.00,Not Active,Not Active,Not Active,Not Active
2026/07/25 10:22:43.256,2026/07/25 10:22:43.240,2026/07/25 10:22:43.272,1,GPU-713d5b24-2a1e-fd4a-7685-c3d195ff9230,238.32,1410,1593,100,52,73511,39,P0,500.00,Not Active,Not Active,Not Active,Not Active
2026/07/25 10:22:43.506,2026/07/25 10:22:43.490,2026/07/25 10:22:43.521,0,GPU-c5d32af0-0857-3b36-6541-1a688a9ec165,88.82,1410,1593,0,0,73511,37,P0,500.00,Not Active,Not Active,Not Active,Not Active
2026/07/25 10:22:43.506,2026/07/25 10:22:43.490,2026/07/25 10:22:43.521,1,GPU-713d5b24-2a1e-fd4a-7685-c3d195ff9230,245.97,1410,1593,100,52,73511,39,P0,500.00,Not Active,Not Active,Not Active,Not Active
2026/07/25 10:22:43.754,2026/07/25 10:22:43.740,2026/07/25 10:22:43.768,0,GPU-c5d32af0-0857-3b36-6541-1a688a9ec165,88.50,1410,1593,0,0,73511,36,P0,500.00,Not Active,Not Active,Not Active,Not Active
2026/07/25 10:22:43.754,2026/07/25 10:22:43.740,2026/07/25 10:22:43.768,1,GPU-713d5b24-2a1e-fd4a-7685-c3d195ff9230,233.83,1410,1593,100,52,73511,39,P0,500.00,Not Active,Not Active,Not Active,Not Active
2026/07/25 10:22:44.003,2026/07/25 10:22:43.990,2026/07/25 10:22:44.016,0,GPU-c5d32af0-0857-3b36-6541-1a688a9ec165,88.32,1410,1593,0,0,73511,36,P0,500.00,Not Active,Not Active,Not Active,Not Active
2026/07/25 10:22:44.003,2026/07/25 10:22:43.990,2026/07/25 10:22:44.016,1,GPU-713d5b24-2a1e-fd4a-7685-c3d195ff9230,83.46,1410,1593,66,35,73511,35,P0,500.00,Not Active,Not Active,Not Active,Not Active
2026/07/25 10:22:44.254,2026/07/25 10:22:44.240,2026/07/25 10:22:44.267,0,GPU-c5d32af0-0857-3b36-6541-1a688a9ec165,88.50,1410,1593,0,0,73511,36,P0,500.00,Not Active,Not Active,Not Active,Not Active
2026/07/25 10:22:44.254,2026/07/25 10:22:44.240,2026/07/25 10:22:44.267,1,GPU-713d5b24-2a1e-fd4a-7685-c3d195ff9230,83.05,1410,1593,0,0,73511,34,P0,500.00,Not Active,Not Active,Not Active,Not Active
2026/07/25 10:22:44.504,2026/07/25 10:22:44.490,2026/07/25 10:22:44.518,0,GPU-c5d32af0-0857-3b36-6541-1a688a9ec165,88.23,1410,1593,0,0,73511,36,P0,500.00,Not Active,Not Active,Not Active,Not Active
2026/07/25 10:22:44.504,2026/07/25 10:22:44.490,2026/07/25 10:22:44.518,1,GPU-713d5b24-2a1e-fd4a-7685-c3d195ff9230,83.05,1410,1593,0,0,73511,33,P0,500.00,Not Active,Not Active,Not Active,Not Active
2026/07/25 10:22:44.754,2026/07/25 10:22:44.740,2026/07/25 10:22:44.767,0,GPU-c5d32af0-0857-3b36-6541-1a688a9ec165,88.32,1410,1593,0,0,73511,36,P0,500.00,Not Active,Not Active,Not Active,Not Active
2026/07/25 10:22:44.754,2026/07/25 10:22:44.740,2026/07/25 10:22:44.767,1,GPU-713d5b24-2a1e-fd4a-7685-c3d195ff9230,83.98,1410,1593,0,0,73511,33,P0,500.00,Not Active,Not Active,Not Active,Not Active
2026/07/25 10:22:45.006,2026/07/25 10:22:44.990,2026/07/25 10:22:45.021,0,GPU-c5d32af0-0857-3b36-6541-1a688a9ec165,88.32,1410,1593,0,0,73511,36,P0,500.00,Not Active,Not Active,Not Active,Not Active
2026/07/25 10:22:45.006,2026/07/25 10:22:44.990,2026/07/25 10:22:45.021,1,GPU-713d5b24-2a1e-fd4a-7685-c3d195ff9230,83.98,1410,1593,0,0,73511,33,P0,500.00,Not Active,Not Active,Not Active,Not Active
2026/07/25 10:22:45.254,2026/07/25 10:22:45.240,2026/07/25 10:22:45.268,0,GPU-c5d32af0-0857-3b36-6541-1a688a9ec165,88.32,1410,1593,0,0,73511,36,P0,500.00,Not Active,Not Active,Not Active,Not Active
2026/07/25 10:22:45.254,2026/07/25 10:22:45.240,2026/07/25 10:22:45.268,1,GPU-713d5b24-2a1e-fd4a-7685-c3d195ff9230,83.74,1410,1593,0,0,73511,33,P0,500.00,Not Active,Not Active,Not Active,Not Active
2026/07/25 10:22:45.504,2026/07/25 10:22:45.490,2026/07/25 10:22:45.517,0,GPU-c5d32af0-0857-3b36-6541-1a688a9ec165,88.32,1410,1593,0,0,73511,36,P0,500.00,Not Active,Not Active,Not Active,Not Active
2026/07/25 10:22:45.504,2026/07/25 10:22:45.490,2026/07/25 10:22:45.517,1,GPU-713d5b24-2a1e-fd4a-7685-c3d195ff9230,84.07,1410,1593,0,0,73511,33,P0,500.00,Not Active,Not Active,Not Active,Not Active
2026/07/25 10:22:45.754,2026/07/25 10:22:45.740,2026/07/25 10:22:45.767,0,GPU-c5d32af0-0857-3b36-6541-1a688a9ec165,88.32,1410,1593,0,0,73511,36,P0,500.00,Not Active,Not Active,Not Active,Not Active
2026/07/25 10:22:45.754,2026/07/25 10:22:45.740,2026/07/25 10:22:45.767,1,GPU-713d5b24-2a1e-fd4a-7685-c3d195ff9230,83.66,1410,1593,0,0,73511,33,P0,500.00,Not Active,Not Active,Not Active,Not Active
2026/07/25 10:22:46.004,2026/07/25 10:22:45.990,2026/07/25 10:22:46.018,0,GPU-c5d32af0-0857-3b36-6541-1a688a9ec165,88.23,1410,1593,0,0,73511,36,P0,500.00,Not Active,Not Active,Not Active,Not Active
2026/07/25 10:22:46.004,2026/07/25 10:22:45.990,2026/07/25 10:22:46.018,1,GPU-713d5b24-2a1e-fd4a-7685-c3d195ff9230,83.66,1410,1593,0,0,73511,33,P0,500.00,Not Active,Not Active,Not Active,Not Active
2026/07/25 10:22:46.254,2026/07/25 10:22:46.240,2026/07/25 10:22:46.269,0,GPU-c5d32af0-0857-3b36-6541-1a688a9ec165,88.23,1410,1593,0,0,73511,36,P0,500.00,Not Active,Not Active,Not Active,Not Active
2026/07/25 10:22:46.254,2026/07/25 10:22:46.240,2026/07/25 10:22:46.269,1,GPU-713d5b24-2a1e-fd4a-7685-c3d195ff9230,83.66,1410,1593,0,0,73511,33,P0,500.00,Not Active,Not Active,Not Active,Not Active
2026/07/25 10:22:46.505,2026/07/25 10:22:46.490,2026/07/25 10:22:46.519,0,GPU-c5d32af0-0857-3b36-6541-1a688a9ec165,88.32,1410,1593,0,0,73511,36,P0,500.00,Not Active,Not Active,Not Active,Not Active
2026/07/25 10:22:46.505,2026/07/25 10:22:46.490,2026/07/25 10:22:46.519,1,GPU-713d5b24-2a1e-fd4a-7685-c3d195ff9230,83.66,1410,1593,0,0,73511,33,P0,500.00,Not Active,Not Active,Not Active,Not Active
2026/07/25 10:22:46.754,2026/07/25 10:22:46.740,2026/07/25 10:22:46.768,0,GPU-c5d32af0-0857-3b36-6541-1a688a9ec165,88.23,1410,1593,0,0,73511,35,P0,500.00,Not Active,Not Active,Not Active,Not Active
2026/07/25 10:22:46.754,2026/07/25 10:22:46.740,2026/07/25 10:22:46.768,1,GPU-713d5b24-2a1e-fd4a-7685-c3d195ff9230,83.98,1410,1593,0,0,73511,33,P0,500.00,Not Active,Not Active,Not Active,Not Active
2026/07/25 10:22:47.003,2026/07/25 10:22:46.990,2026/07/25 10:22:47.015,0,GPU-c5d32af0-0857-3b36-6541-1a688a9ec165,88.23,1410,1593,0,0,73511,35,P0,500.00,Not Active,Not Active,Not Active,Not Active
2026/07/25 10:22:47.003,2026/07/25 10:22:46.990,2026/07/25 10:22:47.015,1,GPU-713d5b24-2a1e-fd4a-7685-c3d195ff9230,83.66,1410,1593,0,0,73511,32,P0,500.00,Not Active,Not Active,Not Active,Not Active
2026/07/25 10:22:47.256,2026/07/25 10:22:47.240,2026/07/25 10:22:47.271,0,GPU-c5d32af0-0857-3b36-6541-1a688a9ec165,376.81,1410,1593,28,5,73511,45,P0,500.00,Not Active,Not Active,Not Active,Not Active
2026/07/25 10:22:47.256,2026/07/25 10:22:47.240,2026/07/25 10:22:47.271,1,GPU-713d5b24-2a1e-fd4a-7685-c3d195ff9230,83.66,1410,1593,0,0,73511,32,P0,500.00,Not Active,Not Active,Not Active,Not Active
2026/07/25 10:22:47.507,2026/07/25 10:22:47.490,2026/07/25 10:22:47.524,0,GPU-c5d32af0-0857-3b36-6541-1a688a9ec165,361.09,1410,1593,100,17,73511,47,P0,500.00,Not Active,Not Active,Not Active,Not Active
2026/07/25 10:22:47.507,2026/07/25 10:22:47.490,2026/07/25 10:22:47.524,1,GPU-713d5b24-2a1e-fd4a-7685-c3d195ff9230,83.66,1410,1593,0,0,73511,32,P0,500.00,Not Active,Not Active,Not Active,Not Active
2026/07/25 10:22:47.755,2026/07/25 10:22:47.740,2026/07/25 10:22:47.771,0,GPU-c5d32af0-0857-3b36-6541-1a688a9ec165,113.99,1410,1593,26,4,73511,40,P0,500.00,Not Active,Not Active,Not Active,Not Active
2026/07/25 10:22:47.755,2026/07/25 10:22:47.740,2026/07/25 10:22:47.771,1,GPU-713d5b24-2a1e-fd4a-7685-c3d195ff9230,176.78,1410,1593,5,0,73511,34,P0,500.00,Not Active,Not Active,Not Active,Not Active
2026/07/25 10:22:48.005,2026/07/25 10:22:47.990,2026/07/25 10:22:48.020,0,GPU-c5d32af0-0857-3b36-6541-1a688a9ec165,89.43,1410,1593,0,0,73511,37,P0,500.00,Not Active,Not Active,Not Active,Not Active
2026/07/25 10:22:48.005,2026/07/25 10:22:47.990,2026/07/25 10:22:48.020,1,GPU-713d5b24-2a1e-fd4a-7685-c3d195ff9230,247.16,1410,1593,82,36,73511,37,P0,500.00,Not Active,Not Active,Not Active,Not Active
2026/07/25 10:22:48.255,2026/07/25 10:22:48.240,2026/07/25 10:22:48.270,0,GPU-c5d32af0-0857-3b36-6541-1a688a9ec165,88.73,1410,1593,0,0,73511,37,P0,500.00,Not Active,Not Active,Not Active,Not Active
2026/07/25 10:22:48.255,2026/07/25 10:22:48.240,2026/07/25 10:22:48.270,1,GPU-713d5b24-2a1e-fd4a-7685-c3d195ff9230,252.60,1410,1593,100,53,73511,39,P0,500.00,Not Active,Not Active,Not Active,Not Active
2026/07/25 10:22:48.504,2026/07/25 10:22:48.490,2026/07/25 10:22:48.519,0,GPU-c5d32af0-0857-3b36-6541-1a688a9ec165,88.82,1410,1593,0,0,73511,36,P0,500.00,Not Active,Not Active,Not Active,Not Active
2026/07/25 10:22:48.504,2026/07/25 10:22:48.490,2026/07/25 10:22:48.519,1,GPU-713d5b24-2a1e-fd4a-7685-c3d195ff9230,251.14,1410,1593,100,52,73511,39,P0,500.00,Not Active,Not Active,Not Active,Not Active
2026/07/25 10:22:48.754,2026/07/25 10:22:48.740,2026/07/25 10:22:48.769,0,GPU-c5d32af0-0857-3b36-6541-1a688a9ec165,88.50,1410,1593,0,0,73511,36,P0,500.00,Not Active,Not Active,Not Active,Not Active
2026/07/25 10:22:48.754,2026/07/25 10:22:48.740,2026/07/25 10:22:48.769,1,GPU-713d5b24-2a1e-fd4a-7685-c3d195ff9230,237.48,1410,1593,100,53,73511,39,P0,500.00,Not Active,Not Active,Not Active,Not Active
2026/07/25 10:22:49.005,2026/07/25 10:22:48.990,2026/07/25 10:22:49.020,0,GPU-c5d32af0-0857-3b36-6541-1a688a9ec165,88.59,1410,1593,0,0,73511,36,P0,500.00,Not Active,Not Active,Not Active,Not Active
2026/07/25 10:22:49.005,2026/07/25 10:22:48.990,2026/07/25 10:22:49.020,1,GPU-713d5b24-2a1e-fd4a-7685-c3d195ff9230,83.46,1410,1593,41,21,73511,35,P0,500.00,Not Active,Not Active,Not Active,Not Active
2026/07/25 10:22:49.278,2026/07/25 10:22:49.240,2026/07/25 10:22:49.315,0,GPU-c5d32af0-0857-3b36-6541-1a688a9ec165,88.23,1410,1593,0,0,73511,36,P0,500.00,Not Active,Not Active,Not Active,Not Active
2026/07/25 10:22:49.278,2026/07/25 10:22:49.240,2026/07/25 10:22:49.315,1,GPU-713d5b24-2a1e-fd4a-7685-c3d195ff9230,83.05,1410,1593,0,0,73511,34,P0,500.00,Not Active,Not Active,Not Active,Not Active
2026/07/25 10:22:49.504,2026/07/25 10:22:49.490,2026/07/25 10:22:49.518,0,GPU-c5d32af0-0857-3b36-6541-1a688a9ec165,88.50,1410,1593,0,0,73511,36,P0,500.00,Not Active,Not Active,Not Active,Not Active
2026/07/25 10:22:49.504,2026/07/25 10:22:49.490,2026/07/25 10:22:49.518,1,GPU-713d5b24-2a1e-fd4a-7685-c3d195ff9230,84.25,1410,1593,0,0,73511,34,P0,500.00,Not Active,Not Active,Not Active,Not Active
2026/07/25 10:22:49.755,2026/07/25 10:22:49.740,2026/07/25 10:22:49.770,0,GPU-c5d32af0-0857-3b36-6541-1a688a9ec165,88.32,1410,1593,0,0,73511,36,P0,500.00,Not Active,Not Active,Not Active,Not Active
2026/07/25 10:22:49.755,2026/07/25 10:22:49.740,2026/07/25 10:22:49.770,1,GPU-713d5b24-2a1e-fd4a-7685-c3d195ff9230,83.98,1410,1593,0,0,73511,33,P0,500.00,Not Active,Not Active,Not Active,Not Active
2026/07/25 10:22:50.006,2026/07/25 10:22:49.990,2026/07/25 10:22:50.022,0,GPU-c5d32af0-0857-3b36-6541-1a688a9ec165,88.23,1410,1593,0,0,73511,36,P0,500.00,Not Active,Not Active,Not Active,Not Active
2026/07/25 10:22:50.006,2026/07/25 10:22:49.990,2026/07/25 10:22:50.022,1,GPU-713d5b24-2a1e-fd4a-7685-c3d195ff9230,83.98,1410,1593,0,0,73511,33,P0,500.00,Not Active,Not Active,Not Active,Not Active
2026/07/25 10:22:50.254,2026/07/25 10:22:50.240,2026/07/25 10:22:50.269,0,GPU-c5d32af0-0857-3b36-6541-1a688a9ec165,88.23,1410,1593,0,0,73511,36,P0,500.00,Not Active,Not Active,Not Active,Not Active
2026/07/25 10:22:50.254,2026/07/25 10:22:50.240,2026/07/25 10:22:50.269,1,GPU-713d5b24-2a1e-fd4a-7685-c3d195ff9230,83.98,1410,1593,0,0,73511,33,P0,500.00,Not Active,Not Active,Not Active,Not Active
2026/07/25 10:22:50.504,2026/07/25 10:22:50.490,2026/07/25 10:22:50.517,0,GPU-c5d32af0-0857-3b36-6541-1a688a9ec165,88.32,1410,1593,0,0,73511,36,P0,500.00,Not Active,Not Active,Not Active,Not Active
2026/07/25 10:22:50.504,2026/07/25 10:22:50.490,2026/07/25 10:22:50.517,1,GPU-713d5b24-2a1e-fd4a-7685-c3d195ff9230,83.66,1410,1593,0,0,73511,33,P0,500.00,Not Active,Not Active,Not Active,Not Active
2026/07/25 10:22:50.754,2026/07/25 10:22:50.740,2026/07/25 10:22:50.767,0,GPU-c5d32af0-0857-3b36-6541-1a688a9ec165,88.23,1410,1593,0,0,73511,36,P0,500.00,Not Active,Not Active,Not Active,Not Active
2026/07/25 10:22:50.754,2026/07/25 10:22:50.740,2026/07/25 10:22:50.767,1,GPU-713d5b24-2a1e-fd4a-7685-c3d195ff9230,83.74,1410,1593,0,0,73511,33,P0,500.00,Not Active,Not Active,Not Active,Not Active
2026/07/25 10:22:51.005,2026/07/25 10:22:50.990,2026/07/25 10:22:51.019,0,GPU-c5d32af0-0857-3b36-6541-1a688a9ec165,88.50,1410,1593,0,0,73511,36,P0,500.00,Not Active,Not Active,Not Active,Not Active
2026/07/25 10:22:51.005,2026/07/25 10:22:50.990,2026/07/25 10:22:51.019,1,GPU-713d5b24-2a1e-fd4a-7685-c3d195ff9230,83.66,1410,1593,0,0,73511,33,P0,500.00,Not Active,Not Active,Not Active,Not Active
2026/07/25 10:22:51.254,2026/07/25 10:22:51.240,2026/07/25 10:22:51.268,0,GPU-c5d32af0-0857-3b36-6541-1a688a9ec165,88.23,1410,1593,0,0,73511,35,P0,500.00,Not Active,Not Active,Not Active,Not Active
2026/07/25 10:22:51.254,2026/07/25 10:22:51.240,2026/07/25 10:22:51.268,1,GPU-713d5b24-2a1e-fd4a-7685-c3d195ff9230,83.66,1410,1593,0,0,73511,33,P0,500.00,Not Active,Not Active,Not Active,Not Active
2026/07/25 10:22:51.504,2026/07/25 10:22:51.490,2026/07/25 10:22:51.517,0,GPU-c5d32af0-0857-3b36-6541-1a688a9ec165,88.32,1410,1593,0,0,73511,35,P0,500.00,Not Active,Not Active,Not Active,Not Active
2026/07/25 10:22:51.504,2026/07/25 10:22:51.490,2026/07/25 10:22:51.517,1,GPU-713d5b24-2a1e-fd4a-7685-c3d195ff9230,83.74,1410,1593,0,0,73511,33,P0,500.00,Not Active,Not Active,Not Active,Not Active
2026/07/25 10:22:51.754,2026/07/25 10:22:51.740,2026/07/25 10:22:51.768,0,GPU-c5d32af0-0857-3b36-6541-1a688a9ec165,87.39,1410,1593,0,0,73511,35,P0,500.00,Not Active,Not Active,Not Active,Not Active
2026/07/25 10:22:51.754,2026/07/25 10:22:51.740,2026/07/25 10:22:51.768,1,GPU-713d5b24-2a1e-fd4a-7685-c3d195ff9230,83.38,1410,1593,0,0,73511,32,P0,500.00,Not Active,Not Active,Not Active,Not Active
2026/07/25 10:22:52.003,2026/07/25 10:22:51.990,2026/07/25 10:22:52.015,0,GPU-c5d32af0-0857-3b36-6541-1a688a9ec165,87.72,1410,1593,0,0,73511,35,P0,500.00,Not Active,Not Active,Not Active,Not Active
2026/07/25 10:22:52.003,2026/07/25 10:22:51.990,2026/07/25 10:22:52.015,1,GPU-713d5b24-2a1e-fd4a-7685-c3d195ff9230,83.38,1410,1593,0,0,73511,32,P0,500.00,Not Active,Not Active,Not Active,Not Active
2026/07/25 10:22:52.256,2026/07/25 10:22:52.240,2026/07/25 10:22:52.271,0,GPU-c5d32af0-0857-3b36-6541-1a688a9ec165,376.81,1410,1593,42,8,73511,43,P0,500.00,Not Active,Not Active,Not Active,Not Active
2026/07/25 10:22:52.256,2026/07/25 10:22:52.240,2026/07/25 10:22:52.271,1,GPU-713d5b24-2a1e-fd4a-7685-c3d195ff9230,83.05,1410,1593,0,0,73511,32,P0,500.00,Not Active,Not Active,Not Active,Not Active
2026/07/25 10:22:52.504,2026/07/25 10:22:52.490,2026/07/25 10:22:52.519,0,GPU-c5d32af0-0857-3b36-6541-1a688a9ec165,377.47,1410,1593,100,16,73511,47,P0,500.00,Not Active,Not Active,Not Active,Not Active
2026/07/25 10:22:52.504,2026/07/25 10:22:52.490,2026/07/25 10:22:52.519,1,GPU-713d5b24-2a1e-fd4a-7685-c3d195ff9230,83.05,1410,1593,0,0,73511,32,P0,500.00,Not Active,Not Active,Not Active,Not Active
2026/07/25 10:22:52.755,2026/07/25 10:22:52.740,2026/07/25 10:22:52.769,0,GPU-c5d32af0-0857-3b36-6541-1a688a9ec165,357.77,1410,1593,100,13,73511,48,P0,500.00,Not Active,Not Active,Not Active,Not Active
2026/07/25 10:22:52.755,2026/07/25 10:22:52.740,2026/07/25 10:22:52.769,1,GPU-713d5b24-2a1e-fd4a-7685-c3d195ff9230,83.05,1410,1593,0,0,73511,32,P0,500.00,Not Active,Not Active,Not Active,Not Active
2026/07/25 10:22:53.017,2026/07/25 10:22:52.990,2026/07/25 10:22:53.043,0,GPU-c5d32af0-0857-3b36-6541-1a688a9ec165,90.35,1410,1593,95,12,73511,40,P0,500.00,Not Active,Not Active,Not Active,Not Active
2026/07/25 10:22:53.017,2026/07/25 10:22:52.990,2026/07/25 10:22:53.043,1,GPU-713d5b24-2a1e-fd4a-7685-c3d195ff9230,242.92,1410,1593,24,0,73511,36,P0,500.00,Not Active,Not Active,Not Active,Not Active
2026/07/25 10:22:53.254,2026/07/25 10:22:53.240,2026/07/25 10:22:53.269,0,GPU-c5d32af0-0857-3b36-6541-1a688a9ec165,89.75,1410,1593,0,0,73511,38,P0,500.00,Not Active,Not Active,Not Active,Not Active
2026/07/25 10:22:53.254,2026/07/25 10:22:53.240,2026/07/25 10:22:53.269,1,GPU-713d5b24-2a1e-fd4a-7685-c3d195ff9230,244.17,1410,1593,88,45,73511,38,P0,500.00,Not Active,Not Active,Not Active,Not Active
2026/07/25 10:22:53.506,2026/07/25 10:22:53.490,2026/07/25 10:22:53.522,0,GPU-c5d32af0-0857-3b36-6541-1a688a9ec165,89.16,1410,1593,0,0,73511,37,P0,500.00,Not Active,Not Active,Not Active,Not Active
2026/07/25 10:22:53.506,2026/07/25 10:22:53.490,2026/07/25 10:22:53.522,1,GPU-713d5b24-2a1e-fd4a-7685-c3d195ff9230,248.36,1410,1593,100,52,73511,39,P0,500.00,Not Active,Not Active,Not Active,Not Active
2026/07/25 10:22:53.757,2026/07/25 10:22:53.740,2026/07/25 10:22:53.773,0,GPU-c5d32af0-0857-3b36-6541-1a688a9ec165,88.82,1410,1593,0,0,73511,37,P0,500.00,Not Active,Not Active,Not Active,Not Active
2026/07/25 10:22:53.757,2026/07/25 10:22:53.740,2026/07/25 10:22:53.773,1,GPU-713d5b24-2a1e-fd4a-7685-c3d195ff9230,239.27,1410,1593,100,52,73511,39,P0,500.00,Not Active,Not Active,Not Active,Not Active
2026/07/25 10:22:54.005,2026/07/25 10:22:53.990,2026/07/25 10:22:54.019,0,GPU-c5d32af0-0857-3b36-6541-1a688a9ec165,88.50,1410,1593,0,0,73511,36,P0,500.00,Not Active,Not Active,Not Active,Not Active
2026/07/25 10:22:54.005,2026/07/25 10:22:53.990,2026/07/25 10:22:54.019,1,GPU-713d5b24-2a1e-fd4a-7685-c3d195ff9230,242.92,1410,1593,100,52,73511,39,P0,500.00,Not Active,Not Active,Not Active,Not Active
2026/07/25 10:22:54.254,2026/07/25 10:22:54.240,2026/07/25 10:22:54.269,0,GPU-c5d32af0-0857-3b36-6541-1a688a9ec165,88.50,1410,1593,0,0,73511,36,P0,500.00,Not Active,Not Active,Not Active,Not Active
2026/07/25 10:22:54.254,2026/07/25 10:22:54.240,2026/07/25 10:22:54.269,1,GPU-713d5b24-2a1e-fd4a-7685-c3d195ff9230,83.05,1410,1593,69,36,73511,35,P0,500.00,Not Active,Not Active,Not Active,Not Active
2026/07/25 10:22:54.504,2026/07/25 10:22:54.490,2026/07/25 10:22:54.518,0,GPU-c5d32af0-0857-3b36-6541-1a688a9ec165,88.59,1410,1593,0,0,73511,36,P0,500.00,Not Active,Not Active,Not Active,Not Active
2026/07/25 10:22:54.504,2026/07/25 10:22:54.490,2026/07/25 10:22:54.518,1,GPU-713d5b24-2a1e-fd4a-7685-c3d195ff9230,82.78,1410,1593,0,0,73511,34,P0,500.00,Not Active,Not Active,Not Active,Not Active
2026/07/25 10:22:54.756,2026/07/25 10:22:54.740,2026/07/25 10:22:54.772,0,GPU-c5d32af0-0857-3b36-6541-1a688a9ec165,89.16,1410,1593,0,0,73511,36,P0,500.00,Not Active,Not Active,Not Active,Not Active
2026/07/25 10:22:54.756,2026/07/25 10:22:54.740,2026/07/25 10:22:54.772,1,GPU-713d5b24-2a1e-fd4a-7685-c3d195ff9230,82.54,1410,1593,0,0,73511,33,P0,500.00,Not Active,Not Active,Not Active,Not Active
2026/07/25 10:22:55.005,2026/07/25 10:22:54.990,2026/07/25 10:22:55.019,0,GPU-c5d32af0-0857-3b36-6541-1a688a9ec165,88.59,1410,1593,0,0,73511,36,P0,500.00,Not Active,Not Active,Not Active,Not Active
2026/07/25 10:22:55.005,2026/07/25 10:22:54.990,2026/07/25 10:22:55.019,1,GPU-713d5b24-2a1e-fd4a-7685-c3d195ff9230,83.38,1410,1593,0,0,73511,33,P0,500.00,Not Active,Not Active,Not Active,Not Active
2026/07/25 10:22:55.253,2026/07/25 10:22:55.240,2026/07/25 10:22:55.266,0,GPU-c5d32af0-0857-3b36-6541-1a688a9ec165,88.32,1410,1593,0,0,73511,36,P0,500.00,Not Active,Not Active,Not Active,Not Active
2026/07/25 10:22:55.253,2026/07/25 10:22:55.240,2026/07/25 10:22:55.266,1,GPU-713d5b24-2a1e-fd4a-7685-c3d195ff9230,83.38,1410,1593,0,0,73511,33,P0,500.00,Not Active,Not Active,Not Active,Not Active
2026/07/25 10:22:55.503,2026/07/25 10:22:55.490,2026/07/25 10:22:55.516,0,GPU-c5d32af0-0857-3b36-6541-1a688a9ec165,88.32,1410,1593,0,0,73511,36,P0,500.00,Not Active,Not Active,Not Active,Not Active
2026/07/25 10:22:55.503,2026/07/25 10:22:55.490,2026/07/25 10:22:55.516,1,GPU-713d5b24-2a1e-fd4a-7685-c3d195ff9230,83.38,1410,1593,0,0,73511,33,P0,500.00,Not Active,Not Active,Not Active,Not Active
2026/07/25 10:22:55.754,2026/07/25 10:22:55.740,2026/07/25 10:22:55.768,0,GPU-c5d32af0-0857-3b36-6541-1a688a9ec165,88.23,1410,1593,0,0,73511,36,P0,500.00,Not Active,Not Active,Not Active,Not Active
2026/07/25 10:22:55.754,2026/07/25 10:22:55.740,2026/07/25 10:22:55.768,1,GPU-713d5b24-2a1e-fd4a-7685-c3d195ff9230,83.38,1410,1593,0,0,73511,33,P0,500.00,Not Active,Not Active,Not Active,Not Active
2026/07/25 10:22:56.005,2026/07/25 10:22:55.990,2026/07/25 10:22:56.020,0,GPU-c5d32af0-0857-3b36-6541-1a688a9ec165,88.32,1410,1593,0,0,73511,36,P0,500.00,Not Active,Not Active,Not Active,Not Active
2026/07/25 10:22:56.005,2026/07/25 10:22:55.990,2026/07/25 10:22:56.020,1,GPU-713d5b24-2a1e-fd4a-7685-c3d195ff9230,83.38,1410,1593,0,0,73511,33,P0,500.00,Not Active,Not Active,Not Active,Not Active
2026/07/25 10:22:56.253,2026/07/25 10:22:56.240,2026/07/25 10:22:56.266,0,GPU-c5d32af0-0857-3b36-6541-1a688a9ec165,87.90,1410,1593,0,0,73511,36,P0,500.00,Not Active,Not Active,Not Active,Not Active
2026/07/25 10:22:56.253,2026/07/25 10:22:56.240,2026/07/25 10:22:56.266,1,GPU-713d5b24-2a1e-fd4a-7685-c3d195ff9230,83.05,1410,1593,0,0,73511,33,P0,500.00,Not Active,Not Active,Not Active,Not Active
2026/07/25 10:22:56.503,2026/07/25 10:22:56.490,2026/07/25 10:22:56.516,0,GPU-c5d32af0-0857-3b36-6541-1a688a9ec165,87.90,1410,1593,0,0,73511,36,P0,500.00,Not Active,Not Active,Not Active,Not Active
2026/07/25 10:22:56.503,2026/07/25 10:22:56.490,2026/07/25 10:22:56.516,1,GPU-713d5b24-2a1e-fd4a-7685-c3d195ff9230,83.05,1410,1593,0,0,73511,33,P0,500.00,Not Active,Not Active,Not Active,Not Active
2026/07/25 10:22:56.755,2026/07/25 10:22:56.740,2026/07/25 10:22:56.769,0,GPU-c5d32af0-0857-3b36-6541-1a688a9ec165,87.63,1410,1593,0,0,73511,35,P0,500.00,Not Active,Not Active,Not Active,Not Active
2026/07/25 10:22:56.755,2026/07/25 10:22:56.740,2026/07/25 10:22:56.769,1,GPU-713d5b24-2a1e-fd4a-7685-c3d195ff9230,83.38,1410,1593,0,0,73511,33,P0,500.00,Not Active,Not Active,Not Active,Not Active
2026/07/25 10:22:57.006,2026/07/25 10:22:56.990,2026/07/25 10:22:57.021,0,GPU-c5d32af0-0857-3b36-6541-1a688a9ec165,87.72,1410,1593,0,0,73511,35,P0,500.00,Not Active,Not Active,Not Active,Not Active
2026/07/25 10:22:57.006,2026/07/25 10:22:56.990,2026/07/25 10:22:57.021,1,GPU-713d5b24-2a1e-fd4a-7685-c3d195ff9230,83.14,1410,1593,0,0,73511,32,P0,500.00,Not Active,Not Active,Not Active,Not Active
2026/07/25 10:22:57.256,2026/07/25 10:22:57.240,2026/07/25 10:22:57.272,0,GPU-c5d32af0-0857-3b36-6541-1a688a9ec165,384.11,1410,1593,59,11,73511,45,P0,500.00,Not Active,Not Active,Not Active,Not Active
2026/07/25 10:22:57.256,2026/07/25 10:22:57.240,2026/07/25 10:22:57.272,1,GPU-713d5b24-2a1e-fd4a-7685-c3d195ff9230,83.05,1410,1593,0,0,73511,32,P0,500.00,Not Active,Not Active,Not Active,Not Active
2026/07/25 10:22:57.505,2026/07/25 10:22:57.490,2026/07/25 10:22:57.519,0,GPU-c5d32af0-0857-3b36-6541-1a688a9ec165,376.21,1410,1593,100,15,73511,48,P0,500.00,Not Active,Not Active,Not Active,Not Active
2026/07/25 10:22:57.505,2026/07/25 10:22:57.490,2026/07/25 10:22:57.519,1,GPU-713d5b24-2a1e-fd4a-7685-c3d195ff9230,83.05,1410,1593,0,0,73511,32,P0,500.00,Not Active,Not Active,Not Active,Not Active
2026/07/25 10:22:57.755,2026/07/25 10:22:57.740,2026/07/25 10:22:57.770,0,GPU-c5d32af0-0857-3b36-6541-1a688a9ec165,373.49,1410,1593,100,13,73511,48,P0,500.00,Not Active,Not Active,Not Active,Not Active
2026/07/25 10:22:57.755,2026/07/25 10:22:57.740,2026/07/25 10:22:57.770,1,GPU-713d5b24-2a1e-fd4a-7685-c3d195ff9230,83.38,1410,1593,0,0,73511,32,P0,500.00,Not Active,Not Active,Not Active,Not Active
2026/07/25 10:22:58.011,2026/07/25 10:22:57.990,2026/07/25 10:22:58.031,0,GPU-c5d32af0-0857-3b36-6541-1a688a9ec165,100.38,1410,1593,9,2,73511,40,P0,500.00,Not Active,Not Active,Not Active,Not Active
2026/07/25 10:22:58.011,2026/07/25 10:22:57.990,2026/07/25 10:22:58.031,1,GPU-713d5b24-2a1e-fd4a-7685-c3d195ff9230,89.52,1410,1593,14,0,73511,35,P0,500.00,Not Active,Not Active,Not Active,Not Active
2026/07/25 10:22:58.257,2026/07/25 10:22:58.240,2026/07/25 10:22:58.273,0,GPU-c5d32af0-0857-3b36-6541-1a688a9ec165,90.02,1410,1593,0,0,73511,38,P0,500.00,Not Active,Not Active,Not Active,Not Active
2026/07/25 10:22:58.257,2026/07/25 10:22:58.240,2026/07/25 10:22:58.273,1,GPU-713d5b24-2a1e-fd4a-7685-c3d195ff9230,246.49,1410,1593,97,45,73511,37,P0,500.00,Not Active,Not Active,Not Active,Not Active
2026/07/25 10:22:58.506,2026/07/25 10:22:58.490,2026/07/25 10:22:58.521,0,GPU-c5d32af0-0857-3b36-6541-1a688a9ec165,88.50,1410,1593,0,0,73511,37,P0,500.00,Not Active,Not Active,Not Active,Not Active
2026/07/25 10:22:58.506,2026/07/25 10:22:58.490,2026/07/25 10:22:58.521,1,GPU-713d5b24-2a1e-fd4a-7685-c3d195ff9230,242.90,1410,1593,100,52,73511,39,P0,500.00,Not Active,Not Active,Not Active,Not Active
2026/07/25 10:22:58.756,2026/07/25 10:22:58.740,2026/07/25 10:22:58.771,0,GPU-c5d32af0-0857-3b36-6541-1a688a9ec165,88.50,1410,1593,0,0,73511,37,P0,500.00,Not Active,Not Active,Not Active,Not Active
2026/07/25 10:22:58.756,2026/07/25 10:22:58.740,2026/07/25 10:22:58.771,1,GPU-713d5b24-2a1e-fd4a-7685-c3d195ff9230,245.02,1410,1593,100,52,73511,39,P0,500.00,Not Active,Not Active,Not Active,Not Active
2026/07/25 10:22:59.006,2026/07/25 10:22:58.990,2026/07/25 10:22:59.021,0,GPU-c5d32af0-0857-3b36-6541-1a688a9ec165,88.59,1410,1593,0,0,73511,36,P0,500.00,Not Active,Not Active,Not Active,Not Active
2026/07/25 10:22:59.006,2026/07/25 10:22:58.990,2026/07/25 10:22:59.021,1,GPU-713d5b24-2a1e-fd4a-7685-c3d195ff9230,240.80,1410,1593,100,52,73511,39,P0,500.00,Not Active,Not Active,Not Active,Not Active
2026/07/25 10:22:59.255,2026/07/25 10:22:59.240,2026/07/25 10:22:59.270,0,GPU-c5d32af0-0857-3b36-6541-1a688a9ec165,88.50,1410,1593,0,0,73511,36,P0,500.00,Not Active,Not Active,Not Active,Not Active
2026/07/25 10:22:59.255,2026/07/25 10:22:59.240,2026/07/25 10:22:59.270,1,GPU-713d5b24-2a1e-fd4a-7685-c3d195ff9230,238.68,1410,1593,99,51,73511,40,P0,500.00,Not Active,Not Active,Not Active,Not Active
2026/07/25 10:22:59.505,2026/07/25 10:22:59.490,2026/07/25 10:22:59.519,0,GPU-c5d32af0-0857-3b36-6541-1a688a9ec165,88.50,1410,1593,0,0,73511,36,P0,500.00,Not Active,Not Active,Not Active,Not Active
2026/07/25 10:22:59.505,2026/07/25 10:22:59.490,2026/07/25 10:22:59.519,1,GPU-713d5b24-2a1e-fd4a-7685-c3d195ff9230,237.16,1410,1593,100,51,73511,40,P0,500.00,Not Active,Not Active,Not Active,Not Active
2026/07/25 10:22:59.755,2026/07/25 10:22:59.740,2026/07/25 10:22:59.770,0,GPU-c5d32af0-0857-3b36-6541-1a688a9ec165,88.32,1410,1593,0,0,73511,36,P0,500.00,Not Active,Not Active,Not Active,Not Active
2026/07/25 10:22:59.755,2026/07/25 10:22:59.740,2026/07/25 10:22:59.770,1,GPU-713d5b24-2a1e-fd4a-7685-c3d195ff9230,83.46,1410,1593,1,1,73511,35,P0,500.00,Not Active,Not Active,Not Active,Not Active
2026/07/25 10:23:00.005,2026/07/25 10:22:59.990,2026/07/25 10:23:00.019,0,GPU-c5d32af0-0857-3b36-6541-1a688a9ec165,87.90,1410,1593,0,0,73511,36,P0,500.00,Not Active,Not Active,Not Active,Not Active
2026/07/25 10:23:00.005,2026/07/25 10:22:59.990,2026/07/25 10:23:00.019,1,GPU-713d5b24-2a1e-fd4a-7685-c3d195ff9230,83.05,1410,1593,0,0,73511,34,P0,500.00,Not Active,Not Active,Not Active,Not Active
2026/07/25 10:23:00.253,2026/07/25 10:23:00.240,2026/07/25 10:23:00.267,0,GPU-c5d32af0-0857-3b36-6541-1a688a9ec165,88.23,1410,1593,0,0,73511,36,P0,500.00,Not Active,Not Active,Not Active,Not Active
2026/07/25 10:23:00.253,2026/07/25 10:23:00.240,2026/07/25 10:23:00.267,1,GPU-713d5b24-2a1e-fd4a-7685-c3d195ff9230,83.66,1410,1593,0,0,73511,34,P0,500.00,Not Active,Not Active,Not Active,Not Active
2026/07/25 10:23:00.504,2026/07/25 10:23:00.490,2026/07/25 10:23:00.519,0,GPU-c5d32af0-0857-3b36-6541-1a688a9ec165,87.90,1410,1593,0,0,73511,36,P0,500.00,Not Active,Not Active,Not Active,Not Active
2026/07/25 10:23:00.504,2026/07/25 10:23:00.490,2026/07/25 10:23:00.519,1,GPU-713d5b24-2a1e-fd4a-7685-c3d195ff9230,83.38,1410,1593,0,0,73511,33,P0,500.00,Not Active,Not Active,Not Active,Not Active
2026/07/25 10:23:00.756,2026/07/25 10:23:00.740,2026/07/25 10:23:00.771,0,GPU-c5d32af0-0857-3b36-6541-1a688a9ec165,88.00,1410,1593,0,0,73511,36,P0,500.00,Not Active,Not Active,Not Active,Not Active
2026/07/25 10:23:00.756,2026/07/25 10:23:00.740,2026/07/25 10:23:00.771,1,GPU-713d5b24-2a1e-fd4a-7685-c3d195ff9230,83.38,1410,1593,0,0,73511,33,P0,500.00,Not Active,Not Active,Not Active,Not Active
2026/07/25 10:23:01.007,2026/07/25 10:23:00.990,2026/07/25 10:23:01.024,0,GPU-c5d32af0-0857-3b36-6541-1a688a9ec165,88.32,1410,1593,0,0,73511,36,P0,500.00,Not Active,Not Active,Not Active,Not Active
2026/07/25 10:23:01.007,2026/07/25 10:23:00.990,2026/07/25 10:23:01.024,1,GPU-713d5b24-2a1e-fd4a-7685-c3d195ff9230,83.46,1410,1593,0,0,73511,33,P0,500.00,Not Active,Not Active,Not Active,Not Active
2026/07/25 10:23:01.254,2026/07/25 10:23:01.240,2026/07/25 10:23:01.267,0,GPU-c5d32af0-0857-3b36-6541-1a688a9ec165,88.00,1410,1593,0,0,73511,36,P0,500.00,Not Active,Not Active,Not Active,Not Active
2026/07/25 10:23:01.254,2026/07/25 10:23:01.240,2026/07/25 10:23:01.267,1,GPU-713d5b24-2a1e-fd4a-7685-c3d195ff9230,83.38,1410,1593,0,0,73511,33,P0,500.00,Not Active,Not Active,Not Active,Not Active
2026/07/25 10:23:01.505,2026/07/25 10:23:01.490,2026/07/25 10:23:01.521,0,GPU-c5d32af0-0857-3b36-6541-1a688a9ec165,89.25,1410,1593,0,0,73511,36,P0,500.00,Not Active,Not Active,Not Active,Not Active
2026/07/25 10:23:01.505,2026/07/25 10:23:01.490,2026/07/25 10:23:01.521,1,GPU-713d5b24-2a1e-fd4a-7685-c3d195ff9230,83.14,1410,1593,0,0,73511,33,P0,500.00,Not Active,Not Active,Not Active,Not Active
2026/07/25 10:23:01.755,2026/07/25 10:23:01.740,2026/07/25 10:23:01.771,0,GPU-c5d32af0-0857-3b36-6541-1a688a9ec165,88.00,1410,1593,0,0,73511,36,P0,500.00,Not Active,Not Active,Not Active,Not Active
2026/07/25 10:23:01.755,2026/07/25 10:23:01.740,2026/07/25 10:23:01.771,1,GPU-713d5b24-2a1e-fd4a-7685-c3d195ff9230,83.38,1410,1593,0,0,73511,33,P0,500.00,Not Active,Not Active,Not Active,Not Active
2026/07/25 10:23:02.005,2026/07/25 10:23:01.990,2026/07/25 10:23:02.020,0,GPU-c5d32af0-0857-3b36-6541-1a688a9ec165,87.90,1410,1593,0,0,73511,36,P0,500.00,Not Active,Not Active,Not Active,Not Active
2026/07/25 10:23:02.005,2026/07/25 10:23:01.990,2026/07/25 10:23:02.020,1,GPU-713d5b24-2a1e-fd4a-7685-c3d195ff9230,83.38,1410,1593,0,0,73511,33,P0,500.00,Not Active,Not Active,Not Active,Not Active
2026/07/25 10:23:02.273,2026/07/25 10:23:02.240,2026/07/25 10:23:02.306,0,GPU-c5d32af0-0857-3b36-6541-1a688a9ec165,371.70,1410,1593,0,0,73511,44,P0,500.00,Not Active,Not Active,Not Active,Not Active
2026/07/25 10:23:02.273,2026/07/25 10:23:02.240,2026/07/25 10:23:02.306,1,GPU-713d5b24-2a1e-fd4a-7685-c3d195ff9230,83.38,1410,1593,0,0,73511,33,P0,500.00,Not Active,Not Active,Not Active,Not Active
2026/07/25 10:23:02.506,2026/07/25 10:23:02.490,2026/07/25 10:23:02.521,0,GPU-c5d32af0-0857-3b36-6541-1a688a9ec165,376.54,1410,1593,100,15,73511,47,P0,500.00,Not Active,Not Active,Not Active,Not Active
2026/07/25 10:23:02.506,2026/07/25 10:23:02.490,2026/07/25 10:23:02.521,1,GPU-713d5b24-2a1e-fd4a-7685-c3d195ff9230,83.05,1410,1593,0,0,73511,33,P0,500.00,Not Active,Not Active,Not Active,Not Active
2026/07/25 10:23:02.757,2026/07/25 10:23:02.740,2026/07/25 10:23:02.773,0,GPU-c5d32af0-0857-3b36-6541-1a688a9ec165,90.63,1410,1593,34,7,73511,39,P0,500.00,Not Active,Not Active,Not Active,Not Active
2026/07/25 10:23:02.757,2026/07/25 10:23:02.740,2026/07/25 10:23:02.773,1,GPU-713d5b24-2a1e-fd4a-7685-c3d195ff9230,249.54,1410,1593,95,42,73511,36,P0,500.00,Not Active,Not Active,Not Active,Not Active
2026/07/25 10:23:03.005,2026/07/25 10:23:02.990,2026/07/25 10:23:03.020,0,GPU-c5d32af0-0857-3b36-6541-1a688a9ec165,88.00,1410,1593,0,0,73511,37,P0,500.00,Not Active,Not Active,Not Active,Not Active
2026/07/25 10:23:03.005,2026/07/25 10:23:02.990,2026/07/25 10:23:03.020,1,GPU-713d5b24-2a1e-fd4a-7685-c3d195ff9230,250.14,1410,1593,100,53,73511,38,P0,500.00,Not Active,Not Active,Not Active,Not Active
2026/07/25 10:23:03.256,2026/07/25 10:23:03.240,2026/07/25 10:23:03.272,0,GPU-c5d32af0-0857-3b36-6541-1a688a9ec165,87.63,1410,1593,0,0,73511,36,P0,500.00,Not Active,Not Active,Not Active,Not Active
2026/07/25 10:23:03.256,2026/07/25 10:23:03.240,2026/07/25 10:23:03.272,1,GPU-713d5b24-2a1e-fd4a-7685-c3d195ff9230,249.88,1410,1593,100,53,73511,39,P0,500.00,Not Active,Not Active,Not Active,Not Active
2026/07/25 10:23:03.506,2026/07/25 10:23:03.490,2026/07/25 10:23:03.522,0,GPU-c5d32af0-0857-3b36-6541-1a688a9ec165,87.63,1410,1593,0,0,73511,36,P0,500.00,Not Active,Not Active,Not Active,Not Active
2026/07/25 10:23:03.506,2026/07/25 10:23:03.490,2026/07/25 10:23:03.522,1,GPU-713d5b24-2a1e-fd4a-7685-c3d195ff9230,243.84,1410,1593,100,53,73511,40,P0,500.00,Not Active,Not Active,Not Active,Not Active
2026/07/25 10:23:03.758,2026/07/25 10:23:03.740,2026/07/25 10:23:03.776,0,GPU-c5d32af0-0857-3b36-6541-1a688a9ec165,87.63,1410,1593,0,0,73511,36,P0,500.00,Not Active,Not Active,Not Active,Not Active
2026/07/25 10:23:03.758,2026/07/25 10:23:03.740,2026/07/25 10:23:03.776,1,GPU-713d5b24-2a1e-fd4a-7685-c3d195ff9230,243.25,1410,1593,50,26,73511,37,P0,500.00,Not Active,Not Active,Not Active,Not Active
2026/07/25 10:23:04.005,2026/07/25 10:23:03.990,2026/07/25 10:23:04.020,0,GPU-c5d32af0-0857-3b36-6541-1a688a9ec165,87.39,1410,1593,0,0,73511,36,P0,500.00,Not Active,Not Active,Not Active,Not Active
2026/07/25 10:23:04.005,2026/07/25 10:23:03.990,2026/07/25 10:23:04.020,1,GPU-713d5b24-2a1e-fd4a-7685-c3d195ff9230,83.38,1410,1593,50,26,73511,35,P0,500.00,Not Active,Not Active,Not Active,Not Active
2026/07/25 10:23:04.254,2026/07/25 10:23:04.240,2026/07/25 10:23:04.269,0,GPU-c5d32af0-0857-3b36-6541-1a688a9ec165,87.39,1410,1593,0,0,73511,36,P0,500.00,Not Active,Not Active,Not Active,Not Active
2026/07/25 10:23:04.254,2026/07/25 10:23:04.240,2026/07/25 10:23:04.269,1,GPU-713d5b24-2a1e-fd4a-7685-c3d195ff9230,83.66,1410,1593,0,0,73511,34,P0,500.00,Not Active,Not Active,Not Active,Not Active
2026/07/25 10:23:04.506,2026/07/25 10:23:04.490,2026/07/25 10:23:04.522,0,GPU-c5d32af0-0857-3b36-6541-1a688a9ec165,87.72,1410,1593,0,0,73511,36,P0,500.00,Not Active,Not Active,Not Active,Not Active
2026/07/25 10:23:04.506,2026/07/25 10:23:04.490,2026/07/25 10:23:04.522,1,GPU-713d5b24-2a1e-fd4a-7685-c3d195ff9230,83.74,1410,1593,0,0,73511,34,P0,500.00,Not Active,Not Active,Not Active,Not Active
2026/07/25 10:23:04.757,2026/07/25 10:23:04.740,2026/07/25 10:23:04.773,0,GPU-c5d32af0-0857-3b36-6541-1a688a9ec165,87.30,1410,1593,0,0,73511,36,P0,500.00,Not Active,Not Active,Not Active,Not Active
2026/07/25 10:23:04.757,2026/07/25 10:23:04.740,2026/07/25 10:23:04.773,1,GPU-713d5b24-2a1e-fd4a-7685-c3d195ff9230,83.66,1410,1593,0,0,73511,33,P0,500.00,Not Active,Not Active,Not Active,Not Active
2026/07/25 10:23:05.004,2026/07/25 10:23:04.990,2026/07/25 10:23:05.018,0,GPU-c5d32af0-0857-3b36-6541-1a688a9ec165,87.30,1410,1593,0,0,73511,36,P0,500.00,Not Active,Not Active,Not Active,Not Active
2026/07/25 10:23:05.004,2026/07/25 10:23:04.990,2026/07/25 10:23:05.018,1,GPU-713d5b24-2a1e-fd4a-7685-c3d195ff9230,83.66,1410,1593,0,0,73511,33,P0,500.00,Not Active,Not Active,Not Active,Not Active
2026/07/25 10:23:05.257,2026/07/25 10:23:05.240,2026/07/25 10:23:05.274,0,GPU-c5d32af0-0857-3b36-6541-1a688a9ec165,87.30,1410,1593,0,0,73511,36,P0,500.00,Not Active,Not Active,Not Active,Not Active
2026/07/25 10:23:05.257,2026/07/25 10:23:05.240,2026/07/25 10:23:05.274,1,GPU-713d5b24-2a1e-fd4a-7685-c3d195ff9230,83.38,1410,1593,0,0,73511,33,P0,500.00,Not Active,Not Active,Not Active,Not Active
2026/07/25 10:23:05.505,2026/07/25 10:23:05.490,2026/07/25 10:23:05.519,0,GPU-c5d32af0-0857-3b36-6541-1a688a9ec165,87.39,1410,1593,0,0,73511,36,P0,500.00,Not Active,Not Active,Not Active,Not Active
2026/07/25 10:23:05.505,2026/07/25 10:23:05.490,2026/07/25 10:23:05.519,1,GPU-713d5b24-2a1e-fd4a-7685-c3d195ff9230,83.38,1410,1593,0,0,73511,33,P0,500.00,Not Active,Not Active,Not Active,Not Active
2026/07/25 10:23:05.757,2026/07/25 10:23:05.740,2026/07/25 10:23:05.774,0,GPU-c5d32af0-0857-3b36-6541-1a688a9ec165,87.39,1410,1593,0,0,73511,36,P0,500.00,Not Active,Not Active,Not Active,Not Active
2026/07/25 10:23:05.757,2026/07/25 10:23:05.740,2026/07/25 10:23:05.774,1,GPU-713d5b24-2a1e-fd4a-7685-c3d195ff9230,83.46,1410,1593,0,0,73511,33,P0,500.00,Not Active,Not Active,Not Active,Not Active
2026/07/25 10:23:06.006,2026/07/25 10:23:05.990,2026/07/25 10:23:06.021,0,GPU-c5d32af0-0857-3b36-6541-1a688a9ec165,87.39,1410,1593,0,0,73511,35,P0,500.00,Not Active,Not Active,Not Active,Not Active
2026/07/25 10:23:06.006,2026/07/25 10:23:05.990,2026/07/25 10:23:06.021,1,GPU-713d5b24-2a1e-fd4a-7685-c3d195ff9230,83.38,1410,1593,0,0,73511,33,P0,500.00,Not Active,Not Active,Not Active,Not Active
2026/07/25 10:23:06.255,2026/07/25 10:23:06.240,2026/07/25 10:23:06.270,0,GPU-c5d32af0-0857-3b36-6541-1a688a9ec165,87.39,1410,1593,0,0,73511,35,P0,500.00,Not Active,Not Active,Not Active,Not Active
2026/07/25 10:23:06.255,2026/07/25 10:23:06.240,2026/07/25 10:23:06.270,1,GPU-713d5b24-2a1e-fd4a-7685-c3d195ff9230,83.38,1410,1593,0,0,73511,33,P0,500.00,Not Active,Not Active,Not Active,Not Active
2026/07/25 10:23:06.506,2026/07/25 10:23:06.490,2026/07/25 10:23:06.522,0,GPU-c5d32af0-0857-3b36-6541-1a688a9ec165,87.39,1410,1593,0,0,73511,35,P0,500.00,Not Active,Not Active,Not Active,Not Active
2026/07/25 10:23:06.506,2026/07/25 10:23:06.490,2026/07/25 10:23:06.522,1,GPU-713d5b24-2a1e-fd4a-7685-c3d195ff9230,83.05,1410,1593,0,0,73511,33,P0,500.00,Not Active,Not Active,Not Active,Not Active
2026/07/25 10:23:06.756,2026/07/25 10:23:06.740,2026/07/25 10:23:06.773,0,GPU-c5d32af0-0857-3b36-6541-1a688a9ec165,87.39,1410,1593,0,0,73511,35,P0,500.00,Not Active,Not Active,Not Active,Not Active
2026/07/25 10:23:06.756,2026/07/25 10:23:06.740,2026/07/25 10:23:06.773,1,GPU-713d5b24-2a1e-fd4a-7685-c3d195ff9230,83.38,1410,1593,0,0,73511,33,P0,500.00,Not Active,Not Active,Not Active,Not Active
2026/07/25 10:23:07.006,2026/07/25 10:23:06.990,2026/07/25 10:23:07.022,0,GPU-c5d32af0-0857-3b36-6541-1a688a9ec165,87.39,1410,1593,0,0,73511,35,P0,500.00,Not Active,Not Active,Not Active,Not Active
2026/07/25 10:23:07.006,2026/07/25 10:23:06.990,2026/07/25 10:23:07.022,1,GPU-713d5b24-2a1e-fd4a-7685-c3d195ff9230,83.38,1410,1593,0,0,73511,33,P0,500.00,Not Active,Not Active,Not Active,Not Active
2026/07/25 10:23:07.254,2026/07/25 10:23:07.240,2026/07/25 10:23:07.268,0,GPU-c5d32af0-0857-3b36-6541-1a688a9ec165,87.30,1410,1593,0,0,73511,35,P0,500.00,Not Active,Not Active,Not Active,Not Active
2026/07/25 10:23:07.254,2026/07/25 10:23:07.240,2026/07/25 10:23:07.268,1,GPU-713d5b24-2a1e-fd4a-7685-c3d195ff9230,83.46,1410,1593,0,0,73511,32,P0,500.00,Not Active,Not Active,Not Active,Not Active
2026/07/25 10:23:07.504,2026/07/25 10:23:07.490,2026/07/25 10:23:07.517,0,GPU-c5d32af0-0857-3b36-6541-1a688a9ec165,87.39,1410,1593,0,0,73511,35,P0,500.00,Not Active,Not Active,Not Active,Not Active
2026/07/25 10:23:07.504,2026/07/25 10:23:07.490,2026/07/25 10:23:07.517,1,GPU-713d5b24-2a1e-fd4a-7685-c3d195ff9230,83.38,1410,1593,0,0,73511,32,P0,500.00,Not Active,Not Active,Not Active,Not Active
2026/07/25 10:23:07.755,2026/07/25 10:23:07.740,2026/07/25 10:23:07.770,0,GPU-c5d32af0-0857-3b36-6541-1a688a9ec165,87.39,1410,1593,0,0,73511,35,P0,500.00,Not Active,Not Active,Not Active,Not Active
2026/07/25 10:23:07.755,2026/07/25 10:23:07.740,2026/07/25 10:23:07.770,1,GPU-713d5b24-2a1e-fd4a-7685-c3d195ff9230,83.05,1410,1593,0,0,73511,32,P0,500.00,Not Active,Not Active,Not Active,Not Active
2026/07/25 10:23:08.005,2026/07/25 10:23:07.990,2026/07/25 10:23:08.019,0,GPU-c5d32af0-0857-3b36-6541-1a688a9ec165,87.39,1410,1593,0,0,73511,35,P0,500.00,Not Active,Not Active,Not Active,Not Active
2026/07/25 10:23:08.005,2026/07/25 10:23:07.990,2026/07/25 10:23:08.019,1,GPU-713d5b24-2a1e-fd4a-7685-c3d195ff9230,83.38,1410,1593,0,0,73511,32,P0,500.00,Not Active,Not Active,Not Active,Not Active
2026/07/25 10:23:08.254,2026/07/25 10:23:08.240,2026/07/25 10:23:08.267,0,GPU-c5d32af0-0857-3b36-6541-1a688a9ec165,87.03,1410,1593,0,0,73511,35,P0,500.00,Not Active,Not Active,Not Active,Not Active
2026/07/25 10:23:08.254,2026/07/25 10:23:08.240,2026/07/25 10:23:08.267,1,GPU-713d5b24-2a1e-fd4a-7685-c3d195ff9230,83.46,1410,1593,0,0,73511,32,P0,500.00,Not Active,Not Active,Not Active,Not Active
2026/07/25 10:23:08.505,2026/07/25 10:23:08.490,2026/07/25 10:23:08.520,0,GPU-c5d32af0-0857-3b36-6541-1a688a9ec165,87.39,1410,1593,0,0,73511,35,P0,500.00,Not Active,Not Active,Not Active,Not Active
2026/07/25 10:23:08.505,2026/07/25 10:23:08.490,2026/07/25 10:23:08.520,1,GPU-713d5b24-2a1e-fd4a-7685-c3d195ff9230,83.05,1410,1593,0,0,73511,32,P0,500.00,Not Active,Not Active,Not Active,Not Active
2026/07/25 10:23:08.755,2026/07/25 10:23:08.740,2026/07/25 10:23:08.769,0,GPU-c5d32af0-0857-3b36-6541-1a688a9ec165,87.03,1410,1593,0,0,73511,35,P0,500.00,Not Active,Not Active,Not Active,Not Active
2026/07/25 10:23:08.755,2026/07/25 10:23:08.740,2026/07/25 10:23:08.769,1,GPU-713d5b24-2a1e-fd4a-7685-c3d195ff9230,83.38,1410,1593,0,0,73511,32,P0,500.00,Not Active,Not Active,Not Active,Not Active
2026/07/25 10:23:09.005,2026/07/25 10:23:08.990,2026/07/25 10:23:09.019,0,GPU-c5d32af0-0857-3b36-6541-1a688a9ec165,87.03,1410,1593,0,0,73511,35,P0,500.00,Not Active,Not Active,Not Active,Not Active
2026/07/25 10:23:09.005,2026/07/25 10:23:08.990,2026/07/25 10:23:09.019,1,GPU-713d5b24-2a1e-fd4a-7685-c3d195ff9230,83.05,1410,1593,0,0,73511,32,P0,500.00,Not Active,Not Active,Not Active,Not Active
2026/07/25 10:23:09.254,2026/07/25 10:23:09.240,2026/07/25 10:23:09.268,0,GPU-c5d32af0-0857-3b36-6541-1a688a9ec165,87.30,1410,1593,0,0,73511,35,P0,500.00,Not Active,Not Active,Not Active,Not Active
2026/07/25 10:23:09.254,2026/07/25 10:23:09.240,2026/07/25 10:23:09.268,1,GPU-713d5b24-2a1e-fd4a-7685-c3d195ff9230,83.05,1410,1593,0,0,73511,32,P0,500.00,Not Active,Not Active,Not Active,Not Active
2026/07/25 10:23:09.505,2026/07/25 10:23:09.490,2026/07/25 10:23:09.520,0,GPU-c5d32af0-0857-3b36-6541-1a688a9ec165,87.03,1410,1593,0,0,73511,35,P0,500.00,Not Active,Not Active,Not Active,Not Active
2026/07/25 10:23:09.505,2026/07/25 10:23:09.490,2026/07/25 10:23:09.520,1,GPU-713d5b24-2a1e-fd4a-7685-c3d195ff9230,83.14,1410,1593,0,0,73511,32,P0,500.00,Not Active,Not Active,Not Active,Not Active
2026/07/25 10:23:09.754,2026/07/25 10:23:09.740,2026/07/25 10:23:09.769,0,GPU-c5d32af0-0857-3b36-6541-1a688a9ec165,87.03,1410,1593,0,0,73511,35,P0,500.00,Not Active,Not Active,Not Active,Not Active
2026/07/25 10:23:09.754,2026/07/25 10:23:09.740,2026/07/25 10:23:09.769,1,GPU-713d5b24-2a1e-fd4a-7685-c3d195ff9230,83.05,1410,1593,0,0,73511,32,P0,500.00,Not Active,Not Active,Not Active,Not Active
2026/07/25 10:23:10.004,2026/07/25 10:23:09.990,2026/07/25 10:23:10.018,0,GPU-c5d32af0-0857-3b36-6541-1a688a9ec165,87.12,1410,1593,0,0,73511,35,P0,500.00,Not Active,Not Active,Not Active,Not Active
2026/07/25 10:23:10.004,2026/07/25 10:23:09.990,2026/07/25 10:23:10.018,1,GPU-713d5b24-2a1e-fd4a-7685-c3d195ff9230,83.05,1410,1593,0,0,73511,32,P0,500.00,Not Active,Not Active,Not Active,Not Active
2026/07/25 10:23:10.254,2026/07/25 10:23:10.240,2026/07/25 10:23:10.268,0,GPU-c5d32af0-0857-3b36-6541-1a688a9ec165,87.63,1410,1593,0,0,73511,35,P0,500.00,Not Active,Not Active,Not Active,Not Active
2026/07/25 10:23:10.254,2026/07/25 10:23:10.240,2026/07/25 10:23:10.268,1,GPU-713d5b24-2a1e-fd4a-7685-c3d195ff9230,83.05,1410,1593,0,0,73511,32,P0,500.00,Not Active,Not Active,Not Active,Not Active
2026/07/25 10:23:10.504,2026/07/25 10:23:10.490,2026/07/25 10:23:10.518,0,GPU-c5d32af0-0857-3b36-6541-1a688a9ec165,87.12,1410,1593,0,0,73511,35,P0,500.00,Not Active,Not Active,Not Active,Not Active
2026/07/25 10:23:10.504,2026/07/25 10:23:10.490,2026/07/25 10:23:10.518,1,GPU-713d5b24-2a1e-fd4a-7685-c3d195ff9230,83.14,1410,1593,0,0,73511,32,P0,500.00,Not Active,Not Active,Not Active,Not Active
2026/07/25 10:23:10.754,2026/07/25 10:23:10.740,2026/07/25 10:23:10.769,0,GPU-c5d32af0-0857-3b36-6541-1a688a9ec165,87.03,1410,1593,0,0,73511,35,P0,500.00,Not Active,Not Active,Not Active,Not Active
2026/07/25 10:23:10.754,2026/07/25 10:23:10.740,2026/07/25 10:23:10.769,1,GPU-713d5b24-2a1e-fd4a-7685-c3d195ff9230,83.05,1410,1593,0,0,73511,32,P0,500.00,Not Active,Not Active,Not Active,Not Active
2026/07/25 10:23:11.004,2026/07/25 10:23:10.990,2026/07/25 10:23:11.018,0,GPU-c5d32af0-0857-3b36-6541-1a688a9ec165,87.03,1410,1593,0,0,73511,35,P0,500.00,Not Active,Not Active,Not Active,Not Active
2026/07/25 10:23:11.004,2026/07/25 10:23:10.990,2026/07/25 10:23:11.018,1,GPU-713d5b24-2a1e-fd4a-7685-c3d195ff9230,83.05,1410,1593,0,0,73511,32,P0,500.00,Not Active,Not Active,Not Active,Not Active
2026/07/25 10:23:11.254,2026/07/25 10:23:11.240,2026/07/25 10:23:11.267,0,GPU-c5d32af0-0857-3b36-6541-1a688a9ec165,87.03,1410,1593,0,0,73511,35,P0,500.00,Not Active,Not Active,Not Active,Not Active
2026/07/25 10:23:11.254,2026/07/25 10:23:11.240,2026/07/25 10:23:11.267,1,GPU-713d5b24-2a1e-fd4a-7685-c3d195ff9230,83.05,1410,1593,0,0,73511,32,P0,500.00,Not Active,Not Active,Not Active,Not Active
2026/07/25 10:23:11.504,2026/07/25 10:23:11.490,2026/07/25 10:23:11.517,0,GPU-c5d32af0-0857-3b36-6541-1a688a9ec165,87.12,1410,1593,0,0,73511,35,P0,500.00,Not Active,Not Active,Not Active,Not Active
2026/07/25 10:23:11.504,2026/07/25 10:23:11.490,2026/07/25 10:23:11.517,1,GPU-713d5b24-2a1e-fd4a-7685-c3d195ff9230,83.05,1410,1593,0,0,73511,32,P0,500.00,Not Active,Not Active,Not Active,Not Active
2026/07/25 10:23:11.754,2026/07/25 10:23:11.740,2026/07/25 10:23:11.769,0,GPU-c5d32af0-0857-3b36-6541-1a688a9ec165,87.12,1410,1593,0,0,73511,35,P0,500.00,Not Active,Not Active,Not Active,Not Active
2026/07/25 10:23:11.754,2026/07/25 10:23:11.740,2026/07/25 10:23:11.769,1,GPU-713d5b24-2a1e-fd4a-7685-c3d195ff9230,83.05,1410,1593,0,0,73511,32,P0,500.00,Not Active,Not Active,Not Active,Not Active
2026/07/25 10:23:12.005,2026/07/25 10:23:11.990,2026/07/25 10:23:12.019,0,GPU-c5d32af0-0857-3b36-6541-1a688a9ec165,87.12,1410,1593,0,0,73511,35,P0,500.00,Not Active,Not Active,Not Active,Not Active
2026/07/25 10:23:12.005,2026/07/25 10:23:11.990,2026/07/25 10:23:12.019,1,GPU-713d5b24-2a1e-fd4a-7685-c3d195ff9230,82.78,1410,1593,0,0,73511,32,P0,500.00,Not Active,Not Active,Not Active,Not Active
2026/07/25 10:23:12.253,2026/07/25 10:23:12.240,2026/07/25 10:23:12.267,0,GPU-c5d32af0-0857-3b36-6541-1a688a9ec165,87.03,1410,1593,0,0,73511,35,P0,500.00,Not Active,Not Active,Not Active,Not Active
2026/07/25 10:23:12.253,2026/07/25 10:23:12.240,2026/07/25 10:23:12.267,1,GPU-713d5b24-2a1e-fd4a-7685-c3d195ff9230,83.05,1410,1593,0,0,73511,32,P0,500.00,Not Active,Not Active,Not Active,Not Active
2026/07/25 10:23:12.505,2026/07/25 10:23:12.490,2026/07/25 10:23:12.520,0,GPU-c5d32af0-0857-3b36-6541-1a688a9ec165,87.12,1410,1593,0,0,73511,35,P0,500.00,Not Active,Not Active,Not Active,Not Active
2026/07/25 10:23:12.505,2026/07/25 10:23:12.490,2026/07/25 10:23:12.520,1,GPU-713d5b24-2a1e-fd4a-7685-c3d195ff9230,83.05,1410,1593,0,0,73511,32,P0,500.00,Not Active,Not Active,Not Active,Not Active
2026/07/25 10:23:12.756,2026/07/25 10:23:12.740,2026/07/25 10:23:12.771,0,GPU-c5d32af0-0857-3b36-6541-1a688a9ec165,87.03,1410,1593,0,0,73511,35,P0,500.00,Not Active,Not Active,Not Active,Not Active
2026/07/25 10:23:12.756,2026/07/25 10:23:12.740,2026/07/25 10:23:12.771,1,GPU-713d5b24-2a1e-fd4a-7685-c3d195ff9230,83.05,1410,1593,0,0,73511,32,P0,500.00,Not Active,Not Active,Not Active,Not Active
2026/07/25 10:23:13.004,2026/07/25 10:23:12.990,2026/07/25 10:23:13.018,0,GPU-c5d32af0-0857-3b36-6541-1a688a9ec165,87.03,1410,1593,0,0,73511,35,P0,500.00,Not Active,Not Active,Not Active,Not Active
2026/07/25 10:23:13.004,2026/07/25 10:23:12.990,2026/07/25 10:23:13.018,1,GPU-713d5b24-2a1e-fd4a-7685-c3d195ff9230,83.05,1410,1593,0,0,73511,32,P0,500.00,Not Active,Not Active,Not Active,Not Active
2026/07/25 10:23:13.254,2026/07/25 10:23:13.240,2026/07/25 10:23:13.269,0,GPU-c5d32af0-0857-3b36-6541-1a688a9ec165,87.03,1410,1593,0,0,73511,35,P0,500.00,Not Active,Not Active,Not Active,Not Active
2026/07/25 10:23:13.254,2026/07/25 10:23:13.240,2026/07/25 10:23:13.269,1,GPU-713d5b24-2a1e-fd4a-7685-c3d195ff9230,83.05,1410,1593,0,0,73511,32,P0,500.00,Not Active,Not Active,Not Active,Not Active
2026/07/25 10:23:13.504,2026/07/25 10:23:13.490,2026/07/25 10:23:13.518,0,GPU-c5d32af0-0857-3b36-6541-1a688a9ec165,86.79,1410,1593,0,0,73511,35,P0,500.00,Not Active,Not Active,Not Active,Not Active
2026/07/25 10:23:13.504,2026/07/25 10:23:13.490,2026/07/25 10:23:13.518,1,GPU-713d5b24-2a1e-fd4a-7685-c3d195ff9230,83.05,1410,1593,0,0,73511,32,P0,500.00,Not Active,Not Active,Not Active,Not Active
2026/07/25 10:23:13.755,2026/07/25 10:23:13.740,2026/07/25 10:23:13.770,0,GPU-c5d32af0-0857-3b36-6541-1a688a9ec165,87.03,1410,1593,0,0,73511,35,P0,500.00,Not Active,Not Active,Not Active,Not Active
2026/07/25 10:23:13.755,2026/07/25 10:23:13.740,2026/07/25 10:23:13.770,1,GPU-713d5b24-2a1e-fd4a-7685-c3d195ff9230,82.78,1410,1593,0,0,73511,32,P0,500.00,Not Active,Not Active,Not Active,Not Active
2026/07/25 10:23:14.005,2026/07/25 10:23:13.990,2026/07/25 10:23:14.019,0,GPU-c5d32af0-0857-3b36-6541-1a688a9ec165,87.12,1410,1593,0,0,73511,35,P0,500.00,Not Active,Not Active,Not Active,Not Active
2026/07/25 10:23:14.005,2026/07/25 10:23:13.990,2026/07/25 10:23:14.019,1,GPU-713d5b24-2a1e-fd4a-7685-c3d195ff9230,83.05,1410,1593,0,0,73511,32,P0,500.00,Not Active,Not Active,Not Active,Not Active
2026/07/25 10:23:14.255,2026/07/25 10:23:14.240,2026/07/25 10:23:14.269,0,GPU-c5d32af0-0857-3b36-6541-1a688a9ec165,87.12,1410,1593,0,0,73511,35,P0,500.00,Not Active,Not Active,Not Active,Not Active
2026/07/25 10:23:14.255,2026/07/25 10:23:14.240,2026/07/25 10:23:14.269,1,GPU-713d5b24-2a1e-fd4a-7685-c3d195ff9230,83.05,1410,1593,0,0,73511,32,P0,500.00,Not Active,Not Active,Not Active,Not Active
2026/07/25 10:23:14.507,2026/07/25 10:23:14.490,2026/07/25 10:23:14.523,0,GPU-c5d32af0-0857-3b36-6541-1a688a9ec165,86.79,1410,1593,0,0,73511,35,P0,500.00,Not Active,Not Active,Not Active,Not Active
2026/07/25 10:23:14.507,2026/07/25 10:23:14.490,2026/07/25 10:23:14.523,1,GPU-713d5b24-2a1e-fd4a-7685-c3d195ff9230,83.05,1410,1593,0,0,73511,32,P0,500.00,Not Active,Not Active,Not Active,Not Active
2026/07/25 10:23:14.760,2026/07/25 10:23:14.740,2026/07/25 10:23:14.781,0,GPU-c5d32af0-0857-3b36-6541-1a688a9ec165,87.39,1410,1593,0,0,73511,35,P0,500.00,Not Active,Not Active,Not Active,Not Active
2026/07/25 10:23:14.760,2026/07/25 10:23:14.740,2026/07/25 10:23:14.781,1,GPU-713d5b24-2a1e-fd4a-7685-c3d195ff9230,83.38,1410,1593,0,0,73511,32,P0,500.00,Not Active,Not Active,Not Active,Not Active
2026/07/25 10:23:15.006,2026/07/25 10:23:14.990,2026/07/25 10:23:15.023,0,GPU-c5d32af0-0857-3b36-6541-1a688a9ec165,87.03,1410,1593,0,0,73511,35,P0,500.00,Not Active,Not Active,Not Active,Not Active
2026/07/25 10:23:15.006,2026/07/25 10:23:14.990,2026/07/25 10:23:15.023,1,GPU-713d5b24-2a1e-fd4a-7685-c3d195ff9230,83.05,1410,1593,0,0,73511,32,P0,500.00,Not Active,Not Active,Not Active,Not Active
2026/07/25 10:23:15.256,2026/07/25 10:23:15.240,2026/07/25 10:23:15.272,0,GPU-c5d32af0-0857-3b36-6541-1a688a9ec165,87.12,1410,1593,0,0,73511,35,P0,500.00,Not Active,Not Active,Not Active,Not Active
2026/07/25 10:23:15.256,2026/07/25 10:23:15.240,2026/07/25 10:23:15.272,1,GPU-713d5b24-2a1e-fd4a-7685-c3d195ff9230,82.78,1410,1593,0,0,73511,32,P0,500.00,Not Active,Not Active,Not Active,Not Active
2026/07/25 10:23:15.504,2026/07/25 10:23:15.490,2026/07/25 10:23:15.519,0,GPU-c5d32af0-0857-3b36-6541-1a688a9ec165,86.71,1410,1593,0,0,73511,35,P0,500.00,Not Active,Not Active,Not Active,Not Active
2026/07/25 10:23:15.504,2026/07/25 10:23:15.490,2026/07/25 10:23:15.519,1,GPU-713d5b24-2a1e-fd4a-7685-c3d195ff9230,83.05,1410,1593,0,0,73511,32,P0,500.00,Not Active,Not Active,Not Active,Not Active
2026/07/25 10:23:15.755,2026/07/25 10:23:15.740,2026/07/25 10:23:15.770,0,GPU-c5d32af0-0857-3b36-6541-1a688a9ec165,86.79,1410,1593,0,0,73511,35,P0,500.00,Not Active,Not Active,Not Active,Not Active
2026/07/25 10:23:15.755,2026/07/25 10:23:15.740,2026/07/25 10:23:15.770,1,GPU-713d5b24-2a1e-fd4a-7685-c3d195ff9230,82.87,1410,1593,0,0,73511,32,P0,500.00,Not Active,Not Active,Not Active,Not Active
2026/07/25 10:23:16.004,2026/07/25 10:23:15.990,2026/07/25 10:23:16.018,0,GPU-c5d32af0-0857-3b36-6541-1a688a9ec165,86.79,1410,1593,0,0,73511,35,P0,500.00,Not Active,Not Active,Not Active,Not Active
2026/07/25 10:23:16.004,2026/07/25 10:23:15.990,2026/07/25 10:23:16.018,1,GPU-713d5b24-2a1e-fd4a-7685-c3d195ff9230,82.78,1410,1593,0,0,73511,32,P0,500.00,Not Active,Not Active,Not Active,Not Active
2026/07/25 10:23:16.256,2026/07/25 10:23:16.240,2026/07/25 10:23:16.271,0,GPU-c5d32af0-0857-3b36-6541-1a688a9ec165,87.12,1410,1593,0,0,73511,35,P0,500.00,Not Active,Not Active,Not Active,Not Active
2026/07/25 10:23:16.256,2026/07/25 10:23:16.240,2026/07/25 10:23:16.271,1,GPU-713d5b24-2a1e-fd4a-7685-c3d195ff9230,83.05,1410,1593,0,0,73511,32,P0,500.00,Not Active,Not Active,Not Active,Not Active
2026/07/25 10:23:16.505,2026/07/25 10:23:16.490,2026/07/25 10:23:16.519,0,GPU-c5d32af0-0857-3b36-6541-1a688a9ec165,86.71,1410,1593,0,0,73511,35,P0,500.00,Not Active,Not Active,Not Active,Not Active
2026/07/25 10:23:16.505,2026/07/25 10:23:16.490,2026/07/25 10:23:16.519,1,GPU-713d5b24-2a1e-fd4a-7685-c3d195ff9230,83.05,1410,1593,0,0,73511,32,P0,500.00,Not Active,Not Active,Not Active,Not Active
2026/07/25 10:23:16.755,2026/07/25 10:23:16.740,2026/07/25 10:23:16.769,0,GPU-c5d32af0-0857-3b36-6541-1a688a9ec165,86.79,1410,1593,0,0,73511,35,P0,500.00,Not Active,Not Active,Not Active,Not Active
2026/07/25 10:23:16.755,2026/07/25 10:23:16.740,2026/07/25 10:23:16.769,1,GPU-713d5b24-2a1e-fd4a-7685-c3d195ff9230,83.05,1410,1593,0,0,73511,32,P0,500.00,Not Active,Not Active,Not Active,Not Active
2026/07/25 10:23:17.004,2026/07/25 10:23:16.990,2026/07/25 10:23:17.017,0,GPU-c5d32af0-0857-3b36-6541-1a688a9ec165,86.71,1410,1593,0,0,73511,35,P0,500.00,Not Active,Not Active,Not Active,Not Active
2026/07/25 10:23:17.004,2026/07/25 10:23:16.990,2026/07/25 10:23:17.017,1,GPU-713d5b24-2a1e-fd4a-7685-c3d195ff9230,82.78,1410,1593,0,0,73511,32,P0,500.00,Not Active,Not Active,Not Active,Not Active
2026/07/25 10:23:17.255,2026/07/25 10:23:17.240,2026/07/25 10:23:17.269,0,GPU-c5d32af0-0857-3b36-6541-1a688a9ec165,87.03,1410,1593,0,0,73511,35,P0,500.00,Not Active,Not Active,Not Active,Not Active
2026/07/25 10:23:17.255,2026/07/25 10:23:17.240,2026/07/25 10:23:17.269,1,GPU-713d5b24-2a1e-fd4a-7685-c3d195ff9230,83.05,1410,1593,0,0,73511,32,P0,500.00,Not Active,Not Active,Not Active,Not Active
2026/07/25 10:23:17.505,2026/07/25 10:23:17.490,2026/07/25 10:23:17.520,0,GPU-c5d32af0-0857-3b36-6541-1a688a9ec165,86.71,1410,1593,0,0,73511,35,P0,500.00,Not Active,Not Active,Not Active,Not Active
2026/07/25 10:23:17.505,2026/07/25 10:23:17.490,2026/07/25 10:23:17.520,1,GPU-713d5b24-2a1e-fd4a-7685-c3d195ff9230,82.78,1410,1593,0,0,73511,32,P0,500.00,Not Active,Not Active,Not Active,Not Active
2026/07/25 10:23:17.755,2026/07/25 10:23:17.740,2026/07/25 10:23:17.770,0,GPU-c5d32af0-0857-3b36-6541-1a688a9ec165,86.71,1410,1593,0,0,73511,35,P0,500.00,Not Active,Not Active,Not Active,Not Active
2026/07/25 10:23:17.755,2026/07/25 10:23:17.740,2026/07/25 10:23:17.770,1,GPU-713d5b24-2a1e-fd4a-7685-c3d195ff9230,83.05,1410,1593,0,0,73511,32,P0,500.00,Not Active,Not Active,Not Active,Not Active
2026/07/25 10:23:18.003,2026/07/25 10:23:17.990,2026/07/25 10:23:18.017,0,GPU-c5d32af0-0857-3b36-6541-1a688a9ec165,86.79,1410,1593,0,0,73511,35,P0,500.00,Not Active,Not Active,Not Active,Not Active
2026/07/25 10:23:18.003,2026/07/25 10:23:17.990,2026/07/25 10:23:18.017,1,GPU-713d5b24-2a1e-fd4a-7685-c3d195ff9230,82.78,1410,1593,0,0,73511,32,P0,500.00,Not Active,Not Active,Not Active,Not Active
2026/07/25 10:23:18.255,2026/07/25 10:23:18.240,2026/07/25 10:23:18.269,0,GPU-c5d32af0-0857-3b36-6541-1a688a9ec165,86.71,1410,1593,0,0,73511,35,P0,500.00,Not Active,Not Active,Not Active,Not Active
2026/07/25 10:23:18.255,2026/07/25 10:23:18.240,2026/07/25 10:23:18.269,1,GPU-713d5b24-2a1e-fd4a-7685-c3d195ff9230,83.05,1410,1593,0,0,73511,32,P0,500.00,Not Active,Not Active,Not Active,Not Active
2026/07/25 10:23:18.505,2026/07/25 10:23:18.490,2026/07/25 10:23:18.521,0,GPU-c5d32af0-0857-3b36-6541-1a688a9ec165,87.03,1410,1593,0,0,73511,35,P0,500.00,Not Active,Not Active,Not Active,Not Active
2026/07/25 10:23:18.505,2026/07/25 10:23:18.490,2026/07/25 10:23:18.521,1,GPU-713d5b24-2a1e-fd4a-7685-c3d195ff9230,83.05,1410,1593,0,0,73511,32,P0,500.00,Not Active,Not Active,Not Active,Not Active
2026/07/25 10:23:18.755,2026/07/25 10:23:18.740,2026/07/25 10:23:18.770,0,GPU-c5d32af0-0857-3b36-6541-1a688a9ec165,86.71,1410,1593,0,0,73511,34,P0,500.00,Not Active,Not Active,Not Active,Not Active
2026/07/25 10:23:18.755,2026/07/25 10:23:18.740,2026/07/25 10:23:18.770,1,GPU-713d5b24-2a1e-fd4a-7685-c3d195ff9230,82.78,1410,1593,0,0,73511,32,P0,500.00,Not Active,Not Active,Not Active,Not Active
2026/07/25 10:23:19.004,2026/07/25 10:23:18.990,2026/07/25 10:23:19.017,0,GPU-c5d32af0-0857-3b36-6541-1a688a9ec165,86.71,1410,1593,0,0,73511,34,P0,500.00,Not Active,Not Active,Not Active,Not Active
2026/07/25 10:23:19.004,2026/07/25 10:23:18.990,2026/07/25 10:23:19.017,1,GPU-713d5b24-2a1e-fd4a-7685-c3d195ff9230,83.05,1410,1593,0,0,73511,32,P0,500.00,Not Active,Not Active,Not Active,Not Active
2026/07/25 10:23:19.255,2026/07/25 10:23:19.240,2026/07/25 10:23:19.270,0,GPU-c5d32af0-0857-3b36-6541-1a688a9ec165,86.79,1410,1593,0,0,73511,34,P0,500.00,Not Active,Not Active,Not Active,Not Active
2026/07/25 10:23:19.255,2026/07/25 10:23:19.240,2026/07/25 10:23:19.270,1,GPU-713d5b24-2a1e-fd4a-7685-c3d195ff9230,82.78,1410,1593,0,0,73511,32,P0,500.00,Not Active,Not Active,Not Active,Not Active
2026/07/25 10:23:19.505,2026/07/25 10:23:19.490,2026/07/25 10:23:19.520,0,GPU-c5d32af0-0857-3b36-6541-1a688a9ec165,86.71,1410,1593,0,0,73511,34,P0,500.00,Not Active,Not Active,Not Active,Not Active
2026/07/25 10:23:19.505,2026/07/25 10:23:19.490,2026/07/25 10:23:19.520,1,GPU-713d5b24-2a1e-fd4a-7685-c3d195ff9230,83.05,1410,1593,0,0,73511,32,P0,500.00,Not Active,Not Active,Not Active,Not Active
2026/07/25 10:23:19.755,2026/07/25 10:23:19.740,2026/07/25 10:23:19.771,0,GPU-c5d32af0-0857-3b36-6541-1a688a9ec165,86.79,1410,1593,0,0,73511,34,P0,500.00,Not Active,Not Active,Not Active,Not Active
2026/07/25 10:23:19.755,2026/07/25 10:23:19.740,2026/07/25 10:23:19.771,1,GPU-713d5b24-2a1e-fd4a-7685-c3d195ff9230,82.78,1410,1593,0,0,73511,32,P0,500.00,Not Active,Not Active,Not Active,Not Active
2026/07/25 10:23:20.004,2026/07/25 10:23:19.990,2026/07/25 10:23:20.017,0,GPU-c5d32af0-0857-3b36-6541-1a688a9ec165,87.03,1410,1593,0,0,73511,34,P0,500.00,Not Active,Not Active,Not Active,Not Active
2026/07/25 10:23:20.004,2026/07/25 10:23:19.990,2026/07/25 10:23:20.017,1,GPU-713d5b24-2a1e-fd4a-7685-c3d195ff9230,83.05,1410,1593,0,0,73511,31,P0,500.00,Not Active,Not Active,Not Active,Not Active
2026/07/25 10:23:20.256,2026/07/25 10:23:20.240,2026/07/25 10:23:20.271,0,GPU-c5d32af0-0857-3b36-6541-1a688a9ec165,86.79,1410,1593,0,0,73511,34,P0,500.00,Not Active,Not Active,Not Active,Not Active
2026/07/25 10:23:20.256,2026/07/25 10:23:20.240,2026/07/25 10:23:20.271,1,GPU-713d5b24-2a1e-fd4a-7685-c3d195ff9230,82.78,1410,1593,0,0,73511,31,P0,500.00,Not Active,Not Active,Not Active,Not Active
2026/07/25 10:23:20.505,2026/07/25 10:23:20.490,2026/07/25 10:23:20.520,0,GPU-c5d32af0-0857-3b36-6541-1a688a9ec165,86.71,1410,1593,0,0,73511,34,P0,500.00,Not Active,Not Active,Not Active,Not Active
2026/07/25 10:23:20.505,2026/07/25 10:23:20.490,2026/07/25 10:23:20.520,1,GPU-713d5b24-2a1e-fd4a-7685-c3d195ff9230,83.05,1410,1593,0,0,73511,31,P0,500.00,Not Active,Not Active,Not Active,Not Active
2026/07/25 10:23:20.755,2026/07/25 10:23:20.740,2026/07/25 10:23:20.770,0,GPU-c5d32af0-0857-3b36-6541-1a688a9ec165,86.71,1410,1593,0,0,73511,34,P0,500.00,Not Active,Not Active,Not Active,Not Active
2026/07/25 10:23:20.755,2026/07/25 10:23:20.740,2026/07/25 10:23:20.770,1,GPU-713d5b24-2a1e-fd4a-7685-c3d195ff9230,83.05,1410,1593,0,0,73511,31,P0,500.00,Not Active,Not Active,Not Active,Not Active
2026/07/25 10:23:21.004,2026/07/25 10:23:20.990,2026/07/25 10:23:21.017,0,GPU-c5d32af0-0857-3b36-6541-1a688a9ec165,86.79,1410,1593,0,0,73511,34,P0,500.00,Not Active,Not Active,Not Active,Not Active
2026/07/25 10:23:21.004,2026/07/25 10:23:20.990,2026/07/25 10:23:21.017,1,GPU-713d5b24-2a1e-fd4a-7685-c3d195ff9230,82.87,1410,1593,0,0,73511,31,P0,500.00,Not Active,Not Active,Not Active,Not Active
2026/07/25 10:23:21.255,2026/07/25 10:23:21.240,2026/07/25 10:23:21.269,0,GPU-c5d32af0-0857-3b36-6541-1a688a9ec165,87.12,1410,1593,0,0,73511,34,P0,500.00,Not Active,Not Active,Not Active,Not Active
2026/07/25 10:23:21.255,2026/07/25 10:23:21.240,2026/07/25 10:23:21.269,1,GPU-713d5b24-2a1e-fd4a-7685-c3d195ff9230,82.78,1410,1593,0,0,73511,31,P0,500.00,Not Active,Not Active,Not Active,Not Active
2026/07/25 10:23:21.507,2026/07/25 10:23:21.490,2026/07/25 10:23:21.523,0,GPU-c5d32af0-0857-3b36-6541-1a688a9ec165,86.71,1410,1593,0,0,73511,34,P0,500.00,Not Active,Not Active,Not Active,Not Active
2026/07/25 10:23:21.507,2026/07/25 10:23:21.490,2026/07/25 10:23:21.523,1,GPU-713d5b24-2a1e-fd4a-7685-c3d195ff9230,82.78,1410,1593,0,0,73511,31,P0,500.00,Not Active,Not Active,Not Active,Not Active
2026/07/25 10:23:21.756,2026/07/25 10:23:21.740,2026/07/25 10:23:21.771,0,GPU-c5d32af0-0857-3b36-6541-1a688a9ec165,86.71,1410,1593,0,0,73511,34,P0,500.00,Not Active,Not Active,Not Active,Not Active
2026/07/25 10:23:21.756,2026/07/25 10:23:21.740,2026/07/25 10:23:21.771,1,GPU-713d5b24-2a1e-fd4a-7685-c3d195ff9230,82.87,1410,1593,0,0,73511,31,P0,500.00,Not Active,Not Active,Not Active,Not Active
2026/07/25 10:23:22.004,2026/07/25 10:23:21.990,2026/07/25 10:23:22.018,0,GPU-c5d32af0-0857-3b36-6541-1a688a9ec165,87.03,1410,1593,0,0,73511,34,P0,500.00,Not Active,Not Active,Not Active,Not Active
2026/07/25 10:23:22.004,2026/07/25 10:23:21.990,2026/07/25 10:23:22.018,1,GPU-713d5b24-2a1e-fd4a-7685-c3d195ff9230,82.78,1410,1593,0,0,73511,31,P0,500.00,Not Active,Not Active,Not Active,Not Active
2026/07/25 10:23:22.254,2026/07/25 10:23:22.240,2026/07/25 10:23:22.269,0,GPU-c5d32af0-0857-3b36-6541-1a688a9ec165,86.38,1410,1593,0,0,73511,34,P0,500.00,Not Active,Not Active,Not Active,Not Active
2026/07/25 10:23:22.254,2026/07/25 10:23:22.240,2026/07/25 10:23:22.269,1,GPU-713d5b24-2a1e-fd4a-7685-c3d195ff9230,83.05,1410,1593,0,0,73511,31,P0,500.00,Not Active,Not Active,Not Active,Not Active
2026/07/25 10:23:22.505,2026/07/25 10:23:22.490,2026/07/25 10:23:22.520,0,GPU-c5d32af0-0857-3b36-6541-1a688a9ec165,86.71,1410,1593,0,0,73511,34,P0,500.00,Not Active,Not Active,Not Active,Not Active
2026/07/25 10:23:22.505,2026/07/25 10:23:22.490,2026/07/25 10:23:22.520,1,GPU-713d5b24-2a1e-fd4a-7685-c3d195ff9230,83.05,1410,1593,0,0,73511,31,P0,500.00,Not Active,Not Active,Not Active,Not Active
2026/07/25 10:23:22.755,2026/07/25 10:23:22.740,2026/07/25 10:23:22.769,0,GPU-c5d32af0-0857-3b36-6541-1a688a9ec165,86.71,1410,1593,0,0,73511,34,P0,500.00,Not Active,Not Active,Not Active,Not Active
2026/07/25 10:23:22.755,2026/07/25 10:23:22.740,2026/07/25 10:23:22.769,1,GPU-713d5b24-2a1e-fd4a-7685-c3d195ff9230,82.78,1410,1593,0,0,73511,31,P0,500.00,Not Active,Not Active,Not Active,Not Active
2026/07/25 10:23:23.003,2026/07/25 10:23:22.990,2026/07/25 10:23:23.016,0,GPU-c5d32af0-0857-3b36-6541-1a688a9ec165,86.71,1410,1593,0,0,73511,34,P0,500.00,Not Active,Not Active,Not Active,Not Active
2026/07/25 10:23:23.003,2026/07/25 10:23:22.990,2026/07/25 10:23:23.016,1,GPU-713d5b24-2a1e-fd4a-7685-c3d195ff9230,82.78,1410,1593,0,0,73511,31,P0,500.00,Not Active,Not Active,Not Active,Not Active
2026/07/25 10:23:23.255,2026/07/25 10:23:23.240,2026/07/25 10:23:23.269,0,GPU-c5d32af0-0857-3b36-6541-1a688a9ec165,86.79,1410,1593,0,0,73511,34,P0,500.00,Not Active,Not Active,Not Active,Not Active
2026/07/25 10:23:23.255,2026/07/25 10:23:23.240,2026/07/25 10:23:23.269,1,GPU-713d5b24-2a1e-fd4a-7685-c3d195ff9230,82.87,1410,1593,0,0,73511,31,P0,500.00,Not Active,Not Active,Not Active,Not Active
2026/07/25 10:23:23.505,2026/07/25 10:23:23.490,2026/07/25 10:23:23.519,0,GPU-c5d32af0-0857-3b36-6541-1a688a9ec165,86.71,1410,1593,0,0,73511,34,P0,500.00,Not Active,Not Active,Not Active,Not Active
2026/07/25 10:23:23.505,2026/07/25 10:23:23.490,2026/07/25 10:23:23.519,1,GPU-713d5b24-2a1e-fd4a-7685-c3d195ff9230,82.78,1410,1593,0,0,73511,31,P0,500.00,Not Active,Not Active,Not Active,Not Active
2026/07/25 10:23:23.756,2026/07/25 10:23:23.740,2026/07/25 10:23:23.771,0,GPU-c5d32af0-0857-3b36-6541-1a688a9ec165,86.71,1410,1593,0,0,73511,34,P0,500.00,Not Active,Not Active,Not Active,Not Active
2026/07/25 10:23:23.756,2026/07/25 10:23:23.740,2026/07/25 10:23:23.771,1,GPU-713d5b24-2a1e-fd4a-7685-c3d195ff9230,82.78,1410,1593,0,0,73511,31,P0,500.00,Not Active,Not Active,Not Active,Not Active
2026/07/25 10:23:24.004,2026/07/25 10:23:23.990,2026/07/25 10:23:24.019,0,GPU-c5d32af0-0857-3b36-6541-1a688a9ec165,86.71,1410,1593,0,0,73511,34,P0,500.00,Not Active,Not Active,Not Active,Not Active
2026/07/25 10:23:24.004,2026/07/25 10:23:23.990,2026/07/25 10:23:24.019,1,GPU-713d5b24-2a1e-fd4a-7685-c3d195ff9230,82.78,1410,1593,0,0,73511,31,P0,500.00,Not Active,Not Active,Not Active,Not Active
2026/07/25 10:23:24.255,2026/07/25 10:23:24.240,2026/07/25 10:23:24.269,0,GPU-c5d32af0-0857-3b36-6541-1a688a9ec165,86.79,1410,1593,0,0,73511,34,P0,500.00,Not Active,Not Active,Not Active,Not Active
2026/07/25 10:23:24.255,2026/07/25 10:23:24.240,2026/07/25 10:23:24.269,1,GPU-713d5b24-2a1e-fd4a-7685-c3d195ff9230,82.78,1410,1593,0,0,73511,31,P0,500.00,Not Active,Not Active,Not Active,Not Active
2026/07/25 10:23:24.504,2026/07/25 10:23:24.490,2026/07/25 10:23:24.518,0,GPU-c5d32af0-0857-3b36-6541-1a688a9ec165,86.71,1410,1593,0,0,73511,34,P0,500.00,Not Active,Not Active,Not Active,Not Active
2026/07/25 10:23:24.504,2026/07/25 10:23:24.490,2026/07/25 10:23:24.518,1,GPU-713d5b24-2a1e-fd4a-7685-c3d195ff9230,82.78,1410,1593,0,0,73511,31,P0,500.00,Not Active,Not Active,Not Active,Not Active
2026/07/25 10:23:24.755,2026/07/25 10:23:24.740,2026/07/25 10:23:24.770,0,GPU-c5d32af0-0857-3b36-6541-1a688a9ec165,86.71,1410,1593,0,0,73511,34,P0,500.00,Not Active,Not Active,Not Active,Not Active
2026/07/25 10:23:24.755,2026/07/25 10:23:24.740,2026/07/25 10:23:24.770,1,GPU-713d5b24-2a1e-fd4a-7685-c3d195ff9230,82.78,1410,1593,0,0,73511,31,P0,500.00,Not Active,Not Active,Not Active,Not Active
2026/07/25 10:23:25.005,2026/07/25 10:23:24.990,2026/07/25 10:23:25.020,0,GPU-c5d32af0-0857-3b36-6541-1a688a9ec165,86.71,1410,1593,0,0,73511,34,P0,500.00,Not Active,Not Active,Not Active,Not Active
2026/07/25 10:23:25.005,2026/07/25 10:23:24.990,2026/07/25 10:23:25.020,1,GPU-713d5b24-2a1e-fd4a-7685-c3d195ff9230,82.78,1410,1593,0,0,73511,31,P0,500.00,Not Active,Not Active,Not Active,Not Active
2026/07/25 10:23:25.254,2026/07/25 10:23:25.240,2026/07/25 10:23:25.269,0,GPU-c5d32af0-0857-3b36-6541-1a688a9ec165,86.71,1410,1593,0,0,73511,34,P0,500.00,Not Active,Not Active,Not Active,Not Active
2026/07/25 10:23:25.254,2026/07/25 10:23:25.240,2026/07/25 10:23:25.269,1,GPU-713d5b24-2a1e-fd4a-7685-c3d195ff9230,82.78,1410,1593,0,0,73511,31,P0,500.00,Not Active,Not Active,Not Active,Not Active
2026/07/25 10:23:25.504,2026/07/25 10:23:25.490,2026/07/25 10:23:25.519,0,GPU-c5d32af0-0857-3b36-6541-1a688a9ec165,86.79,1410,1593,0,0,73511,34,P0,500.00,Not Active,Not Active,Not Active,Not Active
2026/07/25 10:23:25.504,2026/07/25 10:23:25.490,2026/07/25 10:23:25.519,1,GPU-713d5b24-2a1e-fd4a-7685-c3d195ff9230,82.78,1410,1593,0,0,73511,31,P0,500.00,Not Active,Not Active,Not Active,Not Active
2026/07/25 10:23:25.756,2026/07/25 10:23:25.740,2026/07/25 10:23:25.771,0,GPU-c5d32af0-0857-3b36-6541-1a688a9ec165,86.79,1410,1593,0,0,73511,34,P0,500.00,Not Active,Not Active,Not Active,Not Active
2026/07/25 10:23:25.756,2026/07/25 10:23:25.740,2026/07/25 10:23:25.771,1,GPU-713d5b24-2a1e-fd4a-7685-c3d195ff9230,82.87,1410,1593,0,0,73511,31,P0,500.00,Not Active,Not Active,Not Active,Not Active
2026/07/25 10:23:26.005,2026/07/25 10:23:25.990,2026/07/25 10:23:26.020,0,GPU-c5d32af0-0857-3b36-6541-1a688a9ec165,86.71,1410,1593,0,0,73511,34,P0,500.00,Not Active,Not Active,Not Active,Not Active
2026/07/25 10:23:26.005,2026/07/25 10:23:25.990,2026/07/25 10:23:26.020,1,GPU-713d5b24-2a1e-fd4a-7685-c3d195ff9230,83.05,1410,1593,0,0,73511,31,P0,500.00,Not Active,Not Active,Not Active,Not Active
2026/07/25 10:23:26.255,2026/07/25 10:23:26.240,2026/07/25 10:23:26.269,0,GPU-c5d32af0-0857-3b36-6541-1a688a9ec165,86.71,1410,1593,0,0,73511,34,P0,500.00,Not Active,Not Active,Not Active,Not Active
2026/07/25 10:23:26.255,2026/07/25 10:23:26.240,2026/07/25 10:23:26.269,1,GPU-713d5b24-2a1e-fd4a-7685-c3d195ff9230,82.78,1410,1593,0,0,73511,31,P0,500.00,Not Active,Not Active,Not Active,Not Active
2026/07/25 10:23:26.505,2026/07/25 10:23:26.490,2026/07/25 10:23:26.519,0,GPU-c5d32af0-0857-3b36-6541-1a688a9ec165,86.79,1410,1593,0,0,73511,34,P0,500.00,Not Active,Not Active,Not Active,Not Active
2026/07/25 10:23:26.505,2026/07/25 10:23:26.490,2026/07/25 10:23:26.519,1,GPU-713d5b24-2a1e-fd4a-7685-c3d195ff9230,83.14,1410,1593,0,0,73511,31,P0,500.00,Not Active,Not Active,Not Active,Not Active
2026/07/25 10:23:26.755,2026/07/25 10:23:26.740,2026/07/25 10:23:26.770,0,GPU-c5d32af0-0857-3b36-6541-1a688a9ec165,86.79,1410,1593,0,0,73511,34,P0,500.00,Not Active,Not Active,Not Active,Not Active
2026/07/25 10:23:26.755,2026/07/25 10:23:26.740,2026/07/25 10:23:26.770,1,GPU-713d5b24-2a1e-fd4a-7685-c3d195ff9230,83.05,1410,1593,0,0,73511,31,P0,500.00,Not Active,Not Active,Not Active,Not Active
2026/07/25 10:23:27.005,2026/07/25 10:23:26.990,2026/07/25 10:23:27.020,0,GPU-c5d32af0-0857-3b36-6541-1a688a9ec165,86.71,1410,1593,0,0,73511,34,P0,500.00,Not Active,Not Active,Not Active,Not Active
2026/07/25 10:23:27.005,2026/07/25 10:23:26.990,2026/07/25 10:23:27.020,1,GPU-713d5b24-2a1e-fd4a-7685-c3d195ff9230,83.05,1410,1593,0,0,73511,31,P0,500.00,Not Active,Not Active,Not Active,Not Active
2026/07/25 10:23:27.255,2026/07/25 10:23:27.240,2026/07/25 10:23:27.269,0,GPU-c5d32af0-0857-3b36-6541-1a688a9ec165,86.79,1410,1593,0,0,73511,34,P0,500.00,Not Active,Not Active,Not Active,Not Active
2026/07/25 10:23:27.255,2026/07/25 10:23:27.240,2026/07/25 10:23:27.269,1,GPU-713d5b24-2a1e-fd4a-7685-c3d195ff9230,83.14,1410,1593,0,0,73511,31,P0,500.00,Not Active,Not Active,Not Active,Not Active
2026/07/25 10:23:27.505,2026/07/25 10:23:27.490,2026/07/25 10:23:27.520,0,GPU-c5d32af0-0857-3b36-6541-1a688a9ec165,86.79,1410,1593,0,0,73511,34,P0,500.00,Not Active,Not Active,Not Active,Not Active
2026/07/25 10:23:27.505,2026/07/25 10:23:27.490,2026/07/25 10:23:27.520,1,GPU-713d5b24-2a1e-fd4a-7685-c3d195ff9230,82.87,1410,1593,0,0,73511,31,P0,500.00,Not Active,Not Active,Not Active,Not Active
2026/07/25 10:23:27.755,2026/07/25 10:23:27.740,2026/07/25 10:23:27.770,0,GPU-c5d32af0-0857-3b36-6541-1a688a9ec165,86.79,1410,1593,0,0,73511,34,P0,500.00,Not Active,Not Active,Not Active,Not Active
2026/07/25 10:23:27.755,2026/07/25 10:23:27.740,2026/07/25 10:23:27.770,1,GPU-713d5b24-2a1e-fd4a-7685-c3d195ff9230,83.14,1410,1593,0,0,73511,31,P0,500.00,Not Active,Not Active,Not Active,Not Active
2026/07/25 10:23:28.006,2026/07/25 10:23:27.990,2026/07/25 10:23:28.022,0,GPU-c5d32af0-0857-3b36-6541-1a688a9ec165,89.85,1410,1593,0,0,73511,34,P0,500.00,Not Active,Not Active,Not Active,Not Active
2026/07/25 10:23:28.006,2026/07/25 10:23:27.990,2026/07/25 10:23:28.022,1,GPU-713d5b24-2a1e-fd4a-7685-c3d195ff9230,85.51,1410,1593,0,0,73511,31,P0,500.00,Not Active,Not Active,Not Active,Not Active
2026/07/25 10:23:28.255,2026/07/25 10:23:28.240,2026/07/25 10:23:28.270,0,GPU-c5d32af0-0857-3b36-6541-1a688a9ec165,86.71,1410,1593,0,0,73511,34,P0,500.00,Not Active,Not Active,Not Active,Not Active
2026/07/25 10:23:28.255,2026/07/25 10:23:28.240,2026/07/25 10:23:28.270,1,GPU-713d5b24-2a1e-fd4a-7685-c3d195ff9230,82.78,1410,1593,0,0,73511,31,P0,500.00,Not Active,Not Active,Not Active,Not Active
2026/07/25 10:23:28.505,2026/07/25 10:23:28.490,2026/07/25 10:23:28.519,0,GPU-c5d32af0-0857-3b36-6541-1a688a9ec165,87.12,1410,1593,0,0,73511,34,P0,500.00,Not Active,Not Active,Not Active,Not Active
2026/07/25 10:23:28.505,2026/07/25 10:23:28.490,2026/07/25 10:23:28.519,1,GPU-713d5b24-2a1e-fd4a-7685-c3d195ff9230,82.87,1410,1593,0,0,73511,31,P0,500.00,Not Active,Not Active,Not Active,Not Active
2026/07/25 10:23:28.756,2026/07/25 10:23:28.740,2026/07/25 10:23:28.772,0,GPU-c5d32af0-0857-3b36-6541-1a688a9ec165,86.71,1410,1593,0,0,73511,34,P0,500.00,Not Active,Not Active,Not Active,Not Active
2026/07/25 10:23:28.756,2026/07/25 10:23:28.740,2026/07/25 10:23:28.772,1,GPU-713d5b24-2a1e-fd4a-7685-c3d195ff9230,82.78,1410,1593,0,0,73511,31,P0,500.00,Not Active,Not Active,Not Active,Not Active
2026/07/25 10:23:29.005,2026/07/25 10:23:28.990,2026/07/25 10:23:29.019,0,GPU-c5d32af0-0857-3b36-6541-1a688a9ec165,86.38,1410,1593,0,0,73511,34,P0,500.00,Not Active,Not Active,Not Active,Not Active
2026/07/25 10:23:29.005,2026/07/25 10:23:28.990,2026/07/25 10:23:29.019,1,GPU-713d5b24-2a1e-fd4a-7685-c3d195ff9230,82.78,1410,1593,0,0,73511,31,P0,500.00,Not Active,Not Active,Not Active,Not Active
2026/07/25 10:23:29.254,2026/07/25 10:23:29.240,2026/07/25 10:23:29.268,0,GPU-c5d32af0-0857-3b36-6541-1a688a9ec165,86.47,1410,1593,0,0,73511,34,P0,500.00,Not Active,Not Active,Not Active,Not Active
2026/07/25 10:23:29.254,2026/07/25 10:23:29.240,2026/07/25 10:23:29.268,1,GPU-713d5b24-2a1e-fd4a-7685-c3d195ff9230,82.87,1410,1593,0,0,73511,31,P0,500.00,Not Active,Not Active,Not Active,Not Active
2026/07/25 10:23:29.505,2026/07/25 10:23:29.490,2026/07/25 10:23:29.519,0,GPU-c5d32af0-0857-3b36-6541-1a688a9ec165,86.79,1410,1593,0,0,73511,34,P0,500.00,Not Active,Not Active,Not Active,Not Active
2026/07/25 10:23:29.505,2026/07/25 10:23:29.490,2026/07/25 10:23:29.519,1,GPU-713d5b24-2a1e-fd4a-7685-c3d195ff9230,82.87,1410,1593,0,0,73511,31,P0,500.00,Not Active,Not Active,Not Active,Not Active
2026/07/25 10:23:29.757,2026/07/25 10:23:29.740,2026/07/25 10:23:29.774,0,GPU-c5d32af0-0857-3b36-6541-1a688a9ec165,87.39,1410,1593,0,0,73511,34,P0,500.00,Not Active,Not Active,Not Active,Not Active
2026/07/25 10:23:29.757,2026/07/25 10:23:29.740,2026/07/25 10:23:29.774,1,GPU-713d5b24-2a1e-fd4a-7685-c3d195ff9230,82.78,1410,1593,0,0,73511,31,P0,500.00,Not Active,Not Active,Not Active,Not Active
2026/07/25 10:23:30.004,2026/07/25 10:23:29.990,2026/07/25 10:23:30.018,0,GPU-c5d32af0-0857-3b36-6541-1a688a9ec165,86.79,1410,1593,0,0,73511,34,P0,500.00,Not Active,Not Active,Not Active,Not Active
2026/07/25 10:23:30.004,2026/07/25 10:23:29.990,2026/07/25 10:23:30.018,1,GPU-713d5b24-2a1e-fd4a-7685-c3d195ff9230,82.87,1410,1593,0,0,73511,31,P0,500.00,Not Active,Not Active,Not Active,Not Active
2026/07/25 10:23:30.256,2026/07/25 10:23:30.240,2026/07/25 10:23:30.272,0,GPU-c5d32af0-0857-3b36-6541-1a688a9ec165,87.03,1410,1593,0,0,73511,34,P0,500.00,Not Active,Not Active,Not Active,Not Active
2026/07/25 10:23:30.256,2026/07/25 10:23:30.240,2026/07/25 10:23:30.272,1,GPU-713d5b24-2a1e-fd4a-7685-c3d195ff9230,83.05,1410,1593,0,0,73511,31,P0,500.00,Not Active,Not Active,Not Active,Not Active
2026/07/25 10:23:30.505,2026/07/25 10:23:30.490,2026/07/25 10:23:30.520,0,GPU-c5d32af0-0857-3b36-6541-1a688a9ec165,86.38,1410,1593,0,0,73511,34,P0,500.00,Not Active,Not Active,Not Active,Not Active
2026/07/25 10:23:30.505,2026/07/25 10:23:30.490,2026/07/25 10:23:30.520,1,GPU-713d5b24-2a1e-fd4a-7685-c3d195ff9230,82.78,1410,1593,0,0,73511,31,P0,500.00,Not Active,Not Active,Not Active,Not Active
2026/07/25 10:23:30.756,2026/07/25 10:23:30.740,2026/07/25 10:23:30.771,0,GPU-c5d32af0-0857-3b36-6541-1a688a9ec165,86.47,1410,1593,0,0,73511,34,P0,500.00,Not Active,Not Active,Not Active,Not Active
2026/07/25 10:23:30.756,2026/07/25 10:23:30.740,2026/07/25 10:23:30.771,1,GPU-713d5b24-2a1e-fd4a-7685-c3d195ff9230,82.78,1410,1593,0,0,73511,31,P0,500.00,Not Active,Not Active,Not Active,Not Active
2026/07/25 10:23:31.004,2026/07/25 10:23:30.990,2026/07/25 10:23:31.019,0,GPU-c5d32af0-0857-3b36-6541-1a688a9ec165,86.71,1410,1593,0,0,73511,34,P0,500.00,Not Active,Not Active,Not Active,Not Active
2026/07/25 10:23:31.004,2026/07/25 10:23:30.990,2026/07/25 10:23:31.019,1,GPU-713d5b24-2a1e-fd4a-7685-c3d195ff9230,83.05,1410,1593,0,0,73511,31,P0,500.00,Not Active,Not Active,Not Active,Not Active
2026/07/25 10:23:31.256,2026/07/25 10:23:31.240,2026/07/25 10:23:31.272,0,GPU-c5d32af0-0857-3b36-6541-1a688a9ec165,86.47,1410,1593,0,0,73511,34,P0,500.00,Not Active,Not Active,Not Active,Not Active
2026/07/25 10:23:31.256,2026/07/25 10:23:31.240,2026/07/25 10:23:31.272,1,GPU-713d5b24-2a1e-fd4a-7685-c3d195ff9230,82.78,1410,1593,0,0,73511,31,P0,500.00,Not Active,Not Active,Not Active,Not Active
2026/07/25 10:23:31.505,2026/07/25 10:23:31.490,2026/07/25 10:23:31.520,0,GPU-c5d32af0-0857-3b36-6541-1a688a9ec165,86.71,1410,1593,0,0,73511,34,P0,500.00,Not Active,Not Active,Not Active,Not Active
2026/07/25 10:23:31.505,2026/07/25 10:23:31.490,2026/07/25 10:23:31.520,1,GPU-713d5b24-2a1e-fd4a-7685-c3d195ff9230,82.78,1410,1593,0,0,73511,31,P0,500.00,Not Active,Not Active,Not Active,Not Active
2026/07/25 10:23:31.755,2026/07/25 10:23:31.740,2026/07/25 10:23:31.770,0,GPU-c5d32af0-0857-3b36-6541-1a688a9ec165,86.71,1410,1593,0,0,73511,34,P0,500.00,Not Active,Not Active,Not Active,Not Active
2026/07/25 10:23:31.755,2026/07/25 10:23:31.740,2026/07/25 10:23:31.770,1,GPU-713d5b24-2a1e-fd4a-7685-c3d195ff9230,82.78,1410,1593,0,0,73511,31,P0,500.00,Not Active,Not Active,Not Active,Not Active
2026/07/25 10:23:32.004,2026/07/25 10:23:31.990,2026/07/25 10:23:32.018,0,GPU-c5d32af0-0857-3b36-6541-1a688a9ec165,86.47,1410,1593,0,0,73511,34,P0,500.00,Not Active,Not Active,Not Active,Not Active
2026/07/25 10:23:32.004,2026/07/25 10:23:31.990,2026/07/25 10:23:32.018,1,GPU-713d5b24-2a1e-fd4a-7685-c3d195ff9230,82.87,1410,1593,0,0,73511,31,P0,500.00,Not Active,Not Active,Not Active,Not Active
2026/07/25 10:23:32.255,2026/07/25 10:23:32.240,2026/07/25 10:23:32.270,0,GPU-c5d32af0-0857-3b36-6541-1a688a9ec165,86.47,1410,1593,0,0,73511,34,P0,500.00,Not Active,Not Active,Not Active,Not Active
2026/07/25 10:23:32.255,2026/07/25 10:23:32.240,2026/07/25 10:23:32.270,1,GPU-713d5b24-2a1e-fd4a-7685-c3d195ff9230,82.78,1410,1593,0,0,73511,31,P0,500.00,Not Active,Not Active,Not Active,Not Active
2026/07/25 10:23:32.506,2026/07/25 10:23:32.490,2026/07/25 10:23:32.521,0,GPU-c5d32af0-0857-3b36-6541-1a688a9ec165,86.71,1410,1593,0,0,73511,34,P0,500.00,Not Active,Not Active,Not Active,Not Active
2026/07/25 10:23:32.506,2026/07/25 10:23:32.490,2026/07/25 10:23:32.521,1,GPU-713d5b24-2a1e-fd4a-7685-c3d195ff9230,82.78,1410,1593,0,0,73511,31,P0,500.00,Not Active,Not Active,Not Active,Not Active
2026/07/25 10:23:32.755,2026/07/25 10:23:32.740,2026/07/25 10:23:32.770,0,GPU-c5d32af0-0857-3b36-6541-1a688a9ec165,86.79,1410,1593,0,0,73511,34,P0,500.00,Not Active,Not Active,Not Active,Not Active
2026/07/25 10:23:32.755,2026/07/25 10:23:32.740,2026/07/25 10:23:32.770,1,GPU-713d5b24-2a1e-fd4a-7685-c3d195ff9230,82.78,1410,1593,0,0,73511,31,P0,500.00,Not Active,Not Active,Not Active,Not Active
2026/07/25 10:23:33.004,2026/07/25 10:23:32.990,2026/07/25 10:23:33.018,0,GPU-c5d32af0-0857-3b36-6541-1a688a9ec165,86.79,1410,1593,0,0,73511,34,P0,500.00,Not Active,Not Active,Not Active,Not Active
2026/07/25 10:23:33.004,2026/07/25 10:23:32.990,2026/07/25 10:23:33.018,1,GPU-713d5b24-2a1e-fd4a-7685-c3d195ff9230,83.05,1410,1593,0,0,73511,31,P0,500.00,Not Active,Not Active,Not Active,Not Active
2026/07/25 10:23:33.255,2026/07/25 10:23:33.240,2026/07/25 10:23:33.270,0,GPU-c5d32af0-0857-3b36-6541-1a688a9ec165,86.38,1410,1593,0,0,73511,34,P0,500.00,Not Active,Not Active,Not Active,Not Active
2026/07/25 10:23:33.255,2026/07/25 10:23:33.240,2026/07/25 10:23:33.270,1,GPU-713d5b24-2a1e-fd4a-7685-c3d195ff9230,83.05,1410,1593,0,0,73511,31,P0,500.00,Not Active,Not Active,Not Active,Not Active
2026/07/25 10:23:33.505,2026/07/25 10:23:33.490,2026/07/25 10:23:33.520,0,GPU-c5d32af0-0857-3b36-6541-1a688a9ec165,86.71,1410,1593,0,0,73511,34,P0,500.00,Not Active,Not Active,Not Active,Not Active
2026/07/25 10:23:33.505,2026/07/25 10:23:33.490,2026/07/25 10:23:33.520,1,GPU-713d5b24-2a1e-fd4a-7685-c3d195ff9230,83.05,1410,1593,0,0,73511,31,P0,500.00,Not Active,Not Active,Not Active,Not Active
2026/07/25 10:23:33.757,2026/07/25 10:23:33.740,2026/07/25 10:23:33.774,0,GPU-c5d32af0-0857-3b36-6541-1a688a9ec165,86.71,1410,1593,0,0,73511,34,P0,500.00,Not Active,Not Active,Not Active,Not Active
2026/07/25 10:23:33.757,2026/07/25 10:23:33.740,2026/07/25 10:23:33.774,1,GPU-713d5b24-2a1e-fd4a-7685-c3d195ff9230,83.05,1410,1593,0,0,73511,31,P0,500.00,Not Active,Not Active,Not Active,Not Active
2026/07/25 10:23:34.004,2026/07/25 10:23:33.990,2026/07/25 10:23:34.018,0,GPU-c5d32af0-0857-3b36-6541-1a688a9ec165,86.79,1410,1593,0,0,73511,34,P0,500.00,Not Active,Not Active,Not Active,Not Active
2026/07/25 10:23:34.004,2026/07/25 10:23:33.990,2026/07/25 10:23:34.018,1,GPU-713d5b24-2a1e-fd4a-7685-c3d195ff9230,82.78,1410,1593,0,0,73511,31,P0,500.00,Not Active,Not Active,Not Active,Not Active
2026/07/25 10:23:34.256,2026/07/25 10:23:34.240,2026/07/25 10:23:34.272,0,GPU-c5d32af0-0857-3b36-6541-1a688a9ec165,86.38,1410,1593,0,0,73511,34,P0,500.00,Not Active,Not Active,Not Active,Not Active
2026/07/25 10:23:34.256,2026/07/25 10:23:34.240,2026/07/25 10:23:34.272,1,GPU-713d5b24-2a1e-fd4a-7685-c3d195ff9230,83.05,1410,1593,0,0,73511,31,P0,500.00,Not Active,Not Active,Not Active,Not Active
2026/07/25 10:23:34.505,2026/07/25 10:23:34.490,2026/07/25 10:23:34.520,0,GPU-c5d32af0-0857-3b36-6541-1a688a9ec165,86.79,1410,1593,0,0,73511,34,P0,500.00,Not Active,Not Active,Not Active,Not Active
2026/07/25 10:23:34.505,2026/07/25 10:23:34.490,2026/07/25 10:23:34.520,1,GPU-713d5b24-2a1e-fd4a-7685-c3d195ff9230,82.78,1410,1593,0,0,73511,31,P0,500.00,Not Active,Not Active,Not Active,Not Active
2026/07/25 10:23:34.755,2026/07/25 10:23:34.740,2026/07/25 10:23:34.770,0,GPU-c5d32af0-0857-3b36-6541-1a688a9ec165,86.71,1410,1593,0,0,73511,34,P0,500.00,Not Active,Not Active,Not Active,Not Active
2026/07/25 10:23:34.755,2026/07/25 10:23:34.740,2026/07/25 10:23:34.770,1,GPU-713d5b24-2a1e-fd4a-7685-c3d195ff9230,83.05,1410,1593,0,0,73511,31,P0,500.00,Not Active,Not Active,Not Active,Not Active
2026/07/25 10:23:35.004,2026/07/25 10:23:34.990,2026/07/25 10:23:35.017,0,GPU-c5d32af0-0857-3b36-6541-1a688a9ec165,86.79,1410,1593,0,0,73511,34,P0,500.00,Not Active,Not Active,Not Active,Not Active
2026/07/25 10:23:35.004,2026/07/25 10:23:34.990,2026/07/25 10:23:35.017,1,GPU-713d5b24-2a1e-fd4a-7685-c3d195ff9230,82.78,1410,1593,0,0,73511,31,P0,500.00,Not Active,Not Active,Not Active,Not Active
2026/07/25 10:23:35.255,2026/07/25 10:23:35.240,2026/07/25 10:23:35.271,0,GPU-c5d32af0-0857-3b36-6541-1a688a9ec165,87.12,1410,1593,0,0,73511,34,P0,500.00,Not Active,Not Active,Not Active,Not Active
2026/07/25 10:23:35.255,2026/07/25 10:23:35.240,2026/07/25 10:23:35.271,1,GPU-713d5b24-2a1e-fd4a-7685-c3d195ff9230,82.78,1410,1593,0,0,73511,31,P0,500.00,Not Active,Not Active,Not Active,Not Active
2026/07/25 10:23:35.505,2026/07/25 10:23:35.490,2026/07/25 10:23:35.520,0,GPU-c5d32af0-0857-3b36-6541-1a688a9ec165,87.12,1410,1593,0,0,73511,34,P0,500.00,Not Active,Not Active,Not Active,Not Active
2026/07/25 10:23:35.505,2026/07/25 10:23:35.490,2026/07/25 10:23:35.520,1,GPU-713d5b24-2a1e-fd4a-7685-c3d195ff9230,82.78,1410,1593,0,0,73511,31,P0,500.00,Not Active,Not Active,Not Active,Not Active
2026/07/25 10:23:35.755,2026/07/25 10:23:35.740,2026/07/25 10:23:35.769,0,GPU-c5d32af0-0857-3b36-6541-1a688a9ec165,86.38,1410,1593,0,0,73511,34,P0,500.00,Not Active,Not Active,Not Active,Not Active
2026/07/25 10:23:35.755,2026/07/25 10:23:35.740,2026/07/25 10:23:35.769,1,GPU-713d5b24-2a1e-fd4a-7685-c3d195ff9230,82.78,1410,1593,0,0,73511,31,P0,500.00,Not Active,Not Active,Not Active,Not Active
2026/07/25 10:23:36.004,2026/07/25 10:23:35.990,2026/07/25 10:23:36.018,0,GPU-c5d32af0-0857-3b36-6541-1a688a9ec165,86.47,1410,1593,0,0,73511,34,P0,500.00,Not Active,Not Active,Not Active,Not Active
2026/07/25 10:23:36.004,2026/07/25 10:23:35.990,2026/07/25 10:23:36.018,1,GPU-713d5b24-2a1e-fd4a-7685-c3d195ff9230,82.87,1410,1593,0,0,73511,31,P0,500.00,Not Active,Not Active,Not Active,Not Active
2026/07/25 10:23:36.254,2026/07/25 10:23:36.240,2026/07/25 10:23:36.269,0,GPU-c5d32af0-0857-3b36-6541-1a688a9ec165,86.71,1410,1593,0,0,73511,34,P0,500.00,Not Active,Not Active,Not Active,Not Active
2026/07/25 10:23:36.254,2026/07/25 10:23:36.240,2026/07/25 10:23:36.269,1,GPU-713d5b24-2a1e-fd4a-7685-c3d195ff9230,82.87,1410,1593,0,0,73511,31,P0,500.00,Not Active,Not Active,Not Active,Not Active
2026/07/25 10:23:36.505,2026/07/25 10:23:36.490,2026/07/25 10:23:36.520,0,GPU-c5d32af0-0857-3b36-6541-1a688a9ec165,86.47,1410,1593,0,0,73511,34,P0,500.00,Not Active,Not Active,Not Active,Not Active
2026/07/25 10:23:36.505,2026/07/25 10:23:36.490,2026/07/25 10:23:36.520,1,GPU-713d5b24-2a1e-fd4a-7685-c3d195ff9230,82.78,1410,1593,0,0,73511,31,P0,500.00,Not Active,Not Active,Not Active,Not Active
2026/07/25 10:23:36.755,2026/07/25 10:23:36.740,2026/07/25 10:23:36.769,0,GPU-c5d32af0-0857-3b36-6541-1a688a9ec165,86.38,1410,1593,0,0,73511,34,P0,500.00,Not Active,Not Active,Not Active,Not Active
2026/07/25 10:23:36.755,2026/07/25 10:23:36.740,2026/07/25 10:23:36.769,1,GPU-713d5b24-2a1e-fd4a-7685-c3d195ff9230,82.78,1410,1593,0,0,73511,31,P0,500.00,Not Active,Not Active,Not Active,Not Active
2026/07/25 10:23:37.004,2026/07/25 10:23:36.990,2026/07/25 10:23:37.018,0,GPU-c5d32af0-0857-3b36-6541-1a688a9ec165,86.47,1410,1593,0,0,73511,34,P0,500.00,Not Active,Not Active,Not Active,Not Active
2026/07/25 10:23:37.004,2026/07/25 10:23:36.990,2026/07/25 10:23:37.018,1,GPU-713d5b24-2a1e-fd4a-7685-c3d195ff9230,83.05,1410,1593,0,0,73511,31,P0,500.00,Not Active,Not Active,Not Active,Not Active
