{"val_transition_mae":119.93260497264461,"epoch":500,"val_balanced_acc":0.5083240746153106,"lr":0,"val_acc":0.61,"_wandb":{"runtime":63},"_timestamp":1.761611795425147e+09,"train_loss":1.3991397023200989,"val_ece":0.14420342131722266,"_runtime":63,"val_f1":0.5042565470538535,"val_loss":1.2533464431762695,"_step":499,"val_tolerance_power_acc":0.61,"val_autocorr_r2":0.9356151301847315,"val_boundary_f1":0.10053859916715768}