{"_wandb":{"runtime":49},"train_loss":1.578942060470581,"_step":499,"_runtime":49,"epoch":500,"val_transition_mae":106.6513443697162,"val_f1":0.18855562319950245,"val_autocorr_r2":0.9675825663250989,"lr":0,"val_acc":0.2462406015037594,"_timestamp":1.761368201907437e+09,"val_loss":1.679176926612854}