{"val_ece":0.13211476176289122,"train_loss":1.4122689962387085,"_wandb":{"runtime":53},"_step":499,"val_boundary_f1":0.08869179557160241,"lr":0,"epoch":500,"val_acc":0.5287792536369387,"val_autocorr_r2":0.9812983212348796,"_timestamp":1.7616104123907228e+09,"val_transition_mae":42.6603344114469,"_runtime":53,"val_tolerance_power_acc":0.6068943706514864,"val_loss":1.39378023147583,"val_f1":0.41934698623440786,"val_balanced_acc":0.4466137672502693}