{
  "active_mean": 5.46007756232687,
  "active_std": 6.665247749536827,
  "config_id": "deepseek-r1-distill-70b_A100_tp8",
  "dt": 0.25,
  "power_max": 3198.4,
  "power_mean": 1742.368821495845,
  "power_min": 548.75,
  "power_std": 614.5077313451453,
  "t_arrive_log_mean": 0.1151669026883958,
  "t_arrive_log_std": 0.3286932279282947
}