{
  "active_mean": 1.4105820580711754,
  "active_std": 1.8913003371560855,
  "config_id": "deepseek-r1-distill-8b_A100_tp8",
  "dt": 0.25,
  "power_max": 1619.63,
  "power_mean": 1009.1708396535475,
  "power_min": 548.1600000000001,
  "power_std": 369.0390443971246,
  "t_arrive_log_mean": 0.12174301576107073,
  "t_arrive_log_std": 0.3255126280849476
}