{
  "active_mean": 4.663226991904559,
  "active_std": 5.472913584723178,
  "config_id": "deepseek-r1-distill-70b_H100_tp4",
  "dt": 0.25,
  "power_max": 2283.11,
  "power_mean": 1555.7127145025563,
  "power_min": 461.62,
  "power_std": 552.0994930800606,
  "t_arrive_log_mean": 0.11527534837839024,
  "t_arrive_log_std": 0.32891168503675033
}