{
  "active_mean": 1.3747307195174494,
  "active_std": 1.843266097601085,
  "config_id": "deepseek-r1-distill-8b_H100_tp2",
  "dt": 0.25,
  "power_max": 832.8299999999999,
  "power_mean": 529.0919137763896,
  "power_min": 229.52,
  "power_std": 242.9380149663436,
  "t_arrive_log_mean": 0.12182702022753573,
  "t_arrive_log_std": 0.3254935254685092
}