{
  "active_mean": 0.0,
  "active_std": 1e-06,
  "config_id": "deepseek-r1-distill-8b_A100_tp1",
  "dt": 0.25,
  "power_max": 450.67,
  "power_mean": 214.1018947772517,
  "power_min": 69.29,
  "power_std": 102.39245175027291,
  "t_arrive_log_mean": 0.0,
  "t_arrive_log_std": 1e-06
}