{
  "active_mean": 2.178122509044086,
  "active_std": 2.7292732885268167,
  "config_id": "deepseek-r1-distill-8b_A100_tp2",
  "dt": 0.25,
  "power_max": 814.76,
  "power_mean": 381.06183748237174,
  "power_min": 125.71,
  "power_std": 181.3932898063967,
  "t_arrive_log_mean": 1.0729320842103633,
  "t_arrive_log_std": 2.115821107394059
}