{
  "active_mean": 1.374340262817751,
  "active_std": 1.8409225224504784,
  "config_id": "deepseek-r1-distill-8b_H100_tp2",
  "dt": 0.25,
  "power_max": 832.8299999999999,
  "power_mean": 529.0919137763896,
  "power_min": 229.52,
  "power_std": 242.9380149663436,
  "t_arrive_log_mean": 0.12182201984861107,
  "t_arrive_log_std": 0.32549994560768797
}