{
  "active_mean": 3.1872301749602365,
  "active_std": 3.899460686536318,
  "config_id": "deepseek-r1-distill-70b_H100_tp8",
  "dt": 0.25,
  "power_max": 3390.49,
  "power_mean": 2394.875499017603,
  "power_min": 934.6099999999999,
  "power_std": 882.8298466605688,
  "t_arrive_log_mean": 0.11565084822934134,
  "t_arrive_log_std": 0.32948803182789105
}