{
  "active_mean": 1.5581713721441717,
  "active_std": 2.071757426138346,
  "config_id": "deepseek-r1-distill-8b_A100_tp4",
  "dt": 0.25,
  "power_max": 1143.3600000000001,
  "power_mean": 608.4661872166614,
  "power_min": 273.11,
  "power_std": 269.1217266632036,
  "t_arrive_log_mean": 0.12174695024876248,
  "t_arrive_log_std": 0.3255258851098577
}