{
  "active_mean": 8.950255970821523,
  "active_std": 11.001401489220966,
  "config_id": "deepseek-r1-distill-70b_A100_tp4",
  "dt": 0.25,
  "power_max": 1755.29,
  "power_mean": 1099.5589178915914,
  "power_min": 276.0,
  "power_std": 341.19309066302566,
  "t_arrive_log_mean": 0.11398994072555636,
  "t_arrive_log_std": 0.32748183352486937
}