{
  "active_mean": 8.301773360321441,
  "active_std": 10.792258089428055,
  "config_id": "deepseek-r1-distill-70b_A100_tp4",
  "dt": 0.25,
  "power_max": 1755.29,
  "power_mean": 1067.194960726262,
  "power_min": 248.37,
  "power_std": 364.6957599193211,
  "t_arrive_log_mean": 0.7969291012529095,
  "t_arrive_log_std": 1.821336637848458
}