{
  "active_mean": 4.662308265871325,
  "active_std": 5.473539357753643,
  "config_id": "deepseek-r1-distill-70b_H100_tp4",
  "dt": 0.25,
  "power_max": 2283.11,
  "power_mean": 1555.7127145025563,
  "power_min": 461.62,
  "power_std": 552.0994930800606,
  "t_arrive_log_mean": 0.1152081762710471,
  "t_arrive_log_std": 0.3289207616124659
}