{
  "active_mean": 0.0,
  "active_std": 1e-06,
  "config_id": "deepseek-r1-distill-8b_A100_tp8",
  "dt": 0.25,
  "power_max": 1619.63,
  "power_mean": 1009.1708396535475,
  "power_min": 548.1600000000001,
  "power_std": 369.0390443971246,
  "t_arrive_log_mean": 0.0,
  "t_arrive_log_std": 1e-06
}