{
  "active_mean": 0.9036731836053212,
  "active_std": 1.3421258270867493,
  "config_id": "deepseek-r1-distill-8b_H100_tp8",
  "dt": 0.25,
  "power_max": 2135.92,
  "power_mean": 1449.291348225346,
  "power_min": 934.11,
  "power_std": 488.12399557308095,
  "t_arrive_log_mean": 0.12182488555335207,
  "t_arrive_log_std": 0.3255344555792676
}