{
  "active_mean": 1.5655813208378389,
  "active_std": 2.2694725342521154,
  "config_id": "gpt-oss-120b_A100_tp4",
  "dt": 0.25,
  "power_max": 1348.9,
  "power_mean": 559.7634947334694,
  "power_min": 259.63,
  "power_std": 267.87046616338665,
  "t_arrive_log_mean": 0.12234930501477523,
  "t_arrive_log_std": 0.32205365749174775
}