{
  "active_mean": 178.7636084845387,
  "active_std": 319.7667295712202,
  "config_id": "gpt-oss-20b_A100_tp2",
  "dt": 0.25,
  "power_max": 763.24,
  "power_mean": 515.543355846811,
  "power_min": 129.8,
  "power_std": 179.3652246848136,
  "t_arrive_log_mean": 3.1542582341732297,
  "t_arrive_log_std": 3.419676762286691
}