{
  "active_mean": 39.85230366677275,
  "active_std": 50.986751651487516,
  "config_id": "gpt-oss-120b_H100_tp4",
  "dt": 0.25,
  "power_max": 2442.59,
  "power_mean": 1597.658415544005,
  "power_min": 436.07,
  "power_std": 577.3918886901765,
  "t_arrive_log_mean": 2.1891350413742243,
  "t_arrive_log_std": 3.1044065860549703
}