{
  "active_mean": 77.03343848580441,
  "active_std": 179.9128610229619,
  "config_id": "gpt-oss-20b_A100_tp1",
  "dt": 0.25,
  "power_max": 413.22,
  "power_mean": 287.91952548563836,
  "power_min": 59.97,
  "power_std": 107.64683671400768,
  "t_arrive_log_mean": 1.2577235356980851,
  "t_arrive_log_std": 2.6582463769409554
}