{
  "active_mean": 1.213793287729799,
  "active_std": 1.8609659280599748,
  "config_id": "gpt-oss-20b_A100_tp2",
  "dt": 0.25,
  "power_max": 691.0899999999999,
  "power_mean": 294.1688992357846,
  "power_min": 135.07999999999998,
  "power_std": 154.5516823422737,
  "t_arrive_log_mean": 0.12236225020927805,
  "t_arrive_log_std": 0.3222420427929324
}