{
  "active_mean": 36.22437026123828,
  "active_std": 41.02671211489772,
  "config_id": "gpt-oss-20b_H100_tp2",
  "dt": 0.25,
  "power_max": 1259.71,
  "power_mean": 778.7435718135757,
  "power_min": 192.8,
  "power_std": 293.4997181734573,
  "t_arrive_log_mean": 2.603752186994835,
  "t_arrive_log_std": 3.2947925295548166
}