{
  "active_mean": 1.743724889870687,
  "active_std": 2.715336092324389,
  "config_id": "gpt-oss-20b_A100_tp1",
  "dt": 0.25,
  "power_max": 377.36,
  "power_mean": 178.0615868955806,
  "power_min": 0.0,
  "power_std": 104.38577551531635,
  "t_arrive_log_mean": 0.12012715210969804,
  "t_arrive_log_std": 0.3232534897616428
}