{
  "active_mean": 0.0,
  "active_std": 1e-06,
  "config_id": "gpt-oss-120b_A100_tp4",
  "dt": 0.25,
  "power_max": 1348.9,
  "power_mean": 559.7634947334694,
  "power_min": 259.63,
  "power_std": 267.87046616338665,
  "t_arrive_log_mean": 0.0,
  "t_arrive_log_std": 1e-06
}