{
  "active_mean": 1.7445129119353047,
  "active_std": 2.7166351153495087,
  "config_id": "gpt-oss-20b_A100_tp1",
  "dt": 0.25,
  "power_max": 377.36,
  "power_mean": 178.0615868955806,
  "power_min": 0.0,
  "power_std": 104.38577551531635,
  "t_arrive_log_mean": 0.12008040848917455,
  "t_arrive_log_std": 0.32325822053430836
}