{
  "active_mean": 5.236995142724067,
  "active_std": 6.420997931186136,
  "config_id": "llama-3-70b_A100_tp8",
  "dt": 0.25,
  "power_max": 3266.35,
  "power_mean": 1667.9389586798854,
  "power_min": 530.6300000000001,
  "power_std": 599.0205362213892,
  "t_arrive_log_mean": 0.11617968779303539,
  "t_arrive_log_std": 0.32753816270289055
}