{
  "active_mean": 1.300868062812635,
  "active_std": 1.795081897215477,
  "config_id": "llama-3-8b_H100_tp2",
  "dt": 0.25,
  "power_max": 835.8299999999999,
  "power_mean": 524.5347641739469,
  "power_min": 235.33,
  "power_std": 243.502052191958,
  "t_arrive_log_mean": 0.12135739364353225,
  "t_arrive_log_std": 0.32666189674279644
}