{
  "active_mean": 9.762671976828385,
  "active_std": 21.33501782729309,
  "config_id": "llama-3-8b_H100_tp2",
  "dt": 0.25,
  "power_max": 1399.13,
  "power_mean": 637.4117088419365,
  "power_min": 188.07,
  "power_std": 303.5659283845639,
  "t_arrive_log_mean": 1.8124105407889075,
  "t_arrive_log_std": 2.82019104851888
}