{
  "active_mean": 43.66339185655585,
  "active_std": 161.09996082250686,
  "config_id": "llama-3-70b_H100_tp4",
  "dt": 0.25,
  "power_max": 2787.3,
  "power_mean": 1667.3125264599676,
  "power_min": 289.41,
  "power_std": 642.5291355848738,
  "t_arrive_log_mean": 1.137155266806926,
  "t_arrive_log_std": 2.3163849836758157
}