{
  "active_mean": 3.0671106831434227,
  "active_std": 3.7797409302604565,
  "config_id": "llama-3-70b_H100_tp8",
  "dt": 0.25,
  "power_max": 3430.0299999999997,
  "power_mean": 2381.491192692452,
  "power_min": 938.0799999999999,
  "power_std": 890.5168872921619,
  "t_arrive_log_mean": 0.11677040226669194,
  "t_arrive_log_std": 0.3281818088740445
}