{
  "active_mean": 8.949918416758777,
  "active_std": 10.527030534849732,
  "config_id": "llama-3-405b_H100_tp8",
  "dt": 0.25,
  "power_max": 5207.52,
  "power_mean": 3323.1240732406973,
  "power_min": 973.3299999999999,
  "power_std": 941.6467847241323,
  "t_arrive_log_mean": 0.11640716726625663,
  "t_arrive_log_std": 0.3256628507568857
}