{
  "active_mean": 10.802099453694554,
  "active_std": 11.54251885086854,
  "config_id": "llama-3-405b_H100_tp8",
  "dt": 0.25,
  "power_max": 5207.52,
  "power_mean": 3449.8152827550202,
  "power_min": 973.3299999999999,
  "power_std": 844.0749392200164,
  "t_arrive_log_mean": 1.0817814704550233,
  "t_arrive_log_std": 2.07492513070084
}