{
  "active_mean": 1.3039613203472251,
  "active_std": 1.798152006215721,
  "config_id": "llama-3-8b_H100_tp2",
  "dt": 0.25,
  "power_max": 835.8299999999999,
  "power_mean": 524.5347641739469,
  "power_min": 235.33,
  "power_std": 243.502052191958,
  "t_arrive_log_mean": 0.12129061067565208,
  "t_arrive_log_std": 0.3266660843548248
}