{
  "active_mean": 8.625214204740185,
  "active_std": 10.716801241537091,
  "config_id": "llama-3-70b_A100_tp4",
  "dt": 0.25,
  "power_max": 1752.18,
  "power_mean": 1092.6888571353247,
  "power_min": 282.93,
  "power_std": 350.73147707725104,
  "t_arrive_log_mean": 0.11503615720988856,
  "t_arrive_log_std": 0.32609703784799704
}