{
  "active_mean": 37.2858924395947,
  "active_std": 116.88258034947567,
  "config_id": "llama-3-8b_A100_tp1",
  "dt": 0.25,
  "power_max": 498.28,
  "power_mean": 260.97670954493674,
  "power_min": 59.36,
  "power_std": 114.52371035523852,
  "t_arrive_log_mean": 1.232313911814909,
  "t_arrive_log_std": 2.2866963641326055
}