{"_timestamp":1.7613682688330393e+09,"_step":499,"lr":0,"val_transition_mae":135.32389809324454,"_runtime":51,"train_loss":1.4665914177894592,"val_f1":0.36728152163011246,"val_autocorr_r2":0.785955290584387,"_wandb":{"runtime":51},"val_loss":1.498793125152588,"epoch":500,"val_acc":0.5324675324675324}