{"val_transition_mae":106.035057063059,"_wandb":{"runtime":75},"val_autocorr_r2":0.5819498387783568,"val_f1":0.32452320216410846,"val_acc":0.6149454844682164,"train_loss":1.186855395634969,"_step":499,"val_loss":1.6147104501724243,"epoch":500,"_runtime":75,"_timestamp":1.7609414918188372e+09,"lr":0}