{"_step":288,"val_autocorr_r2":0.67280056827339,"val_f1":0.27990052762308165,"val_transition_mae":1.4672929714683367,"_timestamp":1.760931135748001e+09,"val_acc":0.33287617554858934,"train_loss":1.0094689360031714,"_wandb":{"runtime":78},"epoch":289,"val_loss":1.5414761751890182,"_runtime":78,"lr":0.0007906311668048658}