{
  "aic": 613047.4577218438,
  "bic": 613310.1573013725,
  "config_id": "gpt-oss-20b_A100_tp2",
  "covariance_type": "full",
  "k": 10,
  "label_map": [
    1,
    7,
    4,
    6,
    9,
    3,
    5,
    0,
    8,
    2
  ],
  "means": [
    115.40996837610022,
    136.36210439809898,
    144.99911061108375,
    168.00022187664882,
    285.45732508186427,
    370.0126893182348,
    414.8320416286698,
    456.75451919414473,
    508.47999746961864,
    542.8019267627851
  ],
  "order": [
    7,
    0,
    9,
    5,
    2,
    6,
    3,
    1,
    8,
    4
  ],
  "seed": 42,
  "variances": [
    1.8616611902734652,
    0.29694426507237465,
    267.40125432635455,
    2.6415522241319374,
    1756.470874912681,
    32.06993192144014,
    18.61227894279754,
    670.3942008629198,
    400.2856458248133,
    755.7774828627479
  ],
  "weights": [
    0.17520816155412125,
    0.1698046784349159,
    0.06691717648783063,
    0.14016112504728778,
    0.06844152359563209,
    0.045484136545057466,
    0.0943188684271027,
    0.13953247950574046,
    0.06415676714247662,
    0.03597508325983502
  ]
}