{
  "aic": 656675.1845089837,
  "bic": 656933.4652129759,
  "config_id": "gpt-oss-120b_A100_tp4",
  "covariance_type": "full",
  "k": 10,
  "label_map": [
    1,
    7,
    5,
    9,
    3,
    6,
    2,
    4,
    0,
    8
  ],
  "means": [
    231.1049803738112,
    262.2506512200793,
    322.02257964849196,
    435.9451460930122,
    584.5799376587432,
    680.723567312615,
    735.4218261189609,
    840.8952916992092,
    967.8901649930499,
    1062.5775827162927
  ],
  "order": [
    8,
    0,
    6,
    4,
    7,
    2,
    5,
    1,
    9,
    3
  ],
  "seed": 42,
  "variances": [
    9.437883532270641,
    27.955841563872255,
    176.5418253211901,
    3773.029111804362,
    1467.8610476769886,
    52.68815425805132,
    184.03927335127025,
    1044.1753544022672,
    1438.936373609687,
    3704.5638672779596
  ],
  "weights": [
    0.05021659046693146,
    0.20960176664280153,
    0.167219412067271,
    0.05215461806821644,
    0.050317675764018174,
    0.15564876802984895,
    0.1063345407522145,
    0.12110140984661352,
    0.05981277059467138,
    0.02759244776741291
  ]
}