{
  "aic": 568929.0227915524,
  "bic": 569194.3461704674,
  "config_id": "gpt-oss-20b_A100_tp1",
  "covariance_type": "full",
  "k": 10,
  "label_map": [
    1,
    9,
    5,
    7,
    3,
    6,
    8,
    2,
    0,
    4
  ],
  "means": [
    58.58724282887133,
    67.90320576284972,
    83.20766049227076,
    148.2272929727553,
    236.3810452499665,
    240.41865846068922,
    268.4786525633131,
    291.7820029519745,
    317.0155672949509,
    330.0751273236562
  ],
  "order": [
    8,
    0,
    7,
    4,
    9,
    2,
    5,
    3,
    6,
    1
  ],
  "seed": 42,
  "variances": [
    4.188002626061284,
    0.13053907876030188,
    0.950024841860622,
    3681.5407808220275,
    7.209170410139464,
    9.830357029859526,
    21.298712981358282,
    52.35232437098024,
    59.97388943287077,
    68.32828849118725
  ],
  "weights": [
    0.24594488102607578,
    0.19622755398278918,
    0.13189789070983218,
    0.030286602215615115,
    0.07487905687010864,
    0.06180033718323741,
    0.07569016239990355,
    0.08337700267825018,
    0.055116709708787515,
    0.04477980322540051
  ]
}