{
  "aic": 401840.7161123379,
  "bic": 402086.18750821933,
  "config_id": "gpt-oss-120b_A100_tp8",
  "covariance_type": "full",
  "k": 10,
  "label_map": [
    6,
    0,
    9,
    5,
    7,
    2,
    4,
    3,
    8,
    1
  ],
  "means": [
    517.2184445254951,
    624.8750301280925,
    638.1421327306069,
    987.1714521355881,
    1068.0041634061129,
    1156.3951580309101,
    1224.2190198885364,
    1342.1245923531226,
    1480.5187518873495,
    1586.6647515527577
  ],
  "order": [
    1,
    9,
    5,
    7,
    6,
    3,
    0,
    4,
    8,
    2
  ],
  "seed": 42,
  "variances": [
    2.105805987653847,
    4169.396768381271,
    14.909906446365417,
    18031.759774553517,
    43.777181302853734,
    66.38662042229527,
    1085.6206211931733,
    1626.339130973308,
    3343.3362267561965,
    8695.963071483418
  ],
  "weights": [
    0.20439692261436027,
    0.047867413559410425,
    0.14554923149894053,
    0.053966562465458216,
    0.06439469731156333,
    0.15954783813513806,
    0.15376499668482538,
    0.0928188668109294,
    0.05521251595856202,
    0.022480954960812538
  ]
}