{"lr":4.940690302450982e-05,"val_autocorr_r2":0,"val_boundary_f1":0.09900990052620356,"val_ece":0.20940484923254082,"val_transition_mae":691.3760195325395,"epoch":58,"val_f1":0.18910442564555208,"_step":57,"train_loss":1.7322755257288616,"_wandb":{"runtime":6},"_timestamp":1.761708369514766e+09,"val_balanced_acc":0.317902819605978,"val_tolerance_power_acc":0.5053899809765378,"_runtime":6,"val_loss":1.5726736783981323,"val_acc":0.5053899809765378}