{
  "active_mean": 29.256886012225817,
  "active_std": 34.53738690337703,
  "config_id": "gpt-oss-120b_H100_tp8",
  "delta_A_mean": 0.00010795638562020944,
  "delta_A_std": 1.3479675851641737,
  "dt": 0.25,
  "hidden_dim": 16,
  "lambda_mu": 0.1,
  "model_kind": "stateless",
  "power_max": 3742.2200000000003,
  "power_mean": 2286.1038545487236,
  "power_min": 978.46,
  "power_std": 909.6261459222325,
  "seed": 42,
  "source_norm_path": "results/experimental_continuous_v1/norm_params/gpt-oss-120b_H100_tp8.json",
  "t_arrive_log_mean": 2.3698068497714715,
  "t_arrive_log_std": 2.9156538254497346
}