{
  "active_mean": 3.826667463781112,
  "active_std": 4.601608796908964,
  "config_id": "llama-3-70b_H100_tp4",
  "delta_A_mean": -0.0003987161340483643,
  "delta_A_std": 0.6673881697679482,
  "dt": 0.25,
  "hidden_dim": 16,
  "lambda_mu": 0.1,
  "model_kind": "stateless",
  "power_max": 2300.7599999999998,
  "power_mean": 1512.3971046810545,
  "power_min": 362.07,
  "power_std": 586.7373129664434,
  "seed": 42,
  "source_norm_path": "results/experimental_continuous_v1/norm_params/llama-3-70b_H100_tp4.json",
  "t_arrive_log_mean": 0.8090020484728915,
  "t_arrive_log_std": 1.8305836513037796
}