{
  "active_mean": 1.310171056858336,
  "active_std": 1.8519387128549225,
  "config_id": "llama-3-8b_H100_tp2",
  "delta_A_mean": -0.00040170322165983773,
  "delta_A_std": 0.695912806673534,
  "dt": 0.25,
  "hidden_dim": 16,
  "lambda_mu": 0.1,
  "model_kind": "stateless",
  "power_max": 835.8299999999999,
  "power_mean": 513.3396708360102,
  "power_min": 188.07,
  "power_std": 245.86562146042027,
  "seed": 42,
  "source_norm_path": "results/experimental_continuous_v1/norm_params/llama-3-8b_H100_tp2.json",
  "t_arrive_log_mean": 1.055232327706268,
  "t_arrive_log_std": 2.1248908699524973
}