{
  "active_mean": 25.93403243665733,
  "active_std": 99.78734643582483,
  "config_id": "llama-3-70b_H100_tp8",
  "delta_A_mean": -5.213492518638236e-05,
  "delta_A_std": 1.315937018509347,
  "dt": 0.25,
  "hidden_dim": 16,
  "lambda_mu": 0.1,
  "model_kind": "stateless",
  "power_max": 5283.870000000001,
  "power_mean": 2702.8424164007033,
  "power_min": 941.14,
  "power_std": 958.862048118462,
  "seed": 42,
  "source_norm_path": "results/experimental_continuous_v1/norm_params/llama-3-70b_H100_tp8.json",
  "t_arrive_log_mean": 1.563553631345245,
  "t_arrive_log_std": 2.622729573058796
}