{
  "active_mean": 35.13135889371474,
  "active_std": 115.24439094157324,
  "config_id": "llama-3-70b_A100_tp8",
  "delta_A_mean": 0.006280905049697817,
  "delta_A_std": 0.9927437631094113,
  "dt": 0.25,
  "hidden_dim": 16,
  "lambda_mu": 0.1,
  "model_kind": "stateless",
  "power_max": 3353.17,
  "power_mean": 1880.6923061130249,
  "power_min": 530.7,
  "power_std": 648.2275017754887,
  "seed": 42,
  "source_norm_path": "results/experimental_continuous_v1/norm_params/llama-3-70b_A100_tp8.json",
  "t_arrive_log_mean": 1.240561073651257,
  "t_arrive_log_std": 2.3164863171456958
}