{
  "active_mean": 1.8454612605058793,
  "active_std": 2.025800910540621,
  "config_id": "llama-3-8b_A100_tp4",
  "delta_A_mean": -0.00039943280541630886,
  "delta_A_std": 0.6584720705360086,
  "dt": 0.25,
  "hidden_dim": 16,
  "lambda_mu": 0.1,
  "model_kind": "stateless",
  "power_max": 1173.92,
  "power_mean": 636.7850929308659,
  "power_min": 268.55,
  "power_std": 259.3118612437908,
  "seed": 42,
  "source_norm_path": "results/experimental_continuous_v1/norm_params/llama-3-8b_A100_tp4.json",
  "t_arrive_log_mean": 1.6242699555492586,
  "t_arrive_log_std": 2.3432906371498325
}