{"train_loss":1.8329728841781616,"val_loss":1.9896665811538696,"val_autocorr_r2":0.9072109460830688,"_step":499,"_runtime":66,"val_f1":0.1917181428804099,"val_acc":0.41256943015840364,"lr":0,"epoch":500,"_timestamp":1.7610074089482896e+09,"val_transition_mae":103.01008605957031,"_wandb":{"runtime":66}}