{"_timestamp":1.761611634920245e+09,"train_loss":1.2835752964019775,"lr":0,"_step":499,"val_loss":1.4962190389633179,"val_tolerance_power_acc":0.4756701631701632,"epoch":500,"val_acc":0.4756701631701632,"val_boundary_f1":0.036923076491129005,"val_ece":0.06366470210375763,"val_transition_mae":333.5359330248757,"_runtime":55,"val_f1":0.40547234885533473,"_wandb":{"runtime":55},"val_balanced_acc":0.4170013562149091,"val_autocorr_r2":0.7223624311883875}