{"epoch":3,"val_tolerance_power_acc":0.14447731755424062,"val_autocorr_r2":0.37228881966266203,"val_loss":1.8704073429107666,"_wandb":{"runtime":14},"_runtime":13.489683,"val_f1":0.10825815849114072,"val_boundary_f1":0.1728538278070607,"train_loss":1.997554063796997,"val_acc":0.14447731755424062,"lr":0.000117,"_step":2,"val_balanced_acc":0.18225595276063375,"val_transition_mae":167.871236113675,"val_ece":0.10026898314144013,"_timestamp":1.761713511886548e+09}