{"val_loss":1.4365830421447754,"lr":0,"_wandb":{"runtime":52},"_runtime":52,"train_loss":1.4267881512641907,"val_autocorr_r2":0.9739219801920774,"_timestamp":1.7613683351742299e+09,"val_f1":0.3862984167837133,"epoch":500,"val_transition_mae":50.65384171839408,"val_acc":0.48134092346616064,"_step":499}