{
  "active_mean": 2.5880840364945428,
  "active_std": 3.333892735720756,
  "config_id": "deepseek-r1-distill-70b_H100_tp8",
  "delta_A_mean": -0.0004001524390243902,
  "delta_A_std": 0.6302078414804438,
  "dt": 0.25,
  "feature_set": "f2",
  "hidden_dim": 64,
  "input_dim": 2,
  "k": 12,
  "num_layers": 1,
  "power_max": 3390.49,
  "power_mean": 2337.916430448944,
  "power_min": 934.69,
  "power_std": 901.6624796540503,
  "seed": 42,
  "source_norm_path": "results/experimental_continuous_v1/norm_params/deepseek-r1-distill-70b_H100_tp8.json",
  "t_arrive_log_mean": 0.7337118092839751,
  "t_arrive_log_std": 1.7490301708332319
}