{"val_ece":0.0374489688753288,"val_f1":0.3559404449113271,"val_balanced_acc":0.44506946498914446,"_wandb":{"runtime":53},"train_loss":1.4659929275512695,"val_tolerance_power_acc":0.41645529486366517,"val_acc":0.41645529486366517,"lr":0,"val_autocorr_r2":0.858897383775637,"_step":499,"val_transition_mae":292.6528898691506,"_runtime":53,"epoch":500,"val_loss":1.3798134326934814,"val_boundary_f1":0.04444444395251078,"_timestamp":1.7616107488529482e+09}