{"_timestamp":1.7613397450492265e+09,"val_acc":0.4554588077695914,"_step":499,"epoch":500,"_wandb":{"runtime":42},"_runtime":42,"train_loss":1.2324678301811218,"val_autocorr_r2":0.9810536283568498,"val_f1":0.3878882854220101,"val_transition_mae":98.38202554528172,"val_loss":1.4093378782272339,"lr":0}