{
  "active_mean": 9.424469832735962,
  "active_std": 11.150790149588836,
  "config_id": "llama-3-70b_A100_tp4",
  "dt": 0.25,
  "hidden_dim": 64,
  "n_mix": 1,
  "num_layers": 1,
  "power_max": 1739.85,
  "power_mean": 1095.5668255301673,
  "power_min": 269.53499999999997,
  "power_std": 350.68646791775325,
  "seed": 42,
  "source_norm_path": "results/experimental_continuous_v1/norm_params/llama-3-70b_A100_tp4.json",
  "t_arrive_log_mean": 0.9530890087037284,
  "t_arrive_log_std": 1.9640446781443621
}