{"lr":0,"val_autocorr_r2":0.3553503448317217,"val_f1":0.53027101901026,"_wandb":{"runtime":665},"_timestamp":1.7609346905934706e+09,"val_acc":0.7680518411849414,"_runtime":665,"val_loss":0.8131102323532104,"epoch":1000,"val_transition_mae":35.716089827414514,"_step":999,"train_loss":0.6770220796267191}