{"val_autocorr_r2":0,"lr":0.00011286134057009863,"_wandb":{"runtime":43},"train_loss":1.469779908657074,"epoch":243,"_timestamp":1.7609415613470938e+09,"_runtime":43,"val_acc":0.7092676404032092,"_step":242,"val_loss":1.255488395690918,"val_f1":0.4462020309004367,"val_transition_mae":133.44712418165392}