timestamp,index,uuid,power.draw [W],clocks.sm [MHz],clocks.mem [MHz],utilization.gpu [%],utilization.memory [%],memory.used [MiB],temperature.gpu
2026/07/21 11:20:27.071,0,GPU-03a84180-d660-dbdc-17f4-0e0655717066,83.37,1410,1593,0,0,73331,36
2026/07/21 11:20:27.321,0,GPU-03a84180-d660-dbdc-17f4-0e0655717066,83.29,1410,1593,0,0,73331,36
2026/07/21 11:20:27.571,0,GPU-03a84180-d660-dbdc-17f4-0e0655717066,83.29,1410,1593,0,0,73331,36
2026/07/21 11:20:27.821,0,GPU-03a84180-d660-dbdc-17f4-0e0655717066,83.29,1410,1593,0,0,73331,36
2026/07/21 11:20:28.071,0,GPU-03a84180-d660-dbdc-17f4-0e0655717066,83.29,1410,1593,0,0,73331,36
2026/07/21 11:20:28.321,0,GPU-03a84180-d660-dbdc-17f4-0e0655717066,82.96,1410,1593,0,0,73331,36
2026/07/21 11:20:28.571,0,GPU-03a84180-d660-dbdc-17f4-0e0655717066,83.29,1410,1593,0,0,73331,36
2026/07/21 11:20:28.821,0,GPU-03a84180-d660-dbdc-17f4-0e0655717066,83.29,1410,1593,0,0,73331,36
2026/07/21 11:20:29.071,0,GPU-03a84180-d660-dbdc-17f4-0e0655717066,83.29,1410,1593,0,0,73331,36
2026/07/21 11:20:29.321,0,GPU-03a84180-d660-dbdc-17f4-0e0655717066,83.29,1410,1593,0,0,73331,36
2026/07/21 11:20:29.572,0,GPU-03a84180-d660-dbdc-17f4-0e0655717066,83.29,1410,1593,0,0,73331,36
2026/07/21 11:20:29.822,0,GPU-03a84180-d660-dbdc-17f4-0e0655717066,83.56,1410,1593,0,0,73331,36
2026/07/21 11:20:30.072,0,GPU-03a84180-d660-dbdc-17f4-0e0655717066,83.29,1410,1593,0,0,73331,36
2026/07/21 11:20:30.322,0,GPU-03a84180-d660-dbdc-17f4-0e0655717066,82.96,1410,1593,0,0,73331,36
2026/07/21 11:20:30.572,0,GPU-03a84180-d660-dbdc-17f4-0e0655717066,83.29,1410,1593,0,0,73331,36
2026/07/21 11:20:30.822,0,GPU-03a84180-d660-dbdc-17f4-0e0655717066,83.29,1410,1593,0,0,73331,36
2026/07/21 11:20:31.072,0,GPU-03a84180-d660-dbdc-17f4-0e0655717066,83.56,1410,1593,0,0,73331,36
2026/07/21 11:20:31.322,0,GPU-03a84180-d660-dbdc-17f4-0e0655717066,83.29,1410,1593,0,0,73331,36
2026/07/21 11:20:31.572,0,GPU-03a84180-d660-dbdc-17f4-0e0655717066,83.29,1410,1593,0,0,73331,36
2026/07/21 11:20:33.040,0,GPU-03a84180-d660-dbdc-17f4-0e0655717066,83.29,1410,1593,0,0,73331,36
2026/07/21 11:20:33.291,0,GPU-03a84180-d660-dbdc-17f4-0e0655717066,83.29,1410,1593,0,0,73331,36
2026/07/21 11:20:33.541,0,GPU-03a84180-d660-dbdc-17f4-0e0655717066,83.29,1410,1593,0,0,73331,36
2026/07/21 11:20:33.791,0,GPU-03a84180-d660-dbdc-17f4-0e0655717066,83.29,1410,1593,0,0,73331,36
2026/07/21 11:20:34.041,0,GPU-03a84180-d660-dbdc-17f4-0e0655717066,83.29,1410,1593,0,0,73331,36
2026/07/21 11:20:34.291,0,GPU-03a84180-d660-dbdc-17f4-0e0655717066,83.29,1410,1593,0,0,73331,36
2026/07/21 11:20:34.541,0,GPU-03a84180-d660-dbdc-17f4-0e0655717066,83.29,1410,1593,0,0,73331,36
2026/07/21 11:20:34.791,0,GPU-03a84180-d660-dbdc-17f4-0e0655717066,83.29,1410,1593,0,0,73331,36
2026/07/21 11:20:35.041,0,GPU-03a84180-d660-dbdc-17f4-0e0655717066,83.37,1410,1593,0,0,73331,36
2026/07/21 11:20:35.291,0,GPU-03a84180-d660-dbdc-17f4-0e0655717066,83.29,1410,1593,0,0,73331,36
2026/07/21 11:20:35.541,0,GPU-03a84180-d660-dbdc-17f4-0e0655717066,83.29,1410,1593,0,0,73331,36
2026/07/21 11:20:35.791,0,GPU-03a84180-d660-dbdc-17f4-0e0655717066,83.29,1410,1593,0,0,73331,36
2026/07/21 11:20:36.042,0,GPU-03a84180-d660-dbdc-17f4-0e0655717066,83.29,1410,1593,0,0,73331,36
2026/07/21 11:20:36.292,0,GPU-03a84180-d660-dbdc-17f4-0e0655717066,83.29,1410,1593,0,0,73331,36
2026/07/21 11:20:36.542,0,GPU-03a84180-d660-dbdc-17f4-0e0655717066,83.37,1410,1593,0,0,73331,36
2026/07/21 11:20:36.792,0,GPU-03a84180-d660-dbdc-17f4-0e0655717066,83.37,1410,1593,0,0,73331,36
2026/07/21 11:20:37.042,0,GPU-03a84180-d660-dbdc-17f4-0e0655717066,83.29,1410,1593,0,0,73331,36
2026/07/21 11:20:37.292,0,GPU-03a84180-d660-dbdc-17f4-0e0655717066,83.56,1410,1593,0,0,73331,36
2026/07/21 11:20:37.542,0,GPU-03a84180-d660-dbdc-17f4-0e0655717066,83.29,1410,1593,0,0,73331,36
2026/07/21 11:20:37.792,0,GPU-03a84180-d660-dbdc-17f4-0e0655717066,83.29,1410,1593,0,0,73331,35
2026/07/21 11:20:38.042,0,GPU-03a84180-d660-dbdc-17f4-0e0655717066,83.37,1410,1593,0,0,73331,35
2026/07/21 11:20:38.292,0,GPU-03a84180-d660-dbdc-17f4-0e0655717066,83.29,1410,1593,0,0,73331,35
2026/07/21 11:20:38.542,0,GPU-03a84180-d660-dbdc-17f4-0e0655717066,83.29,1410,1593,0,0,73331,35
2026/07/21 11:20:38.792,0,GPU-03a84180-d660-dbdc-17f4-0e0655717066,83.29,1410,1593,0,0,73331,35
2026/07/21 11:20:39.043,0,GPU-03a84180-d660-dbdc-17f4-0e0655717066,82.96,1410,1593,0,0,73331,35
2026/07/21 11:20:39.293,0,GPU-03a84180-d660-dbdc-17f4-0e0655717066,83.37,1410,1593,0,0,73331,35
2026/07/21 11:20:39.543,0,GPU-03a84180-d660-dbdc-17f4-0e0655717066,83.29,1410,1593,0,0,73331,35
2026/07/21 11:20:39.793,0,GPU-03a84180-d660-dbdc-17f4-0e0655717066,83.29,1410,1593,0,0,73331,35
2026/07/21 11:20:40.043,0,GPU-03a84180-d660-dbdc-17f4-0e0655717066,83.29,1410,1593,0,0,73331,35
2026/07/21 11:20:40.293,0,GPU-03a84180-d660-dbdc-17f4-0e0655717066,83.29,1410,1593,0,0,73331,35
2026/07/21 11:20:40.543,0,GPU-03a84180-d660-dbdc-17f4-0e0655717066,83.37,1410,1593,0,0,73331,35
2026/07/21 11:20:40.793,0,GPU-03a84180-d660-dbdc-17f4-0e0655717066,83.29,1410,1593,0,0,73331,35
2026/07/21 11:20:41.043,0,GPU-03a84180-d660-dbdc-17f4-0e0655717066,83.29,1410,1593,0,0,73331,35
2026/07/21 11:20:41.293,0,GPU-03a84180-d660-dbdc-17f4-0e0655717066,83.29,1410,1593,0,0,73331,35
2026/07/21 11:20:41.543,0,GPU-03a84180-d660-dbdc-17f4-0e0655717066,83.29,1410,1593,0,0,73331,35
2026/07/21 11:20:41.793,0,GPU-03a84180-d660-dbdc-17f4-0e0655717066,83.29,1410,1593,0,0,73331,35
2026/07/21 11:20:42.044,0,GPU-03a84180-d660-dbdc-17f4-0e0655717066,83.29,1410,1593,0,0,73331,35
2026/07/21 11:20:42.294,0,GPU-03a84180-d660-dbdc-17f4-0e0655717066,83.29,1410,1593,0,0,73331,35
2026/07/21 11:20:42.544,0,GPU-03a84180-d660-dbdc-17f4-0e0655717066,83.56,1410,1593,0,0,73331,35
2026/07/21 11:20:42.794,0,GPU-03a84180-d660-dbdc-17f4-0e0655717066,83.37,1410,1593,0,0,73331,35
2026/07/21 11:20:43.044,0,GPU-03a84180-d660-dbdc-17f4-0e0655717066,83.29,1410,1593,0,0,73331,35
2026/07/21 11:20:43.294,0,GPU-03a84180-d660-dbdc-17f4-0e0655717066,83.37,1410,1593,0,0,73331,35
2026/07/21 11:20:43.544,0,GPU-03a84180-d660-dbdc-17f4-0e0655717066,83.29,1410,1593,0,0,73331,35
2026/07/21 11:20:43.794,0,GPU-03a84180-d660-dbdc-17f4-0e0655717066,83.29,1410,1593,0,0,73331,35
2026/07/21 11:20:44.044,0,GPU-03a84180-d660-dbdc-17f4-0e0655717066,83.29,1410,1593,0,0,73331,35
2026/07/21 11:20:44.294,0,GPU-03a84180-d660-dbdc-17f4-0e0655717066,83.29,1410,1593,0,0,73331,35
2026/07/21 11:20:44.544,0,GPU-03a84180-d660-dbdc-17f4-0e0655717066,83.29,1410,1593,0,0,73331,35
2026/07/21 11:20:44.794,0,GPU-03a84180-d660-dbdc-17f4-0e0655717066,83.29,1410,1593,0,0,73331,35
2026/07/21 11:20:45.045,0,GPU-03a84180-d660-dbdc-17f4-0e0655717066,83.37,1410,1593,0,0,73331,35
2026/07/21 11:20:45.295,0,GPU-03a84180-d660-dbdc-17f4-0e0655717066,83.29,1410,1593,0,0,73331,35
2026/07/21 11:20:45.545,0,GPU-03a84180-d660-dbdc-17f4-0e0655717066,83.29,1410,1593,0,0,73331,35
2026/07/21 11:20:45.795,0,GPU-03a84180-d660-dbdc-17f4-0e0655717066,83.37,1410,1593,0,0,73331,35
2026/07/21 11:20:46.045,0,GPU-03a84180-d660-dbdc-17f4-0e0655717066,83.29,1410,1593,0,0,73331,35
2026/07/21 11:20:46.295,0,GPU-03a84180-d660-dbdc-17f4-0e0655717066,83.29,1410,1593,0,0,73331,35
2026/07/21 11:20:46.545,0,GPU-03a84180-d660-dbdc-17f4-0e0655717066,83.29,1410,1593,0,0,73331,35
2026/07/21 11:20:46.795,0,GPU-03a84180-d660-dbdc-17f4-0e0655717066,83.29,1410,1593,0,0,73331,35
2026/07/21 11:20:47.045,0,GPU-03a84180-d660-dbdc-17f4-0e0655717066,83.29,1410,1593,0,0,73331,35
2026/07/21 11:20:47.295,0,GPU-03a84180-d660-dbdc-17f4-0e0655717066,83.29,1410,1593,0,0,73331,35
2026/07/21 11:20:47.546,0,GPU-03a84180-d660-dbdc-17f4-0e0655717066,83.29,1410,1593,0,0,73331,35
2026/07/21 11:20:47.796,0,GPU-03a84180-d660-dbdc-17f4-0e0655717066,83.56,1410,1593,0,0,73331,35
2026/07/21 11:20:48.046,0,GPU-03a84180-d660-dbdc-17f4-0e0655717066,83.29,1410,1593,0,0,73331,35
2026/07/21 11:20:48.296,0,GPU-03a84180-d660-dbdc-17f4-0e0655717066,83.29,1410,1593,0,0,73331,35
2026/07/21 11:20:48.546,0,GPU-03a84180-d660-dbdc-17f4-0e0655717066,83.37,1410,1593,0,0,73331,35
2026/07/21 11:20:48.796,0,GPU-03a84180-d660-dbdc-17f4-0e0655717066,83.29,1410,1593,0,0,73331,35
2026/07/21 11:20:49.046,0,GPU-03a84180-d660-dbdc-17f4-0e0655717066,83.29,1410,1593,0,0,73331,35
2026/07/21 11:20:49.296,0,GPU-03a84180-d660-dbdc-17f4-0e0655717066,83.29,1410,1593,0,0,73331,35
2026/07/21 11:20:49.546,0,GPU-03a84180-d660-dbdc-17f4-0e0655717066,83.29,1410,1593,0,0,73331,35
2026/07/21 11:20:49.796,0,GPU-03a84180-d660-dbdc-17f4-0e0655717066,83.37,1410,1593,0,0,73331,35
2026/07/21 11:20:50.046,0,GPU-03a84180-d660-dbdc-17f4-0e0655717066,83.29,1410,1593,0,0,73331,35
2026/07/21 11:20:50.297,0,GPU-03a84180-d660-dbdc-17f4-0e0655717066,83.29,1410,1593,0,0,73331,35
2026/07/21 11:20:50.547,0,GPU-03a84180-d660-dbdc-17f4-0e0655717066,83.29,1410,1593,0,0,73331,35
2026/07/21 11:20:50.797,0,GPU-03a84180-d660-dbdc-17f4-0e0655717066,83.29,1410,1593,0,0,73331,35
2026/07/21 11:20:51.047,0,GPU-03a84180-d660-dbdc-17f4-0e0655717066,83.37,1410,1593,0,0,73331,35
2026/07/21 11:20:51.297,0,GPU-03a84180-d660-dbdc-17f4-0e0655717066,83.29,1410,1593,0,0,73331,35
2026/07/21 11:20:51.547,0,GPU-03a84180-d660-dbdc-17f4-0e0655717066,83.29,1410,1593,0,0,73331,35
2026/07/21 11:20:51.797,0,GPU-03a84180-d660-dbdc-17f4-0e0655717066,83.29,1410,1593,0,0,73331,35
2026/07/21 11:20:52.047,0,GPU-03a84180-d660-dbdc-17f4-0e0655717066,83.29,1410,1593,0,0,73331,35
2026/07/21 11:20:52.297,0,GPU-03a84180-d660-dbdc-17f4-0e0655717066,83.37,1410,1593,0,0,73331,35
2026/07/21 11:20:52.547,0,GPU-03a84180-d660-dbdc-17f4-0e0655717066,83.29,1410,1593,0,0,73331,35
2026/07/21 11:20:52.797,0,GPU-03a84180-d660-dbdc-17f4-0e0655717066,83.29,1410,1593,0,0,73331,35
2026/07/21 11:20:53.048,0,GPU-03a84180-d660-dbdc-17f4-0e0655717066,83.29,1410,1593,0,0,73331,35
2026/07/21 11:20:53.298,0,GPU-03a84180-d660-dbdc-17f4-0e0655717066,83.29,1410,1593,0,0,73331,35
2026/07/21 11:20:53.548,0,GPU-03a84180-d660-dbdc-17f4-0e0655717066,83.29,1410,1593,0,0,73331,35
2026/07/21 11:20:53.798,0,GPU-03a84180-d660-dbdc-17f4-0e0655717066,83.29,1410,1593,0,0,73331,35
2026/07/21 11:20:54.048,0,GPU-03a84180-d660-dbdc-17f4-0e0655717066,82.96,1410,1593,0,0,73331,35
2026/07/21 11:20:54.298,0,GPU-03a84180-d660-dbdc-17f4-0e0655717066,82.96,1410,1593,0,0,73331,35
2026/07/21 11:20:54.548,0,GPU-03a84180-d660-dbdc-17f4-0e0655717066,82.96,1410,1593,0,0,73331,35
2026/07/21 11:20:54.798,0,GPU-03a84180-d660-dbdc-17f4-0e0655717066,82.96,1410,1593,0,0,73331,35
2026/07/21 11:20:55.048,0,GPU-03a84180-d660-dbdc-17f4-0e0655717066,82.69,1410,1593,0,0,73331,35
2026/07/21 11:20:55.298,0,GPU-03a84180-d660-dbdc-17f4-0e0655717066,82.96,1410,1593,0,0,73331,35
2026/07/21 11:20:55.548,0,GPU-03a84180-d660-dbdc-17f4-0e0655717066,83.29,1410,1593,0,0,73331,35
2026/07/21 11:20:55.799,0,GPU-03a84180-d660-dbdc-17f4-0e0655717066,82.96,1410,1593,0,0,73331,35
2026/07/21 11:20:56.049,0,GPU-03a84180-d660-dbdc-17f4-0e0655717066,82.69,1410,1593,0,0,73331,35
2026/07/21 11:20:56.299,0,GPU-03a84180-d660-dbdc-17f4-0e0655717066,82.78,1410,1593,0,0,73331,35
2026/07/21 11:20:56.549,0,GPU-03a84180-d660-dbdc-17f4-0e0655717066,82.96,1410,1593,0,0,73331,35
2026/07/21 11:20:56.799,0,GPU-03a84180-d660-dbdc-17f4-0e0655717066,82.96,1410,1593,0,0,73331,35
2026/07/21 11:20:57.049,0,GPU-03a84180-d660-dbdc-17f4-0e0655717066,82.96,1410,1593,0,0,73331,35
2026/07/21 11:20:57.299,0,GPU-03a84180-d660-dbdc-17f4-0e0655717066,82.96,1410,1593,0,0,73331,35
2026/07/21 11:20:57.549,0,GPU-03a84180-d660-dbdc-17f4-0e0655717066,82.78,1410,1593,0,0,73331,35
2026/07/21 11:20:57.799,0,GPU-03a84180-d660-dbdc-17f4-0e0655717066,82.96,1410,1593,0,0,73331,35
2026/07/21 11:20:58.049,0,GPU-03a84180-d660-dbdc-17f4-0e0655717066,82.69,1410,1593,0,0,73331,35
2026/07/21 11:20:58.299,0,GPU-03a84180-d660-dbdc-17f4-0e0655717066,82.96,1410,1593,0,0,73331,35
2026/07/21 11:20:58.550,0,GPU-03a84180-d660-dbdc-17f4-0e0655717066,82.96,1410,1593,0,0,73331,35
2026/07/21 11:20:58.800,0,GPU-03a84180-d660-dbdc-17f4-0e0655717066,82.96,1410,1593,0,0,73331,35
2026/07/21 11:20:59.050,0,GPU-03a84180-d660-dbdc-17f4-0e0655717066,82.69,1410,1593,0,0,73331,35
2026/07/21 11:20:59.300,0,GPU-03a84180-d660-dbdc-17f4-0e0655717066,82.69,1410,1593,0,0,73331,35
2026/07/21 11:20:59.550,0,GPU-03a84180-d660-dbdc-17f4-0e0655717066,82.96,1410,1593,0,0,73331,35
2026/07/21 11:20:59.800,0,GPU-03a84180-d660-dbdc-17f4-0e0655717066,82.96,1410,1593,0,0,73331,35
2026/07/21 11:21:00.050,0,GPU-03a84180-d660-dbdc-17f4-0e0655717066,82.96,1410,1593,0,0,73331,35
2026/07/21 11:21:00.300,0,GPU-03a84180-d660-dbdc-17f4-0e0655717066,82.69,1410,1593,0,0,73331,35
2026/07/21 11:21:00.550,0,GPU-03a84180-d660-dbdc-17f4-0e0655717066,82.96,1410,1593,0,0,73331,35
2026/07/21 11:21:00.800,0,GPU-03a84180-d660-dbdc-17f4-0e0655717066,82.96,1410,1593,0,0,73331,35
2026/07/21 11:21:01.050,0,GPU-03a84180-d660-dbdc-17f4-0e0655717066,82.96,1410,1593,0,0,73331,35
2026/07/21 11:21:01.301,0,GPU-03a84180-d660-dbdc-17f4-0e0655717066,82.96,1410,1593,0,0,73331,35
2026/07/21 11:21:01.551,0,GPU-03a84180-d660-dbdc-17f4-0e0655717066,82.96,1410,1593,0,0,73331,35
2026/07/21 11:21:01.801,0,GPU-03a84180-d660-dbdc-17f4-0e0655717066,82.96,1410,1593,0,0,73331,35
2026/07/21 11:21:02.051,0,GPU-03a84180-d660-dbdc-17f4-0e0655717066,83.29,1410,1593,0,0,73331,35
2026/07/21 11:21:02.301,0,GPU-03a84180-d660-dbdc-17f4-0e0655717066,82.69,1410,1593,0,0,73331,35
2026/07/21 11:21:02.551,0,GPU-03a84180-d660-dbdc-17f4-0e0655717066,82.69,1410,1593,0,0,73331,35
2026/07/21 11:21:02.801,0,GPU-03a84180-d660-dbdc-17f4-0e0655717066,82.78,1410,1593,0,0,73331,35
2026/07/21 11:21:03.051,0,GPU-03a84180-d660-dbdc-17f4-0e0655717066,82.69,1410,1593,0,0,73331,35
2026/07/21 11:21:03.301,0,GPU-03a84180-d660-dbdc-17f4-0e0655717066,82.96,1410,1593,0,0,73331,35
2026/07/21 11:21:03.551,0,GPU-03a84180-d660-dbdc-17f4-0e0655717066,82.69,1410,1593,0,0,73331,35
2026/07/21 11:21:03.801,0,GPU-03a84180-d660-dbdc-17f4-0e0655717066,82.96,1410,1593,0,0,73331,35
2026/07/21 11:21:04.051,0,GPU-03a84180-d660-dbdc-17f4-0e0655717066,83.05,1410,1593,0,0,73331,35
2026/07/21 11:21:04.301,0,GPU-03a84180-d660-dbdc-17f4-0e0655717066,82.96,1410,1593,0,0,73331,35
2026/07/21 11:21:04.552,0,GPU-03a84180-d660-dbdc-17f4-0e0655717066,82.96,1410,1593,0,0,73331,35
2026/07/21 11:21:04.802,0,GPU-03a84180-d660-dbdc-17f4-0e0655717066,82.69,1410,1593,0,0,73331,35
2026/07/21 11:21:05.052,0,GPU-03a84180-d660-dbdc-17f4-0e0655717066,83.05,1410,1593,0,0,73331,35
2026/07/21 11:21:05.302,0,GPU-03a84180-d660-dbdc-17f4-0e0655717066,82.96,1410,1593,0,0,73331,35
2026/07/21 11:21:05.552,0,GPU-03a84180-d660-dbdc-17f4-0e0655717066,83.05,1410,1593,0,0,73331,35
2026/07/21 11:21:05.802,0,GPU-03a84180-d660-dbdc-17f4-0e0655717066,82.96,1410,1593,0,0,73331,35
2026/07/21 11:21:06.052,0,GPU-03a84180-d660-dbdc-17f4-0e0655717066,82.96,1410,1593,0,0,73331,35
2026/07/21 11:21:06.302,0,GPU-03a84180-d660-dbdc-17f4-0e0655717066,82.96,1410,1593,0,0,73331,35
2026/07/21 11:21:06.552,0,GPU-03a84180-d660-dbdc-17f4-0e0655717066,82.69,1410,1593,0,0,73331,35
2026/07/21 11:21:06.802,0,GPU-03a84180-d660-dbdc-17f4-0e0655717066,83.05,1410,1593,0,0,73331,35
2026/07/21 11:21:07.052,0,GPU-03a84180-d660-dbdc-17f4-0e0655717066,82.96,1410,1593,0,0,73331,35
2026/07/21 11:21:07.303,0,GPU-03a84180-d660-dbdc-17f4-0e0655717066,82.69,1410,1593,0,0,73331,35
2026/07/21 11:21:07.553,0,GPU-03a84180-d660-dbdc-17f4-0e0655717066,82.69,1410,1593,0,0,73331,35
2026/07/21 11:21:07.803,0,GPU-03a84180-d660-dbdc-17f4-0e0655717066,83.29,1410,1593,0,0,73331,35
2026/07/21 11:21:08.053,0,GPU-03a84180-d660-dbdc-17f4-0e0655717066,82.69,1410,1593,0,0,73331,35
2026/07/21 11:21:08.303,0,GPU-03a84180-d660-dbdc-17f4-0e0655717066,82.69,1410,1593,0,0,73331,35
2026/07/21 11:21:08.553,0,GPU-03a84180-d660-dbdc-17f4-0e0655717066,82.69,1410,1593,0,0,73331,35
2026/07/21 11:21:08.803,0,GPU-03a84180-d660-dbdc-17f4-0e0655717066,82.69,1410,1593,0,0,73331,35
2026/07/21 11:21:09.053,0,GPU-03a84180-d660-dbdc-17f4-0e0655717066,82.69,1410,1593,0,0,73331,35
2026/07/21 11:21:09.303,0,GPU-03a84180-d660-dbdc-17f4-0e0655717066,82.69,1410,1593,0,0,73331,35
2026/07/21 11:21:09.553,0,GPU-03a84180-d660-dbdc-17f4-0e0655717066,82.96,1410,1593,0,0,73331,35
2026/07/21 11:21:09.803,0,GPU-03a84180-d660-dbdc-17f4-0e0655717066,82.69,1410,1593,0,0,73331,35
2026/07/21 11:21:10.053,0,GPU-03a84180-d660-dbdc-17f4-0e0655717066,82.69,1410,1593,0,0,73331,35
2026/07/21 11:21:10.304,0,GPU-03a84180-d660-dbdc-17f4-0e0655717066,82.69,1410,1593,0,0,73331,35
2026/07/21 11:21:10.554,0,GPU-03a84180-d660-dbdc-17f4-0e0655717066,82.69,1410,1593,0,0,73331,35
2026/07/21 11:21:10.804,0,GPU-03a84180-d660-dbdc-17f4-0e0655717066,82.96,1410,1593,0,0,73331,35
2026/07/21 11:21:11.054,0,GPU-03a84180-d660-dbdc-17f4-0e0655717066,82.96,1410,1593,0,0,73331,35
2026/07/21 11:21:11.304,0,GPU-03a84180-d660-dbdc-17f4-0e0655717066,82.69,1410,1593,0,0,73331,35
2026/07/21 11:21:11.554,0,GPU-03a84180-d660-dbdc-17f4-0e0655717066,82.96,1410,1593,0,0,73331,35
2026/07/21 11:21:11.804,0,GPU-03a84180-d660-dbdc-17f4-0e0655717066,82.69,1410,1593,0,0,73331,35
2026/07/21 11:21:12.054,0,GPU-03a84180-d660-dbdc-17f4-0e0655717066,82.96,1410,1593,0,0,73331,35
2026/07/21 11:21:12.304,0,GPU-03a84180-d660-dbdc-17f4-0e0655717066,82.96,1410,1593,0,0,73331,35
2026/07/21 11:21:12.554,0,GPU-03a84180-d660-dbdc-17f4-0e0655717066,82.96,1410,1593,0,0,73331,35
2026/07/21 11:21:12.805,0,GPU-03a84180-d660-dbdc-17f4-0e0655717066,82.96,1410,1593,0,0,73331,35
2026/07/21 11:21:13.055,0,GPU-03a84180-d660-dbdc-17f4-0e0655717066,82.96,1410,1593,0,0,73331,35
2026/07/21 11:21:13.305,0,GPU-03a84180-d660-dbdc-17f4-0e0655717066,83.05,1410,1593,0,0,73331,35
2026/07/21 11:21:13.555,0,GPU-03a84180-d660-dbdc-17f4-0e0655717066,82.96,1410,1593,0,0,73331,35
2026/07/21 11:21:13.805,0,GPU-03a84180-d660-dbdc-17f4-0e0655717066,82.69,1410,1593,0,0,73331,35
2026/07/21 11:21:14.055,0,GPU-03a84180-d660-dbdc-17f4-0e0655717066,82.69,1410,1593,0,0,73331,35
2026/07/21 11:21:14.305,0,GPU-03a84180-d660-dbdc-17f4-0e0655717066,82.69,1410,1593,0,0,73331,35
2026/07/21 11:21:14.555,0,GPU-03a84180-d660-dbdc-17f4-0e0655717066,82.69,1410,1593,0,0,73331,35
2026/07/21 11:21:14.805,0,GPU-03a84180-d660-dbdc-17f4-0e0655717066,82.96,1410,1593,0,0,73331,35
2026/07/21 11:21:15.055,0,GPU-03a84180-d660-dbdc-17f4-0e0655717066,82.96,1410,1593,0,0,73331,35
2026/07/21 11:21:15.305,0,GPU-03a84180-d660-dbdc-17f4-0e0655717066,82.69,1410,1593,0,0,73331,35
2026/07/21 11:21:15.555,0,GPU-03a84180-d660-dbdc-17f4-0e0655717066,82.96,1410,1593,0,0,73331,35
2026/07/21 11:21:15.806,0,GPU-03a84180-d660-dbdc-17f4-0e0655717066,82.96,1410,1593,0,0,73331,35
2026/07/21 11:21:16.056,0,GPU-03a84180-d660-dbdc-17f4-0e0655717066,83.05,1410,1593,0,0,73331,35
2026/07/21 11:21:16.306,0,GPU-03a84180-d660-dbdc-17f4-0e0655717066,82.69,1410,1593,0,0,73331,35
2026/07/21 11:21:16.556,0,GPU-03a84180-d660-dbdc-17f4-0e0655717066,82.69,1410,1593,0,0,73331,35
2026/07/21 11:21:16.806,0,GPU-03a84180-d660-dbdc-17f4-0e0655717066,82.96,1410,1593,0,0,73331,35
2026/07/21 11:21:17.056,0,GPU-03a84180-d660-dbdc-17f4-0e0655717066,82.96,1410,1593,0,0,73331,35
2026/07/21 11:21:17.306,0,GPU-03a84180-d660-dbdc-17f4-0e0655717066,82.96,1410,1593,0,0,73331,35
2026/07/21 11:21:17.556,0,GPU-03a84180-d660-dbdc-17f4-0e0655717066,82.69,1410,1593,0,0,73331,35
2026/07/21 11:21:17.806,0,GPU-03a84180-d660-dbdc-17f4-0e0655717066,82.96,1410,1593,0,0,73331,35
2026/07/21 11:21:18.056,0,GPU-03a84180-d660-dbdc-17f4-0e0655717066,82.96,1410,1593,0,0,73331,35
2026/07/21 11:21:18.306,0,GPU-03a84180-d660-dbdc-17f4-0e0655717066,82.96,1410,1593,0,0,73331,35
2026/07/21 11:21:18.556,0,GPU-03a84180-d660-dbdc-17f4-0e0655717066,83.05,1410,1593,0,0,73331,35
2026/07/21 11:21:18.806,0,GPU-03a84180-d660-dbdc-17f4-0e0655717066,82.96,1410,1593,0,0,73331,35
2026/07/21 11:21:19.057,0,GPU-03a84180-d660-dbdc-17f4-0e0655717066,82.96,1410,1593,0,0,73331,35
2026/07/21 11:21:19.307,0,GPU-03a84180-d660-dbdc-17f4-0e0655717066,82.96,1410,1593,0,0,73331,35
2026/07/21 11:21:19.557,0,GPU-03a84180-d660-dbdc-17f4-0e0655717066,82.96,1410,1593,0,0,73331,35
2026/07/21 11:21:19.807,0,GPU-03a84180-d660-dbdc-17f4-0e0655717066,83.29,1410,1593,0,0,73331,35
2026/07/21 11:21:20.057,0,GPU-03a84180-d660-dbdc-17f4-0e0655717066,83.05,1410,1593,0,0,73331,35
2026/07/21 11:21:20.307,0,GPU-03a84180-d660-dbdc-17f4-0e0655717066,82.69,1410,1593,0,0,73331,35
2026/07/21 11:21:20.557,0,GPU-03a84180-d660-dbdc-17f4-0e0655717066,82.96,1410,1593,0,0,73331,35
2026/07/21 11:21:20.807,0,GPU-03a84180-d660-dbdc-17f4-0e0655717066,82.69,1410,1593,0,0,73331,35
2026/07/21 11:21:21.057,0,GPU-03a84180-d660-dbdc-17f4-0e0655717066,82.96,1410,1593,0,0,73331,35
2026/07/21 11:21:21.307,0,GPU-03a84180-d660-dbdc-17f4-0e0655717066,82.78,1410,1593,0,0,73331,35
2026/07/21 11:21:21.557,0,GPU-03a84180-d660-dbdc-17f4-0e0655717066,82.96,1410,1593,0,0,73331,35
2026/07/21 11:21:21.808,0,GPU-03a84180-d660-dbdc-17f4-0e0655717066,82.69,1410,1593,0,0,73331,35
2026/07/21 11:21:22.058,0,GPU-03a84180-d660-dbdc-17f4-0e0655717066,82.96,1410,1593,0,0,73331,35
2026/07/21 11:21:22.308,0,GPU-03a84180-d660-dbdc-17f4-0e0655717066,82.96,1410,1593,0,0,73331,35
2026/07/21 11:21:22.558,0,GPU-03a84180-d660-dbdc-17f4-0e0655717066,82.78,1410,1593,0,0,73331,35
2026/07/21 11:21:22.808,0,GPU-03a84180-d660-dbdc-17f4-0e0655717066,82.96,1410,1593,0,0,73331,35
2026/07/21 11:21:23.058,0,GPU-03a84180-d660-dbdc-17f4-0e0655717066,82.69,1410,1593,0,0,73331,35
2026/07/21 11:21:23.308,0,GPU-03a84180-d660-dbdc-17f4-0e0655717066,82.96,1410,1593,0,0,73331,35
2026/07/21 11:21:23.558,0,GPU-03a84180-d660-dbdc-17f4-0e0655717066,82.96,1410,1593,0,0,73331,35
2026/07/21 11:21:23.808,0,GPU-03a84180-d660-dbdc-17f4-0e0655717066,82.96,1410,1593,0,0,73331,35
2026/07/21 11:21:24.058,0,GPU-03a84180-d660-dbdc-17f4-0e0655717066,82.69,1410,1593,0,0,73331,35
2026/07/21 11:21:24.308,0,GPU-03a84180-d660-dbdc-17f4-0e0655717066,82.96,1410,1593,0,0,73331,35
2026/07/21 11:21:24.558,0,GPU-03a84180-d660-dbdc-17f4-0e0655717066,82.69,1410,1593,0,0,73331,35
2026/07/21 11:21:24.809,0,GPU-03a84180-d660-dbdc-17f4-0e0655717066,82.96,1410,1593,0,0,73331,35
2026/07/21 11:21:25.059,0,GPU-03a84180-d660-dbdc-17f4-0e0655717066,82.96,1410,1593,0,0,73331,35
2026/07/21 11:21:25.309,0,GPU-03a84180-d660-dbdc-17f4-0e0655717066,83.05,1410,1593,0,0,73331,35
2026/07/21 11:21:25.559,0,GPU-03a84180-d660-dbdc-17f4-0e0655717066,83.29,1410,1593,0,0,73331,35
2026/07/21 11:21:25.809,0,GPU-03a84180-d660-dbdc-17f4-0e0655717066,82.96,1410,1593,0,0,73331,35
2026/07/21 11:21:26.059,0,GPU-03a84180-d660-dbdc-17f4-0e0655717066,82.78,1410,1593,0,0,73331,35
2026/07/21 11:21:26.309,0,GPU-03a84180-d660-dbdc-17f4-0e0655717066,82.96,1410,1593,0,0,73331,35
2026/07/21 11:21:26.559,0,GPU-03a84180-d660-dbdc-17f4-0e0655717066,82.78,1410,1593,0,0,73331,35
2026/07/21 11:21:26.809,0,GPU-03a84180-d660-dbdc-17f4-0e0655717066,82.96,1410,1593,0,0,73331,35
2026/07/21 11:21:27.059,0,GPU-03a84180-d660-dbdc-17f4-0e0655717066,82.96,1410,1593,0,0,73331,35
2026/07/21 11:21:27.309,0,GPU-03a84180-d660-dbdc-17f4-0e0655717066,82.96,1410,1593,0,0,73331,35
2026/07/21 11:21:27.559,0,GPU-03a84180-d660-dbdc-17f4-0e0655717066,395.32,1410,1593,17,7,74195,44
2026/07/21 11:21:27.810,0,GPU-03a84180-d660-dbdc-17f4-0e0655717066,491.48,1395,1593,100,30,74195,51
2026/07/21 11:21:28.060,0,GPU-03a84180-d660-dbdc-17f4-0e0655717066,496.67,1395,1593,72,22,74195,46
2026/07/21 11:21:28.310,0,GPU-03a84180-d660-dbdc-17f4-0e0655717066,483.79,1395,1593,96,29,74195,54
2026/07/21 11:21:28.560,0,GPU-03a84180-d660-dbdc-17f4-0e0655717066,291.98,1410,1593,97,45,74195,48
2026/07/21 11:21:28.810,0,GPU-03a84180-d660-dbdc-17f4-0e0655717066,286.58,1410,1593,94,74,74195,46
2026/07/21 11:21:29.060,0,GPU-03a84180-d660-dbdc-17f4-0e0655717066,293.22,1410,1593,94,74,74195,46
2026/07/21 11:21:29.310,0,GPU-03a84180-d660-dbdc-17f4-0e0655717066,300.14,1410,1593,94,74,74195,45
2026/07/21 11:21:29.561,0,GPU-03a84180-d660-dbdc-17f4-0e0655717066,290.80,1410,1593,94,74,74195,46
2026/07/21 11:21:29.811,0,GPU-03a84180-d660-dbdc-17f4-0e0655717066,296.52,1410,1593,94,74,74195,46
2026/07/21 11:21:30.061,0,GPU-03a84180-d660-dbdc-17f4-0e0655717066,290.47,1410,1593,93,74,74195,46
2026/07/21 11:21:30.311,0,GPU-03a84180-d660-dbdc-17f4-0e0655717066,473.13,1410,1593,93,70,74195,50
2026/07/21 11:21:30.561,0,GPU-03a84180-d660-dbdc-17f4-0e0655717066,498.18,1395,1593,99,35,74195,54
2026/07/21 11:21:30.811,0,GPU-03a84180-d660-dbdc-17f4-0e0655717066,500.88,1395,1593,99,26,74195,57
2026/07/21 11:21:31.061,0,GPU-03a84180-d660-dbdc-17f4-0e0655717066,499.37,1395,1593,100,25,74195,58
2026/07/21 11:21:31.311,0,GPU-03a84180-d660-dbdc-17f4-0e0655717066,511.07,1410,1593,100,18,74195,59
2026/07/21 11:21:31.561,0,GPU-03a84180-d660-dbdc-17f4-0e0655717066,494.90,1395,1593,100,18,74195,60
2026/07/21 11:21:31.811,0,GPU-03a84180-d660-dbdc-17f4-0e0655717066,517.70,1395,1593,100,18,74195,60
2026/07/21 11:21:32.061,0,GPU-03a84180-d660-dbdc-17f4-0e0655717066,486.76,1395,1593,100,21,74195,60
2026/07/21 11:21:32.312,0,GPU-03a84180-d660-dbdc-17f4-0e0655717066,495.49,1395,1593,100,20,74195,61
2026/07/21 11:21:32.562,0,GPU-03a84180-d660-dbdc-17f4-0e0655717066,515.27,1410,1593,100,21,74195,60
2026/07/21 11:21:32.812,0,GPU-03a84180-d660-dbdc-17f4-0e0655717066,476.25,1380,1593,98,21,74195,61
2026/07/21 11:21:33.062,0,GPU-03a84180-d660-dbdc-17f4-0e0655717066,496.67,1395,1593,100,21,74195,61
2026/07/21 11:21:33.312,0,GPU-03a84180-d660-dbdc-17f4-0e0655717066,454.64,1410,1593,100,21,74195,61
2026/07/21 11:21:33.562,0,GPU-03a84180-d660-dbdc-17f4-0e0655717066,352.05,1410,1593,99,21,74195,55
2026/07/21 11:21:33.813,0,GPU-03a84180-d660-dbdc-17f4-0e0655717066,306.41,1410,1593,95,74,74195,52
2026/07/21 11:21:34.063,0,GPU-03a84180-d660-dbdc-17f4-0e0655717066,295.33,1410,1593,95,74,74195,51
2026/07/21 11:21:34.313,0,GPU-03a84180-d660-dbdc-17f4-0e0655717066,291.71,1410,1593,96,74,74195,51
2026/07/21 11:21:34.563,0,GPU-03a84180-d660-dbdc-17f4-0e0655717066,298.62,1410,1593,95,74,74195,50
2026/07/21 11:21:34.813,0,GPU-03a84180-d660-dbdc-17f4-0e0655717066,461.15,1410,1593,95,75,74195,50
2026/07/21 11:21:35.063,0,GPU-03a84180-d660-dbdc-17f4-0e0655717066,489.78,1410,1593,97,45,74195,58
2026/07/21 11:21:35.313,0,GPU-03a84180-d660-dbdc-17f4-0e0655717066,487.94,1410,1593,98,51,74195,55
2026/07/21 11:21:35.563,0,GPU-03a84180-d660-dbdc-17f4-0e0655717066,315.42,1410,1593,95,79,74195,53
2026/07/21 11:21:35.813,0,GPU-03a84180-d660-dbdc-17f4-0e0655717066,312.46,1410,1593,94,79,74195,52
2026/07/21 11:21:36.064,0,GPU-03a84180-d660-dbdc-17f4-0e0655717066,313.05,1410,1593,95,80,74195,51
2026/07/21 11:21:36.314,0,GPU-03a84180-d660-dbdc-17f4-0e0655717066,313.65,1410,1593,96,80,74195,51
2026/07/21 11:21:36.564,0,GPU-03a84180-d660-dbdc-17f4-0e0655717066,316.02,1410,1593,96,80,74195,51
2026/07/21 11:21:36.814,0,GPU-03a84180-d660-dbdc-17f4-0e0655717066,499.96,1410,1593,95,80,74195,53
2026/07/21 11:21:37.064,0,GPU-03a84180-d660-dbdc-17f4-0e0655717066,503.57,1395,1593,100,25,74195,60
2026/07/21 11:21:37.314,0,GPU-03a84180-d660-dbdc-17f4-0e0655717066,498.18,1380,1593,100,25,74195,62
2026/07/21 11:21:37.564,0,GPU-03a84180-d660-dbdc-17f4-0e0655717066,491.29,1410,1593,98,19,74195,62
2026/07/21 11:21:37.814,0,GPU-03a84180-d660-dbdc-17f4-0e0655717066,495.17,1395,1593,100,19,74195,63
2026/07/21 11:21:38.064,0,GPU-03a84180-d660-dbdc-17f4-0e0655717066,515.27,1395,1593,100,18,74195,64
2026/07/21 11:21:38.314,0,GPU-03a84180-d660-dbdc-17f4-0e0655717066,485.75,1395,1593,100,16,74195,64
2026/07/21 11:21:38.565,0,GPU-03a84180-d660-dbdc-17f4-0e0655717066,489.46,1395,1593,100,15,74195,64
2026/07/21 11:21:38.815,0,GPU-03a84180-d660-dbdc-17f4-0e0655717066,487.94,1395,1593,100,15,74195,64
2026/07/21 11:21:39.065,0,GPU-03a84180-d660-dbdc-17f4-0e0655717066,493.98,1380,1593,100,15,74195,63
2026/07/21 11:21:39.315,0,GPU-03a84180-d660-dbdc-17f4-0e0655717066,485.84,1410,1593,99,17,74195,64
2026/07/21 11:21:39.565,0,GPU-03a84180-d660-dbdc-17f4-0e0655717066,318.77,1410,1593,100,22,74195,58
2026/07/21 11:21:39.815,0,GPU-03a84180-d660-dbdc-17f4-0e0655717066,298.30,1410,1593,95,75,74195,55
2026/07/21 11:21:40.065,0,GPU-03a84180-d660-dbdc-17f4-0e0655717066,312.46,1410,1593,95,77,74195,58
2026/07/21 11:21:40.316,0,GPU-03a84180-d660-dbdc-17f4-0e0655717066,493.98,1395,1593,97,47,74195,62
2026/07/21 11:21:40.566,0,GPU-03a84180-d660-dbdc-17f4-0e0655717066,478.68,1380,1593,100,25,74195,64
2026/07/21 11:21:40.816,0,GPU-03a84180-d660-dbdc-17f4-0e0655717066,480.36,1410,1593,99,29,74195,63
2026/07/21 11:21:41.066,0,GPU-03a84180-d660-dbdc-17f4-0e0655717066,302.84,1410,1593,96,66,74195,57
2026/07/21 11:21:41.316,0,GPU-03a84180-d660-dbdc-17f4-0e0655717066,322.98,1410,1593,95,80,74195,55
2026/07/21 11:21:41.566,0,GPU-03a84180-d660-dbdc-17f4-0e0655717066,324.17,1410,1593,96,80,74195,55
2026/07/21 11:21:41.816,0,GPU-03a84180-d660-dbdc-17f4-0e0655717066,322.65,1410,1593,88,73,74195,54
2026/07/21 11:21:42.066,0,GPU-03a84180-d660-dbdc-17f4-0e0655717066,323.58,1410,1593,96,81,74195,54
2026/07/21 11:21:42.316,0,GPU-03a84180-d660-dbdc-17f4-0e0655717066,325.09,1410,1593,96,80,74195,54
2026/07/21 11:21:42.566,0,GPU-03a84180-d660-dbdc-17f4-0e0655717066,482.28,1395,1593,96,80,74195,55
2026/07/21 11:21:42.817,0,GPU-03a84180-d660-dbdc-17f4-0e0655717066,501.80,1395,1593,96,54,74195,62
2026/07/21 11:21:43.067,0,GPU-03a84180-d660-dbdc-17f4-0e0655717066,490.05,1380,1593,100,25,74195,64
2026/07/21 11:21:43.317,0,GPU-03a84180-d660-dbdc-17f4-0e0655717066,510.47,1395,1593,99,21,74195,65
2026/07/21 11:21:43.567,0,GPU-03a84180-d660-dbdc-17f4-0e0655717066,510.79,1395,1593,100,19,74195,65
2026/07/21 11:21:43.817,0,GPU-03a84180-d660-dbdc-17f4-0e0655717066,505.35,1395,1593,100,19,74195,65
2026/07/21 11:21:44.067,0,GPU-03a84180-d660-dbdc-17f4-0e0655717066,511.66,1395,1593,99,15,74195,66
2026/07/21 11:21:44.317,0,GPU-03a84180-d660-dbdc-17f4-0e0655717066,496.35,1395,1593,100,16,74195,66
2026/07/21 11:21:44.567,0,GPU-03a84180-d660-dbdc-17f4-0e0655717066,499.37,1380,1593,100,14,74195,66
2026/07/21 11:21:44.817,0,GPU-03a84180-d660-dbdc-17f4-0e0655717066,485.24,1395,1593,99,15,74195,66
2026/07/21 11:21:45.067,0,GPU-03a84180-d660-dbdc-17f4-0e0655717066,489.37,1395,1593,100,24,74195,66
2026/07/21 11:21:45.317,0,GPU-03a84180-d660-dbdc-17f4-0e0655717066,502.65,1380,1593,100,24,74195,66
2026/07/21 11:21:45.568,0,GPU-03a84180-d660-dbdc-17f4-0e0655717066,480.45,1395,1593,100,24,74195,66
2026/07/21 11:21:45.818,0,GPU-03a84180-d660-dbdc-17f4-0e0655717066,501.15,1395,1593,99,24,74195,66
2026/07/21 11:21:46.068,0,GPU-03a84180-d660-dbdc-17f4-0e0655717066,335.30,1410,1593,96,73,74195,60
2026/07/21 11:21:46.318,0,GPU-03a84180-d660-dbdc-17f4-0e0655717066,483.79,1410,1593,97,53,74195,64
2026/07/21 11:21:46.568,0,GPU-03a84180-d660-dbdc-17f4-0e0655717066,328.06,1410,1593,96,79,74195,59
2026/07/21 11:21:46.818,0,GPU-03a84180-d660-dbdc-17f4-0e0655717066,324.17,1410,1593,96,79,74195,57
2026/07/21 11:21:47.068,0,GPU-03a84180-d660-dbdc-17f4-0e0655717066,318.18,1410,1593,96,79,74195,57
2026/07/21 11:21:47.318,0,GPU-03a84180-d660-dbdc-17f4-0e0655717066,322.07,1410,1593,96,79,74195,56
2026/07/21 11:21:47.568,0,GPU-03a84180-d660-dbdc-17f4-0e0655717066,319.05,1410,1593,96,79,74195,56
2026/07/21 11:21:47.818,0,GPU-03a84180-d660-dbdc-17f4-0e0655717066,318.45,1410,1593,96,79,74195,56
2026/07/21 11:21:48.069,0,GPU-03a84180-d660-dbdc-17f4-0e0655717066,317.26,1410,1593,96,79,74195,56
2026/07/21 11:21:48.319,0,GPU-03a84180-d660-dbdc-17f4-0e0655717066,314.56,1410,1593,96,79,74195,56
2026/07/21 11:21:48.569,0,GPU-03a84180-d660-dbdc-17f4-0e0655717066,314.83,1410,1593,96,79,74195,55
2026/07/21 11:21:48.819,0,GPU-03a84180-d660-dbdc-17f4-0e0655717066,310.03,1410,1593,96,79,74195,55
2026/07/21 11:21:49.069,0,GPU-03a84180-d660-dbdc-17f4-0e0655717066,313.65,1410,1593,96,79,74195,55
2026/07/21 11:21:49.319,0,GPU-03a84180-d660-dbdc-17f4-0e0655717066,509.29,1395,1593,95,65,74195,62
2026/07/21 11:21:49.569,0,GPU-03a84180-d660-dbdc-17f4-0e0655717066,506.00,1380,1593,100,25,74195,65
2026/07/21 11:21:49.819,0,GPU-03a84180-d660-dbdc-17f4-0e0655717066,454.04,1395,1593,99,22,74195,66
2026/07/21 11:21:50.069,0,GPU-03a84180-d660-dbdc-17f4-0e0655717066,506.00,1395,1593,100,19,74195,67
2026/07/21 11:21:50.319,0,GPU-03a84180-d660-dbdc-17f4-0e0655717066,497.00,1380,1593,100,19,74195,67
2026/07/21 11:21:50.569,0,GPU-03a84180-d660-dbdc-17f4-0e0655717066,500.29,1395,1593,100,19,74195,67
2026/07/21 11:21:50.820,0,GPU-03a84180-d660-dbdc-17f4-0e0655717066,507.45,1395,1593,100,16,74195,67
2026/07/21 11:21:51.070,0,GPU-03a84180-d660-dbdc-17f4-0e0655717066,499.69,1395,1593,100,16,74195,68
2026/07/21 11:21:51.320,0,GPU-03a84180-d660-dbdc-17f4-0e0655717066,507.19,1395,1593,100,15,74195,68
2026/07/21 11:21:51.570,0,GPU-03a84180-d660-dbdc-17f4-0e0655717066,463.36,1395,1593,100,16,74195,67
2026/07/21 11:21:51.820,0,GPU-03a84180-d660-dbdc-17f4-0e0655717066,328.71,1410,1593,99,19,74195,63
2026/07/21 11:21:52.071,0,GPU-03a84180-d660-dbdc-17f4-0e0655717066,315.48,1410,1593,98,46,74195,59
2026/07/21 11:21:52.321,0,GPU-03a84180-d660-dbdc-17f4-0e0655717066,315.42,1410,1593,96,77,74195,58
2026/07/21 11:21:52.571,0,GPU-03a84180-d660-dbdc-17f4-0e0655717066,309.43,1410,1593,96,77,74195,57
2026/07/21 11:21:52.821,0,GPU-03a84180-d660-dbdc-17f4-0e0655717066,316.35,1410,1593,96,77,74195,57
2026/07/21 11:21:53.071,0,GPU-03a84180-d660-dbdc-17f4-0e0655717066,309.43,1410,1593,96,77,74195,56
2026/07/21 11:21:53.321,0,GPU-03a84180-d660-dbdc-17f4-0e0655717066,309.43,1410,1593,96,77,74195,56
2026/07/21 11:21:53.571,0,GPU-03a84180-d660-dbdc-17f4-0e0655717066,310.03,1410,1593,96,77,74195,56
2026/07/21 11:21:53.821,0,GPU-03a84180-d660-dbdc-17f4-0e0655717066,316.94,1410,1593,96,77,74195,56
2026/07/21 11:21:54.071,0,GPU-03a84180-d660-dbdc-17f4-0e0655717066,311.86,1410,1593,96,77,74195,56
2026/07/21 11:21:54.322,0,GPU-03a84180-d660-dbdc-17f4-0e0655717066,465.04,1410,1593,95,72,74195,61
2026/07/21 11:21:54.572,0,GPU-03a84180-d660-dbdc-17f4-0e0655717066,504.49,1395,1593,100,30,74195,60
2026/07/21 11:21:54.822,0,GPU-03a84180-d660-dbdc-17f4-0e0655717066,316.94,1410,1593,97,66,74195,58
2026/07/21 11:21:55.072,0,GPU-03a84180-d660-dbdc-17f4-0e0655717066,322.66,1410,1593,96,79,74195,57
2026/07/21 11:21:55.322,0,GPU-03a84180-d660-dbdc-17f4-0e0655717066,322.98,1410,1593,96,79,74195,56
2026/07/21 11:21:55.572,0,GPU-03a84180-d660-dbdc-17f4-0e0655717066,322.98,1410,1593,96,79,74195,56
2026/07/21 11:21:55.822,0,GPU-03a84180-d660-dbdc-17f4-0e0655717066,318.45,1410,1593,96,79,74195,56
2026/07/21 11:21:56.072,0,GPU-03a84180-d660-dbdc-17f4-0e0655717066,315.16,1410,1593,96,79,74195,56
2026/07/21 11:21:56.322,0,GPU-03a84180-d660-dbdc-17f4-0e0655717066,317.25,1410,1593,96,81,74195,56
2026/07/21 11:21:56.572,0,GPU-03a84180-d660-dbdc-17f4-0e0655717066,319.96,1410,1593,96,81,74195,59
2026/07/21 11:21:56.823,0,GPU-03a84180-d660-dbdc-17f4-0e0655717066,505.08,1395,1593,99,40,74195,64
2026/07/21 11:21:57.073,0,GPU-03a84180-d660-dbdc-17f4-0e0655717066,322.39,1410,1593,96,79,74195,58
2026/07/21 11:21:57.323,0,GPU-03a84180-d660-dbdc-17f4-0e0655717066,317.26,1410,1593,96,79,74195,57
2026/07/21 11:21:57.573,0,GPU-03a84180-d660-dbdc-17f4-0e0655717066,317.58,1410,1593,96,79,74195,56
2026/07/21 11:21:57.823,0,GPU-03a84180-d660-dbdc-17f4-0e0655717066,315.75,1410,1593,96,80,74195,56
2026/07/21 11:21:58.073,0,GPU-03a84180-d660-dbdc-17f4-0e0655717066,322.66,1410,1593,96,79,74195,56
2026/07/21 11:21:58.323,0,GPU-03a84180-d660-dbdc-17f4-0e0655717066,322.39,1410,1593,96,80,74195,56
2026/07/21 11:21:58.573,0,GPU-03a84180-d660-dbdc-17f4-0e0655717066,518.29,1395,1593,96,79,74195,59
2026/07/21 11:21:58.823,0,GPU-03a84180-d660-dbdc-17f4-0e0655717066,494.57,1395,1593,99,33,74195,65
2026/07/21 11:21:59.073,0,GPU-03a84180-d660-dbdc-17f4-0e0655717066,505.08,1380,1593,99,26,74195,66
2026/07/21 11:21:59.323,0,GPU-03a84180-d660-dbdc-17f4-0e0655717066,345.51,1410,1593,98,45,74195,61
2026/07/21 11:21:59.574,0,GPU-03a84180-d660-dbdc-17f4-0e0655717066,335.63,1410,1593,96,82,74195,58
2026/07/21 11:21:59.824,0,GPU-03a84180-d660-dbdc-17f4-0e0655717066,332.60,1410,1593,96,82,74195,58
2026/07/21 11:22:00.074,0,GPU-03a84180-d660-dbdc-17f4-0e0655717066,322.06,1410,1593,96,82,74195,57
2026/07/21 11:22:00.324,0,GPU-03a84180-d660-dbdc-17f4-0e0655717066,332.60,1410,1593,96,82,74195,57
2026/07/21 11:22:00.574,0,GPU-03a84180-d660-dbdc-17f4-0e0655717066,318.45,1410,1593,96,82,74195,56
2026/07/21 11:22:00.824,0,GPU-03a84180-d660-dbdc-17f4-0e0655717066,327.47,1410,1593,96,81,74195,60
2026/07/21 11:22:01.074,0,GPU-03a84180-d660-dbdc-17f4-0e0655717066,487.94,1380,1593,97,45,74195,64
2026/07/21 11:22:01.324,0,GPU-03a84180-d660-dbdc-17f4-0e0655717066,504.76,1380,1593,100,26,74195,66
2026/07/21 11:22:01.574,0,GPU-03a84180-d660-dbdc-17f4-0e0655717066,483.15,1410,1593,89,24,74195,65
2026/07/21 11:22:01.824,0,GPU-03a84180-d660-dbdc-17f4-0e0655717066,333.79,1410,1593,95,73,74195,59
2026/07/21 11:22:02.075,0,GPU-03a84180-d660-dbdc-17f4-0e0655717066,328.37,1410,1593,96,81,74195,58
2026/07/21 11:22:02.325,0,GPU-03a84180-d660-dbdc-17f4-0e0655717066,325.96,1410,1593,95,81,74195,57
2026/07/21 11:22:02.575,0,GPU-03a84180-d660-dbdc-17f4-0e0655717066,508.10,1380,1593,98,33,74195,64
2026/07/21 11:22:02.825,0,GPU-03a84180-d660-dbdc-17f4-0e0655717066,499.69,1380,1593,100,25,74195,66
2026/07/21 11:22:03.075,0,GPU-03a84180-d660-dbdc-17f4-0e0655717066,499.96,1395,1593,99,25,74195,67
2026/07/21 11:22:03.325,0,GPU-03a84180-d660-dbdc-17f4-0e0655717066,501.80,1395,1593,100,19,74195,68
2026/07/21 11:22:03.575,0,GPU-03a84180-d660-dbdc-17f4-0e0655717066,479.59,1380,1593,100,19,74195,68
2026/07/21 11:22:03.825,0,GPU-03a84180-d660-dbdc-17f4-0e0655717066,509.88,1395,1593,99,18,74195,68
2026/07/21 11:22:04.075,0,GPU-03a84180-d660-dbdc-17f4-0e0655717066,490.96,1395,1593,100,16,74195,69
2026/07/21 11:22:04.325,0,GPU-03a84180-d660-dbdc-17f4-0e0655717066,490.37,1395,1593,100,15,74195,68
2026/07/21 11:22:04.575,0,GPU-03a84180-d660-dbdc-17f4-0e0655717066,498.45,1380,1593,100,15,74195,69
2026/07/21 11:22:04.826,0,GPU-03a84180-d660-dbdc-17f4-0e0655717066,481.04,1410,1593,99,17,74195,69
2026/07/21 11:22:05.076,0,GPU-03a84180-d660-dbdc-17f4-0e0655717066,493.66,1410,1593,100,17,74195,64
2026/07/21 11:22:05.326,0,GPU-03a84180-d660-dbdc-17f4-0e0655717066,319.69,1410,1593,96,77,74195,60
2026/07/21 11:22:05.576,0,GPU-03a84180-d660-dbdc-17f4-0e0655717066,322.06,1410,1593,96,77,74195,59
2026/07/21 11:22:05.826,0,GPU-03a84180-d660-dbdc-17f4-0e0655717066,326.28,1410,1593,96,77,74195,58
2026/07/21 11:22:06.076,0,GPU-03a84180-d660-dbdc-17f4-0e0655717066,316.67,1410,1593,96,76,74195,58
2026/07/21 11:22:06.326,0,GPU-03a84180-d660-dbdc-17f4-0e0655717066,321.15,1410,1593,96,77,74195,58
2026/07/21 11:22:06.576,0,GPU-03a84180-d660-dbdc-17f4-0e0655717066,314.50,1410,1593,96,77,74195,57
2026/07/21 11:22:06.826,0,GPU-03a84180-d660-dbdc-17f4-0e0655717066,313.65,1410,1593,95,80,74195,57
2026/07/21 11:22:07.076,0,GPU-03a84180-d660-dbdc-17f4-0e0655717066,311.80,1410,1593,95,80,74195,57
2026/07/21 11:22:07.326,0,GPU-03a84180-d660-dbdc-17f4-0e0655717066,497.27,1395,1593,96,80,74195,62
2026/07/21 11:22:07.577,0,GPU-03a84180-d660-dbdc-17f4-0e0655717066,501.15,1380,1593,97,44,74195,66
2026/07/21 11:22:07.827,0,GPU-03a84180-d660-dbdc-17f4-0e0655717066,492.47,1380,1593,100,25,74195,67
2026/07/21 11:22:08.077,0,GPU-03a84180-d660-dbdc-17f4-0e0655717066,473.88,1380,1593,99,20,74195,68
2026/07/21 11:22:08.327,0,GPU-03a84180-d660-dbdc-17f4-0e0655717066,499.96,1380,1593,100,18,74195,68
2026/07/21 11:22:08.577,0,GPU-03a84180-d660-dbdc-17f4-0e0655717066,486.48,1380,1593,99,18,74195,69
2026/07/21 11:22:08.827,0,GPU-03a84180-d660-dbdc-17f4-0e0655717066,505.35,1380,1593,100,25,74195,69
2026/07/21 11:22:09.077,0,GPU-03a84180-d660-dbdc-17f4-0e0655717066,504.49,1380,1593,100,25,74195,69
2026/07/21 11:22:09.327,0,GPU-03a84180-d660-dbdc-17f4-0e0655717066,502.07,1380,1593,99,24,74195,69
2026/07/21 11:22:09.577,0,GPU-03a84180-d660-dbdc-17f4-0e0655717066,487.35,1380,1593,100,19,74195,69
2026/07/21 11:22:09.828,0,GPU-03a84180-d660-dbdc-17f4-0e0655717066,503.57,1380,1593,100,20,74195,69
2026/07/21 11:22:10.078,0,GPU-03a84180-d660-dbdc-17f4-0e0655717066,479.86,1380,1593,99,18,74195,69
2026/07/21 11:22:10.328,0,GPU-03a84180-d660-dbdc-17f4-0e0655717066,490.37,1380,1593,100,16,74195,69
2026/07/21 11:22:10.578,0,GPU-03a84180-d660-dbdc-17f4-0e0655717066,488.59,1380,1593,100,16,74195,69
2026/07/21 11:22:10.828,0,GPU-03a84180-d660-dbdc-17f4-0e0655717066,487.35,1380,1593,100,15,74195,69
2026/07/21 11:22:11.078,0,GPU-03a84180-d660-dbdc-17f4-0e0655717066,489.78,1395,1593,99,16,74195,69
2026/07/21 11:22:11.328,0,GPU-03a84180-d660-dbdc-17f4-0e0655717066,499.05,1395,1593,100,16,74195,66
2026/07/21 11:22:11.578,0,GPU-03a84180-d660-dbdc-17f4-0e0655717066,341.62,1410,1593,98,42,74195,61
2026/07/21 11:22:11.828,0,GPU-03a84180-d660-dbdc-17f4-0e0655717066,334.95,1410,1593,96,81,74195,60
2026/07/21 11:22:12.078,0,GPU-03a84180-d660-dbdc-17f4-0e0655717066,337.65,1410,1593,96,81,74195,60
2026/07/21 11:22:12.329,0,GPU-03a84180-d660-dbdc-17f4-0e0655717066,335.03,1410,1593,96,82,74195,59
2026/07/21 11:22:12.579,0,GPU-03a84180-d660-dbdc-17f4-0e0655717066,336.46,1410,1593,96,81,74195,59
2026/07/21 11:22:12.829,0,GPU-03a84180-d660-dbdc-17f4-0e0655717066,334.71,1410,1593,97,82,74195,59
2026/07/21 11:22:13.079,0,GPU-03a84180-d660-dbdc-17f4-0e0655717066,339.16,1410,1593,96,82,74195,58
2026/07/21 11:22:13.329,0,GPU-03a84180-d660-dbdc-17f4-0e0655717066,311.21,1410,1593,96,79,74195,58
2026/07/21 11:22:13.579,0,GPU-03a84180-d660-dbdc-17f4-0e0655717066,312.40,1410,1593,96,77,74195,58
2026/07/21 11:22:13.829,0,GPU-03a84180-d660-dbdc-17f4-0e0655717066,316.67,1410,1593,96,77,74195,58
2026/07/21 11:22:14.079,0,GPU-03a84180-d660-dbdc-17f4-0e0655717066,319.05,1410,1593,96,78,74195,57
2026/07/21 11:22:14.329,0,GPU-03a84180-d660-dbdc-17f4-0e0655717066,312.72,1410,1593,96,77,74195,57
2026/07/21 11:22:14.579,0,GPU-03a84180-d660-dbdc-17f4-0e0655717066,317.58,1410,1593,96,78,74195,57
2026/07/21 11:22:14.829,0,GPU-03a84180-d660-dbdc-17f4-0e0655717066,483.47,1380,1593,96,63,74195,65
2026/07/21 11:22:15.080,0,GPU-03a84180-d660-dbdc-17f4-0e0655717066,497.86,1380,1593,100,26,74195,67
2026/07/21 11:22:15.330,0,GPU-03a84180-d660-dbdc-17f4-0e0655717066,479.59,1380,1593,100,23,74195,68
2026/07/21 11:22:15.580,0,GPU-03a84180-d660-dbdc-17f4-0e0655717066,489.18,1380,1593,100,20,74195,69
2026/07/21 11:22:15.830,0,GPU-03a84180-d660-dbdc-17f4-0e0655717066,502.65,1380,1593,100,20,74195,69
2026/07/21 11:22:16.080,0,GPU-03a84180-d660-dbdc-17f4-0e0655717066,438.47,1410,1593,100,23,74195,67
2026/07/21 11:22:16.330,0,GPU-03a84180-d660-dbdc-17f4-0e0655717066,336.79,1410,1593,96,80,74195,61
2026/07/21 11:22:16.580,0,GPU-03a84180-d660-dbdc-17f4-0e0655717066,328.04,1410,1593,96,80,74195,59
2026/07/21 11:22:16.830,0,GPU-03a84180-d660-dbdc-17f4-0e0655717066,328.71,1410,1593,96,80,74195,59
2026/07/21 11:22:17.080,0,GPU-03a84180-d660-dbdc-17f4-0e0655717066,334.95,1410,1593,97,80,74195,59
2026/07/21 11:22:17.331,0,GPU-03a84180-d660-dbdc-17f4-0e0655717066,332.85,1410,1593,96,80,74195,58
2026/07/21 11:22:17.581,0,GPU-03a84180-d660-dbdc-17f4-0e0655717066,326.53,1410,1593,96,80,74195,58
2026/07/21 11:22:17.831,0,GPU-03a84180-d660-dbdc-17f4-0e0655717066,334.95,1410,1593,96,80,74195,58
2026/07/21 11:22:18.081,0,GPU-03a84180-d660-dbdc-17f4-0e0655717066,329.23,1410,1593,96,80,74195,58
2026/07/21 11:22:18.331,0,GPU-03a84180-d660-dbdc-17f4-0e0655717066,508.70,1395,1593,97,64,74195,63
2026/07/21 11:22:18.581,0,GPU-03a84180-d660-dbdc-17f4-0e0655717066,328.64,1410,1593,100,28,74195,61
2026/07/21 11:22:18.831,0,GPU-03a84180-d660-dbdc-17f4-0e0655717066,329.23,1410,1593,97,78,74195,59
2026/07/21 11:22:19.081,0,GPU-03a84180-d660-dbdc-17f4-0e0655717066,322.39,1410,1593,96,78,74195,58
2026/07/21 11:22:19.331,0,GPU-03a84180-d660-dbdc-17f4-0e0655717066,324.17,1410,1593,96,78,74195,58
2026/07/21 11:22:19.581,0,GPU-03a84180-d660-dbdc-17f4-0e0655717066,326.28,1410,1593,96,78,74195,58
2026/07/21 11:22:19.831,0,GPU-03a84180-d660-dbdc-17f4-0e0655717066,330.15,1410,1593,96,78,74195,58
2026/07/21 11:22:20.082,0,GPU-03a84180-d660-dbdc-17f4-0e0655717066,490.37,1395,1593,96,72,74195,65
2026/07/21 11:22:20.332,0,GPU-03a84180-d660-dbdc-17f4-0e0655717066,332.26,1410,1593,99,41,74195,63
2026/07/21 11:22:20.582,0,GPU-03a84180-d660-dbdc-17f4-0e0655717066,466.98,1395,1593,96,80,74195,65
2026/07/21 11:22:20.832,0,GPU-03a84180-d660-dbdc-17f4-0e0655717066,506.59,1380,1593,99,26,74195,67
2026/07/21 11:22:21.082,0,GPU-03a84180-d660-dbdc-17f4-0e0655717066,502.98,1395,1593,99,25,74195,68
2026/07/21 11:22:21.332,0,GPU-03a84180-d660-dbdc-17f4-0e0655717066,514.35,1380,1593,100,19,74195,69
2026/07/21 11:22:21.583,0,GPU-03a84180-d660-dbdc-17f4-0e0655717066,485.84,1380,1593,100,20,74195,69
2026/07/21 11:22:21.833,0,GPU-03a84180-d660-dbdc-17f4-0e0655717066,493.39,1380,1593,100,19,74195,69
2026/07/21 11:22:22.083,0,GPU-03a84180-d660-dbdc-17f4-0e0655717066,472.96,1395,1593,100,19,74195,69
2026/07/21 11:22:22.333,0,GPU-03a84180-d660-dbdc-17f4-0e0655717066,479.86,1380,1593,100,18,74195,69
2026/07/21 11:22:22.583,0,GPU-03a84180-d660-dbdc-17f4-0e0655717066,490.70,1380,1593,100,19,74195,69
2026/07/21 11:22:22.833,0,GPU-03a84180-d660-dbdc-17f4-0e0655717066,500.29,1410,1593,99,20,74195,69
2026/07/21 11:22:23.083,0,GPU-03a84180-d660-dbdc-17f4-0e0655717066,339.84,1410,1593,99,38,74195,62
2026/07/21 11:22:23.333,0,GPU-03a84180-d660-dbdc-17f4-0e0655717066,332.60,1410,1593,97,79,74195,60
2026/07/21 11:22:23.583,0,GPU-03a84180-d660-dbdc-17f4-0e0655717066,332.85,1410,1593,97,79,74195,60
2026/07/21 11:22:23.833,0,GPU-03a84180-d660-dbdc-17f4-0e0655717066,331.66,1410,1593,96,79,74195,59
2026/07/21 11:22:24.083,0,GPU-03a84180-d660-dbdc-17f4-0e0655717066,325.68,1410,1593,96,79,74195,59
2026/07/21 11:22:24.334,0,GPU-03a84180-d660-dbdc-17f4-0e0655717066,333.77,1410,1593,96,81,74195,59
2026/07/21 11:22:24.584,0,GPU-03a84180-d660-dbdc-17f4-0e0655717066,332.58,1410,1593,96,81,74195,58
2026/07/21 11:22:24.834,0,GPU-03a84180-d660-dbdc-17f4-0e0655717066,479.59,1395,1593,98,55,74195,66
2026/07/21 11:22:25.084,0,GPU-03a84180-d660-dbdc-17f4-0e0655717066,326.53,1410,1593,97,60,74195,63
2026/07/21 11:22:25.334,0,GPU-03a84180-d660-dbdc-17f4-0e0655717066,327.79,1410,1593,96,79,74195,60
2026/07/21 11:22:25.584,0,GPU-03a84180-d660-dbdc-17f4-0e0655717066,328.39,1410,1593,96,79,74195,59
2026/07/21 11:22:25.834,0,GPU-03a84180-d660-dbdc-17f4-0e0655717066,319.69,1410,1593,97,79,74195,59
2026/07/21 11:22:26.084,0,GPU-03a84180-d660-dbdc-17f4-0e0655717066,488.59,1380,1593,96,67,74195,65
2026/07/21 11:22:26.334,0,GPU-03a84180-d660-dbdc-17f4-0e0655717066,498.18,1380,1593,100,25,74195,68
2026/07/21 11:22:26.584,0,GPU-03a84180-d660-dbdc-17f4-0e0655717066,484.07,1380,1593,100,23,74195,68
2026/07/21 11:22:26.835,0,GPU-03a84180-d660-dbdc-17f4-0e0655717066,499.05,1380,1593,100,19,74195,69
2026/07/21 11:22:27.085,0,GPU-03a84180-d660-dbdc-17f4-0e0655717066,517.37,1380,1593,100,20,74195,70
2026/07/21 11:22:27.335,0,GPU-03a84180-d660-dbdc-17f4-0e0655717066,495.76,1380,1593,99,19,74195,70
2026/07/21 11:22:27.585,0,GPU-03a84180-d660-dbdc-17f4-0e0655717066,501.80,1380,1593,100,17,74195,69
2026/07/21 11:22:27.835,0,GPU-03a84180-d660-dbdc-17f4-0e0655717066,495.83,1380,1593,100,17,74195,69
2026/07/21 11:22:28.085,0,GPU-03a84180-d660-dbdc-17f4-0e0655717066,500.29,1380,1593,100,17,74195,70
2026/07/21 11:22:28.335,0,GPU-03a84180-d660-dbdc-17f4-0e0655717066,497.00,1380,1593,99,17,74195,70
2026/07/21 11:22:28.586,0,GPU-03a84180-d660-dbdc-17f4-0e0655717066,499.37,1380,1593,100,25,74195,70
2026/07/21 11:22:28.836,0,GPU-03a84180-d660-dbdc-17f4-0e0655717066,495.49,1410,1593,100,25,74195,69
2026/07/21 11:22:29.086,0,GPU-03a84180-d660-dbdc-17f4-0e0655717066,337.05,1410,1593,99,33,74195,63
2026/07/21 11:22:29.336,0,GPU-03a84180-d660-dbdc-17f4-0e0655717066,331.34,1410,1593,96,79,74195,61
2026/07/21 11:22:29.586,0,GPU-03a84180-d660-dbdc-17f4-0e0655717066,327.47,1410,1593,96,79,74195,60
2026/07/21 11:22:29.836,0,GPU-03a84180-d660-dbdc-17f4-0e0655717066,324.77,1410,1593,96,79,74195,60
2026/07/21 11:22:30.086,0,GPU-03a84180-d660-dbdc-17f4-0e0655717066,323.51,1410,1593,97,79,74195,59
2026/07/21 11:22:30.336,0,GPU-03a84180-d660-dbdc-17f4-0e0655717066,321.73,1410,1593,96,79,74195,59
2026/07/21 11:22:30.586,0,GPU-03a84180-d660-dbdc-17f4-0e0655717066,322.33,1410,1593,96,79,74195,59
2026/07/21 11:22:30.836,0,GPU-03a84180-d660-dbdc-17f4-0e0655717066,323.83,1410,1593,97,80,74195,59
2026/07/21 11:22:31.086,0,GPU-03a84180-d660-dbdc-17f4-0e0655717066,332.01,1410,1593,96,79,74195,58
2026/07/21 11:22:31.337,0,GPU-03a84180-d660-dbdc-17f4-0e0655717066,330.47,1410,1593,96,79,74195,58
2026/07/21 11:22:31.587,0,GPU-03a84180-d660-dbdc-17f4-0e0655717066,310.94,1410,1593,96,66,74195,64
2026/07/21 11:22:31.837,0,GPU-03a84180-d660-dbdc-17f4-0e0655717066,501.80,1395,1593,100,26,74195,67
2026/07/21 11:22:32.087,0,GPU-03a84180-d660-dbdc-17f4-0e0655717066,486.76,1380,1593,100,26,74195,68
2026/07/21 11:22:32.337,0,GPU-03a84180-d660-dbdc-17f4-0e0655717066,490.05,1380,1593,100,24,74195,69
2026/07/21 11:22:32.587,0,GPU-03a84180-d660-dbdc-17f4-0e0655717066,486.48,1380,1593,100,20,74195,69
2026/07/21 11:22:32.837,0,GPU-03a84180-d660-dbdc-17f4-0e0655717066,494.90,1380,1593,100,20,74195,70
2026/07/21 11:22:33.087,0,GPU-03a84180-d660-dbdc-17f4-0e0655717066,475.06,1380,1593,100,18,74195,69
2026/07/21 11:22:33.337,0,GPU-03a84180-d660-dbdc-17f4-0e0655717066,476.84,1380,1593,100,17,74195,70
2026/07/21 11:22:33.587,0,GPU-03a84180-d660-dbdc-17f4-0e0655717066,500.29,1380,1593,100,16,74195,70
2026/07/21 11:22:33.838,0,GPU-03a84180-d660-dbdc-17f4-0e0655717066,487.94,1380,1593,100,16,74195,70
2026/07/21 11:22:34.088,0,GPU-03a84180-d660-dbdc-17f4-0e0655717066,506.06,1395,1593,99,16,74195,70
2026/07/21 11:22:34.338,0,GPU-03a84180-d660-dbdc-17f4-0e0655717066,497.59,1395,1593,100,16,74195,71
2026/07/21 11:22:34.588,0,GPU-03a84180-d660-dbdc-17f4-0e0655717066,333.44,1395,1593,100,16,74195,68
2026/07/21 11:22:34.838,0,GPU-03a84180-d660-dbdc-17f4-0e0655717066,331.34,1410,1593,99,34,74195,63
2026/07/21 11:22:35.088,0,GPU-03a84180-d660-dbdc-17f4-0e0655717066,340.08,1410,1593,97,79,74195,61
2026/07/21 11:22:35.338,0,GPU-03a84180-d660-dbdc-17f4-0e0655717066,334.95,1410,1593,96,78,74195,60
2026/07/21 11:22:35.589,0,GPU-03a84180-d660-dbdc-17f4-0e0655717066,336.49,1410,1593,96,79,74195,60
2026/07/21 11:22:35.839,0,GPU-03a84180-d660-dbdc-17f4-0e0655717066,491.55,1395,1593,98,53,74195,65
2026/07/21 11:22:36.089,0,GPU-03a84180-d660-dbdc-17f4-0e0655717066,490.37,1395,1593,100,29,74195,63
2026/07/21 11:22:36.339,0,GPU-03a84180-d660-dbdc-17f4-0e0655717066,357.18,1410,1593,97,76,74195,61
2026/07/21 11:22:36.589,0,GPU-03a84180-d660-dbdc-17f4-0e0655717066,343.05,1410,1593,96,83,74195,60
2026/07/21 11:22:36.839,0,GPU-03a84180-d660-dbdc-17f4-0e0655717066,497.27,1380,1593,98,38,74195,67
2026/07/21 11:22:37.089,0,GPU-03a84180-d660-dbdc-17f4-0e0655717066,477.49,1380,1593,100,26,74195,68
2026/07/21 11:22:37.339,0,GPU-03a84180-d660-dbdc-17f4-0e0655717066,503.89,1380,1593,100,26,74195,69
2026/07/21 11:22:37.589,0,GPU-03a84180-d660-dbdc-17f4-0e0655717066,492.79,1395,1593,100,19,74195,69
2026/07/21 11:22:37.839,0,GPU-03a84180-d660-dbdc-17f4-0e0655717066,490.37,1380,1593,100,20,74195,70
2026/07/21 11:22:38.090,0,GPU-03a84180-d660-dbdc-17f4-0e0655717066,491.55,1380,1593,100,20,74195,70
2026/07/21 11:22:38.340,0,GPU-03a84180-d660-dbdc-17f4-0e0655717066,483.15,1380,1593,100,16,74195,70
2026/07/21 11:22:38.590,0,GPU-03a84180-d660-dbdc-17f4-0e0655717066,480.77,1380,1593,100,16,74195,70
2026/07/21 11:22:38.840,0,GPU-03a84180-d660-dbdc-17f4-0e0655717066,496.35,1380,1593,100,16,74195,70
2026/07/21 11:22:39.090,0,GPU-03a84180-d660-dbdc-17f4-0e0655717066,494.90,1395,1593,100,17,74195,70
2026/07/21 11:22:39.340,0,GPU-03a84180-d660-dbdc-17f4-0e0655717066,498.45,1395,1593,100,18,74195,71
2026/07/21 11:22:39.590,0,GPU-03a84180-d660-dbdc-17f4-0e0655717066,501.80,1410,1593,100,18,74195,67
2026/07/21 11:22:39.840,0,GPU-03a84180-d660-dbdc-17f4-0e0655717066,341.58,1410,1593,97,78,74195,62
2026/07/21 11:22:40.090,0,GPU-03a84180-d660-dbdc-17f4-0e0655717066,325.34,1410,1593,96,78,74195,61
2026/07/21 11:22:40.340,0,GPU-03a84180-d660-dbdc-17f4-0e0655717066,327.72,1410,1593,97,78,74195,60
2026/07/21 11:22:40.590,0,GPU-03a84180-d660-dbdc-17f4-0e0655717066,327.72,1380,1593,96,82,74195,64
2026/07/21 11:22:40.841,0,GPU-03a84180-d660-dbdc-17f4-0e0655717066,492.15,1380,1593,100,26,74195,67
2026/07/21 11:22:41.091,0,GPU-03a84180-d660-dbdc-17f4-0e0655717066,506.00,1380,1593,100,25,74195,69
2026/07/21 11:22:41.341,0,GPU-03a84180-d660-dbdc-17f4-0e0655717066,507.45,1395,1593,100,22,74195,70
2026/07/21 11:22:41.591,0,GPU-03a84180-d660-dbdc-17f4-0e0655717066,500.56,1380,1593,100,20,74195,70
2026/07/21 11:22:41.841,0,GPU-03a84180-d660-dbdc-17f4-0e0655717066,499.37,1380,1593,100,20,74195,70
2026/07/21 11:22:42.091,0,GPU-03a84180-d660-dbdc-17f4-0e0655717066,473.29,1380,1593,99,17,74195,70
2026/07/21 11:22:42.341,0,GPU-03a84180-d660-dbdc-17f4-0e0655717066,494.25,1380,1593,100,16,74195,70
2026/07/21 11:22:42.591,0,GPU-03a84180-d660-dbdc-17f4-0e0655717066,489.46,1380,1593,100,16,74195,70
2026/07/21 11:22:42.841,0,GPU-03a84180-d660-dbdc-17f4-0e0655717066,479.27,1395,1593,100,17,74195,71
2026/07/21 11:22:43.091,0,GPU-03a84180-d660-dbdc-17f4-0e0655717066,484.39,1380,1593,99,18,74195,71
2026/07/21 11:22:43.342,0,GPU-03a84180-d660-dbdc-17f4-0e0655717066,482.55,1380,1593,100,18,74195,71
2026/07/21 11:22:43.592,0,GPU-03a84180-d660-dbdc-17f4-0e0655717066,477.49,1380,1593,100,18,74195,71
2026/07/21 11:22:43.842,0,GPU-03a84180-d660-dbdc-17f4-0e0655717066,460.35,1395,1593,100,18,74195,70
2026/07/21 11:22:44.092,0,GPU-03a84180-d660-dbdc-17f4-0e0655717066,357.50,1410,1593,99,22,74195,64
2026/07/21 11:22:44.342,0,GPU-03a84180-d660-dbdc-17f4-0e0655717066,332.60,1410,1593,96,78,74195,62
2026/07/21 11:22:44.592,0,GPU-03a84180-d660-dbdc-17f4-0e0655717066,321.73,1395,1593,96,80,74195,66
2026/07/21 11:22:44.842,0,GPU-03a84180-d660-dbdc-17f4-0e0655717066,494.25,1380,1593,98,36,74195,69
2026/07/21 11:22:45.092,0,GPU-03a84180-d660-dbdc-17f4-0e0655717066,501.15,1380,1593,100,26,74195,70
2026/07/21 11:22:45.342,0,GPU-03a84180-d660-dbdc-17f4-0e0655717066,495.83,1380,1593,100,20,74195,71
2026/07/21 11:22:45.592,0,GPU-03a84180-d660-dbdc-17f4-0e0655717066,501.80,1395,1593,100,20,74195,71
2026/07/21 11:22:45.842,0,GPU-03a84180-d660-dbdc-17f4-0e0655717066,509.56,1380,1593,100,20,74195,71
2026/07/21 11:22:46.093,0,GPU-03a84180-d660-dbdc-17f4-0e0655717066,493.39,1380,1593,100,16,74195,71
2026/07/21 11:22:46.343,0,GPU-03a84180-d660-dbdc-17f4-0e0655717066,496.67,1380,1593,100,17,74195,71
2026/07/21 11:22:46.593,0,GPU-03a84180-d660-dbdc-17f4-0e0655717066,491.29,1380,1593,100,16,74195,71
2026/07/21 11:22:46.843,0,GPU-03a84180-d660-dbdc-17f4-0e0655717066,488.59,1380,1593,100,17,74195,71
2026/07/21 11:22:47.093,0,GPU-03a84180-d660-dbdc-17f4-0e0655717066,506.27,1395,1593,99,17,74195,71
2026/07/21 11:22:47.343,0,GPU-03a84180-d660-dbdc-17f4-0e0655717066,511.45,1395,1593,100,18,74195,72
2026/07/21 11:22:47.593,0,GPU-03a84180-d660-dbdc-17f4-0e0655717066,361.71,1410,1593,98,51,74195,64
2026/07/21 11:22:47.843,0,GPU-03a84180-d660-dbdc-17f4-0e0655717066,350.01,1410,1593,96,84,74195,63
2026/07/21 11:22:48.093,0,GPU-03a84180-d660-dbdc-17f4-0e0655717066,352.97,1410,1593,96,85,74195,62
2026/07/21 11:22:48.343,0,GPU-03a84180-d660-dbdc-17f4-0e0655717066,353.30,1410,1593,96,84,74195,61
2026/07/21 11:22:48.594,0,GPU-03a84180-d660-dbdc-17f4-0e0655717066,355.07,1410,1593,97,85,74195,61
2026/07/21 11:22:48.844,0,GPU-03a84180-d660-dbdc-17f4-0e0655717066,344.88,1410,1593,97,85,74195,61
2026/07/21 11:22:49.094,0,GPU-03a84180-d660-dbdc-17f4-0e0655717066,346.39,1410,1593,96,84,74195,61
2026/07/21 11:22:49.344,0,GPU-03a84180-d660-dbdc-17f4-0e0655717066,347.90,1410,1593,96,85,74195,61
2026/07/21 11:22:49.594,0,GPU-03a84180-d660-dbdc-17f4-0e0655717066,350.27,1410,1593,96,85,74195,60
2026/07/21 11:22:49.844,0,GPU-03a84180-d660-dbdc-17f4-0e0655717066,351.46,1410,1593,97,85,74195,60
2026/07/21 11:22:50.094,0,GPU-03a84180-d660-dbdc-17f4-0e0655717066,329.83,1410,1593,96,84,74195,60
2026/07/21 11:22:50.344,0,GPU-03a84180-d660-dbdc-17f4-0e0655717066,501.48,1380,1593,95,76,74195,67
2026/07/21 11:22:50.594,0,GPU-03a84180-d660-dbdc-17f4-0e0655717066,495.76,1380,1593,100,26,74195,69
2026/07/21 11:22:50.844,0,GPU-03a84180-d660-dbdc-17f4-0e0655717066,490.70,1380,1593,100,25,74195,70
2026/07/21 11:22:51.095,0,GPU-03a84180-d660-dbdc-17f4-0e0655717066,493.14,1380,1593,100,20,74195,70
2026/07/21 11:22:51.345,0,GPU-03a84180-d660-dbdc-17f4-0e0655717066,490.77,1380,1593,100,20,74195,71
2026/07/21 11:22:51.595,0,GPU-03a84180-d660-dbdc-17f4-0e0655717066,478.68,1380,1593,99,18,74195,71
2026/07/21 11:22:51.845,0,GPU-03a84180-d660-dbdc-17f4-0e0655717066,490.37,1380,1593,100,17,74195,71
2026/07/21 11:22:52.095,0,GPU-03a84180-d660-dbdc-17f4-0e0655717066,500.36,1380,1593,100,16,74195,71
2026/07/21 11:22:52.345,0,GPU-03a84180-d660-dbdc-17f4-0e0655717066,490.96,1380,1593,100,17,74195,71
2026/07/21 11:22:52.595,0,GPU-03a84180-d660-dbdc-17f4-0e0655717066,505.47,1395,1593,99,16,74195,71
2026/07/21 11:22:52.845,0,GPU-03a84180-d660-dbdc-17f4-0e0655717066,507.19,1395,1593,100,16,74195,72
2026/07/21 11:22:53.095,0,GPU-03a84180-d660-dbdc-17f4-0e0655717066,489.85,1380,1593,100,16,74195,71
2026/07/21 11:22:53.345,0,GPU-03a84180-d660-dbdc-17f4-0e0655717066,341.86,1395,1593,100,16,74195,68
2026/07/21 11:22:53.595,0,GPU-03a84180-d660-dbdc-17f4-0e0655717066,347.58,1410,1593,98,50,74195,63
2026/07/21 11:22:53.846,0,GPU-03a84180-d660-dbdc-17f4-0e0655717066,344.88,1410,1593,96,84,74195,62
2026/07/21 11:22:54.096,0,GPU-03a84180-d660-dbdc-17f4-0e0655717066,493.98,1380,1593,97,66,74195,68
2026/07/21 11:22:54.346,0,GPU-03a84180-d660-dbdc-17f4-0e0655717066,507.45,1380,1593,100,27,74195,70
2026/07/21 11:22:54.596,0,GPU-03a84180-d660-dbdc-17f4-0e0655717066,470.86,1395,1593,100,26,74195,70
2026/07/21 11:22:54.846,0,GPU-03a84180-d660-dbdc-17f4-0e0655717066,502.39,1395,1593,100,24,74195,70
2026/07/21 11:22:55.096,0,GPU-03a84180-d660-dbdc-17f4-0e0655717066,359.61,1410,1593,97,64,74195,63
2026/07/21 11:22:55.346,0,GPU-03a84180-d660-dbdc-17f4-0e0655717066,351.46,1410,1593,97,84,74195,62
2026/07/21 11:22:55.597,0,GPU-03a84180-d660-dbdc-17f4-0e0655717066,351.79,1410,1593,96,84,74195,61
2026/07/21 11:22:55.847,0,GPU-03a84180-d660-dbdc-17f4-0e0655717066,350.60,1410,1593,96,84,74195,61
2026/07/21 11:22:56.097,0,GPU-03a84180-d660-dbdc-17f4-0e0655717066,348.77,1410,1593,96,84,74195,61
2026/07/21 11:22:56.347,0,GPU-03a84180-d660-dbdc-17f4-0e0655717066,346.98,1410,1593,96,84,74195,61
2026/07/21 11:22:56.597,0,GPU-03a84180-d660-dbdc-17f4-0e0655717066,347.58,1410,1593,97,84,74195,60
2026/07/21 11:22:56.847,0,GPU-03a84180-d660-dbdc-17f4-0e0655717066,347.26,1410,1593,96,84,74195,60
2026/07/21 11:22:57.097,0,GPU-03a84180-d660-dbdc-17f4-0e0655717066,344.88,1410,1593,97,84,74195,60
2026/07/21 11:22:57.347,0,GPU-03a84180-d660-dbdc-17f4-0e0655717066,341.86,1410,1593,97,84,74195,60
2026/07/21 11:22:57.597,0,GPU-03a84180-d660-dbdc-17f4-0e0655717066,325.34,1410,1593,96,81,74195,59
2026/07/21 11:22:57.847,0,GPU-03a84180-d660-dbdc-17f4-0e0655717066,325.34,1410,1593,96,80,74195,59
2026/07/21 11:22:58.098,0,GPU-03a84180-d660-dbdc-17f4-0e0655717066,497.27,1380,1593,98,45,74195,67
2026/07/21 11:22:58.348,0,GPU-03a84180-d660-dbdc-17f4-0e0655717066,498.45,1380,1593,100,26,74195,69
2026/07/21 11:22:58.598,0,GPU-03a84180-d660-dbdc-17f4-0e0655717066,500.88,1380,1593,100,26,74195,70
2026/07/21 11:22:58.848,0,GPU-03a84180-d660-dbdc-17f4-0e0655717066,484.98,1395,1593,100,20,74195,70
2026/07/21 11:22:59.098,0,GPU-03a84180-d660-dbdc-17f4-0e0655717066,504.55,1380,1593,100,20,74195,70
2026/07/21 11:22:59.348,0,GPU-03a84180-d660-dbdc-17f4-0e0655717066,502.98,1380,1593,100,20,74195,70
2026/07/21 11:22:59.598,0,GPU-03a84180-d660-dbdc-17f4-0e0655717066,485.24,1380,1593,100,17,74195,70
2026/07/21 11:22:59.849,0,GPU-03a84180-d660-dbdc-17f4-0e0655717066,485.07,1380,1593,100,16,74195,70
2026/07/21 11:23:00.099,0,GPU-03a84180-d660-dbdc-17f4-0e0655717066,498.78,1380,1593,100,17,74195,71
2026/07/21 11:23:00.349,0,GPU-03a84180-d660-dbdc-17f4-0e0655717066,477.49,1380,1593,99,16,74195,71
2026/07/21 11:23:00.599,0,GPU-03a84180-d660-dbdc-17f4-0e0655717066,509.56,1395,1593,100,16,74195,71
2026/07/21 11:23:00.849,0,GPU-03a84180-d660-dbdc-17f4-0e0655717066,504.55,1395,1593,100,16,74195,72
2026/07/21 11:23:01.099,0,GPU-03a84180-d660-dbdc-17f4-0e0655717066,357.50,1395,1593,100,16,74195,71
2026/07/21 11:23:01.349,0,GPU-03a84180-d660-dbdc-17f4-0e0655717066,355.40,1410,1593,98,54,74195,64
2026/07/21 11:23:01.599,0,GPU-03a84180-d660-dbdc-17f4-0e0655717066,350.01,1410,1593,96,83,74195,62
2026/07/21 11:23:01.849,0,GPU-03a84180-d660-dbdc-17f4-0e0655717066,521.36,1380,1593,98,43,74195,68
2026/07/21 11:23:02.099,0,GPU-03a84180-d660-dbdc-17f4-0e0655717066,506.00,1380,1593,100,26,74195,70
2026/07/21 11:23:02.349,0,GPU-03a84180-d660-dbdc-17f4-0e0655717066,489.18,1380,1593,100,26,74195,70
2026/07/21 11:23:02.600,0,GPU-03a84180-d660-dbdc-17f4-0e0655717066,501.80,1380,1593,100,20,74195,71
2026/07/21 11:23:02.850,0,GPU-03a84180-d660-dbdc-17f4-0e0655717066,477.76,1380,1593,100,20,74195,71
2026/07/21 11:23:03.100,0,GPU-03a84180-d660-dbdc-17f4-0e0655717066,468.00,1380,1593,100,20,74195,71
2026/07/21 11:23:03.350,0,GPU-03a84180-d660-dbdc-17f4-0e0655717066,489.18,1380,1593,99,16,74195,71
2026/07/21 11:23:03.600,0,GPU-03a84180-d660-dbdc-17f4-0e0655717066,498.26,1380,1593,100,17,74195,71
2026/07/21 11:23:03.850,0,GPU-03a84180-d660-dbdc-17f4-0e0655717066,489.85,1380,1593,100,17,74195,71
2026/07/21 11:23:04.100,0,GPU-03a84180-d660-dbdc-17f4-0e0655717066,481.69,1395,1593,100,16,74195,71
2026/07/21 11:23:04.350,0,GPU-03a84180-d660-dbdc-17f4-0e0655717066,498.18,1395,1593,100,17,74195,71
2026/07/21 11:23:04.600,0,GPU-03a84180-d660-dbdc-17f4-0e0655717066,507.45,1395,1593,100,16,74195,72
2026/07/21 11:23:04.850,0,GPU-03a84180-d660-dbdc-17f4-0e0655717066,365.92,1410,1593,100,17,74195,65
2026/07/21 11:23:05.101,0,GPU-03a84180-d660-dbdc-17f4-0e0655717066,351.20,1410,1593,97,85,74195,63
2026/07/21 11:23:05.351,0,GPU-03a84180-d660-dbdc-17f4-0e0655717066,355.07,1410,1593,97,85,74195,62
2026/07/21 11:23:05.601,0,GPU-03a84180-d660-dbdc-17f4-0e0655717066,355.40,1410,1593,97,85,74195,61
2026/07/21 11:23:05.851,0,GPU-03a84180-d660-dbdc-17f4-0e0655717066,504.17,1395,1593,98,42,74195,65
2026/07/21 11:23:06.101,0,GPU-03a84180-d660-dbdc-17f4-0e0655717066,506.27,1395,1593,100,29,74195,69
2026/07/21 11:23:06.351,0,GPU-03a84180-d660-dbdc-17f4-0e0655717066,339.75,1410,1593,98,54,74195,64
2026/07/21 11:23:06.601,0,GPU-03a84180-d660-dbdc-17f4-0e0655717066,339.48,1410,1593,97,79,74195,62
2026/07/21 11:23:06.851,0,GPU-03a84180-d660-dbdc-17f4-0e0655717066,499.69,1395,1593,96,79,74195,68
2026/07/21 11:23:07.101,0,GPU-03a84180-d660-dbdc-17f4-0e0655717066,505.47,1395,1593,100,28,74195,69
2026/07/21 11:23:07.351,0,GPU-03a84180-d660-dbdc-17f4-0e0655717066,327.72,1410,1593,97,64,74195,63
2026/07/21 11:23:07.601,0,GPU-03a84180-d660-dbdc-17f4-0e0655717066,337.05,1410,1593,97,79,74195,61
2026/07/21 11:23:07.852,0,GPU-03a84180-d660-dbdc-17f4-0e0655717066,328.04,1410,1593,96,79,74195,61
2026/07/21 11:23:08.102,0,GPU-03a84180-d660-dbdc-17f4-0e0655717066,331.34,1410,1593,97,79,74195,60
2026/07/21 11:23:08.352,0,GPU-03a84180-d660-dbdc-17f4-0e0655717066,336.14,1410,1593,96,80,74195,60
2026/07/21 11:23:08.602,0,GPU-03a84180-d660-dbdc-17f4-0e0655717066,490.05,1395,1593,97,70,74195,67
2026/07/21 11:23:08.852,0,GPU-03a84180-d660-dbdc-17f4-0e0655717066,502.39,1395,1593,100,29,74195,69
2026/07/21 11:23:09.102,0,GPU-03a84180-d660-dbdc-17f4-0e0655717066,339.48,1410,1593,97,77,74195,63
2026/07/21 11:23:09.353,0,GPU-03a84180-d660-dbdc-17f4-0e0655717066,333.52,1410,1593,96,79,74195,61
2026/07/21 11:23:09.603,0,GPU-03a84180-d660-dbdc-17f4-0e0655717066,336.79,1410,1593,97,79,74195,60
2026/07/21 11:23:09.853,0,GPU-03a84180-d660-dbdc-17f4-0e0655717066,338.83,1410,1593,97,79,74195,60
2026/07/21 11:23:10.103,0,GPU-03a84180-d660-dbdc-17f4-0e0655717066,335.90,1410,1593,96,79,74195,60
2026/07/21 11:23:10.353,0,GPU-03a84180-d660-dbdc-17f4-0e0655717066,334.12,1410,1593,97,79,74195,60
2026/07/21 11:23:10.603,0,GPU-03a84180-d660-dbdc-17f4-0e0655717066,337.98,1410,1593,97,79,74195,60
2026/07/21 11:23:10.853,0,GPU-03a84180-d660-dbdc-17f4-0e0655717066,335.28,1410,1593,97,79,74195,60
2026/07/21 11:23:11.103,0,GPU-03a84180-d660-dbdc-17f4-0e0655717066,337.05,1410,1593,97,79,74195,59
2026/07/21 11:23:11.353,0,GPU-03a84180-d660-dbdc-17f4-0e0655717066,336.82,1410,1593,97,79,74195,59
2026/07/21 11:23:11.603,0,GPU-03a84180-d660-dbdc-17f4-0e0655717066,328.96,1410,1593,97,79,74195,59
2026/07/21 11:23:11.853,0,GPU-03a84180-d660-dbdc-17f4-0e0655717066,328.64,1410,1593,97,79,74195,59
2026/07/21 11:23:12.104,0,GPU-03a84180-d660-dbdc-17f4-0e0655717066,333.77,1410,1593,97,79,74195,59
2026/07/21 11:23:12.354,0,GPU-03a84180-d660-dbdc-17f4-0e0655717066,330.15,1410,1593,97,79,74195,59
2026/07/21 11:23:12.604,0,GPU-03a84180-d660-dbdc-17f4-0e0655717066,334.68,1410,1593,97,79,74195,59
2026/07/21 11:23:13.211,0,GPU-03a84180-d660-dbdc-17f4-0e0655717066,332.26,1410,1593,97,79,74195,59
2026/07/21 11:23:13.461,0,GPU-03a84180-d660-dbdc-17f4-0e0655717066,334.95,1410,1593,97,79,74195,59
2026/07/21 11:23:13.711,0,GPU-03a84180-d660-dbdc-17f4-0e0655717066,335.55,1410,1593,97,79,74195,59
2026/07/21 11:23:13.961,0,GPU-03a84180-d660-dbdc-17f4-0e0655717066,493.66,1395,1593,96,79,74195,64
2026/07/21 11:23:14.211,0,GPU-03a84180-d660-dbdc-17f4-0e0655717066,496.09,1395,1593,100,29,74195,68
2026/07/21 11:23:14.462,0,GPU-03a84180-d660-dbdc-17f4-0e0655717066,323.26,1410,1593,99,39,74195,62
2026/07/21 11:23:14.712,0,GPU-03a84180-d660-dbdc-17f4-0e0655717066,340.35,1410,1593,97,79,74195,60
2026/07/21 11:23:14.962,0,GPU-03a84180-d660-dbdc-17f4-0e0655717066,330.15,1410,1593,97,79,74195,60
2026/07/21 11:23:15.212,0,GPU-03a84180-d660-dbdc-17f4-0e0655717066,331.93,1410,1593,97,79,74195,59
2026/07/21 11:23:15.462,0,GPU-03a84180-d660-dbdc-17f4-0e0655717066,329.23,1410,1593,96,79,74195,59
2026/07/21 11:23:15.712,0,GPU-03a84180-d660-dbdc-17f4-0e0655717066,325.62,1395,1593,96,79,74195,64
2026/07/21 11:23:15.962,0,GPU-03a84180-d660-dbdc-17f4-0e0655717066,494.38,1380,1593,98,39,74195,68
2026/07/21 11:23:16.212,0,GPU-03a84180-d660-dbdc-17f4-0e0655717066,508.10,1395,1593,100,26,74195,68
2026/07/21 11:23:16.462,0,GPU-03a84180-d660-dbdc-17f4-0e0655717066,512.63,1395,1593,99,21,74195,70
2026/07/21 11:23:16.712,0,GPU-03a84180-d660-dbdc-17f4-0e0655717066,504.82,1380,1593,100,20,74195,70
2026/07/21 11:23:16.962,0,GPU-03a84180-d660-dbdc-17f4-0e0655717066,490.37,1380,1593,100,20,74195,70
2026/07/21 11:23:17.213,0,GPU-03a84180-d660-dbdc-17f4-0e0655717066,485.57,1380,1593,99,17,74195,70
2026/07/21 11:23:17.463,0,GPU-03a84180-d660-dbdc-17f4-0e0655717066,482.64,1380,1593,100,16,74195,70
2026/07/21 11:23:17.713,0,GPU-03a84180-d660-dbdc-17f4-0e0655717066,495.76,1380,1593,100,17,74195,70
2026/07/21 11:23:17.963,0,GPU-03a84180-d660-dbdc-17f4-0e0655717066,479.27,1380,1593,99,17,74195,71
2026/07/21 11:23:18.213,0,GPU-03a84180-d660-dbdc-17f4-0e0655717066,490.70,1380,1593,100,16,74195,71
2026/07/21 11:23:18.463,0,GPU-03a84180-d660-dbdc-17f4-0e0655717066,512.63,1380,1593,100,17,74195,71
2026/07/21 11:23:18.713,0,GPU-03a84180-d660-dbdc-17f4-0e0655717066,353.89,1395,1593,100,17,74195,65
2026/07/21 11:23:18.963,0,GPU-03a84180-d660-dbdc-17f4-0e0655717066,359.61,1410,1593,96,85,74195,63
2026/07/21 11:23:19.213,0,GPU-03a84180-d660-dbdc-17f4-0e0655717066,354.16,1410,1593,97,86,74195,62
2026/07/21 11:23:19.463,0,GPU-03a84180-d660-dbdc-17f4-0e0655717066,352.05,1410,1593,97,86,74195,61
2026/07/21 11:23:19.714,0,GPU-03a84180-d660-dbdc-17f4-0e0655717066,349.36,1410,1593,97,85,74195,61
2026/07/21 11:23:19.964,0,GPU-03a84180-d660-dbdc-17f4-0e0655717066,326.26,1410,1593,96,85,74195,61
2026/07/21 11:23:20.214,0,GPU-03a84180-d660-dbdc-17f4-0e0655717066,325.94,1410,1593,96,80,74195,60
2026/07/21 11:23:20.464,0,GPU-03a84180-d660-dbdc-17f4-0e0655717066,330.15,1410,1593,96,80,74195,60
2026/07/21 11:23:20.714,0,GPU-03a84180-d660-dbdc-17f4-0e0655717066,330.49,1410,1593,96,80,74195,59
2026/07/21 11:23:20.964,0,GPU-03a84180-d660-dbdc-17f4-0e0655717066,502.07,1380,1593,96,80,74195,66
2026/07/21 11:23:21.214,0,GPU-03a84180-d660-dbdc-17f4-0e0655717066,493.06,1380,1593,100,27,74195,68
2026/07/21 11:23:21.464,0,GPU-03a84180-d660-dbdc-17f4-0e0655717066,499.69,1380,1593,99,26,74195,70
2026/07/21 11:23:21.714,0,GPU-03a84180-d660-dbdc-17f4-0e0655717066,508.10,1380,1593,100,26,74195,70
2026/07/21 11:23:21.964,0,GPU-03a84180-d660-dbdc-17f4-0e0655717066,475.06,1380,1593,99,22,74195,70
2026/07/21 11:23:22.214,0,GPU-03a84180-d660-dbdc-17f4-0e0655717066,505.08,1380,1593,100,20,74195,71
2026/07/21 11:23:22.465,0,GPU-03a84180-d660-dbdc-17f4-0e0655717066,497.59,1380,1593,100,20,74195,71
2026/07/21 11:23:22.715,0,GPU-03a84180-d660-dbdc-17f4-0e0655717066,503.05,1380,1593,100,20,74195,71
2026/07/21 11:23:22.965,0,GPU-03a84180-d660-dbdc-17f4-0e0655717066,480.45,1380,1593,99,17,74195,71
2026/07/21 11:23:23.215,0,GPU-03a84180-d660-dbdc-17f4-0e0655717066,486.57,1380,1593,100,16,74195,71
2026/07/21 11:23:23.465,0,GPU-03a84180-d660-dbdc-17f4-0e0655717066,497.00,1380,1593,100,16,74195,71
2026/07/21 11:23:23.715,0,GPU-03a84180-d660-dbdc-17f4-0e0655717066,500.36,1395,1593,100,17,74195,71
2026/07/21 11:23:23.965,0,GPU-03a84180-d660-dbdc-17f4-0e0655717066,508.37,1395,1593,99,16,74195,72
2026/07/21 11:23:24.216,0,GPU-03a84180-d660-dbdc-17f4-0e0655717066,489.27,1380,1593,100,16,74195,72
2026/07/21 11:23:24.466,0,GPU-03a84180-d660-dbdc-17f4-0e0655717066,348.17,1410,1593,98,39,74195,65
2026/07/21 11:23:24.716,0,GPU-03a84180-d660-dbdc-17f4-0e0655717066,354.80,1410,1593,97,84,74195,63
2026/07/21 11:23:24.966,0,GPU-03a84180-d660-dbdc-17f4-0e0655717066,351.20,1410,1593,97,85,74195,62
2026/07/21 11:23:25.216,0,GPU-03a84180-d660-dbdc-17f4-0e0655717066,355.07,1410,1593,97,84,74195,62
2026/07/21 11:23:25.466,0,GPU-03a84180-d660-dbdc-17f4-0e0655717066,350.60,1410,1593,97,85,74195,61
2026/07/21 11:23:25.716,0,GPU-03a84180-d660-dbdc-17f4-0e0655717066,336.14,1410,1593,97,85,74195,61
2026/07/21 11:23:25.966,0,GPU-03a84180-d660-dbdc-17f4-0e0655717066,501.86,1380,1593,96,68,74195,68
2026/07/21 11:23:26.216,0,GPU-03a84180-d660-dbdc-17f4-0e0655717066,509.88,1380,1593,100,28,74195,70
2026/07/21 11:23:26.466,0,GPU-03a84180-d660-dbdc-17f4-0e0655717066,354.48,1410,1593,96,79,74195,63
2026/07/21 11:23:26.716,0,GPU-03a84180-d660-dbdc-17f4-0e0655717066,486.76,1380,1593,98,56,74195,68
2026/07/21 11:23:26.966,0,GPU-03a84180-d660-dbdc-17f4-0e0655717066,494.25,1380,1593,100,28,74195,70
2026/07/21 11:23:27.216,0,GPU-03a84180-d660-dbdc-17f4-0e0655717066,345.15,1410,1593,96,83,74195,63
2026/07/21 11:23:27.466,0,GPU-03a84180-d660-dbdc-17f4-0e0655717066,357.50,1410,1593,97,84,74195,62
2026/07/21 11:23:27.716,0,GPU-03a84180-d660-dbdc-17f4-0e0655717066,350.27,1410,1593,97,84,74195,62
2026/07/21 11:23:27.967,0,GPU-03a84180-d660-dbdc-17f4-0e0655717066,342.45,1410,1593,97,85,74195,61
2026/07/21 11:23:28.217,0,GPU-03a84180-d660-dbdc-17f4-0e0655717066,349.68,1410,1593,97,84,74195,61
2026/07/21 11:23:28.467,0,GPU-03a84180-d660-dbdc-17f4-0e0655717066,342.77,1410,1593,97,85,74195,61
2026/07/21 11:23:28.717,0,GPU-03a84180-d660-dbdc-17f4-0e0655717066,346.66,1410,1593,97,84,74195,61
2026/07/21 11:23:28.967,0,GPU-03a84180-d660-dbdc-17f4-0e0655717066,350.27,1410,1593,97,84,74195,61
2026/07/21 11:23:29.217,0,GPU-03a84180-d660-dbdc-17f4-0e0655717066,344.28,1410,1593,97,85,74195,61
2026/07/21 11:23:29.467,0,GPU-03a84180-d660-dbdc-17f4-0e0655717066,493.66,1380,1593,99,34,74195,67
2026/07/21 11:23:29.717,0,GPU-03a84180-d660-dbdc-17f4-0e0655717066,499.05,1380,1593,100,27,74195,69
2026/07/21 11:23:29.968,0,GPU-03a84180-d660-dbdc-17f4-0e0655717066,504.17,1395,1593,100,27,74195,70
2026/07/21 11:23:30.218,0,GPU-03a84180-d660-dbdc-17f4-0e0655717066,509.56,1395,1593,100,23,74195,71
2026/07/21 11:23:30.468,0,GPU-03a84180-d660-dbdc-17f4-0e0655717066,360.80,1410,1593,100,23,74195,65
2026/07/21 11:23:30.718,0,GPU-03a84180-d660-dbdc-17f4-0e0655717066,360.20,1410,1593,97,86,74195,63
2026/07/21 11:23:30.968,0,GPU-03a84180-d660-dbdc-17f4-0e0655717066,354.48,1410,1593,97,86,74195,62
2026/07/21 11:23:31.218,0,GPU-03a84180-d660-dbdc-17f4-0e0655717066,349.36,1410,1593,97,86,74195,61
2026/07/21 11:23:31.468,0,GPU-03a84180-d660-dbdc-17f4-0e0655717066,347.58,1410,1593,97,86,74195,61
2026/07/21 11:23:31.718,0,GPU-03a84180-d660-dbdc-17f4-0e0655717066,358.37,1410,1593,97,86,74195,61
2026/07/21 11:23:31.968,0,GPU-03a84180-d660-dbdc-17f4-0e0655717066,339.48,1410,1593,97,86,74195,60
2026/07/21 11:23:32.219,0,GPU-03a84180-d660-dbdc-17f4-0e0655717066,502.13,1380,1593,97,75,74195,67
2026/07/21 11:23:32.469,0,GPU-03a84180-d660-dbdc-17f4-0e0655717066,494.25,1380,1593,100,27,74195,69
2026/07/21 11:23:32.719,0,GPU-03a84180-d660-dbdc-17f4-0e0655717066,492.47,1380,1593,100,26,74195,70
2026/07/21 11:23:32.969,0,GPU-03a84180-d660-dbdc-17f4-0e0655717066,490.18,1380,1593,100,23,74195,70
2026/07/21 11:23:33.219,0,GPU-03a84180-d660-dbdc-17f4-0e0655717066,438.73,1410,1593,100,23,74195,65
2026/07/21 11:23:33.469,0,GPU-03a84180-d660-dbdc-17f4-0e0655717066,356.59,1410,1593,97,86,74195,63
2026/07/21 11:23:33.719,0,GPU-03a84180-d660-dbdc-17f4-0e0655717066,359.61,1410,1593,97,86,74195,62
2026/07/21 11:23:33.969,0,GPU-03a84180-d660-dbdc-17f4-0e0655717066,355.67,1410,1593,97,86,74195,61
2026/07/21 11:23:34.219,0,GPU-03a84180-d660-dbdc-17f4-0e0655717066,352.38,1410,1593,97,86,74195,61
2026/07/21 11:23:34.469,0,GPU-03a84180-d660-dbdc-17f4-0e0655717066,347.90,1410,1593,96,86,74195,61
2026/07/21 11:23:34.719,0,GPU-03a84180-d660-dbdc-17f4-0e0655717066,357.18,1410,1593,96,86,74195,61
2026/07/21 11:23:34.969,0,GPU-03a84180-d660-dbdc-17f4-0e0655717066,355.67,1410,1593,97,86,74195,61
2026/07/21 11:23:35.220,0,GPU-03a84180-d660-dbdc-17f4-0e0655717066,354.48,1410,1593,97,86,74195,60
2026/07/21 11:23:35.470,0,GPU-03a84180-d660-dbdc-17f4-0e0655717066,499.37,1380,1593,100,27,74195,67
2026/07/21 11:23:35.720,0,GPU-03a84180-d660-dbdc-17f4-0e0655717066,491.55,1380,1593,100,26,74195,69
2026/07/21 11:23:35.970,0,GPU-03a84180-d660-dbdc-17f4-0e0655717066,489.78,1380,1593,100,25,74195,70
2026/07/21 11:23:36.220,0,GPU-03a84180-d660-dbdc-17f4-0e0655717066,488.59,1380,1593,100,20,74195,71
2026/07/21 11:23:36.470,0,GPU-03a84180-d660-dbdc-17f4-0e0655717066,492.15,1380,1593,100,20,74195,71
2026/07/21 11:23:36.720,0,GPU-03a84180-d660-dbdc-17f4-0e0655717066,466.06,1380,1593,99,19,74195,71
2026/07/21 11:23:36.971,0,GPU-03a84180-d660-dbdc-17f4-0e0655717066,490.05,1380,1593,100,16,74195,71
2026/07/21 11:23:37.221,0,GPU-03a84180-d660-dbdc-17f4-0e0655717066,488.86,1380,1593,100,17,74195,71
2026/07/21 11:23:37.471,0,GPU-03a84180-d660-dbdc-17f4-0e0655717066,492.15,1380,1593,100,16,74195,71
2026/07/21 11:23:37.721,0,GPU-03a84180-d660-dbdc-17f4-0e0655717066,485.33,1395,1593,100,17,74195,71
2026/07/21 11:23:37.971,0,GPU-03a84180-d660-dbdc-17f4-0e0655717066,506.86,1395,1593,100,16,74195,72
2026/07/21 11:23:38.221,0,GPU-03a84180-d660-dbdc-17f4-0e0655717066,493.39,1380,1593,100,16,74195,72
2026/07/21 11:23:38.471,0,GPU-03a84180-d660-dbdc-17f4-0e0655717066,331.66,1395,1593,100,16,74195,68
2026/07/21 11:23:38.721,0,GPU-03a84180-d660-dbdc-17f4-0e0655717066,329.23,1410,1593,97,48,74195,63
2026/07/21 11:23:38.971,0,GPU-03a84180-d660-dbdc-17f4-0e0655717066,333.17,1410,1593,96,81,74195,62
2026/07/21 11:23:39.221,0,GPU-03a84180-d660-dbdc-17f4-0e0655717066,331.93,1410,1593,96,81,74195,61
2026/07/21 11:23:39.471,0,GPU-03a84180-d660-dbdc-17f4-0e0655717066,326.26,1410,1593,96,81,74195,61
2026/07/21 11:23:39.722,0,GPU-03a84180-d660-dbdc-17f4-0e0655717066,325.34,1410,1593,96,81,74195,60
2026/07/21 11:23:39.972,0,GPU-03a84180-d660-dbdc-17f4-0e0655717066,326.26,1410,1593,96,81,74195,60
2026/07/21 11:23:40.222,0,GPU-03a84180-d660-dbdc-17f4-0e0655717066,324.75,1410,1593,96,81,74195,60
2026/07/21 11:23:40.472,0,GPU-03a84180-d660-dbdc-17f4-0e0655717066,330.15,1410,1593,96,81,74195,60
2026/07/21 11:23:40.722,0,GPU-03a84180-d660-dbdc-17f4-0e0655717066,325.02,1410,1593,96,81,74195,60
2026/07/21 11:23:40.972,0,GPU-03a84180-d660-dbdc-17f4-0e0655717066,329.83,1410,1593,96,81,74195,60
2026/07/21 11:23:41.222,0,GPU-03a84180-d660-dbdc-17f4-0e0655717066,330.15,1410,1593,96,81,74195,59
2026/07/21 11:23:41.472,0,GPU-03a84180-d660-dbdc-17f4-0e0655717066,324.16,1410,1593,96,81,74195,59
2026/07/21 11:23:41.722,0,GPU-03a84180-d660-dbdc-17f4-0e0655717066,323.51,1410,1593,96,81,74195,59
2026/07/21 11:23:41.972,0,GPU-03a84180-d660-dbdc-17f4-0e0655717066,322.39,1410,1593,96,81,74195,59
2026/07/21 11:23:42.222,0,GPU-03a84180-d660-dbdc-17f4-0e0655717066,327.13,1410,1593,96,81,74195,59
2026/07/21 11:23:42.472,0,GPU-03a84180-d660-dbdc-17f4-0e0655717066,326.86,1410,1593,96,81,74195,59
2026/07/21 11:23:42.723,0,GPU-03a84180-d660-dbdc-17f4-0e0655717066,323.51,1410,1593,96,81,74195,59
2026/07/21 11:23:42.973,0,GPU-03a84180-d660-dbdc-17f4-0e0655717066,327.72,1410,1593,96,82,74195,59
2026/07/21 11:23:43.223,0,GPU-03a84180-d660-dbdc-17f4-0e0655717066,322.92,1410,1593,96,81,74195,59
2026/07/21 11:23:43.473,0,GPU-03a84180-d660-dbdc-17f4-0e0655717066,326.86,1410,1593,96,81,74195,59
2026/07/21 11:23:43.723,0,GPU-03a84180-d660-dbdc-17f4-0e0655717066,330.74,1410,1593,96,81,74195,59
2026/07/21 11:23:43.973,0,GPU-03a84180-d660-dbdc-17f4-0e0655717066,323.24,1410,1593,96,81,74195,59
2026/07/21 11:23:44.223,0,GPU-03a84180-d660-dbdc-17f4-0e0655717066,329.56,1410,1593,96,81,74195,58
2026/07/21 11:23:44.473,0,GPU-03a84180-d660-dbdc-17f4-0e0655717066,506.86,1395,1593,97,63,74195,65
2026/07/21 11:23:44.723,0,GPU-03a84180-d660-dbdc-17f4-0e0655717066,510.86,1395,1593,100,26,74195,68
2026/07/21 11:23:44.973,0,GPU-03a84180-d660-dbdc-17f4-0e0655717066,334.68,1410,1593,98,56,74195,63
2026/07/21 11:23:45.223,0,GPU-03a84180-d660-dbdc-17f4-0e0655717066,330.74,1410,1593,96,82,74195,60
2026/07/21 11:23:45.473,0,GPU-03a84180-d660-dbdc-17f4-0e0655717066,322.65,1410,1593,96,81,74195,59
2026/07/21 11:23:45.724,0,GPU-03a84180-d660-dbdc-17f4-0e0655717066,325.62,1410,1593,96,81,74195,59
2026/07/21 11:23:45.974,0,GPU-03a84180-d660-dbdc-17f4-0e0655717066,320.82,1410,1593,96,81,74195,59
2026/07/21 11:23:46.224,0,GPU-03a84180-d660-dbdc-17f4-0e0655717066,327.13,1410,1593,96,82,74195,58
2026/07/21 11:23:46.474,0,GPU-03a84180-d660-dbdc-17f4-0e0655717066,322.65,1410,1593,96,83,74195,58
2026/07/21 11:23:46.724,0,GPU-03a84180-d660-dbdc-17f4-0e0655717066,325.94,1410,1593,96,83,74195,58
2026/07/21 11:23:46.974,0,GPU-03a84180-d660-dbdc-17f4-0e0655717066,507.19,1395,1593,96,69,74195,66
2026/07/21 11:23:47.224,0,GPU-03a84180-d660-dbdc-17f4-0e0655717066,499.96,1380,1593,100,26,74195,68
2026/07/21 11:23:47.475,0,GPU-03a84180-d660-dbdc-17f4-0e0655717066,336.46,1410,1593,100,25,74195,62
2026/07/21 11:23:47.725,0,GPU-03a84180-d660-dbdc-17f4-0e0655717066,497.86,1380,1593,96,73,74195,67
2026/07/21 11:23:47.975,0,GPU-03a84180-d660-dbdc-17f4-0e0655717066,476.84,1380,1593,100,25,74195,69
2026/07/21 11:23:48.225,0,GPU-03a84180-d660-dbdc-17f4-0e0655717066,501.86,1395,1593,100,24,74195,69
2026/07/21 11:23:48.475,0,GPU-03a84180-d660-dbdc-17f4-0e0655717066,492.79,1380,1593,100,21,74195,69
2026/07/21 11:23:48.725,0,GPU-03a84180-d660-dbdc-17f4-0e0655717066,484.39,1410,1593,100,21,74195,66
2026/07/21 11:23:48.975,0,GPU-03a84180-d660-dbdc-17f4-0e0655717066,335.87,1410,1593,96,82,74195,62
2026/07/21 11:23:49.225,0,GPU-03a84180-d660-dbdc-17f4-0e0655717066,338.57,1410,1593,96,82,74195,60
2026/07/21 11:23:49.475,0,GPU-03a84180-d660-dbdc-17f4-0e0655717066,327.13,1410,1593,96,82,74195,60
2026/07/21 11:23:49.725,0,GPU-03a84180-d660-dbdc-17f4-0e0655717066,331.07,1410,1593,96,82,74195,59
2026/07/21 11:23:49.976,0,GPU-03a84180-d660-dbdc-17f4-0e0655717066,334.04,1410,1593,96,82,74195,59
2026/07/21 11:23:50.226,0,GPU-03a84180-d660-dbdc-17f4-0e0655717066,324.16,1410,1593,96,82,74195,59
2026/07/21 11:23:50.476,0,GPU-03a84180-d660-dbdc-17f4-0e0655717066,331.66,1410,1593,96,82,74195,59
2026/07/21 11:23:50.726,0,GPU-03a84180-d660-dbdc-17f4-0e0655717066,333.17,1410,1593,96,82,74195,59
2026/07/21 11:23:50.976,0,GPU-03a84180-d660-dbdc-17f4-0e0655717066,327.72,1410,1593,96,82,74195,59
2026/07/21 11:23:51.226,0,GPU-03a84180-d660-dbdc-17f4-0e0655717066,332.26,1410,1593,96,82,74195,59
2026/07/21 11:23:51.476,0,GPU-03a84180-d660-dbdc-17f4-0e0655717066,326.26,1410,1593,96,82,74195,58
2026/07/21 11:23:51.726,0,GPU-03a84180-d660-dbdc-17f4-0e0655717066,328.96,1410,1593,96,82,74195,58
2026/07/21 11:23:51.976,0,GPU-03a84180-d660-dbdc-17f4-0e0655717066,331.66,1410,1593,96,82,74195,58
2026/07/21 11:23:52.226,0,GPU-03a84180-d660-dbdc-17f4-0e0655717066,325.02,1410,1593,96,82,74195,58
2026/07/21 11:23:52.476,0,GPU-03a84180-d660-dbdc-17f4-0e0655717066,331.93,1410,1593,96,82,74195,58
2026/07/21 11:23:52.727,0,GPU-03a84180-d660-dbdc-17f4-0e0655717066,332.58,1410,1593,96,82,74195,62
2026/07/21 11:23:52.977,0,GPU-03a84180-d660-dbdc-17f4-0e0655717066,492.47,1380,1593,100,25,74195,66
2026/07/21 11:23:53.227,0,GPU-03a84180-d660-dbdc-17f4-0e0655717066,499.05,1380,1593,100,25,74195,68
2026/07/21 11:23:53.477,0,GPU-03a84180-d660-dbdc-17f4-0e0655717066,350.01,1410,1593,100,23,74195,65
2026/07/21 11:23:53.727,0,GPU-03a84180-d660-dbdc-17f4-0e0655717066,337.98,1410,1593,96,79,74195,61
2026/07/21 11:23:53.977,0,GPU-03a84180-d660-dbdc-17f4-0e0655717066,328.04,1410,1593,96,82,74195,59
2026/07/21 11:23:54.228,0,GPU-03a84180-d660-dbdc-17f4-0e0655717066,325.94,1410,1593,96,82,74195,59
2026/07/21 11:23:54.478,0,GPU-03a84180-d660-dbdc-17f4-0e0655717066,331.42,1410,1593,96,82,74195,59
2026/07/21 11:23:54.728,0,GPU-03a84180-d660-dbdc-17f4-0e0655717066,332.26,1410,1593,96,82,74195,58
2026/07/21 11:23:54.978,0,GPU-03a84180-d660-dbdc-17f4-0e0655717066,324.43,1410,1593,96,82,74195,58
2026/07/21 11:23:55.228,0,GPU-03a84180-d660-dbdc-17f4-0e0655717066,328.71,1410,1593,96,83,74195,58
2026/07/21 11:23:55.478,0,GPU-03a84180-d660-dbdc-17f4-0e0655717066,507.84,1380,1593,99,32,74195,65
2026/07/21 11:23:55.728,0,GPU-03a84180-d660-dbdc-17f4-0e0655717066,502.98,1380,1593,100,25,74195,67
2026/07/21 11:23:55.978,0,GPU-03a84180-d660-dbdc-17f4-0e0655717066,384.53,1410,1593,100,25,74195,67
2026/07/21 11:23:56.228,0,GPU-03a84180-d660-dbdc-17f4-0e0655717066,326.53,1410,1593,96,82,74195,61
2026/07/21 11:23:56.478,0,GPU-03a84180-d660-dbdc-17f4-0e0655717066,328.37,1410,1593,96,82,74195,60
2026/07/21 11:23:56.728,0,GPU-03a84180-d660-dbdc-17f4-0e0655717066,328.37,1410,1593,96,82,74195,59
2026/07/21 11:23:56.978,0,GPU-03a84180-d660-dbdc-17f4-0e0655717066,311.21,1410,1593,96,81,74195,64
2026/07/21 11:23:57.228,0,GPU-03a84180-d660-dbdc-17f4-0e0655717066,508.96,1380,1593,97,44,74195,67
2026/07/21 11:23:57.478,0,GPU-03a84180-d660-dbdc-17f4-0e0655717066,510.86,1380,1593,100,25,74195,68
2026/07/21 11:23:57.728,0,GPU-03a84180-d660-dbdc-17f4-0e0655717066,504.17,1380,1593,99,20,74195,69
2026/07/21 11:23:57.979,0,GPU-03a84180-d660-dbdc-17f4-0e0655717066,490.70,1380,1593,100,18,74195,69
2026/07/21 11:23:58.229,0,GPU-03a84180-d660-dbdc-17f4-0e0655717066,491.64,1380,1593,100,19,74195,70
2026/07/21 11:23:58.479,0,GPU-03a84180-d660-dbdc-17f4-0e0655717066,482.28,1395,1593,100,15,74195,70
2026/07/21 11:23:58.729,0,GPU-03a84180-d660-dbdc-17f4-0e0655717066,515.64,1395,1593,100,15,74195,70
2026/07/21 11:23:58.979,0,GPU-03a84180-d660-dbdc-17f4-0e0655717066,497.00,1380,1593,100,15,74195,70
2026/07/21 11:23:59.229,0,GPU-03a84180-d660-dbdc-17f4-0e0655717066,493.39,1380,1593,100,15,74195,70
2026/07/21 11:23:59.479,0,GPU-03a84180-d660-dbdc-17f4-0e0655717066,476.84,1380,1593,99,15,74195,70
2026/07/21 11:23:59.729,0,GPU-03a84180-d660-dbdc-17f4-0e0655717066,494.25,1380,1593,100,13,74195,70
2026/07/21 11:23:59.979,0,GPU-03a84180-d660-dbdc-17f4-0e0655717066,494.05,1380,1593,100,15,74195,70
2026/07/21 11:24:00.229,0,GPU-03a84180-d660-dbdc-17f4-0e0655717066,372.83,1395,1593,100,13,74195,67
2026/07/21 11:24:00.479,0,GPU-03a84180-d660-dbdc-17f4-0e0655717066,329.23,1410,1593,96,81,74195,62
2026/07/21 11:24:00.729,0,GPU-03a84180-d660-dbdc-17f4-0e0655717066,335.55,1410,1593,96,82,74195,61
2026/07/21 11:24:00.980,0,GPU-03a84180-d660-dbdc-17f4-0e0655717066,333.17,1410,1593,96,82,74195,60
2026/07/21 11:24:01.230,0,GPU-03a84180-d660-dbdc-17f4-0e0655717066,325.34,1410,1593,96,82,74195,60
2026/07/21 11:24:01.480,0,GPU-03a84180-d660-dbdc-17f4-0e0655717066,317.25,1410,1593,96,82,74195,59
2026/07/21 11:24:01.730,0,GPU-03a84180-d660-dbdc-17f4-0e0655717066,313.64,1410,1593,95,80,74195,59
2026/07/21 11:24:01.980,0,GPU-03a84180-d660-dbdc-17f4-0e0655717066,311.21,1410,1593,95,80,74195,58
2026/07/21 11:24:02.230,0,GPU-03a84180-d660-dbdc-17f4-0e0655717066,311.21,1410,1593,96,80,74195,58
2026/07/21 11:24:02.480,0,GPU-03a84180-d660-dbdc-17f4-0e0655717066,308.84,1410,1593,95,80,74195,58
2026/07/21 11:24:02.730,0,GPU-03a84180-d660-dbdc-17f4-0e0655717066,307.33,1410,1593,95,80,74195,58
2026/07/21 11:24:02.980,0,GPU-03a84180-d660-dbdc-17f4-0e0655717066,305.49,1410,1593,95,79,74195,58
2026/07/21 11:24:03.230,0,GPU-03a84180-d660-dbdc-17f4-0e0655717066,310.29,1410,1593,95,79,74195,58
2026/07/21 11:24:03.480,0,GPU-03a84180-d660-dbdc-17f4-0e0655717066,305.23,1410,1593,95,79,74195,58
2026/07/21 11:24:03.730,0,GPU-03a84180-d660-dbdc-17f4-0e0655717066,306.74,1410,1593,95,79,74195,57
2026/07/21 11:24:03.980,0,GPU-03a84180-d660-dbdc-17f4-0e0655717066,310.94,1410,1593,95,79,74195,57
2026/07/21 11:24:04.230,0,GPU-03a84180-d660-dbdc-17f4-0e0655717066,310.02,1410,1593,95,79,74195,57
2026/07/21 11:24:04.480,0,GPU-03a84180-d660-dbdc-17f4-0e0655717066,304.63,1410,1593,95,79,74195,57
2026/07/21 11:24:04.730,0,GPU-03a84180-d660-dbdc-17f4-0e0655717066,306.14,1410,1593,95,79,74195,57
2026/07/21 11:24:04.981,0,GPU-03a84180-d660-dbdc-17f4-0e0655717066,310.62,1410,1593,95,79,74195,57
2026/07/21 11:24:05.231,0,GPU-03a84180-d660-dbdc-17f4-0e0655717066,304.63,1410,1593,95,79,74195,57
2026/07/21 11:24:05.481,0,GPU-03a84180-d660-dbdc-17f4-0e0655717066,307.33,1410,1593,95,79,74195,57
2026/07/21 11:24:05.731,0,GPU-03a84180-d660-dbdc-17f4-0e0655717066,311.21,1410,1593,95,79,74195,57
2026/07/21 11:24:05.981,0,GPU-03a84180-d660-dbdc-17f4-0e0655717066,312.72,1410,1593,95,79,74195,57
2026/07/21 11:24:06.231,0,GPU-03a84180-d660-dbdc-17f4-0e0655717066,307.01,1410,1593,95,79,74195,57
2026/07/21 11:24:06.481,0,GPU-03a84180-d660-dbdc-17f4-0e0655717066,308.84,1410,1593,95,79,74195,57
2026/07/21 11:24:06.731,0,GPU-03a84180-d660-dbdc-17f4-0e0655717066,312.13,1410,1593,95,79,74195,57
2026/07/21 11:24:06.981,0,GPU-03a84180-d660-dbdc-17f4-0e0655717066,307.33,1410,1593,95,79,74195,57
2026/07/21 11:24:07.231,0,GPU-03a84180-d660-dbdc-17f4-0e0655717066,308.84,1410,1593,95,79,74195,56
2026/07/21 11:24:07.481,0,GPU-03a84180-d660-dbdc-17f4-0e0655717066,309.70,1410,1593,95,79,74195,56
2026/07/21 11:24:07.732,0,GPU-03a84180-d660-dbdc-17f4-0e0655717066,311.53,1410,1593,95,79,74195,56
2026/07/21 11:24:07.982,0,GPU-03a84180-d660-dbdc-17f4-0e0655717066,305.49,1410,1593,95,79,74195,56
2026/07/21 11:24:08.232,0,GPU-03a84180-d660-dbdc-17f4-0e0655717066,309.70,1410,1593,95,79,74195,56
2026/07/21 11:24:08.482,0,GPU-03a84180-d660-dbdc-17f4-0e0655717066,310.62,1410,1593,95,79,74195,56
2026/07/21 11:24:08.732,0,GPU-03a84180-d660-dbdc-17f4-0e0655717066,305.23,1410,1593,95,79,74195,56
2026/07/21 11:24:08.982,0,GPU-03a84180-d660-dbdc-17f4-0e0655717066,304.90,1410,1593,95,79,74195,56
2026/07/21 11:24:09.232,0,GPU-03a84180-d660-dbdc-17f4-0e0655717066,310.02,1410,1593,95,79,74195,56
2026/07/21 11:24:09.483,0,GPU-03a84180-d660-dbdc-17f4-0e0655717066,310.29,1410,1593,95,79,74195,56
2026/07/21 11:24:09.733,0,GPU-03a84180-d660-dbdc-17f4-0e0655717066,305.23,1410,1593,95,79,74195,56
2026/07/21 11:24:09.983,0,GPU-03a84180-d660-dbdc-17f4-0e0655717066,309.70,1410,1593,95,79,74195,56
2026/07/21 11:24:10.233,0,GPU-03a84180-d660-dbdc-17f4-0e0655717066,302.80,1410,1593,95,79,74195,56
2026/07/21 11:24:10.483,0,GPU-03a84180-d660-dbdc-17f4-0e0655717066,309.43,1410,1593,95,79,74195,56
2026/07/21 11:24:10.733,0,GPU-03a84180-d660-dbdc-17f4-0e0655717066,304.90,1410,1593,95,79,74195,56
2026/07/21 11:24:10.983,0,GPU-03a84180-d660-dbdc-17f4-0e0655717066,305.23,1410,1593,95,79,74195,56
2026/07/21 11:24:11.233,0,GPU-03a84180-d660-dbdc-17f4-0e0655717066,307.60,1410,1593,95,79,74195,56
2026/07/21 11:24:11.483,0,GPU-03a84180-d660-dbdc-17f4-0e0655717066,310.29,1410,1593,95,79,74195,56
2026/07/21 11:24:11.733,0,GPU-03a84180-d660-dbdc-17f4-0e0655717066,311.80,1410,1593,95,79,74195,56
2026/07/21 11:24:11.983,0,GPU-03a84180-d660-dbdc-17f4-0e0655717066,305.23,1410,1593,95,79,74195,56
2026/07/21 11:24:12.234,0,GPU-03a84180-d660-dbdc-17f4-0e0655717066,306.14,1410,1593,95,79,74195,56
2026/07/21 11:24:12.484,0,GPU-03a84180-d660-dbdc-17f4-0e0655717066,306.41,1410,1593,95,79,74195,56
2026/07/21 11:24:12.734,0,GPU-03a84180-d660-dbdc-17f4-0e0655717066,313.91,1410,1593,95,79,74195,56
2026/07/21 11:24:12.984,0,GPU-03a84180-d660-dbdc-17f4-0e0655717066,309.10,1410,1593,95,79,74195,56
2026/07/21 11:24:13.234,0,GPU-03a84180-d660-dbdc-17f4-0e0655717066,303.12,1410,1593,95,79,74195,56
2026/07/21 11:24:13.484,0,GPU-03a84180-d660-dbdc-17f4-0e0655717066,303.12,1410,1593,95,79,74195,56
2026/07/21 11:24:13.734,0,GPU-03a84180-d660-dbdc-17f4-0e0655717066,306.41,1410,1593,95,79,74195,56
2026/07/21 11:24:13.984,0,GPU-03a84180-d660-dbdc-17f4-0e0655717066,306.14,1410,1593,95,79,74195,56
2026/07/21 11:24:14.234,0,GPU-03a84180-d660-dbdc-17f4-0e0655717066,309.70,1410,1593,95,79,74195,56
2026/07/21 11:24:14.484,0,GPU-03a84180-d660-dbdc-17f4-0e0655717066,303.12,1410,1593,95,79,74195,56
2026/07/21 11:24:14.735,0,GPU-03a84180-d660-dbdc-17f4-0e0655717066,303.12,1410,1593,95,79,74195,55
2026/07/21 11:24:14.985,0,GPU-03a84180-d660-dbdc-17f4-0e0655717066,307.01,1410,1593,95,79,74195,55
2026/07/21 11:24:15.235,0,GPU-03a84180-d660-dbdc-17f4-0e0655717066,307.60,1410,1593,95,79,74195,56
2026/07/21 11:24:15.485,0,GPU-03a84180-d660-dbdc-17f4-0e0655717066,310.29,1410,1593,95,79,74195,55
2026/07/21 11:24:15.735,0,GPU-03a84180-d660-dbdc-17f4-0e0655717066,303.39,1410,1593,95,79,74195,55
2026/07/21 11:24:15.985,0,GPU-03a84180-d660-dbdc-17f4-0e0655717066,311.53,1410,1593,95,79,74195,55
2026/07/21 11:24:16.235,0,GPU-03a84180-d660-dbdc-17f4-0e0655717066,306.41,1410,1593,95,79,74195,55
2026/07/21 11:24:16.485,0,GPU-03a84180-d660-dbdc-17f4-0e0655717066,309.10,1410,1593,95,79,74195,55
2026/07/21 11:24:16.735,0,GPU-03a84180-d660-dbdc-17f4-0e0655717066,309.10,1410,1593,95,79,74195,55
2026/07/21 11:24:16.985,0,GPU-03a84180-d660-dbdc-17f4-0e0655717066,310.02,1410,1593,95,79,74195,55
2026/07/21 11:24:17.235,0,GPU-03a84180-d660-dbdc-17f4-0e0655717066,304.63,1410,1593,95,79,74195,55
2026/07/21 11:24:17.485,0,GPU-03a84180-d660-dbdc-17f4-0e0655717066,309.10,1410,1593,95,80,74195,55
2026/07/21 11:24:17.736,0,GPU-03a84180-d660-dbdc-17f4-0e0655717066,309.43,1410,1593,95,79,74195,55
2026/07/21 11:24:17.986,0,GPU-03a84180-d660-dbdc-17f4-0e0655717066,306.14,1410,1593,95,80,74195,55
2026/07/21 11:24:18.236,0,GPU-03a84180-d660-dbdc-17f4-0e0655717066,304.31,1410,1593,95,79,74195,55
2026/07/21 11:24:18.486,0,GPU-03a84180-d660-dbdc-17f4-0e0655717066,307.92,1410,1593,95,79,74195,55
2026/07/21 11:24:18.736,0,GPU-03a84180-d660-dbdc-17f4-0e0655717066,311.21,1410,1593,95,79,74195,55
2026/07/21 11:24:18.986,0,GPU-03a84180-d660-dbdc-17f4-0e0655717066,313.04,1410,1593,95,80,74195,55
2026/07/21 11:24:19.236,0,GPU-03a84180-d660-dbdc-17f4-0e0655717066,306.74,1410,1593,95,79,74195,55
2026/07/21 11:24:19.486,0,GPU-03a84180-d660-dbdc-17f4-0e0655717066,307.33,1410,1593,95,80,74195,55
2026/07/21 11:24:19.736,0,GPU-03a84180-d660-dbdc-17f4-0e0655717066,307.60,1410,1593,95,80,74195,55
2026/07/21 11:24:19.986,0,GPU-03a84180-d660-dbdc-17f4-0e0655717066,310.62,1410,1593,95,79,74195,55
2026/07/21 11:24:20.236,0,GPU-03a84180-d660-dbdc-17f4-0e0655717066,304.04,1410,1593,95,79,74195,55
2026/07/21 11:24:20.487,0,GPU-03a84180-d660-dbdc-17f4-0e0655717066,304.90,1410,1593,95,79,74195,55
2026/07/21 11:24:20.737,0,GPU-03a84180-d660-dbdc-17f4-0e0655717066,305.82,1410,1593,95,79,74195,55
2026/07/21 11:24:20.987,0,GPU-03a84180-d660-dbdc-17f4-0e0655717066,309.10,1410,1593,95,79,74195,55
2026/07/21 11:24:21.237,0,GPU-03a84180-d660-dbdc-17f4-0e0655717066,308.25,1410,1593,95,79,74195,55
2026/07/21 11:24:21.487,0,GPU-03a84180-d660-dbdc-17f4-0e0655717066,311.53,1410,1593,95,79,74195,55
2026/07/21 11:24:21.737,0,GPU-03a84180-d660-dbdc-17f4-0e0655717066,313.32,1410,1593,95,79,74195,55
2026/07/21 11:24:21.987,0,GPU-03a84180-d660-dbdc-17f4-0e0655717066,306.14,1410,1593,95,79,74195,55
2026/07/21 11:24:22.237,0,GPU-03a84180-d660-dbdc-17f4-0e0655717066,309.43,1410,1593,95,80,74195,55
2026/07/21 11:24:22.487,0,GPU-03a84180-d660-dbdc-17f4-0e0655717066,310.02,1410,1593,95,80,74195,55
2026/07/21 11:24:22.737,0,GPU-03a84180-d660-dbdc-17f4-0e0655717066,304.31,1410,1593,95,79,74195,55
2026/07/21 11:24:22.987,0,GPU-03a84180-d660-dbdc-17f4-0e0655717066,305.55,1410,1593,95,79,74195,55
2026/07/21 11:24:23.238,0,GPU-03a84180-d660-dbdc-17f4-0e0655717066,306.14,1410,1593,95,79,74195,55
2026/07/21 11:24:23.488,0,GPU-03a84180-d660-dbdc-17f4-0e0655717066,306.41,1410,1593,95,79,74195,55
2026/07/21 11:24:23.738,0,GPU-03a84180-d660-dbdc-17f4-0e0655717066,95.00,1395,1593,65,54,74195,58
2026/07/21 11:24:23.988,0,GPU-03a84180-d660-dbdc-17f4-0e0655717066,507.78,1395,1593,100,25,74195,63
2026/07/21 11:24:24.238,0,GPU-03a84180-d660-dbdc-17f4-0e0655717066,501.48,1380,1593,100,24,74195,66
2026/07/21 11:24:24.488,0,GPU-03a84180-d660-dbdc-17f4-0e0655717066,496.35,1395,1593,100,21,74195,67
2026/07/21 11:24:24.739,0,GPU-03a84180-d660-dbdc-17f4-0e0655717066,314.23,1410,1593,98,41,74195,59
2026/07/21 11:24:24.989,0,GPU-03a84180-d660-dbdc-17f4-0e0655717066,308.51,1410,1593,95,80,74195,57
2026/07/21 11:24:25.239,0,GPU-03a84180-d660-dbdc-17f4-0e0655717066,309.70,1410,1593,95,79,74195,57
2026/07/21 11:24:25.489,0,GPU-03a84180-d660-dbdc-17f4-0e0655717066,307.33,1410,1593,95,79,74195,56
2026/07/21 11:24:25.739,0,GPU-03a84180-d660-dbdc-17f4-0e0655717066,94.09,1410,1593,23,19,74195,51
2026/07/21 11:24:25.989,0,GPU-03a84180-d660-dbdc-17f4-0e0655717066,91.39,1410,1593,0,0,74195,49
2026/07/21 11:24:26.239,0,GPU-03a84180-d660-dbdc-17f4-0e0655717066,90.79,1410,1593,0,0,74195,48
2026/07/21 11:24:26.489,0,GPU-03a84180-d660-dbdc-17f4-0e0655717066,215.66,1410,1593,0,0,74195,48
2026/07/21 11:24:26.740,0,GPU-03a84180-d660-dbdc-17f4-0e0655717066,502.07,1380,1593,84,21,74195,61
2026/07/21 11:24:26.990,0,GPU-03a84180-d660-dbdc-17f4-0e0655717066,489.46,1380,1593,100,24,74195,64
2026/07/21 11:24:27.240,0,GPU-03a84180-d660-dbdc-17f4-0e0655717066,499.17,1395,1593,100,24,74195,66
2026/07/21 11:24:27.490,0,GPU-03a84180-d660-dbdc-17f4-0e0655717066,315.74,1410,1593,98,46,74195,61
2026/07/21 11:24:27.740,0,GPU-03a84180-d660-dbdc-17f4-0e0655717066,315.15,1410,1593,95,80,74195,58
2026/07/21 11:24:27.990,0,GPU-03a84180-d660-dbdc-17f4-0e0655717066,313.04,1410,1593,95,79,74195,56
2026/07/21 11:24:28.240,0,GPU-03a84180-d660-dbdc-17f4-0e0655717066,310.29,1410,1593,95,79,74195,56
2026/07/21 11:24:28.490,0,GPU-03a84180-d660-dbdc-17f4-0e0655717066,308.25,1410,1593,95,79,74195,56
2026/07/21 11:24:28.741,0,GPU-03a84180-d660-dbdc-17f4-0e0655717066,309.70,1410,1593,95,80,74195,55
2026/07/21 11:24:28.991,0,GPU-03a84180-d660-dbdc-17f4-0e0655717066,308.84,1410,1593,95,80,74195,55
2026/07/21 11:24:29.241,0,GPU-03a84180-d660-dbdc-17f4-0e0655717066,310.29,1410,1593,95,79,74195,55
2026/07/21 11:24:29.491,0,GPU-03a84180-d660-dbdc-17f4-0e0655717066,308.84,1410,1593,95,80,74195,55
2026/07/21 11:24:29.741,0,GPU-03a84180-d660-dbdc-17f4-0e0655717066,310.62,1410,1593,95,79,74195,55
2026/07/21 11:24:29.991,0,GPU-03a84180-d660-dbdc-17f4-0e0655717066,309.43,1410,1593,95,80,74195,55
2026/07/21 11:24:30.241,0,GPU-03a84180-d660-dbdc-17f4-0e0655717066,310.29,1410,1593,95,80,74195,55
2026/07/21 11:24:30.491,0,GPU-03a84180-d660-dbdc-17f4-0e0655717066,312.40,1410,1593,95,80,74195,55
2026/07/21 11:24:30.741,0,GPU-03a84180-d660-dbdc-17f4-0e0655717066,501.80,1380,1593,79,32,74195,62
2026/07/21 11:24:30.991,0,GPU-03a84180-d660-dbdc-17f4-0e0655717066,479.86,1380,1593,100,24,74195,66
2026/07/21 11:24:31.242,0,GPU-03a84180-d660-dbdc-17f4-0e0655717066,501.15,1395,1593,100,25,74195,66
2026/07/21 11:24:31.492,0,GPU-03a84180-d660-dbdc-17f4-0e0655717066,508.43,1395,1593,100,20,74195,67
2026/07/21 11:24:31.742,0,GPU-03a84180-d660-dbdc-17f4-0e0655717066,314.23,1410,1593,96,64,74195,60
2026/07/21 11:24:31.992,0,GPU-03a84180-d660-dbdc-17f4-0e0655717066,314.23,1410,1593,95,79,74195,57
2026/07/21 11:24:32.242,0,GPU-03a84180-d660-dbdc-17f4-0e0655717066,307.60,1410,1593,95,79,74195,57
2026/07/21 11:24:32.492,0,GPU-03a84180-d660-dbdc-17f4-0e0655717066,308.84,1410,1593,95,79,74195,56
2026/07/21 11:24:32.742,0,GPU-03a84180-d660-dbdc-17f4-0e0655717066,314.23,1410,1593,95,79,74195,56
2026/07/21 11:24:32.993,0,GPU-03a84180-d660-dbdc-17f4-0e0655717066,308.25,1410,1593,95,79,74195,56
2026/07/21 11:24:33.243,0,GPU-03a84180-d660-dbdc-17f4-0e0655717066,312.13,1410,1593,95,79,74195,56
2026/07/21 11:24:33.493,0,GPU-03a84180-d660-dbdc-17f4-0e0655717066,313.32,1410,1593,95,79,74195,56
2026/07/21 11:24:33.743,0,GPU-03a84180-d660-dbdc-17f4-0e0655717066,313.64,1410,1593,95,79,74195,56
2026/07/21 11:24:33.993,0,GPU-03a84180-d660-dbdc-17f4-0e0655717066,310.29,1410,1593,95,79,74195,56
2026/07/21 11:24:34.243,0,GPU-03a84180-d660-dbdc-17f4-0e0655717066,306.41,1410,1593,95,79,74195,56
2026/07/21 11:24:34.493,0,GPU-03a84180-d660-dbdc-17f4-0e0655717066,307.01,1410,1593,95,79,74195,56
2026/07/21 11:24:34.743,0,GPU-03a84180-d660-dbdc-17f4-0e0655717066,308.25,1410,1593,95,79,74195,55
2026/07/21 11:24:34.993,0,GPU-03a84180-d660-dbdc-17f4-0e0655717066,316.02,1410,1593,95,80,74195,55
2026/07/21 11:24:35.243,0,GPU-03a84180-d660-dbdc-17f4-0e0655717066,310.02,1410,1593,95,79,74195,55
2026/07/21 11:24:35.493,0,GPU-03a84180-d660-dbdc-17f4-0e0655717066,310.62,1410,1593,95,79,74195,55
2026/07/21 11:24:35.744,0,GPU-03a84180-d660-dbdc-17f4-0e0655717066,306.41,1410,1593,95,79,74195,55
2026/07/21 11:24:35.994,0,GPU-03a84180-d660-dbdc-17f4-0e0655717066,307.33,1410,1593,95,79,74195,55
2026/07/21 11:24:36.244,0,GPU-03a84180-d660-dbdc-17f4-0e0655717066,313.32,1410,1593,95,79,74195,55
2026/07/21 11:24:36.494,0,GPU-03a84180-d660-dbdc-17f4-0e0655717066,316.34,1410,1593,95,80,74195,55
2026/07/21 11:24:36.744,0,GPU-03a84180-d660-dbdc-17f4-0e0655717066,305.82,1410,1593,95,79,74195,55
2026/07/21 11:24:36.994,0,GPU-03a84180-d660-dbdc-17f4-0e0655717066,133.19,1410,1593,95,79,74195,55
2026/07/21 11:24:37.244,0,GPU-03a84180-d660-dbdc-17f4-0e0655717066,100.40,1410,1593,8,7,74195,50
2026/07/21 11:24:37.494,0,GPU-03a84180-d660-dbdc-17f4-0e0655717066,505.47,1395,1593,36,9,74195,62
2026/07/21 11:24:37.744,0,GPU-03a84180-d660-dbdc-17f4-0e0655717066,486.16,1380,1593,100,24,74195,65
2026/07/21 11:24:37.994,0,GPU-03a84180-d660-dbdc-17f4-0e0655717066,485.57,1395,1593,100,22,74195,66
2026/07/21 11:24:38.244,0,GPU-03a84180-d660-dbdc-17f4-0e0655717066,500.88,1380,1593,100,20,74195,67
2026/07/21 11:24:38.494,0,GPU-03a84180-d660-dbdc-17f4-0e0655717066,316.67,1410,1593,99,33,74195,59
2026/07/21 11:24:38.744,0,GPU-03a84180-d660-dbdc-17f4-0e0655717066,319.95,1410,1593,95,79,74195,57
2026/07/21 11:24:38.995,0,GPU-03a84180-d660-dbdc-17f4-0e0655717066,311.53,1410,1593,95,79,74195,57
2026/07/21 11:24:39.245,0,GPU-03a84180-d660-dbdc-17f4-0e0655717066,311.53,1410,1593,95,79,74195,56
2026/07/21 11:24:39.495,0,GPU-03a84180-d660-dbdc-17f4-0e0655717066,93.82,1410,1593,72,60,74195,52
2026/07/21 11:24:39.745,0,GPU-03a84180-d660-dbdc-17f4-0e0655717066,91.71,1410,1593,0,0,74195,49
2026/07/21 11:24:39.995,0,GPU-03a84180-d660-dbdc-17f4-0e0655717066,90.79,1410,1593,0,0,74195,48
2026/07/21 11:24:40.245,0,GPU-03a84180-d660-dbdc-17f4-0e0655717066,90.43,1410,1593,0,0,74195,48
2026/07/21 11:24:40.495,0,GPU-03a84180-d660-dbdc-17f4-0e0655717066,90.20,1410,1593,0,0,74195,47
2026/07/21 11:24:40.745,0,GPU-03a84180-d660-dbdc-17f4-0e0655717066,497.27,1395,1593,6,2,74195,59
2026/07/21 11:24:40.995,0,GPU-03a84180-d660-dbdc-17f4-0e0655717066,488.59,1380,1593,100,25,74195,63
2026/07/21 11:24:41.245,0,GPU-03a84180-d660-dbdc-17f4-0e0655717066,494.25,1395,1593,99,23,74195,65
2026/07/21 11:24:41.495,0,GPU-03a84180-d660-dbdc-17f4-0e0655717066,500.88,1395,1593,100,20,74195,66
2026/07/21 11:24:41.745,0,GPU-03a84180-d660-dbdc-17f4-0e0655717066,320.82,1410,1593,100,19,74195,60
2026/07/21 11:24:41.995,0,GPU-03a84180-d660-dbdc-17f4-0e0655717066,310.02,1410,1593,95,80,74195,57
2026/07/21 11:24:42.245,0,GPU-03a84180-d660-dbdc-17f4-0e0655717066,313.32,1410,1593,95,80,74195,56
2026/07/21 11:24:42.496,0,GPU-03a84180-d660-dbdc-17f4-0e0655717066,313.37,1410,1593,95,80,74195,56
2026/07/21 11:24:42.746,0,GPU-03a84180-d660-dbdc-17f4-0e0655717066,308.84,1410,1593,95,80,74195,56
2026/07/21 11:24:42.996,0,GPU-03a84180-d660-dbdc-17f4-0e0655717066,308.25,1410,1593,95,80,74195,55
2026/07/21 11:24:43.246,0,GPU-03a84180-d660-dbdc-17f4-0e0655717066,308.84,1410,1593,95,80,74195,55
2026/07/21 11:24:43.496,0,GPU-03a84180-d660-dbdc-17f4-0e0655717066,312.72,1410,1593,95,80,74195,55
2026/07/21 11:24:43.746,0,GPU-03a84180-d660-dbdc-17f4-0e0655717066,312.40,1410,1593,95,80,74195,55
2026/07/21 11:24:43.996,0,GPU-03a84180-d660-dbdc-17f4-0e0655717066,313.04,1410,1593,95,80,74195,55
2026/07/21 11:24:44.246,0,GPU-03a84180-d660-dbdc-17f4-0e0655717066,312.72,1410,1593,95,80,74195,55
2026/07/21 11:24:44.496,0,GPU-03a84180-d660-dbdc-17f4-0e0655717066,307.92,1410,1593,95,80,74195,55
2026/07/21 11:24:44.746,0,GPU-03a84180-d660-dbdc-17f4-0e0655717066,307.01,1410,1593,95,80,74195,55
2026/07/21 11:24:44.996,0,GPU-03a84180-d660-dbdc-17f4-0e0655717066,306.14,1410,1593,95,80,74195,55
2026/07/21 11:24:45.246,0,GPU-03a84180-d660-dbdc-17f4-0e0655717066,311.21,1410,1593,95,80,74195,55
2026/07/21 11:24:45.496,0,GPU-03a84180-d660-dbdc-17f4-0e0655717066,311.53,1410,1593,95,80,74195,55
2026/07/21 11:24:45.746,0,GPU-03a84180-d660-dbdc-17f4-0e0655717066,306.14,1410,1593,95,80,74195,55
2026/07/21 11:24:45.996,0,GPU-03a84180-d660-dbdc-17f4-0e0655717066,305.23,1410,1593,95,80,74195,55
2026/07/21 11:24:46.246,0,GPU-03a84180-d660-dbdc-17f4-0e0655717066,310.62,1410,1593,95,80,74195,55
2026/07/21 11:24:46.496,0,GPU-03a84180-d660-dbdc-17f4-0e0655717066,310.62,1410,1593,95,80,74195,55
2026/07/21 11:24:46.747,0,GPU-03a84180-d660-dbdc-17f4-0e0655717066,310.29,1410,1593,95,80,74195,55
2026/07/21 11:24:46.997,0,GPU-03a84180-d660-dbdc-17f4-0e0655717066,315.15,1410,1593,95,80,74195,55
2026/07/21 11:24:47.247,0,GPU-03a84180-d660-dbdc-17f4-0e0655717066,313.91,1410,1593,95,80,74195,55
2026/07/21 11:24:47.497,0,GPU-03a84180-d660-dbdc-17f4-0e0655717066,308.51,1410,1593,95,80,74195,55
2026/07/21 11:24:47.747,0,GPU-03a84180-d660-dbdc-17f4-0e0655717066,313.97,1410,1593,95,80,74195,55
2026/07/21 11:24:47.997,0,GPU-03a84180-d660-dbdc-17f4-0e0655717066,313.04,1410,1593,95,80,74195,55
2026/07/21 11:24:48.247,0,GPU-03a84180-d660-dbdc-17f4-0e0655717066,308.84,1410,1593,95,80,74195,55
2026/07/21 11:24:48.497,0,GPU-03a84180-d660-dbdc-17f4-0e0655717066,306.14,1410,1593,95,80,74195,55
2026/07/21 11:24:48.747,0,GPU-03a84180-d660-dbdc-17f4-0e0655717066,312.40,1410,1593,95,80,74195,55
2026/07/21 11:24:48.997,0,GPU-03a84180-d660-dbdc-17f4-0e0655717066,312.40,1410,1593,95,80,74195,55
2026/07/21 11:24:49.247,0,GPU-03a84180-d660-dbdc-17f4-0e0655717066,270.04,1410,1593,95,80,74195,55
2026/07/21 11:24:49.497,0,GPU-03a84180-d660-dbdc-17f4-0e0655717066,506.86,1395,1593,73,29,74195,62
2026/07/21 11:24:49.747,0,GPU-03a84180-d660-dbdc-17f4-0e0655717066,499.37,1380,1593,100,24,74195,65
2026/07/21 11:24:49.998,0,GPU-03a84180-d660-dbdc-17f4-0e0655717066,507.45,1395,1593,100,24,74195,67
2026/07/21 11:24:50.248,0,GPU-03a84180-d660-dbdc-17f4-0e0655717066,501.48,1395,1593,100,20,74195,67
2026/07/21 11:24:50.498,0,GPU-03a84180-d660-dbdc-17f4-0e0655717066,390.26,1395,1593,100,19,74195,68
2026/07/21 11:24:50.748,0,GPU-03a84180-d660-dbdc-17f4-0e0655717066,321.14,1410,1593,96,70,74195,58
2026/07/21 11:24:50.998,0,GPU-03a84180-d660-dbdc-17f4-0e0655717066,311.21,1410,1593,95,80,74195,57
2026/07/21 11:24:51.248,0,GPU-03a84180-d660-dbdc-17f4-0e0655717066,311.53,1410,1593,96,80,74195,57
2026/07/21 11:24:51.498,0,GPU-03a84180-d660-dbdc-17f4-0e0655717066,97.11,1410,1593,85,71,74195,54
2026/07/21 11:24:51.748,0,GPU-03a84180-d660-dbdc-17f4-0e0655717066,93.49,1410,1593,0,0,74195,50
2026/07/21 11:24:51.998,0,GPU-03a84180-d660-dbdc-17f4-0e0655717066,91.29,1410,1593,0,0,74195,49
2026/07/21 11:24:52.248,0,GPU-03a84180-d660-dbdc-17f4-0e0655717066,90.79,1410,1593,0,0,74195,48
2026/07/21 11:24:52.499,0,GPU-03a84180-d660-dbdc-17f4-0e0655717066,442.80,1395,1593,42,10,74195,59
2026/07/21 11:24:52.749,0,GPU-03a84180-d660-dbdc-17f4-0e0655717066,501.15,1380,1593,100,25,74195,63
2026/07/21 11:24:52.999,0,GPU-03a84180-d660-dbdc-17f4-0e0655717066,490.96,1395,1593,100,24,74195,65
2026/07/21 11:24:53.249,0,GPU-03a84180-d660-dbdc-17f4-0e0655717066,494.65,1395,1593,100,19,74195,67
2026/07/21 11:24:53.499,0,GPU-03a84180-d660-dbdc-17f4-0e0655717066,485.07,1395,1593,100,19,74195,67
2026/07/21 11:24:53.749,0,GPU-03a84180-d660-dbdc-17f4-0e0655717066,314.50,1410,1593,97,60,74195,60
2026/07/21 11:24:53.999,0,GPU-03a84180-d660-dbdc-17f4-0e0655717066,308.25,1410,1593,95,80,74195,57
2026/07/21 11:24:54.249,0,GPU-03a84180-d660-dbdc-17f4-0e0655717066,313.04,1410,1593,95,80,74195,56
2026/07/21 11:24:54.499,0,GPU-03a84180-d660-dbdc-17f4-0e0655717066,315.15,1410,1593,95,80,74195,56
2026/07/21 11:24:54.750,0,GPU-03a84180-d660-dbdc-17f4-0e0655717066,314.50,1410,1593,95,80,74195,56
2026/07/21 11:24:55.000,0,GPU-03a84180-d660-dbdc-17f4-0e0655717066,313.91,1410,1593,95,80,74195,56
2026/07/21 11:24:55.250,0,GPU-03a84180-d660-dbdc-17f4-0e0655717066,308.84,1410,1593,95,80,74195,56
2026/07/21 11:24:55.500,0,GPU-03a84180-d660-dbdc-17f4-0e0655717066,307.33,1410,1593,95,80,74195,56
2026/07/21 11:24:55.750,0,GPU-03a84180-d660-dbdc-17f4-0e0655717066,311.53,1410,1593,95,80,74195,56
2026/07/21 11:24:56.000,0,GPU-03a84180-d660-dbdc-17f4-0e0655717066,310.29,1410,1593,95,80,74195,56
2026/07/21 11:24:56.250,0,GPU-03a84180-d660-dbdc-17f4-0e0655717066,313.32,1410,1593,95,80,74195,56
2026/07/21 11:24:56.500,0,GPU-03a84180-d660-dbdc-17f4-0e0655717066,313.04,1410,1593,95,80,74195,55
2026/07/21 11:24:56.750,0,GPU-03a84180-d660-dbdc-17f4-0e0655717066,309.70,1410,1593,95,80,74195,55
2026/07/21 11:24:57.000,0,GPU-03a84180-d660-dbdc-17f4-0e0655717066,308.57,1410,1593,95,80,74195,55
2026/07/21 11:24:57.250,0,GPU-03a84180-d660-dbdc-17f4-0e0655717066,309.10,1410,1593,95,80,74195,55
2026/07/21 11:24:57.500,0,GPU-03a84180-d660-dbdc-17f4-0e0655717066,309.43,1410,1593,95,80,74195,55
2026/07/21 11:24:57.750,0,GPU-03a84180-d660-dbdc-17f4-0e0655717066,308.25,1410,1593,95,80,74195,55
2026/07/21 11:24:58.001,0,GPU-03a84180-d660-dbdc-17f4-0e0655717066,312.13,1410,1593,96,80,74195,55
2026/07/21 11:24:58.251,0,GPU-03a84180-d660-dbdc-17f4-0e0655717066,310.62,1410,1593,95,80,74195,55
2026/07/21 11:24:58.501,0,GPU-03a84180-d660-dbdc-17f4-0e0655717066,309.10,1410,1593,95,80,74195,55
2026/07/21 11:24:58.751,0,GPU-03a84180-d660-dbdc-17f4-0e0655717066,312.40,1410,1593,95,80,74195,55
2026/07/21 11:24:59.001,0,GPU-03a84180-d660-dbdc-17f4-0e0655717066,310.94,1410,1593,95,80,74195,55
2026/07/21 11:24:59.251,0,GPU-03a84180-d660-dbdc-17f4-0e0655717066,314.50,1410,1593,95,80,74195,55
2026/07/21 11:24:59.501,0,GPU-03a84180-d660-dbdc-17f4-0e0655717066,313.32,1410,1593,96,80,74195,55
2026/07/21 11:24:59.752,0,GPU-03a84180-d660-dbdc-17f4-0e0655717066,311.80,1410,1593,95,80,74195,55
2026/07/21 11:25:00.002,0,GPU-03a84180-d660-dbdc-17f4-0e0655717066,315.15,1410,1593,95,80,74195,55
2026/07/21 11:25:00.252,0,GPU-03a84180-d660-dbdc-17f4-0e0655717066,313.64,1410,1593,95,80,74195,55
2026/07/21 11:25:00.502,0,GPU-03a84180-d660-dbdc-17f4-0e0655717066,306.41,1410,1593,95,80,74195,55
2026/07/21 11:25:00.752,0,GPU-03a84180-d660-dbdc-17f4-0e0655717066,308.51,1410,1593,95,80,74195,55
2026/07/21 11:25:01.002,0,GPU-03a84180-d660-dbdc-17f4-0e0655717066,311.80,1410,1593,96,80,74195,55
2026/07/21 11:25:01.252,0,GPU-03a84180-d660-dbdc-17f4-0e0655717066,309.10,1410,1593,95,80,74195,55
2026/07/21 11:25:01.502,0,GPU-03a84180-d660-dbdc-17f4-0e0655717066,308.25,1410,1593,95,80,74195,55
2026/07/21 11:25:01.752,0,GPU-03a84180-d660-dbdc-17f4-0e0655717066,516.18,1410,1593,71,50,74195,56
2026/07/21 11:25:02.002,0,GPU-03a84180-d660-dbdc-17f4-0e0655717066,511.39,1380,1593,100,25,74195,65
2026/07/21 11:25:02.252,0,GPU-03a84180-d660-dbdc-17f4-0e0655717066,481.96,1380,1593,100,24,74195,66
2026/07/21 11:25:02.503,0,GPU-03a84180-d660-dbdc-17f4-0e0655717066,467.57,1395,1593,100,18,74195,66
2026/07/21 11:25:02.753,0,GPU-03a84180-d660-dbdc-17f4-0e0655717066,508.70,1395,1593,100,19,74195,68
2026/07/21 11:25:03.003,0,GPU-03a84180-d660-dbdc-17f4-0e0655717066,335.87,1395,1593,100,19,74195,63
2026/07/21 11:25:03.253,0,GPU-03a84180-d660-dbdc-17f4-0e0655717066,314.83,1410,1593,96,75,74195,59
2026/07/21 11:25:03.503,0,GPU-03a84180-d660-dbdc-17f4-0e0655717066,314.50,1410,1593,95,80,74195,57
2026/07/21 11:25:03.753,0,GPU-03a84180-d660-dbdc-17f4-0e0655717066,317.53,1410,1593,95,80,74195,57
2026/07/21 11:25:04.003,0,GPU-03a84180-d660-dbdc-17f4-0e0655717066,96.52,1410,1593,83,69,74195,52
2026/07/21 11:25:04.253,0,GPU-03a84180-d660-dbdc-17f4-0e0655717066,93.82,1410,1593,0,0,74195,50
2026/07/21 11:25:04.503,0,GPU-03a84180-d660-dbdc-17f4-0e0655717066,91.71,1410,1593,0,0,74195,49
2026/07/21 11:25:04.753,0,GPU-03a84180-d660-dbdc-17f4-0e0655717066,91.39,1410,1593,0,0,74195,48
2026/07/21 11:25:05.003,0,GPU-03a84180-d660-dbdc-17f4-0e0655717066,90.70,1410,1593,0,0,74195,48
2026/07/21 11:25:05.254,0,GPU-03a84180-d660-dbdc-17f4-0e0655717066,90.20,1410,1593,0,0,74195,47
2026/07/21 11:25:05.504,0,GPU-03a84180-d660-dbdc-17f4-0e0655717066,429.73,1410,1593,0,0,74195,54
2026/07/21 11:25:05.754,0,GPU-03a84180-d660-dbdc-17f4-0e0655717066,506.27,1395,1593,40,10,74195,62
2026/07/21 11:25:06.004,0,GPU-03a84180-d660-dbdc-17f4-0e0655717066,503.89,1380,1593,100,25,74195,65
2026/07/21 11:25:06.254,0,GPU-03a84180-d660-dbdc-17f4-0e0655717066,502.98,1410,1593,100,21,74195,66
2026/07/21 11:25:06.504,0,GPU-03a84180-d660-dbdc-17f4-0e0655717066,501.48,1380,1593,100,19,74195,67
2026/07/21 11:25:06.754,0,GPU-03a84180-d660-dbdc-17f4-0e0655717066,509.29,1395,1593,99,23,74195,62
2026/07/21 11:25:07.004,0,GPU-03a84180-d660-dbdc-17f4-0e0655717066,316.93,1410,1593,95,80,74195,60
2026/07/21 11:25:07.254,0,GPU-03a84180-d660-dbdc-17f4-0e0655717066,315.74,1410,1593,95,80,74195,57
2026/07/21 11:25:07.504,0,GPU-03a84180-d660-dbdc-17f4-0e0655717066,316.35,1410,1593,95,80,74195,56
2026/07/21 11:25:07.754,0,GPU-03a84180-d660-dbdc-17f4-0e0655717066,313.32,1410,1593,96,80,74195,56
2026/07/21 11:25:08.005,0,GPU-03a84180-d660-dbdc-17f4-0e0655717066,311.80,1410,1593,95,80,74195,56
2026/07/21 11:25:08.255,0,GPU-03a84180-d660-dbdc-17f4-0e0655717066,313.91,1410,1593,95,80,74195,56
2026/07/21 11:25:08.505,0,GPU-03a84180-d660-dbdc-17f4-0e0655717066,310.62,1410,1593,95,80,74195,56
2026/07/21 11:25:08.755,0,GPU-03a84180-d660-dbdc-17f4-0e0655717066,312.13,1410,1593,96,80,74195,55
2026/07/21 11:25:09.005,0,GPU-03a84180-d660-dbdc-17f4-0e0655717066,312.40,1410,1593,95,79,74195,55
2026/07/21 11:25:09.255,0,GPU-03a84180-d660-dbdc-17f4-0e0655717066,309.43,1410,1593,95,80,74195,55
2026/07/21 11:25:09.505,0,GPU-03a84180-d660-dbdc-17f4-0e0655717066,310.02,1410,1593,96,80,74195,55
2026/07/21 11:25:09.755,0,GPU-03a84180-d660-dbdc-17f4-0e0655717066,307.33,1410,1593,95,80,74195,55
2026/07/21 11:25:10.005,0,GPU-03a84180-d660-dbdc-17f4-0e0655717066,308.25,1410,1593,96,80,74195,55
2026/07/21 11:25:10.255,0,GPU-03a84180-d660-dbdc-17f4-0e0655717066,315.42,1410,1593,95,79,74195,55
2026/07/21 11:25:10.505,0,GPU-03a84180-d660-dbdc-17f4-0e0655717066,316.61,1410,1593,95,79,74195,55
2026/07/21 11:25:10.756,0,GPU-03a84180-d660-dbdc-17f4-0e0655717066,313.64,1410,1593,96,80,74195,55
2026/07/21 11:25:11.006,0,GPU-03a84180-d660-dbdc-17f4-0e0655717066,310.29,1410,1593,95,80,74195,55
2026/07/21 11:25:11.256,0,GPU-03a84180-d660-dbdc-17f4-0e0655717066,311.80,1410,1593,95,80,74195,55
2026/07/21 11:25:11.506,0,GPU-03a84180-d660-dbdc-17f4-0e0655717066,309.70,1410,1593,96,80,74195,55
2026/07/21 11:25:11.756,0,GPU-03a84180-d660-dbdc-17f4-0e0655717066,309.43,1410,1593,95,80,74195,55
2026/07/21 11:25:12.006,0,GPU-03a84180-d660-dbdc-17f4-0e0655717066,310.29,1410,1593,95,80,74195,55
2026/07/21 11:25:12.257,0,GPU-03a84180-d660-dbdc-17f4-0e0655717066,306.74,1410,1593,95,80,74195,55
2026/07/21 11:25:12.507,0,GPU-03a84180-d660-dbdc-17f4-0e0655717066,306.74,1410,1593,95,79,74195,55
2026/07/21 11:25:12.757,0,GPU-03a84180-d660-dbdc-17f4-0e0655717066,311.54,1410,1593,95,80,74195,55
2026/07/21 11:25:13.007,0,GPU-03a84180-d660-dbdc-17f4-0e0655717066,314.83,1410,1593,95,80,74195,55
2026/07/21 11:25:13.257,0,GPU-03a84180-d660-dbdc-17f4-0e0655717066,312.13,1410,1593,95,80,74195,55
2026/07/21 11:25:13.507,0,GPU-03a84180-d660-dbdc-17f4-0e0655717066,313.04,1410,1593,96,80,74195,55
2026/07/21 11:25:13.757,0,GPU-03a84180-d660-dbdc-17f4-0e0655717066,310.94,1410,1593,95,80,74195,55
2026/07/21 11:25:14.007,0,GPU-03a84180-d660-dbdc-17f4-0e0655717066,307.60,1410,1593,95,80,74195,55
2026/07/21 11:25:14.257,0,GPU-03a84180-d660-dbdc-17f4-0e0655717066,314.83,1410,1593,95,79,74195,55
2026/07/21 11:25:14.507,0,GPU-03a84180-d660-dbdc-17f4-0e0655717066,311.53,1410,1593,95,79,74195,55
2026/07/21 11:25:14.757,0,GPU-03a84180-d660-dbdc-17f4-0e0655717066,312.40,1410,1593,95,80,74195,55
2026/07/21 11:25:15.008,0,GPU-03a84180-d660-dbdc-17f4-0e0655717066,309.10,1410,1593,95,80,74195,55
2026/07/21 11:25:15.258,0,GPU-03a84180-d660-dbdc-17f4-0e0655717066,310.29,1410,1593,95,80,74195,55
2026/07/21 11:25:15.508,0,GPU-03a84180-d660-dbdc-17f4-0e0655717066,308.84,1410,1593,96,80,74195,55
2026/07/21 11:25:15.758,0,GPU-03a84180-d660-dbdc-17f4-0e0655717066,313.64,1410,1593,95,80,74195,55
2026/07/21 11:25:16.008,0,GPU-03a84180-d660-dbdc-17f4-0e0655717066,306.74,1410,1593,96,80,74195,55
2026/07/21 11:25:16.258,0,GPU-03a84180-d660-dbdc-17f4-0e0655717066,313.04,1410,1593,95,80,74195,55
2026/07/21 11:25:16.508,0,GPU-03a84180-d660-dbdc-17f4-0e0655717066,309.70,1410,1593,95,80,74195,55
2026/07/21 11:25:16.758,0,GPU-03a84180-d660-dbdc-17f4-0e0655717066,308.51,1410,1593,95,80,74195,55
2026/07/21 11:25:17.008,0,GPU-03a84180-d660-dbdc-17f4-0e0655717066,307.33,1410,1593,95,79,74195,55
2026/07/21 11:25:17.258,0,GPU-03a84180-d660-dbdc-17f4-0e0655717066,313.64,1410,1593,95,80,74195,55
2026/07/21 11:25:17.508,0,GPU-03a84180-d660-dbdc-17f4-0e0655717066,310.62,1410,1593,95,79,74195,55
2026/07/21 11:25:17.759,0,GPU-03a84180-d660-dbdc-17f4-0e0655717066,310.95,1410,1593,96,80,74195,55
2026/07/21 11:25:18.009,0,GPU-03a84180-d660-dbdc-17f4-0e0655717066,307.92,1410,1593,95,80,74195,55
2026/07/21 11:25:18.259,0,GPU-03a84180-d660-dbdc-17f4-0e0655717066,306.14,1410,1593,96,80,74195,55
2026/07/21 11:25:18.509,0,GPU-03a84180-d660-dbdc-17f4-0e0655717066,312.40,1410,1593,95,79,74195,55
2026/07/21 11:25:18.759,0,GPU-03a84180-d660-dbdc-17f4-0e0655717066,309.10,1410,1593,96,80,74195,55
2026/07/21 11:25:19.009,0,GPU-03a84180-d660-dbdc-17f4-0e0655717066,309.10,1410,1593,95,80,74195,55
2026/07/21 11:25:19.259,0,GPU-03a84180-d660-dbdc-17f4-0e0655717066,315.75,1410,1593,96,80,74195,55
2026/07/21 11:25:19.509,0,GPU-03a84180-d660-dbdc-17f4-0e0655717066,313.91,1410,1593,95,80,74195,55
2026/07/21 11:25:19.759,0,GPU-03a84180-d660-dbdc-17f4-0e0655717066,314.50,1410,1593,95,80,74195,55
2026/07/21 11:25:20.009,0,GPU-03a84180-d660-dbdc-17f4-0e0655717066,313.04,1410,1593,96,80,74195,55
2026/07/21 11:25:20.260,0,GPU-03a84180-d660-dbdc-17f4-0e0655717066,313.32,1410,1593,95,80,74195,55
2026/07/21 11:25:20.510,0,GPU-03a84180-d660-dbdc-17f4-0e0655717066,310.35,1410,1593,96,80,74195,55
2026/07/21 11:25:20.760,0,GPU-03a84180-d660-dbdc-17f4-0e0655717066,310.94,1410,1593,95,80,74195,55
2026/07/21 11:25:21.010,0,GPU-03a84180-d660-dbdc-17f4-0e0655717066,307.01,1410,1593,95,80,74195,55
2026/07/21 11:25:21.260,0,GPU-03a84180-d660-dbdc-17f4-0e0655717066,307.60,1410,1593,96,80,74195,55
2026/07/21 11:25:21.510,0,GPU-03a84180-d660-dbdc-17f4-0e0655717066,313.32,1410,1593,95,80,74195,55
2026/07/21 11:25:21.760,0,GPU-03a84180-d660-dbdc-17f4-0e0655717066,311.53,1410,1593,95,80,74195,55
2026/07/21 11:25:22.011,0,GPU-03a84180-d660-dbdc-17f4-0e0655717066,310.62,1410,1593,95,80,74195,55
2026/07/21 11:25:22.261,0,GPU-03a84180-d660-dbdc-17f4-0e0655717066,307.01,1410,1593,96,80,74195,55
2026/07/21 11:25:22.511,0,GPU-03a84180-d660-dbdc-17f4-0e0655717066,304.90,1410,1593,95,80,74195,55
2026/07/21 11:25:22.761,0,GPU-03a84180-d660-dbdc-17f4-0e0655717066,311.21,1410,1593,95,80,74195,55
2026/07/21 11:25:23.011,0,GPU-03a84180-d660-dbdc-17f4-0e0655717066,313.32,1410,1593,96,80,74195,55
2026/07/21 11:25:23.261,0,GPU-03a84180-d660-dbdc-17f4-0e0655717066,310.94,1410,1593,95,80,74195,55
2026/07/21 11:25:23.511,0,GPU-03a84180-d660-dbdc-17f4-0e0655717066,308.25,1410,1593,96,80,74195,55
2026/07/21 11:25:23.761,0,GPU-03a84180-d660-dbdc-17f4-0e0655717066,311.21,1410,1593,95,80,74195,55
2026/07/21 11:25:24.011,0,GPU-03a84180-d660-dbdc-17f4-0e0655717066,308.51,1410,1593,95,80,74195,55
2026/07/21 11:25:24.261,0,GPU-03a84180-d660-dbdc-17f4-0e0655717066,308.25,1410,1593,95,80,74195,55
2026/07/21 11:25:24.511,0,GPU-03a84180-d660-dbdc-17f4-0e0655717066,314.83,1410,1593,95,80,74195,55
2026/07/21 11:25:24.762,0,GPU-03a84180-d660-dbdc-17f4-0e0655717066,312.40,1410,1593,95,80,74195,55
2026/07/21 11:25:25.012,0,GPU-03a84180-d660-dbdc-17f4-0e0655717066,311.53,1410,1593,95,80,74195,55
2026/07/21 11:25:25.262,0,GPU-03a84180-d660-dbdc-17f4-0e0655717066,308.25,1410,1593,95,80,74195,55
2026/07/21 11:25:25.512,0,GPU-03a84180-d660-dbdc-17f4-0e0655717066,308.51,1410,1593,96,80,74195,55
2026/07/21 11:25:25.762,0,GPU-03a84180-d660-dbdc-17f4-0e0655717066,314.83,1410,1593,95,80,74195,55
2026/07/21 11:25:26.012,0,GPU-03a84180-d660-dbdc-17f4-0e0655717066,315.42,1410,1593,95,80,74195,55
2026/07/21 11:25:26.262,0,GPU-03a84180-d660-dbdc-17f4-0e0655717066,311.21,1410,1593,95,80,74195,55
2026/07/21 11:25:26.512,0,GPU-03a84180-d660-dbdc-17f4-0e0655717066,307.60,1410,1593,95,80,74195,55
2026/07/21 11:25:26.763,0,GPU-03a84180-d660-dbdc-17f4-0e0655717066,311.21,1410,1593,96,80,74195,55
2026/07/21 11:25:27.013,0,GPU-03a84180-d660-dbdc-17f4-0e0655717066,307.92,1410,1593,95,80,74195,55
2026/07/21 11:25:27.263,0,GPU-03a84180-d660-dbdc-17f4-0e0655717066,307.01,1410,1593,95,80,74195,55
2026/07/21 11:25:27.513,0,GPU-03a84180-d660-dbdc-17f4-0e0655717066,314.50,1410,1593,95,80,74195,55
2026/07/21 11:25:27.763,0,GPU-03a84180-d660-dbdc-17f4-0e0655717066,310.94,1410,1593,96,80,74195,55
2026/07/21 11:25:28.013,0,GPU-03a84180-d660-dbdc-17f4-0e0655717066,498.18,1395,1593,81,20,74195,58
2026/07/21 11:25:28.264,0,GPU-03a84180-d660-dbdc-17f4-0e0655717066,503.57,1395,1593,100,25,74195,64
2026/07/21 11:25:28.514,0,GPU-03a84180-d660-dbdc-17f4-0e0655717066,511.39,1395,1593,100,24,74195,66
2026/07/21 11:25:28.764,0,GPU-03a84180-d660-dbdc-17f4-0e0655717066,492.88,1395,1593,100,18,74195,67
2026/07/21 11:25:29.014,0,GPU-03a84180-d660-dbdc-17f4-0e0655717066,491.88,1380,1593,100,18,74195,67
2026/07/21 11:25:29.264,0,GPU-03a84180-d660-dbdc-17f4-0e0655717066,461.86,1395,1593,100,19,74195,67
2026/07/21 11:25:29.514,0,GPU-03a84180-d660-dbdc-17f4-0e0655717066,505.68,1410,1593,99,33,74195,61
2026/07/21 11:25:29.764,0,GPU-03a84180-d660-dbdc-17f4-0e0655717066,319.63,1410,1593,96,80,74195,58
2026/07/21 11:25:30.015,0,GPU-03a84180-d660-dbdc-17f4-0e0655717066,313.04,1410,1593,95,80,74195,57
2026/07/21 11:25:30.265,0,GPU-03a84180-d660-dbdc-17f4-0e0655717066,317.25,1410,1593,96,80,74195,56
2026/07/21 11:25:30.515,0,GPU-03a84180-d660-dbdc-17f4-0e0655717066,145.24,1410,1593,61,51,74195,52
2026/07/21 11:25:30.765,0,GPU-03a84180-d660-dbdc-17f4-0e0655717066,92.63,1410,1593,0,0,74195,50
2026/07/21 11:25:31.015,0,GPU-03a84180-d660-dbdc-17f4-0e0655717066,91.98,1410,1593,0,0,74195,49
2026/07/21 11:25:31.265,0,GPU-03a84180-d660-dbdc-17f4-0e0655717066,486.16,1395,1593,0,0,74195,58
2026/07/21 11:25:31.515,0,GPU-03a84180-d660-dbdc-17f4-0e0655717066,510.20,1395,1593,100,25,74195,63
2026/07/21 11:25:31.766,0,GPU-03a84180-d660-dbdc-17f4-0e0655717066,508.37,1380,1593,100,25,74195,65
2026/07/21 11:25:32.016,0,GPU-03a84180-d660-dbdc-17f4-0e0655717066,493.66,1395,1593,100,20,74195,67
2026/07/21 11:25:32.266,0,GPU-03a84180-d660-dbdc-17f4-0e0655717066,487.35,1380,1593,100,18,74195,67
2026/07/21 11:25:32.516,0,GPU-03a84180-d660-dbdc-17f4-0e0655717066,468.49,1395,1593,100,18,74195,67
2026/07/21 11:25:32.766,0,GPU-03a84180-d660-dbdc-17f4-0e0655717066,396.24,1395,1593,100,16,74195,63
2026/07/21 11:25:33.016,0,GPU-03a84180-d660-dbdc-17f4-0e0655717066,330.47,1410,1593,96,69,74195,59
2026/07/21 11:25:33.266,0,GPU-03a84180-d660-dbdc-17f4-0e0655717066,312.13,1410,1593,95,80,74195,58
2026/07/21 11:25:33.516,0,GPU-03a84180-d660-dbdc-17f4-0e0655717066,317.53,1410,1593,96,80,74195,57
2026/07/21 11:25:33.767,0,GPU-03a84180-d660-dbdc-17f4-0e0655717066,313.91,1410,1593,95,80,74195,56
2026/07/21 11:25:34.017,0,GPU-03a84180-d660-dbdc-17f4-0e0655717066,310.95,1410,1593,96,80,74195,56
2026/07/21 11:25:34.267,0,GPU-03a84180-d660-dbdc-17f4-0e0655717066,315.74,1410,1593,95,80,74195,56
2026/07/21 11:25:34.517,0,GPU-03a84180-d660-dbdc-17f4-0e0655717066,314.23,1410,1593,96,80,74195,56
2026/07/21 11:25:34.767,0,GPU-03a84180-d660-dbdc-17f4-0e0655717066,311.86,1410,1593,96,80,74195,56
2026/07/21 11:25:35.017,0,GPU-03a84180-d660-dbdc-17f4-0e0655717066,310.29,1410,1593,95,80,74195,56
2026/07/21 11:25:35.267,0,GPU-03a84180-d660-dbdc-17f4-0e0655717066,314.50,1410,1593,96,80,74195,56
2026/07/21 11:25:35.517,0,GPU-03a84180-d660-dbdc-17f4-0e0655717066,308.51,1410,1593,95,80,74195,56
2026/07/21 11:25:35.767,0,GPU-03a84180-d660-dbdc-17f4-0e0655717066,316.35,1410,1593,95,80,74195,56
2026/07/21 11:25:36.018,0,GPU-03a84180-d660-dbdc-17f4-0e0655717066,311.80,1410,1593,96,80,74195,56
2026/07/21 11:25:36.268,0,GPU-03a84180-d660-dbdc-17f4-0e0655717066,308.84,1410,1593,95,80,74195,56
2026/07/21 11:25:36.518,0,GPU-03a84180-d660-dbdc-17f4-0e0655717066,316.61,1410,1593,95,80,74195,56
2026/07/21 11:25:36.768,0,GPU-03a84180-d660-dbdc-17f4-0e0655717066,310.35,1410,1593,95,80,74195,56
2026/07/21 11:25:37.018,0,GPU-03a84180-d660-dbdc-17f4-0e0655717066,316.93,1410,1593,95,80,74195,55
2026/07/21 11:25:37.268,0,GPU-03a84180-d660-dbdc-17f4-0e0655717066,312.72,1410,1593,96,81,74195,55
2026/07/21 11:25:37.518,0,GPU-03a84180-d660-dbdc-17f4-0e0655717066,311.53,1410,1593,96,81,74195,55
2026/07/21 11:25:37.768,0,GPU-03a84180-d660-dbdc-17f4-0e0655717066,315.15,1410,1593,95,80,74195,55
2026/07/21 11:25:38.018,0,GPU-03a84180-d660-dbdc-17f4-0e0655717066,313.91,1410,1593,95,80,74195,55
2026/07/21 11:25:38.268,0,GPU-03a84180-d660-dbdc-17f4-0e0655717066,309.43,1410,1593,96,81,74195,55
2026/07/21 11:25:38.518,0,GPU-03a84180-d660-dbdc-17f4-0e0655717066,314.23,1410,1593,95,80,74195,55
2026/07/21 11:25:38.769,0,GPU-03a84180-d660-dbdc-17f4-0e0655717066,314.83,1410,1593,95,80,74195,55
2026/07/21 11:25:39.019,0,GPU-03a84180-d660-dbdc-17f4-0e0655717066,309.70,1410,1593,96,80,74195,55
2026/07/21 11:25:39.269,0,GPU-03a84180-d660-dbdc-17f4-0e0655717066,319.95,1410,1593,95,80,74195,55
2026/07/21 11:25:39.519,0,GPU-03a84180-d660-dbdc-17f4-0e0655717066,314.23,1410,1593,96,81,74195,55
2026/07/21 11:25:39.769,0,GPU-03a84180-d660-dbdc-17f4-0e0655717066,311.53,1410,1593,96,81,74195,55
2026/07/21 11:25:40.019,0,GPU-03a84180-d660-dbdc-17f4-0e0655717066,316.67,1410,1593,95,80,74195,55
2026/07/21 11:25:40.270,0,GPU-03a84180-d660-dbdc-17f4-0e0655717066,311.21,1410,1593,96,81,74195,55
2026/07/21 11:25:40.520,0,GPU-03a84180-d660-dbdc-17f4-0e0655717066,310.29,1410,1593,95,80,74195,55
2026/07/21 11:25:40.770,0,GPU-03a84180-d660-dbdc-17f4-0e0655717066,314.23,1410,1593,95,80,74195,55
2026/07/21 11:25:41.020,0,GPU-03a84180-d660-dbdc-17f4-0e0655717066,311.80,1410,1593,96,81,74195,55
2026/07/21 11:25:41.270,0,GPU-03a84180-d660-dbdc-17f4-0e0655717066,316.34,1410,1593,95,80,74195,55
2026/07/21 11:25:41.520,0,GPU-03a84180-d660-dbdc-17f4-0e0655717066,312.73,1410,1593,96,81,74195,55
2026/07/21 11:25:41.770,0,GPU-03a84180-d660-dbdc-17f4-0e0655717066,310.94,1410,1593,95,80,74195,55
2026/07/21 11:25:42.020,0,GPU-03a84180-d660-dbdc-17f4-0e0655717066,315.74,1410,1593,95,80,74195,55
2026/07/21 11:25:42.270,0,GPU-03a84180-d660-dbdc-17f4-0e0655717066,313.04,1410,1593,96,81,74195,55
2026/07/21 11:25:42.520,0,GPU-03a84180-d660-dbdc-17f4-0e0655717066,313.97,1410,1593,95,80,74195,55
2026/07/21 11:25:42.770,0,GPU-03a84180-d660-dbdc-17f4-0e0655717066,313.04,1410,1593,95,80,74195,55
2026/07/21 11:25:43.021,0,GPU-03a84180-d660-dbdc-17f4-0e0655717066,310.29,1410,1593,96,81,74195,55
2026/07/21 11:25:43.271,0,GPU-03a84180-d660-dbdc-17f4-0e0655717066,314.50,1410,1593,95,80,74195,55
2026/07/21 11:25:43.521,0,GPU-03a84180-d660-dbdc-17f4-0e0655717066,311.86,1410,1593,95,81,74195,55
2026/07/21 11:25:43.771,0,GPU-03a84180-d660-dbdc-17f4-0e0655717066,247.82,1410,1593,68,40,74195,60
2026/07/21 11:25:44.021,0,GPU-03a84180-d660-dbdc-17f4-0e0655717066,497.27,1395,1593,100,25,74195,64
2026/07/21 11:25:44.271,0,GPU-03a84180-d660-dbdc-17f4-0e0655717066,495.17,1395,1593,100,25,74195,66
2026/07/21 11:25:44.521,0,GPU-03a84180-d660-dbdc-17f4-0e0655717066,491.88,1395,1593,100,21,74195,66
2026/07/21 11:25:44.771,0,GPU-03a84180-d660-dbdc-17f4-0e0655717066,512.63,1395,1593,100,18,74195,68
2026/07/21 11:25:45.021,0,GPU-03a84180-d660-dbdc-17f4-0e0655717066,462.77,1395,1593,100,18,74195,68
2026/07/21 11:25:45.272,0,GPU-03a84180-d660-dbdc-17f4-0e0655717066,506.27,1410,1593,100,18,74195,68
2026/07/21 11:25:45.522,0,GPU-03a84180-d660-dbdc-17f4-0e0655717066,330.15,1410,1593,100,17,74195,61
2026/07/21 11:25:45.772,0,GPU-03a84180-d660-dbdc-17f4-0e0655717066,320.55,1410,1593,96,81,74195,59
2026/07/21 11:25:46.022,0,GPU-03a84180-d660-dbdc-17f4-0e0655717066,316.61,1410,1593,96,81,74195,58
2026/07/21 11:25:46.272,0,GPU-03a84180-d660-dbdc-17f4-0e0655717066,317.53,1410,1593,96,81,74195,57
2026/07/21 11:25:46.522,0,GPU-03a84180-d660-dbdc-17f4-0e0655717066,94.09,1410,1593,93,78,74195,53
2026/07/21 11:25:46.773,0,GPU-03a84180-d660-dbdc-17f4-0e0655717066,92.30,1410,1593,0,0,74195,50
2026/07/21 11:25:47.023,0,GPU-03a84180-d660-dbdc-17f4-0e0655717066,425.53,1410,1593,36,9,74195,59
2026/07/21 11:25:47.273,0,GPU-03a84180-d660-dbdc-17f4-0e0655717066,513.55,1395,1593,100,25,74195,64
2026/07/21 11:25:47.523,0,GPU-03a84180-d660-dbdc-17f4-0e0655717066,469.35,1380,1593,100,24,74195,66
2026/07/21 11:25:47.773,0,GPU-03a84180-d660-dbdc-17f4-0e0655717066,493.66,1395,1593,100,18,74195,67
2026/07/21 11:25:48.023,0,GPU-03a84180-d660-dbdc-17f4-0e0655717066,507.19,1380,1593,100,19,74195,68
2026/07/21 11:25:48.273,0,GPU-03a84180-d660-dbdc-17f4-0e0655717066,478.08,1395,1593,100,18,74195,68
2026/07/21 11:25:48.523,0,GPU-03a84180-d660-dbdc-17f4-0e0655717066,485.24,1395,1593,100,17,74195,68
2026/07/21 11:25:48.773,0,GPU-03a84180-d660-dbdc-17f4-0e0655717066,369.48,1410,1593,100,16,74195,62
2026/07/21 11:25:49.023,0,GPU-03a84180-d660-dbdc-17f4-0e0655717066,324.43,1410,1593,95,80,74195,59
2026/07/21 11:25:49.273,0,GPU-03a84180-d660-dbdc-17f4-0e0655717066,321.80,1410,1593,96,81,74195,58
2026/07/21 11:25:49.523,0,GPU-03a84180-d660-dbdc-17f4-0e0655717066,316.02,1410,1593,95,80,74195,57
2026/07/21 11:25:49.774,0,GPU-03a84180-d660-dbdc-17f4-0e0655717066,320.23,1410,1593,96,81,74195,57
2026/07/21 11:25:50.024,0,GPU-03a84180-d660-dbdc-17f4-0e0655717066,315.15,1410,1593,95,81,74195,57
2026/07/21 11:25:50.274,0,GPU-03a84180-d660-dbdc-17f4-0e0655717066,318.71,1410,1593,95,81,74195,57
2026/07/21 11:25:50.524,0,GPU-03a84180-d660-dbdc-17f4-0e0655717066,314.50,1410,1593,96,81,74195,57
2026/07/21 11:25:50.774,0,GPU-03a84180-d660-dbdc-17f4-0e0655717066,319.95,1410,1593,96,81,74195,57
2026/07/21 11:25:51.024,0,GPU-03a84180-d660-dbdc-17f4-0e0655717066,314.23,1410,1593,95,80,74195,56
2026/07/21 11:25:51.274,0,GPU-03a84180-d660-dbdc-17f4-0e0655717066,321.73,1410,1593,95,81,74195,56
2026/07/21 11:25:51.524,0,GPU-03a84180-d660-dbdc-17f4-0e0655717066,313.91,1410,1593,95,80,74195,56
2026/07/21 11:25:51.774,0,GPU-03a84180-d660-dbdc-17f4-0e0655717066,318.44,1410,1593,96,81,74195,56
2026/07/21 11:25:52.024,0,GPU-03a84180-d660-dbdc-17f4-0e0655717066,313.97,1410,1593,95,81,74195,56
2026/07/21 11:25:52.274,0,GPU-03a84180-d660-dbdc-17f4-0e0655717066,318.71,1410,1593,95,80,74195,56
2026/07/21 11:25:52.525,0,GPU-03a84180-d660-dbdc-17f4-0e0655717066,313.32,1410,1593,96,81,74195,56
2026/07/21 11:25:52.775,0,GPU-03a84180-d660-dbdc-17f4-0e0655717066,319.04,1410,1593,96,81,74195,56
2026/07/21 11:25:53.025,0,GPU-03a84180-d660-dbdc-17f4-0e0655717066,309.70,1410,1593,95,80,74195,56
2026/07/21 11:25:53.275,0,GPU-03a84180-d660-dbdc-17f4-0e0655717066,315.48,1410,1593,95,80,74195,56
2026/07/21 11:25:53.525,0,GPU-03a84180-d660-dbdc-17f4-0e0655717066,313.04,1410,1593,96,81,74195,56
2026/07/21 11:25:53.775,0,GPU-03a84180-d660-dbdc-17f4-0e0655717066,315.42,1410,1593,96,81,74195,56
2026/07/21 11:25:54.025,0,GPU-03a84180-d660-dbdc-17f4-0e0655717066,311.86,1410,1593,95,81,74195,56
2026/07/21 11:25:54.275,0,GPU-03a84180-d660-dbdc-17f4-0e0655717066,317.25,1410,1593,95,81,74195,56
2026/07/21 11:25:54.525,0,GPU-03a84180-d660-dbdc-17f4-0e0655717066,315.15,1410,1593,96,81,74195,56
2026/07/21 11:25:54.775,0,GPU-03a84180-d660-dbdc-17f4-0e0655717066,316.02,1410,1593,96,81,74195,56
2026/07/21 11:25:55.025,0,GPU-03a84180-d660-dbdc-17f4-0e0655717066,312.40,1410,1593,95,81,74195,56
2026/07/21 11:25:55.275,0,GPU-03a84180-d660-dbdc-17f4-0e0655717066,316.93,1410,1593,96,81,74195,56
2026/07/21 11:25:55.526,0,GPU-03a84180-d660-dbdc-17f4-0e0655717066,312.72,1410,1593,96,81,74195,56
2026/07/21 11:25:55.776,0,GPU-03a84180-d660-dbdc-17f4-0e0655717066,316.67,1410,1593,96,81,74195,56
2026/07/21 11:25:56.026,0,GPU-03a84180-d660-dbdc-17f4-0e0655717066,311.21,1410,1593,96,81,74195,56
2026/07/21 11:25:56.276,0,GPU-03a84180-d660-dbdc-17f4-0e0655717066,315.42,1410,1593,95,80,74195,55
2026/07/21 11:25:56.526,0,GPU-03a84180-d660-dbdc-17f4-0e0655717066,311.53,1410,1593,96,81,74195,55
2026/07/21 11:25:56.776,0,GPU-03a84180-d660-dbdc-17f4-0e0655717066,315.42,1410,1593,96,81,74195,55
2026/07/21 11:25:57.026,0,GPU-03a84180-d660-dbdc-17f4-0e0655717066,310.29,1410,1593,95,81,74195,55
2026/07/21 11:25:57.276,0,GPU-03a84180-d660-dbdc-17f4-0e0655717066,315.42,1410,1593,96,81,74195,55
2026/07/21 11:25:57.526,0,GPU-03a84180-d660-dbdc-17f4-0e0655717066,318.71,1410,1593,95,81,74195,55
2026/07/21 11:25:57.776,0,GPU-03a84180-d660-dbdc-17f4-0e0655717066,314.23,1410,1593,96,81,74195,55
2026/07/21 11:25:58.026,0,GPU-03a84180-d660-dbdc-17f4-0e0655717066,313.37,1410,1593,95,81,74195,55
2026/07/21 11:25:58.276,0,GPU-03a84180-d660-dbdc-17f4-0e0655717066,315.15,1410,1593,96,81,74195,55
2026/07/21 11:25:58.527,0,GPU-03a84180-d660-dbdc-17f4-0e0655717066,313.32,1410,1593,95,81,74195,55
2026/07/21 11:25:58.777,0,GPU-03a84180-d660-dbdc-17f4-0e0655717066,312.73,1410,1593,96,81,74195,55
2026/07/21 11:25:59.027,0,GPU-03a84180-d660-dbdc-17f4-0e0655717066,320.55,1410,1593,95,81,74195,55
2026/07/21 11:25:59.277,0,GPU-03a84180-d660-dbdc-17f4-0e0655717066,311.80,1410,1593,96,81,74195,55
2026/07/21 11:25:59.527,0,GPU-03a84180-d660-dbdc-17f4-0e0655717066,317.25,1410,1593,95,80,74195,55
2026/07/21 11:25:59.777,0,GPU-03a84180-d660-dbdc-17f4-0e0655717066,310.03,1410,1593,95,81,74195,55
2026/07/21 11:26:00.027,0,GPU-03a84180-d660-dbdc-17f4-0e0655717066,314.83,1410,1593,96,81,74195,55
2026/07/21 11:26:00.277,0,GPU-03a84180-d660-dbdc-17f4-0e0655717066,317.85,1410,1593,95,80,74195,55
2026/07/21 11:26:00.527,0,GPU-03a84180-d660-dbdc-17f4-0e0655717066,311.21,1410,1593,96,81,74195,55
2026/07/21 11:26:00.777,0,GPU-03a84180-d660-dbdc-17f4-0e0655717066,316.61,1410,1593,96,81,74195,55
2026/07/21 11:26:01.027,0,GPU-03a84180-d660-dbdc-17f4-0e0655717066,317.85,1410,1593,94,79,74195,55
2026/07/21 11:26:01.278,0,GPU-03a84180-d660-dbdc-17f4-0e0655717066,310.62,1410,1593,95,80,74195,55
2026/07/21 11:26:01.528,0,GPU-03a84180-d660-dbdc-17f4-0e0655717066,315.42,1410,1593,95,81,74195,55
2026/07/21 11:26:01.778,0,GPU-03a84180-d660-dbdc-17f4-0e0655717066,316.93,1410,1593,95,80,74195,55
2026/07/21 11:26:02.028,0,GPU-03a84180-d660-dbdc-17f4-0e0655717066,311.80,1410,1593,95,80,74195,55
2026/07/21 11:26:02.278,0,GPU-03a84180-d660-dbdc-17f4-0e0655717066,314.50,1410,1593,94,80,74195,55
2026/07/21 11:26:02.528,0,GPU-03a84180-d660-dbdc-17f4-0e0655717066,309.16,1410,1593,95,80,74195,55
2026/07/21 11:26:02.778,0,GPU-03a84180-d660-dbdc-17f4-0e0655717066,310.29,1410,1593,95,80,74195,55
2026/07/21 11:26:03.028,0,GPU-03a84180-d660-dbdc-17f4-0e0655717066,314.50,1410,1593,95,80,74195,55
2026/07/21 11:26:03.278,0,GPU-03a84180-d660-dbdc-17f4-0e0655717066,317.25,1410,1593,95,80,74195,55
2026/07/21 11:26:03.528,0,GPU-03a84180-d660-dbdc-17f4-0e0655717066,306.74,1410,1593,95,80,74195,55
2026/07/21 11:26:03.778,0,GPU-03a84180-d660-dbdc-17f4-0e0655717066,311.21,1410,1593,94,79,74195,55
2026/07/21 11:26:04.028,0,GPU-03a84180-d660-dbdc-17f4-0e0655717066,313.04,1410,1593,95,80,74195,55
2026/07/21 11:26:04.279,0,GPU-03a84180-d660-dbdc-17f4-0e0655717066,316.67,1410,1593,94,79,74195,55
2026/07/21 11:26:04.529,0,GPU-03a84180-d660-dbdc-17f4-0e0655717066,319.95,1410,1593,95,80,74195,55
2026/07/21 11:26:04.779,0,GPU-03a84180-d660-dbdc-17f4-0e0655717066,310.29,1410,1593,95,80,74195,55
2026/07/21 11:26:05.029,0,GPU-03a84180-d660-dbdc-17f4-0e0655717066,318.45,1410,1593,96,81,74195,55
2026/07/21 11:26:05.279,0,GPU-03a84180-d660-dbdc-17f4-0e0655717066,308.25,1410,1593,95,80,74195,55
2026/07/21 11:26:05.529,0,GPU-03a84180-d660-dbdc-17f4-0e0655717066,310.94,1410,1593,95,80,74195,55
2026/07/21 11:26:05.779,0,GPU-03a84180-d660-dbdc-17f4-0e0655717066,316.93,1410,1593,94,80,74195,55
2026/07/21 11:26:06.029,0,GPU-03a84180-d660-dbdc-17f4-0e0655717066,311.54,1410,1593,95,80,74195,55
2026/07/21 11:26:06.280,0,GPU-03a84180-d660-dbdc-17f4-0e0655717066,314.24,1410,1593,95,81,74195,55
2026/07/21 11:26:06.530,0,GPU-03a84180-d660-dbdc-17f4-0e0655717066,316.61,1410,1593,95,80,74195,55
2026/07/21 11:26:06.780,0,GPU-03a84180-d660-dbdc-17f4-0e0655717066,310.62,1410,1593,95,81,74195,55
2026/07/21 11:26:07.030,0,GPU-03a84180-d660-dbdc-17f4-0e0655717066,314.23,1410,1593,95,81,74195,55
2026/07/21 11:26:07.280,0,GPU-03a84180-d660-dbdc-17f4-0e0655717066,316.93,1410,1593,95,80,74195,55
2026/07/21 11:26:07.530,0,GPU-03a84180-d660-dbdc-17f4-0e0655717066,318.45,1410,1593,95,80,74195,55
2026/07/21 11:26:07.780,0,GPU-03a84180-d660-dbdc-17f4-0e0655717066,312.73,1410,1593,96,81,74195,55
2026/07/21 11:26:08.030,0,GPU-03a84180-d660-dbdc-17f4-0e0655717066,318.12,1410,1593,95,81,74195,55
2026/07/21 11:26:08.281,0,GPU-03a84180-d660-dbdc-17f4-0e0655717066,311.80,1410,1593,95,81,74195,55
2026/07/21 11:26:08.531,0,GPU-03a84180-d660-dbdc-17f4-0e0655717066,316.61,1410,1593,96,81,74195,55
2026/07/21 11:26:08.781,0,GPU-03a84180-d660-dbdc-17f4-0e0655717066,319.36,1410,1593,95,81,74195,55
2026/07/21 11:26:09.031,0,GPU-03a84180-d660-dbdc-17f4-0e0655717066,312.40,1410,1593,96,81,74195,55
2026/07/21 11:26:09.281,0,GPU-03a84180-d660-dbdc-17f4-0e0655717066,317.25,1410,1593,95,81,74195,55
2026/07/21 11:26:09.531,0,GPU-03a84180-d660-dbdc-17f4-0e0655717066,317.86,1410,1593,95,80,74195,55
2026/07/21 11:26:09.781,0,GPU-03a84180-d660-dbdc-17f4-0e0655717066,312.73,1410,1593,95,80,74195,55
2026/07/21 11:26:10.031,0,GPU-03a84180-d660-dbdc-17f4-0e0655717066,315.74,1410,1593,96,81,74195,55
2026/07/21 11:26:10.281,0,GPU-03a84180-d660-dbdc-17f4-0e0655717066,313.05,1410,1593,95,81,74195,55
2026/07/21 11:26:10.531,0,GPU-03a84180-d660-dbdc-17f4-0e0655717066,312.72,1410,1593,96,81,74195,55
2026/07/21 11:26:10.781,0,GPU-03a84180-d660-dbdc-17f4-0e0655717066,315.42,1410,1593,95,81,74195,55
2026/07/21 11:26:11.031,0,GPU-03a84180-d660-dbdc-17f4-0e0655717066,310.02,1410,1593,95,80,74195,55
2026/07/21 11:26:11.282,0,GPU-03a84180-d660-dbdc-17f4-0e0655717066,313.04,1410,1593,96,81,74195,55
2026/07/21 11:26:11.532,0,GPU-03a84180-d660-dbdc-17f4-0e0655717066,317.26,1410,1593,95,81,74195,55
2026/07/21 11:26:11.782,0,GPU-03a84180-d660-dbdc-17f4-0e0655717066,312.13,1410,1593,95,81,74195,55
2026/07/21 11:26:12.032,0,GPU-03a84180-d660-dbdc-17f4-0e0655717066,311.21,1410,1593,96,81,74195,55
2026/07/21 11:26:12.282,0,GPU-03a84180-d660-dbdc-17f4-0e0655717066,316.34,1410,1593,95,81,74195,55
2026/07/21 11:26:12.532,0,GPU-03a84180-d660-dbdc-17f4-0e0655717066,312.13,1410,1593,95,80,74195,55
2026/07/21 11:26:12.782,0,GPU-03a84180-d660-dbdc-17f4-0e0655717066,312.46,1410,1593,95,81,74195,55
2026/07/21 11:26:13.032,0,GPU-03a84180-d660-dbdc-17f4-0e0655717066,314.23,1410,1593,95,80,74195,55
2026/07/21 11:26:13.282,0,GPU-03a84180-d660-dbdc-17f4-0e0655717066,314.83,1410,1593,95,80,74195,55
2026/07/21 11:26:13.532,0,GPU-03a84180-d660-dbdc-17f4-0e0655717066,317.53,1410,1593,95,80,74195,55
2026/07/21 11:26:13.782,0,GPU-03a84180-d660-dbdc-17f4-0e0655717066,319.04,1410,1593,94,80,74195,55
2026/07/21 11:26:14.033,0,GPU-03a84180-d660-dbdc-17f4-0e0655717066,310.62,1410,1593,95,80,74195,55
2026/07/21 11:26:14.283,0,GPU-03a84180-d660-dbdc-17f4-0e0655717066,313.64,1410,1593,95,81,74195,55
2026/07/21 11:26:14.533,0,GPU-03a84180-d660-dbdc-17f4-0e0655717066,504.49,1395,1593,63,37,74195,62
2026/07/21 11:26:14.783,0,GPU-03a84180-d660-dbdc-17f4-0e0655717066,491.29,1380,1593,100,25,74195,65
2026/07/21 11:26:15.033,0,GPU-03a84180-d660-dbdc-17f4-0e0655717066,494.90,1395,1593,98,21,74195,66
2026/07/21 11:26:15.283,0,GPU-03a84180-d660-dbdc-17f4-0e0655717066,494.25,1380,1593,100,18,74195,67
2026/07/21 11:26:15.533,0,GPU-03a84180-d660-dbdc-17f4-0e0655717066,507.78,1395,1593,100,18,74195,67
2026/07/21 11:26:15.783,0,GPU-03a84180-d660-dbdc-17f4-0e0655717066,490.05,1395,1593,99,16,74195,67
2026/07/21 11:26:16.033,0,GPU-03a84180-d660-dbdc-17f4-0e0655717066,499.96,1395,1593,100,15,74195,68
2026/07/21 11:26:16.283,0,GPU-03a84180-d660-dbdc-17f4-0e0655717066,499.37,1395,1593,100,14,74195,68
2026/07/21 11:26:16.533,0,GPU-03a84180-d660-dbdc-17f4-0e0655717066,324.75,1410,1593,95,81,74195,59
2026/07/21 11:26:16.783,0,GPU-03a84180-d660-dbdc-17f4-0e0655717066,318.77,1410,1593,95,80,74195,58
2026/07/21 11:26:17.034,0,GPU-03a84180-d660-dbdc-17f4-0e0655717066,318.12,1410,1593,95,80,74195,57
2026/07/21 11:26:17.284,0,GPU-03a84180-d660-dbdc-17f4-0e0655717066,318.71,1410,1593,95,81,74195,57
2026/07/21 11:26:17.534,0,GPU-03a84180-d660-dbdc-17f4-0e0655717066,93.82,1410,1593,68,58,74195,51
2026/07/21 11:26:17.784,0,GPU-03a84180-d660-dbdc-17f4-0e0655717066,91.98,1410,1593,0,0,74195,50
2026/07/21 11:26:18.034,0,GPU-03a84180-d660-dbdc-17f4-0e0655717066,516.46,1395,1593,45,11,74195,58
2026/07/21 11:26:18.284,0,GPU-03a84180-d660-dbdc-17f4-0e0655717066,515.00,1380,1593,100,25,74195,65
2026/07/21 11:26:18.534,0,GPU-03a84180-d660-dbdc-17f4-0e0655717066,501.15,1395,1593,100,20,74195,66
2026/07/21 11:26:18.784,0,GPU-03a84180-d660-dbdc-17f4-0e0655717066,502.98,1395,1593,100,18,74195,67
2026/07/21 11:26:19.034,0,GPU-03a84180-d660-dbdc-17f4-0e0655717066,486.76,1395,1593,100,18,74195,68
2026/07/21 11:26:19.284,0,GPU-03a84180-d660-dbdc-17f4-0e0655717066,504.55,1395,1593,100,18,74195,68
2026/07/21 11:26:19.534,0,GPU-03a84180-d660-dbdc-17f4-0e0655717066,495.17,1395,1593,99,16,74195,68
2026/07/21 11:26:19.785,0,GPU-03a84180-d660-dbdc-17f4-0e0655717066,478.44,1380,1593,100,16,74195,69
2026/07/21 11:26:20.035,0,GPU-03a84180-d660-dbdc-17f4-0e0655717066,322.65,1395,1593,100,15,74195,63
2026/07/21 11:26:20.285,0,GPU-03a84180-d660-dbdc-17f4-0e0655717066,325.02,1410,1593,96,81,74195,59
2026/07/21 11:26:20.535,0,GPU-03a84180-d660-dbdc-17f4-0e0655717066,323.24,1410,1593,94,80,74195,58
2026/07/21 11:26:20.785,0,GPU-03a84180-d660-dbdc-17f4-0e0655717066,314.83,1410,1593,95,81,74195,57
2026/07/21 11:26:21.035,0,GPU-03a84180-d660-dbdc-17f4-0e0655717066,316.34,1410,1593,96,81,74195,57
2026/07/21 11:26:21.285,0,GPU-03a84180-d660-dbdc-17f4-0e0655717066,318.71,1410,1593,95,81,74195,57
2026/07/21 11:26:21.535,0,GPU-03a84180-d660-dbdc-17f4-0e0655717066,319.63,1410,1593,96,81,74195,57
2026/07/21 11:26:21.785,0,GPU-03a84180-d660-dbdc-17f4-0e0655717066,320.82,1410,1593,95,81,74195,57
2026/07/21 11:26:22.035,0,GPU-03a84180-d660-dbdc-17f4-0e0655717066,312.72,1410,1593,95,81,74195,57
2026/07/21 11:26:22.286,0,GPU-03a84180-d660-dbdc-17f4-0e0655717066,316.34,1410,1593,95,81,74195,56
2026/07/21 11:26:22.536,0,GPU-03a84180-d660-dbdc-17f4-0e0655717066,317.53,1410,1593,96,81,74195,56
2026/07/21 11:26:22.786,0,GPU-03a84180-d660-dbdc-17f4-0e0655717066,319.36,1410,1593,96,81,74195,56
2026/07/21 11:26:23.036,0,GPU-03a84180-d660-dbdc-17f4-0e0655717066,320.82,1410,1593,95,81,74195,56
2026/07/21 11:26:23.286,0,GPU-03a84180-d660-dbdc-17f4-0e0655717066,312.13,1410,1593,95,81,74195,56
2026/07/21 11:26:23.536,0,GPU-03a84180-d660-dbdc-17f4-0e0655717066,314.50,1410,1593,96,81,74195,56
2026/07/21 11:26:23.786,0,GPU-03a84180-d660-dbdc-17f4-0e0655717066,316.02,1410,1593,96,81,74195,56
2026/07/21 11:26:24.036,0,GPU-03a84180-d660-dbdc-17f4-0e0655717066,317.85,1410,1593,96,81,74195,56
2026/07/21 11:26:24.286,0,GPU-03a84180-d660-dbdc-17f4-0e0655717066,319.04,1410,1593,96,81,74195,56
2026/07/21 11:26:24.536,0,GPU-03a84180-d660-dbdc-17f4-0e0655717066,322.92,1410,1593,95,81,74195,56
2026/07/21 11:26:24.786,0,GPU-03a84180-d660-dbdc-17f4-0e0655717066,313.32,1410,1593,95,81,74195,56
2026/07/21 11:26:25.037,0,GPU-03a84180-d660-dbdc-17f4-0e0655717066,313.91,1410,1593,96,81,74195,56
2026/07/21 11:26:25.287,0,GPU-03a84180-d660-dbdc-17f4-0e0655717066,316.02,1410,1593,95,80,74195,56
2026/07/21 11:26:25.537,0,GPU-03a84180-d660-dbdc-17f4-0e0655717066,313.64,1410,1593,96,81,74195,56
2026/07/21 11:26:25.787,0,GPU-03a84180-d660-dbdc-17f4-0e0655717066,318.12,1410,1593,95,81,74195,56
2026/07/21 11:26:26.037,0,GPU-03a84180-d660-dbdc-17f4-0e0655717066,320.23,1410,1593,95,81,74195,56
2026/07/21 11:26:26.287,0,GPU-03a84180-d660-dbdc-17f4-0e0655717066,318.44,1410,1593,95,81,74195,56
2026/07/21 11:26:26.537,0,GPU-03a84180-d660-dbdc-17f4-0e0655717066,312.13,1410,1593,95,81,74195,56
2026/07/21 11:26:26.787,0,GPU-03a84180-d660-dbdc-17f4-0e0655717066,313.32,1410,1593,95,81,74195,56
2026/07/21 11:26:27.037,0,GPU-03a84180-d660-dbdc-17f4-0e0655717066,316.93,1410,1593,95,81,74195,56
2026/07/21 11:26:27.287,0,GPU-03a84180-d660-dbdc-17f4-0e0655717066,315.42,1410,1593,95,80,74195,56
2026/07/21 11:26:27.537,0,GPU-03a84180-d660-dbdc-17f4-0e0655717066,318.71,1410,1593,95,81,74195,56
2026/07/21 11:26:27.788,0,GPU-03a84180-d660-dbdc-17f4-0e0655717066,318.44,1410,1593,95,81,74195,56
2026/07/21 11:26:28.038,0,GPU-03a84180-d660-dbdc-17f4-0e0655717066,321.14,1410,1593,95,81,74195,56
2026/07/21 11:26:28.288,0,GPU-03a84180-d660-dbdc-17f4-0e0655717066,313.64,1410,1593,95,81,74195,56
2026/07/21 11:26:28.538,0,GPU-03a84180-d660-dbdc-17f4-0e0655717066,312.13,1410,1593,95,81,74195,55
2026/07/21 11:26:28.788,0,GPU-03a84180-d660-dbdc-17f4-0e0655717066,315.74,1410,1593,96,81,74195,56
2026/07/21 11:26:29.038,0,GPU-03a84180-d660-dbdc-17f4-0e0655717066,316.34,1410,1593,95,81,74195,56
2026/07/21 11:26:29.288,0,GPU-03a84180-d660-dbdc-17f4-0e0655717066,318.71,1410,1593,95,81,74195,56
2026/07/21 11:26:29.538,0,GPU-03a84180-d660-dbdc-17f4-0e0655717066,320.23,1410,1593,96,81,74195,56
2026/07/21 11:26:29.788,0,GPU-03a84180-d660-dbdc-17f4-0e0655717066,322.33,1410,1593,96,81,74195,55
2026/07/21 11:26:30.038,0,GPU-03a84180-d660-dbdc-17f4-0e0655717066,319.95,1410,1593,96,81,74195,55
2026/07/21 11:26:30.289,0,GPU-03a84180-d660-dbdc-17f4-0e0655717066,320.23,1410,1593,95,81,74195,55
2026/07/21 11:26:30.539,0,GPU-03a84180-d660-dbdc-17f4-0e0655717066,311.80,1410,1593,95,81,74195,55
2026/07/21 11:26:30.789,0,GPU-03a84180-d660-dbdc-17f4-0e0655717066,313.32,1410,1593,96,81,74195,55
2026/07/21 11:26:31.039,0,GPU-03a84180-d660-dbdc-17f4-0e0655717066,315.42,1410,1593,95,81,74195,55
2026/07/21 11:26:31.289,0,GPU-03a84180-d660-dbdc-17f4-0e0655717066,316.07,1410,1593,96,81,74195,55
2026/07/21 11:26:31.539,0,GPU-03a84180-d660-dbdc-17f4-0e0655717066,318.44,1410,1593,96,81,74195,55
2026/07/21 11:26:31.789,0,GPU-03a84180-d660-dbdc-17f4-0e0655717066,319.36,1410,1593,96,81,74195,55
2026/07/21 11:26:32.039,0,GPU-03a84180-d660-dbdc-17f4-0e0655717066,320.23,1410,1593,95,81,74195,55
2026/07/21 11:26:32.289,0,GPU-03a84180-d660-dbdc-17f4-0e0655717066,311.80,1410,1593,95,81,74195,55
2026/07/21 11:26:32.539,0,GPU-03a84180-d660-dbdc-17f4-0e0655717066,311.86,1410,1593,95,81,74195,55
2026/07/21 11:26:32.789,0,GPU-03a84180-d660-dbdc-17f4-0e0655717066,313.91,1410,1593,95,81,74195,55
2026/07/21 11:26:33.040,0,GPU-03a84180-d660-dbdc-17f4-0e0655717066,313.32,1410,1593,95,81,74195,55
2026/07/21 11:26:33.290,0,GPU-03a84180-d660-dbdc-17f4-0e0655717066,315.15,1410,1593,95,81,74195,55
2026/07/21 11:26:33.540,0,GPU-03a84180-d660-dbdc-17f4-0e0655717066,316.61,1410,1593,95,81,74195,55
2026/07/21 11:26:33.790,0,GPU-03a84180-d660-dbdc-17f4-0e0655717066,316.94,1410,1593,95,81,74195,55
2026/07/21 11:26:34.040,0,GPU-03a84180-d660-dbdc-17f4-0e0655717066,318.45,1410,1593,95,81,74195,55
2026/07/21 11:26:34.290,0,GPU-03a84180-d660-dbdc-17f4-0e0655717066,318.44,1410,1593,96,81,74195,55
2026/07/21 11:26:34.540,0,GPU-03a84180-d660-dbdc-17f4-0e0655717066,319.04,1410,1593,96,81,74195,55
2026/07/21 11:26:34.790,0,GPU-03a84180-d660-dbdc-17f4-0e0655717066,320.88,1410,1593,96,81,74195,55
2026/07/21 11:26:35.040,0,GPU-03a84180-d660-dbdc-17f4-0e0655717066,313.05,1410,1593,95,81,74195,55
2026/07/21 11:26:35.290,0,GPU-03a84180-d660-dbdc-17f4-0e0655717066,322.92,1410,1593,95,80,74195,55
2026/07/21 11:26:35.540,0,GPU-03a84180-d660-dbdc-17f4-0e0655717066,312.13,1410,1593,96,81,74195,55
2026/07/21 11:26:35.791,0,GPU-03a84180-d660-dbdc-17f4-0e0655717066,313.04,1410,1593,96,81,74195,55
2026/07/21 11:26:36.041,0,GPU-03a84180-d660-dbdc-17f4-0e0655717066,313.04,1410,1593,95,81,74195,55
2026/07/21 11:26:36.291,0,GPU-03a84180-d660-dbdc-17f4-0e0655717066,313.97,1410,1593,95,81,74195,55
2026/07/21 11:26:36.541,0,GPU-03a84180-d660-dbdc-17f4-0e0655717066,313.97,1410,1593,95,81,74195,55
2026/07/21 11:26:36.791,0,GPU-03a84180-d660-dbdc-17f4-0e0655717066,314.23,1410,1593,95,81,74195,55
2026/07/21 11:26:37.041,0,GPU-03a84180-d660-dbdc-17f4-0e0655717066,314.23,1410,1593,95,81,74195,55
2026/07/21 11:26:37.291,0,GPU-03a84180-d660-dbdc-17f4-0e0655717066,316.07,1410,1593,96,81,74195,55
2026/07/21 11:26:37.541,0,GPU-03a84180-d660-dbdc-17f4-0e0655717066,316.34,1410,1593,96,81,74195,55
2026/07/21 11:26:37.791,0,GPU-03a84180-d660-dbdc-17f4-0e0655717066,318.77,1410,1593,96,81,74195,55
2026/07/21 11:26:38.041,0,GPU-03a84180-d660-dbdc-17f4-0e0655717066,317.85,1410,1593,96,81,74195,55
2026/07/21 11:26:38.292,0,GPU-03a84180-d660-dbdc-17f4-0e0655717066,319.04,1410,1593,96,81,74195,55
2026/07/21 11:26:38.542,0,GPU-03a84180-d660-dbdc-17f4-0e0655717066,319.37,1410,1593,95,81,74195,55
2026/07/21 11:26:38.792,0,GPU-03a84180-d660-dbdc-17f4-0e0655717066,319.63,1410,1593,95,81,74195,55
2026/07/21 11:26:39.042,0,GPU-03a84180-d660-dbdc-17f4-0e0655717066,319.96,1410,1593,95,81,74195,55
2026/07/21 11:26:39.292,0,GPU-03a84180-d660-dbdc-17f4-0e0655717066,320.28,1410,1593,95,81,74195,55
2026/07/21 11:26:39.542,0,GPU-03a84180-d660-dbdc-17f4-0e0655717066,319.95,1410,1593,95,81,74195,55
2026/07/21 11:26:39.792,0,GPU-03a84180-d660-dbdc-17f4-0e0655717066,320.23,1410,1593,96,81,74195,55
2026/07/21 11:26:40.042,0,GPU-03a84180-d660-dbdc-17f4-0e0655717066,320.56,1410,1593,95,81,74195,55
2026/07/21 11:26:40.292,0,GPU-03a84180-d660-dbdc-17f4-0e0655717066,318.45,1410,1593,95,81,74195,55
2026/07/21 11:26:40.542,0,GPU-03a84180-d660-dbdc-17f4-0e0655717066,319.96,1410,1593,96,81,74195,55
2026/07/21 11:26:40.792,0,GPU-03a84180-d660-dbdc-17f4-0e0655717066,321.47,1410,1593,95,81,74195,55
2026/07/21 11:26:41.043,0,GPU-03a84180-d660-dbdc-17f4-0e0655717066,322.06,1410,1593,96,81,74195,55
2026/07/21 11:26:41.293,0,GPU-03a84180-d660-dbdc-17f4-0e0655717066,320.82,1410,1593,95,81,74195,55
2026/07/21 11:26:41.543,0,GPU-03a84180-d660-dbdc-17f4-0e0655717066,317.85,1410,1593,95,81,74195,55
2026/07/21 11:26:41.793,0,GPU-03a84180-d660-dbdc-17f4-0e0655717066,313.05,1410,1593,95,81,74195,55
2026/07/21 11:26:42.043,0,GPU-03a84180-d660-dbdc-17f4-0e0655717066,316.61,1410,1593,95,81,74195,55
2026/07/21 11:26:42.293,0,GPU-03a84180-d660-dbdc-17f4-0e0655717066,311.54,1410,1593,96,81,74195,55
2026/07/21 11:26:42.543,0,GPU-03a84180-d660-dbdc-17f4-0e0655717066,310.95,1410,1593,96,81,74195,55
2026/07/21 11:26:42.793,0,GPU-03a84180-d660-dbdc-17f4-0e0655717066,312.40,1410,1593,96,81,74195,55
2026/07/21 11:26:43.043,0,GPU-03a84180-d660-dbdc-17f4-0e0655717066,311.86,1410,1593,95,81,74195,55
2026/07/21 11:26:43.293,0,GPU-03a84180-d660-dbdc-17f4-0e0655717066,320.23,1410,1593,95,81,74195,55
2026/07/21 11:26:43.544,0,GPU-03a84180-d660-dbdc-17f4-0e0655717066,318.18,1410,1593,95,81,74195,55
2026/07/21 11:26:43.794,0,GPU-03a84180-d660-dbdc-17f4-0e0655717066,319.69,1410,1593,95,81,74195,55
2026/07/21 11:26:44.044,0,GPU-03a84180-d660-dbdc-17f4-0e0655717066,319.95,1410,1593,95,81,74195,55
2026/07/21 11:26:44.294,0,GPU-03a84180-d660-dbdc-17f4-0e0655717066,319.36,1410,1593,96,81,74195,55
2026/07/21 11:26:44.544,0,GPU-03a84180-d660-dbdc-17f4-0e0655717066,319.63,1410,1593,95,81,74195,55
2026/07/21 11:26:44.794,0,GPU-03a84180-d660-dbdc-17f4-0e0655717066,319.36,1410,1593,96,81,74195,55
2026/07/21 11:26:45.044,0,GPU-03a84180-d660-dbdc-17f4-0e0655717066,489.85,1380,1593,63,29,74195,62
2026/07/21 11:26:45.294,0,GPU-03a84180-d660-dbdc-17f4-0e0655717066,497.59,1380,1593,100,25,74195,65
2026/07/21 11:26:45.544,0,GPU-03a84180-d660-dbdc-17f4-0e0655717066,495.49,1395,1593,99,20,74195,67
2026/07/21 11:26:45.794,0,GPU-03a84180-d660-dbdc-17f4-0e0655717066,514.73,1380,1593,100,18,74195,67
2026/07/21 11:26:46.044,0,GPU-03a84180-d660-dbdc-17f4-0e0655717066,495.49,1395,1593,100,18,74195,67
2026/07/21 11:26:46.295,0,GPU-03a84180-d660-dbdc-17f4-0e0655717066,491.55,1395,1593,100,18,74195,68
2026/07/21 11:26:46.545,0,GPU-03a84180-d660-dbdc-17f4-0e0655717066,499.37,1395,1593,100,14,74195,67
2026/07/21 11:26:46.795,0,GPU-03a84180-d660-dbdc-17f4-0e0655717066,489.78,1395,1593,100,15,74195,68
2026/07/21 11:26:47.045,0,GPU-03a84180-d660-dbdc-17f4-0e0655717066,497.66,1380,1593,100,14,74195,68
2026/07/21 11:26:47.295,0,GPU-03a84180-d660-dbdc-17f4-0e0655717066,420.14,1410,1593,100,16,74195,62
2026/07/21 11:26:47.545,0,GPU-03a84180-d660-dbdc-17f4-0e0655717066,324.16,1410,1593,97,62,74195,59
2026/07/21 11:26:47.795,0,GPU-03a84180-d660-dbdc-17f4-0e0655717066,323.51,1410,1593,96,81,74195,58
2026/07/21 11:26:48.045,0,GPU-03a84180-d660-dbdc-17f4-0e0655717066,323.24,1410,1593,95,81,74195,57
2026/07/21 11:26:48.295,0,GPU-03a84180-d660-dbdc-17f4-0e0655717066,322.06,1410,1593,95,81,74195,54
2026/07/21 11:26:48.545,0,GPU-03a84180-d660-dbdc-17f4-0e0655717066,92.90,1410,1593,36,31,74195,51
2026/07/21 11:26:48.796,0,GPU-03a84180-d660-dbdc-17f4-0e0655717066,91.71,1410,1593,0,0,74195,55
2026/07/21 11:26:49.046,0,GPU-03a84180-d660-dbdc-17f4-0e0655717066,500.29,1395,1593,94,23,74195,63
2026/07/21 11:26:49.296,0,GPU-03a84180-d660-dbdc-17f4-0e0655717066,499.05,1380,1593,100,25,74195,66
2026/07/21 11:26:49.546,0,GPU-03a84180-d660-dbdc-17f4-0e0655717066,475.06,1380,1593,100,23,74195,67
2026/07/21 11:26:49.796,0,GPU-03a84180-d660-dbdc-17f4-0e0655717066,510.47,1395,1593,100,18,74195,67
2026/07/21 11:26:50.046,0,GPU-03a84180-d660-dbdc-17f4-0e0655717066,486.76,1380,1593,100,18,74195,68
2026/07/21 11:26:50.296,0,GPU-03a84180-d660-dbdc-17f4-0e0655717066,475.98,1395,1593,100,17,74195,68
2026/07/21 11:26:50.546,0,GPU-03a84180-d660-dbdc-17f4-0e0655717066,514.09,1395,1593,100,14,74195,69
2026/07/21 11:26:50.796,0,GPU-03a84180-d660-dbdc-17f4-0e0655717066,487.67,1395,1593,100,15,74195,69
2026/07/21 11:26:51.046,0,GPU-03a84180-d660-dbdc-17f4-0e0655717066,483.56,1395,1593,100,14,74195,68
2026/07/21 11:26:51.297,0,GPU-03a84180-d660-dbdc-17f4-0e0655717066,329.23,1410,1593,99,24,74195,61
2026/07/21 11:26:51.547,0,GPU-03a84180-d660-dbdc-17f4-0e0655717066,325.02,1410,1593,95,81,74195,59
2026/07/21 11:26:51.797,0,GPU-03a84180-d660-dbdc-17f4-0e0655717066,320.55,1410,1593,96,81,74195,58
2026/07/21 11:26:52.047,0,GPU-03a84180-d660-dbdc-17f4-0e0655717066,317.26,1410,1593,96,81,74195,58
2026/07/21 11:26:52.297,0,GPU-03a84180-d660-dbdc-17f4-0e0655717066,318.71,1410,1593,96,81,74195,57
2026/07/21 11:26:52.547,0,GPU-03a84180-d660-dbdc-17f4-0e0655717066,318.12,1410,1593,96,81,74195,57
2026/07/21 11:26:52.797,0,GPU-03a84180-d660-dbdc-17f4-0e0655717066,314.50,1410,1593,96,81,74195,57
2026/07/21 11:26:53.047,0,GPU-03a84180-d660-dbdc-17f4-0e0655717066,322.92,1410,1593,96,81,74195,57
2026/07/21 11:26:53.297,0,GPU-03a84180-d660-dbdc-17f4-0e0655717066,321.73,1410,1593,96,81,74195,57
2026/07/21 11:26:53.547,0,GPU-03a84180-d660-dbdc-17f4-0e0655717066,321.14,1410,1593,96,81,74195,57
2026/07/21 11:26:53.798,0,GPU-03a84180-d660-dbdc-17f4-0e0655717066,319.63,1410,1593,95,81,74195,57
2026/07/21 11:26:54.048,0,GPU-03a84180-d660-dbdc-17f4-0e0655717066,317.53,1410,1593,95,81,74195,57
2026/07/21 11:26:54.298,0,GPU-03a84180-d660-dbdc-17f4-0e0655717066,315.74,1410,1593,96,81,74195,57
2026/07/21 11:26:54.548,0,GPU-03a84180-d660-dbdc-17f4-0e0655717066,322.33,1410,1593,96,81,74195,57
2026/07/21 11:26:54.798,0,GPU-03a84180-d660-dbdc-17f4-0e0655717066,322.66,1410,1593,95,81,74195,56
2026/07/21 11:26:55.048,0,GPU-03a84180-d660-dbdc-17f4-0e0655717066,319.95,1410,1593,95,81,74195,56
2026/07/21 11:26:55.298,0,GPU-03a84180-d660-dbdc-17f4-0e0655717066,316.93,1410,1593,96,81,74195,56
2026/07/21 11:26:55.548,0,GPU-03a84180-d660-dbdc-17f4-0e0655717066,316.34,1410,1593,95,81,74195,56
2026/07/21 11:26:55.798,0,GPU-03a84180-d660-dbdc-17f4-0e0655717066,313.04,1410,1593,96,81,74195,56
2026/07/21 11:26:56.048,0,GPU-03a84180-d660-dbdc-17f4-0e0655717066,322.66,1410,1593,95,81,74195,56
2026/07/21 11:26:56.298,0,GPU-03a84180-d660-dbdc-17f4-0e0655717066,320.55,1410,1593,95,81,74195,56
2026/07/21 11:26:56.549,0,GPU-03a84180-d660-dbdc-17f4-0e0655717066,317.25,1410,1593,96,81,74195,56
2026/07/21 11:26:56.799,0,GPU-03a84180-d660-dbdc-17f4-0e0655717066,316.93,1410,1593,95,81,74195,56
2026/07/21 11:26:57.049,0,GPU-03a84180-d660-dbdc-17f4-0e0655717066,314.83,1410,1593,96,81,74195,56
2026/07/21 11:26:57.299,0,GPU-03a84180-d660-dbdc-17f4-0e0655717066,313.37,1410,1593,96,81,74195,56
2026/07/21 11:26:57.549,0,GPU-03a84180-d660-dbdc-17f4-0e0655717066,321.73,1410,1593,95,81,74195,56
2026/07/21 11:26:57.799,0,GPU-03a84180-d660-dbdc-17f4-0e0655717066,320.82,1410,1593,96,81,74195,56
2026/07/21 11:26:58.049,0,GPU-03a84180-d660-dbdc-17f4-0e0655717066,317.53,1410,1593,96,81,74195,56
2026/07/21 11:26:58.299,0,GPU-03a84180-d660-dbdc-17f4-0e0655717066,316.61,1410,1593,96,81,74195,56
2026/07/21 11:26:58.549,0,GPU-03a84180-d660-dbdc-17f4-0e0655717066,313.91,1410,1593,96,81,74195,56
2026/07/21 11:26:58.799,0,GPU-03a84180-d660-dbdc-17f4-0e0655717066,323.24,1410,1593,96,81,74195,56
2026/07/21 11:26:59.050,0,GPU-03a84180-d660-dbdc-17f4-0e0655717066,319.63,1410,1593,95,81,74195,56
2026/07/21 11:26:59.300,0,GPU-03a84180-d660-dbdc-17f4-0e0655717066,317.25,1410,1593,95,81,74195,56
2026/07/21 11:26:59.550,0,GPU-03a84180-d660-dbdc-17f4-0e0655717066,316.02,1410,1593,96,81,74195,56
2026/07/21 11:26:59.800,0,GPU-03a84180-d660-dbdc-17f4-0e0655717066,313.91,1410,1593,96,81,74195,56
2026/07/21 11:27:00.050,0,GPU-03a84180-d660-dbdc-17f4-0e0655717066,321.73,1410,1593,96,81,74195,56
2026/07/21 11:27:00.300,0,GPU-03a84180-d660-dbdc-17f4-0e0655717066,318.71,1410,1593,95,81,74195,56
2026/07/21 11:27:00.550,0,GPU-03a84180-d660-dbdc-17f4-0e0655717066,317.58,1410,1593,96,81,74195,56
2026/07/21 11:27:00.800,0,GPU-03a84180-d660-dbdc-17f4-0e0655717066,316.02,1410,1593,95,81,74195,56
2026/07/21 11:27:01.050,0,GPU-03a84180-d660-dbdc-17f4-0e0655717066,155.44,1380,1593,96,81,74195,61
2026/07/21 11:27:01.300,0,GPU-03a84180-d660-dbdc-17f4-0e0655717066,475.06,1395,1593,100,24,74195,64
2026/07/21 11:27:01.550,0,GPU-03a84180-d660-dbdc-17f4-0e0655717066,481.96,1380,1593,100,24,74195,66
2026/07/21 11:27:01.801,0,GPU-03a84180-d660-dbdc-17f4-0e0655717066,485.84,1395,1593,100,19,74195,67
2026/07/21 11:27:02.051,0,GPU-03a84180-d660-dbdc-17f4-0e0655717066,509.56,1395,1593,100,18,74195,68
2026/07/21 11:27:02.301,0,GPU-03a84180-d660-dbdc-17f4-0e0655717066,484.07,1380,1593,99,18,74195,68
2026/07/21 11:27:02.551,0,GPU-03a84180-d660-dbdc-17f4-0e0655717066,496.09,1395,1593,100,14,74195,68
2026/07/21 11:27:02.801,0,GPU-03a84180-d660-dbdc-17f4-0e0655717066,487.35,1380,1593,100,15,74195,68
2026/07/21 11:27:03.051,0,GPU-03a84180-d660-dbdc-17f4-0e0655717066,498.78,1395,1593,100,15,74195,69
2026/07/21 11:27:03.302,0,GPU-03a84180-d660-dbdc-17f4-0e0655717066,475.98,1395,1593,100,16,74195,69
2026/07/21 11:27:03.552,0,GPU-03a84180-d660-dbdc-17f4-0e0655717066,430.33,1410,1593,99,31,74195,62
2026/07/21 11:27:03.802,0,GPU-03a84180-d660-dbdc-17f4-0e0655717066,322.65,1410,1593,96,81,74195,59
2026/07/21 11:27:04.052,0,GPU-03a84180-d660-dbdc-17f4-0e0655717066,314.83,1410,1593,96,82,74195,59
2026/07/21 11:27:04.302,0,GPU-03a84180-d660-dbdc-17f4-0e0655717066,324.75,1410,1593,96,81,74195,58
2026/07/21 11:27:04.552,0,GPU-03a84180-d660-dbdc-17f4-0e0655717066,322.65,1410,1593,95,81,74195,57
2026/07/21 11:27:04.803,0,GPU-03a84180-d660-dbdc-17f4-0e0655717066,320.55,1410,1593,95,81,74195,57
2026/07/21 11:27:05.053,0,GPU-03a84180-d660-dbdc-17f4-0e0655717066,318.12,1410,1593,96,81,74195,57
2026/07/21 11:27:05.303,0,GPU-03a84180-d660-dbdc-17f4-0e0655717066,314.83,1410,1593,96,81,74195,57
2026/07/21 11:27:05.553,0,GPU-03a84180-d660-dbdc-17f4-0e0655717066,324.43,1410,1593,95,81,74195,57
2026/07/21 11:27:05.803,0,GPU-03a84180-d660-dbdc-17f4-0e0655717066,321.73,1410,1593,95,81,74195,57
2026/07/21 11:27:06.053,0,GPU-03a84180-d660-dbdc-17f4-0e0655717066,319.36,1410,1593,95,81,74195,57
2026/07/21 11:27:06.303,0,GPU-03a84180-d660-dbdc-17f4-0e0655717066,317.53,1410,1593,96,82,74195,57
2026/07/21 11:27:06.554,0,GPU-03a84180-d660-dbdc-17f4-0e0655717066,313.91,1410,1593,96,81,74195,57
2026/07/21 11:27:06.804,0,GPU-03a84180-d660-dbdc-17f4-0e0655717066,323.83,1410,1593,96,81,74195,56
2026/07/21 11:27:07.054,0,GPU-03a84180-d660-dbdc-17f4-0e0655717066,321.47,1410,1593,95,81,74195,56
2026/07/21 11:27:07.304,0,GPU-03a84180-d660-dbdc-17f4-0e0655717066,319.69,1410,1593,96,81,74195,56
2026/07/21 11:27:07.554,0,GPU-03a84180-d660-dbdc-17f4-0e0655717066,317.85,1410,1593,96,82,74195,56
2026/07/21 11:27:07.804,0,GPU-03a84180-d660-dbdc-17f4-0e0655717066,314.83,1410,1593,96,81,74195,56
2026/07/21 11:27:08.054,0,GPU-03a84180-d660-dbdc-17f4-0e0655717066,322.33,1410,1593,96,81,74195,56
2026/07/21 11:27:08.304,0,GPU-03a84180-d660-dbdc-17f4-0e0655717066,320.55,1410,1593,96,81,74195,56
2026/07/21 11:27:08.554,0,GPU-03a84180-d660-dbdc-17f4-0e0655717066,318.12,1410,1593,95,81,74195,56
2026/07/21 11:27:08.804,0,GPU-03a84180-d660-dbdc-17f4-0e0655717066,315.15,1410,1593,96,81,74195,56
2026/07/21 11:27:09.055,0,GPU-03a84180-d660-dbdc-17f4-0e0655717066,324.16,1410,1593,96,81,74195,56
2026/07/21 11:27:09.305,0,GPU-03a84180-d660-dbdc-17f4-0e0655717066,321.47,1410,1593,95,81,74195,56
2026/07/21 11:27:09.555,0,GPU-03a84180-d660-dbdc-17f4-0e0655717066,318.44,1410,1593,96,81,74195,56
2026/07/21 11:27:09.805,0,GPU-03a84180-d660-dbdc-17f4-0e0655717066,316.34,1410,1593,96,81,74195,56
2026/07/21 11:27:10.055,0,GPU-03a84180-d660-dbdc-17f4-0e0655717066,315.48,1410,1593,96,81,74195,56
2026/07/21 11:27:10.305,0,GPU-03a84180-d660-dbdc-17f4-0e0655717066,320.82,1410,1593,96,81,74195,56
2026/07/21 11:27:10.555,0,GPU-03a84180-d660-dbdc-17f4-0e0655717066,319.63,1410,1593,96,81,74195,56
2026/07/21 11:27:10.805,0,GPU-03a84180-d660-dbdc-17f4-0e0655717066,315.74,1410,1593,96,81,74195,56
2026/07/21 11:27:11.055,0,GPU-03a84180-d660-dbdc-17f4-0e0655717066,314.50,1410,1593,96,81,74195,56
2026/07/21 11:27:11.305,0,GPU-03a84180-d660-dbdc-17f4-0e0655717066,322.65,1410,1593,96,81,74195,56
2026/07/21 11:27:11.555,0,GPU-03a84180-d660-dbdc-17f4-0e0655717066,95.00,1410,1593,88,75,74195,56
