{"val_f1":0.42452953216812706,"epoch":1000,"val_transition_mae":0.5506974248927039,"_wandb":{"runtime":775},"val_acc":0.7323595967907838,"val_loss":2.4260671650990844,"_runtime":775,"_step":999,"val_autocorr_r2":0.42391764837842183,"train_loss":0.43341623230472853,"_timestamp":1.7609236515801e+09,"lr":0.0009932488451843476}