{"val_f1":0.4125657126026751,"_timestamp":1.7609245325794847e+09,"val_acc":0.73086813412878,"val_transition_mae":0.552843347639485,"val_autocorr_r2":0.7767247251379671,"_wandb":{"runtime":880},"_runtime":880,"lr":0.0009932488451843476,"_step":999,"val_loss":4.012868178077042,"epoch":1000,"train_loss":0.37339979248202365}