{"val_transition_mae":413.03660284071157,"val_autocorr_r2":0.8061534019439867,"epoch":500,"_step":499,"_timestamp":1.7616097769624417e+09,"_runtime":48,"val_loss":1.378381371498108,"_wandb":{"runtime":48},"lr":0,"train_loss":1.4045098721981049,"val_acc":0.47556258790436007,"val_f1":0.35938459491303015}