{"_step":999,"val_f1":0.5485172393944814,"train_loss":0.5397243723273277,"val_acc":0.783375314861461,"_timestamp":1.7609371972103288e+09,"_runtime":292,"epoch":1000,"_wandb":{"runtime":292},"val_transition_mae":503.9238778209575,"val_autocorr_r2":0.04541175240548445,"val_loss":1.2627009153366089,"lr":0}