{"val_loss":1.426597846671939,"val_f1":0.4772619258656292,"train_loss":0.5673543138672477,"epoch":1000,"val_acc":0.7608002468627855,"lr":0.0009932488451843476,"_timestamp":1.7609228750475247e+09,"val_autocorr_r2":0,"_wandb":{"runtime":735},"_step":999,"_runtime":735,"val_transition_mae":0.6349248927038627}