{"_timestamp":1.761708345642495e+09,"val_autocorr_r2":0.11432678178656941,"val_boundary_f1":0.06012658182067177,"_runtime":50,"lr":0,"val_ece":0.07324212835520927,"_step":499,"val_f1":0.31795516336982405,"val_loss":1.6843173503875732,"train_loss":1.3593980471293132,"epoch":500,"val_tolerance_power_acc":0.39568801521876984,"_wandb":{"runtime":50},"val_transition_mae":153.75076218984998,"val_balanced_acc":0.4260228790319462,"val_acc":0.39568801521876984}