{
  "aic": 296318.3500899339,
  "bic": 296617.0973710751,
  "config_id": "deepseek-r1-distill-8b_A100_tp1",
  "covariance_type": "full",
  "k": 12,
  "label_map": [
    6,
    0,
    11,
    3,
    1,
    9,
    8,
    2,
    4,
    7,
    5,
    10
  ],
  "means": [
    71.59957046758109,
    77.73529125798011,
    88.50791480814637,
    173.4923867730701,
    227.98266786644803,
    281.00967817404785,
    285.23494262427704,
    290.4627840282153,
    299.17909279217474,
    317.93780657226773,
    367.8483607037874,
    415.49362439196847
  ],
  "order": [
    1,
    4,
    7,
    3,
    8,
    10,
    0,
    9,
    6,
    5,
    11,
    2
  ],
  "seed": 42,
  "variances": [
    1.8631741867714715,
    279.8810860415947,
    4.09825145573105,
    7.602135846830213,
    1535.9629764553476,
    10.254450466204268,
    6.312999326847705,
    7.706180619769189,
    15.860786581826904,
    155.51905607419,
    387.51679016864296,
    184.92196686475023
  ],
  "weights": [
    0.1874757691558055,
    0.020170101324341952,
    0.11991768671736242,
    0.0028594972337301627,
    0.01585282042254148,
    0.15127849471077767,
    0.24713110745132896,
    0.15510092576288714,
    0.0771798668920739,
    0.009287048003919883,
    0.00728587180599594,
    0.006460810519234989
  ]
}