{
  "aic": 635185.1977513905,
  "bic": 635495.5843112172,
  "config_id": "deepseek-r1-distill-70b_H100_tp8",
  "covariance_type": "full",
  "k": 12,
  "label_map": [
    9,
    0,
    5,
    4,
    2,
    6,
    10,
    7,
    8,
    11,
    1,
    3
  ],
  "means": [
    945.4981294407572,
    966.2575922777422,
    1164.5882543846653,
    1560.0728686250538,
    1891.0001050087963,
    2143.9773079940805,
    2414.411950986687,
    2803.6857503471488,
    2924.61072424818,
    2967.665825998926,
    3017.1032215559703,
    3069.239439446054
  ],
  "order": [
    1,
    10,
    4,
    11,
    3,
    2,
    5,
    7,
    8,
    0,
    6,
    9
  ],
  "seed": 42,
  "variances": [
    25.28429845487545,
    204.31625116506953,
    16538.761694086636,
    13970.804348414838,
    14939.126672172684,
    14700.608807495431,
    14959.820800494314,
    33519.27812735897,
    399.7546689718614,
    366.51965464671315,
    203.85074717178935,
    4721.235999174775
  ],
  "weights": [
    0.2099398888374104,
    0.04172779020144037,
    0.031083885386660817,
    0.02112209268983151,
    0.015887757503982233,
    0.016001419387313476,
    0.016899594039368974,
    0.032029425623026034,
    0.1722288635972548,
    0.1920468575633148,
    0.16540569041764097,
    0.08562673475275558
  ]
}