{
  "aic": 314091.2033815022,
  "bic": 314378.8067583224,
  "config_id": "gpt-oss-20b_A100_tp2",
  "covariance_type": "full",
  "k": 12,
  "label_map": [
    9,
    1,
    5,
    7,
    11,
    3,
    10,
    0,
    6,
    4,
    8,
    2
  ],
  "means": [
    137.71157238779708,
    168.7286659601073,
    260.94046523531324,
    376.090682278244,
    416.6282163469583,
    471.8957172000901,
    521.789944488909,
    556.8650266730442,
    593.8551527656458,
    632.469016603777,
    664.0062495570336,
    696.6422601301006
  ],
  "order": [
    7,
    1,
    11,
    5,
    9,
    2,
    8,
    3,
    10,
    0,
    6,
    4
  ],
  "seed": 42,
  "variances": [
    2.2163907547431476,
    5.853108635798796,
    6298.781389912199,
    79.68912499090979,
    64.43773381806454,
    397.12977094068606,
    304.44390047893734,
    182.73375312179266,
    172.27564353085793,
    186.28542665645736,
    203.81942284185953,
    286.8570764407129
  ],
  "weights": [
    0.11799229231811897,
    0.027169549629124358,
    0.010356327015699754,
    0.04386842589496029,
    0.057974170308042326,
    0.05844623034973655,
    0.06593757645128309,
    0.10373569598495669,
    0.13736700507578048,
    0.12349693745498831,
    0.13855002747543405,
    0.11510576204187523
  ]
}