{
  "aic": 398739.11424625874,
  "bic": 399027.24809008604,
  "config_id": "gpt-oss-120b_H100_tp8",
  "covariance_type": "full",
  "k": 12,
  "label_map": [
    1,
    8,
    5,
    0,
    3,
    10,
    7,
    6,
    4,
    2,
    11,
    9
  ],
  "means": [
    985.6795502221225,
    1239.5444629320727,
    1566.155011259397,
    1706.4722772874472,
    1954.624098680669,
    2295.052427341369,
    2628.74572308173,
    2892.944783174971,
    3155.5845974352355,
    3305.0990745656,
    3463.7010210022036,
    3621.1113043977753
  ],
  "order": [
    3,
    0,
    9,
    4,
    8,
    2,
    7,
    6,
    1,
    11,
    5,
    10
  ],
  "seed": 42,
  "variances": [
    15.471695247626128,
    35843.575072171574,
    557.0627685183262,
    2695.695564653023,
    5369.485761005082,
    8233.299211662816,
    1588.847182347409,
    6281.566487164477,
    1720.8651871295685,
    683.0951889146543,
    3250.8241772066085,
    1773.7881179016672
  ],
  "weights": [
    0.16276145989711965,
    0.08489688904572663,
    0.09355050531780816,
    0.049291823769621594,
    0.05936336575587748,
    0.04756923953085304,
    0.06669734825866833,
    0.0915924785247108,
    0.19347249386996535,
    0.08800498614191765,
    0.022951059823254086,
    0.039848350064477164
  ]
}