{
  "aic": 729053.5423003595,
  "bic": 729364.6757874504,
  "config_id": "llama-3-405b_H100_tp8",
  "covariance_type": "full",
  "k": 12,
  "label_map": [
    5,
    0,
    9,
    7,
    2,
    10,
    4,
    6,
    8,
    1,
    11,
    3
  ],
  "means": [
    1010.6109562833083,
    1412.0390433568123,
    2073.3127747903345,
    2590.4834048217876,
    3127.352283015576,
    3549.0066106208105,
    3643.6011426900227,
    3824.671337225416,
    3989.792078665648,
    4153.156467634146,
    4330.862944313847,
    4555.1758002430515
  ],
  "order": [
    1,
    9,
    4,
    11,
    6,
    0,
    7,
    3,
    8,
    2,
    5,
    10
  ],
  "seed": 42,
  "variances": [
    344.67141833064125,
    61781.620596259345,
    38336.42091814859,
    35767.67400241988,
    57466.939548412134,
    1576.8502457770535,
    1779.0998971496938,
    4052.913828028474,
    3944.6390311346177,
    4121.07236693246,
    5813.789627809774,
    20250.69300564088
  ],
  "weights": [
    0.08789393759157636,
    0.010384559907783617,
    0.006507540155195031,
    0.005963194643440297,
    0.007803290206967584,
    0.33775291398305934,
    0.23870175234413288,
    0.11335908010546508,
    0.08774713179348567,
    0.06173627169133235,
    0.029211801046230505,
    0.01293852653133141
  ]
}