{
  "aic": 789869.4231829138,
  "bic": 790196.0025787255,
  "config_id": "llama-3-8b_A100_tp1",
  "covariance_type": "full",
  "k": 12,
  "label_map": [
    2,
    7,
    11,
    10,
    5,
    9,
    0,
    3,
    1,
    4,
    8,
    6
  ],
  "means": [
    59.825373590781005,
    69.46154200723451,
    84.3960854503794,
    157.10057379656436,
    239.87374828346148,
    284.88509896603733,
    294.90575514151016,
    318.9014741486632,
    341.3480006239916,
    370.1289472087133,
    398.42242617350996,
    423.07421946714453
  ],
  "order": [
    6,
    8,
    0,
    7,
    9,
    4,
    11,
    1,
    10,
    5,
    3,
    2
  ],
  "seed": 42,
  "variances": [
    0.08980523409139964,
    2.970292557525883,
    8.278311082882054,
    1680.5041962932517,
    903.5596979272336,
    17.893079644519204,
    37.29953672600995,
    27.65601078687603,
    98.99593076669021,
    117.34090856025273,
    44.031928010022085,
    218.86725358848804
  ],
  "weights": [
    0.004759627629056267,
    0.15365880592803308,
    0.086164124229328,
    0.005203211647576474,
    0.0090881966340196,
    0.2934954579166186,
    0.1081226528995622,
    0.09621638458806615,
    0.0372742046059231,
    0.050762691787922753,
    0.1434268545382062,
    0.011827787595687747
  ]
}