{
  "aic": 624483.0248284364,
  "bic": 624793.2938129501,
  "config_id": "llama-3-8b_H100_tp8",
  "covariance_type": "full",
  "k": 12,
  "label_map": [
    0,
    9,
    6,
    3,
    7,
    11,
    5,
    1,
    8,
    2,
    10,
    4
  ],
  "means": [
    952.3357838098499,
    965.7462708282754,
    1031.2763082876947,
    1156.1920868551942,
    1293.8537274900177,
    1435.1775296524456,
    1558.2616956715783,
    1695.9769670237092,
    1823.5566999476412,
    1954.5408541481518,
    2059.0979530962086,
    2093.2309032254093
  ],
  "order": [
    0,
    7,
    9,
    3,
    11,
    6,
    2,
    4,
    8,
    1,
    10,
    5
  ],
  "seed": 42,
  "variances": [
    19.905719995418377,
    28.691800416534246,
    1727.0906780386533,
    2499.45456438974,
    2812.272355736865,
    2952.909659656254,
    2798.2778885316993,
    2889.61784192204,
    2582.128250297893,
    2735.5224676390794,
    330.5097910704852,
    324.61413136859994
  ],
  "weights": [
    0.27285105896832507,
    0.1302687109854395,
    0.0720799447569162,
    0.03928775278263637,
    0.04020678812117829,
    0.03523720762948885,
    0.03635956457707307,
    0.03990904136558278,
    0.03652994981617711,
    0.04151793596468972,
    0.12436288200072917,
    0.13138916303176382
  ]
}