{
  "aic": 1032441.5146026408,
  "bic": 1032771.1591963716,
  "config_id": "llama-3-70b_A100_tp4",
  "covariance_type": "full",
  "k": 12,
  "label_map": [
    6,
    0,
    10,
    3,
    9,
    8,
    11,
    1,
    7,
    5,
    2,
    4
  ],
  "means": [
    288.1648568500573,
    356.50426109894676,
    572.910005642027,
    1025.6868901597977,
    1184.8598281978188,
    1200.7392712117796,
    1224.0165627159738,
    1237.8229590968815,
    1307.9180417552427,
    1406.2007782351832,
    1523.715785218731,
    1592.687866414781
  ],
  "order": [
    1,
    7,
    10,
    3,
    11,
    9,
    0,
    8,
    5,
    4,
    2,
    6
  ],
  "seed": 42,
  "variances": [
    61.22193864677438,
    130.84822926689938,
    29597.96610811629,
    7092.302915851992,
    146.03258489397442,
    100.19514615287568,
    71.45950910689982,
    135.10386246012263,
    1316.561563325811,
    1443.4068647342413,
    1075.927904570523,
    868.2350738827881
  ],
  "weights": [
    0.0811994509013586,
    0.0225145771139561,
    0.002320776912855056,
    0.009767936069668153,
    0.041567881172039155,
    0.12370114796299742,
    0.2836216504572578,
    0.16457722682184886,
    0.06851347801205378,
    0.059681996239294814,
    0.058187299954519815,
    0.08434657838215036
  ]
}