{"epoch":500,"val_tolerance_power_acc":0.6266233766233766,"val_acc":0.6266233766233766,"val_transition_mae":110.99485675860436,"lr":0,"_step":499,"_wandb":{"runtime":51},"val_boundary_f1":0.02626641610576968,"val_f1":0.39757725380825654,"val_ece":0.2007848916197182,"val_loss":1.3446168899536133,"_timestamp":1.7616120118747098e+09,"val_balanced_acc":0.4274335260086867,"val_autocorr_r2":0.7458481129799005,"_runtime":51,"train_loss":1.437701255083084}