{"train_loss":1.3881076574325562,"val_loss":1.3849990367889404,"val_transition_mae":41.83804563813668,"val_f1":0.4323375786519277,"val_acc":0.5265654648956357,"lr":0,"_wandb":{"runtime":51},"val_autocorr_r2":0.9792323846571747,"epoch":500,"_step":499,"_runtime":51,"_timestamp":1.7616095811199806e+09}