{"_wandb":{"runtime":54},"val_loss":1.617806315422058,"epoch":500,"val_f1":0.38607776656758336,"_runtime":54,"train_loss":1.3965074121952057,"val_transition_mae":421.83873628655124,"val_autocorr_r2":0.9454166086145386,"_step":499,"val_acc":0.4737762237762238,"lr":0,"_timestamp":1.7613676627818644e+09}