{"_step":499,"_timestamp":1.7610071413043973e+09,"val_f1":0.162910282239183,"epoch":500,"_wandb":{"runtime":55},"_runtime":55,"val_acc":0.6445283018867924,"lr":0,"val_transition_mae":267.0525207519531,"val_loss":2.0301129817962646,"train_loss":1.7911115884780884,"val_autocorr_r2":0}