{"lr":0,"val_acc":0.8419720438231961,"_runtime":86,"_wandb":{"runtime":86},"val_autocorr_r2":0,"_timestamp":1.7610080038104544e+09,"val_f1":0.42116391722095736,"train_loss":1.4768435955047607,"_step":499,"val_transition_mae":275.937255859375,"epoch":500,"val_loss":1.7555592060089111}