{"val_autocorr_r2":0.8603921453387171,"_wandb":{"runtime":51},"epoch":500,"val_tolerance_power_acc":0.4442397856664434,"val_f1":0.30769370047354655,"val_acc":0.4442397856664434,"_timestamp":1.7616113422582881e+09,"val_transition_mae":131.91425854571224,"val_loss":1.907318353652954,"val_boundary_f1":0.08045976962765888,"train_loss":1.449126273393631,"_runtime":51,"val_ece":0.11148599674956397,"val_balanced_acc":0.370951542728682,"lr":0,"_step":499}