{"epoch":49,"val_acc":0.797804442175134,"val_f1":0.28970411929866985,"train_loss":1.6017858068148294,"lr":3e-05,"val_loss":1.5196261167526246,"_step":48,"_runtime":435.622655,"_wandb":{"runtime":436},"_timestamp":1.760916708774888e+09}